kind,op,scalar,backend,shape_class,m,n,k,batch,chosen_origin,chosen_algo,calls,native_route_existed,native_route_supported,library,uplo,side,diag,transA,transB
reached,gemm,complex<double>,AUTO,3080,2048,4096,1024,256,vendor,auto,12,1,1,,1,0,0,0,0
reached,gemm,complex<double>,AUTO,2824,1024,2048,512,256,vendor,auto,36,1,1,,1,0,0,0,0
reached,gemm,complex<double>,AUTO,2568,512,1024,256,256,vendor,auto,48,1,1,,1,0,0,0,0
reached,gemm,complex<double>,AUTO,2312,256,512,128,256,vendor,auto,60,1,1,,1,0,0,0,0
reached,gemm,complex<double>,AUTO,2056,128,256,64,256,vendor,auto,36,1,1,,1,0,0,0,0
reached,gemm,complex<double>,AUTO,1800,64,128,32,256,vendor,auto,48,1,1,,1,0,0,0,0
reached,gemm,complex<double>,AUTO,1544,32,64,16,256,vendor,auto,72,1,1,,1,0,0,0,0
reached,gemm,complex<double>,AUTO,1288,16,32,8,256,vendor,auto,60,1,1,,1,0,0,0,0
reached,gemm,complex<double>,AUTO,8,0,0,0,256,vendor,auto,144,1,0,,1,0,0,0,0
reached,gemm,complex<double>,AUTO,776,8,8,8,256,vendor,auto,24,1,1,,1,0,0,0,0
reached,gemm,complex<double>,AUTO,1032,8,16,4,256,vendor,auto,36,1,1,,1,0,0,0,0
reached,gemm,complex<double>,AUTO,2827,2048,2048,2048,2048,vendor,auto,24,1,1,,1,0,0,2,0
reached,gemm,complex<double>,AUTO,2825,2048,2048,2048,512,vendor,auto,24,1,1,,1,0,0,2,0
reached,gemm,complex<double>,AUTO,2823,2048,2048,2048,128,vendor,auto,24,1,1,,1,0,0,2,0
reached,gemm,complex<double>,AUTO,2822,2048,2048,2048,64,vendor,auto,48,1,1,,1,0,0,2,0
reached,gemm,complex<double>,AUTO,2821,2048,2048,2048,63,vendor,auto,24,1,1,,1,0,0,2,2
reached,gemm,complex<double>,AUTO,2821,2048,2048,2048,63,vendor,auto,24,1,1,,1,0,0,2,1
reached,gemm,complex<double>,AUTO,2821,2048,2048,2048,63,vendor,auto,24,1,1,,1,0,0,2,0
reached,gemm,complex<double>,AUTO,2819,2048,2048,2048,8,vendor,auto,24,1,1,,1,0,0,2,2
reached,gemm,complex<double>,AUTO,2819,2048,2048,2048,8,vendor,auto,24,1,1,,1,0,0,2,1
reached,gemm,complex<double>,AUTO,2819,2048,2048,2048,8,vendor,auto,24,1,1,,1,0,0,2,0
reached,gemm,complex<double>,AUTO,2816,2048,2048,2048,1,vendor,auto,24,1,1,,1,0,0,2,2
reached,gemm,complex<double>,AUTO,2816,2048,2048,2048,1,vendor,auto,24,1,1,,1,0,0,2,1
reached,gemm,complex<double>,AUTO,2816,2048,2048,2048,1,vendor,auto,24,1,1,,1,0,0,2,0
reached,gemm,complex<double>,AUTO,2571,1024,1024,1024,2048,vendor,auto,24,1,1,,1,0,0,2,0
reached,gemm,complex<double>,AUTO,2571,1024,1024,1024,2048,vendor,auto,24,1,1,,1,0,0,1,0
reached,gemm,complex<double>,AUTO,2571,1024,1024,1024,2048,vendor,auto,24,1,1,,1,0,0,0,2
reached,gemm,complex<double>,AUTO,2571,1024,1024,1024,2048,vendor,auto,24,1,1,,1,0,0,0,1
reached,gemm,complex<double>,AUTO,2571,1024,1024,1024,2048,vendor,auto,24,1,1,,1,0,0,0,0
reached,gemm,complex<double>,AUTO,2569,1024,1024,1024,512,vendor,auto,24,1,1,,1,0,0,2,0
reached,gemm,complex<double>,AUTO,2569,1024,1024,1024,512,vendor,auto,24,1,1,,1,0,0,1,0
reached,gemm,complex<double>,AUTO,2569,1024,1024,1024,512,vendor,auto,24,1,1,,1,0,0,0,2
reached,gemm,complex<double>,AUTO,2569,1024,1024,1024,512,vendor,auto,24,1,1,,1,0,0,0,0
reached,gemm,complex<double>,AUTO,2567,1024,1024,1024,128,vendor,auto,24,1,1,,1,0,0,2,0
reached,gemm,complex<double>,AUTO,2567,1024,1024,1024,128,vendor,auto,24,1,1,,1,0,0,1,0
reached,gemm,complex<double>,AUTO,2567,1024,1024,1024,128,vendor,auto,24,1,1,,1,0,0,0,0
reached,gemm,complex<double>,AUTO,2566,1024,1024,1024,64,vendor,auto,48,1,1,,1,0,0,2,0
reached,gemm,complex<double>,AUTO,2565,1024,1024,1024,63,vendor,auto,24,1,1,,1,0,0,2,2
reached,gemm,complex<double>,AUTO,2565,1024,1024,1024,63,vendor,auto,24,1,1,,1,0,0,2,1
reached,gemm,complex<double>,AUTO,2565,1024,1024,1024,63,vendor,auto,24,1,1,,1,0,0,2,0
reached,gemm,complex<double>,AUTO,2565,1024,1024,1024,63,vendor,auto,24,1,1,,1,0,0,1,2
reached,gemm,complex<double>,AUTO,2565,1024,1024,1024,63,vendor,auto,24,1,1,,1,0,0,1,1
reached,gemm,complex<double>,AUTO,2565,1024,1024,1024,63,vendor,auto,24,1,1,,1,0,0,1,0
reached,gemm,complex<double>,AUTO,2565,1024,1024,1024,63,vendor,auto,24,1,1,,1,0,0,0,2
reached,gemm,complex<double>,AUTO,2563,1024,1024,1024,8,vendor,auto,24,1,1,,1,0,0,2,2
reached,gemm,complex<double>,AUTO,2563,1024,1024,1024,8,vendor,auto,24,1,1,,1,0,0,2,1
reached,gemm,complex<double>,AUTO,2563,1024,1024,1024,8,vendor,auto,24,1,1,,1,0,0,2,0
reached,gemm,complex<double>,AUTO,2563,1024,1024,1024,8,vendor,auto,24,1,1,,1,0,0,1,2
reached,gemm,complex<double>,AUTO,2563,1024,1024,1024,8,vendor,auto,24,1,1,,1,0,0,1,1
reached,gemm,complex<double>,AUTO,2563,1024,1024,1024,8,vendor,auto,24,1,1,,1,0,0,1,0
reached,gemm,complex<double>,AUTO,2563,1024,1024,1024,8,vendor,auto,24,1,1,,1,0,0,0,2
reached,gemm,complex<double>,AUTO,2560,1024,1024,1024,1,vendor,auto,24,1,1,,1,0,0,2,2
reached,gemm,complex<double>,AUTO,2560,1024,1024,1024,1,vendor,auto,24,1,1,,1,0,0,2,1
reached,gemm,complex<double>,AUTO,2560,1024,1024,1024,1,vendor,auto,24,1,1,,1,0,0,2,0
reached,gemm,complex<double>,AUTO,2315,512,512,512,2048,vendor,auto,48,1,1,,1,0,0,2,0
reached,gemm,complex<double>,AUTO,2315,512,512,512,2048,vendor,auto,48,1,1,,1,0,0,1,0
reached,gemm,complex<double>,AUTO,2315,512,512,512,2048,vendor,auto,48,1,1,,1,0,0,0,2
reached,gemm,complex<double>,AUTO,2315,512,512,512,2048,vendor,auto,48,1,1,,1,0,0,0,1
reached,gemm,complex<double>,AUTO,2315,512,512,512,2048,vendor,auto,48,1,1,,1,0,0,0,0
reached,gemm,complex<double>,AUTO,2313,512,512,512,512,vendor,auto,48,1,1,,1,0,0,2,0
reached,gemm,complex<double>,AUTO,2313,512,512,512,512,vendor,auto,48,1,1,,1,0,0,1,0
reached,gemm,complex<double>,AUTO,2313,512,512,512,512,vendor,auto,48,1,1,,1,0,0,0,2
reached,gemm,complex<double>,AUTO,2313,512,512,512,512,vendor,auto,48,1,1,,1,0,0,0,0
reached,gemm,complex<double>,AUTO,2311,512,512,512,128,vendor,auto,48,1,1,,1,0,0,2,0
reached,gemm,complex<double>,AUTO,2311,512,512,512,128,vendor,auto,48,1,1,,1,0,0,1,0
reached,gemm,complex<double>,AUTO,2311,512,512,512,128,vendor,auto,48,1,1,,1,0,0,0,0
reached,gemm,complex<double>,AUTO,2310,512,512,512,64,vendor,auto,96,1,1,,1,0,0,2,0
reached,gemm,complex<double>,AUTO,2309,512,512,512,63,vendor,auto,48,1,1,,1,0,0,2,2
reached,gemm,complex<double>,AUTO,2309,512,512,512,63,vendor,auto,48,1,1,,1,0,0,2,1
reached,gemm,complex<double>,AUTO,2309,512,512,512,63,vendor,auto,48,1,1,,1,0,0,2,0
reached,gemm,complex<double>,AUTO,2309,512,512,512,63,vendor,auto,48,1,1,,1,0,0,1,2
reached,gemm,complex<double>,AUTO,2309,512,512,512,63,vendor,auto,48,1,1,,1,0,0,1,1
reached,gemm,complex<double>,AUTO,2309,512,512,512,63,vendor,auto,48,1,1,,1,0,0,1,0
reached,gemm,complex<double>,AUTO,2309,512,512,512,63,vendor,auto,48,1,1,,1,0,0,0,2
reached,gemm,complex<double>,AUTO,2307,512,512,512,8,vendor,auto,48,1,1,,1,0,0,2,2
reached,gemm,complex<double>,AUTO,2307,512,512,512,8,vendor,auto,48,1,1,,1,0,0,2,1
reached,gemm,complex<double>,AUTO,2307,512,512,512,8,vendor,auto,48,1,1,,1,0,0,2,0
reached,gemm,complex<double>,AUTO,2307,512,512,512,8,vendor,auto,48,1,1,,1,0,0,1,2
reached,gemm,complex<double>,AUTO,2307,512,512,512,8,vendor,auto,48,1,1,,1,0,0,1,1
reached,gemm,complex<double>,AUTO,2307,512,512,512,8,vendor,auto,48,1,1,,1,0,0,1,0
reached,gemm,complex<double>,AUTO,2307,512,512,512,8,vendor,auto,48,1,1,,1,0,0,0,2
reached,gemm,complex<double>,AUTO,2304,512,512,512,1,vendor,auto,48,1,1,,1,0,0,2,2
reached,gemm,complex<double>,AUTO,2304,512,512,512,1,vendor,auto,48,1,1,,1,0,0,2,1
reached,gemm,complex<double>,AUTO,2304,512,512,512,1,vendor,auto,48,1,1,,1,0,0,2,0
reached,gemm,complex<double>,AUTO,2059,256,256,256,2048,vendor,auto,24,1,1,,1,0,0,2,0
reached,gemm,complex<double>,AUTO,2059,256,256,256,2048,vendor,auto,24,1,1,,1,0,0,1,0
reached,gemm,complex<double>,AUTO,2059,256,256,256,2048,vendor,auto,24,1,1,,1,0,0,0,2
reached,gemm,complex<double>,AUTO,2059,256,256,256,2048,vendor,auto,24,1,1,,1,0,0,0,1
reached,gemm,complex<double>,AUTO,2059,256,256,256,2048,vendor,auto,24,1,1,,1,0,0,0,0
reached,gemm,complex<double>,AUTO,2057,256,256,256,512,vendor,auto,24,1,1,,1,0,0,2,0
reached,gemm,complex<double>,AUTO,2057,256,256,256,512,vendor,auto,24,1,1,,1,0,0,1,0
reached,gemm,complex<double>,AUTO,2057,256,256,256,512,vendor,auto,24,1,1,,1,0,0,0,2
reached,gemm,complex<double>,AUTO,2057,256,256,256,512,vendor,auto,24,1,1,,1,0,0,0,1
reached,gemm,complex<double>,AUTO,2057,256,256,256,512,vendor,auto,24,1,1,,1,0,0,0,0
reached,gemm,complex<double>,AUTO,2055,256,256,256,128,vendor,auto,24,1,1,,1,0,0,2,0
reached,gemm,complex<double>,AUTO,2055,256,256,256,128,vendor,auto,24,1,1,,1,0,0,1,0
reached,gemm,complex<double>,AUTO,2055,256,256,256,128,vendor,auto,24,1,1,,1,0,0,0,2
reached,gemm,complex<double>,AUTO,2055,256,256,256,128,vendor,auto,24,1,1,,1,0,0,0,1
reached,gemm,complex<double>,AUTO,2055,256,256,256,128,vendor,auto,24,1,1,,1,0,0,0,0
reached,gemm,complex<double>,AUTO,2054,256,256,256,64,vendor,auto,48,1,1,,1,0,0,2,0
reached,gemm,complex<double>,AUTO,2053,256,256,256,63,vendor,auto,24,1,1,,1,0,0,2,2
reached,gemm,complex<double>,AUTO,2053,256,256,256,63,vendor,auto,24,1,1,,1,0,0,2,1
reached,gemm,complex<double>,AUTO,2053,256,256,256,63,vendor,auto,24,1,1,,1,0,0,2,0
reached,gemm,complex<double>,AUTO,2053,256,256,256,63,vendor,auto,24,1,1,,1,0,0,1,2
reached,gemm,complex<double>,AUTO,2053,256,256,256,63,vendor,auto,24,1,1,,1,0,0,1,1
reached,gemm,complex<double>,AUTO,2053,256,256,256,63,vendor,auto,24,1,1,,1,0,0,1,0
reached,gemm,complex<double>,AUTO,2053,256,256,256,63,vendor,auto,24,1,1,,1,0,0,0,2
reached,gemm,complex<double>,AUTO,2053,256,256,256,63,vendor,auto,24,1,1,,1,0,0,0,1
reached,gemm,complex<double>,AUTO,2053,256,256,256,63,vendor,auto,24,1,1,,1,0,0,0,0
reached,gemm,complex<double>,AUTO,2051,256,256,256,8,vendor,auto,24,1,1,,1,0,0,2,2
reached,gemm,complex<double>,AUTO,2051,256,256,256,8,vendor,auto,24,1,1,,1,0,0,2,1
reached,gemm,complex<double>,AUTO,2051,256,256,256,8,vendor,auto,24,1,1,,1,0,0,2,0
reached,gemm,complex<double>,AUTO,2051,256,256,256,8,vendor,auto,24,1,1,,1,0,0,1,2
reached,gemm,complex<double>,AUTO,2051,256,256,256,8,vendor,auto,24,1,1,,1,0,0,1,1
reached,gemm,complex<double>,AUTO,2051,256,256,256,8,vendor,auto,24,1,1,,1,0,0,1,0
reached,gemm,complex<double>,AUTO,2051,256,256,256,8,vendor,auto,24,1,1,,1,0,0,0,2
reached,gemm,complex<double>,AUTO,2051,256,256,256,8,vendor,auto,24,1,1,,1,0,0,0,1
reached,gemm,complex<double>,AUTO,2048,256,256,256,1,vendor,auto,24,1,1,,1,0,0,2,2
reached,gemm,complex<double>,AUTO,2048,256,256,256,1,vendor,auto,24,1,1,,1,0,0,2,1
reached,gemm,complex<double>,AUTO,2048,256,256,256,1,vendor,auto,24,1,1,,1,0,0,2,0
reached,gemm,complex<double>,AUTO,1803,128,128,128,2048,vendor,auto,24,1,1,,1,0,0,2,0
reached,gemm,complex<double>,AUTO,1803,128,128,128,2048,vendor,auto,24,1,1,,1,0,0,1,0
reached,gemm,complex<double>,AUTO,1803,128,128,128,2048,vendor,auto,24,1,1,,1,0,0,0,2
reached,gemm,complex<double>,AUTO,1803,128,128,128,2048,vendor,auto,24,1,1,,1,0,0,0,1
reached,gemm,complex<double>,AUTO,1803,128,128,128,2048,vendor,auto,24,1,1,,1,0,0,0,0
reached,gemm,complex<double>,AUTO,1801,128,128,128,512,vendor,auto,24,1,1,,1,0,0,2,0
reached,gemm,complex<double>,AUTO,1801,128,128,128,512,vendor,auto,24,1,1,,1,0,0,1,0
reached,gemm,complex<double>,AUTO,1801,128,128,128,512,vendor,auto,24,1,1,,1,0,0,0,2
reached,gemm,complex<double>,AUTO,1801,128,128,128,512,vendor,auto,24,1,1,,1,0,0,0,1
reached,gemm,complex<double>,AUTO,1801,128,128,128,512,vendor,auto,24,1,1,,1,0,0,0,0
reached,gemm,complex<double>,AUTO,1799,128,128,128,128,vendor,auto,24,1,1,,1,0,0,2,0
reached,gemm,complex<double>,AUTO,1799,128,128,128,128,vendor,auto,24,1,1,,1,0,0,1,0
reached,gemm,complex<double>,AUTO,1799,128,128,128,128,vendor,auto,24,1,1,,1,0,0,0,2
reached,gemm,complex<double>,AUTO,1799,128,128,128,128,vendor,auto,24,1,1,,1,0,0,0,1
reached,gemm,complex<double>,AUTO,1799,128,128,128,128,vendor,auto,24,1,1,,1,0,0,0,0
reached,gemm,complex<double>,AUTO,1797,128,128,128,63,vendor,auto,24,1,1,,1,0,0,2,2
reached,gemm,complex<double>,AUTO,1797,128,128,128,63,vendor,auto,24,1,1,,1,0,0,2,1
reached,gemm,complex<double>,AUTO,1797,128,128,128,63,vendor,auto,24,1,1,,1,0,0,2,0
reached,gemm,complex<double>,AUTO,1797,128,128,128,63,vendor,auto,24,1,1,,1,0,0,1,2
reached,gemm,complex<double>,AUTO,1797,128,128,128,63,vendor,auto,24,1,1,,1,0,0,1,1
reached,gemm,complex<double>,AUTO,1797,128,128,128,63,vendor,auto,24,1,1,,1,0,0,1,0
reached,gemm,complex<double>,AUTO,1797,128,128,128,63,vendor,auto,24,1,1,,1,0,0,0,2
reached,gemm,complex<double>,AUTO,1797,128,128,128,63,vendor,auto,24,1,1,,1,0,0,0,1
reached,gemm,complex<double>,AUTO,1797,128,128,128,63,vendor,auto,24,1,1,,1,0,0,0,0
reached,gemm,complex<double>,AUTO,1795,128,128,128,8,vendor,auto,24,1,1,,1,0,0,2,2
reached,gemm,complex<double>,AUTO,1795,128,128,128,8,vendor,auto,24,1,1,,1,0,0,2,1
reached,gemm,complex<double>,AUTO,1795,128,128,128,8,vendor,auto,24,1,1,,1,0,0,2,0
reached,gemm,complex<double>,AUTO,1795,128,128,128,8,vendor,auto,24,1,1,,1,0,0,1,2
reached,gemm,complex<double>,AUTO,1795,128,128,128,8,vendor,auto,24,1,1,,1,0,0,1,1
reached,gemm,complex<double>,AUTO,1795,128,128,128,8,vendor,auto,24,1,1,,1,0,0,1,0
reached,gemm,complex<double>,AUTO,1795,128,128,128,8,vendor,auto,24,1,1,,1,0,0,0,2
reached,gemm,complex<double>,AUTO,1795,128,128,128,8,vendor,auto,24,1,1,,1,0,0,0,1
reached,gemm,complex<double>,AUTO,1547,64,64,64,2048,vendor,auto,48,1,1,,1,0,0,2,0
reached,gemm,complex<double>,AUTO,1547,64,64,64,2048,vendor,auto,48,1,1,,1,0,0,1,0
reached,gemm,complex<double>,AUTO,1547,64,64,64,2048,vendor,auto,48,1,1,,1,0,0,0,2
reached,gemm,complex<double>,AUTO,1547,64,64,64,2048,vendor,auto,48,1,1,,1,0,0,0,1
reached,gemm,complex<double>,AUTO,1547,64,64,64,2048,vendor,auto,48,1,1,,1,0,0,0,0
reached,gemm,complex<double>,AUTO,1545,64,64,64,512,vendor,auto,48,1,1,,1,0,0,2,0
reached,gemm,complex<double>,AUTO,1545,64,64,64,512,vendor,auto,48,1,1,,1,0,0,1,0
reached,gemm,complex<double>,AUTO,1545,64,64,64,512,vendor,auto,48,1,1,,1,0,0,0,2
reached,gemm,complex<double>,AUTO,1545,64,64,64,512,vendor,auto,48,1,1,,1,0,0,0,0
reached,gemm,complex<double>,AUTO,1543,64,64,64,128,vendor,auto,48,1,1,,1,0,0,2,0
reached,gemm,complex<double>,AUTO,1543,64,64,64,128,vendor,auto,48,1,1,,1,0,0,1,0
reached,gemm,complex<double>,AUTO,1543,64,64,64,128,vendor,auto,48,1,1,,1,0,0,0,2
reached,gemm,complex<double>,AUTO,1543,64,64,64,128,vendor,auto,48,1,1,,1,0,0,0,1
reached,gemm,complex<double>,AUTO,1543,64,64,64,128,vendor,auto,48,1,1,,1,0,0,0,0
reached,gemm,complex<double>,AUTO,1541,64,64,64,63,vendor,auto,48,1,1,,1,0,0,2,2
reached,gemm,complex<double>,AUTO,1541,64,64,64,63,vendor,auto,48,1,1,,1,0,0,2,1
reached,gemm,complex<double>,AUTO,1541,64,64,64,63,vendor,auto,48,1,1,,1,0,0,2,0
reached,gemm,complex<double>,AUTO,1541,64,64,64,63,vendor,auto,48,1,1,,1,0,0,1,2
reached,gemm,complex<double>,AUTO,1541,64,64,64,63,vendor,auto,48,1,1,,1,0,0,1,1
reached,gemm,complex<double>,AUTO,1541,64,64,64,63,vendor,auto,48,1,1,,1,0,0,1,0
reached,gemm,complex<double>,AUTO,1541,64,64,64,63,vendor,auto,48,1,1,,1,0,0,0,2
reached,gemm,complex<double>,AUTO,1541,64,64,64,63,vendor,auto,48,1,1,,1,0,0,0,1
reached,gemm,complex<double>,AUTO,1541,64,64,64,63,vendor,auto,48,1,1,,1,0,0,0,0
reached,gemm,complex<double>,AUTO,1539,64,64,64,8,vendor,auto,48,1,1,,1,0,0,2,2
reached,gemm,complex<double>,AUTO,1539,64,64,64,8,vendor,auto,48,1,1,,1,0,0,2,1
reached,gemm,complex<double>,AUTO,1539,64,64,64,8,vendor,auto,48,1,1,,1,0,0,2,0
reached,gemm,complex<double>,AUTO,1539,64,64,64,8,vendor,auto,48,1,1,,1,0,0,1,2
reached,gemm,complex<double>,AUTO,1539,64,64,64,8,vendor,auto,48,1,1,,1,0,0,1,1
reached,gemm,complex<double>,AUTO,1539,64,64,64,8,vendor,auto,48,1,1,,1,0,0,1,0
reached,gemm,complex<double>,AUTO,1539,64,64,64,8,vendor,auto,48,1,1,,1,0,0,0,2
reached,gemm,complex<double>,AUTO,1539,64,64,64,8,vendor,auto,48,1,1,,1,0,0,0,1
reached,gemm,complex<double>,AUTO,1291,32,32,32,2048,vendor,auto,48,1,1,,1,0,0,2,0
reached,gemm,complex<double>,AUTO,1291,32,32,32,2048,vendor,auto,48,1,1,,1,0,0,1,0
reached,gemm,complex<double>,AUTO,1291,32,32,32,2048,vendor,auto,48,1,1,,1,0,0,0,2
reached,gemm,complex<double>,AUTO,1291,32,32,32,2048,vendor,auto,48,1,1,,1,0,0,0,1
reached,gemm,complex<double>,AUTO,1291,32,32,32,2048,vendor,auto,48,1,1,,1,0,0,0,0
reached,gemm,complex<double>,AUTO,1289,32,32,32,512,vendor,auto,48,1,1,,1,0,0,2,0
reached,gemm,complex<double>,AUTO,1289,32,32,32,512,vendor,auto,48,1,1,,1,0,0,1,0
reached,gemm,complex<double>,AUTO,1289,32,32,32,512,vendor,auto,48,1,1,,1,0,0,0,2
reached,gemm,complex<double>,AUTO,1289,32,32,32,512,vendor,auto,48,1,1,,1,0,0,0,1
reached,gemm,complex<double>,AUTO,1289,32,32,32,512,vendor,auto,48,1,1,,1,0,0,0,0
reached,gemm,complex<double>,AUTO,1287,32,32,32,128,vendor,auto,48,1,1,,1,0,0,2,0
reached,gemm,complex<double>,AUTO,1287,32,32,32,128,vendor,auto,48,1,1,,1,0,0,1,0
reached,gemm,complex<double>,AUTO,1287,32,32,32,128,vendor,auto,48,1,1,,1,0,0,0,2
reached,gemm,complex<double>,AUTO,1287,32,32,32,128,vendor,auto,48,1,1,,1,0,0,0,1
reached,gemm,complex<double>,AUTO,1287,32,32,32,128,vendor,auto,48,1,1,,1,0,0,0,0
reached,gemm,complex<double>,AUTO,1285,32,32,32,63,vendor,auto,48,1,1,,1,0,0,2,0
reached,gemm,complex<double>,AUTO,1285,32,32,32,63,vendor,auto,48,1,1,,1,0,0,1,0
reached,gemm,complex<double>,AUTO,1285,32,32,32,63,vendor,auto,48,1,1,,1,0,0,0,2
reached,gemm,complex<double>,AUTO,1285,32,32,32,63,vendor,auto,48,1,1,,1,0,0,0,1
reached,gemm,complex<double>,AUTO,1285,32,32,32,63,vendor,auto,48,1,1,,1,0,0,0,0
reached,gemm,complex<double>,AUTO,1283,32,32,32,8,vendor,auto,48,1,1,,1,0,0,2,0
reached,gemm,complex<double>,AUTO,1283,32,32,32,8,vendor,auto,48,1,1,,1,0,0,1,0
reached,gemm,complex<double>,AUTO,1283,32,32,32,8,vendor,auto,48,1,1,,1,0,0,0,2
reached,gemm,complex<double>,AUTO,1283,32,32,32,8,vendor,auto,48,1,1,,1,0,0,0,1
reached,gemm,complex<double>,AUTO,2565,1024,1024,1024,63,vendor,auto,24,1,1,,1,0,0,0,1
reached,gemm,complex<double>,AUTO,1035,16,16,16,2048,vendor,auto,24,1,1,,1,0,0,2,2
reached,gemm,complex<double>,AUTO,2565,1024,1024,1024,63,vendor,auto,24,1,1,,1,0,0,0,0
reached,gemm,complex<double>,AUTO,1035,16,16,16,2048,vendor,auto,24,1,1,,1,0,0,2,1
reached,gemm,complex<double>,AUTO,1035,16,16,16,2048,vendor,auto,24,1,1,,1,0,0,2,0
reached,gemm,complex<double>,AUTO,1035,16,16,16,2048,vendor,auto,24,1,1,,1,0,0,1,2
reached,gemm,complex<double>,AUTO,1035,16,16,16,2048,vendor,auto,24,1,1,,1,0,0,1,1
reached,gemm,complex<double>,AUTO,1035,16,16,16,2048,vendor,auto,24,1,1,,1,0,0,1,0
reached,gemm,complex<double>,AUTO,1035,16,16,16,2048,vendor,auto,24,1,1,,1,0,0,0,2
reached,gemm,complex<double>,AUTO,1035,16,16,16,2048,vendor,auto,24,1,1,,1,0,0,0,1
reached,gemm,complex<double>,AUTO,1035,16,16,16,2048,vendor,auto,24,1,1,,1,0,0,0,0
reached,gemm,complex<double>,AUTO,2563,1024,1024,1024,8,vendor,auto,24,1,1,,1,0,0,0,1
reached,gemm,complex<double>,AUTO,1033,16,16,16,512,vendor,auto,24,1,1,,1,0,0,2,2
reached,gemm,complex<double>,AUTO,2563,1024,1024,1024,8,vendor,auto,24,1,1,,1,0,0,0,0
reached,gemm,complex<double>,AUTO,1033,16,16,16,512,vendor,auto,24,1,1,,1,0,0,2,1
reached,gemm,complex<double>,AUTO,1033,16,16,16,512,vendor,auto,24,1,1,,1,0,0,2,0
reached,gemm,complex<double>,AUTO,1033,16,16,16,512,vendor,auto,24,1,1,,1,0,0,1,2
reached,gemm,complex<double>,AUTO,1033,16,16,16,512,vendor,auto,24,1,1,,1,0,0,1,0
reached,gemm,complex<double>,AUTO,1033,16,16,16,512,vendor,auto,24,1,1,,1,0,0,0,2
reached,gemm,complex<double>,AUTO,1033,16,16,16,512,vendor,auto,24,1,1,,1,0,0,0,1
reached,gemm,complex<double>,AUTO,1033,16,16,16,512,vendor,auto,24,1,1,,1,0,0,0,0
reached,gemm,complex<double>,AUTO,1031,16,16,16,128,vendor,auto,24,1,1,,1,0,0,2,0
reached,gemm,complex<double>,AUTO,1031,16,16,16,128,vendor,auto,24,1,1,,1,0,0,1,0
reached,gemm,complex<double>,AUTO,1031,16,16,16,128,vendor,auto,24,1,1,,1,0,0,0,2
reached,gemm,complex<double>,AUTO,1031,16,16,16,128,vendor,auto,24,1,1,,1,0,0,0,1
reached,gemm,complex<double>,AUTO,1031,16,16,16,128,vendor,auto,24,1,1,,1,0,0,0,0
reached,gemm,complex<double>,AUTO,1029,16,16,16,63,vendor,auto,24,1,1,,1,0,0,2,0
reached,gemm,complex<double>,AUTO,1029,16,16,16,63,vendor,auto,24,1,1,,1,0,0,1,0
reached,gemm,complex<double>,AUTO,1029,16,16,16,63,vendor,auto,24,1,1,,1,0,0,0,2
reached,gemm,complex<double>,AUTO,1029,16,16,16,63,vendor,auto,24,1,1,,1,0,0,0,1
reached,gemm,complex<double>,AUTO,1029,16,16,16,63,vendor,auto,24,1,1,,1,0,0,0,0
reached,gemm,complex<double>,AUTO,1027,16,16,16,8,vendor,auto,24,1,1,,1,0,0,2,0
reached,gemm,complex<double>,AUTO,1027,16,16,16,8,vendor,auto,24,1,1,,1,0,0,1,0
reached,gemm,complex<double>,AUTO,1027,16,16,16,8,vendor,auto,24,1,1,,1,0,0,0,2
reached,gemm,complex<double>,AUTO,1027,16,16,16,8,vendor,auto,24,1,1,,1,0,0,0,1
reached,gemm,complex<double>,AUTO,2309,512,512,512,63,vendor,auto,48,1,1,,1,0,0,0,1
reached,gemm,complex<double>,AUTO,779,8,8,8,2048,vendor,auto,24,1,1,,1,0,0,2,2
reached,gemm,complex<double>,AUTO,2309,512,512,512,63,vendor,auto,48,1,1,,1,0,0,0,0
reached,gemm,complex<double>,AUTO,779,8,8,8,2048,vendor,auto,24,1,1,,1,0,0,2,1
reached,gemm,complex<double>,AUTO,779,8,8,8,2048,vendor,auto,24,1,1,,1,0,0,2,0
reached,gemm,complex<double>,AUTO,779,8,8,8,2048,vendor,auto,24,1,1,,1,0,0,1,2
reached,gemm,complex<double>,AUTO,779,8,8,8,2048,vendor,auto,24,1,1,,1,0,0,1,1
reached,gemm,complex<double>,AUTO,779,8,8,8,2048,vendor,auto,24,1,1,,1,0,0,1,0
reached,gemm,complex<double>,AUTO,779,8,8,8,2048,vendor,auto,24,1,1,,1,0,0,0,2
reached,gemm,complex<double>,AUTO,779,8,8,8,2048,vendor,auto,24,1,1,,1,0,0,0,1
reached,gemm,complex<double>,AUTO,779,8,8,8,2048,vendor,auto,24,1,1,,1,0,0,0,0
reached,gemm,complex<double>,AUTO,2307,512,512,512,8,vendor,auto,48,1,1,,1,0,0,0,1
reached,gemm,complex<double>,AUTO,777,8,8,8,512,vendor,auto,24,1,1,,1,0,0,2,2
reached,gemm,complex<double>,AUTO,2307,512,512,512,8,vendor,auto,48,1,1,,1,0,0,0,0
reached,gemm,complex<double>,AUTO,777,8,8,8,512,vendor,auto,24,1,1,,1,0,0,2,1
reached,gemm,complex<double>,AUTO,777,8,8,8,512,vendor,auto,24,1,1,,1,0,0,2,0
reached,gemm,complex<double>,AUTO,777,8,8,8,512,vendor,auto,24,1,1,,1,0,0,1,2
reached,gemm,complex<double>,AUTO,777,8,8,8,512,vendor,auto,24,1,1,,1,0,0,1,0
reached,gemm,complex<double>,AUTO,777,8,8,8,512,vendor,auto,24,1,1,,1,0,0,0,2
reached,gemm,complex<double>,AUTO,777,8,8,8,512,vendor,auto,24,1,1,,1,0,0,0,1
reached,gemm,complex<double>,AUTO,777,8,8,8,512,vendor,auto,24,1,1,,1,0,0,0,0
reached,gemm,complex<double>,AUTO,775,8,8,8,128,vendor,auto,24,1,1,,1,0,0,2,0
reached,gemm,complex<double>,AUTO,775,8,8,8,128,vendor,auto,24,1,1,,1,0,0,1,0
reached,gemm,complex<double>,AUTO,775,8,8,8,128,vendor,auto,24,1,1,,1,0,0,0,2
reached,gemm,complex<double>,AUTO,775,8,8,8,128,vendor,auto,24,1,1,,1,0,0,0,1
reached,gemm,complex<double>,AUTO,775,8,8,8,128,vendor,auto,24,1,1,,1,0,0,0,0
reached,gemm,complex<double>,AUTO,773,8,8,8,63,vendor,auto,24,1,1,,1,0,0,2,0
reached,gemm,complex<double>,AUTO,773,8,8,8,63,vendor,auto,24,1,1,,1,0,0,1,0
reached,gemm,complex<double>,AUTO,773,8,8,8,63,vendor,auto,24,1,1,,1,0,0,0,2
reached,gemm,complex<double>,AUTO,773,8,8,8,63,vendor,auto,24,1,1,,1,0,0,0,1
reached,gemm,complex<double>,AUTO,773,8,8,8,63,vendor,auto,24,1,1,,1,0,0,0,0
reached,gemm,complex<double>,AUTO,771,8,8,8,8,vendor,auto,24,1,1,,1,0,0,2,0
reached,gemm,complex<double>,AUTO,771,8,8,8,8,vendor,auto,24,1,1,,1,0,0,1,0
reached,gemm,complex<double>,AUTO,771,8,8,8,8,vendor,auto,24,1,1,,1,0,0,0,2
reached,gemm,complex<double>,AUTO,771,8,8,8,8,vendor,auto,24,1,1,,1,0,0,0,1
reached,gemm,complex<double>,AUTO,2051,256,256,256,8,vendor,auto,24,1,1,,1,0,0,0,0
reached,gemm,complex<float>,AUTO,3080,2048,4096,1024,256,vendor,auto,12,1,1,,1,0,0,0,0
reached,gemm,complex<double>,AUTO,1795,128,128,128,8,vendor,auto,24,1,1,,1,0,0,0,0
reached,gemm,complex<float>,AUTO,2824,1024,2048,512,256,vendor,auto,36,1,1,,1,0,0,0,0
reached,gemm,complex<double>,AUTO,1539,64,64,64,8,vendor,auto,48,1,1,,1,0,0,0,0
reached,gemm,complex<float>,AUTO,2568,512,1024,256,256,vendor,auto,48,1,1,,1,0,0,0,0
reached,gemm,complex<double>,AUTO,1283,32,32,32,8,vendor,auto,48,1,1,,1,0,0,0,0
reached,gemm,complex<float>,AUTO,2312,256,512,128,256,vendor,auto,60,1,1,,1,0,0,0,0
reached,gemm,complex<double>,AUTO,1027,16,16,16,8,vendor,auto,24,1,1,,1,0,0,0,0
reached,gemm,complex<float>,AUTO,2056,128,256,64,256,vendor,auto,36,1,1,,1,0,0,0,0
reached,gemm,complex<double>,AUTO,771,8,8,8,8,vendor,auto,24,1,1,,1,0,0,0,0
reached,gemm,complex<float>,AUTO,1800,64,128,32,256,vendor,auto,48,1,1,,1,0,0,0,0
reached,gemm,complex<float>,AUTO,1544,32,64,16,256,vendor,auto,72,1,1,,1,0,0,0,0
reached,gemm,complex<float>,AUTO,1288,16,32,8,256,vendor,auto,60,1,1,,1,0,0,0,0
reached,gemm,complex<float>,AUTO,8,0,0,0,256,vendor,auto,144,1,0,,1,0,0,0,0
reached,gemm,complex<float>,AUTO,776,8,8,8,256,vendor,auto,24,1,1,,1,0,0,0,0
reached,gemm,complex<float>,AUTO,1032,8,16,4,256,vendor,auto,36,1,1,,1,0,0,0,0
reached,gemm,complex<double>,AUTO,1798,128,128,128,64,vendor,auto,48,1,1,,1,0,0,2,0
reached,gemm,complex<float>,AUTO,2827,2048,2048,2048,2048,vendor,auto,24,1,1,,1,0,0,2,0
reached,gemm,complex<float>,AUTO,2825,2048,2048,2048,512,vendor,auto,24,1,1,,1,0,0,2,0
reached,gemm,complex<float>,AUTO,2823,2048,2048,2048,128,vendor,auto,24,1,1,,1,0,0,2,2
reached,gemm,complex<float>,AUTO,2823,2048,2048,2048,128,vendor,auto,24,1,1,,1,0,0,2,1
reached,gemm,complex<float>,AUTO,2823,2048,2048,2048,128,vendor,auto,24,1,1,,1,0,0,2,0
reached,gemm,complex<float>,AUTO,2822,2048,2048,2048,64,vendor,auto,48,1,1,,1,0,0,2,0
reached,gemm,complex<double>,AUTO,1792,128,128,128,1,vendor,auto,24,1,1,,1,0,0,2,2
reached,gemm,complex<float>,AUTO,2821,2048,2048,2048,63,vendor,auto,24,1,1,,1,0,0,2,2
reached,gemm,complex<double>,AUTO,1792,128,128,128,1,vendor,auto,24,1,1,,1,0,0,2,1
reached,gemm,complex<float>,AUTO,2821,2048,2048,2048,63,vendor,auto,24,1,1,,1,0,0,2,1
reached,gemm,complex<double>,AUTO,1792,128,128,128,1,vendor,auto,24,1,1,,1,0,0,2,0
reached,gemm,complex<float>,AUTO,2821,2048,2048,2048,63,vendor,auto,24,1,1,,1,0,0,2,0
reached,gemm,complex<float>,AUTO,2819,2048,2048,2048,8,vendor,auto,24,1,1,,1,0,0,2,2
reached,gemm,complex<float>,AUTO,2819,2048,2048,2048,8,vendor,auto,24,1,1,,1,0,0,2,1
reached,gemm,complex<float>,AUTO,2819,2048,2048,2048,8,vendor,auto,24,1,1,,1,0,0,2,0
reached,gemm,complex<float>,AUTO,2816,2048,2048,2048,1,vendor,auto,24,1,1,,1,0,0,2,2
reached,gemm,complex<float>,AUTO,2816,2048,2048,2048,1,vendor,auto,24,1,1,,1,0,0,2,1
reached,gemm,complex<float>,AUTO,2816,2048,2048,2048,1,vendor,auto,24,1,1,,1,0,0,2,0
reached,gemm,complex<double>,AUTO,1542,64,64,64,64,vendor,auto,96,1,1,,1,0,0,2,0
reached,gemm,complex<float>,AUTO,2571,1024,1024,1024,2048,vendor,auto,24,1,1,,1,0,0,2,0
reached,gemm,complex<double>,AUTO,1542,64,64,64,64,vendor,auto,96,1,1,,1,0,0,1,0
reached,gemm,complex<float>,AUTO,2571,1024,1024,1024,2048,vendor,auto,24,1,1,,1,0,0,1,0
reached,gemm,complex<double>,AUTO,1542,64,64,64,64,vendor,auto,96,1,1,,1,0,0,0,2
reached,gemm,complex<float>,AUTO,2571,1024,1024,1024,2048,vendor,auto,24,1,1,,1,0,0,0,2
reached,gemm,complex<double>,AUTO,1542,64,64,64,64,vendor,auto,96,1,1,,1,0,0,0,1
reached,gemm,complex<float>,AUTO,2571,1024,1024,1024,2048,vendor,auto,24,1,1,,1,0,0,0,1
reached,gemm,complex<double>,AUTO,1542,64,64,64,64,vendor,auto,96,1,1,,1,0,0,0,0
reached,gemm,complex<float>,AUTO,2571,1024,1024,1024,2048,vendor,auto,24,1,1,,1,0,0,0,0
reached,gemm,complex<float>,AUTO,2569,1024,1024,1024,512,vendor,auto,24,1,1,,1,0,0,2,0
reached,gemm,complex<float>,AUTO,2569,1024,1024,1024,512,vendor,auto,24,1,1,,1,0,0,1,0
reached,gemm,complex<float>,AUTO,2569,1024,1024,1024,512,vendor,auto,24,1,1,,1,0,0,0,2
reached,gemm,complex<float>,AUTO,2569,1024,1024,1024,512,vendor,auto,24,1,1,,1,0,0,0,1
reached,gemm,complex<float>,AUTO,2569,1024,1024,1024,512,vendor,auto,24,1,1,,1,0,0,0,0
reached,gemm,complex<float>,AUTO,2567,1024,1024,1024,128,vendor,auto,24,1,1,,1,0,0,2,2
reached,gemm,complex<float>,AUTO,2567,1024,1024,1024,128,vendor,auto,24,1,1,,1,0,0,2,1
reached,gemm,complex<float>,AUTO,2567,1024,1024,1024,128,vendor,auto,24,1,1,,1,0,0,2,0
reached,gemm,complex<float>,AUTO,2567,1024,1024,1024,128,vendor,auto,24,1,1,,1,0,0,1,2
reached,gemm,complex<float>,AUTO,2567,1024,1024,1024,128,vendor,auto,24,1,1,,1,0,0,1,1
reached,gemm,complex<float>,AUTO,2567,1024,1024,1024,128,vendor,auto,24,1,1,,1,0,0,1,0
reached,gemm,complex<float>,AUTO,2567,1024,1024,1024,128,vendor,auto,24,1,1,,1,0,0,0,2
reached,gemm,complex<float>,AUTO,2567,1024,1024,1024,128,vendor,auto,24,1,1,,1,0,0,0,1
reached,gemm,complex<float>,AUTO,2567,1024,1024,1024,128,vendor,auto,24,1,1,,1,0,0,0,0
reached,gemm,complex<float>,AUTO,2566,1024,1024,1024,64,vendor,auto,48,1,1,,1,0,0,2,0
reached,gemm,complex<double>,AUTO,1536,64,64,64,1,vendor,auto,48,1,1,,1,0,0,2,2
reached,gemm,complex<float>,AUTO,2565,1024,1024,1024,63,vendor,auto,24,1,1,,1,0,0,2,2
reached,gemm,complex<double>,AUTO,1536,64,64,64,1,vendor,auto,48,1,1,,1,0,0,2,1
reached,gemm,complex<float>,AUTO,2565,1024,1024,1024,63,vendor,auto,24,1,1,,1,0,0,2,1
reached,gemm,complex<double>,AUTO,1536,64,64,64,1,vendor,auto,48,1,1,,1,0,0,2,0
reached,gemm,complex<float>,AUTO,2565,1024,1024,1024,63,vendor,auto,24,1,1,,1,0,0,2,0
reached,gemm,complex<double>,AUTO,1536,64,64,64,1,vendor,auto,48,1,1,,1,0,0,1,2
reached,gemm,complex<float>,AUTO,2565,1024,1024,1024,63,vendor,auto,24,1,1,,1,0,0,1,2
reached,gemm,complex<double>,AUTO,1536,64,64,64,1,vendor,auto,48,1,1,,1,0,0,1,1
reached,gemm,complex<float>,AUTO,2565,1024,1024,1024,63,vendor,auto,24,1,1,,1,0,0,1,1
reached,gemm,complex<double>,AUTO,1536,64,64,64,1,vendor,auto,48,1,1,,1,0,0,1,0
reached,gemm,complex<float>,AUTO,2565,1024,1024,1024,63,vendor,auto,24,1,1,,1,0,0,1,0
reached,gemm,complex<double>,AUTO,1536,64,64,64,1,vendor,auto,48,1,1,,1,0,0,0,2
reached,gemm,complex<float>,AUTO,2565,1024,1024,1024,63,vendor,auto,24,1,1,,1,0,0,0,2
reached,gemm,complex<float>,AUTO,2563,1024,1024,1024,8,vendor,auto,24,1,1,,1,0,0,2,2
reached,gemm,complex<float>,AUTO,2563,1024,1024,1024,8,vendor,auto,24,1,1,,1,0,0,2,1
reached,gemm,complex<float>,AUTO,2563,1024,1024,1024,8,vendor,auto,24,1,1,,1,0,0,2,0
reached,gemm,complex<float>,AUTO,2563,1024,1024,1024,8,vendor,auto,24,1,1,,1,0,0,1,2
reached,gemm,complex<float>,AUTO,2563,1024,1024,1024,8,vendor,auto,24,1,1,,1,0,0,1,1
reached,gemm,complex<float>,AUTO,2563,1024,1024,1024,8,vendor,auto,24,1,1,,1,0,0,1,0
reached,gemm,complex<float>,AUTO,2563,1024,1024,1024,8,vendor,auto,24,1,1,,1,0,0,0,2
reached,gemm,complex<float>,AUTO,2560,1024,1024,1024,1,vendor,auto,24,1,1,,1,0,0,2,2
reached,gemm,complex<float>,AUTO,2560,1024,1024,1024,1,vendor,auto,24,1,1,,1,0,0,2,1
reached,gemm,complex<float>,AUTO,2560,1024,1024,1024,1,vendor,auto,24,1,1,,1,0,0,2,0
reached,gemm,complex<double>,AUTO,1286,32,32,32,64,vendor,auto,96,1,1,,1,0,0,2,0
reached,gemm,complex<float>,AUTO,2315,512,512,512,2048,vendor,auto,48,1,1,,1,0,0,2,0
reached,gemm,complex<double>,AUTO,1286,32,32,32,64,vendor,auto,96,1,1,,1,0,0,1,0
reached,gemm,complex<float>,AUTO,2315,512,512,512,2048,vendor,auto,48,1,1,,1,0,0,1,0
reached,gemm,complex<double>,AUTO,1286,32,32,32,64,vendor,auto,96,1,1,,1,0,0,0,2
reached,gemm,complex<float>,AUTO,2315,512,512,512,2048,vendor,auto,48,1,1,,1,0,0,0,2
reached,gemm,complex<double>,AUTO,1286,32,32,32,64,vendor,auto,96,1,1,,1,0,0,0,1
reached,gemm,complex<float>,AUTO,2315,512,512,512,2048,vendor,auto,48,1,1,,1,0,0,0,1
reached,gemm,complex<double>,AUTO,1286,32,32,32,64,vendor,auto,96,1,1,,1,0,0,0,0
reached,gemm,complex<float>,AUTO,2315,512,512,512,2048,vendor,auto,48,1,1,,1,0,0,0,0
reached,gemm,complex<float>,AUTO,2313,512,512,512,512,vendor,auto,48,1,1,,1,0,0,2,0
reached,gemm,complex<float>,AUTO,2313,512,512,512,512,vendor,auto,48,1,1,,1,0,0,1,0
reached,gemm,complex<float>,AUTO,2313,512,512,512,512,vendor,auto,48,1,1,,1,0,0,0,2
reached,gemm,complex<float>,AUTO,2313,512,512,512,512,vendor,auto,48,1,1,,1,0,0,0,1
reached,gemm,complex<float>,AUTO,2313,512,512,512,512,vendor,auto,48,1,1,,1,0,0,0,0
reached,gemm,complex<float>,AUTO,2311,512,512,512,128,vendor,auto,48,1,1,,1,0,0,2,0
reached,gemm,complex<float>,AUTO,2311,512,512,512,128,vendor,auto,48,1,1,,1,0,0,1,0
reached,gemm,complex<float>,AUTO,2311,512,512,512,128,vendor,auto,48,1,1,,1,0,0,0,2
reached,gemm,complex<float>,AUTO,2311,512,512,512,128,vendor,auto,48,1,1,,1,0,0,0,1
reached,gemm,complex<float>,AUTO,2311,512,512,512,128,vendor,auto,48,1,1,,1,0,0,0,0
reached,gemm,complex<float>,AUTO,2310,512,512,512,64,vendor,auto,96,1,1,,1,0,0,2,0
reached,gemm,complex<double>,AUTO,1280,32,32,32,1,vendor,auto,48,1,1,,1,0,0,2,2
reached,gemm,complex<float>,AUTO,2309,512,512,512,63,vendor,auto,48,1,1,,1,0,0,2,2
reached,gemm,complex<double>,AUTO,1280,32,32,32,1,vendor,auto,48,1,1,,1,0,0,2,1
reached,gemm,complex<float>,AUTO,2309,512,512,512,63,vendor,auto,48,1,1,,1,0,0,2,1
reached,gemm,complex<double>,AUTO,1280,32,32,32,1,vendor,auto,48,1,1,,1,0,0,2,0
reached,gemm,complex<float>,AUTO,2309,512,512,512,63,vendor,auto,48,1,1,,1,0,0,2,0
reached,gemm,complex<double>,AUTO,1280,32,32,32,1,vendor,auto,48,1,1,,1,0,0,1,2
reached,gemm,complex<float>,AUTO,2309,512,512,512,63,vendor,auto,48,1,1,,1,0,0,1,2
reached,gemm,complex<double>,AUTO,2827,2048,2048,2048,2048,vendor,auto,24,1,1,,1,0,0,2,2
reached,gemm,complex<double>,AUTO,1280,32,32,32,1,vendor,auto,48,1,1,,1,0,0,1,1
reached,gemm,complex<float>,AUTO,2309,512,512,512,63,vendor,auto,48,1,1,,1,0,0,1,1
reached,gemm,complex<double>,AUTO,2827,2048,2048,2048,2048,vendor,auto,24,1,1,,1,0,0,2,1
reached,gemm,complex<double>,AUTO,1280,32,32,32,1,vendor,auto,48,1,1,,1,0,0,1,0
reached,gemm,complex<float>,AUTO,2309,512,512,512,63,vendor,auto,48,1,1,,1,0,0,1,0
reached,gemm,complex<double>,AUTO,1280,32,32,32,1,vendor,auto,48,1,1,,1,0,0,0,2
reached,gemm,complex<float>,AUTO,2309,512,512,512,63,vendor,auto,48,1,1,,1,0,0,0,2
reached,gemm,complex<float>,AUTO,2307,512,512,512,8,vendor,auto,48,1,1,,1,0,0,2,2
reached,gemm,complex<float>,AUTO,2307,512,512,512,8,vendor,auto,48,1,1,,1,0,0,2,1
reached,gemm,complex<float>,AUTO,2307,512,512,512,8,vendor,auto,48,1,1,,1,0,0,2,0
reached,gemm,complex<float>,AUTO,2307,512,512,512,8,vendor,auto,48,1,1,,1,0,0,1,2
reached,gemm,complex<double>,AUTO,2825,2048,2048,2048,512,vendor,auto,24,1,1,,1,0,0,2,2
reached,gemm,complex<float>,AUTO,2307,512,512,512,8,vendor,auto,48,1,1,,1,0,0,1,1
reached,gemm,complex<double>,AUTO,2825,2048,2048,2048,512,vendor,auto,24,1,1,,1,0,0,2,1
reached,gemm,complex<float>,AUTO,2307,512,512,512,8,vendor,auto,48,1,1,,1,0,0,1,0
reached,gemm,complex<float>,AUTO,2307,512,512,512,8,vendor,auto,48,1,1,,1,0,0,0,2
reached,gemm,complex<float>,AUTO,2304,512,512,512,1,vendor,auto,48,1,1,,1,0,0,2,2
reached,gemm,complex<float>,AUTO,2304,512,512,512,1,vendor,auto,48,1,1,,1,0,0,2,1
reached,gemm,complex<float>,AUTO,2304,512,512,512,1,vendor,auto,48,1,1,,1,0,0,2,0
reached,gemm,complex<double>,AUTO,1030,16,16,16,64,vendor,auto,48,1,1,,1,0,0,2,0
reached,gemm,complex<float>,AUTO,2059,256,256,256,2048,vendor,auto,24,1,1,,1,0,0,2,0
reached,gemm,complex<double>,AUTO,1030,16,16,16,64,vendor,auto,48,1,1,,1,0,0,1,0
reached,gemm,complex<float>,AUTO,2059,256,256,256,2048,vendor,auto,24,1,1,,1,0,0,1,0
reached,gemm,complex<double>,AUTO,1030,16,16,16,64,vendor,auto,48,1,1,,1,0,0,0,2
reached,gemm,complex<float>,AUTO,2059,256,256,256,2048,vendor,auto,24,1,1,,1,0,0,0,2
reached,gemm,complex<double>,AUTO,1030,16,16,16,64,vendor,auto,48,1,1,,1,0,0,0,1
reached,gemm,complex<float>,AUTO,2059,256,256,256,2048,vendor,auto,24,1,1,,1,0,0,0,1
reached,gemm,complex<double>,AUTO,1030,16,16,16,64,vendor,auto,48,1,1,,1,0,0,0,0
reached,gemm,complex<float>,AUTO,2059,256,256,256,2048,vendor,auto,24,1,1,,1,0,0,0,0
reached,gemm,complex<float>,AUTO,2057,256,256,256,512,vendor,auto,24,1,1,,1,0,0,2,0
reached,gemm,complex<float>,AUTO,2057,256,256,256,512,vendor,auto,24,1,1,,1,0,0,1,0
reached,gemm,complex<float>,AUTO,2057,256,256,256,512,vendor,auto,24,1,1,,1,0,0,0,2
reached,gemm,complex<float>,AUTO,2057,256,256,256,512,vendor,auto,24,1,1,,1,0,0,0,1
reached,gemm,complex<float>,AUTO,2057,256,256,256,512,vendor,auto,24,1,1,,1,0,0,0,0
reached,gemm,complex<float>,AUTO,2055,256,256,256,128,vendor,auto,24,1,1,,1,0,0,2,0
reached,gemm,complex<float>,AUTO,2055,256,256,256,128,vendor,auto,24,1,1,,1,0,0,1,0
reached,gemm,complex<float>,AUTO,2055,256,256,256,128,vendor,auto,24,1,1,,1,0,0,0,2
reached,gemm,complex<float>,AUTO,2055,256,256,256,128,vendor,auto,24,1,1,,1,0,0,0,1
reached,gemm,complex<float>,AUTO,2055,256,256,256,128,vendor,auto,24,1,1,,1,0,0,0,0
reached,gemm,complex<float>,AUTO,2054,256,256,256,64,vendor,auto,48,1,1,,1,0,0,2,0
reached,gemm,complex<double>,AUTO,1024,16,16,16,1,vendor,auto,24,1,1,,1,0,0,2,2
reached,gemm,complex<float>,AUTO,2053,256,256,256,63,vendor,auto,24,1,1,,1,0,0,2,2
reached,gemm,complex<double>,AUTO,1024,16,16,16,1,vendor,auto,24,1,1,,1,0,0,2,1
reached,gemm,complex<float>,AUTO,2053,256,256,256,63,vendor,auto,24,1,1,,1,0,0,2,1
reached,gemm,complex<double>,AUTO,1024,16,16,16,1,vendor,auto,24,1,1,,1,0,0,2,0
reached,gemm,complex<float>,AUTO,2053,256,256,256,63,vendor,auto,24,1,1,,1,0,0,2,0
reached,gemm,complex<double>,AUTO,1024,16,16,16,1,vendor,auto,24,1,1,,1,0,0,1,2
reached,gemm,complex<float>,AUTO,2053,256,256,256,63,vendor,auto,24,1,1,,1,0,0,1,2
reached,gemm,complex<double>,AUTO,2571,1024,1024,1024,2048,vendor,auto,24,1,1,,1,0,0,2,2
reached,gemm,complex<double>,AUTO,1024,16,16,16,1,vendor,auto,24,1,1,,1,0,0,1,1
reached,gemm,complex<float>,AUTO,2053,256,256,256,63,vendor,auto,24,1,1,,1,0,0,1,1
reached,gemm,complex<double>,AUTO,2571,1024,1024,1024,2048,vendor,auto,24,1,1,,1,0,0,2,1
reached,gemm,complex<double>,AUTO,1024,16,16,16,1,vendor,auto,24,1,1,,1,0,0,1,0
reached,gemm,complex<float>,AUTO,2053,256,256,256,63,vendor,auto,24,1,1,,1,0,0,1,0
reached,gemm,complex<double>,AUTO,1024,16,16,16,1,vendor,auto,24,1,1,,1,0,0,0,2
reached,gemm,complex<float>,AUTO,2053,256,256,256,63,vendor,auto,24,1,1,,1,0,0,0,2
reached,gemm,complex<double>,AUTO,2571,1024,1024,1024,2048,vendor,auto,24,1,1,,1,0,0,1,2
reached,gemm,complex<double>,AUTO,1024,16,16,16,1,vendor,auto,24,1,1,,1,0,0,0,1
reached,gemm,complex<float>,AUTO,2053,256,256,256,63,vendor,auto,24,1,1,,1,0,0,0,1
reached,gemm,complex<double>,AUTO,2571,1024,1024,1024,2048,vendor,auto,24,1,1,,1,0,0,1,1
reached,gemm,complex<double>,AUTO,1024,16,16,16,1,vendor,auto,24,1,1,,1,0,0,0,0
reached,gemm,complex<float>,AUTO,2053,256,256,256,63,vendor,auto,24,1,1,,1,0,0,0,0
reached,gemm,complex<float>,AUTO,2051,256,256,256,8,vendor,auto,24,1,1,,1,0,0,2,2
reached,gemm,complex<float>,AUTO,2051,256,256,256,8,vendor,auto,24,1,1,,1,0,0,2,1
reached,gemm,complex<float>,AUTO,2051,256,256,256,8,vendor,auto,24,1,1,,1,0,0,2,0
reached,gemm,complex<float>,AUTO,2051,256,256,256,8,vendor,auto,24,1,1,,1,0,0,1,2
reached,gemm,complex<double>,AUTO,2569,1024,1024,1024,512,vendor,auto,24,1,1,,1,0,0,2,2
reached,gemm,complex<float>,AUTO,2051,256,256,256,8,vendor,auto,24,1,1,,1,0,0,1,1
reached,gemm,complex<double>,AUTO,2569,1024,1024,1024,512,vendor,auto,24,1,1,,1,0,0,2,1
reached,gemm,complex<float>,AUTO,2051,256,256,256,8,vendor,auto,24,1,1,,1,0,0,1,0
reached,gemm,complex<float>,AUTO,2051,256,256,256,8,vendor,auto,24,1,1,,1,0,0,0,2
reached,gemm,complex<double>,AUTO,2569,1024,1024,1024,512,vendor,auto,24,1,1,,1,0,0,1,2
reached,gemm,complex<float>,AUTO,2051,256,256,256,8,vendor,auto,24,1,1,,1,0,0,0,1
reached,gemm,complex<float>,AUTO,2048,256,256,256,1,vendor,auto,24,1,1,,1,0,0,2,2
reached,gemm,complex<float>,AUTO,2048,256,256,256,1,vendor,auto,24,1,1,,1,0,0,2,1
reached,gemm,complex<float>,AUTO,2048,256,256,256,1,vendor,auto,24,1,1,,1,0,0,2,0
reached,gemm,complex<double>,AUTO,774,8,8,8,64,vendor,auto,48,1,1,,1,0,0,2,0
reached,gemm,complex<float>,AUTO,1803,128,128,128,2048,vendor,auto,24,1,1,,1,0,0,2,0
reached,gemm,complex<double>,AUTO,774,8,8,8,64,vendor,auto,48,1,1,,1,0,0,1,0
reached,gemm,complex<float>,AUTO,1803,128,128,128,2048,vendor,auto,24,1,1,,1,0,0,1,0
reached,gemm,complex<double>,AUTO,774,8,8,8,64,vendor,auto,48,1,1,,1,0,0,0,2
reached,gemm,complex<float>,AUTO,1803,128,128,128,2048,vendor,auto,24,1,1,,1,0,0,0,2
reached,gemm,complex<double>,AUTO,774,8,8,8,64,vendor,auto,48,1,1,,1,0,0,0,1
reached,gemm,complex<float>,AUTO,1803,128,128,128,2048,vendor,auto,24,1,1,,1,0,0,0,1
reached,gemm,complex<double>,AUTO,774,8,8,8,64,vendor,auto,48,1,1,,1,0,0,0,0
reached,gemm,complex<float>,AUTO,1803,128,128,128,2048,vendor,auto,24,1,1,,1,0,0,0,0
reached,gemm,complex<float>,AUTO,1801,128,128,128,512,vendor,auto,24,1,1,,1,0,0,2,0
reached,gemm,complex<float>,AUTO,1801,128,128,128,512,vendor,auto,24,1,1,,1,0,0,1,0
reached,gemm,complex<float>,AUTO,1801,128,128,128,512,vendor,auto,24,1,1,,1,0,0,0,2
reached,gemm,complex<float>,AUTO,1801,128,128,128,512,vendor,auto,24,1,1,,1,0,0,0,1
reached,gemm,complex<float>,AUTO,1801,128,128,128,512,vendor,auto,24,1,1,,1,0,0,0,0
reached,gemm,complex<float>,AUTO,1799,128,128,128,128,vendor,auto,24,1,1,,1,0,0,2,0
reached,gemm,complex<float>,AUTO,1799,128,128,128,128,vendor,auto,24,1,1,,1,0,0,1,0
reached,gemm,complex<float>,AUTO,1799,128,128,128,128,vendor,auto,24,1,1,,1,0,0,0,2
reached,gemm,complex<float>,AUTO,1799,128,128,128,128,vendor,auto,24,1,1,,1,0,0,0,1
reached,gemm,complex<float>,AUTO,1799,128,128,128,128,vendor,auto,24,1,1,,1,0,0,0,0
reached,gemm,complex<double>,AUTO,768,8,8,8,1,vendor,auto,24,1,1,,1,0,0,2,2
reached,gemm,complex<float>,AUTO,1797,128,128,128,63,vendor,auto,24,1,1,,1,0,0,2,2
reached,gemm,complex<double>,AUTO,768,8,8,8,1,vendor,auto,24,1,1,,1,0,0,2,1
reached,gemm,complex<float>,AUTO,1797,128,128,128,63,vendor,auto,24,1,1,,1,0,0,2,1
reached,gemm,complex<double>,AUTO,768,8,8,8,1,vendor,auto,24,1,1,,1,0,0,2,0
reached,gemm,complex<float>,AUTO,1797,128,128,128,63,vendor,auto,24,1,1,,1,0,0,2,0
reached,gemm,complex<double>,AUTO,768,8,8,8,1,vendor,auto,24,1,1,,1,0,0,1,2
reached,gemm,complex<float>,AUTO,1797,128,128,128,63,vendor,auto,24,1,1,,1,0,0,1,2
reached,gemm,complex<double>,AUTO,2315,512,512,512,2048,vendor,auto,48,1,1,,1,0,0,2,2
reached,gemm,complex<double>,AUTO,768,8,8,8,1,vendor,auto,24,1,1,,1,0,0,1,1
reached,gemm,complex<float>,AUTO,1797,128,128,128,63,vendor,auto,24,1,1,,1,0,0,1,1
reached,gemm,complex<double>,AUTO,2315,512,512,512,2048,vendor,auto,48,1,1,,1,0,0,2,1
reached,gemm,complex<double>,AUTO,768,8,8,8,1,vendor,auto,24,1,1,,1,0,0,1,0
reached,gemm,complex<float>,AUTO,1797,128,128,128,63,vendor,auto,24,1,1,,1,0,0,1,0
reached,gemm,complex<double>,AUTO,768,8,8,8,1,vendor,auto,24,1,1,,1,0,0,0,2
reached,gemm,complex<float>,AUTO,1797,128,128,128,63,vendor,auto,24,1,1,,1,0,0,0,2
reached,gemm,complex<double>,AUTO,2315,512,512,512,2048,vendor,auto,48,1,1,,1,0,0,1,2
reached,gemm,complex<double>,AUTO,768,8,8,8,1,vendor,auto,24,1,1,,1,0,0,0,1
reached,gemm,complex<float>,AUTO,1797,128,128,128,63,vendor,auto,24,1,1,,1,0,0,0,1
reached,gemm,complex<double>,AUTO,2315,512,512,512,2048,vendor,auto,48,1,1,,1,0,0,1,1
reached,gemm,complex<double>,AUTO,768,8,8,8,1,vendor,auto,24,1,1,,1,0,0,0,0
reached,gemm,complex<float>,AUTO,1797,128,128,128,63,vendor,auto,24,1,1,,1,0,0,0,0
reached,gemm,complex<float>,AUTO,1795,128,128,128,8,vendor,auto,24,1,1,,1,0,0,2,2
reached,gemm,complex<float>,AUTO,1795,128,128,128,8,vendor,auto,24,1,1,,1,0,0,2,1
reached,gemm,complex<float>,AUTO,1795,128,128,128,8,vendor,auto,24,1,1,,1,0,0,2,0
reached,gemm,complex<float>,AUTO,1795,128,128,128,8,vendor,auto,24,1,1,,1,0,0,1,2
reached,gemm,complex<double>,AUTO,2313,512,512,512,512,vendor,auto,48,1,1,,1,0,0,2,2
reached,gemm,complex<float>,AUTO,1795,128,128,128,8,vendor,auto,24,1,1,,1,0,0,1,1
reached,gemm,complex<double>,AUTO,2313,512,512,512,512,vendor,auto,48,1,1,,1,0,0,2,1
reached,gemm,complex<float>,AUTO,1795,128,128,128,8,vendor,auto,24,1,1,,1,0,0,1,0
reached,gemm,complex<float>,AUTO,1795,128,128,128,8,vendor,auto,24,1,1,,1,0,0,0,2
reached,gemm,complex<double>,AUTO,2313,512,512,512,512,vendor,auto,48,1,1,,1,0,0,1,2
reached,gemm,complex<float>,AUTO,1795,128,128,128,8,vendor,auto,24,1,1,,1,0,0,0,1
reached,gemm,complex<float>,AUTO,1547,64,64,64,2048,vendor,auto,48,1,1,,1,0,0,2,0
reached,gemm,complex<float>,AUTO,1547,64,64,64,2048,vendor,auto,48,1,1,,1,0,0,1,0
reached,gemm,complex<float>,AUTO,1547,64,64,64,2048,vendor,auto,48,1,1,,1,0,0,0,2
reached,gemm,complex<float>,AUTO,1547,64,64,64,2048,vendor,auto,48,1,1,,1,0,0,0,1
reached,gemm,complex<float>,AUTO,1547,64,64,64,2048,vendor,auto,48,1,1,,1,0,0,0,0
reached,gemm,complex<float>,AUTO,1545,64,64,64,512,vendor,auto,48,1,1,,1,0,0,2,0
reached,gemm,complex<float>,AUTO,1545,64,64,64,512,vendor,auto,48,1,1,,1,0,0,1,0
reached,gemm,complex<float>,AUTO,1545,64,64,64,512,vendor,auto,48,1,1,,1,0,0,0,2
reached,gemm,complex<float>,AUTO,1545,64,64,64,512,vendor,auto,48,1,1,,1,0,0,0,1
reached,gemm,complex<float>,AUTO,1545,64,64,64,512,vendor,auto,48,1,1,,1,0,0,0,0
reached,gemm,complex<float>,AUTO,1543,64,64,64,128,vendor,auto,48,1,1,,1,0,0,2,0
reached,gemm,complex<float>,AUTO,1543,64,64,64,128,vendor,auto,48,1,1,,1,0,0,1,0
reached,gemm,complex<float>,AUTO,1543,64,64,64,128,vendor,auto,48,1,1,,1,0,0,0,2
reached,gemm,complex<float>,AUTO,1543,64,64,64,128,vendor,auto,48,1,1,,1,0,0,0,1
reached,gemm,complex<float>,AUTO,1543,64,64,64,128,vendor,auto,48,1,1,,1,0,0,0,0
reached,gemm,complex<float>,AUTO,1541,64,64,64,63,vendor,auto,48,1,1,,1,0,0,2,2
reached,gemm,complex<float>,AUTO,1541,64,64,64,63,vendor,auto,48,1,1,,1,0,0,2,1
reached,gemm,complex<float>,AUTO,1541,64,64,64,63,vendor,auto,48,1,1,,1,0,0,2,0
reached,gemm,complex<float>,AUTO,1541,64,64,64,63,vendor,auto,48,1,1,,1,0,0,1,2
reached,gemm,complex<double>,AUTO,2059,256,256,256,2048,vendor,auto,24,1,1,,1,0,0,2,2
reached,gemm,complex<float>,AUTO,1541,64,64,64,63,vendor,auto,48,1,1,,1,0,0,1,1
reached,gemm,complex<double>,AUTO,2059,256,256,256,2048,vendor,auto,24,1,1,,1,0,0,2,1
reached,gemm,complex<float>,AUTO,1541,64,64,64,63,vendor,auto,48,1,1,,1,0,0,1,0
reached,gemm,complex<float>,AUTO,1541,64,64,64,63,vendor,auto,48,1,1,,1,0,0,0,2
reached,gemm,complex<double>,AUTO,2059,256,256,256,2048,vendor,auto,24,1,1,,1,0,0,1,2
reached,gemm,complex<float>,AUTO,1541,64,64,64,63,vendor,auto,48,1,1,,1,0,0,0,1
reached,gemm,complex<double>,AUTO,2059,256,256,256,2048,vendor,auto,24,1,1,,1,0,0,1,1
reached,gemm,complex<float>,AUTO,1541,64,64,64,63,vendor,auto,48,1,1,,1,0,0,0,0
reached,gemm,complex<float>,AUTO,1539,64,64,64,8,vendor,auto,48,1,1,,1,0,0,2,2
reached,gemm,complex<float>,AUTO,1539,64,64,64,8,vendor,auto,48,1,1,,1,0,0,2,1
reached,gemm,complex<float>,AUTO,1539,64,64,64,8,vendor,auto,48,1,1,,1,0,0,2,0
reached,gemm,complex<float>,AUTO,1539,64,64,64,8,vendor,auto,48,1,1,,1,0,0,1,2
reached,gemm,complex<double>,AUTO,2057,256,256,256,512,vendor,auto,24,1,1,,1,0,0,2,2
reached,gemm,complex<float>,AUTO,1539,64,64,64,8,vendor,auto,48,1,1,,1,0,0,1,1
reached,gemm,complex<double>,AUTO,2057,256,256,256,512,vendor,auto,24,1,1,,1,0,0,2,1
reached,gemm,complex<float>,AUTO,1539,64,64,64,8,vendor,auto,48,1,1,,1,0,0,1,0
reached,gemm,complex<float>,AUTO,1539,64,64,64,8,vendor,auto,48,1,1,,1,0,0,0,2
reached,gemm,complex<double>,AUTO,2057,256,256,256,512,vendor,auto,24,1,1,,1,0,0,1,2
reached,gemm,complex<float>,AUTO,1539,64,64,64,8,vendor,auto,48,1,1,,1,0,0,0,1
reached,gemm,complex<float>,AUTO,1291,32,32,32,2048,vendor,auto,48,1,1,,1,0,0,2,0
reached,gemm,complex<float>,AUTO,1291,32,32,32,2048,vendor,auto,48,1,1,,1,0,0,1,0
reached,gemm,complex<float>,AUTO,1291,32,32,32,2048,vendor,auto,48,1,1,,1,0,0,0,2
reached,gemm,complex<float>,AUTO,1291,32,32,32,2048,vendor,auto,48,1,1,,1,0,0,0,1
reached,gemm,complex<float>,AUTO,1291,32,32,32,2048,vendor,auto,48,1,1,,1,0,0,0,0
reached,gemm,complex<float>,AUTO,1289,32,32,32,512,vendor,auto,48,1,1,,1,0,0,2,0
reached,gemm,complex<float>,AUTO,1289,32,32,32,512,vendor,auto,48,1,1,,1,0,0,1,0
reached,gemm,complex<float>,AUTO,1289,32,32,32,512,vendor,auto,48,1,1,,1,0,0,0,2
reached,gemm,complex<float>,AUTO,1289,32,32,32,512,vendor,auto,48,1,1,,1,0,0,0,1
reached,gemm,complex<float>,AUTO,1289,32,32,32,512,vendor,auto,48,1,1,,1,0,0,0,0
reached,gemm,complex<float>,AUTO,1287,32,32,32,128,vendor,auto,48,1,1,,1,0,0,2,0
reached,gemm,complex<float>,AUTO,1287,32,32,32,128,vendor,auto,48,1,1,,1,0,0,1,0
reached,gemm,complex<float>,AUTO,1287,32,32,32,128,vendor,auto,48,1,1,,1,0,0,0,2
reached,gemm,complex<float>,AUTO,1287,32,32,32,128,vendor,auto,48,1,1,,1,0,0,0,1
reached,gemm,complex<float>,AUTO,1287,32,32,32,128,vendor,auto,48,1,1,,1,0,0,0,0
reached,gemm,complex<float>,AUTO,1285,32,32,32,63,vendor,auto,48,1,1,,1,0,0,2,2
reached,gemm,complex<float>,AUTO,1285,32,32,32,63,vendor,auto,48,1,1,,1,0,0,2,1
reached,gemm,complex<float>,AUTO,1285,32,32,32,63,vendor,auto,48,1,1,,1,0,0,2,0
reached,gemm,complex<float>,AUTO,1285,32,32,32,63,vendor,auto,48,1,1,,1,0,0,1,2
reached,gemm,complex<double>,AUTO,1803,128,128,128,2048,vendor,auto,24,1,1,,1,0,0,2,2
reached,gemm,complex<float>,AUTO,1285,32,32,32,63,vendor,auto,48,1,1,,1,0,0,1,1
reached,gemm,complex<double>,AUTO,1803,128,128,128,2048,vendor,auto,24,1,1,,1,0,0,2,1
reached,gemm,complex<float>,AUTO,1285,32,32,32,63,vendor,auto,48,1,1,,1,0,0,1,0
reached,gemm,complex<float>,AUTO,1285,32,32,32,63,vendor,auto,48,1,1,,1,0,0,0,2
reached,gemm,complex<double>,AUTO,1803,128,128,128,2048,vendor,auto,24,1,1,,1,0,0,1,2
reached,gemm,complex<float>,AUTO,1285,32,32,32,63,vendor,auto,48,1,1,,1,0,0,0,1
reached,gemm,complex<double>,AUTO,1803,128,128,128,2048,vendor,auto,24,1,1,,1,0,0,1,1
reached,gemm,complex<float>,AUTO,1285,32,32,32,63,vendor,auto,48,1,1,,1,0,0,0,0
reached,gemm,complex<float>,AUTO,1283,32,32,32,8,vendor,auto,48,1,1,,1,0,0,2,2
reached,gemm,complex<float>,AUTO,1283,32,32,32,8,vendor,auto,48,1,1,,1,0,0,2,1
reached,gemm,complex<float>,AUTO,1283,32,32,32,8,vendor,auto,48,1,1,,1,0,0,2,0
reached,gemm,complex<float>,AUTO,1283,32,32,32,8,vendor,auto,48,1,1,,1,0,0,1,2
reached,gemm,complex<double>,AUTO,1801,128,128,128,512,vendor,auto,24,1,1,,1,0,0,2,2
reached,gemm,complex<float>,AUTO,1283,32,32,32,8,vendor,auto,48,1,1,,1,0,0,1,1
reached,gemm,complex<double>,AUTO,1801,128,128,128,512,vendor,auto,24,1,1,,1,0,0,2,1
reached,gemm,complex<float>,AUTO,1283,32,32,32,8,vendor,auto,48,1,1,,1,0,0,1,0
reached,gemm,complex<float>,AUTO,1283,32,32,32,8,vendor,auto,48,1,1,,1,0,0,0,2
reached,gemm,complex<double>,AUTO,1801,128,128,128,512,vendor,auto,24,1,1,,1,0,0,1,2
reached,gemm,complex<float>,AUTO,1283,32,32,32,8,vendor,auto,48,1,1,,1,0,0,0,1
reached,gemm,complex<double>,AUTO,1536,64,64,64,1,vendor,auto,48,1,1,,1,0,0,0,1
reached,gemm,complex<float>,AUTO,2565,1024,1024,1024,63,vendor,auto,24,1,1,,1,0,0,0,1
reached,gemm,complex<float>,AUTO,1035,16,16,16,2048,vendor,auto,24,1,1,,1,0,0,2,2
reached,gemm,complex<double>,AUTO,1536,64,64,64,1,vendor,auto,48,1,1,,1,0,0,0,0
reached,gemm,complex<float>,AUTO,2565,1024,1024,1024,63,vendor,auto,24,1,1,,1,0,0,0,0
reached,gemm,complex<float>,AUTO,1035,16,16,16,2048,vendor,auto,24,1,1,,1,0,0,2,1
reached,gemm,complex<float>,AUTO,1035,16,16,16,2048,vendor,auto,24,1,1,,1,0,0,2,0
reached,gemm,complex<float>,AUTO,1035,16,16,16,2048,vendor,auto,24,1,1,,1,0,0,1,2
reached,gemm,complex<float>,AUTO,1035,16,16,16,2048,vendor,auto,24,1,1,,1,0,0,1,1
reached,gemm,complex<float>,AUTO,1035,16,16,16,2048,vendor,auto,24,1,1,,1,0,0,1,0
reached,gemm,complex<float>,AUTO,1035,16,16,16,2048,vendor,auto,24,1,1,,1,0,0,0,2
reached,gemm,complex<float>,AUTO,1035,16,16,16,2048,vendor,auto,24,1,1,,1,0,0,0,1
reached,gemm,complex<float>,AUTO,1035,16,16,16,2048,vendor,auto,24,1,1,,1,0,0,0,0
reached,gemm,complex<float>,AUTO,2563,1024,1024,1024,8,vendor,auto,24,1,1,,1,0,0,0,1
reached,gemm,complex<float>,AUTO,1033,16,16,16,512,vendor,auto,24,1,1,,1,0,0,2,2
reached,gemm,complex<float>,AUTO,2563,1024,1024,1024,8,vendor,auto,24,1,1,,1,0,0,0,0
reached,gemm,complex<float>,AUTO,1033,16,16,16,512,vendor,auto,24,1,1,,1,0,0,2,1
reached,gemm,complex<float>,AUTO,1033,16,16,16,512,vendor,auto,24,1,1,,1,0,0,2,0
reached,gemm,complex<float>,AUTO,1033,16,16,16,512,vendor,auto,24,1,1,,1,0,0,1,2
reached,gemm,complex<float>,AUTO,1033,16,16,16,512,vendor,auto,24,1,1,,1,0,0,1,0
reached,gemm,complex<float>,AUTO,1033,16,16,16,512,vendor,auto,24,1,1,,1,0,0,0,2
reached,gemm,complex<float>,AUTO,1033,16,16,16,512,vendor,auto,24,1,1,,1,0,0,0,1
reached,gemm,complex<float>,AUTO,1033,16,16,16,512,vendor,auto,24,1,1,,1,0,0,0,0
reached,gemm,complex<float>,AUTO,1031,16,16,16,128,vendor,auto,24,1,1,,1,0,0,2,0
reached,gemm,complex<float>,AUTO,1031,16,16,16,128,vendor,auto,24,1,1,,1,0,0,1,0
reached,gemm,complex<float>,AUTO,1031,16,16,16,128,vendor,auto,24,1,1,,1,0,0,0,2
reached,gemm,complex<float>,AUTO,1031,16,16,16,128,vendor,auto,24,1,1,,1,0,0,0,1
reached,gemm,complex<float>,AUTO,1031,16,16,16,128,vendor,auto,24,1,1,,1,0,0,0,0
reached,gemm,complex<float>,AUTO,1029,16,16,16,63,vendor,auto,24,1,1,,1,0,0,2,2
reached,gemm,complex<float>,AUTO,1029,16,16,16,63,vendor,auto,24,1,1,,1,0,0,2,1
reached,gemm,complex<float>,AUTO,1029,16,16,16,63,vendor,auto,24,1,1,,1,0,0,2,0
reached,gemm,complex<float>,AUTO,1029,16,16,16,63,vendor,auto,24,1,1,,1,0,0,1,2
reached,gemm,complex<double>,AUTO,1547,64,64,64,2048,vendor,auto,48,1,1,,1,0,0,2,2
reached,gemm,complex<float>,AUTO,1029,16,16,16,63,vendor,auto,24,1,1,,1,0,0,1,1
reached,gemm,complex<double>,AUTO,1547,64,64,64,2048,vendor,auto,48,1,1,,1,0,0,2,1
reached,gemm,complex<float>,AUTO,1029,16,16,16,63,vendor,auto,24,1,1,,1,0,0,1,0
reached,gemm,complex<float>,AUTO,1029,16,16,16,63,vendor,auto,24,1,1,,1,0,0,0,2
reached,gemm,complex<double>,AUTO,1547,64,64,64,2048,vendor,auto,48,1,1,,1,0,0,1,2
reached,gemm,complex<float>,AUTO,1029,16,16,16,63,vendor,auto,24,1,1,,1,0,0,0,1
reached,gemm,complex<double>,AUTO,1547,64,64,64,2048,vendor,auto,48,1,1,,1,0,0,1,1
reached,gemm,complex<float>,AUTO,1029,16,16,16,63,vendor,auto,24,1,1,,1,0,0,0,0
reached,gemm,complex<float>,AUTO,1027,16,16,16,8,vendor,auto,24,1,1,,1,0,0,2,2
reached,gemm,complex<float>,AUTO,1027,16,16,16,8,vendor,auto,24,1,1,,1,0,0,2,1
reached,gemm,complex<float>,AUTO,1027,16,16,16,8,vendor,auto,24,1,1,,1,0,0,2,0
reached,gemm,complex<float>,AUTO,1027,16,16,16,8,vendor,auto,24,1,1,,1,0,0,1,2
reached,gemm,complex<double>,AUTO,1545,64,64,64,512,vendor,auto,48,1,1,,1,0,0,2,2
reached,gemm,complex<float>,AUTO,1027,16,16,16,8,vendor,auto,24,1,1,,1,0,0,1,1
reached,gemm,complex<double>,AUTO,1545,64,64,64,512,vendor,auto,48,1,1,,1,0,0,2,1
reached,gemm,complex<float>,AUTO,1027,16,16,16,8,vendor,auto,24,1,1,,1,0,0,1,0
reached,gemm,complex<float>,AUTO,1027,16,16,16,8,vendor,auto,24,1,1,,1,0,0,0,2
reached,gemm,complex<double>,AUTO,1545,64,64,64,512,vendor,auto,48,1,1,,1,0,0,1,2
reached,gemm,complex<float>,AUTO,1027,16,16,16,8,vendor,auto,24,1,1,,1,0,0,0,1
reached,gemm,complex<double>,AUTO,2827,2048,2048,2048,2048,vendor,auto,24,1,1,,1,0,0,1,2
reached,gemm,complex<double>,AUTO,1280,32,32,32,1,vendor,auto,48,1,1,,1,0,0,0,1
reached,gemm,complex<float>,AUTO,2309,512,512,512,63,vendor,auto,48,1,1,,1,0,0,0,1
reached,gemm,complex<float>,AUTO,779,8,8,8,2048,vendor,auto,24,1,1,,1,0,0,2,2
reached,gemm,complex<double>,AUTO,2827,2048,2048,2048,2048,vendor,auto,24,1,1,,1,0,0,1,1
reached,gemm,complex<double>,AUTO,1280,32,32,32,1,vendor,auto,48,1,1,,1,0,0,0,0
reached,gemm,complex<float>,AUTO,2309,512,512,512,63,vendor,auto,48,1,1,,1,0,0,0,0
reached,gemm,complex<float>,AUTO,779,8,8,8,2048,vendor,auto,24,1,1,,1,0,0,2,1
reached,gemm,complex<double>,AUTO,2827,2048,2048,2048,2048,vendor,auto,24,1,1,,1,0,0,1,0
reached,gemm,complex<float>,AUTO,779,8,8,8,2048,vendor,auto,24,1,1,,1,0,0,2,0
reached,gemm,complex<double>,AUTO,2827,2048,2048,2048,2048,vendor,auto,24,1,1,,1,0,0,0,2
reached,gemm,complex<float>,AUTO,779,8,8,8,2048,vendor,auto,24,1,1,,1,0,0,1,2
reached,gemm,complex<double>,AUTO,2827,2048,2048,2048,2048,vendor,auto,24,1,1,,1,0,0,0,1
reached,gemm,complex<float>,AUTO,779,8,8,8,2048,vendor,auto,24,1,1,,1,0,0,1,1
reached,gemm,complex<double>,AUTO,2827,2048,2048,2048,2048,vendor,auto,24,1,1,,1,0,0,0,0
reached,gemm,complex<float>,AUTO,779,8,8,8,2048,vendor,auto,24,1,1,,1,0,0,1,0
reached,gemm,complex<float>,AUTO,779,8,8,8,2048,vendor,auto,24,1,1,,1,0,0,0,2
reached,gemm,complex<float>,AUTO,779,8,8,8,2048,vendor,auto,24,1,1,,1,0,0,0,1
reached,gemm,complex<float>,AUTO,779,8,8,8,2048,vendor,auto,24,1,1,,1,0,0,0,0
reached,gemm,complex<double>,AUTO,2825,2048,2048,2048,512,vendor,auto,24,1,1,,1,0,0,1,2
reached,gemm,complex<float>,AUTO,2307,512,512,512,8,vendor,auto,48,1,1,,1,0,0,0,1
reached,gemm,complex<float>,AUTO,777,8,8,8,512,vendor,auto,24,1,1,,1,0,0,2,2
reached,gemm,complex<double>,AUTO,2825,2048,2048,2048,512,vendor,auto,24,1,1,,1,0,0,1,1
reached,gemm,complex<float>,AUTO,2307,512,512,512,8,vendor,auto,48,1,1,,1,0,0,0,0
reached,gemm,complex<float>,AUTO,777,8,8,8,512,vendor,auto,24,1,1,,1,0,0,2,1
reached,gemm,complex<double>,AUTO,2825,2048,2048,2048,512,vendor,auto,24,1,1,,1,0,0,1,0
reached,gemm,complex<float>,AUTO,777,8,8,8,512,vendor,auto,24,1,1,,1,0,0,2,0
reached,gemm,complex<double>,AUTO,2825,2048,2048,2048,512,vendor,auto,24,1,1,,1,0,0,0,2
reached,gemm,complex<float>,AUTO,777,8,8,8,512,vendor,auto,24,1,1,,1,0,0,1,2
reached,gemm,complex<double>,AUTO,2825,2048,2048,2048,512,vendor,auto,24,1,1,,1,0,0,0,0
reached,gemm,complex<float>,AUTO,777,8,8,8,512,vendor,auto,24,1,1,,1,0,0,1,0
reached,gemm,complex<float>,AUTO,777,8,8,8,512,vendor,auto,24,1,1,,1,0,0,0,2
reached,gemm,complex<float>,AUTO,777,8,8,8,512,vendor,auto,24,1,1,,1,0,0,0,1
reached,gemm,complex<float>,AUTO,777,8,8,8,512,vendor,auto,24,1,1,,1,0,0,0,0
reached,gemm,complex<double>,AUTO,2823,2048,2048,2048,128,vendor,auto,24,1,1,,1,0,0,1,0
reached,gemm,complex<float>,AUTO,775,8,8,8,128,vendor,auto,24,1,1,,1,0,0,2,0
reached,gemm,complex<double>,AUTO,2823,2048,2048,2048,128,vendor,auto,24,1,1,,1,0,0,0,0
reached,gemm,complex<float>,AUTO,775,8,8,8,128,vendor,auto,24,1,1,,1,0,0,1,0
reached,gemm,complex<float>,AUTO,775,8,8,8,128,vendor,auto,24,1,1,,1,0,0,0,2
reached,gemm,complex<float>,AUTO,775,8,8,8,128,vendor,auto,24,1,1,,1,0,0,0,1
reached,gemm,complex<float>,AUTO,775,8,8,8,128,vendor,auto,24,1,1,,1,0,0,0,0
reached,gemm,complex<double>,AUTO,2821,2048,2048,2048,63,vendor,auto,24,1,1,,1,0,0,1,2
reached,gemm,complex<float>,AUTO,773,8,8,8,63,vendor,auto,24,1,1,,1,0,0,2,2
reached,gemm,complex<double>,AUTO,2821,2048,2048,2048,63,vendor,auto,24,1,1,,1,0,0,1,1
reached,gemm,complex<float>,AUTO,773,8,8,8,63,vendor,auto,24,1,1,,1,0,0,2,1
reached,gemm,complex<double>,AUTO,2821,2048,2048,2048,63,vendor,auto,24,1,1,,1,0,0,1,0
reached,gemm,complex<float>,AUTO,773,8,8,8,63,vendor,auto,24,1,1,,1,0,0,2,0
reached,gemm,complex<double>,AUTO,2821,2048,2048,2048,63,vendor,auto,24,1,1,,1,0,0,0,2
reached,gemm,complex<float>,AUTO,773,8,8,8,63,vendor,auto,24,1,1,,1,0,0,1,2
reached,gemm,complex<double>,AUTO,2821,2048,2048,2048,63,vendor,auto,24,1,1,,1,0,0,0,1
reached,gemm,complex<double>,AUTO,1291,32,32,32,2048,vendor,auto,48,1,1,,1,0,0,2,2
reached,gemm,complex<float>,AUTO,773,8,8,8,63,vendor,auto,24,1,1,,1,0,0,1,1
reached,gemm,complex<double>,AUTO,2821,2048,2048,2048,63,vendor,auto,24,1,1,,1,0,0,0,0
reached,gemm,complex<double>,AUTO,1291,32,32,32,2048,vendor,auto,48,1,1,,1,0,0,2,1
reached,gemm,complex<float>,AUTO,773,8,8,8,63,vendor,auto,24,1,1,,1,0,0,1,0
reached,gemm,complex<float>,AUTO,773,8,8,8,63,vendor,auto,24,1,1,,1,0,0,0,2
reached,gemm,complex<double>,AUTO,1291,32,32,32,2048,vendor,auto,48,1,1,,1,0,0,1,2
reached,gemm,complex<float>,AUTO,773,8,8,8,63,vendor,auto,24,1,1,,1,0,0,0,1
reached,gemm,complex<double>,AUTO,1291,32,32,32,2048,vendor,auto,48,1,1,,1,0,0,1,1
reached,gemm,complex<float>,AUTO,773,8,8,8,63,vendor,auto,24,1,1,,1,0,0,0,0
reached,gemm,complex<double>,AUTO,2819,2048,2048,2048,8,vendor,auto,24,1,1,,1,0,0,1,2
reached,gemm,complex<float>,AUTO,771,8,8,8,8,vendor,auto,24,1,1,,1,0,0,2,2
reached,gemm,complex<double>,AUTO,2819,2048,2048,2048,8,vendor,auto,24,1,1,,1,0,0,1,1
reached,gemm,complex<float>,AUTO,771,8,8,8,8,vendor,auto,24,1,1,,1,0,0,2,1
reached,gemm,complex<double>,AUTO,2819,2048,2048,2048,8,vendor,auto,24,1,1,,1,0,0,1,0
reached,gemm,complex<float>,AUTO,771,8,8,8,8,vendor,auto,24,1,1,,1,0,0,2,0
reached,gemm,complex<double>,AUTO,2819,2048,2048,2048,8,vendor,auto,24,1,1,,1,0,0,0,2
reached,gemm,complex<float>,AUTO,771,8,8,8,8,vendor,auto,24,1,1,,1,0,0,1,2
reached,gemm,complex<double>,AUTO,2819,2048,2048,2048,8,vendor,auto,24,1,1,,1,0,0,0,1
reached,gemm,complex<double>,AUTO,1289,32,32,32,512,vendor,auto,48,1,1,,1,0,0,2,2
reached,gemm,complex<float>,AUTO,771,8,8,8,8,vendor,auto,24,1,1,,1,0,0,1,1
reached,gemm,complex<double>,AUTO,2819,2048,2048,2048,8,vendor,auto,24,1,1,,1,0,0,0,0
reached,gemm,complex<double>,AUTO,1289,32,32,32,512,vendor,auto,48,1,1,,1,0,0,2,1
reached,gemm,complex<float>,AUTO,771,8,8,8,8,vendor,auto,24,1,1,,1,0,0,1,0
reached,gemm,complex<float>,AUTO,771,8,8,8,8,vendor,auto,24,1,1,,1,0,0,0,2
reached,gemm,complex<double>,AUTO,1289,32,32,32,512,vendor,auto,48,1,1,,1,0,0,1,2
reached,gemm,complex<float>,AUTO,771,8,8,8,8,vendor,auto,24,1,1,,1,0,0,0,1
reached,gemm,complex<double>,AUTO,2569,1024,1024,1024,512,vendor,auto,24,1,1,,1,0,0,1,1
reached,gemm,complex<float>,AUTO,2051,256,256,256,8,vendor,auto,24,1,1,,1,0,0,0,0
reached,gemm,double,AUTO,3080,2048,4096,1024,256,native,register_tiled,12,1,1,,1,0,0,0,0
reached,gemm,complex<double>,AUTO,2313,512,512,512,512,vendor,auto,48,1,1,,1,0,0,1,1
reached,gemm,complex<float>,AUTO,1795,128,128,128,8,vendor,auto,24,1,1,,1,0,0,0,0
reached,gemm,double,AUTO,2824,1024,2048,512,256,native,register_tiled,36,1,1,,1,0,0,0,0
reached,gemm,complex<double>,AUTO,2057,256,256,256,512,vendor,auto,24,1,1,,1,0,0,1,1
reached,gemm,complex<float>,AUTO,1539,64,64,64,8,vendor,auto,48,1,1,,1,0,0,0,0
reached,gemm,double,AUTO,2568,512,1024,256,256,native,register_tiled,48,1,1,,1,0,0,0,0
reached,gemm,complex<double>,AUTO,1801,128,128,128,512,vendor,auto,24,1,1,,1,0,0,1,1
reached,gemm,complex<float>,AUTO,1283,32,32,32,8,vendor,auto,48,1,1,,1,0,0,0,0
reached,gemm,double,AUTO,2312,256,512,128,256,native,register_tiled,60,1,1,,1,0,0,0,0
reached,gemm,complex<double>,AUTO,1545,64,64,64,512,vendor,auto,48,1,1,,1,0,0,1,1
reached,gemm,complex<float>,AUTO,1027,16,16,16,8,vendor,auto,24,1,1,,1,0,0,0,0
reached,gemm,double,AUTO,2056,128,256,64,256,native,register_tiled,36,1,1,,1,0,0,0,0
reached,gemm,complex<double>,AUTO,1289,32,32,32,512,vendor,auto,48,1,1,,1,0,0,1,1
reached,gemm,complex<float>,AUTO,771,8,8,8,8,vendor,auto,24,1,1,,1,0,0,0,0
reached,gemm,double,AUTO,1800,64,128,32,256,native,register_tiled,48,1,1,,1,0,0,0,0
reached,gemm,complex<double>,AUTO,1033,16,16,16,512,vendor,auto,24,1,1,,1,0,0,1,1
reached,gemm,double,AUTO,1544,32,64,16,256,native,register_tiled,72,1,1,,1,0,0,0,0
reached,gemm,complex<double>,AUTO,777,8,8,8,512,vendor,auto,24,1,1,,1,0,0,1,1
reached,gemm,double,AUTO,1288,16,32,8,256,native,register_tiled,60,1,1,,1,0,0,0,0
reached,gemm,double,AUTO,8,0,0,0,256,vendor,auto,144,1,0,,1,0,0,0,0
reached,gemm,double,AUTO,776,8,8,8,256,vendor,auto,24,1,1,,1,0,0,0,0
reached,gemm,double,AUTO,1032,8,16,4,256,native,register_tiled,36,1,1,,1,0,0,0,0
reached,gemm,complex<float>,AUTO,1798,128,128,128,64,vendor,auto,48,1,1,,1,0,0,2,0
reached,gemm,double,AUTO,2827,2048,2048,2048,2048,native,register_tiled,24,1,1,,1,0,0,2,0
reached,gemm,double,AUTO,2825,2048,2048,2048,512,native,register_tiled,24,1,1,,1,0,0,2,0
reached,gemm,double,AUTO,2823,2048,2048,2048,128,native,register_tiled,24,1,1,,1,0,0,2,2
reached,gemm,double,AUTO,2823,2048,2048,2048,128,native,register_tiled,24,1,1,,1,0,0,2,1
reached,gemm,double,AUTO,2823,2048,2048,2048,128,native,register_tiled,24,1,1,,1,0,0,2,0
reached,gemm,double,AUTO,2822,2048,2048,2048,64,native,register_tiled,48,1,1,,1,0,0,2,0
reached,gemm,complex<double>,AUTO,1283,32,32,32,8,vendor,auto,48,1,1,,1,0,0,1,1
reached,gemm,float,AUTO,2823,2048,2048,2048,128,vendor,auto,24,1,1,,1,0,0,0,0
reached,gemm,float,AUTO,2822,2048,2048,2048,64,vendor,auto,48,1,1,,1,0,0,2,2
reached,gemm,complex<float>,AUTO,2823,2048,2048,2048,128,vendor,auto,24,1,1,,1,0,0,1,2
reached,gemm,double,AUTO,775,8,8,8,128,native,register_tiled,24,1,1,,1,0,0,2,2
reached,gemm,float,AUTO,2822,2048,2048,2048,64,vendor,auto,48,1,1,,1,0,0,2,1
reached,gemm,complex<float>,AUTO,2823,2048,2048,2048,128,vendor,auto,24,1,1,,1,0,0,1,1
reached,gemm,double,AUTO,775,8,8,8,128,native,register_tiled,24,1,1,,1,0,0,2,1
reached,gemm,float,AUTO,2822,2048,2048,2048,64,vendor,auto,48,1,1,,1,0,0,2,0
reached,gemm,complex<float>,AUTO,2823,2048,2048,2048,128,vendor,auto,24,1,1,,1,0,0,1,0
reached,gemm,double,AUTO,775,8,8,8,128,native,register_tiled,24,1,1,,1,0,0,2,0
reached,gemm,float,AUTO,2822,2048,2048,2048,64,vendor,auto,48,1,1,,1,0,0,1,2
reached,gemm,complex<float>,AUTO,2823,2048,2048,2048,128,vendor,auto,24,1,1,,1,0,0,0,2
reached,gemm,double,AUTO,775,8,8,8,128,native,register_tiled,24,1,1,,1,0,0,1,2
reached,gemm,complex<float>,AUTO,2311,512,512,512,128,vendor,auto,48,1,1,,1,0,0,2,2
reached,gemm,float,AUTO,2822,2048,2048,2048,64,vendor,auto,48,1,1,,1,0,0,1,1
reached,gemm,complex<float>,AUTO,2823,2048,2048,2048,128,vendor,auto,24,1,1,,1,0,0,0,1
reached,gemm,double,AUTO,775,8,8,8,128,native,register_tiled,24,1,1,,1,0,0,1,1
reached,gemm,float,AUTO,2819,2048,2048,2048,8,vendor,auto,24,1,1,,1,0,0,2,2
reached,gemm,float,AUTO,2819,2048,2048,2048,8,vendor,auto,24,1,1,,1,0,0,2,1
reached,gemm,float,AUTO,2819,2048,2048,2048,8,vendor,auto,24,1,1,,1,0,0,2,0
reached,gemm,float,AUTO,2816,2048,2048,2048,1,vendor,auto,24,1,1,,1,0,0,2,2
reached,gemm,float,AUTO,2816,2048,2048,2048,1,vendor,auto,24,1,1,,1,0,0,2,1
reached,gemm,double,AUTO,1033,16,16,16,512,native,register_tiled,24,1,1,,1,0,0,2,0
reached,gemm,float,AUTO,2816,2048,2048,2048,1,vendor,auto,24,1,1,,1,0,0,2,0
reached,gemm,float,AUTO,2816,2048,2048,2048,1,vendor,auto,24,1,1,,1,0,0,1,2
reached,gemm,double,AUTO,1033,16,16,16,512,native,register_tiled,24,1,1,,1,0,0,1,1
reached,gemm,float,AUTO,2816,2048,2048,2048,1,vendor,auto,24,1,1,,1,0,0,0,2
reached,gemm,double,AUTO,1033,16,16,16,512,native,register_tiled,24,1,1,,1,0,0,0,1
reached,gemm,float,AUTO,2307,512,512,512,8,vendor,auto,48,1,1,,1,0,0,2,2
reached,gemm,float,AUTO,2307,512,512,512,8,vendor,auto,48,1,1,,1,0,0,2,1
reached,gemm,double,AUTO,2825,2048,2048,2048,512,native,register_tiled,24,1,1,,1,0,0,2,2
reached,gemm,float,AUTO,2307,512,512,512,8,vendor,auto,48,1,1,,1,0,0,1,1
reached,gemm,float,AUTO,2569,1024,1024,1024,512,vendor,auto,24,1,1,,1,0,0,2,2
reached,gemm,complex<double>,AUTO,1542,64,64,64,64,vendor,auto,96,1,1,,1,0,0,2,1
reached,gemm,complex<float>,AUTO,2571,1024,1024,1024,2048,vendor,auto,24,1,1,,1,0,0,2,1
reached,gemm,complex<float>,AUTO,1024,16,16,16,1,vendor,auto,24,1,1,,1,0,0,1,0
reached,gemm,double,AUTO,2053,256,256,256,63,vendor,auto,24,1,1,,1,0,0,1,0
reached,gemm,float,AUTO,2569,1024,1024,1024,512,vendor,auto,24,1,1,,1,0,0,1,2
reached,gemm,complex<double>,AUTO,1542,64,64,64,64,vendor,auto,96,1,1,,1,0,0,1,1
reached,gemm,complex<float>,AUTO,2571,1024,1024,1024,2048,vendor,auto,24,1,1,,1,0,0,1,1
reached,gemm,complex<float>,AUTO,1024,16,16,16,1,vendor,auto,24,1,1,,1,0,0,0,0
reached,gemm,double,AUTO,2053,256,256,256,63,vendor,auto,24,1,1,,1,0,0,0,0
reached,gemm,float,AUTO,2569,1024,1024,1024,512,vendor,auto,24,1,1,,1,0,0,0,2
reached,gemm,float,AUTO,2567,1024,1024,1024,128,vendor,auto,24,1,1,,1,0,0,2,2
reached,gemm,complex<float>,AUTO,2569,1024,1024,1024,512,vendor,auto,24,1,1,,1,0,0,2,1
reached,gemm,double,AUTO,2051,256,256,256,8,vendor,auto,24,1,1,,1,0,0,1,0
reached,gemm,float,AUTO,2567,1024,1024,1024,128,vendor,auto,24,1,1,,1,0,0,2,1
reached,gemm,float,AUTO,2567,1024,1024,1024,128,vendor,auto,24,1,1,,1,0,0,2,0
reached,gemm,complex<double>,AUTO,1027,16,16,16,8,vendor,auto,24,1,1,,1,0,0,2,2
reached,gemm,float,AUTO,2567,1024,1024,1024,128,vendor,auto,24,1,1,,1,0,0,1,1
reached,gemm,complex<double>,AUTO,1027,16,16,16,8,vendor,auto,24,1,1,,1,0,0,2,1
reached,gemm,float,AUTO,2567,1024,1024,1024,128,vendor,auto,24,1,1,,1,0,0,1,0
reached,gemm,complex<double>,AUTO,1027,16,16,16,8,vendor,auto,24,1,1,,1,0,0,1,2
reached,gemm,float,AUTO,2567,1024,1024,1024,128,vendor,auto,24,1,1,,1,0,0,0,1
reached,gemm,complex<double>,AUTO,1027,16,16,16,8,vendor,auto,24,1,1,,1,0,0,1,1
reached,gemm,float,AUTO,2567,1024,1024,1024,128,vendor,auto,24,1,1,,1,0,0,0,0
reached,gemm,float,AUTO,2566,1024,1024,1024,64,vendor,auto,48,1,1,,1,0,0,2,2
reached,gemm,float,AUTO,2566,1024,1024,1024,64,vendor,auto,48,1,1,,1,0,0,2,1
reached,gemm,float,AUTO,2566,1024,1024,1024,64,vendor,auto,48,1,1,,1,0,0,2,0
reached,gemm,float,AUTO,2566,1024,1024,1024,64,vendor,auto,48,1,1,,1,0,0,1,2
reached,gemm,complex<float>,AUTO,2055,256,256,256,128,vendor,auto,24,1,1,,1,0,0,2,2
reached,gemm,float,AUTO,2566,1024,1024,1024,64,vendor,auto,48,1,1,,1,0,0,1,1
reached,gemm,float,AUTO,2563,1024,1024,1024,8,vendor,auto,24,1,1,,1,0,0,2,2
reached,gemm,float,AUTO,2563,1024,1024,1024,8,vendor,auto,24,1,1,,1,0,0,2,1
reached,gemm,float,AUTO,2563,1024,1024,1024,8,vendor,auto,24,1,1,,1,0,0,2,0
reached,gemm,float,AUTO,2560,1024,1024,1024,1,vendor,auto,24,1,1,,1,0,0,2,2
reached,gemm,float,AUTO,2560,1024,1024,1024,1,vendor,auto,24,1,1,,1,0,0,2,1
reached,gemm,complex<float>,AUTO,2825,2048,2048,2048,512,vendor,auto,24,1,1,,1,0,0,1,0
reached,gemm,double,AUTO,777,8,8,8,512,native,register_tiled,24,1,1,,1,0,0,2,0
reached,gemm,double,AUTO,2823,2048,2048,2048,128,native,register_tiled,24,1,1,,1,0,0,0,0
reached,gemm,float,AUTO,775,8,8,8,128,vendor,auto,24,1,1,,1,0,0,1,0
reached,gemm,double,AUTO,2055,256,256,256,128,native,register_tiled,24,1,1,,1,0,0,1,0
reached,gemm,float,AUTO,2560,1024,1024,1024,1,vendor,auto,24,1,1,,1,0,0,2,0
reached,gemm,float,AUTO,2560,1024,1024,1024,1,vendor,auto,24,1,1,,1,0,0,1,2
reached,gemm,complex<float>,AUTO,2825,2048,2048,2048,512,vendor,auto,24,1,1,,1,0,0,0,1
reached,gemm,double,AUTO,777,8,8,8,512,native,register_tiled,24,1,1,,1,0,0,1,1
reached,gemm,float,AUTO,2560,1024,1024,1024,1,vendor,auto,24,1,1,,1,0,0,0,2
reached,gemm,double,AUTO,777,8,8,8,512,native,register_tiled,24,1,1,,1,0,0,0,1
reached,gemm,float,AUTO,2051,256,256,256,8,vendor,auto,24,1,1,,1,0,0,2,2
reached,gemm,float,AUTO,2051,256,256,256,8,vendor,auto,24,1,1,,1,0,0,2,1
reached,gemm,float,AUTO,2313,512,512,512,512,vendor,auto,48,1,1,,1,0,0,2,2
reached,gemm,complex<double>,AUTO,2816,2048,2048,2048,1,vendor,auto,24,1,1,,1,0,0,0,0
reached,gemm,complex<double>,AUTO,1286,32,32,32,64,vendor,auto,96,1,1,,1,0,0,2,1
reached,gemm,complex<float>,AUTO,2315,512,512,512,2048,vendor,auto,48,1,1,,1,0,0,2,1
reached,gemm,complex<float>,AUTO,768,8,8,8,1,vendor,auto,24,1,1,,1,0,0,1,0
reached,gemm,double,AUTO,1797,128,128,128,63,vendor,auto,24,1,1,,1,0,0,1,0
reached,gemm,float,AUTO,2313,512,512,512,512,vendor,auto,48,1,1,,1,0,0,1,2
reached,gemm,complex<double>,AUTO,1286,32,32,32,64,vendor,auto,96,1,1,,1,0,0,1,1
reached,gemm,complex<float>,AUTO,2315,512,512,512,2048,vendor,auto,48,1,1,,1,0,0,1,1
reached,gemm,complex<float>,AUTO,768,8,8,8,1,vendor,auto,24,1,1,,1,0,0,0,0
reached,gemm,double,AUTO,1797,128,128,128,63,vendor,auto,24,1,1,,1,0,0,0,0
reached,gemm,float,AUTO,2313,512,512,512,512,vendor,auto,48,1,1,,1,0,0,0,2
reached,gemm,float,AUTO,2311,512,512,512,128,vendor,auto,48,1,1,,1,0,0,2,2
reached,gemm,complex<float>,AUTO,2313,512,512,512,512,vendor,auto,48,1,1,,1,0,0,2,1
reached,gemm,double,AUTO,1795,128,128,128,8,vendor,auto,24,1,1,,1,0,0,1,0
reached,gemm,float,AUTO,2311,512,512,512,128,vendor,auto,48,1,1,,1,0,0,2,1
reached,gemm,float,AUTO,2819,2048,2048,2048,8,vendor,auto,24,1,1,,1,0,0,1,2
reached,gemm,float,AUTO,2311,512,512,512,128,vendor,auto,48,1,1,,1,0,0,2,0
reached,gemm,complex<double>,AUTO,771,8,8,8,8,vendor,auto,24,1,1,,1,0,0,2,2
reached,gemm,float,AUTO,2311,512,512,512,128,vendor,auto,48,1,1,,1,0,0,1,1
reached,gemm,float,AUTO,2819,2048,2048,2048,8,vendor,auto,24,1,1,,1,0,0,0,2
reached,gemm,complex<double>,AUTO,771,8,8,8,8,vendor,auto,24,1,1,,1,0,0,2,1
reached,gemm,float,AUTO,2311,512,512,512,128,vendor,auto,48,1,1,,1,0,0,1,0
reached,gemm,complex<double>,AUTO,771,8,8,8,8,vendor,auto,24,1,1,,1,0,0,1,2
reached,gemm,float,AUTO,2311,512,512,512,128,vendor,auto,48,1,1,,1,0,0,0,1
reached,gemm,complex<double>,AUTO,771,8,8,8,8,vendor,auto,24,1,1,,1,0,0,1,1
reached,gemm,float,AUTO,2311,512,512,512,128,vendor,auto,48,1,1,,1,0,0,0,0
reached,gemm,float,AUTO,2310,512,512,512,64,vendor,auto,96,1,1,,1,0,0,2,2
reached,gemm,float,AUTO,2310,512,512,512,64,vendor,auto,96,1,1,,1,0,0,2,1
reached,gemm,float,AUTO,2310,512,512,512,64,vendor,auto,96,1,1,,1,0,0,2,0
reached,gemm,float,AUTO,2310,512,512,512,64,vendor,auto,96,1,1,,1,0,0,1,2
reached,gemm,complex<float>,AUTO,1799,128,128,128,128,vendor,auto,24,1,1,,1,0,0,2,2
reached,gemm,float,AUTO,2310,512,512,512,64,vendor,auto,96,1,1,,1,0,0,1,1
reached,gemm,float,AUTO,2307,512,512,512,8,vendor,auto,48,1,1,,1,0,0,2,0
reached,gemm,float,AUTO,2569,1024,1024,1024,512,vendor,auto,24,1,1,,1,0,0,2,1
reached,gemm,float,AUTO,2304,512,512,512,1,vendor,auto,48,1,1,,1,0,0,2,2
reached,gemm,float,AUTO,2569,1024,1024,1024,512,vendor,auto,24,1,1,,1,0,0,2,0
reached,gemm,float,AUTO,2304,512,512,512,1,vendor,auto,48,1,1,,1,0,0,2,1
reached,gemm,double,AUTO,1799,128,128,128,128,native,register_tiled,24,1,1,,1,0,0,1,0
reached,gemm,float,AUTO,2304,512,512,512,1,vendor,auto,48,1,1,,1,0,0,2,0
reached,gemm,complex<double>,AUTO,1029,16,16,16,63,vendor,auto,24,1,1,,1,0,0,2,2
reached,gemm,float,AUTO,2569,1024,1024,1024,512,vendor,auto,24,1,1,,1,0,0,1,1
reached,gemm,float,AUTO,2304,512,512,512,1,vendor,auto,48,1,1,,1,0,0,1,2
reached,gemm,complex<double>,AUTO,1029,16,16,16,63,vendor,auto,24,1,1,,1,0,0,1,2
reached,gemm,float,AUTO,2569,1024,1024,1024,512,vendor,auto,24,1,1,,1,0,0,0,1
reached,gemm,float,AUTO,2304,512,512,512,1,vendor,auto,48,1,1,,1,0,0,0,2
reached,gemm,float,AUTO,1795,128,128,128,8,vendor,auto,24,1,1,,1,0,0,2,2
reached,gemm,float,AUTO,2567,1024,1024,1024,128,vendor,auto,24,1,1,,1,0,0,1,2
reached,gemm,float,AUTO,1795,128,128,128,8,vendor,auto,24,1,1,,1,0,0,2,1
reached,gemm,float,AUTO,2567,1024,1024,1024,128,vendor,auto,24,1,1,,1,0,0,0,2
reached,gemm,float,AUTO,2819,2048,2048,2048,8,vendor,auto,24,1,1,,1,0,0,1,1
reached,gemm,float,AUTO,2057,256,256,256,512,vendor,auto,24,1,1,,1,0,0,2,2
reached,gemm,complex<double>,AUTO,2560,1024,1024,1024,1,vendor,auto,24,1,1,,1,0,0,0,0
reached,gemm,complex<double>,AUTO,1030,16,16,16,64,vendor,auto,48,1,1,,1,0,0,2,1
reached,gemm,complex<float>,AUTO,2059,256,256,256,2048,vendor,auto,24,1,1,,1,0,0,2,1
reached,gemm,double,AUTO,1541,64,64,64,63,vendor,auto,48,1,1,,1,0,0,1,0
reached,gemm,float,AUTO,2057,256,256,256,512,vendor,auto,24,1,1,,1,0,0,1,2
reached,gemm,complex<double>,AUTO,1030,16,16,16,64,vendor,auto,48,1,1,,1,0,0,1,1
reached,gemm,complex<float>,AUTO,2059,256,256,256,2048,vendor,auto,24,1,1,,1,0,0,1,1
reached,gemm,double,AUTO,1541,64,64,64,63,vendor,auto,48,1,1,,1,0,0,0,0
reached,gemm,float,AUTO,2057,256,256,256,512,vendor,auto,24,1,1,,1,0,0,0,2
reached,gemm,float,AUTO,2055,256,256,256,128,vendor,auto,24,1,1,,1,0,0,2,2
reached,gemm,complex<float>,AUTO,2057,256,256,256,512,vendor,auto,24,1,1,,1,0,0,2,1
reached,gemm,double,AUTO,1539,64,64,64,8,vendor,auto,48,1,1,,1,0,0,1,0
reached,gemm,float,AUTO,2055,256,256,256,128,vendor,auto,24,1,1,,1,0,0,2,1
reached,gemm,float,AUTO,2563,1024,1024,1024,8,vendor,auto,24,1,1,,1,0,0,1,2
reached,gemm,float,AUTO,2055,256,256,256,128,vendor,auto,24,1,1,,1,0,0,2,0
reached,gemm,float,AUTO,2055,256,256,256,128,vendor,auto,24,1,1,,1,0,0,1,1
reached,gemm,float,AUTO,2563,1024,1024,1024,8,vendor,auto,24,1,1,,1,0,0,0,2
reached,gemm,float,AUTO,2055,256,256,256,128,vendor,auto,24,1,1,,1,0,0,1,0
reached,gemm,float,AUTO,2055,256,256,256,128,vendor,auto,24,1,1,,1,0,0,0,1
reached,gemm,float,AUTO,2055,256,256,256,128,vendor,auto,24,1,1,,1,0,0,0,0
reached,gemm,float,AUTO,2816,2048,2048,2048,1,vendor,auto,24,1,1,,1,0,0,1,1
reached,gemm,double,AUTO,1033,16,16,16,512,native,register_tiled,24,1,1,,1,0,0,1,0
reached,gemm,float,AUTO,2054,256,256,256,64,vendor,auto,48,1,1,,1,0,0,2,2
reached,gemm,float,AUTO,2816,2048,2048,2048,1,vendor,auto,24,1,1,,1,0,0,1,0
reached,gemm,complex<float>,AUTO,2304,512,512,512,1,vendor,auto,48,1,1,,1,0,0,1,2
reached,gemm,float,AUTO,1285,32,32,32,63,vendor,auto,48,1,1,,1,0,0,2,2
reached,gemm,complex<float>,AUTO,1536,64,64,64,1,vendor,auto,48,1,1,,1,0,0,2,2
reached,gemm,double,AUTO,2565,1024,1024,1024,63,vendor,auto,24,1,1,,1,0,0,2,2
reached,gemm,float,AUTO,2054,256,256,256,64,vendor,auto,48,1,1,,1,0,0,2,1
reached,gemm,float,AUTO,2054,256,256,256,64,vendor,auto,48,1,1,,1,0,0,2,0
reached,gemm,complex<float>,AUTO,2569,1024,1024,1024,512,vendor,auto,24,1,1,,1,0,0,1,1
reached,gemm,double,AUTO,2051,256,256,256,8,vendor,auto,24,1,1,,1,0,0,0,0
reached,gemm,float,AUTO,3080,2048,4096,1024,256,vendor,auto,12,1,1,,1,0,0,0,0
reached,gemm,double,AUTO,1033,16,16,16,512,native,register_tiled,24,1,1,,1,0,0,0,0
reached,gemm,float,AUTO,2054,256,256,256,64,vendor,auto,48,1,1,,1,0,0,1,2
reached,gemm,complex<float>,AUTO,2304,512,512,512,1,vendor,auto,48,1,1,,1,0,0,0,2
reached,gemm,float,AUTO,1285,32,32,32,63,vendor,auto,48,1,1,,1,0,0,1,2
reached,gemm,complex<float>,AUTO,1536,64,64,64,1,vendor,auto,48,1,1,,1,0,0,1,2
reached,gemm,double,AUTO,2565,1024,1024,1024,63,vendor,auto,24,1,1,,1,0,0,1,2
reached,gemm,complex<float>,AUTO,1543,64,64,64,128,vendor,auto,48,1,1,,1,0,0,2,2
reached,gemm,float,AUTO,2054,256,256,256,64,vendor,auto,48,1,1,,1,0,0,1,1
reached,gemm,float,AUTO,2054,256,256,256,64,vendor,auto,48,1,1,,1,0,0,0,2
reached,gemm,complex<float>,AUTO,1543,64,64,64,128,vendor,auto,48,1,1,,1,0,0,1,2
reached,gemm,float,AUTO,2054,256,256,256,64,vendor,auto,48,1,1,,1,0,0,0,1
reached,gemm,float,AUTO,2051,256,256,256,8,vendor,auto,24,1,1,,1,0,0,2,0
reached,gemm,float,AUTO,2313,512,512,512,512,vendor,auto,48,1,1,,1,0,0,2,1
reached,gemm,float,AUTO,2048,256,256,256,1,vendor,auto,24,1,1,,1,0,0,2,2
reached,gemm,float,AUTO,2313,512,512,512,512,vendor,auto,48,1,1,,1,0,0,2,0
reached,gemm,float,AUTO,2048,256,256,256,1,vendor,auto,24,1,1,,1,0,0,2,1
reached,gemm,double,AUTO,1543,64,64,64,128,native,register_tiled,48,1,1,,1,0,0,1,0
reached,gemm,float,AUTO,2048,256,256,256,1,vendor,auto,24,1,1,,1,0,0,2,0
reached,gemm,complex<double>,AUTO,773,8,8,8,63,vendor,auto,24,1,1,,1,0,0,2,2
reached,gemm,float,AUTO,2313,512,512,512,512,vendor,auto,48,1,1,,1,0,0,1,1
reached,gemm,float,AUTO,2048,256,256,256,1,vendor,auto,24,1,1,,1,0,0,1,2
reached,gemm,complex<double>,AUTO,773,8,8,8,63,vendor,auto,24,1,1,,1,0,0,1,2
reached,gemm,float,AUTO,2313,512,512,512,512,vendor,auto,48,1,1,,1,0,0,0,1
reached,gemm,float,AUTO,2048,256,256,256,1,vendor,auto,24,1,1,,1,0,0,0,2
reached,gemm,float,AUTO,1539,64,64,64,8,vendor,auto,48,1,1,,1,0,0,2,2
reached,gemm,double,AUTO,2819,2048,2048,2048,8,vendor,auto,24,1,1,,1,0,0,2,2
reached,gemm,float,AUTO,2311,512,512,512,128,vendor,auto,48,1,1,,1,0,0,1,2
reached,gemm,complex<float>,AUTO,2822,2048,2048,2048,64,vendor,auto,48,1,1,,1,0,0,1,0
reached,gemm,double,AUTO,774,8,8,8,64,native,register_tiled,48,1,1,,1,0,0,2,0
reached,gemm,float,AUTO,1803,128,128,128,2048,vendor,auto,24,1,1,,1,0,0,2,0
reached,gemm,float,AUTO,1539,64,64,64,8,vendor,auto,48,1,1,,1,0,0,2,1
reached,gemm,double,AUTO,2819,2048,2048,2048,8,vendor,auto,24,1,1,,1,0,0,2,1
reached,gemm,float,AUTO,2311,512,512,512,128,vendor,auto,48,1,1,,1,0,0,0,2
reached,gemm,complex<float>,AUTO,2822,2048,2048,2048,64,vendor,auto,48,1,1,,1,0,0,0,0
reached,gemm,double,AUTO,774,8,8,8,64,native,register_tiled,48,1,1,,1,0,0,1,0
reached,gemm,float,AUTO,1803,128,128,128,2048,vendor,auto,24,1,1,,1,0,0,1,0
reached,gemm,float,AUTO,2563,1024,1024,1024,8,vendor,auto,24,1,1,,1,0,0,1,1
reached,gemm,float,AUTO,1801,128,128,128,512,vendor,auto,24,1,1,,1,0,0,2,2
reached,gemm,complex<double>,AUTO,2304,512,512,512,1,vendor,auto,48,1,1,,1,0,0,0,0
reached,gemm,complex<double>,AUTO,774,8,8,8,64,vendor,auto,48,1,1,,1,0,0,2,1
reached,gemm,complex<float>,AUTO,1803,128,128,128,2048,vendor,auto,24,1,1,,1,0,0,2,1
reached,gemm,double,AUTO,1285,32,32,32,63,vendor,auto,48,1,1,,1,0,0,1,0
reached,gemm,float,AUTO,1801,128,128,128,512,vendor,auto,24,1,1,,1,0,0,1,2
reached,gemm,complex<double>,AUTO,774,8,8,8,64,vendor,auto,48,1,1,,1,0,0,1,1
reached,gemm,complex<float>,AUTO,1803,128,128,128,2048,vendor,auto,24,1,1,,1,0,0,1,1
reached,gemm,double,AUTO,1285,32,32,32,63,vendor,auto,48,1,1,,1,0,0,0,0
reached,gemm,float,AUTO,1801,128,128,128,512,vendor,auto,24,1,1,,1,0,0,0,2
reached,gemm,float,AUTO,1799,128,128,128,128,vendor,auto,24,1,1,,1,0,0,2,2
reached,gemm,complex<float>,AUTO,1801,128,128,128,512,vendor,auto,24,1,1,,1,0,0,2,1
reached,gemm,double,AUTO,1283,32,32,32,8,vendor,auto,48,1,1,,1,0,0,1,0
reached,gemm,float,AUTO,1799,128,128,128,128,vendor,auto,24,1,1,,1,0,0,2,1
reached,gemm,float,AUTO,2307,512,512,512,8,vendor,auto,48,1,1,,1,0,0,1,2
reached,gemm,float,AUTO,1799,128,128,128,128,vendor,auto,24,1,1,,1,0,0,2,0
reached,gemm,float,AUTO,1799,128,128,128,128,vendor,auto,24,1,1,,1,0,0,1,1
reached,gemm,float,AUTO,2307,512,512,512,8,vendor,auto,48,1,1,,1,0,0,0,2
reached,gemm,float,AUTO,1799,128,128,128,128,vendor,auto,24,1,1,,1,0,0,1,0
reached,gemm,float,AUTO,1799,128,128,128,128,vendor,auto,24,1,1,,1,0,0,0,1
reached,gemm,float,AUTO,1799,128,128,128,128,vendor,auto,24,1,1,,1,0,0,0,0
reached,gemm,float,AUTO,2560,1024,1024,1024,1,vendor,auto,24,1,1,,1,0,0,1,1
reached,gemm,complex<float>,AUTO,2825,2048,2048,2048,512,vendor,auto,24,1,1,,1,0,0,0,0
reached,gemm,double,AUTO,777,8,8,8,512,native,register_tiled,24,1,1,,1,0,0,1,0
reached,gemm,float,AUTO,1798,128,128,128,64,vendor,auto,48,1,1,,1,0,0,2,2
reached,gemm,float,AUTO,775,8,8,8,128,native,register_tiled,24,1,1,,1,0,0,0,0
reached,gemm,double,AUTO,2055,256,256,256,128,native,register_tiled,24,1,1,,1,0,0,0,0
reached,gemm,float,AUTO,2560,1024,1024,1024,1,vendor,auto,24,1,1,,1,0,0,1,0
reached,gemm,complex<float>,AUTO,2048,256,256,256,1,vendor,auto,24,1,1,,1,0,0,1,2
reached,gemm,float,AUTO,1029,16,16,16,63,vendor,auto,24,1,1,,1,0,0,2,2
reached,gemm,complex<float>,AUTO,1280,32,32,32,1,vendor,auto,48,1,1,,1,0,0,2,2
reached,gemm,double,AUTO,2309,512,512,512,63,vendor,auto,48,1,1,,1,0,0,2,2
reached,gemm,float,AUTO,1798,128,128,128,64,vendor,auto,48,1,1,,1,0,0,2,1
reached,gemm,float,AUTO,1798,128,128,128,64,vendor,auto,48,1,1,,1,0,0,2,0
reached,gemm,complex<float>,AUTO,2313,512,512,512,512,vendor,auto,48,1,1,,1,0,0,1,1
reached,gemm,double,AUTO,1795,128,128,128,8,vendor,auto,24,1,1,,1,0,0,0,0
reached,gemm,float,AUTO,2824,1024,2048,512,256,vendor,auto,36,1,1,,1,0,0,0,0
reached,gemm,double,AUTO,777,8,8,8,512,native,register_tiled,24,1,1,,1,0,0,0,0
reached,gemm,float,AUTO,1798,128,128,128,64,vendor,auto,48,1,1,,1,0,0,1,2
reached,gemm,complex<float>,AUTO,2048,256,256,256,1,vendor,auto,24,1,1,,1,0,0,0,2
reached,gemm,float,AUTO,1029,16,16,16,63,vendor,auto,24,1,1,,1,0,0,1,2
reached,gemm,complex<float>,AUTO,1280,32,32,32,1,vendor,auto,48,1,1,,1,0,0,1,2
reached,gemm,double,AUTO,2309,512,512,512,63,vendor,auto,48,1,1,,1,0,0,1,2
reached,gemm,complex<float>,AUTO,1287,32,32,32,128,vendor,auto,48,1,1,,1,0,0,2,2
reached,gemm,float,AUTO,1798,128,128,128,64,vendor,auto,48,1,1,,1,0,0,1,1
reached,gemm,float,AUTO,1798,128,128,128,64,vendor,auto,48,1,1,,1,0,0,0,2
reached,gemm,complex<float>,AUTO,1287,32,32,32,128,vendor,auto,48,1,1,,1,0,0,1,2
reached,gemm,float,AUTO,1798,128,128,128,64,vendor,auto,48,1,1,,1,0,0,0,1
reached,gemm,complex<float>,AUTO,2311,512,512,512,128,vendor,auto,48,1,1,,1,0,0,2,1
reached,gemm,float,AUTO,2822,2048,2048,2048,64,vendor,auto,48,1,1,,1,0,0,1,0
reached,gemm,complex<float>,AUTO,2823,2048,2048,2048,128,vendor,auto,24,1,1,,1,0,0,0,0
reached,gemm,double,AUTO,775,8,8,8,128,native,register_tiled,24,1,1,,1,0,0,1,0
reached,gemm,float,AUTO,1795,128,128,128,8,vendor,auto,24,1,1,,1,0,0,2,0
reached,gemm,float,AUTO,2819,2048,2048,2048,8,vendor,auto,24,1,1,,1,0,0,1,0
reached,gemm,float,AUTO,2057,256,256,256,512,vendor,auto,24,1,1,,1,0,0,2,1
reached,gemm,float,AUTO,1792,128,128,128,1,vendor,auto,24,1,1,,1,0,0,2,2
reached,gemm,float,AUTO,2057,256,256,256,512,vendor,auto,24,1,1,,1,0,0,2,0
reached,gemm,float,AUTO,1792,128,128,128,1,vendor,auto,24,1,1,,1,0,0,2,1
reached,gemm,double,AUTO,1287,32,32,32,128,native,register_tiled,48,1,1,,1,0,0,1,0
reached,gemm,float,AUTO,1792,128,128,128,1,vendor,auto,24,1,1,,1,0,0,2,0
reached,gemm,float,AUTO,2057,256,256,256,512,vendor,auto,24,1,1,,1,0,0,1,1
reached,gemm,float,AUTO,1792,128,128,128,1,vendor,auto,24,1,1,,1,0,0,1,2
reached,gemm,complex<float>,AUTO,1543,64,64,64,128,vendor,auto,48,1,1,,1,0,0,1,1
reached,gemm,float,AUTO,2054,256,256,256,64,vendor,auto,48,1,1,,1,0,0,0,0
reached,gemm,float,AUTO,1027,16,16,16,8,vendor,auto,24,1,1,,1,0,0,1,2
reached,gemm,complex<float>,AUTO,2310,512,512,512,64,vendor,auto,96,1,1,,1,0,0,0,1
reached,gemm,float,AUTO,1291,32,32,32,2048,vendor,auto,48,1,1,,1,0,0,1,1
reached,gemm,double,AUTO,2307,512,512,512,8,vendor,auto,48,1,1,,1,0,0,1,2
reached,gemm,complex<float>,AUTO,2566,1024,1024,1024,64,vendor,auto,48,1,1,,1,0,0,0,0
reached,gemm,float,AUTO,1547,64,64,64,2048,vendor,auto,48,1,1,,1,0,0,1,0
reached,gemm,double,AUTO,2563,1024,1024,1024,8,vendor,auto,24,1,1,,1,0,0,1,1
reached,gemm,float,AUTO,1027,16,16,16,8,vendor,auto,24,1,1,,1,0,0,2,2
reached,gemm,double,AUTO,2307,512,512,512,8,vendor,auto,48,1,1,,1,0,0,2,2
reached,gemm,double,AUTO,2057,256,256,256,512,native,register_tiled,24,1,1,,1,0,0,2,1
reached,gemm,float,AUTO,1539,64,64,64,8,vendor,auto,48,1,1,,1,0,0,1,0
reached,gemm,float,AUTO,2055,256,256,256,128,vendor,auto,24,1,1,,1,0,0,1,2
reached,gemm,complex<float>,AUTO,2566,1024,1024,1024,64,vendor,auto,48,1,1,,1,0,0,1,0
reached,gemm,float,AUTO,1547,64,64,64,2048,vendor,auto,48,1,1,,1,0,0,2,0
reached,gemm,float,AUTO,1283,32,32,32,8,vendor,auto,48,1,1,,1,0,0,2,1
reached,gemm,double,AUTO,2563,1024,1024,1024,8,vendor,auto,24,1,1,,1,0,0,2,1
reached,gemm,float,AUTO,1027,16,16,16,8,vendor,auto,24,1,1,,1,0,0,0,2
reached,gemm,float,AUTO,1291,32,32,32,2048,vendor,auto,48,1,1,,1,0,0,0,1
reached,gemm,double,AUTO,2307,512,512,512,8,vendor,auto,48,1,1,,1,0,0,0,2
reached,gemm,complex<float>,AUTO,1542,64,64,64,64,vendor,auto,96,1,1,,1,0,0,0,1
reached,gemm,double,AUTO,2571,1024,1024,1024,2048,native,register_tiled,24,1,1,,1,0,0,0,1
reached,gemm,float,AUTO,1547,64,64,64,2048,vendor,auto,48,1,1,,1,0,0,0,0
reached,gemm,double,AUTO,2825,2048,2048,2048,512,native,register_tiled,24,1,1,,1,0,0,0,1
reached,gemm,float,AUTO,777,8,8,8,512,vendor,auto,24,1,1,,1,0,0,1,1
reached,gemm,double,AUTO,2057,256,256,256,512,native,register_tiled,24,1,1,,1,0,0,1,1
reached,gemm,float,AUTO,1539,64,64,64,8,vendor,auto,48,1,1,,1,0,0,0,0
reached,gemm,float,AUTO,2055,256,256,256,128,vendor,auto,24,1,1,,1,0,0,0,2
reached,gemm,float,AUTO,777,8,8,8,512,vendor,auto,24,1,1,,1,0,0,0,1
reached,gemm,double,AUTO,2057,256,256,256,512,native,register_tiled,24,1,1,,1,0,0,0,1
reached,gemm,complex<float>,AUTO,1024,16,16,16,1,vendor,auto,24,1,1,,1,0,0,1,2
reached,gemm,double,AUTO,2053,256,256,256,63,vendor,auto,24,1,1,,1,0,0,1,2
reached,gemm,complex<double>,AUTO,1798,128,128,128,64,vendor,auto,48,1,1,,1,0,0,2,2
reached,gemm,complex<float>,AUTO,2827,2048,2048,2048,2048,vendor,auto,24,1,1,,1,0,0,2,2
reached,gemm,complex<float>,AUTO,1280,32,32,32,1,vendor,auto,48,1,1,,1,0,0,1,1
reached,gemm,double,AUTO,2309,512,512,512,63,vendor,auto,48,1,1,,1,0,0,1,1
reached,gemm,complex<double>,AUTO,2054,256,256,256,64,vendor,auto,48,1,1,,1,0,0,2,1
reached,gemm,complex<float>,AUTO,1536,64,64,64,1,vendor,auto,48,1,1,,1,0,0,1,0
reached,gemm,double,AUTO,2565,1024,1024,1024,63,vendor,auto,24,1,1,,1,0,0,1,0
reached,gemm,complex<double>,AUTO,2816,2048,2048,2048,1,vendor,auto,24,1,1,,1,0,0,0,2
reached,gemm,complex<float>,AUTO,768,8,8,8,1,vendor,auto,24,1,1,,1,0,0,1,2
reached,gemm,double,AUTO,1797,128,128,128,63,vendor,auto,24,1,1,,1,0,0,1,2
reached,gemm,complex<double>,AUTO,2823,2048,2048,2048,128,vendor,auto,24,1,1,,1,0,0,1,2
reached,gemm,complex<float>,AUTO,775,8,8,8,128,vendor,auto,24,1,1,,1,0,0,2,2
reached,gemm,float,AUTO,1286,32,32,32,64,vendor,auto,96,1,1,,1,0,0,1,1
reached,gemm,complex<double>,AUTO,2055,256,256,256,128,vendor,auto,24,1,1,,1,0,0,2,2
reached,gemm,float,AUTO,2048,256,256,256,1,vendor,auto,24,1,1,,1,0,0,0,0
reached,gemm,double,AUTO,2566,1024,1024,1024,64,native,register_tiled,48,1,1,,1,0,0,1,1
reached,gemm,complex<float>,AUTO,1798,128,128,128,64,vendor,auto,48,1,1,,1,0,0,1,0
reached,gemm,double,AUTO,2827,2048,2048,2048,2048,native,register_tiled,24,1,1,,1,0,0,1,0
reached,gemm,float,AUTO,779,8,8,8,2048,vendor,auto,24,1,1,,1,0,0,2,0
reached,gemm,double,AUTO,1795,128,128,128,8,vendor,auto,24,1,1,,1,0,0,2,1
reached,gemm,complex<float>,AUTO,1030,16,16,16,64,vendor,auto,48,1,1,,1,0,0,2,0
reached,gemm,double,AUTO,2059,256,256,256,2048,native,register_tiled,24,1,1,,1,0,0,2,0
reached,gemm,float,AUTO,1287,32,32,32,128,vendor,auto,48,1,1,,1,0,0,1,2
reached,gemm,double,AUTO,2567,1024,1024,1024,128,native,register_tiled,24,1,1,,1,0,0,1,2
reached,gemm,float,AUTO,1801,128,128,128,512,vendor,auto,24,1,1,,1,0,0,0,1
reached,gemm,float,AUTO,1536,64,64,64,1,vendor,auto,48,1,1,,1,0,0,0,2
reached,gemm,float,AUTO,2051,256,256,256,8,vendor,auto,24,1,1,,1,0,0,0,2
reached,gemm,complex<float>,AUTO,1031,16,16,16,128,vendor,auto,24,1,1,,1,0,0,2,1
reached,gemm,float,AUTO,1542,64,64,64,64,vendor,auto,96,1,1,,1,0,0,1,0
reached,gemm,float,AUTO,1543,64,64,64,128,vendor,auto,48,1,1,,1,0,0,1,1
reached,gemm,float,AUTO,2057,256,256,256,512,vendor,auto,27,1,1,,1,0,0,0,0
reached,gemm,float,AUTO,1030,16,16,16,64,vendor,auto,48,1,1,,1,0,0,1,2
reached,gemm,double,AUTO,2310,512,512,512,64,native,register_tiled,96,1,1,,1,0,0,1,2
reached,gemm,float,AUTO,1792,128,128,128,1,vendor,auto,24,1,1,,1,0,0,0,1
reached,gemm,complex<float>,AUTO,1024,16,16,16,1,vendor,auto,24,1,1,,1,0,0,2,0
reached,gemm,double,AUTO,2053,256,256,256,63,vendor,auto,24,1,1,,1,0,0,2,0
reached,gemm,complex<float>,AUTO,2055,256,256,256,128,vendor,auto,24,1,1,,1,0,0,1,2
reached,gemm,float,AUTO,2566,1024,1024,1024,64,vendor,auto,48,1,1,,1,0,0,0,1
reached,gemm,float,AUTO,1031,16,16,16,128,vendor,auto,24,1,1,,1,0,0,2,1
reached,gemm,double,AUTO,2311,512,512,512,128,native,register_tiled,48,1,1,,1,0,0,2,1
reached,gemm,float,AUTO,2310,512,512,512,64,vendor,auto,96,1,1,,1,0,0,0,2
reached,gemm,double,AUTO,2823,2048,2048,2048,128,native,register_tiled,24,1,1,,1,0,0,1,2
reached,gemm,float,AUTO,775,8,8,8,128,vendor,auto,24,1,1,,1,0,0,2,2
reached,gemm,double,AUTO,2055,256,256,256,128,native,register_tiled,24,1,1,,1,0,0,2,2
reached,gemm,complex<float>,AUTO,2822,2048,2048,2048,64,vendor,auto,48,1,1,,1,0,0,0,1
reached,gemm,double,AUTO,774,8,8,8,64,native,register_tiled,48,1,1,,1,0,0,1,1
reached,gemm,float,AUTO,1803,128,128,128,2048,vendor,auto,24,1,1,,1,0,0,1,1
reached,gemm,float,AUTO,1539,64,64,64,8,vendor,auto,48,1,1,,1,0,0,1,2
reached,gemm,complex<double>,AUTO,2567,1024,1024,1024,128,vendor,auto,24,1,1,,1,0,0,2,1
reached,gemm,float,AUTO,1030,16,16,16,64,vendor,auto,48,1,1,,1,0,0,2,0
reached,gemm,double,AUTO,2310,512,512,512,64,native,register_tiled,96,1,1,,1,0,0,2,0
reached,gemm,complex<float>,AUTO,2311,512,512,512,128,vendor,auto,48,1,1,,1,0,0,1,1
reached,gemm,float,AUTO,2822,2048,2048,2048,64,vendor,auto,48,1,1,,1,0,0,0,0
reached,gemm,complex<float>,AUTO,2310,512,512,512,64,vendor,auto,96,1,1,,1,0,0,0,2
reached,gemm,float,AUTO,1291,32,32,32,2048,vendor,auto,48,1,1,,1,0,0,1,2
reached,gemm,double,AUTO,775,8,8,8,128,native,register_tiled,24,1,1,,1,0,0,0,0
reached,gemm,float,AUTO,1795,128,128,128,8,vendor,auto,24,1,1,,1,0,0,1,2
reached,gemm,float,AUTO,1287,32,32,32,128,vendor,auto,48,1,1,,1,0,0,2,0
reached,gemm,double,AUTO,2567,1024,1024,1024,128,native,register_tiled,24,1,1,,1,0,0,2,0
reached,gemm,float,AUTO,2819,2048,2048,2048,8,vendor,auto,24,1,1,,1,0,0,0,1
reached,gemm,float,AUTO,1289,32,32,32,512,vendor,auto,48,1,1,,1,0,0,2,2
reached,gemm,complex<double>,AUTO,1792,128,128,128,1,vendor,auto,24,1,1,,1,0,0,0,0
reached,gemm,complex<float>,AUTO,2821,2048,2048,2048,63,vendor,auto,24,1,1,,1,0,0,0,0
reached,gemm,complex<float>,AUTO,1291,32,32,32,2048,vendor,auto,48,1,1,,1,0,0,2,1
reached,gemm,double,AUTO,773,8,8,8,63,vendor,auto,24,1,1,,1,0,0,1,0
reached,gemm,float,AUTO,2051,256,256,256,8,vendor,auto,24,1,1,,1,0,0,1,1
reached,gemm,double,AUTO,2569,1024,1024,1024,512,native,register_tiled,24,1,1,,1,0,0,2,2
reached,gemm,float,AUTO,2563,1024,1024,1024,8,vendor,auto,24,1,1,,1,0,0,0,1
reached,gemm,float,AUTO,1033,16,16,16,512,vendor,auto,24,1,1,,1,0,0,2,2
reached,gemm,float,AUTO,1795,128,128,128,8,vendor,auto,24,1,1,,1,0,0,1,1
reached,gemm,double,AUTO,2313,512,512,512,512,native,register_tiled,48,1,1,,1,0,0,2,2
reached,gemm,complex<float>,AUTO,1799,128,128,128,128,vendor,auto,24,1,1,,1,0,0,1,2
reached,gemm,float,AUTO,2310,512,512,512,64,vendor,auto,96,1,1,,1,0,0,0,1
reached,gemm,double,AUTO,2823,2048,2048,2048,128,native,register_tiled,24,1,1,,1,0,0,1,1
reached,gemm,float,AUTO,775,8,8,8,128,vendor,auto,24,1,1,,1,0,0,2,1
reached,gemm,double,AUTO,2055,256,256,256,128,native,register_tiled,24,1,1,,1,0,0,2,1
reached,gemm,complex<float>,AUTO,2055,256,256,256,128,vendor,auto,24,1,1,,1,0,0,1,1
reached,gemm,float,AUTO,2566,1024,1024,1024,64,vendor,auto,48,1,1,,1,0,0,0,0
reached,gemm,complex<float>,AUTO,2054,256,256,256,64,vendor,auto,48,1,1,,1,0,0,0,2
reached,gemm,float,AUTO,1035,16,16,16,2048,vendor,auto,24,1,1,,1,0,0,1,2
reached,gemm,float,AUTO,1031,16,16,16,128,vendor,auto,24,1,1,,1,0,0,2,0
reached,gemm,double,AUTO,2311,512,512,512,128,native,register_tiled,48,1,1,,1,0,0,2,0
reached,gemm,complex<double>,AUTO,1792,128,128,128,1,vendor,auto,24,1,1,,1,0,0,1,2
reached,gemm,complex<float>,AUTO,2821,2048,2048,2048,63,vendor,auto,24,1,1,,1,0,0,1,2
reached,gemm,double,AUTO,773,8,8,8,63,vendor,auto,24,1,1,,1,0,0,2,2
reached,gemm,complex<float>,AUTO,2822,2048,2048,2048,64,vendor,auto,48,1,1,,1,0,0,2,1
reached,gemm,double,AUTO,2304,512,512,512,1,vendor,auto,48,1,1,,1,0,0,1,0
reached,gemm,float,AUTO,1033,16,16,16,512,vendor,auto,24,1,1,,1,0,0,1,0
reached,gemm,double,AUTO,2313,512,512,512,512,native,register_tiled,48,1,1,,1,0,0,1,0
reached,gemm,float,AUTO,1541,64,64,64,63,vendor,auto,48,1,1,,1,0,0,0,2
reached,gemm,complex<float>,AUTO,1792,128,128,128,1,vendor,auto,24,1,1,,1,0,0,0,2
reached,gemm,float,AUTO,773,8,8,8,63,vendor,auto,24,1,1,,1,0,0,1,2
reached,gemm,double,AUTO,2821,2048,2048,2048,63,vendor,auto,24,1,1,,1,0,0,0,2
reached,gemm,complex<float>,AUTO,2566,1024,1024,1024,64,vendor,auto,48,1,1,,1,0,0,2,2
reached,gemm,double,AUTO,2048,256,256,256,1,vendor,auto,24,1,1,,1,0,0,1,1
reached,gemm,complex<float>,AUTO,1799,128,128,128,128,vendor,auto,24,1,1,,1,0,0,1,1
reached,gemm,float,AUTO,2310,512,512,512,64,vendor,auto,96,1,1,,1,0,0,0,0
reached,gemm,complex<float>,AUTO,1798,128,128,128,64,vendor,auto,48,1,1,,1,0,0,0,2
reached,gemm,double,AUTO,2827,2048,2048,2048,2048,native,register_tiled,24,1,1,,1,0,0,0,2
reached,gemm,float,AUTO,779,8,8,8,2048,vendor,auto,24,1,1,,1,0,0,1,2
reached,gemm,double,AUTO,2823,2048,2048,2048,128,native,register_tiled,24,1,1,,1,0,0,1,0
reached,gemm,float,AUTO,775,8,8,8,128,vendor,auto,24,1,1,,1,0,0,2,0
reached,gemm,double,AUTO,2055,256,256,256,128,native,register_tiled,24,1,1,,1,0,0,2,0
reached,gemm,float,AUTO,1283,32,32,32,8,vendor,auto,48,1,1,,1,0,0,1,2
reached,gemm,complex<float>,AUTO,2566,1024,1024,1024,64,vendor,auto,48,1,1,,1,0,0,0,1
reached,gemm,float,AUTO,1547,64,64,64,2048,vendor,auto,48,1,1,,1,0,0,1,1
reached,gemm,double,AUTO,2563,1024,1024,1024,8,vendor,auto,24,1,1,,1,0,0,1,2
reached,gemm,float,AUTO,1539,64,64,64,8,vendor,auto,48,1,1,,1,0,0,1,1
reached,gemm,double,AUTO,2057,256,256,256,512,native,register_tiled,24,1,1,,1,0,0,2,2
reached,gemm,float,AUTO,1283,32,32,32,8,vendor,auto,48,1,1,,1,0,0,2,2
reached,gemm,double,AUTO,2563,1024,1024,1024,8,vendor,auto,24,1,1,,1,0,0,2,2
reached,gemm,float,AUTO,1035,16,16,16,2048,vendor,auto,24,1,1,,1,0,0,0,2
reached,gemm,complex<float>,AUTO,1286,32,32,32,64,vendor,auto,96,1,1,,1,0,0,0,2
reached,gemm,double,AUTO,2315,512,512,512,2048,native,register_tiled,48,1,1,,1,0,0,0,2
reached,gemm,complex<double>,AUTO,1792,128,128,128,1,vendor,auto,24,1,1,,1,0,0,0,2
reached,gemm,complex<float>,AUTO,2821,2048,2048,2048,63,vendor,auto,24,1,1,,1,0,0,0,2
reached,gemm,double,AUTO,773,8,8,8,63,vendor,auto,24,1,1,,1,0,0,1,2
reached,gemm,complex<float>,AUTO,2822,2048,2048,2048,64,vendor,auto,48,1,1,,1,0,0,1,1
reached,gemm,double,AUTO,774,8,8,8,64,native,register_tiled,48,1,1,,1,0,0,2,1
reached,gemm,float,AUTO,1803,128,128,128,2048,vendor,auto,24,1,1,,1,0,0,2,1
reached,gemm,double,AUTO,2304,512,512,512,1,vendor,auto,48,1,1,,1,0,0,0,0
reached,gemm,float,AUTO,1033,16,16,16,512,native,register_tiled,24,1,1,,1,0,0,0,0
reached,gemm,double,AUTO,2313,512,512,512,512,native,register_tiled,48,1,1,,1,0,0,0,0
reached,gemm,complex<double>,AUTO,2569,1024,1024,1024,512,vendor,auto,24,1,1,,1,0,0,0,1
reached,gemm,float,AUTO,1032,8,16,4,256,vendor,auto,36,1,1,,1,0,0,0,0
reached,gemm,double,AUTO,2816,2048,2048,2048,1,vendor,auto,24,1,1,,1,0,0,0,2
reached,gemm,float,AUTO,768,8,8,8,1,vendor,auto,24,1,1,,1,0,0,1,2
reached,gemm,double,AUTO,2048,256,256,256,1,vendor,auto,24,1,1,,1,0,0,1,2
reached,gemm,float,AUTO,1033,16,16,16,512,vendor,auto,24,1,1,,1,0,0,1,1
reached,gemm,float,AUTO,1795,128,128,128,8,vendor,auto,24,1,1,,1,0,0,0,0
reached,gemm,double,AUTO,2313,512,512,512,512,native,register_tiled,48,1,1,,1,0,0,1,1
reached,gemm,float,AUTO,1283,32,32,32,8,vendor,auto,48,1,1,,1,0,0,0,2
reached,gemm,float,AUTO,1547,64,64,64,2048,vendor,auto,48,1,1,,1,0,0,0,1
reached,gemm,double,AUTO,2563,1024,1024,1024,8,vendor,auto,24,1,1,,1,0,0,0,2
reached,gemm,complex<float>,AUTO,2822,2048,2048,2048,64,vendor,auto,48,1,1,,1,0,0,2,2
reached,gemm,double,AUTO,2304,512,512,512,1,vendor,auto,48,1,1,,1,0,0,1,1
reached,gemm,float,AUTO,1289,32,32,32,512,vendor,auto,48,1,1,,1,0,0,1,0
reached,gemm,double,AUTO,2569,1024,1024,1024,512,native,register_tiled,24,1,1,,1,0,0,1,0
reached,gemm,complex<double>,AUTO,2048,256,256,256,1,vendor,auto,24,1,1,,1,0,0,1,2
reached,gemm,double,AUTO,1029,16,16,16,63,vendor,auto,24,1,1,,1,0,0,2,2
reached,gemm,double,AUTO,2560,1024,1024,1024,1,vendor,auto,24,1,1,,1,0,0,1,0
reached,gemm,double,AUTO,2825,2048,2048,2048,512,native,register_tiled,24,1,1,,1,0,0,0,2
reached,gemm,float,AUTO,777,8,8,8,512,vendor,auto,24,1,1,,1,0,0,1,2
reached,gemm,float,AUTO,1539,64,64,64,8,vendor,auto,48,1,1,,1,0,0,0,1
reached,gemm,double,AUTO,2057,256,256,256,512,native,register_tiled,24,1,1,,1,0,0,1,2
reached,gemm,complex<double>,AUTO,2311,512,512,512,128,vendor,auto,48,1,1,,1,0,0,2,1
reached,gemm,double,AUTO,2822,2048,2048,2048,64,native,register_tiled,48,1,1,,1,0,0,1,0
reached,gemm,float,AUTO,774,8,8,8,64,vendor,auto,48,1,1,,1,0,0,2,0
reached,gemm,double,AUTO,2054,256,256,256,64,native,register_tiled,48,1,1,,1,0,0,2,0
reached,gemm,complex<float>,AUTO,2310,512,512,512,64,vendor,auto,96,1,1,,1,0,0,0,0
reached,gemm,float,AUTO,1291,32,32,32,2048,vendor,auto,48,1,1,,1,0,0,1,0
reached,gemm,complex<float>,AUTO,2825,2048,2048,2048,512,vendor,auto,24,1,1,,1,0,0,2,2
reached,gemm,double,AUTO,2307,512,512,512,8,vendor,auto,48,1,1,,1,0,0,1,1
reached,gemm,complex<float>,AUTO,1542,64,64,64,64,vendor,auto,96,1,1,,1,0,0,1,0
reached,gemm,double,AUTO,2571,1024,1024,1024,2048,native,register_tiled,24,1,1,,1,0,0,1,0
reached,gemm,double,AUTO,2819,2048,2048,2048,8,vendor,auto,24,1,1,,1,0,0,1,2
reached,gemm,float,AUTO,771,8,8,8,8,vendor,auto,24,1,1,,1,0,0,2,2
reached,gemm,double,AUTO,2051,256,256,256,8,vendor,auto,24,1,1,,1,0,0,2,2
reached,gemm,complex<float>,AUTO,1287,32,32,32,128,vendor,auto,48,1,1,,1,0,0,1,1
reached,gemm,float,AUTO,1798,128,128,128,64,vendor,auto,48,1,1,,1,0,0,0,0
reached,gemm,complex<float>,AUTO,2054,256,256,256,64,vendor,auto,48,1,1,,1,0,0,0,1
reached,gemm,float,AUTO,1035,16,16,16,2048,vendor,auto,24,1,1,,1,0,0,1,1
reached,gemm,double,AUTO,2051,256,256,256,8,vendor,auto,24,1,1,,1,0,0,1,2
reached,gemm,double,AUTO,2563,1024,1024,1024,8,vendor,auto,24,1,1,,1,0,0,1,0
reached,gemm,double,AUTO,2825,2048,2048,2048,512,native,register_tiled,24,1,1,,1,0,0,1,0
reached,gemm,float,AUTO,777,8,8,8,512,vendor,auto,24,1,1,,1,0,0,2,0
reached,gemm,double,AUTO,2057,256,256,256,512,native,register_tiled,24,1,1,,1,0,0,2,0
reached,gemm,float,AUTO,1799,128,128,128,128,vendor,auto,24,1,1,,1,0,0,1,2
reached,gemm,complex<float>,AUTO,2310,512,512,512,64,vendor,auto,96,1,1,,1,0,0,1,0
reached,gemm,float,AUTO,1291,32,32,32,2048,vendor,auto,48,1,1,,1,0,0,2,0
reached,gemm,float,AUTO,1027,16,16,16,8,vendor,auto,24,1,1,,1,0,0,2,1
reached,gemm,double,AUTO,2307,512,512,512,8,vendor,auto,48,1,1,,1,0,0,2,1
reached,gemm,complex<float>,AUTO,1542,64,64,64,64,vendor,auto,96,1,1,,1,0,0,2,0
reached,gemm,double,AUTO,2571,1024,1024,1024,2048,native,register_tiled,24,1,1,,1,0,0,2,0
reached,gemm,complex<double>,AUTO,1029,16,16,16,63,vendor,auto,24,1,1,,1,0,0,1,1
reached,gemm,float,AUTO,2569,1024,1024,1024,512,vendor,auto,24,1,1,,1,0,0,0,0
reached,gemm,complex<float>,AUTO,2057,256,256,256,512,vendor,auto,24,1,1,,1,0,0,1,1
reached,gemm,double,AUTO,1539,64,64,64,8,vendor,auto,48,1,1,,1,0,0,0,0
reached,gemm,float,AUTO,2568,512,1024,256,256,vendor,auto,48,1,1,,1,0,0,0,0
reached,gemm,float,AUTO,1542,64,64,64,64,vendor,auto,96,1,1,,1,0,0,1,2
reached,gemm,float,AUTO,1033,16,16,16,512,vendor,auto,24,1,1,,1,0,0,1,2
reached,gemm,float,AUTO,1795,128,128,128,8,vendor,auto,24,1,1,,1,0,0,0,1
reached,gemm,double,AUTO,2313,512,512,512,512,native,register_tiled,48,1,1,,1,0,0,1,2
reached,gemm,double,AUTO,2823,2048,2048,2048,128,native,register_tiled,24,1,1,,1,0,0,0,1
reached,gemm,float,AUTO,775,8,8,8,128,vendor,auto,24,1,1,,1,0,0,1,1
reached,gemm,double,AUTO,2055,256,256,256,128,native,register_tiled,24,1,1,,1,0,0,1,1
reached,gemm,float,AUTO,1024,16,16,16,1,vendor,auto,24,1,1,,1,0,0,1,2
reached,gemm,double,AUTO,2304,512,512,512,1,vendor,auto,48,1,1,,1,0,0,1,2
reached,gemm,float,AUTO,1289,32,32,32,512,vendor,auto,48,1,1,,1,0,0,1,1
reached,gemm,float,AUTO,2051,256,256,256,8,vendor,auto,24,1,1,,1,0,0,0,0
reached,gemm,double,AUTO,2569,1024,1024,1024,512,native,register_tiled,24,1,1,,1,0,0,1,1
reached,gemm,float,AUTO,1031,16,16,16,128,vendor,auto,24,1,1,,1,0,0,1,0
reached,gemm,double,AUTO,2311,512,512,512,128,native,register_tiled,48,1,1,,1,0,0,1,0
reached,gemm,float,AUTO,1539,64,64,64,8,vendor,auto,48,1,1,,1,0,0,0,2
reached,gemm,float,AUTO,771,8,8,8,8,vendor,auto,24,1,1,,1,0,0,1,2
reached,gemm,double,AUTO,2819,2048,2048,2048,8,vendor,auto,24,1,1,,1,0,0,0,2
reached,gemm,double,AUTO,2560,1024,1024,1024,1,vendor,auto,24,1,1,,1,0,0,1,1
reached,gemm,float,AUTO,1545,64,64,64,512,vendor,auto,48,1,1,,1,0,0,1,0
reached,gemm,complex<double>,AUTO,2311,512,512,512,128,vendor,auto,48,1,1,,1,0,0,2,2
reached,gemm,double,AUTO,2822,2048,2048,2048,64,native,register_tiled,48,1,1,,1,0,0,1,1
reached,gemm,float,AUTO,2304,512,512,512,1,vendor,auto,48,1,1,,1,0,0,0,0
reached,gemm,float,AUTO,774,8,8,8,64,vendor,auto,48,1,1,,1,0,0,2,1
reached,gemm,double,AUTO,2054,256,256,256,64,native,register_tiled,48,1,1,,1,0,0,2,1
reached,gemm,float,AUTO,1536,64,64,64,1,vendor,auto,48,1,1,,1,0,0,1,0
reached,gemm,complex<double>,AUTO,2304,512,512,512,1,vendor,auto,48,1,1,,1,0,0,1,2
reached,gemm,double,AUTO,1285,32,32,32,63,vendor,auto,48,1,1,,1,0,0,2,2
reached,gemm,complex<float>,AUTO,2566,1024,1024,1024,64,vendor,auto,48,1,1,,1,0,0,0,2
reached,gemm,float,AUTO,1547,64,64,64,2048,vendor,auto,48,1,1,,1,0,0,1,2
reached,gemm,double,AUTO,1031,16,16,16,128,native,register_tiled,24,1,1,,1,0,0,0,0
reached,gemm,float,AUTO,1291,32,32,32,2048,native,register_tiled,48,1,1,,1,0,0,0,0
reached,gemm,complex<float>,AUTO,1542,64,64,64,64,vendor,auto,96,1,1,,1,0,0,0,0
reached,gemm,double,AUTO,2571,1024,1024,1024,2048,native,register_tiled,24,1,1,,1,0,0,0,0
reached,gemm,float,AUTO,771,8,8,8,8,vendor,auto,24,1,1,,1,0,0,0,2
reached,gemm,float,AUTO,1035,16,16,16,2048,vendor,auto,24,1,1,,1,0,0,0,1
reached,gemm,double,AUTO,2051,256,256,256,8,vendor,auto,24,1,1,,1,0,0,0,2
reached,gemm,complex<float>,AUTO,1286,32,32,32,64,vendor,auto,96,1,1,,1,0,0,0,1
reached,gemm,double,AUTO,2315,512,512,512,2048,native,register_tiled,48,1,1,,1,0,0,0,1
reached,gemm,double,AUTO,1033,16,16,16,512,native,register_tiled,24,1,1,,1,0,0,2,1
reached,gemm,double,AUTO,2563,1024,1024,1024,8,vendor,auto,24,1,1,,1,0,0,0,0
reached,gemm,double,AUTO,2825,2048,2048,2048,512,native,register_tiled,24,1,1,,1,0,0,0,0
reached,gemm,float,AUTO,777,8,8,8,512,vendor,auto,24,1,1,,1,0,0,1,0
reached,gemm,double,AUTO,2057,256,256,256,512,native,register_tiled,24,1,1,,1,0,0,1,0
reached,gemm,float,AUTO,1285,32,32,32,63,vendor,auto,48,1,1,,1,0,0,0,2
reached,gemm,complex<float>,AUTO,1536,64,64,64,1,vendor,auto,48,1,1,,1,0,0,0,2
reached,gemm,double,AUTO,2565,1024,1024,1024,63,vendor,auto,24,1,1,,1,0,0,0,2
reached,gemm,float,AUTO,1799,128,128,128,128,vendor,auto,24,1,1,,1,0,0,0,2
reached,gemm,complex<float>,AUTO,2566,1024,1024,1024,64,vendor,auto,48,1,1,,1,0,0,2,1
reached,gemm,double,AUTO,2048,256,256,256,1,vendor,auto,24,1,1,,1,0,0,1,0
reached,gemm,complex<float>,AUTO,1030,16,16,16,64,vendor,auto,48,1,1,,1,0,0,1,2
reached,gemm,double,AUTO,2059,256,256,256,2048,native,register_tiled,24,1,1,,1,0,0,1,2
reached,gemm,float,AUTO,1541,64,64,64,63,vendor,auto,48,1,1,,1,0,0,0,1
reached,gemm,float,AUTO,1542,64,64,64,64,vendor,auto,96,1,1,,1,0,0,0,2
reached,gemm,float,AUTO,777,8,8,8,512,native,register_tiled,24,1,1,,1,0,0,0,0
reached,gemm,double,AUTO,2057,256,256,256,512,native,register_tiled,24,1,1,,1,0,0,0,0
reached,gemm,complex<float>,AUTO,2566,1024,1024,1024,64,vendor,auto,48,1,1,,1,0,0,1,1
reached,gemm,float,AUTO,1547,64,64,64,2048,vendor,auto,48,1,1,,1,0,0,2,1
reached,gemm,double,AUTO,2048,256,256,256,1,vendor,auto,24,1,1,,1,0,0,0,0
reached,gemm,float,AUTO,779,8,8,8,2048,vendor,auto,24,1,1,,1,0,0,0,2
reached,gemm,complex<float>,AUTO,1030,16,16,16,64,vendor,auto,48,1,1,,1,0,0,0,2
reached,gemm,double,AUTO,2059,256,256,256,2048,native,register_tiled,24,1,1,,1,0,0,0,2
reached,gemm,float,AUTO,773,8,8,8,63,vendor,auto,24,1,1,,1,0,0,0,2
reached,gemm,complex<float>,AUTO,1024,16,16,16,1,vendor,auto,24,1,1,,1,0,0,0,2
reached,gemm,double,AUTO,2053,256,256,256,63,vendor,auto,24,1,1,,1,0,0,0,2
reached,gemm,float,AUTO,1030,16,16,16,64,vendor,auto,48,1,1,,1,0,0,0,2
reached,gemm,double,AUTO,2310,512,512,512,64,native,register_tiled,96,1,1,,1,0,0,0,2
reached,gemm,complex<double>,AUTO,2566,1024,1024,1024,64,vendor,auto,48,1,1,,1,0,0,0,2
reached,gemm,double,AUTO,1547,64,64,64,2048,native,register_tiled,48,1,1,,1,0,0,1,2
reached,gemm,float,AUTO,1029,16,16,16,63,vendor,auto,24,1,1,,1,0,0,0,1
reached,gemm,complex<double>,AUTO,2823,2048,2048,2048,128,vendor,auto,24,1,1,,1,0,0,0,2
reached,gemm,complex<float>,AUTO,775,8,8,8,128,vendor,auto,24,1,1,,1,0,0,1,2
reached,gemm,float,AUTO,1286,32,32,32,64,vendor,auto,96,1,1,,1,0,0,0,1
reached,gemm,complex<double>,AUTO,2055,256,256,256,128,vendor,auto,24,1,1,,1,0,0,1,2
reached,gemm,double,AUTO,2566,1024,1024,1024,64,native,register_tiled,48,1,1,,1,0,0,0,1
reached,gemm,complex<float>,AUTO,1798,128,128,128,64,vendor,auto,48,1,1,,1,0,0,0,0
reached,gemm,double,AUTO,2827,2048,2048,2048,2048,native,register_tiled,24,1,1,,1,0,0,0,0
reached,gemm,float,AUTO,779,8,8,8,2048,vendor,auto,24,1,1,,1,0,0,1,0
reached,gemm,complex<float>,AUTO,2313,512,512,512,512,vendor,auto,48,1,1,,1,0,0,2,2
reached,gemm,double,AUTO,1795,128,128,128,8,vendor,auto,24,1,1,,1,0,0,1,1
reached,gemm,complex<float>,AUTO,1030,16,16,16,64,vendor,auto,48,1,1,,1,0,0,1,0
reached,gemm,double,AUTO,2059,256,256,256,2048,native,register_tiled,24,1,1,,1,0,0,1,0
reached,gemm,float,AUTO,1287,32,32,32,128,vendor,auto,48,1,1,,1,0,0,0,2
reached,gemm,double,AUTO,2567,1024,1024,1024,128,native,register_tiled,24,1,1,,1,0,0,0,2
reached,gemm,complex<float>,AUTO,1031,16,16,16,128,vendor,auto,24,1,1,,1,0,0,1,1
reached,gemm,float,AUTO,1542,64,64,64,64,vendor,auto,96,1,1,,1,0,0,0,0
reached,gemm,float,AUTO,1543,64,64,64,128,vendor,auto,48,1,1,,1,0,0,0,1
reached,gemm,float,AUTO,1035,16,16,16,2048,native,register_tiled,24,1,1,,1,0,0,0,0
reached,gemm,complex<float>,AUTO,2569,1024,1024,1024,512,vendor,auto,24,1,1,,1,0,0,1,2
reached,gemm,double,AUTO,2051,256,256,256,8,vendor,auto,24,1,1,,1,0,0,0,1
reached,gemm,complex<float>,AUTO,1286,32,32,32,64,vendor,auto,96,1,1,,1,0,0,0,0
reached,gemm,double,AUTO,2315,512,512,512,2048,native,register_tiled,48,1,1,,1,0,0,0,0
reached,gemm,float,AUTO,779,8,8,8,2048,vendor,auto,24,1,1,,1,0,0,0,1
reached,gemm,double,AUTO,1795,128,128,128,8,vendor,auto,24,1,1,,1,0,0,0,2
reached,gemm,complex<float>,AUTO,1030,16,16,16,64,vendor,auto,48,1,1,,1,0,0,0,1
reached,gemm,double,AUTO,2059,256,256,256,2048,native,register_tiled,24,1,1,,1,0,0,0,1
reached,gemm,complex<double>,AUTO,2310,512,512,512,64,vendor,auto,96,1,1,,1,0,0,0,2
reached,gemm,double,AUTO,1291,32,32,32,2048,native,register_tiled,48,1,1,,1,0,0,1,2
reached,gemm,float,AUTO,773,8,8,8,63,vendor,auto,24,1,1,,1,0,0,0,1
reached,gemm,complex<double>,AUTO,1542,64,64,64,64,vendor,auto,96,1,1,,1,0,0,1,2
reached,gemm,complex<float>,AUTO,2571,1024,1024,1024,2048,vendor,auto,24,1,1,,1,0,0,1,2
reached,gemm,complex<float>,AUTO,1024,16,16,16,1,vendor,auto,24,1,1,,1,0,0,0,1
reached,gemm,double,AUTO,2053,256,256,256,63,vendor,auto,24,1,1,,1,0,0,0,1
reached,gemm,float,AUTO,1031,16,16,16,128,vendor,auto,24,1,1,,1,0,0,0,2
reached,gemm,double,AUTO,2311,512,512,512,128,native,register_tiled,48,1,1,,1,0,0,0,2
reached,gemm,float,AUTO,774,8,8,8,64,vendor,auto,48,1,1,,1,0,0,0,2
reached,gemm,double,AUTO,2054,256,256,256,64,native,register_tiled,48,1,1,,1,0,0,0,2
reached,gemm,float,AUTO,2825,2048,2048,2048,512,vendor,auto,24,1,1,,1,0,0,1,2
reached,gemm,complex<double>,AUTO,2567,1024,1024,1024,128,vendor,auto,24,1,1,,1,0,0,0,2
reached,gemm,float,AUTO,1030,16,16,16,64,vendor,auto,48,1,1,,1,0,0,0,1
reached,gemm,complex<double>,AUTO,1799,128,128,128,128,vendor,auto,24,1,1,,1,0,0,1,2
reached,gemm,double,AUTO,2310,512,512,512,64,native,register_tiled,96,1,1,,1,0,0,0,1
reached,gemm,complex<double>,AUTO,2823,2048,2048,2048,128,vendor,auto,24,1,1,,1,0,0,0,1
reached,gemm,complex<float>,AUTO,775,8,8,8,128,vendor,auto,24,1,1,,1,0,0,1,1
reached,gemm,float,AUTO,1286,32,32,32,64,native,register_tiled,96,1,1,,1,0,0,0,0
reached,gemm,complex<double>,AUTO,2054,256,256,256,64,vendor,auto,48,1,1,,1,0,0,0,2
reached,gemm,double,AUTO,1035,16,16,16,2048,native,register_tiled,24,1,1,,1,0,0,1,2
reached,gemm,complex<double>,AUTO,2055,256,256,256,128,vendor,auto,24,1,1,,1,0,0,1,1
reached,gemm,double,AUTO,2566,1024,1024,1024,64,native,register_tiled,48,1,1,,1,0,0,0,0
reached,gemm,float,AUTO,1287,32,32,32,128,vendor,auto,48,1,1,,1,0,0,0,1
reached,gemm,double,AUTO,2567,1024,1024,1024,128,native,register_tiled,24,1,1,,1,0,0,0,1
reached,gemm,float,AUTO,1543,64,64,64,128,vendor,auto,48,1,1,,1,0,0,0,0
reached,gemm,float,AUTO,1545,64,64,64,512,vendor,auto,48,1,1,,1,0,0,0,2
reached,gemm,float,AUTO,2823,2048,2048,2048,128,vendor,auto,24,1,1,,1,0,0,1,2
reached,gemm,complex<float>,AUTO,2825,2048,2048,2048,512,vendor,auto,24,1,1,,1,0,0,1,1
reached,gemm,double,AUTO,777,8,8,8,512,native,register_tiled,24,1,1,,1,0,0,2,1
reached,gemm,double,AUTO,2307,512,512,512,8,vendor,auto,48,1,1,,1,0,0,0,0
reached,gemm,float,AUTO,1029,16,16,16,63,vendor,auto,24,1,1,,1,0,0,0,2
reached,gemm,complex<float>,AUTO,1280,32,32,32,1,vendor,auto,48,1,1,,1,0,0,0,2
reached,gemm,double,AUTO,2309,512,512,512,63,vendor,auto,48,1,1,,1,0,0,0,2
reached,gemm,complex<double>,AUTO,2822,2048,2048,2048,64,vendor,auto,48,1,1,,1,0,0,0,2
reached,gemm,complex<float>,AUTO,774,8,8,8,64,vendor,auto,48,1,1,,1,0,0,1,2
reached,gemm,double,AUTO,1803,128,128,128,2048,native,register_tiled,24,1,1,,1,0,0,1,2
reached,gemm,float,AUTO,1285,32,32,32,63,vendor,auto,48,1,1,,1,0,0,0,1
reached,gemm,float,AUTO,1286,32,32,32,64,vendor,auto,96,1,1,,1,0,0,0,2
reached,gemm,double,AUTO,2566,1024,1024,1024,64,native,register_tiled,48,1,1,,1,0,0,0,2
reached,gemm,complex<float>,AUTO,1798,128,128,128,64,vendor,auto,48,1,1,,1,0,0,0,1
reached,gemm,double,AUTO,2827,2048,2048,2048,2048,native,register_tiled,24,1,1,,1,0,0,0,1
reached,gemm,float,AUTO,779,8,8,8,2048,vendor,auto,24,1,1,,1,0,0,1,1
reached,gemm,double,AUTO,1795,128,128,128,8,vendor,auto,24,1,1,,1,0,0,1,2
reached,gemm,complex<float>,AUTO,1030,16,16,16,64,vendor,auto,48,1,1,,1,0,0,1,1
reached,gemm,double,AUTO,2059,256,256,256,2048,native,register_tiled,24,1,1,,1,0,0,1,1
reached,gemm,float,AUTO,1541,64,64,64,63,vendor,auto,48,1,1,,1,0,0,0,0
reached,gemm,complex<float>,AUTO,1031,16,16,16,128,vendor,auto,24,1,1,,1,0,0,1,2
reached,gemm,float,AUTO,1542,64,64,64,64,vendor,auto,96,1,1,,1,0,0,0,1
reached,gemm,complex<float>,AUTO,2054,256,256,256,64,vendor,auto,48,1,1,,1,0,0,0,0
reached,gemm,float,AUTO,1035,16,16,16,2048,vendor,auto,24,1,1,,1,0,0,1,0
reached,gemm,complex<float>,AUTO,2569,1024,1024,1024,512,vendor,auto,24,1,1,,1,0,0,2,2
reached,gemm,double,AUTO,2051,256,256,256,8,vendor,auto,24,1,1,,1,0,0,1,1
reached,gemm,complex<float>,AUTO,1286,32,32,32,64,vendor,auto,96,1,1,,1,0,0,1,0
reached,gemm,double,AUTO,2315,512,512,512,2048,native,register_tiled,48,1,1,,1,0,0,1,0
reached,gemm,float,AUTO,1543,64,64,64,128,vendor,auto,48,1,1,,1,0,0,0,2
reached,gemm,float,AUTO,1031,16,16,16,128,vendor,auto,24,1,1,,1,0,0,0,1
reached,gemm,double,AUTO,2311,512,512,512,128,native,register_tiled,48,1,1,,1,0,0,0,1
reached,gemm,complex<double>,AUTO,2311,512,512,512,128,vendor,auto,48,1,1,,1,0,0,0,2
reached,gemm,float,AUTO,774,8,8,8,64,vendor,auto,48,1,1,,1,0,0,0,1
reached,gemm,complex<double>,AUTO,1543,64,64,64,128,vendor,auto,48,1,1,,1,0,0,1,2
reached,gemm,double,AUTO,2054,256,256,256,64,native,register_tiled,48,1,1,,1,0,0,0,1
reached,gemm,float,AUTO,775,8,8,8,128,vendor,auto,24,1,1,,1,0,0,0,2
reached,gemm,double,AUTO,2055,256,256,256,128,native,register_tiled,24,1,1,,1,0,0,0,2
reached,gemm,complex<double>,AUTO,2567,1024,1024,1024,128,vendor,auto,24,1,1,,1,0,0,0,1
reached,gemm,float,AUTO,1030,16,16,16,64,native,register_tiled,48,1,1,,1,0,0,0,0
reached,gemm,complex<double>,AUTO,1798,128,128,128,64,vendor,auto,48,1,1,,1,0,0,0,2
reached,gemm,complex<float>,AUTO,2827,2048,2048,2048,2048,vendor,auto,24,1,1,,1,0,0,0,2
reached,gemm,double,AUTO,779,8,8,8,2048,native,register_tiled,24,1,1,,1,0,0,1,2
reached,gemm,complex<double>,AUTO,1799,128,128,128,128,vendor,auto,24,1,1,,1,0,0,1,1
reached,gemm,double,AUTO,2310,512,512,512,64,native,register_tiled,96,1,1,,1,0,0,0,0
reached,gemm,float,AUTO,1287,32,32,32,128,native,register_tiled,48,1,1,,1,0,0,0,0
reached,gemm,double,AUTO,2567,1024,1024,1024,128,native,register_tiled,24,1,1,,1,0,0,0,0
reached,gemm,float,AUTO,1289,32,32,32,512,vendor,auto,48,1,1,,1,0,0,0,2
reached,gemm,double,AUTO,2569,1024,1024,1024,512,native,register_tiled,24,1,1,,1,0,0,0,2
reached,gemm,float,AUTO,1031,16,16,16,128,vendor,auto,24,1,1,,1,0,0,1,2
reached,gemm,double,AUTO,2311,512,512,512,128,native,register_tiled,48,1,1,,1,0,0,1,2
reached,gemm,complex<double>,AUTO,2310,512,512,512,64,vendor,auto,96,1,1,,1,0,0,1,2
reached,gemm,complex<float>,AUTO,1792,128,128,128,1,vendor,auto,24,1,1,,1,0,0,0,1
reached,gemm,double,AUTO,1291,32,32,32,2048,native,register_tiled,48,1,1,,1,0,0,2,2
reached,gemm,double,AUTO,2821,2048,2048,2048,63,vendor,auto,24,1,1,,1,0,0,0,1
reached,gemm,float,AUTO,773,8,8,8,63,vendor,auto,24,1,1,,1,0,0,1,1
reached,gemm,complex<double>,AUTO,1542,64,64,64,64,vendor,auto,96,1,1,,1,0,0,2,2
reached,gemm,complex<float>,AUTO,2571,1024,1024,1024,2048,vendor,auto,24,1,1,,1,0,0,2,2
reached,gemm,complex<float>,AUTO,1024,16,16,16,1,vendor,auto,24,1,1,,1,0,0,1,1
reached,gemm,double,AUTO,2053,256,256,256,63,vendor,auto,24,1,1,,1,0,0,1,1
reached,gemm,float,AUTO,2825,2048,2048,2048,512,vendor,auto,24,1,1,,1,0,0,2,2
reached,gemm,complex<double>,AUTO,1798,128,128,128,64,vendor,auto,48,1,1,,1,0,0,2,1
reached,gemm,complex<float>,AUTO,2827,2048,2048,2048,2048,vendor,auto,24,1,1,,1,0,0,2,1
reached,gemm,complex<float>,AUTO,1280,32,32,32,1,vendor,auto,48,1,1,,1,0,0,1,0
reached,gemm,double,AUTO,2309,512,512,512,63,vendor,auto,48,1,1,,1,0,0,1,0
reached,gemm,float,AUTO,1545,64,64,64,512,vendor,auto,48,1,1,,1,0,0,0,1
reached,gemm,float,AUTO,1280,32,32,32,1,vendor,auto,48,1,1,,1,0,0,0,2
reached,gemm,double,AUTO,2560,1024,1024,1024,1,vendor,auto,24,1,1,,1,0,0,0,2
reached,gemm,float,AUTO,1795,128,128,128,8,vendor,auto,24,1,1,,1,0,0,0,2
reached,gemm,complex<double>,AUTO,2823,2048,2048,2048,128,vendor,auto,24,1,1,,1,0,0,1,1
reached,gemm,complex<float>,AUTO,775,8,8,8,128,vendor,auto,24,1,1,,1,0,0,2,1
reached,gemm,float,AUTO,1286,32,32,32,64,vendor,auto,96,1,1,,1,0,0,1,0
reached,gemm,complex<double>,AUTO,2054,256,256,256,64,vendor,auto,48,1,1,,1,0,0,1,2
reached,gemm,complex<float>,AUTO,1536,64,64,64,1,vendor,auto,48,1,1,,1,0,0,0,1
reached,gemm,double,AUTO,2565,1024,1024,1024,63,vendor,auto,24,1,1,,1,0,0,0,1
reached,gemm,double,AUTO,1035,16,16,16,2048,native,register_tiled,24,1,1,,1,0,0,2,2
reached,gemm,complex<double>,AUTO,2055,256,256,256,128,vendor,auto,24,1,1,,1,0,0,2,1
reached,gemm,double,AUTO,2566,1024,1024,1024,64,native,register_tiled,48,1,1,,1,0,0,1,0
reached,gemm,float,AUTO,1287,32,32,32,128,vendor,auto,48,1,1,,1,0,0,1,1
reached,gemm,double,AUTO,2567,1024,1024,1024,128,native,register_tiled,24,1,1,,1,0,0,1,1
reached,gemm,float,AUTO,1801,128,128,128,512,vendor,auto,24,1,1,,1,0,0,0,0
reached,gemm,double,AUTO,2822,2048,2048,2048,64,native,register_tiled,48,1,1,,1,0,0,0,2
reached,gemm,float,AUTO,774,8,8,8,64,vendor,auto,48,1,1,,1,0,0,1,2
reached,gemm,double,AUTO,2054,256,256,256,64,native,register_tiled,48,1,1,,1,0,0,1,2
reached,gemm,float,AUTO,1536,64,64,64,1,vendor,auto,48,1,1,,1,0,0,0,1
reached,gemm,complex<float>,AUTO,1289,32,32,32,512,vendor,auto,48,1,1,,1,0,0,1,1
reached,gemm,double,AUTO,771,8,8,8,8,vendor,auto,24,1,1,,1,0,0,0,0
reached,gemm,float,AUTO,1800,64,128,32,256,vendor,auto,48,1,1,,1,0,0,0,0
reached,gemm,float,AUTO,1543,64,64,64,128,vendor,auto,48,1,1,,1,0,0,1,0
reached,gemm,double,AUTO,2825,2048,2048,2048,512,native,register_tiled,24,1,1,,1,0,0,1,2
reached,gemm,float,AUTO,777,8,8,8,512,vendor,auto,24,1,1,,1,0,0,2,2
reached,gemm,float,AUTO,2307,512,512,512,8,vendor,auto,48,1,1,,1,0,0,0,1
reached,gemm,float,AUTO,1545,64,64,64,512,vendor,auto,48,1,1,,1,0,0,1,2
reached,gemm,complex<float>,AUTO,1547,64,64,64,2048,vendor,auto,48,1,1,,1,0,0,1,1
reached,gemm,double,AUTO,1029,16,16,16,63,vendor,auto,24,1,1,,1,0,0,0,0
reached,gemm,complex<double>,AUTO,2567,1024,1024,1024,128,vendor,auto,24,1,1,,1,0,0,1,2
reached,gemm,float,AUTO,1030,16,16,16,64,vendor,auto,48,1,1,,1,0,0,1,1
reached,gemm,complex<double>,AUTO,1799,128,128,128,128,vendor,auto,24,1,1,,1,0,0,2,2
reached,gemm,double,AUTO,2310,512,512,512,64,native,register_tiled,96,1,1,,1,0,0,1,1
reached,gemm,float,AUTO,1792,128,128,128,1,vendor,auto,24,1,1,,1,0,0,0,0
reached,gemm,complex<double>,AUTO,2560,1024,1024,1024,1,vendor,auto,24,1,1,,1,0,0,0,2
reached,gemm,double,AUTO,1541,64,64,64,63,vendor,auto,48,1,1,,1,0,0,1,2
reached,gemm,double,AUTO,2819,2048,2048,2048,8,vendor,auto,24,1,1,,1,0,0,1,1
reached,gemm,float,AUTO,771,8,8,8,8,vendor,auto,24,1,1,,1,0,0,2,1
reached,gemm,complex<float>,AUTO,2054,256,256,256,64,vendor,auto,48,1,1,,1,0,0,1,0
reached,gemm,float,AUTO,1035,16,16,16,2048,vendor,auto,24,1,1,,1,0,0,2,0
reached,gemm,double,AUTO,2051,256,256,256,8,vendor,auto,24,1,1,,1,0,0,2,1
reached,gemm,complex<float>,AUTO,1286,32,32,32,64,vendor,auto,96,1,1,,1,0,0,2,0
reached,gemm,double,AUTO,2315,512,512,512,2048,native,register_tiled,48,1,1,,1,0,0,2,0
reached,gemm,float,AUTO,1027,16,16,16,8,vendor,auto,24,1,1,,1,0,0,2,0
reached,gemm,double,AUTO,2307,512,512,512,8,vendor,auto,48,1,1,,1,0,0,2,0
reached,gemm,complex<double>,AUTO,2822,2048,2048,2048,64,vendor,auto,48,1,1,,1,0,0,2,2
reached,gemm,complex<float>,AUTO,2304,512,512,512,1,vendor,auto,48,1,1,,1,0,0,1,1
reached,gemm,float,AUTO,1285,32,32,32,63,vendor,auto,48,1,1,,1,0,0,2,1
reached,gemm,complex<float>,AUTO,1536,64,64,64,1,vendor,auto,48,1,1,,1,0,0,2,1
reached,gemm,double,AUTO,2565,1024,1024,1024,63,vendor,auto,24,1,1,,1,0,0,2,1
reached,gemm,float,AUTO,1803,128,128,128,2048,vendor,auto,24,1,1,,1,0,0,0,2
reached,gemm,double,AUTO,774,8,8,8,64,native,register_tiled,48,1,1,,1,0,0,0,2
reached,gemm,complex<double>,AUTO,773,8,8,8,63,vendor,auto,24,1,1,,1,0,0,2,1
reached,gemm,float,AUTO,2313,512,512,512,512,vendor,auto,48,1,1,,1,0,0,1,0
reached,gemm,float,AUTO,2816,2048,2048,2048,1,vendor,auto,24,1,1,,1,0,0,0,1
reached,gemm,float,AUTO,1286,32,32,32,64,vendor,auto,96,1,1,,1,0,0,2,2
reached,gemm,float,AUTO,2048,256,256,256,1,vendor,auto,24,1,1,,1,0,0,1,1
reached,gemm,double,AUTO,2566,1024,1024,1024,64,native,register_tiled,48,1,1,,1,0,0,2,2
reached,gemm,complex<float>,AUTO,2560,1024,1024,1024,1,vendor,auto,24,1,1,,1,0,0,1,0
reached,gemm,float,AUTO,1541,64,64,64,63,vendor,auto,48,1,1,,1,0,0,2,0
reached,gemm,complex<float>,AUTO,1792,128,128,128,1,vendor,auto,24,1,1,,1,0,0,2,0
reached,gemm,double,AUTO,2821,2048,2048,2048,63,vendor,auto,24,1,1,,1,0,0,2,0
reached,gemm,double,AUTO,1799,128,128,128,128,native,register_tiled,24,1,1,,1,0,0,0,0
reached,gemm,double,AUTO,2822,2048,2048,2048,64,native,register_tiled,48,1,1,,1,0,0,2,1
reached,gemm,float,AUTO,2304,512,512,512,1,vendor,auto,48,1,1,,1,0,0,1,0
reached,gemm,complex<float>,AUTO,1024,16,16,16,1,vendor,auto,24,1,1,,1,0,0,2,2
reached,gemm,double,AUTO,2053,256,256,256,63,vendor,auto,24,1,1,,1,0,0,2,2
reached,gemm,float,AUTO,1542,64,64,64,64,vendor,auto,96,1,1,,1,0,0,2,1
reached,gemm,float,AUTO,1543,64,64,64,128,vendor,auto,48,1,1,,1,0,0,2,2
reached,gemm,complex<float>,AUTO,1545,64,64,64,512,vendor,auto,48,1,1,,1,0,0,2,1
reached,gemm,double,AUTO,1027,16,16,16,8,vendor,auto,24,1,1,,1,0,0,1,0
reached,gemm,double,AUTO,2819,2048,2048,2048,8,vendor,auto,24,1,1,,1,0,0,1,0
reached,gemm,float,AUTO,771,8,8,8,8,vendor,auto,24,1,1,,1,0,0,2,0
reached,gemm,double,AUTO,2051,256,256,256,8,vendor,auto,24,1,1,,1,0,0,2,0
reached,gemm,complex<double>,AUTO,2566,1024,1024,1024,64,vendor,auto,48,1,1,,1,0,0,2,2
reached,gemm,complex<float>,AUTO,2048,256,256,256,1,vendor,auto,24,1,1,,1,0,0,1,1
reached,gemm,float,AUTO,1029,16,16,16,63,vendor,auto,24,1,1,,1,0,0,2,1
reached,gemm,complex<float>,AUTO,1280,32,32,32,1,vendor,auto,48,1,1,,1,0,0,2,1
reached,gemm,double,AUTO,2309,512,512,512,63,vendor,auto,48,1,1,,1,0,0,2,1
reached,gemm,complex<double>,AUTO,2822,2048,2048,2048,64,vendor,auto,48,1,1,,1,0,0,2,1
reached,gemm,complex<float>,AUTO,2304,512,512,512,1,vendor,auto,48,1,1,,1,0,0,1,0
reached,gemm,float,AUTO,1285,32,32,32,63,vendor,auto,48,1,1,,1,0,0,2,0
reached,gemm,complex<float>,AUTO,1536,64,64,64,1,vendor,auto,48,1,1,,1,0,0,2,0
reached,gemm,double,AUTO,2565,1024,1024,1024,63,vendor,auto,24,1,1,,1,0,0,2,0
reached,gemm,float,AUTO,1803,128,128,128,2048,vendor,auto,24,1,1,,1,0,0,0,1
reached,gemm,double,AUTO,774,8,8,8,64,native,register_tiled,48,1,1,,1,0,0,0,1
reached,gemm,double,AUTO,1543,64,64,64,128,native,register_tiled,48,1,1,,1,0,0,0,0
reached,gemm,complex<double>,AUTO,2816,2048,2048,2048,1,vendor,auto,24,1,1,,1,0,0,1,2
reached,gemm,complex<float>,AUTO,768,8,8,8,1,vendor,auto,24,1,1,,1,0,0,2,2
reached,gemm,double,AUTO,1797,128,128,128,63,vendor,auto,24,1,1,,1,0,0,2,2
reached,gemm,complex<double>,AUTO,2823,2048,2048,2048,128,vendor,auto,24,1,1,,1,0,0,2,2
reached,gemm,float,AUTO,2816,2048,2048,2048,1,vendor,auto,24,1,1,,1,0,0,0,0
reached,gemm,float,AUTO,1286,32,32,32,64,vendor,auto,96,1,1,,1,0,0,2,1
reached,gemm,float,AUTO,2048,256,256,256,1,vendor,auto,24,1,1,,1,0,0,1,0
reached,gemm,double,AUTO,2566,1024,1024,1024,64,native,register_tiled,48,1,1,,1,0,0,2,1
reached,gemm,float,AUTO,2822,2048,2048,2048,64,vendor,auto,48,1,1,,1,0,0,0,2
reached,gemm,double,AUTO,775,8,8,8,128,native,register_tiled,24,1,1,,1,0,0,0,2
reached,gemm,float,AUTO,1287,32,32,32,128,vendor,auto,48,1,1,,1,0,0,2,2
reached,gemm,complex<float>,AUTO,2819,2048,2048,2048,8,vendor,auto,24,1,1,,1,0,0,0,0
reached,gemm,complex<float>,AUTO,1289,32,32,32,512,vendor,auto,48,1,1,,1,0,0,2,1
reached,gemm,double,AUTO,771,8,8,8,8,vendor,auto,24,1,1,,1,0,0,1,0
reached,gemm,double,AUTO,2567,1024,1024,1024,128,native,register_tiled,24,1,1,,1,0,0,2,2
reached,gemm,float,AUTO,1801,128,128,128,512,vendor,auto,24,1,1,,1,0,0,1,1
reached,gemm,float,AUTO,1536,64,64,64,1,vendor,auto,48,1,1,,1,0,0,1,2
reached,gemm,float,AUTO,2051,256,256,256,8,vendor,auto,24,1,1,,1,0,0,1,2
reached,gemm,float,AUTO,1542,64,64,64,64,vendor,auto,96,1,1,,1,0,0,2,0
reached,gemm,float,AUTO,1543,64,64,64,128,vendor,auto,48,1,1,,1,0,0,2,1
reached,gemm,float,AUTO,2057,256,256,256,512,vendor,auto,24,1,1,,1,0,0,1,0
reached,gemm,float,AUTO,2560,1024,1024,1024,1,vendor,auto,24,1,1,,1,0,0,0,1
reached,gemm,float,AUTO,1030,16,16,16,64,vendor,auto,48,1,1,,1,0,0,2,2
reached,gemm,double,AUTO,2310,512,512,512,64,native,register_tiled,96,1,1,,1,0,0,2,2
reached,gemm,float,AUTO,1792,128,128,128,1,vendor,auto,24,1,1,,1,0,0,1,1
reached,gemm,float,AUTO,2823,2048,2048,2048,128,vendor,auto,24,1,1,,1,0,0,2,2
reached,gemm,complex<float>,AUTO,2825,2048,2048,2048,512,vendor,auto,24,1,1,,1,0,0,2,1
reached,gemm,double,AUTO,2307,512,512,512,8,vendor,auto,48,1,1,,1,0,0,1,0
reached,gemm,complex<double>,AUTO,2054,256,256,256,64,vendor,auto,48,1,1,,1,0,0,2,2
reached,gemm,complex<float>,AUTO,1536,64,64,64,1,vendor,auto,48,1,1,,1,0,0,1,1
reached,gemm,double,AUTO,2565,1024,1024,1024,63,vendor,auto,24,1,1,,1,0,0,1,1
reached,gemm,complex<double>,AUTO,773,8,8,8,63,vendor,auto,24,1,1,,1,0,0,1,1
reached,gemm,float,AUTO,2313,512,512,512,512,vendor,auto,48,1,1,,1,0,0,0,0
reached,gemm,complex<float>,AUTO,1801,128,128,128,512,vendor,auto,24,1,1,,1,0,0,1,1
reached,gemm,double,AUTO,1283,32,32,32,8,vendor,auto,48,1,1,,1,0,0,0,0
reached,gemm,float,AUTO,2312,256,512,128,256,vendor,auto,60,1,1,,1,0,0,0,0
reached,gemm,float,AUTO,1286,32,32,32,64,vendor,auto,96,1,1,,1,0,0,1,2
reached,gemm,float,AUTO,2048,256,256,256,1,vendor,auto,24,1,1,,1,0,0,0,1
reached,gemm,double,AUTO,2566,1024,1024,1024,64,native,register_tiled,48,1,1,,1,0,0,1,2
reached,gemm,double,AUTO,1795,128,128,128,8,vendor,auto,24,1,1,,1,0,0,2,2
reached,gemm,complex<float>,AUTO,2560,1024,1024,1024,1,vendor,auto,24,1,1,,1,0,0,0,0
reached,gemm,complex<float>,AUTO,1030,16,16,16,64,vendor,auto,48,1,1,,1,0,0,2,1
reached,gemm,double,AUTO,2059,256,256,256,2048,native,register_tiled,24,1,1,,1,0,0,2,1
reached,gemm,float,AUTO,1541,64,64,64,63,vendor,auto,48,1,1,,1,0,0,1,0
reached,gemm,complex<double>,AUTO,2310,512,512,512,64,vendor,auto,96,1,1,,1,0,0,2,1
reached,gemm,complex<float>,AUTO,1792,128,128,128,1,vendor,auto,24,1,1,,1,0,0,1,0
reached,gemm,float,AUTO,773,8,8,8,63,vendor,auto,24,1,1,,1,0,0,2,0
reached,gemm,double,AUTO,2821,2048,2048,2048,63,vendor,auto,24,1,1,,1,0,0,1,0
reached,gemm,complex<float>,AUTO,1031,16,16,16,128,vendor,auto,24,1,1,,1,0,0,2,2
reached,gemm,float,AUTO,1542,64,64,64,64,vendor,auto,96,1,1,,1,0,0,1,1
reached,gemm,float,AUTO,1543,64,64,64,128,vendor,auto,48,1,1,,1,0,0,1,2
reached,gemm,complex<float>,AUTO,1545,64,64,64,512,vendor,auto,48,1,1,,1,0,0,1,1
reached,gemm,float,AUTO,2056,128,256,64,256,vendor,auto,36,1,1,,1,0,0,0,0
reached,gemm,double,AUTO,1027,16,16,16,8,vendor,auto,24,1,1,,1,0,0,0,0
reached,gemm,float,AUTO,2057,256,256,256,512,vendor,auto,24,1,1,,1,0,0,0,1
reached,gemm,float,AUTO,1792,128,128,128,1,vendor,auto,24,1,1,,1,0,0,0,2
reached,gemm,complex<double>,AUTO,2567,1024,1024,1024,128,vendor,auto,24,1,1,,1,0,0,1,1
reached,gemm,float,AUTO,1030,16,16,16,64,vendor,auto,48,1,1,,1,0,0,1,0
reached,gemm,complex<double>,AUTO,1798,128,128,128,64,vendor,auto,48,1,1,,1,0,0,1,2
reached,gemm,complex<float>,AUTO,2827,2048,2048,2048,2048,vendor,auto,24,1,1,,1,0,0,1,2
reached,gemm,complex<float>,AUTO,1280,32,32,32,1,vendor,auto,48,1,1,,1,0,0,0,1
reached,gemm,double,AUTO,2309,512,512,512,63,vendor,auto,48,1,1,,1,0,0,0,1
reached,gemm,double,AUTO,779,8,8,8,2048,native,register_tiled,24,1,1,,1,0,0,2,2
reached,gemm,complex<double>,AUTO,1799,128,128,128,128,vendor,auto,24,1,1,,1,0,0,2,1
reached,gemm,double,AUTO,2310,512,512,512,64,native,register_tiled,96,1,1,,1,0,0,1,0
reached,gemm,float,AUTO,1031,16,16,16,128,vendor,auto,24,1,1,,1,0,0,1,1
reached,gemm,double,AUTO,2311,512,512,512,128,native,register_tiled,48,1,1,,1,0,0,1,1
reached,gemm,double,AUTO,2823,2048,2048,2048,128,native,register_tiled,24,1,1,,1,0,0,0,2
reached,gemm,float,AUTO,775,8,8,8,128,vendor,auto,24,1,1,,1,0,0,1,2
reached,gemm,double,AUTO,2055,256,256,256,128,native,register_tiled,24,1,1,,1,0,0,1,2
reached,gemm,float,AUTO,1287,32,32,32,128,vendor,auto,48,1,1,,1,0,0,1,0
reached,gemm,double,AUTO,2567,1024,1024,1024,128,native,register_tiled,24,1,1,,1,0,0,1,0
reached,gemm,float,AUTO,1289,32,32,32,512,vendor,auto,48,1,1,,1,0,0,1,2
reached,gemm,complex<float>,AUTO,1291,32,32,32,2048,vendor,auto,48,1,1,,1,0,0,1,1
reached,gemm,double,AUTO,773,8,8,8,63,vendor,auto,24,1,1,,1,0,0,0,0
reached,gemm,float,AUTO,2051,256,256,256,8,vendor,auto,24,1,1,,1,0,0,0,1
reached,gemm,double,AUTO,2569,1024,1024,1024,512,native,register_tiled,24,1,1,,1,0,0,1,2
reached,gemm,float,AUTO,2566,1024,1024,1024,64,vendor,auto,48,1,1,,1,0,0,0,2
reached,gemm,float,AUTO,1031,16,16,16,128,vendor,auto,24,1,1,,1,0,0,2,2
reached,gemm,double,AUTO,2311,512,512,512,128,native,register_tiled,48,1,1,,1,0,0,2,2
reached,gemm,complex<float>,AUTO,1024,16,16,16,1,vendor,auto,24,1,1,,1,0,0,2,1
reached,gemm,double,AUTO,2053,256,256,256,63,vendor,auto,24,1,1,,1,0,0,2,1
reached,gemm,complex<double>,AUTO,2566,1024,1024,1024,64,vendor,auto,48,1,1,,1,0,0,2,1
reached,gemm,complex<float>,AUTO,2048,256,256,256,1,vendor,auto,24,1,1,,1,0,0,1,0
reached,gemm,float,AUTO,1029,16,16,16,63,vendor,auto,24,1,1,,1,0,0,2,0
reached,gemm,complex<float>,AUTO,1280,32,32,32,1,vendor,auto,48,1,1,,1,0,0,2,0
reached,gemm,double,AUTO,2309,512,512,512,63,vendor,auto,48,1,1,,1,0,0,2,0
reached,gemm,double,AUTO,2825,2048,2048,2048,512,native,register_tiled,24,1,1,,1,0,0,1,1
reached,gemm,float,AUTO,777,8,8,8,512,vendor,auto,24,1,1,,1,0,0,2,1
reached,gemm,float,AUTO,2307,512,512,512,8,vendor,auto,48,1,1,,1,0,0,0,0
reached,gemm,float,AUTO,1545,64,64,64,512,vendor,auto,48,1,1,,1,0,0,1,1
reached,gemm,float,AUTO,1280,32,32,32,1,vendor,auto,48,1,1,,1,0,0,1,2
reached,gemm,double,AUTO,2560,1024,1024,1024,1,vendor,auto,24,1,1,,1,0,0,1,2
reached,gemm,float,AUTO,1803,128,128,128,2048,vendor,auto,24,1,1,,1,0,0,0,0
reached,gemm,double,AUTO,774,8,8,8,64,native,register_tiled,48,1,1,,1,0,0,0,0
reached,gemm,complex<double>,AUTO,2823,2048,2048,2048,128,vendor,auto,24,1,1,,1,0,0,2,1
reached,gemm,float,AUTO,1286,32,32,32,64,vendor,auto,96,1,1,,1,0,0,2,0
reached,gemm,double,AUTO,2566,1024,1024,1024,64,native,register_tiled,48,1,1,,1,0,0,2,0
reached,gemm,complex<float>,AUTO,2311,512,512,512,128,vendor,auto,48,1,1,,1,0,0,1,2
reached,gemm,float,AUTO,2822,2048,2048,2048,64,vendor,auto,48,1,1,,1,0,0,0,1
reached,gemm,double,AUTO,775,8,8,8,128,native,register_tiled,24,1,1,,1,0,0,0,1
reached,gemm,float,AUTO,1287,32,32,32,128,vendor,auto,48,1,1,,1,0,0,2,1
reached,gemm,double,AUTO,2567,1024,1024,1024,128,native,register_tiled,24,1,1,,1,0,0,2,1
reached,gemm,float,AUTO,1801,128,128,128,512,vendor,auto,24,1,1,,1,0,0,1,0
reached,gemm,double,AUTO,2822,2048,2048,2048,64,native,register_tiled,48,1,1,,1,0,0,1,2
reached,gemm,float,AUTO,2304,512,512,512,1,vendor,auto,48,1,1,,1,0,0,0,1
reached,gemm,float,AUTO,774,8,8,8,64,vendor,auto,48,1,1,,1,0,0,2,2
reached,gemm,double,AUTO,2054,256,256,256,64,native,register_tiled,48,1,1,,1,0,0,2,2
reached,gemm,float,AUTO,1536,64,64,64,1,vendor,auto,48,1,1,,1,0,0,1,1
reached,gemm,float,AUTO,1543,64,64,64,128,vendor,auto,48,1,1,,1,0,0,2,0
reached,gemm,float,AUTO,1545,64,64,64,512,vendor,auto,48,1,1,,1,0,0,2,2
reached,gemm,complex<double>,AUTO,2048,256,256,256,1,vendor,auto,24,1,1,,1,0,0,0,0
reached,gemm,complex<float>,AUTO,1547,64,64,64,2048,vendor,auto,48,1,1,,1,0,0,2,1
reached,gemm,double,AUTO,1029,16,16,16,63,vendor,auto,24,1,1,,1,0,0,1,0
reached,gemm,complex<float>,AUTO,2822,2048,2048,2048,64,vendor,auto,48,1,1,,1,0,0,0,2
reached,gemm,double,AUTO,774,8,8,8,64,native,register_tiled,48,1,1,,1,0,0,1,2
reached,gemm,float,AUTO,1803,128,128,128,2048,vendor,auto,24,1,1,,1,0,0,1,2
reached,gemm,double,AUTO,1287,32,32,32,128,native,register_tiled,48,1,1,,1,0,0,0,0
reached,gemm,complex<double>,AUTO,2567,1024,1024,1024,128,vendor,auto,24,1,1,,1,0,0,2,2
reached,gemm,float,AUTO,2560,1024,1024,1024,1,vendor,auto,24,1,1,,1,0,0,0,0
reached,gemm,float,AUTO,1030,16,16,16,64,vendor,auto,48,1,1,,1,0,0,2,1
reached,gemm,double,AUTO,2310,512,512,512,64,native,register_tiled,96,1,1,,1,0,0,2,1
reached,gemm,float,AUTO,1792,128,128,128,1,vendor,auto,24,1,1,,1,0,0,1,0
reached,gemm,complex<double>,AUTO,2560,1024,1024,1024,1,vendor,auto,24,1,1,,1,0,0,1,2
reached,gemm,double,AUTO,1541,64,64,64,63,vendor,auto,48,1,1,,1,0,0,2,2
reached,gemm,complex<float>,AUTO,1287,32,32,32,128,vendor,auto,48,1,1,,1,0,0,2,1
reached,gemm,float,AUTO,1798,128,128,128,64,vendor,auto,48,1,1,,1,0,0,1,0
reached,gemm,complex<double>,AUTO,2566,1024,1024,1024,64,vendor,auto,48,1,1,,1,0,0,1,2
reached,gemm,complex<float>,AUTO,2048,256,256,256,1,vendor,auto,24,1,1,,1,0,0,0,1
reached,gemm,float,AUTO,1029,16,16,16,63,vendor,auto,24,1,1,,1,0,0,1,1
reached,gemm,double,AUTO,1547,64,64,64,2048,native,register_tiled,48,1,1,,1,0,0,2,2
reached,gemm,float,AUTO,1283,32,32,32,8,vendor,auto,48,1,1,,1,0,0,2,0
reached,gemm,double,AUTO,2563,1024,1024,1024,8,vendor,auto,24,1,1,,1,0,0,2,0
reached,gemm,complex<float>,AUTO,2560,1024,1024,1024,1,vendor,auto,24,1,1,,1,0,0,1,1
reached,gemm,float,AUTO,1541,64,64,64,63,vendor,auto,48,1,1,,1,0,0,2,1
reached,gemm,complex<float>,AUTO,1792,128,128,128,1,vendor,auto,24,1,1,,1,0,0,2,1
reached,gemm,double,AUTO,2821,2048,2048,2048,63,vendor,auto,24,1,1,,1,0,0,2,1
reached,gemm,complex<double>,AUTO,1029,16,16,16,63,vendor,auto,24,1,1,,1,0,0,2,1
reached,gemm,float,AUTO,2569,1024,1024,1024,512,vendor,auto,24,1,1,,1,0,0,1,0
reached,gemm,double,AUTO,2822,2048,2048,2048,64,native,register_tiled,48,1,1,,1,0,0,2,2
reached,gemm,float,AUTO,2304,512,512,512,1,vendor,auto,48,1,1,,1,0,0,1,1
reached,gemm,float,AUTO,1542,64,64,64,64,vendor,auto,96,1,1,,1,0,0,2,2
reached,gemm,float,AUTO,2563,1024,1024,1024,8,vendor,auto,24,1,1,,1,0,0,0,0
reached,gemm,float,AUTO,1033,16,16,16,512,vendor,auto,24,1,1,,1,0,0,2,1
reached,gemm,float,AUTO,1795,128,128,128,8,vendor,auto,24,1,1,,1,0,0,1,0
reached,gemm,double,AUTO,2313,512,512,512,512,native,register_tiled,48,1,1,,1,0,0,2,1
reached,gemm,double,AUTO,2816,2048,2048,2048,1,vendor,auto,24,1,1,,1,0,0,1,2
reached,gemm,float,AUTO,768,8,8,8,1,vendor,auto,24,1,1,,1,0,0,2,2
reached,gemm,double,AUTO,2048,256,256,256,1,vendor,auto,24,1,1,,1,0,0,2,2
reached,gemm,float,AUTO,1289,32,32,32,512,vendor,auto,48,1,1,,1,0,0,2,0
reached,gemm,double,AUTO,2569,1024,1024,1024,512,native,register_tiled,24,1,1,,1,0,0,2,0
reached,gemm,float,AUTO,1024,16,16,16,1,vendor,auto,24,1,1,,1,0,0,2,1
reached,gemm,double,AUTO,2304,512,512,512,1,vendor,auto,48,1,1,,1,0,0,2,1
reached,gemm,float,AUTO,1280,32,32,32,1,vendor,auto,48,1,1,,1,0,0,2,0
reached,gemm,double,AUTO,2560,1024,1024,1024,1,vendor,auto,24,1,1,,1,0,0,2,0
reached,gemm,complex<float>,AUTO,2055,256,256,256,128,vendor,auto,24,1,1,,1,0,0,2,1
reached,gemm,float,AUTO,2566,1024,1024,1024,64,vendor,auto,48,1,1,,1,0,0,1,0
reached,gemm,complex<double>,AUTO,2311,512,512,512,128,vendor,auto,48,1,1,,1,0,0,0,1
reached,gemm,float,AUTO,774,8,8,8,64,native,register_tiled,48,1,1,,1,0,0,0,0
reached,gemm,complex<double>,AUTO,1543,64,64,64,128,vendor,auto,48,1,1,,1,0,0,1,1
reached,gemm,double,AUTO,2054,256,256,256,64,native,register_tiled,48,1,1,,1,0,0,0,0
reached,gemm,float,AUTO,775,8,8,8,128,vendor,auto,24,1,1,,1,0,0,0,1
reached,gemm,double,AUTO,2055,256,256,256,128,native,register_tiled,24,1,1,,1,0,0,0,1
reached,gemm,float,AUTO,1031,16,16,16,128,native,register_tiled,24,1,1,,1,0,0,0,0
reached,gemm,double,AUTO,2311,512,512,512,128,native,register_tiled,48,1,1,,1,0,0,0,0
reached,gemm,float,AUTO,1033,16,16,16,512,vendor,auto,24,1,1,,1,0,0,0,2
reached,gemm,double,AUTO,2313,512,512,512,512,native,register_tiled,48,1,1,,1,0,0,0,2
reached,gemm,float,AUTO,1024,16,16,16,1,vendor,auto,24,1,1,,1,0,0,0,2
reached,gemm,double,AUTO,2304,512,512,512,1,vendor,auto,48,1,1,,1,0,0,0,2
reached,gemm,float,AUTO,1289,32,32,32,512,vendor,auto,48,1,1,,1,0,0,0,1
reached,gemm,double,AUTO,2569,1024,1024,1024,512,native,register_tiled,24,1,1,,1,0,0,0,1
reached,gemm,complex<float>,AUTO,1033,16,16,16,512,vendor,auto,24,1,1,,1,0,0,1,1
reached,gemm,float,AUTO,1544,32,64,16,256,vendor,auto,72,1,1,,1,0,0,0,0
reached,gemm,float,AUTO,1545,64,64,64,512,vendor,auto,48,1,1,,1,0,0,0,0
reached,gemm,complex<double>,AUTO,2311,512,512,512,128,vendor,auto,48,1,1,,1,0,0,1,2
reached,gemm,double,AUTO,2822,2048,2048,2048,64,native,register_tiled,48,1,1,,1,0,0,0,1
reached,gemm,float,AUTO,774,8,8,8,64,vendor,auto,48,1,1,,1,0,0,1,1
reached,gemm,complex<double>,AUTO,1543,64,64,64,128,vendor,auto,48,1,1,,1,0,0,2,2
reached,gemm,double,AUTO,2054,256,256,256,64,native,register_tiled,48,1,1,,1,0,0,1,1
reached,gemm,float,AUTO,1536,64,64,64,1,vendor,auto,48,1,1,,1,0,0,0,0
reached,gemm,complex<double>,AUTO,2304,512,512,512,1,vendor,auto,48,1,1,,1,0,0,0,2
reached,gemm,double,AUTO,1285,32,32,32,63,vendor,auto,48,1,1,,1,0,0,1,2
reached,gemm,float,AUTO,1547,64,64,64,2048,vendor,auto,48,1,1,,1,0,0,0,2
reached,gemm,float,AUTO,777,8,8,8,512,vendor,auto,24,1,1,,1,0,0,0,2
reached,gemm,double,AUTO,2057,256,256,256,512,native,register_tiled,24,1,1,,1,0,0,0,2
reached,gemm,float,AUTO,768,8,8,8,1,vendor,auto,24,1,1,,1,0,0,0,2
reached,gemm,double,AUTO,2048,256,256,256,1,vendor,auto,24,1,1,,1,0,0,0,2
reached,gemm,float,AUTO,1033,16,16,16,512,vendor,auto,24,1,1,,1,0,0,0,1
reached,gemm,double,AUTO,2313,512,512,512,512,native,register_tiled,48,1,1,,1,0,0,0,1
reached,gemm,complex<double>,AUTO,2825,2048,2048,2048,512,vendor,auto,24,1,1,,1,0,0,0,1
reached,gemm,complex<float>,AUTO,777,8,8,8,512,vendor,auto,24,1,1,,1,0,0,1,1
reached,gemm,float,AUTO,1288,16,32,8,256,vendor,auto,60,1,1,,1,0,0,0,0
reached,gemm,complex<float>,AUTO,2822,2048,2048,2048,64,vendor,auto,48,1,1,,1,0,0,1,2
reached,gemm,double,AUTO,774,8,8,8,64,native,register_tiled,48,1,1,,1,0,0,2,2
reached,gemm,float,AUTO,1803,128,128,128,2048,vendor,auto,24,1,1,,1,0,0,2,2
reached,gemm,double,AUTO,2304,512,512,512,1,vendor,auto,48,1,1,,1,0,0,0,1
reached,gemm,float,AUTO,1289,32,32,32,512,native,register_tiled,48,1,1,,1,0,0,0,0
reached,gemm,double,AUTO,2569,1024,1024,1024,512,native,register_tiled,24,1,1,,1,0,0,0,0
reached,gemm,complex<double>,AUTO,2048,256,256,256,1,vendor,auto,24,1,1,,1,0,0,0,2
reached,gemm,double,AUTO,1029,16,16,16,63,vendor,auto,24,1,1,,1,0,0,1,2
reached,gemm,float,AUTO,1291,32,32,32,2048,vendor,auto,48,1,1,,1,0,0,0,2
reached,gemm,complex<float>,AUTO,1542,64,64,64,64,vendor,auto,96,1,1,,1,0,0,0,2
reached,gemm,double,AUTO,2571,1024,1024,1024,2048,native,register_tiled,24,1,1,,1,0,0,0,2
reached,gemm,complex<double>,AUTO,2311,512,512,512,128,vendor,auto,48,1,1,,1,0,0,1,1
reached,gemm,double,AUTO,2822,2048,2048,2048,64,native,register_tiled,48,1,1,,1,0,0,0,0
reached,gemm,float,AUTO,774,8,8,8,64,vendor,auto,48,1,1,,1,0,0,1,0
reached,gemm,complex<double>,AUTO,1543,64,64,64,128,vendor,auto,48,1,1,,1,0,0,2,1
reached,gemm,double,AUTO,2054,256,256,256,64,native,register_tiled,48,1,1,,1,0,0,1,0
reached,gemm,complex<float>,AUTO,1799,128,128,128,128,vendor,auto,24,1,1,,1,0,0,2,1
reached,gemm,float,AUTO,2310,512,512,512,64,vendor,auto,96,1,1,,1,0,0,1,0
reached,gemm,complex<float>,AUTO,2560,1024,1024,1024,1,vendor,auto,24,1,1,,1,0,0,0,1
reached,gemm,complex<float>,AUTO,1030,16,16,16,64,vendor,auto,48,1,1,,1,0,0,2,2
reached,gemm,double,AUTO,2059,256,256,256,2048,native,register_tiled,24,1,1,,1,0,0,2,2
reached,gemm,float,AUTO,1541,64,64,64,63,vendor,auto,48,1,1,,1,0,0,1,1
reached,gemm,complex<double>,AUTO,2310,512,512,512,64,vendor,auto,96,1,1,,1,0,0,2,2
reached,gemm,complex<float>,AUTO,1792,128,128,128,1,vendor,auto,24,1,1,,1,0,0,1,1
reached,gemm,float,AUTO,773,8,8,8,63,vendor,auto,24,1,1,,1,0,0,2,1
reached,gemm,double,AUTO,2821,2048,2048,2048,63,vendor,auto,24,1,1,,1,0,0,1,1
reached,gemm,double,AUTO,2816,2048,2048,2048,1,vendor,auto,24,1,1,,1,0,0,1,0
reached,gemm,float,AUTO,768,8,8,8,1,vendor,auto,24,1,1,,1,0,0,2,0
reached,gemm,double,AUTO,2048,256,256,256,1,vendor,auto,24,1,1,,1,0,0,2,0
reached,gemm,complex<float>,AUTO,1543,64,64,64,128,vendor,auto,48,1,1,,1,0,0,2,1
reached,gemm,float,AUTO,2054,256,256,256,64,vendor,auto,48,1,1,,1,0,0,1,0
reached,gemm,complex<double>,AUTO,2822,2048,2048,2048,64,vendor,auto,48,1,1,,1,0,0,1,2
reached,gemm,complex<float>,AUTO,2304,512,512,512,1,vendor,auto,48,1,1,,1,0,0,0,1
reached,gemm,complex<float>,AUTO,774,8,8,8,64,vendor,auto,48,1,1,,1,0,0,2,2
reached,gemm,float,AUTO,1285,32,32,32,63,vendor,auto,48,1,1,,1,0,0,1,1
reached,gemm,double,AUTO,1803,128,128,128,2048,native,register_tiled,24,1,1,,1,0,0,2,2
reached,gemm,float,AUTO,1539,64,64,64,8,vendor,auto,48,1,1,,1,0,0,2,0
reached,gemm,double,AUTO,2819,2048,2048,2048,8,vendor,auto,24,1,1,,1,0,0,2,0
reached,gemm,complex<float>,AUTO,2560,1024,1024,1024,1,vendor,auto,24,1,1,,1,0,0,1,2
reached,gemm,float,AUTO,1541,64,64,64,63,vendor,auto,48,1,1,,1,0,0,2,2
reached,gemm,complex<float>,AUTO,1792,128,128,128,1,vendor,auto,24,1,1,,1,0,0,2,2
reached,gemm,double,AUTO,2821,2048,2048,2048,63,vendor,auto,24,1,1,,1,0,0,2,2
reached,gemm,float,AUTO,1024,16,16,16,1,vendor,auto,24,1,1,,1,0,0,2,0
reached,gemm,double,AUTO,2304,512,512,512,1,vendor,auto,48,1,1,,1,0,0,2,0
reached,gemm,float,AUTO,1033,16,16,16,512,vendor,auto,24,1,1,,1,0,0,2,0
reached,gemm,double,AUTO,2313,512,512,512,512,native,register_tiled,48,1,1,,1,0,0,2,0
reached,gemm,complex<float>,AUTO,2560,1024,1024,1024,1,vendor,auto,24,1,1,,1,0,0,0,2
reached,gemm,float,AUTO,1541,64,64,64,63,vendor,auto,48,1,1,,1,0,0,1,2
reached,gemm,complex<float>,AUTO,1792,128,128,128,1,vendor,auto,24,1,1,,1,0,0,1,2
reached,gemm,float,AUTO,773,8,8,8,63,vendor,auto,24,1,1,,1,0,0,2,2
reached,gemm,double,AUTO,2821,2048,2048,2048,63,vendor,auto,24,1,1,,1,0,0,1,2
reached,gemm,double,AUTO,2816,2048,2048,2048,1,vendor,auto,24,1,1,,1,0,0,1,1
reached,gemm,float,AUTO,768,8,8,8,1,vendor,auto,24,1,1,,1,0,0,2,1
reached,gemm,double,AUTO,2048,256,256,256,1,vendor,auto,24,1,1,,1,0,0,2,1
reached,gemm,float,AUTO,779,8,8,8,2048,native,register_tiled,24,1,1,,1,0,0,0,0
reached,gemm,complex<float>,AUTO,2313,512,512,512,512,vendor,auto,48,1,1,,1,0,0,1,2
reached,gemm,double,AUTO,1795,128,128,128,8,vendor,auto,24,1,1,,1,0,0,0,1
reached,gemm,complex<float>,AUTO,1030,16,16,16,64,vendor,auto,48,1,1,,1,0,0,0,0
reached,gemm,double,AUTO,2059,256,256,256,2048,native,register_tiled,24,1,1,,1,0,0,0,0
reached,gemm,float,AUTO,2819,2048,2048,2048,8,vendor,auto,24,1,1,,1,0,0,0,0
reached,gemm,float,AUTO,1289,32,32,32,512,vendor,auto,48,1,1,,1,0,0,2,1
reached,gemm,float,AUTO,2051,256,256,256,8,vendor,auto,24,1,1,,1,0,0,1,0
reached,gemm,double,AUTO,2569,1024,1024,1024,512,native,register_tiled,24,1,1,,1,0,0,2,1
reached,gemm,float,AUTO,1024,16,16,16,1,vendor,auto,24,1,1,,1,0,0,2,2
reached,gemm,double,AUTO,2304,512,512,512,1,vendor,auto,48,1,1,,1,0,0,2,2
reached,gemm,float,AUTO,1545,64,64,64,512,vendor,auto,48,1,1,,1,0,0,2,0
reached,gemm,float,AUTO,1280,32,32,32,1,vendor,auto,48,1,1,,1,0,0,2,1
reached,gemm,double,AUTO,2560,1024,1024,1024,1,vendor,auto,24,1,1,,1,0,0,2,1
reached,gemm,complex<float>,AUTO,2566,1024,1024,1024,64,vendor,auto,48,1,1,,1,0,0,1,2
reached,gemm,double,AUTO,2048,256,256,256,1,vendor,auto,24,1,1,,1,0,0,0,1
reached,gemm,float,AUTO,1547,64,64,64,2048,vendor,auto,48,1,1,,1,0,0,2,2
reached,gemm,double,AUTO,1031,16,16,16,128,native,register_tiled,24,1,1,,1,0,0,1,0
reached,gemm,float,AUTO,1536,64,64,64,1,vendor,auto,48,1,1,,1,0,0,2,0
reached,gemm,double,AUTO,2816,2048,2048,2048,1,vendor,auto,24,1,1,,1,0,0,2,0
reached,gemm,double,AUTO,2825,2048,2048,2048,512,native,register_tiled,24,1,1,,1,0,0,2,1
reached,gemm,float,AUTO,2307,512,512,512,8,vendor,auto,48,1,1,,1,0,0,1,0
reached,gemm,float,AUTO,1545,64,64,64,512,vendor,auto,48,1,1,,1,0,0,2,1
reached,gemm,float,AUTO,1280,32,32,32,1,vendor,auto,48,1,1,,1,0,0,2,2
reached,gemm,double,AUTO,2560,1024,1024,1024,1,vendor,auto,24,1,1,,1,0,0,2,2
reached,gemm,float,AUTO,1801,128,128,128,512,vendor,auto,24,1,1,,1,0,0,2,0
reached,gemm,float,AUTO,1536,64,64,64,1,vendor,auto,48,1,1,,1,0,0,2,1
reached,gemm,double,AUTO,2816,2048,2048,2048,1,vendor,auto,24,1,1,,1,0,0,2,1
reached,gemm,float,AUTO,2563,1024,1024,1024,8,vendor,auto,24,1,1,,1,0,0,1,0
reached,gemm,float,AUTO,1801,128,128,128,512,vendor,auto,24,1,1,,1,0,0,2,1
reached,gemm,float,AUTO,1536,64,64,64,1,vendor,auto,48,1,1,,1,0,0,2,2
reached,gemm,double,AUTO,2816,2048,2048,2048,1,vendor,auto,24,1,1,,1,0,0,2,2
reached,gemm,complex<double>,AUTO,1283,32,32,32,8,vendor,auto,48,1,1,,1,0,0,1,2
reached,gemm,float,AUTO,2823,2048,2048,2048,128,vendor,auto,24,1,1,,1,0,0,0,1
reached,gemm,float,AUTO,2823,2048,2048,2048,128,vendor,auto,24,1,1,,1,0,0,0,2
reached,gemm,complex<double>,AUTO,1283,32,32,32,8,vendor,auto,48,1,1,,1,0,0,2,1
reached,gemm,float,AUTO,2823,2048,2048,2048,128,vendor,auto,24,1,1,,1,0,0,1,0
reached,gemm,complex<double>,AUTO,1283,32,32,32,8,vendor,auto,48,1,1,,1,0,0,2,2
reached,gemm,float,AUTO,2823,2048,2048,2048,128,vendor,auto,24,1,1,,1,0,0,1,1
reached,gemm,float,AUTO,2823,2048,2048,2048,128,vendor,auto,24,1,1,,1,0,0,2,0
reached,gemm,float,AUTO,2823,2048,2048,2048,128,vendor,auto,24,1,1,,1,0,0,2,1
reached,gemm,complex<double>,AUTO,1285,32,32,32,63,vendor,auto,48,1,1,,1,0,0,1,1
reached,gemm,float,AUTO,2825,2048,2048,2048,512,vendor,auto,24,1,1,,1,0,0,0,0
reached,gemm,complex<double>,AUTO,1285,32,32,32,63,vendor,auto,48,1,1,,1,0,0,1,2
reached,gemm,float,AUTO,2825,2048,2048,2048,512,vendor,auto,24,1,1,,1,0,0,0,1
reached,gemm,float,AUTO,2825,2048,2048,2048,512,vendor,auto,24,1,1,,1,0,0,0,2
reached,gemm,complex<double>,AUTO,1285,32,32,32,63,vendor,auto,48,1,1,,1,0,0,2,1
reached,gemm,float,AUTO,2825,2048,2048,2048,512,vendor,auto,24,1,1,,1,0,0,1,0
reached,gemm,complex<double>,AUTO,1285,32,32,32,63,vendor,auto,48,1,1,,1,0,0,2,2
reached,gemm,float,AUTO,2825,2048,2048,2048,512,vendor,auto,24,1,1,,1,0,0,1,1
reached,gemm,float,AUTO,2825,2048,2048,2048,512,vendor,auto,24,1,1,,1,0,0,2,0
reached,gemm,float,AUTO,2825,2048,2048,2048,512,vendor,auto,24,1,1,,1,0,0,2,1
reached,gemm,complex<double>,AUTO,2313,512,512,512,512,vendor,auto,48,1,1,,1,0,0,0,1
reached,gemm,float,AUTO,776,8,8,8,256,vendor,auto,24,1,1,,1,0,0,0,0
reached,gemm,complex<float>,AUTO,2310,512,512,512,64,vendor,auto,96,1,1,,1,0,0,1,2
reached,gemm,float,AUTO,1291,32,32,32,2048,vendor,auto,48,1,1,,1,0,0,2,2
reached,gemm,float,AUTO,2821,2048,2048,2048,63,vendor,auto,24,1,1,,1,0,0,0,1
reached,gemm,double,AUTO,1792,128,128,128,1,vendor,auto,24,1,1,,1,0,0,0,1
reached,gemm,complex<double>,AUTO,1545,64,64,64,512,vendor,auto,48,1,1,,1,0,0,0,1
reached,gemm,float,AUTO,8,0,0,0,256,vendor,auto,144,1,0,,1,0,0,0,0
reached,gemm,complex<float>,AUTO,1542,64,64,64,64,vendor,auto,96,1,1,,1,0,0,1,2
reached,gemm,double,AUTO,2571,1024,1024,1024,2048,native,register_tiled,24,1,1,,1,0,0,1,2
reached,gemm,float,AUTO,2053,256,256,256,63,vendor,auto,24,1,1,,1,0,0,0,1
reached,gemm,double,AUTO,1024,16,16,16,1,vendor,auto,24,1,1,,1,0,0,0,1
reached,gemm,complex<float>,AUTO,1286,32,32,32,64,vendor,auto,96,1,1,,1,0,0,1,1
reached,gemm,double,AUTO,2315,512,512,512,2048,native,register_tiled,48,1,1,,1,0,0,1,1
reached,gemm,float,AUTO,1797,128,128,128,63,vendor,auto,24,1,1,,1,0,0,0,0
reached,gemm,double,AUTO,768,8,8,8,1,vendor,auto,24,1,1,,1,0,0,0,0
reached,gemm,complex<float>,AUTO,1286,32,32,32,64,vendor,auto,96,1,1,,1,0,0,1,2
reached,gemm,double,AUTO,2315,512,512,512,2048,native,register_tiled,48,1,1,,1,0,0,1,2
reached,gemm,float,AUTO,1797,128,128,128,63,vendor,auto,24,1,1,,1,0,0,0,1
reached,gemm,double,AUTO,768,8,8,8,1,vendor,auto,24,1,1,,1,0,0,0,1
reached,gemm,float,AUTO,1797,128,128,128,63,vendor,auto,24,1,1,,1,0,0,0,2
reached,gemm,double,AUTO,768,8,8,8,1,vendor,auto,24,1,1,,1,0,0,0,2
reached,gemm,complex<float>,AUTO,2816,2048,2048,2048,1,vendor,auto,24,1,1,,1,0,0,0,0
reached,gemm,complex<float>,AUTO,1286,32,32,32,64,vendor,auto,96,1,1,,1,0,0,2,1
reached,gemm,float,AUTO,1797,128,128,128,63,vendor,auto,24,1,1,,1,0,0,1,0
reached,gemm,double,AUTO,2315,512,512,512,2048,native,register_tiled,48,1,1,,1,0,0,2,1
reached,gemm,double,AUTO,768,8,8,8,1,vendor,auto,24,1,1,,1,0,0,1,0
reached,gemm,complex<float>,AUTO,2816,2048,2048,2048,1,vendor,auto,24,1,1,,1,0,0,0,1
reached,gemm,complex<float>,AUTO,1286,32,32,32,64,vendor,auto,96,1,1,,1,0,0,2,2
reached,gemm,double,AUTO,2315,512,512,512,2048,native,register_tiled,48,1,1,,1,0,0,2,2
reached,gemm,float,AUTO,1797,128,128,128,63,vendor,auto,24,1,1,,1,0,0,1,1
reached,gemm,double,AUTO,768,8,8,8,1,vendor,auto,24,1,1,,1,0,0,1,1
reached,gemm,complex<float>,AUTO,2816,2048,2048,2048,1,vendor,auto,24,1,1,,1,0,0,0,2
reached,gemm,float,AUTO,1797,128,128,128,63,vendor,auto,24,1,1,,1,0,0,1,2
reached,gemm,double,AUTO,768,8,8,8,1,vendor,auto,24,1,1,,1,0,0,1,2
reached,gemm,complex<float>,AUTO,2816,2048,2048,2048,1,vendor,auto,24,1,1,,1,0,0,1,0
reached,gemm,float,AUTO,1797,128,128,128,63,vendor,auto,24,1,1,,1,0,0,2,0
reached,gemm,double,AUTO,768,8,8,8,1,vendor,auto,24,1,1,,1,0,0,2,0
reached,gemm,complex<float>,AUTO,2816,2048,2048,2048,1,vendor,auto,24,1,1,,1,0,0,1,1
reached,gemm,float,AUTO,1797,128,128,128,63,vendor,auto,24,1,1,,1,0,0,2,1
reached,gemm,double,AUTO,768,8,8,8,1,vendor,auto,24,1,1,,1,0,0,2,1
reached,gemm,complex<float>,AUTO,2816,2048,2048,2048,1,vendor,auto,24,1,1,,1,0,0,1,2
reached,gemm,float,AUTO,1797,128,128,128,63,vendor,auto,24,1,1,,1,0,0,2,2
reached,gemm,double,AUTO,768,8,8,8,1,vendor,auto,24,1,1,,1,0,0,2,2
reached,gemm,complex<float>,AUTO,1289,32,32,32,512,vendor,auto,48,1,1,,1,0,0,1,2
reached,gemm,double,AUTO,771,8,8,8,8,vendor,auto,24,1,1,,1,0,0,0,1
reached,gemm,double,AUTO,1035,16,16,16,2048,native,register_tiled,24,1,1,,1,0,0,0,0
reached,gemm,double,AUTO,771,8,8,8,8,vendor,auto,24,1,1,,1,0,0,0,2
reached,gemm,double,AUTO,1035,16,16,16,2048,native,register_tiled,24,1,1,,1,0,0,0,1
reached,gemm,complex<float>,AUTO,2819,2048,2048,2048,8,vendor,auto,24,1,1,,1,0,0,0,1
reached,gemm,complex<float>,AUTO,1289,32,32,32,512,vendor,auto,48,1,1,,1,0,0,2,2
reached,gemm,double,AUTO,771,8,8,8,8,vendor,auto,24,1,1,,1,0,0,1,1
reached,gemm,complex<double>,AUTO,2054,256,256,256,64,vendor,auto,48,1,1,,1,0,0,0,0
reached,gemm,double,AUTO,1035,16,16,16,2048,native,register_tiled,24,1,1,,1,0,0,1,0
reached,gemm,complex<float>,AUTO,2819,2048,2048,2048,8,vendor,auto,24,1,1,,1,0,0,0,2
reached,gemm,double,AUTO,771,8,8,8,8,vendor,auto,24,1,1,,1,0,0,1,2
reached,gemm,complex<double>,AUTO,2054,256,256,256,64,vendor,auto,48,1,1,,1,0,0,0,1
reached,gemm,double,AUTO,1035,16,16,16,2048,native,register_tiled,24,1,1,,1,0,0,1,1
reached,gemm,complex<float>,AUTO,2819,2048,2048,2048,8,vendor,auto,24,1,1,,1,0,0,1,0
reached,gemm,double,AUTO,771,8,8,8,8,vendor,auto,24,1,1,,1,0,0,2,0
reached,gemm,complex<float>,AUTO,2819,2048,2048,2048,8,vendor,auto,24,1,1,,1,0,0,1,1
reached,gemm,double,AUTO,771,8,8,8,8,vendor,auto,24,1,1,,1,0,0,2,1
reached,gemm,complex<double>,AUTO,2054,256,256,256,64,vendor,auto,48,1,1,,1,0,0,1,0
reached,gemm,double,AUTO,1035,16,16,16,2048,native,register_tiled,24,1,1,,1,0,0,2,0
reached,gemm,complex<float>,AUTO,2819,2048,2048,2048,8,vendor,auto,24,1,1,,1,0,0,1,2
reached,gemm,double,AUTO,771,8,8,8,8,vendor,auto,24,1,1,,1,0,0,2,2
reached,gemm,complex<double>,AUTO,2054,256,256,256,64,vendor,auto,48,1,1,,1,0,0,1,1
reached,gemm,complex<float>,AUTO,1536,64,64,64,1,vendor,auto,48,1,1,,1,0,0,0,0
reached,gemm,double,AUTO,2565,1024,1024,1024,63,vendor,auto,24,1,1,,1,0,0,0,0
reached,gemm,double,AUTO,1035,16,16,16,2048,native,register_tiled,24,1,1,,1,0,0,2,1
reached,gemm,complex<float>,AUTO,1291,32,32,32,2048,vendor,auto,48,1,1,,1,0,0,1,2
reached,gemm,double,AUTO,773,8,8,8,63,vendor,auto,24,1,1,,1,0,0,0,1
reached,gemm,double,AUTO,773,8,8,8,63,vendor,auto,24,1,1,,1,0,0,0,2
reached,gemm,complex<double>,AUTO,1792,128,128,128,1,vendor,auto,24,1,1,,1,0,0,0,1
reached,gemm,complex<float>,AUTO,2821,2048,2048,2048,63,vendor,auto,24,1,1,,1,0,0,0,1
reached,gemm,complex<float>,AUTO,1291,32,32,32,2048,vendor,auto,48,1,1,,1,0,0,2,2
reached,gemm,double,AUTO,773,8,8,8,63,vendor,auto,24,1,1,,1,0,0,1,1
reached,gemm,complex<double>,AUTO,1792,128,128,128,1,vendor,auto,24,1,1,,1,0,0,1,0
reached,gemm,complex<float>,AUTO,2821,2048,2048,2048,63,vendor,auto,24,1,1,,1,0,0,1,0
reached,gemm,double,AUTO,773,8,8,8,63,vendor,auto,24,1,1,,1,0,0,2,0
reached,gemm,complex<double>,AUTO,1792,128,128,128,1,vendor,auto,24,1,1,,1,0,0,1,1
reached,gemm,complex<float>,AUTO,2821,2048,2048,2048,63,vendor,auto,24,1,1,,1,0,0,1,1
reached,gemm,double,AUTO,773,8,8,8,63,vendor,auto,24,1,1,,1,0,0,2,1
reached,gemm,double,AUTO,777,8,8,8,512,native,register_tiled,24,1,1,,1,0,0,0,2
reached,gemm,complex<float>,AUTO,2825,2048,2048,2048,512,vendor,auto,24,1,1,,1,0,0,0,2
reached,gemm,double,AUTO,777,8,8,8,512,native,register_tiled,24,1,1,,1,0,0,1,2
reached,gemm,complex<float>,AUTO,2825,2048,2048,2048,512,vendor,auto,24,1,1,,1,0,0,1,2
reached,gemm,double,AUTO,2307,512,512,512,8,vendor,auto,48,1,1,,1,0,0,0,1
reached,gemm,double,AUTO,777,8,8,8,512,native,register_tiled,24,1,1,,1,0,0,2,2
reached,gemm,double,AUTO,779,8,8,8,2048,native,register_tiled,24,1,1,,1,0,0,0,0
reached,gemm,double,AUTO,779,8,8,8,2048,native,register_tiled,24,1,1,,1,0,0,0,1
reached,gemm,double,AUTO,779,8,8,8,2048,native,register_tiled,24,1,1,,1,0,0,0,2
reached,gemm,complex<double>,AUTO,1798,128,128,128,64,vendor,auto,48,1,1,,1,0,0,0,0
reached,gemm,complex<float>,AUTO,2827,2048,2048,2048,2048,vendor,auto,24,1,1,,1,0,0,0,0
reached,gemm,double,AUTO,779,8,8,8,2048,native,register_tiled,24,1,1,,1,0,0,1,0
reached,gemm,complex<double>,AUTO,1798,128,128,128,64,vendor,auto,48,1,1,,1,0,0,0,1
reached,gemm,complex<float>,AUTO,2827,2048,2048,2048,2048,vendor,auto,24,1,1,,1,0,0,0,1
reached,gemm,double,AUTO,779,8,8,8,2048,native,register_tiled,24,1,1,,1,0,0,1,1
reached,gemm,complex<double>,AUTO,1798,128,128,128,64,vendor,auto,48,1,1,,1,0,0,1,0
reached,gemm,complex<float>,AUTO,2827,2048,2048,2048,2048,vendor,auto,24,1,1,,1,0,0,1,0
reached,gemm,double,AUTO,779,8,8,8,2048,native,register_tiled,24,1,1,,1,0,0,2,0
reached,gemm,complex<double>,AUTO,1798,128,128,128,64,vendor,auto,48,1,1,,1,0,0,1,1
reached,gemm,complex<float>,AUTO,2827,2048,2048,2048,2048,vendor,auto,24,1,1,,1,0,0,1,1
reached,gemm,complex<float>,AUTO,1280,32,32,32,1,vendor,auto,48,1,1,,1,0,0,0,0
reached,gemm,double,AUTO,2309,512,512,512,63,vendor,auto,48,1,1,,1,0,0,0,0
reached,gemm,double,AUTO,779,8,8,8,2048,native,register_tiled,24,1,1,,1,0,0,2,1
reached,gemm,complex<float>,AUTO,1542,64,64,64,64,vendor,auto,96,1,1,,1,0,0,1,1
reached,gemm,double,AUTO,2571,1024,1024,1024,2048,native,register_tiled,24,1,1,,1,0,0,1,1
reached,gemm,float,AUTO,2053,256,256,256,63,vendor,auto,24,1,1,,1,0,0,0,0
reached,gemm,double,AUTO,1024,16,16,16,1,vendor,auto,24,1,1,,1,0,0,0,0
reached,gemm,float,AUTO,2053,256,256,256,63,vendor,auto,24,1,1,,1,0,0,0,2
reached,gemm,double,AUTO,1024,16,16,16,1,vendor,auto,24,1,1,,1,0,0,0,2
reached,gemm,complex<float>,AUTO,1542,64,64,64,64,vendor,auto,96,1,1,,1,0,0,2,1
reached,gemm,float,AUTO,2053,256,256,256,63,vendor,auto,24,1,1,,1,0,0,1,0
reached,gemm,double,AUTO,2571,1024,1024,1024,2048,native,register_tiled,24,1,1,,1,0,0,2,1
reached,gemm,double,AUTO,1024,16,16,16,1,vendor,auto,24,1,1,,1,0,0,1,0
reached,gemm,complex<float>,AUTO,1542,64,64,64,64,vendor,auto,96,1,1,,1,0,0,2,2
reached,gemm,double,AUTO,2571,1024,1024,1024,2048,native,register_tiled,24,1,1,,1,0,0,2,2
reached,gemm,float,AUTO,2053,256,256,256,63,vendor,auto,24,1,1,,1,0,0,1,1
reached,gemm,double,AUTO,1024,16,16,16,1,vendor,auto,24,1,1,,1,0,0,1,1
reached,gemm,float,AUTO,2053,256,256,256,63,vendor,auto,24,1,1,,1,0,0,1,2
reached,gemm,double,AUTO,1024,16,16,16,1,vendor,auto,24,1,1,,1,0,0,1,2
reached,gemm,float,AUTO,2053,256,256,256,63,vendor,auto,24,1,1,,1,0,0,2,0
reached,gemm,double,AUTO,1024,16,16,16,1,vendor,auto,24,1,1,,1,0,0,2,0
reached,gemm,float,AUTO,2053,256,256,256,63,vendor,auto,24,1,1,,1,0,0,2,1
reached,gemm,double,AUTO,1024,16,16,16,1,vendor,auto,24,1,1,,1,0,0,2,1
reached,gemm,float,AUTO,2053,256,256,256,63,vendor,auto,24,1,1,,1,0,0,2,2
reached,gemm,double,AUTO,1024,16,16,16,1,vendor,auto,24,1,1,,1,0,0,2,2
reached,gemm,complex<float>,AUTO,1545,64,64,64,512,vendor,auto,48,1,1,,1,0,0,1,2
reached,gemm,double,AUTO,1027,16,16,16,8,vendor,auto,24,1,1,,1,0,0,0,1
reached,gemm,double,AUTO,1291,32,32,32,2048,native,register_tiled,48,1,1,,1,0,0,0,0
reached,gemm,double,AUTO,1027,16,16,16,8,vendor,auto,24,1,1,,1,0,0,0,2
reached,gemm,double,AUTO,1291,32,32,32,2048,native,register_tiled,48,1,1,,1,0,0,0,1
reached,gemm,complex<float>,AUTO,1545,64,64,64,512,vendor,auto,48,1,1,,1,0,0,2,2
reached,gemm,double,AUTO,1027,16,16,16,8,vendor,auto,24,1,1,,1,0,0,1,1
reached,gemm,complex<double>,AUTO,2310,512,512,512,64,vendor,auto,96,1,1,,1,0,0,0,0
reached,gemm,double,AUTO,1291,32,32,32,2048,native,register_tiled,48,1,1,,1,0,0,1,0
reached,gemm,double,AUTO,1027,16,16,16,8,vendor,auto,24,1,1,,1,0,0,1,2
reached,gemm,complex<double>,AUTO,2310,512,512,512,64,vendor,auto,96,1,1,,1,0,0,0,1
reached,gemm,float,AUTO,773,8,8,8,63,vendor,auto,24,1,1,,1,0,0,0,0
reached,gemm,double,AUTO,1291,32,32,32,2048,native,register_tiled,48,1,1,,1,0,0,1,1
reached,gemm,double,AUTO,1027,16,16,16,8,vendor,auto,24,1,1,,1,0,0,2,0
reached,gemm,double,AUTO,1027,16,16,16,8,vendor,auto,24,1,1,,1,0,0,2,1
reached,gemm,complex<double>,AUTO,2310,512,512,512,64,vendor,auto,96,1,1,,1,0,0,1,0
reached,gemm,double,AUTO,1291,32,32,32,2048,native,register_tiled,48,1,1,,1,0,0,2,0
reached,gemm,double,AUTO,1027,16,16,16,8,vendor,auto,24,1,1,,1,0,0,2,2
reached,gemm,complex<double>,AUTO,2310,512,512,512,64,vendor,auto,96,1,1,,1,0,0,1,1
reached,gemm,complex<float>,AUTO,1792,128,128,128,1,vendor,auto,24,1,1,,1,0,0,0,0
reached,gemm,float,AUTO,773,8,8,8,63,vendor,auto,24,1,1,,1,0,0,1,0
reached,gemm,double,AUTO,2821,2048,2048,2048,63,vendor,auto,24,1,1,,1,0,0,0,0
reached,gemm,double,AUTO,1291,32,32,32,2048,native,register_tiled,48,1,1,,1,0,0,2,1
reached,gemm,complex<float>,AUTO,1547,64,64,64,2048,vendor,auto,48,1,1,,1,0,0,1,2
reached,gemm,double,AUTO,1029,16,16,16,63,vendor,auto,24,1,1,,1,0,0,0,1
reached,gemm,double,AUTO,1029,16,16,16,63,vendor,auto,24,1,1,,1,0,0,0,2
reached,gemm,complex<double>,AUTO,2048,256,256,256,1,vendor,auto,24,1,1,,1,0,0,0,1
reached,gemm,complex<float>,AUTO,1547,64,64,64,2048,vendor,auto,48,1,1,,1,0,0,2,2
reached,gemm,double,AUTO,1029,16,16,16,63,vendor,auto,24,1,1,,1,0,0,1,1
reached,gemm,complex<double>,AUTO,2048,256,256,256,1,vendor,auto,24,1,1,,1,0,0,1,0
reached,gemm,double,AUTO,1029,16,16,16,63,vendor,auto,24,1,1,,1,0,0,2,0
reached,gemm,complex<double>,AUTO,2048,256,256,256,1,vendor,auto,24,1,1,,1,0,0,1,1
reached,gemm,double,AUTO,1029,16,16,16,63,vendor,auto,24,1,1,,1,0,0,2,1
reached,gemm,float,AUTO,2059,256,256,256,2048,vendor,auto,24,1,1,,1,0,0,0,0
reached,gemm,double,AUTO,1030,16,16,16,64,native,register_tiled,48,1,1,,1,0,0,0,0
reached,gemm,float,AUTO,2059,256,256,256,2048,vendor,auto,24,1,1,,1,0,0,0,1
reached,gemm,double,AUTO,1030,16,16,16,64,native,register_tiled,48,1,1,,1,0,0,0,1
reached,gemm,float,AUTO,2059,256,256,256,2048,vendor,auto,24,1,1,,1,0,0,0,2
reached,gemm,double,AUTO,1030,16,16,16,64,native,register_tiled,48,1,1,,1,0,0,0,2
reached,gemm,float,AUTO,2059,256,256,256,2048,vendor,auto,24,1,1,,1,0,0,1,0
reached,gemm,double,AUTO,1030,16,16,16,64,native,register_tiled,48,1,1,,1,0,0,1,0
reached,gemm,float,AUTO,2059,256,256,256,2048,vendor,auto,24,1,1,,1,0,0,1,1
reached,gemm,double,AUTO,1030,16,16,16,64,native,register_tiled,48,1,1,,1,0,0,1,1
reached,gemm,float,AUTO,2059,256,256,256,2048,vendor,auto,24,1,1,,1,0,0,1,2
reached,gemm,double,AUTO,1030,16,16,16,64,native,register_tiled,48,1,1,,1,0,0,1,2
reached,gemm,float,AUTO,2059,256,256,256,2048,vendor,auto,24,1,1,,1,0,0,2,0
reached,gemm,double,AUTO,1030,16,16,16,64,native,register_tiled,48,1,1,,1,0,0,2,0
reached,gemm,float,AUTO,2059,256,256,256,2048,vendor,auto,24,1,1,,1,0,0,2,1
reached,gemm,double,AUTO,2560,1024,1024,1024,1,vendor,auto,24,1,1,,1,0,0,0,0
reached,gemm,double,AUTO,1030,16,16,16,64,native,register_tiled,48,1,1,,1,0,0,2,1
reached,gemm,float,AUTO,2059,256,256,256,2048,vendor,auto,24,1,1,,1,0,0,2,2
reached,gemm,double,AUTO,2560,1024,1024,1024,1,vendor,auto,24,1,1,,1,0,0,0,1
reached,gemm,double,AUTO,1030,16,16,16,64,native,register_tiled,48,1,1,,1,0,0,2,2
reached,gemm,double,AUTO,1031,16,16,16,128,native,register_tiled,24,1,1,,1,0,0,0,1
reached,gemm,double,AUTO,1031,16,16,16,128,native,register_tiled,24,1,1,,1,0,0,0,2
reached,gemm,double,AUTO,1031,16,16,16,128,native,register_tiled,24,1,1,,1,0,0,1,1
reached,gemm,double,AUTO,1031,16,16,16,128,native,register_tiled,24,1,1,,1,0,0,1,2
reached,gemm,double,AUTO,1031,16,16,16,128,native,register_tiled,24,1,1,,1,0,0,2,0
reached,gemm,double,AUTO,1031,16,16,16,128,native,register_tiled,24,1,1,,1,0,0,2,1
reached,gemm,double,AUTO,1031,16,16,16,128,native,register_tiled,24,1,1,,1,0,0,2,2
reached,gemm,double,AUTO,1033,16,16,16,512,native,register_tiled,24,1,1,,1,0,0,0,2
reached,gemm,double,AUTO,1033,16,16,16,512,native,register_tiled,24,1,1,,1,0,0,1,2
reached,gemm,double,AUTO,2563,1024,1024,1024,8,vendor,auto,24,1,1,,1,0,0,0,1
reached,gemm,double,AUTO,1033,16,16,16,512,native,register_tiled,24,1,1,,1,0,0,2,2
reached,gemm,double,AUTO,1035,16,16,16,2048,native,register_tiled,24,1,1,,1,0,0,0,2
reached,gemm,complex<float>,AUTO,1798,128,128,128,64,vendor,auto,48,1,1,,1,0,0,1,1
reached,gemm,double,AUTO,2827,2048,2048,2048,2048,native,register_tiled,24,1,1,,1,0,0,1,1
reached,gemm,float,AUTO,2309,512,512,512,63,vendor,auto,48,1,1,,1,0,0,0,0
reached,gemm,float,AUTO,779,8,8,8,2048,vendor,auto,24,1,1,,1,0,0,2,1
reached,gemm,double,AUTO,1280,32,32,32,1,vendor,auto,48,1,1,,1,0,0,0,0
reached,gemm,complex<float>,AUTO,1798,128,128,128,64,vendor,auto,48,1,1,,1,0,0,1,2
reached,gemm,double,AUTO,2827,2048,2048,2048,2048,native,register_tiled,24,1,1,,1,0,0,1,2
reached,gemm,float,AUTO,2309,512,512,512,63,vendor,auto,48,1,1,,1,0,0,0,1
reached,gemm,float,AUTO,779,8,8,8,2048,vendor,auto,24,1,1,,1,0,0,2,2
reached,gemm,double,AUTO,1280,32,32,32,1,vendor,auto,48,1,1,,1,0,0,0,1
reached,gemm,float,AUTO,2309,512,512,512,63,vendor,auto,48,1,1,,1,0,0,0,2
reached,gemm,double,AUTO,1280,32,32,32,1,vendor,auto,48,1,1,,1,0,0,0,2
reached,gemm,complex<float>,AUTO,1798,128,128,128,64,vendor,auto,48,1,1,,1,0,0,2,1
reached,gemm,double,AUTO,2827,2048,2048,2048,2048,native,register_tiled,24,1,1,,1,0,0,2,1
reached,gemm,float,AUTO,2309,512,512,512,63,vendor,auto,48,1,1,,1,0,0,1,0
reached,gemm,double,AUTO,1280,32,32,32,1,vendor,auto,48,1,1,,1,0,0,1,0
reached,gemm,complex<float>,AUTO,1798,128,128,128,64,vendor,auto,48,1,1,,1,0,0,2,2
reached,gemm,double,AUTO,2827,2048,2048,2048,2048,native,register_tiled,24,1,1,,1,0,0,2,2
reached,gemm,float,AUTO,2309,512,512,512,63,vendor,auto,48,1,1,,1,0,0,1,1
reached,gemm,double,AUTO,1280,32,32,32,1,vendor,auto,48,1,1,,1,0,0,1,1
reached,gemm,float,AUTO,2309,512,512,512,63,vendor,auto,48,1,1,,1,0,0,1,2
reached,gemm,double,AUTO,1280,32,32,32,1,vendor,auto,48,1,1,,1,0,0,1,2
reached,gemm,float,AUTO,2309,512,512,512,63,vendor,auto,48,1,1,,1,0,0,2,0
reached,gemm,double,AUTO,1280,32,32,32,1,vendor,auto,48,1,1,,1,0,0,2,0
reached,gemm,float,AUTO,2309,512,512,512,63,vendor,auto,48,1,1,,1,0,0,2,1
reached,gemm,double,AUTO,1280,32,32,32,1,vendor,auto,48,1,1,,1,0,0,2,1
reached,gemm,float,AUTO,2309,512,512,512,63,vendor,auto,48,1,1,,1,0,0,2,2
reached,gemm,double,AUTO,1280,32,32,32,1,vendor,auto,48,1,1,,1,0,0,2,2
reached,gemm,complex<float>,AUTO,1801,128,128,128,512,vendor,auto,24,1,1,,1,0,0,1,2
reached,gemm,double,AUTO,1283,32,32,32,8,vendor,auto,48,1,1,,1,0,0,0,1
reached,gemm,double,AUTO,1547,64,64,64,2048,native,register_tiled,48,1,1,,1,0,0,0,0
reached,gemm,double,AUTO,1283,32,32,32,8,vendor,auto,48,1,1,,1,0,0,0,2
reached,gemm,double,AUTO,1547,64,64,64,2048,native,register_tiled,48,1,1,,1,0,0,0,1
reached,gemm,complex<float>,AUTO,1801,128,128,128,512,vendor,auto,24,1,1,,1,0,0,2,2
reached,gemm,double,AUTO,1283,32,32,32,8,vendor,auto,48,1,1,,1,0,0,1,1
reached,gemm,complex<double>,AUTO,2566,1024,1024,1024,64,vendor,auto,48,1,1,,1,0,0,0,0
reached,gemm,double,AUTO,1547,64,64,64,2048,native,register_tiled,48,1,1,,1,0,0,1,0
reached,gemm,double,AUTO,1283,32,32,32,8,vendor,auto,48,1,1,,1,0,0,1,2
reached,gemm,complex<double>,AUTO,2566,1024,1024,1024,64,vendor,auto,48,1,1,,1,0,0,0,1
reached,gemm,float,AUTO,1029,16,16,16,63,vendor,auto,24,1,1,,1,0,0,0,0
reached,gemm,double,AUTO,1547,64,64,64,2048,native,register_tiled,48,1,1,,1,0,0,1,1
reached,gemm,double,AUTO,1283,32,32,32,8,vendor,auto,48,1,1,,1,0,0,2,0
reached,gemm,double,AUTO,1283,32,32,32,8,vendor,auto,48,1,1,,1,0,0,2,1
reached,gemm,complex<double>,AUTO,2566,1024,1024,1024,64,vendor,auto,48,1,1,,1,0,0,1,0
reached,gemm,double,AUTO,1547,64,64,64,2048,native,register_tiled,48,1,1,,1,0,0,2,0
reached,gemm,double,AUTO,1283,32,32,32,8,vendor,auto,48,1,1,,1,0,0,2,2
reached,gemm,complex<double>,AUTO,2566,1024,1024,1024,64,vendor,auto,48,1,1,,1,0,0,1,1
reached,gemm,complex<float>,AUTO,2048,256,256,256,1,vendor,auto,24,1,1,,1,0,0,0,0
reached,gemm,float,AUTO,1029,16,16,16,63,vendor,auto,24,1,1,,1,0,0,1,0
reached,gemm,double,AUTO,1547,64,64,64,2048,native,register_tiled,48,1,1,,1,0,0,2,1
reached,gemm,complex<double>,AUTO,774,8,8,8,64,vendor,auto,48,1,1,,1,0,0,1,2
reached,gemm,complex<float>,AUTO,1803,128,128,128,2048,vendor,auto,24,1,1,,1,0,0,1,2
reached,gemm,double,AUTO,1285,32,32,32,63,vendor,auto,48,1,1,,1,0,0,0,1
reached,gemm,double,AUTO,1285,32,32,32,63,vendor,auto,48,1,1,,1,0,0,0,2
reached,gemm,complex<double>,AUTO,2304,512,512,512,1,vendor,auto,48,1,1,,1,0,0,0,1
reached,gemm,complex<double>,AUTO,774,8,8,8,64,vendor,auto,48,1,1,,1,0,0,2,2
reached,gemm,complex<float>,AUTO,1803,128,128,128,2048,vendor,auto,24,1,1,,1,0,0,2,2
reached,gemm,double,AUTO,1285,32,32,32,63,vendor,auto,48,1,1,,1,0,0,1,1
reached,gemm,complex<double>,AUTO,2304,512,512,512,1,vendor,auto,48,1,1,,1,0,0,1,0
reached,gemm,double,AUTO,1285,32,32,32,63,vendor,auto,48,1,1,,1,0,0,2,0
reached,gemm,complex<double>,AUTO,2304,512,512,512,1,vendor,auto,48,1,1,,1,0,0,1,1
reached,gemm,double,AUTO,1285,32,32,32,63,vendor,auto,48,1,1,,1,0,0,2,1
reached,gemm,complex<double>,AUTO,775,8,8,8,128,vendor,auto,24,1,1,,1,0,0,1,1
reached,gemm,float,AUTO,2315,512,512,512,2048,vendor,auto,48,1,1,,1,0,0,0,0
reached,gemm,double,AUTO,1286,32,32,32,64,native,register_tiled,96,1,1,,1,0,0,0,0
reached,gemm,complex<double>,AUTO,775,8,8,8,128,vendor,auto,24,1,1,,1,0,0,1,2
reached,gemm,float,AUTO,2315,512,512,512,2048,vendor,auto,48,1,1,,1,0,0,0,1
reached,gemm,double,AUTO,1286,32,32,32,64,native,register_tiled,96,1,1,,1,0,0,0,1
reached,gemm,float,AUTO,2315,512,512,512,2048,vendor,auto,48,1,1,,1,0,0,0,2
reached,gemm,double,AUTO,1286,32,32,32,64,native,register_tiled,96,1,1,,1,0,0,0,2
reached,gemm,complex<double>,AUTO,775,8,8,8,128,vendor,auto,24,1,1,,1,0,0,2,1
reached,gemm,float,AUTO,2315,512,512,512,2048,vendor,auto,48,1,1,,1,0,0,1,0
reached,gemm,double,AUTO,1286,32,32,32,64,native,register_tiled,96,1,1,,1,0,0,1,0
reached,gemm,complex<double>,AUTO,775,8,8,8,128,vendor,auto,24,1,1,,1,0,0,2,2
reached,gemm,float,AUTO,768,8,8,8,1,vendor,auto,32,1,1,,1,0,0,0,0
reached,gemm,float,AUTO,2315,512,512,512,2048,vendor,auto,48,1,1,,1,0,0,1,1
reached,gemm,double,AUTO,1286,32,32,32,64,native,register_tiled,96,1,1,,1,0,0,1,1
reached,gemm,float,AUTO,768,8,8,8,1,vendor,auto,24,1,1,,1,0,0,0,1
reached,gemm,float,AUTO,2315,512,512,512,2048,vendor,auto,48,1,1,,1,0,0,1,2
reached,gemm,double,AUTO,1286,32,32,32,64,native,register_tiled,96,1,1,,1,0,0,1,2
reached,gemm,float,AUTO,2315,512,512,512,2048,vendor,auto,48,1,1,,1,0,0,2,0
reached,gemm,double,AUTO,1286,32,32,32,64,native,register_tiled,96,1,1,,1,0,0,2,0
reached,gemm,float,AUTO,2315,512,512,512,2048,vendor,auto,48,1,1,,1,0,0,2,1
reached,gemm,float,AUTO,768,8,8,8,1,vendor,auto,24,1,1,,1,0,0,1,0
reached,gemm,double,AUTO,2816,2048,2048,2048,1,vendor,auto,24,1,1,,1,0,0,0,0
reached,gemm,double,AUTO,1286,32,32,32,64,native,register_tiled,96,1,1,,1,0,0,2,1
reached,gemm,float,AUTO,2315,512,512,512,2048,vendor,auto,48,1,1,,1,0,0,2,2
reached,gemm,float,AUTO,768,8,8,8,1,vendor,auto,24,1,1,,1,0,0,1,1
reached,gemm,double,AUTO,2816,2048,2048,2048,1,vendor,auto,24,1,1,,1,0,0,0,1
reached,gemm,double,AUTO,1286,32,32,32,64,native,register_tiled,96,1,1,,1,0,0,2,2
reached,gemm,double,AUTO,1287,32,32,32,128,native,register_tiled,48,1,1,,1,0,0,0,1
reached,gemm,double,AUTO,1287,32,32,32,128,native,register_tiled,48,1,1,,1,0,0,0,2
reached,gemm,double,AUTO,1287,32,32,32,128,native,register_tiled,48,1,1,,1,0,0,1,1
reached,gemm,double,AUTO,1287,32,32,32,128,native,register_tiled,48,1,1,,1,0,0,1,2
reached,gemm,double,AUTO,1287,32,32,32,128,native,register_tiled,48,1,1,,1,0,0,2,0
reached,gemm,double,AUTO,1287,32,32,32,128,native,register_tiled,48,1,1,,1,0,0,2,1
reached,gemm,double,AUTO,1287,32,32,32,128,native,register_tiled,48,1,1,,1,0,0,2,2
reached,gemm,double,AUTO,1289,32,32,32,512,native,register_tiled,48,1,1,,1,0,0,0,0
reached,gemm,double,AUTO,1289,32,32,32,512,native,register_tiled,48,1,1,,1,0,0,0,1
reached,gemm,double,AUTO,1289,32,32,32,512,native,register_tiled,48,1,1,,1,0,0,0,2
reached,gemm,double,AUTO,1289,32,32,32,512,native,register_tiled,48,1,1,,1,0,0,1,0
reached,gemm,float,AUTO,771,8,8,8,8,vendor,auto,24,1,1,,1,0,0,0,0
reached,gemm,double,AUTO,1289,32,32,32,512,native,register_tiled,48,1,1,,1,0,0,1,1
reached,gemm,float,AUTO,771,8,8,8,8,vendor,auto,24,1,1,,1,0,0,0,1
reached,gemm,double,AUTO,1289,32,32,32,512,native,register_tiled,48,1,1,,1,0,0,1,2
reached,gemm,double,AUTO,1289,32,32,32,512,native,register_tiled,48,1,1,,1,0,0,2,0
reached,gemm,float,AUTO,771,8,8,8,8,vendor,auto,24,1,1,,1,0,0,1,0
reached,gemm,double,AUTO,2819,2048,2048,2048,8,vendor,auto,24,1,1,,1,0,0,0,0
reached,gemm,double,AUTO,1289,32,32,32,512,native,register_tiled,48,1,1,,1,0,0,2,1
reached,gemm,double,AUTO,2819,2048,2048,2048,8,vendor,auto,24,1,1,,1,0,0,0,1
reached,gemm,float,AUTO,771,8,8,8,8,vendor,auto,24,1,1,,1,0,0,1,1
reached,gemm,double,AUTO,1289,32,32,32,512,native,register_tiled,48,1,1,,1,0,0,2,2
reached,gemm,double,AUTO,1291,32,32,32,2048,native,register_tiled,48,1,1,,1,0,0,0,2
reached,gemm,complex<float>,AUTO,2054,256,256,256,64,vendor,auto,48,1,1,,1,0,0,1,1
reached,gemm,float,AUTO,2565,1024,1024,1024,63,vendor,auto,24,1,1,,1,0,0,0,0
reached,gemm,float,AUTO,1035,16,16,16,2048,vendor,auto,24,1,1,,1,0,0,2,1
reached,gemm,double,AUTO,1536,64,64,64,1,vendor,auto,48,1,1,,1,0,0,0,0
reached,gemm,complex<float>,AUTO,2054,256,256,256,64,vendor,auto,48,1,1,,1,0,0,1,2
reached,gemm,float,AUTO,2565,1024,1024,1024,63,vendor,auto,24,1,1,,1,0,0,0,1
reached,gemm,float,AUTO,1035,16,16,16,2048,vendor,auto,24,1,1,,1,0,0,2,2
reached,gemm,double,AUTO,1536,64,64,64,1,vendor,auto,48,1,1,,1,0,0,0,1
reached,gemm,float,AUTO,2565,1024,1024,1024,63,vendor,auto,24,1,1,,1,0,0,0,2
reached,gemm,double,AUTO,1536,64,64,64,1,vendor,auto,48,1,1,,1,0,0,0,2
reached,gemm,complex<float>,AUTO,2054,256,256,256,64,vendor,auto,48,1,1,,1,0,0,2,1
reached,gemm,float,AUTO,2565,1024,1024,1024,63,vendor,auto,24,1,1,,1,0,0,1,0
reached,gemm,double,AUTO,1536,64,64,64,1,vendor,auto,48,1,1,,1,0,0,1,0
reached,gemm,complex<float>,AUTO,2054,256,256,256,64,vendor,auto,48,1,1,,1,0,0,2,2
reached,gemm,float,AUTO,2565,1024,1024,1024,63,vendor,auto,24,1,1,,1,0,0,1,1
reached,gemm,double,AUTO,1536,64,64,64,1,vendor,auto,48,1,1,,1,0,0,1,1
reached,gemm,float,AUTO,2565,1024,1024,1024,63,vendor,auto,24,1,1,,1,0,0,1,2
reached,gemm,double,AUTO,1536,64,64,64,1,vendor,auto,48,1,1,,1,0,0,1,2
reached,gemm,float,AUTO,2565,1024,1024,1024,63,vendor,auto,24,1,1,,1,0,0,2,0
reached,gemm,double,AUTO,1536,64,64,64,1,vendor,auto,48,1,1,,1,0,0,2,0
reached,gemm,float,AUTO,2565,1024,1024,1024,63,vendor,auto,24,1,1,,1,0,0,2,1
reached,gemm,double,AUTO,1536,64,64,64,1,vendor,auto,48,1,1,,1,0,0,2,1
reached,gemm,float,AUTO,2565,1024,1024,1024,63,vendor,auto,24,1,1,,1,0,0,2,2
reached,gemm,double,AUTO,1536,64,64,64,1,vendor,auto,48,1,1,,1,0,0,2,2
reached,gemm,complex<float>,AUTO,2057,256,256,256,512,vendor,auto,24,1,1,,1,0,0,1,2
reached,gemm,double,AUTO,1539,64,64,64,8,vendor,auto,48,1,1,,1,0,0,0,1
reached,gemm,complex<float>,AUTO,774,8,8,8,64,vendor,auto,48,1,1,,1,0,0,0,0
reached,gemm,double,AUTO,1803,128,128,128,2048,native,register_tiled,24,1,1,,1,0,0,0,0
reached,gemm,double,AUTO,1539,64,64,64,8,vendor,auto,48,1,1,,1,0,0,0,2
reached,gemm,complex<float>,AUTO,774,8,8,8,64,vendor,auto,48,1,1,,1,0,0,0,1
reached,gemm,double,AUTO,1803,128,128,128,2048,native,register_tiled,24,1,1,,1,0,0,0,1
reached,gemm,complex<float>,AUTO,2057,256,256,256,512,vendor,auto,24,1,1,,1,0,0,2,2
reached,gemm,double,AUTO,1539,64,64,64,8,vendor,auto,48,1,1,,1,0,0,1,1
reached,gemm,complex<double>,AUTO,2822,2048,2048,2048,64,vendor,auto,48,1,1,,1,0,0,0,0
reached,gemm,complex<float>,AUTO,774,8,8,8,64,vendor,auto,48,1,1,,1,0,0,1,0
reached,gemm,double,AUTO,1803,128,128,128,2048,native,register_tiled,24,1,1,,1,0,0,1,0
reached,gemm,double,AUTO,1539,64,64,64,8,vendor,auto,48,1,1,,1,0,0,1,2
reached,gemm,complex<double>,AUTO,2822,2048,2048,2048,64,vendor,auto,48,1,1,,1,0,0,0,1
reached,gemm,complex<float>,AUTO,774,8,8,8,64,vendor,auto,48,1,1,,1,0,0,1,1
reached,gemm,float,AUTO,1285,32,32,32,63,vendor,auto,48,1,1,,1,0,0,0,0
reached,gemm,double,AUTO,1803,128,128,128,2048,native,register_tiled,24,1,1,,1,0,0,1,1
reached,gemm,double,AUTO,1539,64,64,64,8,vendor,auto,48,1,1,,1,0,0,2,0
reached,gemm,double,AUTO,1539,64,64,64,8,vendor,auto,48,1,1,,1,0,0,2,1
reached,gemm,complex<double>,AUTO,2822,2048,2048,2048,64,vendor,auto,48,1,1,,1,0,0,1,0
reached,gemm,complex<float>,AUTO,774,8,8,8,64,vendor,auto,48,1,1,,1,0,0,2,0
reached,gemm,double,AUTO,1803,128,128,128,2048,native,register_tiled,24,1,1,,1,0,0,2,0
reached,gemm,double,AUTO,1539,64,64,64,8,vendor,auto,48,1,1,,1,0,0,2,2
reached,gemm,complex<double>,AUTO,2822,2048,2048,2048,64,vendor,auto,48,1,1,,1,0,0,1,1
reached,gemm,complex<float>,AUTO,2304,512,512,512,1,vendor,auto,48,1,1,,1,0,0,0,0
reached,gemm,complex<float>,AUTO,774,8,8,8,64,vendor,auto,48,1,1,,1,0,0,2,1
reached,gemm,float,AUTO,1285,32,32,32,63,vendor,auto,48,1,1,,1,0,0,1,0
reached,gemm,double,AUTO,1803,128,128,128,2048,native,register_tiled,24,1,1,,1,0,0,2,1
reached,gemm,complex<double>,AUTO,1030,16,16,16,64,vendor,auto,48,1,1,,1,0,0,1,2
reached,gemm,complex<float>,AUTO,2059,256,256,256,2048,vendor,auto,24,1,1,,1,0,0,1,2
reached,gemm,double,AUTO,1541,64,64,64,63,vendor,auto,48,1,1,,1,0,0,0,1
reached,gemm,double,AUTO,1541,64,64,64,63,vendor,auto,48,1,1,,1,0,0,0,2
reached,gemm,complex<double>,AUTO,2560,1024,1024,1024,1,vendor,auto,24,1,1,,1,0,0,0,1
reached,gemm,complex<double>,AUTO,1030,16,16,16,64,vendor,auto,48,1,1,,1,0,0,2,2
reached,gemm,complex<float>,AUTO,2059,256,256,256,2048,vendor,auto,24,1,1,,1,0,0,2,2
reached,gemm,double,AUTO,1541,64,64,64,63,vendor,auto,48,1,1,,1,0,0,1,1
reached,gemm,complex<double>,AUTO,2560,1024,1024,1024,1,vendor,auto,24,1,1,,1,0,0,1,0
reached,gemm,double,AUTO,1541,64,64,64,63,vendor,auto,48,1,1,,1,0,0,2,0
reached,gemm,complex<double>,AUTO,2560,1024,1024,1024,1,vendor,auto,24,1,1,,1,0,0,1,1
reached,gemm,double,AUTO,1541,64,64,64,63,vendor,auto,48,1,1,,1,0,0,2,1
reached,gemm,complex<double>,AUTO,1031,16,16,16,128,vendor,auto,24,1,1,,1,0,0,1,1
reached,gemm,float,AUTO,2571,1024,1024,1024,2048,vendor,auto,24,1,1,,1,0,0,0,0
reached,gemm,double,AUTO,1542,64,64,64,64,native,register_tiled,96,1,1,,1,0,0,0,0
reached,gemm,complex<double>,AUTO,1031,16,16,16,128,vendor,auto,24,1,1,,1,0,0,1,2
reached,gemm,float,AUTO,2571,1024,1024,1024,2048,vendor,auto,24,1,1,,1,0,0,0,1
reached,gemm,double,AUTO,1542,64,64,64,64,native,register_tiled,96,1,1,,1,0,0,0,1
reached,gemm,float,AUTO,2571,1024,1024,1024,2048,vendor,auto,24,1,1,,1,0,0,0,2
reached,gemm,double,AUTO,1542,64,64,64,64,native,register_tiled,96,1,1,,1,0,0,0,2
reached,gemm,complex<double>,AUTO,1031,16,16,16,128,vendor,auto,24,1,1,,1,0,0,2,1
reached,gemm,float,AUTO,2571,1024,1024,1024,2048,vendor,auto,24,1,1,,1,0,0,1,0
reached,gemm,double,AUTO,1542,64,64,64,64,native,register_tiled,96,1,1,,1,0,0,1,0
reached,gemm,complex<double>,AUTO,1031,16,16,16,128,vendor,auto,24,1,1,,1,0,0,2,2
reached,gemm,float,AUTO,2571,1024,1024,1024,2048,vendor,auto,24,1,1,,1,0,0,1,1
reached,gemm,float,AUTO,1024,16,16,16,1,vendor,auto,24,1,1,,1,0,0,0,0
reached,gemm,double,AUTO,1542,64,64,64,64,native,register_tiled,96,1,1,,1,0,0,1,1
reached,gemm,float,AUTO,2571,1024,1024,1024,2048,vendor,auto,24,1,1,,1,0,0,1,2
reached,gemm,float,AUTO,1024,16,16,16,1,vendor,auto,24,1,1,,1,0,0,0,1
reached,gemm,double,AUTO,1542,64,64,64,64,native,register_tiled,96,1,1,,1,0,0,1,2
reached,gemm,float,AUTO,2571,1024,1024,1024,2048,vendor,auto,24,1,1,,1,0,0,2,0
reached,gemm,double,AUTO,1542,64,64,64,64,native,register_tiled,96,1,1,,1,0,0,2,0
reached,gemm,float,AUTO,2571,1024,1024,1024,2048,vendor,auto,24,1,1,,1,0,0,2,1
reached,gemm,float,AUTO,1024,16,16,16,1,vendor,auto,24,1,1,,1,0,0,1,0
reached,gemm,double,AUTO,1542,64,64,64,64,native,register_tiled,96,1,1,,1,0,0,2,1
reached,gemm,float,AUTO,2571,1024,1024,1024,2048,vendor,auto,24,1,1,,1,0,0,2,2
reached,gemm,float,AUTO,1024,16,16,16,1,vendor,auto,24,1,1,,1,0,0,1,1
reached,gemm,double,AUTO,1542,64,64,64,64,native,register_tiled,96,1,1,,1,0,0,2,2
reached,gemm,double,AUTO,1543,64,64,64,128,native,register_tiled,48,1,1,,1,0,0,0,1
reached,gemm,double,AUTO,1543,64,64,64,128,native,register_tiled,48,1,1,,1,0,0,0,2
reached,gemm,double,AUTO,1543,64,64,64,128,native,register_tiled,48,1,1,,1,0,0,1,1
reached,gemm,double,AUTO,1543,64,64,64,128,native,register_tiled,48,1,1,,1,0,0,1,2
reached,gemm,double,AUTO,1543,64,64,64,128,native,register_tiled,48,1,1,,1,0,0,2,0
reached,gemm,double,AUTO,1543,64,64,64,128,native,register_tiled,48,1,1,,1,0,0,2,1
reached,gemm,double,AUTO,1543,64,64,64,128,native,register_tiled,48,1,1,,1,0,0,2,2
reached,gemm,double,AUTO,1545,64,64,64,512,native,register_tiled,48,1,1,,1,0,0,0,0
reached,gemm,double,AUTO,1545,64,64,64,512,native,register_tiled,48,1,1,,1,0,0,0,1
reached,gemm,double,AUTO,1545,64,64,64,512,native,register_tiled,48,1,1,,1,0,0,0,2
reached,gemm,double,AUTO,1545,64,64,64,512,native,register_tiled,48,1,1,,1,0,0,1,0
reached,gemm,float,AUTO,1027,16,16,16,8,vendor,auto,24,1,1,,1,0,0,0,0
reached,gemm,double,AUTO,1545,64,64,64,512,native,register_tiled,48,1,1,,1,0,0,1,1
reached,gemm,float,AUTO,1027,16,16,16,8,vendor,auto,24,1,1,,1,0,0,0,1
reached,gemm,double,AUTO,1545,64,64,64,512,native,register_tiled,48,1,1,,1,0,0,1,2
reached,gemm,double,AUTO,1545,64,64,64,512,native,register_tiled,48,1,1,,1,0,0,2,0
reached,gemm,float,AUTO,1027,16,16,16,8,vendor,auto,24,1,1,,1,0,0,1,0
reached,gemm,double,AUTO,1545,64,64,64,512,native,register_tiled,48,1,1,,1,0,0,2,1
reached,gemm,float,AUTO,1027,16,16,16,8,vendor,auto,24,1,1,,1,0,0,1,1
reached,gemm,double,AUTO,1545,64,64,64,512,native,register_tiled,48,1,1,,1,0,0,2,2
reached,gemm,double,AUTO,1547,64,64,64,2048,native,register_tiled,48,1,1,,1,0,0,0,2
reached,gemm,complex<float>,AUTO,2310,512,512,512,64,vendor,auto,96,1,1,,1,0,0,1,1
reached,gemm,float,AUTO,1291,32,32,32,2048,vendor,auto,48,1,1,,1,0,0,2,1
reached,gemm,float,AUTO,2821,2048,2048,2048,63,vendor,auto,24,1,1,,1,0,0,0,0
reached,gemm,double,AUTO,1792,128,128,128,1,vendor,auto,24,1,1,,1,0,0,0,0
reached,gemm,float,AUTO,2821,2048,2048,2048,63,vendor,auto,24,1,1,,1,0,0,0,2
reached,gemm,double,AUTO,1792,128,128,128,1,vendor,auto,24,1,1,,1,0,0,0,2
reached,gemm,complex<float>,AUTO,2310,512,512,512,64,vendor,auto,96,1,1,,1,0,0,2,1
reached,gemm,float,AUTO,2821,2048,2048,2048,63,vendor,auto,24,1,1,,1,0,0,1,0
reached,gemm,double,AUTO,1792,128,128,128,1,vendor,auto,24,1,1,,1,0,0,1,0
reached,gemm,complex<float>,AUTO,2310,512,512,512,64,vendor,auto,96,1,1,,1,0,0,2,2
reached,gemm,float,AUTO,2821,2048,2048,2048,63,vendor,auto,24,1,1,,1,0,0,1,1
reached,gemm,double,AUTO,1792,128,128,128,1,vendor,auto,24,1,1,,1,0,0,1,1
reached,gemm,float,AUTO,2821,2048,2048,2048,63,vendor,auto,24,1,1,,1,0,0,1,2
reached,gemm,double,AUTO,1792,128,128,128,1,vendor,auto,24,1,1,,1,0,0,1,2
reached,gemm,float,AUTO,2821,2048,2048,2048,63,vendor,auto,24,1,1,,1,0,0,2,0
reached,gemm,double,AUTO,1792,128,128,128,1,vendor,auto,24,1,1,,1,0,0,2,0
reached,gemm,float,AUTO,2821,2048,2048,2048,63,vendor,auto,24,1,1,,1,0,0,2,1
reached,gemm,double,AUTO,1792,128,128,128,1,vendor,auto,24,1,1,,1,0,0,2,1
reached,gemm,float,AUTO,2821,2048,2048,2048,63,vendor,auto,24,1,1,,1,0,0,2,2
reached,gemm,double,AUTO,1792,128,128,128,1,vendor,auto,24,1,1,,1,0,0,2,2
reached,gemm,double,AUTO,1795,128,128,128,8,vendor,auto,24,1,1,,1,0,0,2,0
reached,gemm,complex<double>,AUTO,1286,32,32,32,64,vendor,auto,96,1,1,,1,0,0,1,2
reached,gemm,complex<float>,AUTO,2315,512,512,512,2048,vendor,auto,48,1,1,,1,0,0,1,2
reached,gemm,complex<float>,AUTO,768,8,8,8,1,vendor,auto,24,1,1,,1,0,0,0,1
reached,gemm,double,AUTO,1797,128,128,128,63,vendor,auto,24,1,1,,1,0,0,0,1
reached,gemm,complex<float>,AUTO,768,8,8,8,1,vendor,auto,24,1,1,,1,0,0,0,2
reached,gemm,double,AUTO,1797,128,128,128,63,vendor,auto,24,1,1,,1,0,0,0,2
reached,gemm,complex<double>,AUTO,2816,2048,2048,2048,1,vendor,auto,24,1,1,,1,0,0,0,1
reached,gemm,complex<double>,AUTO,1286,32,32,32,64,vendor,auto,96,1,1,,1,0,0,2,2
reached,gemm,complex<float>,AUTO,2315,512,512,512,2048,vendor,auto,48,1,1,,1,0,0,2,2
reached,gemm,complex<float>,AUTO,768,8,8,8,1,vendor,auto,24,1,1,,1,0,0,1,1
reached,gemm,double,AUTO,1797,128,128,128,63,vendor,auto,24,1,1,,1,0,0,1,1
reached,gemm,complex<double>,AUTO,2816,2048,2048,2048,1,vendor,auto,24,1,1,,1,0,0,1,0
reached,gemm,complex<float>,AUTO,768,8,8,8,1,vendor,auto,24,1,1,,1,0,0,2,0
reached,gemm,double,AUTO,1797,128,128,128,63,vendor,auto,24,1,1,,1,0,0,2,0
reached,gemm,complex<double>,AUTO,2816,2048,2048,2048,1,vendor,auto,24,1,1,,1,0,0,1,1
reached,gemm,complex<float>,AUTO,768,8,8,8,1,vendor,auto,24,1,1,,1,0,0,2,1
reached,gemm,double,AUTO,1797,128,128,128,63,vendor,auto,24,1,1,,1,0,0,2,1
reached,gemm,complex<double>,AUTO,1287,32,32,32,128,vendor,auto,48,1,1,,1,0,0,1,1
reached,gemm,float,AUTO,2827,2048,2048,2048,2048,vendor,auto,24,1,1,,1,0,0,0,0
reached,gemm,double,AUTO,1798,128,128,128,64,native,register_tiled,48,1,1,,1,0,0,0,0
reached,gemm,complex<double>,AUTO,1287,32,32,32,128,vendor,auto,48,1,1,,1,0,0,1,2
reached,gemm,float,AUTO,2827,2048,2048,2048,2048,vendor,auto,24,1,1,,1,0,0,0,1
reached,gemm,double,AUTO,1798,128,128,128,64,native,register_tiled,48,1,1,,1,0,0,0,1
reached,gemm,float,AUTO,2827,2048,2048,2048,2048,vendor,auto,24,1,1,,1,0,0,0,2
reached,gemm,double,AUTO,1798,128,128,128,64,native,register_tiled,48,1,1,,1,0,0,0,2
reached,gemm,complex<double>,AUTO,1287,32,32,32,128,vendor,auto,48,1,1,,1,0,0,2,1
reached,gemm,float,AUTO,2827,2048,2048,2048,2048,vendor,auto,24,1,1,,1,0,0,1,0
reached,gemm,double,AUTO,1798,128,128,128,64,native,register_tiled,48,1,1,,1,0,0,1,0
reached,gemm,complex<double>,AUTO,1287,32,32,32,128,vendor,auto,48,1,1,,1,0,0,2,2
reached,gemm,float,AUTO,2827,2048,2048,2048,2048,vendor,auto,24,1,1,,1,0,0,1,1
reached,gemm,float,AUTO,1280,32,32,32,1,vendor,auto,48,1,1,,1,0,0,0,0
reached,gemm,double,AUTO,1798,128,128,128,64,native,register_tiled,48,1,1,,1,0,0,1,1
reached,gemm,float,AUTO,2827,2048,2048,2048,2048,vendor,auto,24,1,1,,1,0,0,1,2
reached,gemm,float,AUTO,1280,32,32,32,1,vendor,auto,48,1,1,,1,0,0,0,1
reached,gemm,double,AUTO,1798,128,128,128,64,native,register_tiled,48,1,1,,1,0,0,1,2
reached,gemm,float,AUTO,2827,2048,2048,2048,2048,vendor,auto,24,1,1,,1,0,0,2,0
reached,gemm,double,AUTO,1798,128,128,128,64,native,register_tiled,48,1,1,,1,0,0,2,0
reached,gemm,float,AUTO,2827,2048,2048,2048,2048,vendor,auto,24,1,1,,1,0,0,2,1
reached,gemm,float,AUTO,1280,32,32,32,1,vendor,auto,48,1,1,,1,0,0,1,0
reached,gemm,double,AUTO,1798,128,128,128,64,native,register_tiled,48,1,1,,1,0,0,2,1
reached,gemm,float,AUTO,2827,2048,2048,2048,2048,vendor,auto,24,1,1,,1,0,0,2,2
reached,gemm,float,AUTO,1280,32,32,32,1,vendor,auto,48,1,1,,1,0,0,1,1
reached,gemm,double,AUTO,1798,128,128,128,64,native,register_tiled,48,1,1,,1,0,0,2,2
reached,gemm,double,AUTO,1799,128,128,128,128,native,register_tiled,24,1,1,,1,0,0,0,1
reached,gemm,double,AUTO,1799,128,128,128,128,native,register_tiled,24,1,1,,1,0,0,0,2
reached,gemm,double,AUTO,1799,128,128,128,128,native,register_tiled,24,1,1,,1,0,0,1,1
reached,gemm,double,AUTO,1799,128,128,128,128,native,register_tiled,24,1,1,,1,0,0,1,2
reached,gemm,double,AUTO,1799,128,128,128,128,native,register_tiled,24,1,1,,1,0,0,2,0
reached,gemm,double,AUTO,1799,128,128,128,128,native,register_tiled,24,1,1,,1,0,0,2,1
reached,gemm,double,AUTO,1799,128,128,128,128,native,register_tiled,24,1,1,,1,0,0,2,2
reached,gemm,double,AUTO,1801,128,128,128,512,native,register_tiled,24,1,1,,1,0,0,0,0
reached,gemm,double,AUTO,1801,128,128,128,512,native,register_tiled,24,1,1,,1,0,0,0,1
reached,gemm,double,AUTO,1801,128,128,128,512,native,register_tiled,24,1,1,,1,0,0,0,2
reached,gemm,double,AUTO,1801,128,128,128,512,native,register_tiled,24,1,1,,1,0,0,1,0
reached,gemm,float,AUTO,1283,32,32,32,8,vendor,auto,48,1,1,,1,0,0,0,0
reached,gemm,double,AUTO,1801,128,128,128,512,native,register_tiled,24,1,1,,1,0,0,1,1
reached,gemm,float,AUTO,1283,32,32,32,8,vendor,auto,48,1,1,,1,0,0,0,1
reached,gemm,double,AUTO,1801,128,128,128,512,native,register_tiled,24,1,1,,1,0,0,1,2
reached,gemm,double,AUTO,1801,128,128,128,512,native,register_tiled,24,1,1,,1,0,0,2,0
reached,gemm,float,AUTO,1283,32,32,32,8,vendor,auto,48,1,1,,1,0,0,1,0
reached,gemm,double,AUTO,1801,128,128,128,512,native,register_tiled,24,1,1,,1,0,0,2,1
reached,gemm,float,AUTO,1283,32,32,32,8,vendor,auto,48,1,1,,1,0,0,1,1
reached,gemm,double,AUTO,1801,128,128,128,512,native,register_tiled,24,1,1,,1,0,0,2,2
reached,gemm,complex<float>,AUTO,774,8,8,8,64,vendor,auto,48,1,1,,1,0,0,0,2
reached,gemm,double,AUTO,1803,128,128,128,2048,native,register_tiled,24,1,1,,1,0,0,0,2
linked,gemm,float,CUDA,,,,,,native,vendor,,1,1,
linked,gemv,float,CUDA,,,,,,-,vendor,,0,1,
linked,trsm,float,CUDA,,,,,,-,vendor,,0,1,
linked,trmm,float,CUDA,,,,,,native,vendor,,1,1,
linked,symm,float,CUDA,,,,,,native,vendor,,1,1,
linked,syrk,float,CUDA,,,,,,native,vendor,,1,1,
linked,syr2k,float,CUDA,,,,,,native,vendor,,1,1,
linked,hemm,float,CUDA,,,,,,-,vendor,,0,1,
linked,herk,float,CUDA,,,,,,-,vendor,,0,1,
linked,her2k,float,CUDA,,,,,,-,vendor,,0,1,
linked,geqrf,float,CUDA,,,,,,-,vendor,,0,1,
linked,orgqr,float,CUDA,,,,,,-,vendor,,0,1,
linked,getrf,float,CUDA,,,,,,-,vendor,,0,1,
linked,getrs,float,CUDA,,,,,,-,vendor,,0,1,
linked,getri,float,CUDA,,,,,,-,vendor,,0,1,
linked,ormqr,float,CUDA,,,,,,native,vendor,,1,1,
linked,potrf,float,CUDA,,,,,,-,vendor,,0,1,
linked,syev,float,CUDA,,,,,,native,vendor,,1,1,
linked,gesvd,float,CUDA,,,,,,native,vendor,,1,1,
linked,spmm,float,CUDA,,,,,,-,vendor,,0,1,
linked,gemm,float,NETLIB,,,,,,native,vendor,,1,1,
linked,gemv,float,NETLIB,,,,,,-,vendor,,0,1,
linked,trsm,float,NETLIB,,,,,,-,vendor,,0,1,
linked,trmm,float,NETLIB,,,,,,-,vendor,,0,1,
linked,symm,float,NETLIB,,,,,,-,vendor,,0,1,
linked,syrk,float,NETLIB,,,,,,-,vendor,,0,1,
linked,syr2k,float,NETLIB,,,,,,-,vendor,,0,1,
linked,hemm,float,NETLIB,,,,,,-,vendor,,0,1,
linked,herk,float,NETLIB,,,,,,-,vendor,,0,1,
linked,her2k,float,NETLIB,,,,,,-,vendor,,0,1,
linked,geqrf,float,NETLIB,,,,,,-,vendor,,0,1,
linked,orgqr,float,NETLIB,,,,,,-,vendor,,0,1,
linked,getrf,float,NETLIB,,,,,,-,vendor,,0,1,
linked,getrs,float,NETLIB,,,,,,-,vendor,,0,1,
linked,getri,float,NETLIB,,,,,,-,vendor,,0,1,
linked,ormqr,float,NETLIB,,,,,,native,vendor,,1,1,
linked,potrf,float,NETLIB,,,,,,-,vendor,,0,1,
linked,syev,float,NETLIB,,,,,,native,vendor,,1,1,
linked,gesvd,float,NETLIB,,,,,,native,vendor,,1,1,
linked,spmm,float,NETLIB,,,,,,-,vendor,,0,1,
