typ,tag,transA,m,nnzrow,nrhs,batch,transB,beta,pattern,t_vendor,t_native,ratio,relsd,sd_v,sd_n,chk_v,chk_n,agree,gbs_v,gbs_n,roof_v,roof_n,fp_mb,l2res
cdouble,bnd_banded,0,1024,16,12,128,0,0,0,0.801204,0.240347,0.2999822766736062,0.0033585524262836645,0.0014591664544859986,0.0033585524262836645,25891.7,25891.7,True,115.825,386.106,0.11490575396825398,0.38304166666666667,92.799488,False
cdouble,bnd_banded,0,1024,16,12,128,1,0,0,0.800493,0.486932,0.6082901412004852,0.0010363685278437236,0.00038615952919013655,0.0010363685278437236,25985.9,25985.9,True,115.928,190.58,0.1150079365079365,0.18906746031746033,92.799488,False
cdouble,bnd_banded,0,1024,16,12,512,0,0,0,3.22243,0.900286,0.27938108818500323,0.0009576790042275454,0.00034437675915380625,0.0009576790042275454,25891.7,25891.7,True,115.192,412.311,0.11427777777777777,0.40903869047619046,371.197952,False
cdouble,bnd_banded,0,1024,16,12,512,1,0,0,3.21835,1.87432,0.5823853838146876,0.005477506509027274,0.00034831202324172325,0.005477506509027274,25985.9,25985.9,True,115.338,198.044,0.11442261904761904,0.19647222222222224,371.197952,False
cdouble,bnd_banded,0,1024,16,25,128,0,0,0,1.61962,0.525237,0.3242964399056568,0.0004017215085761285,0.00027278867882589745,0.0004017215085761285,54102.2,54102.2,True,90.9631,280.493,0.09024117063492063,0.2782668650793651,147.32544,False
cdouble,bnd_banded,0,1024,16,25,128,1,0,0,1.61824,1.09823,0.6786570595214555,0.002844959616838003,0.0002911113308285545,0.002844959616838003,54791.6,54791.6,True,91.0404,134.149,0.09031785714285714,0.1330843253968254,147.32544,False
cdouble,bnd_banded,0,1024,16,25,512,0,0,0,6.5333,2.06359,0.31585722376134573,0.000830494429610533,0.00046242327766978403,0.000830494429610533,54102.2,54102.2,True,90.1997,285.571,0.08948382936507937,0.2833045634920635,589.30176,False
cdouble,bnd_banded,0,1024,16,25,512,1,0,0,6.52778,4.30748,0.6598690519594717,0.000914790086082814,0.00043267389525995055,0.000914790086082814,54791.6,54791.6,True,90.276,136.809,0.08955952380952381,0.1357232142857143,589.30176,False
cdouble,bnd_banded,0,1024,16,50,128,0,0,0,3.20886,0.964261,0.3004995543588689,0.00029021499365835596,0.00020882587585622307,0.00029021499365835596,107842.0,107842.0,True,78.5895,261.53,0.07796577380952381,0.25945436507936503,252.18304,False
cdouble,bnd_banded,0,1024,16,50,128,1,0,0,3.20774,2.0686,0.6448777020581469,0.0018742821231750942,0.00017110457830123388,0.0018742821231750942,109238.0,109238.0,True,78.6171,121.91,0.07799315476190476,0.12094246031746031,252.18304,False
cdouble,bnd_banded,0,1024,16,50,512,0,0,0,12.8358,3.82033,0.2976308449804453,0.0026662094635803717,5.4864519546892286e-05,0.0026662094635803717,107842.0,107842.0,True,78.5876,264.043,0.07796388888888889,0.26194742063492066,1008.73216,False
cdouble,bnd_banded,0,1024,16,50,512,1,0,0,12.8328,8.2305,0.6413643164391246,0.0019816779053520445,0.0003853469235085094,0.0019816779053520445,109238.0,109238.0,True,78.606,122.56,0.07798214285714285,0.12158730158730159,1008.73216,False
cdouble,bnd_banded,0,2048,16,12,128,0,0,0,1.59911,0.465784,0.29127702284395696,0.00793556670044484,0.0003676914033431096,0.00793556670044484,52093.2,52093.2,True,116.063,398.465,0.11514186507936508,0.39530257936507934,185.598464,False
cdouble,bnd_banded,0,2048,16,12,128,1,0,0,1.59708,0.965484,0.6045307686527913,0.0014664562022778213,0.0003923178550855311,0.0014664562022778213,52154.3,52154.3,True,116.211,192.234,0.11528869047619048,0.19070833333333334,185.598464,False
cdouble,bnd_banded,0,2048,16,12,512,0,0,0,6.44496,1.78431,0.2768535413718627,0.0009258032516771189,0.00040329808098110774,0.0009258032516771189,52093.2,52093.2,True,115.19,416.069,0.11427579365079364,0.4127668650793651,742.393856,False
cdouble,bnd_banded,0,2048,16,12,512,1,0,0,6.43641,3.68384,0.5723438997826428,0.0024528209694232106,0.0001574309281105461,0.0024528209694232106,52154.3,52154.3,True,115.343,201.527,0.11442757936507937,0.19992757936507935,742.393856,False
cdouble,bnd_banded,0,2048,16,25,128,0,0,0,3.27013,1.03956,0.3178956188286093,0.006215777354417103,0.006215777354417103,0.0005834439570587556,108217.0,108217.0,True,90.1035,283.438,0.08938839285714285,0.28118849206349206,294.650368,False
cdouble,bnd_banded,0,2048,16,25,128,1,0,0,3.26366,2.18443,0.6693191079953181,0.0048717514408793145,0.00014758767763798925,0.0048717514408793145,108964.0,108964.0,True,90.2822,134.886,0.0895656746031746,0.13381547619047618,294.650368,False
cdouble,bnd_banded,0,2048,16,25,512,0,0,0,13.0664,4.10086,0.3138477315863589,0.0002425227879030252,0.0001089733974162738,0.0002425227879030252,108217.0,108217.0,True,90.2007,287.403,0.08948482142857142,0.28512202380952384,1178.601472,False
cdouble,bnd_banded,0,2048,16,25,512,1,0,0,13.0545,8.65062,0.6626542571527059,0.0004068378913881317,7.728063119996936e-05,0.0004068378913881317,108964.0,108964.0,True,90.2831,136.245,0.08956656746031746,0.13516369047619048,1178.601472,False
cdouble,bnd_banded,0,2048,16,50,128,0,0,0,6.42018,1.91768,0.2986956751991377,0.0008080075925076134,0.00010782096452124394,0.0008080075925076134,216964.0,216964.0,True,78.5594,263.009,0.0779359126984127,0.260921626984127,504.365568,False
cdouble,bnd_banded,0,2048,16,50,128,1,0,0,6.41681,4.13158,0.6438682148918231,0.001099346981058094,0.00013903372548041784,0.001099346981058094,218798.0,218798.0,True,78.6007,122.076,0.07797688492063493,0.12110714285714284,504.365568,False
cdouble,bnd_banded,0,2048,16,50,512,0,0,0,25.6674,7.59855,0.29603894434184996,0.0002716860453639181,6.822857009280254e-05,0.0002716860453639181,216964.0,216964.0,True,78.6003,265.506,0.0779764880952381,0.2633988095238095,2017.462272,False
cdouble,bnd_banded,0,2048,16,50,512,1,0,0,25.6546,16.4875,0.6426722693006323,0.0003941664897649734,5.8395765281859786e-05,0.0003941664897649734,218798.0,218798.0,True,78.6393,122.363,0.07801517857142858,0.12139186507936509,2017.462272,False
cdouble,bnd_banded,0,4096,16,12,128,0,0,0,3.22516,0.897807,0.278375956541691,0.00045920671146471346,0.0002197404159793623,0.00045920671146471346,103998.0,103998.0,True,115.094,413.448,0.11418055555555555,0.4101666666666666,371.196416,False
cdouble,bnd_banded,0,4096,16,12,128,1,0,0,3.22086,1.90774,0.5923076445421409,0.006860001887049599,0.00025040889700266386,0.006860001887049599,104581.0,104581.0,True,115.248,194.574,0.11433333333333334,0.19302976190476193,371.196416,False
cdouble,bnd_banded,0,4096,16,12,512,0,0,0,12.8892,3.53284,0.27409303913353816,0.00040469707091178765,8.544983396952486e-05,0.00040469707091178765,103998.0,103998.0,True,115.196,420.281,0.11428174603174603,0.41694543650793653,1484.785664,False
cdouble,bnd_banded,0,4096,16,12,512,1,0,0,12.8733,7.30849,0.5677246704419224,0.0015998516793482647,0.00011148345800998967,0.0015998516793482647,104581.0,104581.0,True,115.338,203.159,0.11442261904761904,0.20154662698412698,1484.785664,False
cdouble,bnd_banded,0,4096,16,25,128,0,0,0,6.535,2.05955,0.31515684774292274,0.0006405865358937631,0.00014233465952563122,0.0006405865358937631,216727.0,216727.0,True,90.176,286.131,0.08946031746031746,0.28386011904761904,589.300224,False
cdouble,bnd_banded,0,4096,16,25,128,1,0,0,6.53171,4.34566,0.6653173518113938,0.0009128371754808246,0.00015701860615367186,0.0009128371754808246,218114.0,218114.0,True,90.2214,135.607,0.08950535714285715,0.13453075396825398,589.300224,False
cdouble,bnd_banded,0,4096,16,25,512,0,0,0,26.1265,8.1892,0.31344420416052665,0.00011045535583451376,6.26142039691501e-05,0.00011045535583451376,216727.0,216727.0,True,90.2226,287.843,0.08950654761904762,0.28555853174603174,2357.200896,False
cdouble,bnd_banded,0,4096,16,25,512,1,0,0,26.1056,17.3145,0.6632484984064722,0.0002632169568858471,0.0002024791615592057,0.0002632169568858471,218114.0,218114.0,True,90.2947,136.14,0.0895780753968254,0.1350595238095238,2357.200896,False
cdouble,bnd_banded,0,4096,16,50,128,0,0,0,12.8396,3.81027,0.29675924483628774,0.00032913953705722914,0.00032913953705722914,0.00018149763665042108,434145.0,434145.0,True,78.5641,264.74,0.07794057539682539,0.2626388888888889,1008.730624,False
cdouble,bnd_banded,0,4096,16,50,128,1,0,0,12.8259,8.27572,0.6452350322394529,0.0006288878792419269,0.00010275380285204157,0.0006288878792419269,436769.0,436769.0,True,78.648,121.89,0.07802380952380952,0.12092261904761904,1008.730624,False
cdouble,bnd_banded,0,4096,16,50,512,0,0,0,51.3354,15.1782,0.29566731728982343,0.0008693240921469396,0.0008693240921469396,8.993820084067939e-05,434145.0,434145.0,True,78.5992,265.837,0.07797539682539682,0.2637271825396825,4034.922496,False
cdouble,bnd_banded,0,4096,16,50,512,1,0,0,51.2733,33.0229,0.6440564582345978,0.0002635552904196785,2.9815127951584937e-05,0.0002635552904196785,436769.0,436769.0,True,78.6944,122.186,0.07806984126984128,0.12121626984126985,4034.922496,False
cdouble,bnd_gather_a,0,1024,3,1,512,0,0,1,0.172161,0.0756235,0.4392603435156626,0.006959648236243981,0.006959648236243981,0.001154586867838701,2501.82,2501.82,True,292.364,665.583,0.29004365079365074,0.6603005952380953,50.333696,True
cdouble,bnd_gather_a,0,1024,3,2,512,0,0,1,0.184379,0.0807844,0.43814317248710544,0.001001138958341243,0.001001138958341243,0.0006585442238848094,4985.47,4985.47,True,363.983,830.741,0.36109424603174606,0.8241478174603174,67.110912,True
cdouble,bnd_gather_a,0,1024,3,4,512,0,0,1,0.327671,0.151025,0.46090438274977036,0.015183156275654544,0.015183156275654544,0.008552027809965237,9973.15,9973.15,True,307.215,666.548,0.3047767857142857,0.6612579365079365,100.665344,False
cdouble,bnd_gather_a,0,1024,3,8,512,0,0,1,0.536266,0.266645,0.4972252576146912,0.0015246601286354514,0.0003238560714272395,0.0015246601286354514,19873.2,19873.2,True,312.856,629.203,0.31037301587301586,0.6242093253968254,167.774208,False
cdouble,bnd_gather_a,0,1024,3,12,512,0,0,1,0.765639,0.387064,0.505543735363533,0.005665523014281876,0.00037693351566469316,0.005665523014281876,29813.5,29813.5,True,306.78,606.832,0.30434523809523806,0.602015873015873,234.883072,False
cdouble,bnd_gather_a,0,1024,3,25,512,0,0,1,1.52894,0.857139,0.560609965073842,0.00792843407851191,0.00792843407851191,0.00042992910134762274,61851.9,61851.9,True,296.275,528.487,0.2939236111111111,0.5242926587301587,452.98688,False
cdouble,bnd_gather_a,0,1024,6,1,512,0,0,1,0.245053,0.120507,0.491758925620172,0.001857443965910694,0.0015038583490102142,0.001857443965910694,4887.63,4887.63,True,333.769,678.723,0.33112003968253967,0.6733363095238095,81.790976,False
cdouble,bnd_gather_a,0,1024,6,2,512,0,0,1,0.317649,0.148075,0.466159188286442,0.0019526523721087284,0.000579696457410538,0.0019526523721087284,9760.98,9760.98,True,310.306,665.663,0.30784325396825396,0.6603799603174604,98.568192,False
cdouble,bnd_gather_a,0,1024,6,4,512,0,0,1,0.545612,0.254576,0.4665879782702727,0.002796155175664634,0.00026835186909378826,0.002796155175664634,19640.9,19640.9,True,242.155,518.991,0.24023313492063492,0.5148720238095238,132.122624,False
cdouble,bnd_gather_a,0,1024,6,8,512,0,0,1,0.966108,0.419085,0.4337869058117726,0.0012393929632413473,0.0004233470792085357,0.0012393929632413473,38904.7,38904.7,True,206.221,475.396,0.2045843253968254,0.47162301587301586,199.231488,False
cdouble,bnd_gather_a,0,1024,6,12,512,0,0,1,1.392,0.602706,0.43297844827586207,0.0009047993549093588,0.0005959094827586208,0.0009047993549093588,58388.2,58388.2,True,191.336,441.908,0.18981746031746033,0.43840079365079365,266.340352,False
cdouble,bnd_gather_a,0,1024,6,25,512,0,0,1,2.79774,1.33547,0.4773388520734593,0.0010674519083169222,0.00031149141807315905,0.0010674519083169222,121146.0,121146.0,True,173.155,362.751,0.17178075396825396,0.35987202380952377,484.44416,False
cdouble,bnd_gather_a,0,1024,8,1,512,0,0,1,0.30587,0.174243,0.5696635825677576,0.0022636662591897522,0.0008842285938470593,0.0022636662591897522,6451.22,6451.22,True,335.967,589.766,0.33330059523809524,0.5850853174603174,102.762496,False
cdouble,bnd_gather_a,0,1024,8,2,512,0,0,1,0.402371,0.197764,0.49149665358586975,0.002683117250864667,0.00045925277915157903,0.002683117250864667,12867.6,12867.6,True,297.088,604.458,0.29473015873015873,0.5996607142857142,119.539712,False
cdouble,bnd_gather_a,0,1024,8,4,512,0,0,1,0.706894,0.33174,0.4692924257385124,0.004909989751009827,0.00042896813383619045,0.004909989751009827,26000.9,26000.9,True,216.573,461.488,0.21485416666666668,0.4578253968253968,153.094144,False
cdouble,bnd_gather_a,0,1024,8,8,512,0,0,1,1.26547,0.572115,0.4520968493919255,0.0016369051676673396,0.0005205725935818312,0.0016369051676673396,51481.6,51481.6,True,174.009,384.893,0.17262797619047618,0.38183829365079364,220.203008,False
cdouble,bnd_gather_a,0,1024,8,12,512,0,0,1,1.8148,0.825298,0.45475975314084194,0.005615959326207019,0.0005767467489530526,0.005615959326207019,77229.6,77229.6,True,158.316,348.131,0.15705952380952382,0.34536805555555555,287.311872,False
cdouble,bnd_gather_a,0,1024,8,25,512,0,0,1,3.65069,1.67176,0.45792987079154895,0.0009949933004737522,0.00030281398858845863,0.0009949933004737522,160345.0,160345.0,True,138.444,302.325,0.13734523809523808,0.2999255952380952,505.41568,False
cdouble,bnd_gather_a,0,1024,12,1,512,0,0,1,0.421369,0.297344,0.7056617833775147,0.00381040142057684,0.0006757687442597817,0.00381040142057684,9653.95,9653.95,True,343.418,486.66,0.3406924603174603,0.4827976190476191,144.705536,False
cdouble,bnd_gather_a,0,1024,12,2,512,0,0,1,0.565481,0.323741,0.5725055306898021,0.003157802070173379,0.000563785520645256,0.003157802070173379,19228.3,19228.3,True,285.567,498.803,0.28330059523809525,0.49484424603174604,161.482752,False
cdouble,bnd_gather_a,0,1024,12,4,512,0,0,1,1.02604,0.485567,0.47324373318778995,0.0037229671703390053,0.0011326264083271606,0.0037229671703390053,38811.5,38811.5,True,190.087,401.669,0.18857837301587302,0.39848115079365076,195.037184,False
cdouble,bnd_gather_a,0,1024,12,8,512,0,0,1,1.84259,0.838516,0.45507465035629197,0.0034988718163994482,0.00029463798240520134,0.0034988718163994482,76689.6,76689.6,True,142.271,312.631,0.14114186507936508,0.31014980158730154,262.146048,False
cdouble,bnd_gather_a,0,1024,12,12,512,0,0,1,2.64755,1.22919,0.4642745179505581,0.004433106354591235,0.0005394836735850125,0.004433106354591235,115214.0,115214.0,True,124.362,267.864,0.123375,0.2657380952380952,329.254912,False
cdouble,bnd_gather_a,0,1024,12,25,512,0,0,1,5.34584,2.31667,0.4333593972135342,0.024871172847233315,0.00020873426814120886,0.024871172847233315,239515.0,239515.0,True,102.39,236.269,0.10157738095238095,0.2343938492063492,547.35872,False
cdouble,bnd_gather_a,0,1024,16,1,512,0,0,1,0.526457,0.450321,0.8553804014382942,0.0019119320286367168,0.0019119320286367168,0.0017119410376153898,12664.7,12664.7,True,354.537,414.479,0.35172321428571424,0.41118948412698414,186.648576,False
cdouble,bnd_gather_a,0,1024,16,2,512,0,0,1,0.716919,0.482065,0.6724120856052079,0.002267225374171533,0.00034827365434588847,0.002267225374171533,25335.3,25335.3,True,283.75,421.988,0.28149801587301587,0.4186388888888889,203.425792,False
cdouble,bnd_gather_a,0,1024,16,4,512,0,0,1,1.31811,0.633646,0.4807231566409481,0.0038848820950499177,0.00044504479899249686,0.0038848820950499177,51255.3,51255.3,True,179.788,373.995,0.1783611111111111,0.3710267857142857,236.980224,False
cdouble,bnd_gather_a,0,1024,16,8,512,0,0,1,2.38115,1.08891,0.45730424374776896,0.006788880623743008,0.0003363824202591185,0.006788880623743008,101423.0,101423.0,True,127.707,279.259,0.12669345238095236,0.27704265873015876,304.089088,False
cdouble,bnd_gather_a,0,1024,16,12,512,0,0,1,3.43039,1.60001,0.46642218523258283,0.005060649620939869,0.00025818930209101586,0.005060649620939869,152420.0,152420.0,True,108.209,231.998,0.10735019841269841,0.23015674603174602,371.197952,False
cdouble,bnd_gather_a,0,1024,16,25,512,0,0,1,6.95558,3.26229,0.46901768076853406,0.017680065230252368,0.00010110803124973043,0.017680065230252368,316818.0,316818.0,True,84.7236,180.641,0.08405119047619049,0.17920734126984125,589.30176,False
cdouble,bnd_scatter_a,1,1024,3,1,512,0,0,1,0.171209,0.0665782,0.3888709121599916,0.0016956751609385652,0.0010722625562908491,0.0016956751609385652,2521.86,2521.86,True,293.989,756.008,0.29165575396825394,0.7500079365079365,50.333696,True
cdouble,bnd_scatter_a,1,1024,3,2,512,0,0,1,0.17759,0.121096,0.6818852412861084,0.0020233698883530423,0.0009340784954107776,0.0020233698883530423,4971.24,4971.24,True,377.897,554.198,0.3748978174603175,0.5497996031746032,67.110912,True
cdouble,bnd_scatter_a,1,1024,3,4,512,0,0,1,0.277761,0.280419,1.0095693779904307,0.0020901206432868548,0.0020901206432868548,0.001513242683270392,9997.29,9997.29,True,362.417,358.982,0.35954067460317457,0.35613293650793654,100.665344,False
cdouble,bnd_scatter_a,1,1024,3,8,512,0,0,1,0.654353,0.729276,1.1144993604369509,0.0012377590925794898,0.0007258788452104599,0.0012377590925794898,19845.7,19845.7,True,256.397,230.056,0.25436210317460317,0.22823015873015876,167.774208,False
cdouble,bnd_scatter_a,1,1024,3,12,512,0,0,1,1.00596,1.15633,1.14947910453696,0.00435930919374227,0.001818402322159927,0.00435930919374227,29807.0,29807.0,True,233.49,203.128,0.23163690476190477,0.201515873015873,234.883072,False
cdouble,bnd_scatter_a,1,1024,3,25,512,0,0,1,1.99953,2.58741,1.2940090921366523,0.004465623925083384,0.0010150135281791221,0.004465623925083384,61992.1,61992.1,True,226.547,175.074,0.22474900793650793,0.17368452380952382,452.98688,False
cdouble,bnd_scatter_a,1,1024,6,1,512,0,0,1,0.234223,0.140914,0.6016232393915202,0.0019860553245241775,0.0010062760702407535,0.0019860553245241775,4875.64,4875.64,True,349.201,580.432,0.3464295634920635,0.5758253968253968,81.790976,False
cdouble,bnd_scatter_a,1,1024,6,2,512,0,0,1,0.312972,0.259859,0.8302947228506066,0.0013683035800183944,0.0009198107178916965,0.0013683035800183944,9659.83,9659.83,True,314.942,379.313,0.3124424603174603,0.3763025793650793,98.568192,False
cdouble,bnd_scatter_a,1,1024,6,4,512,0,0,1,0.514215,0.538666,1.047550149256634,0.001360094512995537,0.001360094512995537,0.0010869314194695786,19555.1,19555.1,True,256.941,245.277,0.2549017857142857,0.24333035714285714,132.122624,False
cdouble,bnd_scatter_a,1,1024,6,8,512,0,0,1,1.02758,1.21517,1.1825551295276282,0.004299554794802373,0.0014906673932929796,0.004299554794802373,38831.6,38831.6,True,193.884,163.953,0.19234523809523807,0.1626517857142857,199.231488,False
cdouble,bnd_scatter_a,1,1024,6,12,512,0,0,1,1.5677,1.86763,1.1913184920584294,0.00332556769809866,0.0012975314154493843,0.00332556769809866,58402.6,58402.6,True,169.893,142.609,0.16854464285714285,0.14147718253968256,266.340352,False
cdouble,bnd_scatter_a,1,1024,6,25,512,0,0,1,3.13343,4.28895,1.3687716017271807,0.004639830261485912,0.0006498725039333892,0.004639830261485912,121445.0,121445.0,True,154.605,112.952,0.1533779761904762,0.11205555555555555,484.44416,False
cdouble,bnd_scatter_a,1,1024,8,1,512,0,0,1,0.29404,0.226332,0.769732009250442,0.0019400791757241576,0.0009454257924091958,0.0019400791757241576,6455.89,6455.89,True,349.485,454.035,0.3467113095238095,0.45043154761904763,102.762496,False
cdouble,bnd_scatter_a,1,1024,8,2,512,0,0,1,0.404329,0.368577,0.9115769583680616,0.0013845627914926867,0.0006900321273022712,0.0013845627914926867,12840.9,12840.9,True,295.65,324.328,0.2933035714285714,0.32175396825396824,119.539712,False
cdouble,bnd_scatter_a,1,1024,8,4,512,0,0,1,0.669005,0.71644,1.0709038049042983,0.0018283457093406287,0.001532230700816885,0.0018283457093406287,25899.9,25899.9,True,228.838,213.687,0.2270218253968254,0.21199107142857143,153.094144,False
cdouble,bnd_scatter_a,1,1024,8,8,512,0,0,1,1.29423,1.53187,1.183614967973235,0.0038888221585382573,0.0012316667052996763,0.0038888221585382573,51462.5,51462.5,True,170.142,143.748,0.16879166666666667,0.14260714285714285,220.203008,False
cdouble,bnd_scatter_a,1,1024,8,12,512,0,0,1,1.93387,2.36896,1.2249840992414174,0.002274972983925436,0.0009484712002357966,0.002274972983925436,77374.9,77374.9,True,148.569,121.282,0.14738988095238095,0.12031944444444444,287.311872,False
cdouble,bnd_scatter_a,1,1024,8,25,512,0,0,1,3.9362,5.22837,1.3282785427569737,0.0022362610144270583,0.0005798206391951629,0.0022362610144270583,160756.0,160756.0,True,128.402,96.6679,0.1273829365079365,0.09590069444444445,505.41568,False
cdouble,bnd_scatter_a,1,1024,12,1,512,0,0,1,0.408315,0.368523,0.9025458285882223,0.0015925328948261032,0.0008823775761360714,0.0015925328948261032,9662.0,9662.0,True,354.397,392.664,0.3515843253968254,0.38954761904761903,144.705536,False
cdouble,bnd_scatter_a,1,1024,12,2,512,0,0,1,0.5844,0.582519,0.9967813141683778,0.0012389381290567347,0.0006841718001368925,0.0012389381290567347,19171.8,19171.8,True,276.322,277.214,0.27412896825396826,0.2750138888888889,161.482752,False
cdouble,bnd_scatter_a,1,1024,12,4,512,0,0,1,0.969562,1.06476,1.0981866038479229,0.0039582628949246775,0.0017353093458695782,0.0039582628949246775,38680.0,38680.0,True,201.16,183.175,0.19956349206349205,0.18172123015873018,195.037184,False
cdouble,bnd_scatter_a,1,1024,12,8,512,0,0,1,1.81627,2.14604,1.181564414982354,0.0031072766584033847,0.000830273032093246,0.0031072766584033847,76859.7,76859.7,True,144.332,122.153,0.14318650793650792,0.12118353174603175,262.146048,False
cdouble,bnd_scatter_a,1,1024,12,12,512,0,0,1,2.69122,3.27122,1.2155156397470293,0.0026420295791784103,0.0007098862226053611,0.0026420295791784103,115577.0,115577.0,True,122.344,100.652,0.12137301587301587,0.09985317460317461,329.254912,False
cdouble,bnd_scatter_a,1,1024,12,25,512,0,0,1,5.57101,7.35742,1.3206617830519063,0.0032135041903275877,0.00041731750616136033,0.0032135041903275877,240077.0,240077.0,True,98.2513,74.3955,0.09747152777777777,0.07380505952380952,547.35872,False
cdouble,bnd_scatter_a,1,1024,16,1,512,0,0,1,0.516266,0.546257,1.0580921462966766,0.0012218278209707152,0.0008318211929509207,0.0012218278209707152,12781.5,12781.5,True,361.536,341.686,0.3586666666666667,0.33897420634920633,186.648576,False
cdouble,bnd_scatter_a,1,1024,16,2,512,0,0,1,0.746606,0.800195,1.0717768140089954,0.0015527065145471643,0.0015527065145471643,0.0013183661482513637,25399.7,25399.7,True,272.468,254.22,0.2703055555555556,0.25220238095238096,203.425792,False
cdouble,bnd_scatter_a,1,1024,16,4,512,0,0,1,1.29236,1.39518,1.0795598749574422,0.004215659723296914,0.004215659723296914,0.003303688412964635,51228.8,51228.8,True,183.37,169.856,0.18191468253968254,0.1685079365079365,236.980224,False
cdouble,bnd_scatter_a,1,1024,16,8,512,0,0,1,2.39486,2.7407,1.14440927653391,0.005625548048737714,0.005625548048737714,0.0024488378881307696,101915.0,101915.0,True,126.976,110.953,0.12596825396825398,0.11007242063492063,304.089088,False
cdouble,bnd_scatter_a,1,1024,16,12,512,0,0,1,3.47406,4.12337,1.1869023563208465,0.009173503048306593,0.009173503048306593,0.0022480058786866083,153237.0,153237.0,True,106.849,90.0231,0.10600099206349206,0.08930863095238095,371.197952,False
cdouble,bnd_scatter_a,1,1024,16,25,512,0,0,1,7.23999,9.3703,1.2942421191189493,0.003016716873918334,0.003016716873918334,0.0027891743060521005,317856.0,317856.0,True,81.3954,62.8904,0.08074940476190476,0.06239126984126984,589.30176,False
cdouble,bnd_scatter_b,1,2048,3,1,128,0,0,1,0.0913452,0.0354795,0.3884112137255159,0.005887963471864035,0.0025457385828702547,0.005887963471864035,4963.07,4963.07,True,275.508,709.32,0.27332142857142855,0.7036904761904762,25.166336,True
cdouble,bnd_scatter_b,1,2048,3,2,128,0,0,1,0.0957248,0.0606467,0.6335526425753828,0.0010462811661640288,0.0006230109647656616,0.0010462811661640288,10110.9,10110.9,True,350.535,553.285,0.34775297619047624,0.5488938492063492,33.554944,True
cdouble,bnd_scatter_b,1,2048,3,4,128,0,0,1,0.143929,0.113834,0.7909038484252653,0.003188028181386932,0.0020024595460261655,0.003188028181386932,19918.0,19918.0,True,349.7,442.153,0.34692460317460316,0.43864384920634925,50.33216,True
cdouble,bnd_scatter_b,1,2048,3,8,128,0,0,1,0.227557,0.256928,1.1290709580456764,0.004543374019180471,0.0012159722618948219,0.004543374019180471,39482.5,39482.5,True,368.641,326.498,0.3657152777777778,0.323906746031746,83.886592,False
cdouble,bnd_scatter_b,1,2048,3,12,128,0,0,1,0.407955,0.505408,1.2388817394075327,0.0046341767443332915,0.0009022465713130124,0.0046341767443332915,59430.8,59430.8,True,287.877,232.369,0.2855922619047619,0.2305248015873016,117.441024,False
cdouble,bnd_scatter_b,1,2048,3,25,128,0,0,1,1.02636,1.40782,1.3716629642620524,0.009927405492179398,0.0015943918313262404,0.009927405492179398,123398.0,123398.0,True,220.676,160.883,0.21892460317460316,0.15960615079365081,226.492928,False
cdouble,bnd_scatter_b,1,2048,6,1,128,0,0,1,0.120558,0.0676092,0.5608022694470711,0.0022352643540868296,0.0022352643540868296,0.0013937230436094497,9716.28,9716.28,True,339.214,604.873,0.3365218253968254,0.6000724206349207,40.894976,True
cdouble,bnd_scatter_b,1,2048,6,2,128,0,0,1,0.158804,0.117029,0.7369398755698848,0.0026321937297592904,0.0011946172640487644,0.0026321937297592904,19740.8,19740.8,True,310.341,421.124,0.3078779761904762,0.41778174603174606,49.283584,True
cdouble,bnd_scatter_b,1,2048,6,4,128,0,0,1,0.259611,0.217647,0.8383581589377955,0.004055721829968684,0.004055721829968684,0.00201989919456735,39161.6,39161.6,True,254.461,303.523,0.2524414682539683,0.30111408730158734,66.0608,True
cdouble,bnd_scatter_b,1,2048,6,8,128,0,0,1,0.442639,0.518987,1.1724836717957523,0.008093728744650638,0.0023430605979138756,0.008093728744650638,77964.9,77964.9,True,225.048,191.942,0.22326190476190477,0.1904186507936508,99.615232,False
cdouble,bnd_scatter_b,1,2048,6,12,128,0,0,1,0.685025,0.883129,1.2891923652421446,0.007159169373380534,0.007159169373380534,0.00279603546027817,117269.0,117269.0,True,194.401,150.793,0.19285813492063494,0.14959623015873016,133.169664,False
cdouble,bnd_scatter_b,1,2048,6,25,128,0,0,1,1.61168,2.27981,1.4145549985108705,0.014182840266057777,0.014182840266057777,0.007748584311850548,243828.0,243828.0,True,150.291,106.247,0.1490982142857143,0.10540376984126984,242.221568,False
cdouble,bnd_scatter_b,1,2048,8,1,128,0,0,1,0.149133,0.0941642,0.6314108882675197,0.0014453809686655536,0.0014453809686655536,0.0007118628948156519,12935.5,12935.5,True,344.53,545.651,0.3417956349206349,0.5413204365079365,51.380736,True
cdouble,bnd_scatter_b,1,2048,8,2,128,0,0,1,0.199784,0.157538,0.7885416249549514,0.0019005192398024603,0.0012173597485284108,0.0019005192398024603,26240.7,26240.7,True,299.17,379.397,0.29679563492063493,0.3763859126984127,59.769344,True
cdouble,bnd_scatter_b,1,2048,8,4,128,0,0,1,0.335417,0.297171,0.8859747717020903,0.0015487080261286695,0.0015487080261286695,0.0012169256084880423,52038.0,52038.0,True,228.213,257.584,0.2264017857142857,0.25553968253968257,76.54656,False
cdouble,bnd_scatter_b,1,2048,8,8,128,0,0,1,0.550619,0.675727,1.2272133725861258,0.0028732461482225812,0.0004819139913442871,0.0028732461482225812,103452.0,103452.0,True,199.959,162.937,0.19837202380952382,0.16164384920634922,110.100992,False
cdouble,bnd_scatter_b,1,2048,8,12,128,0,0,1,0.87489,1.12595,1.2869617894821064,0.0038291220746924817,0.000694571889037479,0.0038291220746924817,155503.0,155503.0,True,164.198,127.586,0.16289484126984127,0.12657341269841269,143.655424,False
cdouble,bnd_scatter_b,1,2048,8,25,128,0,0,1,1.961,2.73059,1.3924477307496175,0.015454169245474422,0.0008931055583885773,0.015454169245474422,323527.0,323527.0,True,128.867,92.5466,0.12784424603174602,0.09181210317460317,252.707328,False
cdouble,bnd_scatter_b,1,2048,12,1,128,0,0,1,0.20272,0.149323,0.7365972770323599,0.006037194159431728,0.006037194159431728,0.001914567749107639,19303.1,19303.1,True,356.907,484.536,0.35407440476190477,0.48069047619047617,72.352256,True
cdouble,bnd_scatter_b,1,2048,12,2,128,0,0,1,0.279394,0.250797,0.8976463345669556,0.0022097513128147466,0.000990039156173719,0.0022097513128147466,38931.7,38931.7,True,288.986,321.937,0.2866924603174603,0.31938194444444445,80.740864,False
cdouble,bnd_scatter_b,1,2048,12,4,128,0,0,1,0.483078,0.493267,1.0210918319608842,0.0014464392913773759,0.0014464392913773759,0.001136461591795113,77186.0,77186.0,True,201.868,197.698,0.200265873015873,0.19612896825396825,97.51808,False
cdouble,bnd_scatter_b,1,2048,12,8,128,0,0,1,0.812766,1.03292,1.2708700905303618,0.015507299694071174,0.0002846907966130473,0.015507299694071174,153934.0,153934.0,True,161.267,126.895,0.15998710317460316,0.12588789682539683,131.072512,False
cdouble,bnd_scatter_b,1,2048,12,12,128,0,0,1,1.26298,1.62185,1.2841454338152622,0.014246138668804142,0.0010077040016468987,0.014246138668804142,231519.0,231519.0,True,130.348,101.506,0.12931349206349207,0.10070039682539683,164.626944,False
cdouble,bnd_scatter_b,1,2048,12,25,128,0,0,1,2.73484,3.91074,1.4299703090491582,0.01438722594700747,0.0006304683272147548,0.01438722594700747,481803.0,481803.0,True,100.071,69.9814,0.0992767857142857,0.06942599206349205,273.678848,False
cdouble,bnd_scatter_b,1,2048,16,1,128,0,0,1,0.262234,0.235673,0.8987126001967707,0.0057100909874386995,0.0057100909874386995,0.0017320354898524653,25507.0,25507.0,True,355.879,395.989,0.3530545634920635,0.39284623015873016,93.323776,False
cdouble,bnd_scatter_b,1,2048,16,2,128,0,0,1,0.354655,0.371332,1.0470231633559375,0.00442313078323441,0.0008528344447420733,0.00442313078323441,51459.4,51459.4,True,286.792,273.912,0.284515873015873,0.2717380952380952,101.712384,False
cdouble,bnd_scatter_b,1,2048,16,4,128,0,0,1,0.626273,0.677349,1.0815554877824847,0.004239527924304901,0.0025392121327280593,0.004239527924304901,102084.0,102084.0,True,189.198,174.931,0.18769642857142857,0.17354265873015876,118.4896,False
cdouble,bnd_scatter_b,1,2048,16,8,128,0,0,1,1.06115,1.35633,1.2781699100032984,0.013818244822425222,0.0009466239457192667,0.013818244822425222,203608.0,203608.0,True,143.282,112.1,0.14214484126984128,0.11121031746031745,152.044032,False
cdouble,bnd_scatter_b,1,2048,16,12,128,0,0,1,1.66162,2.0765,1.249684043283061,0.008540621237659524,0.001021755876794935,0.008540621237659524,306276.0,306276.0,True,111.697,89.3804,0.11081051587301588,0.08867103174603173,185.598464,False
cdouble,bnd_scatter_b,1,2048,16,25,128,0,0,1,3.49629,4.94517,1.4144049835682966,0.00896110750489872,0.001033910230558678,0.00896110750489872,637282.0,637282.0,True,84.2752,59.5835,0.0836063492063492,0.05911061507936508,294.650368,False
cfloat,bnd_banded,0,1024,16,12,128,0,0,0,0.118432,0.0903272,0.7626925155363415,0.001815090028252841,0.0009931521885976763,0.001815090028252841,25891.7,25891.7,True,429.415,563.024,0.4260069444444445,0.5585555555555556,50.856448,True
cfloat,bnd_banded,0,1024,16,12,128,1,0,0,0.129209,0.138779,1.07406604803071,0.007441904034472074,0.0008089297185180599,0.007441904034472074,25985.9,25985.9,True,393.597,366.457,0.39047321428571424,0.3635486111111111,50.856448,True
cfloat,bnd_banded,0,1024,16,12,512,0,0,0,0.461167,0.302324,0.655562952249402,0.006392016512086371,0.0007583001385615189,0.006392016512086371,25891.7,25891.7,True,441.11,672.874,0.437609126984127,0.6675337301587302,203.425792,False
cfloat,bnd_banded,0,1024,16,12,512,1,0,0,0.497976,0.420726,0.8448720420261218,0.0027208919819550017,0.0024931924430093015,0.0027208919819550017,25985.9,25985.9,True,408.505,483.511,0.40526289682539685,0.4796736111111111,203.425792,False
cfloat,bnd_banded,0,1024,16,25,128,0,0,0,0.197286,0.156193,0.7917084841296392,0.004050783325757236,0.000876098658799915,0.004050783325757236,54102.2,54102.2,True,395.971,500.147,0.39282837301587303,0.49617757936507934,78.119424,False
cfloat,bnd_banded,0,1024,16,25,128,1,0,0,0.204259,0.428638,2.0985023915714853,0.004825050508820963,0.0007839164981714393,0.004825050508820963,54791.6,54791.6,True,382.453,182.25,0.3794176587301587,0.18080357142857142,78.119424,False
cfloat,bnd_banded,0,1024,16,25,512,0,0,0,0.857982,0.556193,0.6482571895447691,0.014176086358512242,0.0058904149504301955,0.014176086358512242,54102.2,54102.2,True,364.201,561.815,0.3613105158730159,0.5573561507936509,312.477696,False
cfloat,bnd_banded,0,1024,16,25,512,1,0,0,0.927034,1.53103,1.651535973869351,0.02557403504078599,0.02557403504078599,0.007520688686701109,54791.6,54791.6,True,337.073,204.096,0.33439781746031744,0.20247619047619048,312.477696,False
cfloat,bnd_banded,0,1024,16,50,128,0,0,0,0.380901,0.28495,0.7480946492658197,0.018314653938950015,0.018314653938950015,0.003868117213546236,107842.0,107842.0,True,342.735,458.144,0.34001488095238097,0.4545079365079365,130.548224,False
cfloat,bnd_banded,0,1024,16,50,128,1,0,0,0.398971,0.798506,2.0014136365801023,0.0048363568965042215,0.004646879096475683,0.0048363568965042215,109238.0,109238.0,True,327.213,163.491,0.32461607142857146,0.1621934523809524,130.548224,False
cfloat,bnd_banded,0,1024,16,50,512,0,0,0,1.64772,0.999146,0.6063809385089699,0.005343913702301766,0.0026297793314398075,0.005343913702301766,107842.0,107842.0,True,316.918,522.639,0.3144027777777778,0.5184910714285714,522.192896,False
cfloat,bnd_banded,0,1024,16,50,512,1,0,0,1.72944,2.8937,1.6732005735960773,0.010886097383972077,0.007816923397169025,0.010886097383972077,109238.0,109238.0,True,301.943,180.459,0.299546626984127,0.1790267857142857,522.192896,False
cfloat,bnd_banded,0,2048,16,12,128,0,0,0,0.226146,0.172636,0.7633829472995322,0.004405871313051739,0.0007406410018306757,0.004405871313051739,52093.2,52093.2,True,449.764,589.174,0.44619444444444445,0.5844980158730159,101.712384,False
cfloat,bnd_banded,0,2048,16,12,128,1,0,0,0.246885,0.247506,1.0025153411507381,0.0054680694609423606,0.0006063632865504182,0.0054680694609423606,52154.3,52154.3,True,411.983,410.949,0.4087132936507937,0.40768750000000004,101.712384,False
cfloat,bnd_banded,0,2048,16,12,512,0,0,0,0.980291,0.568005,0.5794248850596404,0.012157762695750918,0.00038321682031151975,0.012157762695750918,52093.2,52093.2,True,415.029,716.278,0.41173511904761906,0.710593253968254,406.849536,False
cfloat,bnd_banded,0,2048,16,12,512,1,0,0,1.04696,0.79802,0.7622258730037442,0.0032838149419814043,0.0008649738289906014,0.0032838149419814043,52154.3,52154.3,True,388.601,509.824,0.38551686507936506,0.5057777777777778,406.849536,False
cfloat,bnd_banded,0,2048,16,25,128,0,0,0,0.406537,0.302104,0.7431156327714329,0.004237481132325293,0.0004690618566083776,0.004237481132325293,108217.0,108217.0,True,384.315,517.168,0.3812648809523809,0.5130634920634921,156.238336,False
cfloat,bnd_banded,0,2048,16,25,128,1,0,0,0.420053,0.817991,1.947351881786346,0.00491529857907972,0.0008819315657786041,0.00491529857907972,108964.0,108964.0,True,371.949,191.003,0.3689970238095238,0.18948710317460316,156.238336,False
cfloat,bnd_banded,0,2048,16,25,512,0,0,0,1.72357,1.08104,0.6272098029090782,0.009096932529575242,0.009096932529575242,0.004137025456967365,108217.0,108217.0,True,362.593,578.102,0.3597152777777778,0.5735138888888889,624.953344,False
cfloat,bnd_banded,0,2048,16,25,512,1,0,0,1.76386,3.02164,1.7130838048371186,0.009677691584702348,0.003990906307756852,0.009677691584702348,108964.0,108964.0,True,354.309,206.826,0.35149702380952386,0.20518452380952382,624.953344,False
cfloat,bnd_banded,0,2048,16,50,128,0,0,0,0.800977,0.530611,0.6624547271644504,0.009715045485299023,0.007963849149226506,0.009715045485299023,216964.0,216964.0,True,325.972,492.067,0.32338492063492064,0.48816170634920636,261.095936,False
cfloat,bnd_banded,0,2048,16,50,128,1,0,0,0.847476,1.53633,1.8128300978434788,0.00966541825373226,0.00966541825373226,0.007756862132484558,218798.0,218798.0,True,308.086,169.947,0.305640873015873,0.16859821428571428,261.095936,False
cfloat,bnd_banded,0,2048,16,50,512,0,0,0,3.15025,1.96327,0.6232108562812475,0.0026135681796186972,0.001283964764701214,0.0026135681796186972,216964.0,216964.0,True,331.524,531.96,0.32889285714285715,0.5277380952380952,1044.383744,False
cfloat,bnd_banded,0,2048,16,50,512,1,0,0,3.32443,5.81163,1.748158330901839,0.011416246388706783,0.00053586329084986,0.011416246388706783,218798.0,218798.0,True,314.154,179.706,0.3116607142857143,0.17827976190476189,1044.383744,False
cfloat,bnd_banded,0,4096,16,12,128,0,0,0,0.464785,0.307727,0.6620846197704314,0.0025120122706164885,0.0006043719138956722,0.0025120122706164885,103998.0,103998.0,True,437.674,661.054,0.4342003968253968,0.6558075396825397,203.424256,False
cfloat,bnd_banded,0,4096,16,12,128,1,0,0,0.501024,0.434619,0.8674614389729832,0.0025337824623405786,0.00046409154052500477,0.0025337824623405786,104581.0,104581.0,True,406.017,468.052,0.40279464285714284,0.46433730158730163,203.424256,False
cfloat,bnd_banded,0,4096,16,12,512,0,0,0,1.9514,1.10663,0.5670954186737727,0.002888264370205037,0.0006946448703494927,0.002888264370205037,103998.0,103998.0,True,416.981,735.29,0.41367162698412696,0.729454365079365,813.697024,False
cfloat,bnd_banded,0,4096,16,12,512,1,0,0,2.08109,1.53745,0.7387715091610646,0.003901011415005366,0.0007476274452330268,0.003901011415005366,104581.0,104581.0,True,390.995,529.252,0.3878918650793651,0.5250515873015873,813.697024,False
cfloat,bnd_banded,0,4096,16,25,128,0,0,0,0.865401,0.571632,0.6605400271088201,0.013900603885016932,0.007142769652450137,0.013900603885016932,216727.0,216727.0,True,361.077,546.638,0.35821130952380953,0.5422996031746032,312.47616,False
cfloat,bnd_banded,0,4096,16,25,128,1,0,0,0.894124,1.57906,1.766041399179532,0.009152075103676896,0.009152075103676896,0.008836902967588312,218114.0,218114.0,True,349.477,197.887,0.346703373015873,0.19631646825396826,312.47616,False
cfloat,bnd_banded,0,4096,16,25,512,0,0,0,3.40247,2.14847,0.6314442155257798,0.004751636311267991,0.004751636311267991,0.0026225779275484413,216727.0,216727.0,True,367.352,581.764,0.3644365079365079,0.5771468253968254,1249.90464,False
cfloat,bnd_banded,0,4096,16,25,512,1,0,0,3.50999,6.00329,1.7103439041136868,0.008231086620836242,0.003154880783136134,0.008231086620836242,218114.0,218114.0,True,356.099,208.203,0.35327281746031747,0.20655059523809524,1249.90464,False
cfloat,bnd_banded,0,4096,16,50,128,0,0,0,1.59268,1.02671,0.6446429916869678,0.003791489320255963,0.000696863148906246,0.003791489320255963,434145.0,434145.0,True,327.87,508.607,0.32526785714285716,0.5045704365079365,522.19136,False
cfloat,bnd_banded,0,4096,16,50,128,1,0,0,1.67717,2.95116,1.7596069569572552,0.011138027080876673,0.0076164610623848505,0.011138027080876673,436769.0,436769.0,True,311.353,176.945,0.30888194444444445,0.1755406746031746,522.19136,False
cfloat,bnd_banded,0,4096,16,50,512,0,0,0,6.30245,3.95081,0.6268689160564542,0.004808710112609819,0.0014974954184483811,0.004808710112609819,434145.0,434145.0,True,331.421,528.693,0.32879067460317457,0.5244970238095238,2088.76544,False
cfloat,bnd_banded,0,4096,16,50,512,1,0,0,6.64476,11.6386,1.7515455787718444,0.01196063100372897,0.0037146262618965925,0.01196063100372897,436769.0,436769.0,True,314.348,179.469,0.31185317460317463,0.17804464285714286,2088.76544,False
cfloat,bnd_gather_a,0,1024,3,1,512,0,0,1,0.163887,0.0131221,0.08006797366478122,0.0008466260289101637,0.0008466260289101637,0.000795451947477919,2501.82,2501.82,True,179.161,2237.61,0.1777390873015873,2.2198511904761906,29.362176,True
cfloat,bnd_gather_a,0,1024,3,2,512,0,0,1,0.164221,0.0195127,0.11881976117548913,0.001146296758636228,0.001146296758636228,0.0010867486303791887,4985.47,4985.47,True,229.878,1934.67,0.2280535714285714,1.9193154761904763,37.750784,True
cfloat,bnd_gather_a,0,1024,3,4,512,0,0,1,0.168883,0.0337432,0.19980222994617575,0.006432559819520023,0.006432559819520023,0.0011092338604518836,9973.15,9973.15,True,322.874,1615.97,0.320311507936508,1.6031448412698412,54.528,True
cfloat,bnd_gather_a,0,1024,3,8,512,0,0,1,0.185591,0.103079,0.5554094756750058,0.0035584551654556213,0.0030089120700896054,0.0035584551654556213,19873.2,19873.2,True,474.604,854.517,0.4708373015873016,0.8477351190476191,88.082432,False
cfloat,bnd_gather_a,0,1024,3,12,512,0,0,1,0.298308,0.138519,0.4643489279536586,0.037083484184131835,0.037083484184131835,0.0009027714609548148,29813.5,29813.5,True,407.756,878.122,0.40451984126984125,0.8711527777777778,121.636864,False
cfloat,bnd_gather_a,0,1024,3,25,512,0,0,1,0.626748,0.260634,0.41585134695284226,0.021257347450650024,0.021257347450650024,0.0011497617348465664,61851.9,61851.9,True,368.073,885.107,0.3651517857142857,0.8780823412698412,230.688768,False
cfloat,bnd_gather_a,0,1024,6,1,512,0,0,1,0.199391,0.021764,0.10915236896349383,0.0014571540158059182,0.0008809775767211158,0.0014571540158059182,4887.63,4887.63,True,241.92,2216.35,0.24,2.1987599206349207,48.236544,True
cfloat,bnd_gather_a,0,1024,6,2,512,0,0,1,0.200175,0.0320051,0.1598856000999126,0.0058859997502185585,0.0058859997502185585,0.0012118943543372774,9760.98,9760.98,True,282.878,1769.26,0.28063293650793647,1.755218253968254,56.625152,True
cfloat,bnd_gather_a,0,1024,6,4,512,0,0,1,0.205873,0.0610075,0.2963356049603396,0.0064656804491251075,0.0007912256585370593,0.0064656804491251075,19640.9,19640.9,True,356.542,1203.17,0.35371230158730155,1.1936210317460318,73.402368,True
cfloat,bnd_gather_a,0,1024,6,8,512,0,0,1,0.34121,0.183596,0.5380733272764573,0.002691850584980065,0.001547475161923742,0.002691850584980065,38904.7,38904.7,True,313.463,582.567,0.31097519841269844,0.5779434523809523,106.9568,False
cfloat,bnd_gather_a,0,1024,6,12,512,0,0,1,0.443488,0.212927,0.480118966014864,0.0023648104749515093,0.0005173533443971427,0.0023648104749515093,58388.2,58388.2,True,316.832,659.902,0.31431746031746033,0.6546646825396826,140.511232,False
cfloat,bnd_gather_a,0,1024,6,25,512,0,0,1,0.925821,0.419253,0.452844556345125,0.003245868246619583,0.0018536844595229533,0.003245868246619583,121146.0,121146.0,True,269.559,595.257,0.26741964285714287,0.5905327380952381,249.563136,False
cfloat,bnd_gather_a,0,1024,8,1,512,0,0,1,0.220492,0.0357687,0.16222221214375127,0.0013613606309426957,0.0007307249242602906,0.0013613606309426957,6451.22,6451.22,True,275.835,1700.35,0.2736458333333333,1.6868551587301586,60.819456,True
cfloat,bnd_gather_a,0,1024,8,2,512,0,0,1,0.221047,0.047078,0.21297733061294657,0.0011415948001189515,0.0008929956072690423,0.0011415948001189515,12867.6,12867.6,True,313.092,1470.07,0.31060714285714286,1.4584027777777777,69.208064,True
cfloat,bnd_gather_a,0,1024,8,4,512,0,0,1,0.252274,0.129608,0.5137588495049034,0.0024312310968458736,0.0010083718496555333,0.0024312310968458736,26000.9,26000.9,True,340.84,663.427,0.3381349206349206,0.6581617063492063,85.98528,False
cfloat,bnd_gather_a,0,1024,8,8,512,0,0,1,0.404722,0.226992,0.5608590588107392,0.0033251960605057296,0.0033251960605057296,0.0031696271234228517,51481.6,51481.6,True,295.362,526.626,0.29301785714285716,0.5224464285714285,119.539712,False
cfloat,bnd_gather_a,0,1024,8,12,512,0,0,1,0.566303,0.268534,0.4741878464355654,0.004286892352680456,0.004286892352680456,0.0041577230443817165,77229.6,77229.6,True,270.34,570.111,0.2681944444444444,0.5655863095238095,153.094144,False
cfloat,bnd_gather_a,0,1024,8,25,512,0,0,1,1.24174,0.549351,0.44240420699985505,0.006918582108706455,0.0013614122118962102,0.006918582108706455,160345.0,160345.0,True,211.111,477.192,0.20943551587301587,0.47340476190476194,262.146048,False
cfloat,bnd_gather_a,0,1024,12,1,512,0,0,1,0.2555,0.0990239,0.38756908023483366,0.0009462604482352241,0.0005882074363992172,0.0009462604482352241,9653.95,9653.95,True,336.537,868.329,0.3338660714285714,0.8614375,85.98528,False
cfloat,bnd_gather_a,0,1024,12,2,512,0,0,1,0.255227,0.12387,0.48533266464754904,0.004189878030145714,0.004189878030145714,0.00148900460159845,19228.3,19228.3,True,369.764,761.878,0.3668293650793651,0.7558313492063492,94.373888,False
cfloat,bnd_gather_a,0,1024,12,4,512,0,0,1,0.334363,0.196887,0.5888420668554833,0.0023889388329346273,0.002141077212490616,0.0023889388329346273,38811.5,38811.5,True,332.427,564.544,0.32978869047619047,0.560063492063492,111.151104,False
cfloat,bnd_gather_a,0,1024,12,8,512,0,0,1,0.567194,0.319696,0.5636448904607595,0.00256376370051549,0.0004945045257883546,0.00256376370051549,76689.6,76689.6,True,255.125,452.635,0.25310019841269843,0.4490426587301587,144.705536,False
cfloat,bnd_gather_a,0,1024,12,12,512,0,0,1,0.803841,0.41661,0.5182741363030748,0.0017463022971124073,0.0010615917824544903,0.0017463022971124073,115214.0,115214.0,True,221.76,427.882,0.22,0.4244861111111111,178.259968,False
cfloat,bnd_gather_a,0,1024,12,25,512,0,0,1,1.66623,0.859794,0.5160115950378998,0.0037788353954551906,0.000999759937103521,0.0037788353954551906,239515.0,239515.0,True,172.432,334.164,0.17106349206349206,0.33151190476190473,287.311872,False
cfloat,bnd_gather_a,0,1024,16,1,512,0,0,1,0.278937,0.169198,0.6065814144412537,0.0013132306528445964,0.0004972018771263763,0.0013132306528445964,12664.7,12664.7,True,398.482,656.927,0.39531944444444445,0.6517132936507937,111.151104,False
cfloat,bnd_gather_a,0,1024,16,2,512,0,0,1,0.287294,0.185076,0.6442041950058128,0.0012263610624824398,0.0010907746071968088,0.0012263610624824398,25335.3,25335.3,True,416.088,645.896,0.4127857142857143,0.6407698412698413,119.539712,False
cfloat,bnd_gather_a,0,1024,16,4,512,0,0,1,0.40038,0.275789,0.6888181227833559,0.0018989626127220447,0.0006409136320495529,0.0018989626127220447,51255.3,51255.3,True,340.469,494.28,0.3377668650793651,0.4903571428571428,136.316928,False
cfloat,bnd_gather_a,0,1024,16,8,512,0,0,1,0.711171,0.426665,0.5999471294526915,0.0021202864073687788,0.0006158645389083638,0.0021202864073687788,101423.0,101423.0,True,238.862,398.138,0.23696626984126984,0.3949781746031746,169.87136,False
cfloat,bnd_gather_a,0,1024,16,12,512,0,0,1,1.02205,0.591189,0.5784345188591556,0.0013434265522531711,0.0009827405704221908,0.0013434265522531711,152420.0,152420.0,True,199.037,344.096,0.19745734126984127,0.34136507936507937,203.425792,False
cfloat,bnd_gather_a,0,1024,16,25,512,0,0,1,2.09242,1.22677,0.5862924269506121,0.0027355086935611406,0.000948241748788484,0.0027355086935611406,316818.0,316818.0,True,149.338,254.716,0.14815277777777777,0.25269444444444444,312.477696,False
cfloat,bnd_scatter_a,1,1024,3,1,512,0,0,1,0.165068,0.0566115,0.3429586594615553,0.001732075638342033,0.000914392856277413,0.001732075638342033,2521.86,2521.86,True,177.879,518.661,0.1764672619047619,0.5145446428571429,29.362176,True
cfloat,bnd_scatter_a,1,1024,3,2,512,0,0,1,0.167118,0.105207,0.6295372132265824,0.0017339150436758012,0.0008856317093311313,0.0017339150436758012,4971.24,4971.24,True,225.893,358.825,0.2241001984126984,0.3559771825396825,37.750784,True
cfloat,bnd_scatter_a,1,1024,3,4,512,0,0,1,0.233428,0.204557,0.8763173226862244,0.004646314923659543,0.004646314923659543,0.00119727997575248,9997.29,9997.29,True,233.596,266.567,0.2317420634920635,0.2644513888888889,54.528,True
cfloat,bnd_scatter_a,1,1024,3,8,512,0,0,1,0.428742,0.42386,0.9886131986136184,0.002239981154167308,0.002239981154167308,0.0011079224272165338,19845.7,19845.7,True,205.444,207.81,0.20381349206349206,0.20616071428571428,88.082432,False
cfloat,bnd_scatter_a,1,1024,3,12,512,0,0,1,0.618493,0.709265,1.146763180828239,0.009814630076654061,0.009814630076654061,0.0019064806525064678,29807.0,29807.0,True,196.667,171.497,0.1951061507936508,0.17013591269841272,121.636864,False
cfloat,bnd_scatter_a,1,1024,3,25,512,0,0,1,1.40536,1.5613,1.1109608925826835,0.010251181192007743,0.010251181192007743,0.0023409146224300263,61992.1,61992.1,True,164.149,147.754,0.16284623015873015,0.1465813492063492,230.688768,False
cfloat,bnd_scatter_a,1,1024,6,1,512,0,0,1,0.202553,0.123012,0.6073077169925896,0.007908498022739727,0.007908498022739727,0.0020857558612167922,4875.64,4875.64,True,238.142,392.129,0.23625198412698412,0.3890168650793651,48.236544,True
cfloat,bnd_scatter_a,1,1024,6,2,512,0,0,1,0.311136,0.229314,0.7370217525455106,0.038607554252802635,0.038607554252802635,0.0015975300243334467,9659.83,9659.83,True,181.995,246.933,0.18055059523809525,0.24497321428571428,56.625152,True
cfloat,bnd_scatter_a,1,1024,6,4,512,0,0,1,0.519248,0.440994,0.8492935938125904,0.0024008181061843277,0.0024008181061843277,0.0012813553018861934,19555.1,19555.1,True,141.363,166.448,0.14024107142857142,0.16512698412698412,73.402368,True
cfloat,bnd_scatter_a,1,1024,6,8,512,0,0,1,0.873541,0.888589,1.0172264381408542,0.012659852256505419,0.012659852256505419,0.0010995510860476554,38831.6,38831.6,True,122.44,120.367,0.12146825396825396,0.11941170634920635,106.9568,False
cfloat,bnd_scatter_a,1,1024,6,12,512,0,0,1,1.28186,1.4112,1.1009002543179442,0.002412103174603175,0.0007781988672709968,0.002412103174603175,58402.6,58402.6,True,109.615,99.5684,0.10874503968253968,0.0987781746031746,140.511232,False
cfloat,bnd_scatter_a,1,1024,6,25,512,0,0,1,2.75198,2.91661,1.0598223824301047,0.0020805969944558923,0.0007266549902252196,0.0020805969944558923,121445.0,121445.0,True,90.6848,85.5661,0.08996507936507936,0.08488700396825398,249.563136,False
cfloat,bnd_scatter_a,1,1024,8,1,512,0,0,1,0.246846,0.17246,0.6986542216604684,0.0017636495419227649,0.0006265768940959141,0.0017636495419227649,6455.89,6455.89,True,246.386,352.658,0.24443055555555554,0.349859126984127,60.819456,True
cfloat,bnd_scatter_a,1,1024,8,2,512,0,0,1,0.394637,0.313732,0.7949888125036426,0.002776272878620099,0.002776272878620099,0.001472164140094093,12840.9,12840.9,True,175.371,220.596,0.17397916666666668,0.2188452380952381,69.208064,True
cfloat,bnd_scatter_a,1,1024,8,4,512,0,0,1,0.648454,0.624718,0.9633960157543944,0.027818935498894297,0.027818935498894297,0.0014906982030292069,25899.9,25899.9,True,132.6,137.638,0.13154761904761905,0.13654563492063493,85.98528,False
cfloat,bnd_scatter_a,1,1024,8,8,512,0,0,1,1.19584,1.21944,1.0197350816162698,0.0037575198451748337,0.0008380636205512443,0.0037575198451748337,51462.5,51462.5,True,99.9629,98.0281,0.09916954365079365,0.09725009920634921,119.539712,False
cfloat,bnd_scatter_a,1,1024,8,12,512,0,0,1,1.72762,1.92491,1.1141975665945056,0.00693202208819069,0.00693202208819069,0.0021998534996441393,77374.9,77374.9,True,88.6157,79.533,0.0879124007936508,0.07890178571428572,153.094144,False
cfloat,bnd_scatter_a,1,1024,8,25,512,0,0,1,3.69423,3.8006,1.0287935510241648,0.002127277272009683,0.0006531861849424644,0.002127277272009683,160756.0,160756.0,True,70.961,68.9749,0.07039781746031745,0.06842748015873017,262.146048,False
cfloat,bnd_scatter_a,1,1024,12,1,512,0,0,1,0.356991,0.29906,0.8377242003299803,0.0016654049354644554,0.0007159760330092354,0.0016654049354644554,9662.0,9662.0,True,240.861,287.519,0.23894940476190477,0.28523710317460316,85.98528,False
cfloat,bnd_scatter_a,1,1024,12,2,512,0,0,1,0.576178,0.515561,0.8947946641489263,0.0015686407621988473,0.000506300136416177,0.0015686407621988473,19171.8,19171.8,True,163.793,183.051,0.16249305555555557,0.18159821428571427,94.373888,False
cfloat,bnd_scatter_a,1,1024,12,4,512,0,0,1,1.01635,0.945476,0.9302661484724749,0.022810645938898998,0.022810645938898998,0.001415350574736958,38680.0,38680.0,True,109.363,117.561,0.10849503968253968,0.1166279761904762,111.151104,False
cfloat,bnd_scatter_a,1,1024,12,8,512,0,0,1,1.82987,1.91252,1.045167143021089,0.004096652584025265,0.0033526698617934608,0.004096652584025265,76859.7,76859.7,True,79.0796,75.6624,0.07845198412698412,0.07506190476190476,144.705536,False
cfloat,bnd_scatter_a,1,1024,12,12,512,0,0,1,2.62973,2.98287,1.1342875504329342,0.007945803873450737,0.00442794507420914,0.007945803873450737,115577.0,115577.0,True,67.7864,59.7612,0.0672484126984127,0.05928690476190476,178.259968,False
cfloat,bnd_scatter_a,1,1024,12,25,512,0,0,1,5.56772,5.6493,1.0146523172860706,0.003781386276608738,0.003781386276608738,0.0015347830704689075,240077.0,240077.0,True,51.6031,50.858,0.051193551587301586,0.05045436507936508,287.311872,False
cfloat,bnd_scatter_a,1,1024,16,1,512,0,0,1,0.469477,0.431753,0.9196467558581145,0.0014003932804172755,0.0013657474168063612,0.0014003932804172755,12781.5,12781.5,True,236.755,257.442,0.23487599206349205,0.25539880952380956,111.151104,False
cfloat,bnd_scatter_a,1,1024,16,2,512,0,0,1,0.765614,0.712299,0.93036308113488,0.0014209061082494853,0.0005740164103582222,0.0014209061082494853,25399.7,25399.7,True,156.136,167.822,0.1548968253968254,0.16649007936507937,119.539712,False
cfloat,bnd_scatter_a,1,1024,16,4,512,0,0,1,1.28459,1.28117,0.9973376719420204,0.008730100654683597,0.008730100654683597,0.0043280438973750555,51228.8,51228.8,True,106.117,106.4,0.1052748015873016,0.10555555555555556,136.316928,False
cfloat,bnd_scatter_a,1,1024,16,8,512,0,0,1,2.44403,2.59665,1.062446041988028,0.003910598478742077,0.003910598478742077,0.0034184583983209137,101915.0,101915.0,True,69.5045,65.4195,0.06895287698412697,0.06490029761904761,169.87136,False
cfloat,bnd_scatter_a,1,1024,16,12,512,0,0,1,3.5844,4.08413,1.1394180337015958,0.0020942452860217477,0.0007836988059368374,0.0020942452860217477,153237.0,153237.0,True,56.753,49.8088,0.05630257936507937,0.04941349206349206,203.425792,False
cfloat,bnd_scatter_a,1,1024,16,25,512,0,0,1,7.45302,7.64115,1.0252421166184982,0.0029167102731510177,0.0029167102731510177,0.0014478579794926156,317856.0,317856.0,True,41.9263,40.894,0.04159355158730158,0.04056944444444444,312.477696,False
cfloat,bnd_scatter_b,1,2048,3,1,128,0,0,1,0.0872999,0.0296627,0.3397793124619845,0.0011719668135402373,0.00041806577098026456,0.0011719668135402373,4963.07,4963.07,True,168.163,494.918,0.16682837301587303,0.4909900793650794,14.680576,True
cfloat,bnd_scatter_b,1,2048,3,2,128,0,0,1,0.0890848,0.0535497,0.601109280146557,0.001186114954892371,0.0004550854915765652,0.001186114954892371,10110.9,10110.9,True,211.875,352.474,0.21019345238095238,0.3496765873015873,18.87488,True
cfloat,bnd_scatter_b,1,2048,3,4,128,0,0,1,0.119442,0.101491,0.849709482426617,0.0020018523809993004,0.0008625106746370623,0.0020018523809993004,19918.0,19918.0,True,228.257,268.631,0.22644543650793653,0.2664990079365079,27.263488,True
cfloat,bnd_scatter_b,1,2048,3,8,128,0,0,1,0.199957,0.20263,1.01336787409293,0.0019239549918570792,0.0007501362793000494,0.0019239549918570792,39482.5,39482.5,True,220.251,217.345,0.2185029761904762,0.21562003968253968,44.040704,True
cfloat,bnd_scatter_b,1,2048,3,12,128,0,0,1,0.283123,0.306516,1.0826248662242206,0.0016449059755445064,0.0006214542795887299,0.0016449059755445064,59430.8,59430.8,True,214.811,198.417,0.2131061507936508,0.1968422619047619,60.81792,True
cfloat,bnd_scatter_b,1,2048,3,25,128,0,0,1,0.621961,0.721703,1.16036696834689,0.0012581089450923717,0.0005779526369016707,0.0012581089450923717,123398.0,123398.0,True,185.452,159.822,0.18398015873015872,0.15855357142857143,115.343872,False
cfloat,bnd_scatter_b,1,2048,6,1,128,0,0,1,0.105676,0.0628036,0.5943033422915326,0.001072816912070858,0.001072816912070858,0.0009684317459508691,9716.28,9716.28,True,228.223,384.019,0.22641170634920635,0.3809712301587302,24.11776,True
cfloat,bnd_scatter_b,1,2048,6,2,128,0,0,1,0.144638,0.116346,0.8043944191706192,0.0032782304505526616,0.0008438722880570805,0.0032782304505526616,19740.8,19740.8,True,195.744,243.345,0.1941904761904762,0.24141369047619046,28.312064,True
cfloat,bnd_scatter_b,1,2048,6,4,128,0,0,1,0.229625,0.221733,0.9656309199782255,0.001974884207582994,0.0005232749047359825,0.001974884207582994,39161.6,39161.6,True,159.829,165.518,0.15856051587301587,0.1642043650793651,36.700672,True
cfloat,bnd_scatter_b,1,2048,6,8,128,0,0,1,0.409017,0.42957,1.0502497451206185,0.005077798728961519,0.00035901441749364935,0.005077798728961519,77964.9,77964.9,True,130.747,124.492,0.12970932539682542,0.12350396825396825,53.477888,True
cfloat,bnd_scatter_b,1,2048,6,12,128,0,0,1,0.592457,0.652872,1.1019736453447255,0.0011944408704922251,0.0003045925695873287,0.0011944408704922251,117269.0,117269.0,True,118.583,107.609,0.11764186507936508,0.10675496031746032,70.255104,True
cfloat,bnd_scatter_b,1,2048,6,25,128,0,0,1,1.23087,1.45239,1.1799702649345587,0.003074876582736042,0.0007060794397458709,0.003074876582736042,243828.0,243828.0,True,101.376,85.9141,0.10057142857142858,0.08523224206349207,124.781056,False
cfloat,bnd_scatter_b,1,2048,8,1,128,0,0,1,0.12413,0.0879577,0.7085934101345364,0.0010520422138081045,0.0010520422138081045,0.000970285716884366,12935.5,12935.5,True,244.978,345.725,0.24303373015873017,0.3429811507936508,30.409216,True
cfloat,bnd_scatter_b,1,2048,8,2,128,0,0,1,0.188313,0.162739,0.8641941873370399,0.0025609411388788183,0.0006785139634544614,0.0025609411388788183,26240.7,26240.7,True,183.756,212.631,0.18229761904761904,0.21094345238095238,34.60352,True
cfloat,bnd_scatter_b,1,2048,8,4,128,0,0,1,0.304202,0.30229,0.9937147027304226,0.002939882232293493,0.000480585268998889,0.002939882232293493,52038.0,52038.0,True,141.327,142.222,0.14020535714285715,0.14109325396825398,42.992128,True
cfloat,bnd_scatter_b,1,2048,8,8,128,0,0,1,0.551513,0.567204,1.0284508252751976,0.003184356950938286,0.00033343185020117387,0.003184356950938286,103452.0,103452.0,True,108.373,105.375,0.10751289682539683,0.10453869047619048,59.769344,True
cfloat,bnd_scatter_b,1,2048,8,12,128,0,0,1,0.797443,0.853367,1.0701291502966357,0.0021550868500891177,0.00029188920085824316,0.0021550868500891177,155503.0,155503.0,True,95.9901,89.6994,0.09522827380952381,0.0889875,76.54656,False
cfloat,bnd_scatter_b,1,2048,8,25,128,0,0,1,1.68224,1.85843,1.1047353528628496,0.010690210671485638,0.010690210671485638,0.002435980908616413,323527.0,323527.0,True,77.9154,70.5288,0.07729702380952382,0.06996904761904763,131.072512,False
cfloat,bnd_scatter_b,1,2048,12,1,128,0,0,1,0.176655,0.146868,0.8313832045512439,0.0038925815855764055,0.0038925815855764055,0.0025973731514012583,19303.1,19303.1,True,243.367,292.726,0.24143551587301587,0.2904027777777778,42.992128,True
cfloat,bnd_scatter_b,1,2048,12,2,128,0,0,1,0.300773,0.258373,0.8590298996252989,0.008700249025012218,0.008700249025012218,0.0031507084718604495,38931.7,38931.7,True,156.884,182.629,0.15563888888888888,0.1811795634920635,47.186432,True
cfloat,bnd_scatter_b,1,2048,12,4,128,0,0,1,0.474349,0.470074,0.9909876483348757,0.02051451568360005,0.02051451568360005,0.0019023494173257829,77186.0,77186.0,True,117.161,118.226,0.11623115079365079,0.11728769841269841,55.57504,True
cfloat,bnd_scatter_b,1,2048,12,8,128,0,0,1,0.859643,0.895625,1.0418569103686064,0.00914744841754077,0.00914744841754077,0.00267448988136776,153934.0,153934.0,True,84.1655,80.7841,0.08349751984126984,0.08014295634920635,72.352256,True
cfloat,bnd_scatter_b,1,2048,12,12,128,0,0,1,1.22138,1.36404,1.1168023055887604,0.013045731796721504,0.001119700666459251,0.013045731796721504,231519.0,231519.0,True,72.9744,65.3422,0.0723952380952381,0.06482361111111111,89.129472,False
cfloat,bnd_scatter_b,1,2048,12,25,128,0,0,1,2.53706,2.76103,1.0882793469606553,0.007559143260309178,0.007559143260309178,0.007468988022585775,481803.0,481803.0,True,56.6229,52.0297,0.05617351190476191,0.05161676587301587,143.655424,False
cfloat,bnd_scatter_b,1,2048,16,1,128,0,0,1,0.230321,0.217718,0.945280716912483,0.031382852627419994,0.031382852627419994,0.002333532367558034,25507.0,25507.0,True,241.294,255.261,0.23937896825396826,0.25323511904761903,55.57504,True
cfloat,bnd_scatter_b,1,2048,16,2,128,0,0,1,0.386069,0.370312,0.9591860522341861,0.006693751635070415,0.006693751635070415,0.0027349370260753097,51459.4,51459.4,True,154.815,161.403,0.15358630952380953,0.1601220238095238,59.769344,True
cfloat,bnd_scatter_b,1,2048,16,4,128,0,0,1,0.597371,0.656992,1.0998056484161434,0.011279338970254666,0.011279338970254666,0.0023385825093760657,102084.0,102084.0,True,114.097,103.742,0.11319146825396825,0.1029186507936508,68.157952,True
cfloat,bnd_scatter_b,1,2048,16,8,128,0,0,1,1.1348,1.23549,1.088729291505111,0.002731758249763252,0.0020022030313711667,0.002731758249763252,203608.0,203608.0,True,74.8461,68.7463,0.07425208333333334,0.06820069444444445,84.935168,False
cfloat,bnd_scatter_b,1,2048,16,12,128,0,0,1,1.61169,1.88589,1.170131973270294,0.0074702660282413074,0.0008920946335833815,0.0074702660282413074,306276.0,306276.0,True,63.1092,53.9334,0.06260833333333334,0.05350535714285714,101.712384,False
cfloat,bnd_scatter_b,1,2048,16,25,128,0,0,1,3.34284,3.70901,1.1095385959244237,0.007265708200212993,0.007265708200212993,0.0015548084259681154,637282.0,637282.0,True,46.7382,42.124,0.046367261904761904,0.04178968253968254,156.238336,False
double,bnd_banded,0,1024,16,12,128,0,0,0,0.314067,0.0901965,0.2871887208780292,0.0024263025727162364,0.0003016693890157196,0.0024263025727162364,11906.0,11906.0,True,161.929,563.841,0.16064384920634922,0.5593660714285714,50.856448,True
double,bnd_banded,0,1024,16,12,128,1,0,0,0.314183,0.122633,0.39032347389896976,0.003407117170745231,0.0004058399085883068,0.003407117170745231,11707.4,11707.4,True,161.869,414.705,0.1605843253968254,0.4114136904761905,50.856448,True
double,bnd_banded,0,1024,16,12,512,0,0,0,1.29092,0.358457,0.2776756111920181,0.011313636786168004,0.011313636786168004,0.005298097121830512,11906.0,11906.0,True,157.582,567.505,0.1563313492063492,0.5630009920634921,203.425792,False
double,bnd_banded,0,1024,16,12,512,1,0,0,1.29043,0.450017,0.348734142882605,0.002778672805694007,0.0012191052594871478,0.002778672805694007,11707.4,11707.4,True,157.642,452.04,0.156390873015873,0.448452380952381,203.425792,False
double,bnd_banded,0,1024,16,25,128,0,0,0,0.608211,0.16645,0.2736714725646198,0.003906656653649745,0.00029244291865816307,0.003906656653649745,24700.6,24700.6,True,128.441,469.327,0.12742162698412698,0.46560218253968255,78.119424,False
double,bnd_banded,0,1024,16,25,128,1,0,0,0.62026,0.377146,0.6080450133814851,0.01045037564892142,0.01045037564892142,0.0017147126046676885,24615.3,24615.3,True,125.946,207.133,0.12494642857142857,0.2054890873015873,78.119424,False
double,bnd_banded,0,1024,16,25,512,0,0,0,2.45545,0.633733,0.25809240668716527,0.004999424047666763,0.0012921623327699608,0.004999424047666763,24700.6,24700.6,True,127.259,493.075,0.12624900793650792,0.48916170634920636,312.477696,False
double,bnd_banded,0,1024,16,25,512,1,0,0,2.51538,1.45436,0.5781869936152788,0.003438667180065458,0.0020668288687991474,0.003438667180065458,24615.3,24615.3,True,124.227,214.856,0.12324107142857144,0.21315079365079365,312.477696,False
double,bnd_banded,0,1024,16,50,128,0,0,0,1.20093,0.306275,0.25503151724080503,0.009202617971072418,0.009202617971072418,0.0022085413435637903,49069.6,49069.6,True,108.706,426.246,0.10784325396825398,0.42286309523809523,130.548224,False
double,bnd_banded,0,1024,16,50,128,1,0,0,1.18672,0.698725,0.5887867399218013,0.00370181401839064,0.001088040986921936,0.00370181401839064,49483.0,49483.0,True,110.007,186.838,0.10913392857142858,0.18535515873015873,130.548224,False
double,bnd_banded,0,1024,16,50,512,0,0,0,4.78956,1.16776,0.24381362797417716,0.010263667191888745,0.00036145282656444434,0.010263667191888745,49069.6,49069.6,True,109.027,447.175,0.10816170634920635,0.44362599206349207,522.192896,False
double,bnd_banded,0,1024,16,50,512,1,0,0,4.82886,2.67659,0.5542902465592293,0.007352936303806695,0.007352936303806695,0.0036834965385060844,49483.0,49483.0,True,108.14,195.096,0.10728174603174603,0.19354761904761905,522.192896,False
double,bnd_banded,0,2048,16,12,128,0,0,0,0.618743,0.198188,0.3203074620642173,0.004543504147577048,0.0008767226457511438,0.004543504147577048,23614.7,23614.7,True,164.386,513.212,0.1630813492063492,0.5091388888888889,101.712384,False
double,bnd_banded,0,2048,16,12,128,1,0,0,0.646077,0.248167,0.38411365827912153,0.008311965911183961,0.008311965911183961,0.004351827599962928,23546.4,23546.4,True,157.431,409.855,0.15618154761904762,0.40660218253968256,101.712384,False
double,bnd_banded,0,2048,16,12,512,0,0,0,2.5001,0.660088,0.2640246390144394,0.009889524419023238,0.009889524419023238,0.008773890753960078,23614.7,23614.7,True,162.733,616.356,0.16144146825396827,0.6114642857142857,406.849536,False
double,bnd_banded,0,2048,16,12,512,1,0,0,2.49948,0.877814,0.3511986493190583,0.0023517396623886156,0.00045788724054603353,0.0023517396623886156,23546.4,23546.4,True,162.774,463.48,0.16148214285714285,0.4598015873015873,406.849536,False
double,bnd_banded,0,2048,16,25,128,0,0,0,1.21761,0.330226,0.27120835078555533,0.002595340766626492,0.0005324701669664342,0.002595340766626492,49004.8,49004.8,True,128.315,473.125,0.12729662698412697,0.4693700396825397,156.238336,False
double,bnd_banded,0,2048,16,25,128,1,0,0,1.21903,0.747471,0.6131686668908887,0.0014946399258298985,0.001314495951699302,0.0014946399258298985,48901.2,48901.2,True,128.166,209.023,0.12714880952380953,0.20736408730158729,156.238336,False
double,bnd_banded,0,2048,16,25,512,0,0,0,4.91603,1.26289,0.2568922484199649,0.003987203952838331,0.00026209766824042977,0.003987203952838331,49004.8,49004.8,True,127.126,494.861,0.1261170634920635,0.4909335317460317,624.953344,False
double,bnd_banded,0,2048,16,25,512,1,0,0,4.92753,2.90994,0.5905473939275865,0.002635356862363091,0.002635356862363091,0.0016175281964576588,48901.2,48901.2,True,126.829,214.765,0.12582242063492063,0.21306051587301586,624.953344,False
double,bnd_banded,0,2048,16,50,128,0,0,0,2.39879,0.600825,0.25047002863943907,0.006857304539591395,0.0063960580125813436,0.006857304539591395,98010.9,98010.9,True,108.845,434.563,0.1079811507936508,0.4311140873015873,261.095936,False
double,bnd_banded,0,2048,16,50,128,1,0,0,2.42556,1.37703,0.5677163211794389,0.005035293348728786,0.002418187964841109,0.005035293348728786,98451.4,98451.4,True,107.644,189.608,0.10678968253968255,0.1881031746031746,261.095936,False
double,bnd_banded,0,2048,16,50,512,0,0,0,9.57696,2.32778,0.2430604283614007,0.004145258572545515,0.00021996124031007752,0.004145258572545515,98010.9,98010.9,True,109.052,448.661,0.10818650793650794,0.44510019841269843,1044.383744,False
double,bnd_banded,0,2048,16,50,512,1,0,0,9.69256,5.35476,0.5524608565745273,0.004236992084650495,0.004236992084650495,0.001535577691623901,98451.4,98451.4,True,107.751,195.038,0.10689583333333334,0.19349007936507936,1044.383744,False
double,bnd_banded,0,4096,16,12,128,0,0,0,1.23914,0.342204,0.2761624997982472,0.004327652511367489,0.000517984247139145,0.004327652511367489,47049.3,47049.3,True,164.166,594.453,0.16286309523809522,0.589735119047619,203.424256,False
double,bnd_banded,0,4096,16,12,128,1,0,0,1.24107,0.459489,0.370236167178322,0.004882946055291857,0.0009584793766669084,0.004882946055291857,47284.7,47284.7,True,163.911,442.719,0.16261011904761905,0.43920535714285713,203.424256,False
double,bnd_banded,0,4096,16,12,512,0,0,0,5.19416,1.26384,0.2433194202719978,0.0048418233320673505,0.0004574753184345496,0.0048418233320673505,47049.3,47049.3,True,156.656,643.828,0.15541269841269842,0.638718253968254,813.697024,False
double,bnd_banded,0,4096,16,12,512,1,0,0,5.04017,1.73662,0.3445558383943399,0.01389576145249069,0.01389576145249069,0.00462478838202946,47284.7,47284.7,True,161.443,468.551,0.16016170634920637,0.46483234126984124,813.697024,False
double,bnd_banded,0,4096,16,25,128,0,0,0,2.46021,0.640743,0.26044240125842916,0.007937597445465655,0.0003612382682779112,0.007937597445465655,97978.4,97978.4,True,127.012,487.678,0.12600396825396826,0.4838075396825397,312.47616,False
double,bnd_banded,0,4096,16,25,128,1,0,0,2.46544,1.47962,0.6001443961321306,0.0031642110812235575,0.00029685046076968004,0.0031642110812235575,98379.0,98379.0,True,126.743,211.187,0.12573710317460318,0.2095109126984127,312.47616,False
double,bnd_banded,0,4096,16,25,512,0,0,0,9.83029,2.5036,0.25468221181674194,0.007653259306598497,0.0005691856496603865,0.007653259306598497,97978.4,97978.4,True,127.148,499.244,0.12613888888888888,0.4952817460317461,1249.90464,False
double,bnd_banded,0,4096,16,25,512,1,0,0,9.83911,5.80445,0.5899364881579736,0.0011966887474265434,0.0002324559843319162,0.0011966887474265434,98379.0,98379.0,True,127.034,215.336,0.12602579365079367,0.21362698412698414,1249.90464,False
double,bnd_banded,0,4096,16,50,128,0,0,0,4.78948,1.17896,0.24615615891495526,0.0038145484155526904,0.0028271753927357457,0.0038145484155526904,196260.0,196260.0,True,109.029,442.926,0.10816369047619047,0.43941071428571427,522.19136,False
double,bnd_banded,0,4096,16,50,128,1,0,0,4.79273,2.71169,0.5657923563397061,0.0030457648182498735,0.0002795546588270151,0.0030457648182498735,196545.0,196545.0,True,108.955,192.571,0.10809027777777777,0.19104265873015872,522.19136,False
double,bnd_banded,0,4096,16,50,512,0,0,0,19.1357,4.62936,0.24192268900536695,0.00408183852627577,0.0001302366780415663,0.00408183852627577,196260.0,196260.0,True,109.156,451.199,0.10828968253968255,0.44761805555555556,2088.76544,False
double,bnd_banded,0,4096,16,50,512,1,0,0,19.1569,10.7039,0.5587490669158371,0.0012687057988209902,0.00011400696354838205,0.0012687057988209902,196545.0,196545.0,True,109.035,195.14,0.10816964285714285,0.19359126984126981,2088.76544,False
double,bnd_gather_a,0,1024,3,1,512,0,0,1,0.165254,0.0168582,0.1020138695583768,0.00707898144674259,0.00707898144674259,0.0010017973449122683,1134.05,1134.05,True,177.68,1741.71,0.17626984126984127,1.7278869047619048,29.362176,True
double,bnd_gather_a,0,1024,3,2,512,0,0,1,0.167027,0.0216544,0.129646105120729,0.0011452100558592322,0.0011452100558592322,0.001128569713314615,2210.61,2210.61,True,226.016,1743.33,0.2242222222222222,1.7294940476190475,37.750784,True
double,bnd_gather_a,0,1024,3,4,512,0,0,1,0.173375,0.0480093,0.2769101658255227,0.001153972602739726,0.001153972602739726,0.00062867819359999,4394.88,4394.88,True,314.509,1135.78,0.31201289682539685,1.126765873015873,54.528,True
double,bnd_gather_a,0,1024,3,8,512,0,0,1,0.251787,0.109613,0.4353401883337901,0.011506846815614936,0.0006566979232446473,0.011506846815614936,8677.19,8677.19,True,349.829,803.58,0.3470525793650794,0.7972023809523809,88.082432,False
double,bnd_gather_a,0,1024,3,12,512,0,0,1,0.375497,0.149932,0.3992894750157791,0.004122855841724434,0.004122855841724434,0.0021449056905797296,13023.9,13023.9,True,323.936,811.282,0.32136507936507935,0.804843253968254,121.636864,False
double,bnd_gather_a,0,1024,3,25,512,0,0,1,0.707122,0.26155,0.36987959644870333,0.018780634741954006,0.018780634741954006,0.0008944370101319059,26970.4,26970.4,True,326.236,882.005,0.3236468253968254,0.8750049603174603,230.688768,False
double,bnd_gather_a,0,1024,6,1,512,0,0,1,0.2011,0.0298403,0.14838538040775734,0.0010560316082613111,0.0009869318746892092,0.0010560316082613111,1921.47,1921.47,True,239.864,1616.49,0.23796031746031746,1.6036607142857142,48.236544,True
double,bnd_gather_a,0,1024,6,2,512,0,0,1,0.203003,0.0411736,0.20282261838494997,0.001238767074047448,0.0007677423486352418,0.001238767074047448,3775.29,3775.29,True,278.937,1375.28,0.2767232142857143,1.3643650793650794,56.625152,True
double,bnd_gather_a,0,1024,6,4,512,0,0,1,0.275146,0.0774723,0.2815679675517725,0.002100763756852449,0.0007108589621510034,0.002100763756852449,7616.19,7616.19,True,266.776,947.466,0.26465873015873015,0.9399464285714286,73.402368,True
double,bnd_gather_a,0,1024,6,8,512,0,0,1,0.447342,0.172973,0.38666836559053247,0.0031534806010186565,0.00047875898082451457,0.0031534806010186565,15100.2,15100.2,True,239.094,618.344,0.23719642857142856,0.613436507936508,106.9568,False
double,bnd_gather_a,0,1024,6,12,512,0,0,1,0.624672,0.224917,0.36005615747144104,0.004302809480830706,0.00035275792736027867,0.004302809480830706,22678.0,22678.0,True,224.936,624.724,0.22315079365079366,0.619765873015873,140.511232,False
double,bnd_gather_a,0,1024,6,25,512,0,0,1,1.24187,0.373973,0.30113699501558133,0.008477563888302097,0.0005878964786974482,0.008477563888302097,46974.3,46974.3,True,200.957,667.329,0.19936210317460318,0.662032738095238,249.563136,False
double,bnd_gather_a,0,1024,8,1,512,0,0,1,0.222203,0.0497075,0.22370310031817753,0.0008103344565709399,0.0005853116294559479,0.0008103344565709399,2451.3,2451.3,True,273.711,1223.55,0.2715386904761905,1.2138392857142857,60.819456,True
double,bnd_gather_a,0,1024,8,2,512,0,0,1,0.226339,0.0637447,0.28163374407415426,0.001026133366322198,0.001026133366322198,0.000906673025365246,4830.64,4830.64,True,305.772,1085.71,0.3033452380952381,1.077093253968254,69.208064,True
double,bnd_gather_a,0,1024,8,4,512,0,0,1,0.347594,0.130518,0.37548979556609147,0.007417237469161342,0.0006846665937847028,0.007417237469161342,9744.12,9744.12,True,247.373,658.8,0.2454097222222222,0.6535714285714286,85.98528,False
double,bnd_gather_a,0,1024,8,8,512,0,0,1,0.573803,0.208121,0.36270462162100936,0.003580950504754446,0.0002876475027143462,0.003580950504754446,19326.3,19326.3,True,208.329,574.377,0.20667559523809526,0.5698184523809523,119.539712,False
double,bnd_gather_a,0,1024,8,12,512,0,0,1,0.808111,0.277147,0.3429565987840779,0.004509015071424191,0.00028438791205663577,0.004509015071424191,28998.5,28998.5,True,189.447,552.394,0.1879434523809524,0.5480099206349206,153.094144,False
double,bnd_gather_a,0,1024,8,25,512,0,0,1,1.61167,0.479564,0.2975571922291784,0.008510188421149211,0.0064090663721481445,0.008510188421149211,60059.3,60059.3,True,162.655,546.634,0.1613640873015873,0.5422956349206349,262.146048,False
double,bnd_gather_a,0,1024,12,1,512,0,0,1,0.256382,0.113553,0.4429055081870022,0.007016230306552887,0.0009043302571943428,0.007016230306552887,3521.24,3521.24,True,335.379,757.224,0.3327172619047619,0.7512142857142857,85.98528,False
double,bnd_gather_a,0,1024,12,2,512,0,0,1,0.307507,0.152678,0.49650251864185213,0.0021992052213445547,0.0021992052213445547,0.001479957819725173,6912.31,6912.31,True,306.9,618.125,0.3044642857142857,0.613219246031746,94.373888,False
double,bnd_gather_a,0,1024,12,4,512,0,0,1,0.528384,0.204399,0.3868379814680233,0.03187492429748062,0.03187492429748062,0.006673173547815792,13925.8,13925.8,True,210.36,543.795,0.2086904761904762,0.5394791666666666,111.151104,False
double,bnd_gather_a,0,1024,12,8,512,0,0,1,0.821317,0.291535,0.3549603867934062,0.0027815802562299553,0.0004125617757820671,0.0027815802562299553,27601.3,27601.3,True,176.187,496.358,0.1747886904761905,0.4924186507936508,144.705536,False
double,bnd_gather_a,0,1024,12,12,512,0,0,1,1.16966,0.383472,0.32784911854727017,0.004079306963741812,0.0015104047329993332,0.004079306963741812,41478.4,41478.4,True,152.403,464.858,0.15119345238095236,0.4611686507936508,178.259968,False
double,bnd_gather_a,0,1024,12,25,512,0,0,1,2.33096,0.758266,0.32530202148471016,0.0074890078151994156,0.0025411933280708376,0.0074890078151994156,85843.9,85843.9,True,123.259,378.907,0.12228075396825397,0.3758998015873016,287.311872,False
double,bnd_gather_a,0,1024,16,1,512,0,0,1,0.301533,0.212963,0.7062676390312173,0.0011960622267717866,0.0009021665953643547,0.0011960622267717866,4553.06,4553.06,True,368.62,521.927,0.36569444444444443,0.5177847222222223,111.151104,False
double,bnd_gather_a,0,1024,16,2,512,0,0,1,0.37628,0.23238,0.617572020835548,0.0008799380325329202,0.0007562931859253747,0.0008799380325329202,8975.8,8975.8,True,317.688,514.415,0.31516666666666665,0.5103323412698413,119.539712,False
double,bnd_gather_a,0,1024,16,4,512,0,0,1,0.654293,0.2829,0.43237509800655055,0.004781313570525743,0.004781313570525743,0.0017440897843761047,18038.6,18038.6,True,208.342,481.856,0.20668849206349207,0.47803174603174603,136.316928,False
double,bnd_gather_a,0,1024,16,8,512,0,0,1,1.0335,0.383432,0.3710033865505563,0.002618612948319389,0.0007189879051765844,0.002618612948319389,35800.6,35800.6,True,164.366,443.029,0.16306150793650795,0.43951289682539685,169.87136,False
double,bnd_gather_a,0,1024,16,12,512,0,0,1,1.49437,0.527763,0.3531675555585297,0.016098690418035695,0.016098690418035695,0.0017567601366522475,53883.0,53883.0,True,136.128,385.449,0.13504761904761903,0.38238988095238097,203.425792,False
double,bnd_gather_a,0,1024,16,25,512,0,0,1,3.00129,1.07292,0.35748628089921336,0.003531102039294635,0.0021281482295946075,0.003531102039294635,111275.0,111275.0,True,104.115,291.239,0.10328869047619046,0.28892757936507935,312.477696,False
double,bnd_scatter_a,1,1024,3,1,512,0,0,1,0.165456,0.0321862,0.194530267865777,0.0007330166328208104,0.0007330166328208104,0.0007078468411928094,1134.05,1134.05,True,177.462,912.259,0.17605357142857142,0.9050188492063492,29.362176,True
double,bnd_scatter_a,1,1024,3,2,512,0,0,1,0.167079,0.0588052,0.3519604498470783,0.0038534517355608006,0.0021246655773616073,0.0038534517355608006,2210.61,2210.61,True,225.945,641.964,0.2241517857142857,0.6368690476190477,37.750784,True
double,bnd_scatter_a,1,1024,3,4,512,0,0,1,0.173427,0.110725,0.6384530667081827,0.002411632422668774,0.002103305713643204,0.002411632422668774,4394.88,4394.88,True,314.415,492.461,0.31191964285714285,0.4885525793650794,54.528,True
double,bnd_scatter_a,1,1024,3,8,512,0,0,1,0.24557,0.246882,1.005342672150507,0.001553025331939955,0.0009149448222502748,0.001553025331939955,8677.19,8677.19,True,358.686,356.779,0.3558392857142857,0.35394742063492063,88.082432,False
double,bnd_scatter_a,1,1024,3,12,512,0,0,1,0.42208,0.48318,1.144759287338893,0.0012967631110559212,0.0009152269711902956,0.0012967631110559212,13023.9,13023.9,True,288.185,251.742,0.28589781746031745,0.24974404761904762,121.636864,False
double,bnd_scatter_a,1,1024,3,25,512,0,0,1,1.03067,1.17334,1.1384245199724452,0.0033319327731092434,0.0015519128333996333,0.0033319327731092434,26970.4,26970.4,True,223.823,196.609,0.222046626984127,0.19504861111111113,230.688768,False
double,bnd_scatter_a,1,1024,6,1,512,0,0,1,0.202283,0.0688019,0.340126950855979,0.00803102584003599,0.00803102584003599,0.0009102408509067337,1921.47,1921.47,True,238.461,701.093,0.2365684523809524,0.6955287698412698,48.236544,True
double,bnd_scatter_a,1,1024,6,2,512,0,0,1,0.203973,0.124094,0.6083844430390297,0.003081712250390833,0.001085383849823261,0.003081712250390833,3775.29,3775.29,True,277.612,456.31,0.2754087301587302,0.45268849206349204,56.625152,True
double,bnd_scatter_a,1,1024,6,4,512,0,0,1,0.291859,0.229088,0.7849269681592825,0.0036317194261612632,0.0036317194261612632,0.0016378684173767285,7616.19,7616.19,True,251.499,320.412,0.24950297619047618,0.3178690476190476,73.402368,True
double,bnd_scatter_a,1,1024,6,8,512,0,0,1,0.52345,0.510427,0.9751208329353329,0.0254366224090171,0.0254366224090171,0.0015351911242939735,15100.2,15100.2,True,204.331,209.544,0.20270932539682537,0.2078809523809524,106.9568,False
double,bnd_scatter_a,1,1024,6,12,512,0,0,1,0.776507,0.855677,1.1019565824905637,0.012912826284888611,0.012912826284888611,0.0029859982212914454,22678.0,22678.0,True,180.953,164.211,0.1795168650793651,0.16290773809523812,140.511232,False
double,bnd_scatter_a,1,1024,6,25,512,0,0,1,1.6682,1.96502,1.1779283059585182,0.007222035727131039,0.007222035727131039,0.0031845630069922953,46974.3,46974.3,True,149.6,127.003,0.1484126984126984,0.1259950396825397,249.563136,False
double,bnd_scatter_a,1,1024,8,1,512,0,0,1,0.222842,0.0997249,0.4475139336390806,0.002952572527021837,0.0010093653799553045,0.002952572527021837,2451.3,2451.3,True,272.927,609.873,0.27076091269841274,0.6050327380952382,60.819456,True
double,bnd_scatter_a,1,1024,8,2,512,0,0,1,0.254686,0.173353,0.6806538247096424,0.0024667124307049776,0.0009479162576663027,0.0024667124307049776,4830.64,4830.64,True,271.739,399.233,0.26958234126984126,0.39606448412698414,69.208064,True
double,bnd_scatter_a,1,1024,8,4,512,0,0,1,0.378576,0.333857,0.8818757660284857,0.003084083512953806,0.003084083512953806,0.0017742656286973163,9744.12,9744.12,True,227.128,257.551,0.22532539682539682,0.25550694444444444,85.98528,False
double,bnd_scatter_a,1,1024,8,8,512,0,0,1,0.664081,0.68081,1.025191204085044,0.026740563274660772,0.026740563274660772,0.0015651062704719377,19326.3,19326.3,True,180.008,175.585,0.1785793650793651,0.17419146825396825,119.539712,False
double,bnd_scatter_a,1,1024,8,12,512,0,0,1,1.00235,1.14821,1.145518032623335,0.0035695648008639536,0.001295036663839976,0.0035695648008639536,28998.5,28998.5,True,152.736,133.333,0.1515238095238095,0.1322748015873016,153.094144,False
double,bnd_scatter_a,1,1024,8,25,512,0,0,1,2.12583,2.44798,1.1515408099424693,0.011164721544055733,0.011164721544055733,0.003592133105662628,60059.3,60059.3,True,123.314,107.087,0.12233531746031745,0.10623710317460318,262.146048,False
double,bnd_scatter_a,1,1024,12,1,512,0,0,1,0.257255,0.192642,0.7488367573030651,0.0021824991434889586,0.0009318380595129346,0.0021824991434889586,3521.24,3521.24,True,334.241,446.348,0.3315882936507936,0.44280555555555556,85.98528,False
double,bnd_scatter_a,1,1024,12,2,512,0,0,1,0.355173,0.303671,0.8549946082613262,0.0025248640798759183,0.0007407094570814786,0.0025248640798759183,6912.31,6912.31,True,265.712,310.777,0.2636031746031746,0.30831051587301583,94.373888,False
double,bnd_scatter_a,1,1024,12,4,512,0,0,1,0.545152,0.525106,0.9632286041324254,0.0028483582362418256,0.0005516424776942945,0.0028483582362418256,13925.8,13925.8,True,203.89,211.674,0.2022718253968254,0.20999404761904764,111.151104,False
double,bnd_scatter_a,1,1024,12,8,512,0,0,1,1.0451,1.05822,1.012553822600708,0.004166439870726314,0.0013953880011482154,0.004166439870726314,27601.3,27601.3,True,138.461,136.745,0.13736210317460318,0.13565972222222222,144.705536,False
double,bnd_scatter_a,1,1024,12,12,512,0,0,1,1.40655,1.71503,1.219316767978387,0.003950059182638205,0.0007163129643453841,0.003950059182638205,41478.4,41478.4,True,126.735,103.94,0.12572916666666667,0.10311507936507937,178.259968,False
double,bnd_scatter_a,1,1024,12,25,512,0,0,1,3.06021,3.38282,1.1054208698095882,0.004974813912652757,0.0017436221697203784,0.004974813912652757,85843.9,85843.9,True,93.8864,84.9327,0.09314126984126983,0.08425863095238095,287.311872,False
double,bnd_scatter_a,1,1024,16,1,512,0,0,1,0.316236,0.296447,0.9374233167634298,0.0018897307107172614,0.0009230606256087226,0.0018897307107172614,4553.06,4553.06,True,351.482,374.944,0.3486924603174603,0.371968253968254,111.151104,False
double,bnd_scatter_a,1,1024,16,2,512,0,0,1,0.451094,0.43553,0.965497213441101,0.0029896429569003357,0.0029896429569003357,0.0023990540261290844,8975.8,8975.8,True,264.999,274.47,0.2628958333333334,0.2722916666666667,119.539712,False
double,bnd_scatter_a,1,1024,16,4,512,0,0,1,0.756959,0.717061,0.9472917291425293,0.0035867068097479517,0.0035867068097479517,0.0016829112167584068,18038.6,18038.6,True,180.085,190.105,0.17865575396825398,0.18859623015873014,136.316928,False
double,bnd_scatter_a,1,1024,16,8,512,0,0,1,1.32042,1.43173,1.084298935187289,0.009100740673422094,0.009100740673422094,0.004236511074015352,35800.6,35800.6,True,128.649,118.647,0.1276279761904762,0.11770535714285715,169.87136,False
double,bnd_scatter_a,1,1024,16,12,512,0,0,1,1.85292,2.29724,1.2397944865401638,0.0043061412825825774,0.0007066737905576064,0.0043061412825825774,53883.0,53883.0,True,109.786,88.5523,0.10891468253968255,0.08784950396825397,203.425792,False
double,bnd_scatter_a,1,1024,16,25,512,0,0,1,3.97119,4.43147,1.115904804353355,0.009407848862792709,0.0008426290356291187,0.009407848862792709,111275.0,111275.0,True,78.6862,70.5133,0.07806170634920635,0.06995367063492064,312.477696,False
double,bnd_scatter_b,1,2048,3,1,128,0,0,1,0.087733,0.0177658,0.20249848973590326,0.001350707539204539,0.0004290916758802274,0.001350707539204539,2184.15,2184.15,True,167.332,826.341,0.16600396825396824,0.819782738095238,14.680576,True
double,bnd_scatter_b,1,2048,3,2,128,0,0,1,0.0892781,0.0306589,0.34340896591661335,0.0014672215898156816,0.0005518251396479092,0.0014672215898156816,4415.01,4415.01,True,211.417,615.642,0.2097390873015873,0.6107559523809525,18.87488,True
double,bnd_scatter_b,1,2048,3,4,128,0,0,1,0.0939526,0.0565888,0.6023122297839549,0.003171652341099299,0.0010242515906957338,0.003171652341099299,8708.15,8708.15,True,290.184,481.782,0.2878809523809524,0.4779583333333333,27.263488,True
double,bnd_scatter_b,1,2048,3,8,128,0,0,1,0.139702,0.108715,0.7781921518661151,0.03681471990379523,0.03681471990379523,0.0027009152370877985,17237.1,17237.1,True,315.248,405.102,0.3127460317460317,0.40188690476190475,44.040704,True
double,bnd_scatter_b,1,2048,3,12,128,0,0,1,0.173573,0.164667,0.9486901764675382,0.003090030182125137,0.0009908511116360262,0.003090030182125137,25775.7,25775.7,True,350.388,369.339,0.34760714285714284,0.3664077380952381,60.81792,True
double,bnd_scatter_b,1,2048,3,25,128,0,0,1,0.425078,0.508236,1.195629978498064,0.0018964496808569248,0.0011823406527743142,0.0018964496808569248,53575.2,53575.2,True,271.347,226.949,0.2691934523809524,0.22514781746031748,115.343872,False
double,bnd_scatter_b,1,2048,6,1,128,0,0,1,0.106152,0.0360911,0.33999453613686037,0.01233127967442912,0.01233127967442912,0.0009394698415952962,3800.0,3800.0,True,227.2,668.247,0.22539682539682537,0.6629434523809523,24.11776,True
double,bnd_scatter_b,1,2048,6,2,128,0,0,1,0.107693,0.0645447,0.5993397899584931,0.0016185360236969906,0.0016185360236969906,0.0014108036755922642,7645.96,7645.96,True,262.897,438.642,0.26081051587301585,0.4351607142857143,28.312064,True
double,bnd_scatter_b,1,2048,6,4,128,0,0,1,0.159921,0.117232,0.7330619493374854,0.017231570587977814,0.017231570587977814,0.002232845980619626,15264.5,15264.5,True,229.493,313.06,0.227671626984127,0.3105753968253968,36.700672,True
double,bnd_scatter_b,1,2048,6,8,128,0,0,1,0.261157,0.224517,0.8597012525032836,0.00159268563182298,0.0009614025279812528,0.00159268563182298,30180.2,30180.2,True,204.773,238.19,0.20314781746031746,0.23629960317460316,53.477888,True
double,bnd_scatter_b,1,2048,6,12,128,0,0,1,0.354314,0.338288,0.9547689337706101,0.0021429314666792793,0.0011211919370953448,0.0021429314666792793,45195.9,45195.9,True,198.285,207.679,0.19671130952380952,0.20603075396825396,70.255104,True
double,bnd_scatter_b,1,2048,6,25,128,0,0,1,0.710361,0.91293,1.2851634591426049,0.0015202129621417842,0.0015202129621417842,0.0013887592696044603,93998.6,93998.6,True,175.659,136.682,0.17426488095238094,0.1355972222222222,124.781056,False
double,bnd_scatter_b,1,2048,8,1,128,0,0,1,0.116859,0.0528094,0.45190699903302267,0.0013907467231212625,0.001128496735381956,0.0013907467231212625,4904.74,4904.74,True,260.221,575.83,0.25815575396825396,0.5712599206349207,30.409216,True
double,bnd_scatter_b,1,2048,8,2,128,0,0,1,0.12681,0.0909848,0.7174891570065453,0.009366611465972716,0.009366611465972716,0.0017955636545884585,9835.96,9835.96,True,272.877,380.322,0.2707113095238095,0.3773035714285714,34.60352,True
double,bnd_scatter_b,1,2048,8,4,128,0,0,1,0.18886,0.161816,0.8568039817854495,0.0019203601621594901,0.000842375304458329,0.0019203601621594901,19577.4,19577.4,True,227.64,265.686,0.22583333333333333,0.2635773809523809,42.992128,True
double,bnd_scatter_b,1,2048,8,8,128,0,0,1,0.314788,0.311681,0.9901298651791046,0.008088491302082671,0.008088491302082671,0.0016441521940702194,38707.0,38707.0,True,189.872,191.765,0.18836507936507937,0.19024305555555554,59.769344,True
double,bnd_scatter_b,1,2048,8,12,128,0,0,1,0.440391,0.474654,1.0778013174656158,0.0029261951311448237,0.0029261951311448237,0.0014324918782945052,58000.7,58000.7,True,173.815,161.268,0.17243551587301587,0.15998809523809523,76.54656,False
double,bnd_scatter_b,1,2048,8,25,128,0,0,1,0.925136,1.18014,1.275639473547673,0.010181238217948496,0.010181238217948496,0.005164226278238176,120485.0,120485.0,True,141.679,111.065,0.1405545634920635,0.11018353174603174,131.072512,False
double,bnd_scatter_b,1,2048,12,1,128,0,0,1,0.133724,0.0940373,0.703219317400018,0.001365288029324534,0.0012607609703568542,0.001365288029324534,6993.3,6993.3,True,321.5,457.182,0.3189484126984127,0.45355357142857144,42.992128,True
double,bnd_scatter_b,1,2048,12,2,128,0,0,1,0.175947,0.148754,0.8454477768873582,0.003779192492302728,0.0007746650980124698,0.003779192492302728,14069.5,14069.5,True,268.185,317.21,0.2660565476190476,0.3146924603174603,47.186432,True
double,bnd_scatter_b,1,2048,12,4,128,0,0,1,0.295243,0.257804,0.8731925905101899,0.002099245938775194,0.0009416785495337739,0.002099245938775194,27903.2,27903.2,True,188.235,215.571,0.18674107142857144,0.21386011904761904,55.57504,True
double,bnd_scatter_b,1,2048,12,8,128,0,0,1,0.461331,0.493721,1.0702098926800931,0.0014593039388642573,0.0005213891977777344,0.0014593039388642573,55379.0,55379.0,True,156.834,146.545,0.1555892857142857,0.14538194444444444,72.352256,True
double,bnd_scatter_b,1,2048,12,12,128,0,0,1,0.653736,0.760339,1.16306735440606,0.003829894636366974,0.003829894636366974,0.0014136983634931261,82960.8,82960.8,True,136.339,117.223,0.13525694444444444,0.11629265873015873,89.129472,False
double,bnd_scatter_b,1,2048,12,25,128,0,0,1,1.35015,1.70445,1.2624152871903123,0.0033138549092082492,0.000831507610265526,0.0033138549092082492,172264.0,172264.0,True,106.4,84.2824,0.10555555555555556,0.08361349206349206,143.655424,False
double,bnd_scatter_b,1,2048,16,1,128,0,0,1,0.160341,0.141609,0.8831739854435235,0.008824368507651349,0.0010540847319151058,0.008824368507651349,9037.63,9037.63,True,346.604,392.454,0.3438531746031746,0.3893392857142857,55.57504,True
double,bnd_scatter_b,1,2048,16,2,128,0,0,1,0.221664,0.220472,0.9946224916991483,0.005519022823759933,0.0007001272195755738,0.005519022823759933,18191.7,18191.7,True,269.64,271.097,0.26749999999999996,0.2689454365079365,59.769344,True
double,bnd_scatter_b,1,2048,16,4,128,0,0,1,0.343695,0.365085,1.0622354122114084,0.0018036484654258597,0.0007105136821891504,0.0018036484654258597,36074.9,36074.9,True,198.31,186.69,0.1967361111111111,0.18520833333333334,68.157952,True
double,bnd_scatter_b,1,2048,16,8,128,0,0,1,0.600095,0.695669,1.1592647830760128,0.002220610663979565,0.0012137144952049257,0.002220610663979565,71725.9,71725.9,True,141.536,122.091,0.1404126984126984,0.1211220238095238,84.935168,False
double,bnd_scatter_b,1,2048,16,12,128,0,0,1,0.854972,1.0602,1.2400406095170369,0.0028262026032823996,0.0003447107039762706,0.0028262026032823996,107579.0,107579.0,True,118.966,95.937,0.11802182539682539,0.09517559523809524,101.712384,False
double,bnd_scatter_b,1,2048,16,25,128,0,0,1,1.75567,2.2263,1.2680629047600063,0.004974352063962628,0.0005782692647251477,0.004974352063962628,223176.0,223176.0,True,88.9905,70.1786,0.08828422619047618,0.06962162698412698,156.238336,False
float,bnd_banded,0,1024,16,12,128,0,0,0,0.0880433,0.0206903,0.23500141407693712,0.001570078732546169,0.0005586012791433306,0.001570078732546169,11906.0,11906.0,True,339.435,1444.39,0.3367410714285714,1.4329265873015875,29.884928,True
float,bnd_banded,0,1024,16,12,128,1,0,0,0.0885424,0.0234134,0.2644315040026022,0.0014199646356360034,0.0005399017871663746,0.0014199646356360034,11707.4,11707.4,True,337.521,1276.41,0.3348422619047619,1.2662797619047619,29.884928,True
float,bnd_banded,0,1024,16,12,512,0,0,0,0.319454,0.139495,0.4366669379628992,0.0010876518871644144,0.0008327114388926105,0.0010876518871644144,11906.0,11906.0,True,374.201,856.945,0.3712311507936508,0.8501438492063492,119.539712,False
float,bnd_banded,0,1024,16,12,512,1,0,0,0.321515,0.143651,0.4467940842573441,0.0015626393791891514,0.0015626393791891514,0.0012344710444062346,11707.4,11707.4,True,371.802,832.155,0.36885119047619047,0.8255505952380953,119.539712,False
float,bnd_banded,0,1024,16,25,128,0,0,0,0.138711,0.0406497,0.2930531825161667,0.0013844467994607495,0.0013844467994607495,0.0010588663630973908,24700.6,24700.6,True,313.721,1070.52,0.3112311507936508,1.0620238095238095,43.516416,True
float,bnd_banded,0,1024,16,25,128,1,0,0,0.138941,0.0562524,0.4048653745114833,0.0016373136799072987,0.0016373136799072987,0.001092771152875255,24615.3,24615.3,True,313.201,773.592,0.3107152777777778,0.7674523809523809,43.516416,True
float,bnd_banded,0,1024,16,25,512,0,0,0,0.563822,0.20805,0.3689994359922103,0.004260990170656696,0.004260990170656696,0.0010120740206681085,24700.6,24700.6,True,308.725,836.652,0.30627480158730164,0.8300119047619048,174.065664,False
float,bnd_banded,0,1024,16,25,512,1,0,0,0.547705,0.239285,0.4368866451830821,0.0019637761203567614,0.0019637761203567614,0.0013033119501849259,24615.3,24615.3,True,317.809,727.439,0.31528670634920636,0.7216656746031745,174.065664,False
float,bnd_banded,0,1024,16,50,128,0,0,0,0.239754,0.0767301,0.32003678770740007,0.0057781887420973,0.0015016808895784847,0.0057781887420973,49069.6,49069.6,True,290.843,908.78,0.28853472222222226,0.9015674603174603,69.730816,True
float,bnd_banded,0,1024,16,50,128,1,0,0,0.243607,0.155116,0.6367468915096858,0.004624661852902421,0.004624661852902421,0.0018942597797777148,49483.0,49483.0,True,286.243,449.541,0.28397123015873016,0.4459732142857143,69.730816,True
float,bnd_banded,0,1024,16,50,512,0,0,0,1.07231,0.362227,0.337800636010109,0.004209515027869264,0.0017164719157706258,0.004209515027869264,49069.6,49069.6,True,260.113,770.023,0.2580486111111111,0.7639117063492064,278.923264,False
float,bnd_banded,0,1024,16,50,512,1,0,0,1.04419,0.602606,0.5771037837941371,0.013876593340292476,0.013876593340292476,0.010852746238835989,49483.0,49483.0,True,267.118,462.862,0.26499801587301586,0.4591884920634921,278.923264,False
float,bnd_banded,0,2048,16,12,128,0,0,0,0.166512,0.0462376,0.27768329009320647,0.0015058285897191896,0.0013514581531661382,0.0015058285897191896,23614.7,23614.7,True,358.948,1292.66,0.35609920634920633,1.2824007936507937,59.769344,True
float,bnd_banded,0,2048,16,12,128,1,0,0,0.167662,0.044475,0.26526583244861685,0.009269661581038039,0.009269661581038039,0.0008416840921866217,23546.4,23546.4,True,356.486,1343.89,0.353656746031746,1.3332242063492064,59.769344,True
float,bnd_banded,0,2048,16,12,512,0,0,0,0.679283,0.267616,0.3939683460354521,0.001845666680897358,0.001845666680897358,0.0006383773765395193,23614.7,23614.7,True,351.955,893.359,0.34916170634920635,0.8862688492063493,239.077376,False
float,bnd_banded,0,2048,16,12,512,1,0,0,0.669216,0.27059,0.404338808396691,0.0036891377372925927,0.0036891377372925927,0.0007684615100336301,23546.4,23546.4,True,357.25,883.542,0.35441468253968256,0.876529761904762,239.077376,False
float,bnd_banded,0,2048,16,25,128,0,0,0,0.265515,0.105247,0.39638815132855015,0.005413140500536693,0.005413140500536693,0.00219928359003107,49004.8,49004.8,True,327.786,826.935,0.3251845238095238,0.8203720238095238,87.03232,False
float,bnd_banded,0,2048,16,25,128,1,0,0,0.265836,0.1255,0.47209557772461214,0.004380191235059761,0.0008725229088611023,0.004380191235059761,48901.2,48901.2,True,327.391,693.484,0.3247926587301587,0.6879801587301587,87.03232,False
float,bnd_banded,0,2048,16,25,512,0,0,0,1.1783,0.397986,0.33776287872358485,0.0013162861749978784,0.0013162861749978784,0.0008797646148356977,49004.8,49004.8,True,295.452,874.727,0.29310714285714284,0.8677847222222222,348.12928,False
float,bnd_banded,0,2048,16,25,512,1,0,0,1.14453,0.446566,0.3901741326133872,0.005337665653005378,0.002120634671000323,0.005337665653005378,48901.2,48901.2,True,304.169,779.57,0.3017549603174603,0.7733829365079365,348.12928,False
float,bnd_banded,0,2048,16,50,128,0,0,0,0.500835,0.197766,0.3948725628200904,0.002936496051593838,0.002936496051593838,0.0016923131377486525,98010.9,98010.9,True,278.457,705.183,0.2762470238095238,0.6995863095238095,139.46112,False
float,bnd_banded,0,2048,16,50,128,1,0,0,0.490581,0.330042,0.6727574039761018,0.0037229326044017196,0.0037229326044017196,0.00330445822046891,98451.4,98451.4,True,284.277,422.555,0.28202083333333333,0.4192013888888889,139.46112,False
float,bnd_banded,0,2048,16,50,512,0,0,0,2.07973,0.705886,0.33941232756175077,0.01188893107385612,0.0010322926533732743,0.01188893107385612,98010.9,98010.9,True,268.23,790.275,0.2661011904761905,0.7840029761904762,557.84448,False
float,bnd_banded,0,2048,16,50,512,1,0,0,2.03242,1.18686,0.5839639444602985,0.00642844490804066,0.00642844490804066,0.0021264597340882666,98451.4,98451.4,True,274.473,470.019,0.2722946428571429,0.4662886904761905,557.84448,False
float,bnd_banded,0,4096,16,12,128,0,0,0,0.324095,0.140855,0.4346102223113593,0.008429945688828936,0.0014864252765392862,0.008429945688828936,47049.3,47049.3,True,368.837,848.66,0.36590972222222223,0.8419246031746032,119.538176,False
float,bnd_banded,0,4096,16,12,128,1,0,0,0.325074,0.141943,0.4366482708552515,0.004522794361116786,0.0023783138608439924,0.004522794361116786,47284.7,47284.7,True,367.726,842.155,0.3648075396825397,0.8354712301587301,119.538176,False
float,bnd_banded,0,4096,16,12,512,0,0,0,1.43088,0.524382,0.36647517611539754,0.0011135664765738566,0.0011135664765738566,0.0007801488228047492,47049.3,47049.3,True,334.168,911.84,0.33151587301587304,0.9046031746031746,478.152704,False
float,bnd_banded,0,4096,16,12,512,1,0,0,1.40433,0.526758,0.3750955971886949,0.010886971011087137,0.010886971011087137,0.0023130735555985864,47284.7,47284.7,True,340.485,907.728,0.3377827380952381,0.9005238095238095,478.152704,False
float,bnd_banded,0,4096,16,25,128,0,0,0,0.56373,0.20943,0.37150763663455916,0.004890894332235114,0.0009451031522182605,0.004890894332235114,97978.4,97978.4,True,308.772,831.135,0.3063214285714286,0.8245386904761904,174.064128,False
float,bnd_banded,0,4096,16,25,128,1,0,0,0.551721,0.231696,0.419951388473522,0.006332953525309025,0.0006609445716222511,0.006332953525309025,98379.0,98379.0,True,315.493,751.261,0.3129890873015873,0.7452986111111111,174.064128,False
float,bnd_banded,0,4096,16,25,512,0,0,0,2.33678,0.776318,0.3322169823432244,0.0047353017706661445,0.0009149085493713572,0.0047353017706661445,97978.4,97978.4,True,297.956,896.871,0.2955912698412699,0.8897529761904762,696.256512,False
float,bnd_banded,0,4096,16,25,512,1,0,0,2.28629,0.865195,0.3784274960744263,0.010976265466166587,0.0008427758508325715,0.010976265466166587,98379.0,98379.0,True,304.535,804.74,0.3021180555555556,0.7983531746031746,696.256512,False
float,bnd_banded,0,4096,16,50,128,0,0,0,1.05086,0.367227,0.3494537807129399,0.006020880817586942,0.0013575167006071218,0.006020880817586942,196260.0,196260.0,True,265.423,759.534,0.26331646825396826,0.7535059523809524,278.921728,False
float,bnd_banded,0,4096,16,50,128,1,0,0,1.02846,0.623388,0.6061373315442508,0.012388785154670926,0.002990033642533497,0.012388785154670926,196545.0,196545.0,True,271.202,447.429,0.2690496031746032,0.44387797619047614,278.921728,False
float,bnd_banded,0,4096,16,50,512,0,0,0,4.16586,1.37243,0.3294469809355091,0.009556261521534796,0.0006572928518961271,0.009556261521534796,196260.0,196260.0,True,267.817,812.93,0.2656914682539683,0.8064781746031745,1115.686912,False
float,bnd_banded,0,4096,16,50,512,1,0,0,4.08102,2.41878,0.5926900627784231,0.0026337043190182846,0.0026337043190182846,0.0014284019216299125,196545.0,196545.0,True,273.385,461.261,0.27121527777777776,0.45760019841269844,1115.686912,False
float,bnd_gather_a,0,1024,3,1,512,0,0,1,0.161892,0.00841321,0.05196804042200974,0.002660363880136119,0.0008248894324611468,0.002660363880136119,1134.05,1134.05,True,116.599,2243.66,0.11567361111111112,2.2258531746031744,18.876416,True
float,bnd_gather_a,0,1024,3,2,512,0,0,1,0.162221,0.0109228,0.06733283606931285,0.0009847749661259018,0.0008115163881371709,0.0009847749661259018,2210.61,2210.61,True,142.218,2112.16,0.1410892857142857,2.095396825396825,23.07072,True
float,bnd_gather_a,0,1024,3,4,512,0,0,1,0.164338,0.0320269,0.1948843237717387,0.0010883849140186687,0.0010883849140186687,0.00043198061629442754,4394.88,4394.88,True,191.431,982.278,0.18991170634920637,0.9744821428571429,31.459328,True
float,bnd_gather_a,0,1024,3,8,512,0,0,1,0.170136,0.0395678,0.2325657121361734,0.003008178367258225,0.0009609782762025672,0.003008178367258225,8677.19,8677.19,True,283.517,1219.09,0.2812668650793651,1.2094146825396825,48.236544,True
float,bnd_gather_a,0,1024,3,12,512,0,0,1,0.179346,0.0502246,0.2800430452867641,0.004733875431561426,0.0009054620677349927,0.004733875431561426,13023.9,13023.9,True,362.505,1294.46,0.3596279761904762,1.284186507936508,65.01376,True
float,bnd_gather_a,0,1024,3,25,512,0,0,1,0.311842,0.160698,0.5153186549598835,0.0012779188291080162,0.0006300851072017239,0.0012779188291080162,26970.4,26970.4,True,383.334,743.879,0.3802916666666667,0.7379751984126984,119.539712,False
float,bnd_gather_a,0,1024,6,1,512,0,0,1,0.197249,0.0129714,0.0657615501219271,0.0010864286044682918,0.0007716743811121983,0.0010864286044682918,1921.47,1921.47,True,159.491,2425.28,0.15822519841269841,2.406031746031746,31.459328,True
float,bnd_gather_a,0,1024,6,2,512,0,0,1,0.197772,0.0157082,0.07942580345043787,0.002373422798283699,0.0007764850433832897,0.002373422798283699,3775.29,3775.29,True,180.276,2269.75,0.1788452380952381,2.251736111111111,35.653632,True
float,bnd_gather_a,0,1024,6,4,512,0,0,1,0.200449,0.0451448,0.2252183847262895,0.0006753139202490409,0.0006753139202490409,0.00044583207811309386,7616.19,7616.19,True,219.717,975.576,0.2179732142857143,0.9678333333333333,44.04224,True
float,bnd_gather_a,0,1024,6,8,512,0,0,1,0.221948,0.0539321,0.24299430497233585,0.001135423612738119,0.001135423612738119,0.0005259020138284992,15100.2,15100.2,True,274.026,1127.7,0.2718511904761905,1.1187500000000001,60.819456,True
float,bnd_gather_a,0,1024,6,12,512,0,0,1,0.29572,0.0801162,0.27091911267415125,0.017689199242526717,0.017689199242526717,0.0005715248601406457,22678.0,22678.0,True,262.399,968.552,0.26031646825396826,0.9608650793650794,77.596672,False
float,bnd_gather_a,0,1024,6,25,512,0,0,1,0.525345,0.209,0.3978338044523123,0.0039002750573432702,0.0039002750573432702,0.000952287081339713,46974.3,46974.3,True,251.497,632.165,0.24950099206349208,0.6271478174603174,132.122624,False
float,bnd_gather_a,0,1024,8,1,512,0,0,1,0.218743,0.0181381,0.08291968200125262,0.001277553878300373,0.0008060600796368341,0.001277553878300373,2451.3,2451.3,True,182.168,2196.92,0.18072222222222223,2.179484126984127,39.847936,True
float,bnd_gather_a,0,1024,8,2,512,0,0,1,0.219214,0.0225045,0.10265995784940743,0.004452895344275457,0.004452895344275457,0.0014042213779466327,4830.64,4830.64,True,200.91,1957.04,0.19931547619047618,1.9415079365079364,44.04224,True
float,bnd_gather_a,0,1024,8,4,512,0,0,1,0.221212,0.0559225,0.25280048098656493,0.001162961241003174,0.0007088177856535812,0.001162961241003174,9744.12,9744.12,True,237.016,937.562,0.2351349206349206,0.9301210317460318,52.430848,True
float,bnd_gather_a,0,1024,8,8,512,0,0,1,0.273656,0.0675085,0.246691101236589,0.004801502616423539,0.004801502616423539,0.000675083878326433,19326.3,19326.3,True,252.902,1025.18,0.25089484126984124,1.0170436507936509,69.208064,True
float,bnd_gather_a,0,1024,8,12,512,0,0,1,0.369198,0.149053,0.40372103857550684,0.001178058927729836,0.001178058927729836,0.0010833864464318062,28998.5,28998.5,True,232.898,576.876,0.23104960317460316,0.572297619047619,85.98528,False
float,bnd_gather_a,0,1024,8,25,512,0,0,1,0.663548,0.247683,0.3732706601481731,0.0018396257693490147,0.0018396257693490147,0.0014020905754533013,60059.3,60059.3,True,211.757,567.303,0.21007638888888888,0.5628005952380952,140.511232,False
float,bnd_gather_a,0,1024,12,1,512,0,0,1,0.253233,0.0390319,0.15413433478259153,0.0011277391057058456,0.000877902958935052,0.0011277391057058456,3521.24,3521.24,True,223.609,1450.74,0.2218343253968254,1.4392261904761905,56.625152,True
float,bnd_gather_a,0,1024,12,2,512,0,0,1,0.253567,0.0445803,0.1758127043345546,0.000723996922407431,0.0006534801452870445,0.000723996922407431,6912.31,6912.31,True,239.855,1364.27,0.23795138888888887,1.3534424603174604,60.819456,True
float,bnd_gather_a,0,1024,12,4,512,0,0,1,0.25505,0.0776683,0.30452185845912566,0.0007329817682807292,0.0007329817682807292,0.0007086275868018226,13925.8,13925.8,True,271.351,891.072,0.26919742063492064,0.884,69.208064,True
float,bnd_gather_a,0,1024,12,8,512,0,0,1,0.366488,0.152154,0.41516775446945064,0.0015204972604832903,0.0015204972604832903,0.0014338630597946816,27601.3,27601.3,True,234.62,565.12,0.23275793650793652,0.5606349206349206,85.98528,False
float,bnd_gather_a,0,1024,12,12,512,0,0,1,0.518268,0.203981,0.3935820849444689,0.04337485625197775,0.04337485625197775,0.006067035655281619,41478.4,41478.4,True,198.281,503.784,0.19670734126984127,0.4997857142857143,102.762496,False
float,bnd_gather_a,0,1024,12,25,512,0,0,1,0.931625,0.331375,0.3556956930095263,0.022814651818059844,0.022814651818059844,0.0010489023010184836,85843.9,85843.9,True,168.832,474.655,0.1674920634920635,0.4708878968253968,157.288448,False
float,bnd_gather_a,0,1024,16,1,512,0,0,1,0.276897,0.0641793,0.2317804093218778,0.0034864227492533324,0.0034864227492533324,0.0007706565824183187,4553.06,4553.06,True,265.089,1143.71,0.26298511904761906,1.1346329365079366,73.402368,True
float,bnd_gather_a,0,1024,16,2,512,0,0,1,0.276628,0.0716779,0.2591129603655451,0.0035458774961319895,0.0035458774961319895,0.0007507167481190158,8975.8,8975.8,True,280.509,1082.57,0.2782827380952381,1.0739781746031745,77.596672,False
float,bnd_gather_a,0,1024,16,4,512,0,0,1,0.296727,0.151879,0.5118475905461922,0.0013536894501543994,0.001202596999935968,0.0013536894501543994,18038.6,18038.6,True,289.779,566.145,0.2874791666666667,0.5616517857142856,85.98528,False
float,bnd_gather_a,0,1024,16,8,512,0,0,1,0.441627,0.202288,0.45805170426626995,0.0009453304199952544,0.0007656280073455654,0.0009453304199952544,35800.6,35800.6,True,232.691,508.001,0.23084424603174603,0.503969246031746,102.762496,False
float,bnd_gather_a,0,1024,16,12,512,0,0,1,0.616802,0.250248,0.4057185287985448,0.00462446619822893,0.00462446619822893,0.0011131397653527698,53883.0,53883.0,True,193.805,477.685,0.19226686507936508,0.4738938492063492,119.539712,False
float,bnd_gather_a,0,1024,16,25,512,0,0,1,1.11501,0.413549,0.37089263773419073,0.0023624451798638577,0.0023624451798638577,0.001226161833301495,111275.0,111275.0,True,156.112,420.907,0.15487301587301586,0.41756646825396826,174.065664,False
float,bnd_scatter_a,1,1024,3,1,512,0,0,1,0.162834,0.029397,0.18053354950440326,0.0050916079872095794,0.003996524067455199,0.0050916079872095794,1134.05,1134.05,True,115.924,642.122,0.11500396825396826,0.6370257936507936,18.876416,True
float,bnd_scatter_a,1,1024,3,2,512,0,0,1,0.163199,0.0526108,0.3223720733582926,0.001080092402526976,0.001080092402526976,0.0007816531966820501,2210.61,2210.61,True,141.366,438.516,0.14024404761904763,0.4350357142857143,23.07072,True
float,bnd_scatter_a,1,1024,3,4,512,0,0,1,0.166579,0.0985797,0.5917894812671466,0.0011347949021185142,0.0011347949021185142,0.0005986404908921411,4394.88,4394.88,True,188.855,319.126,0.18735615079365078,0.31659325396825394,31.459328,True
float,bnd_scatter_a,1,1024,3,8,512,0,0,1,0.251848,0.197135,0.7827538832946856,0.0012309885327657952,0.0012309885327657952,0.001094737109087681,8677.19,8677.19,True,191.53,244.687,0.19000992063492064,0.2427450396825397,48.236544,True
float,bnd_scatter_a,1,1024,3,12,512,0,0,1,0.350983,0.306623,0.8736121122675456,0.003413270728211908,0.003413270728211908,0.001156824504358773,13023.9,13023.9,True,185.233,212.032,0.18376289682539684,0.21034920634920637,65.01376,True
float,bnd_scatter_a,1,1024,3,25,512,0,0,1,0.664283,0.720468,1.0845799154878268,0.014510065740053561,0.014510065740053561,0.0016669026244052478,26970.4,26970.4,True,179.953,165.92,0.17852480158730158,0.16460317460317458,119.539712,False
float,bnd_scatter_a,1,1024,6,1,512,0,0,1,0.199004,0.0604789,0.3039079616490121,0.005042612208799824,0.005042612208799824,0.0011970075513939573,1921.47,1921.47,True,158.084,520.17,0.1568293650793651,0.5160416666666666,31.459328,True
float,bnd_scatter_a,1,1024,6,2,512,0,0,1,0.200982,0.110836,0.5514722711486602,0.0038148192375436606,0.0038148192375436606,0.002051418311739868,3775.29,3775.29,True,177.397,321.681,0.1759890873015873,0.31912797619047617,35.653632,True
float,bnd_scatter_a,1,1024,6,4,512,0,0,1,0.301024,0.20902,0.694363240140321,0.006937470098555162,0.006894267566705645,0.006937470098555162,7616.19,7616.19,True,146.308,210.708,0.14514682539682539,0.2090357142857143,44.04224,True
float,bnd_scatter_a,1,1024,6,8,512,0,0,1,0.517615,0.41763,0.8068351960433913,0.036743525593346406,0.036743525593346406,0.0014591959389890575,15100.2,15100.2,True,117.499,145.63,0.11656646825396826,0.14447420634920635,60.819456,True
float,bnd_scatter_a,1,1024,6,12,512,0,0,1,0.729209,0.678847,0.9309361239370331,0.02441851375942974,0.02441851375942974,0.001367293366546512,22678.0,22678.0,True,106.412,114.307,0.10556746031746032,0.11339980158730159,77.596672,False
float,bnd_scatter_a,1,1024,6,25,512,0,0,1,1.40176,1.41669,1.0106508960164367,0.0034130614319293567,0.0011578372902636687,0.0034130614319293567,46974.3,46974.3,True,94.255,93.2614,0.09350694444444443,0.09252123015873015,132.122624,False
float,bnd_scatter_a,1,1024,8,1,512,0,0,1,0.220614,0.0844712,0.38289138495290415,0.0010732296924869068,0.0008038383783440761,0.0010732296924869068,2451.3,2451.3,True,180.623,471.734,0.17918948412698413,0.46799007936507936,39.847936,True
float,bnd_scatter_a,1,1024,8,2,512,0,0,1,0.2543,0.150975,0.5936885568226503,0.0020675608544461006,0.0007645890680298859,0.0020675608544461006,4830.64,4830.64,True,173.19,291.719,0.17181547619047619,0.2894037698412698,44.04224,True
float,bnd_scatter_a,1,1024,8,4,512,0,0,1,0.380766,0.28294,0.7430810524048892,0.0016913197144270869,0.000774013436073599,0.0016913197144270869,9744.12,9744.12,True,137.698,185.307,0.13660515873015874,0.1838363095238095,52.430848,True
float,bnd_scatter_a,1,1024,8,8,512,0,0,1,0.705488,0.572342,0.8112710634341052,0.02540907853854353,0.02540907853854353,0.0013200359225777594,19326.3,19326.3,True,98.0996,120.921,0.09732103174603174,0.11996130952380953,69.208064,True
float,bnd_scatter_a,1,1024,8,12,512,0,0,1,0.972219,0.915515,0.9416756924108662,0.022609514934392356,0.022609514934392356,0.0014010584206703332,28998.5,28998.5,True,88.4423,93.9202,0.08774037698412698,0.09317480158730158,85.98528,False
float,bnd_scatter_a,1,1024,8,25,512,0,0,1,1.94148,1.91179,0.984707542699384,0.008595813503100727,0.008595813503100727,0.0041331108542256205,60059.3,60059.3,True,72.3733,73.4971,0.07179890873015873,0.07291378968253968,140.511232,False
float,bnd_scatter_a,1,1024,12,1,512,0,0,1,0.266752,0.142148,0.5328844769673704,0.003861826715451056,0.003861826715451056,0.0024221163857388074,3521.24,3521.24,True,212.277,398.355,0.21059226190476188,0.3951934523809524,56.625152,True
float,bnd_scatter_a,1,1024,12,2,512,0,0,1,0.369158,0.240695,0.6520107921269483,0.004959583701287796,0.004959583701287796,0.002471231226240678,6912.31,6912.31,True,164.752,252.682,0.16344444444444445,0.2506765873015873,60.819456,True
float,bnd_scatter_a,1,1024,12,4,512,0,0,1,0.561124,0.431402,0.7688175875564047,0.0013576432190856788,0.000636255088001939,0.0013576432190856788,13925.8,13925.8,True,123.338,160.426,0.12235912698412697,0.15915277777777775,69.208064,True
float,bnd_scatter_a,1,1024,12,8,512,0,0,1,1.01907,0.894246,0.8775118490388296,0.0035581265271276757,0.0035581265271276757,0.0030837040366968375,27601.3,27601.3,True,84.3761,96.154,0.0837064484126984,0.09539087301587301,85.98528,False
float,bnd_scatter_a,1,1024,12,12,512,0,0,1,1.49114,1.43854,0.9647249755220838,0.013129551886476121,0.013129551886476121,0.0036220404020743256,41478.4,41478.4,True,68.9155,71.4353,0.06836855158730158,0.07086835317460317,102.762496,False
float,bnd_scatter_a,1,1024,12,25,512,0,0,1,3.017,2.949,0.9774610540271793,0.006260225389459729,0.006260225389459729,0.004511529331976942,85843.9,85843.9,True,52.134,53.3362,0.0517202380952381,0.05291289682539682,157.288448,False
float,bnd_scatter_a,1,1024,16,1,512,0,0,1,0.348614,0.208331,0.597597916320056,0.008554751813220308,0.00279764438605449,0.008554751813220308,4553.06,4553.06,True,210.555,352.335,0.20888392857142857,0.34953869047619046,73.402368,True
float,bnd_scatter_a,1,1024,16,2,512,0,0,1,0.543881,0.331925,0.6102897508830057,0.0061930556601641935,0.0013659164412803538,0.0061930556601641935,8975.8,8975.8,True,142.672,233.778,0.14153968253968255,0.23192261904761904,77.596672,False
float,bnd_scatter_a,1,1024,16,4,512,0,0,1,0.803163,0.57594,0.7170898061788206,0.003568192259852608,0.003568192259852608,0.0013105115116157932,18038.6,18038.6,True,107.058,149.296,0.10620833333333334,0.1481111111111111,85.98528,False
float,bnd_scatter_a,1,1024,16,8,512,0,0,1,1.43306,1.20801,0.8429584246298132,0.004100884926449284,0.002287259430868212,0.004100884926449284,35800.6,35800.6,True,71.7083,85.0677,0.0711391865079365,0.08439255952380953,102.762496,False
float,bnd_scatter_a,1,1024,16,12,512,0,0,1,1.97062,1.93959,0.9842536866569911,0.003750215251676901,0.000843856248287341,0.003750215251676901,53883.0,53883.0,True,60.6609,61.6315,0.06017946428571428,0.06114236111111111,119.539712,False
float,bnd_scatter_a,1,1024,16,25,512,0,0,1,4.03934,3.99512,0.9890526670198596,0.0038529505997316727,0.0006150757301935464,0.0038529505997316727,111275.0,111275.0,True,43.0925,43.5696,0.042750496031746035,0.043223809523809525,174.065664,False
float,bnd_scatter_b,1,2048,3,1,128,0,0,1,0.0860777,0.016915,0.1965085033638213,0.0012194856636121784,0.00036152452958199393,0.0012194856636121784,2184.15,2184.15,True,109.642,557.949,0.1087718253968254,0.5535208333333332,9.437696,True
float,bnd_scatter_b,1,2048,3,2,128,0,0,1,0.0863948,0.0288382,0.3337955525101048,0.001414089644984777,0.00043843495210359884,0.001414089644984777,4415.01,4415.01,True,133.513,399.985,0.132453373015873,0.3968105158730159,11.534848,True
float,bnd_scatter_b,1,2048,3,4,128,0,0,1,0.0886741,0.0508629,0.5735936423375033,0.001912384788794022,0.001912384788794022,0.0011433205735418154,8708.15,8708.15,True,177.382,309.246,0.17597420634920635,0.30679166666666663,15.729152,True
float,bnd_scatter_b,1,2048,3,8,128,0,0,1,0.119421,0.101104,0.8466182664690465,0.0020724699319512583,0.0009156680985756274,0.0020724699319512583,17237.1,17237.1,True,201.957,238.543,0.20035416666666667,0.2366498015873016,24.11776,True
float,bnd_scatter_b,1,2048,3,12,128,0,0,1,0.162908,0.162722,0.9988582512829327,0.0017955592974520963,0.0009987723132074545,0.0017955592974520963,25775.7,25775.7,True,199.538,199.766,0.1979543650793651,0.19818055555555555,32.506368,True
float,bnd_scatter_b,1,2048,3,25,128,0,0,1,0.301849,0.312274,1.0345371361177278,0.002308985057993941,0.0013001070071459572,0.002308985057993941,53575.2,53575.2,True,198.011,191.4,0.19643948412698412,0.1898809523809524,59.769344,True
float,bnd_scatter_b,1,2048,6,1,128,0,0,1,0.104148,0.0339625,0.3260984368398817,0.0014367140228192861,0.0011342896647079156,0.0014367140228192861,3800.0,3800.0,True,151.027,463.133,0.149828373015873,0.4594573412698412,15.729152,True
float,bnd_scatter_b,1,2048,6,2,128,0,0,1,0.104974,0.0590384,0.5624097395545563,0.001248463711753706,0.0009794520547945205,0.001248463711753706,7645.96,7645.96,True,169.817,301.944,0.16846924603174604,0.29954761904761906,17.826304,True
float,bnd_scatter_b,1,2048,6,4,128,0,0,1,0.146423,0.113381,0.7743387309370795,0.003734964412026707,0.0008660934416041196,0.003734964412026707,15264.5,15264.5,True,150.391,194.218,0.1491974206349206,0.1926765873015873,22.020608,True
float,bnd_scatter_b,1,2048,6,8,128,0,0,1,0.244418,0.22261,0.9107758021095009,0.0022201473428866626,0.0006161248353230941,0.0022201473428866626,30180.2,30180.2,True,124.415,136.603,0.12342757936507937,0.1355188492063492,30.409216,True
float,bnd_scatter_b,1,2048,6,12,128,0,0,1,0.340199,0.346946,1.0198325097957373,0.009876205519014487,0.0005115594108154345,0.009876205519014487,45195.9,45195.9,True,114.045,111.827,0.11313988095238095,0.11093948412698412,38.797824,True
float,bnd_scatter_b,1,2048,6,25,128,0,0,1,0.66871,0.669144,1.0006490107819532,0.00350450725105508,0.00033979452976626637,0.00350450725105508,93998.6,93998.6,True,98.7884,98.7244,0.09800436507936508,0.09794087301587302,66.0608,True
float,bnd_scatter_b,1,2048,8,1,128,0,0,1,0.115392,0.0479351,0.41541094703272324,0.0053562003625735625,0.001077899681087077,0.0053562003625735625,4904.74,4904.74,True,172.659,415.634,0.17128869047619047,0.4123353174603175,19.923456,True
float,bnd_scatter_b,1,2048,8,2,128,0,0,1,0.129854,0.0830248,0.6393703697999291,0.002723017700735202,0.0008590339920218091,0.002723017700735202,9835.96,9835.96,True,169.58,265.229,0.16823412698412699,0.2631240079365079,22.020608,True
float,bnd_scatter_b,1,2048,8,4,128,0,0,1,0.189742,0.159338,0.8397613601627474,0.019225420175978107,0.0006982165255979172,0.019225420175978107,19577.4,19577.4,True,138.161,164.523,0.13706448412698413,0.1632172619047619,26.214912,True
float,bnd_scatter_b,1,2048,8,8,128,0,0,1,0.327341,0.306848,0.9373955599817927,0.002131746011054333,0.0006030683599060308,0.002131746011054333,38707.0,38707.0,True,105.711,112.771,0.1048720238095238,0.11187599206349207,34.60352,True
float,bnd_scatter_b,1,2048,8,12,128,0,0,1,0.455572,0.479654,1.0528610186754235,0.0011143741113385898,0.00039113685652322793,0.0011143741113385898,58000.7,58000.7,True,94.3695,89.6316,0.09362053571428572,0.08892023809523811,42.992128,True
float,bnd_scatter_b,1,2048,8,25,128,0,0,1,0.921599,0.894426,0.9705153759932467,0.012933282262676067,0.012933282262676067,0.003913660828285402,120485.0,120485.0,True,76.2318,78.5477,0.07562678571428572,0.07792430555555556,70.255104,True
float,bnd_scatter_b,1,2048,12,1,128,0,0,1,0.136827,0.0819726,0.5990966695169814,0.0013995286229788978,0.0013354016385654878,0.0013995286229788978,6993.3,6993.3,True,206.918,345.385,0.20527579365079365,0.3426438492063492,28.312064,True
float,bnd_scatter_b,1,2048,12,2,128,0,0,1,0.186987,0.132769,0.710044013754967,0.003148054139143927,0.0009713242097044181,0.003148054139143927,14069.5,14069.5,True,162.628,229.038,0.16133730158730158,0.22722023809523811,30.409216,True
float,bnd_scatter_b,1,2048,12,4,128,0,0,1,0.276643,0.247992,0.8964333093553787,0.0035780226781509084,0.00046896903229071406,0.0035780226781509084,27903.2,27903.2,True,125.084,139.535,0.12409126984126985,0.13842757936507935,34.60352,True
float,bnd_scatter_b,1,2048,12,8,128,0,0,1,0.488433,0.484202,0.9913376041340368,0.003912561286405261,0.0028021038709505706,0.003912561286405261,55379.0,55379.0,True,88.0206,88.7896,0.08732202380952381,0.08808492063492063,42.992128,True
float,bnd_scatter_b,1,2048,12,12,128,0,0,1,0.693962,0.762802,1.0991985151924746,0.007718563840671391,0.007718563840671391,0.001423042939058891,82960.8,82960.8,True,74.0397,67.3579,0.07345208333333333,0.0668233134920635,51.380736,True
float,bnd_scatter_b,1,2048,12,25,128,0,0,1,1.39177,1.41231,1.0147581856197503,0.0024145832005721124,0.0023679559122556167,0.0024145832005721124,172264.0,172264.0,True,56.5061,55.6844,0.05605763888888889,0.055242460317460315,78.643712,False
float,bnd_scatter_b,1,2048,16,1,128,0,0,1,0.176873,0.12321,0.6966015163422342,0.0034105997889781674,0.0011826734436573133,0.0034105997889781674,9037.63,9037.63,True,207.497,297.87,0.20585019841269842,0.2955059523809524,36.700672,True
float,bnd_scatter_b,1,2048,16,2,128,0,0,1,0.272682,0.191141,0.7009666938045049,0.006960620693624079,0.0011302286179505799,0.006960620693624079,18191.7,18191.7,True,142.283,202.98,0.14115376984126982,0.20136904761904761,38.797824,True
float,bnd_scatter_b,1,2048,16,4,128,0,0,1,0.388513,0.354691,0.9129449979794756,0.008221835562773961,0.008221835562773961,0.004439018751533025,36074.9,36074.9,True,110.658,121.21,0.10977976190476191,0.12024801587301587,42.992128,True
float,bnd_scatter_b,1,2048,16,8,128,0,0,1,0.644695,0.690124,1.0704658792142019,0.01668820139756009,0.01668820139756009,0.0022336130898215397,71725.9,71725.9,True,79.6977,74.4514,0.07906517857142857,0.07386051587301588,51.380736,True
float,bnd_scatter_b,1,2048,16,12,128,0,0,1,0.914094,1.06693,1.1671994346314492,0.011834328400176206,0.0008749198660094039,0.011834328400176206,107579.0,107579.0,True,65.3864,56.0197,0.06486746031746031,0.055575099206349204,59.769344,True
float,bnd_scatter_b,1,2048,16,25,128,0,0,1,1.84885,2.0252,1.0953836168429023,0.009105026664033183,0.0009062444222083998,0.009105026664033183,223176.0,223176.0,True,47.0738,42.9746,0.04670019841269841,0.042633531746031746,87.03232,False
