op,dtype,device,trans,out,red,batch,ranked
gemv,float,sm_120,N,1,1,1,vendor|direct
gemv,float,sm_120,N,1,1,16,vendor|direct
gemv,float,sm_120,N,1,1,128,vendor|direct
gemv,float,sm_120,N,1,1,319,vendor|direct
gemv,float,sm_120,N,1,1,320,vendor|direct
gemv,float,sm_120,N,1,1,1024,vendor|direct
gemv,float,sm_120,N,1,1,8192,vendor|direct
gemv,float,sm_120,N,1,1,32768,vendor|direct
gemv,float,sm_120,N,1,8,1,vendor|direct
gemv,float,sm_120,N,1,8,16,vendor|direct
gemv,float,sm_120,N,1,8,128,vendor|direct
gemv,float,sm_120,N,1,8,319,vendor|direct
gemv,float,sm_120,N,1,8,320,vendor|direct
gemv,float,sm_120,N,1,8,1024,vendor|direct
gemv,float,sm_120,N,1,8,8192,vendor|direct
gemv,float,sm_120,N,1,8,32768,vendor|direct
gemv,float,sm_120,N,1,32,1,vendor|direct
gemv,float,sm_120,N,1,32,16,vendor|direct
gemv,float,sm_120,N,1,32,128,vendor|direct
gemv,float,sm_120,N,1,32,319,vendor|direct
gemv,float,sm_120,N,1,32,320,vendor|direct
gemv,float,sm_120,N,1,32,1024,vendor|direct
gemv,float,sm_120,N,1,32,8192,vendor|direct
gemv,float,sm_120,N,1,32,32768,vendor|direct
gemv,float,sm_120,N,1,63,1,vendor|direct
gemv,float,sm_120,N,1,63,16,vendor|direct
gemv,float,sm_120,N,1,63,128,vendor|direct
gemv,float,sm_120,N,1,63,319,vendor|direct
gemv,float,sm_120,N,1,63,320,vendor|direct
gemv,float,sm_120,N,1,63,1024,vendor|direct
gemv,float,sm_120,N,1,63,8192,vendor|direct
gemv,float,sm_120,N,1,63,32768,vendor|direct
gemv,float,sm_120,N,1,64,1,vendor|direct
gemv,float,sm_120,N,1,64,16,vendor|direct
gemv,float,sm_120,N,1,64,128,vendor|direct
gemv,float,sm_120,N,1,64,319,vendor|direct
gemv,float,sm_120,N,1,64,320,vendor|direct
gemv,float,sm_120,N,1,64,1024,vendor|direct
gemv,float,sm_120,N,1,64,8192,vendor|direct
gemv,float,sm_120,N,1,64,32768,vendor|direct
gemv,float,sm_120,N,1,128,1,vendor|direct
gemv,float,sm_120,N,1,128,16,vendor|direct
gemv,float,sm_120,N,1,128,128,vendor|direct
gemv,float,sm_120,N,1,128,319,vendor|direct
gemv,float,sm_120,N,1,128,320,vendor|direct
gemv,float,sm_120,N,1,128,1024,vendor|direct
gemv,float,sm_120,N,1,128,8192,vendor|direct
gemv,float,sm_120,N,1,128,32768,vendor|direct
gemv,float,sm_120,N,1,352,1,vendor|direct
gemv,float,sm_120,N,1,352,16,vendor|direct
gemv,float,sm_120,N,1,352,128,vendor|direct
gemv,float,sm_120,N,1,352,319,vendor|direct
gemv,float,sm_120,N,1,352,320,vendor|direct
gemv,float,sm_120,N,1,352,1024,vendor|direct
gemv,float,sm_120,N,1,352,8192,vendor|direct
gemv,float,sm_120,N,1,352,32768,vendor|direct
gemv,float,sm_120,N,1,353,1,vendor|direct
gemv,float,sm_120,N,1,353,16,vendor|direct
gemv,float,sm_120,N,1,353,128,vendor|direct
gemv,float,sm_120,N,1,353,319,vendor|direct
gemv,float,sm_120,N,1,353,320,vendor|direct
gemv,float,sm_120,N,1,353,1024,vendor|direct
gemv,float,sm_120,N,1,353,8192,vendor|direct
gemv,float,sm_120,N,1,353,32768,vendor|direct
gemv,float,sm_120,N,1,1024,1,vendor|direct
gemv,float,sm_120,N,1,1024,16,vendor|direct
gemv,float,sm_120,N,1,1024,128,vendor|direct
gemv,float,sm_120,N,1,1024,319,vendor|direct
gemv,float,sm_120,N,1,1024,320,vendor|direct
gemv,float,sm_120,N,1,1024,1024,vendor|direct
gemv,float,sm_120,N,1,1024,8192,vendor|direct
gemv,float,sm_120,N,1,1024,32768,vendor|direct
gemv,float,sm_120,N,1,4096,1,vendor|direct
gemv,float,sm_120,N,1,4096,16,vendor|direct
gemv,float,sm_120,N,1,4096,128,vendor|direct
gemv,float,sm_120,N,1,4096,319,vendor|direct
gemv,float,sm_120,N,1,4096,320,vendor|direct
gemv,float,sm_120,N,1,4096,1024,vendor|direct
gemv,float,sm_120,N,1,4096,8192,vendor|direct
gemv,float,sm_120,N,1,4096,32768,vendor|direct
gemv,float,sm_120,N,1,32768,1,vendor|direct
gemv,float,sm_120,N,1,32768,16,vendor|direct
gemv,float,sm_120,N,1,32768,128,vendor|direct
gemv,float,sm_120,N,1,32768,319,vendor|direct
gemv,float,sm_120,N,1,32768,320,vendor|direct
gemv,float,sm_120,N,1,32768,1024,vendor|direct
gemv,float,sm_120,N,1,32768,8192,vendor|direct
gemv,float,sm_120,N,1,32768,32768,vendor|direct
gemv,float,sm_120,N,8,1,1,vendor|direct
gemv,float,sm_120,N,8,1,16,vendor|direct
gemv,float,sm_120,N,8,1,128,vendor|direct
gemv,float,sm_120,N,8,1,319,vendor|direct
gemv,float,sm_120,N,8,1,320,vendor|direct
gemv,float,sm_120,N,8,1,1024,vendor|direct
gemv,float,sm_120,N,8,1,8192,vendor|direct
gemv,float,sm_120,N,8,1,32768,vendor|direct
gemv,float,sm_120,N,8,8,1,vendor|direct
gemv,float,sm_120,N,8,8,16,vendor|direct
gemv,float,sm_120,N,8,8,128,vendor|direct
gemv,float,sm_120,N,8,8,319,vendor|direct
gemv,float,sm_120,N,8,8,320,vendor|direct
gemv,float,sm_120,N,8,8,1024,vendor|direct
gemv,float,sm_120,N,8,8,8192,vendor|direct
gemv,float,sm_120,N,8,8,32768,vendor|direct
gemv,float,sm_120,N,8,32,1,vendor|direct
gemv,float,sm_120,N,8,32,16,vendor|direct
gemv,float,sm_120,N,8,32,128,vendor|direct
gemv,float,sm_120,N,8,32,319,vendor|direct
gemv,float,sm_120,N,8,32,320,vendor|direct
gemv,float,sm_120,N,8,32,1024,vendor|direct
gemv,float,sm_120,N,8,32,8192,vendor|direct
gemv,float,sm_120,N,8,32,32768,vendor|direct
gemv,float,sm_120,N,8,63,1,vendor|direct
gemv,float,sm_120,N,8,63,16,vendor|direct
gemv,float,sm_120,N,8,63,128,vendor|direct
gemv,float,sm_120,N,8,63,319,vendor|direct
gemv,float,sm_120,N,8,63,320,vendor|direct
gemv,float,sm_120,N,8,63,1024,vendor|direct
gemv,float,sm_120,N,8,63,8192,vendor|direct
gemv,float,sm_120,N,8,63,32768,vendor|direct
gemv,float,sm_120,N,8,64,1,vendor|direct
gemv,float,sm_120,N,8,64,16,vendor|direct
gemv,float,sm_120,N,8,64,128,vendor|direct
gemv,float,sm_120,N,8,64,319,vendor|direct
gemv,float,sm_120,N,8,64,320,vendor|direct
gemv,float,sm_120,N,8,64,1024,vendor|direct
gemv,float,sm_120,N,8,64,8192,vendor|direct
gemv,float,sm_120,N,8,64,32768,vendor|direct
gemv,float,sm_120,N,8,128,1,vendor|direct
gemv,float,sm_120,N,8,128,16,vendor|direct
gemv,float,sm_120,N,8,128,128,vendor|direct
gemv,float,sm_120,N,8,128,319,vendor|direct
gemv,float,sm_120,N,8,128,320,vendor|direct
gemv,float,sm_120,N,8,128,1024,vendor|direct
gemv,float,sm_120,N,8,128,8192,vendor|direct
gemv,float,sm_120,N,8,128,32768,vendor|direct
gemv,float,sm_120,N,8,352,1,vendor|direct
gemv,float,sm_120,N,8,352,16,vendor|direct
gemv,float,sm_120,N,8,352,128,vendor|direct
gemv,float,sm_120,N,8,352,319,vendor|direct
gemv,float,sm_120,N,8,352,320,vendor|direct
gemv,float,sm_120,N,8,352,1024,vendor|direct
gemv,float,sm_120,N,8,352,8192,vendor|direct
gemv,float,sm_120,N,8,352,32768,vendor|direct
gemv,float,sm_120,N,8,353,1,vendor|direct
gemv,float,sm_120,N,8,353,16,vendor|direct
gemv,float,sm_120,N,8,353,128,vendor|direct
gemv,float,sm_120,N,8,353,319,vendor|direct
gemv,float,sm_120,N,8,353,320,vendor|direct
gemv,float,sm_120,N,8,353,1024,vendor|direct
gemv,float,sm_120,N,8,353,8192,vendor|direct
gemv,float,sm_120,N,8,353,32768,vendor|direct
gemv,float,sm_120,N,8,1024,1,vendor|direct
gemv,float,sm_120,N,8,1024,16,vendor|direct
gemv,float,sm_120,N,8,1024,128,vendor|direct
gemv,float,sm_120,N,8,1024,319,vendor|direct
gemv,float,sm_120,N,8,1024,320,vendor|direct
gemv,float,sm_120,N,8,1024,1024,vendor|direct
gemv,float,sm_120,N,8,1024,8192,vendor|direct
gemv,float,sm_120,N,8,1024,32768,vendor|direct
gemv,float,sm_120,N,8,4096,1,vendor|direct
gemv,float,sm_120,N,8,4096,16,vendor|direct
gemv,float,sm_120,N,8,4096,128,vendor|direct
gemv,float,sm_120,N,8,4096,319,vendor|direct
gemv,float,sm_120,N,8,4096,320,vendor|direct
gemv,float,sm_120,N,8,4096,1024,vendor|direct
gemv,float,sm_120,N,8,4096,8192,vendor|direct
gemv,float,sm_120,N,8,4096,32768,vendor|direct
gemv,float,sm_120,N,8,32768,1,vendor|direct
gemv,float,sm_120,N,8,32768,16,vendor|direct
gemv,float,sm_120,N,8,32768,128,vendor|direct
gemv,float,sm_120,N,8,32768,319,vendor|direct
gemv,float,sm_120,N,8,32768,320,vendor|direct
gemv,float,sm_120,N,8,32768,1024,vendor|direct
gemv,float,sm_120,N,8,32768,8192,vendor|direct
gemv,float,sm_120,N,8,32768,32768,vendor|direct
gemv,float,sm_120,N,64,1,1,vendor|direct
gemv,float,sm_120,N,64,1,16,vendor|direct
gemv,float,sm_120,N,64,1,128,vendor|direct
gemv,float,sm_120,N,64,1,319,vendor|direct
gemv,float,sm_120,N,64,1,320,vendor|direct
gemv,float,sm_120,N,64,1,1024,vendor|direct
gemv,float,sm_120,N,64,1,8192,vendor|direct
gemv,float,sm_120,N,64,1,32768,vendor|direct
gemv,float,sm_120,N,64,8,1,vendor|direct
gemv,float,sm_120,N,64,8,16,vendor|direct
gemv,float,sm_120,N,64,8,128,vendor|direct
gemv,float,sm_120,N,64,8,319,vendor|direct
gemv,float,sm_120,N,64,8,320,vendor|direct
gemv,float,sm_120,N,64,8,1024,vendor|direct
gemv,float,sm_120,N,64,8,8192,vendor|direct
gemv,float,sm_120,N,64,8,32768,vendor|direct
gemv,float,sm_120,N,64,32,1,vendor|direct
gemv,float,sm_120,N,64,32,16,vendor|direct
gemv,float,sm_120,N,64,32,128,vendor|direct
gemv,float,sm_120,N,64,32,319,vendor|direct
gemv,float,sm_120,N,64,32,320,vendor|direct
gemv,float,sm_120,N,64,32,1024,vendor|direct
gemv,float,sm_120,N,64,32,8192,vendor|direct
gemv,float,sm_120,N,64,32,32768,vendor|direct
gemv,float,sm_120,N,64,63,1,vendor|direct
gemv,float,sm_120,N,64,63,16,vendor|direct
gemv,float,sm_120,N,64,63,128,vendor|direct
gemv,float,sm_120,N,64,63,319,vendor|direct
gemv,float,sm_120,N,64,63,320,vendor|direct
gemv,float,sm_120,N,64,63,1024,vendor|direct
gemv,float,sm_120,N,64,63,8192,vendor|direct
gemv,float,sm_120,N,64,63,32768,vendor|direct
gemv,float,sm_120,N,64,64,1,vendor|direct
gemv,float,sm_120,N,64,64,16,vendor|direct
gemv,float,sm_120,N,64,64,128,vendor|direct
gemv,float,sm_120,N,64,64,319,vendor|direct
gemv,float,sm_120,N,64,64,320,vendor|direct
gemv,float,sm_120,N,64,64,1024,vendor|direct
gemv,float,sm_120,N,64,64,8192,vendor|direct
gemv,float,sm_120,N,64,64,32768,vendor|direct
gemv,float,sm_120,N,64,128,1,vendor|direct
gemv,float,sm_120,N,64,128,16,vendor|direct
gemv,float,sm_120,N,64,128,128,vendor|direct
gemv,float,sm_120,N,64,128,319,vendor|direct
gemv,float,sm_120,N,64,128,320,vendor|direct
gemv,float,sm_120,N,64,128,1024,vendor|direct
gemv,float,sm_120,N,64,128,8192,vendor|direct
gemv,float,sm_120,N,64,128,32768,vendor|direct
gemv,float,sm_120,N,64,352,1,vendor|direct
gemv,float,sm_120,N,64,352,16,vendor|direct
gemv,float,sm_120,N,64,352,128,vendor|direct
gemv,float,sm_120,N,64,352,319,vendor|direct
gemv,float,sm_120,N,64,352,320,vendor|direct
gemv,float,sm_120,N,64,352,1024,vendor|direct
gemv,float,sm_120,N,64,352,8192,vendor|direct
gemv,float,sm_120,N,64,352,32768,vendor|direct
gemv,float,sm_120,N,64,353,1,vendor|direct
gemv,float,sm_120,N,64,353,16,vendor|direct
gemv,float,sm_120,N,64,353,128,vendor|direct
gemv,float,sm_120,N,64,353,319,vendor|direct
gemv,float,sm_120,N,64,353,320,vendor|direct
gemv,float,sm_120,N,64,353,1024,vendor|direct
gemv,float,sm_120,N,64,353,8192,vendor|direct
gemv,float,sm_120,N,64,353,32768,vendor|direct
gemv,float,sm_120,N,64,1024,1,vendor|direct
gemv,float,sm_120,N,64,1024,16,vendor|direct
gemv,float,sm_120,N,64,1024,128,vendor|direct
gemv,float,sm_120,N,64,1024,319,vendor|direct
gemv,float,sm_120,N,64,1024,320,vendor|direct
gemv,float,sm_120,N,64,1024,1024,vendor|direct
gemv,float,sm_120,N,64,1024,8192,vendor|direct
gemv,float,sm_120,N,64,1024,32768,vendor|direct
gemv,float,sm_120,N,64,4096,1,vendor|direct
gemv,float,sm_120,N,64,4096,16,vendor|direct
gemv,float,sm_120,N,64,4096,128,vendor|direct
gemv,float,sm_120,N,64,4096,319,vendor|direct
gemv,float,sm_120,N,64,4096,320,vendor|direct
gemv,float,sm_120,N,64,4096,1024,vendor|direct
gemv,float,sm_120,N,64,4096,8192,vendor|direct
gemv,float,sm_120,N,64,4096,32768,vendor|direct
gemv,float,sm_120,N,64,32768,1,vendor|direct
gemv,float,sm_120,N,64,32768,16,vendor|direct
gemv,float,sm_120,N,64,32768,128,vendor|direct
gemv,float,sm_120,N,64,32768,319,vendor|direct
gemv,float,sm_120,N,64,32768,320,vendor|direct
gemv,float,sm_120,N,64,32768,1024,vendor|direct
gemv,float,sm_120,N,64,32768,8192,vendor|direct
gemv,float,sm_120,N,64,32768,32768,vendor|direct
gemv,float,sm_120,N,255,1,1,vendor|direct
gemv,float,sm_120,N,255,1,16,vendor|direct
gemv,float,sm_120,N,255,1,128,vendor|direct
gemv,float,sm_120,N,255,1,319,vendor|direct
gemv,float,sm_120,N,255,1,320,vendor|direct
gemv,float,sm_120,N,255,1,1024,vendor|direct
gemv,float,sm_120,N,255,1,8192,vendor|direct
gemv,float,sm_120,N,255,1,32768,vendor|direct
gemv,float,sm_120,N,255,8,1,vendor|direct
gemv,float,sm_120,N,255,8,16,vendor|direct
gemv,float,sm_120,N,255,8,128,vendor|direct
gemv,float,sm_120,N,255,8,319,vendor|direct
gemv,float,sm_120,N,255,8,320,vendor|direct
gemv,float,sm_120,N,255,8,1024,vendor|direct
gemv,float,sm_120,N,255,8,8192,vendor|direct
gemv,float,sm_120,N,255,8,32768,vendor|direct
gemv,float,sm_120,N,255,32,1,vendor|direct
gemv,float,sm_120,N,255,32,16,vendor|direct
gemv,float,sm_120,N,255,32,128,vendor|direct
gemv,float,sm_120,N,255,32,319,vendor|direct
gemv,float,sm_120,N,255,32,320,vendor|direct
gemv,float,sm_120,N,255,32,1024,vendor|direct
gemv,float,sm_120,N,255,32,8192,vendor|direct
gemv,float,sm_120,N,255,32,32768,vendor|direct
gemv,float,sm_120,N,255,63,1,vendor|direct
gemv,float,sm_120,N,255,63,16,vendor|direct
gemv,float,sm_120,N,255,63,128,vendor|direct
gemv,float,sm_120,N,255,63,319,vendor|direct
gemv,float,sm_120,N,255,63,320,vendor|direct
gemv,float,sm_120,N,255,63,1024,vendor|direct
gemv,float,sm_120,N,255,63,8192,vendor|direct
gemv,float,sm_120,N,255,63,32768,vendor|direct
gemv,float,sm_120,N,255,64,1,vendor|direct
gemv,float,sm_120,N,255,64,16,vendor|direct
gemv,float,sm_120,N,255,64,128,vendor|direct
gemv,float,sm_120,N,255,64,319,vendor|direct
gemv,float,sm_120,N,255,64,320,vendor|direct
gemv,float,sm_120,N,255,64,1024,vendor|direct
gemv,float,sm_120,N,255,64,8192,vendor|direct
gemv,float,sm_120,N,255,64,32768,vendor|direct
gemv,float,sm_120,N,255,128,1,vendor|direct
gemv,float,sm_120,N,255,128,16,vendor|direct
gemv,float,sm_120,N,255,128,128,vendor|direct
gemv,float,sm_120,N,255,128,319,vendor|direct
gemv,float,sm_120,N,255,128,320,vendor|direct
gemv,float,sm_120,N,255,128,1024,vendor|direct
gemv,float,sm_120,N,255,128,8192,vendor|direct
gemv,float,sm_120,N,255,128,32768,vendor|direct
gemv,float,sm_120,N,255,352,1,vendor|direct
gemv,float,sm_120,N,255,352,16,vendor|direct
gemv,float,sm_120,N,255,352,128,vendor|direct
gemv,float,sm_120,N,255,352,319,vendor|direct
gemv,float,sm_120,N,255,352,320,vendor|direct
gemv,float,sm_120,N,255,352,1024,vendor|direct
gemv,float,sm_120,N,255,352,8192,vendor|direct
gemv,float,sm_120,N,255,352,32768,vendor|direct
gemv,float,sm_120,N,255,353,1,vendor|direct
gemv,float,sm_120,N,255,353,16,vendor|direct
gemv,float,sm_120,N,255,353,128,vendor|direct
gemv,float,sm_120,N,255,353,319,vendor|direct
gemv,float,sm_120,N,255,353,320,vendor|direct
gemv,float,sm_120,N,255,353,1024,vendor|direct
gemv,float,sm_120,N,255,353,8192,vendor|direct
gemv,float,sm_120,N,255,353,32768,vendor|direct
gemv,float,sm_120,N,255,1024,1,vendor|direct
gemv,float,sm_120,N,255,1024,16,vendor|direct
gemv,float,sm_120,N,255,1024,128,vendor|direct
gemv,float,sm_120,N,255,1024,319,vendor|direct
gemv,float,sm_120,N,255,1024,320,vendor|direct
gemv,float,sm_120,N,255,1024,1024,vendor|direct
gemv,float,sm_120,N,255,1024,8192,vendor|direct
gemv,float,sm_120,N,255,1024,32768,vendor|direct
gemv,float,sm_120,N,255,4096,1,vendor|direct
gemv,float,sm_120,N,255,4096,16,vendor|direct
gemv,float,sm_120,N,255,4096,128,vendor|direct
gemv,float,sm_120,N,255,4096,319,vendor|direct
gemv,float,sm_120,N,255,4096,320,vendor|direct
gemv,float,sm_120,N,255,4096,1024,vendor|direct
gemv,float,sm_120,N,255,4096,8192,vendor|direct
gemv,float,sm_120,N,255,4096,32768,vendor|direct
gemv,float,sm_120,N,255,32768,1,vendor|direct
gemv,float,sm_120,N,255,32768,16,vendor|direct
gemv,float,sm_120,N,255,32768,128,vendor|direct
gemv,float,sm_120,N,255,32768,319,vendor|direct
gemv,float,sm_120,N,255,32768,320,vendor|direct
gemv,float,sm_120,N,255,32768,1024,vendor|direct
gemv,float,sm_120,N,255,32768,8192,vendor|direct
gemv,float,sm_120,N,255,32768,32768,vendor|direct
gemv,float,sm_120,N,256,1,1,vendor|direct
gemv,float,sm_120,N,256,1,16,vendor|direct
gemv,float,sm_120,N,256,1,128,vendor|direct
gemv,float,sm_120,N,256,1,319,vendor|direct
gemv,float,sm_120,N,256,1,320,vendor|direct
gemv,float,sm_120,N,256,1,1024,vendor|direct
gemv,float,sm_120,N,256,1,8192,vendor|direct
gemv,float,sm_120,N,256,1,32768,vendor|direct
gemv,float,sm_120,N,256,8,1,vendor|direct
gemv,float,sm_120,N,256,8,16,vendor|direct
gemv,float,sm_120,N,256,8,128,vendor|direct
gemv,float,sm_120,N,256,8,319,vendor|direct
gemv,float,sm_120,N,256,8,320,vendor|direct
gemv,float,sm_120,N,256,8,1024,vendor|direct
gemv,float,sm_120,N,256,8,8192,vendor|direct
gemv,float,sm_120,N,256,8,32768,vendor|direct
gemv,float,sm_120,N,256,32,1,vendor|direct
gemv,float,sm_120,N,256,32,16,vendor|direct
gemv,float,sm_120,N,256,32,128,vendor|direct
gemv,float,sm_120,N,256,32,319,vendor|direct
gemv,float,sm_120,N,256,32,320,vendor|direct
gemv,float,sm_120,N,256,32,1024,vendor|direct
gemv,float,sm_120,N,256,32,8192,vendor|direct
gemv,float,sm_120,N,256,32,32768,vendor|direct
gemv,float,sm_120,N,256,63,1,vendor|direct
gemv,float,sm_120,N,256,63,16,vendor|direct
gemv,float,sm_120,N,256,63,128,vendor|direct
gemv,float,sm_120,N,256,63,319,vendor|direct
gemv,float,sm_120,N,256,63,320,vendor|direct
gemv,float,sm_120,N,256,63,1024,vendor|direct
gemv,float,sm_120,N,256,63,8192,vendor|direct
gemv,float,sm_120,N,256,63,32768,vendor|direct
gemv,float,sm_120,N,256,64,1,vendor|direct
gemv,float,sm_120,N,256,64,16,vendor|direct
gemv,float,sm_120,N,256,64,128,vendor|direct
gemv,float,sm_120,N,256,64,319,vendor|direct
gemv,float,sm_120,N,256,64,320,vendor|direct
gemv,float,sm_120,N,256,64,1024,vendor|direct
gemv,float,sm_120,N,256,64,8192,vendor|direct
gemv,float,sm_120,N,256,64,32768,vendor|direct
gemv,float,sm_120,N,256,128,1,vendor|direct
gemv,float,sm_120,N,256,128,16,vendor|direct
gemv,float,sm_120,N,256,128,128,vendor|direct
gemv,float,sm_120,N,256,128,319,vendor|direct
gemv,float,sm_120,N,256,128,320,vendor|direct
gemv,float,sm_120,N,256,128,1024,vendor|direct
gemv,float,sm_120,N,256,128,8192,vendor|direct
gemv,float,sm_120,N,256,128,32768,vendor|direct
gemv,float,sm_120,N,256,352,1,vendor|direct
gemv,float,sm_120,N,256,352,16,vendor|direct
gemv,float,sm_120,N,256,352,128,vendor|direct
gemv,float,sm_120,N,256,352,319,vendor|direct
gemv,float,sm_120,N,256,352,320,vendor|direct
gemv,float,sm_120,N,256,352,1024,vendor|direct
gemv,float,sm_120,N,256,352,8192,vendor|direct
gemv,float,sm_120,N,256,352,32768,vendor|direct
gemv,float,sm_120,N,256,353,1,vendor|direct
gemv,float,sm_120,N,256,353,16,vendor|direct
gemv,float,sm_120,N,256,353,128,vendor|direct
gemv,float,sm_120,N,256,353,319,vendor|direct
gemv,float,sm_120,N,256,353,320,vendor|direct
gemv,float,sm_120,N,256,353,1024,vendor|direct
gemv,float,sm_120,N,256,353,8192,vendor|direct
gemv,float,sm_120,N,256,353,32768,vendor|direct
gemv,float,sm_120,N,256,1024,1,vendor|direct
gemv,float,sm_120,N,256,1024,16,vendor|direct
gemv,float,sm_120,N,256,1024,128,vendor|direct
gemv,float,sm_120,N,256,1024,319,vendor|direct
gemv,float,sm_120,N,256,1024,320,vendor|direct
gemv,float,sm_120,N,256,1024,1024,vendor|direct
gemv,float,sm_120,N,256,1024,8192,vendor|direct
gemv,float,sm_120,N,256,1024,32768,vendor|direct
gemv,float,sm_120,N,256,4096,1,vendor|direct
gemv,float,sm_120,N,256,4096,16,vendor|direct
gemv,float,sm_120,N,256,4096,128,vendor|direct
gemv,float,sm_120,N,256,4096,319,vendor|direct
gemv,float,sm_120,N,256,4096,320,vendor|direct
gemv,float,sm_120,N,256,4096,1024,vendor|direct
gemv,float,sm_120,N,256,4096,8192,vendor|direct
gemv,float,sm_120,N,256,4096,32768,vendor|direct
gemv,float,sm_120,N,256,32768,1,vendor|direct
gemv,float,sm_120,N,256,32768,16,vendor|direct
gemv,float,sm_120,N,256,32768,128,vendor|direct
gemv,float,sm_120,N,256,32768,319,vendor|direct
gemv,float,sm_120,N,256,32768,320,vendor|direct
gemv,float,sm_120,N,256,32768,1024,vendor|direct
gemv,float,sm_120,N,256,32768,8192,vendor|direct
gemv,float,sm_120,N,256,32768,32768,vendor|direct
gemv,float,sm_120,N,1024,1,1,vendor|direct
gemv,float,sm_120,N,1024,1,16,vendor|direct
gemv,float,sm_120,N,1024,1,128,vendor|direct
gemv,float,sm_120,N,1024,1,319,vendor|direct
gemv,float,sm_120,N,1024,1,320,vendor|direct
gemv,float,sm_120,N,1024,1,1024,vendor|direct
gemv,float,sm_120,N,1024,1,8192,vendor|direct
gemv,float,sm_120,N,1024,1,32768,vendor|direct
gemv,float,sm_120,N,1024,8,1,vendor|direct
gemv,float,sm_120,N,1024,8,16,vendor|direct
gemv,float,sm_120,N,1024,8,128,vendor|direct
gemv,float,sm_120,N,1024,8,319,vendor|direct
gemv,float,sm_120,N,1024,8,320,vendor|direct
gemv,float,sm_120,N,1024,8,1024,vendor|direct
gemv,float,sm_120,N,1024,8,8192,vendor|direct
gemv,float,sm_120,N,1024,8,32768,vendor|direct
gemv,float,sm_120,N,1024,32,1,vendor|direct
gemv,float,sm_120,N,1024,32,16,vendor|direct
gemv,float,sm_120,N,1024,32,128,vendor|direct
gemv,float,sm_120,N,1024,32,319,vendor|direct
gemv,float,sm_120,N,1024,32,320,vendor|direct
gemv,float,sm_120,N,1024,32,1024,vendor|direct
gemv,float,sm_120,N,1024,32,8192,vendor|direct
gemv,float,sm_120,N,1024,32,32768,vendor|direct
gemv,float,sm_120,N,1024,63,1,vendor|direct
gemv,float,sm_120,N,1024,63,16,vendor|direct
gemv,float,sm_120,N,1024,63,128,vendor|direct
gemv,float,sm_120,N,1024,63,319,vendor|direct
gemv,float,sm_120,N,1024,63,320,vendor|direct
gemv,float,sm_120,N,1024,63,1024,vendor|direct
gemv,float,sm_120,N,1024,63,8192,vendor|direct
gemv,float,sm_120,N,1024,63,32768,vendor|direct
gemv,float,sm_120,N,1024,64,1,vendor|direct
gemv,float,sm_120,N,1024,64,16,vendor|direct
gemv,float,sm_120,N,1024,64,128,vendor|direct
gemv,float,sm_120,N,1024,64,319,vendor|direct
gemv,float,sm_120,N,1024,64,320,vendor|direct
gemv,float,sm_120,N,1024,64,1024,vendor|direct
gemv,float,sm_120,N,1024,64,8192,vendor|direct
gemv,float,sm_120,N,1024,64,32768,vendor|direct
gemv,float,sm_120,N,1024,128,1,vendor|direct
gemv,float,sm_120,N,1024,128,16,vendor|direct
gemv,float,sm_120,N,1024,128,128,vendor|direct
gemv,float,sm_120,N,1024,128,319,vendor|direct
gemv,float,sm_120,N,1024,128,320,vendor|direct
gemv,float,sm_120,N,1024,128,1024,vendor|direct
gemv,float,sm_120,N,1024,128,8192,vendor|direct
gemv,float,sm_120,N,1024,128,32768,vendor|direct
gemv,float,sm_120,N,1024,352,1,vendor|direct
gemv,float,sm_120,N,1024,352,16,vendor|direct
gemv,float,sm_120,N,1024,352,128,vendor|direct
gemv,float,sm_120,N,1024,352,319,vendor|direct
gemv,float,sm_120,N,1024,352,320,vendor|direct
gemv,float,sm_120,N,1024,352,1024,vendor|direct
gemv,float,sm_120,N,1024,352,8192,vendor|direct
gemv,float,sm_120,N,1024,352,32768,vendor|direct
gemv,float,sm_120,N,1024,353,1,vendor|direct
gemv,float,sm_120,N,1024,353,16,vendor|direct
gemv,float,sm_120,N,1024,353,128,vendor|direct
gemv,float,sm_120,N,1024,353,319,vendor|direct
gemv,float,sm_120,N,1024,353,320,vendor|direct
gemv,float,sm_120,N,1024,353,1024,vendor|direct
gemv,float,sm_120,N,1024,353,8192,vendor|direct
gemv,float,sm_120,N,1024,353,32768,vendor|direct
gemv,float,sm_120,N,1024,1024,1,vendor|direct
gemv,float,sm_120,N,1024,1024,16,vendor|direct
gemv,float,sm_120,N,1024,1024,128,vendor|direct
gemv,float,sm_120,N,1024,1024,319,vendor|direct
gemv,float,sm_120,N,1024,1024,320,vendor|direct
gemv,float,sm_120,N,1024,1024,1024,vendor|direct
gemv,float,sm_120,N,1024,1024,8192,vendor|direct
gemv,float,sm_120,N,1024,1024,32768,vendor|direct
gemv,float,sm_120,N,1024,4096,1,vendor|direct
gemv,float,sm_120,N,1024,4096,16,vendor|direct
gemv,float,sm_120,N,1024,4096,128,vendor|direct
gemv,float,sm_120,N,1024,4096,319,vendor|direct
gemv,float,sm_120,N,1024,4096,320,vendor|direct
gemv,float,sm_120,N,1024,4096,1024,vendor|direct
gemv,float,sm_120,N,1024,4096,8192,vendor|direct
gemv,float,sm_120,N,1024,4096,32768,vendor|direct
gemv,float,sm_120,N,1024,32768,1,vendor|direct
gemv,float,sm_120,N,1024,32768,16,vendor|direct
gemv,float,sm_120,N,1024,32768,128,vendor|direct
gemv,float,sm_120,N,1024,32768,319,vendor|direct
gemv,float,sm_120,N,1024,32768,320,vendor|direct
gemv,float,sm_120,N,1024,32768,1024,vendor|direct
gemv,float,sm_120,N,1024,32768,8192,vendor|direct
gemv,float,sm_120,N,1024,32768,32768,vendor|direct
gemv,float,sm_120,N,4096,1,1,vendor|direct
gemv,float,sm_120,N,4096,1,16,vendor|direct
gemv,float,sm_120,N,4096,1,128,vendor|direct
gemv,float,sm_120,N,4096,1,319,vendor|direct
gemv,float,sm_120,N,4096,1,320,vendor|direct
gemv,float,sm_120,N,4096,1,1024,vendor|direct
gemv,float,sm_120,N,4096,1,8192,vendor|direct
gemv,float,sm_120,N,4096,1,32768,vendor|direct
gemv,float,sm_120,N,4096,8,1,vendor|direct
gemv,float,sm_120,N,4096,8,16,vendor|direct
gemv,float,sm_120,N,4096,8,128,vendor|direct
gemv,float,sm_120,N,4096,8,319,vendor|direct
gemv,float,sm_120,N,4096,8,320,vendor|direct
gemv,float,sm_120,N,4096,8,1024,vendor|direct
gemv,float,sm_120,N,4096,8,8192,vendor|direct
gemv,float,sm_120,N,4096,8,32768,vendor|direct
gemv,float,sm_120,N,4096,32,1,vendor|direct
gemv,float,sm_120,N,4096,32,16,vendor|direct
gemv,float,sm_120,N,4096,32,128,vendor|direct
gemv,float,sm_120,N,4096,32,319,vendor|direct
gemv,float,sm_120,N,4096,32,320,vendor|direct
gemv,float,sm_120,N,4096,32,1024,vendor|direct
gemv,float,sm_120,N,4096,32,8192,vendor|direct
gemv,float,sm_120,N,4096,32,32768,vendor|direct
gemv,float,sm_120,N,4096,63,1,vendor|direct
gemv,float,sm_120,N,4096,63,16,vendor|direct
gemv,float,sm_120,N,4096,63,128,vendor|direct
gemv,float,sm_120,N,4096,63,319,vendor|direct
gemv,float,sm_120,N,4096,63,320,vendor|direct
gemv,float,sm_120,N,4096,63,1024,vendor|direct
gemv,float,sm_120,N,4096,63,8192,vendor|direct
gemv,float,sm_120,N,4096,63,32768,vendor|direct
gemv,float,sm_120,N,4096,64,1,vendor|direct
gemv,float,sm_120,N,4096,64,16,vendor|direct
gemv,float,sm_120,N,4096,64,128,vendor|direct
gemv,float,sm_120,N,4096,64,319,vendor|direct
gemv,float,sm_120,N,4096,64,320,vendor|direct
gemv,float,sm_120,N,4096,64,1024,vendor|direct
gemv,float,sm_120,N,4096,64,8192,vendor|direct
gemv,float,sm_120,N,4096,64,32768,vendor|direct
gemv,float,sm_120,N,4096,128,1,vendor|direct
gemv,float,sm_120,N,4096,128,16,vendor|direct
gemv,float,sm_120,N,4096,128,128,vendor|direct
gemv,float,sm_120,N,4096,128,319,vendor|direct
gemv,float,sm_120,N,4096,128,320,vendor|direct
gemv,float,sm_120,N,4096,128,1024,vendor|direct
gemv,float,sm_120,N,4096,128,8192,vendor|direct
gemv,float,sm_120,N,4096,128,32768,vendor|direct
gemv,float,sm_120,N,4096,352,1,vendor|direct
gemv,float,sm_120,N,4096,352,16,vendor|direct
gemv,float,sm_120,N,4096,352,128,vendor|direct
gemv,float,sm_120,N,4096,352,319,vendor|direct
gemv,float,sm_120,N,4096,352,320,vendor|direct
gemv,float,sm_120,N,4096,352,1024,vendor|direct
gemv,float,sm_120,N,4096,352,8192,vendor|direct
gemv,float,sm_120,N,4096,352,32768,vendor|direct
gemv,float,sm_120,N,4096,353,1,vendor|direct
gemv,float,sm_120,N,4096,353,16,vendor|direct
gemv,float,sm_120,N,4096,353,128,vendor|direct
gemv,float,sm_120,N,4096,353,319,vendor|direct
gemv,float,sm_120,N,4096,353,320,vendor|direct
gemv,float,sm_120,N,4096,353,1024,vendor|direct
gemv,float,sm_120,N,4096,353,8192,vendor|direct
gemv,float,sm_120,N,4096,353,32768,vendor|direct
gemv,float,sm_120,N,4096,1024,1,vendor|direct
gemv,float,sm_120,N,4096,1024,16,vendor|direct
gemv,float,sm_120,N,4096,1024,128,vendor|direct
gemv,float,sm_120,N,4096,1024,319,vendor|direct
gemv,float,sm_120,N,4096,1024,320,vendor|direct
gemv,float,sm_120,N,4096,1024,1024,vendor|direct
gemv,float,sm_120,N,4096,1024,8192,vendor|direct
gemv,float,sm_120,N,4096,1024,32768,vendor|direct
gemv,float,sm_120,N,4096,4096,1,vendor|direct
gemv,float,sm_120,N,4096,4096,16,vendor|direct
gemv,float,sm_120,N,4096,4096,128,vendor|direct
gemv,float,sm_120,N,4096,4096,319,vendor|direct
gemv,float,sm_120,N,4096,4096,320,vendor|direct
gemv,float,sm_120,N,4096,4096,1024,vendor|direct
gemv,float,sm_120,N,4096,4096,8192,vendor|direct
gemv,float,sm_120,N,4096,4096,32768,vendor|direct
gemv,float,sm_120,N,4096,32768,1,vendor|direct
gemv,float,sm_120,N,4096,32768,16,vendor|direct
gemv,float,sm_120,N,4096,32768,128,vendor|direct
gemv,float,sm_120,N,4096,32768,319,vendor|direct
gemv,float,sm_120,N,4096,32768,320,vendor|direct
gemv,float,sm_120,N,4096,32768,1024,vendor|direct
gemv,float,sm_120,N,4096,32768,8192,vendor|direct
gemv,float,sm_120,N,4096,32768,32768,vendor|direct
gemv,float,sm_120,N,32768,1,1,vendor|direct
gemv,float,sm_120,N,32768,1,16,vendor|direct
gemv,float,sm_120,N,32768,1,128,vendor|direct
gemv,float,sm_120,N,32768,1,319,vendor|direct
gemv,float,sm_120,N,32768,1,320,vendor|direct
gemv,float,sm_120,N,32768,1,1024,vendor|direct
gemv,float,sm_120,N,32768,1,8192,vendor|direct
gemv,float,sm_120,N,32768,1,32768,vendor|direct
gemv,float,sm_120,N,32768,8,1,vendor|direct
gemv,float,sm_120,N,32768,8,16,vendor|direct
gemv,float,sm_120,N,32768,8,128,vendor|direct
gemv,float,sm_120,N,32768,8,319,vendor|direct
gemv,float,sm_120,N,32768,8,320,vendor|direct
gemv,float,sm_120,N,32768,8,1024,vendor|direct
gemv,float,sm_120,N,32768,8,8192,vendor|direct
gemv,float,sm_120,N,32768,8,32768,vendor|direct
gemv,float,sm_120,N,32768,32,1,vendor|direct
gemv,float,sm_120,N,32768,32,16,vendor|direct
gemv,float,sm_120,N,32768,32,128,vendor|direct
gemv,float,sm_120,N,32768,32,319,vendor|direct
gemv,float,sm_120,N,32768,32,320,vendor|direct
gemv,float,sm_120,N,32768,32,1024,vendor|direct
gemv,float,sm_120,N,32768,32,8192,vendor|direct
gemv,float,sm_120,N,32768,32,32768,vendor|direct
gemv,float,sm_120,N,32768,63,1,vendor|direct
gemv,float,sm_120,N,32768,63,16,vendor|direct
gemv,float,sm_120,N,32768,63,128,vendor|direct
gemv,float,sm_120,N,32768,63,319,vendor|direct
gemv,float,sm_120,N,32768,63,320,vendor|direct
gemv,float,sm_120,N,32768,63,1024,vendor|direct
gemv,float,sm_120,N,32768,63,8192,vendor|direct
gemv,float,sm_120,N,32768,63,32768,vendor|direct
gemv,float,sm_120,N,32768,64,1,vendor|direct
gemv,float,sm_120,N,32768,64,16,vendor|direct
gemv,float,sm_120,N,32768,64,128,vendor|direct
gemv,float,sm_120,N,32768,64,319,vendor|direct
gemv,float,sm_120,N,32768,64,320,vendor|direct
gemv,float,sm_120,N,32768,64,1024,vendor|direct
gemv,float,sm_120,N,32768,64,8192,vendor|direct
gemv,float,sm_120,N,32768,64,32768,vendor|direct
gemv,float,sm_120,N,32768,128,1,vendor|direct
gemv,float,sm_120,N,32768,128,16,vendor|direct
gemv,float,sm_120,N,32768,128,128,vendor|direct
gemv,float,sm_120,N,32768,128,319,vendor|direct
gemv,float,sm_120,N,32768,128,320,vendor|direct
gemv,float,sm_120,N,32768,128,1024,vendor|direct
gemv,float,sm_120,N,32768,128,8192,vendor|direct
gemv,float,sm_120,N,32768,128,32768,vendor|direct
gemv,float,sm_120,N,32768,352,1,vendor|direct
gemv,float,sm_120,N,32768,352,16,vendor|direct
gemv,float,sm_120,N,32768,352,128,vendor|direct
gemv,float,sm_120,N,32768,352,319,vendor|direct
gemv,float,sm_120,N,32768,352,320,vendor|direct
gemv,float,sm_120,N,32768,352,1024,vendor|direct
gemv,float,sm_120,N,32768,352,8192,vendor|direct
gemv,float,sm_120,N,32768,352,32768,vendor|direct
gemv,float,sm_120,N,32768,353,1,vendor|direct
gemv,float,sm_120,N,32768,353,16,vendor|direct
gemv,float,sm_120,N,32768,353,128,vendor|direct
gemv,float,sm_120,N,32768,353,319,vendor|direct
gemv,float,sm_120,N,32768,353,320,vendor|direct
gemv,float,sm_120,N,32768,353,1024,vendor|direct
gemv,float,sm_120,N,32768,353,8192,vendor|direct
gemv,float,sm_120,N,32768,353,32768,vendor|direct
gemv,float,sm_120,N,32768,1024,1,vendor|direct
gemv,float,sm_120,N,32768,1024,16,vendor|direct
gemv,float,sm_120,N,32768,1024,128,vendor|direct
gemv,float,sm_120,N,32768,1024,319,vendor|direct
gemv,float,sm_120,N,32768,1024,320,vendor|direct
gemv,float,sm_120,N,32768,1024,1024,vendor|direct
gemv,float,sm_120,N,32768,1024,8192,vendor|direct
gemv,float,sm_120,N,32768,1024,32768,vendor|direct
gemv,float,sm_120,N,32768,4096,1,vendor|direct
gemv,float,sm_120,N,32768,4096,16,vendor|direct
gemv,float,sm_120,N,32768,4096,128,vendor|direct
gemv,float,sm_120,N,32768,4096,319,vendor|direct
gemv,float,sm_120,N,32768,4096,320,vendor|direct
gemv,float,sm_120,N,32768,4096,1024,vendor|direct
gemv,float,sm_120,N,32768,4096,8192,vendor|direct
gemv,float,sm_120,N,32768,4096,32768,vendor|direct
gemv,float,sm_120,N,32768,32768,1,vendor|direct
gemv,float,sm_120,N,32768,32768,16,vendor|direct
gemv,float,sm_120,N,32768,32768,128,vendor|direct
gemv,float,sm_120,N,32768,32768,319,vendor|direct
gemv,float,sm_120,N,32768,32768,320,vendor|direct
gemv,float,sm_120,N,32768,32768,1024,vendor|direct
gemv,float,sm_120,N,32768,32768,8192,vendor|direct
gemv,float,sm_120,N,32768,32768,32768,vendor|direct
gemv,float,sm_120,T,1,1,1,vendor|cta|direct
gemv,float,sm_120,T,1,1,16,vendor|cta|direct
gemv,float,sm_120,T,1,1,128,vendor|cta|direct
gemv,float,sm_120,T,1,1,319,vendor|cta|direct
gemv,float,sm_120,T,1,1,320,vendor|cta|direct
gemv,float,sm_120,T,1,1,1024,vendor|cta|direct
gemv,float,sm_120,T,1,1,8192,vendor|cta|direct
gemv,float,sm_120,T,1,1,32768,vendor|cta|direct
gemv,float,sm_120,T,1,8,1,vendor|cta|direct
gemv,float,sm_120,T,1,8,16,vendor|cta|direct
gemv,float,sm_120,T,1,8,128,vendor|cta|direct
gemv,float,sm_120,T,1,8,319,vendor|cta|direct
gemv,float,sm_120,T,1,8,320,vendor|cta|direct
gemv,float,sm_120,T,1,8,1024,vendor|cta|direct
gemv,float,sm_120,T,1,8,8192,vendor|cta|direct
gemv,float,sm_120,T,1,8,32768,vendor|cta|direct
gemv,float,sm_120,T,1,32,1,vendor|cta|direct
gemv,float,sm_120,T,1,32,16,vendor|cta|direct
gemv,float,sm_120,T,1,32,128,vendor|cta|direct
gemv,float,sm_120,T,1,32,319,vendor|cta|direct
gemv,float,sm_120,T,1,32,320,vendor|cta|direct
gemv,float,sm_120,T,1,32,1024,vendor|cta|direct
gemv,float,sm_120,T,1,32,8192,vendor|cta|direct
gemv,float,sm_120,T,1,32,32768,vendor|cta|direct
gemv,float,sm_120,T,1,63,1,vendor|cta|direct
gemv,float,sm_120,T,1,63,16,vendor|cta|direct
gemv,float,sm_120,T,1,63,128,vendor|cta|direct
gemv,float,sm_120,T,1,63,319,vendor|cta|direct
gemv,float,sm_120,T,1,63,320,vendor|cta|direct
gemv,float,sm_120,T,1,63,1024,vendor|cta|direct
gemv,float,sm_120,T,1,63,8192,vendor|cta|direct
gemv,float,sm_120,T,1,63,32768,vendor|cta|direct
gemv,float,sm_120,T,1,64,1,vendor|cta|direct
gemv,float,sm_120,T,1,64,16,vendor|cta|direct
gemv,float,sm_120,T,1,64,128,vendor|cta|direct
gemv,float,sm_120,T,1,64,319,vendor|cta|direct
gemv,float,sm_120,T,1,64,320,vendor|cta|direct
gemv,float,sm_120,T,1,64,1024,vendor|cta|direct
gemv,float,sm_120,T,1,64,8192,vendor|cta|direct
gemv,float,sm_120,T,1,64,32768,vendor|cta|direct
gemv,float,sm_120,T,1,128,1,vendor|cta|direct
gemv,float,sm_120,T,1,128,16,vendor|cta|direct
gemv,float,sm_120,T,1,128,128,vendor|cta|direct
gemv,float,sm_120,T,1,128,319,vendor|cta|direct
gemv,float,sm_120,T,1,128,320,vendor|cta|direct
gemv,float,sm_120,T,1,128,1024,vendor|cta|direct
gemv,float,sm_120,T,1,128,8192,vendor|cta|direct
gemv,float,sm_120,T,1,128,32768,vendor|cta|direct
gemv,float,sm_120,T,1,352,1,vendor|cta|direct
gemv,float,sm_120,T,1,352,16,vendor|cta|direct
gemv,float,sm_120,T,1,352,128,vendor|cta|direct
gemv,float,sm_120,T,1,352,319,vendor|cta|direct
gemv,float,sm_120,T,1,352,320,vendor|cta|direct
gemv,float,sm_120,T,1,352,1024,vendor|cta|direct
gemv,float,sm_120,T,1,352,8192,vendor|cta|direct
gemv,float,sm_120,T,1,352,32768,vendor|cta|direct
gemv,float,sm_120,T,1,353,1,vendor|cta|direct
gemv,float,sm_120,T,1,353,16,vendor|cta|direct
gemv,float,sm_120,T,1,353,128,vendor|cta|direct
gemv,float,sm_120,T,1,353,319,vendor|cta|direct
gemv,float,sm_120,T,1,353,320,vendor|cta|direct
gemv,float,sm_120,T,1,353,1024,vendor|cta|direct
gemv,float,sm_120,T,1,353,8192,vendor|cta|direct
gemv,float,sm_120,T,1,353,32768,vendor|cta|direct
gemv,float,sm_120,T,1,1024,1,vendor|cta|direct
gemv,float,sm_120,T,1,1024,16,vendor|cta|direct
gemv,float,sm_120,T,1,1024,128,vendor|cta|direct
gemv,float,sm_120,T,1,1024,319,vendor|cta|direct
gemv,float,sm_120,T,1,1024,320,vendor|cta|direct
gemv,float,sm_120,T,1,1024,1024,vendor|cta|direct
gemv,float,sm_120,T,1,1024,8192,vendor|cta|direct
gemv,float,sm_120,T,1,1024,32768,vendor|cta|direct
gemv,float,sm_120,T,1,4096,1,vendor|cta|direct
gemv,float,sm_120,T,1,4096,16,vendor|cta|direct
gemv,float,sm_120,T,1,4096,128,vendor|cta|direct
gemv,float,sm_120,T,1,4096,319,vendor|cta|direct
gemv,float,sm_120,T,1,4096,320,vendor|cta|direct
gemv,float,sm_120,T,1,4096,1024,vendor|cta|direct
gemv,float,sm_120,T,1,4096,8192,vendor|cta|direct
gemv,float,sm_120,T,1,4096,32768,vendor|cta|direct
gemv,float,sm_120,T,1,32768,1,vendor|cta|direct
gemv,float,sm_120,T,1,32768,16,vendor|cta|direct
gemv,float,sm_120,T,1,32768,128,vendor|cta|direct
gemv,float,sm_120,T,1,32768,319,vendor|cta|direct
gemv,float,sm_120,T,1,32768,320,vendor|cta|direct
gemv,float,sm_120,T,1,32768,1024,vendor|cta|direct
gemv,float,sm_120,T,1,32768,8192,vendor|cta|direct
gemv,float,sm_120,T,1,32768,32768,vendor|cta|direct
gemv,float,sm_120,T,8,1,1,vendor|cta|direct
gemv,float,sm_120,T,8,1,16,vendor|cta|direct
gemv,float,sm_120,T,8,1,128,vendor|cta|direct
gemv,float,sm_120,T,8,1,319,vendor|cta|direct
gemv,float,sm_120,T,8,1,320,vendor|cta|direct
gemv,float,sm_120,T,8,1,1024,vendor|cta|direct
gemv,float,sm_120,T,8,1,8192,vendor|cta|direct
gemv,float,sm_120,T,8,1,32768,vendor|cta|direct
gemv,float,sm_120,T,8,8,1,vendor|cta|direct
gemv,float,sm_120,T,8,8,16,vendor|cta|direct
gemv,float,sm_120,T,8,8,128,vendor|cta|direct
gemv,float,sm_120,T,8,8,319,vendor|cta|direct
gemv,float,sm_120,T,8,8,320,vendor|cta|direct
gemv,float,sm_120,T,8,8,1024,vendor|cta|direct
gemv,float,sm_120,T,8,8,8192,vendor|cta|direct
gemv,float,sm_120,T,8,8,32768,vendor|cta|direct
gemv,float,sm_120,T,8,32,1,vendor|cta|direct
gemv,float,sm_120,T,8,32,16,vendor|cta|direct
gemv,float,sm_120,T,8,32,128,vendor|cta|direct
gemv,float,sm_120,T,8,32,319,vendor|cta|direct
gemv,float,sm_120,T,8,32,320,vendor|cta|direct
gemv,float,sm_120,T,8,32,1024,vendor|cta|direct
gemv,float,sm_120,T,8,32,8192,vendor|cta|direct
gemv,float,sm_120,T,8,32,32768,vendor|cta|direct
gemv,float,sm_120,T,8,63,1,vendor|cta|direct
gemv,float,sm_120,T,8,63,16,vendor|cta|direct
gemv,float,sm_120,T,8,63,128,vendor|cta|direct
gemv,float,sm_120,T,8,63,319,vendor|cta|direct
gemv,float,sm_120,T,8,63,320,vendor|cta|direct
gemv,float,sm_120,T,8,63,1024,vendor|cta|direct
gemv,float,sm_120,T,8,63,8192,vendor|cta|direct
gemv,float,sm_120,T,8,63,32768,vendor|cta|direct
gemv,float,sm_120,T,8,64,1,vendor|cta|direct
gemv,float,sm_120,T,8,64,16,vendor|cta|direct
gemv,float,sm_120,T,8,64,128,vendor|cta|direct
gemv,float,sm_120,T,8,64,319,vendor|cta|direct
gemv,float,sm_120,T,8,64,320,vendor|cta|direct
gemv,float,sm_120,T,8,64,1024,vendor|cta|direct
gemv,float,sm_120,T,8,64,8192,vendor|cta|direct
gemv,float,sm_120,T,8,64,32768,vendor|cta|direct
gemv,float,sm_120,T,8,128,1,vendor|cta|direct
gemv,float,sm_120,T,8,128,16,vendor|cta|direct
gemv,float,sm_120,T,8,128,128,vendor|cta|direct
gemv,float,sm_120,T,8,128,319,vendor|cta|direct
gemv,float,sm_120,T,8,128,320,vendor|cta|direct
gemv,float,sm_120,T,8,128,1024,vendor|cta|direct
gemv,float,sm_120,T,8,128,8192,vendor|cta|direct
gemv,float,sm_120,T,8,128,32768,vendor|cta|direct
gemv,float,sm_120,T,8,352,1,vendor|cta|direct
gemv,float,sm_120,T,8,352,16,vendor|cta|direct
gemv,float,sm_120,T,8,352,128,vendor|cta|direct
gemv,float,sm_120,T,8,352,319,vendor|cta|direct
gemv,float,sm_120,T,8,352,320,vendor|cta|direct
gemv,float,sm_120,T,8,352,1024,vendor|cta|direct
gemv,float,sm_120,T,8,352,8192,vendor|cta|direct
gemv,float,sm_120,T,8,352,32768,vendor|cta|direct
gemv,float,sm_120,T,8,353,1,vendor|cta|direct
gemv,float,sm_120,T,8,353,16,vendor|cta|direct
gemv,float,sm_120,T,8,353,128,vendor|cta|direct
gemv,float,sm_120,T,8,353,319,vendor|cta|direct
gemv,float,sm_120,T,8,353,320,vendor|cta|direct
gemv,float,sm_120,T,8,353,1024,vendor|cta|direct
gemv,float,sm_120,T,8,353,8192,vendor|cta|direct
gemv,float,sm_120,T,8,353,32768,vendor|cta|direct
gemv,float,sm_120,T,8,1024,1,vendor|cta|direct
gemv,float,sm_120,T,8,1024,16,vendor|cta|direct
gemv,float,sm_120,T,8,1024,128,vendor|cta|direct
gemv,float,sm_120,T,8,1024,319,vendor|cta|direct
gemv,float,sm_120,T,8,1024,320,vendor|cta|direct
gemv,float,sm_120,T,8,1024,1024,vendor|cta|direct
gemv,float,sm_120,T,8,1024,8192,vendor|cta|direct
gemv,float,sm_120,T,8,1024,32768,vendor|cta|direct
gemv,float,sm_120,T,8,4096,1,vendor|cta|direct
gemv,float,sm_120,T,8,4096,16,vendor|cta|direct
gemv,float,sm_120,T,8,4096,128,vendor|cta|direct
gemv,float,sm_120,T,8,4096,319,vendor|cta|direct
gemv,float,sm_120,T,8,4096,320,vendor|cta|direct
gemv,float,sm_120,T,8,4096,1024,vendor|cta|direct
gemv,float,sm_120,T,8,4096,8192,vendor|cta|direct
gemv,float,sm_120,T,8,4096,32768,vendor|cta|direct
gemv,float,sm_120,T,8,32768,1,vendor|cta|direct
gemv,float,sm_120,T,8,32768,16,vendor|cta|direct
gemv,float,sm_120,T,8,32768,128,vendor|cta|direct
gemv,float,sm_120,T,8,32768,319,vendor|cta|direct
gemv,float,sm_120,T,8,32768,320,vendor|cta|direct
gemv,float,sm_120,T,8,32768,1024,vendor|cta|direct
gemv,float,sm_120,T,8,32768,8192,vendor|cta|direct
gemv,float,sm_120,T,8,32768,32768,vendor|cta|direct
gemv,float,sm_120,T,64,1,1,vendor|cta|direct
gemv,float,sm_120,T,64,1,16,vendor|cta|direct
gemv,float,sm_120,T,64,1,128,vendor|cta|direct
gemv,float,sm_120,T,64,1,319,vendor|cta|direct
gemv,float,sm_120,T,64,1,320,vendor|cta|direct
gemv,float,sm_120,T,64,1,1024,vendor|cta|direct
gemv,float,sm_120,T,64,1,8192,vendor|cta|direct
gemv,float,sm_120,T,64,1,32768,vendor|cta|direct
gemv,float,sm_120,T,64,8,1,vendor|cta|direct
gemv,float,sm_120,T,64,8,16,vendor|cta|direct
gemv,float,sm_120,T,64,8,128,vendor|cta|direct
gemv,float,sm_120,T,64,8,319,vendor|cta|direct
gemv,float,sm_120,T,64,8,320,vendor|cta|direct
gemv,float,sm_120,T,64,8,1024,vendor|cta|direct
gemv,float,sm_120,T,64,8,8192,vendor|cta|direct
gemv,float,sm_120,T,64,8,32768,vendor|cta|direct
gemv,float,sm_120,T,64,32,1,vendor|cta|direct
gemv,float,sm_120,T,64,32,16,vendor|cta|direct
gemv,float,sm_120,T,64,32,128,vendor|cta|direct
gemv,float,sm_120,T,64,32,319,vendor|cta|direct
gemv,float,sm_120,T,64,32,320,vendor|cta|direct
gemv,float,sm_120,T,64,32,1024,vendor|cta|direct
gemv,float,sm_120,T,64,32,8192,vendor|cta|direct
gemv,float,sm_120,T,64,32,32768,vendor|cta|direct
gemv,float,sm_120,T,64,63,1,vendor|cta|direct
gemv,float,sm_120,T,64,63,16,vendor|cta|direct
gemv,float,sm_120,T,64,63,128,vendor|cta|direct
gemv,float,sm_120,T,64,63,319,vendor|cta|direct
gemv,float,sm_120,T,64,63,320,vendor|cta|direct
gemv,float,sm_120,T,64,63,1024,vendor|cta|direct
gemv,float,sm_120,T,64,63,8192,vendor|cta|direct
gemv,float,sm_120,T,64,63,32768,vendor|cta|direct
gemv,float,sm_120,T,64,64,1,vendor|cta|direct
gemv,float,sm_120,T,64,64,16,vendor|cta|direct
gemv,float,sm_120,T,64,64,128,vendor|cta|direct
gemv,float,sm_120,T,64,64,319,vendor|cta|direct
gemv,float,sm_120,T,64,64,320,vendor|cta|direct
gemv,float,sm_120,T,64,64,1024,vendor|cta|direct
gemv,float,sm_120,T,64,64,8192,vendor|cta|direct
gemv,float,sm_120,T,64,64,32768,vendor|cta|direct
gemv,float,sm_120,T,64,128,1,vendor|cta|direct
gemv,float,sm_120,T,64,128,16,vendor|cta|direct
gemv,float,sm_120,T,64,128,128,vendor|cta|direct
gemv,float,sm_120,T,64,128,319,vendor|cta|direct
gemv,float,sm_120,T,64,128,320,vendor|cta|direct
gemv,float,sm_120,T,64,128,1024,vendor|cta|direct
gemv,float,sm_120,T,64,128,8192,vendor|cta|direct
gemv,float,sm_120,T,64,128,32768,vendor|cta|direct
gemv,float,sm_120,T,64,352,1,vendor|cta|direct
gemv,float,sm_120,T,64,352,16,vendor|cta|direct
gemv,float,sm_120,T,64,352,128,vendor|cta|direct
gemv,float,sm_120,T,64,352,319,vendor|cta|direct
gemv,float,sm_120,T,64,352,320,vendor|cta|direct
gemv,float,sm_120,T,64,352,1024,vendor|cta|direct
gemv,float,sm_120,T,64,352,8192,vendor|cta|direct
gemv,float,sm_120,T,64,352,32768,vendor|cta|direct
gemv,float,sm_120,T,64,353,1,vendor|cta|direct
gemv,float,sm_120,T,64,353,16,vendor|cta|direct
gemv,float,sm_120,T,64,353,128,vendor|cta|direct
gemv,float,sm_120,T,64,353,319,vendor|cta|direct
gemv,float,sm_120,T,64,353,320,vendor|cta|direct
gemv,float,sm_120,T,64,353,1024,vendor|cta|direct
gemv,float,sm_120,T,64,353,8192,vendor|cta|direct
gemv,float,sm_120,T,64,353,32768,vendor|cta|direct
gemv,float,sm_120,T,64,1024,1,vendor|cta|direct
gemv,float,sm_120,T,64,1024,16,vendor|cta|direct
gemv,float,sm_120,T,64,1024,128,vendor|cta|direct
gemv,float,sm_120,T,64,1024,319,vendor|cta|direct
gemv,float,sm_120,T,64,1024,320,vendor|cta|direct
gemv,float,sm_120,T,64,1024,1024,vendor|cta|direct
gemv,float,sm_120,T,64,1024,8192,vendor|cta|direct
gemv,float,sm_120,T,64,1024,32768,vendor|cta|direct
gemv,float,sm_120,T,64,4096,1,vendor|cta|direct
gemv,float,sm_120,T,64,4096,16,vendor|cta|direct
gemv,float,sm_120,T,64,4096,128,vendor|cta|direct
gemv,float,sm_120,T,64,4096,319,vendor|cta|direct
gemv,float,sm_120,T,64,4096,320,vendor|cta|direct
gemv,float,sm_120,T,64,4096,1024,vendor|cta|direct
gemv,float,sm_120,T,64,4096,8192,vendor|cta|direct
gemv,float,sm_120,T,64,4096,32768,vendor|cta|direct
gemv,float,sm_120,T,64,32768,1,vendor|cta|direct
gemv,float,sm_120,T,64,32768,16,vendor|cta|direct
gemv,float,sm_120,T,64,32768,128,vendor|cta|direct
gemv,float,sm_120,T,64,32768,319,vendor|cta|direct
gemv,float,sm_120,T,64,32768,320,vendor|cta|direct
gemv,float,sm_120,T,64,32768,1024,vendor|cta|direct
gemv,float,sm_120,T,64,32768,8192,vendor|cta|direct
gemv,float,sm_120,T,64,32768,32768,vendor|cta|direct
gemv,float,sm_120,T,255,1,1,vendor|cta|direct
gemv,float,sm_120,T,255,1,16,vendor|cta|direct
gemv,float,sm_120,T,255,1,128,vendor|cta|direct
gemv,float,sm_120,T,255,1,319,vendor|cta|direct
gemv,float,sm_120,T,255,1,320,vendor|cta|direct
gemv,float,sm_120,T,255,1,1024,vendor|cta|direct
gemv,float,sm_120,T,255,1,8192,vendor|cta|direct
gemv,float,sm_120,T,255,1,32768,vendor|cta|direct
gemv,float,sm_120,T,255,8,1,vendor|cta|direct
gemv,float,sm_120,T,255,8,16,vendor|cta|direct
gemv,float,sm_120,T,255,8,128,vendor|cta|direct
gemv,float,sm_120,T,255,8,319,vendor|cta|direct
gemv,float,sm_120,T,255,8,320,vendor|cta|direct
gemv,float,sm_120,T,255,8,1024,vendor|cta|direct
gemv,float,sm_120,T,255,8,8192,vendor|cta|direct
gemv,float,sm_120,T,255,8,32768,vendor|cta|direct
gemv,float,sm_120,T,255,32,1,vendor|cta|direct
gemv,float,sm_120,T,255,32,16,vendor|cta|direct
gemv,float,sm_120,T,255,32,128,vendor|cta|direct
gemv,float,sm_120,T,255,32,319,vendor|cta|direct
gemv,float,sm_120,T,255,32,320,vendor|cta|direct
gemv,float,sm_120,T,255,32,1024,vendor|cta|direct
gemv,float,sm_120,T,255,32,8192,vendor|cta|direct
gemv,float,sm_120,T,255,32,32768,vendor|cta|direct
gemv,float,sm_120,T,255,63,1,vendor|cta|direct
gemv,float,sm_120,T,255,63,16,vendor|cta|direct
gemv,float,sm_120,T,255,63,128,vendor|cta|direct
gemv,float,sm_120,T,255,63,319,vendor|cta|direct
gemv,float,sm_120,T,255,63,320,vendor|cta|direct
gemv,float,sm_120,T,255,63,1024,vendor|cta|direct
gemv,float,sm_120,T,255,63,8192,vendor|cta|direct
gemv,float,sm_120,T,255,63,32768,vendor|cta|direct
gemv,float,sm_120,T,255,64,1,vendor|cta|direct
gemv,float,sm_120,T,255,64,16,vendor|cta|direct
gemv,float,sm_120,T,255,64,128,vendor|cta|direct
gemv,float,sm_120,T,255,64,319,vendor|cta|direct
gemv,float,sm_120,T,255,64,320,vendor|cta|direct
gemv,float,sm_120,T,255,64,1024,vendor|cta|direct
gemv,float,sm_120,T,255,64,8192,vendor|cta|direct
gemv,float,sm_120,T,255,64,32768,vendor|cta|direct
gemv,float,sm_120,T,255,128,1,vendor|cta|direct
gemv,float,sm_120,T,255,128,16,vendor|cta|direct
gemv,float,sm_120,T,255,128,128,vendor|cta|direct
gemv,float,sm_120,T,255,128,319,vendor|cta|direct
gemv,float,sm_120,T,255,128,320,vendor|cta|direct
gemv,float,sm_120,T,255,128,1024,vendor|cta|direct
gemv,float,sm_120,T,255,128,8192,vendor|cta|direct
gemv,float,sm_120,T,255,128,32768,vendor|cta|direct
gemv,float,sm_120,T,255,352,1,vendor|cta|direct
gemv,float,sm_120,T,255,352,16,vendor|cta|direct
gemv,float,sm_120,T,255,352,128,vendor|cta|direct
gemv,float,sm_120,T,255,352,319,vendor|cta|direct
gemv,float,sm_120,T,255,352,320,vendor|cta|direct
gemv,float,sm_120,T,255,352,1024,vendor|cta|direct
gemv,float,sm_120,T,255,352,8192,vendor|cta|direct
gemv,float,sm_120,T,255,352,32768,vendor|cta|direct
gemv,float,sm_120,T,255,353,1,vendor|cta|direct
gemv,float,sm_120,T,255,353,16,vendor|cta|direct
gemv,float,sm_120,T,255,353,128,vendor|cta|direct
gemv,float,sm_120,T,255,353,319,vendor|cta|direct
gemv,float,sm_120,T,255,353,320,vendor|cta|direct
gemv,float,sm_120,T,255,353,1024,vendor|cta|direct
gemv,float,sm_120,T,255,353,8192,vendor|cta|direct
gemv,float,sm_120,T,255,353,32768,vendor|cta|direct
gemv,float,sm_120,T,255,1024,1,vendor|cta|direct
gemv,float,sm_120,T,255,1024,16,vendor|cta|direct
gemv,float,sm_120,T,255,1024,128,vendor|cta|direct
gemv,float,sm_120,T,255,1024,319,vendor|cta|direct
gemv,float,sm_120,T,255,1024,320,vendor|cta|direct
gemv,float,sm_120,T,255,1024,1024,vendor|cta|direct
gemv,float,sm_120,T,255,1024,8192,vendor|cta|direct
gemv,float,sm_120,T,255,1024,32768,vendor|cta|direct
gemv,float,sm_120,T,255,4096,1,vendor|cta|direct
gemv,float,sm_120,T,255,4096,16,vendor|cta|direct
gemv,float,sm_120,T,255,4096,128,vendor|cta|direct
gemv,float,sm_120,T,255,4096,319,vendor|cta|direct
gemv,float,sm_120,T,255,4096,320,vendor|cta|direct
gemv,float,sm_120,T,255,4096,1024,vendor|cta|direct
gemv,float,sm_120,T,255,4096,8192,vendor|cta|direct
gemv,float,sm_120,T,255,4096,32768,vendor|cta|direct
gemv,float,sm_120,T,255,32768,1,vendor|cta|direct
gemv,float,sm_120,T,255,32768,16,vendor|cta|direct
gemv,float,sm_120,T,255,32768,128,vendor|cta|direct
gemv,float,sm_120,T,255,32768,319,vendor|cta|direct
gemv,float,sm_120,T,255,32768,320,vendor|cta|direct
gemv,float,sm_120,T,255,32768,1024,vendor|cta|direct
gemv,float,sm_120,T,255,32768,8192,vendor|cta|direct
gemv,float,sm_120,T,255,32768,32768,vendor|cta|direct
gemv,float,sm_120,T,256,1,1,vendor|cta|direct
gemv,float,sm_120,T,256,1,16,vendor|cta|direct
gemv,float,sm_120,T,256,1,128,vendor|cta|direct
gemv,float,sm_120,T,256,1,319,vendor|cta|direct
gemv,float,sm_120,T,256,1,320,vendor|cta|direct
gemv,float,sm_120,T,256,1,1024,vendor|cta|direct
gemv,float,sm_120,T,256,1,8192,vendor|cta|direct
gemv,float,sm_120,T,256,1,32768,vendor|cta|direct
gemv,float,sm_120,T,256,8,1,vendor|cta|direct
gemv,float,sm_120,T,256,8,16,vendor|cta|direct
gemv,float,sm_120,T,256,8,128,vendor|cta|direct
gemv,float,sm_120,T,256,8,319,vendor|cta|direct
gemv,float,sm_120,T,256,8,320,vendor|cta|direct
gemv,float,sm_120,T,256,8,1024,vendor|cta|direct
gemv,float,sm_120,T,256,8,8192,vendor|cta|direct
gemv,float,sm_120,T,256,8,32768,vendor|cta|direct
gemv,float,sm_120,T,256,32,1,vendor|cta|direct
gemv,float,sm_120,T,256,32,16,vendor|cta|direct
gemv,float,sm_120,T,256,32,128,vendor|cta|direct
gemv,float,sm_120,T,256,32,319,vendor|cta|direct
gemv,float,sm_120,T,256,32,320,vendor|cta|direct
gemv,float,sm_120,T,256,32,1024,vendor|cta|direct
gemv,float,sm_120,T,256,32,8192,vendor|cta|direct
gemv,float,sm_120,T,256,32,32768,vendor|cta|direct
gemv,float,sm_120,T,256,63,1,vendor|cta|direct
gemv,float,sm_120,T,256,63,16,vendor|cta|direct
gemv,float,sm_120,T,256,63,128,vendor|cta|direct
gemv,float,sm_120,T,256,63,319,vendor|cta|direct
gemv,float,sm_120,T,256,63,320,vendor|cta|direct
gemv,float,sm_120,T,256,63,1024,vendor|cta|direct
gemv,float,sm_120,T,256,63,8192,vendor|cta|direct
gemv,float,sm_120,T,256,63,32768,vendor|cta|direct
gemv,float,sm_120,T,256,64,1,vendor|cta|direct
gemv,float,sm_120,T,256,64,16,vendor|cta|direct
gemv,float,sm_120,T,256,64,128,vendor|cta|direct
gemv,float,sm_120,T,256,64,319,vendor|cta|direct
gemv,float,sm_120,T,256,64,320,vendor|cta|direct
gemv,float,sm_120,T,256,64,1024,vendor|cta|direct
gemv,float,sm_120,T,256,64,8192,vendor|cta|direct
gemv,float,sm_120,T,256,64,32768,vendor|cta|direct
gemv,float,sm_120,T,256,128,1,vendor|cta|direct
gemv,float,sm_120,T,256,128,16,vendor|cta|direct
gemv,float,sm_120,T,256,128,128,vendor|cta|direct
gemv,float,sm_120,T,256,128,319,vendor|cta|direct
gemv,float,sm_120,T,256,128,320,vendor|cta|direct
gemv,float,sm_120,T,256,128,1024,vendor|cta|direct
gemv,float,sm_120,T,256,128,8192,vendor|cta|direct
gemv,float,sm_120,T,256,128,32768,vendor|cta|direct
gemv,float,sm_120,T,256,352,1,vendor|cta|direct
gemv,float,sm_120,T,256,352,16,vendor|cta|direct
gemv,float,sm_120,T,256,352,128,vendor|cta|direct
gemv,float,sm_120,T,256,352,319,vendor|cta|direct
gemv,float,sm_120,T,256,352,320,vendor|cta|direct
gemv,float,sm_120,T,256,352,1024,vendor|cta|direct
gemv,float,sm_120,T,256,352,8192,vendor|cta|direct
gemv,float,sm_120,T,256,352,32768,vendor|cta|direct
gemv,float,sm_120,T,256,353,1,vendor|cta|direct
gemv,float,sm_120,T,256,353,16,vendor|cta|direct
gemv,float,sm_120,T,256,353,128,vendor|cta|direct
gemv,float,sm_120,T,256,353,319,vendor|cta|direct
gemv,float,sm_120,T,256,353,320,vendor|cta|direct
gemv,float,sm_120,T,256,353,1024,vendor|cta|direct
gemv,float,sm_120,T,256,353,8192,vendor|cta|direct
gemv,float,sm_120,T,256,353,32768,vendor|cta|direct
gemv,float,sm_120,T,256,1024,1,vendor|cta|direct
gemv,float,sm_120,T,256,1024,16,vendor|cta|direct
gemv,float,sm_120,T,256,1024,128,vendor|cta|direct
gemv,float,sm_120,T,256,1024,319,vendor|cta|direct
gemv,float,sm_120,T,256,1024,320,vendor|cta|direct
gemv,float,sm_120,T,256,1024,1024,vendor|cta|direct
gemv,float,sm_120,T,256,1024,8192,vendor|cta|direct
gemv,float,sm_120,T,256,1024,32768,vendor|cta|direct
gemv,float,sm_120,T,256,4096,1,vendor|cta|direct
gemv,float,sm_120,T,256,4096,16,vendor|cta|direct
gemv,float,sm_120,T,256,4096,128,vendor|cta|direct
gemv,float,sm_120,T,256,4096,319,vendor|cta|direct
gemv,float,sm_120,T,256,4096,320,vendor|cta|direct
gemv,float,sm_120,T,256,4096,1024,vendor|cta|direct
gemv,float,sm_120,T,256,4096,8192,vendor|cta|direct
gemv,float,sm_120,T,256,4096,32768,vendor|cta|direct
gemv,float,sm_120,T,256,32768,1,vendor|cta|direct
gemv,float,sm_120,T,256,32768,16,vendor|cta|direct
gemv,float,sm_120,T,256,32768,128,vendor|cta|direct
gemv,float,sm_120,T,256,32768,319,vendor|cta|direct
gemv,float,sm_120,T,256,32768,320,vendor|cta|direct
gemv,float,sm_120,T,256,32768,1024,vendor|cta|direct
gemv,float,sm_120,T,256,32768,8192,vendor|cta|direct
gemv,float,sm_120,T,256,32768,32768,vendor|cta|direct
gemv,float,sm_120,T,1024,1,1,vendor|cta|direct
gemv,float,sm_120,T,1024,1,16,vendor|cta|direct
gemv,float,sm_120,T,1024,1,128,vendor|cta|direct
gemv,float,sm_120,T,1024,1,319,vendor|cta|direct
gemv,float,sm_120,T,1024,1,320,vendor|cta|direct
gemv,float,sm_120,T,1024,1,1024,vendor|cta|direct
gemv,float,sm_120,T,1024,1,8192,vendor|cta|direct
gemv,float,sm_120,T,1024,1,32768,vendor|cta|direct
gemv,float,sm_120,T,1024,8,1,vendor|cta|direct
gemv,float,sm_120,T,1024,8,16,vendor|cta|direct
gemv,float,sm_120,T,1024,8,128,vendor|cta|direct
gemv,float,sm_120,T,1024,8,319,vendor|cta|direct
gemv,float,sm_120,T,1024,8,320,vendor|cta|direct
gemv,float,sm_120,T,1024,8,1024,vendor|cta|direct
gemv,float,sm_120,T,1024,8,8192,vendor|cta|direct
gemv,float,sm_120,T,1024,8,32768,vendor|cta|direct
gemv,float,sm_120,T,1024,32,1,vendor|cta|direct
gemv,float,sm_120,T,1024,32,16,vendor|cta|direct
gemv,float,sm_120,T,1024,32,128,vendor|cta|direct
gemv,float,sm_120,T,1024,32,319,vendor|cta|direct
gemv,float,sm_120,T,1024,32,320,vendor|cta|direct
gemv,float,sm_120,T,1024,32,1024,vendor|cta|direct
gemv,float,sm_120,T,1024,32,8192,vendor|cta|direct
gemv,float,sm_120,T,1024,32,32768,vendor|cta|direct
gemv,float,sm_120,T,1024,63,1,vendor|cta|direct
gemv,float,sm_120,T,1024,63,16,vendor|cta|direct
gemv,float,sm_120,T,1024,63,128,vendor|cta|direct
gemv,float,sm_120,T,1024,63,319,vendor|cta|direct
gemv,float,sm_120,T,1024,63,320,vendor|cta|direct
gemv,float,sm_120,T,1024,63,1024,vendor|cta|direct
gemv,float,sm_120,T,1024,63,8192,vendor|cta|direct
gemv,float,sm_120,T,1024,63,32768,vendor|cta|direct
gemv,float,sm_120,T,1024,64,1,vendor|cta|direct
gemv,float,sm_120,T,1024,64,16,vendor|cta|direct
gemv,float,sm_120,T,1024,64,128,vendor|cta|direct
gemv,float,sm_120,T,1024,64,319,vendor|cta|direct
gemv,float,sm_120,T,1024,64,320,vendor|cta|direct
gemv,float,sm_120,T,1024,64,1024,vendor|cta|direct
gemv,float,sm_120,T,1024,64,8192,vendor|cta|direct
gemv,float,sm_120,T,1024,64,32768,vendor|cta|direct
gemv,float,sm_120,T,1024,128,1,vendor|cta|direct
gemv,float,sm_120,T,1024,128,16,vendor|cta|direct
gemv,float,sm_120,T,1024,128,128,vendor|cta|direct
gemv,float,sm_120,T,1024,128,319,vendor|cta|direct
gemv,float,sm_120,T,1024,128,320,vendor|cta|direct
gemv,float,sm_120,T,1024,128,1024,vendor|cta|direct
gemv,float,sm_120,T,1024,128,8192,vendor|cta|direct
gemv,float,sm_120,T,1024,128,32768,vendor|cta|direct
gemv,float,sm_120,T,1024,352,1,vendor|cta|direct
gemv,float,sm_120,T,1024,352,16,vendor|cta|direct
gemv,float,sm_120,T,1024,352,128,vendor|cta|direct
gemv,float,sm_120,T,1024,352,319,vendor|cta|direct
gemv,float,sm_120,T,1024,352,320,vendor|cta|direct
gemv,float,sm_120,T,1024,352,1024,vendor|cta|direct
gemv,float,sm_120,T,1024,352,8192,vendor|cta|direct
gemv,float,sm_120,T,1024,352,32768,vendor|cta|direct
gemv,float,sm_120,T,1024,353,1,vendor|cta|direct
gemv,float,sm_120,T,1024,353,16,vendor|cta|direct
gemv,float,sm_120,T,1024,353,128,vendor|cta|direct
gemv,float,sm_120,T,1024,353,319,vendor|cta|direct
gemv,float,sm_120,T,1024,353,320,vendor|cta|direct
gemv,float,sm_120,T,1024,353,1024,vendor|cta|direct
gemv,float,sm_120,T,1024,353,8192,vendor|cta|direct
gemv,float,sm_120,T,1024,353,32768,vendor|cta|direct
gemv,float,sm_120,T,1024,1024,1,vendor|cta|direct
gemv,float,sm_120,T,1024,1024,16,vendor|cta|direct
gemv,float,sm_120,T,1024,1024,128,vendor|cta|direct
gemv,float,sm_120,T,1024,1024,319,vendor|cta|direct
gemv,float,sm_120,T,1024,1024,320,vendor|cta|direct
gemv,float,sm_120,T,1024,1024,1024,vendor|cta|direct
gemv,float,sm_120,T,1024,1024,8192,vendor|cta|direct
gemv,float,sm_120,T,1024,1024,32768,vendor|cta|direct
gemv,float,sm_120,T,1024,4096,1,vendor|cta|direct
gemv,float,sm_120,T,1024,4096,16,vendor|cta|direct
gemv,float,sm_120,T,1024,4096,128,vendor|cta|direct
gemv,float,sm_120,T,1024,4096,319,vendor|cta|direct
gemv,float,sm_120,T,1024,4096,320,vendor|cta|direct
gemv,float,sm_120,T,1024,4096,1024,vendor|cta|direct
gemv,float,sm_120,T,1024,4096,8192,vendor|cta|direct
gemv,float,sm_120,T,1024,4096,32768,vendor|cta|direct
gemv,float,sm_120,T,1024,32768,1,vendor|cta|direct
gemv,float,sm_120,T,1024,32768,16,vendor|cta|direct
gemv,float,sm_120,T,1024,32768,128,vendor|cta|direct
gemv,float,sm_120,T,1024,32768,319,vendor|cta|direct
gemv,float,sm_120,T,1024,32768,320,vendor|cta|direct
gemv,float,sm_120,T,1024,32768,1024,vendor|cta|direct
gemv,float,sm_120,T,1024,32768,8192,vendor|cta|direct
gemv,float,sm_120,T,1024,32768,32768,vendor|cta|direct
gemv,float,sm_120,T,4096,1,1,vendor|cta|direct
gemv,float,sm_120,T,4096,1,16,vendor|cta|direct
gemv,float,sm_120,T,4096,1,128,vendor|cta|direct
gemv,float,sm_120,T,4096,1,319,vendor|cta|direct
gemv,float,sm_120,T,4096,1,320,vendor|cta|direct
gemv,float,sm_120,T,4096,1,1024,vendor|cta|direct
gemv,float,sm_120,T,4096,1,8192,vendor|cta|direct
gemv,float,sm_120,T,4096,1,32768,vendor|cta|direct
gemv,float,sm_120,T,4096,8,1,vendor|cta|direct
gemv,float,sm_120,T,4096,8,16,vendor|cta|direct
gemv,float,sm_120,T,4096,8,128,vendor|cta|direct
gemv,float,sm_120,T,4096,8,319,vendor|cta|direct
gemv,float,sm_120,T,4096,8,320,vendor|cta|direct
gemv,float,sm_120,T,4096,8,1024,vendor|cta|direct
gemv,float,sm_120,T,4096,8,8192,vendor|cta|direct
gemv,float,sm_120,T,4096,8,32768,vendor|cta|direct
gemv,float,sm_120,T,4096,32,1,vendor|cta|direct
gemv,float,sm_120,T,4096,32,16,vendor|cta|direct
gemv,float,sm_120,T,4096,32,128,vendor|cta|direct
gemv,float,sm_120,T,4096,32,319,vendor|cta|direct
gemv,float,sm_120,T,4096,32,320,vendor|cta|direct
gemv,float,sm_120,T,4096,32,1024,vendor|cta|direct
gemv,float,sm_120,T,4096,32,8192,vendor|cta|direct
gemv,float,sm_120,T,4096,32,32768,vendor|cta|direct
gemv,float,sm_120,T,4096,63,1,vendor|cta|direct
gemv,float,sm_120,T,4096,63,16,vendor|cta|direct
gemv,float,sm_120,T,4096,63,128,vendor|cta|direct
gemv,float,sm_120,T,4096,63,319,vendor|cta|direct
gemv,float,sm_120,T,4096,63,320,vendor|cta|direct
gemv,float,sm_120,T,4096,63,1024,vendor|cta|direct
gemv,float,sm_120,T,4096,63,8192,vendor|cta|direct
gemv,float,sm_120,T,4096,63,32768,vendor|cta|direct
gemv,float,sm_120,T,4096,64,1,vendor|cta|direct
gemv,float,sm_120,T,4096,64,16,vendor|cta|direct
gemv,float,sm_120,T,4096,64,128,vendor|cta|direct
gemv,float,sm_120,T,4096,64,319,vendor|cta|direct
gemv,float,sm_120,T,4096,64,320,vendor|cta|direct
gemv,float,sm_120,T,4096,64,1024,vendor|cta|direct
gemv,float,sm_120,T,4096,64,8192,vendor|cta|direct
gemv,float,sm_120,T,4096,64,32768,vendor|cta|direct
gemv,float,sm_120,T,4096,128,1,vendor|cta|direct
gemv,float,sm_120,T,4096,128,16,vendor|cta|direct
gemv,float,sm_120,T,4096,128,128,vendor|cta|direct
gemv,float,sm_120,T,4096,128,319,vendor|cta|direct
gemv,float,sm_120,T,4096,128,320,vendor|cta|direct
gemv,float,sm_120,T,4096,128,1024,vendor|cta|direct
gemv,float,sm_120,T,4096,128,8192,vendor|cta|direct
gemv,float,sm_120,T,4096,128,32768,vendor|cta|direct
gemv,float,sm_120,T,4096,352,1,vendor|cta|direct
gemv,float,sm_120,T,4096,352,16,vendor|cta|direct
gemv,float,sm_120,T,4096,352,128,vendor|cta|direct
gemv,float,sm_120,T,4096,352,319,vendor|cta|direct
gemv,float,sm_120,T,4096,352,320,vendor|cta|direct
gemv,float,sm_120,T,4096,352,1024,vendor|cta|direct
gemv,float,sm_120,T,4096,352,8192,vendor|cta|direct
gemv,float,sm_120,T,4096,352,32768,vendor|cta|direct
gemv,float,sm_120,T,4096,353,1,vendor|cta|direct
gemv,float,sm_120,T,4096,353,16,vendor|cta|direct
gemv,float,sm_120,T,4096,353,128,vendor|cta|direct
gemv,float,sm_120,T,4096,353,319,vendor|cta|direct
gemv,float,sm_120,T,4096,353,320,vendor|cta|direct
gemv,float,sm_120,T,4096,353,1024,vendor|cta|direct
gemv,float,sm_120,T,4096,353,8192,vendor|cta|direct
gemv,float,sm_120,T,4096,353,32768,vendor|cta|direct
gemv,float,sm_120,T,4096,1024,1,vendor|cta|direct
gemv,float,sm_120,T,4096,1024,16,vendor|cta|direct
gemv,float,sm_120,T,4096,1024,128,vendor|cta|direct
gemv,float,sm_120,T,4096,1024,319,vendor|cta|direct
gemv,float,sm_120,T,4096,1024,320,vendor|cta|direct
gemv,float,sm_120,T,4096,1024,1024,vendor|cta|direct
gemv,float,sm_120,T,4096,1024,8192,vendor|cta|direct
gemv,float,sm_120,T,4096,1024,32768,vendor|cta|direct
gemv,float,sm_120,T,4096,4096,1,vendor|cta|direct
gemv,float,sm_120,T,4096,4096,16,vendor|cta|direct
gemv,float,sm_120,T,4096,4096,128,vendor|cta|direct
gemv,float,sm_120,T,4096,4096,319,vendor|cta|direct
gemv,float,sm_120,T,4096,4096,320,vendor|cta|direct
gemv,float,sm_120,T,4096,4096,1024,vendor|cta|direct
gemv,float,sm_120,T,4096,4096,8192,vendor|cta|direct
gemv,float,sm_120,T,4096,4096,32768,vendor|cta|direct
gemv,float,sm_120,T,4096,32768,1,vendor|cta|direct
gemv,float,sm_120,T,4096,32768,16,vendor|cta|direct
gemv,float,sm_120,T,4096,32768,128,vendor|cta|direct
gemv,float,sm_120,T,4096,32768,319,vendor|cta|direct
gemv,float,sm_120,T,4096,32768,320,vendor|cta|direct
gemv,float,sm_120,T,4096,32768,1024,vendor|cta|direct
gemv,float,sm_120,T,4096,32768,8192,vendor|cta|direct
gemv,float,sm_120,T,4096,32768,32768,vendor|cta|direct
gemv,float,sm_120,T,32768,1,1,vendor|cta|direct
gemv,float,sm_120,T,32768,1,16,vendor|cta|direct
gemv,float,sm_120,T,32768,1,128,vendor|cta|direct
gemv,float,sm_120,T,32768,1,319,vendor|cta|direct
gemv,float,sm_120,T,32768,1,320,vendor|cta|direct
gemv,float,sm_120,T,32768,1,1024,vendor|cta|direct
gemv,float,sm_120,T,32768,1,8192,vendor|cta|direct
gemv,float,sm_120,T,32768,1,32768,vendor|cta|direct
gemv,float,sm_120,T,32768,8,1,vendor|cta|direct
gemv,float,sm_120,T,32768,8,16,vendor|cta|direct
gemv,float,sm_120,T,32768,8,128,vendor|cta|direct
gemv,float,sm_120,T,32768,8,319,vendor|cta|direct
gemv,float,sm_120,T,32768,8,320,vendor|cta|direct
gemv,float,sm_120,T,32768,8,1024,vendor|cta|direct
gemv,float,sm_120,T,32768,8,8192,vendor|cta|direct
gemv,float,sm_120,T,32768,8,32768,vendor|cta|direct
gemv,float,sm_120,T,32768,32,1,vendor|cta|direct
gemv,float,sm_120,T,32768,32,16,vendor|cta|direct
gemv,float,sm_120,T,32768,32,128,vendor|cta|direct
gemv,float,sm_120,T,32768,32,319,vendor|cta|direct
gemv,float,sm_120,T,32768,32,320,vendor|cta|direct
gemv,float,sm_120,T,32768,32,1024,vendor|cta|direct
gemv,float,sm_120,T,32768,32,8192,vendor|cta|direct
gemv,float,sm_120,T,32768,32,32768,vendor|cta|direct
gemv,float,sm_120,T,32768,63,1,vendor|cta|direct
gemv,float,sm_120,T,32768,63,16,vendor|cta|direct
gemv,float,sm_120,T,32768,63,128,vendor|cta|direct
gemv,float,sm_120,T,32768,63,319,vendor|cta|direct
gemv,float,sm_120,T,32768,63,320,vendor|cta|direct
gemv,float,sm_120,T,32768,63,1024,vendor|cta|direct
gemv,float,sm_120,T,32768,63,8192,vendor|cta|direct
gemv,float,sm_120,T,32768,63,32768,vendor|cta|direct
gemv,float,sm_120,T,32768,64,1,vendor|cta|direct
gemv,float,sm_120,T,32768,64,16,vendor|cta|direct
gemv,float,sm_120,T,32768,64,128,vendor|cta|direct
gemv,float,sm_120,T,32768,64,319,vendor|cta|direct
gemv,float,sm_120,T,32768,64,320,vendor|cta|direct
gemv,float,sm_120,T,32768,64,1024,vendor|cta|direct
gemv,float,sm_120,T,32768,64,8192,vendor|cta|direct
gemv,float,sm_120,T,32768,64,32768,vendor|cta|direct
gemv,float,sm_120,T,32768,128,1,vendor|cta|direct
gemv,float,sm_120,T,32768,128,16,vendor|cta|direct
gemv,float,sm_120,T,32768,128,128,vendor|cta|direct
gemv,float,sm_120,T,32768,128,319,vendor|cta|direct
gemv,float,sm_120,T,32768,128,320,vendor|cta|direct
gemv,float,sm_120,T,32768,128,1024,vendor|cta|direct
gemv,float,sm_120,T,32768,128,8192,vendor|cta|direct
gemv,float,sm_120,T,32768,128,32768,vendor|cta|direct
gemv,float,sm_120,T,32768,352,1,vendor|cta|direct
gemv,float,sm_120,T,32768,352,16,vendor|cta|direct
gemv,float,sm_120,T,32768,352,128,vendor|cta|direct
gemv,float,sm_120,T,32768,352,319,vendor|cta|direct
gemv,float,sm_120,T,32768,352,320,vendor|cta|direct
gemv,float,sm_120,T,32768,352,1024,vendor|cta|direct
gemv,float,sm_120,T,32768,352,8192,vendor|cta|direct
gemv,float,sm_120,T,32768,352,32768,vendor|cta|direct
gemv,float,sm_120,T,32768,353,1,vendor|cta|direct
gemv,float,sm_120,T,32768,353,16,vendor|cta|direct
gemv,float,sm_120,T,32768,353,128,vendor|cta|direct
gemv,float,sm_120,T,32768,353,319,vendor|cta|direct
gemv,float,sm_120,T,32768,353,320,vendor|cta|direct
gemv,float,sm_120,T,32768,353,1024,vendor|cta|direct
gemv,float,sm_120,T,32768,353,8192,vendor|cta|direct
gemv,float,sm_120,T,32768,353,32768,vendor|cta|direct
gemv,float,sm_120,T,32768,1024,1,vendor|cta|direct
gemv,float,sm_120,T,32768,1024,16,vendor|cta|direct
gemv,float,sm_120,T,32768,1024,128,vendor|cta|direct
gemv,float,sm_120,T,32768,1024,319,vendor|cta|direct
gemv,float,sm_120,T,32768,1024,320,vendor|cta|direct
gemv,float,sm_120,T,32768,1024,1024,vendor|cta|direct
gemv,float,sm_120,T,32768,1024,8192,vendor|cta|direct
gemv,float,sm_120,T,32768,1024,32768,vendor|cta|direct
gemv,float,sm_120,T,32768,4096,1,vendor|cta|direct
gemv,float,sm_120,T,32768,4096,16,vendor|cta|direct
gemv,float,sm_120,T,32768,4096,128,vendor|cta|direct
gemv,float,sm_120,T,32768,4096,319,vendor|cta|direct
gemv,float,sm_120,T,32768,4096,320,vendor|cta|direct
gemv,float,sm_120,T,32768,4096,1024,vendor|cta|direct
gemv,float,sm_120,T,32768,4096,8192,vendor|cta|direct
gemv,float,sm_120,T,32768,4096,32768,vendor|cta|direct
gemv,float,sm_120,T,32768,32768,1,vendor|cta|direct
gemv,float,sm_120,T,32768,32768,16,vendor|cta|direct
gemv,float,sm_120,T,32768,32768,128,vendor|cta|direct
gemv,float,sm_120,T,32768,32768,319,vendor|cta|direct
gemv,float,sm_120,T,32768,32768,320,vendor|cta|direct
gemv,float,sm_120,T,32768,32768,1024,vendor|cta|direct
gemv,float,sm_120,T,32768,32768,8192,vendor|cta|direct
gemv,float,sm_120,T,32768,32768,32768,vendor|cta|direct
gemv,double,sm_120,N,1,1,1,vendor|direct
gemv,double,sm_120,N,1,1,16,vendor|direct
gemv,double,sm_120,N,1,1,128,vendor|direct
gemv,double,sm_120,N,1,1,319,vendor|direct
gemv,double,sm_120,N,1,1,320,vendor|direct
gemv,double,sm_120,N,1,1,1024,vendor|direct
gemv,double,sm_120,N,1,1,8192,vendor|direct
gemv,double,sm_120,N,1,1,32768,vendor|direct
gemv,double,sm_120,N,1,8,1,vendor|direct
gemv,double,sm_120,N,1,8,16,vendor|direct
gemv,double,sm_120,N,1,8,128,vendor|direct
gemv,double,sm_120,N,1,8,319,vendor|direct
gemv,double,sm_120,N,1,8,320,vendor|direct
gemv,double,sm_120,N,1,8,1024,vendor|direct
gemv,double,sm_120,N,1,8,8192,vendor|direct
gemv,double,sm_120,N,1,8,32768,vendor|direct
gemv,double,sm_120,N,1,32,1,vendor|direct
gemv,double,sm_120,N,1,32,16,vendor|direct
gemv,double,sm_120,N,1,32,128,vendor|direct
gemv,double,sm_120,N,1,32,319,vendor|direct
gemv,double,sm_120,N,1,32,320,vendor|direct
gemv,double,sm_120,N,1,32,1024,vendor|direct
gemv,double,sm_120,N,1,32,8192,vendor|direct
gemv,double,sm_120,N,1,32,32768,vendor|direct
gemv,double,sm_120,N,1,63,1,vendor|direct
gemv,double,sm_120,N,1,63,16,vendor|direct
gemv,double,sm_120,N,1,63,128,vendor|direct
gemv,double,sm_120,N,1,63,319,vendor|direct
gemv,double,sm_120,N,1,63,320,vendor|direct
gemv,double,sm_120,N,1,63,1024,vendor|direct
gemv,double,sm_120,N,1,63,8192,vendor|direct
gemv,double,sm_120,N,1,63,32768,vendor|direct
gemv,double,sm_120,N,1,64,1,vendor|direct
gemv,double,sm_120,N,1,64,16,vendor|direct
gemv,double,sm_120,N,1,64,128,vendor|direct
gemv,double,sm_120,N,1,64,319,vendor|direct
gemv,double,sm_120,N,1,64,320,vendor|direct
gemv,double,sm_120,N,1,64,1024,vendor|direct
gemv,double,sm_120,N,1,64,8192,vendor|direct
gemv,double,sm_120,N,1,64,32768,vendor|direct
gemv,double,sm_120,N,1,128,1,vendor|direct
gemv,double,sm_120,N,1,128,16,vendor|direct
gemv,double,sm_120,N,1,128,128,vendor|direct
gemv,double,sm_120,N,1,128,319,vendor|direct
gemv,double,sm_120,N,1,128,320,vendor|direct
gemv,double,sm_120,N,1,128,1024,vendor|direct
gemv,double,sm_120,N,1,128,8192,vendor|direct
gemv,double,sm_120,N,1,128,32768,vendor|direct
gemv,double,sm_120,N,1,352,1,vendor|direct
gemv,double,sm_120,N,1,352,16,vendor|direct
gemv,double,sm_120,N,1,352,128,vendor|direct
gemv,double,sm_120,N,1,352,319,vendor|direct
gemv,double,sm_120,N,1,352,320,vendor|direct
gemv,double,sm_120,N,1,352,1024,vendor|direct
gemv,double,sm_120,N,1,352,8192,vendor|direct
gemv,double,sm_120,N,1,352,32768,vendor|direct
gemv,double,sm_120,N,1,353,1,vendor|direct
gemv,double,sm_120,N,1,353,16,vendor|direct
gemv,double,sm_120,N,1,353,128,vendor|direct
gemv,double,sm_120,N,1,353,319,vendor|direct
gemv,double,sm_120,N,1,353,320,vendor|direct
gemv,double,sm_120,N,1,353,1024,vendor|direct
gemv,double,sm_120,N,1,353,8192,vendor|direct
gemv,double,sm_120,N,1,353,32768,vendor|direct
gemv,double,sm_120,N,1,1024,1,vendor|direct
gemv,double,sm_120,N,1,1024,16,vendor|direct
gemv,double,sm_120,N,1,1024,128,vendor|direct
gemv,double,sm_120,N,1,1024,319,vendor|direct
gemv,double,sm_120,N,1,1024,320,vendor|direct
gemv,double,sm_120,N,1,1024,1024,vendor|direct
gemv,double,sm_120,N,1,1024,8192,vendor|direct
gemv,double,sm_120,N,1,1024,32768,vendor|direct
gemv,double,sm_120,N,1,4096,1,vendor|direct
gemv,double,sm_120,N,1,4096,16,vendor|direct
gemv,double,sm_120,N,1,4096,128,vendor|direct
gemv,double,sm_120,N,1,4096,319,vendor|direct
gemv,double,sm_120,N,1,4096,320,vendor|direct
gemv,double,sm_120,N,1,4096,1024,vendor|direct
gemv,double,sm_120,N,1,4096,8192,vendor|direct
gemv,double,sm_120,N,1,4096,32768,vendor|direct
gemv,double,sm_120,N,1,32768,1,vendor|direct
gemv,double,sm_120,N,1,32768,16,vendor|direct
gemv,double,sm_120,N,1,32768,128,vendor|direct
gemv,double,sm_120,N,1,32768,319,vendor|direct
gemv,double,sm_120,N,1,32768,320,vendor|direct
gemv,double,sm_120,N,1,32768,1024,vendor|direct
gemv,double,sm_120,N,1,32768,8192,vendor|direct
gemv,double,sm_120,N,1,32768,32768,vendor|direct
gemv,double,sm_120,N,8,1,1,vendor|direct
gemv,double,sm_120,N,8,1,16,vendor|direct
gemv,double,sm_120,N,8,1,128,vendor|direct
gemv,double,sm_120,N,8,1,319,vendor|direct
gemv,double,sm_120,N,8,1,320,vendor|direct
gemv,double,sm_120,N,8,1,1024,vendor|direct
gemv,double,sm_120,N,8,1,8192,vendor|direct
gemv,double,sm_120,N,8,1,32768,vendor|direct
gemv,double,sm_120,N,8,8,1,vendor|direct
gemv,double,sm_120,N,8,8,16,vendor|direct
gemv,double,sm_120,N,8,8,128,vendor|direct
gemv,double,sm_120,N,8,8,319,vendor|direct
gemv,double,sm_120,N,8,8,320,vendor|direct
gemv,double,sm_120,N,8,8,1024,vendor|direct
gemv,double,sm_120,N,8,8,8192,vendor|direct
gemv,double,sm_120,N,8,8,32768,vendor|direct
gemv,double,sm_120,N,8,32,1,vendor|direct
gemv,double,sm_120,N,8,32,16,vendor|direct
gemv,double,sm_120,N,8,32,128,vendor|direct
gemv,double,sm_120,N,8,32,319,vendor|direct
gemv,double,sm_120,N,8,32,320,vendor|direct
gemv,double,sm_120,N,8,32,1024,vendor|direct
gemv,double,sm_120,N,8,32,8192,vendor|direct
gemv,double,sm_120,N,8,32,32768,vendor|direct
gemv,double,sm_120,N,8,63,1,vendor|direct
gemv,double,sm_120,N,8,63,16,vendor|direct
gemv,double,sm_120,N,8,63,128,vendor|direct
gemv,double,sm_120,N,8,63,319,vendor|direct
gemv,double,sm_120,N,8,63,320,vendor|direct
gemv,double,sm_120,N,8,63,1024,vendor|direct
gemv,double,sm_120,N,8,63,8192,vendor|direct
gemv,double,sm_120,N,8,63,32768,vendor|direct
gemv,double,sm_120,N,8,64,1,vendor|direct
gemv,double,sm_120,N,8,64,16,vendor|direct
gemv,double,sm_120,N,8,64,128,vendor|direct
gemv,double,sm_120,N,8,64,319,vendor|direct
gemv,double,sm_120,N,8,64,320,vendor|direct
gemv,double,sm_120,N,8,64,1024,vendor|direct
gemv,double,sm_120,N,8,64,8192,vendor|direct
gemv,double,sm_120,N,8,64,32768,vendor|direct
gemv,double,sm_120,N,8,128,1,vendor|direct
gemv,double,sm_120,N,8,128,16,vendor|direct
gemv,double,sm_120,N,8,128,128,vendor|direct
gemv,double,sm_120,N,8,128,319,vendor|direct
gemv,double,sm_120,N,8,128,320,vendor|direct
gemv,double,sm_120,N,8,128,1024,vendor|direct
gemv,double,sm_120,N,8,128,8192,vendor|direct
gemv,double,sm_120,N,8,128,32768,vendor|direct
gemv,double,sm_120,N,8,352,1,vendor|direct
gemv,double,sm_120,N,8,352,16,vendor|direct
gemv,double,sm_120,N,8,352,128,vendor|direct
gemv,double,sm_120,N,8,352,319,vendor|direct
gemv,double,sm_120,N,8,352,320,vendor|direct
gemv,double,sm_120,N,8,352,1024,vendor|direct
gemv,double,sm_120,N,8,352,8192,vendor|direct
gemv,double,sm_120,N,8,352,32768,vendor|direct
gemv,double,sm_120,N,8,353,1,vendor|direct
gemv,double,sm_120,N,8,353,16,vendor|direct
gemv,double,sm_120,N,8,353,128,vendor|direct
gemv,double,sm_120,N,8,353,319,vendor|direct
gemv,double,sm_120,N,8,353,320,vendor|direct
gemv,double,sm_120,N,8,353,1024,vendor|direct
gemv,double,sm_120,N,8,353,8192,vendor|direct
gemv,double,sm_120,N,8,353,32768,vendor|direct
gemv,double,sm_120,N,8,1024,1,vendor|direct
gemv,double,sm_120,N,8,1024,16,vendor|direct
gemv,double,sm_120,N,8,1024,128,vendor|direct
gemv,double,sm_120,N,8,1024,319,vendor|direct
gemv,double,sm_120,N,8,1024,320,vendor|direct
gemv,double,sm_120,N,8,1024,1024,vendor|direct
gemv,double,sm_120,N,8,1024,8192,vendor|direct
gemv,double,sm_120,N,8,1024,32768,vendor|direct
gemv,double,sm_120,N,8,4096,1,vendor|direct
gemv,double,sm_120,N,8,4096,16,vendor|direct
gemv,double,sm_120,N,8,4096,128,vendor|direct
gemv,double,sm_120,N,8,4096,319,vendor|direct
gemv,double,sm_120,N,8,4096,320,vendor|direct
gemv,double,sm_120,N,8,4096,1024,vendor|direct
gemv,double,sm_120,N,8,4096,8192,vendor|direct
gemv,double,sm_120,N,8,4096,32768,vendor|direct
gemv,double,sm_120,N,8,32768,1,vendor|direct
gemv,double,sm_120,N,8,32768,16,vendor|direct
gemv,double,sm_120,N,8,32768,128,vendor|direct
gemv,double,sm_120,N,8,32768,319,vendor|direct
gemv,double,sm_120,N,8,32768,320,vendor|direct
gemv,double,sm_120,N,8,32768,1024,vendor|direct
gemv,double,sm_120,N,8,32768,8192,vendor|direct
gemv,double,sm_120,N,8,32768,32768,vendor|direct
gemv,double,sm_120,N,64,1,1,vendor|direct
gemv,double,sm_120,N,64,1,16,vendor|direct
gemv,double,sm_120,N,64,1,128,vendor|direct
gemv,double,sm_120,N,64,1,319,vendor|direct
gemv,double,sm_120,N,64,1,320,vendor|direct
gemv,double,sm_120,N,64,1,1024,vendor|direct
gemv,double,sm_120,N,64,1,8192,vendor|direct
gemv,double,sm_120,N,64,1,32768,vendor|direct
gemv,double,sm_120,N,64,8,1,vendor|direct
gemv,double,sm_120,N,64,8,16,vendor|direct
gemv,double,sm_120,N,64,8,128,vendor|direct
gemv,double,sm_120,N,64,8,319,vendor|direct
gemv,double,sm_120,N,64,8,320,vendor|direct
gemv,double,sm_120,N,64,8,1024,vendor|direct
gemv,double,sm_120,N,64,8,8192,vendor|direct
gemv,double,sm_120,N,64,8,32768,vendor|direct
gemv,double,sm_120,N,64,32,1,vendor|direct
gemv,double,sm_120,N,64,32,16,vendor|direct
gemv,double,sm_120,N,64,32,128,vendor|direct
gemv,double,sm_120,N,64,32,319,vendor|direct
gemv,double,sm_120,N,64,32,320,vendor|direct
gemv,double,sm_120,N,64,32,1024,vendor|direct
gemv,double,sm_120,N,64,32,8192,vendor|direct
gemv,double,sm_120,N,64,32,32768,vendor|direct
gemv,double,sm_120,N,64,63,1,vendor|direct
gemv,double,sm_120,N,64,63,16,vendor|direct
gemv,double,sm_120,N,64,63,128,vendor|direct
gemv,double,sm_120,N,64,63,319,vendor|direct
gemv,double,sm_120,N,64,63,320,vendor|direct
gemv,double,sm_120,N,64,63,1024,vendor|direct
gemv,double,sm_120,N,64,63,8192,vendor|direct
gemv,double,sm_120,N,64,63,32768,vendor|direct
gemv,double,sm_120,N,64,64,1,vendor|direct
gemv,double,sm_120,N,64,64,16,vendor|direct
gemv,double,sm_120,N,64,64,128,vendor|direct
gemv,double,sm_120,N,64,64,319,vendor|direct
gemv,double,sm_120,N,64,64,320,vendor|direct
gemv,double,sm_120,N,64,64,1024,vendor|direct
gemv,double,sm_120,N,64,64,8192,vendor|direct
gemv,double,sm_120,N,64,64,32768,vendor|direct
gemv,double,sm_120,N,64,128,1,vendor|direct
gemv,double,sm_120,N,64,128,16,vendor|direct
gemv,double,sm_120,N,64,128,128,vendor|direct
gemv,double,sm_120,N,64,128,319,vendor|direct
gemv,double,sm_120,N,64,128,320,vendor|direct
gemv,double,sm_120,N,64,128,1024,vendor|direct
gemv,double,sm_120,N,64,128,8192,vendor|direct
gemv,double,sm_120,N,64,128,32768,vendor|direct
gemv,double,sm_120,N,64,352,1,vendor|direct
gemv,double,sm_120,N,64,352,16,vendor|direct
gemv,double,sm_120,N,64,352,128,vendor|direct
gemv,double,sm_120,N,64,352,319,vendor|direct
gemv,double,sm_120,N,64,352,320,vendor|direct
gemv,double,sm_120,N,64,352,1024,vendor|direct
gemv,double,sm_120,N,64,352,8192,vendor|direct
gemv,double,sm_120,N,64,352,32768,vendor|direct
gemv,double,sm_120,N,64,353,1,vendor|direct
gemv,double,sm_120,N,64,353,16,vendor|direct
gemv,double,sm_120,N,64,353,128,vendor|direct
gemv,double,sm_120,N,64,353,319,vendor|direct
gemv,double,sm_120,N,64,353,320,vendor|direct
gemv,double,sm_120,N,64,353,1024,vendor|direct
gemv,double,sm_120,N,64,353,8192,vendor|direct
gemv,double,sm_120,N,64,353,32768,vendor|direct
gemv,double,sm_120,N,64,1024,1,vendor|direct
gemv,double,sm_120,N,64,1024,16,vendor|direct
gemv,double,sm_120,N,64,1024,128,vendor|direct
gemv,double,sm_120,N,64,1024,319,vendor|direct
gemv,double,sm_120,N,64,1024,320,vendor|direct
gemv,double,sm_120,N,64,1024,1024,vendor|direct
gemv,double,sm_120,N,64,1024,8192,vendor|direct
gemv,double,sm_120,N,64,1024,32768,vendor|direct
gemv,double,sm_120,N,64,4096,1,vendor|direct
gemv,double,sm_120,N,64,4096,16,vendor|direct
gemv,double,sm_120,N,64,4096,128,vendor|direct
gemv,double,sm_120,N,64,4096,319,vendor|direct
gemv,double,sm_120,N,64,4096,320,vendor|direct
gemv,double,sm_120,N,64,4096,1024,vendor|direct
gemv,double,sm_120,N,64,4096,8192,vendor|direct
gemv,double,sm_120,N,64,4096,32768,vendor|direct
gemv,double,sm_120,N,64,32768,1,vendor|direct
gemv,double,sm_120,N,64,32768,16,vendor|direct
gemv,double,sm_120,N,64,32768,128,vendor|direct
gemv,double,sm_120,N,64,32768,319,vendor|direct
gemv,double,sm_120,N,64,32768,320,vendor|direct
gemv,double,sm_120,N,64,32768,1024,vendor|direct
gemv,double,sm_120,N,64,32768,8192,vendor|direct
gemv,double,sm_120,N,64,32768,32768,vendor|direct
gemv,double,sm_120,N,255,1,1,vendor|direct
gemv,double,sm_120,N,255,1,16,vendor|direct
gemv,double,sm_120,N,255,1,128,vendor|direct
gemv,double,sm_120,N,255,1,319,vendor|direct
gemv,double,sm_120,N,255,1,320,vendor|direct
gemv,double,sm_120,N,255,1,1024,vendor|direct
gemv,double,sm_120,N,255,1,8192,vendor|direct
gemv,double,sm_120,N,255,1,32768,vendor|direct
gemv,double,sm_120,N,255,8,1,vendor|direct
gemv,double,sm_120,N,255,8,16,vendor|direct
gemv,double,sm_120,N,255,8,128,vendor|direct
gemv,double,sm_120,N,255,8,319,vendor|direct
gemv,double,sm_120,N,255,8,320,vendor|direct
gemv,double,sm_120,N,255,8,1024,vendor|direct
gemv,double,sm_120,N,255,8,8192,vendor|direct
gemv,double,sm_120,N,255,8,32768,vendor|direct
gemv,double,sm_120,N,255,32,1,vendor|direct
gemv,double,sm_120,N,255,32,16,vendor|direct
gemv,double,sm_120,N,255,32,128,vendor|direct
gemv,double,sm_120,N,255,32,319,vendor|direct
gemv,double,sm_120,N,255,32,320,vendor|direct
gemv,double,sm_120,N,255,32,1024,vendor|direct
gemv,double,sm_120,N,255,32,8192,vendor|direct
gemv,double,sm_120,N,255,32,32768,vendor|direct
gemv,double,sm_120,N,255,63,1,vendor|direct
gemv,double,sm_120,N,255,63,16,vendor|direct
gemv,double,sm_120,N,255,63,128,vendor|direct
gemv,double,sm_120,N,255,63,319,vendor|direct
gemv,double,sm_120,N,255,63,320,vendor|direct
gemv,double,sm_120,N,255,63,1024,vendor|direct
gemv,double,sm_120,N,255,63,8192,vendor|direct
gemv,double,sm_120,N,255,63,32768,vendor|direct
gemv,double,sm_120,N,255,64,1,vendor|direct
gemv,double,sm_120,N,255,64,16,vendor|direct
gemv,double,sm_120,N,255,64,128,vendor|direct
gemv,double,sm_120,N,255,64,319,vendor|direct
gemv,double,sm_120,N,255,64,320,vendor|direct
gemv,double,sm_120,N,255,64,1024,vendor|direct
gemv,double,sm_120,N,255,64,8192,vendor|direct
gemv,double,sm_120,N,255,64,32768,vendor|direct
gemv,double,sm_120,N,255,128,1,vendor|direct
gemv,double,sm_120,N,255,128,16,vendor|direct
gemv,double,sm_120,N,255,128,128,vendor|direct
gemv,double,sm_120,N,255,128,319,vendor|direct
gemv,double,sm_120,N,255,128,320,vendor|direct
gemv,double,sm_120,N,255,128,1024,vendor|direct
gemv,double,sm_120,N,255,128,8192,vendor|direct
gemv,double,sm_120,N,255,128,32768,vendor|direct
gemv,double,sm_120,N,255,352,1,vendor|direct
gemv,double,sm_120,N,255,352,16,vendor|direct
gemv,double,sm_120,N,255,352,128,vendor|direct
gemv,double,sm_120,N,255,352,319,vendor|direct
gemv,double,sm_120,N,255,352,320,vendor|direct
gemv,double,sm_120,N,255,352,1024,vendor|direct
gemv,double,sm_120,N,255,352,8192,vendor|direct
gemv,double,sm_120,N,255,352,32768,vendor|direct
gemv,double,sm_120,N,255,353,1,vendor|direct
gemv,double,sm_120,N,255,353,16,vendor|direct
gemv,double,sm_120,N,255,353,128,vendor|direct
gemv,double,sm_120,N,255,353,319,vendor|direct
gemv,double,sm_120,N,255,353,320,vendor|direct
gemv,double,sm_120,N,255,353,1024,vendor|direct
gemv,double,sm_120,N,255,353,8192,vendor|direct
gemv,double,sm_120,N,255,353,32768,vendor|direct
gemv,double,sm_120,N,255,1024,1,vendor|direct
gemv,double,sm_120,N,255,1024,16,vendor|direct
gemv,double,sm_120,N,255,1024,128,vendor|direct
gemv,double,sm_120,N,255,1024,319,vendor|direct
gemv,double,sm_120,N,255,1024,320,vendor|direct
gemv,double,sm_120,N,255,1024,1024,vendor|direct
gemv,double,sm_120,N,255,1024,8192,vendor|direct
gemv,double,sm_120,N,255,1024,32768,vendor|direct
gemv,double,sm_120,N,255,4096,1,vendor|direct
gemv,double,sm_120,N,255,4096,16,vendor|direct
gemv,double,sm_120,N,255,4096,128,vendor|direct
gemv,double,sm_120,N,255,4096,319,vendor|direct
gemv,double,sm_120,N,255,4096,320,vendor|direct
gemv,double,sm_120,N,255,4096,1024,vendor|direct
gemv,double,sm_120,N,255,4096,8192,vendor|direct
gemv,double,sm_120,N,255,4096,32768,vendor|direct
gemv,double,sm_120,N,255,32768,1,vendor|direct
gemv,double,sm_120,N,255,32768,16,vendor|direct
gemv,double,sm_120,N,255,32768,128,vendor|direct
gemv,double,sm_120,N,255,32768,319,vendor|direct
gemv,double,sm_120,N,255,32768,320,vendor|direct
gemv,double,sm_120,N,255,32768,1024,vendor|direct
gemv,double,sm_120,N,255,32768,8192,vendor|direct
gemv,double,sm_120,N,255,32768,32768,vendor|direct
gemv,double,sm_120,N,256,1,1,vendor|direct
gemv,double,sm_120,N,256,1,16,vendor|direct
gemv,double,sm_120,N,256,1,128,vendor|direct
gemv,double,sm_120,N,256,1,319,vendor|direct
gemv,double,sm_120,N,256,1,320,vendor|direct
gemv,double,sm_120,N,256,1,1024,vendor|direct
gemv,double,sm_120,N,256,1,8192,vendor|direct
gemv,double,sm_120,N,256,1,32768,vendor|direct
gemv,double,sm_120,N,256,8,1,vendor|direct
gemv,double,sm_120,N,256,8,16,vendor|direct
gemv,double,sm_120,N,256,8,128,vendor|direct
gemv,double,sm_120,N,256,8,319,vendor|direct
gemv,double,sm_120,N,256,8,320,vendor|direct
gemv,double,sm_120,N,256,8,1024,vendor|direct
gemv,double,sm_120,N,256,8,8192,vendor|direct
gemv,double,sm_120,N,256,8,32768,vendor|direct
gemv,double,sm_120,N,256,32,1,vendor|direct
gemv,double,sm_120,N,256,32,16,vendor|direct
gemv,double,sm_120,N,256,32,128,vendor|direct
gemv,double,sm_120,N,256,32,319,vendor|direct
gemv,double,sm_120,N,256,32,320,vendor|direct
gemv,double,sm_120,N,256,32,1024,vendor|direct
gemv,double,sm_120,N,256,32,8192,vendor|direct
gemv,double,sm_120,N,256,32,32768,vendor|direct
gemv,double,sm_120,N,256,63,1,vendor|direct
gemv,double,sm_120,N,256,63,16,vendor|direct
gemv,double,sm_120,N,256,63,128,vendor|direct
gemv,double,sm_120,N,256,63,319,vendor|direct
gemv,double,sm_120,N,256,63,320,vendor|direct
gemv,double,sm_120,N,256,63,1024,vendor|direct
gemv,double,sm_120,N,256,63,8192,vendor|direct
gemv,double,sm_120,N,256,63,32768,vendor|direct
gemv,double,sm_120,N,256,64,1,vendor|direct
gemv,double,sm_120,N,256,64,16,vendor|direct
gemv,double,sm_120,N,256,64,128,vendor|direct
gemv,double,sm_120,N,256,64,319,vendor|direct
gemv,double,sm_120,N,256,64,320,vendor|direct
gemv,double,sm_120,N,256,64,1024,vendor|direct
gemv,double,sm_120,N,256,64,8192,vendor|direct
gemv,double,sm_120,N,256,64,32768,vendor|direct
gemv,double,sm_120,N,256,128,1,vendor|direct
gemv,double,sm_120,N,256,128,16,vendor|direct
gemv,double,sm_120,N,256,128,128,vendor|direct
gemv,double,sm_120,N,256,128,319,vendor|direct
gemv,double,sm_120,N,256,128,320,vendor|direct
gemv,double,sm_120,N,256,128,1024,vendor|direct
gemv,double,sm_120,N,256,128,8192,vendor|direct
gemv,double,sm_120,N,256,128,32768,vendor|direct
gemv,double,sm_120,N,256,352,1,vendor|direct
gemv,double,sm_120,N,256,352,16,vendor|direct
gemv,double,sm_120,N,256,352,128,vendor|direct
gemv,double,sm_120,N,256,352,319,vendor|direct
gemv,double,sm_120,N,256,352,320,vendor|direct
gemv,double,sm_120,N,256,352,1024,vendor|direct
gemv,double,sm_120,N,256,352,8192,vendor|direct
gemv,double,sm_120,N,256,352,32768,vendor|direct
gemv,double,sm_120,N,256,353,1,vendor|direct
gemv,double,sm_120,N,256,353,16,vendor|direct
gemv,double,sm_120,N,256,353,128,vendor|direct
gemv,double,sm_120,N,256,353,319,vendor|direct
gemv,double,sm_120,N,256,353,320,vendor|direct
gemv,double,sm_120,N,256,353,1024,vendor|direct
gemv,double,sm_120,N,256,353,8192,vendor|direct
gemv,double,sm_120,N,256,353,32768,vendor|direct
gemv,double,sm_120,N,256,1024,1,vendor|direct
gemv,double,sm_120,N,256,1024,16,vendor|direct
gemv,double,sm_120,N,256,1024,128,vendor|direct
gemv,double,sm_120,N,256,1024,319,vendor|direct
gemv,double,sm_120,N,256,1024,320,vendor|direct
gemv,double,sm_120,N,256,1024,1024,vendor|direct
gemv,double,sm_120,N,256,1024,8192,vendor|direct
gemv,double,sm_120,N,256,1024,32768,vendor|direct
gemv,double,sm_120,N,256,4096,1,vendor|direct
gemv,double,sm_120,N,256,4096,16,vendor|direct
gemv,double,sm_120,N,256,4096,128,vendor|direct
gemv,double,sm_120,N,256,4096,319,vendor|direct
gemv,double,sm_120,N,256,4096,320,vendor|direct
gemv,double,sm_120,N,256,4096,1024,vendor|direct
gemv,double,sm_120,N,256,4096,8192,vendor|direct
gemv,double,sm_120,N,256,4096,32768,vendor|direct
gemv,double,sm_120,N,256,32768,1,vendor|direct
gemv,double,sm_120,N,256,32768,16,vendor|direct
gemv,double,sm_120,N,256,32768,128,vendor|direct
gemv,double,sm_120,N,256,32768,319,vendor|direct
gemv,double,sm_120,N,256,32768,320,vendor|direct
gemv,double,sm_120,N,256,32768,1024,vendor|direct
gemv,double,sm_120,N,256,32768,8192,vendor|direct
gemv,double,sm_120,N,256,32768,32768,vendor|direct
gemv,double,sm_120,N,1024,1,1,vendor|direct
gemv,double,sm_120,N,1024,1,16,vendor|direct
gemv,double,sm_120,N,1024,1,128,vendor|direct
gemv,double,sm_120,N,1024,1,319,vendor|direct
gemv,double,sm_120,N,1024,1,320,vendor|direct
gemv,double,sm_120,N,1024,1,1024,vendor|direct
gemv,double,sm_120,N,1024,1,8192,vendor|direct
gemv,double,sm_120,N,1024,1,32768,vendor|direct
gemv,double,sm_120,N,1024,8,1,vendor|direct
gemv,double,sm_120,N,1024,8,16,vendor|direct
gemv,double,sm_120,N,1024,8,128,vendor|direct
gemv,double,sm_120,N,1024,8,319,vendor|direct
gemv,double,sm_120,N,1024,8,320,vendor|direct
gemv,double,sm_120,N,1024,8,1024,vendor|direct
gemv,double,sm_120,N,1024,8,8192,vendor|direct
gemv,double,sm_120,N,1024,8,32768,vendor|direct
gemv,double,sm_120,N,1024,32,1,vendor|direct
gemv,double,sm_120,N,1024,32,16,vendor|direct
gemv,double,sm_120,N,1024,32,128,vendor|direct
gemv,double,sm_120,N,1024,32,319,vendor|direct
gemv,double,sm_120,N,1024,32,320,vendor|direct
gemv,double,sm_120,N,1024,32,1024,vendor|direct
gemv,double,sm_120,N,1024,32,8192,vendor|direct
gemv,double,sm_120,N,1024,32,32768,vendor|direct
gemv,double,sm_120,N,1024,63,1,vendor|direct
gemv,double,sm_120,N,1024,63,16,vendor|direct
gemv,double,sm_120,N,1024,63,128,vendor|direct
gemv,double,sm_120,N,1024,63,319,vendor|direct
gemv,double,sm_120,N,1024,63,320,vendor|direct
gemv,double,sm_120,N,1024,63,1024,vendor|direct
gemv,double,sm_120,N,1024,63,8192,vendor|direct
gemv,double,sm_120,N,1024,63,32768,vendor|direct
gemv,double,sm_120,N,1024,64,1,vendor|direct
gemv,double,sm_120,N,1024,64,16,vendor|direct
gemv,double,sm_120,N,1024,64,128,vendor|direct
gemv,double,sm_120,N,1024,64,319,vendor|direct
gemv,double,sm_120,N,1024,64,320,vendor|direct
gemv,double,sm_120,N,1024,64,1024,vendor|direct
gemv,double,sm_120,N,1024,64,8192,vendor|direct
gemv,double,sm_120,N,1024,64,32768,vendor|direct
gemv,double,sm_120,N,1024,128,1,vendor|direct
gemv,double,sm_120,N,1024,128,16,vendor|direct
gemv,double,sm_120,N,1024,128,128,vendor|direct
gemv,double,sm_120,N,1024,128,319,vendor|direct
gemv,double,sm_120,N,1024,128,320,vendor|direct
gemv,double,sm_120,N,1024,128,1024,vendor|direct
gemv,double,sm_120,N,1024,128,8192,vendor|direct
gemv,double,sm_120,N,1024,128,32768,vendor|direct
gemv,double,sm_120,N,1024,352,1,vendor|direct
gemv,double,sm_120,N,1024,352,16,vendor|direct
gemv,double,sm_120,N,1024,352,128,vendor|direct
gemv,double,sm_120,N,1024,352,319,vendor|direct
gemv,double,sm_120,N,1024,352,320,vendor|direct
gemv,double,sm_120,N,1024,352,1024,vendor|direct
gemv,double,sm_120,N,1024,352,8192,vendor|direct
gemv,double,sm_120,N,1024,352,32768,vendor|direct
gemv,double,sm_120,N,1024,353,1,vendor|direct
gemv,double,sm_120,N,1024,353,16,vendor|direct
gemv,double,sm_120,N,1024,353,128,vendor|direct
gemv,double,sm_120,N,1024,353,319,vendor|direct
gemv,double,sm_120,N,1024,353,320,vendor|direct
gemv,double,sm_120,N,1024,353,1024,vendor|direct
gemv,double,sm_120,N,1024,353,8192,vendor|direct
gemv,double,sm_120,N,1024,353,32768,vendor|direct
gemv,double,sm_120,N,1024,1024,1,vendor|direct
gemv,double,sm_120,N,1024,1024,16,vendor|direct
gemv,double,sm_120,N,1024,1024,128,vendor|direct
gemv,double,sm_120,N,1024,1024,319,vendor|direct
gemv,double,sm_120,N,1024,1024,320,vendor|direct
gemv,double,sm_120,N,1024,1024,1024,vendor|direct
gemv,double,sm_120,N,1024,1024,8192,vendor|direct
gemv,double,sm_120,N,1024,1024,32768,vendor|direct
gemv,double,sm_120,N,1024,4096,1,vendor|direct
gemv,double,sm_120,N,1024,4096,16,vendor|direct
gemv,double,sm_120,N,1024,4096,128,vendor|direct
gemv,double,sm_120,N,1024,4096,319,vendor|direct
gemv,double,sm_120,N,1024,4096,320,vendor|direct
gemv,double,sm_120,N,1024,4096,1024,vendor|direct
gemv,double,sm_120,N,1024,4096,8192,vendor|direct
gemv,double,sm_120,N,1024,4096,32768,vendor|direct
gemv,double,sm_120,N,1024,32768,1,vendor|direct
gemv,double,sm_120,N,1024,32768,16,vendor|direct
gemv,double,sm_120,N,1024,32768,128,vendor|direct
gemv,double,sm_120,N,1024,32768,319,vendor|direct
gemv,double,sm_120,N,1024,32768,320,vendor|direct
gemv,double,sm_120,N,1024,32768,1024,vendor|direct
gemv,double,sm_120,N,1024,32768,8192,vendor|direct
gemv,double,sm_120,N,1024,32768,32768,vendor|direct
gemv,double,sm_120,N,4096,1,1,vendor|direct
gemv,double,sm_120,N,4096,1,16,vendor|direct
gemv,double,sm_120,N,4096,1,128,vendor|direct
gemv,double,sm_120,N,4096,1,319,vendor|direct
gemv,double,sm_120,N,4096,1,320,vendor|direct
gemv,double,sm_120,N,4096,1,1024,vendor|direct
gemv,double,sm_120,N,4096,1,8192,vendor|direct
gemv,double,sm_120,N,4096,1,32768,vendor|direct
gemv,double,sm_120,N,4096,8,1,vendor|direct
gemv,double,sm_120,N,4096,8,16,vendor|direct
gemv,double,sm_120,N,4096,8,128,vendor|direct
gemv,double,sm_120,N,4096,8,319,vendor|direct
gemv,double,sm_120,N,4096,8,320,vendor|direct
gemv,double,sm_120,N,4096,8,1024,vendor|direct
gemv,double,sm_120,N,4096,8,8192,vendor|direct
gemv,double,sm_120,N,4096,8,32768,vendor|direct
gemv,double,sm_120,N,4096,32,1,vendor|direct
gemv,double,sm_120,N,4096,32,16,vendor|direct
gemv,double,sm_120,N,4096,32,128,vendor|direct
gemv,double,sm_120,N,4096,32,319,vendor|direct
gemv,double,sm_120,N,4096,32,320,vendor|direct
gemv,double,sm_120,N,4096,32,1024,vendor|direct
gemv,double,sm_120,N,4096,32,8192,vendor|direct
gemv,double,sm_120,N,4096,32,32768,vendor|direct
gemv,double,sm_120,N,4096,63,1,vendor|direct
gemv,double,sm_120,N,4096,63,16,vendor|direct
gemv,double,sm_120,N,4096,63,128,vendor|direct
gemv,double,sm_120,N,4096,63,319,vendor|direct
gemv,double,sm_120,N,4096,63,320,vendor|direct
gemv,double,sm_120,N,4096,63,1024,vendor|direct
gemv,double,sm_120,N,4096,63,8192,vendor|direct
gemv,double,sm_120,N,4096,63,32768,vendor|direct
gemv,double,sm_120,N,4096,64,1,vendor|direct
gemv,double,sm_120,N,4096,64,16,vendor|direct
gemv,double,sm_120,N,4096,64,128,vendor|direct
gemv,double,sm_120,N,4096,64,319,vendor|direct
gemv,double,sm_120,N,4096,64,320,vendor|direct
gemv,double,sm_120,N,4096,64,1024,vendor|direct
gemv,double,sm_120,N,4096,64,8192,vendor|direct
gemv,double,sm_120,N,4096,64,32768,vendor|direct
gemv,double,sm_120,N,4096,128,1,vendor|direct
gemv,double,sm_120,N,4096,128,16,vendor|direct
gemv,double,sm_120,N,4096,128,128,vendor|direct
gemv,double,sm_120,N,4096,128,319,vendor|direct
gemv,double,sm_120,N,4096,128,320,vendor|direct
gemv,double,sm_120,N,4096,128,1024,vendor|direct
gemv,double,sm_120,N,4096,128,8192,vendor|direct
gemv,double,sm_120,N,4096,128,32768,vendor|direct
gemv,double,sm_120,N,4096,352,1,vendor|direct
gemv,double,sm_120,N,4096,352,16,vendor|direct
gemv,double,sm_120,N,4096,352,128,vendor|direct
gemv,double,sm_120,N,4096,352,319,vendor|direct
gemv,double,sm_120,N,4096,352,320,vendor|direct
gemv,double,sm_120,N,4096,352,1024,vendor|direct
gemv,double,sm_120,N,4096,352,8192,vendor|direct
gemv,double,sm_120,N,4096,352,32768,vendor|direct
gemv,double,sm_120,N,4096,353,1,vendor|direct
gemv,double,sm_120,N,4096,353,16,vendor|direct
gemv,double,sm_120,N,4096,353,128,vendor|direct
gemv,double,sm_120,N,4096,353,319,vendor|direct
gemv,double,sm_120,N,4096,353,320,vendor|direct
gemv,double,sm_120,N,4096,353,1024,vendor|direct
gemv,double,sm_120,N,4096,353,8192,vendor|direct
gemv,double,sm_120,N,4096,353,32768,vendor|direct
gemv,double,sm_120,N,4096,1024,1,vendor|direct
gemv,double,sm_120,N,4096,1024,16,vendor|direct
gemv,double,sm_120,N,4096,1024,128,vendor|direct
gemv,double,sm_120,N,4096,1024,319,vendor|direct
gemv,double,sm_120,N,4096,1024,320,vendor|direct
gemv,double,sm_120,N,4096,1024,1024,vendor|direct
gemv,double,sm_120,N,4096,1024,8192,vendor|direct
gemv,double,sm_120,N,4096,1024,32768,vendor|direct
gemv,double,sm_120,N,4096,4096,1,vendor|direct
gemv,double,sm_120,N,4096,4096,16,vendor|direct
gemv,double,sm_120,N,4096,4096,128,vendor|direct
gemv,double,sm_120,N,4096,4096,319,vendor|direct
gemv,double,sm_120,N,4096,4096,320,vendor|direct
gemv,double,sm_120,N,4096,4096,1024,vendor|direct
gemv,double,sm_120,N,4096,4096,8192,vendor|direct
gemv,double,sm_120,N,4096,4096,32768,vendor|direct
gemv,double,sm_120,N,4096,32768,1,vendor|direct
gemv,double,sm_120,N,4096,32768,16,vendor|direct
gemv,double,sm_120,N,4096,32768,128,vendor|direct
gemv,double,sm_120,N,4096,32768,319,vendor|direct
gemv,double,sm_120,N,4096,32768,320,vendor|direct
gemv,double,sm_120,N,4096,32768,1024,vendor|direct
gemv,double,sm_120,N,4096,32768,8192,vendor|direct
gemv,double,sm_120,N,4096,32768,32768,vendor|direct
gemv,double,sm_120,N,32768,1,1,vendor|direct
gemv,double,sm_120,N,32768,1,16,vendor|direct
gemv,double,sm_120,N,32768,1,128,vendor|direct
gemv,double,sm_120,N,32768,1,319,vendor|direct
gemv,double,sm_120,N,32768,1,320,vendor|direct
gemv,double,sm_120,N,32768,1,1024,vendor|direct
gemv,double,sm_120,N,32768,1,8192,vendor|direct
gemv,double,sm_120,N,32768,1,32768,vendor|direct
gemv,double,sm_120,N,32768,8,1,vendor|direct
gemv,double,sm_120,N,32768,8,16,vendor|direct
gemv,double,sm_120,N,32768,8,128,vendor|direct
gemv,double,sm_120,N,32768,8,319,vendor|direct
gemv,double,sm_120,N,32768,8,320,vendor|direct
gemv,double,sm_120,N,32768,8,1024,vendor|direct
gemv,double,sm_120,N,32768,8,8192,vendor|direct
gemv,double,sm_120,N,32768,8,32768,vendor|direct
gemv,double,sm_120,N,32768,32,1,vendor|direct
gemv,double,sm_120,N,32768,32,16,vendor|direct
gemv,double,sm_120,N,32768,32,128,vendor|direct
gemv,double,sm_120,N,32768,32,319,vendor|direct
gemv,double,sm_120,N,32768,32,320,vendor|direct
gemv,double,sm_120,N,32768,32,1024,vendor|direct
gemv,double,sm_120,N,32768,32,8192,vendor|direct
gemv,double,sm_120,N,32768,32,32768,vendor|direct
gemv,double,sm_120,N,32768,63,1,vendor|direct
gemv,double,sm_120,N,32768,63,16,vendor|direct
gemv,double,sm_120,N,32768,63,128,vendor|direct
gemv,double,sm_120,N,32768,63,319,vendor|direct
gemv,double,sm_120,N,32768,63,320,vendor|direct
gemv,double,sm_120,N,32768,63,1024,vendor|direct
gemv,double,sm_120,N,32768,63,8192,vendor|direct
gemv,double,sm_120,N,32768,63,32768,vendor|direct
gemv,double,sm_120,N,32768,64,1,vendor|direct
gemv,double,sm_120,N,32768,64,16,vendor|direct
gemv,double,sm_120,N,32768,64,128,vendor|direct
gemv,double,sm_120,N,32768,64,319,vendor|direct
gemv,double,sm_120,N,32768,64,320,vendor|direct
gemv,double,sm_120,N,32768,64,1024,vendor|direct
gemv,double,sm_120,N,32768,64,8192,vendor|direct
gemv,double,sm_120,N,32768,64,32768,vendor|direct
gemv,double,sm_120,N,32768,128,1,vendor|direct
gemv,double,sm_120,N,32768,128,16,vendor|direct
gemv,double,sm_120,N,32768,128,128,vendor|direct
gemv,double,sm_120,N,32768,128,319,vendor|direct
gemv,double,sm_120,N,32768,128,320,vendor|direct
gemv,double,sm_120,N,32768,128,1024,vendor|direct
gemv,double,sm_120,N,32768,128,8192,vendor|direct
gemv,double,sm_120,N,32768,128,32768,vendor|direct
gemv,double,sm_120,N,32768,352,1,vendor|direct
gemv,double,sm_120,N,32768,352,16,vendor|direct
gemv,double,sm_120,N,32768,352,128,vendor|direct
gemv,double,sm_120,N,32768,352,319,vendor|direct
gemv,double,sm_120,N,32768,352,320,vendor|direct
gemv,double,sm_120,N,32768,352,1024,vendor|direct
gemv,double,sm_120,N,32768,352,8192,vendor|direct
gemv,double,sm_120,N,32768,352,32768,vendor|direct
gemv,double,sm_120,N,32768,353,1,vendor|direct
gemv,double,sm_120,N,32768,353,16,vendor|direct
gemv,double,sm_120,N,32768,353,128,vendor|direct
gemv,double,sm_120,N,32768,353,319,vendor|direct
gemv,double,sm_120,N,32768,353,320,vendor|direct
gemv,double,sm_120,N,32768,353,1024,vendor|direct
gemv,double,sm_120,N,32768,353,8192,vendor|direct
gemv,double,sm_120,N,32768,353,32768,vendor|direct
gemv,double,sm_120,N,32768,1024,1,vendor|direct
gemv,double,sm_120,N,32768,1024,16,vendor|direct
gemv,double,sm_120,N,32768,1024,128,vendor|direct
gemv,double,sm_120,N,32768,1024,319,vendor|direct
gemv,double,sm_120,N,32768,1024,320,vendor|direct
gemv,double,sm_120,N,32768,1024,1024,vendor|direct
gemv,double,sm_120,N,32768,1024,8192,vendor|direct
gemv,double,sm_120,N,32768,1024,32768,vendor|direct
gemv,double,sm_120,N,32768,4096,1,vendor|direct
gemv,double,sm_120,N,32768,4096,16,vendor|direct
gemv,double,sm_120,N,32768,4096,128,vendor|direct
gemv,double,sm_120,N,32768,4096,319,vendor|direct
gemv,double,sm_120,N,32768,4096,320,vendor|direct
gemv,double,sm_120,N,32768,4096,1024,vendor|direct
gemv,double,sm_120,N,32768,4096,8192,vendor|direct
gemv,double,sm_120,N,32768,4096,32768,vendor|direct
gemv,double,sm_120,N,32768,32768,1,vendor|direct
gemv,double,sm_120,N,32768,32768,16,vendor|direct
gemv,double,sm_120,N,32768,32768,128,vendor|direct
gemv,double,sm_120,N,32768,32768,319,vendor|direct
gemv,double,sm_120,N,32768,32768,320,vendor|direct
gemv,double,sm_120,N,32768,32768,1024,vendor|direct
gemv,double,sm_120,N,32768,32768,8192,vendor|direct
gemv,double,sm_120,N,32768,32768,32768,vendor|direct
gemv,double,sm_120,T,1,1,1,vendor|cta|direct
gemv,double,sm_120,T,1,1,16,vendor|cta|direct
gemv,double,sm_120,T,1,1,128,vendor|cta|direct
gemv,double,sm_120,T,1,1,319,vendor|cta|direct
gemv,double,sm_120,T,1,1,320,vendor|cta|direct
gemv,double,sm_120,T,1,1,1024,vendor|cta|direct
gemv,double,sm_120,T,1,1,8192,vendor|cta|direct
gemv,double,sm_120,T,1,1,32768,vendor|cta|direct
gemv,double,sm_120,T,1,8,1,vendor|cta|direct
gemv,double,sm_120,T,1,8,16,vendor|cta|direct
gemv,double,sm_120,T,1,8,128,vendor|cta|direct
gemv,double,sm_120,T,1,8,319,vendor|cta|direct
gemv,double,sm_120,T,1,8,320,vendor|cta|direct
gemv,double,sm_120,T,1,8,1024,vendor|cta|direct
gemv,double,sm_120,T,1,8,8192,vendor|cta|direct
gemv,double,sm_120,T,1,8,32768,vendor|cta|direct
gemv,double,sm_120,T,1,32,1,vendor|cta|direct
gemv,double,sm_120,T,1,32,16,vendor|cta|direct
gemv,double,sm_120,T,1,32,128,vendor|cta|direct
gemv,double,sm_120,T,1,32,319,vendor|cta|direct
gemv,double,sm_120,T,1,32,320,vendor|cta|direct
gemv,double,sm_120,T,1,32,1024,vendor|cta|direct
gemv,double,sm_120,T,1,32,8192,vendor|cta|direct
gemv,double,sm_120,T,1,32,32768,vendor|cta|direct
gemv,double,sm_120,T,1,63,1,vendor|cta|direct
gemv,double,sm_120,T,1,63,16,vendor|cta|direct
gemv,double,sm_120,T,1,63,128,vendor|cta|direct
gemv,double,sm_120,T,1,63,319,vendor|cta|direct
gemv,double,sm_120,T,1,63,320,vendor|cta|direct
gemv,double,sm_120,T,1,63,1024,vendor|cta|direct
gemv,double,sm_120,T,1,63,8192,vendor|cta|direct
gemv,double,sm_120,T,1,63,32768,vendor|cta|direct
gemv,double,sm_120,T,1,64,1,vendor|cta|direct
gemv,double,sm_120,T,1,64,16,vendor|cta|direct
gemv,double,sm_120,T,1,64,128,vendor|cta|direct
gemv,double,sm_120,T,1,64,319,vendor|cta|direct
gemv,double,sm_120,T,1,64,320,vendor|cta|direct
gemv,double,sm_120,T,1,64,1024,vendor|cta|direct
gemv,double,sm_120,T,1,64,8192,vendor|cta|direct
gemv,double,sm_120,T,1,64,32768,vendor|cta|direct
gemv,double,sm_120,T,1,128,1,vendor|cta|direct
gemv,double,sm_120,T,1,128,16,vendor|cta|direct
gemv,double,sm_120,T,1,128,128,vendor|cta|direct
gemv,double,sm_120,T,1,128,319,vendor|cta|direct
gemv,double,sm_120,T,1,128,320,vendor|cta|direct
gemv,double,sm_120,T,1,128,1024,vendor|cta|direct
gemv,double,sm_120,T,1,128,8192,vendor|cta|direct
gemv,double,sm_120,T,1,128,32768,vendor|cta|direct
gemv,double,sm_120,T,1,352,1,vendor|cta|direct
gemv,double,sm_120,T,1,352,16,vendor|cta|direct
gemv,double,sm_120,T,1,352,128,vendor|cta|direct
gemv,double,sm_120,T,1,352,319,vendor|cta|direct
gemv,double,sm_120,T,1,352,320,vendor|cta|direct
gemv,double,sm_120,T,1,352,1024,vendor|cta|direct
gemv,double,sm_120,T,1,352,8192,vendor|cta|direct
gemv,double,sm_120,T,1,352,32768,vendor|cta|direct
gemv,double,sm_120,T,1,353,1,vendor|cta|direct
gemv,double,sm_120,T,1,353,16,vendor|cta|direct
gemv,double,sm_120,T,1,353,128,vendor|cta|direct
gemv,double,sm_120,T,1,353,319,vendor|cta|direct
gemv,double,sm_120,T,1,353,320,vendor|cta|direct
gemv,double,sm_120,T,1,353,1024,vendor|cta|direct
gemv,double,sm_120,T,1,353,8192,vendor|cta|direct
gemv,double,sm_120,T,1,353,32768,vendor|cta|direct
gemv,double,sm_120,T,1,1024,1,vendor|cta|direct
gemv,double,sm_120,T,1,1024,16,vendor|cta|direct
gemv,double,sm_120,T,1,1024,128,vendor|cta|direct
gemv,double,sm_120,T,1,1024,319,vendor|cta|direct
gemv,double,sm_120,T,1,1024,320,vendor|cta|direct
gemv,double,sm_120,T,1,1024,1024,vendor|cta|direct
gemv,double,sm_120,T,1,1024,8192,vendor|cta|direct
gemv,double,sm_120,T,1,1024,32768,vendor|cta|direct
gemv,double,sm_120,T,1,4096,1,vendor|cta|direct
gemv,double,sm_120,T,1,4096,16,vendor|cta|direct
gemv,double,sm_120,T,1,4096,128,vendor|cta|direct
gemv,double,sm_120,T,1,4096,319,vendor|cta|direct
gemv,double,sm_120,T,1,4096,320,vendor|cta|direct
gemv,double,sm_120,T,1,4096,1024,vendor|cta|direct
gemv,double,sm_120,T,1,4096,8192,vendor|cta|direct
gemv,double,sm_120,T,1,4096,32768,vendor|cta|direct
gemv,double,sm_120,T,1,32768,1,vendor|cta|direct
gemv,double,sm_120,T,1,32768,16,vendor|cta|direct
gemv,double,sm_120,T,1,32768,128,vendor|cta|direct
gemv,double,sm_120,T,1,32768,319,vendor|cta|direct
gemv,double,sm_120,T,1,32768,320,vendor|cta|direct
gemv,double,sm_120,T,1,32768,1024,vendor|cta|direct
gemv,double,sm_120,T,1,32768,8192,vendor|cta|direct
gemv,double,sm_120,T,1,32768,32768,vendor|cta|direct
gemv,double,sm_120,T,8,1,1,vendor|cta|direct
gemv,double,sm_120,T,8,1,16,vendor|cta|direct
gemv,double,sm_120,T,8,1,128,vendor|cta|direct
gemv,double,sm_120,T,8,1,319,vendor|cta|direct
gemv,double,sm_120,T,8,1,320,vendor|cta|direct
gemv,double,sm_120,T,8,1,1024,vendor|cta|direct
gemv,double,sm_120,T,8,1,8192,vendor|cta|direct
gemv,double,sm_120,T,8,1,32768,vendor|cta|direct
gemv,double,sm_120,T,8,8,1,vendor|cta|direct
gemv,double,sm_120,T,8,8,16,vendor|cta|direct
gemv,double,sm_120,T,8,8,128,vendor|cta|direct
gemv,double,sm_120,T,8,8,319,vendor|cta|direct
gemv,double,sm_120,T,8,8,320,vendor|cta|direct
gemv,double,sm_120,T,8,8,1024,vendor|cta|direct
gemv,double,sm_120,T,8,8,8192,vendor|cta|direct
gemv,double,sm_120,T,8,8,32768,vendor|cta|direct
gemv,double,sm_120,T,8,32,1,vendor|cta|direct
gemv,double,sm_120,T,8,32,16,vendor|cta|direct
gemv,double,sm_120,T,8,32,128,vendor|cta|direct
gemv,double,sm_120,T,8,32,319,vendor|cta|direct
gemv,double,sm_120,T,8,32,320,vendor|cta|direct
gemv,double,sm_120,T,8,32,1024,vendor|cta|direct
gemv,double,sm_120,T,8,32,8192,vendor|cta|direct
gemv,double,sm_120,T,8,32,32768,vendor|cta|direct
gemv,double,sm_120,T,8,63,1,vendor|cta|direct
gemv,double,sm_120,T,8,63,16,vendor|cta|direct
gemv,double,sm_120,T,8,63,128,vendor|cta|direct
gemv,double,sm_120,T,8,63,319,vendor|cta|direct
gemv,double,sm_120,T,8,63,320,vendor|cta|direct
gemv,double,sm_120,T,8,63,1024,vendor|cta|direct
gemv,double,sm_120,T,8,63,8192,vendor|cta|direct
gemv,double,sm_120,T,8,63,32768,vendor|cta|direct
gemv,double,sm_120,T,8,64,1,vendor|cta|direct
gemv,double,sm_120,T,8,64,16,vendor|cta|direct
gemv,double,sm_120,T,8,64,128,vendor|cta|direct
gemv,double,sm_120,T,8,64,319,vendor|cta|direct
gemv,double,sm_120,T,8,64,320,vendor|cta|direct
gemv,double,sm_120,T,8,64,1024,vendor|cta|direct
gemv,double,sm_120,T,8,64,8192,vendor|cta|direct
gemv,double,sm_120,T,8,64,32768,vendor|cta|direct
gemv,double,sm_120,T,8,128,1,vendor|cta|direct
gemv,double,sm_120,T,8,128,16,vendor|cta|direct
gemv,double,sm_120,T,8,128,128,vendor|cta|direct
gemv,double,sm_120,T,8,128,319,vendor|cta|direct
gemv,double,sm_120,T,8,128,320,vendor|cta|direct
gemv,double,sm_120,T,8,128,1024,vendor|cta|direct
gemv,double,sm_120,T,8,128,8192,vendor|cta|direct
gemv,double,sm_120,T,8,128,32768,vendor|cta|direct
gemv,double,sm_120,T,8,352,1,vendor|cta|direct
gemv,double,sm_120,T,8,352,16,vendor|cta|direct
gemv,double,sm_120,T,8,352,128,vendor|cta|direct
gemv,double,sm_120,T,8,352,319,vendor|cta|direct
gemv,double,sm_120,T,8,352,320,vendor|cta|direct
gemv,double,sm_120,T,8,352,1024,vendor|cta|direct
gemv,double,sm_120,T,8,352,8192,vendor|cta|direct
gemv,double,sm_120,T,8,352,32768,vendor|cta|direct
gemv,double,sm_120,T,8,353,1,vendor|cta|direct
gemv,double,sm_120,T,8,353,16,vendor|cta|direct
gemv,double,sm_120,T,8,353,128,vendor|cta|direct
gemv,double,sm_120,T,8,353,319,vendor|cta|direct
gemv,double,sm_120,T,8,353,320,vendor|cta|direct
gemv,double,sm_120,T,8,353,1024,vendor|cta|direct
gemv,double,sm_120,T,8,353,8192,vendor|cta|direct
gemv,double,sm_120,T,8,353,32768,vendor|cta|direct
gemv,double,sm_120,T,8,1024,1,vendor|cta|direct
gemv,double,sm_120,T,8,1024,16,vendor|cta|direct
gemv,double,sm_120,T,8,1024,128,vendor|cta|direct
gemv,double,sm_120,T,8,1024,319,vendor|cta|direct
gemv,double,sm_120,T,8,1024,320,vendor|cta|direct
gemv,double,sm_120,T,8,1024,1024,vendor|cta|direct
gemv,double,sm_120,T,8,1024,8192,vendor|cta|direct
gemv,double,sm_120,T,8,1024,32768,vendor|cta|direct
gemv,double,sm_120,T,8,4096,1,vendor|cta|direct
gemv,double,sm_120,T,8,4096,16,vendor|cta|direct
gemv,double,sm_120,T,8,4096,128,vendor|cta|direct
gemv,double,sm_120,T,8,4096,319,vendor|cta|direct
gemv,double,sm_120,T,8,4096,320,vendor|cta|direct
gemv,double,sm_120,T,8,4096,1024,vendor|cta|direct
gemv,double,sm_120,T,8,4096,8192,vendor|cta|direct
gemv,double,sm_120,T,8,4096,32768,vendor|cta|direct
gemv,double,sm_120,T,8,32768,1,vendor|cta|direct
gemv,double,sm_120,T,8,32768,16,vendor|cta|direct
gemv,double,sm_120,T,8,32768,128,vendor|cta|direct
gemv,double,sm_120,T,8,32768,319,vendor|cta|direct
gemv,double,sm_120,T,8,32768,320,vendor|cta|direct
gemv,double,sm_120,T,8,32768,1024,vendor|cta|direct
gemv,double,sm_120,T,8,32768,8192,vendor|cta|direct
gemv,double,sm_120,T,8,32768,32768,vendor|cta|direct
gemv,double,sm_120,T,64,1,1,vendor|cta|direct
gemv,double,sm_120,T,64,1,16,vendor|cta|direct
gemv,double,sm_120,T,64,1,128,vendor|cta|direct
gemv,double,sm_120,T,64,1,319,vendor|cta|direct
gemv,double,sm_120,T,64,1,320,vendor|cta|direct
gemv,double,sm_120,T,64,1,1024,vendor|cta|direct
gemv,double,sm_120,T,64,1,8192,vendor|cta|direct
gemv,double,sm_120,T,64,1,32768,vendor|cta|direct
gemv,double,sm_120,T,64,8,1,vendor|cta|direct
gemv,double,sm_120,T,64,8,16,vendor|cta|direct
gemv,double,sm_120,T,64,8,128,vendor|cta|direct
gemv,double,sm_120,T,64,8,319,vendor|cta|direct
gemv,double,sm_120,T,64,8,320,vendor|cta|direct
gemv,double,sm_120,T,64,8,1024,vendor|cta|direct
gemv,double,sm_120,T,64,8,8192,vendor|cta|direct
gemv,double,sm_120,T,64,8,32768,vendor|cta|direct
gemv,double,sm_120,T,64,32,1,vendor|cta|direct
gemv,double,sm_120,T,64,32,16,vendor|cta|direct
gemv,double,sm_120,T,64,32,128,vendor|cta|direct
gemv,double,sm_120,T,64,32,319,vendor|cta|direct
gemv,double,sm_120,T,64,32,320,vendor|cta|direct
gemv,double,sm_120,T,64,32,1024,vendor|cta|direct
gemv,double,sm_120,T,64,32,8192,vendor|cta|direct
gemv,double,sm_120,T,64,32,32768,vendor|cta|direct
gemv,double,sm_120,T,64,63,1,vendor|cta|direct
gemv,double,sm_120,T,64,63,16,vendor|cta|direct
gemv,double,sm_120,T,64,63,128,vendor|cta|direct
gemv,double,sm_120,T,64,63,319,vendor|cta|direct
gemv,double,sm_120,T,64,63,320,vendor|cta|direct
gemv,double,sm_120,T,64,63,1024,vendor|cta|direct
gemv,double,sm_120,T,64,63,8192,vendor|cta|direct
gemv,double,sm_120,T,64,63,32768,vendor|cta|direct
gemv,double,sm_120,T,64,64,1,vendor|cta|direct
gemv,double,sm_120,T,64,64,16,vendor|cta|direct
gemv,double,sm_120,T,64,64,128,vendor|cta|direct
gemv,double,sm_120,T,64,64,319,vendor|cta|direct
gemv,double,sm_120,T,64,64,320,vendor|cta|direct
gemv,double,sm_120,T,64,64,1024,vendor|cta|direct
gemv,double,sm_120,T,64,64,8192,vendor|cta|direct
gemv,double,sm_120,T,64,64,32768,vendor|cta|direct
gemv,double,sm_120,T,64,128,1,vendor|cta|direct
gemv,double,sm_120,T,64,128,16,vendor|cta|direct
gemv,double,sm_120,T,64,128,128,vendor|cta|direct
gemv,double,sm_120,T,64,128,319,vendor|cta|direct
gemv,double,sm_120,T,64,128,320,vendor|cta|direct
gemv,double,sm_120,T,64,128,1024,vendor|cta|direct
gemv,double,sm_120,T,64,128,8192,vendor|cta|direct
gemv,double,sm_120,T,64,128,32768,vendor|cta|direct
gemv,double,sm_120,T,64,352,1,vendor|cta|direct
gemv,double,sm_120,T,64,352,16,vendor|cta|direct
gemv,double,sm_120,T,64,352,128,vendor|cta|direct
gemv,double,sm_120,T,64,352,319,vendor|cta|direct
gemv,double,sm_120,T,64,352,320,vendor|cta|direct
gemv,double,sm_120,T,64,352,1024,vendor|cta|direct
gemv,double,sm_120,T,64,352,8192,vendor|cta|direct
gemv,double,sm_120,T,64,352,32768,vendor|cta|direct
gemv,double,sm_120,T,64,353,1,vendor|cta|direct
gemv,double,sm_120,T,64,353,16,vendor|cta|direct
gemv,double,sm_120,T,64,353,128,vendor|cta|direct
gemv,double,sm_120,T,64,353,319,vendor|cta|direct
gemv,double,sm_120,T,64,353,320,vendor|cta|direct
gemv,double,sm_120,T,64,353,1024,vendor|cta|direct
gemv,double,sm_120,T,64,353,8192,vendor|cta|direct
gemv,double,sm_120,T,64,353,32768,vendor|cta|direct
gemv,double,sm_120,T,64,1024,1,vendor|cta|direct
gemv,double,sm_120,T,64,1024,16,vendor|cta|direct
gemv,double,sm_120,T,64,1024,128,vendor|cta|direct
gemv,double,sm_120,T,64,1024,319,vendor|cta|direct
gemv,double,sm_120,T,64,1024,320,vendor|cta|direct
gemv,double,sm_120,T,64,1024,1024,vendor|cta|direct
gemv,double,sm_120,T,64,1024,8192,vendor|cta|direct
gemv,double,sm_120,T,64,1024,32768,vendor|cta|direct
gemv,double,sm_120,T,64,4096,1,vendor|cta|direct
gemv,double,sm_120,T,64,4096,16,vendor|cta|direct
gemv,double,sm_120,T,64,4096,128,vendor|cta|direct
gemv,double,sm_120,T,64,4096,319,vendor|cta|direct
gemv,double,sm_120,T,64,4096,320,vendor|cta|direct
gemv,double,sm_120,T,64,4096,1024,vendor|cta|direct
gemv,double,sm_120,T,64,4096,8192,vendor|cta|direct
gemv,double,sm_120,T,64,4096,32768,vendor|cta|direct
gemv,double,sm_120,T,64,32768,1,vendor|cta|direct
gemv,double,sm_120,T,64,32768,16,vendor|cta|direct
gemv,double,sm_120,T,64,32768,128,vendor|cta|direct
gemv,double,sm_120,T,64,32768,319,vendor|cta|direct
gemv,double,sm_120,T,64,32768,320,vendor|cta|direct
gemv,double,sm_120,T,64,32768,1024,vendor|cta|direct
gemv,double,sm_120,T,64,32768,8192,vendor|cta|direct
gemv,double,sm_120,T,64,32768,32768,vendor|cta|direct
gemv,double,sm_120,T,255,1,1,vendor|cta|direct
gemv,double,sm_120,T,255,1,16,vendor|cta|direct
gemv,double,sm_120,T,255,1,128,vendor|cta|direct
gemv,double,sm_120,T,255,1,319,vendor|cta|direct
gemv,double,sm_120,T,255,1,320,vendor|cta|direct
gemv,double,sm_120,T,255,1,1024,vendor|cta|direct
gemv,double,sm_120,T,255,1,8192,vendor|cta|direct
gemv,double,sm_120,T,255,1,32768,vendor|cta|direct
gemv,double,sm_120,T,255,8,1,vendor|cta|direct
gemv,double,sm_120,T,255,8,16,vendor|cta|direct
gemv,double,sm_120,T,255,8,128,vendor|cta|direct
gemv,double,sm_120,T,255,8,319,vendor|cta|direct
gemv,double,sm_120,T,255,8,320,vendor|cta|direct
gemv,double,sm_120,T,255,8,1024,vendor|cta|direct
gemv,double,sm_120,T,255,8,8192,vendor|cta|direct
gemv,double,sm_120,T,255,8,32768,vendor|cta|direct
gemv,double,sm_120,T,255,32,1,vendor|cta|direct
gemv,double,sm_120,T,255,32,16,vendor|cta|direct
gemv,double,sm_120,T,255,32,128,vendor|cta|direct
gemv,double,sm_120,T,255,32,319,vendor|cta|direct
gemv,double,sm_120,T,255,32,320,vendor|cta|direct
gemv,double,sm_120,T,255,32,1024,vendor|cta|direct
gemv,double,sm_120,T,255,32,8192,vendor|cta|direct
gemv,double,sm_120,T,255,32,32768,vendor|cta|direct
gemv,double,sm_120,T,255,63,1,vendor|cta|direct
gemv,double,sm_120,T,255,63,16,vendor|cta|direct
gemv,double,sm_120,T,255,63,128,vendor|cta|direct
gemv,double,sm_120,T,255,63,319,vendor|cta|direct
gemv,double,sm_120,T,255,63,320,vendor|cta|direct
gemv,double,sm_120,T,255,63,1024,vendor|cta|direct
gemv,double,sm_120,T,255,63,8192,vendor|cta|direct
gemv,double,sm_120,T,255,63,32768,vendor|cta|direct
gemv,double,sm_120,T,255,64,1,vendor|cta|direct
gemv,double,sm_120,T,255,64,16,vendor|cta|direct
gemv,double,sm_120,T,255,64,128,vendor|cta|direct
gemv,double,sm_120,T,255,64,319,vendor|cta|direct
gemv,double,sm_120,T,255,64,320,vendor|cta|direct
gemv,double,sm_120,T,255,64,1024,vendor|cta|direct
gemv,double,sm_120,T,255,64,8192,vendor|cta|direct
gemv,double,sm_120,T,255,64,32768,vendor|cta|direct
gemv,double,sm_120,T,255,128,1,vendor|cta|direct
gemv,double,sm_120,T,255,128,16,vendor|cta|direct
gemv,double,sm_120,T,255,128,128,vendor|cta|direct
gemv,double,sm_120,T,255,128,319,vendor|cta|direct
gemv,double,sm_120,T,255,128,320,vendor|cta|direct
gemv,double,sm_120,T,255,128,1024,vendor|cta|direct
gemv,double,sm_120,T,255,128,8192,vendor|cta|direct
gemv,double,sm_120,T,255,128,32768,vendor|cta|direct
gemv,double,sm_120,T,255,352,1,vendor|cta|direct
gemv,double,sm_120,T,255,352,16,vendor|cta|direct
gemv,double,sm_120,T,255,352,128,vendor|cta|direct
gemv,double,sm_120,T,255,352,319,vendor|cta|direct
gemv,double,sm_120,T,255,352,320,vendor|cta|direct
gemv,double,sm_120,T,255,352,1024,vendor|cta|direct
gemv,double,sm_120,T,255,352,8192,vendor|cta|direct
gemv,double,sm_120,T,255,352,32768,vendor|cta|direct
gemv,double,sm_120,T,255,353,1,vendor|cta|direct
gemv,double,sm_120,T,255,353,16,vendor|cta|direct
gemv,double,sm_120,T,255,353,128,vendor|cta|direct
gemv,double,sm_120,T,255,353,319,vendor|cta|direct
gemv,double,sm_120,T,255,353,320,vendor|cta|direct
gemv,double,sm_120,T,255,353,1024,vendor|cta|direct
gemv,double,sm_120,T,255,353,8192,vendor|cta|direct
gemv,double,sm_120,T,255,353,32768,vendor|cta|direct
gemv,double,sm_120,T,255,1024,1,vendor|cta|direct
gemv,double,sm_120,T,255,1024,16,vendor|cta|direct
gemv,double,sm_120,T,255,1024,128,vendor|cta|direct
gemv,double,sm_120,T,255,1024,319,vendor|cta|direct
gemv,double,sm_120,T,255,1024,320,vendor|cta|direct
gemv,double,sm_120,T,255,1024,1024,vendor|cta|direct
gemv,double,sm_120,T,255,1024,8192,vendor|cta|direct
gemv,double,sm_120,T,255,1024,32768,vendor|cta|direct
gemv,double,sm_120,T,255,4096,1,vendor|cta|direct
gemv,double,sm_120,T,255,4096,16,vendor|cta|direct
gemv,double,sm_120,T,255,4096,128,vendor|cta|direct
gemv,double,sm_120,T,255,4096,319,vendor|cta|direct
gemv,double,sm_120,T,255,4096,320,vendor|cta|direct
gemv,double,sm_120,T,255,4096,1024,vendor|cta|direct
gemv,double,sm_120,T,255,4096,8192,vendor|cta|direct
gemv,double,sm_120,T,255,4096,32768,vendor|cta|direct
gemv,double,sm_120,T,255,32768,1,vendor|cta|direct
gemv,double,sm_120,T,255,32768,16,vendor|cta|direct
gemv,double,sm_120,T,255,32768,128,vendor|cta|direct
gemv,double,sm_120,T,255,32768,319,vendor|cta|direct
gemv,double,sm_120,T,255,32768,320,vendor|cta|direct
gemv,double,sm_120,T,255,32768,1024,vendor|cta|direct
gemv,double,sm_120,T,255,32768,8192,vendor|cta|direct
gemv,double,sm_120,T,255,32768,32768,vendor|cta|direct
gemv,double,sm_120,T,256,1,1,vendor|cta|direct
gemv,double,sm_120,T,256,1,16,vendor|cta|direct
gemv,double,sm_120,T,256,1,128,vendor|cta|direct
gemv,double,sm_120,T,256,1,319,vendor|cta|direct
gemv,double,sm_120,T,256,1,320,vendor|cta|direct
gemv,double,sm_120,T,256,1,1024,vendor|cta|direct
gemv,double,sm_120,T,256,1,8192,vendor|cta|direct
gemv,double,sm_120,T,256,1,32768,vendor|cta|direct
gemv,double,sm_120,T,256,8,1,vendor|cta|direct
gemv,double,sm_120,T,256,8,16,vendor|cta|direct
gemv,double,sm_120,T,256,8,128,vendor|cta|direct
gemv,double,sm_120,T,256,8,319,vendor|cta|direct
gemv,double,sm_120,T,256,8,320,vendor|cta|direct
gemv,double,sm_120,T,256,8,1024,vendor|cta|direct
gemv,double,sm_120,T,256,8,8192,vendor|cta|direct
gemv,double,sm_120,T,256,8,32768,vendor|cta|direct
gemv,double,sm_120,T,256,32,1,vendor|cta|direct
gemv,double,sm_120,T,256,32,16,vendor|cta|direct
gemv,double,sm_120,T,256,32,128,vendor|cta|direct
gemv,double,sm_120,T,256,32,319,vendor|cta|direct
gemv,double,sm_120,T,256,32,320,vendor|cta|direct
gemv,double,sm_120,T,256,32,1024,vendor|cta|direct
gemv,double,sm_120,T,256,32,8192,vendor|cta|direct
gemv,double,sm_120,T,256,32,32768,vendor|cta|direct
gemv,double,sm_120,T,256,63,1,vendor|cta|direct
gemv,double,sm_120,T,256,63,16,vendor|cta|direct
gemv,double,sm_120,T,256,63,128,vendor|cta|direct
gemv,double,sm_120,T,256,63,319,vendor|cta|direct
gemv,double,sm_120,T,256,63,320,vendor|cta|direct
gemv,double,sm_120,T,256,63,1024,vendor|cta|direct
gemv,double,sm_120,T,256,63,8192,vendor|cta|direct
gemv,double,sm_120,T,256,63,32768,vendor|cta|direct
gemv,double,sm_120,T,256,64,1,vendor|cta|direct
gemv,double,sm_120,T,256,64,16,vendor|cta|direct
gemv,double,sm_120,T,256,64,128,vendor|cta|direct
gemv,double,sm_120,T,256,64,319,vendor|cta|direct
gemv,double,sm_120,T,256,64,320,vendor|cta|direct
gemv,double,sm_120,T,256,64,1024,vendor|cta|direct
gemv,double,sm_120,T,256,64,8192,vendor|cta|direct
gemv,double,sm_120,T,256,64,32768,vendor|cta|direct
gemv,double,sm_120,T,256,128,1,vendor|cta|direct
gemv,double,sm_120,T,256,128,16,vendor|cta|direct
gemv,double,sm_120,T,256,128,128,vendor|cta|direct
gemv,double,sm_120,T,256,128,319,vendor|cta|direct
gemv,double,sm_120,T,256,128,320,vendor|cta|direct
gemv,double,sm_120,T,256,128,1024,vendor|cta|direct
gemv,double,sm_120,T,256,128,8192,vendor|cta|direct
gemv,double,sm_120,T,256,128,32768,vendor|cta|direct
gemv,double,sm_120,T,256,352,1,vendor|cta|direct
gemv,double,sm_120,T,256,352,16,vendor|cta|direct
gemv,double,sm_120,T,256,352,128,vendor|cta|direct
gemv,double,sm_120,T,256,352,319,vendor|cta|direct
gemv,double,sm_120,T,256,352,320,vendor|cta|direct
gemv,double,sm_120,T,256,352,1024,vendor|cta|direct
gemv,double,sm_120,T,256,352,8192,vendor|cta|direct
gemv,double,sm_120,T,256,352,32768,vendor|cta|direct
gemv,double,sm_120,T,256,353,1,vendor|cta|direct
gemv,double,sm_120,T,256,353,16,vendor|cta|direct
gemv,double,sm_120,T,256,353,128,vendor|cta|direct
gemv,double,sm_120,T,256,353,319,vendor|cta|direct
gemv,double,sm_120,T,256,353,320,vendor|cta|direct
gemv,double,sm_120,T,256,353,1024,vendor|cta|direct
gemv,double,sm_120,T,256,353,8192,vendor|cta|direct
gemv,double,sm_120,T,256,353,32768,vendor|cta|direct
gemv,double,sm_120,T,256,1024,1,vendor|cta|direct
gemv,double,sm_120,T,256,1024,16,vendor|cta|direct
gemv,double,sm_120,T,256,1024,128,vendor|cta|direct
gemv,double,sm_120,T,256,1024,319,vendor|cta|direct
gemv,double,sm_120,T,256,1024,320,vendor|cta|direct
gemv,double,sm_120,T,256,1024,1024,vendor|cta|direct
gemv,double,sm_120,T,256,1024,8192,vendor|cta|direct
gemv,double,sm_120,T,256,1024,32768,vendor|cta|direct
gemv,double,sm_120,T,256,4096,1,vendor|cta|direct
gemv,double,sm_120,T,256,4096,16,vendor|cta|direct
gemv,double,sm_120,T,256,4096,128,vendor|cta|direct
gemv,double,sm_120,T,256,4096,319,vendor|cta|direct
gemv,double,sm_120,T,256,4096,320,vendor|cta|direct
gemv,double,sm_120,T,256,4096,1024,vendor|cta|direct
gemv,double,sm_120,T,256,4096,8192,vendor|cta|direct
gemv,double,sm_120,T,256,4096,32768,vendor|cta|direct
gemv,double,sm_120,T,256,32768,1,vendor|cta|direct
gemv,double,sm_120,T,256,32768,16,vendor|cta|direct
gemv,double,sm_120,T,256,32768,128,vendor|cta|direct
gemv,double,sm_120,T,256,32768,319,vendor|cta|direct
gemv,double,sm_120,T,256,32768,320,vendor|cta|direct
gemv,double,sm_120,T,256,32768,1024,vendor|cta|direct
gemv,double,sm_120,T,256,32768,8192,vendor|cta|direct
gemv,double,sm_120,T,256,32768,32768,vendor|cta|direct
gemv,double,sm_120,T,1024,1,1,vendor|cta|direct
gemv,double,sm_120,T,1024,1,16,vendor|cta|direct
gemv,double,sm_120,T,1024,1,128,vendor|cta|direct
gemv,double,sm_120,T,1024,1,319,vendor|cta|direct
gemv,double,sm_120,T,1024,1,320,vendor|cta|direct
gemv,double,sm_120,T,1024,1,1024,vendor|cta|direct
gemv,double,sm_120,T,1024,1,8192,vendor|cta|direct
gemv,double,sm_120,T,1024,1,32768,vendor|cta|direct
gemv,double,sm_120,T,1024,8,1,vendor|cta|direct
gemv,double,sm_120,T,1024,8,16,vendor|cta|direct
gemv,double,sm_120,T,1024,8,128,vendor|cta|direct
gemv,double,sm_120,T,1024,8,319,vendor|cta|direct
gemv,double,sm_120,T,1024,8,320,vendor|cta|direct
gemv,double,sm_120,T,1024,8,1024,vendor|cta|direct
gemv,double,sm_120,T,1024,8,8192,vendor|cta|direct
gemv,double,sm_120,T,1024,8,32768,vendor|cta|direct
gemv,double,sm_120,T,1024,32,1,vendor|cta|direct
gemv,double,sm_120,T,1024,32,16,vendor|cta|direct
gemv,double,sm_120,T,1024,32,128,vendor|cta|direct
gemv,double,sm_120,T,1024,32,319,vendor|cta|direct
gemv,double,sm_120,T,1024,32,320,vendor|cta|direct
gemv,double,sm_120,T,1024,32,1024,vendor|cta|direct
gemv,double,sm_120,T,1024,32,8192,vendor|cta|direct
gemv,double,sm_120,T,1024,32,32768,vendor|cta|direct
gemv,double,sm_120,T,1024,63,1,vendor|cta|direct
gemv,double,sm_120,T,1024,63,16,vendor|cta|direct
gemv,double,sm_120,T,1024,63,128,vendor|cta|direct
gemv,double,sm_120,T,1024,63,319,vendor|cta|direct
gemv,double,sm_120,T,1024,63,320,vendor|cta|direct
gemv,double,sm_120,T,1024,63,1024,vendor|cta|direct
gemv,double,sm_120,T,1024,63,8192,vendor|cta|direct
gemv,double,sm_120,T,1024,63,32768,vendor|cta|direct
gemv,double,sm_120,T,1024,64,1,vendor|cta|direct
gemv,double,sm_120,T,1024,64,16,vendor|cta|direct
gemv,double,sm_120,T,1024,64,128,vendor|cta|direct
gemv,double,sm_120,T,1024,64,319,vendor|cta|direct
gemv,double,sm_120,T,1024,64,320,vendor|cta|direct
gemv,double,sm_120,T,1024,64,1024,vendor|cta|direct
gemv,double,sm_120,T,1024,64,8192,vendor|cta|direct
gemv,double,sm_120,T,1024,64,32768,vendor|cta|direct
gemv,double,sm_120,T,1024,128,1,vendor|cta|direct
gemv,double,sm_120,T,1024,128,16,vendor|cta|direct
gemv,double,sm_120,T,1024,128,128,vendor|cta|direct
gemv,double,sm_120,T,1024,128,319,vendor|cta|direct
gemv,double,sm_120,T,1024,128,320,vendor|cta|direct
gemv,double,sm_120,T,1024,128,1024,vendor|cta|direct
gemv,double,sm_120,T,1024,128,8192,vendor|cta|direct
gemv,double,sm_120,T,1024,128,32768,vendor|cta|direct
gemv,double,sm_120,T,1024,352,1,vendor|cta|direct
gemv,double,sm_120,T,1024,352,16,vendor|cta|direct
gemv,double,sm_120,T,1024,352,128,vendor|cta|direct
gemv,double,sm_120,T,1024,352,319,vendor|cta|direct
gemv,double,sm_120,T,1024,352,320,vendor|cta|direct
gemv,double,sm_120,T,1024,352,1024,vendor|cta|direct
gemv,double,sm_120,T,1024,352,8192,vendor|cta|direct
gemv,double,sm_120,T,1024,352,32768,vendor|cta|direct
gemv,double,sm_120,T,1024,353,1,vendor|cta|direct
gemv,double,sm_120,T,1024,353,16,vendor|cta|direct
gemv,double,sm_120,T,1024,353,128,vendor|cta|direct
gemv,double,sm_120,T,1024,353,319,vendor|cta|direct
gemv,double,sm_120,T,1024,353,320,vendor|cta|direct
gemv,double,sm_120,T,1024,353,1024,vendor|cta|direct
gemv,double,sm_120,T,1024,353,8192,vendor|cta|direct
gemv,double,sm_120,T,1024,353,32768,vendor|cta|direct
gemv,double,sm_120,T,1024,1024,1,vendor|cta|direct
gemv,double,sm_120,T,1024,1024,16,vendor|cta|direct
gemv,double,sm_120,T,1024,1024,128,vendor|cta|direct
gemv,double,sm_120,T,1024,1024,319,vendor|cta|direct
gemv,double,sm_120,T,1024,1024,320,vendor|cta|direct
gemv,double,sm_120,T,1024,1024,1024,vendor|cta|direct
gemv,double,sm_120,T,1024,1024,8192,vendor|cta|direct
gemv,double,sm_120,T,1024,1024,32768,vendor|cta|direct
gemv,double,sm_120,T,1024,4096,1,vendor|cta|direct
gemv,double,sm_120,T,1024,4096,16,vendor|cta|direct
gemv,double,sm_120,T,1024,4096,128,vendor|cta|direct
gemv,double,sm_120,T,1024,4096,319,vendor|cta|direct
gemv,double,sm_120,T,1024,4096,320,vendor|cta|direct
gemv,double,sm_120,T,1024,4096,1024,vendor|cta|direct
gemv,double,sm_120,T,1024,4096,8192,vendor|cta|direct
gemv,double,sm_120,T,1024,4096,32768,vendor|cta|direct
gemv,double,sm_120,T,1024,32768,1,vendor|cta|direct
gemv,double,sm_120,T,1024,32768,16,vendor|cta|direct
gemv,double,sm_120,T,1024,32768,128,vendor|cta|direct
gemv,double,sm_120,T,1024,32768,319,vendor|cta|direct
gemv,double,sm_120,T,1024,32768,320,vendor|cta|direct
gemv,double,sm_120,T,1024,32768,1024,vendor|cta|direct
gemv,double,sm_120,T,1024,32768,8192,vendor|cta|direct
gemv,double,sm_120,T,1024,32768,32768,vendor|cta|direct
gemv,double,sm_120,T,4096,1,1,vendor|cta|direct
gemv,double,sm_120,T,4096,1,16,vendor|cta|direct
gemv,double,sm_120,T,4096,1,128,vendor|cta|direct
gemv,double,sm_120,T,4096,1,319,vendor|cta|direct
gemv,double,sm_120,T,4096,1,320,vendor|cta|direct
gemv,double,sm_120,T,4096,1,1024,vendor|cta|direct
gemv,double,sm_120,T,4096,1,8192,vendor|cta|direct
gemv,double,sm_120,T,4096,1,32768,vendor|cta|direct
gemv,double,sm_120,T,4096,8,1,vendor|cta|direct
gemv,double,sm_120,T,4096,8,16,vendor|cta|direct
gemv,double,sm_120,T,4096,8,128,vendor|cta|direct
gemv,double,sm_120,T,4096,8,319,vendor|cta|direct
gemv,double,sm_120,T,4096,8,320,vendor|cta|direct
gemv,double,sm_120,T,4096,8,1024,vendor|cta|direct
gemv,double,sm_120,T,4096,8,8192,vendor|cta|direct
gemv,double,sm_120,T,4096,8,32768,vendor|cta|direct
gemv,double,sm_120,T,4096,32,1,vendor|cta|direct
gemv,double,sm_120,T,4096,32,16,vendor|cta|direct
gemv,double,sm_120,T,4096,32,128,vendor|cta|direct
gemv,double,sm_120,T,4096,32,319,vendor|cta|direct
gemv,double,sm_120,T,4096,32,320,vendor|cta|direct
gemv,double,sm_120,T,4096,32,1024,vendor|cta|direct
gemv,double,sm_120,T,4096,32,8192,vendor|cta|direct
gemv,double,sm_120,T,4096,32,32768,vendor|cta|direct
gemv,double,sm_120,T,4096,63,1,vendor|cta|direct
gemv,double,sm_120,T,4096,63,16,vendor|cta|direct
gemv,double,sm_120,T,4096,63,128,vendor|cta|direct
gemv,double,sm_120,T,4096,63,319,vendor|cta|direct
gemv,double,sm_120,T,4096,63,320,vendor|cta|direct
gemv,double,sm_120,T,4096,63,1024,vendor|cta|direct
gemv,double,sm_120,T,4096,63,8192,vendor|cta|direct
gemv,double,sm_120,T,4096,63,32768,vendor|cta|direct
gemv,double,sm_120,T,4096,64,1,vendor|cta|direct
gemv,double,sm_120,T,4096,64,16,vendor|cta|direct
gemv,double,sm_120,T,4096,64,128,vendor|cta|direct
gemv,double,sm_120,T,4096,64,319,vendor|cta|direct
gemv,double,sm_120,T,4096,64,320,vendor|cta|direct
gemv,double,sm_120,T,4096,64,1024,vendor|cta|direct
gemv,double,sm_120,T,4096,64,8192,vendor|cta|direct
gemv,double,sm_120,T,4096,64,32768,vendor|cta|direct
gemv,double,sm_120,T,4096,128,1,vendor|cta|direct
gemv,double,sm_120,T,4096,128,16,vendor|cta|direct
gemv,double,sm_120,T,4096,128,128,vendor|cta|direct
gemv,double,sm_120,T,4096,128,319,vendor|cta|direct
gemv,double,sm_120,T,4096,128,320,vendor|cta|direct
gemv,double,sm_120,T,4096,128,1024,vendor|cta|direct
gemv,double,sm_120,T,4096,128,8192,vendor|cta|direct
gemv,double,sm_120,T,4096,128,32768,vendor|cta|direct
gemv,double,sm_120,T,4096,352,1,vendor|cta|direct
gemv,double,sm_120,T,4096,352,16,vendor|cta|direct
gemv,double,sm_120,T,4096,352,128,vendor|cta|direct
gemv,double,sm_120,T,4096,352,319,vendor|cta|direct
gemv,double,sm_120,T,4096,352,320,vendor|cta|direct
gemv,double,sm_120,T,4096,352,1024,vendor|cta|direct
gemv,double,sm_120,T,4096,352,8192,vendor|cta|direct
gemv,double,sm_120,T,4096,352,32768,vendor|cta|direct
gemv,double,sm_120,T,4096,353,1,vendor|cta|direct
gemv,double,sm_120,T,4096,353,16,vendor|cta|direct
gemv,double,sm_120,T,4096,353,128,vendor|cta|direct
gemv,double,sm_120,T,4096,353,319,vendor|cta|direct
gemv,double,sm_120,T,4096,353,320,vendor|cta|direct
gemv,double,sm_120,T,4096,353,1024,vendor|cta|direct
gemv,double,sm_120,T,4096,353,8192,vendor|cta|direct
gemv,double,sm_120,T,4096,353,32768,vendor|cta|direct
gemv,double,sm_120,T,4096,1024,1,vendor|cta|direct
gemv,double,sm_120,T,4096,1024,16,vendor|cta|direct
gemv,double,sm_120,T,4096,1024,128,vendor|cta|direct
gemv,double,sm_120,T,4096,1024,319,vendor|cta|direct
gemv,double,sm_120,T,4096,1024,320,vendor|cta|direct
gemv,double,sm_120,T,4096,1024,1024,vendor|cta|direct
gemv,double,sm_120,T,4096,1024,8192,vendor|cta|direct
gemv,double,sm_120,T,4096,1024,32768,vendor|cta|direct
gemv,double,sm_120,T,4096,4096,1,vendor|cta|direct
gemv,double,sm_120,T,4096,4096,16,vendor|cta|direct
gemv,double,sm_120,T,4096,4096,128,vendor|cta|direct
gemv,double,sm_120,T,4096,4096,319,vendor|cta|direct
gemv,double,sm_120,T,4096,4096,320,vendor|cta|direct
gemv,double,sm_120,T,4096,4096,1024,vendor|cta|direct
gemv,double,sm_120,T,4096,4096,8192,vendor|cta|direct
gemv,double,sm_120,T,4096,4096,32768,vendor|cta|direct
gemv,double,sm_120,T,4096,32768,1,vendor|cta|direct
gemv,double,sm_120,T,4096,32768,16,vendor|cta|direct
gemv,double,sm_120,T,4096,32768,128,vendor|cta|direct
gemv,double,sm_120,T,4096,32768,319,vendor|cta|direct
gemv,double,sm_120,T,4096,32768,320,vendor|cta|direct
gemv,double,sm_120,T,4096,32768,1024,vendor|cta|direct
gemv,double,sm_120,T,4096,32768,8192,vendor|cta|direct
gemv,double,sm_120,T,4096,32768,32768,vendor|cta|direct
gemv,double,sm_120,T,32768,1,1,vendor|cta|direct
gemv,double,sm_120,T,32768,1,16,vendor|cta|direct
gemv,double,sm_120,T,32768,1,128,vendor|cta|direct
gemv,double,sm_120,T,32768,1,319,vendor|cta|direct
gemv,double,sm_120,T,32768,1,320,vendor|cta|direct
gemv,double,sm_120,T,32768,1,1024,vendor|cta|direct
gemv,double,sm_120,T,32768,1,8192,vendor|cta|direct
gemv,double,sm_120,T,32768,1,32768,vendor|cta|direct
gemv,double,sm_120,T,32768,8,1,vendor|cta|direct
gemv,double,sm_120,T,32768,8,16,vendor|cta|direct
gemv,double,sm_120,T,32768,8,128,vendor|cta|direct
gemv,double,sm_120,T,32768,8,319,vendor|cta|direct
gemv,double,sm_120,T,32768,8,320,vendor|cta|direct
gemv,double,sm_120,T,32768,8,1024,vendor|cta|direct
gemv,double,sm_120,T,32768,8,8192,vendor|cta|direct
gemv,double,sm_120,T,32768,8,32768,vendor|cta|direct
gemv,double,sm_120,T,32768,32,1,vendor|cta|direct
gemv,double,sm_120,T,32768,32,16,vendor|cta|direct
gemv,double,sm_120,T,32768,32,128,vendor|cta|direct
gemv,double,sm_120,T,32768,32,319,vendor|cta|direct
gemv,double,sm_120,T,32768,32,320,vendor|cta|direct
gemv,double,sm_120,T,32768,32,1024,vendor|cta|direct
gemv,double,sm_120,T,32768,32,8192,vendor|cta|direct
gemv,double,sm_120,T,32768,32,32768,vendor|cta|direct
gemv,double,sm_120,T,32768,63,1,vendor|cta|direct
gemv,double,sm_120,T,32768,63,16,vendor|cta|direct
gemv,double,sm_120,T,32768,63,128,vendor|cta|direct
gemv,double,sm_120,T,32768,63,319,vendor|cta|direct
gemv,double,sm_120,T,32768,63,320,vendor|cta|direct
gemv,double,sm_120,T,32768,63,1024,vendor|cta|direct
gemv,double,sm_120,T,32768,63,8192,vendor|cta|direct
gemv,double,sm_120,T,32768,63,32768,vendor|cta|direct
gemv,double,sm_120,T,32768,64,1,vendor|cta|direct
gemv,double,sm_120,T,32768,64,16,vendor|cta|direct
gemv,double,sm_120,T,32768,64,128,vendor|cta|direct
gemv,double,sm_120,T,32768,64,319,vendor|cta|direct
gemv,double,sm_120,T,32768,64,320,vendor|cta|direct
gemv,double,sm_120,T,32768,64,1024,vendor|cta|direct
gemv,double,sm_120,T,32768,64,8192,vendor|cta|direct
gemv,double,sm_120,T,32768,64,32768,vendor|cta|direct
gemv,double,sm_120,T,32768,128,1,vendor|cta|direct
gemv,double,sm_120,T,32768,128,16,vendor|cta|direct
gemv,double,sm_120,T,32768,128,128,vendor|cta|direct
gemv,double,sm_120,T,32768,128,319,vendor|cta|direct
gemv,double,sm_120,T,32768,128,320,vendor|cta|direct
gemv,double,sm_120,T,32768,128,1024,vendor|cta|direct
gemv,double,sm_120,T,32768,128,8192,vendor|cta|direct
gemv,double,sm_120,T,32768,128,32768,vendor|cta|direct
gemv,double,sm_120,T,32768,352,1,vendor|cta|direct
gemv,double,sm_120,T,32768,352,16,vendor|cta|direct
gemv,double,sm_120,T,32768,352,128,vendor|cta|direct
gemv,double,sm_120,T,32768,352,319,vendor|cta|direct
gemv,double,sm_120,T,32768,352,320,vendor|cta|direct
gemv,double,sm_120,T,32768,352,1024,vendor|cta|direct
gemv,double,sm_120,T,32768,352,8192,vendor|cta|direct
gemv,double,sm_120,T,32768,352,32768,vendor|cta|direct
gemv,double,sm_120,T,32768,353,1,vendor|cta|direct
gemv,double,sm_120,T,32768,353,16,vendor|cta|direct
gemv,double,sm_120,T,32768,353,128,vendor|cta|direct
gemv,double,sm_120,T,32768,353,319,vendor|cta|direct
gemv,double,sm_120,T,32768,353,320,vendor|cta|direct
gemv,double,sm_120,T,32768,353,1024,vendor|cta|direct
gemv,double,sm_120,T,32768,353,8192,vendor|cta|direct
gemv,double,sm_120,T,32768,353,32768,vendor|cta|direct
gemv,double,sm_120,T,32768,1024,1,vendor|cta|direct
gemv,double,sm_120,T,32768,1024,16,vendor|cta|direct
gemv,double,sm_120,T,32768,1024,128,vendor|cta|direct
gemv,double,sm_120,T,32768,1024,319,vendor|cta|direct
gemv,double,sm_120,T,32768,1024,320,vendor|cta|direct
gemv,double,sm_120,T,32768,1024,1024,vendor|cta|direct
gemv,double,sm_120,T,32768,1024,8192,vendor|cta|direct
gemv,double,sm_120,T,32768,1024,32768,vendor|cta|direct
gemv,double,sm_120,T,32768,4096,1,vendor|cta|direct
gemv,double,sm_120,T,32768,4096,16,vendor|cta|direct
gemv,double,sm_120,T,32768,4096,128,vendor|cta|direct
gemv,double,sm_120,T,32768,4096,319,vendor|cta|direct
gemv,double,sm_120,T,32768,4096,320,vendor|cta|direct
gemv,double,sm_120,T,32768,4096,1024,vendor|cta|direct
gemv,double,sm_120,T,32768,4096,8192,vendor|cta|direct
gemv,double,sm_120,T,32768,4096,32768,vendor|cta|direct
gemv,double,sm_120,T,32768,32768,1,vendor|cta|direct
gemv,double,sm_120,T,32768,32768,16,vendor|cta|direct
gemv,double,sm_120,T,32768,32768,128,vendor|cta|direct
gemv,double,sm_120,T,32768,32768,319,vendor|cta|direct
gemv,double,sm_120,T,32768,32768,320,vendor|cta|direct
gemv,double,sm_120,T,32768,32768,1024,vendor|cta|direct
gemv,double,sm_120,T,32768,32768,8192,vendor|cta|direct
gemv,double,sm_120,T,32768,32768,32768,vendor|cta|direct
gemv,cfloat,sm_120,N,1,1,1,vendor|direct
gemv,cfloat,sm_120,N,1,1,16,vendor|direct
gemv,cfloat,sm_120,N,1,1,128,vendor|direct
gemv,cfloat,sm_120,N,1,1,319,vendor|direct
gemv,cfloat,sm_120,N,1,1,320,vendor|direct
gemv,cfloat,sm_120,N,1,1,1024,vendor|direct
gemv,cfloat,sm_120,N,1,1,8192,vendor|direct
gemv,cfloat,sm_120,N,1,1,32768,vendor|direct
gemv,cfloat,sm_120,N,1,8,1,vendor|direct
gemv,cfloat,sm_120,N,1,8,16,vendor|direct
gemv,cfloat,sm_120,N,1,8,128,vendor|direct
gemv,cfloat,sm_120,N,1,8,319,vendor|direct
gemv,cfloat,sm_120,N,1,8,320,vendor|direct
gemv,cfloat,sm_120,N,1,8,1024,vendor|direct
gemv,cfloat,sm_120,N,1,8,8192,vendor|direct
gemv,cfloat,sm_120,N,1,8,32768,vendor|direct
gemv,cfloat,sm_120,N,1,32,1,vendor|direct
gemv,cfloat,sm_120,N,1,32,16,vendor|direct
gemv,cfloat,sm_120,N,1,32,128,vendor|direct
gemv,cfloat,sm_120,N,1,32,319,vendor|direct
gemv,cfloat,sm_120,N,1,32,320,vendor|direct
gemv,cfloat,sm_120,N,1,32,1024,vendor|direct
gemv,cfloat,sm_120,N,1,32,8192,vendor|direct
gemv,cfloat,sm_120,N,1,32,32768,vendor|direct
gemv,cfloat,sm_120,N,1,63,1,vendor|direct
gemv,cfloat,sm_120,N,1,63,16,vendor|direct
gemv,cfloat,sm_120,N,1,63,128,vendor|direct
gemv,cfloat,sm_120,N,1,63,319,vendor|direct
gemv,cfloat,sm_120,N,1,63,320,vendor|direct
gemv,cfloat,sm_120,N,1,63,1024,vendor|direct
gemv,cfloat,sm_120,N,1,63,8192,vendor|direct
gemv,cfloat,sm_120,N,1,63,32768,vendor|direct
gemv,cfloat,sm_120,N,1,64,1,vendor|direct
gemv,cfloat,sm_120,N,1,64,16,vendor|direct
gemv,cfloat,sm_120,N,1,64,128,vendor|direct
gemv,cfloat,sm_120,N,1,64,319,vendor|direct
gemv,cfloat,sm_120,N,1,64,320,vendor|direct
gemv,cfloat,sm_120,N,1,64,1024,vendor|direct
gemv,cfloat,sm_120,N,1,64,8192,vendor|direct
gemv,cfloat,sm_120,N,1,64,32768,vendor|direct
gemv,cfloat,sm_120,N,1,128,1,vendor|direct
gemv,cfloat,sm_120,N,1,128,16,vendor|direct
gemv,cfloat,sm_120,N,1,128,128,vendor|direct
gemv,cfloat,sm_120,N,1,128,319,vendor|direct
gemv,cfloat,sm_120,N,1,128,320,vendor|direct
gemv,cfloat,sm_120,N,1,128,1024,vendor|direct
gemv,cfloat,sm_120,N,1,128,8192,vendor|direct
gemv,cfloat,sm_120,N,1,128,32768,vendor|direct
gemv,cfloat,sm_120,N,1,352,1,vendor|direct
gemv,cfloat,sm_120,N,1,352,16,vendor|direct
gemv,cfloat,sm_120,N,1,352,128,vendor|direct
gemv,cfloat,sm_120,N,1,352,319,vendor|direct
gemv,cfloat,sm_120,N,1,352,320,vendor|direct
gemv,cfloat,sm_120,N,1,352,1024,vendor|direct
gemv,cfloat,sm_120,N,1,352,8192,vendor|direct
gemv,cfloat,sm_120,N,1,352,32768,vendor|direct
gemv,cfloat,sm_120,N,1,353,1,vendor|direct
gemv,cfloat,sm_120,N,1,353,16,vendor|direct
gemv,cfloat,sm_120,N,1,353,128,vendor|direct
gemv,cfloat,sm_120,N,1,353,319,vendor|direct
gemv,cfloat,sm_120,N,1,353,320,vendor|direct
gemv,cfloat,sm_120,N,1,353,1024,vendor|direct
gemv,cfloat,sm_120,N,1,353,8192,vendor|direct
gemv,cfloat,sm_120,N,1,353,32768,vendor|direct
gemv,cfloat,sm_120,N,1,1024,1,vendor|direct
gemv,cfloat,sm_120,N,1,1024,16,vendor|direct
gemv,cfloat,sm_120,N,1,1024,128,vendor|direct
gemv,cfloat,sm_120,N,1,1024,319,vendor|direct
gemv,cfloat,sm_120,N,1,1024,320,vendor|direct
gemv,cfloat,sm_120,N,1,1024,1024,vendor|direct
gemv,cfloat,sm_120,N,1,1024,8192,vendor|direct
gemv,cfloat,sm_120,N,1,1024,32768,vendor|direct
gemv,cfloat,sm_120,N,1,4096,1,vendor|direct
gemv,cfloat,sm_120,N,1,4096,16,vendor|direct
gemv,cfloat,sm_120,N,1,4096,128,vendor|direct
gemv,cfloat,sm_120,N,1,4096,319,vendor|direct
gemv,cfloat,sm_120,N,1,4096,320,vendor|direct
gemv,cfloat,sm_120,N,1,4096,1024,vendor|direct
gemv,cfloat,sm_120,N,1,4096,8192,vendor|direct
gemv,cfloat,sm_120,N,1,4096,32768,vendor|direct
gemv,cfloat,sm_120,N,1,32768,1,vendor|direct
gemv,cfloat,sm_120,N,1,32768,16,vendor|direct
gemv,cfloat,sm_120,N,1,32768,128,vendor|direct
gemv,cfloat,sm_120,N,1,32768,319,vendor|direct
gemv,cfloat,sm_120,N,1,32768,320,vendor|direct
gemv,cfloat,sm_120,N,1,32768,1024,vendor|direct
gemv,cfloat,sm_120,N,1,32768,8192,vendor|direct
gemv,cfloat,sm_120,N,1,32768,32768,vendor|direct
gemv,cfloat,sm_120,N,8,1,1,vendor|direct
gemv,cfloat,sm_120,N,8,1,16,vendor|direct
gemv,cfloat,sm_120,N,8,1,128,vendor|direct
gemv,cfloat,sm_120,N,8,1,319,vendor|direct
gemv,cfloat,sm_120,N,8,1,320,vendor|direct
gemv,cfloat,sm_120,N,8,1,1024,vendor|direct
gemv,cfloat,sm_120,N,8,1,8192,vendor|direct
gemv,cfloat,sm_120,N,8,1,32768,vendor|direct
gemv,cfloat,sm_120,N,8,8,1,vendor|direct
gemv,cfloat,sm_120,N,8,8,16,vendor|direct
gemv,cfloat,sm_120,N,8,8,128,vendor|direct
gemv,cfloat,sm_120,N,8,8,319,vendor|direct
gemv,cfloat,sm_120,N,8,8,320,vendor|direct
gemv,cfloat,sm_120,N,8,8,1024,vendor|direct
gemv,cfloat,sm_120,N,8,8,8192,vendor|direct
gemv,cfloat,sm_120,N,8,8,32768,vendor|direct
gemv,cfloat,sm_120,N,8,32,1,vendor|direct
gemv,cfloat,sm_120,N,8,32,16,vendor|direct
gemv,cfloat,sm_120,N,8,32,128,vendor|direct
gemv,cfloat,sm_120,N,8,32,319,vendor|direct
gemv,cfloat,sm_120,N,8,32,320,vendor|direct
gemv,cfloat,sm_120,N,8,32,1024,vendor|direct
gemv,cfloat,sm_120,N,8,32,8192,vendor|direct
gemv,cfloat,sm_120,N,8,32,32768,vendor|direct
gemv,cfloat,sm_120,N,8,63,1,vendor|direct
gemv,cfloat,sm_120,N,8,63,16,vendor|direct
gemv,cfloat,sm_120,N,8,63,128,vendor|direct
gemv,cfloat,sm_120,N,8,63,319,vendor|direct
gemv,cfloat,sm_120,N,8,63,320,vendor|direct
gemv,cfloat,sm_120,N,8,63,1024,vendor|direct
gemv,cfloat,sm_120,N,8,63,8192,vendor|direct
gemv,cfloat,sm_120,N,8,63,32768,vendor|direct
gemv,cfloat,sm_120,N,8,64,1,vendor|direct
gemv,cfloat,sm_120,N,8,64,16,vendor|direct
gemv,cfloat,sm_120,N,8,64,128,vendor|direct
gemv,cfloat,sm_120,N,8,64,319,vendor|direct
gemv,cfloat,sm_120,N,8,64,320,vendor|direct
gemv,cfloat,sm_120,N,8,64,1024,vendor|direct
gemv,cfloat,sm_120,N,8,64,8192,vendor|direct
gemv,cfloat,sm_120,N,8,64,32768,vendor|direct
gemv,cfloat,sm_120,N,8,128,1,vendor|direct
gemv,cfloat,sm_120,N,8,128,16,vendor|direct
gemv,cfloat,sm_120,N,8,128,128,vendor|direct
gemv,cfloat,sm_120,N,8,128,319,vendor|direct
gemv,cfloat,sm_120,N,8,128,320,vendor|direct
gemv,cfloat,sm_120,N,8,128,1024,vendor|direct
gemv,cfloat,sm_120,N,8,128,8192,vendor|direct
gemv,cfloat,sm_120,N,8,128,32768,vendor|direct
gemv,cfloat,sm_120,N,8,352,1,vendor|direct
gemv,cfloat,sm_120,N,8,352,16,vendor|direct
gemv,cfloat,sm_120,N,8,352,128,vendor|direct
gemv,cfloat,sm_120,N,8,352,319,vendor|direct
gemv,cfloat,sm_120,N,8,352,320,vendor|direct
gemv,cfloat,sm_120,N,8,352,1024,vendor|direct
gemv,cfloat,sm_120,N,8,352,8192,vendor|direct
gemv,cfloat,sm_120,N,8,352,32768,vendor|direct
gemv,cfloat,sm_120,N,8,353,1,vendor|direct
gemv,cfloat,sm_120,N,8,353,16,vendor|direct
gemv,cfloat,sm_120,N,8,353,128,vendor|direct
gemv,cfloat,sm_120,N,8,353,319,vendor|direct
gemv,cfloat,sm_120,N,8,353,320,vendor|direct
gemv,cfloat,sm_120,N,8,353,1024,vendor|direct
gemv,cfloat,sm_120,N,8,353,8192,vendor|direct
gemv,cfloat,sm_120,N,8,353,32768,vendor|direct
gemv,cfloat,sm_120,N,8,1024,1,vendor|direct
gemv,cfloat,sm_120,N,8,1024,16,vendor|direct
gemv,cfloat,sm_120,N,8,1024,128,vendor|direct
gemv,cfloat,sm_120,N,8,1024,319,vendor|direct
gemv,cfloat,sm_120,N,8,1024,320,vendor|direct
gemv,cfloat,sm_120,N,8,1024,1024,vendor|direct
gemv,cfloat,sm_120,N,8,1024,8192,vendor|direct
gemv,cfloat,sm_120,N,8,1024,32768,vendor|direct
gemv,cfloat,sm_120,N,8,4096,1,vendor|direct
gemv,cfloat,sm_120,N,8,4096,16,vendor|direct
gemv,cfloat,sm_120,N,8,4096,128,vendor|direct
gemv,cfloat,sm_120,N,8,4096,319,vendor|direct
gemv,cfloat,sm_120,N,8,4096,320,vendor|direct
gemv,cfloat,sm_120,N,8,4096,1024,vendor|direct
gemv,cfloat,sm_120,N,8,4096,8192,vendor|direct
gemv,cfloat,sm_120,N,8,4096,32768,vendor|direct
gemv,cfloat,sm_120,N,8,32768,1,vendor|direct
gemv,cfloat,sm_120,N,8,32768,16,vendor|direct
gemv,cfloat,sm_120,N,8,32768,128,vendor|direct
gemv,cfloat,sm_120,N,8,32768,319,vendor|direct
gemv,cfloat,sm_120,N,8,32768,320,vendor|direct
gemv,cfloat,sm_120,N,8,32768,1024,vendor|direct
gemv,cfloat,sm_120,N,8,32768,8192,vendor|direct
gemv,cfloat,sm_120,N,8,32768,32768,vendor|direct
gemv,cfloat,sm_120,N,64,1,1,vendor|direct
gemv,cfloat,sm_120,N,64,1,16,vendor|direct
gemv,cfloat,sm_120,N,64,1,128,vendor|direct
gemv,cfloat,sm_120,N,64,1,319,vendor|direct
gemv,cfloat,sm_120,N,64,1,320,vendor|direct
gemv,cfloat,sm_120,N,64,1,1024,vendor|direct
gemv,cfloat,sm_120,N,64,1,8192,vendor|direct
gemv,cfloat,sm_120,N,64,1,32768,vendor|direct
gemv,cfloat,sm_120,N,64,8,1,vendor|direct
gemv,cfloat,sm_120,N,64,8,16,vendor|direct
gemv,cfloat,sm_120,N,64,8,128,vendor|direct
gemv,cfloat,sm_120,N,64,8,319,vendor|direct
gemv,cfloat,sm_120,N,64,8,320,vendor|direct
gemv,cfloat,sm_120,N,64,8,1024,vendor|direct
gemv,cfloat,sm_120,N,64,8,8192,vendor|direct
gemv,cfloat,sm_120,N,64,8,32768,vendor|direct
gemv,cfloat,sm_120,N,64,32,1,vendor|direct
gemv,cfloat,sm_120,N,64,32,16,vendor|direct
gemv,cfloat,sm_120,N,64,32,128,vendor|direct
gemv,cfloat,sm_120,N,64,32,319,vendor|direct
gemv,cfloat,sm_120,N,64,32,320,vendor|direct
gemv,cfloat,sm_120,N,64,32,1024,vendor|direct
gemv,cfloat,sm_120,N,64,32,8192,vendor|direct
gemv,cfloat,sm_120,N,64,32,32768,vendor|direct
gemv,cfloat,sm_120,N,64,63,1,vendor|direct
gemv,cfloat,sm_120,N,64,63,16,vendor|direct
gemv,cfloat,sm_120,N,64,63,128,vendor|direct
gemv,cfloat,sm_120,N,64,63,319,vendor|direct
gemv,cfloat,sm_120,N,64,63,320,vendor|direct
gemv,cfloat,sm_120,N,64,63,1024,vendor|direct
gemv,cfloat,sm_120,N,64,63,8192,vendor|direct
gemv,cfloat,sm_120,N,64,63,32768,vendor|direct
gemv,cfloat,sm_120,N,64,64,1,vendor|direct
gemv,cfloat,sm_120,N,64,64,16,vendor|direct
gemv,cfloat,sm_120,N,64,64,128,vendor|direct
gemv,cfloat,sm_120,N,64,64,319,vendor|direct
gemv,cfloat,sm_120,N,64,64,320,vendor|direct
gemv,cfloat,sm_120,N,64,64,1024,vendor|direct
gemv,cfloat,sm_120,N,64,64,8192,vendor|direct
gemv,cfloat,sm_120,N,64,64,32768,vendor|direct
gemv,cfloat,sm_120,N,64,128,1,vendor|direct
gemv,cfloat,sm_120,N,64,128,16,vendor|direct
gemv,cfloat,sm_120,N,64,128,128,vendor|direct
gemv,cfloat,sm_120,N,64,128,319,vendor|direct
gemv,cfloat,sm_120,N,64,128,320,vendor|direct
gemv,cfloat,sm_120,N,64,128,1024,vendor|direct
gemv,cfloat,sm_120,N,64,128,8192,vendor|direct
gemv,cfloat,sm_120,N,64,128,32768,vendor|direct
gemv,cfloat,sm_120,N,64,352,1,vendor|direct
gemv,cfloat,sm_120,N,64,352,16,vendor|direct
gemv,cfloat,sm_120,N,64,352,128,vendor|direct
gemv,cfloat,sm_120,N,64,352,319,vendor|direct
gemv,cfloat,sm_120,N,64,352,320,vendor|direct
gemv,cfloat,sm_120,N,64,352,1024,vendor|direct
gemv,cfloat,sm_120,N,64,352,8192,vendor|direct
gemv,cfloat,sm_120,N,64,352,32768,vendor|direct
gemv,cfloat,sm_120,N,64,353,1,vendor|direct
gemv,cfloat,sm_120,N,64,353,16,vendor|direct
gemv,cfloat,sm_120,N,64,353,128,vendor|direct
gemv,cfloat,sm_120,N,64,353,319,vendor|direct
gemv,cfloat,sm_120,N,64,353,320,vendor|direct
gemv,cfloat,sm_120,N,64,353,1024,vendor|direct
gemv,cfloat,sm_120,N,64,353,8192,vendor|direct
gemv,cfloat,sm_120,N,64,353,32768,vendor|direct
gemv,cfloat,sm_120,N,64,1024,1,vendor|direct
gemv,cfloat,sm_120,N,64,1024,16,vendor|direct
gemv,cfloat,sm_120,N,64,1024,128,vendor|direct
gemv,cfloat,sm_120,N,64,1024,319,vendor|direct
gemv,cfloat,sm_120,N,64,1024,320,vendor|direct
gemv,cfloat,sm_120,N,64,1024,1024,vendor|direct
gemv,cfloat,sm_120,N,64,1024,8192,vendor|direct
gemv,cfloat,sm_120,N,64,1024,32768,vendor|direct
gemv,cfloat,sm_120,N,64,4096,1,vendor|direct
gemv,cfloat,sm_120,N,64,4096,16,vendor|direct
gemv,cfloat,sm_120,N,64,4096,128,vendor|direct
gemv,cfloat,sm_120,N,64,4096,319,vendor|direct
gemv,cfloat,sm_120,N,64,4096,320,vendor|direct
gemv,cfloat,sm_120,N,64,4096,1024,vendor|direct
gemv,cfloat,sm_120,N,64,4096,8192,vendor|direct
gemv,cfloat,sm_120,N,64,4096,32768,vendor|direct
gemv,cfloat,sm_120,N,64,32768,1,vendor|direct
gemv,cfloat,sm_120,N,64,32768,16,vendor|direct
gemv,cfloat,sm_120,N,64,32768,128,vendor|direct
gemv,cfloat,sm_120,N,64,32768,319,vendor|direct
gemv,cfloat,sm_120,N,64,32768,320,vendor|direct
gemv,cfloat,sm_120,N,64,32768,1024,vendor|direct
gemv,cfloat,sm_120,N,64,32768,8192,vendor|direct
gemv,cfloat,sm_120,N,64,32768,32768,vendor|direct
gemv,cfloat,sm_120,N,255,1,1,vendor|direct
gemv,cfloat,sm_120,N,255,1,16,vendor|direct
gemv,cfloat,sm_120,N,255,1,128,vendor|direct
gemv,cfloat,sm_120,N,255,1,319,vendor|direct
gemv,cfloat,sm_120,N,255,1,320,vendor|direct
gemv,cfloat,sm_120,N,255,1,1024,vendor|direct
gemv,cfloat,sm_120,N,255,1,8192,vendor|direct
gemv,cfloat,sm_120,N,255,1,32768,vendor|direct
gemv,cfloat,sm_120,N,255,8,1,vendor|direct
gemv,cfloat,sm_120,N,255,8,16,vendor|direct
gemv,cfloat,sm_120,N,255,8,128,vendor|direct
gemv,cfloat,sm_120,N,255,8,319,vendor|direct
gemv,cfloat,sm_120,N,255,8,320,vendor|direct
gemv,cfloat,sm_120,N,255,8,1024,vendor|direct
gemv,cfloat,sm_120,N,255,8,8192,vendor|direct
gemv,cfloat,sm_120,N,255,8,32768,vendor|direct
gemv,cfloat,sm_120,N,255,32,1,vendor|direct
gemv,cfloat,sm_120,N,255,32,16,vendor|direct
gemv,cfloat,sm_120,N,255,32,128,vendor|direct
gemv,cfloat,sm_120,N,255,32,319,vendor|direct
gemv,cfloat,sm_120,N,255,32,320,vendor|direct
gemv,cfloat,sm_120,N,255,32,1024,vendor|direct
gemv,cfloat,sm_120,N,255,32,8192,vendor|direct
gemv,cfloat,sm_120,N,255,32,32768,vendor|direct
gemv,cfloat,sm_120,N,255,63,1,vendor|direct
gemv,cfloat,sm_120,N,255,63,16,vendor|direct
gemv,cfloat,sm_120,N,255,63,128,vendor|direct
gemv,cfloat,sm_120,N,255,63,319,vendor|direct
gemv,cfloat,sm_120,N,255,63,320,vendor|direct
gemv,cfloat,sm_120,N,255,63,1024,vendor|direct
gemv,cfloat,sm_120,N,255,63,8192,vendor|direct
gemv,cfloat,sm_120,N,255,63,32768,vendor|direct
gemv,cfloat,sm_120,N,255,64,1,vendor|direct
gemv,cfloat,sm_120,N,255,64,16,vendor|direct
gemv,cfloat,sm_120,N,255,64,128,vendor|direct
gemv,cfloat,sm_120,N,255,64,319,vendor|direct
gemv,cfloat,sm_120,N,255,64,320,vendor|direct
gemv,cfloat,sm_120,N,255,64,1024,vendor|direct
gemv,cfloat,sm_120,N,255,64,8192,vendor|direct
gemv,cfloat,sm_120,N,255,64,32768,vendor|direct
gemv,cfloat,sm_120,N,255,128,1,vendor|direct
gemv,cfloat,sm_120,N,255,128,16,vendor|direct
gemv,cfloat,sm_120,N,255,128,128,vendor|direct
gemv,cfloat,sm_120,N,255,128,319,vendor|direct
gemv,cfloat,sm_120,N,255,128,320,vendor|direct
gemv,cfloat,sm_120,N,255,128,1024,vendor|direct
gemv,cfloat,sm_120,N,255,128,8192,vendor|direct
gemv,cfloat,sm_120,N,255,128,32768,vendor|direct
gemv,cfloat,sm_120,N,255,352,1,vendor|direct
gemv,cfloat,sm_120,N,255,352,16,vendor|direct
gemv,cfloat,sm_120,N,255,352,128,vendor|direct
gemv,cfloat,sm_120,N,255,352,319,vendor|direct
gemv,cfloat,sm_120,N,255,352,320,vendor|direct
gemv,cfloat,sm_120,N,255,352,1024,vendor|direct
gemv,cfloat,sm_120,N,255,352,8192,vendor|direct
gemv,cfloat,sm_120,N,255,352,32768,vendor|direct
gemv,cfloat,sm_120,N,255,353,1,vendor|direct
gemv,cfloat,sm_120,N,255,353,16,vendor|direct
gemv,cfloat,sm_120,N,255,353,128,vendor|direct
gemv,cfloat,sm_120,N,255,353,319,vendor|direct
gemv,cfloat,sm_120,N,255,353,320,vendor|direct
gemv,cfloat,sm_120,N,255,353,1024,vendor|direct
gemv,cfloat,sm_120,N,255,353,8192,vendor|direct
gemv,cfloat,sm_120,N,255,353,32768,vendor|direct
gemv,cfloat,sm_120,N,255,1024,1,vendor|direct
gemv,cfloat,sm_120,N,255,1024,16,vendor|direct
gemv,cfloat,sm_120,N,255,1024,128,vendor|direct
gemv,cfloat,sm_120,N,255,1024,319,vendor|direct
gemv,cfloat,sm_120,N,255,1024,320,vendor|direct
gemv,cfloat,sm_120,N,255,1024,1024,vendor|direct
gemv,cfloat,sm_120,N,255,1024,8192,vendor|direct
gemv,cfloat,sm_120,N,255,1024,32768,vendor|direct
gemv,cfloat,sm_120,N,255,4096,1,vendor|direct
gemv,cfloat,sm_120,N,255,4096,16,vendor|direct
gemv,cfloat,sm_120,N,255,4096,128,vendor|direct
gemv,cfloat,sm_120,N,255,4096,319,vendor|direct
gemv,cfloat,sm_120,N,255,4096,320,vendor|direct
gemv,cfloat,sm_120,N,255,4096,1024,vendor|direct
gemv,cfloat,sm_120,N,255,4096,8192,vendor|direct
gemv,cfloat,sm_120,N,255,4096,32768,vendor|direct
gemv,cfloat,sm_120,N,255,32768,1,vendor|direct
gemv,cfloat,sm_120,N,255,32768,16,vendor|direct
gemv,cfloat,sm_120,N,255,32768,128,vendor|direct
gemv,cfloat,sm_120,N,255,32768,319,vendor|direct
gemv,cfloat,sm_120,N,255,32768,320,vendor|direct
gemv,cfloat,sm_120,N,255,32768,1024,vendor|direct
gemv,cfloat,sm_120,N,255,32768,8192,vendor|direct
gemv,cfloat,sm_120,N,255,32768,32768,vendor|direct
gemv,cfloat,sm_120,N,256,1,1,vendor|direct
gemv,cfloat,sm_120,N,256,1,16,vendor|direct
gemv,cfloat,sm_120,N,256,1,128,vendor|direct
gemv,cfloat,sm_120,N,256,1,319,vendor|direct
gemv,cfloat,sm_120,N,256,1,320,vendor|direct
gemv,cfloat,sm_120,N,256,1,1024,vendor|direct
gemv,cfloat,sm_120,N,256,1,8192,vendor|direct
gemv,cfloat,sm_120,N,256,1,32768,vendor|direct
gemv,cfloat,sm_120,N,256,8,1,vendor|direct
gemv,cfloat,sm_120,N,256,8,16,vendor|direct
gemv,cfloat,sm_120,N,256,8,128,vendor|direct
gemv,cfloat,sm_120,N,256,8,319,vendor|direct
gemv,cfloat,sm_120,N,256,8,320,vendor|direct
gemv,cfloat,sm_120,N,256,8,1024,vendor|direct
gemv,cfloat,sm_120,N,256,8,8192,vendor|direct
gemv,cfloat,sm_120,N,256,8,32768,vendor|direct
gemv,cfloat,sm_120,N,256,32,1,vendor|direct
gemv,cfloat,sm_120,N,256,32,16,vendor|direct
gemv,cfloat,sm_120,N,256,32,128,vendor|direct
gemv,cfloat,sm_120,N,256,32,319,vendor|direct
gemv,cfloat,sm_120,N,256,32,320,vendor|direct
gemv,cfloat,sm_120,N,256,32,1024,vendor|direct
gemv,cfloat,sm_120,N,256,32,8192,vendor|direct
gemv,cfloat,sm_120,N,256,32,32768,vendor|direct
gemv,cfloat,sm_120,N,256,63,1,vendor|direct
gemv,cfloat,sm_120,N,256,63,16,vendor|direct
gemv,cfloat,sm_120,N,256,63,128,vendor|direct
gemv,cfloat,sm_120,N,256,63,319,vendor|direct
gemv,cfloat,sm_120,N,256,63,320,vendor|direct
gemv,cfloat,sm_120,N,256,63,1024,vendor|direct
gemv,cfloat,sm_120,N,256,63,8192,vendor|direct
gemv,cfloat,sm_120,N,256,63,32768,vendor|direct
gemv,cfloat,sm_120,N,256,64,1,vendor|direct
gemv,cfloat,sm_120,N,256,64,16,vendor|direct
gemv,cfloat,sm_120,N,256,64,128,vendor|direct
gemv,cfloat,sm_120,N,256,64,319,vendor|direct
gemv,cfloat,sm_120,N,256,64,320,vendor|direct
gemv,cfloat,sm_120,N,256,64,1024,vendor|direct
gemv,cfloat,sm_120,N,256,64,8192,vendor|direct
gemv,cfloat,sm_120,N,256,64,32768,vendor|direct
gemv,cfloat,sm_120,N,256,128,1,vendor|direct
gemv,cfloat,sm_120,N,256,128,16,vendor|direct
gemv,cfloat,sm_120,N,256,128,128,vendor|direct
gemv,cfloat,sm_120,N,256,128,319,vendor|direct
gemv,cfloat,sm_120,N,256,128,320,vendor|direct
gemv,cfloat,sm_120,N,256,128,1024,vendor|direct
gemv,cfloat,sm_120,N,256,128,8192,vendor|direct
gemv,cfloat,sm_120,N,256,128,32768,vendor|direct
gemv,cfloat,sm_120,N,256,352,1,vendor|direct
gemv,cfloat,sm_120,N,256,352,16,vendor|direct
gemv,cfloat,sm_120,N,256,352,128,vendor|direct
gemv,cfloat,sm_120,N,256,352,319,vendor|direct
gemv,cfloat,sm_120,N,256,352,320,vendor|direct
gemv,cfloat,sm_120,N,256,352,1024,vendor|direct
gemv,cfloat,sm_120,N,256,352,8192,vendor|direct
gemv,cfloat,sm_120,N,256,352,32768,vendor|direct
gemv,cfloat,sm_120,N,256,353,1,vendor|direct
gemv,cfloat,sm_120,N,256,353,16,vendor|direct
gemv,cfloat,sm_120,N,256,353,128,vendor|direct
gemv,cfloat,sm_120,N,256,353,319,vendor|direct
gemv,cfloat,sm_120,N,256,353,320,vendor|direct
gemv,cfloat,sm_120,N,256,353,1024,vendor|direct
gemv,cfloat,sm_120,N,256,353,8192,vendor|direct
gemv,cfloat,sm_120,N,256,353,32768,vendor|direct
gemv,cfloat,sm_120,N,256,1024,1,vendor|direct
gemv,cfloat,sm_120,N,256,1024,16,vendor|direct
gemv,cfloat,sm_120,N,256,1024,128,vendor|direct
gemv,cfloat,sm_120,N,256,1024,319,vendor|direct
gemv,cfloat,sm_120,N,256,1024,320,vendor|direct
gemv,cfloat,sm_120,N,256,1024,1024,vendor|direct
gemv,cfloat,sm_120,N,256,1024,8192,vendor|direct
gemv,cfloat,sm_120,N,256,1024,32768,vendor|direct
gemv,cfloat,sm_120,N,256,4096,1,vendor|direct
gemv,cfloat,sm_120,N,256,4096,16,vendor|direct
gemv,cfloat,sm_120,N,256,4096,128,vendor|direct
gemv,cfloat,sm_120,N,256,4096,319,vendor|direct
gemv,cfloat,sm_120,N,256,4096,320,vendor|direct
gemv,cfloat,sm_120,N,256,4096,1024,vendor|direct
gemv,cfloat,sm_120,N,256,4096,8192,vendor|direct
gemv,cfloat,sm_120,N,256,4096,32768,vendor|direct
gemv,cfloat,sm_120,N,256,32768,1,vendor|direct
gemv,cfloat,sm_120,N,256,32768,16,vendor|direct
gemv,cfloat,sm_120,N,256,32768,128,vendor|direct
gemv,cfloat,sm_120,N,256,32768,319,vendor|direct
gemv,cfloat,sm_120,N,256,32768,320,vendor|direct
gemv,cfloat,sm_120,N,256,32768,1024,vendor|direct
gemv,cfloat,sm_120,N,256,32768,8192,vendor|direct
gemv,cfloat,sm_120,N,256,32768,32768,vendor|direct
gemv,cfloat,sm_120,N,1024,1,1,vendor|direct
gemv,cfloat,sm_120,N,1024,1,16,vendor|direct
gemv,cfloat,sm_120,N,1024,1,128,vendor|direct
gemv,cfloat,sm_120,N,1024,1,319,vendor|direct
gemv,cfloat,sm_120,N,1024,1,320,vendor|direct
gemv,cfloat,sm_120,N,1024,1,1024,vendor|direct
gemv,cfloat,sm_120,N,1024,1,8192,vendor|direct
gemv,cfloat,sm_120,N,1024,1,32768,vendor|direct
gemv,cfloat,sm_120,N,1024,8,1,vendor|direct
gemv,cfloat,sm_120,N,1024,8,16,vendor|direct
gemv,cfloat,sm_120,N,1024,8,128,vendor|direct
gemv,cfloat,sm_120,N,1024,8,319,vendor|direct
gemv,cfloat,sm_120,N,1024,8,320,vendor|direct
gemv,cfloat,sm_120,N,1024,8,1024,vendor|direct
gemv,cfloat,sm_120,N,1024,8,8192,vendor|direct
gemv,cfloat,sm_120,N,1024,8,32768,vendor|direct
gemv,cfloat,sm_120,N,1024,32,1,vendor|direct
gemv,cfloat,sm_120,N,1024,32,16,vendor|direct
gemv,cfloat,sm_120,N,1024,32,128,vendor|direct
gemv,cfloat,sm_120,N,1024,32,319,vendor|direct
gemv,cfloat,sm_120,N,1024,32,320,vendor|direct
gemv,cfloat,sm_120,N,1024,32,1024,vendor|direct
gemv,cfloat,sm_120,N,1024,32,8192,vendor|direct
gemv,cfloat,sm_120,N,1024,32,32768,vendor|direct
gemv,cfloat,sm_120,N,1024,63,1,vendor|direct
gemv,cfloat,sm_120,N,1024,63,16,vendor|direct
gemv,cfloat,sm_120,N,1024,63,128,vendor|direct
gemv,cfloat,sm_120,N,1024,63,319,vendor|direct
gemv,cfloat,sm_120,N,1024,63,320,vendor|direct
gemv,cfloat,sm_120,N,1024,63,1024,vendor|direct
gemv,cfloat,sm_120,N,1024,63,8192,vendor|direct
gemv,cfloat,sm_120,N,1024,63,32768,vendor|direct
gemv,cfloat,sm_120,N,1024,64,1,vendor|direct
gemv,cfloat,sm_120,N,1024,64,16,vendor|direct
gemv,cfloat,sm_120,N,1024,64,128,vendor|direct
gemv,cfloat,sm_120,N,1024,64,319,vendor|direct
gemv,cfloat,sm_120,N,1024,64,320,vendor|direct
gemv,cfloat,sm_120,N,1024,64,1024,vendor|direct
gemv,cfloat,sm_120,N,1024,64,8192,vendor|direct
gemv,cfloat,sm_120,N,1024,64,32768,vendor|direct
gemv,cfloat,sm_120,N,1024,128,1,vendor|direct
gemv,cfloat,sm_120,N,1024,128,16,vendor|direct
gemv,cfloat,sm_120,N,1024,128,128,vendor|direct
gemv,cfloat,sm_120,N,1024,128,319,vendor|direct
gemv,cfloat,sm_120,N,1024,128,320,vendor|direct
gemv,cfloat,sm_120,N,1024,128,1024,vendor|direct
gemv,cfloat,sm_120,N,1024,128,8192,vendor|direct
gemv,cfloat,sm_120,N,1024,128,32768,vendor|direct
gemv,cfloat,sm_120,N,1024,352,1,vendor|direct
gemv,cfloat,sm_120,N,1024,352,16,vendor|direct
gemv,cfloat,sm_120,N,1024,352,128,vendor|direct
gemv,cfloat,sm_120,N,1024,352,319,vendor|direct
gemv,cfloat,sm_120,N,1024,352,320,vendor|direct
gemv,cfloat,sm_120,N,1024,352,1024,vendor|direct
gemv,cfloat,sm_120,N,1024,352,8192,vendor|direct
gemv,cfloat,sm_120,N,1024,352,32768,vendor|direct
gemv,cfloat,sm_120,N,1024,353,1,vendor|direct
gemv,cfloat,sm_120,N,1024,353,16,vendor|direct
gemv,cfloat,sm_120,N,1024,353,128,vendor|direct
gemv,cfloat,sm_120,N,1024,353,319,vendor|direct
gemv,cfloat,sm_120,N,1024,353,320,vendor|direct
gemv,cfloat,sm_120,N,1024,353,1024,vendor|direct
gemv,cfloat,sm_120,N,1024,353,8192,vendor|direct
gemv,cfloat,sm_120,N,1024,353,32768,vendor|direct
gemv,cfloat,sm_120,N,1024,1024,1,vendor|direct
gemv,cfloat,sm_120,N,1024,1024,16,vendor|direct
gemv,cfloat,sm_120,N,1024,1024,128,vendor|direct
gemv,cfloat,sm_120,N,1024,1024,319,vendor|direct
gemv,cfloat,sm_120,N,1024,1024,320,vendor|direct
gemv,cfloat,sm_120,N,1024,1024,1024,vendor|direct
gemv,cfloat,sm_120,N,1024,1024,8192,vendor|direct
gemv,cfloat,sm_120,N,1024,1024,32768,vendor|direct
gemv,cfloat,sm_120,N,1024,4096,1,vendor|direct
gemv,cfloat,sm_120,N,1024,4096,16,vendor|direct
gemv,cfloat,sm_120,N,1024,4096,128,vendor|direct
gemv,cfloat,sm_120,N,1024,4096,319,vendor|direct
gemv,cfloat,sm_120,N,1024,4096,320,vendor|direct
gemv,cfloat,sm_120,N,1024,4096,1024,vendor|direct
gemv,cfloat,sm_120,N,1024,4096,8192,vendor|direct
gemv,cfloat,sm_120,N,1024,4096,32768,vendor|direct
gemv,cfloat,sm_120,N,1024,32768,1,vendor|direct
gemv,cfloat,sm_120,N,1024,32768,16,vendor|direct
gemv,cfloat,sm_120,N,1024,32768,128,vendor|direct
gemv,cfloat,sm_120,N,1024,32768,319,vendor|direct
gemv,cfloat,sm_120,N,1024,32768,320,vendor|direct
gemv,cfloat,sm_120,N,1024,32768,1024,vendor|direct
gemv,cfloat,sm_120,N,1024,32768,8192,vendor|direct
gemv,cfloat,sm_120,N,1024,32768,32768,vendor|direct
gemv,cfloat,sm_120,N,4096,1,1,vendor|direct
gemv,cfloat,sm_120,N,4096,1,16,vendor|direct
gemv,cfloat,sm_120,N,4096,1,128,vendor|direct
gemv,cfloat,sm_120,N,4096,1,319,vendor|direct
gemv,cfloat,sm_120,N,4096,1,320,vendor|direct
gemv,cfloat,sm_120,N,4096,1,1024,vendor|direct
gemv,cfloat,sm_120,N,4096,1,8192,vendor|direct
gemv,cfloat,sm_120,N,4096,1,32768,vendor|direct
gemv,cfloat,sm_120,N,4096,8,1,vendor|direct
gemv,cfloat,sm_120,N,4096,8,16,vendor|direct
gemv,cfloat,sm_120,N,4096,8,128,vendor|direct
gemv,cfloat,sm_120,N,4096,8,319,vendor|direct
gemv,cfloat,sm_120,N,4096,8,320,vendor|direct
gemv,cfloat,sm_120,N,4096,8,1024,vendor|direct
gemv,cfloat,sm_120,N,4096,8,8192,vendor|direct
gemv,cfloat,sm_120,N,4096,8,32768,vendor|direct
gemv,cfloat,sm_120,N,4096,32,1,vendor|direct
gemv,cfloat,sm_120,N,4096,32,16,vendor|direct
gemv,cfloat,sm_120,N,4096,32,128,vendor|direct
gemv,cfloat,sm_120,N,4096,32,319,vendor|direct
gemv,cfloat,sm_120,N,4096,32,320,vendor|direct
gemv,cfloat,sm_120,N,4096,32,1024,vendor|direct
gemv,cfloat,sm_120,N,4096,32,8192,vendor|direct
gemv,cfloat,sm_120,N,4096,32,32768,vendor|direct
gemv,cfloat,sm_120,N,4096,63,1,vendor|direct
gemv,cfloat,sm_120,N,4096,63,16,vendor|direct
gemv,cfloat,sm_120,N,4096,63,128,vendor|direct
gemv,cfloat,sm_120,N,4096,63,319,vendor|direct
gemv,cfloat,sm_120,N,4096,63,320,vendor|direct
gemv,cfloat,sm_120,N,4096,63,1024,vendor|direct
gemv,cfloat,sm_120,N,4096,63,8192,vendor|direct
gemv,cfloat,sm_120,N,4096,63,32768,vendor|direct
gemv,cfloat,sm_120,N,4096,64,1,vendor|direct
gemv,cfloat,sm_120,N,4096,64,16,vendor|direct
gemv,cfloat,sm_120,N,4096,64,128,vendor|direct
gemv,cfloat,sm_120,N,4096,64,319,vendor|direct
gemv,cfloat,sm_120,N,4096,64,320,vendor|direct
gemv,cfloat,sm_120,N,4096,64,1024,vendor|direct
gemv,cfloat,sm_120,N,4096,64,8192,vendor|direct
gemv,cfloat,sm_120,N,4096,64,32768,vendor|direct
gemv,cfloat,sm_120,N,4096,128,1,vendor|direct
gemv,cfloat,sm_120,N,4096,128,16,vendor|direct
gemv,cfloat,sm_120,N,4096,128,128,vendor|direct
gemv,cfloat,sm_120,N,4096,128,319,vendor|direct
gemv,cfloat,sm_120,N,4096,128,320,vendor|direct
gemv,cfloat,sm_120,N,4096,128,1024,vendor|direct
gemv,cfloat,sm_120,N,4096,128,8192,vendor|direct
gemv,cfloat,sm_120,N,4096,128,32768,vendor|direct
gemv,cfloat,sm_120,N,4096,352,1,vendor|direct
gemv,cfloat,sm_120,N,4096,352,16,vendor|direct
gemv,cfloat,sm_120,N,4096,352,128,vendor|direct
gemv,cfloat,sm_120,N,4096,352,319,vendor|direct
gemv,cfloat,sm_120,N,4096,352,320,vendor|direct
gemv,cfloat,sm_120,N,4096,352,1024,vendor|direct
gemv,cfloat,sm_120,N,4096,352,8192,vendor|direct
gemv,cfloat,sm_120,N,4096,352,32768,vendor|direct
gemv,cfloat,sm_120,N,4096,353,1,vendor|direct
gemv,cfloat,sm_120,N,4096,353,16,vendor|direct
gemv,cfloat,sm_120,N,4096,353,128,vendor|direct
gemv,cfloat,sm_120,N,4096,353,319,vendor|direct
gemv,cfloat,sm_120,N,4096,353,320,vendor|direct
gemv,cfloat,sm_120,N,4096,353,1024,vendor|direct
gemv,cfloat,sm_120,N,4096,353,8192,vendor|direct
gemv,cfloat,sm_120,N,4096,353,32768,vendor|direct
gemv,cfloat,sm_120,N,4096,1024,1,vendor|direct
gemv,cfloat,sm_120,N,4096,1024,16,vendor|direct
gemv,cfloat,sm_120,N,4096,1024,128,vendor|direct
gemv,cfloat,sm_120,N,4096,1024,319,vendor|direct
gemv,cfloat,sm_120,N,4096,1024,320,vendor|direct
gemv,cfloat,sm_120,N,4096,1024,1024,vendor|direct
gemv,cfloat,sm_120,N,4096,1024,8192,vendor|direct
gemv,cfloat,sm_120,N,4096,1024,32768,vendor|direct
gemv,cfloat,sm_120,N,4096,4096,1,vendor|direct
gemv,cfloat,sm_120,N,4096,4096,16,vendor|direct
gemv,cfloat,sm_120,N,4096,4096,128,vendor|direct
gemv,cfloat,sm_120,N,4096,4096,319,vendor|direct
gemv,cfloat,sm_120,N,4096,4096,320,vendor|direct
gemv,cfloat,sm_120,N,4096,4096,1024,vendor|direct
gemv,cfloat,sm_120,N,4096,4096,8192,vendor|direct
gemv,cfloat,sm_120,N,4096,4096,32768,vendor|direct
gemv,cfloat,sm_120,N,4096,32768,1,vendor|direct
gemv,cfloat,sm_120,N,4096,32768,16,vendor|direct
gemv,cfloat,sm_120,N,4096,32768,128,vendor|direct
gemv,cfloat,sm_120,N,4096,32768,319,vendor|direct
gemv,cfloat,sm_120,N,4096,32768,320,vendor|direct
gemv,cfloat,sm_120,N,4096,32768,1024,vendor|direct
gemv,cfloat,sm_120,N,4096,32768,8192,vendor|direct
gemv,cfloat,sm_120,N,4096,32768,32768,vendor|direct
gemv,cfloat,sm_120,N,32768,1,1,vendor|direct
gemv,cfloat,sm_120,N,32768,1,16,vendor|direct
gemv,cfloat,sm_120,N,32768,1,128,vendor|direct
gemv,cfloat,sm_120,N,32768,1,319,vendor|direct
gemv,cfloat,sm_120,N,32768,1,320,vendor|direct
gemv,cfloat,sm_120,N,32768,1,1024,vendor|direct
gemv,cfloat,sm_120,N,32768,1,8192,vendor|direct
gemv,cfloat,sm_120,N,32768,1,32768,vendor|direct
gemv,cfloat,sm_120,N,32768,8,1,vendor|direct
gemv,cfloat,sm_120,N,32768,8,16,vendor|direct
gemv,cfloat,sm_120,N,32768,8,128,vendor|direct
gemv,cfloat,sm_120,N,32768,8,319,vendor|direct
gemv,cfloat,sm_120,N,32768,8,320,vendor|direct
gemv,cfloat,sm_120,N,32768,8,1024,vendor|direct
gemv,cfloat,sm_120,N,32768,8,8192,vendor|direct
gemv,cfloat,sm_120,N,32768,8,32768,vendor|direct
gemv,cfloat,sm_120,N,32768,32,1,vendor|direct
gemv,cfloat,sm_120,N,32768,32,16,vendor|direct
gemv,cfloat,sm_120,N,32768,32,128,vendor|direct
gemv,cfloat,sm_120,N,32768,32,319,vendor|direct
gemv,cfloat,sm_120,N,32768,32,320,vendor|direct
gemv,cfloat,sm_120,N,32768,32,1024,vendor|direct
gemv,cfloat,sm_120,N,32768,32,8192,vendor|direct
gemv,cfloat,sm_120,N,32768,32,32768,vendor|direct
gemv,cfloat,sm_120,N,32768,63,1,vendor|direct
gemv,cfloat,sm_120,N,32768,63,16,vendor|direct
gemv,cfloat,sm_120,N,32768,63,128,vendor|direct
gemv,cfloat,sm_120,N,32768,63,319,vendor|direct
gemv,cfloat,sm_120,N,32768,63,320,vendor|direct
gemv,cfloat,sm_120,N,32768,63,1024,vendor|direct
gemv,cfloat,sm_120,N,32768,63,8192,vendor|direct
gemv,cfloat,sm_120,N,32768,63,32768,vendor|direct
gemv,cfloat,sm_120,N,32768,64,1,vendor|direct
gemv,cfloat,sm_120,N,32768,64,16,vendor|direct
gemv,cfloat,sm_120,N,32768,64,128,vendor|direct
gemv,cfloat,sm_120,N,32768,64,319,vendor|direct
gemv,cfloat,sm_120,N,32768,64,320,vendor|direct
gemv,cfloat,sm_120,N,32768,64,1024,vendor|direct
gemv,cfloat,sm_120,N,32768,64,8192,vendor|direct
gemv,cfloat,sm_120,N,32768,64,32768,vendor|direct
gemv,cfloat,sm_120,N,32768,128,1,vendor|direct
gemv,cfloat,sm_120,N,32768,128,16,vendor|direct
gemv,cfloat,sm_120,N,32768,128,128,vendor|direct
gemv,cfloat,sm_120,N,32768,128,319,vendor|direct
gemv,cfloat,sm_120,N,32768,128,320,vendor|direct
gemv,cfloat,sm_120,N,32768,128,1024,vendor|direct
gemv,cfloat,sm_120,N,32768,128,8192,vendor|direct
gemv,cfloat,sm_120,N,32768,128,32768,vendor|direct
gemv,cfloat,sm_120,N,32768,352,1,vendor|direct
gemv,cfloat,sm_120,N,32768,352,16,vendor|direct
gemv,cfloat,sm_120,N,32768,352,128,vendor|direct
gemv,cfloat,sm_120,N,32768,352,319,vendor|direct
gemv,cfloat,sm_120,N,32768,352,320,vendor|direct
gemv,cfloat,sm_120,N,32768,352,1024,vendor|direct
gemv,cfloat,sm_120,N,32768,352,8192,vendor|direct
gemv,cfloat,sm_120,N,32768,352,32768,vendor|direct
gemv,cfloat,sm_120,N,32768,353,1,vendor|direct
gemv,cfloat,sm_120,N,32768,353,16,vendor|direct
gemv,cfloat,sm_120,N,32768,353,128,vendor|direct
gemv,cfloat,sm_120,N,32768,353,319,vendor|direct
gemv,cfloat,sm_120,N,32768,353,320,vendor|direct
gemv,cfloat,sm_120,N,32768,353,1024,vendor|direct
gemv,cfloat,sm_120,N,32768,353,8192,vendor|direct
gemv,cfloat,sm_120,N,32768,353,32768,vendor|direct
gemv,cfloat,sm_120,N,32768,1024,1,vendor|direct
gemv,cfloat,sm_120,N,32768,1024,16,vendor|direct
gemv,cfloat,sm_120,N,32768,1024,128,vendor|direct
gemv,cfloat,sm_120,N,32768,1024,319,vendor|direct
gemv,cfloat,sm_120,N,32768,1024,320,vendor|direct
gemv,cfloat,sm_120,N,32768,1024,1024,vendor|direct
gemv,cfloat,sm_120,N,32768,1024,8192,vendor|direct
gemv,cfloat,sm_120,N,32768,1024,32768,vendor|direct
gemv,cfloat,sm_120,N,32768,4096,1,vendor|direct
gemv,cfloat,sm_120,N,32768,4096,16,vendor|direct
gemv,cfloat,sm_120,N,32768,4096,128,vendor|direct
gemv,cfloat,sm_120,N,32768,4096,319,vendor|direct
gemv,cfloat,sm_120,N,32768,4096,320,vendor|direct
gemv,cfloat,sm_120,N,32768,4096,1024,vendor|direct
gemv,cfloat,sm_120,N,32768,4096,8192,vendor|direct
gemv,cfloat,sm_120,N,32768,4096,32768,vendor|direct
gemv,cfloat,sm_120,N,32768,32768,1,vendor|direct
gemv,cfloat,sm_120,N,32768,32768,16,vendor|direct
gemv,cfloat,sm_120,N,32768,32768,128,vendor|direct
gemv,cfloat,sm_120,N,32768,32768,319,vendor|direct
gemv,cfloat,sm_120,N,32768,32768,320,vendor|direct
gemv,cfloat,sm_120,N,32768,32768,1024,vendor|direct
gemv,cfloat,sm_120,N,32768,32768,8192,vendor|direct
gemv,cfloat,sm_120,N,32768,32768,32768,vendor|direct
gemv,cfloat,sm_120,T,1,1,1,vendor|cta|direct
gemv,cfloat,sm_120,T,1,1,16,vendor|cta|direct
gemv,cfloat,sm_120,T,1,1,128,vendor|cta|direct
gemv,cfloat,sm_120,T,1,1,319,vendor|cta|direct
gemv,cfloat,sm_120,T,1,1,320,vendor|cta|direct
gemv,cfloat,sm_120,T,1,1,1024,vendor|cta|direct
gemv,cfloat,sm_120,T,1,1,8192,vendor|cta|direct
gemv,cfloat,sm_120,T,1,1,32768,vendor|cta|direct
gemv,cfloat,sm_120,T,1,8,1,vendor|cta|direct
gemv,cfloat,sm_120,T,1,8,16,vendor|cta|direct
gemv,cfloat,sm_120,T,1,8,128,vendor|cta|direct
gemv,cfloat,sm_120,T,1,8,319,vendor|cta|direct
gemv,cfloat,sm_120,T,1,8,320,vendor|cta|direct
gemv,cfloat,sm_120,T,1,8,1024,vendor|cta|direct
gemv,cfloat,sm_120,T,1,8,8192,vendor|cta|direct
gemv,cfloat,sm_120,T,1,8,32768,vendor|cta|direct
gemv,cfloat,sm_120,T,1,32,1,vendor|cta|direct
gemv,cfloat,sm_120,T,1,32,16,vendor|cta|direct
gemv,cfloat,sm_120,T,1,32,128,vendor|cta|direct
gemv,cfloat,sm_120,T,1,32,319,vendor|cta|direct
gemv,cfloat,sm_120,T,1,32,320,vendor|cta|direct
gemv,cfloat,sm_120,T,1,32,1024,vendor|cta|direct
gemv,cfloat,sm_120,T,1,32,8192,vendor|cta|direct
gemv,cfloat,sm_120,T,1,32,32768,vendor|cta|direct
gemv,cfloat,sm_120,T,1,63,1,vendor|cta|direct
gemv,cfloat,sm_120,T,1,63,16,vendor|cta|direct
gemv,cfloat,sm_120,T,1,63,128,vendor|cta|direct
gemv,cfloat,sm_120,T,1,63,319,vendor|cta|direct
gemv,cfloat,sm_120,T,1,63,320,vendor|cta|direct
gemv,cfloat,sm_120,T,1,63,1024,vendor|cta|direct
gemv,cfloat,sm_120,T,1,63,8192,vendor|cta|direct
gemv,cfloat,sm_120,T,1,63,32768,vendor|cta|direct
gemv,cfloat,sm_120,T,1,64,1,vendor|cta|direct
gemv,cfloat,sm_120,T,1,64,16,vendor|cta|direct
gemv,cfloat,sm_120,T,1,64,128,vendor|cta|direct
gemv,cfloat,sm_120,T,1,64,319,vendor|cta|direct
gemv,cfloat,sm_120,T,1,64,320,vendor|cta|direct
gemv,cfloat,sm_120,T,1,64,1024,vendor|cta|direct
gemv,cfloat,sm_120,T,1,64,8192,vendor|cta|direct
gemv,cfloat,sm_120,T,1,64,32768,vendor|cta|direct
gemv,cfloat,sm_120,T,1,128,1,vendor|cta|direct
gemv,cfloat,sm_120,T,1,128,16,vendor|cta|direct
gemv,cfloat,sm_120,T,1,128,128,vendor|cta|direct
gemv,cfloat,sm_120,T,1,128,319,vendor|cta|direct
gemv,cfloat,sm_120,T,1,128,320,vendor|cta|direct
gemv,cfloat,sm_120,T,1,128,1024,vendor|cta|direct
gemv,cfloat,sm_120,T,1,128,8192,vendor|cta|direct
gemv,cfloat,sm_120,T,1,128,32768,vendor|cta|direct
gemv,cfloat,sm_120,T,1,352,1,vendor|cta|direct
gemv,cfloat,sm_120,T,1,352,16,vendor|cta|direct
gemv,cfloat,sm_120,T,1,352,128,vendor|cta|direct
gemv,cfloat,sm_120,T,1,352,319,vendor|cta|direct
gemv,cfloat,sm_120,T,1,352,320,vendor|cta|direct
gemv,cfloat,sm_120,T,1,352,1024,vendor|cta|direct
gemv,cfloat,sm_120,T,1,352,8192,vendor|cta|direct
gemv,cfloat,sm_120,T,1,352,32768,vendor|cta|direct
gemv,cfloat,sm_120,T,1,353,1,vendor|cta|direct
gemv,cfloat,sm_120,T,1,353,16,vendor|cta|direct
gemv,cfloat,sm_120,T,1,353,128,vendor|cta|direct
gemv,cfloat,sm_120,T,1,353,319,vendor|cta|direct
gemv,cfloat,sm_120,T,1,353,320,vendor|cta|direct
gemv,cfloat,sm_120,T,1,353,1024,vendor|cta|direct
gemv,cfloat,sm_120,T,1,353,8192,vendor|cta|direct
gemv,cfloat,sm_120,T,1,353,32768,vendor|cta|direct
gemv,cfloat,sm_120,T,1,1024,1,vendor|cta|direct
gemv,cfloat,sm_120,T,1,1024,16,vendor|cta|direct
gemv,cfloat,sm_120,T,1,1024,128,vendor|cta|direct
gemv,cfloat,sm_120,T,1,1024,319,vendor|cta|direct
gemv,cfloat,sm_120,T,1,1024,320,vendor|cta|direct
gemv,cfloat,sm_120,T,1,1024,1024,vendor|cta|direct
gemv,cfloat,sm_120,T,1,1024,8192,vendor|cta|direct
gemv,cfloat,sm_120,T,1,1024,32768,vendor|cta|direct
gemv,cfloat,sm_120,T,1,4096,1,vendor|cta|direct
gemv,cfloat,sm_120,T,1,4096,16,vendor|cta|direct
gemv,cfloat,sm_120,T,1,4096,128,vendor|cta|direct
gemv,cfloat,sm_120,T,1,4096,319,vendor|cta|direct
gemv,cfloat,sm_120,T,1,4096,320,vendor|cta|direct
gemv,cfloat,sm_120,T,1,4096,1024,vendor|cta|direct
gemv,cfloat,sm_120,T,1,4096,8192,vendor|cta|direct
gemv,cfloat,sm_120,T,1,4096,32768,vendor|cta|direct
gemv,cfloat,sm_120,T,1,32768,1,vendor|cta|direct
gemv,cfloat,sm_120,T,1,32768,16,vendor|cta|direct
gemv,cfloat,sm_120,T,1,32768,128,vendor|cta|direct
gemv,cfloat,sm_120,T,1,32768,319,vendor|cta|direct
gemv,cfloat,sm_120,T,1,32768,320,vendor|cta|direct
gemv,cfloat,sm_120,T,1,32768,1024,vendor|cta|direct
gemv,cfloat,sm_120,T,1,32768,8192,vendor|cta|direct
gemv,cfloat,sm_120,T,1,32768,32768,vendor|cta|direct
gemv,cfloat,sm_120,T,8,1,1,vendor|cta|direct
gemv,cfloat,sm_120,T,8,1,16,vendor|cta|direct
gemv,cfloat,sm_120,T,8,1,128,vendor|cta|direct
gemv,cfloat,sm_120,T,8,1,319,vendor|cta|direct
gemv,cfloat,sm_120,T,8,1,320,vendor|cta|direct
gemv,cfloat,sm_120,T,8,1,1024,vendor|cta|direct
gemv,cfloat,sm_120,T,8,1,8192,vendor|cta|direct
gemv,cfloat,sm_120,T,8,1,32768,vendor|cta|direct
gemv,cfloat,sm_120,T,8,8,1,vendor|cta|direct
gemv,cfloat,sm_120,T,8,8,16,vendor|cta|direct
gemv,cfloat,sm_120,T,8,8,128,vendor|cta|direct
gemv,cfloat,sm_120,T,8,8,319,vendor|cta|direct
gemv,cfloat,sm_120,T,8,8,320,vendor|cta|direct
gemv,cfloat,sm_120,T,8,8,1024,vendor|cta|direct
gemv,cfloat,sm_120,T,8,8,8192,vendor|cta|direct
gemv,cfloat,sm_120,T,8,8,32768,vendor|cta|direct
gemv,cfloat,sm_120,T,8,32,1,vendor|cta|direct
gemv,cfloat,sm_120,T,8,32,16,vendor|cta|direct
gemv,cfloat,sm_120,T,8,32,128,vendor|cta|direct
gemv,cfloat,sm_120,T,8,32,319,vendor|cta|direct
gemv,cfloat,sm_120,T,8,32,320,vendor|cta|direct
gemv,cfloat,sm_120,T,8,32,1024,vendor|cta|direct
gemv,cfloat,sm_120,T,8,32,8192,vendor|cta|direct
gemv,cfloat,sm_120,T,8,32,32768,vendor|cta|direct
gemv,cfloat,sm_120,T,8,63,1,vendor|cta|direct
gemv,cfloat,sm_120,T,8,63,16,vendor|cta|direct
gemv,cfloat,sm_120,T,8,63,128,vendor|cta|direct
gemv,cfloat,sm_120,T,8,63,319,vendor|cta|direct
gemv,cfloat,sm_120,T,8,63,320,vendor|cta|direct
gemv,cfloat,sm_120,T,8,63,1024,vendor|cta|direct
gemv,cfloat,sm_120,T,8,63,8192,vendor|cta|direct
gemv,cfloat,sm_120,T,8,63,32768,vendor|cta|direct
gemv,cfloat,sm_120,T,8,64,1,vendor|cta|direct
gemv,cfloat,sm_120,T,8,64,16,vendor|cta|direct
gemv,cfloat,sm_120,T,8,64,128,vendor|cta|direct
gemv,cfloat,sm_120,T,8,64,319,vendor|cta|direct
gemv,cfloat,sm_120,T,8,64,320,vendor|cta|direct
gemv,cfloat,sm_120,T,8,64,1024,vendor|cta|direct
gemv,cfloat,sm_120,T,8,64,8192,vendor|cta|direct
gemv,cfloat,sm_120,T,8,64,32768,vendor|cta|direct
gemv,cfloat,sm_120,T,8,128,1,vendor|cta|direct
gemv,cfloat,sm_120,T,8,128,16,vendor|cta|direct
gemv,cfloat,sm_120,T,8,128,128,vendor|cta|direct
gemv,cfloat,sm_120,T,8,128,319,vendor|cta|direct
gemv,cfloat,sm_120,T,8,128,320,vendor|cta|direct
gemv,cfloat,sm_120,T,8,128,1024,vendor|cta|direct
gemv,cfloat,sm_120,T,8,128,8192,vendor|cta|direct
gemv,cfloat,sm_120,T,8,128,32768,vendor|cta|direct
gemv,cfloat,sm_120,T,8,352,1,vendor|cta|direct
gemv,cfloat,sm_120,T,8,352,16,vendor|cta|direct
gemv,cfloat,sm_120,T,8,352,128,vendor|cta|direct
gemv,cfloat,sm_120,T,8,352,319,vendor|cta|direct
gemv,cfloat,sm_120,T,8,352,320,vendor|cta|direct
gemv,cfloat,sm_120,T,8,352,1024,vendor|cta|direct
gemv,cfloat,sm_120,T,8,352,8192,vendor|cta|direct
gemv,cfloat,sm_120,T,8,352,32768,vendor|cta|direct
gemv,cfloat,sm_120,T,8,353,1,vendor|cta|direct
gemv,cfloat,sm_120,T,8,353,16,vendor|cta|direct
gemv,cfloat,sm_120,T,8,353,128,vendor|cta|direct
gemv,cfloat,sm_120,T,8,353,319,vendor|cta|direct
gemv,cfloat,sm_120,T,8,353,320,vendor|cta|direct
gemv,cfloat,sm_120,T,8,353,1024,vendor|cta|direct
gemv,cfloat,sm_120,T,8,353,8192,vendor|cta|direct
gemv,cfloat,sm_120,T,8,353,32768,vendor|cta|direct
gemv,cfloat,sm_120,T,8,1024,1,vendor|cta|direct
gemv,cfloat,sm_120,T,8,1024,16,vendor|cta|direct
gemv,cfloat,sm_120,T,8,1024,128,vendor|cta|direct
gemv,cfloat,sm_120,T,8,1024,319,vendor|cta|direct
gemv,cfloat,sm_120,T,8,1024,320,vendor|cta|direct
gemv,cfloat,sm_120,T,8,1024,1024,vendor|cta|direct
gemv,cfloat,sm_120,T,8,1024,8192,vendor|cta|direct
gemv,cfloat,sm_120,T,8,1024,32768,vendor|cta|direct
gemv,cfloat,sm_120,T,8,4096,1,vendor|cta|direct
gemv,cfloat,sm_120,T,8,4096,16,vendor|cta|direct
gemv,cfloat,sm_120,T,8,4096,128,vendor|cta|direct
gemv,cfloat,sm_120,T,8,4096,319,vendor|cta|direct
gemv,cfloat,sm_120,T,8,4096,320,vendor|cta|direct
gemv,cfloat,sm_120,T,8,4096,1024,vendor|cta|direct
gemv,cfloat,sm_120,T,8,4096,8192,vendor|cta|direct
gemv,cfloat,sm_120,T,8,4096,32768,vendor|cta|direct
gemv,cfloat,sm_120,T,8,32768,1,vendor|cta|direct
gemv,cfloat,sm_120,T,8,32768,16,vendor|cta|direct
gemv,cfloat,sm_120,T,8,32768,128,vendor|cta|direct
gemv,cfloat,sm_120,T,8,32768,319,vendor|cta|direct
gemv,cfloat,sm_120,T,8,32768,320,vendor|cta|direct
gemv,cfloat,sm_120,T,8,32768,1024,vendor|cta|direct
gemv,cfloat,sm_120,T,8,32768,8192,vendor|cta|direct
gemv,cfloat,sm_120,T,8,32768,32768,vendor|cta|direct
gemv,cfloat,sm_120,T,64,1,1,vendor|cta|direct
gemv,cfloat,sm_120,T,64,1,16,vendor|cta|direct
gemv,cfloat,sm_120,T,64,1,128,vendor|cta|direct
gemv,cfloat,sm_120,T,64,1,319,vendor|cta|direct
gemv,cfloat,sm_120,T,64,1,320,vendor|cta|direct
gemv,cfloat,sm_120,T,64,1,1024,vendor|cta|direct
gemv,cfloat,sm_120,T,64,1,8192,vendor|cta|direct
gemv,cfloat,sm_120,T,64,1,32768,vendor|cta|direct
gemv,cfloat,sm_120,T,64,8,1,vendor|cta|direct
gemv,cfloat,sm_120,T,64,8,16,vendor|cta|direct
gemv,cfloat,sm_120,T,64,8,128,vendor|cta|direct
gemv,cfloat,sm_120,T,64,8,319,vendor|cta|direct
gemv,cfloat,sm_120,T,64,8,320,vendor|cta|direct
gemv,cfloat,sm_120,T,64,8,1024,vendor|cta|direct
gemv,cfloat,sm_120,T,64,8,8192,vendor|cta|direct
gemv,cfloat,sm_120,T,64,8,32768,vendor|cta|direct
gemv,cfloat,sm_120,T,64,32,1,vendor|cta|direct
gemv,cfloat,sm_120,T,64,32,16,vendor|cta|direct
gemv,cfloat,sm_120,T,64,32,128,vendor|cta|direct
gemv,cfloat,sm_120,T,64,32,319,vendor|cta|direct
gemv,cfloat,sm_120,T,64,32,320,vendor|cta|direct
gemv,cfloat,sm_120,T,64,32,1024,vendor|cta|direct
gemv,cfloat,sm_120,T,64,32,8192,vendor|cta|direct
gemv,cfloat,sm_120,T,64,32,32768,vendor|cta|direct
gemv,cfloat,sm_120,T,64,63,1,vendor|cta|direct
gemv,cfloat,sm_120,T,64,63,16,vendor|cta|direct
gemv,cfloat,sm_120,T,64,63,128,vendor|cta|direct
gemv,cfloat,sm_120,T,64,63,319,vendor|cta|direct
gemv,cfloat,sm_120,T,64,63,320,vendor|cta|direct
gemv,cfloat,sm_120,T,64,63,1024,vendor|cta|direct
gemv,cfloat,sm_120,T,64,63,8192,vendor|cta|direct
gemv,cfloat,sm_120,T,64,63,32768,vendor|cta|direct
gemv,cfloat,sm_120,T,64,64,1,vendor|cta|direct
gemv,cfloat,sm_120,T,64,64,16,vendor|cta|direct
gemv,cfloat,sm_120,T,64,64,128,vendor|cta|direct
gemv,cfloat,sm_120,T,64,64,319,vendor|cta|direct
gemv,cfloat,sm_120,T,64,64,320,vendor|cta|direct
gemv,cfloat,sm_120,T,64,64,1024,vendor|cta|direct
gemv,cfloat,sm_120,T,64,64,8192,vendor|cta|direct
gemv,cfloat,sm_120,T,64,64,32768,vendor|cta|direct
gemv,cfloat,sm_120,T,64,128,1,vendor|cta|direct
gemv,cfloat,sm_120,T,64,128,16,vendor|cta|direct
gemv,cfloat,sm_120,T,64,128,128,vendor|cta|direct
gemv,cfloat,sm_120,T,64,128,319,vendor|cta|direct
gemv,cfloat,sm_120,T,64,128,320,vendor|cta|direct
gemv,cfloat,sm_120,T,64,128,1024,vendor|cta|direct
gemv,cfloat,sm_120,T,64,128,8192,vendor|cta|direct
gemv,cfloat,sm_120,T,64,128,32768,vendor|cta|direct
gemv,cfloat,sm_120,T,64,352,1,vendor|cta|direct
gemv,cfloat,sm_120,T,64,352,16,vendor|cta|direct
gemv,cfloat,sm_120,T,64,352,128,vendor|cta|direct
gemv,cfloat,sm_120,T,64,352,319,vendor|cta|direct
gemv,cfloat,sm_120,T,64,352,320,vendor|cta|direct
gemv,cfloat,sm_120,T,64,352,1024,vendor|cta|direct
gemv,cfloat,sm_120,T,64,352,8192,vendor|cta|direct
gemv,cfloat,sm_120,T,64,352,32768,vendor|cta|direct
gemv,cfloat,sm_120,T,64,353,1,vendor|cta|direct
gemv,cfloat,sm_120,T,64,353,16,vendor|cta|direct
gemv,cfloat,sm_120,T,64,353,128,vendor|cta|direct
gemv,cfloat,sm_120,T,64,353,319,vendor|cta|direct
gemv,cfloat,sm_120,T,64,353,320,vendor|cta|direct
gemv,cfloat,sm_120,T,64,353,1024,vendor|cta|direct
gemv,cfloat,sm_120,T,64,353,8192,vendor|cta|direct
gemv,cfloat,sm_120,T,64,353,32768,vendor|cta|direct
gemv,cfloat,sm_120,T,64,1024,1,vendor|cta|direct
gemv,cfloat,sm_120,T,64,1024,16,vendor|cta|direct
gemv,cfloat,sm_120,T,64,1024,128,vendor|cta|direct
gemv,cfloat,sm_120,T,64,1024,319,vendor|cta|direct
gemv,cfloat,sm_120,T,64,1024,320,vendor|cta|direct
gemv,cfloat,sm_120,T,64,1024,1024,vendor|cta|direct
gemv,cfloat,sm_120,T,64,1024,8192,vendor|cta|direct
gemv,cfloat,sm_120,T,64,1024,32768,vendor|cta|direct
gemv,cfloat,sm_120,T,64,4096,1,vendor|cta|direct
gemv,cfloat,sm_120,T,64,4096,16,vendor|cta|direct
gemv,cfloat,sm_120,T,64,4096,128,vendor|cta|direct
gemv,cfloat,sm_120,T,64,4096,319,vendor|cta|direct
gemv,cfloat,sm_120,T,64,4096,320,vendor|cta|direct
gemv,cfloat,sm_120,T,64,4096,1024,vendor|cta|direct
gemv,cfloat,sm_120,T,64,4096,8192,vendor|cta|direct
gemv,cfloat,sm_120,T,64,4096,32768,vendor|cta|direct
gemv,cfloat,sm_120,T,64,32768,1,vendor|cta|direct
gemv,cfloat,sm_120,T,64,32768,16,vendor|cta|direct
gemv,cfloat,sm_120,T,64,32768,128,vendor|cta|direct
gemv,cfloat,sm_120,T,64,32768,319,vendor|cta|direct
gemv,cfloat,sm_120,T,64,32768,320,vendor|cta|direct
gemv,cfloat,sm_120,T,64,32768,1024,vendor|cta|direct
gemv,cfloat,sm_120,T,64,32768,8192,vendor|cta|direct
gemv,cfloat,sm_120,T,64,32768,32768,vendor|cta|direct
gemv,cfloat,sm_120,T,255,1,1,vendor|cta|direct
gemv,cfloat,sm_120,T,255,1,16,vendor|cta|direct
gemv,cfloat,sm_120,T,255,1,128,vendor|cta|direct
gemv,cfloat,sm_120,T,255,1,319,vendor|cta|direct
gemv,cfloat,sm_120,T,255,1,320,vendor|cta|direct
gemv,cfloat,sm_120,T,255,1,1024,vendor|cta|direct
gemv,cfloat,sm_120,T,255,1,8192,vendor|cta|direct
gemv,cfloat,sm_120,T,255,1,32768,vendor|cta|direct
gemv,cfloat,sm_120,T,255,8,1,vendor|cta|direct
gemv,cfloat,sm_120,T,255,8,16,vendor|cta|direct
gemv,cfloat,sm_120,T,255,8,128,vendor|cta|direct
gemv,cfloat,sm_120,T,255,8,319,vendor|cta|direct
gemv,cfloat,sm_120,T,255,8,320,vendor|cta|direct
gemv,cfloat,sm_120,T,255,8,1024,vendor|cta|direct
gemv,cfloat,sm_120,T,255,8,8192,vendor|cta|direct
gemv,cfloat,sm_120,T,255,8,32768,vendor|cta|direct
gemv,cfloat,sm_120,T,255,32,1,vendor|cta|direct
gemv,cfloat,sm_120,T,255,32,16,vendor|cta|direct
gemv,cfloat,sm_120,T,255,32,128,vendor|cta|direct
gemv,cfloat,sm_120,T,255,32,319,vendor|cta|direct
gemv,cfloat,sm_120,T,255,32,320,vendor|cta|direct
gemv,cfloat,sm_120,T,255,32,1024,vendor|cta|direct
gemv,cfloat,sm_120,T,255,32,8192,vendor|cta|direct
gemv,cfloat,sm_120,T,255,32,32768,vendor|cta|direct
gemv,cfloat,sm_120,T,255,63,1,vendor|cta|direct
gemv,cfloat,sm_120,T,255,63,16,vendor|cta|direct
gemv,cfloat,sm_120,T,255,63,128,vendor|cta|direct
gemv,cfloat,sm_120,T,255,63,319,vendor|cta|direct
gemv,cfloat,sm_120,T,255,63,320,vendor|cta|direct
gemv,cfloat,sm_120,T,255,63,1024,vendor|cta|direct
gemv,cfloat,sm_120,T,255,63,8192,vendor|cta|direct
gemv,cfloat,sm_120,T,255,63,32768,vendor|cta|direct
gemv,cfloat,sm_120,T,255,64,1,vendor|cta|direct
gemv,cfloat,sm_120,T,255,64,16,vendor|cta|direct
gemv,cfloat,sm_120,T,255,64,128,vendor|cta|direct
gemv,cfloat,sm_120,T,255,64,319,vendor|cta|direct
gemv,cfloat,sm_120,T,255,64,320,vendor|cta|direct
gemv,cfloat,sm_120,T,255,64,1024,vendor|cta|direct
gemv,cfloat,sm_120,T,255,64,8192,vendor|cta|direct
gemv,cfloat,sm_120,T,255,64,32768,vendor|cta|direct
gemv,cfloat,sm_120,T,255,128,1,vendor|cta|direct
gemv,cfloat,sm_120,T,255,128,16,vendor|cta|direct
gemv,cfloat,sm_120,T,255,128,128,vendor|cta|direct
gemv,cfloat,sm_120,T,255,128,319,vendor|cta|direct
gemv,cfloat,sm_120,T,255,128,320,vendor|cta|direct
gemv,cfloat,sm_120,T,255,128,1024,vendor|cta|direct
gemv,cfloat,sm_120,T,255,128,8192,vendor|cta|direct
gemv,cfloat,sm_120,T,255,128,32768,vendor|cta|direct
gemv,cfloat,sm_120,T,255,352,1,vendor|cta|direct
gemv,cfloat,sm_120,T,255,352,16,vendor|cta|direct
gemv,cfloat,sm_120,T,255,352,128,vendor|cta|direct
gemv,cfloat,sm_120,T,255,352,319,vendor|cta|direct
gemv,cfloat,sm_120,T,255,352,320,vendor|cta|direct
gemv,cfloat,sm_120,T,255,352,1024,vendor|cta|direct
gemv,cfloat,sm_120,T,255,352,8192,vendor|cta|direct
gemv,cfloat,sm_120,T,255,352,32768,vendor|cta|direct
gemv,cfloat,sm_120,T,255,353,1,vendor|cta|direct
gemv,cfloat,sm_120,T,255,353,16,vendor|cta|direct
gemv,cfloat,sm_120,T,255,353,128,vendor|cta|direct
gemv,cfloat,sm_120,T,255,353,319,vendor|cta|direct
gemv,cfloat,sm_120,T,255,353,320,vendor|cta|direct
gemv,cfloat,sm_120,T,255,353,1024,vendor|cta|direct
gemv,cfloat,sm_120,T,255,353,8192,vendor|cta|direct
gemv,cfloat,sm_120,T,255,353,32768,vendor|cta|direct
gemv,cfloat,sm_120,T,255,1024,1,vendor|cta|direct
gemv,cfloat,sm_120,T,255,1024,16,vendor|cta|direct
gemv,cfloat,sm_120,T,255,1024,128,vendor|cta|direct
gemv,cfloat,sm_120,T,255,1024,319,vendor|cta|direct
gemv,cfloat,sm_120,T,255,1024,320,vendor|cta|direct
gemv,cfloat,sm_120,T,255,1024,1024,vendor|cta|direct
gemv,cfloat,sm_120,T,255,1024,8192,vendor|cta|direct
gemv,cfloat,sm_120,T,255,1024,32768,vendor|cta|direct
gemv,cfloat,sm_120,T,255,4096,1,vendor|cta|direct
gemv,cfloat,sm_120,T,255,4096,16,vendor|cta|direct
gemv,cfloat,sm_120,T,255,4096,128,vendor|cta|direct
gemv,cfloat,sm_120,T,255,4096,319,vendor|cta|direct
gemv,cfloat,sm_120,T,255,4096,320,vendor|cta|direct
gemv,cfloat,sm_120,T,255,4096,1024,vendor|cta|direct
gemv,cfloat,sm_120,T,255,4096,8192,vendor|cta|direct
gemv,cfloat,sm_120,T,255,4096,32768,vendor|cta|direct
gemv,cfloat,sm_120,T,255,32768,1,vendor|cta|direct
gemv,cfloat,sm_120,T,255,32768,16,vendor|cta|direct
gemv,cfloat,sm_120,T,255,32768,128,vendor|cta|direct
gemv,cfloat,sm_120,T,255,32768,319,vendor|cta|direct
gemv,cfloat,sm_120,T,255,32768,320,vendor|cta|direct
gemv,cfloat,sm_120,T,255,32768,1024,vendor|cta|direct
gemv,cfloat,sm_120,T,255,32768,8192,vendor|cta|direct
gemv,cfloat,sm_120,T,255,32768,32768,vendor|cta|direct
gemv,cfloat,sm_120,T,256,1,1,vendor|cta|direct
gemv,cfloat,sm_120,T,256,1,16,vendor|cta|direct
gemv,cfloat,sm_120,T,256,1,128,vendor|cta|direct
gemv,cfloat,sm_120,T,256,1,319,vendor|cta|direct
gemv,cfloat,sm_120,T,256,1,320,vendor|cta|direct
gemv,cfloat,sm_120,T,256,1,1024,vendor|cta|direct
gemv,cfloat,sm_120,T,256,1,8192,vendor|cta|direct
gemv,cfloat,sm_120,T,256,1,32768,vendor|cta|direct
gemv,cfloat,sm_120,T,256,8,1,vendor|cta|direct
gemv,cfloat,sm_120,T,256,8,16,vendor|cta|direct
gemv,cfloat,sm_120,T,256,8,128,vendor|cta|direct
gemv,cfloat,sm_120,T,256,8,319,vendor|cta|direct
gemv,cfloat,sm_120,T,256,8,320,vendor|cta|direct
gemv,cfloat,sm_120,T,256,8,1024,vendor|cta|direct
gemv,cfloat,sm_120,T,256,8,8192,vendor|cta|direct
gemv,cfloat,sm_120,T,256,8,32768,vendor|cta|direct
gemv,cfloat,sm_120,T,256,32,1,vendor|cta|direct
gemv,cfloat,sm_120,T,256,32,16,vendor|cta|direct
gemv,cfloat,sm_120,T,256,32,128,vendor|cta|direct
gemv,cfloat,sm_120,T,256,32,319,vendor|cta|direct
gemv,cfloat,sm_120,T,256,32,320,vendor|cta|direct
gemv,cfloat,sm_120,T,256,32,1024,vendor|cta|direct
gemv,cfloat,sm_120,T,256,32,8192,vendor|cta|direct
gemv,cfloat,sm_120,T,256,32,32768,vendor|cta|direct
gemv,cfloat,sm_120,T,256,63,1,vendor|cta|direct
gemv,cfloat,sm_120,T,256,63,16,vendor|cta|direct
gemv,cfloat,sm_120,T,256,63,128,vendor|cta|direct
gemv,cfloat,sm_120,T,256,63,319,vendor|cta|direct
gemv,cfloat,sm_120,T,256,63,320,vendor|cta|direct
gemv,cfloat,sm_120,T,256,63,1024,vendor|cta|direct
gemv,cfloat,sm_120,T,256,63,8192,vendor|cta|direct
gemv,cfloat,sm_120,T,256,63,32768,vendor|cta|direct
gemv,cfloat,sm_120,T,256,64,1,vendor|cta|direct
gemv,cfloat,sm_120,T,256,64,16,vendor|cta|direct
gemv,cfloat,sm_120,T,256,64,128,vendor|cta|direct
gemv,cfloat,sm_120,T,256,64,319,vendor|cta|direct
gemv,cfloat,sm_120,T,256,64,320,vendor|cta|direct
gemv,cfloat,sm_120,T,256,64,1024,vendor|cta|direct
gemv,cfloat,sm_120,T,256,64,8192,vendor|cta|direct
gemv,cfloat,sm_120,T,256,64,32768,vendor|cta|direct
gemv,cfloat,sm_120,T,256,128,1,vendor|cta|direct
gemv,cfloat,sm_120,T,256,128,16,vendor|cta|direct
gemv,cfloat,sm_120,T,256,128,128,vendor|cta|direct
gemv,cfloat,sm_120,T,256,128,319,vendor|cta|direct
gemv,cfloat,sm_120,T,256,128,320,vendor|cta|direct
gemv,cfloat,sm_120,T,256,128,1024,vendor|cta|direct
gemv,cfloat,sm_120,T,256,128,8192,vendor|cta|direct
gemv,cfloat,sm_120,T,256,128,32768,vendor|cta|direct
gemv,cfloat,sm_120,T,256,352,1,vendor|cta|direct
gemv,cfloat,sm_120,T,256,352,16,vendor|cta|direct
gemv,cfloat,sm_120,T,256,352,128,vendor|cta|direct
gemv,cfloat,sm_120,T,256,352,319,vendor|cta|direct
gemv,cfloat,sm_120,T,256,352,320,vendor|cta|direct
gemv,cfloat,sm_120,T,256,352,1024,vendor|cta|direct
gemv,cfloat,sm_120,T,256,352,8192,vendor|cta|direct
gemv,cfloat,sm_120,T,256,352,32768,vendor|cta|direct
gemv,cfloat,sm_120,T,256,353,1,vendor|cta|direct
gemv,cfloat,sm_120,T,256,353,16,vendor|cta|direct
gemv,cfloat,sm_120,T,256,353,128,vendor|cta|direct
gemv,cfloat,sm_120,T,256,353,319,vendor|cta|direct
gemv,cfloat,sm_120,T,256,353,320,vendor|cta|direct
gemv,cfloat,sm_120,T,256,353,1024,vendor|cta|direct
gemv,cfloat,sm_120,T,256,353,8192,vendor|cta|direct
gemv,cfloat,sm_120,T,256,353,32768,vendor|cta|direct
gemv,cfloat,sm_120,T,256,1024,1,vendor|cta|direct
gemv,cfloat,sm_120,T,256,1024,16,vendor|cta|direct
gemv,cfloat,sm_120,T,256,1024,128,vendor|cta|direct
gemv,cfloat,sm_120,T,256,1024,319,vendor|cta|direct
gemv,cfloat,sm_120,T,256,1024,320,vendor|cta|direct
gemv,cfloat,sm_120,T,256,1024,1024,vendor|cta|direct
gemv,cfloat,sm_120,T,256,1024,8192,vendor|cta|direct
gemv,cfloat,sm_120,T,256,1024,32768,vendor|cta|direct
gemv,cfloat,sm_120,T,256,4096,1,vendor|cta|direct
gemv,cfloat,sm_120,T,256,4096,16,vendor|cta|direct
gemv,cfloat,sm_120,T,256,4096,128,vendor|cta|direct
gemv,cfloat,sm_120,T,256,4096,319,vendor|cta|direct
gemv,cfloat,sm_120,T,256,4096,320,vendor|cta|direct
gemv,cfloat,sm_120,T,256,4096,1024,vendor|cta|direct
gemv,cfloat,sm_120,T,256,4096,8192,vendor|cta|direct
gemv,cfloat,sm_120,T,256,4096,32768,vendor|cta|direct
gemv,cfloat,sm_120,T,256,32768,1,vendor|cta|direct
gemv,cfloat,sm_120,T,256,32768,16,vendor|cta|direct
gemv,cfloat,sm_120,T,256,32768,128,vendor|cta|direct
gemv,cfloat,sm_120,T,256,32768,319,vendor|cta|direct
gemv,cfloat,sm_120,T,256,32768,320,vendor|cta|direct
gemv,cfloat,sm_120,T,256,32768,1024,vendor|cta|direct
gemv,cfloat,sm_120,T,256,32768,8192,vendor|cta|direct
gemv,cfloat,sm_120,T,256,32768,32768,vendor|cta|direct
gemv,cfloat,sm_120,T,1024,1,1,vendor|cta|direct
gemv,cfloat,sm_120,T,1024,1,16,vendor|cta|direct
gemv,cfloat,sm_120,T,1024,1,128,vendor|cta|direct
gemv,cfloat,sm_120,T,1024,1,319,vendor|cta|direct
gemv,cfloat,sm_120,T,1024,1,320,vendor|cta|direct
gemv,cfloat,sm_120,T,1024,1,1024,vendor|cta|direct
gemv,cfloat,sm_120,T,1024,1,8192,vendor|cta|direct
gemv,cfloat,sm_120,T,1024,1,32768,vendor|cta|direct
gemv,cfloat,sm_120,T,1024,8,1,vendor|cta|direct
gemv,cfloat,sm_120,T,1024,8,16,vendor|cta|direct
gemv,cfloat,sm_120,T,1024,8,128,vendor|cta|direct
gemv,cfloat,sm_120,T,1024,8,319,vendor|cta|direct
gemv,cfloat,sm_120,T,1024,8,320,vendor|cta|direct
gemv,cfloat,sm_120,T,1024,8,1024,vendor|cta|direct
gemv,cfloat,sm_120,T,1024,8,8192,vendor|cta|direct
gemv,cfloat,sm_120,T,1024,8,32768,vendor|cta|direct
gemv,cfloat,sm_120,T,1024,32,1,vendor|cta|direct
gemv,cfloat,sm_120,T,1024,32,16,vendor|cta|direct
gemv,cfloat,sm_120,T,1024,32,128,vendor|cta|direct
gemv,cfloat,sm_120,T,1024,32,319,vendor|cta|direct
gemv,cfloat,sm_120,T,1024,32,320,vendor|cta|direct
gemv,cfloat,sm_120,T,1024,32,1024,vendor|cta|direct
gemv,cfloat,sm_120,T,1024,32,8192,vendor|cta|direct
gemv,cfloat,sm_120,T,1024,32,32768,vendor|cta|direct
gemv,cfloat,sm_120,T,1024,63,1,vendor|cta|direct
gemv,cfloat,sm_120,T,1024,63,16,vendor|cta|direct
gemv,cfloat,sm_120,T,1024,63,128,vendor|cta|direct
gemv,cfloat,sm_120,T,1024,63,319,vendor|cta|direct
gemv,cfloat,sm_120,T,1024,63,320,vendor|cta|direct
gemv,cfloat,sm_120,T,1024,63,1024,vendor|cta|direct
gemv,cfloat,sm_120,T,1024,63,8192,vendor|cta|direct
gemv,cfloat,sm_120,T,1024,63,32768,vendor|cta|direct
gemv,cfloat,sm_120,T,1024,64,1,vendor|cta|direct
gemv,cfloat,sm_120,T,1024,64,16,vendor|cta|direct
gemv,cfloat,sm_120,T,1024,64,128,vendor|cta|direct
gemv,cfloat,sm_120,T,1024,64,319,vendor|cta|direct
gemv,cfloat,sm_120,T,1024,64,320,vendor|cta|direct
gemv,cfloat,sm_120,T,1024,64,1024,vendor|cta|direct
gemv,cfloat,sm_120,T,1024,64,8192,vendor|cta|direct
gemv,cfloat,sm_120,T,1024,64,32768,vendor|cta|direct
gemv,cfloat,sm_120,T,1024,128,1,vendor|cta|direct
gemv,cfloat,sm_120,T,1024,128,16,vendor|cta|direct
gemv,cfloat,sm_120,T,1024,128,128,vendor|cta|direct
gemv,cfloat,sm_120,T,1024,128,319,vendor|cta|direct
gemv,cfloat,sm_120,T,1024,128,320,vendor|cta|direct
gemv,cfloat,sm_120,T,1024,128,1024,vendor|cta|direct
gemv,cfloat,sm_120,T,1024,128,8192,vendor|cta|direct
gemv,cfloat,sm_120,T,1024,128,32768,vendor|cta|direct
gemv,cfloat,sm_120,T,1024,352,1,vendor|cta|direct
gemv,cfloat,sm_120,T,1024,352,16,vendor|cta|direct
gemv,cfloat,sm_120,T,1024,352,128,vendor|cta|direct
gemv,cfloat,sm_120,T,1024,352,319,vendor|cta|direct
gemv,cfloat,sm_120,T,1024,352,320,vendor|cta|direct
gemv,cfloat,sm_120,T,1024,352,1024,vendor|cta|direct
gemv,cfloat,sm_120,T,1024,352,8192,vendor|cta|direct
gemv,cfloat,sm_120,T,1024,352,32768,vendor|cta|direct
gemv,cfloat,sm_120,T,1024,353,1,vendor|cta|direct
gemv,cfloat,sm_120,T,1024,353,16,vendor|cta|direct
gemv,cfloat,sm_120,T,1024,353,128,vendor|cta|direct
gemv,cfloat,sm_120,T,1024,353,319,vendor|cta|direct
gemv,cfloat,sm_120,T,1024,353,320,vendor|cta|direct
gemv,cfloat,sm_120,T,1024,353,1024,vendor|cta|direct
gemv,cfloat,sm_120,T,1024,353,8192,vendor|cta|direct
gemv,cfloat,sm_120,T,1024,353,32768,vendor|cta|direct
gemv,cfloat,sm_120,T,1024,1024,1,vendor|cta|direct
gemv,cfloat,sm_120,T,1024,1024,16,vendor|cta|direct
gemv,cfloat,sm_120,T,1024,1024,128,vendor|cta|direct
gemv,cfloat,sm_120,T,1024,1024,319,vendor|cta|direct
gemv,cfloat,sm_120,T,1024,1024,320,vendor|cta|direct
gemv,cfloat,sm_120,T,1024,1024,1024,vendor|cta|direct
gemv,cfloat,sm_120,T,1024,1024,8192,vendor|cta|direct
gemv,cfloat,sm_120,T,1024,1024,32768,vendor|cta|direct
gemv,cfloat,sm_120,T,1024,4096,1,vendor|cta|direct
gemv,cfloat,sm_120,T,1024,4096,16,vendor|cta|direct
gemv,cfloat,sm_120,T,1024,4096,128,vendor|cta|direct
gemv,cfloat,sm_120,T,1024,4096,319,vendor|cta|direct
gemv,cfloat,sm_120,T,1024,4096,320,vendor|cta|direct
gemv,cfloat,sm_120,T,1024,4096,1024,vendor|cta|direct
gemv,cfloat,sm_120,T,1024,4096,8192,vendor|cta|direct
gemv,cfloat,sm_120,T,1024,4096,32768,vendor|cta|direct
gemv,cfloat,sm_120,T,1024,32768,1,vendor|cta|direct
gemv,cfloat,sm_120,T,1024,32768,16,vendor|cta|direct
gemv,cfloat,sm_120,T,1024,32768,128,vendor|cta|direct
gemv,cfloat,sm_120,T,1024,32768,319,vendor|cta|direct
gemv,cfloat,sm_120,T,1024,32768,320,vendor|cta|direct
gemv,cfloat,sm_120,T,1024,32768,1024,vendor|cta|direct
gemv,cfloat,sm_120,T,1024,32768,8192,vendor|cta|direct
gemv,cfloat,sm_120,T,1024,32768,32768,vendor|cta|direct
gemv,cfloat,sm_120,T,4096,1,1,vendor|cta|direct
gemv,cfloat,sm_120,T,4096,1,16,vendor|cta|direct
gemv,cfloat,sm_120,T,4096,1,128,vendor|cta|direct
gemv,cfloat,sm_120,T,4096,1,319,vendor|cta|direct
gemv,cfloat,sm_120,T,4096,1,320,vendor|cta|direct
gemv,cfloat,sm_120,T,4096,1,1024,vendor|cta|direct
gemv,cfloat,sm_120,T,4096,1,8192,vendor|cta|direct
gemv,cfloat,sm_120,T,4096,1,32768,vendor|cta|direct
gemv,cfloat,sm_120,T,4096,8,1,vendor|cta|direct
gemv,cfloat,sm_120,T,4096,8,16,vendor|cta|direct
gemv,cfloat,sm_120,T,4096,8,128,vendor|cta|direct
gemv,cfloat,sm_120,T,4096,8,319,vendor|cta|direct
gemv,cfloat,sm_120,T,4096,8,320,vendor|cta|direct
gemv,cfloat,sm_120,T,4096,8,1024,vendor|cta|direct
gemv,cfloat,sm_120,T,4096,8,8192,vendor|cta|direct
gemv,cfloat,sm_120,T,4096,8,32768,vendor|cta|direct
gemv,cfloat,sm_120,T,4096,32,1,vendor|cta|direct
gemv,cfloat,sm_120,T,4096,32,16,vendor|cta|direct
gemv,cfloat,sm_120,T,4096,32,128,vendor|cta|direct
gemv,cfloat,sm_120,T,4096,32,319,vendor|cta|direct
gemv,cfloat,sm_120,T,4096,32,320,vendor|cta|direct
gemv,cfloat,sm_120,T,4096,32,1024,vendor|cta|direct
gemv,cfloat,sm_120,T,4096,32,8192,vendor|cta|direct
gemv,cfloat,sm_120,T,4096,32,32768,vendor|cta|direct
gemv,cfloat,sm_120,T,4096,63,1,vendor|cta|direct
gemv,cfloat,sm_120,T,4096,63,16,vendor|cta|direct
gemv,cfloat,sm_120,T,4096,63,128,vendor|cta|direct
gemv,cfloat,sm_120,T,4096,63,319,vendor|cta|direct
gemv,cfloat,sm_120,T,4096,63,320,vendor|cta|direct
gemv,cfloat,sm_120,T,4096,63,1024,vendor|cta|direct
gemv,cfloat,sm_120,T,4096,63,8192,vendor|cta|direct
gemv,cfloat,sm_120,T,4096,63,32768,vendor|cta|direct
gemv,cfloat,sm_120,T,4096,64,1,vendor|cta|direct
gemv,cfloat,sm_120,T,4096,64,16,vendor|cta|direct
gemv,cfloat,sm_120,T,4096,64,128,vendor|cta|direct
gemv,cfloat,sm_120,T,4096,64,319,vendor|cta|direct
gemv,cfloat,sm_120,T,4096,64,320,vendor|cta|direct
gemv,cfloat,sm_120,T,4096,64,1024,vendor|cta|direct
gemv,cfloat,sm_120,T,4096,64,8192,vendor|cta|direct
gemv,cfloat,sm_120,T,4096,64,32768,vendor|cta|direct
gemv,cfloat,sm_120,T,4096,128,1,vendor|cta|direct
gemv,cfloat,sm_120,T,4096,128,16,vendor|cta|direct
gemv,cfloat,sm_120,T,4096,128,128,vendor|cta|direct
gemv,cfloat,sm_120,T,4096,128,319,vendor|cta|direct
gemv,cfloat,sm_120,T,4096,128,320,vendor|cta|direct
gemv,cfloat,sm_120,T,4096,128,1024,vendor|cta|direct
gemv,cfloat,sm_120,T,4096,128,8192,vendor|cta|direct
gemv,cfloat,sm_120,T,4096,128,32768,vendor|cta|direct
gemv,cfloat,sm_120,T,4096,352,1,vendor|cta|direct
gemv,cfloat,sm_120,T,4096,352,16,vendor|cta|direct
gemv,cfloat,sm_120,T,4096,352,128,vendor|cta|direct
gemv,cfloat,sm_120,T,4096,352,319,vendor|cta|direct
gemv,cfloat,sm_120,T,4096,352,320,vendor|cta|direct
gemv,cfloat,sm_120,T,4096,352,1024,vendor|cta|direct
gemv,cfloat,sm_120,T,4096,352,8192,vendor|cta|direct
gemv,cfloat,sm_120,T,4096,352,32768,vendor|cta|direct
gemv,cfloat,sm_120,T,4096,353,1,vendor|cta|direct
gemv,cfloat,sm_120,T,4096,353,16,vendor|cta|direct
gemv,cfloat,sm_120,T,4096,353,128,vendor|cta|direct
gemv,cfloat,sm_120,T,4096,353,319,vendor|cta|direct
gemv,cfloat,sm_120,T,4096,353,320,vendor|cta|direct
gemv,cfloat,sm_120,T,4096,353,1024,vendor|cta|direct
gemv,cfloat,sm_120,T,4096,353,8192,vendor|cta|direct
gemv,cfloat,sm_120,T,4096,353,32768,vendor|cta|direct
gemv,cfloat,sm_120,T,4096,1024,1,vendor|cta|direct
gemv,cfloat,sm_120,T,4096,1024,16,vendor|cta|direct
gemv,cfloat,sm_120,T,4096,1024,128,vendor|cta|direct
gemv,cfloat,sm_120,T,4096,1024,319,vendor|cta|direct
gemv,cfloat,sm_120,T,4096,1024,320,vendor|cta|direct
gemv,cfloat,sm_120,T,4096,1024,1024,vendor|cta|direct
gemv,cfloat,sm_120,T,4096,1024,8192,vendor|cta|direct
gemv,cfloat,sm_120,T,4096,1024,32768,vendor|cta|direct
gemv,cfloat,sm_120,T,4096,4096,1,vendor|cta|direct
gemv,cfloat,sm_120,T,4096,4096,16,vendor|cta|direct
gemv,cfloat,sm_120,T,4096,4096,128,vendor|cta|direct
gemv,cfloat,sm_120,T,4096,4096,319,vendor|cta|direct
gemv,cfloat,sm_120,T,4096,4096,320,vendor|cta|direct
gemv,cfloat,sm_120,T,4096,4096,1024,vendor|cta|direct
gemv,cfloat,sm_120,T,4096,4096,8192,vendor|cta|direct
gemv,cfloat,sm_120,T,4096,4096,32768,vendor|cta|direct
gemv,cfloat,sm_120,T,4096,32768,1,vendor|cta|direct
gemv,cfloat,sm_120,T,4096,32768,16,vendor|cta|direct
gemv,cfloat,sm_120,T,4096,32768,128,vendor|cta|direct
gemv,cfloat,sm_120,T,4096,32768,319,vendor|cta|direct
gemv,cfloat,sm_120,T,4096,32768,320,vendor|cta|direct
gemv,cfloat,sm_120,T,4096,32768,1024,vendor|cta|direct
gemv,cfloat,sm_120,T,4096,32768,8192,vendor|cta|direct
gemv,cfloat,sm_120,T,4096,32768,32768,vendor|cta|direct
gemv,cfloat,sm_120,T,32768,1,1,vendor|cta|direct
gemv,cfloat,sm_120,T,32768,1,16,vendor|cta|direct
gemv,cfloat,sm_120,T,32768,1,128,vendor|cta|direct
gemv,cfloat,sm_120,T,32768,1,319,vendor|cta|direct
gemv,cfloat,sm_120,T,32768,1,320,vendor|cta|direct
gemv,cfloat,sm_120,T,32768,1,1024,vendor|cta|direct
gemv,cfloat,sm_120,T,32768,1,8192,vendor|cta|direct
gemv,cfloat,sm_120,T,32768,1,32768,vendor|cta|direct
gemv,cfloat,sm_120,T,32768,8,1,vendor|cta|direct
gemv,cfloat,sm_120,T,32768,8,16,vendor|cta|direct
gemv,cfloat,sm_120,T,32768,8,128,vendor|cta|direct
gemv,cfloat,sm_120,T,32768,8,319,vendor|cta|direct
gemv,cfloat,sm_120,T,32768,8,320,vendor|cta|direct
gemv,cfloat,sm_120,T,32768,8,1024,vendor|cta|direct
gemv,cfloat,sm_120,T,32768,8,8192,vendor|cta|direct
gemv,cfloat,sm_120,T,32768,8,32768,vendor|cta|direct
gemv,cfloat,sm_120,T,32768,32,1,vendor|cta|direct
gemv,cfloat,sm_120,T,32768,32,16,vendor|cta|direct
gemv,cfloat,sm_120,T,32768,32,128,vendor|cta|direct
gemv,cfloat,sm_120,T,32768,32,319,vendor|cta|direct
gemv,cfloat,sm_120,T,32768,32,320,vendor|cta|direct
gemv,cfloat,sm_120,T,32768,32,1024,vendor|cta|direct
gemv,cfloat,sm_120,T,32768,32,8192,vendor|cta|direct
gemv,cfloat,sm_120,T,32768,32,32768,vendor|cta|direct
gemv,cfloat,sm_120,T,32768,63,1,vendor|cta|direct
gemv,cfloat,sm_120,T,32768,63,16,vendor|cta|direct
gemv,cfloat,sm_120,T,32768,63,128,vendor|cta|direct
gemv,cfloat,sm_120,T,32768,63,319,vendor|cta|direct
gemv,cfloat,sm_120,T,32768,63,320,vendor|cta|direct
gemv,cfloat,sm_120,T,32768,63,1024,vendor|cta|direct
gemv,cfloat,sm_120,T,32768,63,8192,vendor|cta|direct
gemv,cfloat,sm_120,T,32768,63,32768,vendor|cta|direct
gemv,cfloat,sm_120,T,32768,64,1,vendor|cta|direct
gemv,cfloat,sm_120,T,32768,64,16,vendor|cta|direct
gemv,cfloat,sm_120,T,32768,64,128,vendor|cta|direct
gemv,cfloat,sm_120,T,32768,64,319,vendor|cta|direct
gemv,cfloat,sm_120,T,32768,64,320,vendor|cta|direct
gemv,cfloat,sm_120,T,32768,64,1024,vendor|cta|direct
gemv,cfloat,sm_120,T,32768,64,8192,vendor|cta|direct
gemv,cfloat,sm_120,T,32768,64,32768,vendor|cta|direct
gemv,cfloat,sm_120,T,32768,128,1,vendor|cta|direct
gemv,cfloat,sm_120,T,32768,128,16,vendor|cta|direct
gemv,cfloat,sm_120,T,32768,128,128,vendor|cta|direct
gemv,cfloat,sm_120,T,32768,128,319,vendor|cta|direct
gemv,cfloat,sm_120,T,32768,128,320,vendor|cta|direct
gemv,cfloat,sm_120,T,32768,128,1024,vendor|cta|direct
gemv,cfloat,sm_120,T,32768,128,8192,vendor|cta|direct
gemv,cfloat,sm_120,T,32768,128,32768,vendor|cta|direct
gemv,cfloat,sm_120,T,32768,352,1,vendor|cta|direct
gemv,cfloat,sm_120,T,32768,352,16,vendor|cta|direct
gemv,cfloat,sm_120,T,32768,352,128,vendor|cta|direct
gemv,cfloat,sm_120,T,32768,352,319,vendor|cta|direct
gemv,cfloat,sm_120,T,32768,352,320,vendor|cta|direct
gemv,cfloat,sm_120,T,32768,352,1024,vendor|cta|direct
gemv,cfloat,sm_120,T,32768,352,8192,vendor|cta|direct
gemv,cfloat,sm_120,T,32768,352,32768,vendor|cta|direct
gemv,cfloat,sm_120,T,32768,353,1,vendor|cta|direct
gemv,cfloat,sm_120,T,32768,353,16,vendor|cta|direct
gemv,cfloat,sm_120,T,32768,353,128,vendor|cta|direct
gemv,cfloat,sm_120,T,32768,353,319,vendor|cta|direct
gemv,cfloat,sm_120,T,32768,353,320,vendor|cta|direct
gemv,cfloat,sm_120,T,32768,353,1024,vendor|cta|direct
gemv,cfloat,sm_120,T,32768,353,8192,vendor|cta|direct
gemv,cfloat,sm_120,T,32768,353,32768,vendor|cta|direct
gemv,cfloat,sm_120,T,32768,1024,1,vendor|cta|direct
gemv,cfloat,sm_120,T,32768,1024,16,vendor|cta|direct
gemv,cfloat,sm_120,T,32768,1024,128,vendor|cta|direct
gemv,cfloat,sm_120,T,32768,1024,319,vendor|cta|direct
gemv,cfloat,sm_120,T,32768,1024,320,vendor|cta|direct
gemv,cfloat,sm_120,T,32768,1024,1024,vendor|cta|direct
gemv,cfloat,sm_120,T,32768,1024,8192,vendor|cta|direct
gemv,cfloat,sm_120,T,32768,1024,32768,vendor|cta|direct
gemv,cfloat,sm_120,T,32768,4096,1,vendor|cta|direct
gemv,cfloat,sm_120,T,32768,4096,16,vendor|cta|direct
gemv,cfloat,sm_120,T,32768,4096,128,vendor|cta|direct
gemv,cfloat,sm_120,T,32768,4096,319,vendor|cta|direct
gemv,cfloat,sm_120,T,32768,4096,320,vendor|cta|direct
gemv,cfloat,sm_120,T,32768,4096,1024,vendor|cta|direct
gemv,cfloat,sm_120,T,32768,4096,8192,vendor|cta|direct
gemv,cfloat,sm_120,T,32768,4096,32768,vendor|cta|direct
gemv,cfloat,sm_120,T,32768,32768,1,vendor|cta|direct
gemv,cfloat,sm_120,T,32768,32768,16,vendor|cta|direct
gemv,cfloat,sm_120,T,32768,32768,128,vendor|cta|direct
gemv,cfloat,sm_120,T,32768,32768,319,vendor|cta|direct
gemv,cfloat,sm_120,T,32768,32768,320,vendor|cta|direct
gemv,cfloat,sm_120,T,32768,32768,1024,vendor|cta|direct
gemv,cfloat,sm_120,T,32768,32768,8192,vendor|cta|direct
gemv,cfloat,sm_120,T,32768,32768,32768,vendor|cta|direct
gemv,cdouble,sm_120,N,1,1,1,vendor|direct
gemv,cdouble,sm_120,N,1,1,16,vendor|direct
gemv,cdouble,sm_120,N,1,1,128,vendor|direct
gemv,cdouble,sm_120,N,1,1,319,vendor|direct
gemv,cdouble,sm_120,N,1,1,320,vendor|direct
gemv,cdouble,sm_120,N,1,1,1024,vendor|direct
gemv,cdouble,sm_120,N,1,1,8192,vendor|direct
gemv,cdouble,sm_120,N,1,1,32768,vendor|direct
gemv,cdouble,sm_120,N,1,8,1,vendor|direct
gemv,cdouble,sm_120,N,1,8,16,vendor|direct
gemv,cdouble,sm_120,N,1,8,128,vendor|direct
gemv,cdouble,sm_120,N,1,8,319,vendor|direct
gemv,cdouble,sm_120,N,1,8,320,vendor|direct
gemv,cdouble,sm_120,N,1,8,1024,vendor|direct
gemv,cdouble,sm_120,N,1,8,8192,vendor|direct
gemv,cdouble,sm_120,N,1,8,32768,vendor|direct
gemv,cdouble,sm_120,N,1,32,1,vendor|direct
gemv,cdouble,sm_120,N,1,32,16,vendor|direct
gemv,cdouble,sm_120,N,1,32,128,vendor|direct
gemv,cdouble,sm_120,N,1,32,319,vendor|direct
gemv,cdouble,sm_120,N,1,32,320,vendor|direct
gemv,cdouble,sm_120,N,1,32,1024,vendor|direct
gemv,cdouble,sm_120,N,1,32,8192,vendor|direct
gemv,cdouble,sm_120,N,1,32,32768,vendor|direct
gemv,cdouble,sm_120,N,1,63,1,vendor|direct
gemv,cdouble,sm_120,N,1,63,16,vendor|direct
gemv,cdouble,sm_120,N,1,63,128,vendor|direct
gemv,cdouble,sm_120,N,1,63,319,vendor|direct
gemv,cdouble,sm_120,N,1,63,320,vendor|direct
gemv,cdouble,sm_120,N,1,63,1024,vendor|direct
gemv,cdouble,sm_120,N,1,63,8192,vendor|direct
gemv,cdouble,sm_120,N,1,63,32768,vendor|direct
gemv,cdouble,sm_120,N,1,64,1,vendor|direct
gemv,cdouble,sm_120,N,1,64,16,vendor|direct
gemv,cdouble,sm_120,N,1,64,128,vendor|direct
gemv,cdouble,sm_120,N,1,64,319,vendor|direct
gemv,cdouble,sm_120,N,1,64,320,vendor|direct
gemv,cdouble,sm_120,N,1,64,1024,vendor|direct
gemv,cdouble,sm_120,N,1,64,8192,vendor|direct
gemv,cdouble,sm_120,N,1,64,32768,vendor|direct
gemv,cdouble,sm_120,N,1,128,1,vendor|direct
gemv,cdouble,sm_120,N,1,128,16,vendor|direct
gemv,cdouble,sm_120,N,1,128,128,vendor|direct
gemv,cdouble,sm_120,N,1,128,319,vendor|direct
gemv,cdouble,sm_120,N,1,128,320,vendor|direct
gemv,cdouble,sm_120,N,1,128,1024,vendor|direct
gemv,cdouble,sm_120,N,1,128,8192,vendor|direct
gemv,cdouble,sm_120,N,1,128,32768,vendor|direct
gemv,cdouble,sm_120,N,1,352,1,vendor|direct
gemv,cdouble,sm_120,N,1,352,16,vendor|direct
gemv,cdouble,sm_120,N,1,352,128,vendor|direct
gemv,cdouble,sm_120,N,1,352,319,vendor|direct
gemv,cdouble,sm_120,N,1,352,320,vendor|direct
gemv,cdouble,sm_120,N,1,352,1024,vendor|direct
gemv,cdouble,sm_120,N,1,352,8192,vendor|direct
gemv,cdouble,sm_120,N,1,352,32768,vendor|direct
gemv,cdouble,sm_120,N,1,353,1,vendor|direct
gemv,cdouble,sm_120,N,1,353,16,vendor|direct
gemv,cdouble,sm_120,N,1,353,128,vendor|direct
gemv,cdouble,sm_120,N,1,353,319,vendor|direct
gemv,cdouble,sm_120,N,1,353,320,vendor|direct
gemv,cdouble,sm_120,N,1,353,1024,vendor|direct
gemv,cdouble,sm_120,N,1,353,8192,vendor|direct
gemv,cdouble,sm_120,N,1,353,32768,vendor|direct
gemv,cdouble,sm_120,N,1,1024,1,vendor|direct
gemv,cdouble,sm_120,N,1,1024,16,vendor|direct
gemv,cdouble,sm_120,N,1,1024,128,vendor|direct
gemv,cdouble,sm_120,N,1,1024,319,vendor|direct
gemv,cdouble,sm_120,N,1,1024,320,vendor|direct
gemv,cdouble,sm_120,N,1,1024,1024,vendor|direct
gemv,cdouble,sm_120,N,1,1024,8192,vendor|direct
gemv,cdouble,sm_120,N,1,1024,32768,vendor|direct
gemv,cdouble,sm_120,N,1,4096,1,vendor|direct
gemv,cdouble,sm_120,N,1,4096,16,vendor|direct
gemv,cdouble,sm_120,N,1,4096,128,vendor|direct
gemv,cdouble,sm_120,N,1,4096,319,vendor|direct
gemv,cdouble,sm_120,N,1,4096,320,vendor|direct
gemv,cdouble,sm_120,N,1,4096,1024,vendor|direct
gemv,cdouble,sm_120,N,1,4096,8192,vendor|direct
gemv,cdouble,sm_120,N,1,4096,32768,vendor|direct
gemv,cdouble,sm_120,N,1,32768,1,vendor|direct
gemv,cdouble,sm_120,N,1,32768,16,vendor|direct
gemv,cdouble,sm_120,N,1,32768,128,vendor|direct
gemv,cdouble,sm_120,N,1,32768,319,vendor|direct
gemv,cdouble,sm_120,N,1,32768,320,vendor|direct
gemv,cdouble,sm_120,N,1,32768,1024,vendor|direct
gemv,cdouble,sm_120,N,1,32768,8192,vendor|direct
gemv,cdouble,sm_120,N,1,32768,32768,vendor|direct
gemv,cdouble,sm_120,N,8,1,1,vendor|direct
gemv,cdouble,sm_120,N,8,1,16,vendor|direct
gemv,cdouble,sm_120,N,8,1,128,vendor|direct
gemv,cdouble,sm_120,N,8,1,319,vendor|direct
gemv,cdouble,sm_120,N,8,1,320,vendor|direct
gemv,cdouble,sm_120,N,8,1,1024,vendor|direct
gemv,cdouble,sm_120,N,8,1,8192,vendor|direct
gemv,cdouble,sm_120,N,8,1,32768,vendor|direct
gemv,cdouble,sm_120,N,8,8,1,vendor|direct
gemv,cdouble,sm_120,N,8,8,16,vendor|direct
gemv,cdouble,sm_120,N,8,8,128,vendor|direct
gemv,cdouble,sm_120,N,8,8,319,vendor|direct
gemv,cdouble,sm_120,N,8,8,320,vendor|direct
gemv,cdouble,sm_120,N,8,8,1024,vendor|direct
gemv,cdouble,sm_120,N,8,8,8192,vendor|direct
gemv,cdouble,sm_120,N,8,8,32768,vendor|direct
gemv,cdouble,sm_120,N,8,32,1,vendor|direct
gemv,cdouble,sm_120,N,8,32,16,vendor|direct
gemv,cdouble,sm_120,N,8,32,128,vendor|direct
gemv,cdouble,sm_120,N,8,32,319,vendor|direct
gemv,cdouble,sm_120,N,8,32,320,vendor|direct
gemv,cdouble,sm_120,N,8,32,1024,vendor|direct
gemv,cdouble,sm_120,N,8,32,8192,vendor|direct
gemv,cdouble,sm_120,N,8,32,32768,vendor|direct
gemv,cdouble,sm_120,N,8,63,1,vendor|direct
gemv,cdouble,sm_120,N,8,63,16,vendor|direct
gemv,cdouble,sm_120,N,8,63,128,vendor|direct
gemv,cdouble,sm_120,N,8,63,319,vendor|direct
gemv,cdouble,sm_120,N,8,63,320,vendor|direct
gemv,cdouble,sm_120,N,8,63,1024,vendor|direct
gemv,cdouble,sm_120,N,8,63,8192,vendor|direct
gemv,cdouble,sm_120,N,8,63,32768,vendor|direct
gemv,cdouble,sm_120,N,8,64,1,vendor|direct
gemv,cdouble,sm_120,N,8,64,16,vendor|direct
gemv,cdouble,sm_120,N,8,64,128,vendor|direct
gemv,cdouble,sm_120,N,8,64,319,vendor|direct
gemv,cdouble,sm_120,N,8,64,320,vendor|direct
gemv,cdouble,sm_120,N,8,64,1024,vendor|direct
gemv,cdouble,sm_120,N,8,64,8192,vendor|direct
gemv,cdouble,sm_120,N,8,64,32768,vendor|direct
gemv,cdouble,sm_120,N,8,128,1,vendor|direct
gemv,cdouble,sm_120,N,8,128,16,vendor|direct
gemv,cdouble,sm_120,N,8,128,128,vendor|direct
gemv,cdouble,sm_120,N,8,128,319,vendor|direct
gemv,cdouble,sm_120,N,8,128,320,vendor|direct
gemv,cdouble,sm_120,N,8,128,1024,vendor|direct
gemv,cdouble,sm_120,N,8,128,8192,vendor|direct
gemv,cdouble,sm_120,N,8,128,32768,vendor|direct
gemv,cdouble,sm_120,N,8,352,1,vendor|direct
gemv,cdouble,sm_120,N,8,352,16,vendor|direct
gemv,cdouble,sm_120,N,8,352,128,vendor|direct
gemv,cdouble,sm_120,N,8,352,319,vendor|direct
gemv,cdouble,sm_120,N,8,352,320,vendor|direct
gemv,cdouble,sm_120,N,8,352,1024,vendor|direct
gemv,cdouble,sm_120,N,8,352,8192,vendor|direct
gemv,cdouble,sm_120,N,8,352,32768,vendor|direct
gemv,cdouble,sm_120,N,8,353,1,vendor|direct
gemv,cdouble,sm_120,N,8,353,16,vendor|direct
gemv,cdouble,sm_120,N,8,353,128,vendor|direct
gemv,cdouble,sm_120,N,8,353,319,vendor|direct
gemv,cdouble,sm_120,N,8,353,320,vendor|direct
gemv,cdouble,sm_120,N,8,353,1024,vendor|direct
gemv,cdouble,sm_120,N,8,353,8192,vendor|direct
gemv,cdouble,sm_120,N,8,353,32768,vendor|direct
gemv,cdouble,sm_120,N,8,1024,1,vendor|direct
gemv,cdouble,sm_120,N,8,1024,16,vendor|direct
gemv,cdouble,sm_120,N,8,1024,128,vendor|direct
gemv,cdouble,sm_120,N,8,1024,319,vendor|direct
gemv,cdouble,sm_120,N,8,1024,320,vendor|direct
gemv,cdouble,sm_120,N,8,1024,1024,vendor|direct
gemv,cdouble,sm_120,N,8,1024,8192,vendor|direct
gemv,cdouble,sm_120,N,8,1024,32768,vendor|direct
gemv,cdouble,sm_120,N,8,4096,1,vendor|direct
gemv,cdouble,sm_120,N,8,4096,16,vendor|direct
gemv,cdouble,sm_120,N,8,4096,128,vendor|direct
gemv,cdouble,sm_120,N,8,4096,319,vendor|direct
gemv,cdouble,sm_120,N,8,4096,320,vendor|direct
gemv,cdouble,sm_120,N,8,4096,1024,vendor|direct
gemv,cdouble,sm_120,N,8,4096,8192,vendor|direct
gemv,cdouble,sm_120,N,8,4096,32768,vendor|direct
gemv,cdouble,sm_120,N,8,32768,1,vendor|direct
gemv,cdouble,sm_120,N,8,32768,16,vendor|direct
gemv,cdouble,sm_120,N,8,32768,128,vendor|direct
gemv,cdouble,sm_120,N,8,32768,319,vendor|direct
gemv,cdouble,sm_120,N,8,32768,320,vendor|direct
gemv,cdouble,sm_120,N,8,32768,1024,vendor|direct
gemv,cdouble,sm_120,N,8,32768,8192,vendor|direct
gemv,cdouble,sm_120,N,8,32768,32768,vendor|direct
gemv,cdouble,sm_120,N,64,1,1,vendor|direct
gemv,cdouble,sm_120,N,64,1,16,vendor|direct
gemv,cdouble,sm_120,N,64,1,128,vendor|direct
gemv,cdouble,sm_120,N,64,1,319,vendor|direct
gemv,cdouble,sm_120,N,64,1,320,vendor|direct
gemv,cdouble,sm_120,N,64,1,1024,vendor|direct
gemv,cdouble,sm_120,N,64,1,8192,vendor|direct
gemv,cdouble,sm_120,N,64,1,32768,vendor|direct
gemv,cdouble,sm_120,N,64,8,1,vendor|direct
gemv,cdouble,sm_120,N,64,8,16,vendor|direct
gemv,cdouble,sm_120,N,64,8,128,vendor|direct
gemv,cdouble,sm_120,N,64,8,319,vendor|direct
gemv,cdouble,sm_120,N,64,8,320,vendor|direct
gemv,cdouble,sm_120,N,64,8,1024,vendor|direct
gemv,cdouble,sm_120,N,64,8,8192,vendor|direct
gemv,cdouble,sm_120,N,64,8,32768,vendor|direct
gemv,cdouble,sm_120,N,64,32,1,vendor|direct
gemv,cdouble,sm_120,N,64,32,16,vendor|direct
gemv,cdouble,sm_120,N,64,32,128,vendor|direct
gemv,cdouble,sm_120,N,64,32,319,vendor|direct
gemv,cdouble,sm_120,N,64,32,320,vendor|direct
gemv,cdouble,sm_120,N,64,32,1024,vendor|direct
gemv,cdouble,sm_120,N,64,32,8192,vendor|direct
gemv,cdouble,sm_120,N,64,32,32768,vendor|direct
gemv,cdouble,sm_120,N,64,63,1,vendor|direct
gemv,cdouble,sm_120,N,64,63,16,vendor|direct
gemv,cdouble,sm_120,N,64,63,128,vendor|direct
gemv,cdouble,sm_120,N,64,63,319,vendor|direct
gemv,cdouble,sm_120,N,64,63,320,vendor|direct
gemv,cdouble,sm_120,N,64,63,1024,vendor|direct
gemv,cdouble,sm_120,N,64,63,8192,vendor|direct
gemv,cdouble,sm_120,N,64,63,32768,vendor|direct
gemv,cdouble,sm_120,N,64,64,1,vendor|direct
gemv,cdouble,sm_120,N,64,64,16,vendor|direct
gemv,cdouble,sm_120,N,64,64,128,vendor|direct
gemv,cdouble,sm_120,N,64,64,319,vendor|direct
gemv,cdouble,sm_120,N,64,64,320,vendor|direct
gemv,cdouble,sm_120,N,64,64,1024,vendor|direct
gemv,cdouble,sm_120,N,64,64,8192,vendor|direct
gemv,cdouble,sm_120,N,64,64,32768,vendor|direct
gemv,cdouble,sm_120,N,64,128,1,vendor|direct
gemv,cdouble,sm_120,N,64,128,16,vendor|direct
gemv,cdouble,sm_120,N,64,128,128,vendor|direct
gemv,cdouble,sm_120,N,64,128,319,vendor|direct
gemv,cdouble,sm_120,N,64,128,320,vendor|direct
gemv,cdouble,sm_120,N,64,128,1024,vendor|direct
gemv,cdouble,sm_120,N,64,128,8192,vendor|direct
gemv,cdouble,sm_120,N,64,128,32768,vendor|direct
gemv,cdouble,sm_120,N,64,352,1,vendor|direct
gemv,cdouble,sm_120,N,64,352,16,vendor|direct
gemv,cdouble,sm_120,N,64,352,128,vendor|direct
gemv,cdouble,sm_120,N,64,352,319,vendor|direct
gemv,cdouble,sm_120,N,64,352,320,vendor|direct
gemv,cdouble,sm_120,N,64,352,1024,vendor|direct
gemv,cdouble,sm_120,N,64,352,8192,vendor|direct
gemv,cdouble,sm_120,N,64,352,32768,vendor|direct
gemv,cdouble,sm_120,N,64,353,1,vendor|direct
gemv,cdouble,sm_120,N,64,353,16,vendor|direct
gemv,cdouble,sm_120,N,64,353,128,vendor|direct
gemv,cdouble,sm_120,N,64,353,319,vendor|direct
gemv,cdouble,sm_120,N,64,353,320,vendor|direct
gemv,cdouble,sm_120,N,64,353,1024,vendor|direct
gemv,cdouble,sm_120,N,64,353,8192,vendor|direct
gemv,cdouble,sm_120,N,64,353,32768,vendor|direct
gemv,cdouble,sm_120,N,64,1024,1,vendor|direct
gemv,cdouble,sm_120,N,64,1024,16,vendor|direct
gemv,cdouble,sm_120,N,64,1024,128,vendor|direct
gemv,cdouble,sm_120,N,64,1024,319,vendor|direct
gemv,cdouble,sm_120,N,64,1024,320,vendor|direct
gemv,cdouble,sm_120,N,64,1024,1024,vendor|direct
gemv,cdouble,sm_120,N,64,1024,8192,vendor|direct
gemv,cdouble,sm_120,N,64,1024,32768,vendor|direct
gemv,cdouble,sm_120,N,64,4096,1,vendor|direct
gemv,cdouble,sm_120,N,64,4096,16,vendor|direct
gemv,cdouble,sm_120,N,64,4096,128,vendor|direct
gemv,cdouble,sm_120,N,64,4096,319,vendor|direct
gemv,cdouble,sm_120,N,64,4096,320,vendor|direct
gemv,cdouble,sm_120,N,64,4096,1024,vendor|direct
gemv,cdouble,sm_120,N,64,4096,8192,vendor|direct
gemv,cdouble,sm_120,N,64,4096,32768,vendor|direct
gemv,cdouble,sm_120,N,64,32768,1,vendor|direct
gemv,cdouble,sm_120,N,64,32768,16,vendor|direct
gemv,cdouble,sm_120,N,64,32768,128,vendor|direct
gemv,cdouble,sm_120,N,64,32768,319,vendor|direct
gemv,cdouble,sm_120,N,64,32768,320,vendor|direct
gemv,cdouble,sm_120,N,64,32768,1024,vendor|direct
gemv,cdouble,sm_120,N,64,32768,8192,vendor|direct
gemv,cdouble,sm_120,N,64,32768,32768,vendor|direct
gemv,cdouble,sm_120,N,255,1,1,vendor|direct
gemv,cdouble,sm_120,N,255,1,16,vendor|direct
gemv,cdouble,sm_120,N,255,1,128,vendor|direct
gemv,cdouble,sm_120,N,255,1,319,vendor|direct
gemv,cdouble,sm_120,N,255,1,320,vendor|direct
gemv,cdouble,sm_120,N,255,1,1024,vendor|direct
gemv,cdouble,sm_120,N,255,1,8192,vendor|direct
gemv,cdouble,sm_120,N,255,1,32768,vendor|direct
gemv,cdouble,sm_120,N,255,8,1,vendor|direct
gemv,cdouble,sm_120,N,255,8,16,vendor|direct
gemv,cdouble,sm_120,N,255,8,128,vendor|direct
gemv,cdouble,sm_120,N,255,8,319,vendor|direct
gemv,cdouble,sm_120,N,255,8,320,vendor|direct
gemv,cdouble,sm_120,N,255,8,1024,vendor|direct
gemv,cdouble,sm_120,N,255,8,8192,vendor|direct
gemv,cdouble,sm_120,N,255,8,32768,vendor|direct
gemv,cdouble,sm_120,N,255,32,1,vendor|direct
gemv,cdouble,sm_120,N,255,32,16,vendor|direct
gemv,cdouble,sm_120,N,255,32,128,vendor|direct
gemv,cdouble,sm_120,N,255,32,319,vendor|direct
gemv,cdouble,sm_120,N,255,32,320,vendor|direct
gemv,cdouble,sm_120,N,255,32,1024,vendor|direct
gemv,cdouble,sm_120,N,255,32,8192,vendor|direct
gemv,cdouble,sm_120,N,255,32,32768,vendor|direct
gemv,cdouble,sm_120,N,255,63,1,vendor|direct
gemv,cdouble,sm_120,N,255,63,16,vendor|direct
gemv,cdouble,sm_120,N,255,63,128,vendor|direct
gemv,cdouble,sm_120,N,255,63,319,vendor|direct
gemv,cdouble,sm_120,N,255,63,320,vendor|direct
gemv,cdouble,sm_120,N,255,63,1024,vendor|direct
gemv,cdouble,sm_120,N,255,63,8192,vendor|direct
gemv,cdouble,sm_120,N,255,63,32768,vendor|direct
gemv,cdouble,sm_120,N,255,64,1,vendor|direct
gemv,cdouble,sm_120,N,255,64,16,vendor|direct
gemv,cdouble,sm_120,N,255,64,128,vendor|direct
gemv,cdouble,sm_120,N,255,64,319,vendor|direct
gemv,cdouble,sm_120,N,255,64,320,vendor|direct
gemv,cdouble,sm_120,N,255,64,1024,vendor|direct
gemv,cdouble,sm_120,N,255,64,8192,vendor|direct
gemv,cdouble,sm_120,N,255,64,32768,vendor|direct
gemv,cdouble,sm_120,N,255,128,1,vendor|direct
gemv,cdouble,sm_120,N,255,128,16,vendor|direct
gemv,cdouble,sm_120,N,255,128,128,vendor|direct
gemv,cdouble,sm_120,N,255,128,319,vendor|direct
gemv,cdouble,sm_120,N,255,128,320,vendor|direct
gemv,cdouble,sm_120,N,255,128,1024,vendor|direct
gemv,cdouble,sm_120,N,255,128,8192,vendor|direct
gemv,cdouble,sm_120,N,255,128,32768,vendor|direct
gemv,cdouble,sm_120,N,255,352,1,vendor|direct
gemv,cdouble,sm_120,N,255,352,16,vendor|direct
gemv,cdouble,sm_120,N,255,352,128,vendor|direct
gemv,cdouble,sm_120,N,255,352,319,vendor|direct
gemv,cdouble,sm_120,N,255,352,320,vendor|direct
gemv,cdouble,sm_120,N,255,352,1024,vendor|direct
gemv,cdouble,sm_120,N,255,352,8192,vendor|direct
gemv,cdouble,sm_120,N,255,352,32768,vendor|direct
gemv,cdouble,sm_120,N,255,353,1,vendor|direct
gemv,cdouble,sm_120,N,255,353,16,vendor|direct
gemv,cdouble,sm_120,N,255,353,128,vendor|direct
gemv,cdouble,sm_120,N,255,353,319,vendor|direct
gemv,cdouble,sm_120,N,255,353,320,vendor|direct
gemv,cdouble,sm_120,N,255,353,1024,vendor|direct
gemv,cdouble,sm_120,N,255,353,8192,vendor|direct
gemv,cdouble,sm_120,N,255,353,32768,vendor|direct
gemv,cdouble,sm_120,N,255,1024,1,vendor|direct
gemv,cdouble,sm_120,N,255,1024,16,vendor|direct
gemv,cdouble,sm_120,N,255,1024,128,vendor|direct
gemv,cdouble,sm_120,N,255,1024,319,vendor|direct
gemv,cdouble,sm_120,N,255,1024,320,vendor|direct
gemv,cdouble,sm_120,N,255,1024,1024,vendor|direct
gemv,cdouble,sm_120,N,255,1024,8192,vendor|direct
gemv,cdouble,sm_120,N,255,1024,32768,vendor|direct
gemv,cdouble,sm_120,N,255,4096,1,vendor|direct
gemv,cdouble,sm_120,N,255,4096,16,vendor|direct
gemv,cdouble,sm_120,N,255,4096,128,vendor|direct
gemv,cdouble,sm_120,N,255,4096,319,vendor|direct
gemv,cdouble,sm_120,N,255,4096,320,vendor|direct
gemv,cdouble,sm_120,N,255,4096,1024,vendor|direct
gemv,cdouble,sm_120,N,255,4096,8192,vendor|direct
gemv,cdouble,sm_120,N,255,4096,32768,vendor|direct
gemv,cdouble,sm_120,N,255,32768,1,vendor|direct
gemv,cdouble,sm_120,N,255,32768,16,vendor|direct
gemv,cdouble,sm_120,N,255,32768,128,vendor|direct
gemv,cdouble,sm_120,N,255,32768,319,vendor|direct
gemv,cdouble,sm_120,N,255,32768,320,vendor|direct
gemv,cdouble,sm_120,N,255,32768,1024,vendor|direct
gemv,cdouble,sm_120,N,255,32768,8192,vendor|direct
gemv,cdouble,sm_120,N,255,32768,32768,vendor|direct
gemv,cdouble,sm_120,N,256,1,1,vendor|direct
gemv,cdouble,sm_120,N,256,1,16,vendor|direct
gemv,cdouble,sm_120,N,256,1,128,vendor|direct
gemv,cdouble,sm_120,N,256,1,319,vendor|direct
gemv,cdouble,sm_120,N,256,1,320,vendor|direct
gemv,cdouble,sm_120,N,256,1,1024,vendor|direct
gemv,cdouble,sm_120,N,256,1,8192,vendor|direct
gemv,cdouble,sm_120,N,256,1,32768,vendor|direct
gemv,cdouble,sm_120,N,256,8,1,vendor|direct
gemv,cdouble,sm_120,N,256,8,16,vendor|direct
gemv,cdouble,sm_120,N,256,8,128,vendor|direct
gemv,cdouble,sm_120,N,256,8,319,vendor|direct
gemv,cdouble,sm_120,N,256,8,320,vendor|direct
gemv,cdouble,sm_120,N,256,8,1024,vendor|direct
gemv,cdouble,sm_120,N,256,8,8192,vendor|direct
gemv,cdouble,sm_120,N,256,8,32768,vendor|direct
gemv,cdouble,sm_120,N,256,32,1,vendor|direct
gemv,cdouble,sm_120,N,256,32,16,vendor|direct
gemv,cdouble,sm_120,N,256,32,128,vendor|direct
gemv,cdouble,sm_120,N,256,32,319,vendor|direct
gemv,cdouble,sm_120,N,256,32,320,vendor|direct
gemv,cdouble,sm_120,N,256,32,1024,vendor|direct
gemv,cdouble,sm_120,N,256,32,8192,vendor|direct
gemv,cdouble,sm_120,N,256,32,32768,vendor|direct
gemv,cdouble,sm_120,N,256,63,1,vendor|direct
gemv,cdouble,sm_120,N,256,63,16,vendor|direct
gemv,cdouble,sm_120,N,256,63,128,vendor|direct
gemv,cdouble,sm_120,N,256,63,319,vendor|direct
gemv,cdouble,sm_120,N,256,63,320,vendor|direct
gemv,cdouble,sm_120,N,256,63,1024,vendor|direct
gemv,cdouble,sm_120,N,256,63,8192,vendor|direct
gemv,cdouble,sm_120,N,256,63,32768,vendor|direct
gemv,cdouble,sm_120,N,256,64,1,vendor|direct
gemv,cdouble,sm_120,N,256,64,16,vendor|direct
gemv,cdouble,sm_120,N,256,64,128,vendor|direct
gemv,cdouble,sm_120,N,256,64,319,vendor|direct
gemv,cdouble,sm_120,N,256,64,320,vendor|direct
gemv,cdouble,sm_120,N,256,64,1024,vendor|direct
gemv,cdouble,sm_120,N,256,64,8192,vendor|direct
gemv,cdouble,sm_120,N,256,64,32768,vendor|direct
gemv,cdouble,sm_120,N,256,128,1,vendor|direct
gemv,cdouble,sm_120,N,256,128,16,vendor|direct
gemv,cdouble,sm_120,N,256,128,128,vendor|direct
gemv,cdouble,sm_120,N,256,128,319,vendor|direct
gemv,cdouble,sm_120,N,256,128,320,vendor|direct
gemv,cdouble,sm_120,N,256,128,1024,vendor|direct
gemv,cdouble,sm_120,N,256,128,8192,vendor|direct
gemv,cdouble,sm_120,N,256,128,32768,vendor|direct
gemv,cdouble,sm_120,N,256,352,1,vendor|direct
gemv,cdouble,sm_120,N,256,352,16,vendor|direct
gemv,cdouble,sm_120,N,256,352,128,vendor|direct
gemv,cdouble,sm_120,N,256,352,319,vendor|direct
gemv,cdouble,sm_120,N,256,352,320,vendor|direct
gemv,cdouble,sm_120,N,256,352,1024,vendor|direct
gemv,cdouble,sm_120,N,256,352,8192,vendor|direct
gemv,cdouble,sm_120,N,256,352,32768,vendor|direct
gemv,cdouble,sm_120,N,256,353,1,vendor|direct
gemv,cdouble,sm_120,N,256,353,16,vendor|direct
gemv,cdouble,sm_120,N,256,353,128,vendor|direct
gemv,cdouble,sm_120,N,256,353,319,vendor|direct
gemv,cdouble,sm_120,N,256,353,320,vendor|direct
gemv,cdouble,sm_120,N,256,353,1024,vendor|direct
gemv,cdouble,sm_120,N,256,353,8192,vendor|direct
gemv,cdouble,sm_120,N,256,353,32768,vendor|direct
gemv,cdouble,sm_120,N,256,1024,1,vendor|direct
gemv,cdouble,sm_120,N,256,1024,16,vendor|direct
gemv,cdouble,sm_120,N,256,1024,128,vendor|direct
gemv,cdouble,sm_120,N,256,1024,319,vendor|direct
gemv,cdouble,sm_120,N,256,1024,320,vendor|direct
gemv,cdouble,sm_120,N,256,1024,1024,vendor|direct
gemv,cdouble,sm_120,N,256,1024,8192,vendor|direct
gemv,cdouble,sm_120,N,256,1024,32768,vendor|direct
gemv,cdouble,sm_120,N,256,4096,1,vendor|direct
gemv,cdouble,sm_120,N,256,4096,16,vendor|direct
gemv,cdouble,sm_120,N,256,4096,128,vendor|direct
gemv,cdouble,sm_120,N,256,4096,319,vendor|direct
gemv,cdouble,sm_120,N,256,4096,320,vendor|direct
gemv,cdouble,sm_120,N,256,4096,1024,vendor|direct
gemv,cdouble,sm_120,N,256,4096,8192,vendor|direct
gemv,cdouble,sm_120,N,256,4096,32768,vendor|direct
gemv,cdouble,sm_120,N,256,32768,1,vendor|direct
gemv,cdouble,sm_120,N,256,32768,16,vendor|direct
gemv,cdouble,sm_120,N,256,32768,128,vendor|direct
gemv,cdouble,sm_120,N,256,32768,319,vendor|direct
gemv,cdouble,sm_120,N,256,32768,320,vendor|direct
gemv,cdouble,sm_120,N,256,32768,1024,vendor|direct
gemv,cdouble,sm_120,N,256,32768,8192,vendor|direct
gemv,cdouble,sm_120,N,256,32768,32768,vendor|direct
gemv,cdouble,sm_120,N,1024,1,1,vendor|direct
gemv,cdouble,sm_120,N,1024,1,16,vendor|direct
gemv,cdouble,sm_120,N,1024,1,128,vendor|direct
gemv,cdouble,sm_120,N,1024,1,319,vendor|direct
gemv,cdouble,sm_120,N,1024,1,320,vendor|direct
gemv,cdouble,sm_120,N,1024,1,1024,vendor|direct
gemv,cdouble,sm_120,N,1024,1,8192,vendor|direct
gemv,cdouble,sm_120,N,1024,1,32768,vendor|direct
gemv,cdouble,sm_120,N,1024,8,1,vendor|direct
gemv,cdouble,sm_120,N,1024,8,16,vendor|direct
gemv,cdouble,sm_120,N,1024,8,128,vendor|direct
gemv,cdouble,sm_120,N,1024,8,319,vendor|direct
gemv,cdouble,sm_120,N,1024,8,320,vendor|direct
gemv,cdouble,sm_120,N,1024,8,1024,vendor|direct
gemv,cdouble,sm_120,N,1024,8,8192,vendor|direct
gemv,cdouble,sm_120,N,1024,8,32768,vendor|direct
gemv,cdouble,sm_120,N,1024,32,1,vendor|direct
gemv,cdouble,sm_120,N,1024,32,16,vendor|direct
gemv,cdouble,sm_120,N,1024,32,128,vendor|direct
gemv,cdouble,sm_120,N,1024,32,319,vendor|direct
gemv,cdouble,sm_120,N,1024,32,320,vendor|direct
gemv,cdouble,sm_120,N,1024,32,1024,vendor|direct
gemv,cdouble,sm_120,N,1024,32,8192,vendor|direct
gemv,cdouble,sm_120,N,1024,32,32768,vendor|direct
gemv,cdouble,sm_120,N,1024,63,1,vendor|direct
gemv,cdouble,sm_120,N,1024,63,16,vendor|direct
gemv,cdouble,sm_120,N,1024,63,128,vendor|direct
gemv,cdouble,sm_120,N,1024,63,319,vendor|direct
gemv,cdouble,sm_120,N,1024,63,320,vendor|direct
gemv,cdouble,sm_120,N,1024,63,1024,vendor|direct
gemv,cdouble,sm_120,N,1024,63,8192,vendor|direct
gemv,cdouble,sm_120,N,1024,63,32768,vendor|direct
gemv,cdouble,sm_120,N,1024,64,1,vendor|direct
gemv,cdouble,sm_120,N,1024,64,16,vendor|direct
gemv,cdouble,sm_120,N,1024,64,128,vendor|direct
gemv,cdouble,sm_120,N,1024,64,319,vendor|direct
gemv,cdouble,sm_120,N,1024,64,320,vendor|direct
gemv,cdouble,sm_120,N,1024,64,1024,vendor|direct
gemv,cdouble,sm_120,N,1024,64,8192,vendor|direct
gemv,cdouble,sm_120,N,1024,64,32768,vendor|direct
gemv,cdouble,sm_120,N,1024,128,1,vendor|direct
gemv,cdouble,sm_120,N,1024,128,16,vendor|direct
gemv,cdouble,sm_120,N,1024,128,128,vendor|direct
gemv,cdouble,sm_120,N,1024,128,319,vendor|direct
gemv,cdouble,sm_120,N,1024,128,320,vendor|direct
gemv,cdouble,sm_120,N,1024,128,1024,vendor|direct
gemv,cdouble,sm_120,N,1024,128,8192,vendor|direct
gemv,cdouble,sm_120,N,1024,128,32768,vendor|direct
gemv,cdouble,sm_120,N,1024,352,1,vendor|direct
gemv,cdouble,sm_120,N,1024,352,16,vendor|direct
gemv,cdouble,sm_120,N,1024,352,128,vendor|direct
gemv,cdouble,sm_120,N,1024,352,319,vendor|direct
gemv,cdouble,sm_120,N,1024,352,320,vendor|direct
gemv,cdouble,sm_120,N,1024,352,1024,vendor|direct
gemv,cdouble,sm_120,N,1024,352,8192,vendor|direct
gemv,cdouble,sm_120,N,1024,352,32768,vendor|direct
gemv,cdouble,sm_120,N,1024,353,1,vendor|direct
gemv,cdouble,sm_120,N,1024,353,16,vendor|direct
gemv,cdouble,sm_120,N,1024,353,128,vendor|direct
gemv,cdouble,sm_120,N,1024,353,319,vendor|direct
gemv,cdouble,sm_120,N,1024,353,320,vendor|direct
gemv,cdouble,sm_120,N,1024,353,1024,vendor|direct
gemv,cdouble,sm_120,N,1024,353,8192,vendor|direct
gemv,cdouble,sm_120,N,1024,353,32768,vendor|direct
gemv,cdouble,sm_120,N,1024,1024,1,vendor|direct
gemv,cdouble,sm_120,N,1024,1024,16,vendor|direct
gemv,cdouble,sm_120,N,1024,1024,128,vendor|direct
gemv,cdouble,sm_120,N,1024,1024,319,vendor|direct
gemv,cdouble,sm_120,N,1024,1024,320,vendor|direct
gemv,cdouble,sm_120,N,1024,1024,1024,vendor|direct
gemv,cdouble,sm_120,N,1024,1024,8192,vendor|direct
gemv,cdouble,sm_120,N,1024,1024,32768,vendor|direct
gemv,cdouble,sm_120,N,1024,4096,1,vendor|direct
gemv,cdouble,sm_120,N,1024,4096,16,vendor|direct
gemv,cdouble,sm_120,N,1024,4096,128,vendor|direct
gemv,cdouble,sm_120,N,1024,4096,319,vendor|direct
gemv,cdouble,sm_120,N,1024,4096,320,vendor|direct
gemv,cdouble,sm_120,N,1024,4096,1024,vendor|direct
gemv,cdouble,sm_120,N,1024,4096,8192,vendor|direct
gemv,cdouble,sm_120,N,1024,4096,32768,vendor|direct
gemv,cdouble,sm_120,N,1024,32768,1,vendor|direct
gemv,cdouble,sm_120,N,1024,32768,16,vendor|direct
gemv,cdouble,sm_120,N,1024,32768,128,vendor|direct
gemv,cdouble,sm_120,N,1024,32768,319,vendor|direct
gemv,cdouble,sm_120,N,1024,32768,320,vendor|direct
gemv,cdouble,sm_120,N,1024,32768,1024,vendor|direct
gemv,cdouble,sm_120,N,1024,32768,8192,vendor|direct
gemv,cdouble,sm_120,N,1024,32768,32768,vendor|direct
gemv,cdouble,sm_120,N,4096,1,1,vendor|direct
gemv,cdouble,sm_120,N,4096,1,16,vendor|direct
gemv,cdouble,sm_120,N,4096,1,128,vendor|direct
gemv,cdouble,sm_120,N,4096,1,319,vendor|direct
gemv,cdouble,sm_120,N,4096,1,320,vendor|direct
gemv,cdouble,sm_120,N,4096,1,1024,vendor|direct
gemv,cdouble,sm_120,N,4096,1,8192,vendor|direct
gemv,cdouble,sm_120,N,4096,1,32768,vendor|direct
gemv,cdouble,sm_120,N,4096,8,1,vendor|direct
gemv,cdouble,sm_120,N,4096,8,16,vendor|direct
gemv,cdouble,sm_120,N,4096,8,128,vendor|direct
gemv,cdouble,sm_120,N,4096,8,319,vendor|direct
gemv,cdouble,sm_120,N,4096,8,320,vendor|direct
gemv,cdouble,sm_120,N,4096,8,1024,vendor|direct
gemv,cdouble,sm_120,N,4096,8,8192,vendor|direct
gemv,cdouble,sm_120,N,4096,8,32768,vendor|direct
gemv,cdouble,sm_120,N,4096,32,1,vendor|direct
gemv,cdouble,sm_120,N,4096,32,16,vendor|direct
gemv,cdouble,sm_120,N,4096,32,128,vendor|direct
gemv,cdouble,sm_120,N,4096,32,319,vendor|direct
gemv,cdouble,sm_120,N,4096,32,320,vendor|direct
gemv,cdouble,sm_120,N,4096,32,1024,vendor|direct
gemv,cdouble,sm_120,N,4096,32,8192,vendor|direct
gemv,cdouble,sm_120,N,4096,32,32768,vendor|direct
gemv,cdouble,sm_120,N,4096,63,1,vendor|direct
gemv,cdouble,sm_120,N,4096,63,16,vendor|direct
gemv,cdouble,sm_120,N,4096,63,128,vendor|direct
gemv,cdouble,sm_120,N,4096,63,319,vendor|direct
gemv,cdouble,sm_120,N,4096,63,320,vendor|direct
gemv,cdouble,sm_120,N,4096,63,1024,vendor|direct
gemv,cdouble,sm_120,N,4096,63,8192,vendor|direct
gemv,cdouble,sm_120,N,4096,63,32768,vendor|direct
gemv,cdouble,sm_120,N,4096,64,1,vendor|direct
gemv,cdouble,sm_120,N,4096,64,16,vendor|direct
gemv,cdouble,sm_120,N,4096,64,128,vendor|direct
gemv,cdouble,sm_120,N,4096,64,319,vendor|direct
gemv,cdouble,sm_120,N,4096,64,320,vendor|direct
gemv,cdouble,sm_120,N,4096,64,1024,vendor|direct
gemv,cdouble,sm_120,N,4096,64,8192,vendor|direct
gemv,cdouble,sm_120,N,4096,64,32768,vendor|direct
gemv,cdouble,sm_120,N,4096,128,1,vendor|direct
gemv,cdouble,sm_120,N,4096,128,16,vendor|direct
gemv,cdouble,sm_120,N,4096,128,128,vendor|direct
gemv,cdouble,sm_120,N,4096,128,319,vendor|direct
gemv,cdouble,sm_120,N,4096,128,320,vendor|direct
gemv,cdouble,sm_120,N,4096,128,1024,vendor|direct
gemv,cdouble,sm_120,N,4096,128,8192,vendor|direct
gemv,cdouble,sm_120,N,4096,128,32768,vendor|direct
gemv,cdouble,sm_120,N,4096,352,1,vendor|direct
gemv,cdouble,sm_120,N,4096,352,16,vendor|direct
gemv,cdouble,sm_120,N,4096,352,128,vendor|direct
gemv,cdouble,sm_120,N,4096,352,319,vendor|direct
gemv,cdouble,sm_120,N,4096,352,320,vendor|direct
gemv,cdouble,sm_120,N,4096,352,1024,vendor|direct
gemv,cdouble,sm_120,N,4096,352,8192,vendor|direct
gemv,cdouble,sm_120,N,4096,352,32768,vendor|direct
gemv,cdouble,sm_120,N,4096,353,1,vendor|direct
gemv,cdouble,sm_120,N,4096,353,16,vendor|direct
gemv,cdouble,sm_120,N,4096,353,128,vendor|direct
gemv,cdouble,sm_120,N,4096,353,319,vendor|direct
gemv,cdouble,sm_120,N,4096,353,320,vendor|direct
gemv,cdouble,sm_120,N,4096,353,1024,vendor|direct
gemv,cdouble,sm_120,N,4096,353,8192,vendor|direct
gemv,cdouble,sm_120,N,4096,353,32768,vendor|direct
gemv,cdouble,sm_120,N,4096,1024,1,vendor|direct
gemv,cdouble,sm_120,N,4096,1024,16,vendor|direct
gemv,cdouble,sm_120,N,4096,1024,128,vendor|direct
gemv,cdouble,sm_120,N,4096,1024,319,vendor|direct
gemv,cdouble,sm_120,N,4096,1024,320,vendor|direct
gemv,cdouble,sm_120,N,4096,1024,1024,vendor|direct
gemv,cdouble,sm_120,N,4096,1024,8192,vendor|direct
gemv,cdouble,sm_120,N,4096,1024,32768,vendor|direct
gemv,cdouble,sm_120,N,4096,4096,1,vendor|direct
gemv,cdouble,sm_120,N,4096,4096,16,vendor|direct
gemv,cdouble,sm_120,N,4096,4096,128,vendor|direct
gemv,cdouble,sm_120,N,4096,4096,319,vendor|direct
gemv,cdouble,sm_120,N,4096,4096,320,vendor|direct
gemv,cdouble,sm_120,N,4096,4096,1024,vendor|direct
gemv,cdouble,sm_120,N,4096,4096,8192,vendor|direct
gemv,cdouble,sm_120,N,4096,4096,32768,vendor|direct
gemv,cdouble,sm_120,N,4096,32768,1,vendor|direct
gemv,cdouble,sm_120,N,4096,32768,16,vendor|direct
gemv,cdouble,sm_120,N,4096,32768,128,vendor|direct
gemv,cdouble,sm_120,N,4096,32768,319,vendor|direct
gemv,cdouble,sm_120,N,4096,32768,320,vendor|direct
gemv,cdouble,sm_120,N,4096,32768,1024,vendor|direct
gemv,cdouble,sm_120,N,4096,32768,8192,vendor|direct
gemv,cdouble,sm_120,N,4096,32768,32768,vendor|direct
gemv,cdouble,sm_120,N,32768,1,1,vendor|direct
gemv,cdouble,sm_120,N,32768,1,16,vendor|direct
gemv,cdouble,sm_120,N,32768,1,128,vendor|direct
gemv,cdouble,sm_120,N,32768,1,319,vendor|direct
gemv,cdouble,sm_120,N,32768,1,320,vendor|direct
gemv,cdouble,sm_120,N,32768,1,1024,vendor|direct
gemv,cdouble,sm_120,N,32768,1,8192,vendor|direct
gemv,cdouble,sm_120,N,32768,1,32768,vendor|direct
gemv,cdouble,sm_120,N,32768,8,1,vendor|direct
gemv,cdouble,sm_120,N,32768,8,16,vendor|direct
gemv,cdouble,sm_120,N,32768,8,128,vendor|direct
gemv,cdouble,sm_120,N,32768,8,319,vendor|direct
gemv,cdouble,sm_120,N,32768,8,320,vendor|direct
gemv,cdouble,sm_120,N,32768,8,1024,vendor|direct
gemv,cdouble,sm_120,N,32768,8,8192,vendor|direct
gemv,cdouble,sm_120,N,32768,8,32768,vendor|direct
gemv,cdouble,sm_120,N,32768,32,1,vendor|direct
gemv,cdouble,sm_120,N,32768,32,16,vendor|direct
gemv,cdouble,sm_120,N,32768,32,128,vendor|direct
gemv,cdouble,sm_120,N,32768,32,319,vendor|direct
gemv,cdouble,sm_120,N,32768,32,320,vendor|direct
gemv,cdouble,sm_120,N,32768,32,1024,vendor|direct
gemv,cdouble,sm_120,N,32768,32,8192,vendor|direct
gemv,cdouble,sm_120,N,32768,32,32768,vendor|direct
gemv,cdouble,sm_120,N,32768,63,1,vendor|direct
gemv,cdouble,sm_120,N,32768,63,16,vendor|direct
gemv,cdouble,sm_120,N,32768,63,128,vendor|direct
gemv,cdouble,sm_120,N,32768,63,319,vendor|direct
gemv,cdouble,sm_120,N,32768,63,320,vendor|direct
gemv,cdouble,sm_120,N,32768,63,1024,vendor|direct
gemv,cdouble,sm_120,N,32768,63,8192,vendor|direct
gemv,cdouble,sm_120,N,32768,63,32768,vendor|direct
gemv,cdouble,sm_120,N,32768,64,1,vendor|direct
gemv,cdouble,sm_120,N,32768,64,16,vendor|direct
gemv,cdouble,sm_120,N,32768,64,128,vendor|direct
gemv,cdouble,sm_120,N,32768,64,319,vendor|direct
gemv,cdouble,sm_120,N,32768,64,320,vendor|direct
gemv,cdouble,sm_120,N,32768,64,1024,vendor|direct
gemv,cdouble,sm_120,N,32768,64,8192,vendor|direct
gemv,cdouble,sm_120,N,32768,64,32768,vendor|direct
gemv,cdouble,sm_120,N,32768,128,1,vendor|direct
gemv,cdouble,sm_120,N,32768,128,16,vendor|direct
gemv,cdouble,sm_120,N,32768,128,128,vendor|direct
gemv,cdouble,sm_120,N,32768,128,319,vendor|direct
gemv,cdouble,sm_120,N,32768,128,320,vendor|direct
gemv,cdouble,sm_120,N,32768,128,1024,vendor|direct
gemv,cdouble,sm_120,N,32768,128,8192,vendor|direct
gemv,cdouble,sm_120,N,32768,128,32768,vendor|direct
gemv,cdouble,sm_120,N,32768,352,1,vendor|direct
gemv,cdouble,sm_120,N,32768,352,16,vendor|direct
gemv,cdouble,sm_120,N,32768,352,128,vendor|direct
gemv,cdouble,sm_120,N,32768,352,319,vendor|direct
gemv,cdouble,sm_120,N,32768,352,320,vendor|direct
gemv,cdouble,sm_120,N,32768,352,1024,vendor|direct
gemv,cdouble,sm_120,N,32768,352,8192,vendor|direct
gemv,cdouble,sm_120,N,32768,352,32768,vendor|direct
gemv,cdouble,sm_120,N,32768,353,1,vendor|direct
gemv,cdouble,sm_120,N,32768,353,16,vendor|direct
gemv,cdouble,sm_120,N,32768,353,128,vendor|direct
gemv,cdouble,sm_120,N,32768,353,319,vendor|direct
gemv,cdouble,sm_120,N,32768,353,320,vendor|direct
gemv,cdouble,sm_120,N,32768,353,1024,vendor|direct
gemv,cdouble,sm_120,N,32768,353,8192,vendor|direct
gemv,cdouble,sm_120,N,32768,353,32768,vendor|direct
gemv,cdouble,sm_120,N,32768,1024,1,vendor|direct
gemv,cdouble,sm_120,N,32768,1024,16,vendor|direct
gemv,cdouble,sm_120,N,32768,1024,128,vendor|direct
gemv,cdouble,sm_120,N,32768,1024,319,vendor|direct
gemv,cdouble,sm_120,N,32768,1024,320,vendor|direct
gemv,cdouble,sm_120,N,32768,1024,1024,vendor|direct
gemv,cdouble,sm_120,N,32768,1024,8192,vendor|direct
gemv,cdouble,sm_120,N,32768,1024,32768,vendor|direct
gemv,cdouble,sm_120,N,32768,4096,1,vendor|direct
gemv,cdouble,sm_120,N,32768,4096,16,vendor|direct
gemv,cdouble,sm_120,N,32768,4096,128,vendor|direct
gemv,cdouble,sm_120,N,32768,4096,319,vendor|direct
gemv,cdouble,sm_120,N,32768,4096,320,vendor|direct
gemv,cdouble,sm_120,N,32768,4096,1024,vendor|direct
gemv,cdouble,sm_120,N,32768,4096,8192,vendor|direct
gemv,cdouble,sm_120,N,32768,4096,32768,vendor|direct
gemv,cdouble,sm_120,N,32768,32768,1,vendor|direct
gemv,cdouble,sm_120,N,32768,32768,16,vendor|direct
gemv,cdouble,sm_120,N,32768,32768,128,vendor|direct
gemv,cdouble,sm_120,N,32768,32768,319,vendor|direct
gemv,cdouble,sm_120,N,32768,32768,320,vendor|direct
gemv,cdouble,sm_120,N,32768,32768,1024,vendor|direct
gemv,cdouble,sm_120,N,32768,32768,8192,vendor|direct
gemv,cdouble,sm_120,N,32768,32768,32768,vendor|direct
gemv,cdouble,sm_120,T,1,1,1,vendor|cta|direct
gemv,cdouble,sm_120,T,1,1,16,vendor|cta|direct
gemv,cdouble,sm_120,T,1,1,128,vendor|cta|direct
gemv,cdouble,sm_120,T,1,1,319,vendor|cta|direct
gemv,cdouble,sm_120,T,1,1,320,vendor|cta|direct
gemv,cdouble,sm_120,T,1,1,1024,vendor|cta|direct
gemv,cdouble,sm_120,T,1,1,8192,vendor|cta|direct
gemv,cdouble,sm_120,T,1,1,32768,vendor|cta|direct
gemv,cdouble,sm_120,T,1,8,1,vendor|cta|direct
gemv,cdouble,sm_120,T,1,8,16,vendor|cta|direct
gemv,cdouble,sm_120,T,1,8,128,vendor|cta|direct
gemv,cdouble,sm_120,T,1,8,319,vendor|cta|direct
gemv,cdouble,sm_120,T,1,8,320,vendor|cta|direct
gemv,cdouble,sm_120,T,1,8,1024,vendor|cta|direct
gemv,cdouble,sm_120,T,1,8,8192,vendor|cta|direct
gemv,cdouble,sm_120,T,1,8,32768,vendor|cta|direct
gemv,cdouble,sm_120,T,1,32,1,vendor|cta|direct
gemv,cdouble,sm_120,T,1,32,16,vendor|cta|direct
gemv,cdouble,sm_120,T,1,32,128,vendor|cta|direct
gemv,cdouble,sm_120,T,1,32,319,vendor|cta|direct
gemv,cdouble,sm_120,T,1,32,320,vendor|cta|direct
gemv,cdouble,sm_120,T,1,32,1024,vendor|cta|direct
gemv,cdouble,sm_120,T,1,32,8192,vendor|cta|direct
gemv,cdouble,sm_120,T,1,32,32768,vendor|cta|direct
gemv,cdouble,sm_120,T,1,63,1,vendor|cta|direct
gemv,cdouble,sm_120,T,1,63,16,vendor|cta|direct
gemv,cdouble,sm_120,T,1,63,128,vendor|cta|direct
gemv,cdouble,sm_120,T,1,63,319,vendor|cta|direct
gemv,cdouble,sm_120,T,1,63,320,vendor|cta|direct
gemv,cdouble,sm_120,T,1,63,1024,vendor|cta|direct
gemv,cdouble,sm_120,T,1,63,8192,vendor|cta|direct
gemv,cdouble,sm_120,T,1,63,32768,vendor|cta|direct
gemv,cdouble,sm_120,T,1,64,1,vendor|cta|direct
gemv,cdouble,sm_120,T,1,64,16,vendor|cta|direct
gemv,cdouble,sm_120,T,1,64,128,vendor|cta|direct
gemv,cdouble,sm_120,T,1,64,319,vendor|cta|direct
gemv,cdouble,sm_120,T,1,64,320,vendor|cta|direct
gemv,cdouble,sm_120,T,1,64,1024,vendor|cta|direct
gemv,cdouble,sm_120,T,1,64,8192,vendor|cta|direct
gemv,cdouble,sm_120,T,1,64,32768,vendor|cta|direct
gemv,cdouble,sm_120,T,1,128,1,vendor|cta|direct
gemv,cdouble,sm_120,T,1,128,16,vendor|cta|direct
gemv,cdouble,sm_120,T,1,128,128,vendor|cta|direct
gemv,cdouble,sm_120,T,1,128,319,vendor|cta|direct
gemv,cdouble,sm_120,T,1,128,320,vendor|cta|direct
gemv,cdouble,sm_120,T,1,128,1024,vendor|cta|direct
gemv,cdouble,sm_120,T,1,128,8192,vendor|cta|direct
gemv,cdouble,sm_120,T,1,128,32768,vendor|cta|direct
gemv,cdouble,sm_120,T,1,352,1,vendor|cta|direct
gemv,cdouble,sm_120,T,1,352,16,vendor|cta|direct
gemv,cdouble,sm_120,T,1,352,128,vendor|cta|direct
gemv,cdouble,sm_120,T,1,352,319,vendor|cta|direct
gemv,cdouble,sm_120,T,1,352,320,vendor|cta|direct
gemv,cdouble,sm_120,T,1,352,1024,vendor|cta|direct
gemv,cdouble,sm_120,T,1,352,8192,vendor|cta|direct
gemv,cdouble,sm_120,T,1,352,32768,vendor|cta|direct
gemv,cdouble,sm_120,T,1,353,1,vendor|cta|direct
gemv,cdouble,sm_120,T,1,353,16,vendor|cta|direct
gemv,cdouble,sm_120,T,1,353,128,vendor|cta|direct
gemv,cdouble,sm_120,T,1,353,319,vendor|cta|direct
gemv,cdouble,sm_120,T,1,353,320,vendor|cta|direct
gemv,cdouble,sm_120,T,1,353,1024,vendor|cta|direct
gemv,cdouble,sm_120,T,1,353,8192,vendor|cta|direct
gemv,cdouble,sm_120,T,1,353,32768,vendor|cta|direct
gemv,cdouble,sm_120,T,1,1024,1,vendor|cta|direct
gemv,cdouble,sm_120,T,1,1024,16,vendor|cta|direct
gemv,cdouble,sm_120,T,1,1024,128,vendor|cta|direct
gemv,cdouble,sm_120,T,1,1024,319,vendor|cta|direct
gemv,cdouble,sm_120,T,1,1024,320,vendor|cta|direct
gemv,cdouble,sm_120,T,1,1024,1024,vendor|cta|direct
gemv,cdouble,sm_120,T,1,1024,8192,vendor|cta|direct
gemv,cdouble,sm_120,T,1,1024,32768,vendor|cta|direct
gemv,cdouble,sm_120,T,1,4096,1,vendor|cta|direct
gemv,cdouble,sm_120,T,1,4096,16,vendor|cta|direct
gemv,cdouble,sm_120,T,1,4096,128,vendor|cta|direct
gemv,cdouble,sm_120,T,1,4096,319,vendor|cta|direct
gemv,cdouble,sm_120,T,1,4096,320,vendor|cta|direct
gemv,cdouble,sm_120,T,1,4096,1024,vendor|cta|direct
gemv,cdouble,sm_120,T,1,4096,8192,vendor|cta|direct
gemv,cdouble,sm_120,T,1,4096,32768,vendor|cta|direct
gemv,cdouble,sm_120,T,1,32768,1,vendor|cta|direct
gemv,cdouble,sm_120,T,1,32768,16,vendor|cta|direct
gemv,cdouble,sm_120,T,1,32768,128,vendor|cta|direct
gemv,cdouble,sm_120,T,1,32768,319,vendor|cta|direct
gemv,cdouble,sm_120,T,1,32768,320,vendor|cta|direct
gemv,cdouble,sm_120,T,1,32768,1024,vendor|cta|direct
gemv,cdouble,sm_120,T,1,32768,8192,vendor|cta|direct
gemv,cdouble,sm_120,T,1,32768,32768,vendor|cta|direct
gemv,cdouble,sm_120,T,8,1,1,vendor|cta|direct
gemv,cdouble,sm_120,T,8,1,16,vendor|cta|direct
gemv,cdouble,sm_120,T,8,1,128,vendor|cta|direct
gemv,cdouble,sm_120,T,8,1,319,vendor|cta|direct
gemv,cdouble,sm_120,T,8,1,320,vendor|cta|direct
gemv,cdouble,sm_120,T,8,1,1024,vendor|cta|direct
gemv,cdouble,sm_120,T,8,1,8192,vendor|cta|direct
gemv,cdouble,sm_120,T,8,1,32768,vendor|cta|direct
gemv,cdouble,sm_120,T,8,8,1,vendor|cta|direct
gemv,cdouble,sm_120,T,8,8,16,vendor|cta|direct
gemv,cdouble,sm_120,T,8,8,128,vendor|cta|direct
gemv,cdouble,sm_120,T,8,8,319,vendor|cta|direct
gemv,cdouble,sm_120,T,8,8,320,vendor|cta|direct
gemv,cdouble,sm_120,T,8,8,1024,vendor|cta|direct
gemv,cdouble,sm_120,T,8,8,8192,vendor|cta|direct
gemv,cdouble,sm_120,T,8,8,32768,vendor|cta|direct
gemv,cdouble,sm_120,T,8,32,1,vendor|cta|direct
gemv,cdouble,sm_120,T,8,32,16,vendor|cta|direct
gemv,cdouble,sm_120,T,8,32,128,vendor|cta|direct
gemv,cdouble,sm_120,T,8,32,319,vendor|cta|direct
gemv,cdouble,sm_120,T,8,32,320,vendor|cta|direct
gemv,cdouble,sm_120,T,8,32,1024,vendor|cta|direct
gemv,cdouble,sm_120,T,8,32,8192,vendor|cta|direct
gemv,cdouble,sm_120,T,8,32,32768,vendor|cta|direct
gemv,cdouble,sm_120,T,8,63,1,vendor|cta|direct
gemv,cdouble,sm_120,T,8,63,16,vendor|cta|direct
gemv,cdouble,sm_120,T,8,63,128,vendor|cta|direct
gemv,cdouble,sm_120,T,8,63,319,vendor|cta|direct
gemv,cdouble,sm_120,T,8,63,320,vendor|cta|direct
gemv,cdouble,sm_120,T,8,63,1024,vendor|cta|direct
gemv,cdouble,sm_120,T,8,63,8192,vendor|cta|direct
gemv,cdouble,sm_120,T,8,63,32768,vendor|cta|direct
gemv,cdouble,sm_120,T,8,64,1,vendor|cta|direct
gemv,cdouble,sm_120,T,8,64,16,vendor|cta|direct
gemv,cdouble,sm_120,T,8,64,128,vendor|cta|direct
gemv,cdouble,sm_120,T,8,64,319,vendor|cta|direct
gemv,cdouble,sm_120,T,8,64,320,vendor|cta|direct
gemv,cdouble,sm_120,T,8,64,1024,vendor|cta|direct
gemv,cdouble,sm_120,T,8,64,8192,vendor|cta|direct
gemv,cdouble,sm_120,T,8,64,32768,vendor|cta|direct
gemv,cdouble,sm_120,T,8,128,1,vendor|cta|direct
gemv,cdouble,sm_120,T,8,128,16,vendor|cta|direct
gemv,cdouble,sm_120,T,8,128,128,vendor|cta|direct
gemv,cdouble,sm_120,T,8,128,319,vendor|cta|direct
gemv,cdouble,sm_120,T,8,128,320,vendor|cta|direct
gemv,cdouble,sm_120,T,8,128,1024,vendor|cta|direct
gemv,cdouble,sm_120,T,8,128,8192,vendor|cta|direct
gemv,cdouble,sm_120,T,8,128,32768,vendor|cta|direct
gemv,cdouble,sm_120,T,8,352,1,vendor|cta|direct
gemv,cdouble,sm_120,T,8,352,16,vendor|cta|direct
gemv,cdouble,sm_120,T,8,352,128,vendor|cta|direct
gemv,cdouble,sm_120,T,8,352,319,vendor|cta|direct
gemv,cdouble,sm_120,T,8,352,320,vendor|cta|direct
gemv,cdouble,sm_120,T,8,352,1024,vendor|cta|direct
gemv,cdouble,sm_120,T,8,352,8192,vendor|cta|direct
gemv,cdouble,sm_120,T,8,352,32768,vendor|cta|direct
gemv,cdouble,sm_120,T,8,353,1,vendor|cta|direct
gemv,cdouble,sm_120,T,8,353,16,vendor|cta|direct
gemv,cdouble,sm_120,T,8,353,128,vendor|cta|direct
gemv,cdouble,sm_120,T,8,353,319,vendor|cta|direct
gemv,cdouble,sm_120,T,8,353,320,vendor|cta|direct
gemv,cdouble,sm_120,T,8,353,1024,vendor|cta|direct
gemv,cdouble,sm_120,T,8,353,8192,vendor|cta|direct
gemv,cdouble,sm_120,T,8,353,32768,vendor|cta|direct
gemv,cdouble,sm_120,T,8,1024,1,vendor|cta|direct
gemv,cdouble,sm_120,T,8,1024,16,vendor|cta|direct
gemv,cdouble,sm_120,T,8,1024,128,vendor|cta|direct
gemv,cdouble,sm_120,T,8,1024,319,vendor|cta|direct
gemv,cdouble,sm_120,T,8,1024,320,vendor|cta|direct
gemv,cdouble,sm_120,T,8,1024,1024,vendor|cta|direct
gemv,cdouble,sm_120,T,8,1024,8192,vendor|cta|direct
gemv,cdouble,sm_120,T,8,1024,32768,vendor|cta|direct
gemv,cdouble,sm_120,T,8,4096,1,vendor|cta|direct
gemv,cdouble,sm_120,T,8,4096,16,vendor|cta|direct
gemv,cdouble,sm_120,T,8,4096,128,vendor|cta|direct
gemv,cdouble,sm_120,T,8,4096,319,vendor|cta|direct
gemv,cdouble,sm_120,T,8,4096,320,vendor|cta|direct
gemv,cdouble,sm_120,T,8,4096,1024,vendor|cta|direct
gemv,cdouble,sm_120,T,8,4096,8192,vendor|cta|direct
gemv,cdouble,sm_120,T,8,4096,32768,vendor|cta|direct
gemv,cdouble,sm_120,T,8,32768,1,vendor|cta|direct
gemv,cdouble,sm_120,T,8,32768,16,vendor|cta|direct
gemv,cdouble,sm_120,T,8,32768,128,vendor|cta|direct
gemv,cdouble,sm_120,T,8,32768,319,vendor|cta|direct
gemv,cdouble,sm_120,T,8,32768,320,vendor|cta|direct
gemv,cdouble,sm_120,T,8,32768,1024,vendor|cta|direct
gemv,cdouble,sm_120,T,8,32768,8192,vendor|cta|direct
gemv,cdouble,sm_120,T,8,32768,32768,vendor|cta|direct
gemv,cdouble,sm_120,T,64,1,1,vendor|cta|direct
gemv,cdouble,sm_120,T,64,1,16,vendor|cta|direct
gemv,cdouble,sm_120,T,64,1,128,vendor|cta|direct
gemv,cdouble,sm_120,T,64,1,319,vendor|cta|direct
gemv,cdouble,sm_120,T,64,1,320,vendor|cta|direct
gemv,cdouble,sm_120,T,64,1,1024,vendor|cta|direct
gemv,cdouble,sm_120,T,64,1,8192,vendor|cta|direct
gemv,cdouble,sm_120,T,64,1,32768,vendor|cta|direct
gemv,cdouble,sm_120,T,64,8,1,vendor|cta|direct
gemv,cdouble,sm_120,T,64,8,16,vendor|cta|direct
gemv,cdouble,sm_120,T,64,8,128,vendor|cta|direct
gemv,cdouble,sm_120,T,64,8,319,vendor|cta|direct
gemv,cdouble,sm_120,T,64,8,320,vendor|cta|direct
gemv,cdouble,sm_120,T,64,8,1024,vendor|cta|direct
gemv,cdouble,sm_120,T,64,8,8192,vendor|cta|direct
gemv,cdouble,sm_120,T,64,8,32768,vendor|cta|direct
gemv,cdouble,sm_120,T,64,32,1,vendor|cta|direct
gemv,cdouble,sm_120,T,64,32,16,vendor|cta|direct
gemv,cdouble,sm_120,T,64,32,128,vendor|cta|direct
gemv,cdouble,sm_120,T,64,32,319,vendor|cta|direct
gemv,cdouble,sm_120,T,64,32,320,vendor|cta|direct
gemv,cdouble,sm_120,T,64,32,1024,vendor|cta|direct
gemv,cdouble,sm_120,T,64,32,8192,vendor|cta|direct
gemv,cdouble,sm_120,T,64,32,32768,vendor|cta|direct
gemv,cdouble,sm_120,T,64,63,1,vendor|cta|direct
gemv,cdouble,sm_120,T,64,63,16,vendor|cta|direct
gemv,cdouble,sm_120,T,64,63,128,vendor|cta|direct
gemv,cdouble,sm_120,T,64,63,319,vendor|cta|direct
gemv,cdouble,sm_120,T,64,63,320,vendor|cta|direct
gemv,cdouble,sm_120,T,64,63,1024,vendor|cta|direct
gemv,cdouble,sm_120,T,64,63,8192,vendor|cta|direct
gemv,cdouble,sm_120,T,64,63,32768,vendor|cta|direct
gemv,cdouble,sm_120,T,64,64,1,vendor|cta|direct
gemv,cdouble,sm_120,T,64,64,16,vendor|cta|direct
gemv,cdouble,sm_120,T,64,64,128,vendor|cta|direct
gemv,cdouble,sm_120,T,64,64,319,vendor|cta|direct
gemv,cdouble,sm_120,T,64,64,320,vendor|cta|direct
gemv,cdouble,sm_120,T,64,64,1024,vendor|cta|direct
gemv,cdouble,sm_120,T,64,64,8192,vendor|cta|direct
gemv,cdouble,sm_120,T,64,64,32768,vendor|cta|direct
gemv,cdouble,sm_120,T,64,128,1,vendor|cta|direct
gemv,cdouble,sm_120,T,64,128,16,vendor|cta|direct
gemv,cdouble,sm_120,T,64,128,128,vendor|cta|direct
gemv,cdouble,sm_120,T,64,128,319,vendor|cta|direct
gemv,cdouble,sm_120,T,64,128,320,vendor|cta|direct
gemv,cdouble,sm_120,T,64,128,1024,vendor|cta|direct
gemv,cdouble,sm_120,T,64,128,8192,vendor|cta|direct
gemv,cdouble,sm_120,T,64,128,32768,vendor|cta|direct
gemv,cdouble,sm_120,T,64,352,1,vendor|cta|direct
gemv,cdouble,sm_120,T,64,352,16,vendor|cta|direct
gemv,cdouble,sm_120,T,64,352,128,vendor|cta|direct
gemv,cdouble,sm_120,T,64,352,319,vendor|cta|direct
gemv,cdouble,sm_120,T,64,352,320,vendor|cta|direct
gemv,cdouble,sm_120,T,64,352,1024,vendor|cta|direct
gemv,cdouble,sm_120,T,64,352,8192,vendor|cta|direct
gemv,cdouble,sm_120,T,64,352,32768,vendor|cta|direct
gemv,cdouble,sm_120,T,64,353,1,vendor|cta|direct
gemv,cdouble,sm_120,T,64,353,16,vendor|cta|direct
gemv,cdouble,sm_120,T,64,353,128,vendor|cta|direct
gemv,cdouble,sm_120,T,64,353,319,vendor|cta|direct
gemv,cdouble,sm_120,T,64,353,320,vendor|cta|direct
gemv,cdouble,sm_120,T,64,353,1024,vendor|cta|direct
gemv,cdouble,sm_120,T,64,353,8192,vendor|cta|direct
gemv,cdouble,sm_120,T,64,353,32768,vendor|cta|direct
gemv,cdouble,sm_120,T,64,1024,1,vendor|cta|direct
gemv,cdouble,sm_120,T,64,1024,16,vendor|cta|direct
gemv,cdouble,sm_120,T,64,1024,128,vendor|cta|direct
gemv,cdouble,sm_120,T,64,1024,319,vendor|cta|direct
gemv,cdouble,sm_120,T,64,1024,320,vendor|cta|direct
gemv,cdouble,sm_120,T,64,1024,1024,vendor|cta|direct
gemv,cdouble,sm_120,T,64,1024,8192,vendor|cta|direct
gemv,cdouble,sm_120,T,64,1024,32768,vendor|cta|direct
gemv,cdouble,sm_120,T,64,4096,1,vendor|cta|direct
gemv,cdouble,sm_120,T,64,4096,16,vendor|cta|direct
gemv,cdouble,sm_120,T,64,4096,128,vendor|cta|direct
gemv,cdouble,sm_120,T,64,4096,319,vendor|cta|direct
gemv,cdouble,sm_120,T,64,4096,320,vendor|cta|direct
gemv,cdouble,sm_120,T,64,4096,1024,vendor|cta|direct
gemv,cdouble,sm_120,T,64,4096,8192,vendor|cta|direct
gemv,cdouble,sm_120,T,64,4096,32768,vendor|cta|direct
gemv,cdouble,sm_120,T,64,32768,1,vendor|cta|direct
gemv,cdouble,sm_120,T,64,32768,16,vendor|cta|direct
gemv,cdouble,sm_120,T,64,32768,128,vendor|cta|direct
gemv,cdouble,sm_120,T,64,32768,319,vendor|cta|direct
gemv,cdouble,sm_120,T,64,32768,320,vendor|cta|direct
gemv,cdouble,sm_120,T,64,32768,1024,vendor|cta|direct
gemv,cdouble,sm_120,T,64,32768,8192,vendor|cta|direct
gemv,cdouble,sm_120,T,64,32768,32768,vendor|cta|direct
gemv,cdouble,sm_120,T,255,1,1,vendor|cta|direct
gemv,cdouble,sm_120,T,255,1,16,vendor|cta|direct
gemv,cdouble,sm_120,T,255,1,128,vendor|cta|direct
gemv,cdouble,sm_120,T,255,1,319,vendor|cta|direct
gemv,cdouble,sm_120,T,255,1,320,vendor|cta|direct
gemv,cdouble,sm_120,T,255,1,1024,vendor|cta|direct
gemv,cdouble,sm_120,T,255,1,8192,vendor|cta|direct
gemv,cdouble,sm_120,T,255,1,32768,vendor|cta|direct
gemv,cdouble,sm_120,T,255,8,1,vendor|cta|direct
gemv,cdouble,sm_120,T,255,8,16,vendor|cta|direct
gemv,cdouble,sm_120,T,255,8,128,vendor|cta|direct
gemv,cdouble,sm_120,T,255,8,319,vendor|cta|direct
gemv,cdouble,sm_120,T,255,8,320,vendor|cta|direct
gemv,cdouble,sm_120,T,255,8,1024,vendor|cta|direct
gemv,cdouble,sm_120,T,255,8,8192,vendor|cta|direct
gemv,cdouble,sm_120,T,255,8,32768,vendor|cta|direct
gemv,cdouble,sm_120,T,255,32,1,vendor|cta|direct
gemv,cdouble,sm_120,T,255,32,16,vendor|cta|direct
gemv,cdouble,sm_120,T,255,32,128,vendor|cta|direct
gemv,cdouble,sm_120,T,255,32,319,vendor|cta|direct
gemv,cdouble,sm_120,T,255,32,320,vendor|cta|direct
gemv,cdouble,sm_120,T,255,32,1024,vendor|cta|direct
gemv,cdouble,sm_120,T,255,32,8192,vendor|cta|direct
gemv,cdouble,sm_120,T,255,32,32768,vendor|cta|direct
gemv,cdouble,sm_120,T,255,63,1,vendor|cta|direct
gemv,cdouble,sm_120,T,255,63,16,vendor|cta|direct
gemv,cdouble,sm_120,T,255,63,128,vendor|cta|direct
gemv,cdouble,sm_120,T,255,63,319,vendor|cta|direct
gemv,cdouble,sm_120,T,255,63,320,vendor|cta|direct
gemv,cdouble,sm_120,T,255,63,1024,vendor|cta|direct
gemv,cdouble,sm_120,T,255,63,8192,vendor|cta|direct
gemv,cdouble,sm_120,T,255,63,32768,vendor|cta|direct
gemv,cdouble,sm_120,T,255,64,1,vendor|cta|direct
gemv,cdouble,sm_120,T,255,64,16,vendor|cta|direct
gemv,cdouble,sm_120,T,255,64,128,vendor|cta|direct
gemv,cdouble,sm_120,T,255,64,319,vendor|cta|direct
gemv,cdouble,sm_120,T,255,64,320,vendor|cta|direct
gemv,cdouble,sm_120,T,255,64,1024,vendor|cta|direct
gemv,cdouble,sm_120,T,255,64,8192,vendor|cta|direct
gemv,cdouble,sm_120,T,255,64,32768,vendor|cta|direct
gemv,cdouble,sm_120,T,255,128,1,vendor|cta|direct
gemv,cdouble,sm_120,T,255,128,16,vendor|cta|direct
gemv,cdouble,sm_120,T,255,128,128,vendor|cta|direct
gemv,cdouble,sm_120,T,255,128,319,vendor|cta|direct
gemv,cdouble,sm_120,T,255,128,320,vendor|cta|direct
gemv,cdouble,sm_120,T,255,128,1024,vendor|cta|direct
gemv,cdouble,sm_120,T,255,128,8192,vendor|cta|direct
gemv,cdouble,sm_120,T,255,128,32768,vendor|cta|direct
gemv,cdouble,sm_120,T,255,352,1,vendor|cta|direct
gemv,cdouble,sm_120,T,255,352,16,vendor|cta|direct
gemv,cdouble,sm_120,T,255,352,128,vendor|cta|direct
gemv,cdouble,sm_120,T,255,352,319,vendor|cta|direct
gemv,cdouble,sm_120,T,255,352,320,vendor|cta|direct
gemv,cdouble,sm_120,T,255,352,1024,vendor|cta|direct
gemv,cdouble,sm_120,T,255,352,8192,vendor|cta|direct
gemv,cdouble,sm_120,T,255,352,32768,vendor|cta|direct
gemv,cdouble,sm_120,T,255,353,1,vendor|cta|direct
gemv,cdouble,sm_120,T,255,353,16,vendor|cta|direct
gemv,cdouble,sm_120,T,255,353,128,vendor|cta|direct
gemv,cdouble,sm_120,T,255,353,319,vendor|cta|direct
gemv,cdouble,sm_120,T,255,353,320,vendor|cta|direct
gemv,cdouble,sm_120,T,255,353,1024,vendor|cta|direct
gemv,cdouble,sm_120,T,255,353,8192,vendor|cta|direct
gemv,cdouble,sm_120,T,255,353,32768,vendor|cta|direct
gemv,cdouble,sm_120,T,255,1024,1,vendor|cta|direct
gemv,cdouble,sm_120,T,255,1024,16,vendor|cta|direct
gemv,cdouble,sm_120,T,255,1024,128,vendor|cta|direct
gemv,cdouble,sm_120,T,255,1024,319,vendor|cta|direct
gemv,cdouble,sm_120,T,255,1024,320,vendor|cta|direct
gemv,cdouble,sm_120,T,255,1024,1024,vendor|cta|direct
gemv,cdouble,sm_120,T,255,1024,8192,vendor|cta|direct
gemv,cdouble,sm_120,T,255,1024,32768,vendor|cta|direct
gemv,cdouble,sm_120,T,255,4096,1,vendor|cta|direct
gemv,cdouble,sm_120,T,255,4096,16,vendor|cta|direct
gemv,cdouble,sm_120,T,255,4096,128,vendor|cta|direct
gemv,cdouble,sm_120,T,255,4096,319,vendor|cta|direct
gemv,cdouble,sm_120,T,255,4096,320,vendor|cta|direct
gemv,cdouble,sm_120,T,255,4096,1024,vendor|cta|direct
gemv,cdouble,sm_120,T,255,4096,8192,vendor|cta|direct
gemv,cdouble,sm_120,T,255,4096,32768,vendor|cta|direct
gemv,cdouble,sm_120,T,255,32768,1,vendor|cta|direct
gemv,cdouble,sm_120,T,255,32768,16,vendor|cta|direct
gemv,cdouble,sm_120,T,255,32768,128,vendor|cta|direct
gemv,cdouble,sm_120,T,255,32768,319,vendor|cta|direct
gemv,cdouble,sm_120,T,255,32768,320,vendor|cta|direct
gemv,cdouble,sm_120,T,255,32768,1024,vendor|cta|direct
gemv,cdouble,sm_120,T,255,32768,8192,vendor|cta|direct
gemv,cdouble,sm_120,T,255,32768,32768,vendor|cta|direct
gemv,cdouble,sm_120,T,256,1,1,vendor|cta|direct
gemv,cdouble,sm_120,T,256,1,16,vendor|cta|direct
gemv,cdouble,sm_120,T,256,1,128,vendor|cta|direct
gemv,cdouble,sm_120,T,256,1,319,vendor|cta|direct
gemv,cdouble,sm_120,T,256,1,320,vendor|cta|direct
gemv,cdouble,sm_120,T,256,1,1024,vendor|cta|direct
gemv,cdouble,sm_120,T,256,1,8192,vendor|cta|direct
gemv,cdouble,sm_120,T,256,1,32768,vendor|cta|direct
gemv,cdouble,sm_120,T,256,8,1,vendor|cta|direct
gemv,cdouble,sm_120,T,256,8,16,vendor|cta|direct
gemv,cdouble,sm_120,T,256,8,128,vendor|cta|direct
gemv,cdouble,sm_120,T,256,8,319,vendor|cta|direct
gemv,cdouble,sm_120,T,256,8,320,vendor|cta|direct
gemv,cdouble,sm_120,T,256,8,1024,vendor|cta|direct
gemv,cdouble,sm_120,T,256,8,8192,vendor|cta|direct
gemv,cdouble,sm_120,T,256,8,32768,vendor|cta|direct
gemv,cdouble,sm_120,T,256,32,1,vendor|cta|direct
gemv,cdouble,sm_120,T,256,32,16,vendor|cta|direct
gemv,cdouble,sm_120,T,256,32,128,vendor|cta|direct
gemv,cdouble,sm_120,T,256,32,319,vendor|cta|direct
gemv,cdouble,sm_120,T,256,32,320,vendor|cta|direct
gemv,cdouble,sm_120,T,256,32,1024,vendor|cta|direct
gemv,cdouble,sm_120,T,256,32,8192,vendor|cta|direct
gemv,cdouble,sm_120,T,256,32,32768,vendor|cta|direct
gemv,cdouble,sm_120,T,256,63,1,vendor|cta|direct
gemv,cdouble,sm_120,T,256,63,16,vendor|cta|direct
gemv,cdouble,sm_120,T,256,63,128,vendor|cta|direct
gemv,cdouble,sm_120,T,256,63,319,vendor|cta|direct
gemv,cdouble,sm_120,T,256,63,320,vendor|cta|direct
gemv,cdouble,sm_120,T,256,63,1024,vendor|cta|direct
gemv,cdouble,sm_120,T,256,63,8192,vendor|cta|direct
gemv,cdouble,sm_120,T,256,63,32768,vendor|cta|direct
gemv,cdouble,sm_120,T,256,64,1,vendor|cta|direct
gemv,cdouble,sm_120,T,256,64,16,vendor|cta|direct
gemv,cdouble,sm_120,T,256,64,128,vendor|cta|direct
gemv,cdouble,sm_120,T,256,64,319,vendor|cta|direct
gemv,cdouble,sm_120,T,256,64,320,cta|vendor|direct
gemv,cdouble,sm_120,T,256,64,1024,cta|vendor|direct
gemv,cdouble,sm_120,T,256,64,8192,cta|vendor|direct
gemv,cdouble,sm_120,T,256,64,32768,cta|vendor|direct
gemv,cdouble,sm_120,T,256,128,1,vendor|cta|direct
gemv,cdouble,sm_120,T,256,128,16,vendor|cta|direct
gemv,cdouble,sm_120,T,256,128,128,vendor|cta|direct
gemv,cdouble,sm_120,T,256,128,319,vendor|cta|direct
gemv,cdouble,sm_120,T,256,128,320,cta|vendor|direct
gemv,cdouble,sm_120,T,256,128,1024,cta|vendor|direct
gemv,cdouble,sm_120,T,256,128,8192,cta|vendor|direct
gemv,cdouble,sm_120,T,256,128,32768,cta|vendor|direct
gemv,cdouble,sm_120,T,256,352,1,vendor|cta|direct
gemv,cdouble,sm_120,T,256,352,16,vendor|cta|direct
gemv,cdouble,sm_120,T,256,352,128,vendor|cta|direct
gemv,cdouble,sm_120,T,256,352,319,vendor|cta|direct
gemv,cdouble,sm_120,T,256,352,320,cta|vendor|direct
gemv,cdouble,sm_120,T,256,352,1024,cta|vendor|direct
gemv,cdouble,sm_120,T,256,352,8192,cta|vendor|direct
gemv,cdouble,sm_120,T,256,352,32768,cta|vendor|direct
gemv,cdouble,sm_120,T,256,353,1,vendor|cta|direct
gemv,cdouble,sm_120,T,256,353,16,vendor|cta|direct
gemv,cdouble,sm_120,T,256,353,128,vendor|cta|direct
gemv,cdouble,sm_120,T,256,353,319,vendor|cta|direct
gemv,cdouble,sm_120,T,256,353,320,vendor|cta|direct
gemv,cdouble,sm_120,T,256,353,1024,vendor|cta|direct
gemv,cdouble,sm_120,T,256,353,8192,vendor|cta|direct
gemv,cdouble,sm_120,T,256,353,32768,vendor|cta|direct
gemv,cdouble,sm_120,T,256,1024,1,vendor|cta|direct
gemv,cdouble,sm_120,T,256,1024,16,vendor|cta|direct
gemv,cdouble,sm_120,T,256,1024,128,vendor|cta|direct
gemv,cdouble,sm_120,T,256,1024,319,vendor|cta|direct
gemv,cdouble,sm_120,T,256,1024,320,vendor|cta|direct
gemv,cdouble,sm_120,T,256,1024,1024,vendor|cta|direct
gemv,cdouble,sm_120,T,256,1024,8192,vendor|cta|direct
gemv,cdouble,sm_120,T,256,1024,32768,vendor|cta|direct
gemv,cdouble,sm_120,T,256,4096,1,vendor|cta|direct
gemv,cdouble,sm_120,T,256,4096,16,vendor|cta|direct
gemv,cdouble,sm_120,T,256,4096,128,vendor|cta|direct
gemv,cdouble,sm_120,T,256,4096,319,vendor|cta|direct
gemv,cdouble,sm_120,T,256,4096,320,vendor|cta|direct
gemv,cdouble,sm_120,T,256,4096,1024,vendor|cta|direct
gemv,cdouble,sm_120,T,256,4096,8192,vendor|cta|direct
gemv,cdouble,sm_120,T,256,4096,32768,vendor|cta|direct
gemv,cdouble,sm_120,T,256,32768,1,vendor|cta|direct
gemv,cdouble,sm_120,T,256,32768,16,vendor|cta|direct
gemv,cdouble,sm_120,T,256,32768,128,vendor|cta|direct
gemv,cdouble,sm_120,T,256,32768,319,vendor|cta|direct
gemv,cdouble,sm_120,T,256,32768,320,vendor|cta|direct
gemv,cdouble,sm_120,T,256,32768,1024,vendor|cta|direct
gemv,cdouble,sm_120,T,256,32768,8192,vendor|cta|direct
gemv,cdouble,sm_120,T,256,32768,32768,vendor|cta|direct
gemv,cdouble,sm_120,T,1024,1,1,vendor|cta|direct
gemv,cdouble,sm_120,T,1024,1,16,vendor|cta|direct
gemv,cdouble,sm_120,T,1024,1,128,vendor|cta|direct
gemv,cdouble,sm_120,T,1024,1,319,vendor|cta|direct
gemv,cdouble,sm_120,T,1024,1,320,vendor|cta|direct
gemv,cdouble,sm_120,T,1024,1,1024,vendor|cta|direct
gemv,cdouble,sm_120,T,1024,1,8192,vendor|cta|direct
gemv,cdouble,sm_120,T,1024,1,32768,vendor|cta|direct
gemv,cdouble,sm_120,T,1024,8,1,vendor|cta|direct
gemv,cdouble,sm_120,T,1024,8,16,vendor|cta|direct
gemv,cdouble,sm_120,T,1024,8,128,vendor|cta|direct
gemv,cdouble,sm_120,T,1024,8,319,vendor|cta|direct
gemv,cdouble,sm_120,T,1024,8,320,vendor|cta|direct
gemv,cdouble,sm_120,T,1024,8,1024,vendor|cta|direct
gemv,cdouble,sm_120,T,1024,8,8192,vendor|cta|direct
gemv,cdouble,sm_120,T,1024,8,32768,vendor|cta|direct
gemv,cdouble,sm_120,T,1024,32,1,vendor|cta|direct
gemv,cdouble,sm_120,T,1024,32,16,vendor|cta|direct
gemv,cdouble,sm_120,T,1024,32,128,vendor|cta|direct
gemv,cdouble,sm_120,T,1024,32,319,vendor|cta|direct
gemv,cdouble,sm_120,T,1024,32,320,vendor|cta|direct
gemv,cdouble,sm_120,T,1024,32,1024,vendor|cta|direct
gemv,cdouble,sm_120,T,1024,32,8192,vendor|cta|direct
gemv,cdouble,sm_120,T,1024,32,32768,vendor|cta|direct
gemv,cdouble,sm_120,T,1024,63,1,vendor|cta|direct
gemv,cdouble,sm_120,T,1024,63,16,vendor|cta|direct
gemv,cdouble,sm_120,T,1024,63,128,vendor|cta|direct
gemv,cdouble,sm_120,T,1024,63,319,vendor|cta|direct
gemv,cdouble,sm_120,T,1024,63,320,vendor|cta|direct
gemv,cdouble,sm_120,T,1024,63,1024,vendor|cta|direct
gemv,cdouble,sm_120,T,1024,63,8192,vendor|cta|direct
gemv,cdouble,sm_120,T,1024,63,32768,vendor|cta|direct
gemv,cdouble,sm_120,T,1024,64,1,vendor|cta|direct
gemv,cdouble,sm_120,T,1024,64,16,vendor|cta|direct
gemv,cdouble,sm_120,T,1024,64,128,vendor|cta|direct
gemv,cdouble,sm_120,T,1024,64,319,vendor|cta|direct
gemv,cdouble,sm_120,T,1024,64,320,cta|vendor|direct
gemv,cdouble,sm_120,T,1024,64,1024,cta|vendor|direct
gemv,cdouble,sm_120,T,1024,64,8192,cta|vendor|direct
gemv,cdouble,sm_120,T,1024,64,32768,cta|vendor|direct
gemv,cdouble,sm_120,T,1024,128,1,vendor|cta|direct
gemv,cdouble,sm_120,T,1024,128,16,vendor|cta|direct
gemv,cdouble,sm_120,T,1024,128,128,vendor|cta|direct
gemv,cdouble,sm_120,T,1024,128,319,vendor|cta|direct
gemv,cdouble,sm_120,T,1024,128,320,cta|vendor|direct
gemv,cdouble,sm_120,T,1024,128,1024,cta|vendor|direct
gemv,cdouble,sm_120,T,1024,128,8192,cta|vendor|direct
gemv,cdouble,sm_120,T,1024,128,32768,cta|vendor|direct
gemv,cdouble,sm_120,T,1024,352,1,vendor|cta|direct
gemv,cdouble,sm_120,T,1024,352,16,vendor|cta|direct
gemv,cdouble,sm_120,T,1024,352,128,vendor|cta|direct
gemv,cdouble,sm_120,T,1024,352,319,vendor|cta|direct
gemv,cdouble,sm_120,T,1024,352,320,cta|vendor|direct
gemv,cdouble,sm_120,T,1024,352,1024,cta|vendor|direct
gemv,cdouble,sm_120,T,1024,352,8192,cta|vendor|direct
gemv,cdouble,sm_120,T,1024,352,32768,cta|vendor|direct
gemv,cdouble,sm_120,T,1024,353,1,vendor|cta|direct
gemv,cdouble,sm_120,T,1024,353,16,vendor|cta|direct
gemv,cdouble,sm_120,T,1024,353,128,vendor|cta|direct
gemv,cdouble,sm_120,T,1024,353,319,vendor|cta|direct
gemv,cdouble,sm_120,T,1024,353,320,vendor|cta|direct
gemv,cdouble,sm_120,T,1024,353,1024,vendor|cta|direct
gemv,cdouble,sm_120,T,1024,353,8192,vendor|cta|direct
gemv,cdouble,sm_120,T,1024,353,32768,vendor|cta|direct
gemv,cdouble,sm_120,T,1024,1024,1,vendor|cta|direct
gemv,cdouble,sm_120,T,1024,1024,16,vendor|cta|direct
gemv,cdouble,sm_120,T,1024,1024,128,vendor|cta|direct
gemv,cdouble,sm_120,T,1024,1024,319,vendor|cta|direct
gemv,cdouble,sm_120,T,1024,1024,320,vendor|cta|direct
gemv,cdouble,sm_120,T,1024,1024,1024,vendor|cta|direct
gemv,cdouble,sm_120,T,1024,1024,8192,vendor|cta|direct
gemv,cdouble,sm_120,T,1024,1024,32768,vendor|cta|direct
gemv,cdouble,sm_120,T,1024,4096,1,vendor|cta|direct
gemv,cdouble,sm_120,T,1024,4096,16,vendor|cta|direct
gemv,cdouble,sm_120,T,1024,4096,128,vendor|cta|direct
gemv,cdouble,sm_120,T,1024,4096,319,vendor|cta|direct
gemv,cdouble,sm_120,T,1024,4096,320,vendor|cta|direct
gemv,cdouble,sm_120,T,1024,4096,1024,vendor|cta|direct
gemv,cdouble,sm_120,T,1024,4096,8192,vendor|cta|direct
gemv,cdouble,sm_120,T,1024,4096,32768,vendor|cta|direct
gemv,cdouble,sm_120,T,1024,32768,1,vendor|cta|direct
gemv,cdouble,sm_120,T,1024,32768,16,vendor|cta|direct
gemv,cdouble,sm_120,T,1024,32768,128,vendor|cta|direct
gemv,cdouble,sm_120,T,1024,32768,319,vendor|cta|direct
gemv,cdouble,sm_120,T,1024,32768,320,vendor|cta|direct
gemv,cdouble,sm_120,T,1024,32768,1024,vendor|cta|direct
gemv,cdouble,sm_120,T,1024,32768,8192,vendor|cta|direct
gemv,cdouble,sm_120,T,1024,32768,32768,vendor|cta|direct
gemv,cdouble,sm_120,T,4096,1,1,vendor|cta|direct
gemv,cdouble,sm_120,T,4096,1,16,vendor|cta|direct
gemv,cdouble,sm_120,T,4096,1,128,vendor|cta|direct
gemv,cdouble,sm_120,T,4096,1,319,vendor|cta|direct
gemv,cdouble,sm_120,T,4096,1,320,vendor|cta|direct
gemv,cdouble,sm_120,T,4096,1,1024,vendor|cta|direct
gemv,cdouble,sm_120,T,4096,1,8192,vendor|cta|direct
gemv,cdouble,sm_120,T,4096,1,32768,vendor|cta|direct
gemv,cdouble,sm_120,T,4096,8,1,vendor|cta|direct
gemv,cdouble,sm_120,T,4096,8,16,vendor|cta|direct
gemv,cdouble,sm_120,T,4096,8,128,vendor|cta|direct
gemv,cdouble,sm_120,T,4096,8,319,vendor|cta|direct
gemv,cdouble,sm_120,T,4096,8,320,vendor|cta|direct
gemv,cdouble,sm_120,T,4096,8,1024,vendor|cta|direct
gemv,cdouble,sm_120,T,4096,8,8192,vendor|cta|direct
gemv,cdouble,sm_120,T,4096,8,32768,vendor|cta|direct
gemv,cdouble,sm_120,T,4096,32,1,vendor|cta|direct
gemv,cdouble,sm_120,T,4096,32,16,vendor|cta|direct
gemv,cdouble,sm_120,T,4096,32,128,vendor|cta|direct
gemv,cdouble,sm_120,T,4096,32,319,vendor|cta|direct
gemv,cdouble,sm_120,T,4096,32,320,vendor|cta|direct
gemv,cdouble,sm_120,T,4096,32,1024,vendor|cta|direct
gemv,cdouble,sm_120,T,4096,32,8192,vendor|cta|direct
gemv,cdouble,sm_120,T,4096,32,32768,vendor|cta|direct
gemv,cdouble,sm_120,T,4096,63,1,vendor|cta|direct
gemv,cdouble,sm_120,T,4096,63,16,vendor|cta|direct
gemv,cdouble,sm_120,T,4096,63,128,vendor|cta|direct
gemv,cdouble,sm_120,T,4096,63,319,vendor|cta|direct
gemv,cdouble,sm_120,T,4096,63,320,vendor|cta|direct
gemv,cdouble,sm_120,T,4096,63,1024,vendor|cta|direct
gemv,cdouble,sm_120,T,4096,63,8192,vendor|cta|direct
gemv,cdouble,sm_120,T,4096,63,32768,vendor|cta|direct
gemv,cdouble,sm_120,T,4096,64,1,vendor|cta|direct
gemv,cdouble,sm_120,T,4096,64,16,vendor|cta|direct
gemv,cdouble,sm_120,T,4096,64,128,vendor|cta|direct
gemv,cdouble,sm_120,T,4096,64,319,vendor|cta|direct
gemv,cdouble,sm_120,T,4096,64,320,cta|vendor|direct
gemv,cdouble,sm_120,T,4096,64,1024,cta|vendor|direct
gemv,cdouble,sm_120,T,4096,64,8192,cta|vendor|direct
gemv,cdouble,sm_120,T,4096,64,32768,cta|vendor|direct
gemv,cdouble,sm_120,T,4096,128,1,vendor|cta|direct
gemv,cdouble,sm_120,T,4096,128,16,vendor|cta|direct
gemv,cdouble,sm_120,T,4096,128,128,vendor|cta|direct
gemv,cdouble,sm_120,T,4096,128,319,vendor|cta|direct
gemv,cdouble,sm_120,T,4096,128,320,cta|vendor|direct
gemv,cdouble,sm_120,T,4096,128,1024,cta|vendor|direct
gemv,cdouble,sm_120,T,4096,128,8192,cta|vendor|direct
gemv,cdouble,sm_120,T,4096,128,32768,cta|vendor|direct
gemv,cdouble,sm_120,T,4096,352,1,vendor|cta|direct
gemv,cdouble,sm_120,T,4096,352,16,vendor|cta|direct
gemv,cdouble,sm_120,T,4096,352,128,vendor|cta|direct
gemv,cdouble,sm_120,T,4096,352,319,vendor|cta|direct
gemv,cdouble,sm_120,T,4096,352,320,cta|vendor|direct
gemv,cdouble,sm_120,T,4096,352,1024,cta|vendor|direct
gemv,cdouble,sm_120,T,4096,352,8192,cta|vendor|direct
gemv,cdouble,sm_120,T,4096,352,32768,cta|vendor|direct
gemv,cdouble,sm_120,T,4096,353,1,vendor|cta|direct
gemv,cdouble,sm_120,T,4096,353,16,vendor|cta|direct
gemv,cdouble,sm_120,T,4096,353,128,vendor|cta|direct
gemv,cdouble,sm_120,T,4096,353,319,vendor|cta|direct
gemv,cdouble,sm_120,T,4096,353,320,vendor|cta|direct
gemv,cdouble,sm_120,T,4096,353,1024,vendor|cta|direct
gemv,cdouble,sm_120,T,4096,353,8192,vendor|cta|direct
gemv,cdouble,sm_120,T,4096,353,32768,vendor|cta|direct
gemv,cdouble,sm_120,T,4096,1024,1,vendor|cta|direct
gemv,cdouble,sm_120,T,4096,1024,16,vendor|cta|direct
gemv,cdouble,sm_120,T,4096,1024,128,vendor|cta|direct
gemv,cdouble,sm_120,T,4096,1024,319,vendor|cta|direct
gemv,cdouble,sm_120,T,4096,1024,320,vendor|cta|direct
gemv,cdouble,sm_120,T,4096,1024,1024,vendor|cta|direct
gemv,cdouble,sm_120,T,4096,1024,8192,vendor|cta|direct
gemv,cdouble,sm_120,T,4096,1024,32768,vendor|cta|direct
gemv,cdouble,sm_120,T,4096,4096,1,vendor|cta|direct
gemv,cdouble,sm_120,T,4096,4096,16,vendor|cta|direct
gemv,cdouble,sm_120,T,4096,4096,128,vendor|cta|direct
gemv,cdouble,sm_120,T,4096,4096,319,vendor|cta|direct
gemv,cdouble,sm_120,T,4096,4096,320,vendor|cta|direct
gemv,cdouble,sm_120,T,4096,4096,1024,vendor|cta|direct
gemv,cdouble,sm_120,T,4096,4096,8192,vendor|cta|direct
gemv,cdouble,sm_120,T,4096,4096,32768,vendor|cta|direct
gemv,cdouble,sm_120,T,4096,32768,1,vendor|cta|direct
gemv,cdouble,sm_120,T,4096,32768,16,vendor|cta|direct
gemv,cdouble,sm_120,T,4096,32768,128,vendor|cta|direct
gemv,cdouble,sm_120,T,4096,32768,319,vendor|cta|direct
gemv,cdouble,sm_120,T,4096,32768,320,vendor|cta|direct
gemv,cdouble,sm_120,T,4096,32768,1024,vendor|cta|direct
gemv,cdouble,sm_120,T,4096,32768,8192,vendor|cta|direct
gemv,cdouble,sm_120,T,4096,32768,32768,vendor|cta|direct
gemv,cdouble,sm_120,T,32768,1,1,vendor|cta|direct
gemv,cdouble,sm_120,T,32768,1,16,vendor|cta|direct
gemv,cdouble,sm_120,T,32768,1,128,vendor|cta|direct
gemv,cdouble,sm_120,T,32768,1,319,vendor|cta|direct
gemv,cdouble,sm_120,T,32768,1,320,vendor|cta|direct
gemv,cdouble,sm_120,T,32768,1,1024,vendor|cta|direct
gemv,cdouble,sm_120,T,32768,1,8192,vendor|cta|direct
gemv,cdouble,sm_120,T,32768,1,32768,vendor|cta|direct
gemv,cdouble,sm_120,T,32768,8,1,vendor|cta|direct
gemv,cdouble,sm_120,T,32768,8,16,vendor|cta|direct
gemv,cdouble,sm_120,T,32768,8,128,vendor|cta|direct
gemv,cdouble,sm_120,T,32768,8,319,vendor|cta|direct
gemv,cdouble,sm_120,T,32768,8,320,vendor|cta|direct
gemv,cdouble,sm_120,T,32768,8,1024,vendor|cta|direct
gemv,cdouble,sm_120,T,32768,8,8192,vendor|cta|direct
gemv,cdouble,sm_120,T,32768,8,32768,vendor|cta|direct
gemv,cdouble,sm_120,T,32768,32,1,vendor|cta|direct
gemv,cdouble,sm_120,T,32768,32,16,vendor|cta|direct
gemv,cdouble,sm_120,T,32768,32,128,vendor|cta|direct
gemv,cdouble,sm_120,T,32768,32,319,vendor|cta|direct
gemv,cdouble,sm_120,T,32768,32,320,vendor|cta|direct
gemv,cdouble,sm_120,T,32768,32,1024,vendor|cta|direct
gemv,cdouble,sm_120,T,32768,32,8192,vendor|cta|direct
gemv,cdouble,sm_120,T,32768,32,32768,vendor|cta|direct
gemv,cdouble,sm_120,T,32768,63,1,vendor|cta|direct
gemv,cdouble,sm_120,T,32768,63,16,vendor|cta|direct
gemv,cdouble,sm_120,T,32768,63,128,vendor|cta|direct
gemv,cdouble,sm_120,T,32768,63,319,vendor|cta|direct
gemv,cdouble,sm_120,T,32768,63,320,vendor|cta|direct
gemv,cdouble,sm_120,T,32768,63,1024,vendor|cta|direct
gemv,cdouble,sm_120,T,32768,63,8192,vendor|cta|direct
gemv,cdouble,sm_120,T,32768,63,32768,vendor|cta|direct
gemv,cdouble,sm_120,T,32768,64,1,vendor|cta|direct
gemv,cdouble,sm_120,T,32768,64,16,vendor|cta|direct
gemv,cdouble,sm_120,T,32768,64,128,vendor|cta|direct
gemv,cdouble,sm_120,T,32768,64,319,vendor|cta|direct
gemv,cdouble,sm_120,T,32768,64,320,cta|vendor|direct
gemv,cdouble,sm_120,T,32768,64,1024,cta|vendor|direct
gemv,cdouble,sm_120,T,32768,64,8192,cta|vendor|direct
gemv,cdouble,sm_120,T,32768,64,32768,cta|vendor|direct
gemv,cdouble,sm_120,T,32768,128,1,vendor|cta|direct
gemv,cdouble,sm_120,T,32768,128,16,vendor|cta|direct
gemv,cdouble,sm_120,T,32768,128,128,vendor|cta|direct
gemv,cdouble,sm_120,T,32768,128,319,vendor|cta|direct
gemv,cdouble,sm_120,T,32768,128,320,cta|vendor|direct
gemv,cdouble,sm_120,T,32768,128,1024,cta|vendor|direct
gemv,cdouble,sm_120,T,32768,128,8192,cta|vendor|direct
gemv,cdouble,sm_120,T,32768,128,32768,cta|vendor|direct
gemv,cdouble,sm_120,T,32768,352,1,vendor|cta|direct
gemv,cdouble,sm_120,T,32768,352,16,vendor|cta|direct
gemv,cdouble,sm_120,T,32768,352,128,vendor|cta|direct
gemv,cdouble,sm_120,T,32768,352,319,vendor|cta|direct
gemv,cdouble,sm_120,T,32768,352,320,cta|vendor|direct
gemv,cdouble,sm_120,T,32768,352,1024,cta|vendor|direct
gemv,cdouble,sm_120,T,32768,352,8192,cta|vendor|direct
gemv,cdouble,sm_120,T,32768,352,32768,cta|vendor|direct
gemv,cdouble,sm_120,T,32768,353,1,vendor|cta|direct
gemv,cdouble,sm_120,T,32768,353,16,vendor|cta|direct
gemv,cdouble,sm_120,T,32768,353,128,vendor|cta|direct
gemv,cdouble,sm_120,T,32768,353,319,vendor|cta|direct
gemv,cdouble,sm_120,T,32768,353,320,vendor|cta|direct
gemv,cdouble,sm_120,T,32768,353,1024,vendor|cta|direct
gemv,cdouble,sm_120,T,32768,353,8192,vendor|cta|direct
gemv,cdouble,sm_120,T,32768,353,32768,vendor|cta|direct
gemv,cdouble,sm_120,T,32768,1024,1,vendor|cta|direct
gemv,cdouble,sm_120,T,32768,1024,16,vendor|cta|direct
gemv,cdouble,sm_120,T,32768,1024,128,vendor|cta|direct
gemv,cdouble,sm_120,T,32768,1024,319,vendor|cta|direct
gemv,cdouble,sm_120,T,32768,1024,320,vendor|cta|direct
gemv,cdouble,sm_120,T,32768,1024,1024,vendor|cta|direct
gemv,cdouble,sm_120,T,32768,1024,8192,vendor|cta|direct
gemv,cdouble,sm_120,T,32768,1024,32768,vendor|cta|direct
gemv,cdouble,sm_120,T,32768,4096,1,vendor|cta|direct
gemv,cdouble,sm_120,T,32768,4096,16,vendor|cta|direct
gemv,cdouble,sm_120,T,32768,4096,128,vendor|cta|direct
gemv,cdouble,sm_120,T,32768,4096,319,vendor|cta|direct
gemv,cdouble,sm_120,T,32768,4096,320,vendor|cta|direct
gemv,cdouble,sm_120,T,32768,4096,1024,vendor|cta|direct
gemv,cdouble,sm_120,T,32768,4096,8192,vendor|cta|direct
gemv,cdouble,sm_120,T,32768,4096,32768,vendor|cta|direct
gemv,cdouble,sm_120,T,32768,32768,1,vendor|cta|direct
gemv,cdouble,sm_120,T,32768,32768,16,vendor|cta|direct
gemv,cdouble,sm_120,T,32768,32768,128,vendor|cta|direct
gemv,cdouble,sm_120,T,32768,32768,319,vendor|cta|direct
gemv,cdouble,sm_120,T,32768,32768,320,vendor|cta|direct
gemv,cdouble,sm_120,T,32768,32768,1024,vendor|cta|direct
gemv,cdouble,sm_120,T,32768,32768,8192,vendor|cta|direct
gemv,cdouble,sm_120,T,32768,32768,32768,vendor|cta|direct
