op,dtype,device,herm,vec,m,n,ranked
gesvd,float,sm_89,N,none,1,1,jacobi|cta|blocked|vendor
gesvd,float,sm_89,N,none,1,2,jacobi|cta|blocked|vendor
gesvd,float,sm_89,N,none,1,4,jacobi|cta|blocked|vendor
gesvd,float,sm_89,N,none,1,8,jacobi|cta|blocked|vendor
gesvd,float,sm_89,N,none,1,16,jacobi|cta|blocked|vendor
gesvd,float,sm_89,N,none,1,24,jacobi|cta|blocked|vendor
gesvd,float,sm_89,N,none,1,32,jacobi|cta|blocked|vendor
gesvd,float,sm_89,N,none,1,33,blocked|vendor|jacobi
gesvd,float,sm_89,N,none,1,48,blocked|vendor|jacobi
gesvd,float,sm_89,N,none,1,64,blocked|vendor|jacobi
gesvd,float,sm_89,N,none,1,65,blocked|vendor
gesvd,float,sm_89,N,none,1,128,blocked|vendor
gesvd,float,sm_89,N,none,1,256,blocked|vendor
gesvd,float,sm_89,N,none,1,512,blocked|vendor
gesvd,float,sm_89,N,none,1,1024,blocked|vendor
gesvd,float,sm_89,N,none,2,1,jacobi|cta|blocked|vendor
gesvd,float,sm_89,N,none,2,2,jacobi|cta|blocked|vendor
gesvd,float,sm_89,N,none,2,4,jacobi|cta|blocked|vendor
gesvd,float,sm_89,N,none,2,8,jacobi|cta|blocked|vendor
gesvd,float,sm_89,N,none,2,16,jacobi|cta|blocked|vendor
gesvd,float,sm_89,N,none,2,24,jacobi|cta|blocked|vendor
gesvd,float,sm_89,N,none,2,32,jacobi|cta|blocked|vendor
gesvd,float,sm_89,N,none,2,33,blocked|vendor|jacobi
gesvd,float,sm_89,N,none,2,48,blocked|vendor|jacobi
gesvd,float,sm_89,N,none,2,64,blocked|vendor|jacobi
gesvd,float,sm_89,N,none,2,65,blocked|vendor
gesvd,float,sm_89,N,none,2,128,blocked|vendor
gesvd,float,sm_89,N,none,2,256,blocked|vendor
gesvd,float,sm_89,N,none,2,512,blocked|vendor
gesvd,float,sm_89,N,none,2,1024,blocked|vendor
gesvd,float,sm_89,N,none,4,1,jacobi|cta|blocked|vendor
gesvd,float,sm_89,N,none,4,2,jacobi|cta|blocked|vendor
gesvd,float,sm_89,N,none,4,4,jacobi|cta|blocked|vendor
gesvd,float,sm_89,N,none,4,8,jacobi|cta|blocked|vendor
gesvd,float,sm_89,N,none,4,16,jacobi|cta|blocked|vendor
gesvd,float,sm_89,N,none,4,24,jacobi|cta|blocked|vendor
gesvd,float,sm_89,N,none,4,32,jacobi|cta|blocked|vendor
gesvd,float,sm_89,N,none,4,33,blocked|vendor|jacobi
gesvd,float,sm_89,N,none,4,48,blocked|vendor|jacobi
gesvd,float,sm_89,N,none,4,64,blocked|vendor|jacobi
gesvd,float,sm_89,N,none,4,65,blocked|vendor
gesvd,float,sm_89,N,none,4,128,blocked|vendor
gesvd,float,sm_89,N,none,4,256,blocked|vendor
gesvd,float,sm_89,N,none,4,512,blocked|vendor
gesvd,float,sm_89,N,none,4,1024,blocked|vendor
gesvd,float,sm_89,N,none,8,1,jacobi|cta|blocked|vendor
gesvd,float,sm_89,N,none,8,2,jacobi|cta|blocked|vendor
gesvd,float,sm_89,N,none,8,4,jacobi|cta|blocked|vendor
gesvd,float,sm_89,N,none,8,8,jacobi|cta|blocked|vendor
gesvd,float,sm_89,N,none,8,16,jacobi|cta|blocked|vendor
gesvd,float,sm_89,N,none,8,24,jacobi|cta|blocked|vendor
gesvd,float,sm_89,N,none,8,32,jacobi|cta|blocked|vendor
gesvd,float,sm_89,N,none,8,33,blocked|vendor|jacobi
gesvd,float,sm_89,N,none,8,48,blocked|vendor|jacobi
gesvd,float,sm_89,N,none,8,64,blocked|vendor|jacobi
gesvd,float,sm_89,N,none,8,65,blocked|vendor
gesvd,float,sm_89,N,none,8,128,blocked|vendor
gesvd,float,sm_89,N,none,8,256,blocked|vendor
gesvd,float,sm_89,N,none,8,512,blocked|vendor
gesvd,float,sm_89,N,none,8,1024,blocked|vendor
gesvd,float,sm_89,N,none,16,1,jacobi|cta|blocked|vendor
gesvd,float,sm_89,N,none,16,2,jacobi|cta|blocked|vendor
gesvd,float,sm_89,N,none,16,4,jacobi|cta|blocked|vendor
gesvd,float,sm_89,N,none,16,8,jacobi|cta|blocked|vendor
gesvd,float,sm_89,N,none,16,16,jacobi|cta|blocked|vendor
gesvd,float,sm_89,N,none,16,24,jacobi|cta|blocked|vendor
gesvd,float,sm_89,N,none,16,32,jacobi|cta|blocked|vendor
gesvd,float,sm_89,N,none,16,33,blocked|vendor|jacobi
gesvd,float,sm_89,N,none,16,48,blocked|vendor|jacobi
gesvd,float,sm_89,N,none,16,64,blocked|vendor|jacobi
gesvd,float,sm_89,N,none,16,65,blocked|vendor
gesvd,float,sm_89,N,none,16,128,blocked|vendor
gesvd,float,sm_89,N,none,16,256,blocked|vendor
gesvd,float,sm_89,N,none,16,512,blocked|vendor
gesvd,float,sm_89,N,none,16,1024,blocked|vendor
gesvd,float,sm_89,N,none,24,1,jacobi|cta|blocked|vendor
gesvd,float,sm_89,N,none,24,2,jacobi|cta|blocked|vendor
gesvd,float,sm_89,N,none,24,4,jacobi|cta|blocked|vendor
gesvd,float,sm_89,N,none,24,8,jacobi|cta|blocked|vendor
gesvd,float,sm_89,N,none,24,16,jacobi|cta|blocked|vendor
gesvd,float,sm_89,N,none,24,24,jacobi|cta|blocked|vendor
gesvd,float,sm_89,N,none,24,32,jacobi|cta|blocked|vendor
gesvd,float,sm_89,N,none,24,33,blocked|vendor|jacobi
gesvd,float,sm_89,N,none,24,48,blocked|vendor|jacobi
gesvd,float,sm_89,N,none,24,64,blocked|vendor|jacobi
gesvd,float,sm_89,N,none,24,65,blocked|vendor
gesvd,float,sm_89,N,none,24,128,blocked|vendor
gesvd,float,sm_89,N,none,24,256,blocked|vendor
gesvd,float,sm_89,N,none,24,512,blocked|vendor
gesvd,float,sm_89,N,none,24,1024,blocked|vendor
gesvd,float,sm_89,N,none,32,1,jacobi|cta|blocked|vendor
gesvd,float,sm_89,N,none,32,2,jacobi|cta|blocked|vendor
gesvd,float,sm_89,N,none,32,4,jacobi|cta|blocked|vendor
gesvd,float,sm_89,N,none,32,8,jacobi|cta|blocked|vendor
gesvd,float,sm_89,N,none,32,16,jacobi|cta|blocked|vendor
gesvd,float,sm_89,N,none,32,24,jacobi|cta|blocked|vendor
gesvd,float,sm_89,N,none,32,32,jacobi|cta|blocked|vendor
gesvd,float,sm_89,N,none,32,33,blocked|vendor|jacobi
gesvd,float,sm_89,N,none,32,48,blocked|vendor|jacobi
gesvd,float,sm_89,N,none,32,64,blocked|vendor|jacobi
gesvd,float,sm_89,N,none,32,65,blocked|vendor
gesvd,float,sm_89,N,none,32,128,blocked|vendor
gesvd,float,sm_89,N,none,32,256,blocked|vendor
gesvd,float,sm_89,N,none,32,512,blocked|vendor
gesvd,float,sm_89,N,none,32,1024,blocked|vendor
gesvd,float,sm_89,N,none,33,1,blocked|vendor|jacobi
gesvd,float,sm_89,N,none,33,2,blocked|vendor|jacobi
gesvd,float,sm_89,N,none,33,4,blocked|vendor|jacobi
gesvd,float,sm_89,N,none,33,8,blocked|vendor|jacobi
gesvd,float,sm_89,N,none,33,16,blocked|vendor|jacobi
gesvd,float,sm_89,N,none,33,24,blocked|vendor|jacobi
gesvd,float,sm_89,N,none,33,32,blocked|vendor|jacobi
gesvd,float,sm_89,N,none,33,33,blocked|vendor|jacobi
gesvd,float,sm_89,N,none,33,48,blocked|vendor|jacobi
gesvd,float,sm_89,N,none,33,64,blocked|vendor|jacobi
gesvd,float,sm_89,N,none,33,65,blocked|vendor
gesvd,float,sm_89,N,none,33,128,blocked|vendor
gesvd,float,sm_89,N,none,33,256,blocked|vendor
gesvd,float,sm_89,N,none,33,512,blocked|vendor
gesvd,float,sm_89,N,none,33,1024,blocked|vendor
gesvd,float,sm_89,N,none,48,1,blocked|vendor|jacobi
gesvd,float,sm_89,N,none,48,2,blocked|vendor|jacobi
gesvd,float,sm_89,N,none,48,4,blocked|vendor|jacobi
gesvd,float,sm_89,N,none,48,8,blocked|vendor|jacobi
gesvd,float,sm_89,N,none,48,16,blocked|vendor|jacobi
gesvd,float,sm_89,N,none,48,24,blocked|vendor|jacobi
gesvd,float,sm_89,N,none,48,32,blocked|vendor|jacobi
gesvd,float,sm_89,N,none,48,33,blocked|vendor|jacobi
gesvd,float,sm_89,N,none,48,48,blocked|vendor|jacobi
gesvd,float,sm_89,N,none,48,64,blocked|vendor|jacobi
gesvd,float,sm_89,N,none,48,65,blocked|vendor
gesvd,float,sm_89,N,none,48,128,blocked|vendor
gesvd,float,sm_89,N,none,48,256,blocked|vendor
gesvd,float,sm_89,N,none,48,512,blocked|vendor
gesvd,float,sm_89,N,none,48,1024,blocked|vendor
gesvd,float,sm_89,N,none,64,1,blocked|vendor|jacobi
gesvd,float,sm_89,N,none,64,2,blocked|vendor|jacobi
gesvd,float,sm_89,N,none,64,4,blocked|vendor|jacobi
gesvd,float,sm_89,N,none,64,8,blocked|vendor|jacobi
gesvd,float,sm_89,N,none,64,16,blocked|vendor|jacobi
gesvd,float,sm_89,N,none,64,24,blocked|vendor|jacobi
gesvd,float,sm_89,N,none,64,32,blocked|vendor|jacobi
gesvd,float,sm_89,N,none,64,33,blocked|vendor|jacobi
gesvd,float,sm_89,N,none,64,48,blocked|vendor|jacobi
gesvd,float,sm_89,N,none,64,64,blocked|vendor|jacobi
gesvd,float,sm_89,N,none,64,65,blocked|vendor
gesvd,float,sm_89,N,none,64,128,blocked|vendor
gesvd,float,sm_89,N,none,64,256,blocked|vendor
gesvd,float,sm_89,N,none,64,512,blocked|vendor
gesvd,float,sm_89,N,none,64,1024,blocked|vendor
gesvd,float,sm_89,N,none,65,1,blocked|vendor
gesvd,float,sm_89,N,none,65,2,blocked|vendor
gesvd,float,sm_89,N,none,65,4,blocked|vendor
gesvd,float,sm_89,N,none,65,8,blocked|vendor
gesvd,float,sm_89,N,none,65,16,blocked|vendor
gesvd,float,sm_89,N,none,65,24,blocked|vendor
gesvd,float,sm_89,N,none,65,32,blocked|vendor
gesvd,float,sm_89,N,none,65,33,blocked|vendor
gesvd,float,sm_89,N,none,65,48,blocked|vendor
gesvd,float,sm_89,N,none,65,64,blocked|vendor
gesvd,float,sm_89,N,none,65,65,blocked|vendor
gesvd,float,sm_89,N,none,65,128,blocked|vendor
gesvd,float,sm_89,N,none,65,256,blocked|vendor
gesvd,float,sm_89,N,none,65,512,blocked|vendor
gesvd,float,sm_89,N,none,65,1024,blocked|vendor
gesvd,float,sm_89,N,none,128,1,blocked|vendor
gesvd,float,sm_89,N,none,128,2,blocked|vendor
gesvd,float,sm_89,N,none,128,4,blocked|vendor
gesvd,float,sm_89,N,none,128,8,blocked|vendor
gesvd,float,sm_89,N,none,128,16,blocked|vendor
gesvd,float,sm_89,N,none,128,24,blocked|vendor
gesvd,float,sm_89,N,none,128,32,blocked|vendor
gesvd,float,sm_89,N,none,128,33,blocked|vendor
gesvd,float,sm_89,N,none,128,48,blocked|vendor
gesvd,float,sm_89,N,none,128,64,blocked|vendor
gesvd,float,sm_89,N,none,128,65,blocked|vendor
gesvd,float,sm_89,N,none,128,128,blocked|vendor
gesvd,float,sm_89,N,none,128,256,blocked|vendor
gesvd,float,sm_89,N,none,128,512,blocked|vendor
gesvd,float,sm_89,N,none,128,1024,blocked|vendor
gesvd,float,sm_89,N,none,256,1,blocked|vendor
gesvd,float,sm_89,N,none,256,2,blocked|vendor
gesvd,float,sm_89,N,none,256,4,blocked|vendor
gesvd,float,sm_89,N,none,256,8,blocked|vendor
gesvd,float,sm_89,N,none,256,16,blocked|vendor
gesvd,float,sm_89,N,none,256,24,blocked|vendor
gesvd,float,sm_89,N,none,256,32,blocked|vendor
gesvd,float,sm_89,N,none,256,33,blocked|vendor
gesvd,float,sm_89,N,none,256,48,blocked|vendor
gesvd,float,sm_89,N,none,256,64,blocked|vendor
gesvd,float,sm_89,N,none,256,65,blocked|vendor
gesvd,float,sm_89,N,none,256,128,blocked|vendor
gesvd,float,sm_89,N,none,256,256,blocked|vendor
gesvd,float,sm_89,N,none,256,512,blocked|vendor
gesvd,float,sm_89,N,none,256,1024,blocked|vendor
gesvd,float,sm_89,N,none,512,1,blocked|vendor
gesvd,float,sm_89,N,none,512,2,blocked|vendor
gesvd,float,sm_89,N,none,512,4,blocked|vendor
gesvd,float,sm_89,N,none,512,8,blocked|vendor
gesvd,float,sm_89,N,none,512,16,blocked|vendor
gesvd,float,sm_89,N,none,512,24,blocked|vendor
gesvd,float,sm_89,N,none,512,32,blocked|vendor
gesvd,float,sm_89,N,none,512,33,blocked|vendor
gesvd,float,sm_89,N,none,512,48,blocked|vendor
gesvd,float,sm_89,N,none,512,64,blocked|vendor
gesvd,float,sm_89,N,none,512,65,blocked|vendor
gesvd,float,sm_89,N,none,512,128,blocked|vendor
gesvd,float,sm_89,N,none,512,256,blocked|vendor
gesvd,float,sm_89,N,none,512,512,blocked|vendor
gesvd,float,sm_89,N,none,512,1024,blocked|vendor
gesvd,float,sm_89,N,none,1024,1,blocked|vendor
gesvd,float,sm_89,N,none,1024,2,blocked|vendor
gesvd,float,sm_89,N,none,1024,4,blocked|vendor
gesvd,float,sm_89,N,none,1024,8,blocked|vendor
gesvd,float,sm_89,N,none,1024,16,blocked|vendor
gesvd,float,sm_89,N,none,1024,24,blocked|vendor
gesvd,float,sm_89,N,none,1024,32,blocked|vendor
gesvd,float,sm_89,N,none,1024,33,blocked|vendor
gesvd,float,sm_89,N,none,1024,48,blocked|vendor
gesvd,float,sm_89,N,none,1024,64,blocked|vendor
gesvd,float,sm_89,N,none,1024,65,blocked|vendor
gesvd,float,sm_89,N,none,1024,128,blocked|vendor
gesvd,float,sm_89,N,none,1024,256,blocked|vendor
gesvd,float,sm_89,N,none,1024,512,blocked|vendor
gesvd,float,sm_89,N,none,1024,1024,blocked|vendor
gesvd,float,sm_89,N,all,1,1,jacobi|cta|blocked|vendor
gesvd,float,sm_89,N,all,1,2,jacobi|cta|blocked|vendor
gesvd,float,sm_89,N,all,1,4,jacobi|cta|blocked|vendor
gesvd,float,sm_89,N,all,1,8,jacobi|cta|blocked|vendor
gesvd,float,sm_89,N,all,1,16,jacobi|cta|blocked|vendor
gesvd,float,sm_89,N,all,1,24,jacobi|cta|blocked|vendor
gesvd,float,sm_89,N,all,1,32,jacobi|cta|blocked|vendor
gesvd,float,sm_89,N,all,1,33,blocked|vendor|jacobi
gesvd,float,sm_89,N,all,1,48,blocked|vendor|jacobi
gesvd,float,sm_89,N,all,1,64,blocked|vendor|jacobi
gesvd,float,sm_89,N,all,1,65,blocked|vendor
gesvd,float,sm_89,N,all,1,128,blocked|vendor
gesvd,float,sm_89,N,all,1,256,blocked|vendor
gesvd,float,sm_89,N,all,1,512,blocked|vendor
gesvd,float,sm_89,N,all,1,1024,blocked|vendor
gesvd,float,sm_89,N,all,2,1,jacobi|cta|blocked|vendor
gesvd,float,sm_89,N,all,2,2,jacobi|cta|blocked|vendor
gesvd,float,sm_89,N,all,2,4,jacobi|cta|blocked|vendor
gesvd,float,sm_89,N,all,2,8,jacobi|cta|blocked|vendor
gesvd,float,sm_89,N,all,2,16,jacobi|cta|blocked|vendor
gesvd,float,sm_89,N,all,2,24,jacobi|cta|blocked|vendor
gesvd,float,sm_89,N,all,2,32,jacobi|cta|blocked|vendor
gesvd,float,sm_89,N,all,2,33,blocked|vendor|jacobi
gesvd,float,sm_89,N,all,2,48,blocked|vendor|jacobi
gesvd,float,sm_89,N,all,2,64,blocked|vendor|jacobi
gesvd,float,sm_89,N,all,2,65,blocked|vendor
gesvd,float,sm_89,N,all,2,128,blocked|vendor
gesvd,float,sm_89,N,all,2,256,blocked|vendor
gesvd,float,sm_89,N,all,2,512,blocked|vendor
gesvd,float,sm_89,N,all,2,1024,blocked|vendor
gesvd,float,sm_89,N,all,4,1,jacobi|cta|blocked|vendor
gesvd,float,sm_89,N,all,4,2,jacobi|cta|blocked|vendor
gesvd,float,sm_89,N,all,4,4,jacobi|cta|blocked|vendor
gesvd,float,sm_89,N,all,4,8,jacobi|cta|blocked|vendor
gesvd,float,sm_89,N,all,4,16,jacobi|cta|blocked|vendor
gesvd,float,sm_89,N,all,4,24,jacobi|cta|blocked|vendor
gesvd,float,sm_89,N,all,4,32,jacobi|cta|blocked|vendor
gesvd,float,sm_89,N,all,4,33,blocked|vendor|jacobi
gesvd,float,sm_89,N,all,4,48,blocked|vendor|jacobi
gesvd,float,sm_89,N,all,4,64,blocked|vendor|jacobi
gesvd,float,sm_89,N,all,4,65,blocked|vendor
gesvd,float,sm_89,N,all,4,128,blocked|vendor
gesvd,float,sm_89,N,all,4,256,blocked|vendor
gesvd,float,sm_89,N,all,4,512,blocked|vendor
gesvd,float,sm_89,N,all,4,1024,blocked|vendor
gesvd,float,sm_89,N,all,8,1,jacobi|cta|blocked|vendor
gesvd,float,sm_89,N,all,8,2,jacobi|cta|blocked|vendor
gesvd,float,sm_89,N,all,8,4,jacobi|cta|blocked|vendor
gesvd,float,sm_89,N,all,8,8,jacobi|cta|blocked|vendor
gesvd,float,sm_89,N,all,8,16,jacobi|cta|blocked|vendor
gesvd,float,sm_89,N,all,8,24,jacobi|cta|blocked|vendor
gesvd,float,sm_89,N,all,8,32,jacobi|cta|blocked|vendor
gesvd,float,sm_89,N,all,8,33,blocked|vendor|jacobi
gesvd,float,sm_89,N,all,8,48,blocked|vendor|jacobi
gesvd,float,sm_89,N,all,8,64,blocked|vendor|jacobi
gesvd,float,sm_89,N,all,8,65,blocked|vendor
gesvd,float,sm_89,N,all,8,128,blocked|vendor
gesvd,float,sm_89,N,all,8,256,blocked|vendor
gesvd,float,sm_89,N,all,8,512,blocked|vendor
gesvd,float,sm_89,N,all,8,1024,blocked|vendor
gesvd,float,sm_89,N,all,16,1,jacobi|cta|blocked|vendor
gesvd,float,sm_89,N,all,16,2,jacobi|cta|blocked|vendor
gesvd,float,sm_89,N,all,16,4,jacobi|cta|blocked|vendor
gesvd,float,sm_89,N,all,16,8,jacobi|cta|blocked|vendor
gesvd,float,sm_89,N,all,16,16,jacobi|cta|blocked|vendor
gesvd,float,sm_89,N,all,16,24,jacobi|cta|blocked|vendor
gesvd,float,sm_89,N,all,16,32,jacobi|cta|blocked|vendor
gesvd,float,sm_89,N,all,16,33,blocked|vendor|jacobi
gesvd,float,sm_89,N,all,16,48,blocked|vendor|jacobi
gesvd,float,sm_89,N,all,16,64,blocked|vendor|jacobi
gesvd,float,sm_89,N,all,16,65,blocked|vendor
gesvd,float,sm_89,N,all,16,128,blocked|vendor
gesvd,float,sm_89,N,all,16,256,blocked|vendor
gesvd,float,sm_89,N,all,16,512,blocked|vendor
gesvd,float,sm_89,N,all,16,1024,blocked|vendor
gesvd,float,sm_89,N,all,24,1,jacobi|cta|blocked|vendor
gesvd,float,sm_89,N,all,24,2,jacobi|cta|blocked|vendor
gesvd,float,sm_89,N,all,24,4,jacobi|cta|blocked|vendor
gesvd,float,sm_89,N,all,24,8,jacobi|cta|blocked|vendor
gesvd,float,sm_89,N,all,24,16,jacobi|cta|blocked|vendor
gesvd,float,sm_89,N,all,24,24,jacobi|cta|blocked|vendor
gesvd,float,sm_89,N,all,24,32,jacobi|cta|blocked|vendor
gesvd,float,sm_89,N,all,24,33,blocked|vendor|jacobi
gesvd,float,sm_89,N,all,24,48,blocked|vendor|jacobi
gesvd,float,sm_89,N,all,24,64,blocked|vendor|jacobi
gesvd,float,sm_89,N,all,24,65,blocked|vendor
gesvd,float,sm_89,N,all,24,128,blocked|vendor
gesvd,float,sm_89,N,all,24,256,blocked|vendor
gesvd,float,sm_89,N,all,24,512,blocked|vendor
gesvd,float,sm_89,N,all,24,1024,blocked|vendor
gesvd,float,sm_89,N,all,32,1,jacobi|cta|blocked|vendor
gesvd,float,sm_89,N,all,32,2,jacobi|cta|blocked|vendor
gesvd,float,sm_89,N,all,32,4,jacobi|cta|blocked|vendor
gesvd,float,sm_89,N,all,32,8,jacobi|cta|blocked|vendor
gesvd,float,sm_89,N,all,32,16,jacobi|cta|blocked|vendor
gesvd,float,sm_89,N,all,32,24,jacobi|cta|blocked|vendor
gesvd,float,sm_89,N,all,32,32,jacobi|cta|blocked|vendor
gesvd,float,sm_89,N,all,32,33,blocked|vendor|jacobi
gesvd,float,sm_89,N,all,32,48,blocked|vendor|jacobi
gesvd,float,sm_89,N,all,32,64,blocked|vendor|jacobi
gesvd,float,sm_89,N,all,32,65,blocked|vendor
gesvd,float,sm_89,N,all,32,128,blocked|vendor
gesvd,float,sm_89,N,all,32,256,blocked|vendor
gesvd,float,sm_89,N,all,32,512,blocked|vendor
gesvd,float,sm_89,N,all,32,1024,blocked|vendor
gesvd,float,sm_89,N,all,33,1,blocked|vendor|jacobi
gesvd,float,sm_89,N,all,33,2,blocked|vendor|jacobi
gesvd,float,sm_89,N,all,33,4,blocked|vendor|jacobi
gesvd,float,sm_89,N,all,33,8,blocked|vendor|jacobi
gesvd,float,sm_89,N,all,33,16,blocked|vendor|jacobi
gesvd,float,sm_89,N,all,33,24,blocked|vendor|jacobi
gesvd,float,sm_89,N,all,33,32,blocked|vendor|jacobi
gesvd,float,sm_89,N,all,33,33,blocked|vendor|jacobi
gesvd,float,sm_89,N,all,33,48,blocked|vendor|jacobi
gesvd,float,sm_89,N,all,33,64,blocked|vendor|jacobi
gesvd,float,sm_89,N,all,33,65,blocked|vendor
gesvd,float,sm_89,N,all,33,128,blocked|vendor
gesvd,float,sm_89,N,all,33,256,blocked|vendor
gesvd,float,sm_89,N,all,33,512,blocked|vendor
gesvd,float,sm_89,N,all,33,1024,blocked|vendor
gesvd,float,sm_89,N,all,48,1,blocked|vendor|jacobi
gesvd,float,sm_89,N,all,48,2,blocked|vendor|jacobi
gesvd,float,sm_89,N,all,48,4,blocked|vendor|jacobi
gesvd,float,sm_89,N,all,48,8,blocked|vendor|jacobi
gesvd,float,sm_89,N,all,48,16,blocked|vendor|jacobi
gesvd,float,sm_89,N,all,48,24,blocked|vendor|jacobi
gesvd,float,sm_89,N,all,48,32,blocked|vendor|jacobi
gesvd,float,sm_89,N,all,48,33,blocked|vendor|jacobi
gesvd,float,sm_89,N,all,48,48,blocked|vendor|jacobi
gesvd,float,sm_89,N,all,48,64,blocked|vendor|jacobi
gesvd,float,sm_89,N,all,48,65,blocked|vendor
gesvd,float,sm_89,N,all,48,128,blocked|vendor
gesvd,float,sm_89,N,all,48,256,blocked|vendor
gesvd,float,sm_89,N,all,48,512,blocked|vendor
gesvd,float,sm_89,N,all,48,1024,blocked|vendor
gesvd,float,sm_89,N,all,64,1,blocked|vendor|jacobi
gesvd,float,sm_89,N,all,64,2,blocked|vendor|jacobi
gesvd,float,sm_89,N,all,64,4,blocked|vendor|jacobi
gesvd,float,sm_89,N,all,64,8,blocked|vendor|jacobi
gesvd,float,sm_89,N,all,64,16,blocked|vendor|jacobi
gesvd,float,sm_89,N,all,64,24,blocked|vendor|jacobi
gesvd,float,sm_89,N,all,64,32,blocked|vendor|jacobi
gesvd,float,sm_89,N,all,64,33,blocked|vendor|jacobi
gesvd,float,sm_89,N,all,64,48,blocked|vendor|jacobi
gesvd,float,sm_89,N,all,64,64,blocked|vendor|jacobi
gesvd,float,sm_89,N,all,64,65,blocked|vendor
gesvd,float,sm_89,N,all,64,128,blocked|vendor
gesvd,float,sm_89,N,all,64,256,blocked|vendor
gesvd,float,sm_89,N,all,64,512,blocked|vendor
gesvd,float,sm_89,N,all,64,1024,blocked|vendor
gesvd,float,sm_89,N,all,65,1,blocked|vendor
gesvd,float,sm_89,N,all,65,2,blocked|vendor
gesvd,float,sm_89,N,all,65,4,blocked|vendor
gesvd,float,sm_89,N,all,65,8,blocked|vendor
gesvd,float,sm_89,N,all,65,16,blocked|vendor
gesvd,float,sm_89,N,all,65,24,blocked|vendor
gesvd,float,sm_89,N,all,65,32,blocked|vendor
gesvd,float,sm_89,N,all,65,33,blocked|vendor
gesvd,float,sm_89,N,all,65,48,blocked|vendor
gesvd,float,sm_89,N,all,65,64,blocked|vendor
gesvd,float,sm_89,N,all,65,65,blocked|vendor
gesvd,float,sm_89,N,all,65,128,blocked|vendor
gesvd,float,sm_89,N,all,65,256,blocked|vendor
gesvd,float,sm_89,N,all,65,512,blocked|vendor
gesvd,float,sm_89,N,all,65,1024,blocked|vendor
gesvd,float,sm_89,N,all,128,1,blocked|vendor
gesvd,float,sm_89,N,all,128,2,blocked|vendor
gesvd,float,sm_89,N,all,128,4,blocked|vendor
gesvd,float,sm_89,N,all,128,8,blocked|vendor
gesvd,float,sm_89,N,all,128,16,blocked|vendor
gesvd,float,sm_89,N,all,128,24,blocked|vendor
gesvd,float,sm_89,N,all,128,32,blocked|vendor
gesvd,float,sm_89,N,all,128,33,blocked|vendor
gesvd,float,sm_89,N,all,128,48,blocked|vendor
gesvd,float,sm_89,N,all,128,64,blocked|vendor
gesvd,float,sm_89,N,all,128,65,blocked|vendor
gesvd,float,sm_89,N,all,128,128,blocked|vendor
gesvd,float,sm_89,N,all,128,256,blocked|vendor
gesvd,float,sm_89,N,all,128,512,blocked|vendor
gesvd,float,sm_89,N,all,128,1024,blocked|vendor
gesvd,float,sm_89,N,all,256,1,blocked|vendor
gesvd,float,sm_89,N,all,256,2,blocked|vendor
gesvd,float,sm_89,N,all,256,4,blocked|vendor
gesvd,float,sm_89,N,all,256,8,blocked|vendor
gesvd,float,sm_89,N,all,256,16,blocked|vendor
gesvd,float,sm_89,N,all,256,24,blocked|vendor
gesvd,float,sm_89,N,all,256,32,blocked|vendor
gesvd,float,sm_89,N,all,256,33,blocked|vendor
gesvd,float,sm_89,N,all,256,48,blocked|vendor
gesvd,float,sm_89,N,all,256,64,blocked|vendor
gesvd,float,sm_89,N,all,256,65,blocked|vendor
gesvd,float,sm_89,N,all,256,128,blocked|vendor
gesvd,float,sm_89,N,all,256,256,blocked|vendor
gesvd,float,sm_89,N,all,256,512,blocked|vendor
gesvd,float,sm_89,N,all,256,1024,blocked|vendor
gesvd,float,sm_89,N,all,512,1,blocked|vendor
gesvd,float,sm_89,N,all,512,2,blocked|vendor
gesvd,float,sm_89,N,all,512,4,blocked|vendor
gesvd,float,sm_89,N,all,512,8,blocked|vendor
gesvd,float,sm_89,N,all,512,16,blocked|vendor
gesvd,float,sm_89,N,all,512,24,blocked|vendor
gesvd,float,sm_89,N,all,512,32,blocked|vendor
gesvd,float,sm_89,N,all,512,33,blocked|vendor
gesvd,float,sm_89,N,all,512,48,blocked|vendor
gesvd,float,sm_89,N,all,512,64,blocked|vendor
gesvd,float,sm_89,N,all,512,65,blocked|vendor
gesvd,float,sm_89,N,all,512,128,blocked|vendor
gesvd,float,sm_89,N,all,512,256,blocked|vendor
gesvd,float,sm_89,N,all,512,512,blocked|vendor
gesvd,float,sm_89,N,all,512,1024,blocked|vendor
gesvd,float,sm_89,N,all,1024,1,blocked|vendor
gesvd,float,sm_89,N,all,1024,2,blocked|vendor
gesvd,float,sm_89,N,all,1024,4,blocked|vendor
gesvd,float,sm_89,N,all,1024,8,blocked|vendor
gesvd,float,sm_89,N,all,1024,16,blocked|vendor
gesvd,float,sm_89,N,all,1024,24,blocked|vendor
gesvd,float,sm_89,N,all,1024,32,blocked|vendor
gesvd,float,sm_89,N,all,1024,33,blocked|vendor
gesvd,float,sm_89,N,all,1024,48,blocked|vendor
gesvd,float,sm_89,N,all,1024,64,blocked|vendor
gesvd,float,sm_89,N,all,1024,65,blocked|vendor
gesvd,float,sm_89,N,all,1024,128,blocked|vendor
gesvd,float,sm_89,N,all,1024,256,blocked|vendor
gesvd,float,sm_89,N,all,1024,512,blocked|vendor
gesvd,float,sm_89,N,all,1024,1024,blocked|vendor
gesvd,float,sm_89,N,thin,1,1,jacobi|blocked|vendor
gesvd,float,sm_89,N,thin,1,2,jacobi|blocked|vendor
gesvd,float,sm_89,N,thin,1,4,jacobi|blocked|vendor
gesvd,float,sm_89,N,thin,1,8,jacobi|blocked|vendor
gesvd,float,sm_89,N,thin,1,16,jacobi|blocked|vendor
gesvd,float,sm_89,N,thin,1,24,jacobi|blocked|vendor
gesvd,float,sm_89,N,thin,1,32,jacobi|blocked|vendor
gesvd,float,sm_89,N,thin,1,33,blocked|vendor|jacobi
gesvd,float,sm_89,N,thin,1,48,blocked|vendor|jacobi
gesvd,float,sm_89,N,thin,1,64,blocked|vendor|jacobi
gesvd,float,sm_89,N,thin,1,65,blocked|vendor
gesvd,float,sm_89,N,thin,1,128,blocked|vendor
gesvd,float,sm_89,N,thin,1,256,blocked|vendor
gesvd,float,sm_89,N,thin,1,512,blocked|vendor
gesvd,float,sm_89,N,thin,1,1024,blocked|vendor
gesvd,float,sm_89,N,thin,2,1,jacobi|blocked|vendor
gesvd,float,sm_89,N,thin,2,2,jacobi|blocked|vendor
gesvd,float,sm_89,N,thin,2,4,jacobi|blocked|vendor
gesvd,float,sm_89,N,thin,2,8,jacobi|blocked|vendor
gesvd,float,sm_89,N,thin,2,16,jacobi|blocked|vendor
gesvd,float,sm_89,N,thin,2,24,jacobi|blocked|vendor
gesvd,float,sm_89,N,thin,2,32,jacobi|blocked|vendor
gesvd,float,sm_89,N,thin,2,33,blocked|vendor|jacobi
gesvd,float,sm_89,N,thin,2,48,blocked|vendor|jacobi
gesvd,float,sm_89,N,thin,2,64,blocked|vendor|jacobi
gesvd,float,sm_89,N,thin,2,65,blocked|vendor
gesvd,float,sm_89,N,thin,2,128,blocked|vendor
gesvd,float,sm_89,N,thin,2,256,blocked|vendor
gesvd,float,sm_89,N,thin,2,512,blocked|vendor
gesvd,float,sm_89,N,thin,2,1024,blocked|vendor
gesvd,float,sm_89,N,thin,4,1,jacobi|blocked|vendor
gesvd,float,sm_89,N,thin,4,2,jacobi|blocked|vendor
gesvd,float,sm_89,N,thin,4,4,jacobi|blocked|vendor
gesvd,float,sm_89,N,thin,4,8,jacobi|blocked|vendor
gesvd,float,sm_89,N,thin,4,16,jacobi|blocked|vendor
gesvd,float,sm_89,N,thin,4,24,jacobi|blocked|vendor
gesvd,float,sm_89,N,thin,4,32,jacobi|blocked|vendor
gesvd,float,sm_89,N,thin,4,33,blocked|vendor|jacobi
gesvd,float,sm_89,N,thin,4,48,blocked|vendor|jacobi
gesvd,float,sm_89,N,thin,4,64,blocked|vendor|jacobi
gesvd,float,sm_89,N,thin,4,65,blocked|vendor
gesvd,float,sm_89,N,thin,4,128,blocked|vendor
gesvd,float,sm_89,N,thin,4,256,blocked|vendor
gesvd,float,sm_89,N,thin,4,512,blocked|vendor
gesvd,float,sm_89,N,thin,4,1024,blocked|vendor
gesvd,float,sm_89,N,thin,8,1,jacobi|blocked|vendor
gesvd,float,sm_89,N,thin,8,2,jacobi|blocked|vendor
gesvd,float,sm_89,N,thin,8,4,jacobi|blocked|vendor
gesvd,float,sm_89,N,thin,8,8,jacobi|blocked|vendor
gesvd,float,sm_89,N,thin,8,16,jacobi|blocked|vendor
gesvd,float,sm_89,N,thin,8,24,jacobi|blocked|vendor
gesvd,float,sm_89,N,thin,8,32,jacobi|blocked|vendor
gesvd,float,sm_89,N,thin,8,33,blocked|vendor|jacobi
gesvd,float,sm_89,N,thin,8,48,blocked|vendor|jacobi
gesvd,float,sm_89,N,thin,8,64,blocked|vendor|jacobi
gesvd,float,sm_89,N,thin,8,65,blocked|vendor
gesvd,float,sm_89,N,thin,8,128,blocked|vendor
gesvd,float,sm_89,N,thin,8,256,blocked|vendor
gesvd,float,sm_89,N,thin,8,512,blocked|vendor
gesvd,float,sm_89,N,thin,8,1024,blocked|vendor
gesvd,float,sm_89,N,thin,16,1,jacobi|blocked|vendor
gesvd,float,sm_89,N,thin,16,2,jacobi|blocked|vendor
gesvd,float,sm_89,N,thin,16,4,jacobi|blocked|vendor
gesvd,float,sm_89,N,thin,16,8,jacobi|blocked|vendor
gesvd,float,sm_89,N,thin,16,16,jacobi|blocked|vendor
gesvd,float,sm_89,N,thin,16,24,jacobi|blocked|vendor
gesvd,float,sm_89,N,thin,16,32,jacobi|blocked|vendor
gesvd,float,sm_89,N,thin,16,33,blocked|vendor|jacobi
gesvd,float,sm_89,N,thin,16,48,blocked|vendor|jacobi
gesvd,float,sm_89,N,thin,16,64,blocked|vendor|jacobi
gesvd,float,sm_89,N,thin,16,65,blocked|vendor
gesvd,float,sm_89,N,thin,16,128,blocked|vendor
gesvd,float,sm_89,N,thin,16,256,blocked|vendor
gesvd,float,sm_89,N,thin,16,512,blocked|vendor
gesvd,float,sm_89,N,thin,16,1024,blocked|vendor
gesvd,float,sm_89,N,thin,24,1,jacobi|blocked|vendor
gesvd,float,sm_89,N,thin,24,2,jacobi|blocked|vendor
gesvd,float,sm_89,N,thin,24,4,jacobi|blocked|vendor
gesvd,float,sm_89,N,thin,24,8,jacobi|blocked|vendor
gesvd,float,sm_89,N,thin,24,16,jacobi|blocked|vendor
gesvd,float,sm_89,N,thin,24,24,jacobi|blocked|vendor
gesvd,float,sm_89,N,thin,24,32,jacobi|blocked|vendor
gesvd,float,sm_89,N,thin,24,33,blocked|vendor|jacobi
gesvd,float,sm_89,N,thin,24,48,blocked|vendor|jacobi
gesvd,float,sm_89,N,thin,24,64,blocked|vendor|jacobi
gesvd,float,sm_89,N,thin,24,65,blocked|vendor
gesvd,float,sm_89,N,thin,24,128,blocked|vendor
gesvd,float,sm_89,N,thin,24,256,blocked|vendor
gesvd,float,sm_89,N,thin,24,512,blocked|vendor
gesvd,float,sm_89,N,thin,24,1024,blocked|vendor
gesvd,float,sm_89,N,thin,32,1,jacobi|blocked|vendor
gesvd,float,sm_89,N,thin,32,2,jacobi|blocked|vendor
gesvd,float,sm_89,N,thin,32,4,jacobi|blocked|vendor
gesvd,float,sm_89,N,thin,32,8,jacobi|blocked|vendor
gesvd,float,sm_89,N,thin,32,16,jacobi|blocked|vendor
gesvd,float,sm_89,N,thin,32,24,jacobi|blocked|vendor
gesvd,float,sm_89,N,thin,32,32,jacobi|blocked|vendor
gesvd,float,sm_89,N,thin,32,33,blocked|vendor|jacobi
gesvd,float,sm_89,N,thin,32,48,blocked|vendor|jacobi
gesvd,float,sm_89,N,thin,32,64,blocked|vendor|jacobi
gesvd,float,sm_89,N,thin,32,65,blocked|vendor
gesvd,float,sm_89,N,thin,32,128,blocked|vendor
gesvd,float,sm_89,N,thin,32,256,blocked|vendor
gesvd,float,sm_89,N,thin,32,512,blocked|vendor
gesvd,float,sm_89,N,thin,32,1024,blocked|vendor
gesvd,float,sm_89,N,thin,33,1,blocked|vendor|jacobi
gesvd,float,sm_89,N,thin,33,2,blocked|vendor|jacobi
gesvd,float,sm_89,N,thin,33,4,blocked|vendor|jacobi
gesvd,float,sm_89,N,thin,33,8,blocked|vendor|jacobi
gesvd,float,sm_89,N,thin,33,16,blocked|vendor|jacobi
gesvd,float,sm_89,N,thin,33,24,blocked|vendor|jacobi
gesvd,float,sm_89,N,thin,33,32,blocked|vendor|jacobi
gesvd,float,sm_89,N,thin,33,33,blocked|vendor|jacobi
gesvd,float,sm_89,N,thin,33,48,blocked|vendor|jacobi
gesvd,float,sm_89,N,thin,33,64,blocked|vendor|jacobi
gesvd,float,sm_89,N,thin,33,65,blocked|vendor
gesvd,float,sm_89,N,thin,33,128,blocked|vendor
gesvd,float,sm_89,N,thin,33,256,blocked|vendor
gesvd,float,sm_89,N,thin,33,512,blocked|vendor
gesvd,float,sm_89,N,thin,33,1024,blocked|vendor
gesvd,float,sm_89,N,thin,48,1,blocked|vendor|jacobi
gesvd,float,sm_89,N,thin,48,2,blocked|vendor|jacobi
gesvd,float,sm_89,N,thin,48,4,blocked|vendor|jacobi
gesvd,float,sm_89,N,thin,48,8,blocked|vendor|jacobi
gesvd,float,sm_89,N,thin,48,16,blocked|vendor|jacobi
gesvd,float,sm_89,N,thin,48,24,blocked|vendor|jacobi
gesvd,float,sm_89,N,thin,48,32,blocked|vendor|jacobi
gesvd,float,sm_89,N,thin,48,33,blocked|vendor|jacobi
gesvd,float,sm_89,N,thin,48,48,blocked|vendor|jacobi
gesvd,float,sm_89,N,thin,48,64,blocked|vendor|jacobi
gesvd,float,sm_89,N,thin,48,65,blocked|vendor
gesvd,float,sm_89,N,thin,48,128,blocked|vendor
gesvd,float,sm_89,N,thin,48,256,blocked|vendor
gesvd,float,sm_89,N,thin,48,512,blocked|vendor
gesvd,float,sm_89,N,thin,48,1024,blocked|vendor
gesvd,float,sm_89,N,thin,64,1,blocked|vendor|jacobi
gesvd,float,sm_89,N,thin,64,2,blocked|vendor|jacobi
gesvd,float,sm_89,N,thin,64,4,blocked|vendor|jacobi
gesvd,float,sm_89,N,thin,64,8,blocked|vendor|jacobi
gesvd,float,sm_89,N,thin,64,16,blocked|vendor|jacobi
gesvd,float,sm_89,N,thin,64,24,blocked|vendor|jacobi
gesvd,float,sm_89,N,thin,64,32,blocked|vendor|jacobi
gesvd,float,sm_89,N,thin,64,33,blocked|vendor|jacobi
gesvd,float,sm_89,N,thin,64,48,blocked|vendor|jacobi
gesvd,float,sm_89,N,thin,64,64,blocked|vendor|jacobi
gesvd,float,sm_89,N,thin,64,65,blocked|vendor
gesvd,float,sm_89,N,thin,64,128,blocked|vendor
gesvd,float,sm_89,N,thin,64,256,blocked|vendor
gesvd,float,sm_89,N,thin,64,512,blocked|vendor
gesvd,float,sm_89,N,thin,64,1024,blocked|vendor
gesvd,float,sm_89,N,thin,65,1,blocked|vendor
gesvd,float,sm_89,N,thin,65,2,blocked|vendor
gesvd,float,sm_89,N,thin,65,4,blocked|vendor
gesvd,float,sm_89,N,thin,65,8,blocked|vendor
gesvd,float,sm_89,N,thin,65,16,blocked|vendor
gesvd,float,sm_89,N,thin,65,24,blocked|vendor
gesvd,float,sm_89,N,thin,65,32,blocked|vendor
gesvd,float,sm_89,N,thin,65,33,blocked|vendor
gesvd,float,sm_89,N,thin,65,48,blocked|vendor
gesvd,float,sm_89,N,thin,65,64,blocked|vendor
gesvd,float,sm_89,N,thin,65,65,blocked|vendor
gesvd,float,sm_89,N,thin,65,128,blocked|vendor
gesvd,float,sm_89,N,thin,65,256,blocked|vendor
gesvd,float,sm_89,N,thin,65,512,blocked|vendor
gesvd,float,sm_89,N,thin,65,1024,blocked|vendor
gesvd,float,sm_89,N,thin,128,1,blocked|vendor
gesvd,float,sm_89,N,thin,128,2,blocked|vendor
gesvd,float,sm_89,N,thin,128,4,blocked|vendor
gesvd,float,sm_89,N,thin,128,8,blocked|vendor
gesvd,float,sm_89,N,thin,128,16,blocked|vendor
gesvd,float,sm_89,N,thin,128,24,blocked|vendor
gesvd,float,sm_89,N,thin,128,32,blocked|vendor
gesvd,float,sm_89,N,thin,128,33,blocked|vendor
gesvd,float,sm_89,N,thin,128,48,blocked|vendor
gesvd,float,sm_89,N,thin,128,64,blocked|vendor
gesvd,float,sm_89,N,thin,128,65,blocked|vendor
gesvd,float,sm_89,N,thin,128,128,blocked|vendor
gesvd,float,sm_89,N,thin,128,256,blocked|vendor
gesvd,float,sm_89,N,thin,128,512,blocked|vendor
gesvd,float,sm_89,N,thin,128,1024,blocked|vendor
gesvd,float,sm_89,N,thin,256,1,blocked|vendor
gesvd,float,sm_89,N,thin,256,2,blocked|vendor
gesvd,float,sm_89,N,thin,256,4,blocked|vendor
gesvd,float,sm_89,N,thin,256,8,blocked|vendor
gesvd,float,sm_89,N,thin,256,16,blocked|vendor
gesvd,float,sm_89,N,thin,256,24,blocked|vendor
gesvd,float,sm_89,N,thin,256,32,blocked|vendor
gesvd,float,sm_89,N,thin,256,33,blocked|vendor
gesvd,float,sm_89,N,thin,256,48,blocked|vendor
gesvd,float,sm_89,N,thin,256,64,blocked|vendor
gesvd,float,sm_89,N,thin,256,65,blocked|vendor
gesvd,float,sm_89,N,thin,256,128,blocked|vendor
gesvd,float,sm_89,N,thin,256,256,blocked|vendor
gesvd,float,sm_89,N,thin,256,512,blocked|vendor
gesvd,float,sm_89,N,thin,256,1024,blocked|vendor
gesvd,float,sm_89,N,thin,512,1,blocked|vendor
gesvd,float,sm_89,N,thin,512,2,blocked|vendor
gesvd,float,sm_89,N,thin,512,4,blocked|vendor
gesvd,float,sm_89,N,thin,512,8,blocked|vendor
gesvd,float,sm_89,N,thin,512,16,blocked|vendor
gesvd,float,sm_89,N,thin,512,24,blocked|vendor
gesvd,float,sm_89,N,thin,512,32,blocked|vendor
gesvd,float,sm_89,N,thin,512,33,blocked|vendor
gesvd,float,sm_89,N,thin,512,48,blocked|vendor
gesvd,float,sm_89,N,thin,512,64,blocked|vendor
gesvd,float,sm_89,N,thin,512,65,blocked|vendor
gesvd,float,sm_89,N,thin,512,128,blocked|vendor
gesvd,float,sm_89,N,thin,512,256,blocked|vendor
gesvd,float,sm_89,N,thin,512,512,blocked|vendor
gesvd,float,sm_89,N,thin,512,1024,blocked|vendor
gesvd,float,sm_89,N,thin,1024,1,blocked|vendor
gesvd,float,sm_89,N,thin,1024,2,blocked|vendor
gesvd,float,sm_89,N,thin,1024,4,blocked|vendor
gesvd,float,sm_89,N,thin,1024,8,blocked|vendor
gesvd,float,sm_89,N,thin,1024,16,blocked|vendor
gesvd,float,sm_89,N,thin,1024,24,blocked|vendor
gesvd,float,sm_89,N,thin,1024,32,blocked|vendor
gesvd,float,sm_89,N,thin,1024,33,blocked|vendor
gesvd,float,sm_89,N,thin,1024,48,blocked|vendor
gesvd,float,sm_89,N,thin,1024,64,blocked|vendor
gesvd,float,sm_89,N,thin,1024,65,blocked|vendor
gesvd,float,sm_89,N,thin,1024,128,blocked|vendor
gesvd,float,sm_89,N,thin,1024,256,blocked|vendor
gesvd,float,sm_89,N,thin,1024,512,blocked|vendor
gesvd,float,sm_89,N,thin,1024,1024,blocked|vendor
gesvd,float,sm_89,L,none,1,1,cta|blocked|vendor
gesvd,float,sm_89,L,none,1,2,vendor
gesvd,float,sm_89,L,none,1,4,vendor
gesvd,float,sm_89,L,none,1,8,vendor
gesvd,float,sm_89,L,none,1,16,vendor
gesvd,float,sm_89,L,none,1,24,vendor
gesvd,float,sm_89,L,none,1,32,vendor
gesvd,float,sm_89,L,none,1,33,vendor
gesvd,float,sm_89,L,none,1,48,vendor
gesvd,float,sm_89,L,none,1,64,vendor
gesvd,float,sm_89,L,none,1,65,vendor
gesvd,float,sm_89,L,none,1,128,vendor
gesvd,float,sm_89,L,none,1,256,vendor
gesvd,float,sm_89,L,none,1,512,vendor
gesvd,float,sm_89,L,none,1,1024,vendor
gesvd,float,sm_89,L,none,2,1,vendor
gesvd,float,sm_89,L,none,2,2,cta|blocked|vendor
gesvd,float,sm_89,L,none,2,4,vendor
gesvd,float,sm_89,L,none,2,8,vendor
gesvd,float,sm_89,L,none,2,16,vendor
gesvd,float,sm_89,L,none,2,24,vendor
gesvd,float,sm_89,L,none,2,32,vendor
gesvd,float,sm_89,L,none,2,33,vendor
gesvd,float,sm_89,L,none,2,48,vendor
gesvd,float,sm_89,L,none,2,64,vendor
gesvd,float,sm_89,L,none,2,65,vendor
gesvd,float,sm_89,L,none,2,128,vendor
gesvd,float,sm_89,L,none,2,256,vendor
gesvd,float,sm_89,L,none,2,512,vendor
gesvd,float,sm_89,L,none,2,1024,vendor
gesvd,float,sm_89,L,none,4,1,vendor
gesvd,float,sm_89,L,none,4,2,vendor
gesvd,float,sm_89,L,none,4,4,cta|blocked|vendor
gesvd,float,sm_89,L,none,4,8,vendor
gesvd,float,sm_89,L,none,4,16,vendor
gesvd,float,sm_89,L,none,4,24,vendor
gesvd,float,sm_89,L,none,4,32,vendor
gesvd,float,sm_89,L,none,4,33,vendor
gesvd,float,sm_89,L,none,4,48,vendor
gesvd,float,sm_89,L,none,4,64,vendor
gesvd,float,sm_89,L,none,4,65,vendor
gesvd,float,sm_89,L,none,4,128,vendor
gesvd,float,sm_89,L,none,4,256,vendor
gesvd,float,sm_89,L,none,4,512,vendor
gesvd,float,sm_89,L,none,4,1024,vendor
gesvd,float,sm_89,L,none,8,1,vendor
gesvd,float,sm_89,L,none,8,2,vendor
gesvd,float,sm_89,L,none,8,4,vendor
gesvd,float,sm_89,L,none,8,8,cta|blocked|vendor
gesvd,float,sm_89,L,none,8,16,vendor
gesvd,float,sm_89,L,none,8,24,vendor
gesvd,float,sm_89,L,none,8,32,vendor
gesvd,float,sm_89,L,none,8,33,vendor
gesvd,float,sm_89,L,none,8,48,vendor
gesvd,float,sm_89,L,none,8,64,vendor
gesvd,float,sm_89,L,none,8,65,vendor
gesvd,float,sm_89,L,none,8,128,vendor
gesvd,float,sm_89,L,none,8,256,vendor
gesvd,float,sm_89,L,none,8,512,vendor
gesvd,float,sm_89,L,none,8,1024,vendor
gesvd,float,sm_89,L,none,16,1,vendor
gesvd,float,sm_89,L,none,16,2,vendor
gesvd,float,sm_89,L,none,16,4,vendor
gesvd,float,sm_89,L,none,16,8,vendor
gesvd,float,sm_89,L,none,16,16,cta|blocked|vendor
gesvd,float,sm_89,L,none,16,24,vendor
gesvd,float,sm_89,L,none,16,32,vendor
gesvd,float,sm_89,L,none,16,33,vendor
gesvd,float,sm_89,L,none,16,48,vendor
gesvd,float,sm_89,L,none,16,64,vendor
gesvd,float,sm_89,L,none,16,65,vendor
gesvd,float,sm_89,L,none,16,128,vendor
gesvd,float,sm_89,L,none,16,256,vendor
gesvd,float,sm_89,L,none,16,512,vendor
gesvd,float,sm_89,L,none,16,1024,vendor
gesvd,float,sm_89,L,none,24,1,vendor
gesvd,float,sm_89,L,none,24,2,vendor
gesvd,float,sm_89,L,none,24,4,vendor
gesvd,float,sm_89,L,none,24,8,vendor
gesvd,float,sm_89,L,none,24,16,vendor
gesvd,float,sm_89,L,none,24,24,cta|blocked|vendor
gesvd,float,sm_89,L,none,24,32,vendor
gesvd,float,sm_89,L,none,24,33,vendor
gesvd,float,sm_89,L,none,24,48,vendor
gesvd,float,sm_89,L,none,24,64,vendor
gesvd,float,sm_89,L,none,24,65,vendor
gesvd,float,sm_89,L,none,24,128,vendor
gesvd,float,sm_89,L,none,24,256,vendor
gesvd,float,sm_89,L,none,24,512,vendor
gesvd,float,sm_89,L,none,24,1024,vendor
gesvd,float,sm_89,L,none,32,1,vendor
gesvd,float,sm_89,L,none,32,2,vendor
gesvd,float,sm_89,L,none,32,4,vendor
gesvd,float,sm_89,L,none,32,8,vendor
gesvd,float,sm_89,L,none,32,16,vendor
gesvd,float,sm_89,L,none,32,24,vendor
gesvd,float,sm_89,L,none,32,32,cta|blocked|vendor
gesvd,float,sm_89,L,none,32,33,vendor
gesvd,float,sm_89,L,none,32,48,vendor
gesvd,float,sm_89,L,none,32,64,vendor
gesvd,float,sm_89,L,none,32,65,vendor
gesvd,float,sm_89,L,none,32,128,vendor
gesvd,float,sm_89,L,none,32,256,vendor
gesvd,float,sm_89,L,none,32,512,vendor
gesvd,float,sm_89,L,none,32,1024,vendor
gesvd,float,sm_89,L,none,33,1,vendor
gesvd,float,sm_89,L,none,33,2,vendor
gesvd,float,sm_89,L,none,33,4,vendor
gesvd,float,sm_89,L,none,33,8,vendor
gesvd,float,sm_89,L,none,33,16,vendor
gesvd,float,sm_89,L,none,33,24,vendor
gesvd,float,sm_89,L,none,33,32,vendor
gesvd,float,sm_89,L,none,33,33,blocked|vendor
gesvd,float,sm_89,L,none,33,48,vendor
gesvd,float,sm_89,L,none,33,64,vendor
gesvd,float,sm_89,L,none,33,65,vendor
gesvd,float,sm_89,L,none,33,128,vendor
gesvd,float,sm_89,L,none,33,256,vendor
gesvd,float,sm_89,L,none,33,512,vendor
gesvd,float,sm_89,L,none,33,1024,vendor
gesvd,float,sm_89,L,none,48,1,vendor
gesvd,float,sm_89,L,none,48,2,vendor
gesvd,float,sm_89,L,none,48,4,vendor
gesvd,float,sm_89,L,none,48,8,vendor
gesvd,float,sm_89,L,none,48,16,vendor
gesvd,float,sm_89,L,none,48,24,vendor
gesvd,float,sm_89,L,none,48,32,vendor
gesvd,float,sm_89,L,none,48,33,vendor
gesvd,float,sm_89,L,none,48,48,blocked|vendor
gesvd,float,sm_89,L,none,48,64,vendor
gesvd,float,sm_89,L,none,48,65,vendor
gesvd,float,sm_89,L,none,48,128,vendor
gesvd,float,sm_89,L,none,48,256,vendor
gesvd,float,sm_89,L,none,48,512,vendor
gesvd,float,sm_89,L,none,48,1024,vendor
gesvd,float,sm_89,L,none,64,1,vendor
gesvd,float,sm_89,L,none,64,2,vendor
gesvd,float,sm_89,L,none,64,4,vendor
gesvd,float,sm_89,L,none,64,8,vendor
gesvd,float,sm_89,L,none,64,16,vendor
gesvd,float,sm_89,L,none,64,24,vendor
gesvd,float,sm_89,L,none,64,32,vendor
gesvd,float,sm_89,L,none,64,33,vendor
gesvd,float,sm_89,L,none,64,48,vendor
gesvd,float,sm_89,L,none,64,64,blocked|vendor
gesvd,float,sm_89,L,none,64,65,vendor
gesvd,float,sm_89,L,none,64,128,vendor
gesvd,float,sm_89,L,none,64,256,vendor
gesvd,float,sm_89,L,none,64,512,vendor
gesvd,float,sm_89,L,none,64,1024,vendor
gesvd,float,sm_89,L,none,65,1,vendor
gesvd,float,sm_89,L,none,65,2,vendor
gesvd,float,sm_89,L,none,65,4,vendor
gesvd,float,sm_89,L,none,65,8,vendor
gesvd,float,sm_89,L,none,65,16,vendor
gesvd,float,sm_89,L,none,65,24,vendor
gesvd,float,sm_89,L,none,65,32,vendor
gesvd,float,sm_89,L,none,65,33,vendor
gesvd,float,sm_89,L,none,65,48,vendor
gesvd,float,sm_89,L,none,65,64,vendor
gesvd,float,sm_89,L,none,65,65,blocked|vendor
gesvd,float,sm_89,L,none,65,128,vendor
gesvd,float,sm_89,L,none,65,256,vendor
gesvd,float,sm_89,L,none,65,512,vendor
gesvd,float,sm_89,L,none,65,1024,vendor
gesvd,float,sm_89,L,none,128,1,vendor
gesvd,float,sm_89,L,none,128,2,vendor
gesvd,float,sm_89,L,none,128,4,vendor
gesvd,float,sm_89,L,none,128,8,vendor
gesvd,float,sm_89,L,none,128,16,vendor
gesvd,float,sm_89,L,none,128,24,vendor
gesvd,float,sm_89,L,none,128,32,vendor
gesvd,float,sm_89,L,none,128,33,vendor
gesvd,float,sm_89,L,none,128,48,vendor
gesvd,float,sm_89,L,none,128,64,vendor
gesvd,float,sm_89,L,none,128,65,vendor
gesvd,float,sm_89,L,none,128,128,blocked|vendor
gesvd,float,sm_89,L,none,128,256,vendor
gesvd,float,sm_89,L,none,128,512,vendor
gesvd,float,sm_89,L,none,128,1024,vendor
gesvd,float,sm_89,L,none,256,1,vendor
gesvd,float,sm_89,L,none,256,2,vendor
gesvd,float,sm_89,L,none,256,4,vendor
gesvd,float,sm_89,L,none,256,8,vendor
gesvd,float,sm_89,L,none,256,16,vendor
gesvd,float,sm_89,L,none,256,24,vendor
gesvd,float,sm_89,L,none,256,32,vendor
gesvd,float,sm_89,L,none,256,33,vendor
gesvd,float,sm_89,L,none,256,48,vendor
gesvd,float,sm_89,L,none,256,64,vendor
gesvd,float,sm_89,L,none,256,65,vendor
gesvd,float,sm_89,L,none,256,128,vendor
gesvd,float,sm_89,L,none,256,256,blocked|vendor
gesvd,float,sm_89,L,none,256,512,vendor
gesvd,float,sm_89,L,none,256,1024,vendor
gesvd,float,sm_89,L,none,512,1,vendor
gesvd,float,sm_89,L,none,512,2,vendor
gesvd,float,sm_89,L,none,512,4,vendor
gesvd,float,sm_89,L,none,512,8,vendor
gesvd,float,sm_89,L,none,512,16,vendor
gesvd,float,sm_89,L,none,512,24,vendor
gesvd,float,sm_89,L,none,512,32,vendor
gesvd,float,sm_89,L,none,512,33,vendor
gesvd,float,sm_89,L,none,512,48,vendor
gesvd,float,sm_89,L,none,512,64,vendor
gesvd,float,sm_89,L,none,512,65,vendor
gesvd,float,sm_89,L,none,512,128,vendor
gesvd,float,sm_89,L,none,512,256,vendor
gesvd,float,sm_89,L,none,512,512,blocked|vendor
gesvd,float,sm_89,L,none,512,1024,vendor
gesvd,float,sm_89,L,none,1024,1,vendor
gesvd,float,sm_89,L,none,1024,2,vendor
gesvd,float,sm_89,L,none,1024,4,vendor
gesvd,float,sm_89,L,none,1024,8,vendor
gesvd,float,sm_89,L,none,1024,16,vendor
gesvd,float,sm_89,L,none,1024,24,vendor
gesvd,float,sm_89,L,none,1024,32,vendor
gesvd,float,sm_89,L,none,1024,33,vendor
gesvd,float,sm_89,L,none,1024,48,vendor
gesvd,float,sm_89,L,none,1024,64,vendor
gesvd,float,sm_89,L,none,1024,65,vendor
gesvd,float,sm_89,L,none,1024,128,vendor
gesvd,float,sm_89,L,none,1024,256,vendor
gesvd,float,sm_89,L,none,1024,512,vendor
gesvd,float,sm_89,L,none,1024,1024,blocked|vendor
gesvd,float,sm_89,L,all,1,1,cta|blocked|vendor
gesvd,float,sm_89,L,all,1,2,vendor
gesvd,float,sm_89,L,all,1,4,vendor
gesvd,float,sm_89,L,all,1,8,vendor
gesvd,float,sm_89,L,all,1,16,vendor
gesvd,float,sm_89,L,all,1,24,vendor
gesvd,float,sm_89,L,all,1,32,vendor
gesvd,float,sm_89,L,all,1,33,vendor
gesvd,float,sm_89,L,all,1,48,vendor
gesvd,float,sm_89,L,all,1,64,vendor
gesvd,float,sm_89,L,all,1,65,vendor
gesvd,float,sm_89,L,all,1,128,vendor
gesvd,float,sm_89,L,all,1,256,vendor
gesvd,float,sm_89,L,all,1,512,vendor
gesvd,float,sm_89,L,all,1,1024,vendor
gesvd,float,sm_89,L,all,2,1,vendor
gesvd,float,sm_89,L,all,2,2,cta|blocked|vendor
gesvd,float,sm_89,L,all,2,4,vendor
gesvd,float,sm_89,L,all,2,8,vendor
gesvd,float,sm_89,L,all,2,16,vendor
gesvd,float,sm_89,L,all,2,24,vendor
gesvd,float,sm_89,L,all,2,32,vendor
gesvd,float,sm_89,L,all,2,33,vendor
gesvd,float,sm_89,L,all,2,48,vendor
gesvd,float,sm_89,L,all,2,64,vendor
gesvd,float,sm_89,L,all,2,65,vendor
gesvd,float,sm_89,L,all,2,128,vendor
gesvd,float,sm_89,L,all,2,256,vendor
gesvd,float,sm_89,L,all,2,512,vendor
gesvd,float,sm_89,L,all,2,1024,vendor
gesvd,float,sm_89,L,all,4,1,vendor
gesvd,float,sm_89,L,all,4,2,vendor
gesvd,float,sm_89,L,all,4,4,cta|blocked|vendor
gesvd,float,sm_89,L,all,4,8,vendor
gesvd,float,sm_89,L,all,4,16,vendor
gesvd,float,sm_89,L,all,4,24,vendor
gesvd,float,sm_89,L,all,4,32,vendor
gesvd,float,sm_89,L,all,4,33,vendor
gesvd,float,sm_89,L,all,4,48,vendor
gesvd,float,sm_89,L,all,4,64,vendor
gesvd,float,sm_89,L,all,4,65,vendor
gesvd,float,sm_89,L,all,4,128,vendor
gesvd,float,sm_89,L,all,4,256,vendor
gesvd,float,sm_89,L,all,4,512,vendor
gesvd,float,sm_89,L,all,4,1024,vendor
gesvd,float,sm_89,L,all,8,1,vendor
gesvd,float,sm_89,L,all,8,2,vendor
gesvd,float,sm_89,L,all,8,4,vendor
gesvd,float,sm_89,L,all,8,8,cta|blocked|vendor
gesvd,float,sm_89,L,all,8,16,vendor
gesvd,float,sm_89,L,all,8,24,vendor
gesvd,float,sm_89,L,all,8,32,vendor
gesvd,float,sm_89,L,all,8,33,vendor
gesvd,float,sm_89,L,all,8,48,vendor
gesvd,float,sm_89,L,all,8,64,vendor
gesvd,float,sm_89,L,all,8,65,vendor
gesvd,float,sm_89,L,all,8,128,vendor
gesvd,float,sm_89,L,all,8,256,vendor
gesvd,float,sm_89,L,all,8,512,vendor
gesvd,float,sm_89,L,all,8,1024,vendor
gesvd,float,sm_89,L,all,16,1,vendor
gesvd,float,sm_89,L,all,16,2,vendor
gesvd,float,sm_89,L,all,16,4,vendor
gesvd,float,sm_89,L,all,16,8,vendor
gesvd,float,sm_89,L,all,16,16,cta|blocked|vendor
gesvd,float,sm_89,L,all,16,24,vendor
gesvd,float,sm_89,L,all,16,32,vendor
gesvd,float,sm_89,L,all,16,33,vendor
gesvd,float,sm_89,L,all,16,48,vendor
gesvd,float,sm_89,L,all,16,64,vendor
gesvd,float,sm_89,L,all,16,65,vendor
gesvd,float,sm_89,L,all,16,128,vendor
gesvd,float,sm_89,L,all,16,256,vendor
gesvd,float,sm_89,L,all,16,512,vendor
gesvd,float,sm_89,L,all,16,1024,vendor
gesvd,float,sm_89,L,all,24,1,vendor
gesvd,float,sm_89,L,all,24,2,vendor
gesvd,float,sm_89,L,all,24,4,vendor
gesvd,float,sm_89,L,all,24,8,vendor
gesvd,float,sm_89,L,all,24,16,vendor
gesvd,float,sm_89,L,all,24,24,cta|blocked|vendor
gesvd,float,sm_89,L,all,24,32,vendor
gesvd,float,sm_89,L,all,24,33,vendor
gesvd,float,sm_89,L,all,24,48,vendor
gesvd,float,sm_89,L,all,24,64,vendor
gesvd,float,sm_89,L,all,24,65,vendor
gesvd,float,sm_89,L,all,24,128,vendor
gesvd,float,sm_89,L,all,24,256,vendor
gesvd,float,sm_89,L,all,24,512,vendor
gesvd,float,sm_89,L,all,24,1024,vendor
gesvd,float,sm_89,L,all,32,1,vendor
gesvd,float,sm_89,L,all,32,2,vendor
gesvd,float,sm_89,L,all,32,4,vendor
gesvd,float,sm_89,L,all,32,8,vendor
gesvd,float,sm_89,L,all,32,16,vendor
gesvd,float,sm_89,L,all,32,24,vendor
gesvd,float,sm_89,L,all,32,32,cta|blocked|vendor
gesvd,float,sm_89,L,all,32,33,vendor
gesvd,float,sm_89,L,all,32,48,vendor
gesvd,float,sm_89,L,all,32,64,vendor
gesvd,float,sm_89,L,all,32,65,vendor
gesvd,float,sm_89,L,all,32,128,vendor
gesvd,float,sm_89,L,all,32,256,vendor
gesvd,float,sm_89,L,all,32,512,vendor
gesvd,float,sm_89,L,all,32,1024,vendor
gesvd,float,sm_89,L,all,33,1,vendor
gesvd,float,sm_89,L,all,33,2,vendor
gesvd,float,sm_89,L,all,33,4,vendor
gesvd,float,sm_89,L,all,33,8,vendor
gesvd,float,sm_89,L,all,33,16,vendor
gesvd,float,sm_89,L,all,33,24,vendor
gesvd,float,sm_89,L,all,33,32,vendor
gesvd,float,sm_89,L,all,33,33,blocked|vendor
gesvd,float,sm_89,L,all,33,48,vendor
gesvd,float,sm_89,L,all,33,64,vendor
gesvd,float,sm_89,L,all,33,65,vendor
gesvd,float,sm_89,L,all,33,128,vendor
gesvd,float,sm_89,L,all,33,256,vendor
gesvd,float,sm_89,L,all,33,512,vendor
gesvd,float,sm_89,L,all,33,1024,vendor
gesvd,float,sm_89,L,all,48,1,vendor
gesvd,float,sm_89,L,all,48,2,vendor
gesvd,float,sm_89,L,all,48,4,vendor
gesvd,float,sm_89,L,all,48,8,vendor
gesvd,float,sm_89,L,all,48,16,vendor
gesvd,float,sm_89,L,all,48,24,vendor
gesvd,float,sm_89,L,all,48,32,vendor
gesvd,float,sm_89,L,all,48,33,vendor
gesvd,float,sm_89,L,all,48,48,blocked|vendor
gesvd,float,sm_89,L,all,48,64,vendor
gesvd,float,sm_89,L,all,48,65,vendor
gesvd,float,sm_89,L,all,48,128,vendor
gesvd,float,sm_89,L,all,48,256,vendor
gesvd,float,sm_89,L,all,48,512,vendor
gesvd,float,sm_89,L,all,48,1024,vendor
gesvd,float,sm_89,L,all,64,1,vendor
gesvd,float,sm_89,L,all,64,2,vendor
gesvd,float,sm_89,L,all,64,4,vendor
gesvd,float,sm_89,L,all,64,8,vendor
gesvd,float,sm_89,L,all,64,16,vendor
gesvd,float,sm_89,L,all,64,24,vendor
gesvd,float,sm_89,L,all,64,32,vendor
gesvd,float,sm_89,L,all,64,33,vendor
gesvd,float,sm_89,L,all,64,48,vendor
gesvd,float,sm_89,L,all,64,64,blocked|vendor
gesvd,float,sm_89,L,all,64,65,vendor
gesvd,float,sm_89,L,all,64,128,vendor
gesvd,float,sm_89,L,all,64,256,vendor
gesvd,float,sm_89,L,all,64,512,vendor
gesvd,float,sm_89,L,all,64,1024,vendor
gesvd,float,sm_89,L,all,65,1,vendor
gesvd,float,sm_89,L,all,65,2,vendor
gesvd,float,sm_89,L,all,65,4,vendor
gesvd,float,sm_89,L,all,65,8,vendor
gesvd,float,sm_89,L,all,65,16,vendor
gesvd,float,sm_89,L,all,65,24,vendor
gesvd,float,sm_89,L,all,65,32,vendor
gesvd,float,sm_89,L,all,65,33,vendor
gesvd,float,sm_89,L,all,65,48,vendor
gesvd,float,sm_89,L,all,65,64,vendor
gesvd,float,sm_89,L,all,65,65,blocked|vendor
gesvd,float,sm_89,L,all,65,128,vendor
gesvd,float,sm_89,L,all,65,256,vendor
gesvd,float,sm_89,L,all,65,512,vendor
gesvd,float,sm_89,L,all,65,1024,vendor
gesvd,float,sm_89,L,all,128,1,vendor
gesvd,float,sm_89,L,all,128,2,vendor
gesvd,float,sm_89,L,all,128,4,vendor
gesvd,float,sm_89,L,all,128,8,vendor
gesvd,float,sm_89,L,all,128,16,vendor
gesvd,float,sm_89,L,all,128,24,vendor
gesvd,float,sm_89,L,all,128,32,vendor
gesvd,float,sm_89,L,all,128,33,vendor
gesvd,float,sm_89,L,all,128,48,vendor
gesvd,float,sm_89,L,all,128,64,vendor
gesvd,float,sm_89,L,all,128,65,vendor
gesvd,float,sm_89,L,all,128,128,blocked|vendor
gesvd,float,sm_89,L,all,128,256,vendor
gesvd,float,sm_89,L,all,128,512,vendor
gesvd,float,sm_89,L,all,128,1024,vendor
gesvd,float,sm_89,L,all,256,1,vendor
gesvd,float,sm_89,L,all,256,2,vendor
gesvd,float,sm_89,L,all,256,4,vendor
gesvd,float,sm_89,L,all,256,8,vendor
gesvd,float,sm_89,L,all,256,16,vendor
gesvd,float,sm_89,L,all,256,24,vendor
gesvd,float,sm_89,L,all,256,32,vendor
gesvd,float,sm_89,L,all,256,33,vendor
gesvd,float,sm_89,L,all,256,48,vendor
gesvd,float,sm_89,L,all,256,64,vendor
gesvd,float,sm_89,L,all,256,65,vendor
gesvd,float,sm_89,L,all,256,128,vendor
gesvd,float,sm_89,L,all,256,256,blocked|vendor
gesvd,float,sm_89,L,all,256,512,vendor
gesvd,float,sm_89,L,all,256,1024,vendor
gesvd,float,sm_89,L,all,512,1,vendor
gesvd,float,sm_89,L,all,512,2,vendor
gesvd,float,sm_89,L,all,512,4,vendor
gesvd,float,sm_89,L,all,512,8,vendor
gesvd,float,sm_89,L,all,512,16,vendor
gesvd,float,sm_89,L,all,512,24,vendor
gesvd,float,sm_89,L,all,512,32,vendor
gesvd,float,sm_89,L,all,512,33,vendor
gesvd,float,sm_89,L,all,512,48,vendor
gesvd,float,sm_89,L,all,512,64,vendor
gesvd,float,sm_89,L,all,512,65,vendor
gesvd,float,sm_89,L,all,512,128,vendor
gesvd,float,sm_89,L,all,512,256,vendor
gesvd,float,sm_89,L,all,512,512,blocked|vendor
gesvd,float,sm_89,L,all,512,1024,vendor
gesvd,float,sm_89,L,all,1024,1,vendor
gesvd,float,sm_89,L,all,1024,2,vendor
gesvd,float,sm_89,L,all,1024,4,vendor
gesvd,float,sm_89,L,all,1024,8,vendor
gesvd,float,sm_89,L,all,1024,16,vendor
gesvd,float,sm_89,L,all,1024,24,vendor
gesvd,float,sm_89,L,all,1024,32,vendor
gesvd,float,sm_89,L,all,1024,33,vendor
gesvd,float,sm_89,L,all,1024,48,vendor
gesvd,float,sm_89,L,all,1024,64,vendor
gesvd,float,sm_89,L,all,1024,65,vendor
gesvd,float,sm_89,L,all,1024,128,vendor
gesvd,float,sm_89,L,all,1024,256,vendor
gesvd,float,sm_89,L,all,1024,512,vendor
gesvd,float,sm_89,L,all,1024,1024,blocked|vendor
gesvd,float,sm_89,L,thin,1,1,blocked|vendor
gesvd,float,sm_89,L,thin,1,2,vendor
gesvd,float,sm_89,L,thin,1,4,vendor
gesvd,float,sm_89,L,thin,1,8,vendor
gesvd,float,sm_89,L,thin,1,16,vendor
gesvd,float,sm_89,L,thin,1,24,vendor
gesvd,float,sm_89,L,thin,1,32,vendor
gesvd,float,sm_89,L,thin,1,33,vendor
gesvd,float,sm_89,L,thin,1,48,vendor
gesvd,float,sm_89,L,thin,1,64,vendor
gesvd,float,sm_89,L,thin,1,65,vendor
gesvd,float,sm_89,L,thin,1,128,vendor
gesvd,float,sm_89,L,thin,1,256,vendor
gesvd,float,sm_89,L,thin,1,512,vendor
gesvd,float,sm_89,L,thin,1,1024,vendor
gesvd,float,sm_89,L,thin,2,1,vendor
gesvd,float,sm_89,L,thin,2,2,blocked|vendor
gesvd,float,sm_89,L,thin,2,4,vendor
gesvd,float,sm_89,L,thin,2,8,vendor
gesvd,float,sm_89,L,thin,2,16,vendor
gesvd,float,sm_89,L,thin,2,24,vendor
gesvd,float,sm_89,L,thin,2,32,vendor
gesvd,float,sm_89,L,thin,2,33,vendor
gesvd,float,sm_89,L,thin,2,48,vendor
gesvd,float,sm_89,L,thin,2,64,vendor
gesvd,float,sm_89,L,thin,2,65,vendor
gesvd,float,sm_89,L,thin,2,128,vendor
gesvd,float,sm_89,L,thin,2,256,vendor
gesvd,float,sm_89,L,thin,2,512,vendor
gesvd,float,sm_89,L,thin,2,1024,vendor
gesvd,float,sm_89,L,thin,4,1,vendor
gesvd,float,sm_89,L,thin,4,2,vendor
gesvd,float,sm_89,L,thin,4,4,blocked|vendor
gesvd,float,sm_89,L,thin,4,8,vendor
gesvd,float,sm_89,L,thin,4,16,vendor
gesvd,float,sm_89,L,thin,4,24,vendor
gesvd,float,sm_89,L,thin,4,32,vendor
gesvd,float,sm_89,L,thin,4,33,vendor
gesvd,float,sm_89,L,thin,4,48,vendor
gesvd,float,sm_89,L,thin,4,64,vendor
gesvd,float,sm_89,L,thin,4,65,vendor
gesvd,float,sm_89,L,thin,4,128,vendor
gesvd,float,sm_89,L,thin,4,256,vendor
gesvd,float,sm_89,L,thin,4,512,vendor
gesvd,float,sm_89,L,thin,4,1024,vendor
gesvd,float,sm_89,L,thin,8,1,vendor
gesvd,float,sm_89,L,thin,8,2,vendor
gesvd,float,sm_89,L,thin,8,4,vendor
gesvd,float,sm_89,L,thin,8,8,blocked|vendor
gesvd,float,sm_89,L,thin,8,16,vendor
gesvd,float,sm_89,L,thin,8,24,vendor
gesvd,float,sm_89,L,thin,8,32,vendor
gesvd,float,sm_89,L,thin,8,33,vendor
gesvd,float,sm_89,L,thin,8,48,vendor
gesvd,float,sm_89,L,thin,8,64,vendor
gesvd,float,sm_89,L,thin,8,65,vendor
gesvd,float,sm_89,L,thin,8,128,vendor
gesvd,float,sm_89,L,thin,8,256,vendor
gesvd,float,sm_89,L,thin,8,512,vendor
gesvd,float,sm_89,L,thin,8,1024,vendor
gesvd,float,sm_89,L,thin,16,1,vendor
gesvd,float,sm_89,L,thin,16,2,vendor
gesvd,float,sm_89,L,thin,16,4,vendor
gesvd,float,sm_89,L,thin,16,8,vendor
gesvd,float,sm_89,L,thin,16,16,blocked|vendor
gesvd,float,sm_89,L,thin,16,24,vendor
gesvd,float,sm_89,L,thin,16,32,vendor
gesvd,float,sm_89,L,thin,16,33,vendor
gesvd,float,sm_89,L,thin,16,48,vendor
gesvd,float,sm_89,L,thin,16,64,vendor
gesvd,float,sm_89,L,thin,16,65,vendor
gesvd,float,sm_89,L,thin,16,128,vendor
gesvd,float,sm_89,L,thin,16,256,vendor
gesvd,float,sm_89,L,thin,16,512,vendor
gesvd,float,sm_89,L,thin,16,1024,vendor
gesvd,float,sm_89,L,thin,24,1,vendor
gesvd,float,sm_89,L,thin,24,2,vendor
gesvd,float,sm_89,L,thin,24,4,vendor
gesvd,float,sm_89,L,thin,24,8,vendor
gesvd,float,sm_89,L,thin,24,16,vendor
gesvd,float,sm_89,L,thin,24,24,blocked|vendor
gesvd,float,sm_89,L,thin,24,32,vendor
gesvd,float,sm_89,L,thin,24,33,vendor
gesvd,float,sm_89,L,thin,24,48,vendor
gesvd,float,sm_89,L,thin,24,64,vendor
gesvd,float,sm_89,L,thin,24,65,vendor
gesvd,float,sm_89,L,thin,24,128,vendor
gesvd,float,sm_89,L,thin,24,256,vendor
gesvd,float,sm_89,L,thin,24,512,vendor
gesvd,float,sm_89,L,thin,24,1024,vendor
gesvd,float,sm_89,L,thin,32,1,vendor
gesvd,float,sm_89,L,thin,32,2,vendor
gesvd,float,sm_89,L,thin,32,4,vendor
gesvd,float,sm_89,L,thin,32,8,vendor
gesvd,float,sm_89,L,thin,32,16,vendor
gesvd,float,sm_89,L,thin,32,24,vendor
gesvd,float,sm_89,L,thin,32,32,blocked|vendor
gesvd,float,sm_89,L,thin,32,33,vendor
gesvd,float,sm_89,L,thin,32,48,vendor
gesvd,float,sm_89,L,thin,32,64,vendor
gesvd,float,sm_89,L,thin,32,65,vendor
gesvd,float,sm_89,L,thin,32,128,vendor
gesvd,float,sm_89,L,thin,32,256,vendor
gesvd,float,sm_89,L,thin,32,512,vendor
gesvd,float,sm_89,L,thin,32,1024,vendor
gesvd,float,sm_89,L,thin,33,1,vendor
gesvd,float,sm_89,L,thin,33,2,vendor
gesvd,float,sm_89,L,thin,33,4,vendor
gesvd,float,sm_89,L,thin,33,8,vendor
gesvd,float,sm_89,L,thin,33,16,vendor
gesvd,float,sm_89,L,thin,33,24,vendor
gesvd,float,sm_89,L,thin,33,32,vendor
gesvd,float,sm_89,L,thin,33,33,blocked|vendor
gesvd,float,sm_89,L,thin,33,48,vendor
gesvd,float,sm_89,L,thin,33,64,vendor
gesvd,float,sm_89,L,thin,33,65,vendor
gesvd,float,sm_89,L,thin,33,128,vendor
gesvd,float,sm_89,L,thin,33,256,vendor
gesvd,float,sm_89,L,thin,33,512,vendor
gesvd,float,sm_89,L,thin,33,1024,vendor
gesvd,float,sm_89,L,thin,48,1,vendor
gesvd,float,sm_89,L,thin,48,2,vendor
gesvd,float,sm_89,L,thin,48,4,vendor
gesvd,float,sm_89,L,thin,48,8,vendor
gesvd,float,sm_89,L,thin,48,16,vendor
gesvd,float,sm_89,L,thin,48,24,vendor
gesvd,float,sm_89,L,thin,48,32,vendor
gesvd,float,sm_89,L,thin,48,33,vendor
gesvd,float,sm_89,L,thin,48,48,blocked|vendor
gesvd,float,sm_89,L,thin,48,64,vendor
gesvd,float,sm_89,L,thin,48,65,vendor
gesvd,float,sm_89,L,thin,48,128,vendor
gesvd,float,sm_89,L,thin,48,256,vendor
gesvd,float,sm_89,L,thin,48,512,vendor
gesvd,float,sm_89,L,thin,48,1024,vendor
gesvd,float,sm_89,L,thin,64,1,vendor
gesvd,float,sm_89,L,thin,64,2,vendor
gesvd,float,sm_89,L,thin,64,4,vendor
gesvd,float,sm_89,L,thin,64,8,vendor
gesvd,float,sm_89,L,thin,64,16,vendor
gesvd,float,sm_89,L,thin,64,24,vendor
gesvd,float,sm_89,L,thin,64,32,vendor
gesvd,float,sm_89,L,thin,64,33,vendor
gesvd,float,sm_89,L,thin,64,48,vendor
gesvd,float,sm_89,L,thin,64,64,blocked|vendor
gesvd,float,sm_89,L,thin,64,65,vendor
gesvd,float,sm_89,L,thin,64,128,vendor
gesvd,float,sm_89,L,thin,64,256,vendor
gesvd,float,sm_89,L,thin,64,512,vendor
gesvd,float,sm_89,L,thin,64,1024,vendor
gesvd,float,sm_89,L,thin,65,1,vendor
gesvd,float,sm_89,L,thin,65,2,vendor
gesvd,float,sm_89,L,thin,65,4,vendor
gesvd,float,sm_89,L,thin,65,8,vendor
gesvd,float,sm_89,L,thin,65,16,vendor
gesvd,float,sm_89,L,thin,65,24,vendor
gesvd,float,sm_89,L,thin,65,32,vendor
gesvd,float,sm_89,L,thin,65,33,vendor
gesvd,float,sm_89,L,thin,65,48,vendor
gesvd,float,sm_89,L,thin,65,64,vendor
gesvd,float,sm_89,L,thin,65,65,blocked|vendor
gesvd,float,sm_89,L,thin,65,128,vendor
gesvd,float,sm_89,L,thin,65,256,vendor
gesvd,float,sm_89,L,thin,65,512,vendor
gesvd,float,sm_89,L,thin,65,1024,vendor
gesvd,float,sm_89,L,thin,128,1,vendor
gesvd,float,sm_89,L,thin,128,2,vendor
gesvd,float,sm_89,L,thin,128,4,vendor
gesvd,float,sm_89,L,thin,128,8,vendor
gesvd,float,sm_89,L,thin,128,16,vendor
gesvd,float,sm_89,L,thin,128,24,vendor
gesvd,float,sm_89,L,thin,128,32,vendor
gesvd,float,sm_89,L,thin,128,33,vendor
gesvd,float,sm_89,L,thin,128,48,vendor
gesvd,float,sm_89,L,thin,128,64,vendor
gesvd,float,sm_89,L,thin,128,65,vendor
gesvd,float,sm_89,L,thin,128,128,blocked|vendor
gesvd,float,sm_89,L,thin,128,256,vendor
gesvd,float,sm_89,L,thin,128,512,vendor
gesvd,float,sm_89,L,thin,128,1024,vendor
gesvd,float,sm_89,L,thin,256,1,vendor
gesvd,float,sm_89,L,thin,256,2,vendor
gesvd,float,sm_89,L,thin,256,4,vendor
gesvd,float,sm_89,L,thin,256,8,vendor
gesvd,float,sm_89,L,thin,256,16,vendor
gesvd,float,sm_89,L,thin,256,24,vendor
gesvd,float,sm_89,L,thin,256,32,vendor
gesvd,float,sm_89,L,thin,256,33,vendor
gesvd,float,sm_89,L,thin,256,48,vendor
gesvd,float,sm_89,L,thin,256,64,vendor
gesvd,float,sm_89,L,thin,256,65,vendor
gesvd,float,sm_89,L,thin,256,128,vendor
gesvd,float,sm_89,L,thin,256,256,blocked|vendor
gesvd,float,sm_89,L,thin,256,512,vendor
gesvd,float,sm_89,L,thin,256,1024,vendor
gesvd,float,sm_89,L,thin,512,1,vendor
gesvd,float,sm_89,L,thin,512,2,vendor
gesvd,float,sm_89,L,thin,512,4,vendor
gesvd,float,sm_89,L,thin,512,8,vendor
gesvd,float,sm_89,L,thin,512,16,vendor
gesvd,float,sm_89,L,thin,512,24,vendor
gesvd,float,sm_89,L,thin,512,32,vendor
gesvd,float,sm_89,L,thin,512,33,vendor
gesvd,float,sm_89,L,thin,512,48,vendor
gesvd,float,sm_89,L,thin,512,64,vendor
gesvd,float,sm_89,L,thin,512,65,vendor
gesvd,float,sm_89,L,thin,512,128,vendor
gesvd,float,sm_89,L,thin,512,256,vendor
gesvd,float,sm_89,L,thin,512,512,blocked|vendor
gesvd,float,sm_89,L,thin,512,1024,vendor
gesvd,float,sm_89,L,thin,1024,1,vendor
gesvd,float,sm_89,L,thin,1024,2,vendor
gesvd,float,sm_89,L,thin,1024,4,vendor
gesvd,float,sm_89,L,thin,1024,8,vendor
gesvd,float,sm_89,L,thin,1024,16,vendor
gesvd,float,sm_89,L,thin,1024,24,vendor
gesvd,float,sm_89,L,thin,1024,32,vendor
gesvd,float,sm_89,L,thin,1024,33,vendor
gesvd,float,sm_89,L,thin,1024,48,vendor
gesvd,float,sm_89,L,thin,1024,64,vendor
gesvd,float,sm_89,L,thin,1024,65,vendor
gesvd,float,sm_89,L,thin,1024,128,vendor
gesvd,float,sm_89,L,thin,1024,256,vendor
gesvd,float,sm_89,L,thin,1024,512,vendor
gesvd,float,sm_89,L,thin,1024,1024,blocked|vendor
gesvd,float,sm_89,U,none,1,1,cta|vendor
gesvd,float,sm_89,U,none,1,2,vendor
gesvd,float,sm_89,U,none,1,4,vendor
gesvd,float,sm_89,U,none,1,8,vendor
gesvd,float,sm_89,U,none,1,16,vendor
gesvd,float,sm_89,U,none,1,24,vendor
gesvd,float,sm_89,U,none,1,32,vendor
gesvd,float,sm_89,U,none,1,33,vendor
gesvd,float,sm_89,U,none,1,48,vendor
gesvd,float,sm_89,U,none,1,64,vendor
gesvd,float,sm_89,U,none,1,65,vendor
gesvd,float,sm_89,U,none,1,128,vendor
gesvd,float,sm_89,U,none,1,256,vendor
gesvd,float,sm_89,U,none,1,512,vendor
gesvd,float,sm_89,U,none,1,1024,vendor
gesvd,float,sm_89,U,none,2,1,vendor
gesvd,float,sm_89,U,none,2,2,cta|vendor
gesvd,float,sm_89,U,none,2,4,vendor
gesvd,float,sm_89,U,none,2,8,vendor
gesvd,float,sm_89,U,none,2,16,vendor
gesvd,float,sm_89,U,none,2,24,vendor
gesvd,float,sm_89,U,none,2,32,vendor
gesvd,float,sm_89,U,none,2,33,vendor
gesvd,float,sm_89,U,none,2,48,vendor
gesvd,float,sm_89,U,none,2,64,vendor
gesvd,float,sm_89,U,none,2,65,vendor
gesvd,float,sm_89,U,none,2,128,vendor
gesvd,float,sm_89,U,none,2,256,vendor
gesvd,float,sm_89,U,none,2,512,vendor
gesvd,float,sm_89,U,none,2,1024,vendor
gesvd,float,sm_89,U,none,4,1,vendor
gesvd,float,sm_89,U,none,4,2,vendor
gesvd,float,sm_89,U,none,4,4,cta|vendor
gesvd,float,sm_89,U,none,4,8,vendor
gesvd,float,sm_89,U,none,4,16,vendor
gesvd,float,sm_89,U,none,4,24,vendor
gesvd,float,sm_89,U,none,4,32,vendor
gesvd,float,sm_89,U,none,4,33,vendor
gesvd,float,sm_89,U,none,4,48,vendor
gesvd,float,sm_89,U,none,4,64,vendor
gesvd,float,sm_89,U,none,4,65,vendor
gesvd,float,sm_89,U,none,4,128,vendor
gesvd,float,sm_89,U,none,4,256,vendor
gesvd,float,sm_89,U,none,4,512,vendor
gesvd,float,sm_89,U,none,4,1024,vendor
gesvd,float,sm_89,U,none,8,1,vendor
gesvd,float,sm_89,U,none,8,2,vendor
gesvd,float,sm_89,U,none,8,4,vendor
gesvd,float,sm_89,U,none,8,8,cta|vendor
gesvd,float,sm_89,U,none,8,16,vendor
gesvd,float,sm_89,U,none,8,24,vendor
gesvd,float,sm_89,U,none,8,32,vendor
gesvd,float,sm_89,U,none,8,33,vendor
gesvd,float,sm_89,U,none,8,48,vendor
gesvd,float,sm_89,U,none,8,64,vendor
gesvd,float,sm_89,U,none,8,65,vendor
gesvd,float,sm_89,U,none,8,128,vendor
gesvd,float,sm_89,U,none,8,256,vendor
gesvd,float,sm_89,U,none,8,512,vendor
gesvd,float,sm_89,U,none,8,1024,vendor
gesvd,float,sm_89,U,none,16,1,vendor
gesvd,float,sm_89,U,none,16,2,vendor
gesvd,float,sm_89,U,none,16,4,vendor
gesvd,float,sm_89,U,none,16,8,vendor
gesvd,float,sm_89,U,none,16,16,cta|vendor
gesvd,float,sm_89,U,none,16,24,vendor
gesvd,float,sm_89,U,none,16,32,vendor
gesvd,float,sm_89,U,none,16,33,vendor
gesvd,float,sm_89,U,none,16,48,vendor
gesvd,float,sm_89,U,none,16,64,vendor
gesvd,float,sm_89,U,none,16,65,vendor
gesvd,float,sm_89,U,none,16,128,vendor
gesvd,float,sm_89,U,none,16,256,vendor
gesvd,float,sm_89,U,none,16,512,vendor
gesvd,float,sm_89,U,none,16,1024,vendor
gesvd,float,sm_89,U,none,24,1,vendor
gesvd,float,sm_89,U,none,24,2,vendor
gesvd,float,sm_89,U,none,24,4,vendor
gesvd,float,sm_89,U,none,24,8,vendor
gesvd,float,sm_89,U,none,24,16,vendor
gesvd,float,sm_89,U,none,24,24,cta|vendor
gesvd,float,sm_89,U,none,24,32,vendor
gesvd,float,sm_89,U,none,24,33,vendor
gesvd,float,sm_89,U,none,24,48,vendor
gesvd,float,sm_89,U,none,24,64,vendor
gesvd,float,sm_89,U,none,24,65,vendor
gesvd,float,sm_89,U,none,24,128,vendor
gesvd,float,sm_89,U,none,24,256,vendor
gesvd,float,sm_89,U,none,24,512,vendor
gesvd,float,sm_89,U,none,24,1024,vendor
gesvd,float,sm_89,U,none,32,1,vendor
gesvd,float,sm_89,U,none,32,2,vendor
gesvd,float,sm_89,U,none,32,4,vendor
gesvd,float,sm_89,U,none,32,8,vendor
gesvd,float,sm_89,U,none,32,16,vendor
gesvd,float,sm_89,U,none,32,24,vendor
gesvd,float,sm_89,U,none,32,32,cta|vendor
gesvd,float,sm_89,U,none,32,33,vendor
gesvd,float,sm_89,U,none,32,48,vendor
gesvd,float,sm_89,U,none,32,64,vendor
gesvd,float,sm_89,U,none,32,65,vendor
gesvd,float,sm_89,U,none,32,128,vendor
gesvd,float,sm_89,U,none,32,256,vendor
gesvd,float,sm_89,U,none,32,512,vendor
gesvd,float,sm_89,U,none,32,1024,vendor
gesvd,float,sm_89,U,none,33,1,vendor
gesvd,float,sm_89,U,none,33,2,vendor
gesvd,float,sm_89,U,none,33,4,vendor
gesvd,float,sm_89,U,none,33,8,vendor
gesvd,float,sm_89,U,none,33,16,vendor
gesvd,float,sm_89,U,none,33,24,vendor
gesvd,float,sm_89,U,none,33,32,vendor
gesvd,float,sm_89,U,none,33,33,vendor
gesvd,float,sm_89,U,none,33,48,vendor
gesvd,float,sm_89,U,none,33,64,vendor
gesvd,float,sm_89,U,none,33,65,vendor
gesvd,float,sm_89,U,none,33,128,vendor
gesvd,float,sm_89,U,none,33,256,vendor
gesvd,float,sm_89,U,none,33,512,vendor
gesvd,float,sm_89,U,none,33,1024,vendor
gesvd,float,sm_89,U,none,48,1,vendor
gesvd,float,sm_89,U,none,48,2,vendor
gesvd,float,sm_89,U,none,48,4,vendor
gesvd,float,sm_89,U,none,48,8,vendor
gesvd,float,sm_89,U,none,48,16,vendor
gesvd,float,sm_89,U,none,48,24,vendor
gesvd,float,sm_89,U,none,48,32,vendor
gesvd,float,sm_89,U,none,48,33,vendor
gesvd,float,sm_89,U,none,48,48,vendor
gesvd,float,sm_89,U,none,48,64,vendor
gesvd,float,sm_89,U,none,48,65,vendor
gesvd,float,sm_89,U,none,48,128,vendor
gesvd,float,sm_89,U,none,48,256,vendor
gesvd,float,sm_89,U,none,48,512,vendor
gesvd,float,sm_89,U,none,48,1024,vendor
gesvd,float,sm_89,U,none,64,1,vendor
gesvd,float,sm_89,U,none,64,2,vendor
gesvd,float,sm_89,U,none,64,4,vendor
gesvd,float,sm_89,U,none,64,8,vendor
gesvd,float,sm_89,U,none,64,16,vendor
gesvd,float,sm_89,U,none,64,24,vendor
gesvd,float,sm_89,U,none,64,32,vendor
gesvd,float,sm_89,U,none,64,33,vendor
gesvd,float,sm_89,U,none,64,48,vendor
gesvd,float,sm_89,U,none,64,64,vendor
gesvd,float,sm_89,U,none,64,65,vendor
gesvd,float,sm_89,U,none,64,128,vendor
gesvd,float,sm_89,U,none,64,256,vendor
gesvd,float,sm_89,U,none,64,512,vendor
gesvd,float,sm_89,U,none,64,1024,vendor
gesvd,float,sm_89,U,none,65,1,vendor
gesvd,float,sm_89,U,none,65,2,vendor
gesvd,float,sm_89,U,none,65,4,vendor
gesvd,float,sm_89,U,none,65,8,vendor
gesvd,float,sm_89,U,none,65,16,vendor
gesvd,float,sm_89,U,none,65,24,vendor
gesvd,float,sm_89,U,none,65,32,vendor
gesvd,float,sm_89,U,none,65,33,vendor
gesvd,float,sm_89,U,none,65,48,vendor
gesvd,float,sm_89,U,none,65,64,vendor
gesvd,float,sm_89,U,none,65,65,vendor
gesvd,float,sm_89,U,none,65,128,vendor
gesvd,float,sm_89,U,none,65,256,vendor
gesvd,float,sm_89,U,none,65,512,vendor
gesvd,float,sm_89,U,none,65,1024,vendor
gesvd,float,sm_89,U,none,128,1,vendor
gesvd,float,sm_89,U,none,128,2,vendor
gesvd,float,sm_89,U,none,128,4,vendor
gesvd,float,sm_89,U,none,128,8,vendor
gesvd,float,sm_89,U,none,128,16,vendor
gesvd,float,sm_89,U,none,128,24,vendor
gesvd,float,sm_89,U,none,128,32,vendor
gesvd,float,sm_89,U,none,128,33,vendor
gesvd,float,sm_89,U,none,128,48,vendor
gesvd,float,sm_89,U,none,128,64,vendor
gesvd,float,sm_89,U,none,128,65,vendor
gesvd,float,sm_89,U,none,128,128,vendor
gesvd,float,sm_89,U,none,128,256,vendor
gesvd,float,sm_89,U,none,128,512,vendor
gesvd,float,sm_89,U,none,128,1024,vendor
gesvd,float,sm_89,U,none,256,1,vendor
gesvd,float,sm_89,U,none,256,2,vendor
gesvd,float,sm_89,U,none,256,4,vendor
gesvd,float,sm_89,U,none,256,8,vendor
gesvd,float,sm_89,U,none,256,16,vendor
gesvd,float,sm_89,U,none,256,24,vendor
gesvd,float,sm_89,U,none,256,32,vendor
gesvd,float,sm_89,U,none,256,33,vendor
gesvd,float,sm_89,U,none,256,48,vendor
gesvd,float,sm_89,U,none,256,64,vendor
gesvd,float,sm_89,U,none,256,65,vendor
gesvd,float,sm_89,U,none,256,128,vendor
gesvd,float,sm_89,U,none,256,256,vendor
gesvd,float,sm_89,U,none,256,512,vendor
gesvd,float,sm_89,U,none,256,1024,vendor
gesvd,float,sm_89,U,none,512,1,vendor
gesvd,float,sm_89,U,none,512,2,vendor
gesvd,float,sm_89,U,none,512,4,vendor
gesvd,float,sm_89,U,none,512,8,vendor
gesvd,float,sm_89,U,none,512,16,vendor
gesvd,float,sm_89,U,none,512,24,vendor
gesvd,float,sm_89,U,none,512,32,vendor
gesvd,float,sm_89,U,none,512,33,vendor
gesvd,float,sm_89,U,none,512,48,vendor
gesvd,float,sm_89,U,none,512,64,vendor
gesvd,float,sm_89,U,none,512,65,vendor
gesvd,float,sm_89,U,none,512,128,vendor
gesvd,float,sm_89,U,none,512,256,vendor
gesvd,float,sm_89,U,none,512,512,vendor
gesvd,float,sm_89,U,none,512,1024,vendor
gesvd,float,sm_89,U,none,1024,1,vendor
gesvd,float,sm_89,U,none,1024,2,vendor
gesvd,float,sm_89,U,none,1024,4,vendor
gesvd,float,sm_89,U,none,1024,8,vendor
gesvd,float,sm_89,U,none,1024,16,vendor
gesvd,float,sm_89,U,none,1024,24,vendor
gesvd,float,sm_89,U,none,1024,32,vendor
gesvd,float,sm_89,U,none,1024,33,vendor
gesvd,float,sm_89,U,none,1024,48,vendor
gesvd,float,sm_89,U,none,1024,64,vendor
gesvd,float,sm_89,U,none,1024,65,vendor
gesvd,float,sm_89,U,none,1024,128,vendor
gesvd,float,sm_89,U,none,1024,256,vendor
gesvd,float,sm_89,U,none,1024,512,vendor
gesvd,float,sm_89,U,none,1024,1024,vendor
gesvd,float,sm_89,U,all,1,1,cta|vendor
gesvd,float,sm_89,U,all,1,2,vendor
gesvd,float,sm_89,U,all,1,4,vendor
gesvd,float,sm_89,U,all,1,8,vendor
gesvd,float,sm_89,U,all,1,16,vendor
gesvd,float,sm_89,U,all,1,24,vendor
gesvd,float,sm_89,U,all,1,32,vendor
gesvd,float,sm_89,U,all,1,33,vendor
gesvd,float,sm_89,U,all,1,48,vendor
gesvd,float,sm_89,U,all,1,64,vendor
gesvd,float,sm_89,U,all,1,65,vendor
gesvd,float,sm_89,U,all,1,128,vendor
gesvd,float,sm_89,U,all,1,256,vendor
gesvd,float,sm_89,U,all,1,512,vendor
gesvd,float,sm_89,U,all,1,1024,vendor
gesvd,float,sm_89,U,all,2,1,vendor
gesvd,float,sm_89,U,all,2,2,cta|vendor
gesvd,float,sm_89,U,all,2,4,vendor
gesvd,float,sm_89,U,all,2,8,vendor
gesvd,float,sm_89,U,all,2,16,vendor
gesvd,float,sm_89,U,all,2,24,vendor
gesvd,float,sm_89,U,all,2,32,vendor
gesvd,float,sm_89,U,all,2,33,vendor
gesvd,float,sm_89,U,all,2,48,vendor
gesvd,float,sm_89,U,all,2,64,vendor
gesvd,float,sm_89,U,all,2,65,vendor
gesvd,float,sm_89,U,all,2,128,vendor
gesvd,float,sm_89,U,all,2,256,vendor
gesvd,float,sm_89,U,all,2,512,vendor
gesvd,float,sm_89,U,all,2,1024,vendor
gesvd,float,sm_89,U,all,4,1,vendor
gesvd,float,sm_89,U,all,4,2,vendor
gesvd,float,sm_89,U,all,4,4,cta|vendor
gesvd,float,sm_89,U,all,4,8,vendor
gesvd,float,sm_89,U,all,4,16,vendor
gesvd,float,sm_89,U,all,4,24,vendor
gesvd,float,sm_89,U,all,4,32,vendor
gesvd,float,sm_89,U,all,4,33,vendor
gesvd,float,sm_89,U,all,4,48,vendor
gesvd,float,sm_89,U,all,4,64,vendor
gesvd,float,sm_89,U,all,4,65,vendor
gesvd,float,sm_89,U,all,4,128,vendor
gesvd,float,sm_89,U,all,4,256,vendor
gesvd,float,sm_89,U,all,4,512,vendor
gesvd,float,sm_89,U,all,4,1024,vendor
gesvd,float,sm_89,U,all,8,1,vendor
gesvd,float,sm_89,U,all,8,2,vendor
gesvd,float,sm_89,U,all,8,4,vendor
gesvd,float,sm_89,U,all,8,8,cta|vendor
gesvd,float,sm_89,U,all,8,16,vendor
gesvd,float,sm_89,U,all,8,24,vendor
gesvd,float,sm_89,U,all,8,32,vendor
gesvd,float,sm_89,U,all,8,33,vendor
gesvd,float,sm_89,U,all,8,48,vendor
gesvd,float,sm_89,U,all,8,64,vendor
gesvd,float,sm_89,U,all,8,65,vendor
gesvd,float,sm_89,U,all,8,128,vendor
gesvd,float,sm_89,U,all,8,256,vendor
gesvd,float,sm_89,U,all,8,512,vendor
gesvd,float,sm_89,U,all,8,1024,vendor
gesvd,float,sm_89,U,all,16,1,vendor
gesvd,float,sm_89,U,all,16,2,vendor
gesvd,float,sm_89,U,all,16,4,vendor
gesvd,float,sm_89,U,all,16,8,vendor
gesvd,float,sm_89,U,all,16,16,cta|vendor
gesvd,float,sm_89,U,all,16,24,vendor
gesvd,float,sm_89,U,all,16,32,vendor
gesvd,float,sm_89,U,all,16,33,vendor
gesvd,float,sm_89,U,all,16,48,vendor
gesvd,float,sm_89,U,all,16,64,vendor
gesvd,float,sm_89,U,all,16,65,vendor
gesvd,float,sm_89,U,all,16,128,vendor
gesvd,float,sm_89,U,all,16,256,vendor
gesvd,float,sm_89,U,all,16,512,vendor
gesvd,float,sm_89,U,all,16,1024,vendor
gesvd,float,sm_89,U,all,24,1,vendor
gesvd,float,sm_89,U,all,24,2,vendor
gesvd,float,sm_89,U,all,24,4,vendor
gesvd,float,sm_89,U,all,24,8,vendor
gesvd,float,sm_89,U,all,24,16,vendor
gesvd,float,sm_89,U,all,24,24,cta|vendor
gesvd,float,sm_89,U,all,24,32,vendor
gesvd,float,sm_89,U,all,24,33,vendor
gesvd,float,sm_89,U,all,24,48,vendor
gesvd,float,sm_89,U,all,24,64,vendor
gesvd,float,sm_89,U,all,24,65,vendor
gesvd,float,sm_89,U,all,24,128,vendor
gesvd,float,sm_89,U,all,24,256,vendor
gesvd,float,sm_89,U,all,24,512,vendor
gesvd,float,sm_89,U,all,24,1024,vendor
gesvd,float,sm_89,U,all,32,1,vendor
gesvd,float,sm_89,U,all,32,2,vendor
gesvd,float,sm_89,U,all,32,4,vendor
gesvd,float,sm_89,U,all,32,8,vendor
gesvd,float,sm_89,U,all,32,16,vendor
gesvd,float,sm_89,U,all,32,24,vendor
gesvd,float,sm_89,U,all,32,32,cta|vendor
gesvd,float,sm_89,U,all,32,33,vendor
gesvd,float,sm_89,U,all,32,48,vendor
gesvd,float,sm_89,U,all,32,64,vendor
gesvd,float,sm_89,U,all,32,65,vendor
gesvd,float,sm_89,U,all,32,128,vendor
gesvd,float,sm_89,U,all,32,256,vendor
gesvd,float,sm_89,U,all,32,512,vendor
gesvd,float,sm_89,U,all,32,1024,vendor
gesvd,float,sm_89,U,all,33,1,vendor
gesvd,float,sm_89,U,all,33,2,vendor
gesvd,float,sm_89,U,all,33,4,vendor
gesvd,float,sm_89,U,all,33,8,vendor
gesvd,float,sm_89,U,all,33,16,vendor
gesvd,float,sm_89,U,all,33,24,vendor
gesvd,float,sm_89,U,all,33,32,vendor
gesvd,float,sm_89,U,all,33,33,vendor
gesvd,float,sm_89,U,all,33,48,vendor
gesvd,float,sm_89,U,all,33,64,vendor
gesvd,float,sm_89,U,all,33,65,vendor
gesvd,float,sm_89,U,all,33,128,vendor
gesvd,float,sm_89,U,all,33,256,vendor
gesvd,float,sm_89,U,all,33,512,vendor
gesvd,float,sm_89,U,all,33,1024,vendor
gesvd,float,sm_89,U,all,48,1,vendor
gesvd,float,sm_89,U,all,48,2,vendor
gesvd,float,sm_89,U,all,48,4,vendor
gesvd,float,sm_89,U,all,48,8,vendor
gesvd,float,sm_89,U,all,48,16,vendor
gesvd,float,sm_89,U,all,48,24,vendor
gesvd,float,sm_89,U,all,48,32,vendor
gesvd,float,sm_89,U,all,48,33,vendor
gesvd,float,sm_89,U,all,48,48,vendor
gesvd,float,sm_89,U,all,48,64,vendor
gesvd,float,sm_89,U,all,48,65,vendor
gesvd,float,sm_89,U,all,48,128,vendor
gesvd,float,sm_89,U,all,48,256,vendor
gesvd,float,sm_89,U,all,48,512,vendor
gesvd,float,sm_89,U,all,48,1024,vendor
gesvd,float,sm_89,U,all,64,1,vendor
gesvd,float,sm_89,U,all,64,2,vendor
gesvd,float,sm_89,U,all,64,4,vendor
gesvd,float,sm_89,U,all,64,8,vendor
gesvd,float,sm_89,U,all,64,16,vendor
gesvd,float,sm_89,U,all,64,24,vendor
gesvd,float,sm_89,U,all,64,32,vendor
gesvd,float,sm_89,U,all,64,33,vendor
gesvd,float,sm_89,U,all,64,48,vendor
gesvd,float,sm_89,U,all,64,64,vendor
gesvd,float,sm_89,U,all,64,65,vendor
gesvd,float,sm_89,U,all,64,128,vendor
gesvd,float,sm_89,U,all,64,256,vendor
gesvd,float,sm_89,U,all,64,512,vendor
gesvd,float,sm_89,U,all,64,1024,vendor
gesvd,float,sm_89,U,all,65,1,vendor
gesvd,float,sm_89,U,all,65,2,vendor
gesvd,float,sm_89,U,all,65,4,vendor
gesvd,float,sm_89,U,all,65,8,vendor
gesvd,float,sm_89,U,all,65,16,vendor
gesvd,float,sm_89,U,all,65,24,vendor
gesvd,float,sm_89,U,all,65,32,vendor
gesvd,float,sm_89,U,all,65,33,vendor
gesvd,float,sm_89,U,all,65,48,vendor
gesvd,float,sm_89,U,all,65,64,vendor
gesvd,float,sm_89,U,all,65,65,vendor
gesvd,float,sm_89,U,all,65,128,vendor
gesvd,float,sm_89,U,all,65,256,vendor
gesvd,float,sm_89,U,all,65,512,vendor
gesvd,float,sm_89,U,all,65,1024,vendor
gesvd,float,sm_89,U,all,128,1,vendor
gesvd,float,sm_89,U,all,128,2,vendor
gesvd,float,sm_89,U,all,128,4,vendor
gesvd,float,sm_89,U,all,128,8,vendor
gesvd,float,sm_89,U,all,128,16,vendor
gesvd,float,sm_89,U,all,128,24,vendor
gesvd,float,sm_89,U,all,128,32,vendor
gesvd,float,sm_89,U,all,128,33,vendor
gesvd,float,sm_89,U,all,128,48,vendor
gesvd,float,sm_89,U,all,128,64,vendor
gesvd,float,sm_89,U,all,128,65,vendor
gesvd,float,sm_89,U,all,128,128,vendor
gesvd,float,sm_89,U,all,128,256,vendor
gesvd,float,sm_89,U,all,128,512,vendor
gesvd,float,sm_89,U,all,128,1024,vendor
gesvd,float,sm_89,U,all,256,1,vendor
gesvd,float,sm_89,U,all,256,2,vendor
gesvd,float,sm_89,U,all,256,4,vendor
gesvd,float,sm_89,U,all,256,8,vendor
gesvd,float,sm_89,U,all,256,16,vendor
gesvd,float,sm_89,U,all,256,24,vendor
gesvd,float,sm_89,U,all,256,32,vendor
gesvd,float,sm_89,U,all,256,33,vendor
gesvd,float,sm_89,U,all,256,48,vendor
gesvd,float,sm_89,U,all,256,64,vendor
gesvd,float,sm_89,U,all,256,65,vendor
gesvd,float,sm_89,U,all,256,128,vendor
gesvd,float,sm_89,U,all,256,256,vendor
gesvd,float,sm_89,U,all,256,512,vendor
gesvd,float,sm_89,U,all,256,1024,vendor
gesvd,float,sm_89,U,all,512,1,vendor
gesvd,float,sm_89,U,all,512,2,vendor
gesvd,float,sm_89,U,all,512,4,vendor
gesvd,float,sm_89,U,all,512,8,vendor
gesvd,float,sm_89,U,all,512,16,vendor
gesvd,float,sm_89,U,all,512,24,vendor
gesvd,float,sm_89,U,all,512,32,vendor
gesvd,float,sm_89,U,all,512,33,vendor
gesvd,float,sm_89,U,all,512,48,vendor
gesvd,float,sm_89,U,all,512,64,vendor
gesvd,float,sm_89,U,all,512,65,vendor
gesvd,float,sm_89,U,all,512,128,vendor
gesvd,float,sm_89,U,all,512,256,vendor
gesvd,float,sm_89,U,all,512,512,vendor
gesvd,float,sm_89,U,all,512,1024,vendor
gesvd,float,sm_89,U,all,1024,1,vendor
gesvd,float,sm_89,U,all,1024,2,vendor
gesvd,float,sm_89,U,all,1024,4,vendor
gesvd,float,sm_89,U,all,1024,8,vendor
gesvd,float,sm_89,U,all,1024,16,vendor
gesvd,float,sm_89,U,all,1024,24,vendor
gesvd,float,sm_89,U,all,1024,32,vendor
gesvd,float,sm_89,U,all,1024,33,vendor
gesvd,float,sm_89,U,all,1024,48,vendor
gesvd,float,sm_89,U,all,1024,64,vendor
gesvd,float,sm_89,U,all,1024,65,vendor
gesvd,float,sm_89,U,all,1024,128,vendor
gesvd,float,sm_89,U,all,1024,256,vendor
gesvd,float,sm_89,U,all,1024,512,vendor
gesvd,float,sm_89,U,all,1024,1024,vendor
gesvd,float,sm_89,U,thin,1,1,vendor
gesvd,float,sm_89,U,thin,1,2,vendor
gesvd,float,sm_89,U,thin,1,4,vendor
gesvd,float,sm_89,U,thin,1,8,vendor
gesvd,float,sm_89,U,thin,1,16,vendor
gesvd,float,sm_89,U,thin,1,24,vendor
gesvd,float,sm_89,U,thin,1,32,vendor
gesvd,float,sm_89,U,thin,1,33,vendor
gesvd,float,sm_89,U,thin,1,48,vendor
gesvd,float,sm_89,U,thin,1,64,vendor
gesvd,float,sm_89,U,thin,1,65,vendor
gesvd,float,sm_89,U,thin,1,128,vendor
gesvd,float,sm_89,U,thin,1,256,vendor
gesvd,float,sm_89,U,thin,1,512,vendor
gesvd,float,sm_89,U,thin,1,1024,vendor
gesvd,float,sm_89,U,thin,2,1,vendor
gesvd,float,sm_89,U,thin,2,2,vendor
gesvd,float,sm_89,U,thin,2,4,vendor
gesvd,float,sm_89,U,thin,2,8,vendor
gesvd,float,sm_89,U,thin,2,16,vendor
gesvd,float,sm_89,U,thin,2,24,vendor
gesvd,float,sm_89,U,thin,2,32,vendor
gesvd,float,sm_89,U,thin,2,33,vendor
gesvd,float,sm_89,U,thin,2,48,vendor
gesvd,float,sm_89,U,thin,2,64,vendor
gesvd,float,sm_89,U,thin,2,65,vendor
gesvd,float,sm_89,U,thin,2,128,vendor
gesvd,float,sm_89,U,thin,2,256,vendor
gesvd,float,sm_89,U,thin,2,512,vendor
gesvd,float,sm_89,U,thin,2,1024,vendor
gesvd,float,sm_89,U,thin,4,1,vendor
gesvd,float,sm_89,U,thin,4,2,vendor
gesvd,float,sm_89,U,thin,4,4,vendor
gesvd,float,sm_89,U,thin,4,8,vendor
gesvd,float,sm_89,U,thin,4,16,vendor
gesvd,float,sm_89,U,thin,4,24,vendor
gesvd,float,sm_89,U,thin,4,32,vendor
gesvd,float,sm_89,U,thin,4,33,vendor
gesvd,float,sm_89,U,thin,4,48,vendor
gesvd,float,sm_89,U,thin,4,64,vendor
gesvd,float,sm_89,U,thin,4,65,vendor
gesvd,float,sm_89,U,thin,4,128,vendor
gesvd,float,sm_89,U,thin,4,256,vendor
gesvd,float,sm_89,U,thin,4,512,vendor
gesvd,float,sm_89,U,thin,4,1024,vendor
gesvd,float,sm_89,U,thin,8,1,vendor
gesvd,float,sm_89,U,thin,8,2,vendor
gesvd,float,sm_89,U,thin,8,4,vendor
gesvd,float,sm_89,U,thin,8,8,vendor
gesvd,float,sm_89,U,thin,8,16,vendor
gesvd,float,sm_89,U,thin,8,24,vendor
gesvd,float,sm_89,U,thin,8,32,vendor
gesvd,float,sm_89,U,thin,8,33,vendor
gesvd,float,sm_89,U,thin,8,48,vendor
gesvd,float,sm_89,U,thin,8,64,vendor
gesvd,float,sm_89,U,thin,8,65,vendor
gesvd,float,sm_89,U,thin,8,128,vendor
gesvd,float,sm_89,U,thin,8,256,vendor
gesvd,float,sm_89,U,thin,8,512,vendor
gesvd,float,sm_89,U,thin,8,1024,vendor
gesvd,float,sm_89,U,thin,16,1,vendor
gesvd,float,sm_89,U,thin,16,2,vendor
gesvd,float,sm_89,U,thin,16,4,vendor
gesvd,float,sm_89,U,thin,16,8,vendor
gesvd,float,sm_89,U,thin,16,16,vendor
gesvd,float,sm_89,U,thin,16,24,vendor
gesvd,float,sm_89,U,thin,16,32,vendor
gesvd,float,sm_89,U,thin,16,33,vendor
gesvd,float,sm_89,U,thin,16,48,vendor
gesvd,float,sm_89,U,thin,16,64,vendor
gesvd,float,sm_89,U,thin,16,65,vendor
gesvd,float,sm_89,U,thin,16,128,vendor
gesvd,float,sm_89,U,thin,16,256,vendor
gesvd,float,sm_89,U,thin,16,512,vendor
gesvd,float,sm_89,U,thin,16,1024,vendor
gesvd,float,sm_89,U,thin,24,1,vendor
gesvd,float,sm_89,U,thin,24,2,vendor
gesvd,float,sm_89,U,thin,24,4,vendor
gesvd,float,sm_89,U,thin,24,8,vendor
gesvd,float,sm_89,U,thin,24,16,vendor
gesvd,float,sm_89,U,thin,24,24,vendor
gesvd,float,sm_89,U,thin,24,32,vendor
gesvd,float,sm_89,U,thin,24,33,vendor
gesvd,float,sm_89,U,thin,24,48,vendor
gesvd,float,sm_89,U,thin,24,64,vendor
gesvd,float,sm_89,U,thin,24,65,vendor
gesvd,float,sm_89,U,thin,24,128,vendor
gesvd,float,sm_89,U,thin,24,256,vendor
gesvd,float,sm_89,U,thin,24,512,vendor
gesvd,float,sm_89,U,thin,24,1024,vendor
gesvd,float,sm_89,U,thin,32,1,vendor
gesvd,float,sm_89,U,thin,32,2,vendor
gesvd,float,sm_89,U,thin,32,4,vendor
gesvd,float,sm_89,U,thin,32,8,vendor
gesvd,float,sm_89,U,thin,32,16,vendor
gesvd,float,sm_89,U,thin,32,24,vendor
gesvd,float,sm_89,U,thin,32,32,vendor
gesvd,float,sm_89,U,thin,32,33,vendor
gesvd,float,sm_89,U,thin,32,48,vendor
gesvd,float,sm_89,U,thin,32,64,vendor
gesvd,float,sm_89,U,thin,32,65,vendor
gesvd,float,sm_89,U,thin,32,128,vendor
gesvd,float,sm_89,U,thin,32,256,vendor
gesvd,float,sm_89,U,thin,32,512,vendor
gesvd,float,sm_89,U,thin,32,1024,vendor
gesvd,float,sm_89,U,thin,33,1,vendor
gesvd,float,sm_89,U,thin,33,2,vendor
gesvd,float,sm_89,U,thin,33,4,vendor
gesvd,float,sm_89,U,thin,33,8,vendor
gesvd,float,sm_89,U,thin,33,16,vendor
gesvd,float,sm_89,U,thin,33,24,vendor
gesvd,float,sm_89,U,thin,33,32,vendor
gesvd,float,sm_89,U,thin,33,33,vendor
gesvd,float,sm_89,U,thin,33,48,vendor
gesvd,float,sm_89,U,thin,33,64,vendor
gesvd,float,sm_89,U,thin,33,65,vendor
gesvd,float,sm_89,U,thin,33,128,vendor
gesvd,float,sm_89,U,thin,33,256,vendor
gesvd,float,sm_89,U,thin,33,512,vendor
gesvd,float,sm_89,U,thin,33,1024,vendor
gesvd,float,sm_89,U,thin,48,1,vendor
gesvd,float,sm_89,U,thin,48,2,vendor
gesvd,float,sm_89,U,thin,48,4,vendor
gesvd,float,sm_89,U,thin,48,8,vendor
gesvd,float,sm_89,U,thin,48,16,vendor
gesvd,float,sm_89,U,thin,48,24,vendor
gesvd,float,sm_89,U,thin,48,32,vendor
gesvd,float,sm_89,U,thin,48,33,vendor
gesvd,float,sm_89,U,thin,48,48,vendor
gesvd,float,sm_89,U,thin,48,64,vendor
gesvd,float,sm_89,U,thin,48,65,vendor
gesvd,float,sm_89,U,thin,48,128,vendor
gesvd,float,sm_89,U,thin,48,256,vendor
gesvd,float,sm_89,U,thin,48,512,vendor
gesvd,float,sm_89,U,thin,48,1024,vendor
gesvd,float,sm_89,U,thin,64,1,vendor
gesvd,float,sm_89,U,thin,64,2,vendor
gesvd,float,sm_89,U,thin,64,4,vendor
gesvd,float,sm_89,U,thin,64,8,vendor
gesvd,float,sm_89,U,thin,64,16,vendor
gesvd,float,sm_89,U,thin,64,24,vendor
gesvd,float,sm_89,U,thin,64,32,vendor
gesvd,float,sm_89,U,thin,64,33,vendor
gesvd,float,sm_89,U,thin,64,48,vendor
gesvd,float,sm_89,U,thin,64,64,vendor
gesvd,float,sm_89,U,thin,64,65,vendor
gesvd,float,sm_89,U,thin,64,128,vendor
gesvd,float,sm_89,U,thin,64,256,vendor
gesvd,float,sm_89,U,thin,64,512,vendor
gesvd,float,sm_89,U,thin,64,1024,vendor
gesvd,float,sm_89,U,thin,65,1,vendor
gesvd,float,sm_89,U,thin,65,2,vendor
gesvd,float,sm_89,U,thin,65,4,vendor
gesvd,float,sm_89,U,thin,65,8,vendor
gesvd,float,sm_89,U,thin,65,16,vendor
gesvd,float,sm_89,U,thin,65,24,vendor
gesvd,float,sm_89,U,thin,65,32,vendor
gesvd,float,sm_89,U,thin,65,33,vendor
gesvd,float,sm_89,U,thin,65,48,vendor
gesvd,float,sm_89,U,thin,65,64,vendor
gesvd,float,sm_89,U,thin,65,65,vendor
gesvd,float,sm_89,U,thin,65,128,vendor
gesvd,float,sm_89,U,thin,65,256,vendor
gesvd,float,sm_89,U,thin,65,512,vendor
gesvd,float,sm_89,U,thin,65,1024,vendor
gesvd,float,sm_89,U,thin,128,1,vendor
gesvd,float,sm_89,U,thin,128,2,vendor
gesvd,float,sm_89,U,thin,128,4,vendor
gesvd,float,sm_89,U,thin,128,8,vendor
gesvd,float,sm_89,U,thin,128,16,vendor
gesvd,float,sm_89,U,thin,128,24,vendor
gesvd,float,sm_89,U,thin,128,32,vendor
gesvd,float,sm_89,U,thin,128,33,vendor
gesvd,float,sm_89,U,thin,128,48,vendor
gesvd,float,sm_89,U,thin,128,64,vendor
gesvd,float,sm_89,U,thin,128,65,vendor
gesvd,float,sm_89,U,thin,128,128,vendor
gesvd,float,sm_89,U,thin,128,256,vendor
gesvd,float,sm_89,U,thin,128,512,vendor
gesvd,float,sm_89,U,thin,128,1024,vendor
gesvd,float,sm_89,U,thin,256,1,vendor
gesvd,float,sm_89,U,thin,256,2,vendor
gesvd,float,sm_89,U,thin,256,4,vendor
gesvd,float,sm_89,U,thin,256,8,vendor
gesvd,float,sm_89,U,thin,256,16,vendor
gesvd,float,sm_89,U,thin,256,24,vendor
gesvd,float,sm_89,U,thin,256,32,vendor
gesvd,float,sm_89,U,thin,256,33,vendor
gesvd,float,sm_89,U,thin,256,48,vendor
gesvd,float,sm_89,U,thin,256,64,vendor
gesvd,float,sm_89,U,thin,256,65,vendor
gesvd,float,sm_89,U,thin,256,128,vendor
gesvd,float,sm_89,U,thin,256,256,vendor
gesvd,float,sm_89,U,thin,256,512,vendor
gesvd,float,sm_89,U,thin,256,1024,vendor
gesvd,float,sm_89,U,thin,512,1,vendor
gesvd,float,sm_89,U,thin,512,2,vendor
gesvd,float,sm_89,U,thin,512,4,vendor
gesvd,float,sm_89,U,thin,512,8,vendor
gesvd,float,sm_89,U,thin,512,16,vendor
gesvd,float,sm_89,U,thin,512,24,vendor
gesvd,float,sm_89,U,thin,512,32,vendor
gesvd,float,sm_89,U,thin,512,33,vendor
gesvd,float,sm_89,U,thin,512,48,vendor
gesvd,float,sm_89,U,thin,512,64,vendor
gesvd,float,sm_89,U,thin,512,65,vendor
gesvd,float,sm_89,U,thin,512,128,vendor
gesvd,float,sm_89,U,thin,512,256,vendor
gesvd,float,sm_89,U,thin,512,512,vendor
gesvd,float,sm_89,U,thin,512,1024,vendor
gesvd,float,sm_89,U,thin,1024,1,vendor
gesvd,float,sm_89,U,thin,1024,2,vendor
gesvd,float,sm_89,U,thin,1024,4,vendor
gesvd,float,sm_89,U,thin,1024,8,vendor
gesvd,float,sm_89,U,thin,1024,16,vendor
gesvd,float,sm_89,U,thin,1024,24,vendor
gesvd,float,sm_89,U,thin,1024,32,vendor
gesvd,float,sm_89,U,thin,1024,33,vendor
gesvd,float,sm_89,U,thin,1024,48,vendor
gesvd,float,sm_89,U,thin,1024,64,vendor
gesvd,float,sm_89,U,thin,1024,65,vendor
gesvd,float,sm_89,U,thin,1024,128,vendor
gesvd,float,sm_89,U,thin,1024,256,vendor
gesvd,float,sm_89,U,thin,1024,512,vendor
gesvd,float,sm_89,U,thin,1024,1024,vendor
gesvd,double,sm_89,N,none,1,1,jacobi|cta|blocked|vendor
gesvd,double,sm_89,N,none,1,2,jacobi|cta|blocked|vendor
gesvd,double,sm_89,N,none,1,4,jacobi|cta|blocked|vendor
gesvd,double,sm_89,N,none,1,8,jacobi|cta|blocked|vendor
gesvd,double,sm_89,N,none,1,16,jacobi|cta|blocked|vendor
gesvd,double,sm_89,N,none,1,24,jacobi|cta|blocked|vendor
gesvd,double,sm_89,N,none,1,32,jacobi|cta|blocked|vendor
gesvd,double,sm_89,N,none,1,33,blocked|vendor|jacobi
gesvd,double,sm_89,N,none,1,48,blocked|vendor|jacobi
gesvd,double,sm_89,N,none,1,64,blocked|vendor|jacobi
gesvd,double,sm_89,N,none,1,65,blocked|vendor
gesvd,double,sm_89,N,none,1,128,blocked|vendor
gesvd,double,sm_89,N,none,1,256,blocked|vendor
gesvd,double,sm_89,N,none,1,512,blocked|vendor
gesvd,double,sm_89,N,none,1,1024,blocked|vendor
gesvd,double,sm_89,N,none,2,1,jacobi|cta|blocked|vendor
gesvd,double,sm_89,N,none,2,2,jacobi|cta|blocked|vendor
gesvd,double,sm_89,N,none,2,4,jacobi|cta|blocked|vendor
gesvd,double,sm_89,N,none,2,8,jacobi|cta|blocked|vendor
gesvd,double,sm_89,N,none,2,16,jacobi|cta|blocked|vendor
gesvd,double,sm_89,N,none,2,24,jacobi|cta|blocked|vendor
gesvd,double,sm_89,N,none,2,32,jacobi|cta|blocked|vendor
gesvd,double,sm_89,N,none,2,33,blocked|vendor|jacobi
gesvd,double,sm_89,N,none,2,48,blocked|vendor|jacobi
gesvd,double,sm_89,N,none,2,64,blocked|vendor|jacobi
gesvd,double,sm_89,N,none,2,65,blocked|vendor
gesvd,double,sm_89,N,none,2,128,blocked|vendor
gesvd,double,sm_89,N,none,2,256,blocked|vendor
gesvd,double,sm_89,N,none,2,512,blocked|vendor
gesvd,double,sm_89,N,none,2,1024,blocked|vendor
gesvd,double,sm_89,N,none,4,1,jacobi|cta|blocked|vendor
gesvd,double,sm_89,N,none,4,2,jacobi|cta|blocked|vendor
gesvd,double,sm_89,N,none,4,4,jacobi|cta|blocked|vendor
gesvd,double,sm_89,N,none,4,8,jacobi|cta|blocked|vendor
gesvd,double,sm_89,N,none,4,16,jacobi|cta|blocked|vendor
gesvd,double,sm_89,N,none,4,24,jacobi|cta|blocked|vendor
gesvd,double,sm_89,N,none,4,32,jacobi|cta|blocked|vendor
gesvd,double,sm_89,N,none,4,33,blocked|vendor|jacobi
gesvd,double,sm_89,N,none,4,48,blocked|vendor|jacobi
gesvd,double,sm_89,N,none,4,64,blocked|vendor|jacobi
gesvd,double,sm_89,N,none,4,65,blocked|vendor
gesvd,double,sm_89,N,none,4,128,blocked|vendor
gesvd,double,sm_89,N,none,4,256,blocked|vendor
gesvd,double,sm_89,N,none,4,512,blocked|vendor
gesvd,double,sm_89,N,none,4,1024,blocked|vendor
gesvd,double,sm_89,N,none,8,1,jacobi|cta|blocked|vendor
gesvd,double,sm_89,N,none,8,2,jacobi|cta|blocked|vendor
gesvd,double,sm_89,N,none,8,4,jacobi|cta|blocked|vendor
gesvd,double,sm_89,N,none,8,8,jacobi|cta|blocked|vendor
gesvd,double,sm_89,N,none,8,16,jacobi|cta|blocked|vendor
gesvd,double,sm_89,N,none,8,24,jacobi|cta|blocked|vendor
gesvd,double,sm_89,N,none,8,32,jacobi|cta|blocked|vendor
gesvd,double,sm_89,N,none,8,33,blocked|vendor|jacobi
gesvd,double,sm_89,N,none,8,48,blocked|vendor|jacobi
gesvd,double,sm_89,N,none,8,64,blocked|vendor|jacobi
gesvd,double,sm_89,N,none,8,65,blocked|vendor
gesvd,double,sm_89,N,none,8,128,blocked|vendor
gesvd,double,sm_89,N,none,8,256,blocked|vendor
gesvd,double,sm_89,N,none,8,512,blocked|vendor
gesvd,double,sm_89,N,none,8,1024,blocked|vendor
gesvd,double,sm_89,N,none,16,1,jacobi|cta|blocked|vendor
gesvd,double,sm_89,N,none,16,2,jacobi|cta|blocked|vendor
gesvd,double,sm_89,N,none,16,4,jacobi|cta|blocked|vendor
gesvd,double,sm_89,N,none,16,8,jacobi|cta|blocked|vendor
gesvd,double,sm_89,N,none,16,16,jacobi|cta|blocked|vendor
gesvd,double,sm_89,N,none,16,24,jacobi|cta|blocked|vendor
gesvd,double,sm_89,N,none,16,32,jacobi|cta|blocked|vendor
gesvd,double,sm_89,N,none,16,33,blocked|vendor|jacobi
gesvd,double,sm_89,N,none,16,48,blocked|vendor|jacobi
gesvd,double,sm_89,N,none,16,64,blocked|vendor|jacobi
gesvd,double,sm_89,N,none,16,65,blocked|vendor
gesvd,double,sm_89,N,none,16,128,blocked|vendor
gesvd,double,sm_89,N,none,16,256,blocked|vendor
gesvd,double,sm_89,N,none,16,512,blocked|vendor
gesvd,double,sm_89,N,none,16,1024,blocked|vendor
gesvd,double,sm_89,N,none,24,1,jacobi|cta|blocked|vendor
gesvd,double,sm_89,N,none,24,2,jacobi|cta|blocked|vendor
gesvd,double,sm_89,N,none,24,4,jacobi|cta|blocked|vendor
gesvd,double,sm_89,N,none,24,8,jacobi|cta|blocked|vendor
gesvd,double,sm_89,N,none,24,16,jacobi|cta|blocked|vendor
gesvd,double,sm_89,N,none,24,24,jacobi|cta|blocked|vendor
gesvd,double,sm_89,N,none,24,32,jacobi|cta|blocked|vendor
gesvd,double,sm_89,N,none,24,33,blocked|vendor|jacobi
gesvd,double,sm_89,N,none,24,48,blocked|vendor|jacobi
gesvd,double,sm_89,N,none,24,64,blocked|vendor|jacobi
gesvd,double,sm_89,N,none,24,65,blocked|vendor
gesvd,double,sm_89,N,none,24,128,blocked|vendor
gesvd,double,sm_89,N,none,24,256,blocked|vendor
gesvd,double,sm_89,N,none,24,512,blocked|vendor
gesvd,double,sm_89,N,none,24,1024,blocked|vendor
gesvd,double,sm_89,N,none,32,1,jacobi|cta|blocked|vendor
gesvd,double,sm_89,N,none,32,2,jacobi|cta|blocked|vendor
gesvd,double,sm_89,N,none,32,4,jacobi|cta|blocked|vendor
gesvd,double,sm_89,N,none,32,8,jacobi|cta|blocked|vendor
gesvd,double,sm_89,N,none,32,16,jacobi|cta|blocked|vendor
gesvd,double,sm_89,N,none,32,24,jacobi|cta|blocked|vendor
gesvd,double,sm_89,N,none,32,32,jacobi|cta|blocked|vendor
gesvd,double,sm_89,N,none,32,33,blocked|vendor|jacobi
gesvd,double,sm_89,N,none,32,48,blocked|vendor|jacobi
gesvd,double,sm_89,N,none,32,64,blocked|vendor|jacobi
gesvd,double,sm_89,N,none,32,65,blocked|vendor
gesvd,double,sm_89,N,none,32,128,blocked|vendor
gesvd,double,sm_89,N,none,32,256,blocked|vendor
gesvd,double,sm_89,N,none,32,512,blocked|vendor
gesvd,double,sm_89,N,none,32,1024,blocked|vendor
gesvd,double,sm_89,N,none,33,1,blocked|vendor|jacobi
gesvd,double,sm_89,N,none,33,2,blocked|vendor|jacobi
gesvd,double,sm_89,N,none,33,4,blocked|vendor|jacobi
gesvd,double,sm_89,N,none,33,8,blocked|vendor|jacobi
gesvd,double,sm_89,N,none,33,16,blocked|vendor|jacobi
gesvd,double,sm_89,N,none,33,24,blocked|vendor|jacobi
gesvd,double,sm_89,N,none,33,32,blocked|vendor|jacobi
gesvd,double,sm_89,N,none,33,33,blocked|vendor|jacobi
gesvd,double,sm_89,N,none,33,48,blocked|vendor|jacobi
gesvd,double,sm_89,N,none,33,64,blocked|vendor|jacobi
gesvd,double,sm_89,N,none,33,65,blocked|vendor
gesvd,double,sm_89,N,none,33,128,blocked|vendor
gesvd,double,sm_89,N,none,33,256,blocked|vendor
gesvd,double,sm_89,N,none,33,512,blocked|vendor
gesvd,double,sm_89,N,none,33,1024,blocked|vendor
gesvd,double,sm_89,N,none,48,1,blocked|vendor|jacobi
gesvd,double,sm_89,N,none,48,2,blocked|vendor|jacobi
gesvd,double,sm_89,N,none,48,4,blocked|vendor|jacobi
gesvd,double,sm_89,N,none,48,8,blocked|vendor|jacobi
gesvd,double,sm_89,N,none,48,16,blocked|vendor|jacobi
gesvd,double,sm_89,N,none,48,24,blocked|vendor|jacobi
gesvd,double,sm_89,N,none,48,32,blocked|vendor|jacobi
gesvd,double,sm_89,N,none,48,33,blocked|vendor|jacobi
gesvd,double,sm_89,N,none,48,48,blocked|vendor|jacobi
gesvd,double,sm_89,N,none,48,64,blocked|vendor|jacobi
gesvd,double,sm_89,N,none,48,65,blocked|vendor
gesvd,double,sm_89,N,none,48,128,blocked|vendor
gesvd,double,sm_89,N,none,48,256,blocked|vendor
gesvd,double,sm_89,N,none,48,512,blocked|vendor
gesvd,double,sm_89,N,none,48,1024,blocked|vendor
gesvd,double,sm_89,N,none,64,1,blocked|vendor|jacobi
gesvd,double,sm_89,N,none,64,2,blocked|vendor|jacobi
gesvd,double,sm_89,N,none,64,4,blocked|vendor|jacobi
gesvd,double,sm_89,N,none,64,8,blocked|vendor|jacobi
gesvd,double,sm_89,N,none,64,16,blocked|vendor|jacobi
gesvd,double,sm_89,N,none,64,24,blocked|vendor|jacobi
gesvd,double,sm_89,N,none,64,32,blocked|vendor|jacobi
gesvd,double,sm_89,N,none,64,33,blocked|vendor|jacobi
gesvd,double,sm_89,N,none,64,48,blocked|vendor|jacobi
gesvd,double,sm_89,N,none,64,64,blocked|vendor|jacobi
gesvd,double,sm_89,N,none,64,65,blocked|vendor
gesvd,double,sm_89,N,none,64,128,blocked|vendor
gesvd,double,sm_89,N,none,64,256,blocked|vendor
gesvd,double,sm_89,N,none,64,512,blocked|vendor
gesvd,double,sm_89,N,none,64,1024,blocked|vendor
gesvd,double,sm_89,N,none,65,1,blocked|vendor
gesvd,double,sm_89,N,none,65,2,blocked|vendor
gesvd,double,sm_89,N,none,65,4,blocked|vendor
gesvd,double,sm_89,N,none,65,8,blocked|vendor
gesvd,double,sm_89,N,none,65,16,blocked|vendor
gesvd,double,sm_89,N,none,65,24,blocked|vendor
gesvd,double,sm_89,N,none,65,32,blocked|vendor
gesvd,double,sm_89,N,none,65,33,blocked|vendor
gesvd,double,sm_89,N,none,65,48,blocked|vendor
gesvd,double,sm_89,N,none,65,64,blocked|vendor
gesvd,double,sm_89,N,none,65,65,blocked|vendor
gesvd,double,sm_89,N,none,65,128,blocked|vendor
gesvd,double,sm_89,N,none,65,256,blocked|vendor
gesvd,double,sm_89,N,none,65,512,blocked|vendor
gesvd,double,sm_89,N,none,65,1024,blocked|vendor
gesvd,double,sm_89,N,none,128,1,blocked|vendor
gesvd,double,sm_89,N,none,128,2,blocked|vendor
gesvd,double,sm_89,N,none,128,4,blocked|vendor
gesvd,double,sm_89,N,none,128,8,blocked|vendor
gesvd,double,sm_89,N,none,128,16,blocked|vendor
gesvd,double,sm_89,N,none,128,24,blocked|vendor
gesvd,double,sm_89,N,none,128,32,blocked|vendor
gesvd,double,sm_89,N,none,128,33,blocked|vendor
gesvd,double,sm_89,N,none,128,48,blocked|vendor
gesvd,double,sm_89,N,none,128,64,blocked|vendor
gesvd,double,sm_89,N,none,128,65,blocked|vendor
gesvd,double,sm_89,N,none,128,128,blocked|vendor
gesvd,double,sm_89,N,none,128,256,blocked|vendor
gesvd,double,sm_89,N,none,128,512,blocked|vendor
gesvd,double,sm_89,N,none,128,1024,blocked|vendor
gesvd,double,sm_89,N,none,256,1,blocked|vendor
gesvd,double,sm_89,N,none,256,2,blocked|vendor
gesvd,double,sm_89,N,none,256,4,blocked|vendor
gesvd,double,sm_89,N,none,256,8,blocked|vendor
gesvd,double,sm_89,N,none,256,16,blocked|vendor
gesvd,double,sm_89,N,none,256,24,blocked|vendor
gesvd,double,sm_89,N,none,256,32,blocked|vendor
gesvd,double,sm_89,N,none,256,33,blocked|vendor
gesvd,double,sm_89,N,none,256,48,blocked|vendor
gesvd,double,sm_89,N,none,256,64,blocked|vendor
gesvd,double,sm_89,N,none,256,65,blocked|vendor
gesvd,double,sm_89,N,none,256,128,blocked|vendor
gesvd,double,sm_89,N,none,256,256,blocked|vendor
gesvd,double,sm_89,N,none,256,512,blocked|vendor
gesvd,double,sm_89,N,none,256,1024,blocked|vendor
gesvd,double,sm_89,N,none,512,1,blocked|vendor
gesvd,double,sm_89,N,none,512,2,blocked|vendor
gesvd,double,sm_89,N,none,512,4,blocked|vendor
gesvd,double,sm_89,N,none,512,8,blocked|vendor
gesvd,double,sm_89,N,none,512,16,blocked|vendor
gesvd,double,sm_89,N,none,512,24,blocked|vendor
gesvd,double,sm_89,N,none,512,32,blocked|vendor
gesvd,double,sm_89,N,none,512,33,blocked|vendor
gesvd,double,sm_89,N,none,512,48,blocked|vendor
gesvd,double,sm_89,N,none,512,64,blocked|vendor
gesvd,double,sm_89,N,none,512,65,blocked|vendor
gesvd,double,sm_89,N,none,512,128,blocked|vendor
gesvd,double,sm_89,N,none,512,256,blocked|vendor
gesvd,double,sm_89,N,none,512,512,blocked|vendor
gesvd,double,sm_89,N,none,512,1024,blocked|vendor
gesvd,double,sm_89,N,none,1024,1,blocked|vendor
gesvd,double,sm_89,N,none,1024,2,blocked|vendor
gesvd,double,sm_89,N,none,1024,4,blocked|vendor
gesvd,double,sm_89,N,none,1024,8,blocked|vendor
gesvd,double,sm_89,N,none,1024,16,blocked|vendor
gesvd,double,sm_89,N,none,1024,24,blocked|vendor
gesvd,double,sm_89,N,none,1024,32,blocked|vendor
gesvd,double,sm_89,N,none,1024,33,blocked|vendor
gesvd,double,sm_89,N,none,1024,48,blocked|vendor
gesvd,double,sm_89,N,none,1024,64,blocked|vendor
gesvd,double,sm_89,N,none,1024,65,blocked|vendor
gesvd,double,sm_89,N,none,1024,128,blocked|vendor
gesvd,double,sm_89,N,none,1024,256,blocked|vendor
gesvd,double,sm_89,N,none,1024,512,blocked|vendor
gesvd,double,sm_89,N,none,1024,1024,blocked|vendor
gesvd,double,sm_89,N,all,1,1,jacobi|cta|blocked|vendor
gesvd,double,sm_89,N,all,1,2,jacobi|cta|blocked|vendor
gesvd,double,sm_89,N,all,1,4,jacobi|cta|blocked|vendor
gesvd,double,sm_89,N,all,1,8,jacobi|cta|blocked|vendor
gesvd,double,sm_89,N,all,1,16,jacobi|cta|blocked|vendor
gesvd,double,sm_89,N,all,1,24,jacobi|cta|blocked|vendor
gesvd,double,sm_89,N,all,1,32,jacobi|cta|blocked|vendor
gesvd,double,sm_89,N,all,1,33,blocked|vendor|jacobi
gesvd,double,sm_89,N,all,1,48,blocked|vendor|jacobi
gesvd,double,sm_89,N,all,1,64,blocked|vendor|jacobi
gesvd,double,sm_89,N,all,1,65,blocked|vendor
gesvd,double,sm_89,N,all,1,128,blocked|vendor
gesvd,double,sm_89,N,all,1,256,blocked|vendor
gesvd,double,sm_89,N,all,1,512,blocked|vendor
gesvd,double,sm_89,N,all,1,1024,blocked|vendor
gesvd,double,sm_89,N,all,2,1,jacobi|cta|blocked|vendor
gesvd,double,sm_89,N,all,2,2,jacobi|cta|blocked|vendor
gesvd,double,sm_89,N,all,2,4,jacobi|cta|blocked|vendor
gesvd,double,sm_89,N,all,2,8,jacobi|cta|blocked|vendor
gesvd,double,sm_89,N,all,2,16,jacobi|cta|blocked|vendor
gesvd,double,sm_89,N,all,2,24,jacobi|cta|blocked|vendor
gesvd,double,sm_89,N,all,2,32,jacobi|cta|blocked|vendor
gesvd,double,sm_89,N,all,2,33,blocked|vendor|jacobi
gesvd,double,sm_89,N,all,2,48,blocked|vendor|jacobi
gesvd,double,sm_89,N,all,2,64,blocked|vendor|jacobi
gesvd,double,sm_89,N,all,2,65,blocked|vendor
gesvd,double,sm_89,N,all,2,128,blocked|vendor
gesvd,double,sm_89,N,all,2,256,blocked|vendor
gesvd,double,sm_89,N,all,2,512,blocked|vendor
gesvd,double,sm_89,N,all,2,1024,blocked|vendor
gesvd,double,sm_89,N,all,4,1,jacobi|cta|blocked|vendor
gesvd,double,sm_89,N,all,4,2,jacobi|cta|blocked|vendor
gesvd,double,sm_89,N,all,4,4,jacobi|cta|blocked|vendor
gesvd,double,sm_89,N,all,4,8,jacobi|cta|blocked|vendor
gesvd,double,sm_89,N,all,4,16,jacobi|cta|blocked|vendor
gesvd,double,sm_89,N,all,4,24,jacobi|cta|blocked|vendor
gesvd,double,sm_89,N,all,4,32,jacobi|cta|blocked|vendor
gesvd,double,sm_89,N,all,4,33,blocked|vendor|jacobi
gesvd,double,sm_89,N,all,4,48,blocked|vendor|jacobi
gesvd,double,sm_89,N,all,4,64,blocked|vendor|jacobi
gesvd,double,sm_89,N,all,4,65,blocked|vendor
gesvd,double,sm_89,N,all,4,128,blocked|vendor
gesvd,double,sm_89,N,all,4,256,blocked|vendor
gesvd,double,sm_89,N,all,4,512,blocked|vendor
gesvd,double,sm_89,N,all,4,1024,blocked|vendor
gesvd,double,sm_89,N,all,8,1,jacobi|cta|blocked|vendor
gesvd,double,sm_89,N,all,8,2,jacobi|cta|blocked|vendor
gesvd,double,sm_89,N,all,8,4,jacobi|cta|blocked|vendor
gesvd,double,sm_89,N,all,8,8,jacobi|cta|blocked|vendor
gesvd,double,sm_89,N,all,8,16,jacobi|cta|blocked|vendor
gesvd,double,sm_89,N,all,8,24,jacobi|cta|blocked|vendor
gesvd,double,sm_89,N,all,8,32,jacobi|cta|blocked|vendor
gesvd,double,sm_89,N,all,8,33,blocked|vendor|jacobi
gesvd,double,sm_89,N,all,8,48,blocked|vendor|jacobi
gesvd,double,sm_89,N,all,8,64,blocked|vendor|jacobi
gesvd,double,sm_89,N,all,8,65,blocked|vendor
gesvd,double,sm_89,N,all,8,128,blocked|vendor
gesvd,double,sm_89,N,all,8,256,blocked|vendor
gesvd,double,sm_89,N,all,8,512,blocked|vendor
gesvd,double,sm_89,N,all,8,1024,blocked|vendor
gesvd,double,sm_89,N,all,16,1,jacobi|cta|blocked|vendor
gesvd,double,sm_89,N,all,16,2,jacobi|cta|blocked|vendor
gesvd,double,sm_89,N,all,16,4,jacobi|cta|blocked|vendor
gesvd,double,sm_89,N,all,16,8,jacobi|cta|blocked|vendor
gesvd,double,sm_89,N,all,16,16,jacobi|cta|blocked|vendor
gesvd,double,sm_89,N,all,16,24,jacobi|cta|blocked|vendor
gesvd,double,sm_89,N,all,16,32,jacobi|cta|blocked|vendor
gesvd,double,sm_89,N,all,16,33,blocked|vendor|jacobi
gesvd,double,sm_89,N,all,16,48,blocked|vendor|jacobi
gesvd,double,sm_89,N,all,16,64,blocked|vendor|jacobi
gesvd,double,sm_89,N,all,16,65,blocked|vendor
gesvd,double,sm_89,N,all,16,128,blocked|vendor
gesvd,double,sm_89,N,all,16,256,blocked|vendor
gesvd,double,sm_89,N,all,16,512,blocked|vendor
gesvd,double,sm_89,N,all,16,1024,blocked|vendor
gesvd,double,sm_89,N,all,24,1,jacobi|cta|blocked|vendor
gesvd,double,sm_89,N,all,24,2,jacobi|cta|blocked|vendor
gesvd,double,sm_89,N,all,24,4,jacobi|cta|blocked|vendor
gesvd,double,sm_89,N,all,24,8,jacobi|cta|blocked|vendor
gesvd,double,sm_89,N,all,24,16,jacobi|cta|blocked|vendor
gesvd,double,sm_89,N,all,24,24,jacobi|cta|blocked|vendor
gesvd,double,sm_89,N,all,24,32,jacobi|cta|blocked|vendor
gesvd,double,sm_89,N,all,24,33,blocked|vendor|jacobi
gesvd,double,sm_89,N,all,24,48,blocked|vendor|jacobi
gesvd,double,sm_89,N,all,24,64,blocked|vendor|jacobi
gesvd,double,sm_89,N,all,24,65,blocked|vendor
gesvd,double,sm_89,N,all,24,128,blocked|vendor
gesvd,double,sm_89,N,all,24,256,blocked|vendor
gesvd,double,sm_89,N,all,24,512,blocked|vendor
gesvd,double,sm_89,N,all,24,1024,blocked|vendor
gesvd,double,sm_89,N,all,32,1,jacobi|cta|blocked|vendor
gesvd,double,sm_89,N,all,32,2,jacobi|cta|blocked|vendor
gesvd,double,sm_89,N,all,32,4,jacobi|cta|blocked|vendor
gesvd,double,sm_89,N,all,32,8,jacobi|cta|blocked|vendor
gesvd,double,sm_89,N,all,32,16,jacobi|cta|blocked|vendor
gesvd,double,sm_89,N,all,32,24,jacobi|cta|blocked|vendor
gesvd,double,sm_89,N,all,32,32,jacobi|cta|blocked|vendor
gesvd,double,sm_89,N,all,32,33,blocked|vendor|jacobi
gesvd,double,sm_89,N,all,32,48,blocked|vendor|jacobi
gesvd,double,sm_89,N,all,32,64,blocked|vendor|jacobi
gesvd,double,sm_89,N,all,32,65,blocked|vendor
gesvd,double,sm_89,N,all,32,128,blocked|vendor
gesvd,double,sm_89,N,all,32,256,blocked|vendor
gesvd,double,sm_89,N,all,32,512,blocked|vendor
gesvd,double,sm_89,N,all,32,1024,blocked|vendor
gesvd,double,sm_89,N,all,33,1,blocked|vendor|jacobi
gesvd,double,sm_89,N,all,33,2,blocked|vendor|jacobi
gesvd,double,sm_89,N,all,33,4,blocked|vendor|jacobi
gesvd,double,sm_89,N,all,33,8,blocked|vendor|jacobi
gesvd,double,sm_89,N,all,33,16,blocked|vendor|jacobi
gesvd,double,sm_89,N,all,33,24,blocked|vendor|jacobi
gesvd,double,sm_89,N,all,33,32,blocked|vendor|jacobi
gesvd,double,sm_89,N,all,33,33,blocked|vendor|jacobi
gesvd,double,sm_89,N,all,33,48,blocked|vendor|jacobi
gesvd,double,sm_89,N,all,33,64,blocked|vendor|jacobi
gesvd,double,sm_89,N,all,33,65,blocked|vendor
gesvd,double,sm_89,N,all,33,128,blocked|vendor
gesvd,double,sm_89,N,all,33,256,blocked|vendor
gesvd,double,sm_89,N,all,33,512,blocked|vendor
gesvd,double,sm_89,N,all,33,1024,blocked|vendor
gesvd,double,sm_89,N,all,48,1,blocked|vendor|jacobi
gesvd,double,sm_89,N,all,48,2,blocked|vendor|jacobi
gesvd,double,sm_89,N,all,48,4,blocked|vendor|jacobi
gesvd,double,sm_89,N,all,48,8,blocked|vendor|jacobi
gesvd,double,sm_89,N,all,48,16,blocked|vendor|jacobi
gesvd,double,sm_89,N,all,48,24,blocked|vendor|jacobi
gesvd,double,sm_89,N,all,48,32,blocked|vendor|jacobi
gesvd,double,sm_89,N,all,48,33,blocked|vendor|jacobi
gesvd,double,sm_89,N,all,48,48,blocked|vendor|jacobi
gesvd,double,sm_89,N,all,48,64,blocked|vendor|jacobi
gesvd,double,sm_89,N,all,48,65,blocked|vendor
gesvd,double,sm_89,N,all,48,128,blocked|vendor
gesvd,double,sm_89,N,all,48,256,blocked|vendor
gesvd,double,sm_89,N,all,48,512,blocked|vendor
gesvd,double,sm_89,N,all,48,1024,blocked|vendor
gesvd,double,sm_89,N,all,64,1,blocked|vendor|jacobi
gesvd,double,sm_89,N,all,64,2,blocked|vendor|jacobi
gesvd,double,sm_89,N,all,64,4,blocked|vendor|jacobi
gesvd,double,sm_89,N,all,64,8,blocked|vendor|jacobi
gesvd,double,sm_89,N,all,64,16,blocked|vendor|jacobi
gesvd,double,sm_89,N,all,64,24,blocked|vendor|jacobi
gesvd,double,sm_89,N,all,64,32,blocked|vendor|jacobi
gesvd,double,sm_89,N,all,64,33,blocked|vendor|jacobi
gesvd,double,sm_89,N,all,64,48,blocked|vendor|jacobi
gesvd,double,sm_89,N,all,64,64,blocked|vendor|jacobi
gesvd,double,sm_89,N,all,64,65,blocked|vendor
gesvd,double,sm_89,N,all,64,128,blocked|vendor
gesvd,double,sm_89,N,all,64,256,blocked|vendor
gesvd,double,sm_89,N,all,64,512,blocked|vendor
gesvd,double,sm_89,N,all,64,1024,blocked|vendor
gesvd,double,sm_89,N,all,65,1,blocked|vendor
gesvd,double,sm_89,N,all,65,2,blocked|vendor
gesvd,double,sm_89,N,all,65,4,blocked|vendor
gesvd,double,sm_89,N,all,65,8,blocked|vendor
gesvd,double,sm_89,N,all,65,16,blocked|vendor
gesvd,double,sm_89,N,all,65,24,blocked|vendor
gesvd,double,sm_89,N,all,65,32,blocked|vendor
gesvd,double,sm_89,N,all,65,33,blocked|vendor
gesvd,double,sm_89,N,all,65,48,blocked|vendor
gesvd,double,sm_89,N,all,65,64,blocked|vendor
gesvd,double,sm_89,N,all,65,65,blocked|vendor
gesvd,double,sm_89,N,all,65,128,blocked|vendor
gesvd,double,sm_89,N,all,65,256,blocked|vendor
gesvd,double,sm_89,N,all,65,512,blocked|vendor
gesvd,double,sm_89,N,all,65,1024,blocked|vendor
gesvd,double,sm_89,N,all,128,1,blocked|vendor
gesvd,double,sm_89,N,all,128,2,blocked|vendor
gesvd,double,sm_89,N,all,128,4,blocked|vendor
gesvd,double,sm_89,N,all,128,8,blocked|vendor
gesvd,double,sm_89,N,all,128,16,blocked|vendor
gesvd,double,sm_89,N,all,128,24,blocked|vendor
gesvd,double,sm_89,N,all,128,32,blocked|vendor
gesvd,double,sm_89,N,all,128,33,blocked|vendor
gesvd,double,sm_89,N,all,128,48,blocked|vendor
gesvd,double,sm_89,N,all,128,64,blocked|vendor
gesvd,double,sm_89,N,all,128,65,blocked|vendor
gesvd,double,sm_89,N,all,128,128,blocked|vendor
gesvd,double,sm_89,N,all,128,256,blocked|vendor
gesvd,double,sm_89,N,all,128,512,blocked|vendor
gesvd,double,sm_89,N,all,128,1024,blocked|vendor
gesvd,double,sm_89,N,all,256,1,blocked|vendor
gesvd,double,sm_89,N,all,256,2,blocked|vendor
gesvd,double,sm_89,N,all,256,4,blocked|vendor
gesvd,double,sm_89,N,all,256,8,blocked|vendor
gesvd,double,sm_89,N,all,256,16,blocked|vendor
gesvd,double,sm_89,N,all,256,24,blocked|vendor
gesvd,double,sm_89,N,all,256,32,blocked|vendor
gesvd,double,sm_89,N,all,256,33,blocked|vendor
gesvd,double,sm_89,N,all,256,48,blocked|vendor
gesvd,double,sm_89,N,all,256,64,blocked|vendor
gesvd,double,sm_89,N,all,256,65,blocked|vendor
gesvd,double,sm_89,N,all,256,128,blocked|vendor
gesvd,double,sm_89,N,all,256,256,blocked|vendor
gesvd,double,sm_89,N,all,256,512,blocked|vendor
gesvd,double,sm_89,N,all,256,1024,blocked|vendor
gesvd,double,sm_89,N,all,512,1,blocked|vendor
gesvd,double,sm_89,N,all,512,2,blocked|vendor
gesvd,double,sm_89,N,all,512,4,blocked|vendor
gesvd,double,sm_89,N,all,512,8,blocked|vendor
gesvd,double,sm_89,N,all,512,16,blocked|vendor
gesvd,double,sm_89,N,all,512,24,blocked|vendor
gesvd,double,sm_89,N,all,512,32,blocked|vendor
gesvd,double,sm_89,N,all,512,33,blocked|vendor
gesvd,double,sm_89,N,all,512,48,blocked|vendor
gesvd,double,sm_89,N,all,512,64,blocked|vendor
gesvd,double,sm_89,N,all,512,65,blocked|vendor
gesvd,double,sm_89,N,all,512,128,blocked|vendor
gesvd,double,sm_89,N,all,512,256,blocked|vendor
gesvd,double,sm_89,N,all,512,512,blocked|vendor
gesvd,double,sm_89,N,all,512,1024,blocked|vendor
gesvd,double,sm_89,N,all,1024,1,blocked|vendor
gesvd,double,sm_89,N,all,1024,2,blocked|vendor
gesvd,double,sm_89,N,all,1024,4,blocked|vendor
gesvd,double,sm_89,N,all,1024,8,blocked|vendor
gesvd,double,sm_89,N,all,1024,16,blocked|vendor
gesvd,double,sm_89,N,all,1024,24,blocked|vendor
gesvd,double,sm_89,N,all,1024,32,blocked|vendor
gesvd,double,sm_89,N,all,1024,33,blocked|vendor
gesvd,double,sm_89,N,all,1024,48,blocked|vendor
gesvd,double,sm_89,N,all,1024,64,blocked|vendor
gesvd,double,sm_89,N,all,1024,65,blocked|vendor
gesvd,double,sm_89,N,all,1024,128,blocked|vendor
gesvd,double,sm_89,N,all,1024,256,blocked|vendor
gesvd,double,sm_89,N,all,1024,512,blocked|vendor
gesvd,double,sm_89,N,all,1024,1024,blocked|vendor
gesvd,double,sm_89,N,thin,1,1,jacobi|blocked|vendor
gesvd,double,sm_89,N,thin,1,2,jacobi|blocked|vendor
gesvd,double,sm_89,N,thin,1,4,jacobi|blocked|vendor
gesvd,double,sm_89,N,thin,1,8,jacobi|blocked|vendor
gesvd,double,sm_89,N,thin,1,16,jacobi|blocked|vendor
gesvd,double,sm_89,N,thin,1,24,jacobi|blocked|vendor
gesvd,double,sm_89,N,thin,1,32,jacobi|blocked|vendor
gesvd,double,sm_89,N,thin,1,33,blocked|vendor|jacobi
gesvd,double,sm_89,N,thin,1,48,blocked|vendor|jacobi
gesvd,double,sm_89,N,thin,1,64,blocked|vendor|jacobi
gesvd,double,sm_89,N,thin,1,65,blocked|vendor
gesvd,double,sm_89,N,thin,1,128,blocked|vendor
gesvd,double,sm_89,N,thin,1,256,blocked|vendor
gesvd,double,sm_89,N,thin,1,512,blocked|vendor
gesvd,double,sm_89,N,thin,1,1024,blocked|vendor
gesvd,double,sm_89,N,thin,2,1,jacobi|blocked|vendor
gesvd,double,sm_89,N,thin,2,2,jacobi|blocked|vendor
gesvd,double,sm_89,N,thin,2,4,jacobi|blocked|vendor
gesvd,double,sm_89,N,thin,2,8,jacobi|blocked|vendor
gesvd,double,sm_89,N,thin,2,16,jacobi|blocked|vendor
gesvd,double,sm_89,N,thin,2,24,jacobi|blocked|vendor
gesvd,double,sm_89,N,thin,2,32,jacobi|blocked|vendor
gesvd,double,sm_89,N,thin,2,33,blocked|vendor|jacobi
gesvd,double,sm_89,N,thin,2,48,blocked|vendor|jacobi
gesvd,double,sm_89,N,thin,2,64,blocked|vendor|jacobi
gesvd,double,sm_89,N,thin,2,65,blocked|vendor
gesvd,double,sm_89,N,thin,2,128,blocked|vendor
gesvd,double,sm_89,N,thin,2,256,blocked|vendor
gesvd,double,sm_89,N,thin,2,512,blocked|vendor
gesvd,double,sm_89,N,thin,2,1024,blocked|vendor
gesvd,double,sm_89,N,thin,4,1,jacobi|blocked|vendor
gesvd,double,sm_89,N,thin,4,2,jacobi|blocked|vendor
gesvd,double,sm_89,N,thin,4,4,jacobi|blocked|vendor
gesvd,double,sm_89,N,thin,4,8,jacobi|blocked|vendor
gesvd,double,sm_89,N,thin,4,16,jacobi|blocked|vendor
gesvd,double,sm_89,N,thin,4,24,jacobi|blocked|vendor
gesvd,double,sm_89,N,thin,4,32,jacobi|blocked|vendor
gesvd,double,sm_89,N,thin,4,33,blocked|vendor|jacobi
gesvd,double,sm_89,N,thin,4,48,blocked|vendor|jacobi
gesvd,double,sm_89,N,thin,4,64,blocked|vendor|jacobi
gesvd,double,sm_89,N,thin,4,65,blocked|vendor
gesvd,double,sm_89,N,thin,4,128,blocked|vendor
gesvd,double,sm_89,N,thin,4,256,blocked|vendor
gesvd,double,sm_89,N,thin,4,512,blocked|vendor
gesvd,double,sm_89,N,thin,4,1024,blocked|vendor
gesvd,double,sm_89,N,thin,8,1,jacobi|blocked|vendor
gesvd,double,sm_89,N,thin,8,2,jacobi|blocked|vendor
gesvd,double,sm_89,N,thin,8,4,jacobi|blocked|vendor
gesvd,double,sm_89,N,thin,8,8,jacobi|blocked|vendor
gesvd,double,sm_89,N,thin,8,16,jacobi|blocked|vendor
gesvd,double,sm_89,N,thin,8,24,jacobi|blocked|vendor
gesvd,double,sm_89,N,thin,8,32,jacobi|blocked|vendor
gesvd,double,sm_89,N,thin,8,33,blocked|vendor|jacobi
gesvd,double,sm_89,N,thin,8,48,blocked|vendor|jacobi
gesvd,double,sm_89,N,thin,8,64,blocked|vendor|jacobi
gesvd,double,sm_89,N,thin,8,65,blocked|vendor
gesvd,double,sm_89,N,thin,8,128,blocked|vendor
gesvd,double,sm_89,N,thin,8,256,blocked|vendor
gesvd,double,sm_89,N,thin,8,512,blocked|vendor
gesvd,double,sm_89,N,thin,8,1024,blocked|vendor
gesvd,double,sm_89,N,thin,16,1,jacobi|blocked|vendor
gesvd,double,sm_89,N,thin,16,2,jacobi|blocked|vendor
gesvd,double,sm_89,N,thin,16,4,jacobi|blocked|vendor
gesvd,double,sm_89,N,thin,16,8,jacobi|blocked|vendor
gesvd,double,sm_89,N,thin,16,16,jacobi|blocked|vendor
gesvd,double,sm_89,N,thin,16,24,jacobi|blocked|vendor
gesvd,double,sm_89,N,thin,16,32,jacobi|blocked|vendor
gesvd,double,sm_89,N,thin,16,33,blocked|vendor|jacobi
gesvd,double,sm_89,N,thin,16,48,blocked|vendor|jacobi
gesvd,double,sm_89,N,thin,16,64,blocked|vendor|jacobi
gesvd,double,sm_89,N,thin,16,65,blocked|vendor
gesvd,double,sm_89,N,thin,16,128,blocked|vendor
gesvd,double,sm_89,N,thin,16,256,blocked|vendor
gesvd,double,sm_89,N,thin,16,512,blocked|vendor
gesvd,double,sm_89,N,thin,16,1024,blocked|vendor
gesvd,double,sm_89,N,thin,24,1,jacobi|blocked|vendor
gesvd,double,sm_89,N,thin,24,2,jacobi|blocked|vendor
gesvd,double,sm_89,N,thin,24,4,jacobi|blocked|vendor
gesvd,double,sm_89,N,thin,24,8,jacobi|blocked|vendor
gesvd,double,sm_89,N,thin,24,16,jacobi|blocked|vendor
gesvd,double,sm_89,N,thin,24,24,jacobi|blocked|vendor
gesvd,double,sm_89,N,thin,24,32,jacobi|blocked|vendor
gesvd,double,sm_89,N,thin,24,33,blocked|vendor|jacobi
gesvd,double,sm_89,N,thin,24,48,blocked|vendor|jacobi
gesvd,double,sm_89,N,thin,24,64,blocked|vendor|jacobi
gesvd,double,sm_89,N,thin,24,65,blocked|vendor
gesvd,double,sm_89,N,thin,24,128,blocked|vendor
gesvd,double,sm_89,N,thin,24,256,blocked|vendor
gesvd,double,sm_89,N,thin,24,512,blocked|vendor
gesvd,double,sm_89,N,thin,24,1024,blocked|vendor
gesvd,double,sm_89,N,thin,32,1,jacobi|blocked|vendor
gesvd,double,sm_89,N,thin,32,2,jacobi|blocked|vendor
gesvd,double,sm_89,N,thin,32,4,jacobi|blocked|vendor
gesvd,double,sm_89,N,thin,32,8,jacobi|blocked|vendor
gesvd,double,sm_89,N,thin,32,16,jacobi|blocked|vendor
gesvd,double,sm_89,N,thin,32,24,jacobi|blocked|vendor
gesvd,double,sm_89,N,thin,32,32,jacobi|blocked|vendor
gesvd,double,sm_89,N,thin,32,33,blocked|vendor|jacobi
gesvd,double,sm_89,N,thin,32,48,blocked|vendor|jacobi
gesvd,double,sm_89,N,thin,32,64,blocked|vendor|jacobi
gesvd,double,sm_89,N,thin,32,65,blocked|vendor
gesvd,double,sm_89,N,thin,32,128,blocked|vendor
gesvd,double,sm_89,N,thin,32,256,blocked|vendor
gesvd,double,sm_89,N,thin,32,512,blocked|vendor
gesvd,double,sm_89,N,thin,32,1024,blocked|vendor
gesvd,double,sm_89,N,thin,33,1,blocked|vendor|jacobi
gesvd,double,sm_89,N,thin,33,2,blocked|vendor|jacobi
gesvd,double,sm_89,N,thin,33,4,blocked|vendor|jacobi
gesvd,double,sm_89,N,thin,33,8,blocked|vendor|jacobi
gesvd,double,sm_89,N,thin,33,16,blocked|vendor|jacobi
gesvd,double,sm_89,N,thin,33,24,blocked|vendor|jacobi
gesvd,double,sm_89,N,thin,33,32,blocked|vendor|jacobi
gesvd,double,sm_89,N,thin,33,33,blocked|vendor|jacobi
gesvd,double,sm_89,N,thin,33,48,blocked|vendor|jacobi
gesvd,double,sm_89,N,thin,33,64,blocked|vendor|jacobi
gesvd,double,sm_89,N,thin,33,65,blocked|vendor
gesvd,double,sm_89,N,thin,33,128,blocked|vendor
gesvd,double,sm_89,N,thin,33,256,blocked|vendor
gesvd,double,sm_89,N,thin,33,512,blocked|vendor
gesvd,double,sm_89,N,thin,33,1024,blocked|vendor
gesvd,double,sm_89,N,thin,48,1,blocked|vendor|jacobi
gesvd,double,sm_89,N,thin,48,2,blocked|vendor|jacobi
gesvd,double,sm_89,N,thin,48,4,blocked|vendor|jacobi
gesvd,double,sm_89,N,thin,48,8,blocked|vendor|jacobi
gesvd,double,sm_89,N,thin,48,16,blocked|vendor|jacobi
gesvd,double,sm_89,N,thin,48,24,blocked|vendor|jacobi
gesvd,double,sm_89,N,thin,48,32,blocked|vendor|jacobi
gesvd,double,sm_89,N,thin,48,33,blocked|vendor|jacobi
gesvd,double,sm_89,N,thin,48,48,blocked|vendor|jacobi
gesvd,double,sm_89,N,thin,48,64,blocked|vendor|jacobi
gesvd,double,sm_89,N,thin,48,65,blocked|vendor
gesvd,double,sm_89,N,thin,48,128,blocked|vendor
gesvd,double,sm_89,N,thin,48,256,blocked|vendor
gesvd,double,sm_89,N,thin,48,512,blocked|vendor
gesvd,double,sm_89,N,thin,48,1024,blocked|vendor
gesvd,double,sm_89,N,thin,64,1,blocked|vendor|jacobi
gesvd,double,sm_89,N,thin,64,2,blocked|vendor|jacobi
gesvd,double,sm_89,N,thin,64,4,blocked|vendor|jacobi
gesvd,double,sm_89,N,thin,64,8,blocked|vendor|jacobi
gesvd,double,sm_89,N,thin,64,16,blocked|vendor|jacobi
gesvd,double,sm_89,N,thin,64,24,blocked|vendor|jacobi
gesvd,double,sm_89,N,thin,64,32,blocked|vendor|jacobi
gesvd,double,sm_89,N,thin,64,33,blocked|vendor|jacobi
gesvd,double,sm_89,N,thin,64,48,blocked|vendor|jacobi
gesvd,double,sm_89,N,thin,64,64,blocked|vendor|jacobi
gesvd,double,sm_89,N,thin,64,65,blocked|vendor
gesvd,double,sm_89,N,thin,64,128,blocked|vendor
gesvd,double,sm_89,N,thin,64,256,blocked|vendor
gesvd,double,sm_89,N,thin,64,512,blocked|vendor
gesvd,double,sm_89,N,thin,64,1024,blocked|vendor
gesvd,double,sm_89,N,thin,65,1,blocked|vendor
gesvd,double,sm_89,N,thin,65,2,blocked|vendor
gesvd,double,sm_89,N,thin,65,4,blocked|vendor
gesvd,double,sm_89,N,thin,65,8,blocked|vendor
gesvd,double,sm_89,N,thin,65,16,blocked|vendor
gesvd,double,sm_89,N,thin,65,24,blocked|vendor
gesvd,double,sm_89,N,thin,65,32,blocked|vendor
gesvd,double,sm_89,N,thin,65,33,blocked|vendor
gesvd,double,sm_89,N,thin,65,48,blocked|vendor
gesvd,double,sm_89,N,thin,65,64,blocked|vendor
gesvd,double,sm_89,N,thin,65,65,blocked|vendor
gesvd,double,sm_89,N,thin,65,128,blocked|vendor
gesvd,double,sm_89,N,thin,65,256,blocked|vendor
gesvd,double,sm_89,N,thin,65,512,blocked|vendor
gesvd,double,sm_89,N,thin,65,1024,blocked|vendor
gesvd,double,sm_89,N,thin,128,1,blocked|vendor
gesvd,double,sm_89,N,thin,128,2,blocked|vendor
gesvd,double,sm_89,N,thin,128,4,blocked|vendor
gesvd,double,sm_89,N,thin,128,8,blocked|vendor
gesvd,double,sm_89,N,thin,128,16,blocked|vendor
gesvd,double,sm_89,N,thin,128,24,blocked|vendor
gesvd,double,sm_89,N,thin,128,32,blocked|vendor
gesvd,double,sm_89,N,thin,128,33,blocked|vendor
gesvd,double,sm_89,N,thin,128,48,blocked|vendor
gesvd,double,sm_89,N,thin,128,64,blocked|vendor
gesvd,double,sm_89,N,thin,128,65,blocked|vendor
gesvd,double,sm_89,N,thin,128,128,blocked|vendor
gesvd,double,sm_89,N,thin,128,256,blocked|vendor
gesvd,double,sm_89,N,thin,128,512,blocked|vendor
gesvd,double,sm_89,N,thin,128,1024,blocked|vendor
gesvd,double,sm_89,N,thin,256,1,blocked|vendor
gesvd,double,sm_89,N,thin,256,2,blocked|vendor
gesvd,double,sm_89,N,thin,256,4,blocked|vendor
gesvd,double,sm_89,N,thin,256,8,blocked|vendor
gesvd,double,sm_89,N,thin,256,16,blocked|vendor
gesvd,double,sm_89,N,thin,256,24,blocked|vendor
gesvd,double,sm_89,N,thin,256,32,blocked|vendor
gesvd,double,sm_89,N,thin,256,33,blocked|vendor
gesvd,double,sm_89,N,thin,256,48,blocked|vendor
gesvd,double,sm_89,N,thin,256,64,blocked|vendor
gesvd,double,sm_89,N,thin,256,65,blocked|vendor
gesvd,double,sm_89,N,thin,256,128,blocked|vendor
gesvd,double,sm_89,N,thin,256,256,blocked|vendor
gesvd,double,sm_89,N,thin,256,512,blocked|vendor
gesvd,double,sm_89,N,thin,256,1024,blocked|vendor
gesvd,double,sm_89,N,thin,512,1,blocked|vendor
gesvd,double,sm_89,N,thin,512,2,blocked|vendor
gesvd,double,sm_89,N,thin,512,4,blocked|vendor
gesvd,double,sm_89,N,thin,512,8,blocked|vendor
gesvd,double,sm_89,N,thin,512,16,blocked|vendor
gesvd,double,sm_89,N,thin,512,24,blocked|vendor
gesvd,double,sm_89,N,thin,512,32,blocked|vendor
gesvd,double,sm_89,N,thin,512,33,blocked|vendor
gesvd,double,sm_89,N,thin,512,48,blocked|vendor
gesvd,double,sm_89,N,thin,512,64,blocked|vendor
gesvd,double,sm_89,N,thin,512,65,blocked|vendor
gesvd,double,sm_89,N,thin,512,128,blocked|vendor
gesvd,double,sm_89,N,thin,512,256,blocked|vendor
gesvd,double,sm_89,N,thin,512,512,blocked|vendor
gesvd,double,sm_89,N,thin,512,1024,blocked|vendor
gesvd,double,sm_89,N,thin,1024,1,blocked|vendor
gesvd,double,sm_89,N,thin,1024,2,blocked|vendor
gesvd,double,sm_89,N,thin,1024,4,blocked|vendor
gesvd,double,sm_89,N,thin,1024,8,blocked|vendor
gesvd,double,sm_89,N,thin,1024,16,blocked|vendor
gesvd,double,sm_89,N,thin,1024,24,blocked|vendor
gesvd,double,sm_89,N,thin,1024,32,blocked|vendor
gesvd,double,sm_89,N,thin,1024,33,blocked|vendor
gesvd,double,sm_89,N,thin,1024,48,blocked|vendor
gesvd,double,sm_89,N,thin,1024,64,blocked|vendor
gesvd,double,sm_89,N,thin,1024,65,blocked|vendor
gesvd,double,sm_89,N,thin,1024,128,blocked|vendor
gesvd,double,sm_89,N,thin,1024,256,blocked|vendor
gesvd,double,sm_89,N,thin,1024,512,blocked|vendor
gesvd,double,sm_89,N,thin,1024,1024,blocked|vendor
gesvd,double,sm_89,L,none,1,1,cta|blocked|vendor
gesvd,double,sm_89,L,none,1,2,vendor
gesvd,double,sm_89,L,none,1,4,vendor
gesvd,double,sm_89,L,none,1,8,vendor
gesvd,double,sm_89,L,none,1,16,vendor
gesvd,double,sm_89,L,none,1,24,vendor
gesvd,double,sm_89,L,none,1,32,vendor
gesvd,double,sm_89,L,none,1,33,vendor
gesvd,double,sm_89,L,none,1,48,vendor
gesvd,double,sm_89,L,none,1,64,vendor
gesvd,double,sm_89,L,none,1,65,vendor
gesvd,double,sm_89,L,none,1,128,vendor
gesvd,double,sm_89,L,none,1,256,vendor
gesvd,double,sm_89,L,none,1,512,vendor
gesvd,double,sm_89,L,none,1,1024,vendor
gesvd,double,sm_89,L,none,2,1,vendor
gesvd,double,sm_89,L,none,2,2,cta|blocked|vendor
gesvd,double,sm_89,L,none,2,4,vendor
gesvd,double,sm_89,L,none,2,8,vendor
gesvd,double,sm_89,L,none,2,16,vendor
gesvd,double,sm_89,L,none,2,24,vendor
gesvd,double,sm_89,L,none,2,32,vendor
gesvd,double,sm_89,L,none,2,33,vendor
gesvd,double,sm_89,L,none,2,48,vendor
gesvd,double,sm_89,L,none,2,64,vendor
gesvd,double,sm_89,L,none,2,65,vendor
gesvd,double,sm_89,L,none,2,128,vendor
gesvd,double,sm_89,L,none,2,256,vendor
gesvd,double,sm_89,L,none,2,512,vendor
gesvd,double,sm_89,L,none,2,1024,vendor
gesvd,double,sm_89,L,none,4,1,vendor
gesvd,double,sm_89,L,none,4,2,vendor
gesvd,double,sm_89,L,none,4,4,cta|blocked|vendor
gesvd,double,sm_89,L,none,4,8,vendor
gesvd,double,sm_89,L,none,4,16,vendor
gesvd,double,sm_89,L,none,4,24,vendor
gesvd,double,sm_89,L,none,4,32,vendor
gesvd,double,sm_89,L,none,4,33,vendor
gesvd,double,sm_89,L,none,4,48,vendor
gesvd,double,sm_89,L,none,4,64,vendor
gesvd,double,sm_89,L,none,4,65,vendor
gesvd,double,sm_89,L,none,4,128,vendor
gesvd,double,sm_89,L,none,4,256,vendor
gesvd,double,sm_89,L,none,4,512,vendor
gesvd,double,sm_89,L,none,4,1024,vendor
gesvd,double,sm_89,L,none,8,1,vendor
gesvd,double,sm_89,L,none,8,2,vendor
gesvd,double,sm_89,L,none,8,4,vendor
gesvd,double,sm_89,L,none,8,8,cta|blocked|vendor
gesvd,double,sm_89,L,none,8,16,vendor
gesvd,double,sm_89,L,none,8,24,vendor
gesvd,double,sm_89,L,none,8,32,vendor
gesvd,double,sm_89,L,none,8,33,vendor
gesvd,double,sm_89,L,none,8,48,vendor
gesvd,double,sm_89,L,none,8,64,vendor
gesvd,double,sm_89,L,none,8,65,vendor
gesvd,double,sm_89,L,none,8,128,vendor
gesvd,double,sm_89,L,none,8,256,vendor
gesvd,double,sm_89,L,none,8,512,vendor
gesvd,double,sm_89,L,none,8,1024,vendor
gesvd,double,sm_89,L,none,16,1,vendor
gesvd,double,sm_89,L,none,16,2,vendor
gesvd,double,sm_89,L,none,16,4,vendor
gesvd,double,sm_89,L,none,16,8,vendor
gesvd,double,sm_89,L,none,16,16,cta|blocked|vendor
gesvd,double,sm_89,L,none,16,24,vendor
gesvd,double,sm_89,L,none,16,32,vendor
gesvd,double,sm_89,L,none,16,33,vendor
gesvd,double,sm_89,L,none,16,48,vendor
gesvd,double,sm_89,L,none,16,64,vendor
gesvd,double,sm_89,L,none,16,65,vendor
gesvd,double,sm_89,L,none,16,128,vendor
gesvd,double,sm_89,L,none,16,256,vendor
gesvd,double,sm_89,L,none,16,512,vendor
gesvd,double,sm_89,L,none,16,1024,vendor
gesvd,double,sm_89,L,none,24,1,vendor
gesvd,double,sm_89,L,none,24,2,vendor
gesvd,double,sm_89,L,none,24,4,vendor
gesvd,double,sm_89,L,none,24,8,vendor
gesvd,double,sm_89,L,none,24,16,vendor
gesvd,double,sm_89,L,none,24,24,cta|blocked|vendor
gesvd,double,sm_89,L,none,24,32,vendor
gesvd,double,sm_89,L,none,24,33,vendor
gesvd,double,sm_89,L,none,24,48,vendor
gesvd,double,sm_89,L,none,24,64,vendor
gesvd,double,sm_89,L,none,24,65,vendor
gesvd,double,sm_89,L,none,24,128,vendor
gesvd,double,sm_89,L,none,24,256,vendor
gesvd,double,sm_89,L,none,24,512,vendor
gesvd,double,sm_89,L,none,24,1024,vendor
gesvd,double,sm_89,L,none,32,1,vendor
gesvd,double,sm_89,L,none,32,2,vendor
gesvd,double,sm_89,L,none,32,4,vendor
gesvd,double,sm_89,L,none,32,8,vendor
gesvd,double,sm_89,L,none,32,16,vendor
gesvd,double,sm_89,L,none,32,24,vendor
gesvd,double,sm_89,L,none,32,32,cta|blocked|vendor
gesvd,double,sm_89,L,none,32,33,vendor
gesvd,double,sm_89,L,none,32,48,vendor
gesvd,double,sm_89,L,none,32,64,vendor
gesvd,double,sm_89,L,none,32,65,vendor
gesvd,double,sm_89,L,none,32,128,vendor
gesvd,double,sm_89,L,none,32,256,vendor
gesvd,double,sm_89,L,none,32,512,vendor
gesvd,double,sm_89,L,none,32,1024,vendor
gesvd,double,sm_89,L,none,33,1,vendor
gesvd,double,sm_89,L,none,33,2,vendor
gesvd,double,sm_89,L,none,33,4,vendor
gesvd,double,sm_89,L,none,33,8,vendor
gesvd,double,sm_89,L,none,33,16,vendor
gesvd,double,sm_89,L,none,33,24,vendor
gesvd,double,sm_89,L,none,33,32,vendor
gesvd,double,sm_89,L,none,33,33,blocked|vendor
gesvd,double,sm_89,L,none,33,48,vendor
gesvd,double,sm_89,L,none,33,64,vendor
gesvd,double,sm_89,L,none,33,65,vendor
gesvd,double,sm_89,L,none,33,128,vendor
gesvd,double,sm_89,L,none,33,256,vendor
gesvd,double,sm_89,L,none,33,512,vendor
gesvd,double,sm_89,L,none,33,1024,vendor
gesvd,double,sm_89,L,none,48,1,vendor
gesvd,double,sm_89,L,none,48,2,vendor
gesvd,double,sm_89,L,none,48,4,vendor
gesvd,double,sm_89,L,none,48,8,vendor
gesvd,double,sm_89,L,none,48,16,vendor
gesvd,double,sm_89,L,none,48,24,vendor
gesvd,double,sm_89,L,none,48,32,vendor
gesvd,double,sm_89,L,none,48,33,vendor
gesvd,double,sm_89,L,none,48,48,blocked|vendor
gesvd,double,sm_89,L,none,48,64,vendor
gesvd,double,sm_89,L,none,48,65,vendor
gesvd,double,sm_89,L,none,48,128,vendor
gesvd,double,sm_89,L,none,48,256,vendor
gesvd,double,sm_89,L,none,48,512,vendor
gesvd,double,sm_89,L,none,48,1024,vendor
gesvd,double,sm_89,L,none,64,1,vendor
gesvd,double,sm_89,L,none,64,2,vendor
gesvd,double,sm_89,L,none,64,4,vendor
gesvd,double,sm_89,L,none,64,8,vendor
gesvd,double,sm_89,L,none,64,16,vendor
gesvd,double,sm_89,L,none,64,24,vendor
gesvd,double,sm_89,L,none,64,32,vendor
gesvd,double,sm_89,L,none,64,33,vendor
gesvd,double,sm_89,L,none,64,48,vendor
gesvd,double,sm_89,L,none,64,64,blocked|vendor
gesvd,double,sm_89,L,none,64,65,vendor
gesvd,double,sm_89,L,none,64,128,vendor
gesvd,double,sm_89,L,none,64,256,vendor
gesvd,double,sm_89,L,none,64,512,vendor
gesvd,double,sm_89,L,none,64,1024,vendor
gesvd,double,sm_89,L,none,65,1,vendor
gesvd,double,sm_89,L,none,65,2,vendor
gesvd,double,sm_89,L,none,65,4,vendor
gesvd,double,sm_89,L,none,65,8,vendor
gesvd,double,sm_89,L,none,65,16,vendor
gesvd,double,sm_89,L,none,65,24,vendor
gesvd,double,sm_89,L,none,65,32,vendor
gesvd,double,sm_89,L,none,65,33,vendor
gesvd,double,sm_89,L,none,65,48,vendor
gesvd,double,sm_89,L,none,65,64,vendor
gesvd,double,sm_89,L,none,65,65,blocked|vendor
gesvd,double,sm_89,L,none,65,128,vendor
gesvd,double,sm_89,L,none,65,256,vendor
gesvd,double,sm_89,L,none,65,512,vendor
gesvd,double,sm_89,L,none,65,1024,vendor
gesvd,double,sm_89,L,none,128,1,vendor
gesvd,double,sm_89,L,none,128,2,vendor
gesvd,double,sm_89,L,none,128,4,vendor
gesvd,double,sm_89,L,none,128,8,vendor
gesvd,double,sm_89,L,none,128,16,vendor
gesvd,double,sm_89,L,none,128,24,vendor
gesvd,double,sm_89,L,none,128,32,vendor
gesvd,double,sm_89,L,none,128,33,vendor
gesvd,double,sm_89,L,none,128,48,vendor
gesvd,double,sm_89,L,none,128,64,vendor
gesvd,double,sm_89,L,none,128,65,vendor
gesvd,double,sm_89,L,none,128,128,blocked|vendor
gesvd,double,sm_89,L,none,128,256,vendor
gesvd,double,sm_89,L,none,128,512,vendor
gesvd,double,sm_89,L,none,128,1024,vendor
gesvd,double,sm_89,L,none,256,1,vendor
gesvd,double,sm_89,L,none,256,2,vendor
gesvd,double,sm_89,L,none,256,4,vendor
gesvd,double,sm_89,L,none,256,8,vendor
gesvd,double,sm_89,L,none,256,16,vendor
gesvd,double,sm_89,L,none,256,24,vendor
gesvd,double,sm_89,L,none,256,32,vendor
gesvd,double,sm_89,L,none,256,33,vendor
gesvd,double,sm_89,L,none,256,48,vendor
gesvd,double,sm_89,L,none,256,64,vendor
gesvd,double,sm_89,L,none,256,65,vendor
gesvd,double,sm_89,L,none,256,128,vendor
gesvd,double,sm_89,L,none,256,256,blocked|vendor
gesvd,double,sm_89,L,none,256,512,vendor
gesvd,double,sm_89,L,none,256,1024,vendor
gesvd,double,sm_89,L,none,512,1,vendor
gesvd,double,sm_89,L,none,512,2,vendor
gesvd,double,sm_89,L,none,512,4,vendor
gesvd,double,sm_89,L,none,512,8,vendor
gesvd,double,sm_89,L,none,512,16,vendor
gesvd,double,sm_89,L,none,512,24,vendor
gesvd,double,sm_89,L,none,512,32,vendor
gesvd,double,sm_89,L,none,512,33,vendor
gesvd,double,sm_89,L,none,512,48,vendor
gesvd,double,sm_89,L,none,512,64,vendor
gesvd,double,sm_89,L,none,512,65,vendor
gesvd,double,sm_89,L,none,512,128,vendor
gesvd,double,sm_89,L,none,512,256,vendor
gesvd,double,sm_89,L,none,512,512,blocked|vendor
gesvd,double,sm_89,L,none,512,1024,vendor
gesvd,double,sm_89,L,none,1024,1,vendor
gesvd,double,sm_89,L,none,1024,2,vendor
gesvd,double,sm_89,L,none,1024,4,vendor
gesvd,double,sm_89,L,none,1024,8,vendor
gesvd,double,sm_89,L,none,1024,16,vendor
gesvd,double,sm_89,L,none,1024,24,vendor
gesvd,double,sm_89,L,none,1024,32,vendor
gesvd,double,sm_89,L,none,1024,33,vendor
gesvd,double,sm_89,L,none,1024,48,vendor
gesvd,double,sm_89,L,none,1024,64,vendor
gesvd,double,sm_89,L,none,1024,65,vendor
gesvd,double,sm_89,L,none,1024,128,vendor
gesvd,double,sm_89,L,none,1024,256,vendor
gesvd,double,sm_89,L,none,1024,512,vendor
gesvd,double,sm_89,L,none,1024,1024,blocked|vendor
gesvd,double,sm_89,L,all,1,1,cta|blocked|vendor
gesvd,double,sm_89,L,all,1,2,vendor
gesvd,double,sm_89,L,all,1,4,vendor
gesvd,double,sm_89,L,all,1,8,vendor
gesvd,double,sm_89,L,all,1,16,vendor
gesvd,double,sm_89,L,all,1,24,vendor
gesvd,double,sm_89,L,all,1,32,vendor
gesvd,double,sm_89,L,all,1,33,vendor
gesvd,double,sm_89,L,all,1,48,vendor
gesvd,double,sm_89,L,all,1,64,vendor
gesvd,double,sm_89,L,all,1,65,vendor
gesvd,double,sm_89,L,all,1,128,vendor
gesvd,double,sm_89,L,all,1,256,vendor
gesvd,double,sm_89,L,all,1,512,vendor
gesvd,double,sm_89,L,all,1,1024,vendor
gesvd,double,sm_89,L,all,2,1,vendor
gesvd,double,sm_89,L,all,2,2,cta|blocked|vendor
gesvd,double,sm_89,L,all,2,4,vendor
gesvd,double,sm_89,L,all,2,8,vendor
gesvd,double,sm_89,L,all,2,16,vendor
gesvd,double,sm_89,L,all,2,24,vendor
gesvd,double,sm_89,L,all,2,32,vendor
gesvd,double,sm_89,L,all,2,33,vendor
gesvd,double,sm_89,L,all,2,48,vendor
gesvd,double,sm_89,L,all,2,64,vendor
gesvd,double,sm_89,L,all,2,65,vendor
gesvd,double,sm_89,L,all,2,128,vendor
gesvd,double,sm_89,L,all,2,256,vendor
gesvd,double,sm_89,L,all,2,512,vendor
gesvd,double,sm_89,L,all,2,1024,vendor
gesvd,double,sm_89,L,all,4,1,vendor
gesvd,double,sm_89,L,all,4,2,vendor
gesvd,double,sm_89,L,all,4,4,cta|blocked|vendor
gesvd,double,sm_89,L,all,4,8,vendor
gesvd,double,sm_89,L,all,4,16,vendor
gesvd,double,sm_89,L,all,4,24,vendor
gesvd,double,sm_89,L,all,4,32,vendor
gesvd,double,sm_89,L,all,4,33,vendor
gesvd,double,sm_89,L,all,4,48,vendor
gesvd,double,sm_89,L,all,4,64,vendor
gesvd,double,sm_89,L,all,4,65,vendor
gesvd,double,sm_89,L,all,4,128,vendor
gesvd,double,sm_89,L,all,4,256,vendor
gesvd,double,sm_89,L,all,4,512,vendor
gesvd,double,sm_89,L,all,4,1024,vendor
gesvd,double,sm_89,L,all,8,1,vendor
gesvd,double,sm_89,L,all,8,2,vendor
gesvd,double,sm_89,L,all,8,4,vendor
gesvd,double,sm_89,L,all,8,8,cta|blocked|vendor
gesvd,double,sm_89,L,all,8,16,vendor
gesvd,double,sm_89,L,all,8,24,vendor
gesvd,double,sm_89,L,all,8,32,vendor
gesvd,double,sm_89,L,all,8,33,vendor
gesvd,double,sm_89,L,all,8,48,vendor
gesvd,double,sm_89,L,all,8,64,vendor
gesvd,double,sm_89,L,all,8,65,vendor
gesvd,double,sm_89,L,all,8,128,vendor
gesvd,double,sm_89,L,all,8,256,vendor
gesvd,double,sm_89,L,all,8,512,vendor
gesvd,double,sm_89,L,all,8,1024,vendor
gesvd,double,sm_89,L,all,16,1,vendor
gesvd,double,sm_89,L,all,16,2,vendor
gesvd,double,sm_89,L,all,16,4,vendor
gesvd,double,sm_89,L,all,16,8,vendor
gesvd,double,sm_89,L,all,16,16,cta|blocked|vendor
gesvd,double,sm_89,L,all,16,24,vendor
gesvd,double,sm_89,L,all,16,32,vendor
gesvd,double,sm_89,L,all,16,33,vendor
gesvd,double,sm_89,L,all,16,48,vendor
gesvd,double,sm_89,L,all,16,64,vendor
gesvd,double,sm_89,L,all,16,65,vendor
gesvd,double,sm_89,L,all,16,128,vendor
gesvd,double,sm_89,L,all,16,256,vendor
gesvd,double,sm_89,L,all,16,512,vendor
gesvd,double,sm_89,L,all,16,1024,vendor
gesvd,double,sm_89,L,all,24,1,vendor
gesvd,double,sm_89,L,all,24,2,vendor
gesvd,double,sm_89,L,all,24,4,vendor
gesvd,double,sm_89,L,all,24,8,vendor
gesvd,double,sm_89,L,all,24,16,vendor
gesvd,double,sm_89,L,all,24,24,cta|blocked|vendor
gesvd,double,sm_89,L,all,24,32,vendor
gesvd,double,sm_89,L,all,24,33,vendor
gesvd,double,sm_89,L,all,24,48,vendor
gesvd,double,sm_89,L,all,24,64,vendor
gesvd,double,sm_89,L,all,24,65,vendor
gesvd,double,sm_89,L,all,24,128,vendor
gesvd,double,sm_89,L,all,24,256,vendor
gesvd,double,sm_89,L,all,24,512,vendor
gesvd,double,sm_89,L,all,24,1024,vendor
gesvd,double,sm_89,L,all,32,1,vendor
gesvd,double,sm_89,L,all,32,2,vendor
gesvd,double,sm_89,L,all,32,4,vendor
gesvd,double,sm_89,L,all,32,8,vendor
gesvd,double,sm_89,L,all,32,16,vendor
gesvd,double,sm_89,L,all,32,24,vendor
gesvd,double,sm_89,L,all,32,32,cta|blocked|vendor
gesvd,double,sm_89,L,all,32,33,vendor
gesvd,double,sm_89,L,all,32,48,vendor
gesvd,double,sm_89,L,all,32,64,vendor
gesvd,double,sm_89,L,all,32,65,vendor
gesvd,double,sm_89,L,all,32,128,vendor
gesvd,double,sm_89,L,all,32,256,vendor
gesvd,double,sm_89,L,all,32,512,vendor
gesvd,double,sm_89,L,all,32,1024,vendor
gesvd,double,sm_89,L,all,33,1,vendor
gesvd,double,sm_89,L,all,33,2,vendor
gesvd,double,sm_89,L,all,33,4,vendor
gesvd,double,sm_89,L,all,33,8,vendor
gesvd,double,sm_89,L,all,33,16,vendor
gesvd,double,sm_89,L,all,33,24,vendor
gesvd,double,sm_89,L,all,33,32,vendor
gesvd,double,sm_89,L,all,33,33,blocked|vendor
gesvd,double,sm_89,L,all,33,48,vendor
gesvd,double,sm_89,L,all,33,64,vendor
gesvd,double,sm_89,L,all,33,65,vendor
gesvd,double,sm_89,L,all,33,128,vendor
gesvd,double,sm_89,L,all,33,256,vendor
gesvd,double,sm_89,L,all,33,512,vendor
gesvd,double,sm_89,L,all,33,1024,vendor
gesvd,double,sm_89,L,all,48,1,vendor
gesvd,double,sm_89,L,all,48,2,vendor
gesvd,double,sm_89,L,all,48,4,vendor
gesvd,double,sm_89,L,all,48,8,vendor
gesvd,double,sm_89,L,all,48,16,vendor
gesvd,double,sm_89,L,all,48,24,vendor
gesvd,double,sm_89,L,all,48,32,vendor
gesvd,double,sm_89,L,all,48,33,vendor
gesvd,double,sm_89,L,all,48,48,blocked|vendor
gesvd,double,sm_89,L,all,48,64,vendor
gesvd,double,sm_89,L,all,48,65,vendor
gesvd,double,sm_89,L,all,48,128,vendor
gesvd,double,sm_89,L,all,48,256,vendor
gesvd,double,sm_89,L,all,48,512,vendor
gesvd,double,sm_89,L,all,48,1024,vendor
gesvd,double,sm_89,L,all,64,1,vendor
gesvd,double,sm_89,L,all,64,2,vendor
gesvd,double,sm_89,L,all,64,4,vendor
gesvd,double,sm_89,L,all,64,8,vendor
gesvd,double,sm_89,L,all,64,16,vendor
gesvd,double,sm_89,L,all,64,24,vendor
gesvd,double,sm_89,L,all,64,32,vendor
gesvd,double,sm_89,L,all,64,33,vendor
gesvd,double,sm_89,L,all,64,48,vendor
gesvd,double,sm_89,L,all,64,64,blocked|vendor
gesvd,double,sm_89,L,all,64,65,vendor
gesvd,double,sm_89,L,all,64,128,vendor
gesvd,double,sm_89,L,all,64,256,vendor
gesvd,double,sm_89,L,all,64,512,vendor
gesvd,double,sm_89,L,all,64,1024,vendor
gesvd,double,sm_89,L,all,65,1,vendor
gesvd,double,sm_89,L,all,65,2,vendor
gesvd,double,sm_89,L,all,65,4,vendor
gesvd,double,sm_89,L,all,65,8,vendor
gesvd,double,sm_89,L,all,65,16,vendor
gesvd,double,sm_89,L,all,65,24,vendor
gesvd,double,sm_89,L,all,65,32,vendor
gesvd,double,sm_89,L,all,65,33,vendor
gesvd,double,sm_89,L,all,65,48,vendor
gesvd,double,sm_89,L,all,65,64,vendor
gesvd,double,sm_89,L,all,65,65,blocked|vendor
gesvd,double,sm_89,L,all,65,128,vendor
gesvd,double,sm_89,L,all,65,256,vendor
gesvd,double,sm_89,L,all,65,512,vendor
gesvd,double,sm_89,L,all,65,1024,vendor
gesvd,double,sm_89,L,all,128,1,vendor
gesvd,double,sm_89,L,all,128,2,vendor
gesvd,double,sm_89,L,all,128,4,vendor
gesvd,double,sm_89,L,all,128,8,vendor
gesvd,double,sm_89,L,all,128,16,vendor
gesvd,double,sm_89,L,all,128,24,vendor
gesvd,double,sm_89,L,all,128,32,vendor
gesvd,double,sm_89,L,all,128,33,vendor
gesvd,double,sm_89,L,all,128,48,vendor
gesvd,double,sm_89,L,all,128,64,vendor
gesvd,double,sm_89,L,all,128,65,vendor
gesvd,double,sm_89,L,all,128,128,blocked|vendor
gesvd,double,sm_89,L,all,128,256,vendor
gesvd,double,sm_89,L,all,128,512,vendor
gesvd,double,sm_89,L,all,128,1024,vendor
gesvd,double,sm_89,L,all,256,1,vendor
gesvd,double,sm_89,L,all,256,2,vendor
gesvd,double,sm_89,L,all,256,4,vendor
gesvd,double,sm_89,L,all,256,8,vendor
gesvd,double,sm_89,L,all,256,16,vendor
gesvd,double,sm_89,L,all,256,24,vendor
gesvd,double,sm_89,L,all,256,32,vendor
gesvd,double,sm_89,L,all,256,33,vendor
gesvd,double,sm_89,L,all,256,48,vendor
gesvd,double,sm_89,L,all,256,64,vendor
gesvd,double,sm_89,L,all,256,65,vendor
gesvd,double,sm_89,L,all,256,128,vendor
gesvd,double,sm_89,L,all,256,256,blocked|vendor
gesvd,double,sm_89,L,all,256,512,vendor
gesvd,double,sm_89,L,all,256,1024,vendor
gesvd,double,sm_89,L,all,512,1,vendor
gesvd,double,sm_89,L,all,512,2,vendor
gesvd,double,sm_89,L,all,512,4,vendor
gesvd,double,sm_89,L,all,512,8,vendor
gesvd,double,sm_89,L,all,512,16,vendor
gesvd,double,sm_89,L,all,512,24,vendor
gesvd,double,sm_89,L,all,512,32,vendor
gesvd,double,sm_89,L,all,512,33,vendor
gesvd,double,sm_89,L,all,512,48,vendor
gesvd,double,sm_89,L,all,512,64,vendor
gesvd,double,sm_89,L,all,512,65,vendor
gesvd,double,sm_89,L,all,512,128,vendor
gesvd,double,sm_89,L,all,512,256,vendor
gesvd,double,sm_89,L,all,512,512,blocked|vendor
gesvd,double,sm_89,L,all,512,1024,vendor
gesvd,double,sm_89,L,all,1024,1,vendor
gesvd,double,sm_89,L,all,1024,2,vendor
gesvd,double,sm_89,L,all,1024,4,vendor
gesvd,double,sm_89,L,all,1024,8,vendor
gesvd,double,sm_89,L,all,1024,16,vendor
gesvd,double,sm_89,L,all,1024,24,vendor
gesvd,double,sm_89,L,all,1024,32,vendor
gesvd,double,sm_89,L,all,1024,33,vendor
gesvd,double,sm_89,L,all,1024,48,vendor
gesvd,double,sm_89,L,all,1024,64,vendor
gesvd,double,sm_89,L,all,1024,65,vendor
gesvd,double,sm_89,L,all,1024,128,vendor
gesvd,double,sm_89,L,all,1024,256,vendor
gesvd,double,sm_89,L,all,1024,512,vendor
gesvd,double,sm_89,L,all,1024,1024,blocked|vendor
gesvd,double,sm_89,L,thin,1,1,blocked|vendor
gesvd,double,sm_89,L,thin,1,2,vendor
gesvd,double,sm_89,L,thin,1,4,vendor
gesvd,double,sm_89,L,thin,1,8,vendor
gesvd,double,sm_89,L,thin,1,16,vendor
gesvd,double,sm_89,L,thin,1,24,vendor
gesvd,double,sm_89,L,thin,1,32,vendor
gesvd,double,sm_89,L,thin,1,33,vendor
gesvd,double,sm_89,L,thin,1,48,vendor
gesvd,double,sm_89,L,thin,1,64,vendor
gesvd,double,sm_89,L,thin,1,65,vendor
gesvd,double,sm_89,L,thin,1,128,vendor
gesvd,double,sm_89,L,thin,1,256,vendor
gesvd,double,sm_89,L,thin,1,512,vendor
gesvd,double,sm_89,L,thin,1,1024,vendor
gesvd,double,sm_89,L,thin,2,1,vendor
gesvd,double,sm_89,L,thin,2,2,blocked|vendor
gesvd,double,sm_89,L,thin,2,4,vendor
gesvd,double,sm_89,L,thin,2,8,vendor
gesvd,double,sm_89,L,thin,2,16,vendor
gesvd,double,sm_89,L,thin,2,24,vendor
gesvd,double,sm_89,L,thin,2,32,vendor
gesvd,double,sm_89,L,thin,2,33,vendor
gesvd,double,sm_89,L,thin,2,48,vendor
gesvd,double,sm_89,L,thin,2,64,vendor
gesvd,double,sm_89,L,thin,2,65,vendor
gesvd,double,sm_89,L,thin,2,128,vendor
gesvd,double,sm_89,L,thin,2,256,vendor
gesvd,double,sm_89,L,thin,2,512,vendor
gesvd,double,sm_89,L,thin,2,1024,vendor
gesvd,double,sm_89,L,thin,4,1,vendor
gesvd,double,sm_89,L,thin,4,2,vendor
gesvd,double,sm_89,L,thin,4,4,blocked|vendor
gesvd,double,sm_89,L,thin,4,8,vendor
gesvd,double,sm_89,L,thin,4,16,vendor
gesvd,double,sm_89,L,thin,4,24,vendor
gesvd,double,sm_89,L,thin,4,32,vendor
gesvd,double,sm_89,L,thin,4,33,vendor
gesvd,double,sm_89,L,thin,4,48,vendor
gesvd,double,sm_89,L,thin,4,64,vendor
gesvd,double,sm_89,L,thin,4,65,vendor
gesvd,double,sm_89,L,thin,4,128,vendor
gesvd,double,sm_89,L,thin,4,256,vendor
gesvd,double,sm_89,L,thin,4,512,vendor
gesvd,double,sm_89,L,thin,4,1024,vendor
gesvd,double,sm_89,L,thin,8,1,vendor
gesvd,double,sm_89,L,thin,8,2,vendor
gesvd,double,sm_89,L,thin,8,4,vendor
gesvd,double,sm_89,L,thin,8,8,blocked|vendor
gesvd,double,sm_89,L,thin,8,16,vendor
gesvd,double,sm_89,L,thin,8,24,vendor
gesvd,double,sm_89,L,thin,8,32,vendor
gesvd,double,sm_89,L,thin,8,33,vendor
gesvd,double,sm_89,L,thin,8,48,vendor
gesvd,double,sm_89,L,thin,8,64,vendor
gesvd,double,sm_89,L,thin,8,65,vendor
gesvd,double,sm_89,L,thin,8,128,vendor
gesvd,double,sm_89,L,thin,8,256,vendor
gesvd,double,sm_89,L,thin,8,512,vendor
gesvd,double,sm_89,L,thin,8,1024,vendor
gesvd,double,sm_89,L,thin,16,1,vendor
gesvd,double,sm_89,L,thin,16,2,vendor
gesvd,double,sm_89,L,thin,16,4,vendor
gesvd,double,sm_89,L,thin,16,8,vendor
gesvd,double,sm_89,L,thin,16,16,blocked|vendor
gesvd,double,sm_89,L,thin,16,24,vendor
gesvd,double,sm_89,L,thin,16,32,vendor
gesvd,double,sm_89,L,thin,16,33,vendor
gesvd,double,sm_89,L,thin,16,48,vendor
gesvd,double,sm_89,L,thin,16,64,vendor
gesvd,double,sm_89,L,thin,16,65,vendor
gesvd,double,sm_89,L,thin,16,128,vendor
gesvd,double,sm_89,L,thin,16,256,vendor
gesvd,double,sm_89,L,thin,16,512,vendor
gesvd,double,sm_89,L,thin,16,1024,vendor
gesvd,double,sm_89,L,thin,24,1,vendor
gesvd,double,sm_89,L,thin,24,2,vendor
gesvd,double,sm_89,L,thin,24,4,vendor
gesvd,double,sm_89,L,thin,24,8,vendor
gesvd,double,sm_89,L,thin,24,16,vendor
gesvd,double,sm_89,L,thin,24,24,blocked|vendor
gesvd,double,sm_89,L,thin,24,32,vendor
gesvd,double,sm_89,L,thin,24,33,vendor
gesvd,double,sm_89,L,thin,24,48,vendor
gesvd,double,sm_89,L,thin,24,64,vendor
gesvd,double,sm_89,L,thin,24,65,vendor
gesvd,double,sm_89,L,thin,24,128,vendor
gesvd,double,sm_89,L,thin,24,256,vendor
gesvd,double,sm_89,L,thin,24,512,vendor
gesvd,double,sm_89,L,thin,24,1024,vendor
gesvd,double,sm_89,L,thin,32,1,vendor
gesvd,double,sm_89,L,thin,32,2,vendor
gesvd,double,sm_89,L,thin,32,4,vendor
gesvd,double,sm_89,L,thin,32,8,vendor
gesvd,double,sm_89,L,thin,32,16,vendor
gesvd,double,sm_89,L,thin,32,24,vendor
gesvd,double,sm_89,L,thin,32,32,blocked|vendor
gesvd,double,sm_89,L,thin,32,33,vendor
gesvd,double,sm_89,L,thin,32,48,vendor
gesvd,double,sm_89,L,thin,32,64,vendor
gesvd,double,sm_89,L,thin,32,65,vendor
gesvd,double,sm_89,L,thin,32,128,vendor
gesvd,double,sm_89,L,thin,32,256,vendor
gesvd,double,sm_89,L,thin,32,512,vendor
gesvd,double,sm_89,L,thin,32,1024,vendor
gesvd,double,sm_89,L,thin,33,1,vendor
gesvd,double,sm_89,L,thin,33,2,vendor
gesvd,double,sm_89,L,thin,33,4,vendor
gesvd,double,sm_89,L,thin,33,8,vendor
gesvd,double,sm_89,L,thin,33,16,vendor
gesvd,double,sm_89,L,thin,33,24,vendor
gesvd,double,sm_89,L,thin,33,32,vendor
gesvd,double,sm_89,L,thin,33,33,blocked|vendor
gesvd,double,sm_89,L,thin,33,48,vendor
gesvd,double,sm_89,L,thin,33,64,vendor
gesvd,double,sm_89,L,thin,33,65,vendor
gesvd,double,sm_89,L,thin,33,128,vendor
gesvd,double,sm_89,L,thin,33,256,vendor
gesvd,double,sm_89,L,thin,33,512,vendor
gesvd,double,sm_89,L,thin,33,1024,vendor
gesvd,double,sm_89,L,thin,48,1,vendor
gesvd,double,sm_89,L,thin,48,2,vendor
gesvd,double,sm_89,L,thin,48,4,vendor
gesvd,double,sm_89,L,thin,48,8,vendor
gesvd,double,sm_89,L,thin,48,16,vendor
gesvd,double,sm_89,L,thin,48,24,vendor
gesvd,double,sm_89,L,thin,48,32,vendor
gesvd,double,sm_89,L,thin,48,33,vendor
gesvd,double,sm_89,L,thin,48,48,blocked|vendor
gesvd,double,sm_89,L,thin,48,64,vendor
gesvd,double,sm_89,L,thin,48,65,vendor
gesvd,double,sm_89,L,thin,48,128,vendor
gesvd,double,sm_89,L,thin,48,256,vendor
gesvd,double,sm_89,L,thin,48,512,vendor
gesvd,double,sm_89,L,thin,48,1024,vendor
gesvd,double,sm_89,L,thin,64,1,vendor
gesvd,double,sm_89,L,thin,64,2,vendor
gesvd,double,sm_89,L,thin,64,4,vendor
gesvd,double,sm_89,L,thin,64,8,vendor
gesvd,double,sm_89,L,thin,64,16,vendor
gesvd,double,sm_89,L,thin,64,24,vendor
gesvd,double,sm_89,L,thin,64,32,vendor
gesvd,double,sm_89,L,thin,64,33,vendor
gesvd,double,sm_89,L,thin,64,48,vendor
gesvd,double,sm_89,L,thin,64,64,blocked|vendor
gesvd,double,sm_89,L,thin,64,65,vendor
gesvd,double,sm_89,L,thin,64,128,vendor
gesvd,double,sm_89,L,thin,64,256,vendor
gesvd,double,sm_89,L,thin,64,512,vendor
gesvd,double,sm_89,L,thin,64,1024,vendor
gesvd,double,sm_89,L,thin,65,1,vendor
gesvd,double,sm_89,L,thin,65,2,vendor
gesvd,double,sm_89,L,thin,65,4,vendor
gesvd,double,sm_89,L,thin,65,8,vendor
gesvd,double,sm_89,L,thin,65,16,vendor
gesvd,double,sm_89,L,thin,65,24,vendor
gesvd,double,sm_89,L,thin,65,32,vendor
gesvd,double,sm_89,L,thin,65,33,vendor
gesvd,double,sm_89,L,thin,65,48,vendor
gesvd,double,sm_89,L,thin,65,64,vendor
gesvd,double,sm_89,L,thin,65,65,blocked|vendor
gesvd,double,sm_89,L,thin,65,128,vendor
gesvd,double,sm_89,L,thin,65,256,vendor
gesvd,double,sm_89,L,thin,65,512,vendor
gesvd,double,sm_89,L,thin,65,1024,vendor
gesvd,double,sm_89,L,thin,128,1,vendor
gesvd,double,sm_89,L,thin,128,2,vendor
gesvd,double,sm_89,L,thin,128,4,vendor
gesvd,double,sm_89,L,thin,128,8,vendor
gesvd,double,sm_89,L,thin,128,16,vendor
gesvd,double,sm_89,L,thin,128,24,vendor
gesvd,double,sm_89,L,thin,128,32,vendor
gesvd,double,sm_89,L,thin,128,33,vendor
gesvd,double,sm_89,L,thin,128,48,vendor
gesvd,double,sm_89,L,thin,128,64,vendor
gesvd,double,sm_89,L,thin,128,65,vendor
gesvd,double,sm_89,L,thin,128,128,blocked|vendor
gesvd,double,sm_89,L,thin,128,256,vendor
gesvd,double,sm_89,L,thin,128,512,vendor
gesvd,double,sm_89,L,thin,128,1024,vendor
gesvd,double,sm_89,L,thin,256,1,vendor
gesvd,double,sm_89,L,thin,256,2,vendor
gesvd,double,sm_89,L,thin,256,4,vendor
gesvd,double,sm_89,L,thin,256,8,vendor
gesvd,double,sm_89,L,thin,256,16,vendor
gesvd,double,sm_89,L,thin,256,24,vendor
gesvd,double,sm_89,L,thin,256,32,vendor
gesvd,double,sm_89,L,thin,256,33,vendor
gesvd,double,sm_89,L,thin,256,48,vendor
gesvd,double,sm_89,L,thin,256,64,vendor
gesvd,double,sm_89,L,thin,256,65,vendor
gesvd,double,sm_89,L,thin,256,128,vendor
gesvd,double,sm_89,L,thin,256,256,blocked|vendor
gesvd,double,sm_89,L,thin,256,512,vendor
gesvd,double,sm_89,L,thin,256,1024,vendor
gesvd,double,sm_89,L,thin,512,1,vendor
gesvd,double,sm_89,L,thin,512,2,vendor
gesvd,double,sm_89,L,thin,512,4,vendor
gesvd,double,sm_89,L,thin,512,8,vendor
gesvd,double,sm_89,L,thin,512,16,vendor
gesvd,double,sm_89,L,thin,512,24,vendor
gesvd,double,sm_89,L,thin,512,32,vendor
gesvd,double,sm_89,L,thin,512,33,vendor
gesvd,double,sm_89,L,thin,512,48,vendor
gesvd,double,sm_89,L,thin,512,64,vendor
gesvd,double,sm_89,L,thin,512,65,vendor
gesvd,double,sm_89,L,thin,512,128,vendor
gesvd,double,sm_89,L,thin,512,256,vendor
gesvd,double,sm_89,L,thin,512,512,blocked|vendor
gesvd,double,sm_89,L,thin,512,1024,vendor
gesvd,double,sm_89,L,thin,1024,1,vendor
gesvd,double,sm_89,L,thin,1024,2,vendor
gesvd,double,sm_89,L,thin,1024,4,vendor
gesvd,double,sm_89,L,thin,1024,8,vendor
gesvd,double,sm_89,L,thin,1024,16,vendor
gesvd,double,sm_89,L,thin,1024,24,vendor
gesvd,double,sm_89,L,thin,1024,32,vendor
gesvd,double,sm_89,L,thin,1024,33,vendor
gesvd,double,sm_89,L,thin,1024,48,vendor
gesvd,double,sm_89,L,thin,1024,64,vendor
gesvd,double,sm_89,L,thin,1024,65,vendor
gesvd,double,sm_89,L,thin,1024,128,vendor
gesvd,double,sm_89,L,thin,1024,256,vendor
gesvd,double,sm_89,L,thin,1024,512,vendor
gesvd,double,sm_89,L,thin,1024,1024,blocked|vendor
gesvd,double,sm_89,U,none,1,1,cta|vendor
gesvd,double,sm_89,U,none,1,2,vendor
gesvd,double,sm_89,U,none,1,4,vendor
gesvd,double,sm_89,U,none,1,8,vendor
gesvd,double,sm_89,U,none,1,16,vendor
gesvd,double,sm_89,U,none,1,24,vendor
gesvd,double,sm_89,U,none,1,32,vendor
gesvd,double,sm_89,U,none,1,33,vendor
gesvd,double,sm_89,U,none,1,48,vendor
gesvd,double,sm_89,U,none,1,64,vendor
gesvd,double,sm_89,U,none,1,65,vendor
gesvd,double,sm_89,U,none,1,128,vendor
gesvd,double,sm_89,U,none,1,256,vendor
gesvd,double,sm_89,U,none,1,512,vendor
gesvd,double,sm_89,U,none,1,1024,vendor
gesvd,double,sm_89,U,none,2,1,vendor
gesvd,double,sm_89,U,none,2,2,cta|vendor
gesvd,double,sm_89,U,none,2,4,vendor
gesvd,double,sm_89,U,none,2,8,vendor
gesvd,double,sm_89,U,none,2,16,vendor
gesvd,double,sm_89,U,none,2,24,vendor
gesvd,double,sm_89,U,none,2,32,vendor
gesvd,double,sm_89,U,none,2,33,vendor
gesvd,double,sm_89,U,none,2,48,vendor
gesvd,double,sm_89,U,none,2,64,vendor
gesvd,double,sm_89,U,none,2,65,vendor
gesvd,double,sm_89,U,none,2,128,vendor
gesvd,double,sm_89,U,none,2,256,vendor
gesvd,double,sm_89,U,none,2,512,vendor
gesvd,double,sm_89,U,none,2,1024,vendor
gesvd,double,sm_89,U,none,4,1,vendor
gesvd,double,sm_89,U,none,4,2,vendor
gesvd,double,sm_89,U,none,4,4,cta|vendor
gesvd,double,sm_89,U,none,4,8,vendor
gesvd,double,sm_89,U,none,4,16,vendor
gesvd,double,sm_89,U,none,4,24,vendor
gesvd,double,sm_89,U,none,4,32,vendor
gesvd,double,sm_89,U,none,4,33,vendor
gesvd,double,sm_89,U,none,4,48,vendor
gesvd,double,sm_89,U,none,4,64,vendor
gesvd,double,sm_89,U,none,4,65,vendor
gesvd,double,sm_89,U,none,4,128,vendor
gesvd,double,sm_89,U,none,4,256,vendor
gesvd,double,sm_89,U,none,4,512,vendor
gesvd,double,sm_89,U,none,4,1024,vendor
gesvd,double,sm_89,U,none,8,1,vendor
gesvd,double,sm_89,U,none,8,2,vendor
gesvd,double,sm_89,U,none,8,4,vendor
gesvd,double,sm_89,U,none,8,8,cta|vendor
gesvd,double,sm_89,U,none,8,16,vendor
gesvd,double,sm_89,U,none,8,24,vendor
gesvd,double,sm_89,U,none,8,32,vendor
gesvd,double,sm_89,U,none,8,33,vendor
gesvd,double,sm_89,U,none,8,48,vendor
gesvd,double,sm_89,U,none,8,64,vendor
gesvd,double,sm_89,U,none,8,65,vendor
gesvd,double,sm_89,U,none,8,128,vendor
gesvd,double,sm_89,U,none,8,256,vendor
gesvd,double,sm_89,U,none,8,512,vendor
gesvd,double,sm_89,U,none,8,1024,vendor
gesvd,double,sm_89,U,none,16,1,vendor
gesvd,double,sm_89,U,none,16,2,vendor
gesvd,double,sm_89,U,none,16,4,vendor
gesvd,double,sm_89,U,none,16,8,vendor
gesvd,double,sm_89,U,none,16,16,cta|vendor
gesvd,double,sm_89,U,none,16,24,vendor
gesvd,double,sm_89,U,none,16,32,vendor
gesvd,double,sm_89,U,none,16,33,vendor
gesvd,double,sm_89,U,none,16,48,vendor
gesvd,double,sm_89,U,none,16,64,vendor
gesvd,double,sm_89,U,none,16,65,vendor
gesvd,double,sm_89,U,none,16,128,vendor
gesvd,double,sm_89,U,none,16,256,vendor
gesvd,double,sm_89,U,none,16,512,vendor
gesvd,double,sm_89,U,none,16,1024,vendor
gesvd,double,sm_89,U,none,24,1,vendor
gesvd,double,sm_89,U,none,24,2,vendor
gesvd,double,sm_89,U,none,24,4,vendor
gesvd,double,sm_89,U,none,24,8,vendor
gesvd,double,sm_89,U,none,24,16,vendor
gesvd,double,sm_89,U,none,24,24,cta|vendor
gesvd,double,sm_89,U,none,24,32,vendor
gesvd,double,sm_89,U,none,24,33,vendor
gesvd,double,sm_89,U,none,24,48,vendor
gesvd,double,sm_89,U,none,24,64,vendor
gesvd,double,sm_89,U,none,24,65,vendor
gesvd,double,sm_89,U,none,24,128,vendor
gesvd,double,sm_89,U,none,24,256,vendor
gesvd,double,sm_89,U,none,24,512,vendor
gesvd,double,sm_89,U,none,24,1024,vendor
gesvd,double,sm_89,U,none,32,1,vendor
gesvd,double,sm_89,U,none,32,2,vendor
gesvd,double,sm_89,U,none,32,4,vendor
gesvd,double,sm_89,U,none,32,8,vendor
gesvd,double,sm_89,U,none,32,16,vendor
gesvd,double,sm_89,U,none,32,24,vendor
gesvd,double,sm_89,U,none,32,32,cta|vendor
gesvd,double,sm_89,U,none,32,33,vendor
gesvd,double,sm_89,U,none,32,48,vendor
gesvd,double,sm_89,U,none,32,64,vendor
gesvd,double,sm_89,U,none,32,65,vendor
gesvd,double,sm_89,U,none,32,128,vendor
gesvd,double,sm_89,U,none,32,256,vendor
gesvd,double,sm_89,U,none,32,512,vendor
gesvd,double,sm_89,U,none,32,1024,vendor
gesvd,double,sm_89,U,none,33,1,vendor
gesvd,double,sm_89,U,none,33,2,vendor
gesvd,double,sm_89,U,none,33,4,vendor
gesvd,double,sm_89,U,none,33,8,vendor
gesvd,double,sm_89,U,none,33,16,vendor
gesvd,double,sm_89,U,none,33,24,vendor
gesvd,double,sm_89,U,none,33,32,vendor
gesvd,double,sm_89,U,none,33,33,vendor
gesvd,double,sm_89,U,none,33,48,vendor
gesvd,double,sm_89,U,none,33,64,vendor
gesvd,double,sm_89,U,none,33,65,vendor
gesvd,double,sm_89,U,none,33,128,vendor
gesvd,double,sm_89,U,none,33,256,vendor
gesvd,double,sm_89,U,none,33,512,vendor
gesvd,double,sm_89,U,none,33,1024,vendor
gesvd,double,sm_89,U,none,48,1,vendor
gesvd,double,sm_89,U,none,48,2,vendor
gesvd,double,sm_89,U,none,48,4,vendor
gesvd,double,sm_89,U,none,48,8,vendor
gesvd,double,sm_89,U,none,48,16,vendor
gesvd,double,sm_89,U,none,48,24,vendor
gesvd,double,sm_89,U,none,48,32,vendor
gesvd,double,sm_89,U,none,48,33,vendor
gesvd,double,sm_89,U,none,48,48,vendor
gesvd,double,sm_89,U,none,48,64,vendor
gesvd,double,sm_89,U,none,48,65,vendor
gesvd,double,sm_89,U,none,48,128,vendor
gesvd,double,sm_89,U,none,48,256,vendor
gesvd,double,sm_89,U,none,48,512,vendor
gesvd,double,sm_89,U,none,48,1024,vendor
gesvd,double,sm_89,U,none,64,1,vendor
gesvd,double,sm_89,U,none,64,2,vendor
gesvd,double,sm_89,U,none,64,4,vendor
gesvd,double,sm_89,U,none,64,8,vendor
gesvd,double,sm_89,U,none,64,16,vendor
gesvd,double,sm_89,U,none,64,24,vendor
gesvd,double,sm_89,U,none,64,32,vendor
gesvd,double,sm_89,U,none,64,33,vendor
gesvd,double,sm_89,U,none,64,48,vendor
gesvd,double,sm_89,U,none,64,64,vendor
gesvd,double,sm_89,U,none,64,65,vendor
gesvd,double,sm_89,U,none,64,128,vendor
gesvd,double,sm_89,U,none,64,256,vendor
gesvd,double,sm_89,U,none,64,512,vendor
gesvd,double,sm_89,U,none,64,1024,vendor
gesvd,double,sm_89,U,none,65,1,vendor
gesvd,double,sm_89,U,none,65,2,vendor
gesvd,double,sm_89,U,none,65,4,vendor
gesvd,double,sm_89,U,none,65,8,vendor
gesvd,double,sm_89,U,none,65,16,vendor
gesvd,double,sm_89,U,none,65,24,vendor
gesvd,double,sm_89,U,none,65,32,vendor
gesvd,double,sm_89,U,none,65,33,vendor
gesvd,double,sm_89,U,none,65,48,vendor
gesvd,double,sm_89,U,none,65,64,vendor
gesvd,double,sm_89,U,none,65,65,vendor
gesvd,double,sm_89,U,none,65,128,vendor
gesvd,double,sm_89,U,none,65,256,vendor
gesvd,double,sm_89,U,none,65,512,vendor
gesvd,double,sm_89,U,none,65,1024,vendor
gesvd,double,sm_89,U,none,128,1,vendor
gesvd,double,sm_89,U,none,128,2,vendor
gesvd,double,sm_89,U,none,128,4,vendor
gesvd,double,sm_89,U,none,128,8,vendor
gesvd,double,sm_89,U,none,128,16,vendor
gesvd,double,sm_89,U,none,128,24,vendor
gesvd,double,sm_89,U,none,128,32,vendor
gesvd,double,sm_89,U,none,128,33,vendor
gesvd,double,sm_89,U,none,128,48,vendor
gesvd,double,sm_89,U,none,128,64,vendor
gesvd,double,sm_89,U,none,128,65,vendor
gesvd,double,sm_89,U,none,128,128,vendor
gesvd,double,sm_89,U,none,128,256,vendor
gesvd,double,sm_89,U,none,128,512,vendor
gesvd,double,sm_89,U,none,128,1024,vendor
gesvd,double,sm_89,U,none,256,1,vendor
gesvd,double,sm_89,U,none,256,2,vendor
gesvd,double,sm_89,U,none,256,4,vendor
gesvd,double,sm_89,U,none,256,8,vendor
gesvd,double,sm_89,U,none,256,16,vendor
gesvd,double,sm_89,U,none,256,24,vendor
gesvd,double,sm_89,U,none,256,32,vendor
gesvd,double,sm_89,U,none,256,33,vendor
gesvd,double,sm_89,U,none,256,48,vendor
gesvd,double,sm_89,U,none,256,64,vendor
gesvd,double,sm_89,U,none,256,65,vendor
gesvd,double,sm_89,U,none,256,128,vendor
gesvd,double,sm_89,U,none,256,256,vendor
gesvd,double,sm_89,U,none,256,512,vendor
gesvd,double,sm_89,U,none,256,1024,vendor
gesvd,double,sm_89,U,none,512,1,vendor
gesvd,double,sm_89,U,none,512,2,vendor
gesvd,double,sm_89,U,none,512,4,vendor
gesvd,double,sm_89,U,none,512,8,vendor
gesvd,double,sm_89,U,none,512,16,vendor
gesvd,double,sm_89,U,none,512,24,vendor
gesvd,double,sm_89,U,none,512,32,vendor
gesvd,double,sm_89,U,none,512,33,vendor
gesvd,double,sm_89,U,none,512,48,vendor
gesvd,double,sm_89,U,none,512,64,vendor
gesvd,double,sm_89,U,none,512,65,vendor
gesvd,double,sm_89,U,none,512,128,vendor
gesvd,double,sm_89,U,none,512,256,vendor
gesvd,double,sm_89,U,none,512,512,vendor
gesvd,double,sm_89,U,none,512,1024,vendor
gesvd,double,sm_89,U,none,1024,1,vendor
gesvd,double,sm_89,U,none,1024,2,vendor
gesvd,double,sm_89,U,none,1024,4,vendor
gesvd,double,sm_89,U,none,1024,8,vendor
gesvd,double,sm_89,U,none,1024,16,vendor
gesvd,double,sm_89,U,none,1024,24,vendor
gesvd,double,sm_89,U,none,1024,32,vendor
gesvd,double,sm_89,U,none,1024,33,vendor
gesvd,double,sm_89,U,none,1024,48,vendor
gesvd,double,sm_89,U,none,1024,64,vendor
gesvd,double,sm_89,U,none,1024,65,vendor
gesvd,double,sm_89,U,none,1024,128,vendor
gesvd,double,sm_89,U,none,1024,256,vendor
gesvd,double,sm_89,U,none,1024,512,vendor
gesvd,double,sm_89,U,none,1024,1024,vendor
gesvd,double,sm_89,U,all,1,1,cta|vendor
gesvd,double,sm_89,U,all,1,2,vendor
gesvd,double,sm_89,U,all,1,4,vendor
gesvd,double,sm_89,U,all,1,8,vendor
gesvd,double,sm_89,U,all,1,16,vendor
gesvd,double,sm_89,U,all,1,24,vendor
gesvd,double,sm_89,U,all,1,32,vendor
gesvd,double,sm_89,U,all,1,33,vendor
gesvd,double,sm_89,U,all,1,48,vendor
gesvd,double,sm_89,U,all,1,64,vendor
gesvd,double,sm_89,U,all,1,65,vendor
gesvd,double,sm_89,U,all,1,128,vendor
gesvd,double,sm_89,U,all,1,256,vendor
gesvd,double,sm_89,U,all,1,512,vendor
gesvd,double,sm_89,U,all,1,1024,vendor
gesvd,double,sm_89,U,all,2,1,vendor
gesvd,double,sm_89,U,all,2,2,cta|vendor
gesvd,double,sm_89,U,all,2,4,vendor
gesvd,double,sm_89,U,all,2,8,vendor
gesvd,double,sm_89,U,all,2,16,vendor
gesvd,double,sm_89,U,all,2,24,vendor
gesvd,double,sm_89,U,all,2,32,vendor
gesvd,double,sm_89,U,all,2,33,vendor
gesvd,double,sm_89,U,all,2,48,vendor
gesvd,double,sm_89,U,all,2,64,vendor
gesvd,double,sm_89,U,all,2,65,vendor
gesvd,double,sm_89,U,all,2,128,vendor
gesvd,double,sm_89,U,all,2,256,vendor
gesvd,double,sm_89,U,all,2,512,vendor
gesvd,double,sm_89,U,all,2,1024,vendor
gesvd,double,sm_89,U,all,4,1,vendor
gesvd,double,sm_89,U,all,4,2,vendor
gesvd,double,sm_89,U,all,4,4,cta|vendor
gesvd,double,sm_89,U,all,4,8,vendor
gesvd,double,sm_89,U,all,4,16,vendor
gesvd,double,sm_89,U,all,4,24,vendor
gesvd,double,sm_89,U,all,4,32,vendor
gesvd,double,sm_89,U,all,4,33,vendor
gesvd,double,sm_89,U,all,4,48,vendor
gesvd,double,sm_89,U,all,4,64,vendor
gesvd,double,sm_89,U,all,4,65,vendor
gesvd,double,sm_89,U,all,4,128,vendor
gesvd,double,sm_89,U,all,4,256,vendor
gesvd,double,sm_89,U,all,4,512,vendor
gesvd,double,sm_89,U,all,4,1024,vendor
gesvd,double,sm_89,U,all,8,1,vendor
gesvd,double,sm_89,U,all,8,2,vendor
gesvd,double,sm_89,U,all,8,4,vendor
gesvd,double,sm_89,U,all,8,8,cta|vendor
gesvd,double,sm_89,U,all,8,16,vendor
gesvd,double,sm_89,U,all,8,24,vendor
gesvd,double,sm_89,U,all,8,32,vendor
gesvd,double,sm_89,U,all,8,33,vendor
gesvd,double,sm_89,U,all,8,48,vendor
gesvd,double,sm_89,U,all,8,64,vendor
gesvd,double,sm_89,U,all,8,65,vendor
gesvd,double,sm_89,U,all,8,128,vendor
gesvd,double,sm_89,U,all,8,256,vendor
gesvd,double,sm_89,U,all,8,512,vendor
gesvd,double,sm_89,U,all,8,1024,vendor
gesvd,double,sm_89,U,all,16,1,vendor
gesvd,double,sm_89,U,all,16,2,vendor
gesvd,double,sm_89,U,all,16,4,vendor
gesvd,double,sm_89,U,all,16,8,vendor
gesvd,double,sm_89,U,all,16,16,cta|vendor
gesvd,double,sm_89,U,all,16,24,vendor
gesvd,double,sm_89,U,all,16,32,vendor
gesvd,double,sm_89,U,all,16,33,vendor
gesvd,double,sm_89,U,all,16,48,vendor
gesvd,double,sm_89,U,all,16,64,vendor
gesvd,double,sm_89,U,all,16,65,vendor
gesvd,double,sm_89,U,all,16,128,vendor
gesvd,double,sm_89,U,all,16,256,vendor
gesvd,double,sm_89,U,all,16,512,vendor
gesvd,double,sm_89,U,all,16,1024,vendor
gesvd,double,sm_89,U,all,24,1,vendor
gesvd,double,sm_89,U,all,24,2,vendor
gesvd,double,sm_89,U,all,24,4,vendor
gesvd,double,sm_89,U,all,24,8,vendor
gesvd,double,sm_89,U,all,24,16,vendor
gesvd,double,sm_89,U,all,24,24,cta|vendor
gesvd,double,sm_89,U,all,24,32,vendor
gesvd,double,sm_89,U,all,24,33,vendor
gesvd,double,sm_89,U,all,24,48,vendor
gesvd,double,sm_89,U,all,24,64,vendor
gesvd,double,sm_89,U,all,24,65,vendor
gesvd,double,sm_89,U,all,24,128,vendor
gesvd,double,sm_89,U,all,24,256,vendor
gesvd,double,sm_89,U,all,24,512,vendor
gesvd,double,sm_89,U,all,24,1024,vendor
gesvd,double,sm_89,U,all,32,1,vendor
gesvd,double,sm_89,U,all,32,2,vendor
gesvd,double,sm_89,U,all,32,4,vendor
gesvd,double,sm_89,U,all,32,8,vendor
gesvd,double,sm_89,U,all,32,16,vendor
gesvd,double,sm_89,U,all,32,24,vendor
gesvd,double,sm_89,U,all,32,32,cta|vendor
gesvd,double,sm_89,U,all,32,33,vendor
gesvd,double,sm_89,U,all,32,48,vendor
gesvd,double,sm_89,U,all,32,64,vendor
gesvd,double,sm_89,U,all,32,65,vendor
gesvd,double,sm_89,U,all,32,128,vendor
gesvd,double,sm_89,U,all,32,256,vendor
gesvd,double,sm_89,U,all,32,512,vendor
gesvd,double,sm_89,U,all,32,1024,vendor
gesvd,double,sm_89,U,all,33,1,vendor
gesvd,double,sm_89,U,all,33,2,vendor
gesvd,double,sm_89,U,all,33,4,vendor
gesvd,double,sm_89,U,all,33,8,vendor
gesvd,double,sm_89,U,all,33,16,vendor
gesvd,double,sm_89,U,all,33,24,vendor
gesvd,double,sm_89,U,all,33,32,vendor
gesvd,double,sm_89,U,all,33,33,vendor
gesvd,double,sm_89,U,all,33,48,vendor
gesvd,double,sm_89,U,all,33,64,vendor
gesvd,double,sm_89,U,all,33,65,vendor
gesvd,double,sm_89,U,all,33,128,vendor
gesvd,double,sm_89,U,all,33,256,vendor
gesvd,double,sm_89,U,all,33,512,vendor
gesvd,double,sm_89,U,all,33,1024,vendor
gesvd,double,sm_89,U,all,48,1,vendor
gesvd,double,sm_89,U,all,48,2,vendor
gesvd,double,sm_89,U,all,48,4,vendor
gesvd,double,sm_89,U,all,48,8,vendor
gesvd,double,sm_89,U,all,48,16,vendor
gesvd,double,sm_89,U,all,48,24,vendor
gesvd,double,sm_89,U,all,48,32,vendor
gesvd,double,sm_89,U,all,48,33,vendor
gesvd,double,sm_89,U,all,48,48,vendor
gesvd,double,sm_89,U,all,48,64,vendor
gesvd,double,sm_89,U,all,48,65,vendor
gesvd,double,sm_89,U,all,48,128,vendor
gesvd,double,sm_89,U,all,48,256,vendor
gesvd,double,sm_89,U,all,48,512,vendor
gesvd,double,sm_89,U,all,48,1024,vendor
gesvd,double,sm_89,U,all,64,1,vendor
gesvd,double,sm_89,U,all,64,2,vendor
gesvd,double,sm_89,U,all,64,4,vendor
gesvd,double,sm_89,U,all,64,8,vendor
gesvd,double,sm_89,U,all,64,16,vendor
gesvd,double,sm_89,U,all,64,24,vendor
gesvd,double,sm_89,U,all,64,32,vendor
gesvd,double,sm_89,U,all,64,33,vendor
gesvd,double,sm_89,U,all,64,48,vendor
gesvd,double,sm_89,U,all,64,64,vendor
gesvd,double,sm_89,U,all,64,65,vendor
gesvd,double,sm_89,U,all,64,128,vendor
gesvd,double,sm_89,U,all,64,256,vendor
gesvd,double,sm_89,U,all,64,512,vendor
gesvd,double,sm_89,U,all,64,1024,vendor
gesvd,double,sm_89,U,all,65,1,vendor
gesvd,double,sm_89,U,all,65,2,vendor
gesvd,double,sm_89,U,all,65,4,vendor
gesvd,double,sm_89,U,all,65,8,vendor
gesvd,double,sm_89,U,all,65,16,vendor
gesvd,double,sm_89,U,all,65,24,vendor
gesvd,double,sm_89,U,all,65,32,vendor
gesvd,double,sm_89,U,all,65,33,vendor
gesvd,double,sm_89,U,all,65,48,vendor
gesvd,double,sm_89,U,all,65,64,vendor
gesvd,double,sm_89,U,all,65,65,vendor
gesvd,double,sm_89,U,all,65,128,vendor
gesvd,double,sm_89,U,all,65,256,vendor
gesvd,double,sm_89,U,all,65,512,vendor
gesvd,double,sm_89,U,all,65,1024,vendor
gesvd,double,sm_89,U,all,128,1,vendor
gesvd,double,sm_89,U,all,128,2,vendor
gesvd,double,sm_89,U,all,128,4,vendor
gesvd,double,sm_89,U,all,128,8,vendor
gesvd,double,sm_89,U,all,128,16,vendor
gesvd,double,sm_89,U,all,128,24,vendor
gesvd,double,sm_89,U,all,128,32,vendor
gesvd,double,sm_89,U,all,128,33,vendor
gesvd,double,sm_89,U,all,128,48,vendor
gesvd,double,sm_89,U,all,128,64,vendor
gesvd,double,sm_89,U,all,128,65,vendor
gesvd,double,sm_89,U,all,128,128,vendor
gesvd,double,sm_89,U,all,128,256,vendor
gesvd,double,sm_89,U,all,128,512,vendor
gesvd,double,sm_89,U,all,128,1024,vendor
gesvd,double,sm_89,U,all,256,1,vendor
gesvd,double,sm_89,U,all,256,2,vendor
gesvd,double,sm_89,U,all,256,4,vendor
gesvd,double,sm_89,U,all,256,8,vendor
gesvd,double,sm_89,U,all,256,16,vendor
gesvd,double,sm_89,U,all,256,24,vendor
gesvd,double,sm_89,U,all,256,32,vendor
gesvd,double,sm_89,U,all,256,33,vendor
gesvd,double,sm_89,U,all,256,48,vendor
gesvd,double,sm_89,U,all,256,64,vendor
gesvd,double,sm_89,U,all,256,65,vendor
gesvd,double,sm_89,U,all,256,128,vendor
gesvd,double,sm_89,U,all,256,256,vendor
gesvd,double,sm_89,U,all,256,512,vendor
gesvd,double,sm_89,U,all,256,1024,vendor
gesvd,double,sm_89,U,all,512,1,vendor
gesvd,double,sm_89,U,all,512,2,vendor
gesvd,double,sm_89,U,all,512,4,vendor
gesvd,double,sm_89,U,all,512,8,vendor
gesvd,double,sm_89,U,all,512,16,vendor
gesvd,double,sm_89,U,all,512,24,vendor
gesvd,double,sm_89,U,all,512,32,vendor
gesvd,double,sm_89,U,all,512,33,vendor
gesvd,double,sm_89,U,all,512,48,vendor
gesvd,double,sm_89,U,all,512,64,vendor
gesvd,double,sm_89,U,all,512,65,vendor
gesvd,double,sm_89,U,all,512,128,vendor
gesvd,double,sm_89,U,all,512,256,vendor
gesvd,double,sm_89,U,all,512,512,vendor
gesvd,double,sm_89,U,all,512,1024,vendor
gesvd,double,sm_89,U,all,1024,1,vendor
gesvd,double,sm_89,U,all,1024,2,vendor
gesvd,double,sm_89,U,all,1024,4,vendor
gesvd,double,sm_89,U,all,1024,8,vendor
gesvd,double,sm_89,U,all,1024,16,vendor
gesvd,double,sm_89,U,all,1024,24,vendor
gesvd,double,sm_89,U,all,1024,32,vendor
gesvd,double,sm_89,U,all,1024,33,vendor
gesvd,double,sm_89,U,all,1024,48,vendor
gesvd,double,sm_89,U,all,1024,64,vendor
gesvd,double,sm_89,U,all,1024,65,vendor
gesvd,double,sm_89,U,all,1024,128,vendor
gesvd,double,sm_89,U,all,1024,256,vendor
gesvd,double,sm_89,U,all,1024,512,vendor
gesvd,double,sm_89,U,all,1024,1024,vendor
gesvd,double,sm_89,U,thin,1,1,vendor
gesvd,double,sm_89,U,thin,1,2,vendor
gesvd,double,sm_89,U,thin,1,4,vendor
gesvd,double,sm_89,U,thin,1,8,vendor
gesvd,double,sm_89,U,thin,1,16,vendor
gesvd,double,sm_89,U,thin,1,24,vendor
gesvd,double,sm_89,U,thin,1,32,vendor
gesvd,double,sm_89,U,thin,1,33,vendor
gesvd,double,sm_89,U,thin,1,48,vendor
gesvd,double,sm_89,U,thin,1,64,vendor
gesvd,double,sm_89,U,thin,1,65,vendor
gesvd,double,sm_89,U,thin,1,128,vendor
gesvd,double,sm_89,U,thin,1,256,vendor
gesvd,double,sm_89,U,thin,1,512,vendor
gesvd,double,sm_89,U,thin,1,1024,vendor
gesvd,double,sm_89,U,thin,2,1,vendor
gesvd,double,sm_89,U,thin,2,2,vendor
gesvd,double,sm_89,U,thin,2,4,vendor
gesvd,double,sm_89,U,thin,2,8,vendor
gesvd,double,sm_89,U,thin,2,16,vendor
gesvd,double,sm_89,U,thin,2,24,vendor
gesvd,double,sm_89,U,thin,2,32,vendor
gesvd,double,sm_89,U,thin,2,33,vendor
gesvd,double,sm_89,U,thin,2,48,vendor
gesvd,double,sm_89,U,thin,2,64,vendor
gesvd,double,sm_89,U,thin,2,65,vendor
gesvd,double,sm_89,U,thin,2,128,vendor
gesvd,double,sm_89,U,thin,2,256,vendor
gesvd,double,sm_89,U,thin,2,512,vendor
gesvd,double,sm_89,U,thin,2,1024,vendor
gesvd,double,sm_89,U,thin,4,1,vendor
gesvd,double,sm_89,U,thin,4,2,vendor
gesvd,double,sm_89,U,thin,4,4,vendor
gesvd,double,sm_89,U,thin,4,8,vendor
gesvd,double,sm_89,U,thin,4,16,vendor
gesvd,double,sm_89,U,thin,4,24,vendor
gesvd,double,sm_89,U,thin,4,32,vendor
gesvd,double,sm_89,U,thin,4,33,vendor
gesvd,double,sm_89,U,thin,4,48,vendor
gesvd,double,sm_89,U,thin,4,64,vendor
gesvd,double,sm_89,U,thin,4,65,vendor
gesvd,double,sm_89,U,thin,4,128,vendor
gesvd,double,sm_89,U,thin,4,256,vendor
gesvd,double,sm_89,U,thin,4,512,vendor
gesvd,double,sm_89,U,thin,4,1024,vendor
gesvd,double,sm_89,U,thin,8,1,vendor
gesvd,double,sm_89,U,thin,8,2,vendor
gesvd,double,sm_89,U,thin,8,4,vendor
gesvd,double,sm_89,U,thin,8,8,vendor
gesvd,double,sm_89,U,thin,8,16,vendor
gesvd,double,sm_89,U,thin,8,24,vendor
gesvd,double,sm_89,U,thin,8,32,vendor
gesvd,double,sm_89,U,thin,8,33,vendor
gesvd,double,sm_89,U,thin,8,48,vendor
gesvd,double,sm_89,U,thin,8,64,vendor
gesvd,double,sm_89,U,thin,8,65,vendor
gesvd,double,sm_89,U,thin,8,128,vendor
gesvd,double,sm_89,U,thin,8,256,vendor
gesvd,double,sm_89,U,thin,8,512,vendor
gesvd,double,sm_89,U,thin,8,1024,vendor
gesvd,double,sm_89,U,thin,16,1,vendor
gesvd,double,sm_89,U,thin,16,2,vendor
gesvd,double,sm_89,U,thin,16,4,vendor
gesvd,double,sm_89,U,thin,16,8,vendor
gesvd,double,sm_89,U,thin,16,16,vendor
gesvd,double,sm_89,U,thin,16,24,vendor
gesvd,double,sm_89,U,thin,16,32,vendor
gesvd,double,sm_89,U,thin,16,33,vendor
gesvd,double,sm_89,U,thin,16,48,vendor
gesvd,double,sm_89,U,thin,16,64,vendor
gesvd,double,sm_89,U,thin,16,65,vendor
gesvd,double,sm_89,U,thin,16,128,vendor
gesvd,double,sm_89,U,thin,16,256,vendor
gesvd,double,sm_89,U,thin,16,512,vendor
gesvd,double,sm_89,U,thin,16,1024,vendor
gesvd,double,sm_89,U,thin,24,1,vendor
gesvd,double,sm_89,U,thin,24,2,vendor
gesvd,double,sm_89,U,thin,24,4,vendor
gesvd,double,sm_89,U,thin,24,8,vendor
gesvd,double,sm_89,U,thin,24,16,vendor
gesvd,double,sm_89,U,thin,24,24,vendor
gesvd,double,sm_89,U,thin,24,32,vendor
gesvd,double,sm_89,U,thin,24,33,vendor
gesvd,double,sm_89,U,thin,24,48,vendor
gesvd,double,sm_89,U,thin,24,64,vendor
gesvd,double,sm_89,U,thin,24,65,vendor
gesvd,double,sm_89,U,thin,24,128,vendor
gesvd,double,sm_89,U,thin,24,256,vendor
gesvd,double,sm_89,U,thin,24,512,vendor
gesvd,double,sm_89,U,thin,24,1024,vendor
gesvd,double,sm_89,U,thin,32,1,vendor
gesvd,double,sm_89,U,thin,32,2,vendor
gesvd,double,sm_89,U,thin,32,4,vendor
gesvd,double,sm_89,U,thin,32,8,vendor
gesvd,double,sm_89,U,thin,32,16,vendor
gesvd,double,sm_89,U,thin,32,24,vendor
gesvd,double,sm_89,U,thin,32,32,vendor
gesvd,double,sm_89,U,thin,32,33,vendor
gesvd,double,sm_89,U,thin,32,48,vendor
gesvd,double,sm_89,U,thin,32,64,vendor
gesvd,double,sm_89,U,thin,32,65,vendor
gesvd,double,sm_89,U,thin,32,128,vendor
gesvd,double,sm_89,U,thin,32,256,vendor
gesvd,double,sm_89,U,thin,32,512,vendor
gesvd,double,sm_89,U,thin,32,1024,vendor
gesvd,double,sm_89,U,thin,33,1,vendor
gesvd,double,sm_89,U,thin,33,2,vendor
gesvd,double,sm_89,U,thin,33,4,vendor
gesvd,double,sm_89,U,thin,33,8,vendor
gesvd,double,sm_89,U,thin,33,16,vendor
gesvd,double,sm_89,U,thin,33,24,vendor
gesvd,double,sm_89,U,thin,33,32,vendor
gesvd,double,sm_89,U,thin,33,33,vendor
gesvd,double,sm_89,U,thin,33,48,vendor
gesvd,double,sm_89,U,thin,33,64,vendor
gesvd,double,sm_89,U,thin,33,65,vendor
gesvd,double,sm_89,U,thin,33,128,vendor
gesvd,double,sm_89,U,thin,33,256,vendor
gesvd,double,sm_89,U,thin,33,512,vendor
gesvd,double,sm_89,U,thin,33,1024,vendor
gesvd,double,sm_89,U,thin,48,1,vendor
gesvd,double,sm_89,U,thin,48,2,vendor
gesvd,double,sm_89,U,thin,48,4,vendor
gesvd,double,sm_89,U,thin,48,8,vendor
gesvd,double,sm_89,U,thin,48,16,vendor
gesvd,double,sm_89,U,thin,48,24,vendor
gesvd,double,sm_89,U,thin,48,32,vendor
gesvd,double,sm_89,U,thin,48,33,vendor
gesvd,double,sm_89,U,thin,48,48,vendor
gesvd,double,sm_89,U,thin,48,64,vendor
gesvd,double,sm_89,U,thin,48,65,vendor
gesvd,double,sm_89,U,thin,48,128,vendor
gesvd,double,sm_89,U,thin,48,256,vendor
gesvd,double,sm_89,U,thin,48,512,vendor
gesvd,double,sm_89,U,thin,48,1024,vendor
gesvd,double,sm_89,U,thin,64,1,vendor
gesvd,double,sm_89,U,thin,64,2,vendor
gesvd,double,sm_89,U,thin,64,4,vendor
gesvd,double,sm_89,U,thin,64,8,vendor
gesvd,double,sm_89,U,thin,64,16,vendor
gesvd,double,sm_89,U,thin,64,24,vendor
gesvd,double,sm_89,U,thin,64,32,vendor
gesvd,double,sm_89,U,thin,64,33,vendor
gesvd,double,sm_89,U,thin,64,48,vendor
gesvd,double,sm_89,U,thin,64,64,vendor
gesvd,double,sm_89,U,thin,64,65,vendor
gesvd,double,sm_89,U,thin,64,128,vendor
gesvd,double,sm_89,U,thin,64,256,vendor
gesvd,double,sm_89,U,thin,64,512,vendor
gesvd,double,sm_89,U,thin,64,1024,vendor
gesvd,double,sm_89,U,thin,65,1,vendor
gesvd,double,sm_89,U,thin,65,2,vendor
gesvd,double,sm_89,U,thin,65,4,vendor
gesvd,double,sm_89,U,thin,65,8,vendor
gesvd,double,sm_89,U,thin,65,16,vendor
gesvd,double,sm_89,U,thin,65,24,vendor
gesvd,double,sm_89,U,thin,65,32,vendor
gesvd,double,sm_89,U,thin,65,33,vendor
gesvd,double,sm_89,U,thin,65,48,vendor
gesvd,double,sm_89,U,thin,65,64,vendor
gesvd,double,sm_89,U,thin,65,65,vendor
gesvd,double,sm_89,U,thin,65,128,vendor
gesvd,double,sm_89,U,thin,65,256,vendor
gesvd,double,sm_89,U,thin,65,512,vendor
gesvd,double,sm_89,U,thin,65,1024,vendor
gesvd,double,sm_89,U,thin,128,1,vendor
gesvd,double,sm_89,U,thin,128,2,vendor
gesvd,double,sm_89,U,thin,128,4,vendor
gesvd,double,sm_89,U,thin,128,8,vendor
gesvd,double,sm_89,U,thin,128,16,vendor
gesvd,double,sm_89,U,thin,128,24,vendor
gesvd,double,sm_89,U,thin,128,32,vendor
gesvd,double,sm_89,U,thin,128,33,vendor
gesvd,double,sm_89,U,thin,128,48,vendor
gesvd,double,sm_89,U,thin,128,64,vendor
gesvd,double,sm_89,U,thin,128,65,vendor
gesvd,double,sm_89,U,thin,128,128,vendor
gesvd,double,sm_89,U,thin,128,256,vendor
gesvd,double,sm_89,U,thin,128,512,vendor
gesvd,double,sm_89,U,thin,128,1024,vendor
gesvd,double,sm_89,U,thin,256,1,vendor
gesvd,double,sm_89,U,thin,256,2,vendor
gesvd,double,sm_89,U,thin,256,4,vendor
gesvd,double,sm_89,U,thin,256,8,vendor
gesvd,double,sm_89,U,thin,256,16,vendor
gesvd,double,sm_89,U,thin,256,24,vendor
gesvd,double,sm_89,U,thin,256,32,vendor
gesvd,double,sm_89,U,thin,256,33,vendor
gesvd,double,sm_89,U,thin,256,48,vendor
gesvd,double,sm_89,U,thin,256,64,vendor
gesvd,double,sm_89,U,thin,256,65,vendor
gesvd,double,sm_89,U,thin,256,128,vendor
gesvd,double,sm_89,U,thin,256,256,vendor
gesvd,double,sm_89,U,thin,256,512,vendor
gesvd,double,sm_89,U,thin,256,1024,vendor
gesvd,double,sm_89,U,thin,512,1,vendor
gesvd,double,sm_89,U,thin,512,2,vendor
gesvd,double,sm_89,U,thin,512,4,vendor
gesvd,double,sm_89,U,thin,512,8,vendor
gesvd,double,sm_89,U,thin,512,16,vendor
gesvd,double,sm_89,U,thin,512,24,vendor
gesvd,double,sm_89,U,thin,512,32,vendor
gesvd,double,sm_89,U,thin,512,33,vendor
gesvd,double,sm_89,U,thin,512,48,vendor
gesvd,double,sm_89,U,thin,512,64,vendor
gesvd,double,sm_89,U,thin,512,65,vendor
gesvd,double,sm_89,U,thin,512,128,vendor
gesvd,double,sm_89,U,thin,512,256,vendor
gesvd,double,sm_89,U,thin,512,512,vendor
gesvd,double,sm_89,U,thin,512,1024,vendor
gesvd,double,sm_89,U,thin,1024,1,vendor
gesvd,double,sm_89,U,thin,1024,2,vendor
gesvd,double,sm_89,U,thin,1024,4,vendor
gesvd,double,sm_89,U,thin,1024,8,vendor
gesvd,double,sm_89,U,thin,1024,16,vendor
gesvd,double,sm_89,U,thin,1024,24,vendor
gesvd,double,sm_89,U,thin,1024,32,vendor
gesvd,double,sm_89,U,thin,1024,33,vendor
gesvd,double,sm_89,U,thin,1024,48,vendor
gesvd,double,sm_89,U,thin,1024,64,vendor
gesvd,double,sm_89,U,thin,1024,65,vendor
gesvd,double,sm_89,U,thin,1024,128,vendor
gesvd,double,sm_89,U,thin,1024,256,vendor
gesvd,double,sm_89,U,thin,1024,512,vendor
gesvd,double,sm_89,U,thin,1024,1024,vendor
gesvd,cfloat,sm_89,N,none,1,1,jacobi|vendor
gesvd,cfloat,sm_89,N,none,1,2,jacobi|vendor
gesvd,cfloat,sm_89,N,none,1,4,jacobi|vendor
gesvd,cfloat,sm_89,N,none,1,8,jacobi|vendor
gesvd,cfloat,sm_89,N,none,1,16,jacobi|vendor
gesvd,cfloat,sm_89,N,none,1,24,jacobi|vendor
gesvd,cfloat,sm_89,N,none,1,32,jacobi|vendor
gesvd,cfloat,sm_89,N,none,1,33,jacobi|vendor
gesvd,cfloat,sm_89,N,none,1,48,jacobi|vendor
gesvd,cfloat,sm_89,N,none,1,64,jacobi|vendor
gesvd,cfloat,sm_89,N,none,1,65,vendor
gesvd,cfloat,sm_89,N,none,1,128,vendor
gesvd,cfloat,sm_89,N,none,1,256,vendor
gesvd,cfloat,sm_89,N,none,1,512,vendor
gesvd,cfloat,sm_89,N,none,1,1024,vendor
gesvd,cfloat,sm_89,N,none,2,1,jacobi|vendor
gesvd,cfloat,sm_89,N,none,2,2,jacobi|vendor
gesvd,cfloat,sm_89,N,none,2,4,jacobi|vendor
gesvd,cfloat,sm_89,N,none,2,8,jacobi|vendor
gesvd,cfloat,sm_89,N,none,2,16,jacobi|vendor
gesvd,cfloat,sm_89,N,none,2,24,jacobi|vendor
gesvd,cfloat,sm_89,N,none,2,32,jacobi|vendor
gesvd,cfloat,sm_89,N,none,2,33,jacobi|vendor
gesvd,cfloat,sm_89,N,none,2,48,jacobi|vendor
gesvd,cfloat,sm_89,N,none,2,64,jacobi|vendor
gesvd,cfloat,sm_89,N,none,2,65,vendor
gesvd,cfloat,sm_89,N,none,2,128,vendor
gesvd,cfloat,sm_89,N,none,2,256,vendor
gesvd,cfloat,sm_89,N,none,2,512,vendor
gesvd,cfloat,sm_89,N,none,2,1024,vendor
gesvd,cfloat,sm_89,N,none,4,1,jacobi|vendor
gesvd,cfloat,sm_89,N,none,4,2,jacobi|vendor
gesvd,cfloat,sm_89,N,none,4,4,jacobi|vendor
gesvd,cfloat,sm_89,N,none,4,8,jacobi|vendor
gesvd,cfloat,sm_89,N,none,4,16,jacobi|vendor
gesvd,cfloat,sm_89,N,none,4,24,jacobi|vendor
gesvd,cfloat,sm_89,N,none,4,32,jacobi|vendor
gesvd,cfloat,sm_89,N,none,4,33,jacobi|vendor
gesvd,cfloat,sm_89,N,none,4,48,jacobi|vendor
gesvd,cfloat,sm_89,N,none,4,64,jacobi|vendor
gesvd,cfloat,sm_89,N,none,4,65,vendor
gesvd,cfloat,sm_89,N,none,4,128,vendor
gesvd,cfloat,sm_89,N,none,4,256,vendor
gesvd,cfloat,sm_89,N,none,4,512,vendor
gesvd,cfloat,sm_89,N,none,4,1024,vendor
gesvd,cfloat,sm_89,N,none,8,1,jacobi|vendor
gesvd,cfloat,sm_89,N,none,8,2,jacobi|vendor
gesvd,cfloat,sm_89,N,none,8,4,jacobi|vendor
gesvd,cfloat,sm_89,N,none,8,8,jacobi|vendor
gesvd,cfloat,sm_89,N,none,8,16,jacobi|vendor
gesvd,cfloat,sm_89,N,none,8,24,jacobi|vendor
gesvd,cfloat,sm_89,N,none,8,32,jacobi|vendor
gesvd,cfloat,sm_89,N,none,8,33,jacobi|vendor
gesvd,cfloat,sm_89,N,none,8,48,jacobi|vendor
gesvd,cfloat,sm_89,N,none,8,64,jacobi|vendor
gesvd,cfloat,sm_89,N,none,8,65,vendor
gesvd,cfloat,sm_89,N,none,8,128,vendor
gesvd,cfloat,sm_89,N,none,8,256,vendor
gesvd,cfloat,sm_89,N,none,8,512,vendor
gesvd,cfloat,sm_89,N,none,8,1024,vendor
gesvd,cfloat,sm_89,N,none,16,1,jacobi|vendor
gesvd,cfloat,sm_89,N,none,16,2,jacobi|vendor
gesvd,cfloat,sm_89,N,none,16,4,jacobi|vendor
gesvd,cfloat,sm_89,N,none,16,8,jacobi|vendor
gesvd,cfloat,sm_89,N,none,16,16,jacobi|vendor
gesvd,cfloat,sm_89,N,none,16,24,jacobi|vendor
gesvd,cfloat,sm_89,N,none,16,32,jacobi|vendor
gesvd,cfloat,sm_89,N,none,16,33,jacobi|vendor
gesvd,cfloat,sm_89,N,none,16,48,jacobi|vendor
gesvd,cfloat,sm_89,N,none,16,64,jacobi|vendor
gesvd,cfloat,sm_89,N,none,16,65,vendor
gesvd,cfloat,sm_89,N,none,16,128,vendor
gesvd,cfloat,sm_89,N,none,16,256,vendor
gesvd,cfloat,sm_89,N,none,16,512,vendor
gesvd,cfloat,sm_89,N,none,16,1024,vendor
gesvd,cfloat,sm_89,N,none,24,1,jacobi|vendor
gesvd,cfloat,sm_89,N,none,24,2,jacobi|vendor
gesvd,cfloat,sm_89,N,none,24,4,jacobi|vendor
gesvd,cfloat,sm_89,N,none,24,8,jacobi|vendor
gesvd,cfloat,sm_89,N,none,24,16,jacobi|vendor
gesvd,cfloat,sm_89,N,none,24,24,jacobi|vendor
gesvd,cfloat,sm_89,N,none,24,32,jacobi|vendor
gesvd,cfloat,sm_89,N,none,24,33,jacobi|vendor
gesvd,cfloat,sm_89,N,none,24,48,jacobi|vendor
gesvd,cfloat,sm_89,N,none,24,64,jacobi|vendor
gesvd,cfloat,sm_89,N,none,24,65,vendor
gesvd,cfloat,sm_89,N,none,24,128,vendor
gesvd,cfloat,sm_89,N,none,24,256,vendor
gesvd,cfloat,sm_89,N,none,24,512,vendor
gesvd,cfloat,sm_89,N,none,24,1024,vendor
gesvd,cfloat,sm_89,N,none,32,1,jacobi|vendor
gesvd,cfloat,sm_89,N,none,32,2,jacobi|vendor
gesvd,cfloat,sm_89,N,none,32,4,jacobi|vendor
gesvd,cfloat,sm_89,N,none,32,8,jacobi|vendor
gesvd,cfloat,sm_89,N,none,32,16,jacobi|vendor
gesvd,cfloat,sm_89,N,none,32,24,jacobi|vendor
gesvd,cfloat,sm_89,N,none,32,32,jacobi|vendor
gesvd,cfloat,sm_89,N,none,32,33,jacobi|vendor
gesvd,cfloat,sm_89,N,none,32,48,jacobi|vendor
gesvd,cfloat,sm_89,N,none,32,64,jacobi|vendor
gesvd,cfloat,sm_89,N,none,32,65,vendor
gesvd,cfloat,sm_89,N,none,32,128,vendor
gesvd,cfloat,sm_89,N,none,32,256,vendor
gesvd,cfloat,sm_89,N,none,32,512,vendor
gesvd,cfloat,sm_89,N,none,32,1024,vendor
gesvd,cfloat,sm_89,N,none,33,1,jacobi|vendor
gesvd,cfloat,sm_89,N,none,33,2,jacobi|vendor
gesvd,cfloat,sm_89,N,none,33,4,jacobi|vendor
gesvd,cfloat,sm_89,N,none,33,8,jacobi|vendor
gesvd,cfloat,sm_89,N,none,33,16,jacobi|vendor
gesvd,cfloat,sm_89,N,none,33,24,jacobi|vendor
gesvd,cfloat,sm_89,N,none,33,32,jacobi|vendor
gesvd,cfloat,sm_89,N,none,33,33,jacobi|vendor
gesvd,cfloat,sm_89,N,none,33,48,jacobi|vendor
gesvd,cfloat,sm_89,N,none,33,64,jacobi|vendor
gesvd,cfloat,sm_89,N,none,33,65,vendor
gesvd,cfloat,sm_89,N,none,33,128,vendor
gesvd,cfloat,sm_89,N,none,33,256,vendor
gesvd,cfloat,sm_89,N,none,33,512,vendor
gesvd,cfloat,sm_89,N,none,33,1024,vendor
gesvd,cfloat,sm_89,N,none,48,1,jacobi|vendor
gesvd,cfloat,sm_89,N,none,48,2,jacobi|vendor
gesvd,cfloat,sm_89,N,none,48,4,jacobi|vendor
gesvd,cfloat,sm_89,N,none,48,8,jacobi|vendor
gesvd,cfloat,sm_89,N,none,48,16,jacobi|vendor
gesvd,cfloat,sm_89,N,none,48,24,jacobi|vendor
gesvd,cfloat,sm_89,N,none,48,32,jacobi|vendor
gesvd,cfloat,sm_89,N,none,48,33,jacobi|vendor
gesvd,cfloat,sm_89,N,none,48,48,jacobi|vendor
gesvd,cfloat,sm_89,N,none,48,64,jacobi|vendor
gesvd,cfloat,sm_89,N,none,48,65,vendor
gesvd,cfloat,sm_89,N,none,48,128,vendor
gesvd,cfloat,sm_89,N,none,48,256,vendor
gesvd,cfloat,sm_89,N,none,48,512,vendor
gesvd,cfloat,sm_89,N,none,48,1024,vendor
gesvd,cfloat,sm_89,N,none,64,1,jacobi|vendor
gesvd,cfloat,sm_89,N,none,64,2,jacobi|vendor
gesvd,cfloat,sm_89,N,none,64,4,jacobi|vendor
gesvd,cfloat,sm_89,N,none,64,8,jacobi|vendor
gesvd,cfloat,sm_89,N,none,64,16,jacobi|vendor
gesvd,cfloat,sm_89,N,none,64,24,jacobi|vendor
gesvd,cfloat,sm_89,N,none,64,32,jacobi|vendor
gesvd,cfloat,sm_89,N,none,64,33,jacobi|vendor
gesvd,cfloat,sm_89,N,none,64,48,jacobi|vendor
gesvd,cfloat,sm_89,N,none,64,64,jacobi|vendor
gesvd,cfloat,sm_89,N,none,64,65,vendor
gesvd,cfloat,sm_89,N,none,64,128,vendor
gesvd,cfloat,sm_89,N,none,64,256,vendor
gesvd,cfloat,sm_89,N,none,64,512,vendor
gesvd,cfloat,sm_89,N,none,64,1024,vendor
gesvd,cfloat,sm_89,N,none,65,1,vendor
gesvd,cfloat,sm_89,N,none,65,2,vendor
gesvd,cfloat,sm_89,N,none,65,4,vendor
gesvd,cfloat,sm_89,N,none,65,8,vendor
gesvd,cfloat,sm_89,N,none,65,16,vendor
gesvd,cfloat,sm_89,N,none,65,24,vendor
gesvd,cfloat,sm_89,N,none,65,32,vendor
gesvd,cfloat,sm_89,N,none,65,33,vendor
gesvd,cfloat,sm_89,N,none,65,48,vendor
gesvd,cfloat,sm_89,N,none,65,64,vendor
gesvd,cfloat,sm_89,N,none,65,65,vendor
gesvd,cfloat,sm_89,N,none,65,128,vendor
gesvd,cfloat,sm_89,N,none,65,256,vendor
gesvd,cfloat,sm_89,N,none,65,512,vendor
gesvd,cfloat,sm_89,N,none,65,1024,vendor
gesvd,cfloat,sm_89,N,none,128,1,vendor
gesvd,cfloat,sm_89,N,none,128,2,vendor
gesvd,cfloat,sm_89,N,none,128,4,vendor
gesvd,cfloat,sm_89,N,none,128,8,vendor
gesvd,cfloat,sm_89,N,none,128,16,vendor
gesvd,cfloat,sm_89,N,none,128,24,vendor
gesvd,cfloat,sm_89,N,none,128,32,vendor
gesvd,cfloat,sm_89,N,none,128,33,vendor
gesvd,cfloat,sm_89,N,none,128,48,vendor
gesvd,cfloat,sm_89,N,none,128,64,vendor
gesvd,cfloat,sm_89,N,none,128,65,vendor
gesvd,cfloat,sm_89,N,none,128,128,vendor
gesvd,cfloat,sm_89,N,none,128,256,vendor
gesvd,cfloat,sm_89,N,none,128,512,vendor
gesvd,cfloat,sm_89,N,none,128,1024,vendor
gesvd,cfloat,sm_89,N,none,256,1,vendor
gesvd,cfloat,sm_89,N,none,256,2,vendor
gesvd,cfloat,sm_89,N,none,256,4,vendor
gesvd,cfloat,sm_89,N,none,256,8,vendor
gesvd,cfloat,sm_89,N,none,256,16,vendor
gesvd,cfloat,sm_89,N,none,256,24,vendor
gesvd,cfloat,sm_89,N,none,256,32,vendor
gesvd,cfloat,sm_89,N,none,256,33,vendor
gesvd,cfloat,sm_89,N,none,256,48,vendor
gesvd,cfloat,sm_89,N,none,256,64,vendor
gesvd,cfloat,sm_89,N,none,256,65,vendor
gesvd,cfloat,sm_89,N,none,256,128,vendor
gesvd,cfloat,sm_89,N,none,256,256,vendor
gesvd,cfloat,sm_89,N,none,256,512,vendor
gesvd,cfloat,sm_89,N,none,256,1024,vendor
gesvd,cfloat,sm_89,N,none,512,1,vendor
gesvd,cfloat,sm_89,N,none,512,2,vendor
gesvd,cfloat,sm_89,N,none,512,4,vendor
gesvd,cfloat,sm_89,N,none,512,8,vendor
gesvd,cfloat,sm_89,N,none,512,16,vendor
gesvd,cfloat,sm_89,N,none,512,24,vendor
gesvd,cfloat,sm_89,N,none,512,32,vendor
gesvd,cfloat,sm_89,N,none,512,33,vendor
gesvd,cfloat,sm_89,N,none,512,48,vendor
gesvd,cfloat,sm_89,N,none,512,64,vendor
gesvd,cfloat,sm_89,N,none,512,65,vendor
gesvd,cfloat,sm_89,N,none,512,128,vendor
gesvd,cfloat,sm_89,N,none,512,256,vendor
gesvd,cfloat,sm_89,N,none,512,512,vendor
gesvd,cfloat,sm_89,N,none,512,1024,vendor
gesvd,cfloat,sm_89,N,none,1024,1,vendor
gesvd,cfloat,sm_89,N,none,1024,2,vendor
gesvd,cfloat,sm_89,N,none,1024,4,vendor
gesvd,cfloat,sm_89,N,none,1024,8,vendor
gesvd,cfloat,sm_89,N,none,1024,16,vendor
gesvd,cfloat,sm_89,N,none,1024,24,vendor
gesvd,cfloat,sm_89,N,none,1024,32,vendor
gesvd,cfloat,sm_89,N,none,1024,33,vendor
gesvd,cfloat,sm_89,N,none,1024,48,vendor
gesvd,cfloat,sm_89,N,none,1024,64,vendor
gesvd,cfloat,sm_89,N,none,1024,65,vendor
gesvd,cfloat,sm_89,N,none,1024,128,vendor
gesvd,cfloat,sm_89,N,none,1024,256,vendor
gesvd,cfloat,sm_89,N,none,1024,512,vendor
gesvd,cfloat,sm_89,N,none,1024,1024,vendor
gesvd,cfloat,sm_89,N,all,1,1,jacobi|vendor
gesvd,cfloat,sm_89,N,all,1,2,jacobi|vendor
gesvd,cfloat,sm_89,N,all,1,4,jacobi|vendor
gesvd,cfloat,sm_89,N,all,1,8,jacobi|vendor
gesvd,cfloat,sm_89,N,all,1,16,jacobi|vendor
gesvd,cfloat,sm_89,N,all,1,24,jacobi|vendor
gesvd,cfloat,sm_89,N,all,1,32,jacobi|vendor
gesvd,cfloat,sm_89,N,all,1,33,jacobi|vendor
gesvd,cfloat,sm_89,N,all,1,48,jacobi|vendor
gesvd,cfloat,sm_89,N,all,1,64,jacobi|vendor
gesvd,cfloat,sm_89,N,all,1,65,vendor
gesvd,cfloat,sm_89,N,all,1,128,vendor
gesvd,cfloat,sm_89,N,all,1,256,vendor
gesvd,cfloat,sm_89,N,all,1,512,vendor
gesvd,cfloat,sm_89,N,all,1,1024,vendor
gesvd,cfloat,sm_89,N,all,2,1,jacobi|vendor
gesvd,cfloat,sm_89,N,all,2,2,jacobi|vendor
gesvd,cfloat,sm_89,N,all,2,4,jacobi|vendor
gesvd,cfloat,sm_89,N,all,2,8,jacobi|vendor
gesvd,cfloat,sm_89,N,all,2,16,jacobi|vendor
gesvd,cfloat,sm_89,N,all,2,24,jacobi|vendor
gesvd,cfloat,sm_89,N,all,2,32,jacobi|vendor
gesvd,cfloat,sm_89,N,all,2,33,jacobi|vendor
gesvd,cfloat,sm_89,N,all,2,48,jacobi|vendor
gesvd,cfloat,sm_89,N,all,2,64,jacobi|vendor
gesvd,cfloat,sm_89,N,all,2,65,vendor
gesvd,cfloat,sm_89,N,all,2,128,vendor
gesvd,cfloat,sm_89,N,all,2,256,vendor
gesvd,cfloat,sm_89,N,all,2,512,vendor
gesvd,cfloat,sm_89,N,all,2,1024,vendor
gesvd,cfloat,sm_89,N,all,4,1,jacobi|vendor
gesvd,cfloat,sm_89,N,all,4,2,jacobi|vendor
gesvd,cfloat,sm_89,N,all,4,4,jacobi|vendor
gesvd,cfloat,sm_89,N,all,4,8,jacobi|vendor
gesvd,cfloat,sm_89,N,all,4,16,jacobi|vendor
gesvd,cfloat,sm_89,N,all,4,24,jacobi|vendor
gesvd,cfloat,sm_89,N,all,4,32,jacobi|vendor
gesvd,cfloat,sm_89,N,all,4,33,jacobi|vendor
gesvd,cfloat,sm_89,N,all,4,48,jacobi|vendor
gesvd,cfloat,sm_89,N,all,4,64,jacobi|vendor
gesvd,cfloat,sm_89,N,all,4,65,vendor
gesvd,cfloat,sm_89,N,all,4,128,vendor
gesvd,cfloat,sm_89,N,all,4,256,vendor
gesvd,cfloat,sm_89,N,all,4,512,vendor
gesvd,cfloat,sm_89,N,all,4,1024,vendor
gesvd,cfloat,sm_89,N,all,8,1,jacobi|vendor
gesvd,cfloat,sm_89,N,all,8,2,jacobi|vendor
gesvd,cfloat,sm_89,N,all,8,4,jacobi|vendor
gesvd,cfloat,sm_89,N,all,8,8,jacobi|vendor
gesvd,cfloat,sm_89,N,all,8,16,jacobi|vendor
gesvd,cfloat,sm_89,N,all,8,24,jacobi|vendor
gesvd,cfloat,sm_89,N,all,8,32,jacobi|vendor
gesvd,cfloat,sm_89,N,all,8,33,jacobi|vendor
gesvd,cfloat,sm_89,N,all,8,48,jacobi|vendor
gesvd,cfloat,sm_89,N,all,8,64,jacobi|vendor
gesvd,cfloat,sm_89,N,all,8,65,vendor
gesvd,cfloat,sm_89,N,all,8,128,vendor
gesvd,cfloat,sm_89,N,all,8,256,vendor
gesvd,cfloat,sm_89,N,all,8,512,vendor
gesvd,cfloat,sm_89,N,all,8,1024,vendor
gesvd,cfloat,sm_89,N,all,16,1,jacobi|vendor
gesvd,cfloat,sm_89,N,all,16,2,jacobi|vendor
gesvd,cfloat,sm_89,N,all,16,4,jacobi|vendor
gesvd,cfloat,sm_89,N,all,16,8,jacobi|vendor
gesvd,cfloat,sm_89,N,all,16,16,jacobi|vendor
gesvd,cfloat,sm_89,N,all,16,24,jacobi|vendor
gesvd,cfloat,sm_89,N,all,16,32,jacobi|vendor
gesvd,cfloat,sm_89,N,all,16,33,jacobi|vendor
gesvd,cfloat,sm_89,N,all,16,48,jacobi|vendor
gesvd,cfloat,sm_89,N,all,16,64,jacobi|vendor
gesvd,cfloat,sm_89,N,all,16,65,vendor
gesvd,cfloat,sm_89,N,all,16,128,vendor
gesvd,cfloat,sm_89,N,all,16,256,vendor
gesvd,cfloat,sm_89,N,all,16,512,vendor
gesvd,cfloat,sm_89,N,all,16,1024,vendor
gesvd,cfloat,sm_89,N,all,24,1,jacobi|vendor
gesvd,cfloat,sm_89,N,all,24,2,jacobi|vendor
gesvd,cfloat,sm_89,N,all,24,4,jacobi|vendor
gesvd,cfloat,sm_89,N,all,24,8,jacobi|vendor
gesvd,cfloat,sm_89,N,all,24,16,jacobi|vendor
gesvd,cfloat,sm_89,N,all,24,24,jacobi|vendor
gesvd,cfloat,sm_89,N,all,24,32,jacobi|vendor
gesvd,cfloat,sm_89,N,all,24,33,jacobi|vendor
gesvd,cfloat,sm_89,N,all,24,48,jacobi|vendor
gesvd,cfloat,sm_89,N,all,24,64,jacobi|vendor
gesvd,cfloat,sm_89,N,all,24,65,vendor
gesvd,cfloat,sm_89,N,all,24,128,vendor
gesvd,cfloat,sm_89,N,all,24,256,vendor
gesvd,cfloat,sm_89,N,all,24,512,vendor
gesvd,cfloat,sm_89,N,all,24,1024,vendor
gesvd,cfloat,sm_89,N,all,32,1,jacobi|vendor
gesvd,cfloat,sm_89,N,all,32,2,jacobi|vendor
gesvd,cfloat,sm_89,N,all,32,4,jacobi|vendor
gesvd,cfloat,sm_89,N,all,32,8,jacobi|vendor
gesvd,cfloat,sm_89,N,all,32,16,jacobi|vendor
gesvd,cfloat,sm_89,N,all,32,24,jacobi|vendor
gesvd,cfloat,sm_89,N,all,32,32,jacobi|vendor
gesvd,cfloat,sm_89,N,all,32,33,jacobi|vendor
gesvd,cfloat,sm_89,N,all,32,48,jacobi|vendor
gesvd,cfloat,sm_89,N,all,32,64,jacobi|vendor
gesvd,cfloat,sm_89,N,all,32,65,vendor
gesvd,cfloat,sm_89,N,all,32,128,vendor
gesvd,cfloat,sm_89,N,all,32,256,vendor
gesvd,cfloat,sm_89,N,all,32,512,vendor
gesvd,cfloat,sm_89,N,all,32,1024,vendor
gesvd,cfloat,sm_89,N,all,33,1,jacobi|vendor
gesvd,cfloat,sm_89,N,all,33,2,jacobi|vendor
gesvd,cfloat,sm_89,N,all,33,4,jacobi|vendor
gesvd,cfloat,sm_89,N,all,33,8,jacobi|vendor
gesvd,cfloat,sm_89,N,all,33,16,jacobi|vendor
gesvd,cfloat,sm_89,N,all,33,24,jacobi|vendor
gesvd,cfloat,sm_89,N,all,33,32,jacobi|vendor
gesvd,cfloat,sm_89,N,all,33,33,jacobi|vendor
gesvd,cfloat,sm_89,N,all,33,48,jacobi|vendor
gesvd,cfloat,sm_89,N,all,33,64,jacobi|vendor
gesvd,cfloat,sm_89,N,all,33,65,vendor
gesvd,cfloat,sm_89,N,all,33,128,vendor
gesvd,cfloat,sm_89,N,all,33,256,vendor
gesvd,cfloat,sm_89,N,all,33,512,vendor
gesvd,cfloat,sm_89,N,all,33,1024,vendor
gesvd,cfloat,sm_89,N,all,48,1,jacobi|vendor
gesvd,cfloat,sm_89,N,all,48,2,jacobi|vendor
gesvd,cfloat,sm_89,N,all,48,4,jacobi|vendor
gesvd,cfloat,sm_89,N,all,48,8,jacobi|vendor
gesvd,cfloat,sm_89,N,all,48,16,jacobi|vendor
gesvd,cfloat,sm_89,N,all,48,24,jacobi|vendor
gesvd,cfloat,sm_89,N,all,48,32,jacobi|vendor
gesvd,cfloat,sm_89,N,all,48,33,jacobi|vendor
gesvd,cfloat,sm_89,N,all,48,48,jacobi|vendor
gesvd,cfloat,sm_89,N,all,48,64,jacobi|vendor
gesvd,cfloat,sm_89,N,all,48,65,vendor
gesvd,cfloat,sm_89,N,all,48,128,vendor
gesvd,cfloat,sm_89,N,all,48,256,vendor
gesvd,cfloat,sm_89,N,all,48,512,vendor
gesvd,cfloat,sm_89,N,all,48,1024,vendor
gesvd,cfloat,sm_89,N,all,64,1,jacobi|vendor
gesvd,cfloat,sm_89,N,all,64,2,jacobi|vendor
gesvd,cfloat,sm_89,N,all,64,4,jacobi|vendor
gesvd,cfloat,sm_89,N,all,64,8,jacobi|vendor
gesvd,cfloat,sm_89,N,all,64,16,jacobi|vendor
gesvd,cfloat,sm_89,N,all,64,24,jacobi|vendor
gesvd,cfloat,sm_89,N,all,64,32,jacobi|vendor
gesvd,cfloat,sm_89,N,all,64,33,jacobi|vendor
gesvd,cfloat,sm_89,N,all,64,48,jacobi|vendor
gesvd,cfloat,sm_89,N,all,64,64,jacobi|vendor
gesvd,cfloat,sm_89,N,all,64,65,vendor
gesvd,cfloat,sm_89,N,all,64,128,vendor
gesvd,cfloat,sm_89,N,all,64,256,vendor
gesvd,cfloat,sm_89,N,all,64,512,vendor
gesvd,cfloat,sm_89,N,all,64,1024,vendor
gesvd,cfloat,sm_89,N,all,65,1,vendor
gesvd,cfloat,sm_89,N,all,65,2,vendor
gesvd,cfloat,sm_89,N,all,65,4,vendor
gesvd,cfloat,sm_89,N,all,65,8,vendor
gesvd,cfloat,sm_89,N,all,65,16,vendor
gesvd,cfloat,sm_89,N,all,65,24,vendor
gesvd,cfloat,sm_89,N,all,65,32,vendor
gesvd,cfloat,sm_89,N,all,65,33,vendor
gesvd,cfloat,sm_89,N,all,65,48,vendor
gesvd,cfloat,sm_89,N,all,65,64,vendor
gesvd,cfloat,sm_89,N,all,65,65,vendor
gesvd,cfloat,sm_89,N,all,65,128,vendor
gesvd,cfloat,sm_89,N,all,65,256,vendor
gesvd,cfloat,sm_89,N,all,65,512,vendor
gesvd,cfloat,sm_89,N,all,65,1024,vendor
gesvd,cfloat,sm_89,N,all,128,1,vendor
gesvd,cfloat,sm_89,N,all,128,2,vendor
gesvd,cfloat,sm_89,N,all,128,4,vendor
gesvd,cfloat,sm_89,N,all,128,8,vendor
gesvd,cfloat,sm_89,N,all,128,16,vendor
gesvd,cfloat,sm_89,N,all,128,24,vendor
gesvd,cfloat,sm_89,N,all,128,32,vendor
gesvd,cfloat,sm_89,N,all,128,33,vendor
gesvd,cfloat,sm_89,N,all,128,48,vendor
gesvd,cfloat,sm_89,N,all,128,64,vendor
gesvd,cfloat,sm_89,N,all,128,65,vendor
gesvd,cfloat,sm_89,N,all,128,128,vendor
gesvd,cfloat,sm_89,N,all,128,256,vendor
gesvd,cfloat,sm_89,N,all,128,512,vendor
gesvd,cfloat,sm_89,N,all,128,1024,vendor
gesvd,cfloat,sm_89,N,all,256,1,vendor
gesvd,cfloat,sm_89,N,all,256,2,vendor
gesvd,cfloat,sm_89,N,all,256,4,vendor
gesvd,cfloat,sm_89,N,all,256,8,vendor
gesvd,cfloat,sm_89,N,all,256,16,vendor
gesvd,cfloat,sm_89,N,all,256,24,vendor
gesvd,cfloat,sm_89,N,all,256,32,vendor
gesvd,cfloat,sm_89,N,all,256,33,vendor
gesvd,cfloat,sm_89,N,all,256,48,vendor
gesvd,cfloat,sm_89,N,all,256,64,vendor
gesvd,cfloat,sm_89,N,all,256,65,vendor
gesvd,cfloat,sm_89,N,all,256,128,vendor
gesvd,cfloat,sm_89,N,all,256,256,vendor
gesvd,cfloat,sm_89,N,all,256,512,vendor
gesvd,cfloat,sm_89,N,all,256,1024,vendor
gesvd,cfloat,sm_89,N,all,512,1,vendor
gesvd,cfloat,sm_89,N,all,512,2,vendor
gesvd,cfloat,sm_89,N,all,512,4,vendor
gesvd,cfloat,sm_89,N,all,512,8,vendor
gesvd,cfloat,sm_89,N,all,512,16,vendor
gesvd,cfloat,sm_89,N,all,512,24,vendor
gesvd,cfloat,sm_89,N,all,512,32,vendor
gesvd,cfloat,sm_89,N,all,512,33,vendor
gesvd,cfloat,sm_89,N,all,512,48,vendor
gesvd,cfloat,sm_89,N,all,512,64,vendor
gesvd,cfloat,sm_89,N,all,512,65,vendor
gesvd,cfloat,sm_89,N,all,512,128,vendor
gesvd,cfloat,sm_89,N,all,512,256,vendor
gesvd,cfloat,sm_89,N,all,512,512,vendor
gesvd,cfloat,sm_89,N,all,512,1024,vendor
gesvd,cfloat,sm_89,N,all,1024,1,vendor
gesvd,cfloat,sm_89,N,all,1024,2,vendor
gesvd,cfloat,sm_89,N,all,1024,4,vendor
gesvd,cfloat,sm_89,N,all,1024,8,vendor
gesvd,cfloat,sm_89,N,all,1024,16,vendor
gesvd,cfloat,sm_89,N,all,1024,24,vendor
gesvd,cfloat,sm_89,N,all,1024,32,vendor
gesvd,cfloat,sm_89,N,all,1024,33,vendor
gesvd,cfloat,sm_89,N,all,1024,48,vendor
gesvd,cfloat,sm_89,N,all,1024,64,vendor
gesvd,cfloat,sm_89,N,all,1024,65,vendor
gesvd,cfloat,sm_89,N,all,1024,128,vendor
gesvd,cfloat,sm_89,N,all,1024,256,vendor
gesvd,cfloat,sm_89,N,all,1024,512,vendor
gesvd,cfloat,sm_89,N,all,1024,1024,vendor
gesvd,cfloat,sm_89,N,thin,1,1,jacobi|vendor
gesvd,cfloat,sm_89,N,thin,1,2,jacobi|vendor
gesvd,cfloat,sm_89,N,thin,1,4,jacobi|vendor
gesvd,cfloat,sm_89,N,thin,1,8,jacobi|vendor
gesvd,cfloat,sm_89,N,thin,1,16,jacobi|vendor
gesvd,cfloat,sm_89,N,thin,1,24,jacobi|vendor
gesvd,cfloat,sm_89,N,thin,1,32,jacobi|vendor
gesvd,cfloat,sm_89,N,thin,1,33,jacobi|vendor
gesvd,cfloat,sm_89,N,thin,1,48,jacobi|vendor
gesvd,cfloat,sm_89,N,thin,1,64,jacobi|vendor
gesvd,cfloat,sm_89,N,thin,1,65,vendor
gesvd,cfloat,sm_89,N,thin,1,128,vendor
gesvd,cfloat,sm_89,N,thin,1,256,vendor
gesvd,cfloat,sm_89,N,thin,1,512,vendor
gesvd,cfloat,sm_89,N,thin,1,1024,vendor
gesvd,cfloat,sm_89,N,thin,2,1,jacobi|vendor
gesvd,cfloat,sm_89,N,thin,2,2,jacobi|vendor
gesvd,cfloat,sm_89,N,thin,2,4,jacobi|vendor
gesvd,cfloat,sm_89,N,thin,2,8,jacobi|vendor
gesvd,cfloat,sm_89,N,thin,2,16,jacobi|vendor
gesvd,cfloat,sm_89,N,thin,2,24,jacobi|vendor
gesvd,cfloat,sm_89,N,thin,2,32,jacobi|vendor
gesvd,cfloat,sm_89,N,thin,2,33,jacobi|vendor
gesvd,cfloat,sm_89,N,thin,2,48,jacobi|vendor
gesvd,cfloat,sm_89,N,thin,2,64,jacobi|vendor
gesvd,cfloat,sm_89,N,thin,2,65,vendor
gesvd,cfloat,sm_89,N,thin,2,128,vendor
gesvd,cfloat,sm_89,N,thin,2,256,vendor
gesvd,cfloat,sm_89,N,thin,2,512,vendor
gesvd,cfloat,sm_89,N,thin,2,1024,vendor
gesvd,cfloat,sm_89,N,thin,4,1,jacobi|vendor
gesvd,cfloat,sm_89,N,thin,4,2,jacobi|vendor
gesvd,cfloat,sm_89,N,thin,4,4,jacobi|vendor
gesvd,cfloat,sm_89,N,thin,4,8,jacobi|vendor
gesvd,cfloat,sm_89,N,thin,4,16,jacobi|vendor
gesvd,cfloat,sm_89,N,thin,4,24,jacobi|vendor
gesvd,cfloat,sm_89,N,thin,4,32,jacobi|vendor
gesvd,cfloat,sm_89,N,thin,4,33,jacobi|vendor
gesvd,cfloat,sm_89,N,thin,4,48,jacobi|vendor
gesvd,cfloat,sm_89,N,thin,4,64,jacobi|vendor
gesvd,cfloat,sm_89,N,thin,4,65,vendor
gesvd,cfloat,sm_89,N,thin,4,128,vendor
gesvd,cfloat,sm_89,N,thin,4,256,vendor
gesvd,cfloat,sm_89,N,thin,4,512,vendor
gesvd,cfloat,sm_89,N,thin,4,1024,vendor
gesvd,cfloat,sm_89,N,thin,8,1,jacobi|vendor
gesvd,cfloat,sm_89,N,thin,8,2,jacobi|vendor
gesvd,cfloat,sm_89,N,thin,8,4,jacobi|vendor
gesvd,cfloat,sm_89,N,thin,8,8,jacobi|vendor
gesvd,cfloat,sm_89,N,thin,8,16,jacobi|vendor
gesvd,cfloat,sm_89,N,thin,8,24,jacobi|vendor
gesvd,cfloat,sm_89,N,thin,8,32,jacobi|vendor
gesvd,cfloat,sm_89,N,thin,8,33,jacobi|vendor
gesvd,cfloat,sm_89,N,thin,8,48,jacobi|vendor
gesvd,cfloat,sm_89,N,thin,8,64,jacobi|vendor
gesvd,cfloat,sm_89,N,thin,8,65,vendor
gesvd,cfloat,sm_89,N,thin,8,128,vendor
gesvd,cfloat,sm_89,N,thin,8,256,vendor
gesvd,cfloat,sm_89,N,thin,8,512,vendor
gesvd,cfloat,sm_89,N,thin,8,1024,vendor
gesvd,cfloat,sm_89,N,thin,16,1,jacobi|vendor
gesvd,cfloat,sm_89,N,thin,16,2,jacobi|vendor
gesvd,cfloat,sm_89,N,thin,16,4,jacobi|vendor
gesvd,cfloat,sm_89,N,thin,16,8,jacobi|vendor
gesvd,cfloat,sm_89,N,thin,16,16,jacobi|vendor
gesvd,cfloat,sm_89,N,thin,16,24,jacobi|vendor
gesvd,cfloat,sm_89,N,thin,16,32,jacobi|vendor
gesvd,cfloat,sm_89,N,thin,16,33,jacobi|vendor
gesvd,cfloat,sm_89,N,thin,16,48,jacobi|vendor
gesvd,cfloat,sm_89,N,thin,16,64,jacobi|vendor
gesvd,cfloat,sm_89,N,thin,16,65,vendor
gesvd,cfloat,sm_89,N,thin,16,128,vendor
gesvd,cfloat,sm_89,N,thin,16,256,vendor
gesvd,cfloat,sm_89,N,thin,16,512,vendor
gesvd,cfloat,sm_89,N,thin,16,1024,vendor
gesvd,cfloat,sm_89,N,thin,24,1,jacobi|vendor
gesvd,cfloat,sm_89,N,thin,24,2,jacobi|vendor
gesvd,cfloat,sm_89,N,thin,24,4,jacobi|vendor
gesvd,cfloat,sm_89,N,thin,24,8,jacobi|vendor
gesvd,cfloat,sm_89,N,thin,24,16,jacobi|vendor
gesvd,cfloat,sm_89,N,thin,24,24,jacobi|vendor
gesvd,cfloat,sm_89,N,thin,24,32,jacobi|vendor
gesvd,cfloat,sm_89,N,thin,24,33,jacobi|vendor
gesvd,cfloat,sm_89,N,thin,24,48,jacobi|vendor
gesvd,cfloat,sm_89,N,thin,24,64,jacobi|vendor
gesvd,cfloat,sm_89,N,thin,24,65,vendor
gesvd,cfloat,sm_89,N,thin,24,128,vendor
gesvd,cfloat,sm_89,N,thin,24,256,vendor
gesvd,cfloat,sm_89,N,thin,24,512,vendor
gesvd,cfloat,sm_89,N,thin,24,1024,vendor
gesvd,cfloat,sm_89,N,thin,32,1,jacobi|vendor
gesvd,cfloat,sm_89,N,thin,32,2,jacobi|vendor
gesvd,cfloat,sm_89,N,thin,32,4,jacobi|vendor
gesvd,cfloat,sm_89,N,thin,32,8,jacobi|vendor
gesvd,cfloat,sm_89,N,thin,32,16,jacobi|vendor
gesvd,cfloat,sm_89,N,thin,32,24,jacobi|vendor
gesvd,cfloat,sm_89,N,thin,32,32,jacobi|vendor
gesvd,cfloat,sm_89,N,thin,32,33,jacobi|vendor
gesvd,cfloat,sm_89,N,thin,32,48,jacobi|vendor
gesvd,cfloat,sm_89,N,thin,32,64,jacobi|vendor
gesvd,cfloat,sm_89,N,thin,32,65,vendor
gesvd,cfloat,sm_89,N,thin,32,128,vendor
gesvd,cfloat,sm_89,N,thin,32,256,vendor
gesvd,cfloat,sm_89,N,thin,32,512,vendor
gesvd,cfloat,sm_89,N,thin,32,1024,vendor
gesvd,cfloat,sm_89,N,thin,33,1,jacobi|vendor
gesvd,cfloat,sm_89,N,thin,33,2,jacobi|vendor
gesvd,cfloat,sm_89,N,thin,33,4,jacobi|vendor
gesvd,cfloat,sm_89,N,thin,33,8,jacobi|vendor
gesvd,cfloat,sm_89,N,thin,33,16,jacobi|vendor
gesvd,cfloat,sm_89,N,thin,33,24,jacobi|vendor
gesvd,cfloat,sm_89,N,thin,33,32,jacobi|vendor
gesvd,cfloat,sm_89,N,thin,33,33,jacobi|vendor
gesvd,cfloat,sm_89,N,thin,33,48,jacobi|vendor
gesvd,cfloat,sm_89,N,thin,33,64,jacobi|vendor
gesvd,cfloat,sm_89,N,thin,33,65,vendor
gesvd,cfloat,sm_89,N,thin,33,128,vendor
gesvd,cfloat,sm_89,N,thin,33,256,vendor
gesvd,cfloat,sm_89,N,thin,33,512,vendor
gesvd,cfloat,sm_89,N,thin,33,1024,vendor
gesvd,cfloat,sm_89,N,thin,48,1,jacobi|vendor
gesvd,cfloat,sm_89,N,thin,48,2,jacobi|vendor
gesvd,cfloat,sm_89,N,thin,48,4,jacobi|vendor
gesvd,cfloat,sm_89,N,thin,48,8,jacobi|vendor
gesvd,cfloat,sm_89,N,thin,48,16,jacobi|vendor
gesvd,cfloat,sm_89,N,thin,48,24,jacobi|vendor
gesvd,cfloat,sm_89,N,thin,48,32,jacobi|vendor
gesvd,cfloat,sm_89,N,thin,48,33,jacobi|vendor
gesvd,cfloat,sm_89,N,thin,48,48,jacobi|vendor
gesvd,cfloat,sm_89,N,thin,48,64,jacobi|vendor
gesvd,cfloat,sm_89,N,thin,48,65,vendor
gesvd,cfloat,sm_89,N,thin,48,128,vendor
gesvd,cfloat,sm_89,N,thin,48,256,vendor
gesvd,cfloat,sm_89,N,thin,48,512,vendor
gesvd,cfloat,sm_89,N,thin,48,1024,vendor
gesvd,cfloat,sm_89,N,thin,64,1,jacobi|vendor
gesvd,cfloat,sm_89,N,thin,64,2,jacobi|vendor
gesvd,cfloat,sm_89,N,thin,64,4,jacobi|vendor
gesvd,cfloat,sm_89,N,thin,64,8,jacobi|vendor
gesvd,cfloat,sm_89,N,thin,64,16,jacobi|vendor
gesvd,cfloat,sm_89,N,thin,64,24,jacobi|vendor
gesvd,cfloat,sm_89,N,thin,64,32,jacobi|vendor
gesvd,cfloat,sm_89,N,thin,64,33,jacobi|vendor
gesvd,cfloat,sm_89,N,thin,64,48,jacobi|vendor
gesvd,cfloat,sm_89,N,thin,64,64,jacobi|vendor
gesvd,cfloat,sm_89,N,thin,64,65,vendor
gesvd,cfloat,sm_89,N,thin,64,128,vendor
gesvd,cfloat,sm_89,N,thin,64,256,vendor
gesvd,cfloat,sm_89,N,thin,64,512,vendor
gesvd,cfloat,sm_89,N,thin,64,1024,vendor
gesvd,cfloat,sm_89,N,thin,65,1,vendor
gesvd,cfloat,sm_89,N,thin,65,2,vendor
gesvd,cfloat,sm_89,N,thin,65,4,vendor
gesvd,cfloat,sm_89,N,thin,65,8,vendor
gesvd,cfloat,sm_89,N,thin,65,16,vendor
gesvd,cfloat,sm_89,N,thin,65,24,vendor
gesvd,cfloat,sm_89,N,thin,65,32,vendor
gesvd,cfloat,sm_89,N,thin,65,33,vendor
gesvd,cfloat,sm_89,N,thin,65,48,vendor
gesvd,cfloat,sm_89,N,thin,65,64,vendor
gesvd,cfloat,sm_89,N,thin,65,65,vendor
gesvd,cfloat,sm_89,N,thin,65,128,vendor
gesvd,cfloat,sm_89,N,thin,65,256,vendor
gesvd,cfloat,sm_89,N,thin,65,512,vendor
gesvd,cfloat,sm_89,N,thin,65,1024,vendor
gesvd,cfloat,sm_89,N,thin,128,1,vendor
gesvd,cfloat,sm_89,N,thin,128,2,vendor
gesvd,cfloat,sm_89,N,thin,128,4,vendor
gesvd,cfloat,sm_89,N,thin,128,8,vendor
gesvd,cfloat,sm_89,N,thin,128,16,vendor
gesvd,cfloat,sm_89,N,thin,128,24,vendor
gesvd,cfloat,sm_89,N,thin,128,32,vendor
gesvd,cfloat,sm_89,N,thin,128,33,vendor
gesvd,cfloat,sm_89,N,thin,128,48,vendor
gesvd,cfloat,sm_89,N,thin,128,64,vendor
gesvd,cfloat,sm_89,N,thin,128,65,vendor
gesvd,cfloat,sm_89,N,thin,128,128,vendor
gesvd,cfloat,sm_89,N,thin,128,256,vendor
gesvd,cfloat,sm_89,N,thin,128,512,vendor
gesvd,cfloat,sm_89,N,thin,128,1024,vendor
gesvd,cfloat,sm_89,N,thin,256,1,vendor
gesvd,cfloat,sm_89,N,thin,256,2,vendor
gesvd,cfloat,sm_89,N,thin,256,4,vendor
gesvd,cfloat,sm_89,N,thin,256,8,vendor
gesvd,cfloat,sm_89,N,thin,256,16,vendor
gesvd,cfloat,sm_89,N,thin,256,24,vendor
gesvd,cfloat,sm_89,N,thin,256,32,vendor
gesvd,cfloat,sm_89,N,thin,256,33,vendor
gesvd,cfloat,sm_89,N,thin,256,48,vendor
gesvd,cfloat,sm_89,N,thin,256,64,vendor
gesvd,cfloat,sm_89,N,thin,256,65,vendor
gesvd,cfloat,sm_89,N,thin,256,128,vendor
gesvd,cfloat,sm_89,N,thin,256,256,vendor
gesvd,cfloat,sm_89,N,thin,256,512,vendor
gesvd,cfloat,sm_89,N,thin,256,1024,vendor
gesvd,cfloat,sm_89,N,thin,512,1,vendor
gesvd,cfloat,sm_89,N,thin,512,2,vendor
gesvd,cfloat,sm_89,N,thin,512,4,vendor
gesvd,cfloat,sm_89,N,thin,512,8,vendor
gesvd,cfloat,sm_89,N,thin,512,16,vendor
gesvd,cfloat,sm_89,N,thin,512,24,vendor
gesvd,cfloat,sm_89,N,thin,512,32,vendor
gesvd,cfloat,sm_89,N,thin,512,33,vendor
gesvd,cfloat,sm_89,N,thin,512,48,vendor
gesvd,cfloat,sm_89,N,thin,512,64,vendor
gesvd,cfloat,sm_89,N,thin,512,65,vendor
gesvd,cfloat,sm_89,N,thin,512,128,vendor
gesvd,cfloat,sm_89,N,thin,512,256,vendor
gesvd,cfloat,sm_89,N,thin,512,512,vendor
gesvd,cfloat,sm_89,N,thin,512,1024,vendor
gesvd,cfloat,sm_89,N,thin,1024,1,vendor
gesvd,cfloat,sm_89,N,thin,1024,2,vendor
gesvd,cfloat,sm_89,N,thin,1024,4,vendor
gesvd,cfloat,sm_89,N,thin,1024,8,vendor
gesvd,cfloat,sm_89,N,thin,1024,16,vendor
gesvd,cfloat,sm_89,N,thin,1024,24,vendor
gesvd,cfloat,sm_89,N,thin,1024,32,vendor
gesvd,cfloat,sm_89,N,thin,1024,33,vendor
gesvd,cfloat,sm_89,N,thin,1024,48,vendor
gesvd,cfloat,sm_89,N,thin,1024,64,vendor
gesvd,cfloat,sm_89,N,thin,1024,65,vendor
gesvd,cfloat,sm_89,N,thin,1024,128,vendor
gesvd,cfloat,sm_89,N,thin,1024,256,vendor
gesvd,cfloat,sm_89,N,thin,1024,512,vendor
gesvd,cfloat,sm_89,N,thin,1024,1024,vendor
gesvd,cfloat,sm_89,L,none,1,1,cta|blocked|vendor
gesvd,cfloat,sm_89,L,none,1,2,vendor
gesvd,cfloat,sm_89,L,none,1,4,vendor
gesvd,cfloat,sm_89,L,none,1,8,vendor
gesvd,cfloat,sm_89,L,none,1,16,vendor
gesvd,cfloat,sm_89,L,none,1,24,vendor
gesvd,cfloat,sm_89,L,none,1,32,vendor
gesvd,cfloat,sm_89,L,none,1,33,vendor
gesvd,cfloat,sm_89,L,none,1,48,vendor
gesvd,cfloat,sm_89,L,none,1,64,vendor
gesvd,cfloat,sm_89,L,none,1,65,vendor
gesvd,cfloat,sm_89,L,none,1,128,vendor
gesvd,cfloat,sm_89,L,none,1,256,vendor
gesvd,cfloat,sm_89,L,none,1,512,vendor
gesvd,cfloat,sm_89,L,none,1,1024,vendor
gesvd,cfloat,sm_89,L,none,2,1,vendor
gesvd,cfloat,sm_89,L,none,2,2,cta|blocked|vendor
gesvd,cfloat,sm_89,L,none,2,4,vendor
gesvd,cfloat,sm_89,L,none,2,8,vendor
gesvd,cfloat,sm_89,L,none,2,16,vendor
gesvd,cfloat,sm_89,L,none,2,24,vendor
gesvd,cfloat,sm_89,L,none,2,32,vendor
gesvd,cfloat,sm_89,L,none,2,33,vendor
gesvd,cfloat,sm_89,L,none,2,48,vendor
gesvd,cfloat,sm_89,L,none,2,64,vendor
gesvd,cfloat,sm_89,L,none,2,65,vendor
gesvd,cfloat,sm_89,L,none,2,128,vendor
gesvd,cfloat,sm_89,L,none,2,256,vendor
gesvd,cfloat,sm_89,L,none,2,512,vendor
gesvd,cfloat,sm_89,L,none,2,1024,vendor
gesvd,cfloat,sm_89,L,none,4,1,vendor
gesvd,cfloat,sm_89,L,none,4,2,vendor
gesvd,cfloat,sm_89,L,none,4,4,cta|blocked|vendor
gesvd,cfloat,sm_89,L,none,4,8,vendor
gesvd,cfloat,sm_89,L,none,4,16,vendor
gesvd,cfloat,sm_89,L,none,4,24,vendor
gesvd,cfloat,sm_89,L,none,4,32,vendor
gesvd,cfloat,sm_89,L,none,4,33,vendor
gesvd,cfloat,sm_89,L,none,4,48,vendor
gesvd,cfloat,sm_89,L,none,4,64,vendor
gesvd,cfloat,sm_89,L,none,4,65,vendor
gesvd,cfloat,sm_89,L,none,4,128,vendor
gesvd,cfloat,sm_89,L,none,4,256,vendor
gesvd,cfloat,sm_89,L,none,4,512,vendor
gesvd,cfloat,sm_89,L,none,4,1024,vendor
gesvd,cfloat,sm_89,L,none,8,1,vendor
gesvd,cfloat,sm_89,L,none,8,2,vendor
gesvd,cfloat,sm_89,L,none,8,4,vendor
gesvd,cfloat,sm_89,L,none,8,8,cta|blocked|vendor
gesvd,cfloat,sm_89,L,none,8,16,vendor
gesvd,cfloat,sm_89,L,none,8,24,vendor
gesvd,cfloat,sm_89,L,none,8,32,vendor
gesvd,cfloat,sm_89,L,none,8,33,vendor
gesvd,cfloat,sm_89,L,none,8,48,vendor
gesvd,cfloat,sm_89,L,none,8,64,vendor
gesvd,cfloat,sm_89,L,none,8,65,vendor
gesvd,cfloat,sm_89,L,none,8,128,vendor
gesvd,cfloat,sm_89,L,none,8,256,vendor
gesvd,cfloat,sm_89,L,none,8,512,vendor
gesvd,cfloat,sm_89,L,none,8,1024,vendor
gesvd,cfloat,sm_89,L,none,16,1,vendor
gesvd,cfloat,sm_89,L,none,16,2,vendor
gesvd,cfloat,sm_89,L,none,16,4,vendor
gesvd,cfloat,sm_89,L,none,16,8,vendor
gesvd,cfloat,sm_89,L,none,16,16,cta|blocked|vendor
gesvd,cfloat,sm_89,L,none,16,24,vendor
gesvd,cfloat,sm_89,L,none,16,32,vendor
gesvd,cfloat,sm_89,L,none,16,33,vendor
gesvd,cfloat,sm_89,L,none,16,48,vendor
gesvd,cfloat,sm_89,L,none,16,64,vendor
gesvd,cfloat,sm_89,L,none,16,65,vendor
gesvd,cfloat,sm_89,L,none,16,128,vendor
gesvd,cfloat,sm_89,L,none,16,256,vendor
gesvd,cfloat,sm_89,L,none,16,512,vendor
gesvd,cfloat,sm_89,L,none,16,1024,vendor
gesvd,cfloat,sm_89,L,none,24,1,vendor
gesvd,cfloat,sm_89,L,none,24,2,vendor
gesvd,cfloat,sm_89,L,none,24,4,vendor
gesvd,cfloat,sm_89,L,none,24,8,vendor
gesvd,cfloat,sm_89,L,none,24,16,vendor
gesvd,cfloat,sm_89,L,none,24,24,cta|blocked|vendor
gesvd,cfloat,sm_89,L,none,24,32,vendor
gesvd,cfloat,sm_89,L,none,24,33,vendor
gesvd,cfloat,sm_89,L,none,24,48,vendor
gesvd,cfloat,sm_89,L,none,24,64,vendor
gesvd,cfloat,sm_89,L,none,24,65,vendor
gesvd,cfloat,sm_89,L,none,24,128,vendor
gesvd,cfloat,sm_89,L,none,24,256,vendor
gesvd,cfloat,sm_89,L,none,24,512,vendor
gesvd,cfloat,sm_89,L,none,24,1024,vendor
gesvd,cfloat,sm_89,L,none,32,1,vendor
gesvd,cfloat,sm_89,L,none,32,2,vendor
gesvd,cfloat,sm_89,L,none,32,4,vendor
gesvd,cfloat,sm_89,L,none,32,8,vendor
gesvd,cfloat,sm_89,L,none,32,16,vendor
gesvd,cfloat,sm_89,L,none,32,24,vendor
gesvd,cfloat,sm_89,L,none,32,32,cta|blocked|vendor
gesvd,cfloat,sm_89,L,none,32,33,vendor
gesvd,cfloat,sm_89,L,none,32,48,vendor
gesvd,cfloat,sm_89,L,none,32,64,vendor
gesvd,cfloat,sm_89,L,none,32,65,vendor
gesvd,cfloat,sm_89,L,none,32,128,vendor
gesvd,cfloat,sm_89,L,none,32,256,vendor
gesvd,cfloat,sm_89,L,none,32,512,vendor
gesvd,cfloat,sm_89,L,none,32,1024,vendor
gesvd,cfloat,sm_89,L,none,33,1,vendor
gesvd,cfloat,sm_89,L,none,33,2,vendor
gesvd,cfloat,sm_89,L,none,33,4,vendor
gesvd,cfloat,sm_89,L,none,33,8,vendor
gesvd,cfloat,sm_89,L,none,33,16,vendor
gesvd,cfloat,sm_89,L,none,33,24,vendor
gesvd,cfloat,sm_89,L,none,33,32,vendor
gesvd,cfloat,sm_89,L,none,33,33,blocked|vendor
gesvd,cfloat,sm_89,L,none,33,48,vendor
gesvd,cfloat,sm_89,L,none,33,64,vendor
gesvd,cfloat,sm_89,L,none,33,65,vendor
gesvd,cfloat,sm_89,L,none,33,128,vendor
gesvd,cfloat,sm_89,L,none,33,256,vendor
gesvd,cfloat,sm_89,L,none,33,512,vendor
gesvd,cfloat,sm_89,L,none,33,1024,vendor
gesvd,cfloat,sm_89,L,none,48,1,vendor
gesvd,cfloat,sm_89,L,none,48,2,vendor
gesvd,cfloat,sm_89,L,none,48,4,vendor
gesvd,cfloat,sm_89,L,none,48,8,vendor
gesvd,cfloat,sm_89,L,none,48,16,vendor
gesvd,cfloat,sm_89,L,none,48,24,vendor
gesvd,cfloat,sm_89,L,none,48,32,vendor
gesvd,cfloat,sm_89,L,none,48,33,vendor
gesvd,cfloat,sm_89,L,none,48,48,blocked|vendor
gesvd,cfloat,sm_89,L,none,48,64,vendor
gesvd,cfloat,sm_89,L,none,48,65,vendor
gesvd,cfloat,sm_89,L,none,48,128,vendor
gesvd,cfloat,sm_89,L,none,48,256,vendor
gesvd,cfloat,sm_89,L,none,48,512,vendor
gesvd,cfloat,sm_89,L,none,48,1024,vendor
gesvd,cfloat,sm_89,L,none,64,1,vendor
gesvd,cfloat,sm_89,L,none,64,2,vendor
gesvd,cfloat,sm_89,L,none,64,4,vendor
gesvd,cfloat,sm_89,L,none,64,8,vendor
gesvd,cfloat,sm_89,L,none,64,16,vendor
gesvd,cfloat,sm_89,L,none,64,24,vendor
gesvd,cfloat,sm_89,L,none,64,32,vendor
gesvd,cfloat,sm_89,L,none,64,33,vendor
gesvd,cfloat,sm_89,L,none,64,48,vendor
gesvd,cfloat,sm_89,L,none,64,64,blocked|vendor
gesvd,cfloat,sm_89,L,none,64,65,vendor
gesvd,cfloat,sm_89,L,none,64,128,vendor
gesvd,cfloat,sm_89,L,none,64,256,vendor
gesvd,cfloat,sm_89,L,none,64,512,vendor
gesvd,cfloat,sm_89,L,none,64,1024,vendor
gesvd,cfloat,sm_89,L,none,65,1,vendor
gesvd,cfloat,sm_89,L,none,65,2,vendor
gesvd,cfloat,sm_89,L,none,65,4,vendor
gesvd,cfloat,sm_89,L,none,65,8,vendor
gesvd,cfloat,sm_89,L,none,65,16,vendor
gesvd,cfloat,sm_89,L,none,65,24,vendor
gesvd,cfloat,sm_89,L,none,65,32,vendor
gesvd,cfloat,sm_89,L,none,65,33,vendor
gesvd,cfloat,sm_89,L,none,65,48,vendor
gesvd,cfloat,sm_89,L,none,65,64,vendor
gesvd,cfloat,sm_89,L,none,65,65,blocked|vendor
gesvd,cfloat,sm_89,L,none,65,128,vendor
gesvd,cfloat,sm_89,L,none,65,256,vendor
gesvd,cfloat,sm_89,L,none,65,512,vendor
gesvd,cfloat,sm_89,L,none,65,1024,vendor
gesvd,cfloat,sm_89,L,none,128,1,vendor
gesvd,cfloat,sm_89,L,none,128,2,vendor
gesvd,cfloat,sm_89,L,none,128,4,vendor
gesvd,cfloat,sm_89,L,none,128,8,vendor
gesvd,cfloat,sm_89,L,none,128,16,vendor
gesvd,cfloat,sm_89,L,none,128,24,vendor
gesvd,cfloat,sm_89,L,none,128,32,vendor
gesvd,cfloat,sm_89,L,none,128,33,vendor
gesvd,cfloat,sm_89,L,none,128,48,vendor
gesvd,cfloat,sm_89,L,none,128,64,vendor
gesvd,cfloat,sm_89,L,none,128,65,vendor
gesvd,cfloat,sm_89,L,none,128,128,blocked|vendor
gesvd,cfloat,sm_89,L,none,128,256,vendor
gesvd,cfloat,sm_89,L,none,128,512,vendor
gesvd,cfloat,sm_89,L,none,128,1024,vendor
gesvd,cfloat,sm_89,L,none,256,1,vendor
gesvd,cfloat,sm_89,L,none,256,2,vendor
gesvd,cfloat,sm_89,L,none,256,4,vendor
gesvd,cfloat,sm_89,L,none,256,8,vendor
gesvd,cfloat,sm_89,L,none,256,16,vendor
gesvd,cfloat,sm_89,L,none,256,24,vendor
gesvd,cfloat,sm_89,L,none,256,32,vendor
gesvd,cfloat,sm_89,L,none,256,33,vendor
gesvd,cfloat,sm_89,L,none,256,48,vendor
gesvd,cfloat,sm_89,L,none,256,64,vendor
gesvd,cfloat,sm_89,L,none,256,65,vendor
gesvd,cfloat,sm_89,L,none,256,128,vendor
gesvd,cfloat,sm_89,L,none,256,256,blocked|vendor
gesvd,cfloat,sm_89,L,none,256,512,vendor
gesvd,cfloat,sm_89,L,none,256,1024,vendor
gesvd,cfloat,sm_89,L,none,512,1,vendor
gesvd,cfloat,sm_89,L,none,512,2,vendor
gesvd,cfloat,sm_89,L,none,512,4,vendor
gesvd,cfloat,sm_89,L,none,512,8,vendor
gesvd,cfloat,sm_89,L,none,512,16,vendor
gesvd,cfloat,sm_89,L,none,512,24,vendor
gesvd,cfloat,sm_89,L,none,512,32,vendor
gesvd,cfloat,sm_89,L,none,512,33,vendor
gesvd,cfloat,sm_89,L,none,512,48,vendor
gesvd,cfloat,sm_89,L,none,512,64,vendor
gesvd,cfloat,sm_89,L,none,512,65,vendor
gesvd,cfloat,sm_89,L,none,512,128,vendor
gesvd,cfloat,sm_89,L,none,512,256,vendor
gesvd,cfloat,sm_89,L,none,512,512,blocked|vendor
gesvd,cfloat,sm_89,L,none,512,1024,vendor
gesvd,cfloat,sm_89,L,none,1024,1,vendor
gesvd,cfloat,sm_89,L,none,1024,2,vendor
gesvd,cfloat,sm_89,L,none,1024,4,vendor
gesvd,cfloat,sm_89,L,none,1024,8,vendor
gesvd,cfloat,sm_89,L,none,1024,16,vendor
gesvd,cfloat,sm_89,L,none,1024,24,vendor
gesvd,cfloat,sm_89,L,none,1024,32,vendor
gesvd,cfloat,sm_89,L,none,1024,33,vendor
gesvd,cfloat,sm_89,L,none,1024,48,vendor
gesvd,cfloat,sm_89,L,none,1024,64,vendor
gesvd,cfloat,sm_89,L,none,1024,65,vendor
gesvd,cfloat,sm_89,L,none,1024,128,vendor
gesvd,cfloat,sm_89,L,none,1024,256,vendor
gesvd,cfloat,sm_89,L,none,1024,512,vendor
gesvd,cfloat,sm_89,L,none,1024,1024,blocked|vendor
gesvd,cfloat,sm_89,L,all,1,1,cta|blocked|vendor
gesvd,cfloat,sm_89,L,all,1,2,vendor
gesvd,cfloat,sm_89,L,all,1,4,vendor
gesvd,cfloat,sm_89,L,all,1,8,vendor
gesvd,cfloat,sm_89,L,all,1,16,vendor
gesvd,cfloat,sm_89,L,all,1,24,vendor
gesvd,cfloat,sm_89,L,all,1,32,vendor
gesvd,cfloat,sm_89,L,all,1,33,vendor
gesvd,cfloat,sm_89,L,all,1,48,vendor
gesvd,cfloat,sm_89,L,all,1,64,vendor
gesvd,cfloat,sm_89,L,all,1,65,vendor
gesvd,cfloat,sm_89,L,all,1,128,vendor
gesvd,cfloat,sm_89,L,all,1,256,vendor
gesvd,cfloat,sm_89,L,all,1,512,vendor
gesvd,cfloat,sm_89,L,all,1,1024,vendor
gesvd,cfloat,sm_89,L,all,2,1,vendor
gesvd,cfloat,sm_89,L,all,2,2,cta|blocked|vendor
gesvd,cfloat,sm_89,L,all,2,4,vendor
gesvd,cfloat,sm_89,L,all,2,8,vendor
gesvd,cfloat,sm_89,L,all,2,16,vendor
gesvd,cfloat,sm_89,L,all,2,24,vendor
gesvd,cfloat,sm_89,L,all,2,32,vendor
gesvd,cfloat,sm_89,L,all,2,33,vendor
gesvd,cfloat,sm_89,L,all,2,48,vendor
gesvd,cfloat,sm_89,L,all,2,64,vendor
gesvd,cfloat,sm_89,L,all,2,65,vendor
gesvd,cfloat,sm_89,L,all,2,128,vendor
gesvd,cfloat,sm_89,L,all,2,256,vendor
gesvd,cfloat,sm_89,L,all,2,512,vendor
gesvd,cfloat,sm_89,L,all,2,1024,vendor
gesvd,cfloat,sm_89,L,all,4,1,vendor
gesvd,cfloat,sm_89,L,all,4,2,vendor
gesvd,cfloat,sm_89,L,all,4,4,cta|blocked|vendor
gesvd,cfloat,sm_89,L,all,4,8,vendor
gesvd,cfloat,sm_89,L,all,4,16,vendor
gesvd,cfloat,sm_89,L,all,4,24,vendor
gesvd,cfloat,sm_89,L,all,4,32,vendor
gesvd,cfloat,sm_89,L,all,4,33,vendor
gesvd,cfloat,sm_89,L,all,4,48,vendor
gesvd,cfloat,sm_89,L,all,4,64,vendor
gesvd,cfloat,sm_89,L,all,4,65,vendor
gesvd,cfloat,sm_89,L,all,4,128,vendor
gesvd,cfloat,sm_89,L,all,4,256,vendor
gesvd,cfloat,sm_89,L,all,4,512,vendor
gesvd,cfloat,sm_89,L,all,4,1024,vendor
gesvd,cfloat,sm_89,L,all,8,1,vendor
gesvd,cfloat,sm_89,L,all,8,2,vendor
gesvd,cfloat,sm_89,L,all,8,4,vendor
gesvd,cfloat,sm_89,L,all,8,8,cta|blocked|vendor
gesvd,cfloat,sm_89,L,all,8,16,vendor
gesvd,cfloat,sm_89,L,all,8,24,vendor
gesvd,cfloat,sm_89,L,all,8,32,vendor
gesvd,cfloat,sm_89,L,all,8,33,vendor
gesvd,cfloat,sm_89,L,all,8,48,vendor
gesvd,cfloat,sm_89,L,all,8,64,vendor
gesvd,cfloat,sm_89,L,all,8,65,vendor
gesvd,cfloat,sm_89,L,all,8,128,vendor
gesvd,cfloat,sm_89,L,all,8,256,vendor
gesvd,cfloat,sm_89,L,all,8,512,vendor
gesvd,cfloat,sm_89,L,all,8,1024,vendor
gesvd,cfloat,sm_89,L,all,16,1,vendor
gesvd,cfloat,sm_89,L,all,16,2,vendor
gesvd,cfloat,sm_89,L,all,16,4,vendor
gesvd,cfloat,sm_89,L,all,16,8,vendor
gesvd,cfloat,sm_89,L,all,16,16,cta|blocked|vendor
gesvd,cfloat,sm_89,L,all,16,24,vendor
gesvd,cfloat,sm_89,L,all,16,32,vendor
gesvd,cfloat,sm_89,L,all,16,33,vendor
gesvd,cfloat,sm_89,L,all,16,48,vendor
gesvd,cfloat,sm_89,L,all,16,64,vendor
gesvd,cfloat,sm_89,L,all,16,65,vendor
gesvd,cfloat,sm_89,L,all,16,128,vendor
gesvd,cfloat,sm_89,L,all,16,256,vendor
gesvd,cfloat,sm_89,L,all,16,512,vendor
gesvd,cfloat,sm_89,L,all,16,1024,vendor
gesvd,cfloat,sm_89,L,all,24,1,vendor
gesvd,cfloat,sm_89,L,all,24,2,vendor
gesvd,cfloat,sm_89,L,all,24,4,vendor
gesvd,cfloat,sm_89,L,all,24,8,vendor
gesvd,cfloat,sm_89,L,all,24,16,vendor
gesvd,cfloat,sm_89,L,all,24,24,cta|blocked|vendor
gesvd,cfloat,sm_89,L,all,24,32,vendor
gesvd,cfloat,sm_89,L,all,24,33,vendor
gesvd,cfloat,sm_89,L,all,24,48,vendor
gesvd,cfloat,sm_89,L,all,24,64,vendor
gesvd,cfloat,sm_89,L,all,24,65,vendor
gesvd,cfloat,sm_89,L,all,24,128,vendor
gesvd,cfloat,sm_89,L,all,24,256,vendor
gesvd,cfloat,sm_89,L,all,24,512,vendor
gesvd,cfloat,sm_89,L,all,24,1024,vendor
gesvd,cfloat,sm_89,L,all,32,1,vendor
gesvd,cfloat,sm_89,L,all,32,2,vendor
gesvd,cfloat,sm_89,L,all,32,4,vendor
gesvd,cfloat,sm_89,L,all,32,8,vendor
gesvd,cfloat,sm_89,L,all,32,16,vendor
gesvd,cfloat,sm_89,L,all,32,24,vendor
gesvd,cfloat,sm_89,L,all,32,32,cta|blocked|vendor
gesvd,cfloat,sm_89,L,all,32,33,vendor
gesvd,cfloat,sm_89,L,all,32,48,vendor
gesvd,cfloat,sm_89,L,all,32,64,vendor
gesvd,cfloat,sm_89,L,all,32,65,vendor
gesvd,cfloat,sm_89,L,all,32,128,vendor
gesvd,cfloat,sm_89,L,all,32,256,vendor
gesvd,cfloat,sm_89,L,all,32,512,vendor
gesvd,cfloat,sm_89,L,all,32,1024,vendor
gesvd,cfloat,sm_89,L,all,33,1,vendor
gesvd,cfloat,sm_89,L,all,33,2,vendor
gesvd,cfloat,sm_89,L,all,33,4,vendor
gesvd,cfloat,sm_89,L,all,33,8,vendor
gesvd,cfloat,sm_89,L,all,33,16,vendor
gesvd,cfloat,sm_89,L,all,33,24,vendor
gesvd,cfloat,sm_89,L,all,33,32,vendor
gesvd,cfloat,sm_89,L,all,33,33,blocked|vendor
gesvd,cfloat,sm_89,L,all,33,48,vendor
gesvd,cfloat,sm_89,L,all,33,64,vendor
gesvd,cfloat,sm_89,L,all,33,65,vendor
gesvd,cfloat,sm_89,L,all,33,128,vendor
gesvd,cfloat,sm_89,L,all,33,256,vendor
gesvd,cfloat,sm_89,L,all,33,512,vendor
gesvd,cfloat,sm_89,L,all,33,1024,vendor
gesvd,cfloat,sm_89,L,all,48,1,vendor
gesvd,cfloat,sm_89,L,all,48,2,vendor
gesvd,cfloat,sm_89,L,all,48,4,vendor
gesvd,cfloat,sm_89,L,all,48,8,vendor
gesvd,cfloat,sm_89,L,all,48,16,vendor
gesvd,cfloat,sm_89,L,all,48,24,vendor
gesvd,cfloat,sm_89,L,all,48,32,vendor
gesvd,cfloat,sm_89,L,all,48,33,vendor
gesvd,cfloat,sm_89,L,all,48,48,blocked|vendor
gesvd,cfloat,sm_89,L,all,48,64,vendor
gesvd,cfloat,sm_89,L,all,48,65,vendor
gesvd,cfloat,sm_89,L,all,48,128,vendor
gesvd,cfloat,sm_89,L,all,48,256,vendor
gesvd,cfloat,sm_89,L,all,48,512,vendor
gesvd,cfloat,sm_89,L,all,48,1024,vendor
gesvd,cfloat,sm_89,L,all,64,1,vendor
gesvd,cfloat,sm_89,L,all,64,2,vendor
gesvd,cfloat,sm_89,L,all,64,4,vendor
gesvd,cfloat,sm_89,L,all,64,8,vendor
gesvd,cfloat,sm_89,L,all,64,16,vendor
gesvd,cfloat,sm_89,L,all,64,24,vendor
gesvd,cfloat,sm_89,L,all,64,32,vendor
gesvd,cfloat,sm_89,L,all,64,33,vendor
gesvd,cfloat,sm_89,L,all,64,48,vendor
gesvd,cfloat,sm_89,L,all,64,64,blocked|vendor
gesvd,cfloat,sm_89,L,all,64,65,vendor
gesvd,cfloat,sm_89,L,all,64,128,vendor
gesvd,cfloat,sm_89,L,all,64,256,vendor
gesvd,cfloat,sm_89,L,all,64,512,vendor
gesvd,cfloat,sm_89,L,all,64,1024,vendor
gesvd,cfloat,sm_89,L,all,65,1,vendor
gesvd,cfloat,sm_89,L,all,65,2,vendor
gesvd,cfloat,sm_89,L,all,65,4,vendor
gesvd,cfloat,sm_89,L,all,65,8,vendor
gesvd,cfloat,sm_89,L,all,65,16,vendor
gesvd,cfloat,sm_89,L,all,65,24,vendor
gesvd,cfloat,sm_89,L,all,65,32,vendor
gesvd,cfloat,sm_89,L,all,65,33,vendor
gesvd,cfloat,sm_89,L,all,65,48,vendor
gesvd,cfloat,sm_89,L,all,65,64,vendor
gesvd,cfloat,sm_89,L,all,65,65,blocked|vendor
gesvd,cfloat,sm_89,L,all,65,128,vendor
gesvd,cfloat,sm_89,L,all,65,256,vendor
gesvd,cfloat,sm_89,L,all,65,512,vendor
gesvd,cfloat,sm_89,L,all,65,1024,vendor
gesvd,cfloat,sm_89,L,all,128,1,vendor
gesvd,cfloat,sm_89,L,all,128,2,vendor
gesvd,cfloat,sm_89,L,all,128,4,vendor
gesvd,cfloat,sm_89,L,all,128,8,vendor
gesvd,cfloat,sm_89,L,all,128,16,vendor
gesvd,cfloat,sm_89,L,all,128,24,vendor
gesvd,cfloat,sm_89,L,all,128,32,vendor
gesvd,cfloat,sm_89,L,all,128,33,vendor
gesvd,cfloat,sm_89,L,all,128,48,vendor
gesvd,cfloat,sm_89,L,all,128,64,vendor
gesvd,cfloat,sm_89,L,all,128,65,vendor
gesvd,cfloat,sm_89,L,all,128,128,blocked|vendor
gesvd,cfloat,sm_89,L,all,128,256,vendor
gesvd,cfloat,sm_89,L,all,128,512,vendor
gesvd,cfloat,sm_89,L,all,128,1024,vendor
gesvd,cfloat,sm_89,L,all,256,1,vendor
gesvd,cfloat,sm_89,L,all,256,2,vendor
gesvd,cfloat,sm_89,L,all,256,4,vendor
gesvd,cfloat,sm_89,L,all,256,8,vendor
gesvd,cfloat,sm_89,L,all,256,16,vendor
gesvd,cfloat,sm_89,L,all,256,24,vendor
gesvd,cfloat,sm_89,L,all,256,32,vendor
gesvd,cfloat,sm_89,L,all,256,33,vendor
gesvd,cfloat,sm_89,L,all,256,48,vendor
gesvd,cfloat,sm_89,L,all,256,64,vendor
gesvd,cfloat,sm_89,L,all,256,65,vendor
gesvd,cfloat,sm_89,L,all,256,128,vendor
gesvd,cfloat,sm_89,L,all,256,256,blocked|vendor
gesvd,cfloat,sm_89,L,all,256,512,vendor
gesvd,cfloat,sm_89,L,all,256,1024,vendor
gesvd,cfloat,sm_89,L,all,512,1,vendor
gesvd,cfloat,sm_89,L,all,512,2,vendor
gesvd,cfloat,sm_89,L,all,512,4,vendor
gesvd,cfloat,sm_89,L,all,512,8,vendor
gesvd,cfloat,sm_89,L,all,512,16,vendor
gesvd,cfloat,sm_89,L,all,512,24,vendor
gesvd,cfloat,sm_89,L,all,512,32,vendor
gesvd,cfloat,sm_89,L,all,512,33,vendor
gesvd,cfloat,sm_89,L,all,512,48,vendor
gesvd,cfloat,sm_89,L,all,512,64,vendor
gesvd,cfloat,sm_89,L,all,512,65,vendor
gesvd,cfloat,sm_89,L,all,512,128,vendor
gesvd,cfloat,sm_89,L,all,512,256,vendor
gesvd,cfloat,sm_89,L,all,512,512,blocked|vendor
gesvd,cfloat,sm_89,L,all,512,1024,vendor
gesvd,cfloat,sm_89,L,all,1024,1,vendor
gesvd,cfloat,sm_89,L,all,1024,2,vendor
gesvd,cfloat,sm_89,L,all,1024,4,vendor
gesvd,cfloat,sm_89,L,all,1024,8,vendor
gesvd,cfloat,sm_89,L,all,1024,16,vendor
gesvd,cfloat,sm_89,L,all,1024,24,vendor
gesvd,cfloat,sm_89,L,all,1024,32,vendor
gesvd,cfloat,sm_89,L,all,1024,33,vendor
gesvd,cfloat,sm_89,L,all,1024,48,vendor
gesvd,cfloat,sm_89,L,all,1024,64,vendor
gesvd,cfloat,sm_89,L,all,1024,65,vendor
gesvd,cfloat,sm_89,L,all,1024,128,vendor
gesvd,cfloat,sm_89,L,all,1024,256,vendor
gesvd,cfloat,sm_89,L,all,1024,512,vendor
gesvd,cfloat,sm_89,L,all,1024,1024,blocked|vendor
gesvd,cfloat,sm_89,L,thin,1,1,blocked|vendor
gesvd,cfloat,sm_89,L,thin,1,2,vendor
gesvd,cfloat,sm_89,L,thin,1,4,vendor
gesvd,cfloat,sm_89,L,thin,1,8,vendor
gesvd,cfloat,sm_89,L,thin,1,16,vendor
gesvd,cfloat,sm_89,L,thin,1,24,vendor
gesvd,cfloat,sm_89,L,thin,1,32,vendor
gesvd,cfloat,sm_89,L,thin,1,33,vendor
gesvd,cfloat,sm_89,L,thin,1,48,vendor
gesvd,cfloat,sm_89,L,thin,1,64,vendor
gesvd,cfloat,sm_89,L,thin,1,65,vendor
gesvd,cfloat,sm_89,L,thin,1,128,vendor
gesvd,cfloat,sm_89,L,thin,1,256,vendor
gesvd,cfloat,sm_89,L,thin,1,512,vendor
gesvd,cfloat,sm_89,L,thin,1,1024,vendor
gesvd,cfloat,sm_89,L,thin,2,1,vendor
gesvd,cfloat,sm_89,L,thin,2,2,blocked|vendor
gesvd,cfloat,sm_89,L,thin,2,4,vendor
gesvd,cfloat,sm_89,L,thin,2,8,vendor
gesvd,cfloat,sm_89,L,thin,2,16,vendor
gesvd,cfloat,sm_89,L,thin,2,24,vendor
gesvd,cfloat,sm_89,L,thin,2,32,vendor
gesvd,cfloat,sm_89,L,thin,2,33,vendor
gesvd,cfloat,sm_89,L,thin,2,48,vendor
gesvd,cfloat,sm_89,L,thin,2,64,vendor
gesvd,cfloat,sm_89,L,thin,2,65,vendor
gesvd,cfloat,sm_89,L,thin,2,128,vendor
gesvd,cfloat,sm_89,L,thin,2,256,vendor
gesvd,cfloat,sm_89,L,thin,2,512,vendor
gesvd,cfloat,sm_89,L,thin,2,1024,vendor
gesvd,cfloat,sm_89,L,thin,4,1,vendor
gesvd,cfloat,sm_89,L,thin,4,2,vendor
gesvd,cfloat,sm_89,L,thin,4,4,blocked|vendor
gesvd,cfloat,sm_89,L,thin,4,8,vendor
gesvd,cfloat,sm_89,L,thin,4,16,vendor
gesvd,cfloat,sm_89,L,thin,4,24,vendor
gesvd,cfloat,sm_89,L,thin,4,32,vendor
gesvd,cfloat,sm_89,L,thin,4,33,vendor
gesvd,cfloat,sm_89,L,thin,4,48,vendor
gesvd,cfloat,sm_89,L,thin,4,64,vendor
gesvd,cfloat,sm_89,L,thin,4,65,vendor
gesvd,cfloat,sm_89,L,thin,4,128,vendor
gesvd,cfloat,sm_89,L,thin,4,256,vendor
gesvd,cfloat,sm_89,L,thin,4,512,vendor
gesvd,cfloat,sm_89,L,thin,4,1024,vendor
gesvd,cfloat,sm_89,L,thin,8,1,vendor
gesvd,cfloat,sm_89,L,thin,8,2,vendor
gesvd,cfloat,sm_89,L,thin,8,4,vendor
gesvd,cfloat,sm_89,L,thin,8,8,blocked|vendor
gesvd,cfloat,sm_89,L,thin,8,16,vendor
gesvd,cfloat,sm_89,L,thin,8,24,vendor
gesvd,cfloat,sm_89,L,thin,8,32,vendor
gesvd,cfloat,sm_89,L,thin,8,33,vendor
gesvd,cfloat,sm_89,L,thin,8,48,vendor
gesvd,cfloat,sm_89,L,thin,8,64,vendor
gesvd,cfloat,sm_89,L,thin,8,65,vendor
gesvd,cfloat,sm_89,L,thin,8,128,vendor
gesvd,cfloat,sm_89,L,thin,8,256,vendor
gesvd,cfloat,sm_89,L,thin,8,512,vendor
gesvd,cfloat,sm_89,L,thin,8,1024,vendor
gesvd,cfloat,sm_89,L,thin,16,1,vendor
gesvd,cfloat,sm_89,L,thin,16,2,vendor
gesvd,cfloat,sm_89,L,thin,16,4,vendor
gesvd,cfloat,sm_89,L,thin,16,8,vendor
gesvd,cfloat,sm_89,L,thin,16,16,blocked|vendor
gesvd,cfloat,sm_89,L,thin,16,24,vendor
gesvd,cfloat,sm_89,L,thin,16,32,vendor
gesvd,cfloat,sm_89,L,thin,16,33,vendor
gesvd,cfloat,sm_89,L,thin,16,48,vendor
gesvd,cfloat,sm_89,L,thin,16,64,vendor
gesvd,cfloat,sm_89,L,thin,16,65,vendor
gesvd,cfloat,sm_89,L,thin,16,128,vendor
gesvd,cfloat,sm_89,L,thin,16,256,vendor
gesvd,cfloat,sm_89,L,thin,16,512,vendor
gesvd,cfloat,sm_89,L,thin,16,1024,vendor
gesvd,cfloat,sm_89,L,thin,24,1,vendor
gesvd,cfloat,sm_89,L,thin,24,2,vendor
gesvd,cfloat,sm_89,L,thin,24,4,vendor
gesvd,cfloat,sm_89,L,thin,24,8,vendor
gesvd,cfloat,sm_89,L,thin,24,16,vendor
gesvd,cfloat,sm_89,L,thin,24,24,blocked|vendor
gesvd,cfloat,sm_89,L,thin,24,32,vendor
gesvd,cfloat,sm_89,L,thin,24,33,vendor
gesvd,cfloat,sm_89,L,thin,24,48,vendor
gesvd,cfloat,sm_89,L,thin,24,64,vendor
gesvd,cfloat,sm_89,L,thin,24,65,vendor
gesvd,cfloat,sm_89,L,thin,24,128,vendor
gesvd,cfloat,sm_89,L,thin,24,256,vendor
gesvd,cfloat,sm_89,L,thin,24,512,vendor
gesvd,cfloat,sm_89,L,thin,24,1024,vendor
gesvd,cfloat,sm_89,L,thin,32,1,vendor
gesvd,cfloat,sm_89,L,thin,32,2,vendor
gesvd,cfloat,sm_89,L,thin,32,4,vendor
gesvd,cfloat,sm_89,L,thin,32,8,vendor
gesvd,cfloat,sm_89,L,thin,32,16,vendor
gesvd,cfloat,sm_89,L,thin,32,24,vendor
gesvd,cfloat,sm_89,L,thin,32,32,blocked|vendor
gesvd,cfloat,sm_89,L,thin,32,33,vendor
gesvd,cfloat,sm_89,L,thin,32,48,vendor
gesvd,cfloat,sm_89,L,thin,32,64,vendor
gesvd,cfloat,sm_89,L,thin,32,65,vendor
gesvd,cfloat,sm_89,L,thin,32,128,vendor
gesvd,cfloat,sm_89,L,thin,32,256,vendor
gesvd,cfloat,sm_89,L,thin,32,512,vendor
gesvd,cfloat,sm_89,L,thin,32,1024,vendor
gesvd,cfloat,sm_89,L,thin,33,1,vendor
gesvd,cfloat,sm_89,L,thin,33,2,vendor
gesvd,cfloat,sm_89,L,thin,33,4,vendor
gesvd,cfloat,sm_89,L,thin,33,8,vendor
gesvd,cfloat,sm_89,L,thin,33,16,vendor
gesvd,cfloat,sm_89,L,thin,33,24,vendor
gesvd,cfloat,sm_89,L,thin,33,32,vendor
gesvd,cfloat,sm_89,L,thin,33,33,blocked|vendor
gesvd,cfloat,sm_89,L,thin,33,48,vendor
gesvd,cfloat,sm_89,L,thin,33,64,vendor
gesvd,cfloat,sm_89,L,thin,33,65,vendor
gesvd,cfloat,sm_89,L,thin,33,128,vendor
gesvd,cfloat,sm_89,L,thin,33,256,vendor
gesvd,cfloat,sm_89,L,thin,33,512,vendor
gesvd,cfloat,sm_89,L,thin,33,1024,vendor
gesvd,cfloat,sm_89,L,thin,48,1,vendor
gesvd,cfloat,sm_89,L,thin,48,2,vendor
gesvd,cfloat,sm_89,L,thin,48,4,vendor
gesvd,cfloat,sm_89,L,thin,48,8,vendor
gesvd,cfloat,sm_89,L,thin,48,16,vendor
gesvd,cfloat,sm_89,L,thin,48,24,vendor
gesvd,cfloat,sm_89,L,thin,48,32,vendor
gesvd,cfloat,sm_89,L,thin,48,33,vendor
gesvd,cfloat,sm_89,L,thin,48,48,blocked|vendor
gesvd,cfloat,sm_89,L,thin,48,64,vendor
gesvd,cfloat,sm_89,L,thin,48,65,vendor
gesvd,cfloat,sm_89,L,thin,48,128,vendor
gesvd,cfloat,sm_89,L,thin,48,256,vendor
gesvd,cfloat,sm_89,L,thin,48,512,vendor
gesvd,cfloat,sm_89,L,thin,48,1024,vendor
gesvd,cfloat,sm_89,L,thin,64,1,vendor
gesvd,cfloat,sm_89,L,thin,64,2,vendor
gesvd,cfloat,sm_89,L,thin,64,4,vendor
gesvd,cfloat,sm_89,L,thin,64,8,vendor
gesvd,cfloat,sm_89,L,thin,64,16,vendor
gesvd,cfloat,sm_89,L,thin,64,24,vendor
gesvd,cfloat,sm_89,L,thin,64,32,vendor
gesvd,cfloat,sm_89,L,thin,64,33,vendor
gesvd,cfloat,sm_89,L,thin,64,48,vendor
gesvd,cfloat,sm_89,L,thin,64,64,blocked|vendor
gesvd,cfloat,sm_89,L,thin,64,65,vendor
gesvd,cfloat,sm_89,L,thin,64,128,vendor
gesvd,cfloat,sm_89,L,thin,64,256,vendor
gesvd,cfloat,sm_89,L,thin,64,512,vendor
gesvd,cfloat,sm_89,L,thin,64,1024,vendor
gesvd,cfloat,sm_89,L,thin,65,1,vendor
gesvd,cfloat,sm_89,L,thin,65,2,vendor
gesvd,cfloat,sm_89,L,thin,65,4,vendor
gesvd,cfloat,sm_89,L,thin,65,8,vendor
gesvd,cfloat,sm_89,L,thin,65,16,vendor
gesvd,cfloat,sm_89,L,thin,65,24,vendor
gesvd,cfloat,sm_89,L,thin,65,32,vendor
gesvd,cfloat,sm_89,L,thin,65,33,vendor
gesvd,cfloat,sm_89,L,thin,65,48,vendor
gesvd,cfloat,sm_89,L,thin,65,64,vendor
gesvd,cfloat,sm_89,L,thin,65,65,blocked|vendor
gesvd,cfloat,sm_89,L,thin,65,128,vendor
gesvd,cfloat,sm_89,L,thin,65,256,vendor
gesvd,cfloat,sm_89,L,thin,65,512,vendor
gesvd,cfloat,sm_89,L,thin,65,1024,vendor
gesvd,cfloat,sm_89,L,thin,128,1,vendor
gesvd,cfloat,sm_89,L,thin,128,2,vendor
gesvd,cfloat,sm_89,L,thin,128,4,vendor
gesvd,cfloat,sm_89,L,thin,128,8,vendor
gesvd,cfloat,sm_89,L,thin,128,16,vendor
gesvd,cfloat,sm_89,L,thin,128,24,vendor
gesvd,cfloat,sm_89,L,thin,128,32,vendor
gesvd,cfloat,sm_89,L,thin,128,33,vendor
gesvd,cfloat,sm_89,L,thin,128,48,vendor
gesvd,cfloat,sm_89,L,thin,128,64,vendor
gesvd,cfloat,sm_89,L,thin,128,65,vendor
gesvd,cfloat,sm_89,L,thin,128,128,blocked|vendor
gesvd,cfloat,sm_89,L,thin,128,256,vendor
gesvd,cfloat,sm_89,L,thin,128,512,vendor
gesvd,cfloat,sm_89,L,thin,128,1024,vendor
gesvd,cfloat,sm_89,L,thin,256,1,vendor
gesvd,cfloat,sm_89,L,thin,256,2,vendor
gesvd,cfloat,sm_89,L,thin,256,4,vendor
gesvd,cfloat,sm_89,L,thin,256,8,vendor
gesvd,cfloat,sm_89,L,thin,256,16,vendor
gesvd,cfloat,sm_89,L,thin,256,24,vendor
gesvd,cfloat,sm_89,L,thin,256,32,vendor
gesvd,cfloat,sm_89,L,thin,256,33,vendor
gesvd,cfloat,sm_89,L,thin,256,48,vendor
gesvd,cfloat,sm_89,L,thin,256,64,vendor
gesvd,cfloat,sm_89,L,thin,256,65,vendor
gesvd,cfloat,sm_89,L,thin,256,128,vendor
gesvd,cfloat,sm_89,L,thin,256,256,blocked|vendor
gesvd,cfloat,sm_89,L,thin,256,512,vendor
gesvd,cfloat,sm_89,L,thin,256,1024,vendor
gesvd,cfloat,sm_89,L,thin,512,1,vendor
gesvd,cfloat,sm_89,L,thin,512,2,vendor
gesvd,cfloat,sm_89,L,thin,512,4,vendor
gesvd,cfloat,sm_89,L,thin,512,8,vendor
gesvd,cfloat,sm_89,L,thin,512,16,vendor
gesvd,cfloat,sm_89,L,thin,512,24,vendor
gesvd,cfloat,sm_89,L,thin,512,32,vendor
gesvd,cfloat,sm_89,L,thin,512,33,vendor
gesvd,cfloat,sm_89,L,thin,512,48,vendor
gesvd,cfloat,sm_89,L,thin,512,64,vendor
gesvd,cfloat,sm_89,L,thin,512,65,vendor
gesvd,cfloat,sm_89,L,thin,512,128,vendor
gesvd,cfloat,sm_89,L,thin,512,256,vendor
gesvd,cfloat,sm_89,L,thin,512,512,blocked|vendor
gesvd,cfloat,sm_89,L,thin,512,1024,vendor
gesvd,cfloat,sm_89,L,thin,1024,1,vendor
gesvd,cfloat,sm_89,L,thin,1024,2,vendor
gesvd,cfloat,sm_89,L,thin,1024,4,vendor
gesvd,cfloat,sm_89,L,thin,1024,8,vendor
gesvd,cfloat,sm_89,L,thin,1024,16,vendor
gesvd,cfloat,sm_89,L,thin,1024,24,vendor
gesvd,cfloat,sm_89,L,thin,1024,32,vendor
gesvd,cfloat,sm_89,L,thin,1024,33,vendor
gesvd,cfloat,sm_89,L,thin,1024,48,vendor
gesvd,cfloat,sm_89,L,thin,1024,64,vendor
gesvd,cfloat,sm_89,L,thin,1024,65,vendor
gesvd,cfloat,sm_89,L,thin,1024,128,vendor
gesvd,cfloat,sm_89,L,thin,1024,256,vendor
gesvd,cfloat,sm_89,L,thin,1024,512,vendor
gesvd,cfloat,sm_89,L,thin,1024,1024,blocked|vendor
gesvd,cfloat,sm_89,U,none,1,1,cta|vendor
gesvd,cfloat,sm_89,U,none,1,2,vendor
gesvd,cfloat,sm_89,U,none,1,4,vendor
gesvd,cfloat,sm_89,U,none,1,8,vendor
gesvd,cfloat,sm_89,U,none,1,16,vendor
gesvd,cfloat,sm_89,U,none,1,24,vendor
gesvd,cfloat,sm_89,U,none,1,32,vendor
gesvd,cfloat,sm_89,U,none,1,33,vendor
gesvd,cfloat,sm_89,U,none,1,48,vendor
gesvd,cfloat,sm_89,U,none,1,64,vendor
gesvd,cfloat,sm_89,U,none,1,65,vendor
gesvd,cfloat,sm_89,U,none,1,128,vendor
gesvd,cfloat,sm_89,U,none,1,256,vendor
gesvd,cfloat,sm_89,U,none,1,512,vendor
gesvd,cfloat,sm_89,U,none,1,1024,vendor
gesvd,cfloat,sm_89,U,none,2,1,vendor
gesvd,cfloat,sm_89,U,none,2,2,cta|vendor
gesvd,cfloat,sm_89,U,none,2,4,vendor
gesvd,cfloat,sm_89,U,none,2,8,vendor
gesvd,cfloat,sm_89,U,none,2,16,vendor
gesvd,cfloat,sm_89,U,none,2,24,vendor
gesvd,cfloat,sm_89,U,none,2,32,vendor
gesvd,cfloat,sm_89,U,none,2,33,vendor
gesvd,cfloat,sm_89,U,none,2,48,vendor
gesvd,cfloat,sm_89,U,none,2,64,vendor
gesvd,cfloat,sm_89,U,none,2,65,vendor
gesvd,cfloat,sm_89,U,none,2,128,vendor
gesvd,cfloat,sm_89,U,none,2,256,vendor
gesvd,cfloat,sm_89,U,none,2,512,vendor
gesvd,cfloat,sm_89,U,none,2,1024,vendor
gesvd,cfloat,sm_89,U,none,4,1,vendor
gesvd,cfloat,sm_89,U,none,4,2,vendor
gesvd,cfloat,sm_89,U,none,4,4,cta|vendor
gesvd,cfloat,sm_89,U,none,4,8,vendor
gesvd,cfloat,sm_89,U,none,4,16,vendor
gesvd,cfloat,sm_89,U,none,4,24,vendor
gesvd,cfloat,sm_89,U,none,4,32,vendor
gesvd,cfloat,sm_89,U,none,4,33,vendor
gesvd,cfloat,sm_89,U,none,4,48,vendor
gesvd,cfloat,sm_89,U,none,4,64,vendor
gesvd,cfloat,sm_89,U,none,4,65,vendor
gesvd,cfloat,sm_89,U,none,4,128,vendor
gesvd,cfloat,sm_89,U,none,4,256,vendor
gesvd,cfloat,sm_89,U,none,4,512,vendor
gesvd,cfloat,sm_89,U,none,4,1024,vendor
gesvd,cfloat,sm_89,U,none,8,1,vendor
gesvd,cfloat,sm_89,U,none,8,2,vendor
gesvd,cfloat,sm_89,U,none,8,4,vendor
gesvd,cfloat,sm_89,U,none,8,8,cta|vendor
gesvd,cfloat,sm_89,U,none,8,16,vendor
gesvd,cfloat,sm_89,U,none,8,24,vendor
gesvd,cfloat,sm_89,U,none,8,32,vendor
gesvd,cfloat,sm_89,U,none,8,33,vendor
gesvd,cfloat,sm_89,U,none,8,48,vendor
gesvd,cfloat,sm_89,U,none,8,64,vendor
gesvd,cfloat,sm_89,U,none,8,65,vendor
gesvd,cfloat,sm_89,U,none,8,128,vendor
gesvd,cfloat,sm_89,U,none,8,256,vendor
gesvd,cfloat,sm_89,U,none,8,512,vendor
gesvd,cfloat,sm_89,U,none,8,1024,vendor
gesvd,cfloat,sm_89,U,none,16,1,vendor
gesvd,cfloat,sm_89,U,none,16,2,vendor
gesvd,cfloat,sm_89,U,none,16,4,vendor
gesvd,cfloat,sm_89,U,none,16,8,vendor
gesvd,cfloat,sm_89,U,none,16,16,cta|vendor
gesvd,cfloat,sm_89,U,none,16,24,vendor
gesvd,cfloat,sm_89,U,none,16,32,vendor
gesvd,cfloat,sm_89,U,none,16,33,vendor
gesvd,cfloat,sm_89,U,none,16,48,vendor
gesvd,cfloat,sm_89,U,none,16,64,vendor
gesvd,cfloat,sm_89,U,none,16,65,vendor
gesvd,cfloat,sm_89,U,none,16,128,vendor
gesvd,cfloat,sm_89,U,none,16,256,vendor
gesvd,cfloat,sm_89,U,none,16,512,vendor
gesvd,cfloat,sm_89,U,none,16,1024,vendor
gesvd,cfloat,sm_89,U,none,24,1,vendor
gesvd,cfloat,sm_89,U,none,24,2,vendor
gesvd,cfloat,sm_89,U,none,24,4,vendor
gesvd,cfloat,sm_89,U,none,24,8,vendor
gesvd,cfloat,sm_89,U,none,24,16,vendor
gesvd,cfloat,sm_89,U,none,24,24,cta|vendor
gesvd,cfloat,sm_89,U,none,24,32,vendor
gesvd,cfloat,sm_89,U,none,24,33,vendor
gesvd,cfloat,sm_89,U,none,24,48,vendor
gesvd,cfloat,sm_89,U,none,24,64,vendor
gesvd,cfloat,sm_89,U,none,24,65,vendor
gesvd,cfloat,sm_89,U,none,24,128,vendor
gesvd,cfloat,sm_89,U,none,24,256,vendor
gesvd,cfloat,sm_89,U,none,24,512,vendor
gesvd,cfloat,sm_89,U,none,24,1024,vendor
gesvd,cfloat,sm_89,U,none,32,1,vendor
gesvd,cfloat,sm_89,U,none,32,2,vendor
gesvd,cfloat,sm_89,U,none,32,4,vendor
gesvd,cfloat,sm_89,U,none,32,8,vendor
gesvd,cfloat,sm_89,U,none,32,16,vendor
gesvd,cfloat,sm_89,U,none,32,24,vendor
gesvd,cfloat,sm_89,U,none,32,32,cta|vendor
gesvd,cfloat,sm_89,U,none,32,33,vendor
gesvd,cfloat,sm_89,U,none,32,48,vendor
gesvd,cfloat,sm_89,U,none,32,64,vendor
gesvd,cfloat,sm_89,U,none,32,65,vendor
gesvd,cfloat,sm_89,U,none,32,128,vendor
gesvd,cfloat,sm_89,U,none,32,256,vendor
gesvd,cfloat,sm_89,U,none,32,512,vendor
gesvd,cfloat,sm_89,U,none,32,1024,vendor
gesvd,cfloat,sm_89,U,none,33,1,vendor
gesvd,cfloat,sm_89,U,none,33,2,vendor
gesvd,cfloat,sm_89,U,none,33,4,vendor
gesvd,cfloat,sm_89,U,none,33,8,vendor
gesvd,cfloat,sm_89,U,none,33,16,vendor
gesvd,cfloat,sm_89,U,none,33,24,vendor
gesvd,cfloat,sm_89,U,none,33,32,vendor
gesvd,cfloat,sm_89,U,none,33,33,vendor
gesvd,cfloat,sm_89,U,none,33,48,vendor
gesvd,cfloat,sm_89,U,none,33,64,vendor
gesvd,cfloat,sm_89,U,none,33,65,vendor
gesvd,cfloat,sm_89,U,none,33,128,vendor
gesvd,cfloat,sm_89,U,none,33,256,vendor
gesvd,cfloat,sm_89,U,none,33,512,vendor
gesvd,cfloat,sm_89,U,none,33,1024,vendor
gesvd,cfloat,sm_89,U,none,48,1,vendor
gesvd,cfloat,sm_89,U,none,48,2,vendor
gesvd,cfloat,sm_89,U,none,48,4,vendor
gesvd,cfloat,sm_89,U,none,48,8,vendor
gesvd,cfloat,sm_89,U,none,48,16,vendor
gesvd,cfloat,sm_89,U,none,48,24,vendor
gesvd,cfloat,sm_89,U,none,48,32,vendor
gesvd,cfloat,sm_89,U,none,48,33,vendor
gesvd,cfloat,sm_89,U,none,48,48,vendor
gesvd,cfloat,sm_89,U,none,48,64,vendor
gesvd,cfloat,sm_89,U,none,48,65,vendor
gesvd,cfloat,sm_89,U,none,48,128,vendor
gesvd,cfloat,sm_89,U,none,48,256,vendor
gesvd,cfloat,sm_89,U,none,48,512,vendor
gesvd,cfloat,sm_89,U,none,48,1024,vendor
gesvd,cfloat,sm_89,U,none,64,1,vendor
gesvd,cfloat,sm_89,U,none,64,2,vendor
gesvd,cfloat,sm_89,U,none,64,4,vendor
gesvd,cfloat,sm_89,U,none,64,8,vendor
gesvd,cfloat,sm_89,U,none,64,16,vendor
gesvd,cfloat,sm_89,U,none,64,24,vendor
gesvd,cfloat,sm_89,U,none,64,32,vendor
gesvd,cfloat,sm_89,U,none,64,33,vendor
gesvd,cfloat,sm_89,U,none,64,48,vendor
gesvd,cfloat,sm_89,U,none,64,64,vendor
gesvd,cfloat,sm_89,U,none,64,65,vendor
gesvd,cfloat,sm_89,U,none,64,128,vendor
gesvd,cfloat,sm_89,U,none,64,256,vendor
gesvd,cfloat,sm_89,U,none,64,512,vendor
gesvd,cfloat,sm_89,U,none,64,1024,vendor
gesvd,cfloat,sm_89,U,none,65,1,vendor
gesvd,cfloat,sm_89,U,none,65,2,vendor
gesvd,cfloat,sm_89,U,none,65,4,vendor
gesvd,cfloat,sm_89,U,none,65,8,vendor
gesvd,cfloat,sm_89,U,none,65,16,vendor
gesvd,cfloat,sm_89,U,none,65,24,vendor
gesvd,cfloat,sm_89,U,none,65,32,vendor
gesvd,cfloat,sm_89,U,none,65,33,vendor
gesvd,cfloat,sm_89,U,none,65,48,vendor
gesvd,cfloat,sm_89,U,none,65,64,vendor
gesvd,cfloat,sm_89,U,none,65,65,vendor
gesvd,cfloat,sm_89,U,none,65,128,vendor
gesvd,cfloat,sm_89,U,none,65,256,vendor
gesvd,cfloat,sm_89,U,none,65,512,vendor
gesvd,cfloat,sm_89,U,none,65,1024,vendor
gesvd,cfloat,sm_89,U,none,128,1,vendor
gesvd,cfloat,sm_89,U,none,128,2,vendor
gesvd,cfloat,sm_89,U,none,128,4,vendor
gesvd,cfloat,sm_89,U,none,128,8,vendor
gesvd,cfloat,sm_89,U,none,128,16,vendor
gesvd,cfloat,sm_89,U,none,128,24,vendor
gesvd,cfloat,sm_89,U,none,128,32,vendor
gesvd,cfloat,sm_89,U,none,128,33,vendor
gesvd,cfloat,sm_89,U,none,128,48,vendor
gesvd,cfloat,sm_89,U,none,128,64,vendor
gesvd,cfloat,sm_89,U,none,128,65,vendor
gesvd,cfloat,sm_89,U,none,128,128,vendor
gesvd,cfloat,sm_89,U,none,128,256,vendor
gesvd,cfloat,sm_89,U,none,128,512,vendor
gesvd,cfloat,sm_89,U,none,128,1024,vendor
gesvd,cfloat,sm_89,U,none,256,1,vendor
gesvd,cfloat,sm_89,U,none,256,2,vendor
gesvd,cfloat,sm_89,U,none,256,4,vendor
gesvd,cfloat,sm_89,U,none,256,8,vendor
gesvd,cfloat,sm_89,U,none,256,16,vendor
gesvd,cfloat,sm_89,U,none,256,24,vendor
gesvd,cfloat,sm_89,U,none,256,32,vendor
gesvd,cfloat,sm_89,U,none,256,33,vendor
gesvd,cfloat,sm_89,U,none,256,48,vendor
gesvd,cfloat,sm_89,U,none,256,64,vendor
gesvd,cfloat,sm_89,U,none,256,65,vendor
gesvd,cfloat,sm_89,U,none,256,128,vendor
gesvd,cfloat,sm_89,U,none,256,256,vendor
gesvd,cfloat,sm_89,U,none,256,512,vendor
gesvd,cfloat,sm_89,U,none,256,1024,vendor
gesvd,cfloat,sm_89,U,none,512,1,vendor
gesvd,cfloat,sm_89,U,none,512,2,vendor
gesvd,cfloat,sm_89,U,none,512,4,vendor
gesvd,cfloat,sm_89,U,none,512,8,vendor
gesvd,cfloat,sm_89,U,none,512,16,vendor
gesvd,cfloat,sm_89,U,none,512,24,vendor
gesvd,cfloat,sm_89,U,none,512,32,vendor
gesvd,cfloat,sm_89,U,none,512,33,vendor
gesvd,cfloat,sm_89,U,none,512,48,vendor
gesvd,cfloat,sm_89,U,none,512,64,vendor
gesvd,cfloat,sm_89,U,none,512,65,vendor
gesvd,cfloat,sm_89,U,none,512,128,vendor
gesvd,cfloat,sm_89,U,none,512,256,vendor
gesvd,cfloat,sm_89,U,none,512,512,vendor
gesvd,cfloat,sm_89,U,none,512,1024,vendor
gesvd,cfloat,sm_89,U,none,1024,1,vendor
gesvd,cfloat,sm_89,U,none,1024,2,vendor
gesvd,cfloat,sm_89,U,none,1024,4,vendor
gesvd,cfloat,sm_89,U,none,1024,8,vendor
gesvd,cfloat,sm_89,U,none,1024,16,vendor
gesvd,cfloat,sm_89,U,none,1024,24,vendor
gesvd,cfloat,sm_89,U,none,1024,32,vendor
gesvd,cfloat,sm_89,U,none,1024,33,vendor
gesvd,cfloat,sm_89,U,none,1024,48,vendor
gesvd,cfloat,sm_89,U,none,1024,64,vendor
gesvd,cfloat,sm_89,U,none,1024,65,vendor
gesvd,cfloat,sm_89,U,none,1024,128,vendor
gesvd,cfloat,sm_89,U,none,1024,256,vendor
gesvd,cfloat,sm_89,U,none,1024,512,vendor
gesvd,cfloat,sm_89,U,none,1024,1024,vendor
gesvd,cfloat,sm_89,U,all,1,1,cta|vendor
gesvd,cfloat,sm_89,U,all,1,2,vendor
gesvd,cfloat,sm_89,U,all,1,4,vendor
gesvd,cfloat,sm_89,U,all,1,8,vendor
gesvd,cfloat,sm_89,U,all,1,16,vendor
gesvd,cfloat,sm_89,U,all,1,24,vendor
gesvd,cfloat,sm_89,U,all,1,32,vendor
gesvd,cfloat,sm_89,U,all,1,33,vendor
gesvd,cfloat,sm_89,U,all,1,48,vendor
gesvd,cfloat,sm_89,U,all,1,64,vendor
gesvd,cfloat,sm_89,U,all,1,65,vendor
gesvd,cfloat,sm_89,U,all,1,128,vendor
gesvd,cfloat,sm_89,U,all,1,256,vendor
gesvd,cfloat,sm_89,U,all,1,512,vendor
gesvd,cfloat,sm_89,U,all,1,1024,vendor
gesvd,cfloat,sm_89,U,all,2,1,vendor
gesvd,cfloat,sm_89,U,all,2,2,cta|vendor
gesvd,cfloat,sm_89,U,all,2,4,vendor
gesvd,cfloat,sm_89,U,all,2,8,vendor
gesvd,cfloat,sm_89,U,all,2,16,vendor
gesvd,cfloat,sm_89,U,all,2,24,vendor
gesvd,cfloat,sm_89,U,all,2,32,vendor
gesvd,cfloat,sm_89,U,all,2,33,vendor
gesvd,cfloat,sm_89,U,all,2,48,vendor
gesvd,cfloat,sm_89,U,all,2,64,vendor
gesvd,cfloat,sm_89,U,all,2,65,vendor
gesvd,cfloat,sm_89,U,all,2,128,vendor
gesvd,cfloat,sm_89,U,all,2,256,vendor
gesvd,cfloat,sm_89,U,all,2,512,vendor
gesvd,cfloat,sm_89,U,all,2,1024,vendor
gesvd,cfloat,sm_89,U,all,4,1,vendor
gesvd,cfloat,sm_89,U,all,4,2,vendor
gesvd,cfloat,sm_89,U,all,4,4,cta|vendor
gesvd,cfloat,sm_89,U,all,4,8,vendor
gesvd,cfloat,sm_89,U,all,4,16,vendor
gesvd,cfloat,sm_89,U,all,4,24,vendor
gesvd,cfloat,sm_89,U,all,4,32,vendor
gesvd,cfloat,sm_89,U,all,4,33,vendor
gesvd,cfloat,sm_89,U,all,4,48,vendor
gesvd,cfloat,sm_89,U,all,4,64,vendor
gesvd,cfloat,sm_89,U,all,4,65,vendor
gesvd,cfloat,sm_89,U,all,4,128,vendor
gesvd,cfloat,sm_89,U,all,4,256,vendor
gesvd,cfloat,sm_89,U,all,4,512,vendor
gesvd,cfloat,sm_89,U,all,4,1024,vendor
gesvd,cfloat,sm_89,U,all,8,1,vendor
gesvd,cfloat,sm_89,U,all,8,2,vendor
gesvd,cfloat,sm_89,U,all,8,4,vendor
gesvd,cfloat,sm_89,U,all,8,8,cta|vendor
gesvd,cfloat,sm_89,U,all,8,16,vendor
gesvd,cfloat,sm_89,U,all,8,24,vendor
gesvd,cfloat,sm_89,U,all,8,32,vendor
gesvd,cfloat,sm_89,U,all,8,33,vendor
gesvd,cfloat,sm_89,U,all,8,48,vendor
gesvd,cfloat,sm_89,U,all,8,64,vendor
gesvd,cfloat,sm_89,U,all,8,65,vendor
gesvd,cfloat,sm_89,U,all,8,128,vendor
gesvd,cfloat,sm_89,U,all,8,256,vendor
gesvd,cfloat,sm_89,U,all,8,512,vendor
gesvd,cfloat,sm_89,U,all,8,1024,vendor
gesvd,cfloat,sm_89,U,all,16,1,vendor
gesvd,cfloat,sm_89,U,all,16,2,vendor
gesvd,cfloat,sm_89,U,all,16,4,vendor
gesvd,cfloat,sm_89,U,all,16,8,vendor
gesvd,cfloat,sm_89,U,all,16,16,cta|vendor
gesvd,cfloat,sm_89,U,all,16,24,vendor
gesvd,cfloat,sm_89,U,all,16,32,vendor
gesvd,cfloat,sm_89,U,all,16,33,vendor
gesvd,cfloat,sm_89,U,all,16,48,vendor
gesvd,cfloat,sm_89,U,all,16,64,vendor
gesvd,cfloat,sm_89,U,all,16,65,vendor
gesvd,cfloat,sm_89,U,all,16,128,vendor
gesvd,cfloat,sm_89,U,all,16,256,vendor
gesvd,cfloat,sm_89,U,all,16,512,vendor
gesvd,cfloat,sm_89,U,all,16,1024,vendor
gesvd,cfloat,sm_89,U,all,24,1,vendor
gesvd,cfloat,sm_89,U,all,24,2,vendor
gesvd,cfloat,sm_89,U,all,24,4,vendor
gesvd,cfloat,sm_89,U,all,24,8,vendor
gesvd,cfloat,sm_89,U,all,24,16,vendor
gesvd,cfloat,sm_89,U,all,24,24,cta|vendor
gesvd,cfloat,sm_89,U,all,24,32,vendor
gesvd,cfloat,sm_89,U,all,24,33,vendor
gesvd,cfloat,sm_89,U,all,24,48,vendor
gesvd,cfloat,sm_89,U,all,24,64,vendor
gesvd,cfloat,sm_89,U,all,24,65,vendor
gesvd,cfloat,sm_89,U,all,24,128,vendor
gesvd,cfloat,sm_89,U,all,24,256,vendor
gesvd,cfloat,sm_89,U,all,24,512,vendor
gesvd,cfloat,sm_89,U,all,24,1024,vendor
gesvd,cfloat,sm_89,U,all,32,1,vendor
gesvd,cfloat,sm_89,U,all,32,2,vendor
gesvd,cfloat,sm_89,U,all,32,4,vendor
gesvd,cfloat,sm_89,U,all,32,8,vendor
gesvd,cfloat,sm_89,U,all,32,16,vendor
gesvd,cfloat,sm_89,U,all,32,24,vendor
gesvd,cfloat,sm_89,U,all,32,32,cta|vendor
gesvd,cfloat,sm_89,U,all,32,33,vendor
gesvd,cfloat,sm_89,U,all,32,48,vendor
gesvd,cfloat,sm_89,U,all,32,64,vendor
gesvd,cfloat,sm_89,U,all,32,65,vendor
gesvd,cfloat,sm_89,U,all,32,128,vendor
gesvd,cfloat,sm_89,U,all,32,256,vendor
gesvd,cfloat,sm_89,U,all,32,512,vendor
gesvd,cfloat,sm_89,U,all,32,1024,vendor
gesvd,cfloat,sm_89,U,all,33,1,vendor
gesvd,cfloat,sm_89,U,all,33,2,vendor
gesvd,cfloat,sm_89,U,all,33,4,vendor
gesvd,cfloat,sm_89,U,all,33,8,vendor
gesvd,cfloat,sm_89,U,all,33,16,vendor
gesvd,cfloat,sm_89,U,all,33,24,vendor
gesvd,cfloat,sm_89,U,all,33,32,vendor
gesvd,cfloat,sm_89,U,all,33,33,vendor
gesvd,cfloat,sm_89,U,all,33,48,vendor
gesvd,cfloat,sm_89,U,all,33,64,vendor
gesvd,cfloat,sm_89,U,all,33,65,vendor
gesvd,cfloat,sm_89,U,all,33,128,vendor
gesvd,cfloat,sm_89,U,all,33,256,vendor
gesvd,cfloat,sm_89,U,all,33,512,vendor
gesvd,cfloat,sm_89,U,all,33,1024,vendor
gesvd,cfloat,sm_89,U,all,48,1,vendor
gesvd,cfloat,sm_89,U,all,48,2,vendor
gesvd,cfloat,sm_89,U,all,48,4,vendor
gesvd,cfloat,sm_89,U,all,48,8,vendor
gesvd,cfloat,sm_89,U,all,48,16,vendor
gesvd,cfloat,sm_89,U,all,48,24,vendor
gesvd,cfloat,sm_89,U,all,48,32,vendor
gesvd,cfloat,sm_89,U,all,48,33,vendor
gesvd,cfloat,sm_89,U,all,48,48,vendor
gesvd,cfloat,sm_89,U,all,48,64,vendor
gesvd,cfloat,sm_89,U,all,48,65,vendor
gesvd,cfloat,sm_89,U,all,48,128,vendor
gesvd,cfloat,sm_89,U,all,48,256,vendor
gesvd,cfloat,sm_89,U,all,48,512,vendor
gesvd,cfloat,sm_89,U,all,48,1024,vendor
gesvd,cfloat,sm_89,U,all,64,1,vendor
gesvd,cfloat,sm_89,U,all,64,2,vendor
gesvd,cfloat,sm_89,U,all,64,4,vendor
gesvd,cfloat,sm_89,U,all,64,8,vendor
gesvd,cfloat,sm_89,U,all,64,16,vendor
gesvd,cfloat,sm_89,U,all,64,24,vendor
gesvd,cfloat,sm_89,U,all,64,32,vendor
gesvd,cfloat,sm_89,U,all,64,33,vendor
gesvd,cfloat,sm_89,U,all,64,48,vendor
gesvd,cfloat,sm_89,U,all,64,64,vendor
gesvd,cfloat,sm_89,U,all,64,65,vendor
gesvd,cfloat,sm_89,U,all,64,128,vendor
gesvd,cfloat,sm_89,U,all,64,256,vendor
gesvd,cfloat,sm_89,U,all,64,512,vendor
gesvd,cfloat,sm_89,U,all,64,1024,vendor
gesvd,cfloat,sm_89,U,all,65,1,vendor
gesvd,cfloat,sm_89,U,all,65,2,vendor
gesvd,cfloat,sm_89,U,all,65,4,vendor
gesvd,cfloat,sm_89,U,all,65,8,vendor
gesvd,cfloat,sm_89,U,all,65,16,vendor
gesvd,cfloat,sm_89,U,all,65,24,vendor
gesvd,cfloat,sm_89,U,all,65,32,vendor
gesvd,cfloat,sm_89,U,all,65,33,vendor
gesvd,cfloat,sm_89,U,all,65,48,vendor
gesvd,cfloat,sm_89,U,all,65,64,vendor
gesvd,cfloat,sm_89,U,all,65,65,vendor
gesvd,cfloat,sm_89,U,all,65,128,vendor
gesvd,cfloat,sm_89,U,all,65,256,vendor
gesvd,cfloat,sm_89,U,all,65,512,vendor
gesvd,cfloat,sm_89,U,all,65,1024,vendor
gesvd,cfloat,sm_89,U,all,128,1,vendor
gesvd,cfloat,sm_89,U,all,128,2,vendor
gesvd,cfloat,sm_89,U,all,128,4,vendor
gesvd,cfloat,sm_89,U,all,128,8,vendor
gesvd,cfloat,sm_89,U,all,128,16,vendor
gesvd,cfloat,sm_89,U,all,128,24,vendor
gesvd,cfloat,sm_89,U,all,128,32,vendor
gesvd,cfloat,sm_89,U,all,128,33,vendor
gesvd,cfloat,sm_89,U,all,128,48,vendor
gesvd,cfloat,sm_89,U,all,128,64,vendor
gesvd,cfloat,sm_89,U,all,128,65,vendor
gesvd,cfloat,sm_89,U,all,128,128,vendor
gesvd,cfloat,sm_89,U,all,128,256,vendor
gesvd,cfloat,sm_89,U,all,128,512,vendor
gesvd,cfloat,sm_89,U,all,128,1024,vendor
gesvd,cfloat,sm_89,U,all,256,1,vendor
gesvd,cfloat,sm_89,U,all,256,2,vendor
gesvd,cfloat,sm_89,U,all,256,4,vendor
gesvd,cfloat,sm_89,U,all,256,8,vendor
gesvd,cfloat,sm_89,U,all,256,16,vendor
gesvd,cfloat,sm_89,U,all,256,24,vendor
gesvd,cfloat,sm_89,U,all,256,32,vendor
gesvd,cfloat,sm_89,U,all,256,33,vendor
gesvd,cfloat,sm_89,U,all,256,48,vendor
gesvd,cfloat,sm_89,U,all,256,64,vendor
gesvd,cfloat,sm_89,U,all,256,65,vendor
gesvd,cfloat,sm_89,U,all,256,128,vendor
gesvd,cfloat,sm_89,U,all,256,256,vendor
gesvd,cfloat,sm_89,U,all,256,512,vendor
gesvd,cfloat,sm_89,U,all,256,1024,vendor
gesvd,cfloat,sm_89,U,all,512,1,vendor
gesvd,cfloat,sm_89,U,all,512,2,vendor
gesvd,cfloat,sm_89,U,all,512,4,vendor
gesvd,cfloat,sm_89,U,all,512,8,vendor
gesvd,cfloat,sm_89,U,all,512,16,vendor
gesvd,cfloat,sm_89,U,all,512,24,vendor
gesvd,cfloat,sm_89,U,all,512,32,vendor
gesvd,cfloat,sm_89,U,all,512,33,vendor
gesvd,cfloat,sm_89,U,all,512,48,vendor
gesvd,cfloat,sm_89,U,all,512,64,vendor
gesvd,cfloat,sm_89,U,all,512,65,vendor
gesvd,cfloat,sm_89,U,all,512,128,vendor
gesvd,cfloat,sm_89,U,all,512,256,vendor
gesvd,cfloat,sm_89,U,all,512,512,vendor
gesvd,cfloat,sm_89,U,all,512,1024,vendor
gesvd,cfloat,sm_89,U,all,1024,1,vendor
gesvd,cfloat,sm_89,U,all,1024,2,vendor
gesvd,cfloat,sm_89,U,all,1024,4,vendor
gesvd,cfloat,sm_89,U,all,1024,8,vendor
gesvd,cfloat,sm_89,U,all,1024,16,vendor
gesvd,cfloat,sm_89,U,all,1024,24,vendor
gesvd,cfloat,sm_89,U,all,1024,32,vendor
gesvd,cfloat,sm_89,U,all,1024,33,vendor
gesvd,cfloat,sm_89,U,all,1024,48,vendor
gesvd,cfloat,sm_89,U,all,1024,64,vendor
gesvd,cfloat,sm_89,U,all,1024,65,vendor
gesvd,cfloat,sm_89,U,all,1024,128,vendor
gesvd,cfloat,sm_89,U,all,1024,256,vendor
gesvd,cfloat,sm_89,U,all,1024,512,vendor
gesvd,cfloat,sm_89,U,all,1024,1024,vendor
gesvd,cfloat,sm_89,U,thin,1,1,vendor
gesvd,cfloat,sm_89,U,thin,1,2,vendor
gesvd,cfloat,sm_89,U,thin,1,4,vendor
gesvd,cfloat,sm_89,U,thin,1,8,vendor
gesvd,cfloat,sm_89,U,thin,1,16,vendor
gesvd,cfloat,sm_89,U,thin,1,24,vendor
gesvd,cfloat,sm_89,U,thin,1,32,vendor
gesvd,cfloat,sm_89,U,thin,1,33,vendor
gesvd,cfloat,sm_89,U,thin,1,48,vendor
gesvd,cfloat,sm_89,U,thin,1,64,vendor
gesvd,cfloat,sm_89,U,thin,1,65,vendor
gesvd,cfloat,sm_89,U,thin,1,128,vendor
gesvd,cfloat,sm_89,U,thin,1,256,vendor
gesvd,cfloat,sm_89,U,thin,1,512,vendor
gesvd,cfloat,sm_89,U,thin,1,1024,vendor
gesvd,cfloat,sm_89,U,thin,2,1,vendor
gesvd,cfloat,sm_89,U,thin,2,2,vendor
gesvd,cfloat,sm_89,U,thin,2,4,vendor
gesvd,cfloat,sm_89,U,thin,2,8,vendor
gesvd,cfloat,sm_89,U,thin,2,16,vendor
gesvd,cfloat,sm_89,U,thin,2,24,vendor
gesvd,cfloat,sm_89,U,thin,2,32,vendor
gesvd,cfloat,sm_89,U,thin,2,33,vendor
gesvd,cfloat,sm_89,U,thin,2,48,vendor
gesvd,cfloat,sm_89,U,thin,2,64,vendor
gesvd,cfloat,sm_89,U,thin,2,65,vendor
gesvd,cfloat,sm_89,U,thin,2,128,vendor
gesvd,cfloat,sm_89,U,thin,2,256,vendor
gesvd,cfloat,sm_89,U,thin,2,512,vendor
gesvd,cfloat,sm_89,U,thin,2,1024,vendor
gesvd,cfloat,sm_89,U,thin,4,1,vendor
gesvd,cfloat,sm_89,U,thin,4,2,vendor
gesvd,cfloat,sm_89,U,thin,4,4,vendor
gesvd,cfloat,sm_89,U,thin,4,8,vendor
gesvd,cfloat,sm_89,U,thin,4,16,vendor
gesvd,cfloat,sm_89,U,thin,4,24,vendor
gesvd,cfloat,sm_89,U,thin,4,32,vendor
gesvd,cfloat,sm_89,U,thin,4,33,vendor
gesvd,cfloat,sm_89,U,thin,4,48,vendor
gesvd,cfloat,sm_89,U,thin,4,64,vendor
gesvd,cfloat,sm_89,U,thin,4,65,vendor
gesvd,cfloat,sm_89,U,thin,4,128,vendor
gesvd,cfloat,sm_89,U,thin,4,256,vendor
gesvd,cfloat,sm_89,U,thin,4,512,vendor
gesvd,cfloat,sm_89,U,thin,4,1024,vendor
gesvd,cfloat,sm_89,U,thin,8,1,vendor
gesvd,cfloat,sm_89,U,thin,8,2,vendor
gesvd,cfloat,sm_89,U,thin,8,4,vendor
gesvd,cfloat,sm_89,U,thin,8,8,vendor
gesvd,cfloat,sm_89,U,thin,8,16,vendor
gesvd,cfloat,sm_89,U,thin,8,24,vendor
gesvd,cfloat,sm_89,U,thin,8,32,vendor
gesvd,cfloat,sm_89,U,thin,8,33,vendor
gesvd,cfloat,sm_89,U,thin,8,48,vendor
gesvd,cfloat,sm_89,U,thin,8,64,vendor
gesvd,cfloat,sm_89,U,thin,8,65,vendor
gesvd,cfloat,sm_89,U,thin,8,128,vendor
gesvd,cfloat,sm_89,U,thin,8,256,vendor
gesvd,cfloat,sm_89,U,thin,8,512,vendor
gesvd,cfloat,sm_89,U,thin,8,1024,vendor
gesvd,cfloat,sm_89,U,thin,16,1,vendor
gesvd,cfloat,sm_89,U,thin,16,2,vendor
gesvd,cfloat,sm_89,U,thin,16,4,vendor
gesvd,cfloat,sm_89,U,thin,16,8,vendor
gesvd,cfloat,sm_89,U,thin,16,16,vendor
gesvd,cfloat,sm_89,U,thin,16,24,vendor
gesvd,cfloat,sm_89,U,thin,16,32,vendor
gesvd,cfloat,sm_89,U,thin,16,33,vendor
gesvd,cfloat,sm_89,U,thin,16,48,vendor
gesvd,cfloat,sm_89,U,thin,16,64,vendor
gesvd,cfloat,sm_89,U,thin,16,65,vendor
gesvd,cfloat,sm_89,U,thin,16,128,vendor
gesvd,cfloat,sm_89,U,thin,16,256,vendor
gesvd,cfloat,sm_89,U,thin,16,512,vendor
gesvd,cfloat,sm_89,U,thin,16,1024,vendor
gesvd,cfloat,sm_89,U,thin,24,1,vendor
gesvd,cfloat,sm_89,U,thin,24,2,vendor
gesvd,cfloat,sm_89,U,thin,24,4,vendor
gesvd,cfloat,sm_89,U,thin,24,8,vendor
gesvd,cfloat,sm_89,U,thin,24,16,vendor
gesvd,cfloat,sm_89,U,thin,24,24,vendor
gesvd,cfloat,sm_89,U,thin,24,32,vendor
gesvd,cfloat,sm_89,U,thin,24,33,vendor
gesvd,cfloat,sm_89,U,thin,24,48,vendor
gesvd,cfloat,sm_89,U,thin,24,64,vendor
gesvd,cfloat,sm_89,U,thin,24,65,vendor
gesvd,cfloat,sm_89,U,thin,24,128,vendor
gesvd,cfloat,sm_89,U,thin,24,256,vendor
gesvd,cfloat,sm_89,U,thin,24,512,vendor
gesvd,cfloat,sm_89,U,thin,24,1024,vendor
gesvd,cfloat,sm_89,U,thin,32,1,vendor
gesvd,cfloat,sm_89,U,thin,32,2,vendor
gesvd,cfloat,sm_89,U,thin,32,4,vendor
gesvd,cfloat,sm_89,U,thin,32,8,vendor
gesvd,cfloat,sm_89,U,thin,32,16,vendor
gesvd,cfloat,sm_89,U,thin,32,24,vendor
gesvd,cfloat,sm_89,U,thin,32,32,vendor
gesvd,cfloat,sm_89,U,thin,32,33,vendor
gesvd,cfloat,sm_89,U,thin,32,48,vendor
gesvd,cfloat,sm_89,U,thin,32,64,vendor
gesvd,cfloat,sm_89,U,thin,32,65,vendor
gesvd,cfloat,sm_89,U,thin,32,128,vendor
gesvd,cfloat,sm_89,U,thin,32,256,vendor
gesvd,cfloat,sm_89,U,thin,32,512,vendor
gesvd,cfloat,sm_89,U,thin,32,1024,vendor
gesvd,cfloat,sm_89,U,thin,33,1,vendor
gesvd,cfloat,sm_89,U,thin,33,2,vendor
gesvd,cfloat,sm_89,U,thin,33,4,vendor
gesvd,cfloat,sm_89,U,thin,33,8,vendor
gesvd,cfloat,sm_89,U,thin,33,16,vendor
gesvd,cfloat,sm_89,U,thin,33,24,vendor
gesvd,cfloat,sm_89,U,thin,33,32,vendor
gesvd,cfloat,sm_89,U,thin,33,33,vendor
gesvd,cfloat,sm_89,U,thin,33,48,vendor
gesvd,cfloat,sm_89,U,thin,33,64,vendor
gesvd,cfloat,sm_89,U,thin,33,65,vendor
gesvd,cfloat,sm_89,U,thin,33,128,vendor
gesvd,cfloat,sm_89,U,thin,33,256,vendor
gesvd,cfloat,sm_89,U,thin,33,512,vendor
gesvd,cfloat,sm_89,U,thin,33,1024,vendor
gesvd,cfloat,sm_89,U,thin,48,1,vendor
gesvd,cfloat,sm_89,U,thin,48,2,vendor
gesvd,cfloat,sm_89,U,thin,48,4,vendor
gesvd,cfloat,sm_89,U,thin,48,8,vendor
gesvd,cfloat,sm_89,U,thin,48,16,vendor
gesvd,cfloat,sm_89,U,thin,48,24,vendor
gesvd,cfloat,sm_89,U,thin,48,32,vendor
gesvd,cfloat,sm_89,U,thin,48,33,vendor
gesvd,cfloat,sm_89,U,thin,48,48,vendor
gesvd,cfloat,sm_89,U,thin,48,64,vendor
gesvd,cfloat,sm_89,U,thin,48,65,vendor
gesvd,cfloat,sm_89,U,thin,48,128,vendor
gesvd,cfloat,sm_89,U,thin,48,256,vendor
gesvd,cfloat,sm_89,U,thin,48,512,vendor
gesvd,cfloat,sm_89,U,thin,48,1024,vendor
gesvd,cfloat,sm_89,U,thin,64,1,vendor
gesvd,cfloat,sm_89,U,thin,64,2,vendor
gesvd,cfloat,sm_89,U,thin,64,4,vendor
gesvd,cfloat,sm_89,U,thin,64,8,vendor
gesvd,cfloat,sm_89,U,thin,64,16,vendor
gesvd,cfloat,sm_89,U,thin,64,24,vendor
gesvd,cfloat,sm_89,U,thin,64,32,vendor
gesvd,cfloat,sm_89,U,thin,64,33,vendor
gesvd,cfloat,sm_89,U,thin,64,48,vendor
gesvd,cfloat,sm_89,U,thin,64,64,vendor
gesvd,cfloat,sm_89,U,thin,64,65,vendor
gesvd,cfloat,sm_89,U,thin,64,128,vendor
gesvd,cfloat,sm_89,U,thin,64,256,vendor
gesvd,cfloat,sm_89,U,thin,64,512,vendor
gesvd,cfloat,sm_89,U,thin,64,1024,vendor
gesvd,cfloat,sm_89,U,thin,65,1,vendor
gesvd,cfloat,sm_89,U,thin,65,2,vendor
gesvd,cfloat,sm_89,U,thin,65,4,vendor
gesvd,cfloat,sm_89,U,thin,65,8,vendor
gesvd,cfloat,sm_89,U,thin,65,16,vendor
gesvd,cfloat,sm_89,U,thin,65,24,vendor
gesvd,cfloat,sm_89,U,thin,65,32,vendor
gesvd,cfloat,sm_89,U,thin,65,33,vendor
gesvd,cfloat,sm_89,U,thin,65,48,vendor
gesvd,cfloat,sm_89,U,thin,65,64,vendor
gesvd,cfloat,sm_89,U,thin,65,65,vendor
gesvd,cfloat,sm_89,U,thin,65,128,vendor
gesvd,cfloat,sm_89,U,thin,65,256,vendor
gesvd,cfloat,sm_89,U,thin,65,512,vendor
gesvd,cfloat,sm_89,U,thin,65,1024,vendor
gesvd,cfloat,sm_89,U,thin,128,1,vendor
gesvd,cfloat,sm_89,U,thin,128,2,vendor
gesvd,cfloat,sm_89,U,thin,128,4,vendor
gesvd,cfloat,sm_89,U,thin,128,8,vendor
gesvd,cfloat,sm_89,U,thin,128,16,vendor
gesvd,cfloat,sm_89,U,thin,128,24,vendor
gesvd,cfloat,sm_89,U,thin,128,32,vendor
gesvd,cfloat,sm_89,U,thin,128,33,vendor
gesvd,cfloat,sm_89,U,thin,128,48,vendor
gesvd,cfloat,sm_89,U,thin,128,64,vendor
gesvd,cfloat,sm_89,U,thin,128,65,vendor
gesvd,cfloat,sm_89,U,thin,128,128,vendor
gesvd,cfloat,sm_89,U,thin,128,256,vendor
gesvd,cfloat,sm_89,U,thin,128,512,vendor
gesvd,cfloat,sm_89,U,thin,128,1024,vendor
gesvd,cfloat,sm_89,U,thin,256,1,vendor
gesvd,cfloat,sm_89,U,thin,256,2,vendor
gesvd,cfloat,sm_89,U,thin,256,4,vendor
gesvd,cfloat,sm_89,U,thin,256,8,vendor
gesvd,cfloat,sm_89,U,thin,256,16,vendor
gesvd,cfloat,sm_89,U,thin,256,24,vendor
gesvd,cfloat,sm_89,U,thin,256,32,vendor
gesvd,cfloat,sm_89,U,thin,256,33,vendor
gesvd,cfloat,sm_89,U,thin,256,48,vendor
gesvd,cfloat,sm_89,U,thin,256,64,vendor
gesvd,cfloat,sm_89,U,thin,256,65,vendor
gesvd,cfloat,sm_89,U,thin,256,128,vendor
gesvd,cfloat,sm_89,U,thin,256,256,vendor
gesvd,cfloat,sm_89,U,thin,256,512,vendor
gesvd,cfloat,sm_89,U,thin,256,1024,vendor
gesvd,cfloat,sm_89,U,thin,512,1,vendor
gesvd,cfloat,sm_89,U,thin,512,2,vendor
gesvd,cfloat,sm_89,U,thin,512,4,vendor
gesvd,cfloat,sm_89,U,thin,512,8,vendor
gesvd,cfloat,sm_89,U,thin,512,16,vendor
gesvd,cfloat,sm_89,U,thin,512,24,vendor
gesvd,cfloat,sm_89,U,thin,512,32,vendor
gesvd,cfloat,sm_89,U,thin,512,33,vendor
gesvd,cfloat,sm_89,U,thin,512,48,vendor
gesvd,cfloat,sm_89,U,thin,512,64,vendor
gesvd,cfloat,sm_89,U,thin,512,65,vendor
gesvd,cfloat,sm_89,U,thin,512,128,vendor
gesvd,cfloat,sm_89,U,thin,512,256,vendor
gesvd,cfloat,sm_89,U,thin,512,512,vendor
gesvd,cfloat,sm_89,U,thin,512,1024,vendor
gesvd,cfloat,sm_89,U,thin,1024,1,vendor
gesvd,cfloat,sm_89,U,thin,1024,2,vendor
gesvd,cfloat,sm_89,U,thin,1024,4,vendor
gesvd,cfloat,sm_89,U,thin,1024,8,vendor
gesvd,cfloat,sm_89,U,thin,1024,16,vendor
gesvd,cfloat,sm_89,U,thin,1024,24,vendor
gesvd,cfloat,sm_89,U,thin,1024,32,vendor
gesvd,cfloat,sm_89,U,thin,1024,33,vendor
gesvd,cfloat,sm_89,U,thin,1024,48,vendor
gesvd,cfloat,sm_89,U,thin,1024,64,vendor
gesvd,cfloat,sm_89,U,thin,1024,65,vendor
gesvd,cfloat,sm_89,U,thin,1024,128,vendor
gesvd,cfloat,sm_89,U,thin,1024,256,vendor
gesvd,cfloat,sm_89,U,thin,1024,512,vendor
gesvd,cfloat,sm_89,U,thin,1024,1024,vendor
gesvd,cdouble,sm_89,N,none,1,1,jacobi|vendor
gesvd,cdouble,sm_89,N,none,1,2,jacobi|vendor
gesvd,cdouble,sm_89,N,none,1,4,jacobi|vendor
gesvd,cdouble,sm_89,N,none,1,8,jacobi|vendor
gesvd,cdouble,sm_89,N,none,1,16,jacobi|vendor
gesvd,cdouble,sm_89,N,none,1,24,jacobi|vendor
gesvd,cdouble,sm_89,N,none,1,32,jacobi|vendor
gesvd,cdouble,sm_89,N,none,1,33,jacobi|vendor
gesvd,cdouble,sm_89,N,none,1,48,jacobi|vendor
gesvd,cdouble,sm_89,N,none,1,64,jacobi|vendor
gesvd,cdouble,sm_89,N,none,1,65,vendor
gesvd,cdouble,sm_89,N,none,1,128,vendor
gesvd,cdouble,sm_89,N,none,1,256,vendor
gesvd,cdouble,sm_89,N,none,1,512,vendor
gesvd,cdouble,sm_89,N,none,1,1024,vendor
gesvd,cdouble,sm_89,N,none,2,1,jacobi|vendor
gesvd,cdouble,sm_89,N,none,2,2,jacobi|vendor
gesvd,cdouble,sm_89,N,none,2,4,jacobi|vendor
gesvd,cdouble,sm_89,N,none,2,8,jacobi|vendor
gesvd,cdouble,sm_89,N,none,2,16,jacobi|vendor
gesvd,cdouble,sm_89,N,none,2,24,jacobi|vendor
gesvd,cdouble,sm_89,N,none,2,32,jacobi|vendor
gesvd,cdouble,sm_89,N,none,2,33,jacobi|vendor
gesvd,cdouble,sm_89,N,none,2,48,jacobi|vendor
gesvd,cdouble,sm_89,N,none,2,64,jacobi|vendor
gesvd,cdouble,sm_89,N,none,2,65,vendor
gesvd,cdouble,sm_89,N,none,2,128,vendor
gesvd,cdouble,sm_89,N,none,2,256,vendor
gesvd,cdouble,sm_89,N,none,2,512,vendor
gesvd,cdouble,sm_89,N,none,2,1024,vendor
gesvd,cdouble,sm_89,N,none,4,1,jacobi|vendor
gesvd,cdouble,sm_89,N,none,4,2,jacobi|vendor
gesvd,cdouble,sm_89,N,none,4,4,jacobi|vendor
gesvd,cdouble,sm_89,N,none,4,8,jacobi|vendor
gesvd,cdouble,sm_89,N,none,4,16,jacobi|vendor
gesvd,cdouble,sm_89,N,none,4,24,jacobi|vendor
gesvd,cdouble,sm_89,N,none,4,32,jacobi|vendor
gesvd,cdouble,sm_89,N,none,4,33,jacobi|vendor
gesvd,cdouble,sm_89,N,none,4,48,jacobi|vendor
gesvd,cdouble,sm_89,N,none,4,64,jacobi|vendor
gesvd,cdouble,sm_89,N,none,4,65,vendor
gesvd,cdouble,sm_89,N,none,4,128,vendor
gesvd,cdouble,sm_89,N,none,4,256,vendor
gesvd,cdouble,sm_89,N,none,4,512,vendor
gesvd,cdouble,sm_89,N,none,4,1024,vendor
gesvd,cdouble,sm_89,N,none,8,1,jacobi|vendor
gesvd,cdouble,sm_89,N,none,8,2,jacobi|vendor
gesvd,cdouble,sm_89,N,none,8,4,jacobi|vendor
gesvd,cdouble,sm_89,N,none,8,8,jacobi|vendor
gesvd,cdouble,sm_89,N,none,8,16,jacobi|vendor
gesvd,cdouble,sm_89,N,none,8,24,jacobi|vendor
gesvd,cdouble,sm_89,N,none,8,32,jacobi|vendor
gesvd,cdouble,sm_89,N,none,8,33,jacobi|vendor
gesvd,cdouble,sm_89,N,none,8,48,jacobi|vendor
gesvd,cdouble,sm_89,N,none,8,64,jacobi|vendor
gesvd,cdouble,sm_89,N,none,8,65,vendor
gesvd,cdouble,sm_89,N,none,8,128,vendor
gesvd,cdouble,sm_89,N,none,8,256,vendor
gesvd,cdouble,sm_89,N,none,8,512,vendor
gesvd,cdouble,sm_89,N,none,8,1024,vendor
gesvd,cdouble,sm_89,N,none,16,1,jacobi|vendor
gesvd,cdouble,sm_89,N,none,16,2,jacobi|vendor
gesvd,cdouble,sm_89,N,none,16,4,jacobi|vendor
gesvd,cdouble,sm_89,N,none,16,8,jacobi|vendor
gesvd,cdouble,sm_89,N,none,16,16,jacobi|vendor
gesvd,cdouble,sm_89,N,none,16,24,jacobi|vendor
gesvd,cdouble,sm_89,N,none,16,32,jacobi|vendor
gesvd,cdouble,sm_89,N,none,16,33,jacobi|vendor
gesvd,cdouble,sm_89,N,none,16,48,jacobi|vendor
gesvd,cdouble,sm_89,N,none,16,64,jacobi|vendor
gesvd,cdouble,sm_89,N,none,16,65,vendor
gesvd,cdouble,sm_89,N,none,16,128,vendor
gesvd,cdouble,sm_89,N,none,16,256,vendor
gesvd,cdouble,sm_89,N,none,16,512,vendor
gesvd,cdouble,sm_89,N,none,16,1024,vendor
gesvd,cdouble,sm_89,N,none,24,1,jacobi|vendor
gesvd,cdouble,sm_89,N,none,24,2,jacobi|vendor
gesvd,cdouble,sm_89,N,none,24,4,jacobi|vendor
gesvd,cdouble,sm_89,N,none,24,8,jacobi|vendor
gesvd,cdouble,sm_89,N,none,24,16,jacobi|vendor
gesvd,cdouble,sm_89,N,none,24,24,jacobi|vendor
gesvd,cdouble,sm_89,N,none,24,32,jacobi|vendor
gesvd,cdouble,sm_89,N,none,24,33,jacobi|vendor
gesvd,cdouble,sm_89,N,none,24,48,jacobi|vendor
gesvd,cdouble,sm_89,N,none,24,64,jacobi|vendor
gesvd,cdouble,sm_89,N,none,24,65,vendor
gesvd,cdouble,sm_89,N,none,24,128,vendor
gesvd,cdouble,sm_89,N,none,24,256,vendor
gesvd,cdouble,sm_89,N,none,24,512,vendor
gesvd,cdouble,sm_89,N,none,24,1024,vendor
gesvd,cdouble,sm_89,N,none,32,1,jacobi|vendor
gesvd,cdouble,sm_89,N,none,32,2,jacobi|vendor
gesvd,cdouble,sm_89,N,none,32,4,jacobi|vendor
gesvd,cdouble,sm_89,N,none,32,8,jacobi|vendor
gesvd,cdouble,sm_89,N,none,32,16,jacobi|vendor
gesvd,cdouble,sm_89,N,none,32,24,jacobi|vendor
gesvd,cdouble,sm_89,N,none,32,32,jacobi|vendor
gesvd,cdouble,sm_89,N,none,32,33,jacobi|vendor
gesvd,cdouble,sm_89,N,none,32,48,jacobi|vendor
gesvd,cdouble,sm_89,N,none,32,64,jacobi|vendor
gesvd,cdouble,sm_89,N,none,32,65,vendor
gesvd,cdouble,sm_89,N,none,32,128,vendor
gesvd,cdouble,sm_89,N,none,32,256,vendor
gesvd,cdouble,sm_89,N,none,32,512,vendor
gesvd,cdouble,sm_89,N,none,32,1024,vendor
gesvd,cdouble,sm_89,N,none,33,1,jacobi|vendor
gesvd,cdouble,sm_89,N,none,33,2,jacobi|vendor
gesvd,cdouble,sm_89,N,none,33,4,jacobi|vendor
gesvd,cdouble,sm_89,N,none,33,8,jacobi|vendor
gesvd,cdouble,sm_89,N,none,33,16,jacobi|vendor
gesvd,cdouble,sm_89,N,none,33,24,jacobi|vendor
gesvd,cdouble,sm_89,N,none,33,32,jacobi|vendor
gesvd,cdouble,sm_89,N,none,33,33,jacobi|vendor
gesvd,cdouble,sm_89,N,none,33,48,jacobi|vendor
gesvd,cdouble,sm_89,N,none,33,64,jacobi|vendor
gesvd,cdouble,sm_89,N,none,33,65,vendor
gesvd,cdouble,sm_89,N,none,33,128,vendor
gesvd,cdouble,sm_89,N,none,33,256,vendor
gesvd,cdouble,sm_89,N,none,33,512,vendor
gesvd,cdouble,sm_89,N,none,33,1024,vendor
gesvd,cdouble,sm_89,N,none,48,1,jacobi|vendor
gesvd,cdouble,sm_89,N,none,48,2,jacobi|vendor
gesvd,cdouble,sm_89,N,none,48,4,jacobi|vendor
gesvd,cdouble,sm_89,N,none,48,8,jacobi|vendor
gesvd,cdouble,sm_89,N,none,48,16,jacobi|vendor
gesvd,cdouble,sm_89,N,none,48,24,jacobi|vendor
gesvd,cdouble,sm_89,N,none,48,32,jacobi|vendor
gesvd,cdouble,sm_89,N,none,48,33,jacobi|vendor
gesvd,cdouble,sm_89,N,none,48,48,jacobi|vendor
gesvd,cdouble,sm_89,N,none,48,64,jacobi|vendor
gesvd,cdouble,sm_89,N,none,48,65,vendor
gesvd,cdouble,sm_89,N,none,48,128,vendor
gesvd,cdouble,sm_89,N,none,48,256,vendor
gesvd,cdouble,sm_89,N,none,48,512,vendor
gesvd,cdouble,sm_89,N,none,48,1024,vendor
gesvd,cdouble,sm_89,N,none,64,1,jacobi|vendor
gesvd,cdouble,sm_89,N,none,64,2,jacobi|vendor
gesvd,cdouble,sm_89,N,none,64,4,jacobi|vendor
gesvd,cdouble,sm_89,N,none,64,8,jacobi|vendor
gesvd,cdouble,sm_89,N,none,64,16,jacobi|vendor
gesvd,cdouble,sm_89,N,none,64,24,jacobi|vendor
gesvd,cdouble,sm_89,N,none,64,32,jacobi|vendor
gesvd,cdouble,sm_89,N,none,64,33,jacobi|vendor
gesvd,cdouble,sm_89,N,none,64,48,jacobi|vendor
gesvd,cdouble,sm_89,N,none,64,64,jacobi|vendor
gesvd,cdouble,sm_89,N,none,64,65,vendor
gesvd,cdouble,sm_89,N,none,64,128,vendor
gesvd,cdouble,sm_89,N,none,64,256,vendor
gesvd,cdouble,sm_89,N,none,64,512,vendor
gesvd,cdouble,sm_89,N,none,64,1024,vendor
gesvd,cdouble,sm_89,N,none,65,1,vendor
gesvd,cdouble,sm_89,N,none,65,2,vendor
gesvd,cdouble,sm_89,N,none,65,4,vendor
gesvd,cdouble,sm_89,N,none,65,8,vendor
gesvd,cdouble,sm_89,N,none,65,16,vendor
gesvd,cdouble,sm_89,N,none,65,24,vendor
gesvd,cdouble,sm_89,N,none,65,32,vendor
gesvd,cdouble,sm_89,N,none,65,33,vendor
gesvd,cdouble,sm_89,N,none,65,48,vendor
gesvd,cdouble,sm_89,N,none,65,64,vendor
gesvd,cdouble,sm_89,N,none,65,65,vendor
gesvd,cdouble,sm_89,N,none,65,128,vendor
gesvd,cdouble,sm_89,N,none,65,256,vendor
gesvd,cdouble,sm_89,N,none,65,512,vendor
gesvd,cdouble,sm_89,N,none,65,1024,vendor
gesvd,cdouble,sm_89,N,none,128,1,vendor
gesvd,cdouble,sm_89,N,none,128,2,vendor
gesvd,cdouble,sm_89,N,none,128,4,vendor
gesvd,cdouble,sm_89,N,none,128,8,vendor
gesvd,cdouble,sm_89,N,none,128,16,vendor
gesvd,cdouble,sm_89,N,none,128,24,vendor
gesvd,cdouble,sm_89,N,none,128,32,vendor
gesvd,cdouble,sm_89,N,none,128,33,vendor
gesvd,cdouble,sm_89,N,none,128,48,vendor
gesvd,cdouble,sm_89,N,none,128,64,vendor
gesvd,cdouble,sm_89,N,none,128,65,vendor
gesvd,cdouble,sm_89,N,none,128,128,vendor
gesvd,cdouble,sm_89,N,none,128,256,vendor
gesvd,cdouble,sm_89,N,none,128,512,vendor
gesvd,cdouble,sm_89,N,none,128,1024,vendor
gesvd,cdouble,sm_89,N,none,256,1,vendor
gesvd,cdouble,sm_89,N,none,256,2,vendor
gesvd,cdouble,sm_89,N,none,256,4,vendor
gesvd,cdouble,sm_89,N,none,256,8,vendor
gesvd,cdouble,sm_89,N,none,256,16,vendor
gesvd,cdouble,sm_89,N,none,256,24,vendor
gesvd,cdouble,sm_89,N,none,256,32,vendor
gesvd,cdouble,sm_89,N,none,256,33,vendor
gesvd,cdouble,sm_89,N,none,256,48,vendor
gesvd,cdouble,sm_89,N,none,256,64,vendor
gesvd,cdouble,sm_89,N,none,256,65,vendor
gesvd,cdouble,sm_89,N,none,256,128,vendor
gesvd,cdouble,sm_89,N,none,256,256,vendor
gesvd,cdouble,sm_89,N,none,256,512,vendor
gesvd,cdouble,sm_89,N,none,256,1024,vendor
gesvd,cdouble,sm_89,N,none,512,1,vendor
gesvd,cdouble,sm_89,N,none,512,2,vendor
gesvd,cdouble,sm_89,N,none,512,4,vendor
gesvd,cdouble,sm_89,N,none,512,8,vendor
gesvd,cdouble,sm_89,N,none,512,16,vendor
gesvd,cdouble,sm_89,N,none,512,24,vendor
gesvd,cdouble,sm_89,N,none,512,32,vendor
gesvd,cdouble,sm_89,N,none,512,33,vendor
gesvd,cdouble,sm_89,N,none,512,48,vendor
gesvd,cdouble,sm_89,N,none,512,64,vendor
gesvd,cdouble,sm_89,N,none,512,65,vendor
gesvd,cdouble,sm_89,N,none,512,128,vendor
gesvd,cdouble,sm_89,N,none,512,256,vendor
gesvd,cdouble,sm_89,N,none,512,512,vendor
gesvd,cdouble,sm_89,N,none,512,1024,vendor
gesvd,cdouble,sm_89,N,none,1024,1,vendor
gesvd,cdouble,sm_89,N,none,1024,2,vendor
gesvd,cdouble,sm_89,N,none,1024,4,vendor
gesvd,cdouble,sm_89,N,none,1024,8,vendor
gesvd,cdouble,sm_89,N,none,1024,16,vendor
gesvd,cdouble,sm_89,N,none,1024,24,vendor
gesvd,cdouble,sm_89,N,none,1024,32,vendor
gesvd,cdouble,sm_89,N,none,1024,33,vendor
gesvd,cdouble,sm_89,N,none,1024,48,vendor
gesvd,cdouble,sm_89,N,none,1024,64,vendor
gesvd,cdouble,sm_89,N,none,1024,65,vendor
gesvd,cdouble,sm_89,N,none,1024,128,vendor
gesvd,cdouble,sm_89,N,none,1024,256,vendor
gesvd,cdouble,sm_89,N,none,1024,512,vendor
gesvd,cdouble,sm_89,N,none,1024,1024,vendor
gesvd,cdouble,sm_89,N,all,1,1,jacobi|vendor
gesvd,cdouble,sm_89,N,all,1,2,jacobi|vendor
gesvd,cdouble,sm_89,N,all,1,4,jacobi|vendor
gesvd,cdouble,sm_89,N,all,1,8,jacobi|vendor
gesvd,cdouble,sm_89,N,all,1,16,jacobi|vendor
gesvd,cdouble,sm_89,N,all,1,24,jacobi|vendor
gesvd,cdouble,sm_89,N,all,1,32,jacobi|vendor
gesvd,cdouble,sm_89,N,all,1,33,vendor
gesvd,cdouble,sm_89,N,all,1,48,vendor
gesvd,cdouble,sm_89,N,all,1,64,vendor
gesvd,cdouble,sm_89,N,all,1,65,vendor
gesvd,cdouble,sm_89,N,all,1,128,vendor
gesvd,cdouble,sm_89,N,all,1,256,vendor
gesvd,cdouble,sm_89,N,all,1,512,vendor
gesvd,cdouble,sm_89,N,all,1,1024,vendor
gesvd,cdouble,sm_89,N,all,2,1,jacobi|vendor
gesvd,cdouble,sm_89,N,all,2,2,jacobi|vendor
gesvd,cdouble,sm_89,N,all,2,4,jacobi|vendor
gesvd,cdouble,sm_89,N,all,2,8,jacobi|vendor
gesvd,cdouble,sm_89,N,all,2,16,jacobi|vendor
gesvd,cdouble,sm_89,N,all,2,24,jacobi|vendor
gesvd,cdouble,sm_89,N,all,2,32,jacobi|vendor
gesvd,cdouble,sm_89,N,all,2,33,vendor
gesvd,cdouble,sm_89,N,all,2,48,vendor
gesvd,cdouble,sm_89,N,all,2,64,vendor
gesvd,cdouble,sm_89,N,all,2,65,vendor
gesvd,cdouble,sm_89,N,all,2,128,vendor
gesvd,cdouble,sm_89,N,all,2,256,vendor
gesvd,cdouble,sm_89,N,all,2,512,vendor
gesvd,cdouble,sm_89,N,all,2,1024,vendor
gesvd,cdouble,sm_89,N,all,4,1,jacobi|vendor
gesvd,cdouble,sm_89,N,all,4,2,jacobi|vendor
gesvd,cdouble,sm_89,N,all,4,4,jacobi|vendor
gesvd,cdouble,sm_89,N,all,4,8,jacobi|vendor
gesvd,cdouble,sm_89,N,all,4,16,jacobi|vendor
gesvd,cdouble,sm_89,N,all,4,24,jacobi|vendor
gesvd,cdouble,sm_89,N,all,4,32,jacobi|vendor
gesvd,cdouble,sm_89,N,all,4,33,vendor
gesvd,cdouble,sm_89,N,all,4,48,vendor
gesvd,cdouble,sm_89,N,all,4,64,vendor
gesvd,cdouble,sm_89,N,all,4,65,vendor
gesvd,cdouble,sm_89,N,all,4,128,vendor
gesvd,cdouble,sm_89,N,all,4,256,vendor
gesvd,cdouble,sm_89,N,all,4,512,vendor
gesvd,cdouble,sm_89,N,all,4,1024,vendor
gesvd,cdouble,sm_89,N,all,8,1,jacobi|vendor
gesvd,cdouble,sm_89,N,all,8,2,jacobi|vendor
gesvd,cdouble,sm_89,N,all,8,4,jacobi|vendor
gesvd,cdouble,sm_89,N,all,8,8,jacobi|vendor
gesvd,cdouble,sm_89,N,all,8,16,jacobi|vendor
gesvd,cdouble,sm_89,N,all,8,24,jacobi|vendor
gesvd,cdouble,sm_89,N,all,8,32,jacobi|vendor
gesvd,cdouble,sm_89,N,all,8,33,vendor
gesvd,cdouble,sm_89,N,all,8,48,vendor
gesvd,cdouble,sm_89,N,all,8,64,vendor
gesvd,cdouble,sm_89,N,all,8,65,vendor
gesvd,cdouble,sm_89,N,all,8,128,vendor
gesvd,cdouble,sm_89,N,all,8,256,vendor
gesvd,cdouble,sm_89,N,all,8,512,vendor
gesvd,cdouble,sm_89,N,all,8,1024,vendor
gesvd,cdouble,sm_89,N,all,16,1,jacobi|vendor
gesvd,cdouble,sm_89,N,all,16,2,jacobi|vendor
gesvd,cdouble,sm_89,N,all,16,4,jacobi|vendor
gesvd,cdouble,sm_89,N,all,16,8,jacobi|vendor
gesvd,cdouble,sm_89,N,all,16,16,jacobi|vendor
gesvd,cdouble,sm_89,N,all,16,24,jacobi|vendor
gesvd,cdouble,sm_89,N,all,16,32,jacobi|vendor
gesvd,cdouble,sm_89,N,all,16,33,vendor
gesvd,cdouble,sm_89,N,all,16,48,vendor
gesvd,cdouble,sm_89,N,all,16,64,vendor
gesvd,cdouble,sm_89,N,all,16,65,vendor
gesvd,cdouble,sm_89,N,all,16,128,vendor
gesvd,cdouble,sm_89,N,all,16,256,vendor
gesvd,cdouble,sm_89,N,all,16,512,vendor
gesvd,cdouble,sm_89,N,all,16,1024,vendor
gesvd,cdouble,sm_89,N,all,24,1,jacobi|vendor
gesvd,cdouble,sm_89,N,all,24,2,jacobi|vendor
gesvd,cdouble,sm_89,N,all,24,4,jacobi|vendor
gesvd,cdouble,sm_89,N,all,24,8,jacobi|vendor
gesvd,cdouble,sm_89,N,all,24,16,jacobi|vendor
gesvd,cdouble,sm_89,N,all,24,24,jacobi|vendor
gesvd,cdouble,sm_89,N,all,24,32,jacobi|vendor
gesvd,cdouble,sm_89,N,all,24,33,vendor
gesvd,cdouble,sm_89,N,all,24,48,vendor
gesvd,cdouble,sm_89,N,all,24,64,vendor
gesvd,cdouble,sm_89,N,all,24,65,vendor
gesvd,cdouble,sm_89,N,all,24,128,vendor
gesvd,cdouble,sm_89,N,all,24,256,vendor
gesvd,cdouble,sm_89,N,all,24,512,vendor
gesvd,cdouble,sm_89,N,all,24,1024,vendor
gesvd,cdouble,sm_89,N,all,32,1,jacobi|vendor
gesvd,cdouble,sm_89,N,all,32,2,jacobi|vendor
gesvd,cdouble,sm_89,N,all,32,4,jacobi|vendor
gesvd,cdouble,sm_89,N,all,32,8,jacobi|vendor
gesvd,cdouble,sm_89,N,all,32,16,jacobi|vendor
gesvd,cdouble,sm_89,N,all,32,24,jacobi|vendor
gesvd,cdouble,sm_89,N,all,32,32,jacobi|vendor
gesvd,cdouble,sm_89,N,all,32,33,vendor
gesvd,cdouble,sm_89,N,all,32,48,vendor
gesvd,cdouble,sm_89,N,all,32,64,vendor
gesvd,cdouble,sm_89,N,all,32,65,vendor
gesvd,cdouble,sm_89,N,all,32,128,vendor
gesvd,cdouble,sm_89,N,all,32,256,vendor
gesvd,cdouble,sm_89,N,all,32,512,vendor
gesvd,cdouble,sm_89,N,all,32,1024,vendor
gesvd,cdouble,sm_89,N,all,33,1,vendor
gesvd,cdouble,sm_89,N,all,33,2,vendor
gesvd,cdouble,sm_89,N,all,33,4,vendor
gesvd,cdouble,sm_89,N,all,33,8,vendor
gesvd,cdouble,sm_89,N,all,33,16,vendor
gesvd,cdouble,sm_89,N,all,33,24,vendor
gesvd,cdouble,sm_89,N,all,33,32,vendor
gesvd,cdouble,sm_89,N,all,33,33,vendor
gesvd,cdouble,sm_89,N,all,33,48,vendor
gesvd,cdouble,sm_89,N,all,33,64,vendor
gesvd,cdouble,sm_89,N,all,33,65,vendor
gesvd,cdouble,sm_89,N,all,33,128,vendor
gesvd,cdouble,sm_89,N,all,33,256,vendor
gesvd,cdouble,sm_89,N,all,33,512,vendor
gesvd,cdouble,sm_89,N,all,33,1024,vendor
gesvd,cdouble,sm_89,N,all,48,1,vendor
gesvd,cdouble,sm_89,N,all,48,2,vendor
gesvd,cdouble,sm_89,N,all,48,4,vendor
gesvd,cdouble,sm_89,N,all,48,8,vendor
gesvd,cdouble,sm_89,N,all,48,16,vendor
gesvd,cdouble,sm_89,N,all,48,24,vendor
gesvd,cdouble,sm_89,N,all,48,32,vendor
gesvd,cdouble,sm_89,N,all,48,33,vendor
gesvd,cdouble,sm_89,N,all,48,48,vendor
gesvd,cdouble,sm_89,N,all,48,64,vendor
gesvd,cdouble,sm_89,N,all,48,65,vendor
gesvd,cdouble,sm_89,N,all,48,128,vendor
gesvd,cdouble,sm_89,N,all,48,256,vendor
gesvd,cdouble,sm_89,N,all,48,512,vendor
gesvd,cdouble,sm_89,N,all,48,1024,vendor
gesvd,cdouble,sm_89,N,all,64,1,vendor
gesvd,cdouble,sm_89,N,all,64,2,vendor
gesvd,cdouble,sm_89,N,all,64,4,vendor
gesvd,cdouble,sm_89,N,all,64,8,vendor
gesvd,cdouble,sm_89,N,all,64,16,vendor
gesvd,cdouble,sm_89,N,all,64,24,vendor
gesvd,cdouble,sm_89,N,all,64,32,vendor
gesvd,cdouble,sm_89,N,all,64,33,vendor
gesvd,cdouble,sm_89,N,all,64,48,vendor
gesvd,cdouble,sm_89,N,all,64,64,vendor
gesvd,cdouble,sm_89,N,all,64,65,vendor
gesvd,cdouble,sm_89,N,all,64,128,vendor
gesvd,cdouble,sm_89,N,all,64,256,vendor
gesvd,cdouble,sm_89,N,all,64,512,vendor
gesvd,cdouble,sm_89,N,all,64,1024,vendor
gesvd,cdouble,sm_89,N,all,65,1,vendor
gesvd,cdouble,sm_89,N,all,65,2,vendor
gesvd,cdouble,sm_89,N,all,65,4,vendor
gesvd,cdouble,sm_89,N,all,65,8,vendor
gesvd,cdouble,sm_89,N,all,65,16,vendor
gesvd,cdouble,sm_89,N,all,65,24,vendor
gesvd,cdouble,sm_89,N,all,65,32,vendor
gesvd,cdouble,sm_89,N,all,65,33,vendor
gesvd,cdouble,sm_89,N,all,65,48,vendor
gesvd,cdouble,sm_89,N,all,65,64,vendor
gesvd,cdouble,sm_89,N,all,65,65,vendor
gesvd,cdouble,sm_89,N,all,65,128,vendor
gesvd,cdouble,sm_89,N,all,65,256,vendor
gesvd,cdouble,sm_89,N,all,65,512,vendor
gesvd,cdouble,sm_89,N,all,65,1024,vendor
gesvd,cdouble,sm_89,N,all,128,1,vendor
gesvd,cdouble,sm_89,N,all,128,2,vendor
gesvd,cdouble,sm_89,N,all,128,4,vendor
gesvd,cdouble,sm_89,N,all,128,8,vendor
gesvd,cdouble,sm_89,N,all,128,16,vendor
gesvd,cdouble,sm_89,N,all,128,24,vendor
gesvd,cdouble,sm_89,N,all,128,32,vendor
gesvd,cdouble,sm_89,N,all,128,33,vendor
gesvd,cdouble,sm_89,N,all,128,48,vendor
gesvd,cdouble,sm_89,N,all,128,64,vendor
gesvd,cdouble,sm_89,N,all,128,65,vendor
gesvd,cdouble,sm_89,N,all,128,128,vendor
gesvd,cdouble,sm_89,N,all,128,256,vendor
gesvd,cdouble,sm_89,N,all,128,512,vendor
gesvd,cdouble,sm_89,N,all,128,1024,vendor
gesvd,cdouble,sm_89,N,all,256,1,vendor
gesvd,cdouble,sm_89,N,all,256,2,vendor
gesvd,cdouble,sm_89,N,all,256,4,vendor
gesvd,cdouble,sm_89,N,all,256,8,vendor
gesvd,cdouble,sm_89,N,all,256,16,vendor
gesvd,cdouble,sm_89,N,all,256,24,vendor
gesvd,cdouble,sm_89,N,all,256,32,vendor
gesvd,cdouble,sm_89,N,all,256,33,vendor
gesvd,cdouble,sm_89,N,all,256,48,vendor
gesvd,cdouble,sm_89,N,all,256,64,vendor
gesvd,cdouble,sm_89,N,all,256,65,vendor
gesvd,cdouble,sm_89,N,all,256,128,vendor
gesvd,cdouble,sm_89,N,all,256,256,vendor
gesvd,cdouble,sm_89,N,all,256,512,vendor
gesvd,cdouble,sm_89,N,all,256,1024,vendor
gesvd,cdouble,sm_89,N,all,512,1,vendor
gesvd,cdouble,sm_89,N,all,512,2,vendor
gesvd,cdouble,sm_89,N,all,512,4,vendor
gesvd,cdouble,sm_89,N,all,512,8,vendor
gesvd,cdouble,sm_89,N,all,512,16,vendor
gesvd,cdouble,sm_89,N,all,512,24,vendor
gesvd,cdouble,sm_89,N,all,512,32,vendor
gesvd,cdouble,sm_89,N,all,512,33,vendor
gesvd,cdouble,sm_89,N,all,512,48,vendor
gesvd,cdouble,sm_89,N,all,512,64,vendor
gesvd,cdouble,sm_89,N,all,512,65,vendor
gesvd,cdouble,sm_89,N,all,512,128,vendor
gesvd,cdouble,sm_89,N,all,512,256,vendor
gesvd,cdouble,sm_89,N,all,512,512,vendor
gesvd,cdouble,sm_89,N,all,512,1024,vendor
gesvd,cdouble,sm_89,N,all,1024,1,vendor
gesvd,cdouble,sm_89,N,all,1024,2,vendor
gesvd,cdouble,sm_89,N,all,1024,4,vendor
gesvd,cdouble,sm_89,N,all,1024,8,vendor
gesvd,cdouble,sm_89,N,all,1024,16,vendor
gesvd,cdouble,sm_89,N,all,1024,24,vendor
gesvd,cdouble,sm_89,N,all,1024,32,vendor
gesvd,cdouble,sm_89,N,all,1024,33,vendor
gesvd,cdouble,sm_89,N,all,1024,48,vendor
gesvd,cdouble,sm_89,N,all,1024,64,vendor
gesvd,cdouble,sm_89,N,all,1024,65,vendor
gesvd,cdouble,sm_89,N,all,1024,128,vendor
gesvd,cdouble,sm_89,N,all,1024,256,vendor
gesvd,cdouble,sm_89,N,all,1024,512,vendor
gesvd,cdouble,sm_89,N,all,1024,1024,vendor
gesvd,cdouble,sm_89,N,thin,1,1,jacobi|vendor
gesvd,cdouble,sm_89,N,thin,1,2,jacobi|vendor
gesvd,cdouble,sm_89,N,thin,1,4,jacobi|vendor
gesvd,cdouble,sm_89,N,thin,1,8,jacobi|vendor
gesvd,cdouble,sm_89,N,thin,1,16,jacobi|vendor
gesvd,cdouble,sm_89,N,thin,1,24,jacobi|vendor
gesvd,cdouble,sm_89,N,thin,1,32,jacobi|vendor
gesvd,cdouble,sm_89,N,thin,1,33,vendor
gesvd,cdouble,sm_89,N,thin,1,48,vendor
gesvd,cdouble,sm_89,N,thin,1,64,vendor
gesvd,cdouble,sm_89,N,thin,1,65,vendor
gesvd,cdouble,sm_89,N,thin,1,128,vendor
gesvd,cdouble,sm_89,N,thin,1,256,vendor
gesvd,cdouble,sm_89,N,thin,1,512,vendor
gesvd,cdouble,sm_89,N,thin,1,1024,vendor
gesvd,cdouble,sm_89,N,thin,2,1,jacobi|vendor
gesvd,cdouble,sm_89,N,thin,2,2,jacobi|vendor
gesvd,cdouble,sm_89,N,thin,2,4,jacobi|vendor
gesvd,cdouble,sm_89,N,thin,2,8,jacobi|vendor
gesvd,cdouble,sm_89,N,thin,2,16,jacobi|vendor
gesvd,cdouble,sm_89,N,thin,2,24,jacobi|vendor
gesvd,cdouble,sm_89,N,thin,2,32,jacobi|vendor
gesvd,cdouble,sm_89,N,thin,2,33,vendor
gesvd,cdouble,sm_89,N,thin,2,48,vendor
gesvd,cdouble,sm_89,N,thin,2,64,vendor
gesvd,cdouble,sm_89,N,thin,2,65,vendor
gesvd,cdouble,sm_89,N,thin,2,128,vendor
gesvd,cdouble,sm_89,N,thin,2,256,vendor
gesvd,cdouble,sm_89,N,thin,2,512,vendor
gesvd,cdouble,sm_89,N,thin,2,1024,vendor
gesvd,cdouble,sm_89,N,thin,4,1,jacobi|vendor
gesvd,cdouble,sm_89,N,thin,4,2,jacobi|vendor
gesvd,cdouble,sm_89,N,thin,4,4,jacobi|vendor
gesvd,cdouble,sm_89,N,thin,4,8,jacobi|vendor
gesvd,cdouble,sm_89,N,thin,4,16,jacobi|vendor
gesvd,cdouble,sm_89,N,thin,4,24,jacobi|vendor
gesvd,cdouble,sm_89,N,thin,4,32,jacobi|vendor
gesvd,cdouble,sm_89,N,thin,4,33,vendor
gesvd,cdouble,sm_89,N,thin,4,48,vendor
gesvd,cdouble,sm_89,N,thin,4,64,vendor
gesvd,cdouble,sm_89,N,thin,4,65,vendor
gesvd,cdouble,sm_89,N,thin,4,128,vendor
gesvd,cdouble,sm_89,N,thin,4,256,vendor
gesvd,cdouble,sm_89,N,thin,4,512,vendor
gesvd,cdouble,sm_89,N,thin,4,1024,vendor
gesvd,cdouble,sm_89,N,thin,8,1,jacobi|vendor
gesvd,cdouble,sm_89,N,thin,8,2,jacobi|vendor
gesvd,cdouble,sm_89,N,thin,8,4,jacobi|vendor
gesvd,cdouble,sm_89,N,thin,8,8,jacobi|vendor
gesvd,cdouble,sm_89,N,thin,8,16,jacobi|vendor
gesvd,cdouble,sm_89,N,thin,8,24,jacobi|vendor
gesvd,cdouble,sm_89,N,thin,8,32,jacobi|vendor
gesvd,cdouble,sm_89,N,thin,8,33,vendor
gesvd,cdouble,sm_89,N,thin,8,48,vendor
gesvd,cdouble,sm_89,N,thin,8,64,vendor
gesvd,cdouble,sm_89,N,thin,8,65,vendor
gesvd,cdouble,sm_89,N,thin,8,128,vendor
gesvd,cdouble,sm_89,N,thin,8,256,vendor
gesvd,cdouble,sm_89,N,thin,8,512,vendor
gesvd,cdouble,sm_89,N,thin,8,1024,vendor
gesvd,cdouble,sm_89,N,thin,16,1,jacobi|vendor
gesvd,cdouble,sm_89,N,thin,16,2,jacobi|vendor
gesvd,cdouble,sm_89,N,thin,16,4,jacobi|vendor
gesvd,cdouble,sm_89,N,thin,16,8,jacobi|vendor
gesvd,cdouble,sm_89,N,thin,16,16,jacobi|vendor
gesvd,cdouble,sm_89,N,thin,16,24,jacobi|vendor
gesvd,cdouble,sm_89,N,thin,16,32,jacobi|vendor
gesvd,cdouble,sm_89,N,thin,16,33,vendor
gesvd,cdouble,sm_89,N,thin,16,48,vendor
gesvd,cdouble,sm_89,N,thin,16,64,vendor
gesvd,cdouble,sm_89,N,thin,16,65,vendor
gesvd,cdouble,sm_89,N,thin,16,128,vendor
gesvd,cdouble,sm_89,N,thin,16,256,vendor
gesvd,cdouble,sm_89,N,thin,16,512,vendor
gesvd,cdouble,sm_89,N,thin,16,1024,vendor
gesvd,cdouble,sm_89,N,thin,24,1,jacobi|vendor
gesvd,cdouble,sm_89,N,thin,24,2,jacobi|vendor
gesvd,cdouble,sm_89,N,thin,24,4,jacobi|vendor
gesvd,cdouble,sm_89,N,thin,24,8,jacobi|vendor
gesvd,cdouble,sm_89,N,thin,24,16,jacobi|vendor
gesvd,cdouble,sm_89,N,thin,24,24,jacobi|vendor
gesvd,cdouble,sm_89,N,thin,24,32,jacobi|vendor
gesvd,cdouble,sm_89,N,thin,24,33,vendor
gesvd,cdouble,sm_89,N,thin,24,48,vendor
gesvd,cdouble,sm_89,N,thin,24,64,vendor
gesvd,cdouble,sm_89,N,thin,24,65,vendor
gesvd,cdouble,sm_89,N,thin,24,128,vendor
gesvd,cdouble,sm_89,N,thin,24,256,vendor
gesvd,cdouble,sm_89,N,thin,24,512,vendor
gesvd,cdouble,sm_89,N,thin,24,1024,vendor
gesvd,cdouble,sm_89,N,thin,32,1,jacobi|vendor
gesvd,cdouble,sm_89,N,thin,32,2,jacobi|vendor
gesvd,cdouble,sm_89,N,thin,32,4,jacobi|vendor
gesvd,cdouble,sm_89,N,thin,32,8,jacobi|vendor
gesvd,cdouble,sm_89,N,thin,32,16,jacobi|vendor
gesvd,cdouble,sm_89,N,thin,32,24,jacobi|vendor
gesvd,cdouble,sm_89,N,thin,32,32,jacobi|vendor
gesvd,cdouble,sm_89,N,thin,32,33,vendor
gesvd,cdouble,sm_89,N,thin,32,48,vendor
gesvd,cdouble,sm_89,N,thin,32,64,vendor
gesvd,cdouble,sm_89,N,thin,32,65,vendor
gesvd,cdouble,sm_89,N,thin,32,128,vendor
gesvd,cdouble,sm_89,N,thin,32,256,vendor
gesvd,cdouble,sm_89,N,thin,32,512,vendor
gesvd,cdouble,sm_89,N,thin,32,1024,vendor
gesvd,cdouble,sm_89,N,thin,33,1,vendor
gesvd,cdouble,sm_89,N,thin,33,2,vendor
gesvd,cdouble,sm_89,N,thin,33,4,vendor
gesvd,cdouble,sm_89,N,thin,33,8,vendor
gesvd,cdouble,sm_89,N,thin,33,16,vendor
gesvd,cdouble,sm_89,N,thin,33,24,vendor
gesvd,cdouble,sm_89,N,thin,33,32,vendor
gesvd,cdouble,sm_89,N,thin,33,33,vendor
gesvd,cdouble,sm_89,N,thin,33,48,vendor
gesvd,cdouble,sm_89,N,thin,33,64,vendor
gesvd,cdouble,sm_89,N,thin,33,65,vendor
gesvd,cdouble,sm_89,N,thin,33,128,vendor
gesvd,cdouble,sm_89,N,thin,33,256,vendor
gesvd,cdouble,sm_89,N,thin,33,512,vendor
gesvd,cdouble,sm_89,N,thin,33,1024,vendor
gesvd,cdouble,sm_89,N,thin,48,1,vendor
gesvd,cdouble,sm_89,N,thin,48,2,vendor
gesvd,cdouble,sm_89,N,thin,48,4,vendor
gesvd,cdouble,sm_89,N,thin,48,8,vendor
gesvd,cdouble,sm_89,N,thin,48,16,vendor
gesvd,cdouble,sm_89,N,thin,48,24,vendor
gesvd,cdouble,sm_89,N,thin,48,32,vendor
gesvd,cdouble,sm_89,N,thin,48,33,vendor
gesvd,cdouble,sm_89,N,thin,48,48,vendor
gesvd,cdouble,sm_89,N,thin,48,64,vendor
gesvd,cdouble,sm_89,N,thin,48,65,vendor
gesvd,cdouble,sm_89,N,thin,48,128,vendor
gesvd,cdouble,sm_89,N,thin,48,256,vendor
gesvd,cdouble,sm_89,N,thin,48,512,vendor
gesvd,cdouble,sm_89,N,thin,48,1024,vendor
gesvd,cdouble,sm_89,N,thin,64,1,vendor
gesvd,cdouble,sm_89,N,thin,64,2,vendor
gesvd,cdouble,sm_89,N,thin,64,4,vendor
gesvd,cdouble,sm_89,N,thin,64,8,vendor
gesvd,cdouble,sm_89,N,thin,64,16,vendor
gesvd,cdouble,sm_89,N,thin,64,24,vendor
gesvd,cdouble,sm_89,N,thin,64,32,vendor
gesvd,cdouble,sm_89,N,thin,64,33,vendor
gesvd,cdouble,sm_89,N,thin,64,48,vendor
gesvd,cdouble,sm_89,N,thin,64,64,vendor
gesvd,cdouble,sm_89,N,thin,64,65,vendor
gesvd,cdouble,sm_89,N,thin,64,128,vendor
gesvd,cdouble,sm_89,N,thin,64,256,vendor
gesvd,cdouble,sm_89,N,thin,64,512,vendor
gesvd,cdouble,sm_89,N,thin,64,1024,vendor
gesvd,cdouble,sm_89,N,thin,65,1,vendor
gesvd,cdouble,sm_89,N,thin,65,2,vendor
gesvd,cdouble,sm_89,N,thin,65,4,vendor
gesvd,cdouble,sm_89,N,thin,65,8,vendor
gesvd,cdouble,sm_89,N,thin,65,16,vendor
gesvd,cdouble,sm_89,N,thin,65,24,vendor
gesvd,cdouble,sm_89,N,thin,65,32,vendor
gesvd,cdouble,sm_89,N,thin,65,33,vendor
gesvd,cdouble,sm_89,N,thin,65,48,vendor
gesvd,cdouble,sm_89,N,thin,65,64,vendor
gesvd,cdouble,sm_89,N,thin,65,65,vendor
gesvd,cdouble,sm_89,N,thin,65,128,vendor
gesvd,cdouble,sm_89,N,thin,65,256,vendor
gesvd,cdouble,sm_89,N,thin,65,512,vendor
gesvd,cdouble,sm_89,N,thin,65,1024,vendor
gesvd,cdouble,sm_89,N,thin,128,1,vendor
gesvd,cdouble,sm_89,N,thin,128,2,vendor
gesvd,cdouble,sm_89,N,thin,128,4,vendor
gesvd,cdouble,sm_89,N,thin,128,8,vendor
gesvd,cdouble,sm_89,N,thin,128,16,vendor
gesvd,cdouble,sm_89,N,thin,128,24,vendor
gesvd,cdouble,sm_89,N,thin,128,32,vendor
gesvd,cdouble,sm_89,N,thin,128,33,vendor
gesvd,cdouble,sm_89,N,thin,128,48,vendor
gesvd,cdouble,sm_89,N,thin,128,64,vendor
gesvd,cdouble,sm_89,N,thin,128,65,vendor
gesvd,cdouble,sm_89,N,thin,128,128,vendor
gesvd,cdouble,sm_89,N,thin,128,256,vendor
gesvd,cdouble,sm_89,N,thin,128,512,vendor
gesvd,cdouble,sm_89,N,thin,128,1024,vendor
gesvd,cdouble,sm_89,N,thin,256,1,vendor
gesvd,cdouble,sm_89,N,thin,256,2,vendor
gesvd,cdouble,sm_89,N,thin,256,4,vendor
gesvd,cdouble,sm_89,N,thin,256,8,vendor
gesvd,cdouble,sm_89,N,thin,256,16,vendor
gesvd,cdouble,sm_89,N,thin,256,24,vendor
gesvd,cdouble,sm_89,N,thin,256,32,vendor
gesvd,cdouble,sm_89,N,thin,256,33,vendor
gesvd,cdouble,sm_89,N,thin,256,48,vendor
gesvd,cdouble,sm_89,N,thin,256,64,vendor
gesvd,cdouble,sm_89,N,thin,256,65,vendor
gesvd,cdouble,sm_89,N,thin,256,128,vendor
gesvd,cdouble,sm_89,N,thin,256,256,vendor
gesvd,cdouble,sm_89,N,thin,256,512,vendor
gesvd,cdouble,sm_89,N,thin,256,1024,vendor
gesvd,cdouble,sm_89,N,thin,512,1,vendor
gesvd,cdouble,sm_89,N,thin,512,2,vendor
gesvd,cdouble,sm_89,N,thin,512,4,vendor
gesvd,cdouble,sm_89,N,thin,512,8,vendor
gesvd,cdouble,sm_89,N,thin,512,16,vendor
gesvd,cdouble,sm_89,N,thin,512,24,vendor
gesvd,cdouble,sm_89,N,thin,512,32,vendor
gesvd,cdouble,sm_89,N,thin,512,33,vendor
gesvd,cdouble,sm_89,N,thin,512,48,vendor
gesvd,cdouble,sm_89,N,thin,512,64,vendor
gesvd,cdouble,sm_89,N,thin,512,65,vendor
gesvd,cdouble,sm_89,N,thin,512,128,vendor
gesvd,cdouble,sm_89,N,thin,512,256,vendor
gesvd,cdouble,sm_89,N,thin,512,512,vendor
gesvd,cdouble,sm_89,N,thin,512,1024,vendor
gesvd,cdouble,sm_89,N,thin,1024,1,vendor
gesvd,cdouble,sm_89,N,thin,1024,2,vendor
gesvd,cdouble,sm_89,N,thin,1024,4,vendor
gesvd,cdouble,sm_89,N,thin,1024,8,vendor
gesvd,cdouble,sm_89,N,thin,1024,16,vendor
gesvd,cdouble,sm_89,N,thin,1024,24,vendor
gesvd,cdouble,sm_89,N,thin,1024,32,vendor
gesvd,cdouble,sm_89,N,thin,1024,33,vendor
gesvd,cdouble,sm_89,N,thin,1024,48,vendor
gesvd,cdouble,sm_89,N,thin,1024,64,vendor
gesvd,cdouble,sm_89,N,thin,1024,65,vendor
gesvd,cdouble,sm_89,N,thin,1024,128,vendor
gesvd,cdouble,sm_89,N,thin,1024,256,vendor
gesvd,cdouble,sm_89,N,thin,1024,512,vendor
gesvd,cdouble,sm_89,N,thin,1024,1024,vendor
gesvd,cdouble,sm_89,L,none,1,1,cta|blocked|vendor
gesvd,cdouble,sm_89,L,none,1,2,vendor
gesvd,cdouble,sm_89,L,none,1,4,vendor
gesvd,cdouble,sm_89,L,none,1,8,vendor
gesvd,cdouble,sm_89,L,none,1,16,vendor
gesvd,cdouble,sm_89,L,none,1,24,vendor
gesvd,cdouble,sm_89,L,none,1,32,vendor
gesvd,cdouble,sm_89,L,none,1,33,vendor
gesvd,cdouble,sm_89,L,none,1,48,vendor
gesvd,cdouble,sm_89,L,none,1,64,vendor
gesvd,cdouble,sm_89,L,none,1,65,vendor
gesvd,cdouble,sm_89,L,none,1,128,vendor
gesvd,cdouble,sm_89,L,none,1,256,vendor
gesvd,cdouble,sm_89,L,none,1,512,vendor
gesvd,cdouble,sm_89,L,none,1,1024,vendor
gesvd,cdouble,sm_89,L,none,2,1,vendor
gesvd,cdouble,sm_89,L,none,2,2,cta|blocked|vendor
gesvd,cdouble,sm_89,L,none,2,4,vendor
gesvd,cdouble,sm_89,L,none,2,8,vendor
gesvd,cdouble,sm_89,L,none,2,16,vendor
gesvd,cdouble,sm_89,L,none,2,24,vendor
gesvd,cdouble,sm_89,L,none,2,32,vendor
gesvd,cdouble,sm_89,L,none,2,33,vendor
gesvd,cdouble,sm_89,L,none,2,48,vendor
gesvd,cdouble,sm_89,L,none,2,64,vendor
gesvd,cdouble,sm_89,L,none,2,65,vendor
gesvd,cdouble,sm_89,L,none,2,128,vendor
gesvd,cdouble,sm_89,L,none,2,256,vendor
gesvd,cdouble,sm_89,L,none,2,512,vendor
gesvd,cdouble,sm_89,L,none,2,1024,vendor
gesvd,cdouble,sm_89,L,none,4,1,vendor
gesvd,cdouble,sm_89,L,none,4,2,vendor
gesvd,cdouble,sm_89,L,none,4,4,cta|blocked|vendor
gesvd,cdouble,sm_89,L,none,4,8,vendor
gesvd,cdouble,sm_89,L,none,4,16,vendor
gesvd,cdouble,sm_89,L,none,4,24,vendor
gesvd,cdouble,sm_89,L,none,4,32,vendor
gesvd,cdouble,sm_89,L,none,4,33,vendor
gesvd,cdouble,sm_89,L,none,4,48,vendor
gesvd,cdouble,sm_89,L,none,4,64,vendor
gesvd,cdouble,sm_89,L,none,4,65,vendor
gesvd,cdouble,sm_89,L,none,4,128,vendor
gesvd,cdouble,sm_89,L,none,4,256,vendor
gesvd,cdouble,sm_89,L,none,4,512,vendor
gesvd,cdouble,sm_89,L,none,4,1024,vendor
gesvd,cdouble,sm_89,L,none,8,1,vendor
gesvd,cdouble,sm_89,L,none,8,2,vendor
gesvd,cdouble,sm_89,L,none,8,4,vendor
gesvd,cdouble,sm_89,L,none,8,8,cta|blocked|vendor
gesvd,cdouble,sm_89,L,none,8,16,vendor
gesvd,cdouble,sm_89,L,none,8,24,vendor
gesvd,cdouble,sm_89,L,none,8,32,vendor
gesvd,cdouble,sm_89,L,none,8,33,vendor
gesvd,cdouble,sm_89,L,none,8,48,vendor
gesvd,cdouble,sm_89,L,none,8,64,vendor
gesvd,cdouble,sm_89,L,none,8,65,vendor
gesvd,cdouble,sm_89,L,none,8,128,vendor
gesvd,cdouble,sm_89,L,none,8,256,vendor
gesvd,cdouble,sm_89,L,none,8,512,vendor
gesvd,cdouble,sm_89,L,none,8,1024,vendor
gesvd,cdouble,sm_89,L,none,16,1,vendor
gesvd,cdouble,sm_89,L,none,16,2,vendor
gesvd,cdouble,sm_89,L,none,16,4,vendor
gesvd,cdouble,sm_89,L,none,16,8,vendor
gesvd,cdouble,sm_89,L,none,16,16,cta|blocked|vendor
gesvd,cdouble,sm_89,L,none,16,24,vendor
gesvd,cdouble,sm_89,L,none,16,32,vendor
gesvd,cdouble,sm_89,L,none,16,33,vendor
gesvd,cdouble,sm_89,L,none,16,48,vendor
gesvd,cdouble,sm_89,L,none,16,64,vendor
gesvd,cdouble,sm_89,L,none,16,65,vendor
gesvd,cdouble,sm_89,L,none,16,128,vendor
gesvd,cdouble,sm_89,L,none,16,256,vendor
gesvd,cdouble,sm_89,L,none,16,512,vendor
gesvd,cdouble,sm_89,L,none,16,1024,vendor
gesvd,cdouble,sm_89,L,none,24,1,vendor
gesvd,cdouble,sm_89,L,none,24,2,vendor
gesvd,cdouble,sm_89,L,none,24,4,vendor
gesvd,cdouble,sm_89,L,none,24,8,vendor
gesvd,cdouble,sm_89,L,none,24,16,vendor
gesvd,cdouble,sm_89,L,none,24,24,cta|blocked|vendor
gesvd,cdouble,sm_89,L,none,24,32,vendor
gesvd,cdouble,sm_89,L,none,24,33,vendor
gesvd,cdouble,sm_89,L,none,24,48,vendor
gesvd,cdouble,sm_89,L,none,24,64,vendor
gesvd,cdouble,sm_89,L,none,24,65,vendor
gesvd,cdouble,sm_89,L,none,24,128,vendor
gesvd,cdouble,sm_89,L,none,24,256,vendor
gesvd,cdouble,sm_89,L,none,24,512,vendor
gesvd,cdouble,sm_89,L,none,24,1024,vendor
gesvd,cdouble,sm_89,L,none,32,1,vendor
gesvd,cdouble,sm_89,L,none,32,2,vendor
gesvd,cdouble,sm_89,L,none,32,4,vendor
gesvd,cdouble,sm_89,L,none,32,8,vendor
gesvd,cdouble,sm_89,L,none,32,16,vendor
gesvd,cdouble,sm_89,L,none,32,24,vendor
gesvd,cdouble,sm_89,L,none,32,32,cta|blocked|vendor
gesvd,cdouble,sm_89,L,none,32,33,vendor
gesvd,cdouble,sm_89,L,none,32,48,vendor
gesvd,cdouble,sm_89,L,none,32,64,vendor
gesvd,cdouble,sm_89,L,none,32,65,vendor
gesvd,cdouble,sm_89,L,none,32,128,vendor
gesvd,cdouble,sm_89,L,none,32,256,vendor
gesvd,cdouble,sm_89,L,none,32,512,vendor
gesvd,cdouble,sm_89,L,none,32,1024,vendor
gesvd,cdouble,sm_89,L,none,33,1,vendor
gesvd,cdouble,sm_89,L,none,33,2,vendor
gesvd,cdouble,sm_89,L,none,33,4,vendor
gesvd,cdouble,sm_89,L,none,33,8,vendor
gesvd,cdouble,sm_89,L,none,33,16,vendor
gesvd,cdouble,sm_89,L,none,33,24,vendor
gesvd,cdouble,sm_89,L,none,33,32,vendor
gesvd,cdouble,sm_89,L,none,33,33,blocked|vendor
gesvd,cdouble,sm_89,L,none,33,48,vendor
gesvd,cdouble,sm_89,L,none,33,64,vendor
gesvd,cdouble,sm_89,L,none,33,65,vendor
gesvd,cdouble,sm_89,L,none,33,128,vendor
gesvd,cdouble,sm_89,L,none,33,256,vendor
gesvd,cdouble,sm_89,L,none,33,512,vendor
gesvd,cdouble,sm_89,L,none,33,1024,vendor
gesvd,cdouble,sm_89,L,none,48,1,vendor
gesvd,cdouble,sm_89,L,none,48,2,vendor
gesvd,cdouble,sm_89,L,none,48,4,vendor
gesvd,cdouble,sm_89,L,none,48,8,vendor
gesvd,cdouble,sm_89,L,none,48,16,vendor
gesvd,cdouble,sm_89,L,none,48,24,vendor
gesvd,cdouble,sm_89,L,none,48,32,vendor
gesvd,cdouble,sm_89,L,none,48,33,vendor
gesvd,cdouble,sm_89,L,none,48,48,blocked|vendor
gesvd,cdouble,sm_89,L,none,48,64,vendor
gesvd,cdouble,sm_89,L,none,48,65,vendor
gesvd,cdouble,sm_89,L,none,48,128,vendor
gesvd,cdouble,sm_89,L,none,48,256,vendor
gesvd,cdouble,sm_89,L,none,48,512,vendor
gesvd,cdouble,sm_89,L,none,48,1024,vendor
gesvd,cdouble,sm_89,L,none,64,1,vendor
gesvd,cdouble,sm_89,L,none,64,2,vendor
gesvd,cdouble,sm_89,L,none,64,4,vendor
gesvd,cdouble,sm_89,L,none,64,8,vendor
gesvd,cdouble,sm_89,L,none,64,16,vendor
gesvd,cdouble,sm_89,L,none,64,24,vendor
gesvd,cdouble,sm_89,L,none,64,32,vendor
gesvd,cdouble,sm_89,L,none,64,33,vendor
gesvd,cdouble,sm_89,L,none,64,48,vendor
gesvd,cdouble,sm_89,L,none,64,64,blocked|vendor
gesvd,cdouble,sm_89,L,none,64,65,vendor
gesvd,cdouble,sm_89,L,none,64,128,vendor
gesvd,cdouble,sm_89,L,none,64,256,vendor
gesvd,cdouble,sm_89,L,none,64,512,vendor
gesvd,cdouble,sm_89,L,none,64,1024,vendor
gesvd,cdouble,sm_89,L,none,65,1,vendor
gesvd,cdouble,sm_89,L,none,65,2,vendor
gesvd,cdouble,sm_89,L,none,65,4,vendor
gesvd,cdouble,sm_89,L,none,65,8,vendor
gesvd,cdouble,sm_89,L,none,65,16,vendor
gesvd,cdouble,sm_89,L,none,65,24,vendor
gesvd,cdouble,sm_89,L,none,65,32,vendor
gesvd,cdouble,sm_89,L,none,65,33,vendor
gesvd,cdouble,sm_89,L,none,65,48,vendor
gesvd,cdouble,sm_89,L,none,65,64,vendor
gesvd,cdouble,sm_89,L,none,65,65,blocked|vendor
gesvd,cdouble,sm_89,L,none,65,128,vendor
gesvd,cdouble,sm_89,L,none,65,256,vendor
gesvd,cdouble,sm_89,L,none,65,512,vendor
gesvd,cdouble,sm_89,L,none,65,1024,vendor
gesvd,cdouble,sm_89,L,none,128,1,vendor
gesvd,cdouble,sm_89,L,none,128,2,vendor
gesvd,cdouble,sm_89,L,none,128,4,vendor
gesvd,cdouble,sm_89,L,none,128,8,vendor
gesvd,cdouble,sm_89,L,none,128,16,vendor
gesvd,cdouble,sm_89,L,none,128,24,vendor
gesvd,cdouble,sm_89,L,none,128,32,vendor
gesvd,cdouble,sm_89,L,none,128,33,vendor
gesvd,cdouble,sm_89,L,none,128,48,vendor
gesvd,cdouble,sm_89,L,none,128,64,vendor
gesvd,cdouble,sm_89,L,none,128,65,vendor
gesvd,cdouble,sm_89,L,none,128,128,blocked|vendor
gesvd,cdouble,sm_89,L,none,128,256,vendor
gesvd,cdouble,sm_89,L,none,128,512,vendor
gesvd,cdouble,sm_89,L,none,128,1024,vendor
gesvd,cdouble,sm_89,L,none,256,1,vendor
gesvd,cdouble,sm_89,L,none,256,2,vendor
gesvd,cdouble,sm_89,L,none,256,4,vendor
gesvd,cdouble,sm_89,L,none,256,8,vendor
gesvd,cdouble,sm_89,L,none,256,16,vendor
gesvd,cdouble,sm_89,L,none,256,24,vendor
gesvd,cdouble,sm_89,L,none,256,32,vendor
gesvd,cdouble,sm_89,L,none,256,33,vendor
gesvd,cdouble,sm_89,L,none,256,48,vendor
gesvd,cdouble,sm_89,L,none,256,64,vendor
gesvd,cdouble,sm_89,L,none,256,65,vendor
gesvd,cdouble,sm_89,L,none,256,128,vendor
gesvd,cdouble,sm_89,L,none,256,256,blocked|vendor
gesvd,cdouble,sm_89,L,none,256,512,vendor
gesvd,cdouble,sm_89,L,none,256,1024,vendor
gesvd,cdouble,sm_89,L,none,512,1,vendor
gesvd,cdouble,sm_89,L,none,512,2,vendor
gesvd,cdouble,sm_89,L,none,512,4,vendor
gesvd,cdouble,sm_89,L,none,512,8,vendor
gesvd,cdouble,sm_89,L,none,512,16,vendor
gesvd,cdouble,sm_89,L,none,512,24,vendor
gesvd,cdouble,sm_89,L,none,512,32,vendor
gesvd,cdouble,sm_89,L,none,512,33,vendor
gesvd,cdouble,sm_89,L,none,512,48,vendor
gesvd,cdouble,sm_89,L,none,512,64,vendor
gesvd,cdouble,sm_89,L,none,512,65,vendor
gesvd,cdouble,sm_89,L,none,512,128,vendor
gesvd,cdouble,sm_89,L,none,512,256,vendor
gesvd,cdouble,sm_89,L,none,512,512,blocked|vendor
gesvd,cdouble,sm_89,L,none,512,1024,vendor
gesvd,cdouble,sm_89,L,none,1024,1,vendor
gesvd,cdouble,sm_89,L,none,1024,2,vendor
gesvd,cdouble,sm_89,L,none,1024,4,vendor
gesvd,cdouble,sm_89,L,none,1024,8,vendor
gesvd,cdouble,sm_89,L,none,1024,16,vendor
gesvd,cdouble,sm_89,L,none,1024,24,vendor
gesvd,cdouble,sm_89,L,none,1024,32,vendor
gesvd,cdouble,sm_89,L,none,1024,33,vendor
gesvd,cdouble,sm_89,L,none,1024,48,vendor
gesvd,cdouble,sm_89,L,none,1024,64,vendor
gesvd,cdouble,sm_89,L,none,1024,65,vendor
gesvd,cdouble,sm_89,L,none,1024,128,vendor
gesvd,cdouble,sm_89,L,none,1024,256,vendor
gesvd,cdouble,sm_89,L,none,1024,512,vendor
gesvd,cdouble,sm_89,L,none,1024,1024,blocked|vendor
gesvd,cdouble,sm_89,L,all,1,1,cta|blocked|vendor
gesvd,cdouble,sm_89,L,all,1,2,vendor
gesvd,cdouble,sm_89,L,all,1,4,vendor
gesvd,cdouble,sm_89,L,all,1,8,vendor
gesvd,cdouble,sm_89,L,all,1,16,vendor
gesvd,cdouble,sm_89,L,all,1,24,vendor
gesvd,cdouble,sm_89,L,all,1,32,vendor
gesvd,cdouble,sm_89,L,all,1,33,vendor
gesvd,cdouble,sm_89,L,all,1,48,vendor
gesvd,cdouble,sm_89,L,all,1,64,vendor
gesvd,cdouble,sm_89,L,all,1,65,vendor
gesvd,cdouble,sm_89,L,all,1,128,vendor
gesvd,cdouble,sm_89,L,all,1,256,vendor
gesvd,cdouble,sm_89,L,all,1,512,vendor
gesvd,cdouble,sm_89,L,all,1,1024,vendor
gesvd,cdouble,sm_89,L,all,2,1,vendor
gesvd,cdouble,sm_89,L,all,2,2,cta|blocked|vendor
gesvd,cdouble,sm_89,L,all,2,4,vendor
gesvd,cdouble,sm_89,L,all,2,8,vendor
gesvd,cdouble,sm_89,L,all,2,16,vendor
gesvd,cdouble,sm_89,L,all,2,24,vendor
gesvd,cdouble,sm_89,L,all,2,32,vendor
gesvd,cdouble,sm_89,L,all,2,33,vendor
gesvd,cdouble,sm_89,L,all,2,48,vendor
gesvd,cdouble,sm_89,L,all,2,64,vendor
gesvd,cdouble,sm_89,L,all,2,65,vendor
gesvd,cdouble,sm_89,L,all,2,128,vendor
gesvd,cdouble,sm_89,L,all,2,256,vendor
gesvd,cdouble,sm_89,L,all,2,512,vendor
gesvd,cdouble,sm_89,L,all,2,1024,vendor
gesvd,cdouble,sm_89,L,all,4,1,vendor
gesvd,cdouble,sm_89,L,all,4,2,vendor
gesvd,cdouble,sm_89,L,all,4,4,cta|blocked|vendor
gesvd,cdouble,sm_89,L,all,4,8,vendor
gesvd,cdouble,sm_89,L,all,4,16,vendor
gesvd,cdouble,sm_89,L,all,4,24,vendor
gesvd,cdouble,sm_89,L,all,4,32,vendor
gesvd,cdouble,sm_89,L,all,4,33,vendor
gesvd,cdouble,sm_89,L,all,4,48,vendor
gesvd,cdouble,sm_89,L,all,4,64,vendor
gesvd,cdouble,sm_89,L,all,4,65,vendor
gesvd,cdouble,sm_89,L,all,4,128,vendor
gesvd,cdouble,sm_89,L,all,4,256,vendor
gesvd,cdouble,sm_89,L,all,4,512,vendor
gesvd,cdouble,sm_89,L,all,4,1024,vendor
gesvd,cdouble,sm_89,L,all,8,1,vendor
gesvd,cdouble,sm_89,L,all,8,2,vendor
gesvd,cdouble,sm_89,L,all,8,4,vendor
gesvd,cdouble,sm_89,L,all,8,8,cta|blocked|vendor
gesvd,cdouble,sm_89,L,all,8,16,vendor
gesvd,cdouble,sm_89,L,all,8,24,vendor
gesvd,cdouble,sm_89,L,all,8,32,vendor
gesvd,cdouble,sm_89,L,all,8,33,vendor
gesvd,cdouble,sm_89,L,all,8,48,vendor
gesvd,cdouble,sm_89,L,all,8,64,vendor
gesvd,cdouble,sm_89,L,all,8,65,vendor
gesvd,cdouble,sm_89,L,all,8,128,vendor
gesvd,cdouble,sm_89,L,all,8,256,vendor
gesvd,cdouble,sm_89,L,all,8,512,vendor
gesvd,cdouble,sm_89,L,all,8,1024,vendor
gesvd,cdouble,sm_89,L,all,16,1,vendor
gesvd,cdouble,sm_89,L,all,16,2,vendor
gesvd,cdouble,sm_89,L,all,16,4,vendor
gesvd,cdouble,sm_89,L,all,16,8,vendor
gesvd,cdouble,sm_89,L,all,16,16,cta|blocked|vendor
gesvd,cdouble,sm_89,L,all,16,24,vendor
gesvd,cdouble,sm_89,L,all,16,32,vendor
gesvd,cdouble,sm_89,L,all,16,33,vendor
gesvd,cdouble,sm_89,L,all,16,48,vendor
gesvd,cdouble,sm_89,L,all,16,64,vendor
gesvd,cdouble,sm_89,L,all,16,65,vendor
gesvd,cdouble,sm_89,L,all,16,128,vendor
gesvd,cdouble,sm_89,L,all,16,256,vendor
gesvd,cdouble,sm_89,L,all,16,512,vendor
gesvd,cdouble,sm_89,L,all,16,1024,vendor
gesvd,cdouble,sm_89,L,all,24,1,vendor
gesvd,cdouble,sm_89,L,all,24,2,vendor
gesvd,cdouble,sm_89,L,all,24,4,vendor
gesvd,cdouble,sm_89,L,all,24,8,vendor
gesvd,cdouble,sm_89,L,all,24,16,vendor
gesvd,cdouble,sm_89,L,all,24,24,cta|blocked|vendor
gesvd,cdouble,sm_89,L,all,24,32,vendor
gesvd,cdouble,sm_89,L,all,24,33,vendor
gesvd,cdouble,sm_89,L,all,24,48,vendor
gesvd,cdouble,sm_89,L,all,24,64,vendor
gesvd,cdouble,sm_89,L,all,24,65,vendor
gesvd,cdouble,sm_89,L,all,24,128,vendor
gesvd,cdouble,sm_89,L,all,24,256,vendor
gesvd,cdouble,sm_89,L,all,24,512,vendor
gesvd,cdouble,sm_89,L,all,24,1024,vendor
gesvd,cdouble,sm_89,L,all,32,1,vendor
gesvd,cdouble,sm_89,L,all,32,2,vendor
gesvd,cdouble,sm_89,L,all,32,4,vendor
gesvd,cdouble,sm_89,L,all,32,8,vendor
gesvd,cdouble,sm_89,L,all,32,16,vendor
gesvd,cdouble,sm_89,L,all,32,24,vendor
gesvd,cdouble,sm_89,L,all,32,32,cta|blocked|vendor
gesvd,cdouble,sm_89,L,all,32,33,vendor
gesvd,cdouble,sm_89,L,all,32,48,vendor
gesvd,cdouble,sm_89,L,all,32,64,vendor
gesvd,cdouble,sm_89,L,all,32,65,vendor
gesvd,cdouble,sm_89,L,all,32,128,vendor
gesvd,cdouble,sm_89,L,all,32,256,vendor
gesvd,cdouble,sm_89,L,all,32,512,vendor
gesvd,cdouble,sm_89,L,all,32,1024,vendor
gesvd,cdouble,sm_89,L,all,33,1,vendor
gesvd,cdouble,sm_89,L,all,33,2,vendor
gesvd,cdouble,sm_89,L,all,33,4,vendor
gesvd,cdouble,sm_89,L,all,33,8,vendor
gesvd,cdouble,sm_89,L,all,33,16,vendor
gesvd,cdouble,sm_89,L,all,33,24,vendor
gesvd,cdouble,sm_89,L,all,33,32,vendor
gesvd,cdouble,sm_89,L,all,33,33,blocked|vendor
gesvd,cdouble,sm_89,L,all,33,48,vendor
gesvd,cdouble,sm_89,L,all,33,64,vendor
gesvd,cdouble,sm_89,L,all,33,65,vendor
gesvd,cdouble,sm_89,L,all,33,128,vendor
gesvd,cdouble,sm_89,L,all,33,256,vendor
gesvd,cdouble,sm_89,L,all,33,512,vendor
gesvd,cdouble,sm_89,L,all,33,1024,vendor
gesvd,cdouble,sm_89,L,all,48,1,vendor
gesvd,cdouble,sm_89,L,all,48,2,vendor
gesvd,cdouble,sm_89,L,all,48,4,vendor
gesvd,cdouble,sm_89,L,all,48,8,vendor
gesvd,cdouble,sm_89,L,all,48,16,vendor
gesvd,cdouble,sm_89,L,all,48,24,vendor
gesvd,cdouble,sm_89,L,all,48,32,vendor
gesvd,cdouble,sm_89,L,all,48,33,vendor
gesvd,cdouble,sm_89,L,all,48,48,blocked|vendor
gesvd,cdouble,sm_89,L,all,48,64,vendor
gesvd,cdouble,sm_89,L,all,48,65,vendor
gesvd,cdouble,sm_89,L,all,48,128,vendor
gesvd,cdouble,sm_89,L,all,48,256,vendor
gesvd,cdouble,sm_89,L,all,48,512,vendor
gesvd,cdouble,sm_89,L,all,48,1024,vendor
gesvd,cdouble,sm_89,L,all,64,1,vendor
gesvd,cdouble,sm_89,L,all,64,2,vendor
gesvd,cdouble,sm_89,L,all,64,4,vendor
gesvd,cdouble,sm_89,L,all,64,8,vendor
gesvd,cdouble,sm_89,L,all,64,16,vendor
gesvd,cdouble,sm_89,L,all,64,24,vendor
gesvd,cdouble,sm_89,L,all,64,32,vendor
gesvd,cdouble,sm_89,L,all,64,33,vendor
gesvd,cdouble,sm_89,L,all,64,48,vendor
gesvd,cdouble,sm_89,L,all,64,64,blocked|vendor
gesvd,cdouble,sm_89,L,all,64,65,vendor
gesvd,cdouble,sm_89,L,all,64,128,vendor
gesvd,cdouble,sm_89,L,all,64,256,vendor
gesvd,cdouble,sm_89,L,all,64,512,vendor
gesvd,cdouble,sm_89,L,all,64,1024,vendor
gesvd,cdouble,sm_89,L,all,65,1,vendor
gesvd,cdouble,sm_89,L,all,65,2,vendor
gesvd,cdouble,sm_89,L,all,65,4,vendor
gesvd,cdouble,sm_89,L,all,65,8,vendor
gesvd,cdouble,sm_89,L,all,65,16,vendor
gesvd,cdouble,sm_89,L,all,65,24,vendor
gesvd,cdouble,sm_89,L,all,65,32,vendor
gesvd,cdouble,sm_89,L,all,65,33,vendor
gesvd,cdouble,sm_89,L,all,65,48,vendor
gesvd,cdouble,sm_89,L,all,65,64,vendor
gesvd,cdouble,sm_89,L,all,65,65,blocked|vendor
gesvd,cdouble,sm_89,L,all,65,128,vendor
gesvd,cdouble,sm_89,L,all,65,256,vendor
gesvd,cdouble,sm_89,L,all,65,512,vendor
gesvd,cdouble,sm_89,L,all,65,1024,vendor
gesvd,cdouble,sm_89,L,all,128,1,vendor
gesvd,cdouble,sm_89,L,all,128,2,vendor
gesvd,cdouble,sm_89,L,all,128,4,vendor
gesvd,cdouble,sm_89,L,all,128,8,vendor
gesvd,cdouble,sm_89,L,all,128,16,vendor
gesvd,cdouble,sm_89,L,all,128,24,vendor
gesvd,cdouble,sm_89,L,all,128,32,vendor
gesvd,cdouble,sm_89,L,all,128,33,vendor
gesvd,cdouble,sm_89,L,all,128,48,vendor
gesvd,cdouble,sm_89,L,all,128,64,vendor
gesvd,cdouble,sm_89,L,all,128,65,vendor
gesvd,cdouble,sm_89,L,all,128,128,blocked|vendor
gesvd,cdouble,sm_89,L,all,128,256,vendor
gesvd,cdouble,sm_89,L,all,128,512,vendor
gesvd,cdouble,sm_89,L,all,128,1024,vendor
gesvd,cdouble,sm_89,L,all,256,1,vendor
gesvd,cdouble,sm_89,L,all,256,2,vendor
gesvd,cdouble,sm_89,L,all,256,4,vendor
gesvd,cdouble,sm_89,L,all,256,8,vendor
gesvd,cdouble,sm_89,L,all,256,16,vendor
gesvd,cdouble,sm_89,L,all,256,24,vendor
gesvd,cdouble,sm_89,L,all,256,32,vendor
gesvd,cdouble,sm_89,L,all,256,33,vendor
gesvd,cdouble,sm_89,L,all,256,48,vendor
gesvd,cdouble,sm_89,L,all,256,64,vendor
gesvd,cdouble,sm_89,L,all,256,65,vendor
gesvd,cdouble,sm_89,L,all,256,128,vendor
gesvd,cdouble,sm_89,L,all,256,256,blocked|vendor
gesvd,cdouble,sm_89,L,all,256,512,vendor
gesvd,cdouble,sm_89,L,all,256,1024,vendor
gesvd,cdouble,sm_89,L,all,512,1,vendor
gesvd,cdouble,sm_89,L,all,512,2,vendor
gesvd,cdouble,sm_89,L,all,512,4,vendor
gesvd,cdouble,sm_89,L,all,512,8,vendor
gesvd,cdouble,sm_89,L,all,512,16,vendor
gesvd,cdouble,sm_89,L,all,512,24,vendor
gesvd,cdouble,sm_89,L,all,512,32,vendor
gesvd,cdouble,sm_89,L,all,512,33,vendor
gesvd,cdouble,sm_89,L,all,512,48,vendor
gesvd,cdouble,sm_89,L,all,512,64,vendor
gesvd,cdouble,sm_89,L,all,512,65,vendor
gesvd,cdouble,sm_89,L,all,512,128,vendor
gesvd,cdouble,sm_89,L,all,512,256,vendor
gesvd,cdouble,sm_89,L,all,512,512,blocked|vendor
gesvd,cdouble,sm_89,L,all,512,1024,vendor
gesvd,cdouble,sm_89,L,all,1024,1,vendor
gesvd,cdouble,sm_89,L,all,1024,2,vendor
gesvd,cdouble,sm_89,L,all,1024,4,vendor
gesvd,cdouble,sm_89,L,all,1024,8,vendor
gesvd,cdouble,sm_89,L,all,1024,16,vendor
gesvd,cdouble,sm_89,L,all,1024,24,vendor
gesvd,cdouble,sm_89,L,all,1024,32,vendor
gesvd,cdouble,sm_89,L,all,1024,33,vendor
gesvd,cdouble,sm_89,L,all,1024,48,vendor
gesvd,cdouble,sm_89,L,all,1024,64,vendor
gesvd,cdouble,sm_89,L,all,1024,65,vendor
gesvd,cdouble,sm_89,L,all,1024,128,vendor
gesvd,cdouble,sm_89,L,all,1024,256,vendor
gesvd,cdouble,sm_89,L,all,1024,512,vendor
gesvd,cdouble,sm_89,L,all,1024,1024,blocked|vendor
gesvd,cdouble,sm_89,L,thin,1,1,blocked|vendor
gesvd,cdouble,sm_89,L,thin,1,2,vendor
gesvd,cdouble,sm_89,L,thin,1,4,vendor
gesvd,cdouble,sm_89,L,thin,1,8,vendor
gesvd,cdouble,sm_89,L,thin,1,16,vendor
gesvd,cdouble,sm_89,L,thin,1,24,vendor
gesvd,cdouble,sm_89,L,thin,1,32,vendor
gesvd,cdouble,sm_89,L,thin,1,33,vendor
gesvd,cdouble,sm_89,L,thin,1,48,vendor
gesvd,cdouble,sm_89,L,thin,1,64,vendor
gesvd,cdouble,sm_89,L,thin,1,65,vendor
gesvd,cdouble,sm_89,L,thin,1,128,vendor
gesvd,cdouble,sm_89,L,thin,1,256,vendor
gesvd,cdouble,sm_89,L,thin,1,512,vendor
gesvd,cdouble,sm_89,L,thin,1,1024,vendor
gesvd,cdouble,sm_89,L,thin,2,1,vendor
gesvd,cdouble,sm_89,L,thin,2,2,blocked|vendor
gesvd,cdouble,sm_89,L,thin,2,4,vendor
gesvd,cdouble,sm_89,L,thin,2,8,vendor
gesvd,cdouble,sm_89,L,thin,2,16,vendor
gesvd,cdouble,sm_89,L,thin,2,24,vendor
gesvd,cdouble,sm_89,L,thin,2,32,vendor
gesvd,cdouble,sm_89,L,thin,2,33,vendor
gesvd,cdouble,sm_89,L,thin,2,48,vendor
gesvd,cdouble,sm_89,L,thin,2,64,vendor
gesvd,cdouble,sm_89,L,thin,2,65,vendor
gesvd,cdouble,sm_89,L,thin,2,128,vendor
gesvd,cdouble,sm_89,L,thin,2,256,vendor
gesvd,cdouble,sm_89,L,thin,2,512,vendor
gesvd,cdouble,sm_89,L,thin,2,1024,vendor
gesvd,cdouble,sm_89,L,thin,4,1,vendor
gesvd,cdouble,sm_89,L,thin,4,2,vendor
gesvd,cdouble,sm_89,L,thin,4,4,blocked|vendor
gesvd,cdouble,sm_89,L,thin,4,8,vendor
gesvd,cdouble,sm_89,L,thin,4,16,vendor
gesvd,cdouble,sm_89,L,thin,4,24,vendor
gesvd,cdouble,sm_89,L,thin,4,32,vendor
gesvd,cdouble,sm_89,L,thin,4,33,vendor
gesvd,cdouble,sm_89,L,thin,4,48,vendor
gesvd,cdouble,sm_89,L,thin,4,64,vendor
gesvd,cdouble,sm_89,L,thin,4,65,vendor
gesvd,cdouble,sm_89,L,thin,4,128,vendor
gesvd,cdouble,sm_89,L,thin,4,256,vendor
gesvd,cdouble,sm_89,L,thin,4,512,vendor
gesvd,cdouble,sm_89,L,thin,4,1024,vendor
gesvd,cdouble,sm_89,L,thin,8,1,vendor
gesvd,cdouble,sm_89,L,thin,8,2,vendor
gesvd,cdouble,sm_89,L,thin,8,4,vendor
gesvd,cdouble,sm_89,L,thin,8,8,blocked|vendor
gesvd,cdouble,sm_89,L,thin,8,16,vendor
gesvd,cdouble,sm_89,L,thin,8,24,vendor
gesvd,cdouble,sm_89,L,thin,8,32,vendor
gesvd,cdouble,sm_89,L,thin,8,33,vendor
gesvd,cdouble,sm_89,L,thin,8,48,vendor
gesvd,cdouble,sm_89,L,thin,8,64,vendor
gesvd,cdouble,sm_89,L,thin,8,65,vendor
gesvd,cdouble,sm_89,L,thin,8,128,vendor
gesvd,cdouble,sm_89,L,thin,8,256,vendor
gesvd,cdouble,sm_89,L,thin,8,512,vendor
gesvd,cdouble,sm_89,L,thin,8,1024,vendor
gesvd,cdouble,sm_89,L,thin,16,1,vendor
gesvd,cdouble,sm_89,L,thin,16,2,vendor
gesvd,cdouble,sm_89,L,thin,16,4,vendor
gesvd,cdouble,sm_89,L,thin,16,8,vendor
gesvd,cdouble,sm_89,L,thin,16,16,blocked|vendor
gesvd,cdouble,sm_89,L,thin,16,24,vendor
gesvd,cdouble,sm_89,L,thin,16,32,vendor
gesvd,cdouble,sm_89,L,thin,16,33,vendor
gesvd,cdouble,sm_89,L,thin,16,48,vendor
gesvd,cdouble,sm_89,L,thin,16,64,vendor
gesvd,cdouble,sm_89,L,thin,16,65,vendor
gesvd,cdouble,sm_89,L,thin,16,128,vendor
gesvd,cdouble,sm_89,L,thin,16,256,vendor
gesvd,cdouble,sm_89,L,thin,16,512,vendor
gesvd,cdouble,sm_89,L,thin,16,1024,vendor
gesvd,cdouble,sm_89,L,thin,24,1,vendor
gesvd,cdouble,sm_89,L,thin,24,2,vendor
gesvd,cdouble,sm_89,L,thin,24,4,vendor
gesvd,cdouble,sm_89,L,thin,24,8,vendor
gesvd,cdouble,sm_89,L,thin,24,16,vendor
gesvd,cdouble,sm_89,L,thin,24,24,blocked|vendor
gesvd,cdouble,sm_89,L,thin,24,32,vendor
gesvd,cdouble,sm_89,L,thin,24,33,vendor
gesvd,cdouble,sm_89,L,thin,24,48,vendor
gesvd,cdouble,sm_89,L,thin,24,64,vendor
gesvd,cdouble,sm_89,L,thin,24,65,vendor
gesvd,cdouble,sm_89,L,thin,24,128,vendor
gesvd,cdouble,sm_89,L,thin,24,256,vendor
gesvd,cdouble,sm_89,L,thin,24,512,vendor
gesvd,cdouble,sm_89,L,thin,24,1024,vendor
gesvd,cdouble,sm_89,L,thin,32,1,vendor
gesvd,cdouble,sm_89,L,thin,32,2,vendor
gesvd,cdouble,sm_89,L,thin,32,4,vendor
gesvd,cdouble,sm_89,L,thin,32,8,vendor
gesvd,cdouble,sm_89,L,thin,32,16,vendor
gesvd,cdouble,sm_89,L,thin,32,24,vendor
gesvd,cdouble,sm_89,L,thin,32,32,blocked|vendor
gesvd,cdouble,sm_89,L,thin,32,33,vendor
gesvd,cdouble,sm_89,L,thin,32,48,vendor
gesvd,cdouble,sm_89,L,thin,32,64,vendor
gesvd,cdouble,sm_89,L,thin,32,65,vendor
gesvd,cdouble,sm_89,L,thin,32,128,vendor
gesvd,cdouble,sm_89,L,thin,32,256,vendor
gesvd,cdouble,sm_89,L,thin,32,512,vendor
gesvd,cdouble,sm_89,L,thin,32,1024,vendor
gesvd,cdouble,sm_89,L,thin,33,1,vendor
gesvd,cdouble,sm_89,L,thin,33,2,vendor
gesvd,cdouble,sm_89,L,thin,33,4,vendor
gesvd,cdouble,sm_89,L,thin,33,8,vendor
gesvd,cdouble,sm_89,L,thin,33,16,vendor
gesvd,cdouble,sm_89,L,thin,33,24,vendor
gesvd,cdouble,sm_89,L,thin,33,32,vendor
gesvd,cdouble,sm_89,L,thin,33,33,blocked|vendor
gesvd,cdouble,sm_89,L,thin,33,48,vendor
gesvd,cdouble,sm_89,L,thin,33,64,vendor
gesvd,cdouble,sm_89,L,thin,33,65,vendor
gesvd,cdouble,sm_89,L,thin,33,128,vendor
gesvd,cdouble,sm_89,L,thin,33,256,vendor
gesvd,cdouble,sm_89,L,thin,33,512,vendor
gesvd,cdouble,sm_89,L,thin,33,1024,vendor
gesvd,cdouble,sm_89,L,thin,48,1,vendor
gesvd,cdouble,sm_89,L,thin,48,2,vendor
gesvd,cdouble,sm_89,L,thin,48,4,vendor
gesvd,cdouble,sm_89,L,thin,48,8,vendor
gesvd,cdouble,sm_89,L,thin,48,16,vendor
gesvd,cdouble,sm_89,L,thin,48,24,vendor
gesvd,cdouble,sm_89,L,thin,48,32,vendor
gesvd,cdouble,sm_89,L,thin,48,33,vendor
gesvd,cdouble,sm_89,L,thin,48,48,blocked|vendor
gesvd,cdouble,sm_89,L,thin,48,64,vendor
gesvd,cdouble,sm_89,L,thin,48,65,vendor
gesvd,cdouble,sm_89,L,thin,48,128,vendor
gesvd,cdouble,sm_89,L,thin,48,256,vendor
gesvd,cdouble,sm_89,L,thin,48,512,vendor
gesvd,cdouble,sm_89,L,thin,48,1024,vendor
gesvd,cdouble,sm_89,L,thin,64,1,vendor
gesvd,cdouble,sm_89,L,thin,64,2,vendor
gesvd,cdouble,sm_89,L,thin,64,4,vendor
gesvd,cdouble,sm_89,L,thin,64,8,vendor
gesvd,cdouble,sm_89,L,thin,64,16,vendor
gesvd,cdouble,sm_89,L,thin,64,24,vendor
gesvd,cdouble,sm_89,L,thin,64,32,vendor
gesvd,cdouble,sm_89,L,thin,64,33,vendor
gesvd,cdouble,sm_89,L,thin,64,48,vendor
gesvd,cdouble,sm_89,L,thin,64,64,blocked|vendor
gesvd,cdouble,sm_89,L,thin,64,65,vendor
gesvd,cdouble,sm_89,L,thin,64,128,vendor
gesvd,cdouble,sm_89,L,thin,64,256,vendor
gesvd,cdouble,sm_89,L,thin,64,512,vendor
gesvd,cdouble,sm_89,L,thin,64,1024,vendor
gesvd,cdouble,sm_89,L,thin,65,1,vendor
gesvd,cdouble,sm_89,L,thin,65,2,vendor
gesvd,cdouble,sm_89,L,thin,65,4,vendor
gesvd,cdouble,sm_89,L,thin,65,8,vendor
gesvd,cdouble,sm_89,L,thin,65,16,vendor
gesvd,cdouble,sm_89,L,thin,65,24,vendor
gesvd,cdouble,sm_89,L,thin,65,32,vendor
gesvd,cdouble,sm_89,L,thin,65,33,vendor
gesvd,cdouble,sm_89,L,thin,65,48,vendor
gesvd,cdouble,sm_89,L,thin,65,64,vendor
gesvd,cdouble,sm_89,L,thin,65,65,blocked|vendor
gesvd,cdouble,sm_89,L,thin,65,128,vendor
gesvd,cdouble,sm_89,L,thin,65,256,vendor
gesvd,cdouble,sm_89,L,thin,65,512,vendor
gesvd,cdouble,sm_89,L,thin,65,1024,vendor
gesvd,cdouble,sm_89,L,thin,128,1,vendor
gesvd,cdouble,sm_89,L,thin,128,2,vendor
gesvd,cdouble,sm_89,L,thin,128,4,vendor
gesvd,cdouble,sm_89,L,thin,128,8,vendor
gesvd,cdouble,sm_89,L,thin,128,16,vendor
gesvd,cdouble,sm_89,L,thin,128,24,vendor
gesvd,cdouble,sm_89,L,thin,128,32,vendor
gesvd,cdouble,sm_89,L,thin,128,33,vendor
gesvd,cdouble,sm_89,L,thin,128,48,vendor
gesvd,cdouble,sm_89,L,thin,128,64,vendor
gesvd,cdouble,sm_89,L,thin,128,65,vendor
gesvd,cdouble,sm_89,L,thin,128,128,blocked|vendor
gesvd,cdouble,sm_89,L,thin,128,256,vendor
gesvd,cdouble,sm_89,L,thin,128,512,vendor
gesvd,cdouble,sm_89,L,thin,128,1024,vendor
gesvd,cdouble,sm_89,L,thin,256,1,vendor
gesvd,cdouble,sm_89,L,thin,256,2,vendor
gesvd,cdouble,sm_89,L,thin,256,4,vendor
gesvd,cdouble,sm_89,L,thin,256,8,vendor
gesvd,cdouble,sm_89,L,thin,256,16,vendor
gesvd,cdouble,sm_89,L,thin,256,24,vendor
gesvd,cdouble,sm_89,L,thin,256,32,vendor
gesvd,cdouble,sm_89,L,thin,256,33,vendor
gesvd,cdouble,sm_89,L,thin,256,48,vendor
gesvd,cdouble,sm_89,L,thin,256,64,vendor
gesvd,cdouble,sm_89,L,thin,256,65,vendor
gesvd,cdouble,sm_89,L,thin,256,128,vendor
gesvd,cdouble,sm_89,L,thin,256,256,blocked|vendor
gesvd,cdouble,sm_89,L,thin,256,512,vendor
gesvd,cdouble,sm_89,L,thin,256,1024,vendor
gesvd,cdouble,sm_89,L,thin,512,1,vendor
gesvd,cdouble,sm_89,L,thin,512,2,vendor
gesvd,cdouble,sm_89,L,thin,512,4,vendor
gesvd,cdouble,sm_89,L,thin,512,8,vendor
gesvd,cdouble,sm_89,L,thin,512,16,vendor
gesvd,cdouble,sm_89,L,thin,512,24,vendor
gesvd,cdouble,sm_89,L,thin,512,32,vendor
gesvd,cdouble,sm_89,L,thin,512,33,vendor
gesvd,cdouble,sm_89,L,thin,512,48,vendor
gesvd,cdouble,sm_89,L,thin,512,64,vendor
gesvd,cdouble,sm_89,L,thin,512,65,vendor
gesvd,cdouble,sm_89,L,thin,512,128,vendor
gesvd,cdouble,sm_89,L,thin,512,256,vendor
gesvd,cdouble,sm_89,L,thin,512,512,blocked|vendor
gesvd,cdouble,sm_89,L,thin,512,1024,vendor
gesvd,cdouble,sm_89,L,thin,1024,1,vendor
gesvd,cdouble,sm_89,L,thin,1024,2,vendor
gesvd,cdouble,sm_89,L,thin,1024,4,vendor
gesvd,cdouble,sm_89,L,thin,1024,8,vendor
gesvd,cdouble,sm_89,L,thin,1024,16,vendor
gesvd,cdouble,sm_89,L,thin,1024,24,vendor
gesvd,cdouble,sm_89,L,thin,1024,32,vendor
gesvd,cdouble,sm_89,L,thin,1024,33,vendor
gesvd,cdouble,sm_89,L,thin,1024,48,vendor
gesvd,cdouble,sm_89,L,thin,1024,64,vendor
gesvd,cdouble,sm_89,L,thin,1024,65,vendor
gesvd,cdouble,sm_89,L,thin,1024,128,vendor
gesvd,cdouble,sm_89,L,thin,1024,256,vendor
gesvd,cdouble,sm_89,L,thin,1024,512,vendor
gesvd,cdouble,sm_89,L,thin,1024,1024,blocked|vendor
gesvd,cdouble,sm_89,U,none,1,1,cta|vendor
gesvd,cdouble,sm_89,U,none,1,2,vendor
gesvd,cdouble,sm_89,U,none,1,4,vendor
gesvd,cdouble,sm_89,U,none,1,8,vendor
gesvd,cdouble,sm_89,U,none,1,16,vendor
gesvd,cdouble,sm_89,U,none,1,24,vendor
gesvd,cdouble,sm_89,U,none,1,32,vendor
gesvd,cdouble,sm_89,U,none,1,33,vendor
gesvd,cdouble,sm_89,U,none,1,48,vendor
gesvd,cdouble,sm_89,U,none,1,64,vendor
gesvd,cdouble,sm_89,U,none,1,65,vendor
gesvd,cdouble,sm_89,U,none,1,128,vendor
gesvd,cdouble,sm_89,U,none,1,256,vendor
gesvd,cdouble,sm_89,U,none,1,512,vendor
gesvd,cdouble,sm_89,U,none,1,1024,vendor
gesvd,cdouble,sm_89,U,none,2,1,vendor
gesvd,cdouble,sm_89,U,none,2,2,cta|vendor
gesvd,cdouble,sm_89,U,none,2,4,vendor
gesvd,cdouble,sm_89,U,none,2,8,vendor
gesvd,cdouble,sm_89,U,none,2,16,vendor
gesvd,cdouble,sm_89,U,none,2,24,vendor
gesvd,cdouble,sm_89,U,none,2,32,vendor
gesvd,cdouble,sm_89,U,none,2,33,vendor
gesvd,cdouble,sm_89,U,none,2,48,vendor
gesvd,cdouble,sm_89,U,none,2,64,vendor
gesvd,cdouble,sm_89,U,none,2,65,vendor
gesvd,cdouble,sm_89,U,none,2,128,vendor
gesvd,cdouble,sm_89,U,none,2,256,vendor
gesvd,cdouble,sm_89,U,none,2,512,vendor
gesvd,cdouble,sm_89,U,none,2,1024,vendor
gesvd,cdouble,sm_89,U,none,4,1,vendor
gesvd,cdouble,sm_89,U,none,4,2,vendor
gesvd,cdouble,sm_89,U,none,4,4,cta|vendor
gesvd,cdouble,sm_89,U,none,4,8,vendor
gesvd,cdouble,sm_89,U,none,4,16,vendor
gesvd,cdouble,sm_89,U,none,4,24,vendor
gesvd,cdouble,sm_89,U,none,4,32,vendor
gesvd,cdouble,sm_89,U,none,4,33,vendor
gesvd,cdouble,sm_89,U,none,4,48,vendor
gesvd,cdouble,sm_89,U,none,4,64,vendor
gesvd,cdouble,sm_89,U,none,4,65,vendor
gesvd,cdouble,sm_89,U,none,4,128,vendor
gesvd,cdouble,sm_89,U,none,4,256,vendor
gesvd,cdouble,sm_89,U,none,4,512,vendor
gesvd,cdouble,sm_89,U,none,4,1024,vendor
gesvd,cdouble,sm_89,U,none,8,1,vendor
gesvd,cdouble,sm_89,U,none,8,2,vendor
gesvd,cdouble,sm_89,U,none,8,4,vendor
gesvd,cdouble,sm_89,U,none,8,8,cta|vendor
gesvd,cdouble,sm_89,U,none,8,16,vendor
gesvd,cdouble,sm_89,U,none,8,24,vendor
gesvd,cdouble,sm_89,U,none,8,32,vendor
gesvd,cdouble,sm_89,U,none,8,33,vendor
gesvd,cdouble,sm_89,U,none,8,48,vendor
gesvd,cdouble,sm_89,U,none,8,64,vendor
gesvd,cdouble,sm_89,U,none,8,65,vendor
gesvd,cdouble,sm_89,U,none,8,128,vendor
gesvd,cdouble,sm_89,U,none,8,256,vendor
gesvd,cdouble,sm_89,U,none,8,512,vendor
gesvd,cdouble,sm_89,U,none,8,1024,vendor
gesvd,cdouble,sm_89,U,none,16,1,vendor
gesvd,cdouble,sm_89,U,none,16,2,vendor
gesvd,cdouble,sm_89,U,none,16,4,vendor
gesvd,cdouble,sm_89,U,none,16,8,vendor
gesvd,cdouble,sm_89,U,none,16,16,cta|vendor
gesvd,cdouble,sm_89,U,none,16,24,vendor
gesvd,cdouble,sm_89,U,none,16,32,vendor
gesvd,cdouble,sm_89,U,none,16,33,vendor
gesvd,cdouble,sm_89,U,none,16,48,vendor
gesvd,cdouble,sm_89,U,none,16,64,vendor
gesvd,cdouble,sm_89,U,none,16,65,vendor
gesvd,cdouble,sm_89,U,none,16,128,vendor
gesvd,cdouble,sm_89,U,none,16,256,vendor
gesvd,cdouble,sm_89,U,none,16,512,vendor
gesvd,cdouble,sm_89,U,none,16,1024,vendor
gesvd,cdouble,sm_89,U,none,24,1,vendor
gesvd,cdouble,sm_89,U,none,24,2,vendor
gesvd,cdouble,sm_89,U,none,24,4,vendor
gesvd,cdouble,sm_89,U,none,24,8,vendor
gesvd,cdouble,sm_89,U,none,24,16,vendor
gesvd,cdouble,sm_89,U,none,24,24,cta|vendor
gesvd,cdouble,sm_89,U,none,24,32,vendor
gesvd,cdouble,sm_89,U,none,24,33,vendor
gesvd,cdouble,sm_89,U,none,24,48,vendor
gesvd,cdouble,sm_89,U,none,24,64,vendor
gesvd,cdouble,sm_89,U,none,24,65,vendor
gesvd,cdouble,sm_89,U,none,24,128,vendor
gesvd,cdouble,sm_89,U,none,24,256,vendor
gesvd,cdouble,sm_89,U,none,24,512,vendor
gesvd,cdouble,sm_89,U,none,24,1024,vendor
gesvd,cdouble,sm_89,U,none,32,1,vendor
gesvd,cdouble,sm_89,U,none,32,2,vendor
gesvd,cdouble,sm_89,U,none,32,4,vendor
gesvd,cdouble,sm_89,U,none,32,8,vendor
gesvd,cdouble,sm_89,U,none,32,16,vendor
gesvd,cdouble,sm_89,U,none,32,24,vendor
gesvd,cdouble,sm_89,U,none,32,32,cta|vendor
gesvd,cdouble,sm_89,U,none,32,33,vendor
gesvd,cdouble,sm_89,U,none,32,48,vendor
gesvd,cdouble,sm_89,U,none,32,64,vendor
gesvd,cdouble,sm_89,U,none,32,65,vendor
gesvd,cdouble,sm_89,U,none,32,128,vendor
gesvd,cdouble,sm_89,U,none,32,256,vendor
gesvd,cdouble,sm_89,U,none,32,512,vendor
gesvd,cdouble,sm_89,U,none,32,1024,vendor
gesvd,cdouble,sm_89,U,none,33,1,vendor
gesvd,cdouble,sm_89,U,none,33,2,vendor
gesvd,cdouble,sm_89,U,none,33,4,vendor
gesvd,cdouble,sm_89,U,none,33,8,vendor
gesvd,cdouble,sm_89,U,none,33,16,vendor
gesvd,cdouble,sm_89,U,none,33,24,vendor
gesvd,cdouble,sm_89,U,none,33,32,vendor
gesvd,cdouble,sm_89,U,none,33,33,vendor
gesvd,cdouble,sm_89,U,none,33,48,vendor
gesvd,cdouble,sm_89,U,none,33,64,vendor
gesvd,cdouble,sm_89,U,none,33,65,vendor
gesvd,cdouble,sm_89,U,none,33,128,vendor
gesvd,cdouble,sm_89,U,none,33,256,vendor
gesvd,cdouble,sm_89,U,none,33,512,vendor
gesvd,cdouble,sm_89,U,none,33,1024,vendor
gesvd,cdouble,sm_89,U,none,48,1,vendor
gesvd,cdouble,sm_89,U,none,48,2,vendor
gesvd,cdouble,sm_89,U,none,48,4,vendor
gesvd,cdouble,sm_89,U,none,48,8,vendor
gesvd,cdouble,sm_89,U,none,48,16,vendor
gesvd,cdouble,sm_89,U,none,48,24,vendor
gesvd,cdouble,sm_89,U,none,48,32,vendor
gesvd,cdouble,sm_89,U,none,48,33,vendor
gesvd,cdouble,sm_89,U,none,48,48,vendor
gesvd,cdouble,sm_89,U,none,48,64,vendor
gesvd,cdouble,sm_89,U,none,48,65,vendor
gesvd,cdouble,sm_89,U,none,48,128,vendor
gesvd,cdouble,sm_89,U,none,48,256,vendor
gesvd,cdouble,sm_89,U,none,48,512,vendor
gesvd,cdouble,sm_89,U,none,48,1024,vendor
gesvd,cdouble,sm_89,U,none,64,1,vendor
gesvd,cdouble,sm_89,U,none,64,2,vendor
gesvd,cdouble,sm_89,U,none,64,4,vendor
gesvd,cdouble,sm_89,U,none,64,8,vendor
gesvd,cdouble,sm_89,U,none,64,16,vendor
gesvd,cdouble,sm_89,U,none,64,24,vendor
gesvd,cdouble,sm_89,U,none,64,32,vendor
gesvd,cdouble,sm_89,U,none,64,33,vendor
gesvd,cdouble,sm_89,U,none,64,48,vendor
gesvd,cdouble,sm_89,U,none,64,64,vendor
gesvd,cdouble,sm_89,U,none,64,65,vendor
gesvd,cdouble,sm_89,U,none,64,128,vendor
gesvd,cdouble,sm_89,U,none,64,256,vendor
gesvd,cdouble,sm_89,U,none,64,512,vendor
gesvd,cdouble,sm_89,U,none,64,1024,vendor
gesvd,cdouble,sm_89,U,none,65,1,vendor
gesvd,cdouble,sm_89,U,none,65,2,vendor
gesvd,cdouble,sm_89,U,none,65,4,vendor
gesvd,cdouble,sm_89,U,none,65,8,vendor
gesvd,cdouble,sm_89,U,none,65,16,vendor
gesvd,cdouble,sm_89,U,none,65,24,vendor
gesvd,cdouble,sm_89,U,none,65,32,vendor
gesvd,cdouble,sm_89,U,none,65,33,vendor
gesvd,cdouble,sm_89,U,none,65,48,vendor
gesvd,cdouble,sm_89,U,none,65,64,vendor
gesvd,cdouble,sm_89,U,none,65,65,vendor
gesvd,cdouble,sm_89,U,none,65,128,vendor
gesvd,cdouble,sm_89,U,none,65,256,vendor
gesvd,cdouble,sm_89,U,none,65,512,vendor
gesvd,cdouble,sm_89,U,none,65,1024,vendor
gesvd,cdouble,sm_89,U,none,128,1,vendor
gesvd,cdouble,sm_89,U,none,128,2,vendor
gesvd,cdouble,sm_89,U,none,128,4,vendor
gesvd,cdouble,sm_89,U,none,128,8,vendor
gesvd,cdouble,sm_89,U,none,128,16,vendor
gesvd,cdouble,sm_89,U,none,128,24,vendor
gesvd,cdouble,sm_89,U,none,128,32,vendor
gesvd,cdouble,sm_89,U,none,128,33,vendor
gesvd,cdouble,sm_89,U,none,128,48,vendor
gesvd,cdouble,sm_89,U,none,128,64,vendor
gesvd,cdouble,sm_89,U,none,128,65,vendor
gesvd,cdouble,sm_89,U,none,128,128,vendor
gesvd,cdouble,sm_89,U,none,128,256,vendor
gesvd,cdouble,sm_89,U,none,128,512,vendor
gesvd,cdouble,sm_89,U,none,128,1024,vendor
gesvd,cdouble,sm_89,U,none,256,1,vendor
gesvd,cdouble,sm_89,U,none,256,2,vendor
gesvd,cdouble,sm_89,U,none,256,4,vendor
gesvd,cdouble,sm_89,U,none,256,8,vendor
gesvd,cdouble,sm_89,U,none,256,16,vendor
gesvd,cdouble,sm_89,U,none,256,24,vendor
gesvd,cdouble,sm_89,U,none,256,32,vendor
gesvd,cdouble,sm_89,U,none,256,33,vendor
gesvd,cdouble,sm_89,U,none,256,48,vendor
gesvd,cdouble,sm_89,U,none,256,64,vendor
gesvd,cdouble,sm_89,U,none,256,65,vendor
gesvd,cdouble,sm_89,U,none,256,128,vendor
gesvd,cdouble,sm_89,U,none,256,256,vendor
gesvd,cdouble,sm_89,U,none,256,512,vendor
gesvd,cdouble,sm_89,U,none,256,1024,vendor
gesvd,cdouble,sm_89,U,none,512,1,vendor
gesvd,cdouble,sm_89,U,none,512,2,vendor
gesvd,cdouble,sm_89,U,none,512,4,vendor
gesvd,cdouble,sm_89,U,none,512,8,vendor
gesvd,cdouble,sm_89,U,none,512,16,vendor
gesvd,cdouble,sm_89,U,none,512,24,vendor
gesvd,cdouble,sm_89,U,none,512,32,vendor
gesvd,cdouble,sm_89,U,none,512,33,vendor
gesvd,cdouble,sm_89,U,none,512,48,vendor
gesvd,cdouble,sm_89,U,none,512,64,vendor
gesvd,cdouble,sm_89,U,none,512,65,vendor
gesvd,cdouble,sm_89,U,none,512,128,vendor
gesvd,cdouble,sm_89,U,none,512,256,vendor
gesvd,cdouble,sm_89,U,none,512,512,vendor
gesvd,cdouble,sm_89,U,none,512,1024,vendor
gesvd,cdouble,sm_89,U,none,1024,1,vendor
gesvd,cdouble,sm_89,U,none,1024,2,vendor
gesvd,cdouble,sm_89,U,none,1024,4,vendor
gesvd,cdouble,sm_89,U,none,1024,8,vendor
gesvd,cdouble,sm_89,U,none,1024,16,vendor
gesvd,cdouble,sm_89,U,none,1024,24,vendor
gesvd,cdouble,sm_89,U,none,1024,32,vendor
gesvd,cdouble,sm_89,U,none,1024,33,vendor
gesvd,cdouble,sm_89,U,none,1024,48,vendor
gesvd,cdouble,sm_89,U,none,1024,64,vendor
gesvd,cdouble,sm_89,U,none,1024,65,vendor
gesvd,cdouble,sm_89,U,none,1024,128,vendor
gesvd,cdouble,sm_89,U,none,1024,256,vendor
gesvd,cdouble,sm_89,U,none,1024,512,vendor
gesvd,cdouble,sm_89,U,none,1024,1024,vendor
gesvd,cdouble,sm_89,U,all,1,1,cta|vendor
gesvd,cdouble,sm_89,U,all,1,2,vendor
gesvd,cdouble,sm_89,U,all,1,4,vendor
gesvd,cdouble,sm_89,U,all,1,8,vendor
gesvd,cdouble,sm_89,U,all,1,16,vendor
gesvd,cdouble,sm_89,U,all,1,24,vendor
gesvd,cdouble,sm_89,U,all,1,32,vendor
gesvd,cdouble,sm_89,U,all,1,33,vendor
gesvd,cdouble,sm_89,U,all,1,48,vendor
gesvd,cdouble,sm_89,U,all,1,64,vendor
gesvd,cdouble,sm_89,U,all,1,65,vendor
gesvd,cdouble,sm_89,U,all,1,128,vendor
gesvd,cdouble,sm_89,U,all,1,256,vendor
gesvd,cdouble,sm_89,U,all,1,512,vendor
gesvd,cdouble,sm_89,U,all,1,1024,vendor
gesvd,cdouble,sm_89,U,all,2,1,vendor
gesvd,cdouble,sm_89,U,all,2,2,cta|vendor
gesvd,cdouble,sm_89,U,all,2,4,vendor
gesvd,cdouble,sm_89,U,all,2,8,vendor
gesvd,cdouble,sm_89,U,all,2,16,vendor
gesvd,cdouble,sm_89,U,all,2,24,vendor
gesvd,cdouble,sm_89,U,all,2,32,vendor
gesvd,cdouble,sm_89,U,all,2,33,vendor
gesvd,cdouble,sm_89,U,all,2,48,vendor
gesvd,cdouble,sm_89,U,all,2,64,vendor
gesvd,cdouble,sm_89,U,all,2,65,vendor
gesvd,cdouble,sm_89,U,all,2,128,vendor
gesvd,cdouble,sm_89,U,all,2,256,vendor
gesvd,cdouble,sm_89,U,all,2,512,vendor
gesvd,cdouble,sm_89,U,all,2,1024,vendor
gesvd,cdouble,sm_89,U,all,4,1,vendor
gesvd,cdouble,sm_89,U,all,4,2,vendor
gesvd,cdouble,sm_89,U,all,4,4,cta|vendor
gesvd,cdouble,sm_89,U,all,4,8,vendor
gesvd,cdouble,sm_89,U,all,4,16,vendor
gesvd,cdouble,sm_89,U,all,4,24,vendor
gesvd,cdouble,sm_89,U,all,4,32,vendor
gesvd,cdouble,sm_89,U,all,4,33,vendor
gesvd,cdouble,sm_89,U,all,4,48,vendor
gesvd,cdouble,sm_89,U,all,4,64,vendor
gesvd,cdouble,sm_89,U,all,4,65,vendor
gesvd,cdouble,sm_89,U,all,4,128,vendor
gesvd,cdouble,sm_89,U,all,4,256,vendor
gesvd,cdouble,sm_89,U,all,4,512,vendor
gesvd,cdouble,sm_89,U,all,4,1024,vendor
gesvd,cdouble,sm_89,U,all,8,1,vendor
gesvd,cdouble,sm_89,U,all,8,2,vendor
gesvd,cdouble,sm_89,U,all,8,4,vendor
gesvd,cdouble,sm_89,U,all,8,8,cta|vendor
gesvd,cdouble,sm_89,U,all,8,16,vendor
gesvd,cdouble,sm_89,U,all,8,24,vendor
gesvd,cdouble,sm_89,U,all,8,32,vendor
gesvd,cdouble,sm_89,U,all,8,33,vendor
gesvd,cdouble,sm_89,U,all,8,48,vendor
gesvd,cdouble,sm_89,U,all,8,64,vendor
gesvd,cdouble,sm_89,U,all,8,65,vendor
gesvd,cdouble,sm_89,U,all,8,128,vendor
gesvd,cdouble,sm_89,U,all,8,256,vendor
gesvd,cdouble,sm_89,U,all,8,512,vendor
gesvd,cdouble,sm_89,U,all,8,1024,vendor
gesvd,cdouble,sm_89,U,all,16,1,vendor
gesvd,cdouble,sm_89,U,all,16,2,vendor
gesvd,cdouble,sm_89,U,all,16,4,vendor
gesvd,cdouble,sm_89,U,all,16,8,vendor
gesvd,cdouble,sm_89,U,all,16,16,cta|vendor
gesvd,cdouble,sm_89,U,all,16,24,vendor
gesvd,cdouble,sm_89,U,all,16,32,vendor
gesvd,cdouble,sm_89,U,all,16,33,vendor
gesvd,cdouble,sm_89,U,all,16,48,vendor
gesvd,cdouble,sm_89,U,all,16,64,vendor
gesvd,cdouble,sm_89,U,all,16,65,vendor
gesvd,cdouble,sm_89,U,all,16,128,vendor
gesvd,cdouble,sm_89,U,all,16,256,vendor
gesvd,cdouble,sm_89,U,all,16,512,vendor
gesvd,cdouble,sm_89,U,all,16,1024,vendor
gesvd,cdouble,sm_89,U,all,24,1,vendor
gesvd,cdouble,sm_89,U,all,24,2,vendor
gesvd,cdouble,sm_89,U,all,24,4,vendor
gesvd,cdouble,sm_89,U,all,24,8,vendor
gesvd,cdouble,sm_89,U,all,24,16,vendor
gesvd,cdouble,sm_89,U,all,24,24,cta|vendor
gesvd,cdouble,sm_89,U,all,24,32,vendor
gesvd,cdouble,sm_89,U,all,24,33,vendor
gesvd,cdouble,sm_89,U,all,24,48,vendor
gesvd,cdouble,sm_89,U,all,24,64,vendor
gesvd,cdouble,sm_89,U,all,24,65,vendor
gesvd,cdouble,sm_89,U,all,24,128,vendor
gesvd,cdouble,sm_89,U,all,24,256,vendor
gesvd,cdouble,sm_89,U,all,24,512,vendor
gesvd,cdouble,sm_89,U,all,24,1024,vendor
gesvd,cdouble,sm_89,U,all,32,1,vendor
gesvd,cdouble,sm_89,U,all,32,2,vendor
gesvd,cdouble,sm_89,U,all,32,4,vendor
gesvd,cdouble,sm_89,U,all,32,8,vendor
gesvd,cdouble,sm_89,U,all,32,16,vendor
gesvd,cdouble,sm_89,U,all,32,24,vendor
gesvd,cdouble,sm_89,U,all,32,32,cta|vendor
gesvd,cdouble,sm_89,U,all,32,33,vendor
gesvd,cdouble,sm_89,U,all,32,48,vendor
gesvd,cdouble,sm_89,U,all,32,64,vendor
gesvd,cdouble,sm_89,U,all,32,65,vendor
gesvd,cdouble,sm_89,U,all,32,128,vendor
gesvd,cdouble,sm_89,U,all,32,256,vendor
gesvd,cdouble,sm_89,U,all,32,512,vendor
gesvd,cdouble,sm_89,U,all,32,1024,vendor
gesvd,cdouble,sm_89,U,all,33,1,vendor
gesvd,cdouble,sm_89,U,all,33,2,vendor
gesvd,cdouble,sm_89,U,all,33,4,vendor
gesvd,cdouble,sm_89,U,all,33,8,vendor
gesvd,cdouble,sm_89,U,all,33,16,vendor
gesvd,cdouble,sm_89,U,all,33,24,vendor
gesvd,cdouble,sm_89,U,all,33,32,vendor
gesvd,cdouble,sm_89,U,all,33,33,vendor
gesvd,cdouble,sm_89,U,all,33,48,vendor
gesvd,cdouble,sm_89,U,all,33,64,vendor
gesvd,cdouble,sm_89,U,all,33,65,vendor
gesvd,cdouble,sm_89,U,all,33,128,vendor
gesvd,cdouble,sm_89,U,all,33,256,vendor
gesvd,cdouble,sm_89,U,all,33,512,vendor
gesvd,cdouble,sm_89,U,all,33,1024,vendor
gesvd,cdouble,sm_89,U,all,48,1,vendor
gesvd,cdouble,sm_89,U,all,48,2,vendor
gesvd,cdouble,sm_89,U,all,48,4,vendor
gesvd,cdouble,sm_89,U,all,48,8,vendor
gesvd,cdouble,sm_89,U,all,48,16,vendor
gesvd,cdouble,sm_89,U,all,48,24,vendor
gesvd,cdouble,sm_89,U,all,48,32,vendor
gesvd,cdouble,sm_89,U,all,48,33,vendor
gesvd,cdouble,sm_89,U,all,48,48,vendor
gesvd,cdouble,sm_89,U,all,48,64,vendor
gesvd,cdouble,sm_89,U,all,48,65,vendor
gesvd,cdouble,sm_89,U,all,48,128,vendor
gesvd,cdouble,sm_89,U,all,48,256,vendor
gesvd,cdouble,sm_89,U,all,48,512,vendor
gesvd,cdouble,sm_89,U,all,48,1024,vendor
gesvd,cdouble,sm_89,U,all,64,1,vendor
gesvd,cdouble,sm_89,U,all,64,2,vendor
gesvd,cdouble,sm_89,U,all,64,4,vendor
gesvd,cdouble,sm_89,U,all,64,8,vendor
gesvd,cdouble,sm_89,U,all,64,16,vendor
gesvd,cdouble,sm_89,U,all,64,24,vendor
gesvd,cdouble,sm_89,U,all,64,32,vendor
gesvd,cdouble,sm_89,U,all,64,33,vendor
gesvd,cdouble,sm_89,U,all,64,48,vendor
gesvd,cdouble,sm_89,U,all,64,64,vendor
gesvd,cdouble,sm_89,U,all,64,65,vendor
gesvd,cdouble,sm_89,U,all,64,128,vendor
gesvd,cdouble,sm_89,U,all,64,256,vendor
gesvd,cdouble,sm_89,U,all,64,512,vendor
gesvd,cdouble,sm_89,U,all,64,1024,vendor
gesvd,cdouble,sm_89,U,all,65,1,vendor
gesvd,cdouble,sm_89,U,all,65,2,vendor
gesvd,cdouble,sm_89,U,all,65,4,vendor
gesvd,cdouble,sm_89,U,all,65,8,vendor
gesvd,cdouble,sm_89,U,all,65,16,vendor
gesvd,cdouble,sm_89,U,all,65,24,vendor
gesvd,cdouble,sm_89,U,all,65,32,vendor
gesvd,cdouble,sm_89,U,all,65,33,vendor
gesvd,cdouble,sm_89,U,all,65,48,vendor
gesvd,cdouble,sm_89,U,all,65,64,vendor
gesvd,cdouble,sm_89,U,all,65,65,vendor
gesvd,cdouble,sm_89,U,all,65,128,vendor
gesvd,cdouble,sm_89,U,all,65,256,vendor
gesvd,cdouble,sm_89,U,all,65,512,vendor
gesvd,cdouble,sm_89,U,all,65,1024,vendor
gesvd,cdouble,sm_89,U,all,128,1,vendor
gesvd,cdouble,sm_89,U,all,128,2,vendor
gesvd,cdouble,sm_89,U,all,128,4,vendor
gesvd,cdouble,sm_89,U,all,128,8,vendor
gesvd,cdouble,sm_89,U,all,128,16,vendor
gesvd,cdouble,sm_89,U,all,128,24,vendor
gesvd,cdouble,sm_89,U,all,128,32,vendor
gesvd,cdouble,sm_89,U,all,128,33,vendor
gesvd,cdouble,sm_89,U,all,128,48,vendor
gesvd,cdouble,sm_89,U,all,128,64,vendor
gesvd,cdouble,sm_89,U,all,128,65,vendor
gesvd,cdouble,sm_89,U,all,128,128,vendor
gesvd,cdouble,sm_89,U,all,128,256,vendor
gesvd,cdouble,sm_89,U,all,128,512,vendor
gesvd,cdouble,sm_89,U,all,128,1024,vendor
gesvd,cdouble,sm_89,U,all,256,1,vendor
gesvd,cdouble,sm_89,U,all,256,2,vendor
gesvd,cdouble,sm_89,U,all,256,4,vendor
gesvd,cdouble,sm_89,U,all,256,8,vendor
gesvd,cdouble,sm_89,U,all,256,16,vendor
gesvd,cdouble,sm_89,U,all,256,24,vendor
gesvd,cdouble,sm_89,U,all,256,32,vendor
gesvd,cdouble,sm_89,U,all,256,33,vendor
gesvd,cdouble,sm_89,U,all,256,48,vendor
gesvd,cdouble,sm_89,U,all,256,64,vendor
gesvd,cdouble,sm_89,U,all,256,65,vendor
gesvd,cdouble,sm_89,U,all,256,128,vendor
gesvd,cdouble,sm_89,U,all,256,256,vendor
gesvd,cdouble,sm_89,U,all,256,512,vendor
gesvd,cdouble,sm_89,U,all,256,1024,vendor
gesvd,cdouble,sm_89,U,all,512,1,vendor
gesvd,cdouble,sm_89,U,all,512,2,vendor
gesvd,cdouble,sm_89,U,all,512,4,vendor
gesvd,cdouble,sm_89,U,all,512,8,vendor
gesvd,cdouble,sm_89,U,all,512,16,vendor
gesvd,cdouble,sm_89,U,all,512,24,vendor
gesvd,cdouble,sm_89,U,all,512,32,vendor
gesvd,cdouble,sm_89,U,all,512,33,vendor
gesvd,cdouble,sm_89,U,all,512,48,vendor
gesvd,cdouble,sm_89,U,all,512,64,vendor
gesvd,cdouble,sm_89,U,all,512,65,vendor
gesvd,cdouble,sm_89,U,all,512,128,vendor
gesvd,cdouble,sm_89,U,all,512,256,vendor
gesvd,cdouble,sm_89,U,all,512,512,vendor
gesvd,cdouble,sm_89,U,all,512,1024,vendor
gesvd,cdouble,sm_89,U,all,1024,1,vendor
gesvd,cdouble,sm_89,U,all,1024,2,vendor
gesvd,cdouble,sm_89,U,all,1024,4,vendor
gesvd,cdouble,sm_89,U,all,1024,8,vendor
gesvd,cdouble,sm_89,U,all,1024,16,vendor
gesvd,cdouble,sm_89,U,all,1024,24,vendor
gesvd,cdouble,sm_89,U,all,1024,32,vendor
gesvd,cdouble,sm_89,U,all,1024,33,vendor
gesvd,cdouble,sm_89,U,all,1024,48,vendor
gesvd,cdouble,sm_89,U,all,1024,64,vendor
gesvd,cdouble,sm_89,U,all,1024,65,vendor
gesvd,cdouble,sm_89,U,all,1024,128,vendor
gesvd,cdouble,sm_89,U,all,1024,256,vendor
gesvd,cdouble,sm_89,U,all,1024,512,vendor
gesvd,cdouble,sm_89,U,all,1024,1024,vendor
gesvd,cdouble,sm_89,U,thin,1,1,vendor
gesvd,cdouble,sm_89,U,thin,1,2,vendor
gesvd,cdouble,sm_89,U,thin,1,4,vendor
gesvd,cdouble,sm_89,U,thin,1,8,vendor
gesvd,cdouble,sm_89,U,thin,1,16,vendor
gesvd,cdouble,sm_89,U,thin,1,24,vendor
gesvd,cdouble,sm_89,U,thin,1,32,vendor
gesvd,cdouble,sm_89,U,thin,1,33,vendor
gesvd,cdouble,sm_89,U,thin,1,48,vendor
gesvd,cdouble,sm_89,U,thin,1,64,vendor
gesvd,cdouble,sm_89,U,thin,1,65,vendor
gesvd,cdouble,sm_89,U,thin,1,128,vendor
gesvd,cdouble,sm_89,U,thin,1,256,vendor
gesvd,cdouble,sm_89,U,thin,1,512,vendor
gesvd,cdouble,sm_89,U,thin,1,1024,vendor
gesvd,cdouble,sm_89,U,thin,2,1,vendor
gesvd,cdouble,sm_89,U,thin,2,2,vendor
gesvd,cdouble,sm_89,U,thin,2,4,vendor
gesvd,cdouble,sm_89,U,thin,2,8,vendor
gesvd,cdouble,sm_89,U,thin,2,16,vendor
gesvd,cdouble,sm_89,U,thin,2,24,vendor
gesvd,cdouble,sm_89,U,thin,2,32,vendor
gesvd,cdouble,sm_89,U,thin,2,33,vendor
gesvd,cdouble,sm_89,U,thin,2,48,vendor
gesvd,cdouble,sm_89,U,thin,2,64,vendor
gesvd,cdouble,sm_89,U,thin,2,65,vendor
gesvd,cdouble,sm_89,U,thin,2,128,vendor
gesvd,cdouble,sm_89,U,thin,2,256,vendor
gesvd,cdouble,sm_89,U,thin,2,512,vendor
gesvd,cdouble,sm_89,U,thin,2,1024,vendor
gesvd,cdouble,sm_89,U,thin,4,1,vendor
gesvd,cdouble,sm_89,U,thin,4,2,vendor
gesvd,cdouble,sm_89,U,thin,4,4,vendor
gesvd,cdouble,sm_89,U,thin,4,8,vendor
gesvd,cdouble,sm_89,U,thin,4,16,vendor
gesvd,cdouble,sm_89,U,thin,4,24,vendor
gesvd,cdouble,sm_89,U,thin,4,32,vendor
gesvd,cdouble,sm_89,U,thin,4,33,vendor
gesvd,cdouble,sm_89,U,thin,4,48,vendor
gesvd,cdouble,sm_89,U,thin,4,64,vendor
gesvd,cdouble,sm_89,U,thin,4,65,vendor
gesvd,cdouble,sm_89,U,thin,4,128,vendor
gesvd,cdouble,sm_89,U,thin,4,256,vendor
gesvd,cdouble,sm_89,U,thin,4,512,vendor
gesvd,cdouble,sm_89,U,thin,4,1024,vendor
gesvd,cdouble,sm_89,U,thin,8,1,vendor
gesvd,cdouble,sm_89,U,thin,8,2,vendor
gesvd,cdouble,sm_89,U,thin,8,4,vendor
gesvd,cdouble,sm_89,U,thin,8,8,vendor
gesvd,cdouble,sm_89,U,thin,8,16,vendor
gesvd,cdouble,sm_89,U,thin,8,24,vendor
gesvd,cdouble,sm_89,U,thin,8,32,vendor
gesvd,cdouble,sm_89,U,thin,8,33,vendor
gesvd,cdouble,sm_89,U,thin,8,48,vendor
gesvd,cdouble,sm_89,U,thin,8,64,vendor
gesvd,cdouble,sm_89,U,thin,8,65,vendor
gesvd,cdouble,sm_89,U,thin,8,128,vendor
gesvd,cdouble,sm_89,U,thin,8,256,vendor
gesvd,cdouble,sm_89,U,thin,8,512,vendor
gesvd,cdouble,sm_89,U,thin,8,1024,vendor
gesvd,cdouble,sm_89,U,thin,16,1,vendor
gesvd,cdouble,sm_89,U,thin,16,2,vendor
gesvd,cdouble,sm_89,U,thin,16,4,vendor
gesvd,cdouble,sm_89,U,thin,16,8,vendor
gesvd,cdouble,sm_89,U,thin,16,16,vendor
gesvd,cdouble,sm_89,U,thin,16,24,vendor
gesvd,cdouble,sm_89,U,thin,16,32,vendor
gesvd,cdouble,sm_89,U,thin,16,33,vendor
gesvd,cdouble,sm_89,U,thin,16,48,vendor
gesvd,cdouble,sm_89,U,thin,16,64,vendor
gesvd,cdouble,sm_89,U,thin,16,65,vendor
gesvd,cdouble,sm_89,U,thin,16,128,vendor
gesvd,cdouble,sm_89,U,thin,16,256,vendor
gesvd,cdouble,sm_89,U,thin,16,512,vendor
gesvd,cdouble,sm_89,U,thin,16,1024,vendor
gesvd,cdouble,sm_89,U,thin,24,1,vendor
gesvd,cdouble,sm_89,U,thin,24,2,vendor
gesvd,cdouble,sm_89,U,thin,24,4,vendor
gesvd,cdouble,sm_89,U,thin,24,8,vendor
gesvd,cdouble,sm_89,U,thin,24,16,vendor
gesvd,cdouble,sm_89,U,thin,24,24,vendor
gesvd,cdouble,sm_89,U,thin,24,32,vendor
gesvd,cdouble,sm_89,U,thin,24,33,vendor
gesvd,cdouble,sm_89,U,thin,24,48,vendor
gesvd,cdouble,sm_89,U,thin,24,64,vendor
gesvd,cdouble,sm_89,U,thin,24,65,vendor
gesvd,cdouble,sm_89,U,thin,24,128,vendor
gesvd,cdouble,sm_89,U,thin,24,256,vendor
gesvd,cdouble,sm_89,U,thin,24,512,vendor
gesvd,cdouble,sm_89,U,thin,24,1024,vendor
gesvd,cdouble,sm_89,U,thin,32,1,vendor
gesvd,cdouble,sm_89,U,thin,32,2,vendor
gesvd,cdouble,sm_89,U,thin,32,4,vendor
gesvd,cdouble,sm_89,U,thin,32,8,vendor
gesvd,cdouble,sm_89,U,thin,32,16,vendor
gesvd,cdouble,sm_89,U,thin,32,24,vendor
gesvd,cdouble,sm_89,U,thin,32,32,vendor
gesvd,cdouble,sm_89,U,thin,32,33,vendor
gesvd,cdouble,sm_89,U,thin,32,48,vendor
gesvd,cdouble,sm_89,U,thin,32,64,vendor
gesvd,cdouble,sm_89,U,thin,32,65,vendor
gesvd,cdouble,sm_89,U,thin,32,128,vendor
gesvd,cdouble,sm_89,U,thin,32,256,vendor
gesvd,cdouble,sm_89,U,thin,32,512,vendor
gesvd,cdouble,sm_89,U,thin,32,1024,vendor
gesvd,cdouble,sm_89,U,thin,33,1,vendor
gesvd,cdouble,sm_89,U,thin,33,2,vendor
gesvd,cdouble,sm_89,U,thin,33,4,vendor
gesvd,cdouble,sm_89,U,thin,33,8,vendor
gesvd,cdouble,sm_89,U,thin,33,16,vendor
gesvd,cdouble,sm_89,U,thin,33,24,vendor
gesvd,cdouble,sm_89,U,thin,33,32,vendor
gesvd,cdouble,sm_89,U,thin,33,33,vendor
gesvd,cdouble,sm_89,U,thin,33,48,vendor
gesvd,cdouble,sm_89,U,thin,33,64,vendor
gesvd,cdouble,sm_89,U,thin,33,65,vendor
gesvd,cdouble,sm_89,U,thin,33,128,vendor
gesvd,cdouble,sm_89,U,thin,33,256,vendor
gesvd,cdouble,sm_89,U,thin,33,512,vendor
gesvd,cdouble,sm_89,U,thin,33,1024,vendor
gesvd,cdouble,sm_89,U,thin,48,1,vendor
gesvd,cdouble,sm_89,U,thin,48,2,vendor
gesvd,cdouble,sm_89,U,thin,48,4,vendor
gesvd,cdouble,sm_89,U,thin,48,8,vendor
gesvd,cdouble,sm_89,U,thin,48,16,vendor
gesvd,cdouble,sm_89,U,thin,48,24,vendor
gesvd,cdouble,sm_89,U,thin,48,32,vendor
gesvd,cdouble,sm_89,U,thin,48,33,vendor
gesvd,cdouble,sm_89,U,thin,48,48,vendor
gesvd,cdouble,sm_89,U,thin,48,64,vendor
gesvd,cdouble,sm_89,U,thin,48,65,vendor
gesvd,cdouble,sm_89,U,thin,48,128,vendor
gesvd,cdouble,sm_89,U,thin,48,256,vendor
gesvd,cdouble,sm_89,U,thin,48,512,vendor
gesvd,cdouble,sm_89,U,thin,48,1024,vendor
gesvd,cdouble,sm_89,U,thin,64,1,vendor
gesvd,cdouble,sm_89,U,thin,64,2,vendor
gesvd,cdouble,sm_89,U,thin,64,4,vendor
gesvd,cdouble,sm_89,U,thin,64,8,vendor
gesvd,cdouble,sm_89,U,thin,64,16,vendor
gesvd,cdouble,sm_89,U,thin,64,24,vendor
gesvd,cdouble,sm_89,U,thin,64,32,vendor
gesvd,cdouble,sm_89,U,thin,64,33,vendor
gesvd,cdouble,sm_89,U,thin,64,48,vendor
gesvd,cdouble,sm_89,U,thin,64,64,vendor
gesvd,cdouble,sm_89,U,thin,64,65,vendor
gesvd,cdouble,sm_89,U,thin,64,128,vendor
gesvd,cdouble,sm_89,U,thin,64,256,vendor
gesvd,cdouble,sm_89,U,thin,64,512,vendor
gesvd,cdouble,sm_89,U,thin,64,1024,vendor
gesvd,cdouble,sm_89,U,thin,65,1,vendor
gesvd,cdouble,sm_89,U,thin,65,2,vendor
gesvd,cdouble,sm_89,U,thin,65,4,vendor
gesvd,cdouble,sm_89,U,thin,65,8,vendor
gesvd,cdouble,sm_89,U,thin,65,16,vendor
gesvd,cdouble,sm_89,U,thin,65,24,vendor
gesvd,cdouble,sm_89,U,thin,65,32,vendor
gesvd,cdouble,sm_89,U,thin,65,33,vendor
gesvd,cdouble,sm_89,U,thin,65,48,vendor
gesvd,cdouble,sm_89,U,thin,65,64,vendor
gesvd,cdouble,sm_89,U,thin,65,65,vendor
gesvd,cdouble,sm_89,U,thin,65,128,vendor
gesvd,cdouble,sm_89,U,thin,65,256,vendor
gesvd,cdouble,sm_89,U,thin,65,512,vendor
gesvd,cdouble,sm_89,U,thin,65,1024,vendor
gesvd,cdouble,sm_89,U,thin,128,1,vendor
gesvd,cdouble,sm_89,U,thin,128,2,vendor
gesvd,cdouble,sm_89,U,thin,128,4,vendor
gesvd,cdouble,sm_89,U,thin,128,8,vendor
gesvd,cdouble,sm_89,U,thin,128,16,vendor
gesvd,cdouble,sm_89,U,thin,128,24,vendor
gesvd,cdouble,sm_89,U,thin,128,32,vendor
gesvd,cdouble,sm_89,U,thin,128,33,vendor
gesvd,cdouble,sm_89,U,thin,128,48,vendor
gesvd,cdouble,sm_89,U,thin,128,64,vendor
gesvd,cdouble,sm_89,U,thin,128,65,vendor
gesvd,cdouble,sm_89,U,thin,128,128,vendor
gesvd,cdouble,sm_89,U,thin,128,256,vendor
gesvd,cdouble,sm_89,U,thin,128,512,vendor
gesvd,cdouble,sm_89,U,thin,128,1024,vendor
gesvd,cdouble,sm_89,U,thin,256,1,vendor
gesvd,cdouble,sm_89,U,thin,256,2,vendor
gesvd,cdouble,sm_89,U,thin,256,4,vendor
gesvd,cdouble,sm_89,U,thin,256,8,vendor
gesvd,cdouble,sm_89,U,thin,256,16,vendor
gesvd,cdouble,sm_89,U,thin,256,24,vendor
gesvd,cdouble,sm_89,U,thin,256,32,vendor
gesvd,cdouble,sm_89,U,thin,256,33,vendor
gesvd,cdouble,sm_89,U,thin,256,48,vendor
gesvd,cdouble,sm_89,U,thin,256,64,vendor
gesvd,cdouble,sm_89,U,thin,256,65,vendor
gesvd,cdouble,sm_89,U,thin,256,128,vendor
gesvd,cdouble,sm_89,U,thin,256,256,vendor
gesvd,cdouble,sm_89,U,thin,256,512,vendor
gesvd,cdouble,sm_89,U,thin,256,1024,vendor
gesvd,cdouble,sm_89,U,thin,512,1,vendor
gesvd,cdouble,sm_89,U,thin,512,2,vendor
gesvd,cdouble,sm_89,U,thin,512,4,vendor
gesvd,cdouble,sm_89,U,thin,512,8,vendor
gesvd,cdouble,sm_89,U,thin,512,16,vendor
gesvd,cdouble,sm_89,U,thin,512,24,vendor
gesvd,cdouble,sm_89,U,thin,512,32,vendor
gesvd,cdouble,sm_89,U,thin,512,33,vendor
gesvd,cdouble,sm_89,U,thin,512,48,vendor
gesvd,cdouble,sm_89,U,thin,512,64,vendor
gesvd,cdouble,sm_89,U,thin,512,65,vendor
gesvd,cdouble,sm_89,U,thin,512,128,vendor
gesvd,cdouble,sm_89,U,thin,512,256,vendor
gesvd,cdouble,sm_89,U,thin,512,512,vendor
gesvd,cdouble,sm_89,U,thin,512,1024,vendor
gesvd,cdouble,sm_89,U,thin,1024,1,vendor
gesvd,cdouble,sm_89,U,thin,1024,2,vendor
gesvd,cdouble,sm_89,U,thin,1024,4,vendor
gesvd,cdouble,sm_89,U,thin,1024,8,vendor
gesvd,cdouble,sm_89,U,thin,1024,16,vendor
gesvd,cdouble,sm_89,U,thin,1024,24,vendor
gesvd,cdouble,sm_89,U,thin,1024,32,vendor
gesvd,cdouble,sm_89,U,thin,1024,33,vendor
gesvd,cdouble,sm_89,U,thin,1024,48,vendor
gesvd,cdouble,sm_89,U,thin,1024,64,vendor
gesvd,cdouble,sm_89,U,thin,1024,65,vendor
gesvd,cdouble,sm_89,U,thin,1024,128,vendor
gesvd,cdouble,sm_89,U,thin,1024,256,vendor
gesvd,cdouble,sm_89,U,thin,1024,512,vendor
gesvd,cdouble,sm_89,U,thin,1024,1024,vendor
gesvd,float,sm_120,N,none,1,1,jacobi|cta|blocked|vendor
gesvd,float,sm_120,N,none,1,2,jacobi|cta|blocked|vendor
gesvd,float,sm_120,N,none,1,4,jacobi|cta|blocked|vendor
gesvd,float,sm_120,N,none,1,8,jacobi|cta|blocked|vendor
gesvd,float,sm_120,N,none,1,16,jacobi|cta|blocked|vendor
gesvd,float,sm_120,N,none,1,24,jacobi|cta|blocked|vendor
gesvd,float,sm_120,N,none,1,32,jacobi|cta|blocked|vendor
gesvd,float,sm_120,N,none,1,33,blocked|vendor|jacobi
gesvd,float,sm_120,N,none,1,48,blocked|vendor|jacobi
gesvd,float,sm_120,N,none,1,64,blocked|vendor|jacobi
gesvd,float,sm_120,N,none,1,65,blocked|vendor
gesvd,float,sm_120,N,none,1,128,blocked|vendor
gesvd,float,sm_120,N,none,1,256,blocked|vendor
gesvd,float,sm_120,N,none,1,512,blocked|vendor
gesvd,float,sm_120,N,none,1,1024,blocked|vendor
gesvd,float,sm_120,N,none,2,1,jacobi|cta|blocked|vendor
gesvd,float,sm_120,N,none,2,2,jacobi|cta|blocked|vendor
gesvd,float,sm_120,N,none,2,4,jacobi|cta|blocked|vendor
gesvd,float,sm_120,N,none,2,8,jacobi|cta|blocked|vendor
gesvd,float,sm_120,N,none,2,16,jacobi|cta|blocked|vendor
gesvd,float,sm_120,N,none,2,24,jacobi|cta|blocked|vendor
gesvd,float,sm_120,N,none,2,32,jacobi|cta|blocked|vendor
gesvd,float,sm_120,N,none,2,33,blocked|vendor|jacobi
gesvd,float,sm_120,N,none,2,48,blocked|vendor|jacobi
gesvd,float,sm_120,N,none,2,64,blocked|vendor|jacobi
gesvd,float,sm_120,N,none,2,65,blocked|vendor
gesvd,float,sm_120,N,none,2,128,blocked|vendor
gesvd,float,sm_120,N,none,2,256,blocked|vendor
gesvd,float,sm_120,N,none,2,512,blocked|vendor
gesvd,float,sm_120,N,none,2,1024,blocked|vendor
gesvd,float,sm_120,N,none,4,1,jacobi|cta|blocked|vendor
gesvd,float,sm_120,N,none,4,2,jacobi|cta|blocked|vendor
gesvd,float,sm_120,N,none,4,4,jacobi|cta|blocked|vendor
gesvd,float,sm_120,N,none,4,8,jacobi|cta|blocked|vendor
gesvd,float,sm_120,N,none,4,16,jacobi|cta|blocked|vendor
gesvd,float,sm_120,N,none,4,24,jacobi|cta|blocked|vendor
gesvd,float,sm_120,N,none,4,32,jacobi|cta|blocked|vendor
gesvd,float,sm_120,N,none,4,33,blocked|vendor|jacobi
gesvd,float,sm_120,N,none,4,48,blocked|vendor|jacobi
gesvd,float,sm_120,N,none,4,64,blocked|vendor|jacobi
gesvd,float,sm_120,N,none,4,65,blocked|vendor
gesvd,float,sm_120,N,none,4,128,blocked|vendor
gesvd,float,sm_120,N,none,4,256,blocked|vendor
gesvd,float,sm_120,N,none,4,512,blocked|vendor
gesvd,float,sm_120,N,none,4,1024,blocked|vendor
gesvd,float,sm_120,N,none,8,1,jacobi|cta|blocked|vendor
gesvd,float,sm_120,N,none,8,2,jacobi|cta|blocked|vendor
gesvd,float,sm_120,N,none,8,4,jacobi|cta|blocked|vendor
gesvd,float,sm_120,N,none,8,8,jacobi|cta|blocked|vendor
gesvd,float,sm_120,N,none,8,16,jacobi|cta|blocked|vendor
gesvd,float,sm_120,N,none,8,24,jacobi|cta|blocked|vendor
gesvd,float,sm_120,N,none,8,32,jacobi|cta|blocked|vendor
gesvd,float,sm_120,N,none,8,33,blocked|vendor|jacobi
gesvd,float,sm_120,N,none,8,48,blocked|vendor|jacobi
gesvd,float,sm_120,N,none,8,64,blocked|vendor|jacobi
gesvd,float,sm_120,N,none,8,65,blocked|vendor
gesvd,float,sm_120,N,none,8,128,blocked|vendor
gesvd,float,sm_120,N,none,8,256,blocked|vendor
gesvd,float,sm_120,N,none,8,512,blocked|vendor
gesvd,float,sm_120,N,none,8,1024,blocked|vendor
gesvd,float,sm_120,N,none,16,1,jacobi|cta|blocked|vendor
gesvd,float,sm_120,N,none,16,2,jacobi|cta|blocked|vendor
gesvd,float,sm_120,N,none,16,4,jacobi|cta|blocked|vendor
gesvd,float,sm_120,N,none,16,8,jacobi|cta|blocked|vendor
gesvd,float,sm_120,N,none,16,16,jacobi|cta|blocked|vendor
gesvd,float,sm_120,N,none,16,24,jacobi|cta|blocked|vendor
gesvd,float,sm_120,N,none,16,32,jacobi|cta|blocked|vendor
gesvd,float,sm_120,N,none,16,33,blocked|vendor|jacobi
gesvd,float,sm_120,N,none,16,48,blocked|vendor|jacobi
gesvd,float,sm_120,N,none,16,64,blocked|vendor|jacobi
gesvd,float,sm_120,N,none,16,65,blocked|vendor
gesvd,float,sm_120,N,none,16,128,blocked|vendor
gesvd,float,sm_120,N,none,16,256,blocked|vendor
gesvd,float,sm_120,N,none,16,512,blocked|vendor
gesvd,float,sm_120,N,none,16,1024,blocked|vendor
gesvd,float,sm_120,N,none,24,1,jacobi|cta|blocked|vendor
gesvd,float,sm_120,N,none,24,2,jacobi|cta|blocked|vendor
gesvd,float,sm_120,N,none,24,4,jacobi|cta|blocked|vendor
gesvd,float,sm_120,N,none,24,8,jacobi|cta|blocked|vendor
gesvd,float,sm_120,N,none,24,16,jacobi|cta|blocked|vendor
gesvd,float,sm_120,N,none,24,24,jacobi|cta|blocked|vendor
gesvd,float,sm_120,N,none,24,32,jacobi|cta|blocked|vendor
gesvd,float,sm_120,N,none,24,33,blocked|vendor|jacobi
gesvd,float,sm_120,N,none,24,48,blocked|vendor|jacobi
gesvd,float,sm_120,N,none,24,64,blocked|vendor|jacobi
gesvd,float,sm_120,N,none,24,65,blocked|vendor
gesvd,float,sm_120,N,none,24,128,blocked|vendor
gesvd,float,sm_120,N,none,24,256,blocked|vendor
gesvd,float,sm_120,N,none,24,512,blocked|vendor
gesvd,float,sm_120,N,none,24,1024,blocked|vendor
gesvd,float,sm_120,N,none,32,1,jacobi|cta|blocked|vendor
gesvd,float,sm_120,N,none,32,2,jacobi|cta|blocked|vendor
gesvd,float,sm_120,N,none,32,4,jacobi|cta|blocked|vendor
gesvd,float,sm_120,N,none,32,8,jacobi|cta|blocked|vendor
gesvd,float,sm_120,N,none,32,16,jacobi|cta|blocked|vendor
gesvd,float,sm_120,N,none,32,24,jacobi|cta|blocked|vendor
gesvd,float,sm_120,N,none,32,32,jacobi|cta|blocked|vendor
gesvd,float,sm_120,N,none,32,33,blocked|vendor|jacobi
gesvd,float,sm_120,N,none,32,48,blocked|vendor|jacobi
gesvd,float,sm_120,N,none,32,64,blocked|vendor|jacobi
gesvd,float,sm_120,N,none,32,65,blocked|vendor
gesvd,float,sm_120,N,none,32,128,blocked|vendor
gesvd,float,sm_120,N,none,32,256,blocked|vendor
gesvd,float,sm_120,N,none,32,512,blocked|vendor
gesvd,float,sm_120,N,none,32,1024,blocked|vendor
gesvd,float,sm_120,N,none,33,1,blocked|vendor|jacobi
gesvd,float,sm_120,N,none,33,2,blocked|vendor|jacobi
gesvd,float,sm_120,N,none,33,4,blocked|vendor|jacobi
gesvd,float,sm_120,N,none,33,8,blocked|vendor|jacobi
gesvd,float,sm_120,N,none,33,16,blocked|vendor|jacobi
gesvd,float,sm_120,N,none,33,24,blocked|vendor|jacobi
gesvd,float,sm_120,N,none,33,32,blocked|vendor|jacobi
gesvd,float,sm_120,N,none,33,33,blocked|vendor|jacobi
gesvd,float,sm_120,N,none,33,48,blocked|vendor|jacobi
gesvd,float,sm_120,N,none,33,64,blocked|vendor|jacobi
gesvd,float,sm_120,N,none,33,65,blocked|vendor
gesvd,float,sm_120,N,none,33,128,blocked|vendor
gesvd,float,sm_120,N,none,33,256,blocked|vendor
gesvd,float,sm_120,N,none,33,512,blocked|vendor
gesvd,float,sm_120,N,none,33,1024,blocked|vendor
gesvd,float,sm_120,N,none,48,1,blocked|vendor|jacobi
gesvd,float,sm_120,N,none,48,2,blocked|vendor|jacobi
gesvd,float,sm_120,N,none,48,4,blocked|vendor|jacobi
gesvd,float,sm_120,N,none,48,8,blocked|vendor|jacobi
gesvd,float,sm_120,N,none,48,16,blocked|vendor|jacobi
gesvd,float,sm_120,N,none,48,24,blocked|vendor|jacobi
gesvd,float,sm_120,N,none,48,32,blocked|vendor|jacobi
gesvd,float,sm_120,N,none,48,33,blocked|vendor|jacobi
gesvd,float,sm_120,N,none,48,48,blocked|vendor|jacobi
gesvd,float,sm_120,N,none,48,64,blocked|vendor|jacobi
gesvd,float,sm_120,N,none,48,65,blocked|vendor
gesvd,float,sm_120,N,none,48,128,blocked|vendor
gesvd,float,sm_120,N,none,48,256,blocked|vendor
gesvd,float,sm_120,N,none,48,512,blocked|vendor
gesvd,float,sm_120,N,none,48,1024,blocked|vendor
gesvd,float,sm_120,N,none,64,1,blocked|vendor|jacobi
gesvd,float,sm_120,N,none,64,2,blocked|vendor|jacobi
gesvd,float,sm_120,N,none,64,4,blocked|vendor|jacobi
gesvd,float,sm_120,N,none,64,8,blocked|vendor|jacobi
gesvd,float,sm_120,N,none,64,16,blocked|vendor|jacobi
gesvd,float,sm_120,N,none,64,24,blocked|vendor|jacobi
gesvd,float,sm_120,N,none,64,32,blocked|vendor|jacobi
gesvd,float,sm_120,N,none,64,33,blocked|vendor|jacobi
gesvd,float,sm_120,N,none,64,48,blocked|vendor|jacobi
gesvd,float,sm_120,N,none,64,64,blocked|vendor|jacobi
gesvd,float,sm_120,N,none,64,65,blocked|vendor
gesvd,float,sm_120,N,none,64,128,blocked|vendor
gesvd,float,sm_120,N,none,64,256,blocked|vendor
gesvd,float,sm_120,N,none,64,512,blocked|vendor
gesvd,float,sm_120,N,none,64,1024,blocked|vendor
gesvd,float,sm_120,N,none,65,1,blocked|vendor
gesvd,float,sm_120,N,none,65,2,blocked|vendor
gesvd,float,sm_120,N,none,65,4,blocked|vendor
gesvd,float,sm_120,N,none,65,8,blocked|vendor
gesvd,float,sm_120,N,none,65,16,blocked|vendor
gesvd,float,sm_120,N,none,65,24,blocked|vendor
gesvd,float,sm_120,N,none,65,32,blocked|vendor
gesvd,float,sm_120,N,none,65,33,blocked|vendor
gesvd,float,sm_120,N,none,65,48,blocked|vendor
gesvd,float,sm_120,N,none,65,64,blocked|vendor
gesvd,float,sm_120,N,none,65,65,blocked|vendor
gesvd,float,sm_120,N,none,65,128,blocked|vendor
gesvd,float,sm_120,N,none,65,256,blocked|vendor
gesvd,float,sm_120,N,none,65,512,blocked|vendor
gesvd,float,sm_120,N,none,65,1024,blocked|vendor
gesvd,float,sm_120,N,none,128,1,blocked|vendor
gesvd,float,sm_120,N,none,128,2,blocked|vendor
gesvd,float,sm_120,N,none,128,4,blocked|vendor
gesvd,float,sm_120,N,none,128,8,blocked|vendor
gesvd,float,sm_120,N,none,128,16,blocked|vendor
gesvd,float,sm_120,N,none,128,24,blocked|vendor
gesvd,float,sm_120,N,none,128,32,blocked|vendor
gesvd,float,sm_120,N,none,128,33,blocked|vendor
gesvd,float,sm_120,N,none,128,48,blocked|vendor
gesvd,float,sm_120,N,none,128,64,blocked|vendor
gesvd,float,sm_120,N,none,128,65,blocked|vendor
gesvd,float,sm_120,N,none,128,128,blocked|vendor
gesvd,float,sm_120,N,none,128,256,blocked|vendor
gesvd,float,sm_120,N,none,128,512,blocked|vendor
gesvd,float,sm_120,N,none,128,1024,blocked|vendor
gesvd,float,sm_120,N,none,256,1,blocked|vendor
gesvd,float,sm_120,N,none,256,2,blocked|vendor
gesvd,float,sm_120,N,none,256,4,blocked|vendor
gesvd,float,sm_120,N,none,256,8,blocked|vendor
gesvd,float,sm_120,N,none,256,16,blocked|vendor
gesvd,float,sm_120,N,none,256,24,blocked|vendor
gesvd,float,sm_120,N,none,256,32,blocked|vendor
gesvd,float,sm_120,N,none,256,33,blocked|vendor
gesvd,float,sm_120,N,none,256,48,blocked|vendor
gesvd,float,sm_120,N,none,256,64,blocked|vendor
gesvd,float,sm_120,N,none,256,65,blocked|vendor
gesvd,float,sm_120,N,none,256,128,blocked|vendor
gesvd,float,sm_120,N,none,256,256,blocked|vendor
gesvd,float,sm_120,N,none,256,512,blocked|vendor
gesvd,float,sm_120,N,none,256,1024,blocked|vendor
gesvd,float,sm_120,N,none,512,1,blocked|vendor
gesvd,float,sm_120,N,none,512,2,blocked|vendor
gesvd,float,sm_120,N,none,512,4,blocked|vendor
gesvd,float,sm_120,N,none,512,8,blocked|vendor
gesvd,float,sm_120,N,none,512,16,blocked|vendor
gesvd,float,sm_120,N,none,512,24,blocked|vendor
gesvd,float,sm_120,N,none,512,32,blocked|vendor
gesvd,float,sm_120,N,none,512,33,blocked|vendor
gesvd,float,sm_120,N,none,512,48,blocked|vendor
gesvd,float,sm_120,N,none,512,64,blocked|vendor
gesvd,float,sm_120,N,none,512,65,blocked|vendor
gesvd,float,sm_120,N,none,512,128,blocked|vendor
gesvd,float,sm_120,N,none,512,256,blocked|vendor
gesvd,float,sm_120,N,none,512,512,blocked|vendor
gesvd,float,sm_120,N,none,512,1024,blocked|vendor
gesvd,float,sm_120,N,none,1024,1,blocked|vendor
gesvd,float,sm_120,N,none,1024,2,blocked|vendor
gesvd,float,sm_120,N,none,1024,4,blocked|vendor
gesvd,float,sm_120,N,none,1024,8,blocked|vendor
gesvd,float,sm_120,N,none,1024,16,blocked|vendor
gesvd,float,sm_120,N,none,1024,24,blocked|vendor
gesvd,float,sm_120,N,none,1024,32,blocked|vendor
gesvd,float,sm_120,N,none,1024,33,blocked|vendor
gesvd,float,sm_120,N,none,1024,48,blocked|vendor
gesvd,float,sm_120,N,none,1024,64,blocked|vendor
gesvd,float,sm_120,N,none,1024,65,blocked|vendor
gesvd,float,sm_120,N,none,1024,128,blocked|vendor
gesvd,float,sm_120,N,none,1024,256,blocked|vendor
gesvd,float,sm_120,N,none,1024,512,blocked|vendor
gesvd,float,sm_120,N,none,1024,1024,blocked|vendor
gesvd,float,sm_120,N,all,1,1,jacobi|cta|blocked|vendor
gesvd,float,sm_120,N,all,1,2,jacobi|cta|blocked|vendor
gesvd,float,sm_120,N,all,1,4,jacobi|cta|blocked|vendor
gesvd,float,sm_120,N,all,1,8,jacobi|cta|blocked|vendor
gesvd,float,sm_120,N,all,1,16,jacobi|cta|blocked|vendor
gesvd,float,sm_120,N,all,1,24,jacobi|cta|blocked|vendor
gesvd,float,sm_120,N,all,1,32,jacobi|cta|blocked|vendor
gesvd,float,sm_120,N,all,1,33,blocked|vendor|jacobi
gesvd,float,sm_120,N,all,1,48,blocked|vendor|jacobi
gesvd,float,sm_120,N,all,1,64,blocked|vendor|jacobi
gesvd,float,sm_120,N,all,1,65,blocked|vendor
gesvd,float,sm_120,N,all,1,128,blocked|vendor
gesvd,float,sm_120,N,all,1,256,blocked|vendor
gesvd,float,sm_120,N,all,1,512,blocked|vendor
gesvd,float,sm_120,N,all,1,1024,blocked|vendor
gesvd,float,sm_120,N,all,2,1,jacobi|cta|blocked|vendor
gesvd,float,sm_120,N,all,2,2,jacobi|cta|blocked|vendor
gesvd,float,sm_120,N,all,2,4,jacobi|cta|blocked|vendor
gesvd,float,sm_120,N,all,2,8,jacobi|cta|blocked|vendor
gesvd,float,sm_120,N,all,2,16,jacobi|cta|blocked|vendor
gesvd,float,sm_120,N,all,2,24,jacobi|cta|blocked|vendor
gesvd,float,sm_120,N,all,2,32,jacobi|cta|blocked|vendor
gesvd,float,sm_120,N,all,2,33,blocked|vendor|jacobi
gesvd,float,sm_120,N,all,2,48,blocked|vendor|jacobi
gesvd,float,sm_120,N,all,2,64,blocked|vendor|jacobi
gesvd,float,sm_120,N,all,2,65,blocked|vendor
gesvd,float,sm_120,N,all,2,128,blocked|vendor
gesvd,float,sm_120,N,all,2,256,blocked|vendor
gesvd,float,sm_120,N,all,2,512,blocked|vendor
gesvd,float,sm_120,N,all,2,1024,blocked|vendor
gesvd,float,sm_120,N,all,4,1,jacobi|cta|blocked|vendor
gesvd,float,sm_120,N,all,4,2,jacobi|cta|blocked|vendor
gesvd,float,sm_120,N,all,4,4,jacobi|cta|blocked|vendor
gesvd,float,sm_120,N,all,4,8,jacobi|cta|blocked|vendor
gesvd,float,sm_120,N,all,4,16,jacobi|cta|blocked|vendor
gesvd,float,sm_120,N,all,4,24,jacobi|cta|blocked|vendor
gesvd,float,sm_120,N,all,4,32,jacobi|cta|blocked|vendor
gesvd,float,sm_120,N,all,4,33,blocked|vendor|jacobi
gesvd,float,sm_120,N,all,4,48,blocked|vendor|jacobi
gesvd,float,sm_120,N,all,4,64,blocked|vendor|jacobi
gesvd,float,sm_120,N,all,4,65,blocked|vendor
gesvd,float,sm_120,N,all,4,128,blocked|vendor
gesvd,float,sm_120,N,all,4,256,blocked|vendor
gesvd,float,sm_120,N,all,4,512,blocked|vendor
gesvd,float,sm_120,N,all,4,1024,blocked|vendor
gesvd,float,sm_120,N,all,8,1,jacobi|cta|blocked|vendor
gesvd,float,sm_120,N,all,8,2,jacobi|cta|blocked|vendor
gesvd,float,sm_120,N,all,8,4,jacobi|cta|blocked|vendor
gesvd,float,sm_120,N,all,8,8,jacobi|cta|blocked|vendor
gesvd,float,sm_120,N,all,8,16,jacobi|cta|blocked|vendor
gesvd,float,sm_120,N,all,8,24,jacobi|cta|blocked|vendor
gesvd,float,sm_120,N,all,8,32,jacobi|cta|blocked|vendor
gesvd,float,sm_120,N,all,8,33,blocked|vendor|jacobi
gesvd,float,sm_120,N,all,8,48,blocked|vendor|jacobi
gesvd,float,sm_120,N,all,8,64,blocked|vendor|jacobi
gesvd,float,sm_120,N,all,8,65,blocked|vendor
gesvd,float,sm_120,N,all,8,128,blocked|vendor
gesvd,float,sm_120,N,all,8,256,blocked|vendor
gesvd,float,sm_120,N,all,8,512,blocked|vendor
gesvd,float,sm_120,N,all,8,1024,blocked|vendor
gesvd,float,sm_120,N,all,16,1,jacobi|cta|blocked|vendor
gesvd,float,sm_120,N,all,16,2,jacobi|cta|blocked|vendor
gesvd,float,sm_120,N,all,16,4,jacobi|cta|blocked|vendor
gesvd,float,sm_120,N,all,16,8,jacobi|cta|blocked|vendor
gesvd,float,sm_120,N,all,16,16,jacobi|cta|blocked|vendor
gesvd,float,sm_120,N,all,16,24,jacobi|cta|blocked|vendor
gesvd,float,sm_120,N,all,16,32,jacobi|cta|blocked|vendor
gesvd,float,sm_120,N,all,16,33,blocked|vendor|jacobi
gesvd,float,sm_120,N,all,16,48,blocked|vendor|jacobi
gesvd,float,sm_120,N,all,16,64,blocked|vendor|jacobi
gesvd,float,sm_120,N,all,16,65,blocked|vendor
gesvd,float,sm_120,N,all,16,128,blocked|vendor
gesvd,float,sm_120,N,all,16,256,blocked|vendor
gesvd,float,sm_120,N,all,16,512,blocked|vendor
gesvd,float,sm_120,N,all,16,1024,blocked|vendor
gesvd,float,sm_120,N,all,24,1,jacobi|cta|blocked|vendor
gesvd,float,sm_120,N,all,24,2,jacobi|cta|blocked|vendor
gesvd,float,sm_120,N,all,24,4,jacobi|cta|blocked|vendor
gesvd,float,sm_120,N,all,24,8,jacobi|cta|blocked|vendor
gesvd,float,sm_120,N,all,24,16,jacobi|cta|blocked|vendor
gesvd,float,sm_120,N,all,24,24,jacobi|cta|blocked|vendor
gesvd,float,sm_120,N,all,24,32,jacobi|cta|blocked|vendor
gesvd,float,sm_120,N,all,24,33,blocked|vendor|jacobi
gesvd,float,sm_120,N,all,24,48,blocked|vendor|jacobi
gesvd,float,sm_120,N,all,24,64,blocked|vendor|jacobi
gesvd,float,sm_120,N,all,24,65,blocked|vendor
gesvd,float,sm_120,N,all,24,128,blocked|vendor
gesvd,float,sm_120,N,all,24,256,blocked|vendor
gesvd,float,sm_120,N,all,24,512,blocked|vendor
gesvd,float,sm_120,N,all,24,1024,blocked|vendor
gesvd,float,sm_120,N,all,32,1,jacobi|cta|blocked|vendor
gesvd,float,sm_120,N,all,32,2,jacobi|cta|blocked|vendor
gesvd,float,sm_120,N,all,32,4,jacobi|cta|blocked|vendor
gesvd,float,sm_120,N,all,32,8,jacobi|cta|blocked|vendor
gesvd,float,sm_120,N,all,32,16,jacobi|cta|blocked|vendor
gesvd,float,sm_120,N,all,32,24,jacobi|cta|blocked|vendor
gesvd,float,sm_120,N,all,32,32,jacobi|cta|blocked|vendor
gesvd,float,sm_120,N,all,32,33,blocked|vendor|jacobi
gesvd,float,sm_120,N,all,32,48,blocked|vendor|jacobi
gesvd,float,sm_120,N,all,32,64,blocked|vendor|jacobi
gesvd,float,sm_120,N,all,32,65,blocked|vendor
gesvd,float,sm_120,N,all,32,128,blocked|vendor
gesvd,float,sm_120,N,all,32,256,blocked|vendor
gesvd,float,sm_120,N,all,32,512,blocked|vendor
gesvd,float,sm_120,N,all,32,1024,blocked|vendor
gesvd,float,sm_120,N,all,33,1,blocked|vendor|jacobi
gesvd,float,sm_120,N,all,33,2,blocked|vendor|jacobi
gesvd,float,sm_120,N,all,33,4,blocked|vendor|jacobi
gesvd,float,sm_120,N,all,33,8,blocked|vendor|jacobi
gesvd,float,sm_120,N,all,33,16,blocked|vendor|jacobi
gesvd,float,sm_120,N,all,33,24,blocked|vendor|jacobi
gesvd,float,sm_120,N,all,33,32,blocked|vendor|jacobi
gesvd,float,sm_120,N,all,33,33,blocked|vendor|jacobi
gesvd,float,sm_120,N,all,33,48,blocked|vendor|jacobi
gesvd,float,sm_120,N,all,33,64,blocked|vendor|jacobi
gesvd,float,sm_120,N,all,33,65,blocked|vendor
gesvd,float,sm_120,N,all,33,128,blocked|vendor
gesvd,float,sm_120,N,all,33,256,blocked|vendor
gesvd,float,sm_120,N,all,33,512,blocked|vendor
gesvd,float,sm_120,N,all,33,1024,blocked|vendor
gesvd,float,sm_120,N,all,48,1,blocked|vendor|jacobi
gesvd,float,sm_120,N,all,48,2,blocked|vendor|jacobi
gesvd,float,sm_120,N,all,48,4,blocked|vendor|jacobi
gesvd,float,sm_120,N,all,48,8,blocked|vendor|jacobi
gesvd,float,sm_120,N,all,48,16,blocked|vendor|jacobi
gesvd,float,sm_120,N,all,48,24,blocked|vendor|jacobi
gesvd,float,sm_120,N,all,48,32,blocked|vendor|jacobi
gesvd,float,sm_120,N,all,48,33,blocked|vendor|jacobi
gesvd,float,sm_120,N,all,48,48,blocked|vendor|jacobi
gesvd,float,sm_120,N,all,48,64,blocked|vendor|jacobi
gesvd,float,sm_120,N,all,48,65,blocked|vendor
gesvd,float,sm_120,N,all,48,128,blocked|vendor
gesvd,float,sm_120,N,all,48,256,blocked|vendor
gesvd,float,sm_120,N,all,48,512,blocked|vendor
gesvd,float,sm_120,N,all,48,1024,blocked|vendor
gesvd,float,sm_120,N,all,64,1,blocked|vendor|jacobi
gesvd,float,sm_120,N,all,64,2,blocked|vendor|jacobi
gesvd,float,sm_120,N,all,64,4,blocked|vendor|jacobi
gesvd,float,sm_120,N,all,64,8,blocked|vendor|jacobi
gesvd,float,sm_120,N,all,64,16,blocked|vendor|jacobi
gesvd,float,sm_120,N,all,64,24,blocked|vendor|jacobi
gesvd,float,sm_120,N,all,64,32,blocked|vendor|jacobi
gesvd,float,sm_120,N,all,64,33,blocked|vendor|jacobi
gesvd,float,sm_120,N,all,64,48,blocked|vendor|jacobi
gesvd,float,sm_120,N,all,64,64,blocked|vendor|jacobi
gesvd,float,sm_120,N,all,64,65,blocked|vendor
gesvd,float,sm_120,N,all,64,128,blocked|vendor
gesvd,float,sm_120,N,all,64,256,blocked|vendor
gesvd,float,sm_120,N,all,64,512,blocked|vendor
gesvd,float,sm_120,N,all,64,1024,blocked|vendor
gesvd,float,sm_120,N,all,65,1,blocked|vendor
gesvd,float,sm_120,N,all,65,2,blocked|vendor
gesvd,float,sm_120,N,all,65,4,blocked|vendor
gesvd,float,sm_120,N,all,65,8,blocked|vendor
gesvd,float,sm_120,N,all,65,16,blocked|vendor
gesvd,float,sm_120,N,all,65,24,blocked|vendor
gesvd,float,sm_120,N,all,65,32,blocked|vendor
gesvd,float,sm_120,N,all,65,33,blocked|vendor
gesvd,float,sm_120,N,all,65,48,blocked|vendor
gesvd,float,sm_120,N,all,65,64,blocked|vendor
gesvd,float,sm_120,N,all,65,65,blocked|vendor
gesvd,float,sm_120,N,all,65,128,blocked|vendor
gesvd,float,sm_120,N,all,65,256,blocked|vendor
gesvd,float,sm_120,N,all,65,512,blocked|vendor
gesvd,float,sm_120,N,all,65,1024,blocked|vendor
gesvd,float,sm_120,N,all,128,1,blocked|vendor
gesvd,float,sm_120,N,all,128,2,blocked|vendor
gesvd,float,sm_120,N,all,128,4,blocked|vendor
gesvd,float,sm_120,N,all,128,8,blocked|vendor
gesvd,float,sm_120,N,all,128,16,blocked|vendor
gesvd,float,sm_120,N,all,128,24,blocked|vendor
gesvd,float,sm_120,N,all,128,32,blocked|vendor
gesvd,float,sm_120,N,all,128,33,blocked|vendor
gesvd,float,sm_120,N,all,128,48,blocked|vendor
gesvd,float,sm_120,N,all,128,64,blocked|vendor
gesvd,float,sm_120,N,all,128,65,blocked|vendor
gesvd,float,sm_120,N,all,128,128,blocked|vendor
gesvd,float,sm_120,N,all,128,256,blocked|vendor
gesvd,float,sm_120,N,all,128,512,blocked|vendor
gesvd,float,sm_120,N,all,128,1024,blocked|vendor
gesvd,float,sm_120,N,all,256,1,blocked|vendor
gesvd,float,sm_120,N,all,256,2,blocked|vendor
gesvd,float,sm_120,N,all,256,4,blocked|vendor
gesvd,float,sm_120,N,all,256,8,blocked|vendor
gesvd,float,sm_120,N,all,256,16,blocked|vendor
gesvd,float,sm_120,N,all,256,24,blocked|vendor
gesvd,float,sm_120,N,all,256,32,blocked|vendor
gesvd,float,sm_120,N,all,256,33,blocked|vendor
gesvd,float,sm_120,N,all,256,48,blocked|vendor
gesvd,float,sm_120,N,all,256,64,blocked|vendor
gesvd,float,sm_120,N,all,256,65,blocked|vendor
gesvd,float,sm_120,N,all,256,128,blocked|vendor
gesvd,float,sm_120,N,all,256,256,blocked|vendor
gesvd,float,sm_120,N,all,256,512,blocked|vendor
gesvd,float,sm_120,N,all,256,1024,blocked|vendor
gesvd,float,sm_120,N,all,512,1,blocked|vendor
gesvd,float,sm_120,N,all,512,2,blocked|vendor
gesvd,float,sm_120,N,all,512,4,blocked|vendor
gesvd,float,sm_120,N,all,512,8,blocked|vendor
gesvd,float,sm_120,N,all,512,16,blocked|vendor
gesvd,float,sm_120,N,all,512,24,blocked|vendor
gesvd,float,sm_120,N,all,512,32,blocked|vendor
gesvd,float,sm_120,N,all,512,33,blocked|vendor
gesvd,float,sm_120,N,all,512,48,blocked|vendor
gesvd,float,sm_120,N,all,512,64,blocked|vendor
gesvd,float,sm_120,N,all,512,65,blocked|vendor
gesvd,float,sm_120,N,all,512,128,blocked|vendor
gesvd,float,sm_120,N,all,512,256,blocked|vendor
gesvd,float,sm_120,N,all,512,512,blocked|vendor
gesvd,float,sm_120,N,all,512,1024,blocked|vendor
gesvd,float,sm_120,N,all,1024,1,blocked|vendor
gesvd,float,sm_120,N,all,1024,2,blocked|vendor
gesvd,float,sm_120,N,all,1024,4,blocked|vendor
gesvd,float,sm_120,N,all,1024,8,blocked|vendor
gesvd,float,sm_120,N,all,1024,16,blocked|vendor
gesvd,float,sm_120,N,all,1024,24,blocked|vendor
gesvd,float,sm_120,N,all,1024,32,blocked|vendor
gesvd,float,sm_120,N,all,1024,33,blocked|vendor
gesvd,float,sm_120,N,all,1024,48,blocked|vendor
gesvd,float,sm_120,N,all,1024,64,blocked|vendor
gesvd,float,sm_120,N,all,1024,65,blocked|vendor
gesvd,float,sm_120,N,all,1024,128,blocked|vendor
gesvd,float,sm_120,N,all,1024,256,blocked|vendor
gesvd,float,sm_120,N,all,1024,512,blocked|vendor
gesvd,float,sm_120,N,all,1024,1024,blocked|vendor
gesvd,float,sm_120,N,thin,1,1,jacobi|blocked|vendor
gesvd,float,sm_120,N,thin,1,2,jacobi|blocked|vendor
gesvd,float,sm_120,N,thin,1,4,jacobi|blocked|vendor
gesvd,float,sm_120,N,thin,1,8,jacobi|blocked|vendor
gesvd,float,sm_120,N,thin,1,16,jacobi|blocked|vendor
gesvd,float,sm_120,N,thin,1,24,jacobi|blocked|vendor
gesvd,float,sm_120,N,thin,1,32,jacobi|blocked|vendor
gesvd,float,sm_120,N,thin,1,33,blocked|vendor|jacobi
gesvd,float,sm_120,N,thin,1,48,blocked|vendor|jacobi
gesvd,float,sm_120,N,thin,1,64,blocked|vendor|jacobi
gesvd,float,sm_120,N,thin,1,65,blocked|vendor
gesvd,float,sm_120,N,thin,1,128,blocked|vendor
gesvd,float,sm_120,N,thin,1,256,blocked|vendor
gesvd,float,sm_120,N,thin,1,512,blocked|vendor
gesvd,float,sm_120,N,thin,1,1024,blocked|vendor
gesvd,float,sm_120,N,thin,2,1,jacobi|blocked|vendor
gesvd,float,sm_120,N,thin,2,2,jacobi|blocked|vendor
gesvd,float,sm_120,N,thin,2,4,jacobi|blocked|vendor
gesvd,float,sm_120,N,thin,2,8,jacobi|blocked|vendor
gesvd,float,sm_120,N,thin,2,16,jacobi|blocked|vendor
gesvd,float,sm_120,N,thin,2,24,jacobi|blocked|vendor
gesvd,float,sm_120,N,thin,2,32,jacobi|blocked|vendor
gesvd,float,sm_120,N,thin,2,33,blocked|vendor|jacobi
gesvd,float,sm_120,N,thin,2,48,blocked|vendor|jacobi
gesvd,float,sm_120,N,thin,2,64,blocked|vendor|jacobi
gesvd,float,sm_120,N,thin,2,65,blocked|vendor
gesvd,float,sm_120,N,thin,2,128,blocked|vendor
gesvd,float,sm_120,N,thin,2,256,blocked|vendor
gesvd,float,sm_120,N,thin,2,512,blocked|vendor
gesvd,float,sm_120,N,thin,2,1024,blocked|vendor
gesvd,float,sm_120,N,thin,4,1,jacobi|blocked|vendor
gesvd,float,sm_120,N,thin,4,2,jacobi|blocked|vendor
gesvd,float,sm_120,N,thin,4,4,jacobi|blocked|vendor
gesvd,float,sm_120,N,thin,4,8,jacobi|blocked|vendor
gesvd,float,sm_120,N,thin,4,16,jacobi|blocked|vendor
gesvd,float,sm_120,N,thin,4,24,jacobi|blocked|vendor
gesvd,float,sm_120,N,thin,4,32,jacobi|blocked|vendor
gesvd,float,sm_120,N,thin,4,33,blocked|vendor|jacobi
gesvd,float,sm_120,N,thin,4,48,blocked|vendor|jacobi
gesvd,float,sm_120,N,thin,4,64,blocked|vendor|jacobi
gesvd,float,sm_120,N,thin,4,65,blocked|vendor
gesvd,float,sm_120,N,thin,4,128,blocked|vendor
gesvd,float,sm_120,N,thin,4,256,blocked|vendor
gesvd,float,sm_120,N,thin,4,512,blocked|vendor
gesvd,float,sm_120,N,thin,4,1024,blocked|vendor
gesvd,float,sm_120,N,thin,8,1,jacobi|blocked|vendor
gesvd,float,sm_120,N,thin,8,2,jacobi|blocked|vendor
gesvd,float,sm_120,N,thin,8,4,jacobi|blocked|vendor
gesvd,float,sm_120,N,thin,8,8,jacobi|blocked|vendor
gesvd,float,sm_120,N,thin,8,16,jacobi|blocked|vendor
gesvd,float,sm_120,N,thin,8,24,jacobi|blocked|vendor
gesvd,float,sm_120,N,thin,8,32,jacobi|blocked|vendor
gesvd,float,sm_120,N,thin,8,33,blocked|vendor|jacobi
gesvd,float,sm_120,N,thin,8,48,blocked|vendor|jacobi
gesvd,float,sm_120,N,thin,8,64,blocked|vendor|jacobi
gesvd,float,sm_120,N,thin,8,65,blocked|vendor
gesvd,float,sm_120,N,thin,8,128,blocked|vendor
gesvd,float,sm_120,N,thin,8,256,blocked|vendor
gesvd,float,sm_120,N,thin,8,512,blocked|vendor
gesvd,float,sm_120,N,thin,8,1024,blocked|vendor
gesvd,float,sm_120,N,thin,16,1,jacobi|blocked|vendor
gesvd,float,sm_120,N,thin,16,2,jacobi|blocked|vendor
gesvd,float,sm_120,N,thin,16,4,jacobi|blocked|vendor
gesvd,float,sm_120,N,thin,16,8,jacobi|blocked|vendor
gesvd,float,sm_120,N,thin,16,16,jacobi|blocked|vendor
gesvd,float,sm_120,N,thin,16,24,jacobi|blocked|vendor
gesvd,float,sm_120,N,thin,16,32,jacobi|blocked|vendor
gesvd,float,sm_120,N,thin,16,33,blocked|vendor|jacobi
gesvd,float,sm_120,N,thin,16,48,blocked|vendor|jacobi
gesvd,float,sm_120,N,thin,16,64,blocked|vendor|jacobi
gesvd,float,sm_120,N,thin,16,65,blocked|vendor
gesvd,float,sm_120,N,thin,16,128,blocked|vendor
gesvd,float,sm_120,N,thin,16,256,blocked|vendor
gesvd,float,sm_120,N,thin,16,512,blocked|vendor
gesvd,float,sm_120,N,thin,16,1024,blocked|vendor
gesvd,float,sm_120,N,thin,24,1,jacobi|blocked|vendor
gesvd,float,sm_120,N,thin,24,2,jacobi|blocked|vendor
gesvd,float,sm_120,N,thin,24,4,jacobi|blocked|vendor
gesvd,float,sm_120,N,thin,24,8,jacobi|blocked|vendor
gesvd,float,sm_120,N,thin,24,16,jacobi|blocked|vendor
gesvd,float,sm_120,N,thin,24,24,jacobi|blocked|vendor
gesvd,float,sm_120,N,thin,24,32,jacobi|blocked|vendor
gesvd,float,sm_120,N,thin,24,33,blocked|vendor|jacobi
gesvd,float,sm_120,N,thin,24,48,blocked|vendor|jacobi
gesvd,float,sm_120,N,thin,24,64,blocked|vendor|jacobi
gesvd,float,sm_120,N,thin,24,65,blocked|vendor
gesvd,float,sm_120,N,thin,24,128,blocked|vendor
gesvd,float,sm_120,N,thin,24,256,blocked|vendor
gesvd,float,sm_120,N,thin,24,512,blocked|vendor
gesvd,float,sm_120,N,thin,24,1024,blocked|vendor
gesvd,float,sm_120,N,thin,32,1,jacobi|blocked|vendor
gesvd,float,sm_120,N,thin,32,2,jacobi|blocked|vendor
gesvd,float,sm_120,N,thin,32,4,jacobi|blocked|vendor
gesvd,float,sm_120,N,thin,32,8,jacobi|blocked|vendor
gesvd,float,sm_120,N,thin,32,16,jacobi|blocked|vendor
gesvd,float,sm_120,N,thin,32,24,jacobi|blocked|vendor
gesvd,float,sm_120,N,thin,32,32,jacobi|blocked|vendor
gesvd,float,sm_120,N,thin,32,33,blocked|vendor|jacobi
gesvd,float,sm_120,N,thin,32,48,blocked|vendor|jacobi
gesvd,float,sm_120,N,thin,32,64,blocked|vendor|jacobi
gesvd,float,sm_120,N,thin,32,65,blocked|vendor
gesvd,float,sm_120,N,thin,32,128,blocked|vendor
gesvd,float,sm_120,N,thin,32,256,blocked|vendor
gesvd,float,sm_120,N,thin,32,512,blocked|vendor
gesvd,float,sm_120,N,thin,32,1024,blocked|vendor
gesvd,float,sm_120,N,thin,33,1,blocked|vendor|jacobi
gesvd,float,sm_120,N,thin,33,2,blocked|vendor|jacobi
gesvd,float,sm_120,N,thin,33,4,blocked|vendor|jacobi
gesvd,float,sm_120,N,thin,33,8,blocked|vendor|jacobi
gesvd,float,sm_120,N,thin,33,16,blocked|vendor|jacobi
gesvd,float,sm_120,N,thin,33,24,blocked|vendor|jacobi
gesvd,float,sm_120,N,thin,33,32,blocked|vendor|jacobi
gesvd,float,sm_120,N,thin,33,33,blocked|vendor|jacobi
gesvd,float,sm_120,N,thin,33,48,blocked|vendor|jacobi
gesvd,float,sm_120,N,thin,33,64,blocked|vendor|jacobi
gesvd,float,sm_120,N,thin,33,65,blocked|vendor
gesvd,float,sm_120,N,thin,33,128,blocked|vendor
gesvd,float,sm_120,N,thin,33,256,blocked|vendor
gesvd,float,sm_120,N,thin,33,512,blocked|vendor
gesvd,float,sm_120,N,thin,33,1024,blocked|vendor
gesvd,float,sm_120,N,thin,48,1,blocked|vendor|jacobi
gesvd,float,sm_120,N,thin,48,2,blocked|vendor|jacobi
gesvd,float,sm_120,N,thin,48,4,blocked|vendor|jacobi
gesvd,float,sm_120,N,thin,48,8,blocked|vendor|jacobi
gesvd,float,sm_120,N,thin,48,16,blocked|vendor|jacobi
gesvd,float,sm_120,N,thin,48,24,blocked|vendor|jacobi
gesvd,float,sm_120,N,thin,48,32,blocked|vendor|jacobi
gesvd,float,sm_120,N,thin,48,33,blocked|vendor|jacobi
gesvd,float,sm_120,N,thin,48,48,blocked|vendor|jacobi
gesvd,float,sm_120,N,thin,48,64,blocked|vendor|jacobi
gesvd,float,sm_120,N,thin,48,65,blocked|vendor
gesvd,float,sm_120,N,thin,48,128,blocked|vendor
gesvd,float,sm_120,N,thin,48,256,blocked|vendor
gesvd,float,sm_120,N,thin,48,512,blocked|vendor
gesvd,float,sm_120,N,thin,48,1024,blocked|vendor
gesvd,float,sm_120,N,thin,64,1,blocked|vendor|jacobi
gesvd,float,sm_120,N,thin,64,2,blocked|vendor|jacobi
gesvd,float,sm_120,N,thin,64,4,blocked|vendor|jacobi
gesvd,float,sm_120,N,thin,64,8,blocked|vendor|jacobi
gesvd,float,sm_120,N,thin,64,16,blocked|vendor|jacobi
gesvd,float,sm_120,N,thin,64,24,blocked|vendor|jacobi
gesvd,float,sm_120,N,thin,64,32,blocked|vendor|jacobi
gesvd,float,sm_120,N,thin,64,33,blocked|vendor|jacobi
gesvd,float,sm_120,N,thin,64,48,blocked|vendor|jacobi
gesvd,float,sm_120,N,thin,64,64,blocked|vendor|jacobi
gesvd,float,sm_120,N,thin,64,65,blocked|vendor
gesvd,float,sm_120,N,thin,64,128,blocked|vendor
gesvd,float,sm_120,N,thin,64,256,blocked|vendor
gesvd,float,sm_120,N,thin,64,512,blocked|vendor
gesvd,float,sm_120,N,thin,64,1024,blocked|vendor
gesvd,float,sm_120,N,thin,65,1,blocked|vendor
gesvd,float,sm_120,N,thin,65,2,blocked|vendor
gesvd,float,sm_120,N,thin,65,4,blocked|vendor
gesvd,float,sm_120,N,thin,65,8,blocked|vendor
gesvd,float,sm_120,N,thin,65,16,blocked|vendor
gesvd,float,sm_120,N,thin,65,24,blocked|vendor
gesvd,float,sm_120,N,thin,65,32,blocked|vendor
gesvd,float,sm_120,N,thin,65,33,blocked|vendor
gesvd,float,sm_120,N,thin,65,48,blocked|vendor
gesvd,float,sm_120,N,thin,65,64,blocked|vendor
gesvd,float,sm_120,N,thin,65,65,blocked|vendor
gesvd,float,sm_120,N,thin,65,128,blocked|vendor
gesvd,float,sm_120,N,thin,65,256,blocked|vendor
gesvd,float,sm_120,N,thin,65,512,blocked|vendor
gesvd,float,sm_120,N,thin,65,1024,blocked|vendor
gesvd,float,sm_120,N,thin,128,1,blocked|vendor
gesvd,float,sm_120,N,thin,128,2,blocked|vendor
gesvd,float,sm_120,N,thin,128,4,blocked|vendor
gesvd,float,sm_120,N,thin,128,8,blocked|vendor
gesvd,float,sm_120,N,thin,128,16,blocked|vendor
gesvd,float,sm_120,N,thin,128,24,blocked|vendor
gesvd,float,sm_120,N,thin,128,32,blocked|vendor
gesvd,float,sm_120,N,thin,128,33,blocked|vendor
gesvd,float,sm_120,N,thin,128,48,blocked|vendor
gesvd,float,sm_120,N,thin,128,64,blocked|vendor
gesvd,float,sm_120,N,thin,128,65,blocked|vendor
gesvd,float,sm_120,N,thin,128,128,blocked|vendor
gesvd,float,sm_120,N,thin,128,256,blocked|vendor
gesvd,float,sm_120,N,thin,128,512,blocked|vendor
gesvd,float,sm_120,N,thin,128,1024,blocked|vendor
gesvd,float,sm_120,N,thin,256,1,blocked|vendor
gesvd,float,sm_120,N,thin,256,2,blocked|vendor
gesvd,float,sm_120,N,thin,256,4,blocked|vendor
gesvd,float,sm_120,N,thin,256,8,blocked|vendor
gesvd,float,sm_120,N,thin,256,16,blocked|vendor
gesvd,float,sm_120,N,thin,256,24,blocked|vendor
gesvd,float,sm_120,N,thin,256,32,blocked|vendor
gesvd,float,sm_120,N,thin,256,33,blocked|vendor
gesvd,float,sm_120,N,thin,256,48,blocked|vendor
gesvd,float,sm_120,N,thin,256,64,blocked|vendor
gesvd,float,sm_120,N,thin,256,65,blocked|vendor
gesvd,float,sm_120,N,thin,256,128,blocked|vendor
gesvd,float,sm_120,N,thin,256,256,blocked|vendor
gesvd,float,sm_120,N,thin,256,512,blocked|vendor
gesvd,float,sm_120,N,thin,256,1024,blocked|vendor
gesvd,float,sm_120,N,thin,512,1,blocked|vendor
gesvd,float,sm_120,N,thin,512,2,blocked|vendor
gesvd,float,sm_120,N,thin,512,4,blocked|vendor
gesvd,float,sm_120,N,thin,512,8,blocked|vendor
gesvd,float,sm_120,N,thin,512,16,blocked|vendor
gesvd,float,sm_120,N,thin,512,24,blocked|vendor
gesvd,float,sm_120,N,thin,512,32,blocked|vendor
gesvd,float,sm_120,N,thin,512,33,blocked|vendor
gesvd,float,sm_120,N,thin,512,48,blocked|vendor
gesvd,float,sm_120,N,thin,512,64,blocked|vendor
gesvd,float,sm_120,N,thin,512,65,blocked|vendor
gesvd,float,sm_120,N,thin,512,128,blocked|vendor
gesvd,float,sm_120,N,thin,512,256,blocked|vendor
gesvd,float,sm_120,N,thin,512,512,blocked|vendor
gesvd,float,sm_120,N,thin,512,1024,blocked|vendor
gesvd,float,sm_120,N,thin,1024,1,blocked|vendor
gesvd,float,sm_120,N,thin,1024,2,blocked|vendor
gesvd,float,sm_120,N,thin,1024,4,blocked|vendor
gesvd,float,sm_120,N,thin,1024,8,blocked|vendor
gesvd,float,sm_120,N,thin,1024,16,blocked|vendor
gesvd,float,sm_120,N,thin,1024,24,blocked|vendor
gesvd,float,sm_120,N,thin,1024,32,blocked|vendor
gesvd,float,sm_120,N,thin,1024,33,blocked|vendor
gesvd,float,sm_120,N,thin,1024,48,blocked|vendor
gesvd,float,sm_120,N,thin,1024,64,blocked|vendor
gesvd,float,sm_120,N,thin,1024,65,blocked|vendor
gesvd,float,sm_120,N,thin,1024,128,blocked|vendor
gesvd,float,sm_120,N,thin,1024,256,blocked|vendor
gesvd,float,sm_120,N,thin,1024,512,blocked|vendor
gesvd,float,sm_120,N,thin,1024,1024,blocked|vendor
gesvd,float,sm_120,L,none,1,1,cta|blocked|vendor
gesvd,float,sm_120,L,none,1,2,vendor
gesvd,float,sm_120,L,none,1,4,vendor
gesvd,float,sm_120,L,none,1,8,vendor
gesvd,float,sm_120,L,none,1,16,vendor
gesvd,float,sm_120,L,none,1,24,vendor
gesvd,float,sm_120,L,none,1,32,vendor
gesvd,float,sm_120,L,none,1,33,vendor
gesvd,float,sm_120,L,none,1,48,vendor
gesvd,float,sm_120,L,none,1,64,vendor
gesvd,float,sm_120,L,none,1,65,vendor
gesvd,float,sm_120,L,none,1,128,vendor
gesvd,float,sm_120,L,none,1,256,vendor
gesvd,float,sm_120,L,none,1,512,vendor
gesvd,float,sm_120,L,none,1,1024,vendor
gesvd,float,sm_120,L,none,2,1,vendor
gesvd,float,sm_120,L,none,2,2,cta|blocked|vendor
gesvd,float,sm_120,L,none,2,4,vendor
gesvd,float,sm_120,L,none,2,8,vendor
gesvd,float,sm_120,L,none,2,16,vendor
gesvd,float,sm_120,L,none,2,24,vendor
gesvd,float,sm_120,L,none,2,32,vendor
gesvd,float,sm_120,L,none,2,33,vendor
gesvd,float,sm_120,L,none,2,48,vendor
gesvd,float,sm_120,L,none,2,64,vendor
gesvd,float,sm_120,L,none,2,65,vendor
gesvd,float,sm_120,L,none,2,128,vendor
gesvd,float,sm_120,L,none,2,256,vendor
gesvd,float,sm_120,L,none,2,512,vendor
gesvd,float,sm_120,L,none,2,1024,vendor
gesvd,float,sm_120,L,none,4,1,vendor
gesvd,float,sm_120,L,none,4,2,vendor
gesvd,float,sm_120,L,none,4,4,cta|blocked|vendor
gesvd,float,sm_120,L,none,4,8,vendor
gesvd,float,sm_120,L,none,4,16,vendor
gesvd,float,sm_120,L,none,4,24,vendor
gesvd,float,sm_120,L,none,4,32,vendor
gesvd,float,sm_120,L,none,4,33,vendor
gesvd,float,sm_120,L,none,4,48,vendor
gesvd,float,sm_120,L,none,4,64,vendor
gesvd,float,sm_120,L,none,4,65,vendor
gesvd,float,sm_120,L,none,4,128,vendor
gesvd,float,sm_120,L,none,4,256,vendor
gesvd,float,sm_120,L,none,4,512,vendor
gesvd,float,sm_120,L,none,4,1024,vendor
gesvd,float,sm_120,L,none,8,1,vendor
gesvd,float,sm_120,L,none,8,2,vendor
gesvd,float,sm_120,L,none,8,4,vendor
gesvd,float,sm_120,L,none,8,8,cta|blocked|vendor
gesvd,float,sm_120,L,none,8,16,vendor
gesvd,float,sm_120,L,none,8,24,vendor
gesvd,float,sm_120,L,none,8,32,vendor
gesvd,float,sm_120,L,none,8,33,vendor
gesvd,float,sm_120,L,none,8,48,vendor
gesvd,float,sm_120,L,none,8,64,vendor
gesvd,float,sm_120,L,none,8,65,vendor
gesvd,float,sm_120,L,none,8,128,vendor
gesvd,float,sm_120,L,none,8,256,vendor
gesvd,float,sm_120,L,none,8,512,vendor
gesvd,float,sm_120,L,none,8,1024,vendor
gesvd,float,sm_120,L,none,16,1,vendor
gesvd,float,sm_120,L,none,16,2,vendor
gesvd,float,sm_120,L,none,16,4,vendor
gesvd,float,sm_120,L,none,16,8,vendor
gesvd,float,sm_120,L,none,16,16,cta|blocked|vendor
gesvd,float,sm_120,L,none,16,24,vendor
gesvd,float,sm_120,L,none,16,32,vendor
gesvd,float,sm_120,L,none,16,33,vendor
gesvd,float,sm_120,L,none,16,48,vendor
gesvd,float,sm_120,L,none,16,64,vendor
gesvd,float,sm_120,L,none,16,65,vendor
gesvd,float,sm_120,L,none,16,128,vendor
gesvd,float,sm_120,L,none,16,256,vendor
gesvd,float,sm_120,L,none,16,512,vendor
gesvd,float,sm_120,L,none,16,1024,vendor
gesvd,float,sm_120,L,none,24,1,vendor
gesvd,float,sm_120,L,none,24,2,vendor
gesvd,float,sm_120,L,none,24,4,vendor
gesvd,float,sm_120,L,none,24,8,vendor
gesvd,float,sm_120,L,none,24,16,vendor
gesvd,float,sm_120,L,none,24,24,cta|blocked|vendor
gesvd,float,sm_120,L,none,24,32,vendor
gesvd,float,sm_120,L,none,24,33,vendor
gesvd,float,sm_120,L,none,24,48,vendor
gesvd,float,sm_120,L,none,24,64,vendor
gesvd,float,sm_120,L,none,24,65,vendor
gesvd,float,sm_120,L,none,24,128,vendor
gesvd,float,sm_120,L,none,24,256,vendor
gesvd,float,sm_120,L,none,24,512,vendor
gesvd,float,sm_120,L,none,24,1024,vendor
gesvd,float,sm_120,L,none,32,1,vendor
gesvd,float,sm_120,L,none,32,2,vendor
gesvd,float,sm_120,L,none,32,4,vendor
gesvd,float,sm_120,L,none,32,8,vendor
gesvd,float,sm_120,L,none,32,16,vendor
gesvd,float,sm_120,L,none,32,24,vendor
gesvd,float,sm_120,L,none,32,32,cta|blocked|vendor
gesvd,float,sm_120,L,none,32,33,vendor
gesvd,float,sm_120,L,none,32,48,vendor
gesvd,float,sm_120,L,none,32,64,vendor
gesvd,float,sm_120,L,none,32,65,vendor
gesvd,float,sm_120,L,none,32,128,vendor
gesvd,float,sm_120,L,none,32,256,vendor
gesvd,float,sm_120,L,none,32,512,vendor
gesvd,float,sm_120,L,none,32,1024,vendor
gesvd,float,sm_120,L,none,33,1,vendor
gesvd,float,sm_120,L,none,33,2,vendor
gesvd,float,sm_120,L,none,33,4,vendor
gesvd,float,sm_120,L,none,33,8,vendor
gesvd,float,sm_120,L,none,33,16,vendor
gesvd,float,sm_120,L,none,33,24,vendor
gesvd,float,sm_120,L,none,33,32,vendor
gesvd,float,sm_120,L,none,33,33,blocked|vendor
gesvd,float,sm_120,L,none,33,48,vendor
gesvd,float,sm_120,L,none,33,64,vendor
gesvd,float,sm_120,L,none,33,65,vendor
gesvd,float,sm_120,L,none,33,128,vendor
gesvd,float,sm_120,L,none,33,256,vendor
gesvd,float,sm_120,L,none,33,512,vendor
gesvd,float,sm_120,L,none,33,1024,vendor
gesvd,float,sm_120,L,none,48,1,vendor
gesvd,float,sm_120,L,none,48,2,vendor
gesvd,float,sm_120,L,none,48,4,vendor
gesvd,float,sm_120,L,none,48,8,vendor
gesvd,float,sm_120,L,none,48,16,vendor
gesvd,float,sm_120,L,none,48,24,vendor
gesvd,float,sm_120,L,none,48,32,vendor
gesvd,float,sm_120,L,none,48,33,vendor
gesvd,float,sm_120,L,none,48,48,blocked|vendor
gesvd,float,sm_120,L,none,48,64,vendor
gesvd,float,sm_120,L,none,48,65,vendor
gesvd,float,sm_120,L,none,48,128,vendor
gesvd,float,sm_120,L,none,48,256,vendor
gesvd,float,sm_120,L,none,48,512,vendor
gesvd,float,sm_120,L,none,48,1024,vendor
gesvd,float,sm_120,L,none,64,1,vendor
gesvd,float,sm_120,L,none,64,2,vendor
gesvd,float,sm_120,L,none,64,4,vendor
gesvd,float,sm_120,L,none,64,8,vendor
gesvd,float,sm_120,L,none,64,16,vendor
gesvd,float,sm_120,L,none,64,24,vendor
gesvd,float,sm_120,L,none,64,32,vendor
gesvd,float,sm_120,L,none,64,33,vendor
gesvd,float,sm_120,L,none,64,48,vendor
gesvd,float,sm_120,L,none,64,64,blocked|vendor
gesvd,float,sm_120,L,none,64,65,vendor
gesvd,float,sm_120,L,none,64,128,vendor
gesvd,float,sm_120,L,none,64,256,vendor
gesvd,float,sm_120,L,none,64,512,vendor
gesvd,float,sm_120,L,none,64,1024,vendor
gesvd,float,sm_120,L,none,65,1,vendor
gesvd,float,sm_120,L,none,65,2,vendor
gesvd,float,sm_120,L,none,65,4,vendor
gesvd,float,sm_120,L,none,65,8,vendor
gesvd,float,sm_120,L,none,65,16,vendor
gesvd,float,sm_120,L,none,65,24,vendor
gesvd,float,sm_120,L,none,65,32,vendor
gesvd,float,sm_120,L,none,65,33,vendor
gesvd,float,sm_120,L,none,65,48,vendor
gesvd,float,sm_120,L,none,65,64,vendor
gesvd,float,sm_120,L,none,65,65,blocked|vendor
gesvd,float,sm_120,L,none,65,128,vendor
gesvd,float,sm_120,L,none,65,256,vendor
gesvd,float,sm_120,L,none,65,512,vendor
gesvd,float,sm_120,L,none,65,1024,vendor
gesvd,float,sm_120,L,none,128,1,vendor
gesvd,float,sm_120,L,none,128,2,vendor
gesvd,float,sm_120,L,none,128,4,vendor
gesvd,float,sm_120,L,none,128,8,vendor
gesvd,float,sm_120,L,none,128,16,vendor
gesvd,float,sm_120,L,none,128,24,vendor
gesvd,float,sm_120,L,none,128,32,vendor
gesvd,float,sm_120,L,none,128,33,vendor
gesvd,float,sm_120,L,none,128,48,vendor
gesvd,float,sm_120,L,none,128,64,vendor
gesvd,float,sm_120,L,none,128,65,vendor
gesvd,float,sm_120,L,none,128,128,blocked|vendor
gesvd,float,sm_120,L,none,128,256,vendor
gesvd,float,sm_120,L,none,128,512,vendor
gesvd,float,sm_120,L,none,128,1024,vendor
gesvd,float,sm_120,L,none,256,1,vendor
gesvd,float,sm_120,L,none,256,2,vendor
gesvd,float,sm_120,L,none,256,4,vendor
gesvd,float,sm_120,L,none,256,8,vendor
gesvd,float,sm_120,L,none,256,16,vendor
gesvd,float,sm_120,L,none,256,24,vendor
gesvd,float,sm_120,L,none,256,32,vendor
gesvd,float,sm_120,L,none,256,33,vendor
gesvd,float,sm_120,L,none,256,48,vendor
gesvd,float,sm_120,L,none,256,64,vendor
gesvd,float,sm_120,L,none,256,65,vendor
gesvd,float,sm_120,L,none,256,128,vendor
gesvd,float,sm_120,L,none,256,256,blocked|vendor
gesvd,float,sm_120,L,none,256,512,vendor
gesvd,float,sm_120,L,none,256,1024,vendor
gesvd,float,sm_120,L,none,512,1,vendor
gesvd,float,sm_120,L,none,512,2,vendor
gesvd,float,sm_120,L,none,512,4,vendor
gesvd,float,sm_120,L,none,512,8,vendor
gesvd,float,sm_120,L,none,512,16,vendor
gesvd,float,sm_120,L,none,512,24,vendor
gesvd,float,sm_120,L,none,512,32,vendor
gesvd,float,sm_120,L,none,512,33,vendor
gesvd,float,sm_120,L,none,512,48,vendor
gesvd,float,sm_120,L,none,512,64,vendor
gesvd,float,sm_120,L,none,512,65,vendor
gesvd,float,sm_120,L,none,512,128,vendor
gesvd,float,sm_120,L,none,512,256,vendor
gesvd,float,sm_120,L,none,512,512,blocked|vendor
gesvd,float,sm_120,L,none,512,1024,vendor
gesvd,float,sm_120,L,none,1024,1,vendor
gesvd,float,sm_120,L,none,1024,2,vendor
gesvd,float,sm_120,L,none,1024,4,vendor
gesvd,float,sm_120,L,none,1024,8,vendor
gesvd,float,sm_120,L,none,1024,16,vendor
gesvd,float,sm_120,L,none,1024,24,vendor
gesvd,float,sm_120,L,none,1024,32,vendor
gesvd,float,sm_120,L,none,1024,33,vendor
gesvd,float,sm_120,L,none,1024,48,vendor
gesvd,float,sm_120,L,none,1024,64,vendor
gesvd,float,sm_120,L,none,1024,65,vendor
gesvd,float,sm_120,L,none,1024,128,vendor
gesvd,float,sm_120,L,none,1024,256,vendor
gesvd,float,sm_120,L,none,1024,512,vendor
gesvd,float,sm_120,L,none,1024,1024,blocked|vendor
gesvd,float,sm_120,L,all,1,1,cta|blocked|vendor
gesvd,float,sm_120,L,all,1,2,vendor
gesvd,float,sm_120,L,all,1,4,vendor
gesvd,float,sm_120,L,all,1,8,vendor
gesvd,float,sm_120,L,all,1,16,vendor
gesvd,float,sm_120,L,all,1,24,vendor
gesvd,float,sm_120,L,all,1,32,vendor
gesvd,float,sm_120,L,all,1,33,vendor
gesvd,float,sm_120,L,all,1,48,vendor
gesvd,float,sm_120,L,all,1,64,vendor
gesvd,float,sm_120,L,all,1,65,vendor
gesvd,float,sm_120,L,all,1,128,vendor
gesvd,float,sm_120,L,all,1,256,vendor
gesvd,float,sm_120,L,all,1,512,vendor
gesvd,float,sm_120,L,all,1,1024,vendor
gesvd,float,sm_120,L,all,2,1,vendor
gesvd,float,sm_120,L,all,2,2,cta|blocked|vendor
gesvd,float,sm_120,L,all,2,4,vendor
gesvd,float,sm_120,L,all,2,8,vendor
gesvd,float,sm_120,L,all,2,16,vendor
gesvd,float,sm_120,L,all,2,24,vendor
gesvd,float,sm_120,L,all,2,32,vendor
gesvd,float,sm_120,L,all,2,33,vendor
gesvd,float,sm_120,L,all,2,48,vendor
gesvd,float,sm_120,L,all,2,64,vendor
gesvd,float,sm_120,L,all,2,65,vendor
gesvd,float,sm_120,L,all,2,128,vendor
gesvd,float,sm_120,L,all,2,256,vendor
gesvd,float,sm_120,L,all,2,512,vendor
gesvd,float,sm_120,L,all,2,1024,vendor
gesvd,float,sm_120,L,all,4,1,vendor
gesvd,float,sm_120,L,all,4,2,vendor
gesvd,float,sm_120,L,all,4,4,cta|blocked|vendor
gesvd,float,sm_120,L,all,4,8,vendor
gesvd,float,sm_120,L,all,4,16,vendor
gesvd,float,sm_120,L,all,4,24,vendor
gesvd,float,sm_120,L,all,4,32,vendor
gesvd,float,sm_120,L,all,4,33,vendor
gesvd,float,sm_120,L,all,4,48,vendor
gesvd,float,sm_120,L,all,4,64,vendor
gesvd,float,sm_120,L,all,4,65,vendor
gesvd,float,sm_120,L,all,4,128,vendor
gesvd,float,sm_120,L,all,4,256,vendor
gesvd,float,sm_120,L,all,4,512,vendor
gesvd,float,sm_120,L,all,4,1024,vendor
gesvd,float,sm_120,L,all,8,1,vendor
gesvd,float,sm_120,L,all,8,2,vendor
gesvd,float,sm_120,L,all,8,4,vendor
gesvd,float,sm_120,L,all,8,8,cta|blocked|vendor
gesvd,float,sm_120,L,all,8,16,vendor
gesvd,float,sm_120,L,all,8,24,vendor
gesvd,float,sm_120,L,all,8,32,vendor
gesvd,float,sm_120,L,all,8,33,vendor
gesvd,float,sm_120,L,all,8,48,vendor
gesvd,float,sm_120,L,all,8,64,vendor
gesvd,float,sm_120,L,all,8,65,vendor
gesvd,float,sm_120,L,all,8,128,vendor
gesvd,float,sm_120,L,all,8,256,vendor
gesvd,float,sm_120,L,all,8,512,vendor
gesvd,float,sm_120,L,all,8,1024,vendor
gesvd,float,sm_120,L,all,16,1,vendor
gesvd,float,sm_120,L,all,16,2,vendor
gesvd,float,sm_120,L,all,16,4,vendor
gesvd,float,sm_120,L,all,16,8,vendor
gesvd,float,sm_120,L,all,16,16,cta|blocked|vendor
gesvd,float,sm_120,L,all,16,24,vendor
gesvd,float,sm_120,L,all,16,32,vendor
gesvd,float,sm_120,L,all,16,33,vendor
gesvd,float,sm_120,L,all,16,48,vendor
gesvd,float,sm_120,L,all,16,64,vendor
gesvd,float,sm_120,L,all,16,65,vendor
gesvd,float,sm_120,L,all,16,128,vendor
gesvd,float,sm_120,L,all,16,256,vendor
gesvd,float,sm_120,L,all,16,512,vendor
gesvd,float,sm_120,L,all,16,1024,vendor
gesvd,float,sm_120,L,all,24,1,vendor
gesvd,float,sm_120,L,all,24,2,vendor
gesvd,float,sm_120,L,all,24,4,vendor
gesvd,float,sm_120,L,all,24,8,vendor
gesvd,float,sm_120,L,all,24,16,vendor
gesvd,float,sm_120,L,all,24,24,cta|blocked|vendor
gesvd,float,sm_120,L,all,24,32,vendor
gesvd,float,sm_120,L,all,24,33,vendor
gesvd,float,sm_120,L,all,24,48,vendor
gesvd,float,sm_120,L,all,24,64,vendor
gesvd,float,sm_120,L,all,24,65,vendor
gesvd,float,sm_120,L,all,24,128,vendor
gesvd,float,sm_120,L,all,24,256,vendor
gesvd,float,sm_120,L,all,24,512,vendor
gesvd,float,sm_120,L,all,24,1024,vendor
gesvd,float,sm_120,L,all,32,1,vendor
gesvd,float,sm_120,L,all,32,2,vendor
gesvd,float,sm_120,L,all,32,4,vendor
gesvd,float,sm_120,L,all,32,8,vendor
gesvd,float,sm_120,L,all,32,16,vendor
gesvd,float,sm_120,L,all,32,24,vendor
gesvd,float,sm_120,L,all,32,32,cta|blocked|vendor
gesvd,float,sm_120,L,all,32,33,vendor
gesvd,float,sm_120,L,all,32,48,vendor
gesvd,float,sm_120,L,all,32,64,vendor
gesvd,float,sm_120,L,all,32,65,vendor
gesvd,float,sm_120,L,all,32,128,vendor
gesvd,float,sm_120,L,all,32,256,vendor
gesvd,float,sm_120,L,all,32,512,vendor
gesvd,float,sm_120,L,all,32,1024,vendor
gesvd,float,sm_120,L,all,33,1,vendor
gesvd,float,sm_120,L,all,33,2,vendor
gesvd,float,sm_120,L,all,33,4,vendor
gesvd,float,sm_120,L,all,33,8,vendor
gesvd,float,sm_120,L,all,33,16,vendor
gesvd,float,sm_120,L,all,33,24,vendor
gesvd,float,sm_120,L,all,33,32,vendor
gesvd,float,sm_120,L,all,33,33,blocked|vendor
gesvd,float,sm_120,L,all,33,48,vendor
gesvd,float,sm_120,L,all,33,64,vendor
gesvd,float,sm_120,L,all,33,65,vendor
gesvd,float,sm_120,L,all,33,128,vendor
gesvd,float,sm_120,L,all,33,256,vendor
gesvd,float,sm_120,L,all,33,512,vendor
gesvd,float,sm_120,L,all,33,1024,vendor
gesvd,float,sm_120,L,all,48,1,vendor
gesvd,float,sm_120,L,all,48,2,vendor
gesvd,float,sm_120,L,all,48,4,vendor
gesvd,float,sm_120,L,all,48,8,vendor
gesvd,float,sm_120,L,all,48,16,vendor
gesvd,float,sm_120,L,all,48,24,vendor
gesvd,float,sm_120,L,all,48,32,vendor
gesvd,float,sm_120,L,all,48,33,vendor
gesvd,float,sm_120,L,all,48,48,blocked|vendor
gesvd,float,sm_120,L,all,48,64,vendor
gesvd,float,sm_120,L,all,48,65,vendor
gesvd,float,sm_120,L,all,48,128,vendor
gesvd,float,sm_120,L,all,48,256,vendor
gesvd,float,sm_120,L,all,48,512,vendor
gesvd,float,sm_120,L,all,48,1024,vendor
gesvd,float,sm_120,L,all,64,1,vendor
gesvd,float,sm_120,L,all,64,2,vendor
gesvd,float,sm_120,L,all,64,4,vendor
gesvd,float,sm_120,L,all,64,8,vendor
gesvd,float,sm_120,L,all,64,16,vendor
gesvd,float,sm_120,L,all,64,24,vendor
gesvd,float,sm_120,L,all,64,32,vendor
gesvd,float,sm_120,L,all,64,33,vendor
gesvd,float,sm_120,L,all,64,48,vendor
gesvd,float,sm_120,L,all,64,64,blocked|vendor
gesvd,float,sm_120,L,all,64,65,vendor
gesvd,float,sm_120,L,all,64,128,vendor
gesvd,float,sm_120,L,all,64,256,vendor
gesvd,float,sm_120,L,all,64,512,vendor
gesvd,float,sm_120,L,all,64,1024,vendor
gesvd,float,sm_120,L,all,65,1,vendor
gesvd,float,sm_120,L,all,65,2,vendor
gesvd,float,sm_120,L,all,65,4,vendor
gesvd,float,sm_120,L,all,65,8,vendor
gesvd,float,sm_120,L,all,65,16,vendor
gesvd,float,sm_120,L,all,65,24,vendor
gesvd,float,sm_120,L,all,65,32,vendor
gesvd,float,sm_120,L,all,65,33,vendor
gesvd,float,sm_120,L,all,65,48,vendor
gesvd,float,sm_120,L,all,65,64,vendor
gesvd,float,sm_120,L,all,65,65,blocked|vendor
gesvd,float,sm_120,L,all,65,128,vendor
gesvd,float,sm_120,L,all,65,256,vendor
gesvd,float,sm_120,L,all,65,512,vendor
gesvd,float,sm_120,L,all,65,1024,vendor
gesvd,float,sm_120,L,all,128,1,vendor
gesvd,float,sm_120,L,all,128,2,vendor
gesvd,float,sm_120,L,all,128,4,vendor
gesvd,float,sm_120,L,all,128,8,vendor
gesvd,float,sm_120,L,all,128,16,vendor
gesvd,float,sm_120,L,all,128,24,vendor
gesvd,float,sm_120,L,all,128,32,vendor
gesvd,float,sm_120,L,all,128,33,vendor
gesvd,float,sm_120,L,all,128,48,vendor
gesvd,float,sm_120,L,all,128,64,vendor
gesvd,float,sm_120,L,all,128,65,vendor
gesvd,float,sm_120,L,all,128,128,blocked|vendor
gesvd,float,sm_120,L,all,128,256,vendor
gesvd,float,sm_120,L,all,128,512,vendor
gesvd,float,sm_120,L,all,128,1024,vendor
gesvd,float,sm_120,L,all,256,1,vendor
gesvd,float,sm_120,L,all,256,2,vendor
gesvd,float,sm_120,L,all,256,4,vendor
gesvd,float,sm_120,L,all,256,8,vendor
gesvd,float,sm_120,L,all,256,16,vendor
gesvd,float,sm_120,L,all,256,24,vendor
gesvd,float,sm_120,L,all,256,32,vendor
gesvd,float,sm_120,L,all,256,33,vendor
gesvd,float,sm_120,L,all,256,48,vendor
gesvd,float,sm_120,L,all,256,64,vendor
gesvd,float,sm_120,L,all,256,65,vendor
gesvd,float,sm_120,L,all,256,128,vendor
gesvd,float,sm_120,L,all,256,256,blocked|vendor
gesvd,float,sm_120,L,all,256,512,vendor
gesvd,float,sm_120,L,all,256,1024,vendor
gesvd,float,sm_120,L,all,512,1,vendor
gesvd,float,sm_120,L,all,512,2,vendor
gesvd,float,sm_120,L,all,512,4,vendor
gesvd,float,sm_120,L,all,512,8,vendor
gesvd,float,sm_120,L,all,512,16,vendor
gesvd,float,sm_120,L,all,512,24,vendor
gesvd,float,sm_120,L,all,512,32,vendor
gesvd,float,sm_120,L,all,512,33,vendor
gesvd,float,sm_120,L,all,512,48,vendor
gesvd,float,sm_120,L,all,512,64,vendor
gesvd,float,sm_120,L,all,512,65,vendor
gesvd,float,sm_120,L,all,512,128,vendor
gesvd,float,sm_120,L,all,512,256,vendor
gesvd,float,sm_120,L,all,512,512,blocked|vendor
gesvd,float,sm_120,L,all,512,1024,vendor
gesvd,float,sm_120,L,all,1024,1,vendor
gesvd,float,sm_120,L,all,1024,2,vendor
gesvd,float,sm_120,L,all,1024,4,vendor
gesvd,float,sm_120,L,all,1024,8,vendor
gesvd,float,sm_120,L,all,1024,16,vendor
gesvd,float,sm_120,L,all,1024,24,vendor
gesvd,float,sm_120,L,all,1024,32,vendor
gesvd,float,sm_120,L,all,1024,33,vendor
gesvd,float,sm_120,L,all,1024,48,vendor
gesvd,float,sm_120,L,all,1024,64,vendor
gesvd,float,sm_120,L,all,1024,65,vendor
gesvd,float,sm_120,L,all,1024,128,vendor
gesvd,float,sm_120,L,all,1024,256,vendor
gesvd,float,sm_120,L,all,1024,512,vendor
gesvd,float,sm_120,L,all,1024,1024,blocked|vendor
gesvd,float,sm_120,L,thin,1,1,blocked|vendor
gesvd,float,sm_120,L,thin,1,2,vendor
gesvd,float,sm_120,L,thin,1,4,vendor
gesvd,float,sm_120,L,thin,1,8,vendor
gesvd,float,sm_120,L,thin,1,16,vendor
gesvd,float,sm_120,L,thin,1,24,vendor
gesvd,float,sm_120,L,thin,1,32,vendor
gesvd,float,sm_120,L,thin,1,33,vendor
gesvd,float,sm_120,L,thin,1,48,vendor
gesvd,float,sm_120,L,thin,1,64,vendor
gesvd,float,sm_120,L,thin,1,65,vendor
gesvd,float,sm_120,L,thin,1,128,vendor
gesvd,float,sm_120,L,thin,1,256,vendor
gesvd,float,sm_120,L,thin,1,512,vendor
gesvd,float,sm_120,L,thin,1,1024,vendor
gesvd,float,sm_120,L,thin,2,1,vendor
gesvd,float,sm_120,L,thin,2,2,blocked|vendor
gesvd,float,sm_120,L,thin,2,4,vendor
gesvd,float,sm_120,L,thin,2,8,vendor
gesvd,float,sm_120,L,thin,2,16,vendor
gesvd,float,sm_120,L,thin,2,24,vendor
gesvd,float,sm_120,L,thin,2,32,vendor
gesvd,float,sm_120,L,thin,2,33,vendor
gesvd,float,sm_120,L,thin,2,48,vendor
gesvd,float,sm_120,L,thin,2,64,vendor
gesvd,float,sm_120,L,thin,2,65,vendor
gesvd,float,sm_120,L,thin,2,128,vendor
gesvd,float,sm_120,L,thin,2,256,vendor
gesvd,float,sm_120,L,thin,2,512,vendor
gesvd,float,sm_120,L,thin,2,1024,vendor
gesvd,float,sm_120,L,thin,4,1,vendor
gesvd,float,sm_120,L,thin,4,2,vendor
gesvd,float,sm_120,L,thin,4,4,blocked|vendor
gesvd,float,sm_120,L,thin,4,8,vendor
gesvd,float,sm_120,L,thin,4,16,vendor
gesvd,float,sm_120,L,thin,4,24,vendor
gesvd,float,sm_120,L,thin,4,32,vendor
gesvd,float,sm_120,L,thin,4,33,vendor
gesvd,float,sm_120,L,thin,4,48,vendor
gesvd,float,sm_120,L,thin,4,64,vendor
gesvd,float,sm_120,L,thin,4,65,vendor
gesvd,float,sm_120,L,thin,4,128,vendor
gesvd,float,sm_120,L,thin,4,256,vendor
gesvd,float,sm_120,L,thin,4,512,vendor
gesvd,float,sm_120,L,thin,4,1024,vendor
gesvd,float,sm_120,L,thin,8,1,vendor
gesvd,float,sm_120,L,thin,8,2,vendor
gesvd,float,sm_120,L,thin,8,4,vendor
gesvd,float,sm_120,L,thin,8,8,blocked|vendor
gesvd,float,sm_120,L,thin,8,16,vendor
gesvd,float,sm_120,L,thin,8,24,vendor
gesvd,float,sm_120,L,thin,8,32,vendor
gesvd,float,sm_120,L,thin,8,33,vendor
gesvd,float,sm_120,L,thin,8,48,vendor
gesvd,float,sm_120,L,thin,8,64,vendor
gesvd,float,sm_120,L,thin,8,65,vendor
gesvd,float,sm_120,L,thin,8,128,vendor
gesvd,float,sm_120,L,thin,8,256,vendor
gesvd,float,sm_120,L,thin,8,512,vendor
gesvd,float,sm_120,L,thin,8,1024,vendor
gesvd,float,sm_120,L,thin,16,1,vendor
gesvd,float,sm_120,L,thin,16,2,vendor
gesvd,float,sm_120,L,thin,16,4,vendor
gesvd,float,sm_120,L,thin,16,8,vendor
gesvd,float,sm_120,L,thin,16,16,blocked|vendor
gesvd,float,sm_120,L,thin,16,24,vendor
gesvd,float,sm_120,L,thin,16,32,vendor
gesvd,float,sm_120,L,thin,16,33,vendor
gesvd,float,sm_120,L,thin,16,48,vendor
gesvd,float,sm_120,L,thin,16,64,vendor
gesvd,float,sm_120,L,thin,16,65,vendor
gesvd,float,sm_120,L,thin,16,128,vendor
gesvd,float,sm_120,L,thin,16,256,vendor
gesvd,float,sm_120,L,thin,16,512,vendor
gesvd,float,sm_120,L,thin,16,1024,vendor
gesvd,float,sm_120,L,thin,24,1,vendor
gesvd,float,sm_120,L,thin,24,2,vendor
gesvd,float,sm_120,L,thin,24,4,vendor
gesvd,float,sm_120,L,thin,24,8,vendor
gesvd,float,sm_120,L,thin,24,16,vendor
gesvd,float,sm_120,L,thin,24,24,blocked|vendor
gesvd,float,sm_120,L,thin,24,32,vendor
gesvd,float,sm_120,L,thin,24,33,vendor
gesvd,float,sm_120,L,thin,24,48,vendor
gesvd,float,sm_120,L,thin,24,64,vendor
gesvd,float,sm_120,L,thin,24,65,vendor
gesvd,float,sm_120,L,thin,24,128,vendor
gesvd,float,sm_120,L,thin,24,256,vendor
gesvd,float,sm_120,L,thin,24,512,vendor
gesvd,float,sm_120,L,thin,24,1024,vendor
gesvd,float,sm_120,L,thin,32,1,vendor
gesvd,float,sm_120,L,thin,32,2,vendor
gesvd,float,sm_120,L,thin,32,4,vendor
gesvd,float,sm_120,L,thin,32,8,vendor
gesvd,float,sm_120,L,thin,32,16,vendor
gesvd,float,sm_120,L,thin,32,24,vendor
gesvd,float,sm_120,L,thin,32,32,blocked|vendor
gesvd,float,sm_120,L,thin,32,33,vendor
gesvd,float,sm_120,L,thin,32,48,vendor
gesvd,float,sm_120,L,thin,32,64,vendor
gesvd,float,sm_120,L,thin,32,65,vendor
gesvd,float,sm_120,L,thin,32,128,vendor
gesvd,float,sm_120,L,thin,32,256,vendor
gesvd,float,sm_120,L,thin,32,512,vendor
gesvd,float,sm_120,L,thin,32,1024,vendor
gesvd,float,sm_120,L,thin,33,1,vendor
gesvd,float,sm_120,L,thin,33,2,vendor
gesvd,float,sm_120,L,thin,33,4,vendor
gesvd,float,sm_120,L,thin,33,8,vendor
gesvd,float,sm_120,L,thin,33,16,vendor
gesvd,float,sm_120,L,thin,33,24,vendor
gesvd,float,sm_120,L,thin,33,32,vendor
gesvd,float,sm_120,L,thin,33,33,blocked|vendor
gesvd,float,sm_120,L,thin,33,48,vendor
gesvd,float,sm_120,L,thin,33,64,vendor
gesvd,float,sm_120,L,thin,33,65,vendor
gesvd,float,sm_120,L,thin,33,128,vendor
gesvd,float,sm_120,L,thin,33,256,vendor
gesvd,float,sm_120,L,thin,33,512,vendor
gesvd,float,sm_120,L,thin,33,1024,vendor
gesvd,float,sm_120,L,thin,48,1,vendor
gesvd,float,sm_120,L,thin,48,2,vendor
gesvd,float,sm_120,L,thin,48,4,vendor
gesvd,float,sm_120,L,thin,48,8,vendor
gesvd,float,sm_120,L,thin,48,16,vendor
gesvd,float,sm_120,L,thin,48,24,vendor
gesvd,float,sm_120,L,thin,48,32,vendor
gesvd,float,sm_120,L,thin,48,33,vendor
gesvd,float,sm_120,L,thin,48,48,blocked|vendor
gesvd,float,sm_120,L,thin,48,64,vendor
gesvd,float,sm_120,L,thin,48,65,vendor
gesvd,float,sm_120,L,thin,48,128,vendor
gesvd,float,sm_120,L,thin,48,256,vendor
gesvd,float,sm_120,L,thin,48,512,vendor
gesvd,float,sm_120,L,thin,48,1024,vendor
gesvd,float,sm_120,L,thin,64,1,vendor
gesvd,float,sm_120,L,thin,64,2,vendor
gesvd,float,sm_120,L,thin,64,4,vendor
gesvd,float,sm_120,L,thin,64,8,vendor
gesvd,float,sm_120,L,thin,64,16,vendor
gesvd,float,sm_120,L,thin,64,24,vendor
gesvd,float,sm_120,L,thin,64,32,vendor
gesvd,float,sm_120,L,thin,64,33,vendor
gesvd,float,sm_120,L,thin,64,48,vendor
gesvd,float,sm_120,L,thin,64,64,blocked|vendor
gesvd,float,sm_120,L,thin,64,65,vendor
gesvd,float,sm_120,L,thin,64,128,vendor
gesvd,float,sm_120,L,thin,64,256,vendor
gesvd,float,sm_120,L,thin,64,512,vendor
gesvd,float,sm_120,L,thin,64,1024,vendor
gesvd,float,sm_120,L,thin,65,1,vendor
gesvd,float,sm_120,L,thin,65,2,vendor
gesvd,float,sm_120,L,thin,65,4,vendor
gesvd,float,sm_120,L,thin,65,8,vendor
gesvd,float,sm_120,L,thin,65,16,vendor
gesvd,float,sm_120,L,thin,65,24,vendor
gesvd,float,sm_120,L,thin,65,32,vendor
gesvd,float,sm_120,L,thin,65,33,vendor
gesvd,float,sm_120,L,thin,65,48,vendor
gesvd,float,sm_120,L,thin,65,64,vendor
gesvd,float,sm_120,L,thin,65,65,blocked|vendor
gesvd,float,sm_120,L,thin,65,128,vendor
gesvd,float,sm_120,L,thin,65,256,vendor
gesvd,float,sm_120,L,thin,65,512,vendor
gesvd,float,sm_120,L,thin,65,1024,vendor
gesvd,float,sm_120,L,thin,128,1,vendor
gesvd,float,sm_120,L,thin,128,2,vendor
gesvd,float,sm_120,L,thin,128,4,vendor
gesvd,float,sm_120,L,thin,128,8,vendor
gesvd,float,sm_120,L,thin,128,16,vendor
gesvd,float,sm_120,L,thin,128,24,vendor
gesvd,float,sm_120,L,thin,128,32,vendor
gesvd,float,sm_120,L,thin,128,33,vendor
gesvd,float,sm_120,L,thin,128,48,vendor
gesvd,float,sm_120,L,thin,128,64,vendor
gesvd,float,sm_120,L,thin,128,65,vendor
gesvd,float,sm_120,L,thin,128,128,blocked|vendor
gesvd,float,sm_120,L,thin,128,256,vendor
gesvd,float,sm_120,L,thin,128,512,vendor
gesvd,float,sm_120,L,thin,128,1024,vendor
gesvd,float,sm_120,L,thin,256,1,vendor
gesvd,float,sm_120,L,thin,256,2,vendor
gesvd,float,sm_120,L,thin,256,4,vendor
gesvd,float,sm_120,L,thin,256,8,vendor
gesvd,float,sm_120,L,thin,256,16,vendor
gesvd,float,sm_120,L,thin,256,24,vendor
gesvd,float,sm_120,L,thin,256,32,vendor
gesvd,float,sm_120,L,thin,256,33,vendor
gesvd,float,sm_120,L,thin,256,48,vendor
gesvd,float,sm_120,L,thin,256,64,vendor
gesvd,float,sm_120,L,thin,256,65,vendor
gesvd,float,sm_120,L,thin,256,128,vendor
gesvd,float,sm_120,L,thin,256,256,blocked|vendor
gesvd,float,sm_120,L,thin,256,512,vendor
gesvd,float,sm_120,L,thin,256,1024,vendor
gesvd,float,sm_120,L,thin,512,1,vendor
gesvd,float,sm_120,L,thin,512,2,vendor
gesvd,float,sm_120,L,thin,512,4,vendor
gesvd,float,sm_120,L,thin,512,8,vendor
gesvd,float,sm_120,L,thin,512,16,vendor
gesvd,float,sm_120,L,thin,512,24,vendor
gesvd,float,sm_120,L,thin,512,32,vendor
gesvd,float,sm_120,L,thin,512,33,vendor
gesvd,float,sm_120,L,thin,512,48,vendor
gesvd,float,sm_120,L,thin,512,64,vendor
gesvd,float,sm_120,L,thin,512,65,vendor
gesvd,float,sm_120,L,thin,512,128,vendor
gesvd,float,sm_120,L,thin,512,256,vendor
gesvd,float,sm_120,L,thin,512,512,blocked|vendor
gesvd,float,sm_120,L,thin,512,1024,vendor
gesvd,float,sm_120,L,thin,1024,1,vendor
gesvd,float,sm_120,L,thin,1024,2,vendor
gesvd,float,sm_120,L,thin,1024,4,vendor
gesvd,float,sm_120,L,thin,1024,8,vendor
gesvd,float,sm_120,L,thin,1024,16,vendor
gesvd,float,sm_120,L,thin,1024,24,vendor
gesvd,float,sm_120,L,thin,1024,32,vendor
gesvd,float,sm_120,L,thin,1024,33,vendor
gesvd,float,sm_120,L,thin,1024,48,vendor
gesvd,float,sm_120,L,thin,1024,64,vendor
gesvd,float,sm_120,L,thin,1024,65,vendor
gesvd,float,sm_120,L,thin,1024,128,vendor
gesvd,float,sm_120,L,thin,1024,256,vendor
gesvd,float,sm_120,L,thin,1024,512,vendor
gesvd,float,sm_120,L,thin,1024,1024,blocked|vendor
gesvd,float,sm_120,U,none,1,1,cta|vendor
gesvd,float,sm_120,U,none,1,2,vendor
gesvd,float,sm_120,U,none,1,4,vendor
gesvd,float,sm_120,U,none,1,8,vendor
gesvd,float,sm_120,U,none,1,16,vendor
gesvd,float,sm_120,U,none,1,24,vendor
gesvd,float,sm_120,U,none,1,32,vendor
gesvd,float,sm_120,U,none,1,33,vendor
gesvd,float,sm_120,U,none,1,48,vendor
gesvd,float,sm_120,U,none,1,64,vendor
gesvd,float,sm_120,U,none,1,65,vendor
gesvd,float,sm_120,U,none,1,128,vendor
gesvd,float,sm_120,U,none,1,256,vendor
gesvd,float,sm_120,U,none,1,512,vendor
gesvd,float,sm_120,U,none,1,1024,vendor
gesvd,float,sm_120,U,none,2,1,vendor
gesvd,float,sm_120,U,none,2,2,cta|vendor
gesvd,float,sm_120,U,none,2,4,vendor
gesvd,float,sm_120,U,none,2,8,vendor
gesvd,float,sm_120,U,none,2,16,vendor
gesvd,float,sm_120,U,none,2,24,vendor
gesvd,float,sm_120,U,none,2,32,vendor
gesvd,float,sm_120,U,none,2,33,vendor
gesvd,float,sm_120,U,none,2,48,vendor
gesvd,float,sm_120,U,none,2,64,vendor
gesvd,float,sm_120,U,none,2,65,vendor
gesvd,float,sm_120,U,none,2,128,vendor
gesvd,float,sm_120,U,none,2,256,vendor
gesvd,float,sm_120,U,none,2,512,vendor
gesvd,float,sm_120,U,none,2,1024,vendor
gesvd,float,sm_120,U,none,4,1,vendor
gesvd,float,sm_120,U,none,4,2,vendor
gesvd,float,sm_120,U,none,4,4,cta|vendor
gesvd,float,sm_120,U,none,4,8,vendor
gesvd,float,sm_120,U,none,4,16,vendor
gesvd,float,sm_120,U,none,4,24,vendor
gesvd,float,sm_120,U,none,4,32,vendor
gesvd,float,sm_120,U,none,4,33,vendor
gesvd,float,sm_120,U,none,4,48,vendor
gesvd,float,sm_120,U,none,4,64,vendor
gesvd,float,sm_120,U,none,4,65,vendor
gesvd,float,sm_120,U,none,4,128,vendor
gesvd,float,sm_120,U,none,4,256,vendor
gesvd,float,sm_120,U,none,4,512,vendor
gesvd,float,sm_120,U,none,4,1024,vendor
gesvd,float,sm_120,U,none,8,1,vendor
gesvd,float,sm_120,U,none,8,2,vendor
gesvd,float,sm_120,U,none,8,4,vendor
gesvd,float,sm_120,U,none,8,8,cta|vendor
gesvd,float,sm_120,U,none,8,16,vendor
gesvd,float,sm_120,U,none,8,24,vendor
gesvd,float,sm_120,U,none,8,32,vendor
gesvd,float,sm_120,U,none,8,33,vendor
gesvd,float,sm_120,U,none,8,48,vendor
gesvd,float,sm_120,U,none,8,64,vendor
gesvd,float,sm_120,U,none,8,65,vendor
gesvd,float,sm_120,U,none,8,128,vendor
gesvd,float,sm_120,U,none,8,256,vendor
gesvd,float,sm_120,U,none,8,512,vendor
gesvd,float,sm_120,U,none,8,1024,vendor
gesvd,float,sm_120,U,none,16,1,vendor
gesvd,float,sm_120,U,none,16,2,vendor
gesvd,float,sm_120,U,none,16,4,vendor
gesvd,float,sm_120,U,none,16,8,vendor
gesvd,float,sm_120,U,none,16,16,cta|vendor
gesvd,float,sm_120,U,none,16,24,vendor
gesvd,float,sm_120,U,none,16,32,vendor
gesvd,float,sm_120,U,none,16,33,vendor
gesvd,float,sm_120,U,none,16,48,vendor
gesvd,float,sm_120,U,none,16,64,vendor
gesvd,float,sm_120,U,none,16,65,vendor
gesvd,float,sm_120,U,none,16,128,vendor
gesvd,float,sm_120,U,none,16,256,vendor
gesvd,float,sm_120,U,none,16,512,vendor
gesvd,float,sm_120,U,none,16,1024,vendor
gesvd,float,sm_120,U,none,24,1,vendor
gesvd,float,sm_120,U,none,24,2,vendor
gesvd,float,sm_120,U,none,24,4,vendor
gesvd,float,sm_120,U,none,24,8,vendor
gesvd,float,sm_120,U,none,24,16,vendor
gesvd,float,sm_120,U,none,24,24,cta|vendor
gesvd,float,sm_120,U,none,24,32,vendor
gesvd,float,sm_120,U,none,24,33,vendor
gesvd,float,sm_120,U,none,24,48,vendor
gesvd,float,sm_120,U,none,24,64,vendor
gesvd,float,sm_120,U,none,24,65,vendor
gesvd,float,sm_120,U,none,24,128,vendor
gesvd,float,sm_120,U,none,24,256,vendor
gesvd,float,sm_120,U,none,24,512,vendor
gesvd,float,sm_120,U,none,24,1024,vendor
gesvd,float,sm_120,U,none,32,1,vendor
gesvd,float,sm_120,U,none,32,2,vendor
gesvd,float,sm_120,U,none,32,4,vendor
gesvd,float,sm_120,U,none,32,8,vendor
gesvd,float,sm_120,U,none,32,16,vendor
gesvd,float,sm_120,U,none,32,24,vendor
gesvd,float,sm_120,U,none,32,32,cta|vendor
gesvd,float,sm_120,U,none,32,33,vendor
gesvd,float,sm_120,U,none,32,48,vendor
gesvd,float,sm_120,U,none,32,64,vendor
gesvd,float,sm_120,U,none,32,65,vendor
gesvd,float,sm_120,U,none,32,128,vendor
gesvd,float,sm_120,U,none,32,256,vendor
gesvd,float,sm_120,U,none,32,512,vendor
gesvd,float,sm_120,U,none,32,1024,vendor
gesvd,float,sm_120,U,none,33,1,vendor
gesvd,float,sm_120,U,none,33,2,vendor
gesvd,float,sm_120,U,none,33,4,vendor
gesvd,float,sm_120,U,none,33,8,vendor
gesvd,float,sm_120,U,none,33,16,vendor
gesvd,float,sm_120,U,none,33,24,vendor
gesvd,float,sm_120,U,none,33,32,vendor
gesvd,float,sm_120,U,none,33,33,vendor
gesvd,float,sm_120,U,none,33,48,vendor
gesvd,float,sm_120,U,none,33,64,vendor
gesvd,float,sm_120,U,none,33,65,vendor
gesvd,float,sm_120,U,none,33,128,vendor
gesvd,float,sm_120,U,none,33,256,vendor
gesvd,float,sm_120,U,none,33,512,vendor
gesvd,float,sm_120,U,none,33,1024,vendor
gesvd,float,sm_120,U,none,48,1,vendor
gesvd,float,sm_120,U,none,48,2,vendor
gesvd,float,sm_120,U,none,48,4,vendor
gesvd,float,sm_120,U,none,48,8,vendor
gesvd,float,sm_120,U,none,48,16,vendor
gesvd,float,sm_120,U,none,48,24,vendor
gesvd,float,sm_120,U,none,48,32,vendor
gesvd,float,sm_120,U,none,48,33,vendor
gesvd,float,sm_120,U,none,48,48,vendor
gesvd,float,sm_120,U,none,48,64,vendor
gesvd,float,sm_120,U,none,48,65,vendor
gesvd,float,sm_120,U,none,48,128,vendor
gesvd,float,sm_120,U,none,48,256,vendor
gesvd,float,sm_120,U,none,48,512,vendor
gesvd,float,sm_120,U,none,48,1024,vendor
gesvd,float,sm_120,U,none,64,1,vendor
gesvd,float,sm_120,U,none,64,2,vendor
gesvd,float,sm_120,U,none,64,4,vendor
gesvd,float,sm_120,U,none,64,8,vendor
gesvd,float,sm_120,U,none,64,16,vendor
gesvd,float,sm_120,U,none,64,24,vendor
gesvd,float,sm_120,U,none,64,32,vendor
gesvd,float,sm_120,U,none,64,33,vendor
gesvd,float,sm_120,U,none,64,48,vendor
gesvd,float,sm_120,U,none,64,64,vendor
gesvd,float,sm_120,U,none,64,65,vendor
gesvd,float,sm_120,U,none,64,128,vendor
gesvd,float,sm_120,U,none,64,256,vendor
gesvd,float,sm_120,U,none,64,512,vendor
gesvd,float,sm_120,U,none,64,1024,vendor
gesvd,float,sm_120,U,none,65,1,vendor
gesvd,float,sm_120,U,none,65,2,vendor
gesvd,float,sm_120,U,none,65,4,vendor
gesvd,float,sm_120,U,none,65,8,vendor
gesvd,float,sm_120,U,none,65,16,vendor
gesvd,float,sm_120,U,none,65,24,vendor
gesvd,float,sm_120,U,none,65,32,vendor
gesvd,float,sm_120,U,none,65,33,vendor
gesvd,float,sm_120,U,none,65,48,vendor
gesvd,float,sm_120,U,none,65,64,vendor
gesvd,float,sm_120,U,none,65,65,vendor
gesvd,float,sm_120,U,none,65,128,vendor
gesvd,float,sm_120,U,none,65,256,vendor
gesvd,float,sm_120,U,none,65,512,vendor
gesvd,float,sm_120,U,none,65,1024,vendor
gesvd,float,sm_120,U,none,128,1,vendor
gesvd,float,sm_120,U,none,128,2,vendor
gesvd,float,sm_120,U,none,128,4,vendor
gesvd,float,sm_120,U,none,128,8,vendor
gesvd,float,sm_120,U,none,128,16,vendor
gesvd,float,sm_120,U,none,128,24,vendor
gesvd,float,sm_120,U,none,128,32,vendor
gesvd,float,sm_120,U,none,128,33,vendor
gesvd,float,sm_120,U,none,128,48,vendor
gesvd,float,sm_120,U,none,128,64,vendor
gesvd,float,sm_120,U,none,128,65,vendor
gesvd,float,sm_120,U,none,128,128,vendor
gesvd,float,sm_120,U,none,128,256,vendor
gesvd,float,sm_120,U,none,128,512,vendor
gesvd,float,sm_120,U,none,128,1024,vendor
gesvd,float,sm_120,U,none,256,1,vendor
gesvd,float,sm_120,U,none,256,2,vendor
gesvd,float,sm_120,U,none,256,4,vendor
gesvd,float,sm_120,U,none,256,8,vendor
gesvd,float,sm_120,U,none,256,16,vendor
gesvd,float,sm_120,U,none,256,24,vendor
gesvd,float,sm_120,U,none,256,32,vendor
gesvd,float,sm_120,U,none,256,33,vendor
gesvd,float,sm_120,U,none,256,48,vendor
gesvd,float,sm_120,U,none,256,64,vendor
gesvd,float,sm_120,U,none,256,65,vendor
gesvd,float,sm_120,U,none,256,128,vendor
gesvd,float,sm_120,U,none,256,256,vendor
gesvd,float,sm_120,U,none,256,512,vendor
gesvd,float,sm_120,U,none,256,1024,vendor
gesvd,float,sm_120,U,none,512,1,vendor
gesvd,float,sm_120,U,none,512,2,vendor
gesvd,float,sm_120,U,none,512,4,vendor
gesvd,float,sm_120,U,none,512,8,vendor
gesvd,float,sm_120,U,none,512,16,vendor
gesvd,float,sm_120,U,none,512,24,vendor
gesvd,float,sm_120,U,none,512,32,vendor
gesvd,float,sm_120,U,none,512,33,vendor
gesvd,float,sm_120,U,none,512,48,vendor
gesvd,float,sm_120,U,none,512,64,vendor
gesvd,float,sm_120,U,none,512,65,vendor
gesvd,float,sm_120,U,none,512,128,vendor
gesvd,float,sm_120,U,none,512,256,vendor
gesvd,float,sm_120,U,none,512,512,vendor
gesvd,float,sm_120,U,none,512,1024,vendor
gesvd,float,sm_120,U,none,1024,1,vendor
gesvd,float,sm_120,U,none,1024,2,vendor
gesvd,float,sm_120,U,none,1024,4,vendor
gesvd,float,sm_120,U,none,1024,8,vendor
gesvd,float,sm_120,U,none,1024,16,vendor
gesvd,float,sm_120,U,none,1024,24,vendor
gesvd,float,sm_120,U,none,1024,32,vendor
gesvd,float,sm_120,U,none,1024,33,vendor
gesvd,float,sm_120,U,none,1024,48,vendor
gesvd,float,sm_120,U,none,1024,64,vendor
gesvd,float,sm_120,U,none,1024,65,vendor
gesvd,float,sm_120,U,none,1024,128,vendor
gesvd,float,sm_120,U,none,1024,256,vendor
gesvd,float,sm_120,U,none,1024,512,vendor
gesvd,float,sm_120,U,none,1024,1024,vendor
gesvd,float,sm_120,U,all,1,1,cta|vendor
gesvd,float,sm_120,U,all,1,2,vendor
gesvd,float,sm_120,U,all,1,4,vendor
gesvd,float,sm_120,U,all,1,8,vendor
gesvd,float,sm_120,U,all,1,16,vendor
gesvd,float,sm_120,U,all,1,24,vendor
gesvd,float,sm_120,U,all,1,32,vendor
gesvd,float,sm_120,U,all,1,33,vendor
gesvd,float,sm_120,U,all,1,48,vendor
gesvd,float,sm_120,U,all,1,64,vendor
gesvd,float,sm_120,U,all,1,65,vendor
gesvd,float,sm_120,U,all,1,128,vendor
gesvd,float,sm_120,U,all,1,256,vendor
gesvd,float,sm_120,U,all,1,512,vendor
gesvd,float,sm_120,U,all,1,1024,vendor
gesvd,float,sm_120,U,all,2,1,vendor
gesvd,float,sm_120,U,all,2,2,cta|vendor
gesvd,float,sm_120,U,all,2,4,vendor
gesvd,float,sm_120,U,all,2,8,vendor
gesvd,float,sm_120,U,all,2,16,vendor
gesvd,float,sm_120,U,all,2,24,vendor
gesvd,float,sm_120,U,all,2,32,vendor
gesvd,float,sm_120,U,all,2,33,vendor
gesvd,float,sm_120,U,all,2,48,vendor
gesvd,float,sm_120,U,all,2,64,vendor
gesvd,float,sm_120,U,all,2,65,vendor
gesvd,float,sm_120,U,all,2,128,vendor
gesvd,float,sm_120,U,all,2,256,vendor
gesvd,float,sm_120,U,all,2,512,vendor
gesvd,float,sm_120,U,all,2,1024,vendor
gesvd,float,sm_120,U,all,4,1,vendor
gesvd,float,sm_120,U,all,4,2,vendor
gesvd,float,sm_120,U,all,4,4,cta|vendor
gesvd,float,sm_120,U,all,4,8,vendor
gesvd,float,sm_120,U,all,4,16,vendor
gesvd,float,sm_120,U,all,4,24,vendor
gesvd,float,sm_120,U,all,4,32,vendor
gesvd,float,sm_120,U,all,4,33,vendor
gesvd,float,sm_120,U,all,4,48,vendor
gesvd,float,sm_120,U,all,4,64,vendor
gesvd,float,sm_120,U,all,4,65,vendor
gesvd,float,sm_120,U,all,4,128,vendor
gesvd,float,sm_120,U,all,4,256,vendor
gesvd,float,sm_120,U,all,4,512,vendor
gesvd,float,sm_120,U,all,4,1024,vendor
gesvd,float,sm_120,U,all,8,1,vendor
gesvd,float,sm_120,U,all,8,2,vendor
gesvd,float,sm_120,U,all,8,4,vendor
gesvd,float,sm_120,U,all,8,8,cta|vendor
gesvd,float,sm_120,U,all,8,16,vendor
gesvd,float,sm_120,U,all,8,24,vendor
gesvd,float,sm_120,U,all,8,32,vendor
gesvd,float,sm_120,U,all,8,33,vendor
gesvd,float,sm_120,U,all,8,48,vendor
gesvd,float,sm_120,U,all,8,64,vendor
gesvd,float,sm_120,U,all,8,65,vendor
gesvd,float,sm_120,U,all,8,128,vendor
gesvd,float,sm_120,U,all,8,256,vendor
gesvd,float,sm_120,U,all,8,512,vendor
gesvd,float,sm_120,U,all,8,1024,vendor
gesvd,float,sm_120,U,all,16,1,vendor
gesvd,float,sm_120,U,all,16,2,vendor
gesvd,float,sm_120,U,all,16,4,vendor
gesvd,float,sm_120,U,all,16,8,vendor
gesvd,float,sm_120,U,all,16,16,cta|vendor
gesvd,float,sm_120,U,all,16,24,vendor
gesvd,float,sm_120,U,all,16,32,vendor
gesvd,float,sm_120,U,all,16,33,vendor
gesvd,float,sm_120,U,all,16,48,vendor
gesvd,float,sm_120,U,all,16,64,vendor
gesvd,float,sm_120,U,all,16,65,vendor
gesvd,float,sm_120,U,all,16,128,vendor
gesvd,float,sm_120,U,all,16,256,vendor
gesvd,float,sm_120,U,all,16,512,vendor
gesvd,float,sm_120,U,all,16,1024,vendor
gesvd,float,sm_120,U,all,24,1,vendor
gesvd,float,sm_120,U,all,24,2,vendor
gesvd,float,sm_120,U,all,24,4,vendor
gesvd,float,sm_120,U,all,24,8,vendor
gesvd,float,sm_120,U,all,24,16,vendor
gesvd,float,sm_120,U,all,24,24,cta|vendor
gesvd,float,sm_120,U,all,24,32,vendor
gesvd,float,sm_120,U,all,24,33,vendor
gesvd,float,sm_120,U,all,24,48,vendor
gesvd,float,sm_120,U,all,24,64,vendor
gesvd,float,sm_120,U,all,24,65,vendor
gesvd,float,sm_120,U,all,24,128,vendor
gesvd,float,sm_120,U,all,24,256,vendor
gesvd,float,sm_120,U,all,24,512,vendor
gesvd,float,sm_120,U,all,24,1024,vendor
gesvd,float,sm_120,U,all,32,1,vendor
gesvd,float,sm_120,U,all,32,2,vendor
gesvd,float,sm_120,U,all,32,4,vendor
gesvd,float,sm_120,U,all,32,8,vendor
gesvd,float,sm_120,U,all,32,16,vendor
gesvd,float,sm_120,U,all,32,24,vendor
gesvd,float,sm_120,U,all,32,32,cta|vendor
gesvd,float,sm_120,U,all,32,33,vendor
gesvd,float,sm_120,U,all,32,48,vendor
gesvd,float,sm_120,U,all,32,64,vendor
gesvd,float,sm_120,U,all,32,65,vendor
gesvd,float,sm_120,U,all,32,128,vendor
gesvd,float,sm_120,U,all,32,256,vendor
gesvd,float,sm_120,U,all,32,512,vendor
gesvd,float,sm_120,U,all,32,1024,vendor
gesvd,float,sm_120,U,all,33,1,vendor
gesvd,float,sm_120,U,all,33,2,vendor
gesvd,float,sm_120,U,all,33,4,vendor
gesvd,float,sm_120,U,all,33,8,vendor
gesvd,float,sm_120,U,all,33,16,vendor
gesvd,float,sm_120,U,all,33,24,vendor
gesvd,float,sm_120,U,all,33,32,vendor
gesvd,float,sm_120,U,all,33,33,vendor
gesvd,float,sm_120,U,all,33,48,vendor
gesvd,float,sm_120,U,all,33,64,vendor
gesvd,float,sm_120,U,all,33,65,vendor
gesvd,float,sm_120,U,all,33,128,vendor
gesvd,float,sm_120,U,all,33,256,vendor
gesvd,float,sm_120,U,all,33,512,vendor
gesvd,float,sm_120,U,all,33,1024,vendor
gesvd,float,sm_120,U,all,48,1,vendor
gesvd,float,sm_120,U,all,48,2,vendor
gesvd,float,sm_120,U,all,48,4,vendor
gesvd,float,sm_120,U,all,48,8,vendor
gesvd,float,sm_120,U,all,48,16,vendor
gesvd,float,sm_120,U,all,48,24,vendor
gesvd,float,sm_120,U,all,48,32,vendor
gesvd,float,sm_120,U,all,48,33,vendor
gesvd,float,sm_120,U,all,48,48,vendor
gesvd,float,sm_120,U,all,48,64,vendor
gesvd,float,sm_120,U,all,48,65,vendor
gesvd,float,sm_120,U,all,48,128,vendor
gesvd,float,sm_120,U,all,48,256,vendor
gesvd,float,sm_120,U,all,48,512,vendor
gesvd,float,sm_120,U,all,48,1024,vendor
gesvd,float,sm_120,U,all,64,1,vendor
gesvd,float,sm_120,U,all,64,2,vendor
gesvd,float,sm_120,U,all,64,4,vendor
gesvd,float,sm_120,U,all,64,8,vendor
gesvd,float,sm_120,U,all,64,16,vendor
gesvd,float,sm_120,U,all,64,24,vendor
gesvd,float,sm_120,U,all,64,32,vendor
gesvd,float,sm_120,U,all,64,33,vendor
gesvd,float,sm_120,U,all,64,48,vendor
gesvd,float,sm_120,U,all,64,64,vendor
gesvd,float,sm_120,U,all,64,65,vendor
gesvd,float,sm_120,U,all,64,128,vendor
gesvd,float,sm_120,U,all,64,256,vendor
gesvd,float,sm_120,U,all,64,512,vendor
gesvd,float,sm_120,U,all,64,1024,vendor
gesvd,float,sm_120,U,all,65,1,vendor
gesvd,float,sm_120,U,all,65,2,vendor
gesvd,float,sm_120,U,all,65,4,vendor
gesvd,float,sm_120,U,all,65,8,vendor
gesvd,float,sm_120,U,all,65,16,vendor
gesvd,float,sm_120,U,all,65,24,vendor
gesvd,float,sm_120,U,all,65,32,vendor
gesvd,float,sm_120,U,all,65,33,vendor
gesvd,float,sm_120,U,all,65,48,vendor
gesvd,float,sm_120,U,all,65,64,vendor
gesvd,float,sm_120,U,all,65,65,vendor
gesvd,float,sm_120,U,all,65,128,vendor
gesvd,float,sm_120,U,all,65,256,vendor
gesvd,float,sm_120,U,all,65,512,vendor
gesvd,float,sm_120,U,all,65,1024,vendor
gesvd,float,sm_120,U,all,128,1,vendor
gesvd,float,sm_120,U,all,128,2,vendor
gesvd,float,sm_120,U,all,128,4,vendor
gesvd,float,sm_120,U,all,128,8,vendor
gesvd,float,sm_120,U,all,128,16,vendor
gesvd,float,sm_120,U,all,128,24,vendor
gesvd,float,sm_120,U,all,128,32,vendor
gesvd,float,sm_120,U,all,128,33,vendor
gesvd,float,sm_120,U,all,128,48,vendor
gesvd,float,sm_120,U,all,128,64,vendor
gesvd,float,sm_120,U,all,128,65,vendor
gesvd,float,sm_120,U,all,128,128,vendor
gesvd,float,sm_120,U,all,128,256,vendor
gesvd,float,sm_120,U,all,128,512,vendor
gesvd,float,sm_120,U,all,128,1024,vendor
gesvd,float,sm_120,U,all,256,1,vendor
gesvd,float,sm_120,U,all,256,2,vendor
gesvd,float,sm_120,U,all,256,4,vendor
gesvd,float,sm_120,U,all,256,8,vendor
gesvd,float,sm_120,U,all,256,16,vendor
gesvd,float,sm_120,U,all,256,24,vendor
gesvd,float,sm_120,U,all,256,32,vendor
gesvd,float,sm_120,U,all,256,33,vendor
gesvd,float,sm_120,U,all,256,48,vendor
gesvd,float,sm_120,U,all,256,64,vendor
gesvd,float,sm_120,U,all,256,65,vendor
gesvd,float,sm_120,U,all,256,128,vendor
gesvd,float,sm_120,U,all,256,256,vendor
gesvd,float,sm_120,U,all,256,512,vendor
gesvd,float,sm_120,U,all,256,1024,vendor
gesvd,float,sm_120,U,all,512,1,vendor
gesvd,float,sm_120,U,all,512,2,vendor
gesvd,float,sm_120,U,all,512,4,vendor
gesvd,float,sm_120,U,all,512,8,vendor
gesvd,float,sm_120,U,all,512,16,vendor
gesvd,float,sm_120,U,all,512,24,vendor
gesvd,float,sm_120,U,all,512,32,vendor
gesvd,float,sm_120,U,all,512,33,vendor
gesvd,float,sm_120,U,all,512,48,vendor
gesvd,float,sm_120,U,all,512,64,vendor
gesvd,float,sm_120,U,all,512,65,vendor
gesvd,float,sm_120,U,all,512,128,vendor
gesvd,float,sm_120,U,all,512,256,vendor
gesvd,float,sm_120,U,all,512,512,vendor
gesvd,float,sm_120,U,all,512,1024,vendor
gesvd,float,sm_120,U,all,1024,1,vendor
gesvd,float,sm_120,U,all,1024,2,vendor
gesvd,float,sm_120,U,all,1024,4,vendor
gesvd,float,sm_120,U,all,1024,8,vendor
gesvd,float,sm_120,U,all,1024,16,vendor
gesvd,float,sm_120,U,all,1024,24,vendor
gesvd,float,sm_120,U,all,1024,32,vendor
gesvd,float,sm_120,U,all,1024,33,vendor
gesvd,float,sm_120,U,all,1024,48,vendor
gesvd,float,sm_120,U,all,1024,64,vendor
gesvd,float,sm_120,U,all,1024,65,vendor
gesvd,float,sm_120,U,all,1024,128,vendor
gesvd,float,sm_120,U,all,1024,256,vendor
gesvd,float,sm_120,U,all,1024,512,vendor
gesvd,float,sm_120,U,all,1024,1024,vendor
gesvd,float,sm_120,U,thin,1,1,vendor
gesvd,float,sm_120,U,thin,1,2,vendor
gesvd,float,sm_120,U,thin,1,4,vendor
gesvd,float,sm_120,U,thin,1,8,vendor
gesvd,float,sm_120,U,thin,1,16,vendor
gesvd,float,sm_120,U,thin,1,24,vendor
gesvd,float,sm_120,U,thin,1,32,vendor
gesvd,float,sm_120,U,thin,1,33,vendor
gesvd,float,sm_120,U,thin,1,48,vendor
gesvd,float,sm_120,U,thin,1,64,vendor
gesvd,float,sm_120,U,thin,1,65,vendor
gesvd,float,sm_120,U,thin,1,128,vendor
gesvd,float,sm_120,U,thin,1,256,vendor
gesvd,float,sm_120,U,thin,1,512,vendor
gesvd,float,sm_120,U,thin,1,1024,vendor
gesvd,float,sm_120,U,thin,2,1,vendor
gesvd,float,sm_120,U,thin,2,2,vendor
gesvd,float,sm_120,U,thin,2,4,vendor
gesvd,float,sm_120,U,thin,2,8,vendor
gesvd,float,sm_120,U,thin,2,16,vendor
gesvd,float,sm_120,U,thin,2,24,vendor
gesvd,float,sm_120,U,thin,2,32,vendor
gesvd,float,sm_120,U,thin,2,33,vendor
gesvd,float,sm_120,U,thin,2,48,vendor
gesvd,float,sm_120,U,thin,2,64,vendor
gesvd,float,sm_120,U,thin,2,65,vendor
gesvd,float,sm_120,U,thin,2,128,vendor
gesvd,float,sm_120,U,thin,2,256,vendor
gesvd,float,sm_120,U,thin,2,512,vendor
gesvd,float,sm_120,U,thin,2,1024,vendor
gesvd,float,sm_120,U,thin,4,1,vendor
gesvd,float,sm_120,U,thin,4,2,vendor
gesvd,float,sm_120,U,thin,4,4,vendor
gesvd,float,sm_120,U,thin,4,8,vendor
gesvd,float,sm_120,U,thin,4,16,vendor
gesvd,float,sm_120,U,thin,4,24,vendor
gesvd,float,sm_120,U,thin,4,32,vendor
gesvd,float,sm_120,U,thin,4,33,vendor
gesvd,float,sm_120,U,thin,4,48,vendor
gesvd,float,sm_120,U,thin,4,64,vendor
gesvd,float,sm_120,U,thin,4,65,vendor
gesvd,float,sm_120,U,thin,4,128,vendor
gesvd,float,sm_120,U,thin,4,256,vendor
gesvd,float,sm_120,U,thin,4,512,vendor
gesvd,float,sm_120,U,thin,4,1024,vendor
gesvd,float,sm_120,U,thin,8,1,vendor
gesvd,float,sm_120,U,thin,8,2,vendor
gesvd,float,sm_120,U,thin,8,4,vendor
gesvd,float,sm_120,U,thin,8,8,vendor
gesvd,float,sm_120,U,thin,8,16,vendor
gesvd,float,sm_120,U,thin,8,24,vendor
gesvd,float,sm_120,U,thin,8,32,vendor
gesvd,float,sm_120,U,thin,8,33,vendor
gesvd,float,sm_120,U,thin,8,48,vendor
gesvd,float,sm_120,U,thin,8,64,vendor
gesvd,float,sm_120,U,thin,8,65,vendor
gesvd,float,sm_120,U,thin,8,128,vendor
gesvd,float,sm_120,U,thin,8,256,vendor
gesvd,float,sm_120,U,thin,8,512,vendor
gesvd,float,sm_120,U,thin,8,1024,vendor
gesvd,float,sm_120,U,thin,16,1,vendor
gesvd,float,sm_120,U,thin,16,2,vendor
gesvd,float,sm_120,U,thin,16,4,vendor
gesvd,float,sm_120,U,thin,16,8,vendor
gesvd,float,sm_120,U,thin,16,16,vendor
gesvd,float,sm_120,U,thin,16,24,vendor
gesvd,float,sm_120,U,thin,16,32,vendor
gesvd,float,sm_120,U,thin,16,33,vendor
gesvd,float,sm_120,U,thin,16,48,vendor
gesvd,float,sm_120,U,thin,16,64,vendor
gesvd,float,sm_120,U,thin,16,65,vendor
gesvd,float,sm_120,U,thin,16,128,vendor
gesvd,float,sm_120,U,thin,16,256,vendor
gesvd,float,sm_120,U,thin,16,512,vendor
gesvd,float,sm_120,U,thin,16,1024,vendor
gesvd,float,sm_120,U,thin,24,1,vendor
gesvd,float,sm_120,U,thin,24,2,vendor
gesvd,float,sm_120,U,thin,24,4,vendor
gesvd,float,sm_120,U,thin,24,8,vendor
gesvd,float,sm_120,U,thin,24,16,vendor
gesvd,float,sm_120,U,thin,24,24,vendor
gesvd,float,sm_120,U,thin,24,32,vendor
gesvd,float,sm_120,U,thin,24,33,vendor
gesvd,float,sm_120,U,thin,24,48,vendor
gesvd,float,sm_120,U,thin,24,64,vendor
gesvd,float,sm_120,U,thin,24,65,vendor
gesvd,float,sm_120,U,thin,24,128,vendor
gesvd,float,sm_120,U,thin,24,256,vendor
gesvd,float,sm_120,U,thin,24,512,vendor
gesvd,float,sm_120,U,thin,24,1024,vendor
gesvd,float,sm_120,U,thin,32,1,vendor
gesvd,float,sm_120,U,thin,32,2,vendor
gesvd,float,sm_120,U,thin,32,4,vendor
gesvd,float,sm_120,U,thin,32,8,vendor
gesvd,float,sm_120,U,thin,32,16,vendor
gesvd,float,sm_120,U,thin,32,24,vendor
gesvd,float,sm_120,U,thin,32,32,vendor
gesvd,float,sm_120,U,thin,32,33,vendor
gesvd,float,sm_120,U,thin,32,48,vendor
gesvd,float,sm_120,U,thin,32,64,vendor
gesvd,float,sm_120,U,thin,32,65,vendor
gesvd,float,sm_120,U,thin,32,128,vendor
gesvd,float,sm_120,U,thin,32,256,vendor
gesvd,float,sm_120,U,thin,32,512,vendor
gesvd,float,sm_120,U,thin,32,1024,vendor
gesvd,float,sm_120,U,thin,33,1,vendor
gesvd,float,sm_120,U,thin,33,2,vendor
gesvd,float,sm_120,U,thin,33,4,vendor
gesvd,float,sm_120,U,thin,33,8,vendor
gesvd,float,sm_120,U,thin,33,16,vendor
gesvd,float,sm_120,U,thin,33,24,vendor
gesvd,float,sm_120,U,thin,33,32,vendor
gesvd,float,sm_120,U,thin,33,33,vendor
gesvd,float,sm_120,U,thin,33,48,vendor
gesvd,float,sm_120,U,thin,33,64,vendor
gesvd,float,sm_120,U,thin,33,65,vendor
gesvd,float,sm_120,U,thin,33,128,vendor
gesvd,float,sm_120,U,thin,33,256,vendor
gesvd,float,sm_120,U,thin,33,512,vendor
gesvd,float,sm_120,U,thin,33,1024,vendor
gesvd,float,sm_120,U,thin,48,1,vendor
gesvd,float,sm_120,U,thin,48,2,vendor
gesvd,float,sm_120,U,thin,48,4,vendor
gesvd,float,sm_120,U,thin,48,8,vendor
gesvd,float,sm_120,U,thin,48,16,vendor
gesvd,float,sm_120,U,thin,48,24,vendor
gesvd,float,sm_120,U,thin,48,32,vendor
gesvd,float,sm_120,U,thin,48,33,vendor
gesvd,float,sm_120,U,thin,48,48,vendor
gesvd,float,sm_120,U,thin,48,64,vendor
gesvd,float,sm_120,U,thin,48,65,vendor
gesvd,float,sm_120,U,thin,48,128,vendor
gesvd,float,sm_120,U,thin,48,256,vendor
gesvd,float,sm_120,U,thin,48,512,vendor
gesvd,float,sm_120,U,thin,48,1024,vendor
gesvd,float,sm_120,U,thin,64,1,vendor
gesvd,float,sm_120,U,thin,64,2,vendor
gesvd,float,sm_120,U,thin,64,4,vendor
gesvd,float,sm_120,U,thin,64,8,vendor
gesvd,float,sm_120,U,thin,64,16,vendor
gesvd,float,sm_120,U,thin,64,24,vendor
gesvd,float,sm_120,U,thin,64,32,vendor
gesvd,float,sm_120,U,thin,64,33,vendor
gesvd,float,sm_120,U,thin,64,48,vendor
gesvd,float,sm_120,U,thin,64,64,vendor
gesvd,float,sm_120,U,thin,64,65,vendor
gesvd,float,sm_120,U,thin,64,128,vendor
gesvd,float,sm_120,U,thin,64,256,vendor
gesvd,float,sm_120,U,thin,64,512,vendor
gesvd,float,sm_120,U,thin,64,1024,vendor
gesvd,float,sm_120,U,thin,65,1,vendor
gesvd,float,sm_120,U,thin,65,2,vendor
gesvd,float,sm_120,U,thin,65,4,vendor
gesvd,float,sm_120,U,thin,65,8,vendor
gesvd,float,sm_120,U,thin,65,16,vendor
gesvd,float,sm_120,U,thin,65,24,vendor
gesvd,float,sm_120,U,thin,65,32,vendor
gesvd,float,sm_120,U,thin,65,33,vendor
gesvd,float,sm_120,U,thin,65,48,vendor
gesvd,float,sm_120,U,thin,65,64,vendor
gesvd,float,sm_120,U,thin,65,65,vendor
gesvd,float,sm_120,U,thin,65,128,vendor
gesvd,float,sm_120,U,thin,65,256,vendor
gesvd,float,sm_120,U,thin,65,512,vendor
gesvd,float,sm_120,U,thin,65,1024,vendor
gesvd,float,sm_120,U,thin,128,1,vendor
gesvd,float,sm_120,U,thin,128,2,vendor
gesvd,float,sm_120,U,thin,128,4,vendor
gesvd,float,sm_120,U,thin,128,8,vendor
gesvd,float,sm_120,U,thin,128,16,vendor
gesvd,float,sm_120,U,thin,128,24,vendor
gesvd,float,sm_120,U,thin,128,32,vendor
gesvd,float,sm_120,U,thin,128,33,vendor
gesvd,float,sm_120,U,thin,128,48,vendor
gesvd,float,sm_120,U,thin,128,64,vendor
gesvd,float,sm_120,U,thin,128,65,vendor
gesvd,float,sm_120,U,thin,128,128,vendor
gesvd,float,sm_120,U,thin,128,256,vendor
gesvd,float,sm_120,U,thin,128,512,vendor
gesvd,float,sm_120,U,thin,128,1024,vendor
gesvd,float,sm_120,U,thin,256,1,vendor
gesvd,float,sm_120,U,thin,256,2,vendor
gesvd,float,sm_120,U,thin,256,4,vendor
gesvd,float,sm_120,U,thin,256,8,vendor
gesvd,float,sm_120,U,thin,256,16,vendor
gesvd,float,sm_120,U,thin,256,24,vendor
gesvd,float,sm_120,U,thin,256,32,vendor
gesvd,float,sm_120,U,thin,256,33,vendor
gesvd,float,sm_120,U,thin,256,48,vendor
gesvd,float,sm_120,U,thin,256,64,vendor
gesvd,float,sm_120,U,thin,256,65,vendor
gesvd,float,sm_120,U,thin,256,128,vendor
gesvd,float,sm_120,U,thin,256,256,vendor
gesvd,float,sm_120,U,thin,256,512,vendor
gesvd,float,sm_120,U,thin,256,1024,vendor
gesvd,float,sm_120,U,thin,512,1,vendor
gesvd,float,sm_120,U,thin,512,2,vendor
gesvd,float,sm_120,U,thin,512,4,vendor
gesvd,float,sm_120,U,thin,512,8,vendor
gesvd,float,sm_120,U,thin,512,16,vendor
gesvd,float,sm_120,U,thin,512,24,vendor
gesvd,float,sm_120,U,thin,512,32,vendor
gesvd,float,sm_120,U,thin,512,33,vendor
gesvd,float,sm_120,U,thin,512,48,vendor
gesvd,float,sm_120,U,thin,512,64,vendor
gesvd,float,sm_120,U,thin,512,65,vendor
gesvd,float,sm_120,U,thin,512,128,vendor
gesvd,float,sm_120,U,thin,512,256,vendor
gesvd,float,sm_120,U,thin,512,512,vendor
gesvd,float,sm_120,U,thin,512,1024,vendor
gesvd,float,sm_120,U,thin,1024,1,vendor
gesvd,float,sm_120,U,thin,1024,2,vendor
gesvd,float,sm_120,U,thin,1024,4,vendor
gesvd,float,sm_120,U,thin,1024,8,vendor
gesvd,float,sm_120,U,thin,1024,16,vendor
gesvd,float,sm_120,U,thin,1024,24,vendor
gesvd,float,sm_120,U,thin,1024,32,vendor
gesvd,float,sm_120,U,thin,1024,33,vendor
gesvd,float,sm_120,U,thin,1024,48,vendor
gesvd,float,sm_120,U,thin,1024,64,vendor
gesvd,float,sm_120,U,thin,1024,65,vendor
gesvd,float,sm_120,U,thin,1024,128,vendor
gesvd,float,sm_120,U,thin,1024,256,vendor
gesvd,float,sm_120,U,thin,1024,512,vendor
gesvd,float,sm_120,U,thin,1024,1024,vendor
gesvd,double,sm_120,N,none,1,1,jacobi|cta|blocked|vendor
gesvd,double,sm_120,N,none,1,2,jacobi|cta|blocked|vendor
gesvd,double,sm_120,N,none,1,4,jacobi|cta|blocked|vendor
gesvd,double,sm_120,N,none,1,8,jacobi|cta|blocked|vendor
gesvd,double,sm_120,N,none,1,16,jacobi|cta|blocked|vendor
gesvd,double,sm_120,N,none,1,24,jacobi|cta|blocked|vendor
gesvd,double,sm_120,N,none,1,32,jacobi|cta|blocked|vendor
gesvd,double,sm_120,N,none,1,33,blocked|vendor|jacobi
gesvd,double,sm_120,N,none,1,48,blocked|vendor|jacobi
gesvd,double,sm_120,N,none,1,64,blocked|vendor|jacobi
gesvd,double,sm_120,N,none,1,65,blocked|vendor
gesvd,double,sm_120,N,none,1,128,blocked|vendor
gesvd,double,sm_120,N,none,1,256,blocked|vendor
gesvd,double,sm_120,N,none,1,512,blocked|vendor
gesvd,double,sm_120,N,none,1,1024,blocked|vendor
gesvd,double,sm_120,N,none,2,1,jacobi|cta|blocked|vendor
gesvd,double,sm_120,N,none,2,2,jacobi|cta|blocked|vendor
gesvd,double,sm_120,N,none,2,4,jacobi|cta|blocked|vendor
gesvd,double,sm_120,N,none,2,8,jacobi|cta|blocked|vendor
gesvd,double,sm_120,N,none,2,16,jacobi|cta|blocked|vendor
gesvd,double,sm_120,N,none,2,24,jacobi|cta|blocked|vendor
gesvd,double,sm_120,N,none,2,32,jacobi|cta|blocked|vendor
gesvd,double,sm_120,N,none,2,33,blocked|vendor|jacobi
gesvd,double,sm_120,N,none,2,48,blocked|vendor|jacobi
gesvd,double,sm_120,N,none,2,64,blocked|vendor|jacobi
gesvd,double,sm_120,N,none,2,65,blocked|vendor
gesvd,double,sm_120,N,none,2,128,blocked|vendor
gesvd,double,sm_120,N,none,2,256,blocked|vendor
gesvd,double,sm_120,N,none,2,512,blocked|vendor
gesvd,double,sm_120,N,none,2,1024,blocked|vendor
gesvd,double,sm_120,N,none,4,1,jacobi|cta|blocked|vendor
gesvd,double,sm_120,N,none,4,2,jacobi|cta|blocked|vendor
gesvd,double,sm_120,N,none,4,4,jacobi|cta|blocked|vendor
gesvd,double,sm_120,N,none,4,8,jacobi|cta|blocked|vendor
gesvd,double,sm_120,N,none,4,16,jacobi|cta|blocked|vendor
gesvd,double,sm_120,N,none,4,24,jacobi|cta|blocked|vendor
gesvd,double,sm_120,N,none,4,32,jacobi|cta|blocked|vendor
gesvd,double,sm_120,N,none,4,33,blocked|vendor|jacobi
gesvd,double,sm_120,N,none,4,48,blocked|vendor|jacobi
gesvd,double,sm_120,N,none,4,64,blocked|vendor|jacobi
gesvd,double,sm_120,N,none,4,65,blocked|vendor
gesvd,double,sm_120,N,none,4,128,blocked|vendor
gesvd,double,sm_120,N,none,4,256,blocked|vendor
gesvd,double,sm_120,N,none,4,512,blocked|vendor
gesvd,double,sm_120,N,none,4,1024,blocked|vendor
gesvd,double,sm_120,N,none,8,1,jacobi|cta|blocked|vendor
gesvd,double,sm_120,N,none,8,2,jacobi|cta|blocked|vendor
gesvd,double,sm_120,N,none,8,4,jacobi|cta|blocked|vendor
gesvd,double,sm_120,N,none,8,8,jacobi|cta|blocked|vendor
gesvd,double,sm_120,N,none,8,16,jacobi|cta|blocked|vendor
gesvd,double,sm_120,N,none,8,24,jacobi|cta|blocked|vendor
gesvd,double,sm_120,N,none,8,32,jacobi|cta|blocked|vendor
gesvd,double,sm_120,N,none,8,33,blocked|vendor|jacobi
gesvd,double,sm_120,N,none,8,48,blocked|vendor|jacobi
gesvd,double,sm_120,N,none,8,64,blocked|vendor|jacobi
gesvd,double,sm_120,N,none,8,65,blocked|vendor
gesvd,double,sm_120,N,none,8,128,blocked|vendor
gesvd,double,sm_120,N,none,8,256,blocked|vendor
gesvd,double,sm_120,N,none,8,512,blocked|vendor
gesvd,double,sm_120,N,none,8,1024,blocked|vendor
gesvd,double,sm_120,N,none,16,1,jacobi|cta|blocked|vendor
gesvd,double,sm_120,N,none,16,2,jacobi|cta|blocked|vendor
gesvd,double,sm_120,N,none,16,4,jacobi|cta|blocked|vendor
gesvd,double,sm_120,N,none,16,8,jacobi|cta|blocked|vendor
gesvd,double,sm_120,N,none,16,16,jacobi|cta|blocked|vendor
gesvd,double,sm_120,N,none,16,24,jacobi|cta|blocked|vendor
gesvd,double,sm_120,N,none,16,32,jacobi|cta|blocked|vendor
gesvd,double,sm_120,N,none,16,33,blocked|vendor|jacobi
gesvd,double,sm_120,N,none,16,48,blocked|vendor|jacobi
gesvd,double,sm_120,N,none,16,64,blocked|vendor|jacobi
gesvd,double,sm_120,N,none,16,65,blocked|vendor
gesvd,double,sm_120,N,none,16,128,blocked|vendor
gesvd,double,sm_120,N,none,16,256,blocked|vendor
gesvd,double,sm_120,N,none,16,512,blocked|vendor
gesvd,double,sm_120,N,none,16,1024,blocked|vendor
gesvd,double,sm_120,N,none,24,1,jacobi|cta|blocked|vendor
gesvd,double,sm_120,N,none,24,2,jacobi|cta|blocked|vendor
gesvd,double,sm_120,N,none,24,4,jacobi|cta|blocked|vendor
gesvd,double,sm_120,N,none,24,8,jacobi|cta|blocked|vendor
gesvd,double,sm_120,N,none,24,16,jacobi|cta|blocked|vendor
gesvd,double,sm_120,N,none,24,24,jacobi|cta|blocked|vendor
gesvd,double,sm_120,N,none,24,32,jacobi|cta|blocked|vendor
gesvd,double,sm_120,N,none,24,33,blocked|vendor|jacobi
gesvd,double,sm_120,N,none,24,48,blocked|vendor|jacobi
gesvd,double,sm_120,N,none,24,64,blocked|vendor|jacobi
gesvd,double,sm_120,N,none,24,65,blocked|vendor
gesvd,double,sm_120,N,none,24,128,blocked|vendor
gesvd,double,sm_120,N,none,24,256,blocked|vendor
gesvd,double,sm_120,N,none,24,512,blocked|vendor
gesvd,double,sm_120,N,none,24,1024,blocked|vendor
gesvd,double,sm_120,N,none,32,1,jacobi|cta|blocked|vendor
gesvd,double,sm_120,N,none,32,2,jacobi|cta|blocked|vendor
gesvd,double,sm_120,N,none,32,4,jacobi|cta|blocked|vendor
gesvd,double,sm_120,N,none,32,8,jacobi|cta|blocked|vendor
gesvd,double,sm_120,N,none,32,16,jacobi|cta|blocked|vendor
gesvd,double,sm_120,N,none,32,24,jacobi|cta|blocked|vendor
gesvd,double,sm_120,N,none,32,32,jacobi|cta|blocked|vendor
gesvd,double,sm_120,N,none,32,33,blocked|vendor|jacobi
gesvd,double,sm_120,N,none,32,48,blocked|vendor|jacobi
gesvd,double,sm_120,N,none,32,64,blocked|vendor|jacobi
gesvd,double,sm_120,N,none,32,65,blocked|vendor
gesvd,double,sm_120,N,none,32,128,blocked|vendor
gesvd,double,sm_120,N,none,32,256,blocked|vendor
gesvd,double,sm_120,N,none,32,512,blocked|vendor
gesvd,double,sm_120,N,none,32,1024,blocked|vendor
gesvd,double,sm_120,N,none,33,1,blocked|vendor|jacobi
gesvd,double,sm_120,N,none,33,2,blocked|vendor|jacobi
gesvd,double,sm_120,N,none,33,4,blocked|vendor|jacobi
gesvd,double,sm_120,N,none,33,8,blocked|vendor|jacobi
gesvd,double,sm_120,N,none,33,16,blocked|vendor|jacobi
gesvd,double,sm_120,N,none,33,24,blocked|vendor|jacobi
gesvd,double,sm_120,N,none,33,32,blocked|vendor|jacobi
gesvd,double,sm_120,N,none,33,33,blocked|vendor|jacobi
gesvd,double,sm_120,N,none,33,48,blocked|vendor|jacobi
gesvd,double,sm_120,N,none,33,64,blocked|vendor|jacobi
gesvd,double,sm_120,N,none,33,65,blocked|vendor
gesvd,double,sm_120,N,none,33,128,blocked|vendor
gesvd,double,sm_120,N,none,33,256,blocked|vendor
gesvd,double,sm_120,N,none,33,512,blocked|vendor
gesvd,double,sm_120,N,none,33,1024,blocked|vendor
gesvd,double,sm_120,N,none,48,1,blocked|vendor|jacobi
gesvd,double,sm_120,N,none,48,2,blocked|vendor|jacobi
gesvd,double,sm_120,N,none,48,4,blocked|vendor|jacobi
gesvd,double,sm_120,N,none,48,8,blocked|vendor|jacobi
gesvd,double,sm_120,N,none,48,16,blocked|vendor|jacobi
gesvd,double,sm_120,N,none,48,24,blocked|vendor|jacobi
gesvd,double,sm_120,N,none,48,32,blocked|vendor|jacobi
gesvd,double,sm_120,N,none,48,33,blocked|vendor|jacobi
gesvd,double,sm_120,N,none,48,48,blocked|vendor|jacobi
gesvd,double,sm_120,N,none,48,64,blocked|vendor|jacobi
gesvd,double,sm_120,N,none,48,65,blocked|vendor
gesvd,double,sm_120,N,none,48,128,blocked|vendor
gesvd,double,sm_120,N,none,48,256,blocked|vendor
gesvd,double,sm_120,N,none,48,512,blocked|vendor
gesvd,double,sm_120,N,none,48,1024,blocked|vendor
gesvd,double,sm_120,N,none,64,1,blocked|vendor|jacobi
gesvd,double,sm_120,N,none,64,2,blocked|vendor|jacobi
gesvd,double,sm_120,N,none,64,4,blocked|vendor|jacobi
gesvd,double,sm_120,N,none,64,8,blocked|vendor|jacobi
gesvd,double,sm_120,N,none,64,16,blocked|vendor|jacobi
gesvd,double,sm_120,N,none,64,24,blocked|vendor|jacobi
gesvd,double,sm_120,N,none,64,32,blocked|vendor|jacobi
gesvd,double,sm_120,N,none,64,33,blocked|vendor|jacobi
gesvd,double,sm_120,N,none,64,48,blocked|vendor|jacobi
gesvd,double,sm_120,N,none,64,64,blocked|vendor|jacobi
gesvd,double,sm_120,N,none,64,65,blocked|vendor
gesvd,double,sm_120,N,none,64,128,blocked|vendor
gesvd,double,sm_120,N,none,64,256,blocked|vendor
gesvd,double,sm_120,N,none,64,512,blocked|vendor
gesvd,double,sm_120,N,none,64,1024,blocked|vendor
gesvd,double,sm_120,N,none,65,1,blocked|vendor
gesvd,double,sm_120,N,none,65,2,blocked|vendor
gesvd,double,sm_120,N,none,65,4,blocked|vendor
gesvd,double,sm_120,N,none,65,8,blocked|vendor
gesvd,double,sm_120,N,none,65,16,blocked|vendor
gesvd,double,sm_120,N,none,65,24,blocked|vendor
gesvd,double,sm_120,N,none,65,32,blocked|vendor
gesvd,double,sm_120,N,none,65,33,blocked|vendor
gesvd,double,sm_120,N,none,65,48,blocked|vendor
gesvd,double,sm_120,N,none,65,64,blocked|vendor
gesvd,double,sm_120,N,none,65,65,blocked|vendor
gesvd,double,sm_120,N,none,65,128,blocked|vendor
gesvd,double,sm_120,N,none,65,256,blocked|vendor
gesvd,double,sm_120,N,none,65,512,blocked|vendor
gesvd,double,sm_120,N,none,65,1024,blocked|vendor
gesvd,double,sm_120,N,none,128,1,blocked|vendor
gesvd,double,sm_120,N,none,128,2,blocked|vendor
gesvd,double,sm_120,N,none,128,4,blocked|vendor
gesvd,double,sm_120,N,none,128,8,blocked|vendor
gesvd,double,sm_120,N,none,128,16,blocked|vendor
gesvd,double,sm_120,N,none,128,24,blocked|vendor
gesvd,double,sm_120,N,none,128,32,blocked|vendor
gesvd,double,sm_120,N,none,128,33,blocked|vendor
gesvd,double,sm_120,N,none,128,48,blocked|vendor
gesvd,double,sm_120,N,none,128,64,blocked|vendor
gesvd,double,sm_120,N,none,128,65,blocked|vendor
gesvd,double,sm_120,N,none,128,128,blocked|vendor
gesvd,double,sm_120,N,none,128,256,blocked|vendor
gesvd,double,sm_120,N,none,128,512,blocked|vendor
gesvd,double,sm_120,N,none,128,1024,blocked|vendor
gesvd,double,sm_120,N,none,256,1,blocked|vendor
gesvd,double,sm_120,N,none,256,2,blocked|vendor
gesvd,double,sm_120,N,none,256,4,blocked|vendor
gesvd,double,sm_120,N,none,256,8,blocked|vendor
gesvd,double,sm_120,N,none,256,16,blocked|vendor
gesvd,double,sm_120,N,none,256,24,blocked|vendor
gesvd,double,sm_120,N,none,256,32,blocked|vendor
gesvd,double,sm_120,N,none,256,33,blocked|vendor
gesvd,double,sm_120,N,none,256,48,blocked|vendor
gesvd,double,sm_120,N,none,256,64,blocked|vendor
gesvd,double,sm_120,N,none,256,65,blocked|vendor
gesvd,double,sm_120,N,none,256,128,blocked|vendor
gesvd,double,sm_120,N,none,256,256,blocked|vendor
gesvd,double,sm_120,N,none,256,512,blocked|vendor
gesvd,double,sm_120,N,none,256,1024,blocked|vendor
gesvd,double,sm_120,N,none,512,1,blocked|vendor
gesvd,double,sm_120,N,none,512,2,blocked|vendor
gesvd,double,sm_120,N,none,512,4,blocked|vendor
gesvd,double,sm_120,N,none,512,8,blocked|vendor
gesvd,double,sm_120,N,none,512,16,blocked|vendor
gesvd,double,sm_120,N,none,512,24,blocked|vendor
gesvd,double,sm_120,N,none,512,32,blocked|vendor
gesvd,double,sm_120,N,none,512,33,blocked|vendor
gesvd,double,sm_120,N,none,512,48,blocked|vendor
gesvd,double,sm_120,N,none,512,64,blocked|vendor
gesvd,double,sm_120,N,none,512,65,blocked|vendor
gesvd,double,sm_120,N,none,512,128,blocked|vendor
gesvd,double,sm_120,N,none,512,256,blocked|vendor
gesvd,double,sm_120,N,none,512,512,blocked|vendor
gesvd,double,sm_120,N,none,512,1024,blocked|vendor
gesvd,double,sm_120,N,none,1024,1,blocked|vendor
gesvd,double,sm_120,N,none,1024,2,blocked|vendor
gesvd,double,sm_120,N,none,1024,4,blocked|vendor
gesvd,double,sm_120,N,none,1024,8,blocked|vendor
gesvd,double,sm_120,N,none,1024,16,blocked|vendor
gesvd,double,sm_120,N,none,1024,24,blocked|vendor
gesvd,double,sm_120,N,none,1024,32,blocked|vendor
gesvd,double,sm_120,N,none,1024,33,blocked|vendor
gesvd,double,sm_120,N,none,1024,48,blocked|vendor
gesvd,double,sm_120,N,none,1024,64,blocked|vendor
gesvd,double,sm_120,N,none,1024,65,blocked|vendor
gesvd,double,sm_120,N,none,1024,128,blocked|vendor
gesvd,double,sm_120,N,none,1024,256,blocked|vendor
gesvd,double,sm_120,N,none,1024,512,blocked|vendor
gesvd,double,sm_120,N,none,1024,1024,blocked|vendor
gesvd,double,sm_120,N,all,1,1,jacobi|cta|blocked|vendor
gesvd,double,sm_120,N,all,1,2,jacobi|cta|blocked|vendor
gesvd,double,sm_120,N,all,1,4,jacobi|cta|blocked|vendor
gesvd,double,sm_120,N,all,1,8,jacobi|cta|blocked|vendor
gesvd,double,sm_120,N,all,1,16,jacobi|cta|blocked|vendor
gesvd,double,sm_120,N,all,1,24,jacobi|cta|blocked|vendor
gesvd,double,sm_120,N,all,1,32,jacobi|cta|blocked|vendor
gesvd,double,sm_120,N,all,1,33,blocked|vendor|jacobi
gesvd,double,sm_120,N,all,1,48,blocked|vendor|jacobi
gesvd,double,sm_120,N,all,1,64,blocked|vendor|jacobi
gesvd,double,sm_120,N,all,1,65,blocked|vendor
gesvd,double,sm_120,N,all,1,128,blocked|vendor
gesvd,double,sm_120,N,all,1,256,blocked|vendor
gesvd,double,sm_120,N,all,1,512,blocked|vendor
gesvd,double,sm_120,N,all,1,1024,blocked|vendor
gesvd,double,sm_120,N,all,2,1,jacobi|cta|blocked|vendor
gesvd,double,sm_120,N,all,2,2,jacobi|cta|blocked|vendor
gesvd,double,sm_120,N,all,2,4,jacobi|cta|blocked|vendor
gesvd,double,sm_120,N,all,2,8,jacobi|cta|blocked|vendor
gesvd,double,sm_120,N,all,2,16,jacobi|cta|blocked|vendor
gesvd,double,sm_120,N,all,2,24,jacobi|cta|blocked|vendor
gesvd,double,sm_120,N,all,2,32,jacobi|cta|blocked|vendor
gesvd,double,sm_120,N,all,2,33,blocked|vendor|jacobi
gesvd,double,sm_120,N,all,2,48,blocked|vendor|jacobi
gesvd,double,sm_120,N,all,2,64,blocked|vendor|jacobi
gesvd,double,sm_120,N,all,2,65,blocked|vendor
gesvd,double,sm_120,N,all,2,128,blocked|vendor
gesvd,double,sm_120,N,all,2,256,blocked|vendor
gesvd,double,sm_120,N,all,2,512,blocked|vendor
gesvd,double,sm_120,N,all,2,1024,blocked|vendor
gesvd,double,sm_120,N,all,4,1,jacobi|cta|blocked|vendor
gesvd,double,sm_120,N,all,4,2,jacobi|cta|blocked|vendor
gesvd,double,sm_120,N,all,4,4,jacobi|cta|blocked|vendor
gesvd,double,sm_120,N,all,4,8,jacobi|cta|blocked|vendor
gesvd,double,sm_120,N,all,4,16,jacobi|cta|blocked|vendor
gesvd,double,sm_120,N,all,4,24,jacobi|cta|blocked|vendor
gesvd,double,sm_120,N,all,4,32,jacobi|cta|blocked|vendor
gesvd,double,sm_120,N,all,4,33,blocked|vendor|jacobi
gesvd,double,sm_120,N,all,4,48,blocked|vendor|jacobi
gesvd,double,sm_120,N,all,4,64,blocked|vendor|jacobi
gesvd,double,sm_120,N,all,4,65,blocked|vendor
gesvd,double,sm_120,N,all,4,128,blocked|vendor
gesvd,double,sm_120,N,all,4,256,blocked|vendor
gesvd,double,sm_120,N,all,4,512,blocked|vendor
gesvd,double,sm_120,N,all,4,1024,blocked|vendor
gesvd,double,sm_120,N,all,8,1,jacobi|cta|blocked|vendor
gesvd,double,sm_120,N,all,8,2,jacobi|cta|blocked|vendor
gesvd,double,sm_120,N,all,8,4,jacobi|cta|blocked|vendor
gesvd,double,sm_120,N,all,8,8,jacobi|cta|blocked|vendor
gesvd,double,sm_120,N,all,8,16,jacobi|cta|blocked|vendor
gesvd,double,sm_120,N,all,8,24,jacobi|cta|blocked|vendor
gesvd,double,sm_120,N,all,8,32,jacobi|cta|blocked|vendor
gesvd,double,sm_120,N,all,8,33,blocked|vendor|jacobi
gesvd,double,sm_120,N,all,8,48,blocked|vendor|jacobi
gesvd,double,sm_120,N,all,8,64,blocked|vendor|jacobi
gesvd,double,sm_120,N,all,8,65,blocked|vendor
gesvd,double,sm_120,N,all,8,128,blocked|vendor
gesvd,double,sm_120,N,all,8,256,blocked|vendor
gesvd,double,sm_120,N,all,8,512,blocked|vendor
gesvd,double,sm_120,N,all,8,1024,blocked|vendor
gesvd,double,sm_120,N,all,16,1,jacobi|cta|blocked|vendor
gesvd,double,sm_120,N,all,16,2,jacobi|cta|blocked|vendor
gesvd,double,sm_120,N,all,16,4,jacobi|cta|blocked|vendor
gesvd,double,sm_120,N,all,16,8,jacobi|cta|blocked|vendor
gesvd,double,sm_120,N,all,16,16,jacobi|cta|blocked|vendor
gesvd,double,sm_120,N,all,16,24,jacobi|cta|blocked|vendor
gesvd,double,sm_120,N,all,16,32,jacobi|cta|blocked|vendor
gesvd,double,sm_120,N,all,16,33,blocked|vendor|jacobi
gesvd,double,sm_120,N,all,16,48,blocked|vendor|jacobi
gesvd,double,sm_120,N,all,16,64,blocked|vendor|jacobi
gesvd,double,sm_120,N,all,16,65,blocked|vendor
gesvd,double,sm_120,N,all,16,128,blocked|vendor
gesvd,double,sm_120,N,all,16,256,blocked|vendor
gesvd,double,sm_120,N,all,16,512,blocked|vendor
gesvd,double,sm_120,N,all,16,1024,blocked|vendor
gesvd,double,sm_120,N,all,24,1,jacobi|cta|blocked|vendor
gesvd,double,sm_120,N,all,24,2,jacobi|cta|blocked|vendor
gesvd,double,sm_120,N,all,24,4,jacobi|cta|blocked|vendor
gesvd,double,sm_120,N,all,24,8,jacobi|cta|blocked|vendor
gesvd,double,sm_120,N,all,24,16,jacobi|cta|blocked|vendor
gesvd,double,sm_120,N,all,24,24,jacobi|cta|blocked|vendor
gesvd,double,sm_120,N,all,24,32,jacobi|cta|blocked|vendor
gesvd,double,sm_120,N,all,24,33,blocked|vendor|jacobi
gesvd,double,sm_120,N,all,24,48,blocked|vendor|jacobi
gesvd,double,sm_120,N,all,24,64,blocked|vendor|jacobi
gesvd,double,sm_120,N,all,24,65,blocked|vendor
gesvd,double,sm_120,N,all,24,128,blocked|vendor
gesvd,double,sm_120,N,all,24,256,blocked|vendor
gesvd,double,sm_120,N,all,24,512,blocked|vendor
gesvd,double,sm_120,N,all,24,1024,blocked|vendor
gesvd,double,sm_120,N,all,32,1,jacobi|cta|blocked|vendor
gesvd,double,sm_120,N,all,32,2,jacobi|cta|blocked|vendor
gesvd,double,sm_120,N,all,32,4,jacobi|cta|blocked|vendor
gesvd,double,sm_120,N,all,32,8,jacobi|cta|blocked|vendor
gesvd,double,sm_120,N,all,32,16,jacobi|cta|blocked|vendor
gesvd,double,sm_120,N,all,32,24,jacobi|cta|blocked|vendor
gesvd,double,sm_120,N,all,32,32,jacobi|cta|blocked|vendor
gesvd,double,sm_120,N,all,32,33,blocked|vendor|jacobi
gesvd,double,sm_120,N,all,32,48,blocked|vendor|jacobi
gesvd,double,sm_120,N,all,32,64,blocked|vendor|jacobi
gesvd,double,sm_120,N,all,32,65,blocked|vendor
gesvd,double,sm_120,N,all,32,128,blocked|vendor
gesvd,double,sm_120,N,all,32,256,blocked|vendor
gesvd,double,sm_120,N,all,32,512,blocked|vendor
gesvd,double,sm_120,N,all,32,1024,blocked|vendor
gesvd,double,sm_120,N,all,33,1,blocked|vendor|jacobi
gesvd,double,sm_120,N,all,33,2,blocked|vendor|jacobi
gesvd,double,sm_120,N,all,33,4,blocked|vendor|jacobi
gesvd,double,sm_120,N,all,33,8,blocked|vendor|jacobi
gesvd,double,sm_120,N,all,33,16,blocked|vendor|jacobi
gesvd,double,sm_120,N,all,33,24,blocked|vendor|jacobi
gesvd,double,sm_120,N,all,33,32,blocked|vendor|jacobi
gesvd,double,sm_120,N,all,33,33,blocked|vendor|jacobi
gesvd,double,sm_120,N,all,33,48,blocked|vendor|jacobi
gesvd,double,sm_120,N,all,33,64,blocked|vendor|jacobi
gesvd,double,sm_120,N,all,33,65,blocked|vendor
gesvd,double,sm_120,N,all,33,128,blocked|vendor
gesvd,double,sm_120,N,all,33,256,blocked|vendor
gesvd,double,sm_120,N,all,33,512,blocked|vendor
gesvd,double,sm_120,N,all,33,1024,blocked|vendor
gesvd,double,sm_120,N,all,48,1,blocked|vendor|jacobi
gesvd,double,sm_120,N,all,48,2,blocked|vendor|jacobi
gesvd,double,sm_120,N,all,48,4,blocked|vendor|jacobi
gesvd,double,sm_120,N,all,48,8,blocked|vendor|jacobi
gesvd,double,sm_120,N,all,48,16,blocked|vendor|jacobi
gesvd,double,sm_120,N,all,48,24,blocked|vendor|jacobi
gesvd,double,sm_120,N,all,48,32,blocked|vendor|jacobi
gesvd,double,sm_120,N,all,48,33,blocked|vendor|jacobi
gesvd,double,sm_120,N,all,48,48,blocked|vendor|jacobi
gesvd,double,sm_120,N,all,48,64,blocked|vendor|jacobi
gesvd,double,sm_120,N,all,48,65,blocked|vendor
gesvd,double,sm_120,N,all,48,128,blocked|vendor
gesvd,double,sm_120,N,all,48,256,blocked|vendor
gesvd,double,sm_120,N,all,48,512,blocked|vendor
gesvd,double,sm_120,N,all,48,1024,blocked|vendor
gesvd,double,sm_120,N,all,64,1,blocked|vendor|jacobi
gesvd,double,sm_120,N,all,64,2,blocked|vendor|jacobi
gesvd,double,sm_120,N,all,64,4,blocked|vendor|jacobi
gesvd,double,sm_120,N,all,64,8,blocked|vendor|jacobi
gesvd,double,sm_120,N,all,64,16,blocked|vendor|jacobi
gesvd,double,sm_120,N,all,64,24,blocked|vendor|jacobi
gesvd,double,sm_120,N,all,64,32,blocked|vendor|jacobi
gesvd,double,sm_120,N,all,64,33,blocked|vendor|jacobi
gesvd,double,sm_120,N,all,64,48,blocked|vendor|jacobi
gesvd,double,sm_120,N,all,64,64,blocked|vendor|jacobi
gesvd,double,sm_120,N,all,64,65,blocked|vendor
gesvd,double,sm_120,N,all,64,128,blocked|vendor
gesvd,double,sm_120,N,all,64,256,blocked|vendor
gesvd,double,sm_120,N,all,64,512,blocked|vendor
gesvd,double,sm_120,N,all,64,1024,blocked|vendor
gesvd,double,sm_120,N,all,65,1,blocked|vendor
gesvd,double,sm_120,N,all,65,2,blocked|vendor
gesvd,double,sm_120,N,all,65,4,blocked|vendor
gesvd,double,sm_120,N,all,65,8,blocked|vendor
gesvd,double,sm_120,N,all,65,16,blocked|vendor
gesvd,double,sm_120,N,all,65,24,blocked|vendor
gesvd,double,sm_120,N,all,65,32,blocked|vendor
gesvd,double,sm_120,N,all,65,33,blocked|vendor
gesvd,double,sm_120,N,all,65,48,blocked|vendor
gesvd,double,sm_120,N,all,65,64,blocked|vendor
gesvd,double,sm_120,N,all,65,65,blocked|vendor
gesvd,double,sm_120,N,all,65,128,blocked|vendor
gesvd,double,sm_120,N,all,65,256,blocked|vendor
gesvd,double,sm_120,N,all,65,512,blocked|vendor
gesvd,double,sm_120,N,all,65,1024,blocked|vendor
gesvd,double,sm_120,N,all,128,1,blocked|vendor
gesvd,double,sm_120,N,all,128,2,blocked|vendor
gesvd,double,sm_120,N,all,128,4,blocked|vendor
gesvd,double,sm_120,N,all,128,8,blocked|vendor
gesvd,double,sm_120,N,all,128,16,blocked|vendor
gesvd,double,sm_120,N,all,128,24,blocked|vendor
gesvd,double,sm_120,N,all,128,32,blocked|vendor
gesvd,double,sm_120,N,all,128,33,blocked|vendor
gesvd,double,sm_120,N,all,128,48,blocked|vendor
gesvd,double,sm_120,N,all,128,64,blocked|vendor
gesvd,double,sm_120,N,all,128,65,blocked|vendor
gesvd,double,sm_120,N,all,128,128,blocked|vendor
gesvd,double,sm_120,N,all,128,256,blocked|vendor
gesvd,double,sm_120,N,all,128,512,blocked|vendor
gesvd,double,sm_120,N,all,128,1024,blocked|vendor
gesvd,double,sm_120,N,all,256,1,blocked|vendor
gesvd,double,sm_120,N,all,256,2,blocked|vendor
gesvd,double,sm_120,N,all,256,4,blocked|vendor
gesvd,double,sm_120,N,all,256,8,blocked|vendor
gesvd,double,sm_120,N,all,256,16,blocked|vendor
gesvd,double,sm_120,N,all,256,24,blocked|vendor
gesvd,double,sm_120,N,all,256,32,blocked|vendor
gesvd,double,sm_120,N,all,256,33,blocked|vendor
gesvd,double,sm_120,N,all,256,48,blocked|vendor
gesvd,double,sm_120,N,all,256,64,blocked|vendor
gesvd,double,sm_120,N,all,256,65,blocked|vendor
gesvd,double,sm_120,N,all,256,128,blocked|vendor
gesvd,double,sm_120,N,all,256,256,blocked|vendor
gesvd,double,sm_120,N,all,256,512,blocked|vendor
gesvd,double,sm_120,N,all,256,1024,blocked|vendor
gesvd,double,sm_120,N,all,512,1,blocked|vendor
gesvd,double,sm_120,N,all,512,2,blocked|vendor
gesvd,double,sm_120,N,all,512,4,blocked|vendor
gesvd,double,sm_120,N,all,512,8,blocked|vendor
gesvd,double,sm_120,N,all,512,16,blocked|vendor
gesvd,double,sm_120,N,all,512,24,blocked|vendor
gesvd,double,sm_120,N,all,512,32,blocked|vendor
gesvd,double,sm_120,N,all,512,33,blocked|vendor
gesvd,double,sm_120,N,all,512,48,blocked|vendor
gesvd,double,sm_120,N,all,512,64,blocked|vendor
gesvd,double,sm_120,N,all,512,65,blocked|vendor
gesvd,double,sm_120,N,all,512,128,blocked|vendor
gesvd,double,sm_120,N,all,512,256,blocked|vendor
gesvd,double,sm_120,N,all,512,512,blocked|vendor
gesvd,double,sm_120,N,all,512,1024,blocked|vendor
gesvd,double,sm_120,N,all,1024,1,blocked|vendor
gesvd,double,sm_120,N,all,1024,2,blocked|vendor
gesvd,double,sm_120,N,all,1024,4,blocked|vendor
gesvd,double,sm_120,N,all,1024,8,blocked|vendor
gesvd,double,sm_120,N,all,1024,16,blocked|vendor
gesvd,double,sm_120,N,all,1024,24,blocked|vendor
gesvd,double,sm_120,N,all,1024,32,blocked|vendor
gesvd,double,sm_120,N,all,1024,33,blocked|vendor
gesvd,double,sm_120,N,all,1024,48,blocked|vendor
gesvd,double,sm_120,N,all,1024,64,blocked|vendor
gesvd,double,sm_120,N,all,1024,65,blocked|vendor
gesvd,double,sm_120,N,all,1024,128,blocked|vendor
gesvd,double,sm_120,N,all,1024,256,blocked|vendor
gesvd,double,sm_120,N,all,1024,512,blocked|vendor
gesvd,double,sm_120,N,all,1024,1024,blocked|vendor
gesvd,double,sm_120,N,thin,1,1,jacobi|blocked|vendor
gesvd,double,sm_120,N,thin,1,2,jacobi|blocked|vendor
gesvd,double,sm_120,N,thin,1,4,jacobi|blocked|vendor
gesvd,double,sm_120,N,thin,1,8,jacobi|blocked|vendor
gesvd,double,sm_120,N,thin,1,16,jacobi|blocked|vendor
gesvd,double,sm_120,N,thin,1,24,jacobi|blocked|vendor
gesvd,double,sm_120,N,thin,1,32,jacobi|blocked|vendor
gesvd,double,sm_120,N,thin,1,33,blocked|vendor|jacobi
gesvd,double,sm_120,N,thin,1,48,blocked|vendor|jacobi
gesvd,double,sm_120,N,thin,1,64,blocked|vendor|jacobi
gesvd,double,sm_120,N,thin,1,65,blocked|vendor
gesvd,double,sm_120,N,thin,1,128,blocked|vendor
gesvd,double,sm_120,N,thin,1,256,blocked|vendor
gesvd,double,sm_120,N,thin,1,512,blocked|vendor
gesvd,double,sm_120,N,thin,1,1024,blocked|vendor
gesvd,double,sm_120,N,thin,2,1,jacobi|blocked|vendor
gesvd,double,sm_120,N,thin,2,2,jacobi|blocked|vendor
gesvd,double,sm_120,N,thin,2,4,jacobi|blocked|vendor
gesvd,double,sm_120,N,thin,2,8,jacobi|blocked|vendor
gesvd,double,sm_120,N,thin,2,16,jacobi|blocked|vendor
gesvd,double,sm_120,N,thin,2,24,jacobi|blocked|vendor
gesvd,double,sm_120,N,thin,2,32,jacobi|blocked|vendor
gesvd,double,sm_120,N,thin,2,33,blocked|vendor|jacobi
gesvd,double,sm_120,N,thin,2,48,blocked|vendor|jacobi
gesvd,double,sm_120,N,thin,2,64,blocked|vendor|jacobi
gesvd,double,sm_120,N,thin,2,65,blocked|vendor
gesvd,double,sm_120,N,thin,2,128,blocked|vendor
gesvd,double,sm_120,N,thin,2,256,blocked|vendor
gesvd,double,sm_120,N,thin,2,512,blocked|vendor
gesvd,double,sm_120,N,thin,2,1024,blocked|vendor
gesvd,double,sm_120,N,thin,4,1,jacobi|blocked|vendor
gesvd,double,sm_120,N,thin,4,2,jacobi|blocked|vendor
gesvd,double,sm_120,N,thin,4,4,jacobi|blocked|vendor
gesvd,double,sm_120,N,thin,4,8,jacobi|blocked|vendor
gesvd,double,sm_120,N,thin,4,16,jacobi|blocked|vendor
gesvd,double,sm_120,N,thin,4,24,jacobi|blocked|vendor
gesvd,double,sm_120,N,thin,4,32,jacobi|blocked|vendor
gesvd,double,sm_120,N,thin,4,33,blocked|vendor|jacobi
gesvd,double,sm_120,N,thin,4,48,blocked|vendor|jacobi
gesvd,double,sm_120,N,thin,4,64,blocked|vendor|jacobi
gesvd,double,sm_120,N,thin,4,65,blocked|vendor
gesvd,double,sm_120,N,thin,4,128,blocked|vendor
gesvd,double,sm_120,N,thin,4,256,blocked|vendor
gesvd,double,sm_120,N,thin,4,512,blocked|vendor
gesvd,double,sm_120,N,thin,4,1024,blocked|vendor
gesvd,double,sm_120,N,thin,8,1,jacobi|blocked|vendor
gesvd,double,sm_120,N,thin,8,2,jacobi|blocked|vendor
gesvd,double,sm_120,N,thin,8,4,jacobi|blocked|vendor
gesvd,double,sm_120,N,thin,8,8,jacobi|blocked|vendor
gesvd,double,sm_120,N,thin,8,16,jacobi|blocked|vendor
gesvd,double,sm_120,N,thin,8,24,jacobi|blocked|vendor
gesvd,double,sm_120,N,thin,8,32,jacobi|blocked|vendor
gesvd,double,sm_120,N,thin,8,33,blocked|vendor|jacobi
gesvd,double,sm_120,N,thin,8,48,blocked|vendor|jacobi
gesvd,double,sm_120,N,thin,8,64,blocked|vendor|jacobi
gesvd,double,sm_120,N,thin,8,65,blocked|vendor
gesvd,double,sm_120,N,thin,8,128,blocked|vendor
gesvd,double,sm_120,N,thin,8,256,blocked|vendor
gesvd,double,sm_120,N,thin,8,512,blocked|vendor
gesvd,double,sm_120,N,thin,8,1024,blocked|vendor
gesvd,double,sm_120,N,thin,16,1,jacobi|blocked|vendor
gesvd,double,sm_120,N,thin,16,2,jacobi|blocked|vendor
gesvd,double,sm_120,N,thin,16,4,jacobi|blocked|vendor
gesvd,double,sm_120,N,thin,16,8,jacobi|blocked|vendor
gesvd,double,sm_120,N,thin,16,16,jacobi|blocked|vendor
gesvd,double,sm_120,N,thin,16,24,jacobi|blocked|vendor
gesvd,double,sm_120,N,thin,16,32,jacobi|blocked|vendor
gesvd,double,sm_120,N,thin,16,33,blocked|vendor|jacobi
gesvd,double,sm_120,N,thin,16,48,blocked|vendor|jacobi
gesvd,double,sm_120,N,thin,16,64,blocked|vendor|jacobi
gesvd,double,sm_120,N,thin,16,65,blocked|vendor
gesvd,double,sm_120,N,thin,16,128,blocked|vendor
gesvd,double,sm_120,N,thin,16,256,blocked|vendor
gesvd,double,sm_120,N,thin,16,512,blocked|vendor
gesvd,double,sm_120,N,thin,16,1024,blocked|vendor
gesvd,double,sm_120,N,thin,24,1,jacobi|blocked|vendor
gesvd,double,sm_120,N,thin,24,2,jacobi|blocked|vendor
gesvd,double,sm_120,N,thin,24,4,jacobi|blocked|vendor
gesvd,double,sm_120,N,thin,24,8,jacobi|blocked|vendor
gesvd,double,sm_120,N,thin,24,16,jacobi|blocked|vendor
gesvd,double,sm_120,N,thin,24,24,jacobi|blocked|vendor
gesvd,double,sm_120,N,thin,24,32,jacobi|blocked|vendor
gesvd,double,sm_120,N,thin,24,33,blocked|vendor|jacobi
gesvd,double,sm_120,N,thin,24,48,blocked|vendor|jacobi
gesvd,double,sm_120,N,thin,24,64,blocked|vendor|jacobi
gesvd,double,sm_120,N,thin,24,65,blocked|vendor
gesvd,double,sm_120,N,thin,24,128,blocked|vendor
gesvd,double,sm_120,N,thin,24,256,blocked|vendor
gesvd,double,sm_120,N,thin,24,512,blocked|vendor
gesvd,double,sm_120,N,thin,24,1024,blocked|vendor
gesvd,double,sm_120,N,thin,32,1,jacobi|blocked|vendor
gesvd,double,sm_120,N,thin,32,2,jacobi|blocked|vendor
gesvd,double,sm_120,N,thin,32,4,jacobi|blocked|vendor
gesvd,double,sm_120,N,thin,32,8,jacobi|blocked|vendor
gesvd,double,sm_120,N,thin,32,16,jacobi|blocked|vendor
gesvd,double,sm_120,N,thin,32,24,jacobi|blocked|vendor
gesvd,double,sm_120,N,thin,32,32,jacobi|blocked|vendor
gesvd,double,sm_120,N,thin,32,33,blocked|vendor|jacobi
gesvd,double,sm_120,N,thin,32,48,blocked|vendor|jacobi
gesvd,double,sm_120,N,thin,32,64,blocked|vendor|jacobi
gesvd,double,sm_120,N,thin,32,65,blocked|vendor
gesvd,double,sm_120,N,thin,32,128,blocked|vendor
gesvd,double,sm_120,N,thin,32,256,blocked|vendor
gesvd,double,sm_120,N,thin,32,512,blocked|vendor
gesvd,double,sm_120,N,thin,32,1024,blocked|vendor
gesvd,double,sm_120,N,thin,33,1,blocked|vendor|jacobi
gesvd,double,sm_120,N,thin,33,2,blocked|vendor|jacobi
gesvd,double,sm_120,N,thin,33,4,blocked|vendor|jacobi
gesvd,double,sm_120,N,thin,33,8,blocked|vendor|jacobi
gesvd,double,sm_120,N,thin,33,16,blocked|vendor|jacobi
gesvd,double,sm_120,N,thin,33,24,blocked|vendor|jacobi
gesvd,double,sm_120,N,thin,33,32,blocked|vendor|jacobi
gesvd,double,sm_120,N,thin,33,33,blocked|vendor|jacobi
gesvd,double,sm_120,N,thin,33,48,blocked|vendor|jacobi
gesvd,double,sm_120,N,thin,33,64,blocked|vendor|jacobi
gesvd,double,sm_120,N,thin,33,65,blocked|vendor
gesvd,double,sm_120,N,thin,33,128,blocked|vendor
gesvd,double,sm_120,N,thin,33,256,blocked|vendor
gesvd,double,sm_120,N,thin,33,512,blocked|vendor
gesvd,double,sm_120,N,thin,33,1024,blocked|vendor
gesvd,double,sm_120,N,thin,48,1,blocked|vendor|jacobi
gesvd,double,sm_120,N,thin,48,2,blocked|vendor|jacobi
gesvd,double,sm_120,N,thin,48,4,blocked|vendor|jacobi
gesvd,double,sm_120,N,thin,48,8,blocked|vendor|jacobi
gesvd,double,sm_120,N,thin,48,16,blocked|vendor|jacobi
gesvd,double,sm_120,N,thin,48,24,blocked|vendor|jacobi
gesvd,double,sm_120,N,thin,48,32,blocked|vendor|jacobi
gesvd,double,sm_120,N,thin,48,33,blocked|vendor|jacobi
gesvd,double,sm_120,N,thin,48,48,blocked|vendor|jacobi
gesvd,double,sm_120,N,thin,48,64,blocked|vendor|jacobi
gesvd,double,sm_120,N,thin,48,65,blocked|vendor
gesvd,double,sm_120,N,thin,48,128,blocked|vendor
gesvd,double,sm_120,N,thin,48,256,blocked|vendor
gesvd,double,sm_120,N,thin,48,512,blocked|vendor
gesvd,double,sm_120,N,thin,48,1024,blocked|vendor
gesvd,double,sm_120,N,thin,64,1,blocked|vendor|jacobi
gesvd,double,sm_120,N,thin,64,2,blocked|vendor|jacobi
gesvd,double,sm_120,N,thin,64,4,blocked|vendor|jacobi
gesvd,double,sm_120,N,thin,64,8,blocked|vendor|jacobi
gesvd,double,sm_120,N,thin,64,16,blocked|vendor|jacobi
gesvd,double,sm_120,N,thin,64,24,blocked|vendor|jacobi
gesvd,double,sm_120,N,thin,64,32,blocked|vendor|jacobi
gesvd,double,sm_120,N,thin,64,33,blocked|vendor|jacobi
gesvd,double,sm_120,N,thin,64,48,blocked|vendor|jacobi
gesvd,double,sm_120,N,thin,64,64,blocked|vendor|jacobi
gesvd,double,sm_120,N,thin,64,65,blocked|vendor
gesvd,double,sm_120,N,thin,64,128,blocked|vendor
gesvd,double,sm_120,N,thin,64,256,blocked|vendor
gesvd,double,sm_120,N,thin,64,512,blocked|vendor
gesvd,double,sm_120,N,thin,64,1024,blocked|vendor
gesvd,double,sm_120,N,thin,65,1,blocked|vendor
gesvd,double,sm_120,N,thin,65,2,blocked|vendor
gesvd,double,sm_120,N,thin,65,4,blocked|vendor
gesvd,double,sm_120,N,thin,65,8,blocked|vendor
gesvd,double,sm_120,N,thin,65,16,blocked|vendor
gesvd,double,sm_120,N,thin,65,24,blocked|vendor
gesvd,double,sm_120,N,thin,65,32,blocked|vendor
gesvd,double,sm_120,N,thin,65,33,blocked|vendor
gesvd,double,sm_120,N,thin,65,48,blocked|vendor
gesvd,double,sm_120,N,thin,65,64,blocked|vendor
gesvd,double,sm_120,N,thin,65,65,blocked|vendor
gesvd,double,sm_120,N,thin,65,128,blocked|vendor
gesvd,double,sm_120,N,thin,65,256,blocked|vendor
gesvd,double,sm_120,N,thin,65,512,blocked|vendor
gesvd,double,sm_120,N,thin,65,1024,blocked|vendor
gesvd,double,sm_120,N,thin,128,1,blocked|vendor
gesvd,double,sm_120,N,thin,128,2,blocked|vendor
gesvd,double,sm_120,N,thin,128,4,blocked|vendor
gesvd,double,sm_120,N,thin,128,8,blocked|vendor
gesvd,double,sm_120,N,thin,128,16,blocked|vendor
gesvd,double,sm_120,N,thin,128,24,blocked|vendor
gesvd,double,sm_120,N,thin,128,32,blocked|vendor
gesvd,double,sm_120,N,thin,128,33,blocked|vendor
gesvd,double,sm_120,N,thin,128,48,blocked|vendor
gesvd,double,sm_120,N,thin,128,64,blocked|vendor
gesvd,double,sm_120,N,thin,128,65,blocked|vendor
gesvd,double,sm_120,N,thin,128,128,blocked|vendor
gesvd,double,sm_120,N,thin,128,256,blocked|vendor
gesvd,double,sm_120,N,thin,128,512,blocked|vendor
gesvd,double,sm_120,N,thin,128,1024,blocked|vendor
gesvd,double,sm_120,N,thin,256,1,blocked|vendor
gesvd,double,sm_120,N,thin,256,2,blocked|vendor
gesvd,double,sm_120,N,thin,256,4,blocked|vendor
gesvd,double,sm_120,N,thin,256,8,blocked|vendor
gesvd,double,sm_120,N,thin,256,16,blocked|vendor
gesvd,double,sm_120,N,thin,256,24,blocked|vendor
gesvd,double,sm_120,N,thin,256,32,blocked|vendor
gesvd,double,sm_120,N,thin,256,33,blocked|vendor
gesvd,double,sm_120,N,thin,256,48,blocked|vendor
gesvd,double,sm_120,N,thin,256,64,blocked|vendor
gesvd,double,sm_120,N,thin,256,65,blocked|vendor
gesvd,double,sm_120,N,thin,256,128,blocked|vendor
gesvd,double,sm_120,N,thin,256,256,blocked|vendor
gesvd,double,sm_120,N,thin,256,512,blocked|vendor
gesvd,double,sm_120,N,thin,256,1024,blocked|vendor
gesvd,double,sm_120,N,thin,512,1,blocked|vendor
gesvd,double,sm_120,N,thin,512,2,blocked|vendor
gesvd,double,sm_120,N,thin,512,4,blocked|vendor
gesvd,double,sm_120,N,thin,512,8,blocked|vendor
gesvd,double,sm_120,N,thin,512,16,blocked|vendor
gesvd,double,sm_120,N,thin,512,24,blocked|vendor
gesvd,double,sm_120,N,thin,512,32,blocked|vendor
gesvd,double,sm_120,N,thin,512,33,blocked|vendor
gesvd,double,sm_120,N,thin,512,48,blocked|vendor
gesvd,double,sm_120,N,thin,512,64,blocked|vendor
gesvd,double,sm_120,N,thin,512,65,blocked|vendor
gesvd,double,sm_120,N,thin,512,128,blocked|vendor
gesvd,double,sm_120,N,thin,512,256,blocked|vendor
gesvd,double,sm_120,N,thin,512,512,blocked|vendor
gesvd,double,sm_120,N,thin,512,1024,blocked|vendor
gesvd,double,sm_120,N,thin,1024,1,blocked|vendor
gesvd,double,sm_120,N,thin,1024,2,blocked|vendor
gesvd,double,sm_120,N,thin,1024,4,blocked|vendor
gesvd,double,sm_120,N,thin,1024,8,blocked|vendor
gesvd,double,sm_120,N,thin,1024,16,blocked|vendor
gesvd,double,sm_120,N,thin,1024,24,blocked|vendor
gesvd,double,sm_120,N,thin,1024,32,blocked|vendor
gesvd,double,sm_120,N,thin,1024,33,blocked|vendor
gesvd,double,sm_120,N,thin,1024,48,blocked|vendor
gesvd,double,sm_120,N,thin,1024,64,blocked|vendor
gesvd,double,sm_120,N,thin,1024,65,blocked|vendor
gesvd,double,sm_120,N,thin,1024,128,blocked|vendor
gesvd,double,sm_120,N,thin,1024,256,blocked|vendor
gesvd,double,sm_120,N,thin,1024,512,blocked|vendor
gesvd,double,sm_120,N,thin,1024,1024,blocked|vendor
gesvd,double,sm_120,L,none,1,1,cta|blocked|vendor
gesvd,double,sm_120,L,none,1,2,vendor
gesvd,double,sm_120,L,none,1,4,vendor
gesvd,double,sm_120,L,none,1,8,vendor
gesvd,double,sm_120,L,none,1,16,vendor
gesvd,double,sm_120,L,none,1,24,vendor
gesvd,double,sm_120,L,none,1,32,vendor
gesvd,double,sm_120,L,none,1,33,vendor
gesvd,double,sm_120,L,none,1,48,vendor
gesvd,double,sm_120,L,none,1,64,vendor
gesvd,double,sm_120,L,none,1,65,vendor
gesvd,double,sm_120,L,none,1,128,vendor
gesvd,double,sm_120,L,none,1,256,vendor
gesvd,double,sm_120,L,none,1,512,vendor
gesvd,double,sm_120,L,none,1,1024,vendor
gesvd,double,sm_120,L,none,2,1,vendor
gesvd,double,sm_120,L,none,2,2,cta|blocked|vendor
gesvd,double,sm_120,L,none,2,4,vendor
gesvd,double,sm_120,L,none,2,8,vendor
gesvd,double,sm_120,L,none,2,16,vendor
gesvd,double,sm_120,L,none,2,24,vendor
gesvd,double,sm_120,L,none,2,32,vendor
gesvd,double,sm_120,L,none,2,33,vendor
gesvd,double,sm_120,L,none,2,48,vendor
gesvd,double,sm_120,L,none,2,64,vendor
gesvd,double,sm_120,L,none,2,65,vendor
gesvd,double,sm_120,L,none,2,128,vendor
gesvd,double,sm_120,L,none,2,256,vendor
gesvd,double,sm_120,L,none,2,512,vendor
gesvd,double,sm_120,L,none,2,1024,vendor
gesvd,double,sm_120,L,none,4,1,vendor
gesvd,double,sm_120,L,none,4,2,vendor
gesvd,double,sm_120,L,none,4,4,cta|blocked|vendor
gesvd,double,sm_120,L,none,4,8,vendor
gesvd,double,sm_120,L,none,4,16,vendor
gesvd,double,sm_120,L,none,4,24,vendor
gesvd,double,sm_120,L,none,4,32,vendor
gesvd,double,sm_120,L,none,4,33,vendor
gesvd,double,sm_120,L,none,4,48,vendor
gesvd,double,sm_120,L,none,4,64,vendor
gesvd,double,sm_120,L,none,4,65,vendor
gesvd,double,sm_120,L,none,4,128,vendor
gesvd,double,sm_120,L,none,4,256,vendor
gesvd,double,sm_120,L,none,4,512,vendor
gesvd,double,sm_120,L,none,4,1024,vendor
gesvd,double,sm_120,L,none,8,1,vendor
gesvd,double,sm_120,L,none,8,2,vendor
gesvd,double,sm_120,L,none,8,4,vendor
gesvd,double,sm_120,L,none,8,8,cta|blocked|vendor
gesvd,double,sm_120,L,none,8,16,vendor
gesvd,double,sm_120,L,none,8,24,vendor
gesvd,double,sm_120,L,none,8,32,vendor
gesvd,double,sm_120,L,none,8,33,vendor
gesvd,double,sm_120,L,none,8,48,vendor
gesvd,double,sm_120,L,none,8,64,vendor
gesvd,double,sm_120,L,none,8,65,vendor
gesvd,double,sm_120,L,none,8,128,vendor
gesvd,double,sm_120,L,none,8,256,vendor
gesvd,double,sm_120,L,none,8,512,vendor
gesvd,double,sm_120,L,none,8,1024,vendor
gesvd,double,sm_120,L,none,16,1,vendor
gesvd,double,sm_120,L,none,16,2,vendor
gesvd,double,sm_120,L,none,16,4,vendor
gesvd,double,sm_120,L,none,16,8,vendor
gesvd,double,sm_120,L,none,16,16,cta|blocked|vendor
gesvd,double,sm_120,L,none,16,24,vendor
gesvd,double,sm_120,L,none,16,32,vendor
gesvd,double,sm_120,L,none,16,33,vendor
gesvd,double,sm_120,L,none,16,48,vendor
gesvd,double,sm_120,L,none,16,64,vendor
gesvd,double,sm_120,L,none,16,65,vendor
gesvd,double,sm_120,L,none,16,128,vendor
gesvd,double,sm_120,L,none,16,256,vendor
gesvd,double,sm_120,L,none,16,512,vendor
gesvd,double,sm_120,L,none,16,1024,vendor
gesvd,double,sm_120,L,none,24,1,vendor
gesvd,double,sm_120,L,none,24,2,vendor
gesvd,double,sm_120,L,none,24,4,vendor
gesvd,double,sm_120,L,none,24,8,vendor
gesvd,double,sm_120,L,none,24,16,vendor
gesvd,double,sm_120,L,none,24,24,cta|blocked|vendor
gesvd,double,sm_120,L,none,24,32,vendor
gesvd,double,sm_120,L,none,24,33,vendor
gesvd,double,sm_120,L,none,24,48,vendor
gesvd,double,sm_120,L,none,24,64,vendor
gesvd,double,sm_120,L,none,24,65,vendor
gesvd,double,sm_120,L,none,24,128,vendor
gesvd,double,sm_120,L,none,24,256,vendor
gesvd,double,sm_120,L,none,24,512,vendor
gesvd,double,sm_120,L,none,24,1024,vendor
gesvd,double,sm_120,L,none,32,1,vendor
gesvd,double,sm_120,L,none,32,2,vendor
gesvd,double,sm_120,L,none,32,4,vendor
gesvd,double,sm_120,L,none,32,8,vendor
gesvd,double,sm_120,L,none,32,16,vendor
gesvd,double,sm_120,L,none,32,24,vendor
gesvd,double,sm_120,L,none,32,32,cta|blocked|vendor
gesvd,double,sm_120,L,none,32,33,vendor
gesvd,double,sm_120,L,none,32,48,vendor
gesvd,double,sm_120,L,none,32,64,vendor
gesvd,double,sm_120,L,none,32,65,vendor
gesvd,double,sm_120,L,none,32,128,vendor
gesvd,double,sm_120,L,none,32,256,vendor
gesvd,double,sm_120,L,none,32,512,vendor
gesvd,double,sm_120,L,none,32,1024,vendor
gesvd,double,sm_120,L,none,33,1,vendor
gesvd,double,sm_120,L,none,33,2,vendor
gesvd,double,sm_120,L,none,33,4,vendor
gesvd,double,sm_120,L,none,33,8,vendor
gesvd,double,sm_120,L,none,33,16,vendor
gesvd,double,sm_120,L,none,33,24,vendor
gesvd,double,sm_120,L,none,33,32,vendor
gesvd,double,sm_120,L,none,33,33,blocked|vendor
gesvd,double,sm_120,L,none,33,48,vendor
gesvd,double,sm_120,L,none,33,64,vendor
gesvd,double,sm_120,L,none,33,65,vendor
gesvd,double,sm_120,L,none,33,128,vendor
gesvd,double,sm_120,L,none,33,256,vendor
gesvd,double,sm_120,L,none,33,512,vendor
gesvd,double,sm_120,L,none,33,1024,vendor
gesvd,double,sm_120,L,none,48,1,vendor
gesvd,double,sm_120,L,none,48,2,vendor
gesvd,double,sm_120,L,none,48,4,vendor
gesvd,double,sm_120,L,none,48,8,vendor
gesvd,double,sm_120,L,none,48,16,vendor
gesvd,double,sm_120,L,none,48,24,vendor
gesvd,double,sm_120,L,none,48,32,vendor
gesvd,double,sm_120,L,none,48,33,vendor
gesvd,double,sm_120,L,none,48,48,blocked|vendor
gesvd,double,sm_120,L,none,48,64,vendor
gesvd,double,sm_120,L,none,48,65,vendor
gesvd,double,sm_120,L,none,48,128,vendor
gesvd,double,sm_120,L,none,48,256,vendor
gesvd,double,sm_120,L,none,48,512,vendor
gesvd,double,sm_120,L,none,48,1024,vendor
gesvd,double,sm_120,L,none,64,1,vendor
gesvd,double,sm_120,L,none,64,2,vendor
gesvd,double,sm_120,L,none,64,4,vendor
gesvd,double,sm_120,L,none,64,8,vendor
gesvd,double,sm_120,L,none,64,16,vendor
gesvd,double,sm_120,L,none,64,24,vendor
gesvd,double,sm_120,L,none,64,32,vendor
gesvd,double,sm_120,L,none,64,33,vendor
gesvd,double,sm_120,L,none,64,48,vendor
gesvd,double,sm_120,L,none,64,64,blocked|vendor
gesvd,double,sm_120,L,none,64,65,vendor
gesvd,double,sm_120,L,none,64,128,vendor
gesvd,double,sm_120,L,none,64,256,vendor
gesvd,double,sm_120,L,none,64,512,vendor
gesvd,double,sm_120,L,none,64,1024,vendor
gesvd,double,sm_120,L,none,65,1,vendor
gesvd,double,sm_120,L,none,65,2,vendor
gesvd,double,sm_120,L,none,65,4,vendor
gesvd,double,sm_120,L,none,65,8,vendor
gesvd,double,sm_120,L,none,65,16,vendor
gesvd,double,sm_120,L,none,65,24,vendor
gesvd,double,sm_120,L,none,65,32,vendor
gesvd,double,sm_120,L,none,65,33,vendor
gesvd,double,sm_120,L,none,65,48,vendor
gesvd,double,sm_120,L,none,65,64,vendor
gesvd,double,sm_120,L,none,65,65,blocked|vendor
gesvd,double,sm_120,L,none,65,128,vendor
gesvd,double,sm_120,L,none,65,256,vendor
gesvd,double,sm_120,L,none,65,512,vendor
gesvd,double,sm_120,L,none,65,1024,vendor
gesvd,double,sm_120,L,none,128,1,vendor
gesvd,double,sm_120,L,none,128,2,vendor
gesvd,double,sm_120,L,none,128,4,vendor
gesvd,double,sm_120,L,none,128,8,vendor
gesvd,double,sm_120,L,none,128,16,vendor
gesvd,double,sm_120,L,none,128,24,vendor
gesvd,double,sm_120,L,none,128,32,vendor
gesvd,double,sm_120,L,none,128,33,vendor
gesvd,double,sm_120,L,none,128,48,vendor
gesvd,double,sm_120,L,none,128,64,vendor
gesvd,double,sm_120,L,none,128,65,vendor
gesvd,double,sm_120,L,none,128,128,blocked|vendor
gesvd,double,sm_120,L,none,128,256,vendor
gesvd,double,sm_120,L,none,128,512,vendor
gesvd,double,sm_120,L,none,128,1024,vendor
gesvd,double,sm_120,L,none,256,1,vendor
gesvd,double,sm_120,L,none,256,2,vendor
gesvd,double,sm_120,L,none,256,4,vendor
gesvd,double,sm_120,L,none,256,8,vendor
gesvd,double,sm_120,L,none,256,16,vendor
gesvd,double,sm_120,L,none,256,24,vendor
gesvd,double,sm_120,L,none,256,32,vendor
gesvd,double,sm_120,L,none,256,33,vendor
gesvd,double,sm_120,L,none,256,48,vendor
gesvd,double,sm_120,L,none,256,64,vendor
gesvd,double,sm_120,L,none,256,65,vendor
gesvd,double,sm_120,L,none,256,128,vendor
gesvd,double,sm_120,L,none,256,256,blocked|vendor
gesvd,double,sm_120,L,none,256,512,vendor
gesvd,double,sm_120,L,none,256,1024,vendor
gesvd,double,sm_120,L,none,512,1,vendor
gesvd,double,sm_120,L,none,512,2,vendor
gesvd,double,sm_120,L,none,512,4,vendor
gesvd,double,sm_120,L,none,512,8,vendor
gesvd,double,sm_120,L,none,512,16,vendor
gesvd,double,sm_120,L,none,512,24,vendor
gesvd,double,sm_120,L,none,512,32,vendor
gesvd,double,sm_120,L,none,512,33,vendor
gesvd,double,sm_120,L,none,512,48,vendor
gesvd,double,sm_120,L,none,512,64,vendor
gesvd,double,sm_120,L,none,512,65,vendor
gesvd,double,sm_120,L,none,512,128,vendor
gesvd,double,sm_120,L,none,512,256,vendor
gesvd,double,sm_120,L,none,512,512,blocked|vendor
gesvd,double,sm_120,L,none,512,1024,vendor
gesvd,double,sm_120,L,none,1024,1,vendor
gesvd,double,sm_120,L,none,1024,2,vendor
gesvd,double,sm_120,L,none,1024,4,vendor
gesvd,double,sm_120,L,none,1024,8,vendor
gesvd,double,sm_120,L,none,1024,16,vendor
gesvd,double,sm_120,L,none,1024,24,vendor
gesvd,double,sm_120,L,none,1024,32,vendor
gesvd,double,sm_120,L,none,1024,33,vendor
gesvd,double,sm_120,L,none,1024,48,vendor
gesvd,double,sm_120,L,none,1024,64,vendor
gesvd,double,sm_120,L,none,1024,65,vendor
gesvd,double,sm_120,L,none,1024,128,vendor
gesvd,double,sm_120,L,none,1024,256,vendor
gesvd,double,sm_120,L,none,1024,512,vendor
gesvd,double,sm_120,L,none,1024,1024,blocked|vendor
gesvd,double,sm_120,L,all,1,1,cta|blocked|vendor
gesvd,double,sm_120,L,all,1,2,vendor
gesvd,double,sm_120,L,all,1,4,vendor
gesvd,double,sm_120,L,all,1,8,vendor
gesvd,double,sm_120,L,all,1,16,vendor
gesvd,double,sm_120,L,all,1,24,vendor
gesvd,double,sm_120,L,all,1,32,vendor
gesvd,double,sm_120,L,all,1,33,vendor
gesvd,double,sm_120,L,all,1,48,vendor
gesvd,double,sm_120,L,all,1,64,vendor
gesvd,double,sm_120,L,all,1,65,vendor
gesvd,double,sm_120,L,all,1,128,vendor
gesvd,double,sm_120,L,all,1,256,vendor
gesvd,double,sm_120,L,all,1,512,vendor
gesvd,double,sm_120,L,all,1,1024,vendor
gesvd,double,sm_120,L,all,2,1,vendor
gesvd,double,sm_120,L,all,2,2,cta|blocked|vendor
gesvd,double,sm_120,L,all,2,4,vendor
gesvd,double,sm_120,L,all,2,8,vendor
gesvd,double,sm_120,L,all,2,16,vendor
gesvd,double,sm_120,L,all,2,24,vendor
gesvd,double,sm_120,L,all,2,32,vendor
gesvd,double,sm_120,L,all,2,33,vendor
gesvd,double,sm_120,L,all,2,48,vendor
gesvd,double,sm_120,L,all,2,64,vendor
gesvd,double,sm_120,L,all,2,65,vendor
gesvd,double,sm_120,L,all,2,128,vendor
gesvd,double,sm_120,L,all,2,256,vendor
gesvd,double,sm_120,L,all,2,512,vendor
gesvd,double,sm_120,L,all,2,1024,vendor
gesvd,double,sm_120,L,all,4,1,vendor
gesvd,double,sm_120,L,all,4,2,vendor
gesvd,double,sm_120,L,all,4,4,cta|blocked|vendor
gesvd,double,sm_120,L,all,4,8,vendor
gesvd,double,sm_120,L,all,4,16,vendor
gesvd,double,sm_120,L,all,4,24,vendor
gesvd,double,sm_120,L,all,4,32,vendor
gesvd,double,sm_120,L,all,4,33,vendor
gesvd,double,sm_120,L,all,4,48,vendor
gesvd,double,sm_120,L,all,4,64,vendor
gesvd,double,sm_120,L,all,4,65,vendor
gesvd,double,sm_120,L,all,4,128,vendor
gesvd,double,sm_120,L,all,4,256,vendor
gesvd,double,sm_120,L,all,4,512,vendor
gesvd,double,sm_120,L,all,4,1024,vendor
gesvd,double,sm_120,L,all,8,1,vendor
gesvd,double,sm_120,L,all,8,2,vendor
gesvd,double,sm_120,L,all,8,4,vendor
gesvd,double,sm_120,L,all,8,8,cta|blocked|vendor
gesvd,double,sm_120,L,all,8,16,vendor
gesvd,double,sm_120,L,all,8,24,vendor
gesvd,double,sm_120,L,all,8,32,vendor
gesvd,double,sm_120,L,all,8,33,vendor
gesvd,double,sm_120,L,all,8,48,vendor
gesvd,double,sm_120,L,all,8,64,vendor
gesvd,double,sm_120,L,all,8,65,vendor
gesvd,double,sm_120,L,all,8,128,vendor
gesvd,double,sm_120,L,all,8,256,vendor
gesvd,double,sm_120,L,all,8,512,vendor
gesvd,double,sm_120,L,all,8,1024,vendor
gesvd,double,sm_120,L,all,16,1,vendor
gesvd,double,sm_120,L,all,16,2,vendor
gesvd,double,sm_120,L,all,16,4,vendor
gesvd,double,sm_120,L,all,16,8,vendor
gesvd,double,sm_120,L,all,16,16,cta|blocked|vendor
gesvd,double,sm_120,L,all,16,24,vendor
gesvd,double,sm_120,L,all,16,32,vendor
gesvd,double,sm_120,L,all,16,33,vendor
gesvd,double,sm_120,L,all,16,48,vendor
gesvd,double,sm_120,L,all,16,64,vendor
gesvd,double,sm_120,L,all,16,65,vendor
gesvd,double,sm_120,L,all,16,128,vendor
gesvd,double,sm_120,L,all,16,256,vendor
gesvd,double,sm_120,L,all,16,512,vendor
gesvd,double,sm_120,L,all,16,1024,vendor
gesvd,double,sm_120,L,all,24,1,vendor
gesvd,double,sm_120,L,all,24,2,vendor
gesvd,double,sm_120,L,all,24,4,vendor
gesvd,double,sm_120,L,all,24,8,vendor
gesvd,double,sm_120,L,all,24,16,vendor
gesvd,double,sm_120,L,all,24,24,cta|blocked|vendor
gesvd,double,sm_120,L,all,24,32,vendor
gesvd,double,sm_120,L,all,24,33,vendor
gesvd,double,sm_120,L,all,24,48,vendor
gesvd,double,sm_120,L,all,24,64,vendor
gesvd,double,sm_120,L,all,24,65,vendor
gesvd,double,sm_120,L,all,24,128,vendor
gesvd,double,sm_120,L,all,24,256,vendor
gesvd,double,sm_120,L,all,24,512,vendor
gesvd,double,sm_120,L,all,24,1024,vendor
gesvd,double,sm_120,L,all,32,1,vendor
gesvd,double,sm_120,L,all,32,2,vendor
gesvd,double,sm_120,L,all,32,4,vendor
gesvd,double,sm_120,L,all,32,8,vendor
gesvd,double,sm_120,L,all,32,16,vendor
gesvd,double,sm_120,L,all,32,24,vendor
gesvd,double,sm_120,L,all,32,32,cta|blocked|vendor
gesvd,double,sm_120,L,all,32,33,vendor
gesvd,double,sm_120,L,all,32,48,vendor
gesvd,double,sm_120,L,all,32,64,vendor
gesvd,double,sm_120,L,all,32,65,vendor
gesvd,double,sm_120,L,all,32,128,vendor
gesvd,double,sm_120,L,all,32,256,vendor
gesvd,double,sm_120,L,all,32,512,vendor
gesvd,double,sm_120,L,all,32,1024,vendor
gesvd,double,sm_120,L,all,33,1,vendor
gesvd,double,sm_120,L,all,33,2,vendor
gesvd,double,sm_120,L,all,33,4,vendor
gesvd,double,sm_120,L,all,33,8,vendor
gesvd,double,sm_120,L,all,33,16,vendor
gesvd,double,sm_120,L,all,33,24,vendor
gesvd,double,sm_120,L,all,33,32,vendor
gesvd,double,sm_120,L,all,33,33,blocked|vendor
gesvd,double,sm_120,L,all,33,48,vendor
gesvd,double,sm_120,L,all,33,64,vendor
gesvd,double,sm_120,L,all,33,65,vendor
gesvd,double,sm_120,L,all,33,128,vendor
gesvd,double,sm_120,L,all,33,256,vendor
gesvd,double,sm_120,L,all,33,512,vendor
gesvd,double,sm_120,L,all,33,1024,vendor
gesvd,double,sm_120,L,all,48,1,vendor
gesvd,double,sm_120,L,all,48,2,vendor
gesvd,double,sm_120,L,all,48,4,vendor
gesvd,double,sm_120,L,all,48,8,vendor
gesvd,double,sm_120,L,all,48,16,vendor
gesvd,double,sm_120,L,all,48,24,vendor
gesvd,double,sm_120,L,all,48,32,vendor
gesvd,double,sm_120,L,all,48,33,vendor
gesvd,double,sm_120,L,all,48,48,blocked|vendor
gesvd,double,sm_120,L,all,48,64,vendor
gesvd,double,sm_120,L,all,48,65,vendor
gesvd,double,sm_120,L,all,48,128,vendor
gesvd,double,sm_120,L,all,48,256,vendor
gesvd,double,sm_120,L,all,48,512,vendor
gesvd,double,sm_120,L,all,48,1024,vendor
gesvd,double,sm_120,L,all,64,1,vendor
gesvd,double,sm_120,L,all,64,2,vendor
gesvd,double,sm_120,L,all,64,4,vendor
gesvd,double,sm_120,L,all,64,8,vendor
gesvd,double,sm_120,L,all,64,16,vendor
gesvd,double,sm_120,L,all,64,24,vendor
gesvd,double,sm_120,L,all,64,32,vendor
gesvd,double,sm_120,L,all,64,33,vendor
gesvd,double,sm_120,L,all,64,48,vendor
gesvd,double,sm_120,L,all,64,64,blocked|vendor
gesvd,double,sm_120,L,all,64,65,vendor
gesvd,double,sm_120,L,all,64,128,vendor
gesvd,double,sm_120,L,all,64,256,vendor
gesvd,double,sm_120,L,all,64,512,vendor
gesvd,double,sm_120,L,all,64,1024,vendor
gesvd,double,sm_120,L,all,65,1,vendor
gesvd,double,sm_120,L,all,65,2,vendor
gesvd,double,sm_120,L,all,65,4,vendor
gesvd,double,sm_120,L,all,65,8,vendor
gesvd,double,sm_120,L,all,65,16,vendor
gesvd,double,sm_120,L,all,65,24,vendor
gesvd,double,sm_120,L,all,65,32,vendor
gesvd,double,sm_120,L,all,65,33,vendor
gesvd,double,sm_120,L,all,65,48,vendor
gesvd,double,sm_120,L,all,65,64,vendor
gesvd,double,sm_120,L,all,65,65,blocked|vendor
gesvd,double,sm_120,L,all,65,128,vendor
gesvd,double,sm_120,L,all,65,256,vendor
gesvd,double,sm_120,L,all,65,512,vendor
gesvd,double,sm_120,L,all,65,1024,vendor
gesvd,double,sm_120,L,all,128,1,vendor
gesvd,double,sm_120,L,all,128,2,vendor
gesvd,double,sm_120,L,all,128,4,vendor
gesvd,double,sm_120,L,all,128,8,vendor
gesvd,double,sm_120,L,all,128,16,vendor
gesvd,double,sm_120,L,all,128,24,vendor
gesvd,double,sm_120,L,all,128,32,vendor
gesvd,double,sm_120,L,all,128,33,vendor
gesvd,double,sm_120,L,all,128,48,vendor
gesvd,double,sm_120,L,all,128,64,vendor
gesvd,double,sm_120,L,all,128,65,vendor
gesvd,double,sm_120,L,all,128,128,blocked|vendor
gesvd,double,sm_120,L,all,128,256,vendor
gesvd,double,sm_120,L,all,128,512,vendor
gesvd,double,sm_120,L,all,128,1024,vendor
gesvd,double,sm_120,L,all,256,1,vendor
gesvd,double,sm_120,L,all,256,2,vendor
gesvd,double,sm_120,L,all,256,4,vendor
gesvd,double,sm_120,L,all,256,8,vendor
gesvd,double,sm_120,L,all,256,16,vendor
gesvd,double,sm_120,L,all,256,24,vendor
gesvd,double,sm_120,L,all,256,32,vendor
gesvd,double,sm_120,L,all,256,33,vendor
gesvd,double,sm_120,L,all,256,48,vendor
gesvd,double,sm_120,L,all,256,64,vendor
gesvd,double,sm_120,L,all,256,65,vendor
gesvd,double,sm_120,L,all,256,128,vendor
gesvd,double,sm_120,L,all,256,256,blocked|vendor
gesvd,double,sm_120,L,all,256,512,vendor
gesvd,double,sm_120,L,all,256,1024,vendor
gesvd,double,sm_120,L,all,512,1,vendor
gesvd,double,sm_120,L,all,512,2,vendor
gesvd,double,sm_120,L,all,512,4,vendor
gesvd,double,sm_120,L,all,512,8,vendor
gesvd,double,sm_120,L,all,512,16,vendor
gesvd,double,sm_120,L,all,512,24,vendor
gesvd,double,sm_120,L,all,512,32,vendor
gesvd,double,sm_120,L,all,512,33,vendor
gesvd,double,sm_120,L,all,512,48,vendor
gesvd,double,sm_120,L,all,512,64,vendor
gesvd,double,sm_120,L,all,512,65,vendor
gesvd,double,sm_120,L,all,512,128,vendor
gesvd,double,sm_120,L,all,512,256,vendor
gesvd,double,sm_120,L,all,512,512,blocked|vendor
gesvd,double,sm_120,L,all,512,1024,vendor
gesvd,double,sm_120,L,all,1024,1,vendor
gesvd,double,sm_120,L,all,1024,2,vendor
gesvd,double,sm_120,L,all,1024,4,vendor
gesvd,double,sm_120,L,all,1024,8,vendor
gesvd,double,sm_120,L,all,1024,16,vendor
gesvd,double,sm_120,L,all,1024,24,vendor
gesvd,double,sm_120,L,all,1024,32,vendor
gesvd,double,sm_120,L,all,1024,33,vendor
gesvd,double,sm_120,L,all,1024,48,vendor
gesvd,double,sm_120,L,all,1024,64,vendor
gesvd,double,sm_120,L,all,1024,65,vendor
gesvd,double,sm_120,L,all,1024,128,vendor
gesvd,double,sm_120,L,all,1024,256,vendor
gesvd,double,sm_120,L,all,1024,512,vendor
gesvd,double,sm_120,L,all,1024,1024,blocked|vendor
gesvd,double,sm_120,L,thin,1,1,blocked|vendor
gesvd,double,sm_120,L,thin,1,2,vendor
gesvd,double,sm_120,L,thin,1,4,vendor
gesvd,double,sm_120,L,thin,1,8,vendor
gesvd,double,sm_120,L,thin,1,16,vendor
gesvd,double,sm_120,L,thin,1,24,vendor
gesvd,double,sm_120,L,thin,1,32,vendor
gesvd,double,sm_120,L,thin,1,33,vendor
gesvd,double,sm_120,L,thin,1,48,vendor
gesvd,double,sm_120,L,thin,1,64,vendor
gesvd,double,sm_120,L,thin,1,65,vendor
gesvd,double,sm_120,L,thin,1,128,vendor
gesvd,double,sm_120,L,thin,1,256,vendor
gesvd,double,sm_120,L,thin,1,512,vendor
gesvd,double,sm_120,L,thin,1,1024,vendor
gesvd,double,sm_120,L,thin,2,1,vendor
gesvd,double,sm_120,L,thin,2,2,blocked|vendor
gesvd,double,sm_120,L,thin,2,4,vendor
gesvd,double,sm_120,L,thin,2,8,vendor
gesvd,double,sm_120,L,thin,2,16,vendor
gesvd,double,sm_120,L,thin,2,24,vendor
gesvd,double,sm_120,L,thin,2,32,vendor
gesvd,double,sm_120,L,thin,2,33,vendor
gesvd,double,sm_120,L,thin,2,48,vendor
gesvd,double,sm_120,L,thin,2,64,vendor
gesvd,double,sm_120,L,thin,2,65,vendor
gesvd,double,sm_120,L,thin,2,128,vendor
gesvd,double,sm_120,L,thin,2,256,vendor
gesvd,double,sm_120,L,thin,2,512,vendor
gesvd,double,sm_120,L,thin,2,1024,vendor
gesvd,double,sm_120,L,thin,4,1,vendor
gesvd,double,sm_120,L,thin,4,2,vendor
gesvd,double,sm_120,L,thin,4,4,blocked|vendor
gesvd,double,sm_120,L,thin,4,8,vendor
gesvd,double,sm_120,L,thin,4,16,vendor
gesvd,double,sm_120,L,thin,4,24,vendor
gesvd,double,sm_120,L,thin,4,32,vendor
gesvd,double,sm_120,L,thin,4,33,vendor
gesvd,double,sm_120,L,thin,4,48,vendor
gesvd,double,sm_120,L,thin,4,64,vendor
gesvd,double,sm_120,L,thin,4,65,vendor
gesvd,double,sm_120,L,thin,4,128,vendor
gesvd,double,sm_120,L,thin,4,256,vendor
gesvd,double,sm_120,L,thin,4,512,vendor
gesvd,double,sm_120,L,thin,4,1024,vendor
gesvd,double,sm_120,L,thin,8,1,vendor
gesvd,double,sm_120,L,thin,8,2,vendor
gesvd,double,sm_120,L,thin,8,4,vendor
gesvd,double,sm_120,L,thin,8,8,blocked|vendor
gesvd,double,sm_120,L,thin,8,16,vendor
gesvd,double,sm_120,L,thin,8,24,vendor
gesvd,double,sm_120,L,thin,8,32,vendor
gesvd,double,sm_120,L,thin,8,33,vendor
gesvd,double,sm_120,L,thin,8,48,vendor
gesvd,double,sm_120,L,thin,8,64,vendor
gesvd,double,sm_120,L,thin,8,65,vendor
gesvd,double,sm_120,L,thin,8,128,vendor
gesvd,double,sm_120,L,thin,8,256,vendor
gesvd,double,sm_120,L,thin,8,512,vendor
gesvd,double,sm_120,L,thin,8,1024,vendor
gesvd,double,sm_120,L,thin,16,1,vendor
gesvd,double,sm_120,L,thin,16,2,vendor
gesvd,double,sm_120,L,thin,16,4,vendor
gesvd,double,sm_120,L,thin,16,8,vendor
gesvd,double,sm_120,L,thin,16,16,blocked|vendor
gesvd,double,sm_120,L,thin,16,24,vendor
gesvd,double,sm_120,L,thin,16,32,vendor
gesvd,double,sm_120,L,thin,16,33,vendor
gesvd,double,sm_120,L,thin,16,48,vendor
gesvd,double,sm_120,L,thin,16,64,vendor
gesvd,double,sm_120,L,thin,16,65,vendor
gesvd,double,sm_120,L,thin,16,128,vendor
gesvd,double,sm_120,L,thin,16,256,vendor
gesvd,double,sm_120,L,thin,16,512,vendor
gesvd,double,sm_120,L,thin,16,1024,vendor
gesvd,double,sm_120,L,thin,24,1,vendor
gesvd,double,sm_120,L,thin,24,2,vendor
gesvd,double,sm_120,L,thin,24,4,vendor
gesvd,double,sm_120,L,thin,24,8,vendor
gesvd,double,sm_120,L,thin,24,16,vendor
gesvd,double,sm_120,L,thin,24,24,blocked|vendor
gesvd,double,sm_120,L,thin,24,32,vendor
gesvd,double,sm_120,L,thin,24,33,vendor
gesvd,double,sm_120,L,thin,24,48,vendor
gesvd,double,sm_120,L,thin,24,64,vendor
gesvd,double,sm_120,L,thin,24,65,vendor
gesvd,double,sm_120,L,thin,24,128,vendor
gesvd,double,sm_120,L,thin,24,256,vendor
gesvd,double,sm_120,L,thin,24,512,vendor
gesvd,double,sm_120,L,thin,24,1024,vendor
gesvd,double,sm_120,L,thin,32,1,vendor
gesvd,double,sm_120,L,thin,32,2,vendor
gesvd,double,sm_120,L,thin,32,4,vendor
gesvd,double,sm_120,L,thin,32,8,vendor
gesvd,double,sm_120,L,thin,32,16,vendor
gesvd,double,sm_120,L,thin,32,24,vendor
gesvd,double,sm_120,L,thin,32,32,blocked|vendor
gesvd,double,sm_120,L,thin,32,33,vendor
gesvd,double,sm_120,L,thin,32,48,vendor
gesvd,double,sm_120,L,thin,32,64,vendor
gesvd,double,sm_120,L,thin,32,65,vendor
gesvd,double,sm_120,L,thin,32,128,vendor
gesvd,double,sm_120,L,thin,32,256,vendor
gesvd,double,sm_120,L,thin,32,512,vendor
gesvd,double,sm_120,L,thin,32,1024,vendor
gesvd,double,sm_120,L,thin,33,1,vendor
gesvd,double,sm_120,L,thin,33,2,vendor
gesvd,double,sm_120,L,thin,33,4,vendor
gesvd,double,sm_120,L,thin,33,8,vendor
gesvd,double,sm_120,L,thin,33,16,vendor
gesvd,double,sm_120,L,thin,33,24,vendor
gesvd,double,sm_120,L,thin,33,32,vendor
gesvd,double,sm_120,L,thin,33,33,blocked|vendor
gesvd,double,sm_120,L,thin,33,48,vendor
gesvd,double,sm_120,L,thin,33,64,vendor
gesvd,double,sm_120,L,thin,33,65,vendor
gesvd,double,sm_120,L,thin,33,128,vendor
gesvd,double,sm_120,L,thin,33,256,vendor
gesvd,double,sm_120,L,thin,33,512,vendor
gesvd,double,sm_120,L,thin,33,1024,vendor
gesvd,double,sm_120,L,thin,48,1,vendor
gesvd,double,sm_120,L,thin,48,2,vendor
gesvd,double,sm_120,L,thin,48,4,vendor
gesvd,double,sm_120,L,thin,48,8,vendor
gesvd,double,sm_120,L,thin,48,16,vendor
gesvd,double,sm_120,L,thin,48,24,vendor
gesvd,double,sm_120,L,thin,48,32,vendor
gesvd,double,sm_120,L,thin,48,33,vendor
gesvd,double,sm_120,L,thin,48,48,blocked|vendor
gesvd,double,sm_120,L,thin,48,64,vendor
gesvd,double,sm_120,L,thin,48,65,vendor
gesvd,double,sm_120,L,thin,48,128,vendor
gesvd,double,sm_120,L,thin,48,256,vendor
gesvd,double,sm_120,L,thin,48,512,vendor
gesvd,double,sm_120,L,thin,48,1024,vendor
gesvd,double,sm_120,L,thin,64,1,vendor
gesvd,double,sm_120,L,thin,64,2,vendor
gesvd,double,sm_120,L,thin,64,4,vendor
gesvd,double,sm_120,L,thin,64,8,vendor
gesvd,double,sm_120,L,thin,64,16,vendor
gesvd,double,sm_120,L,thin,64,24,vendor
gesvd,double,sm_120,L,thin,64,32,vendor
gesvd,double,sm_120,L,thin,64,33,vendor
gesvd,double,sm_120,L,thin,64,48,vendor
gesvd,double,sm_120,L,thin,64,64,blocked|vendor
gesvd,double,sm_120,L,thin,64,65,vendor
gesvd,double,sm_120,L,thin,64,128,vendor
gesvd,double,sm_120,L,thin,64,256,vendor
gesvd,double,sm_120,L,thin,64,512,vendor
gesvd,double,sm_120,L,thin,64,1024,vendor
gesvd,double,sm_120,L,thin,65,1,vendor
gesvd,double,sm_120,L,thin,65,2,vendor
gesvd,double,sm_120,L,thin,65,4,vendor
gesvd,double,sm_120,L,thin,65,8,vendor
gesvd,double,sm_120,L,thin,65,16,vendor
gesvd,double,sm_120,L,thin,65,24,vendor
gesvd,double,sm_120,L,thin,65,32,vendor
gesvd,double,sm_120,L,thin,65,33,vendor
gesvd,double,sm_120,L,thin,65,48,vendor
gesvd,double,sm_120,L,thin,65,64,vendor
gesvd,double,sm_120,L,thin,65,65,blocked|vendor
gesvd,double,sm_120,L,thin,65,128,vendor
gesvd,double,sm_120,L,thin,65,256,vendor
gesvd,double,sm_120,L,thin,65,512,vendor
gesvd,double,sm_120,L,thin,65,1024,vendor
gesvd,double,sm_120,L,thin,128,1,vendor
gesvd,double,sm_120,L,thin,128,2,vendor
gesvd,double,sm_120,L,thin,128,4,vendor
gesvd,double,sm_120,L,thin,128,8,vendor
gesvd,double,sm_120,L,thin,128,16,vendor
gesvd,double,sm_120,L,thin,128,24,vendor
gesvd,double,sm_120,L,thin,128,32,vendor
gesvd,double,sm_120,L,thin,128,33,vendor
gesvd,double,sm_120,L,thin,128,48,vendor
gesvd,double,sm_120,L,thin,128,64,vendor
gesvd,double,sm_120,L,thin,128,65,vendor
gesvd,double,sm_120,L,thin,128,128,blocked|vendor
gesvd,double,sm_120,L,thin,128,256,vendor
gesvd,double,sm_120,L,thin,128,512,vendor
gesvd,double,sm_120,L,thin,128,1024,vendor
gesvd,double,sm_120,L,thin,256,1,vendor
gesvd,double,sm_120,L,thin,256,2,vendor
gesvd,double,sm_120,L,thin,256,4,vendor
gesvd,double,sm_120,L,thin,256,8,vendor
gesvd,double,sm_120,L,thin,256,16,vendor
gesvd,double,sm_120,L,thin,256,24,vendor
gesvd,double,sm_120,L,thin,256,32,vendor
gesvd,double,sm_120,L,thin,256,33,vendor
gesvd,double,sm_120,L,thin,256,48,vendor
gesvd,double,sm_120,L,thin,256,64,vendor
gesvd,double,sm_120,L,thin,256,65,vendor
gesvd,double,sm_120,L,thin,256,128,vendor
gesvd,double,sm_120,L,thin,256,256,blocked|vendor
gesvd,double,sm_120,L,thin,256,512,vendor
gesvd,double,sm_120,L,thin,256,1024,vendor
gesvd,double,sm_120,L,thin,512,1,vendor
gesvd,double,sm_120,L,thin,512,2,vendor
gesvd,double,sm_120,L,thin,512,4,vendor
gesvd,double,sm_120,L,thin,512,8,vendor
gesvd,double,sm_120,L,thin,512,16,vendor
gesvd,double,sm_120,L,thin,512,24,vendor
gesvd,double,sm_120,L,thin,512,32,vendor
gesvd,double,sm_120,L,thin,512,33,vendor
gesvd,double,sm_120,L,thin,512,48,vendor
gesvd,double,sm_120,L,thin,512,64,vendor
gesvd,double,sm_120,L,thin,512,65,vendor
gesvd,double,sm_120,L,thin,512,128,vendor
gesvd,double,sm_120,L,thin,512,256,vendor
gesvd,double,sm_120,L,thin,512,512,blocked|vendor
gesvd,double,sm_120,L,thin,512,1024,vendor
gesvd,double,sm_120,L,thin,1024,1,vendor
gesvd,double,sm_120,L,thin,1024,2,vendor
gesvd,double,sm_120,L,thin,1024,4,vendor
gesvd,double,sm_120,L,thin,1024,8,vendor
gesvd,double,sm_120,L,thin,1024,16,vendor
gesvd,double,sm_120,L,thin,1024,24,vendor
gesvd,double,sm_120,L,thin,1024,32,vendor
gesvd,double,sm_120,L,thin,1024,33,vendor
gesvd,double,sm_120,L,thin,1024,48,vendor
gesvd,double,sm_120,L,thin,1024,64,vendor
gesvd,double,sm_120,L,thin,1024,65,vendor
gesvd,double,sm_120,L,thin,1024,128,vendor
gesvd,double,sm_120,L,thin,1024,256,vendor
gesvd,double,sm_120,L,thin,1024,512,vendor
gesvd,double,sm_120,L,thin,1024,1024,blocked|vendor
gesvd,double,sm_120,U,none,1,1,cta|vendor
gesvd,double,sm_120,U,none,1,2,vendor
gesvd,double,sm_120,U,none,1,4,vendor
gesvd,double,sm_120,U,none,1,8,vendor
gesvd,double,sm_120,U,none,1,16,vendor
gesvd,double,sm_120,U,none,1,24,vendor
gesvd,double,sm_120,U,none,1,32,vendor
gesvd,double,sm_120,U,none,1,33,vendor
gesvd,double,sm_120,U,none,1,48,vendor
gesvd,double,sm_120,U,none,1,64,vendor
gesvd,double,sm_120,U,none,1,65,vendor
gesvd,double,sm_120,U,none,1,128,vendor
gesvd,double,sm_120,U,none,1,256,vendor
gesvd,double,sm_120,U,none,1,512,vendor
gesvd,double,sm_120,U,none,1,1024,vendor
gesvd,double,sm_120,U,none,2,1,vendor
gesvd,double,sm_120,U,none,2,2,cta|vendor
gesvd,double,sm_120,U,none,2,4,vendor
gesvd,double,sm_120,U,none,2,8,vendor
gesvd,double,sm_120,U,none,2,16,vendor
gesvd,double,sm_120,U,none,2,24,vendor
gesvd,double,sm_120,U,none,2,32,vendor
gesvd,double,sm_120,U,none,2,33,vendor
gesvd,double,sm_120,U,none,2,48,vendor
gesvd,double,sm_120,U,none,2,64,vendor
gesvd,double,sm_120,U,none,2,65,vendor
gesvd,double,sm_120,U,none,2,128,vendor
gesvd,double,sm_120,U,none,2,256,vendor
gesvd,double,sm_120,U,none,2,512,vendor
gesvd,double,sm_120,U,none,2,1024,vendor
gesvd,double,sm_120,U,none,4,1,vendor
gesvd,double,sm_120,U,none,4,2,vendor
gesvd,double,sm_120,U,none,4,4,cta|vendor
gesvd,double,sm_120,U,none,4,8,vendor
gesvd,double,sm_120,U,none,4,16,vendor
gesvd,double,sm_120,U,none,4,24,vendor
gesvd,double,sm_120,U,none,4,32,vendor
gesvd,double,sm_120,U,none,4,33,vendor
gesvd,double,sm_120,U,none,4,48,vendor
gesvd,double,sm_120,U,none,4,64,vendor
gesvd,double,sm_120,U,none,4,65,vendor
gesvd,double,sm_120,U,none,4,128,vendor
gesvd,double,sm_120,U,none,4,256,vendor
gesvd,double,sm_120,U,none,4,512,vendor
gesvd,double,sm_120,U,none,4,1024,vendor
gesvd,double,sm_120,U,none,8,1,vendor
gesvd,double,sm_120,U,none,8,2,vendor
gesvd,double,sm_120,U,none,8,4,vendor
gesvd,double,sm_120,U,none,8,8,cta|vendor
gesvd,double,sm_120,U,none,8,16,vendor
gesvd,double,sm_120,U,none,8,24,vendor
gesvd,double,sm_120,U,none,8,32,vendor
gesvd,double,sm_120,U,none,8,33,vendor
gesvd,double,sm_120,U,none,8,48,vendor
gesvd,double,sm_120,U,none,8,64,vendor
gesvd,double,sm_120,U,none,8,65,vendor
gesvd,double,sm_120,U,none,8,128,vendor
gesvd,double,sm_120,U,none,8,256,vendor
gesvd,double,sm_120,U,none,8,512,vendor
gesvd,double,sm_120,U,none,8,1024,vendor
gesvd,double,sm_120,U,none,16,1,vendor
gesvd,double,sm_120,U,none,16,2,vendor
gesvd,double,sm_120,U,none,16,4,vendor
gesvd,double,sm_120,U,none,16,8,vendor
gesvd,double,sm_120,U,none,16,16,cta|vendor
gesvd,double,sm_120,U,none,16,24,vendor
gesvd,double,sm_120,U,none,16,32,vendor
gesvd,double,sm_120,U,none,16,33,vendor
gesvd,double,sm_120,U,none,16,48,vendor
gesvd,double,sm_120,U,none,16,64,vendor
gesvd,double,sm_120,U,none,16,65,vendor
gesvd,double,sm_120,U,none,16,128,vendor
gesvd,double,sm_120,U,none,16,256,vendor
gesvd,double,sm_120,U,none,16,512,vendor
gesvd,double,sm_120,U,none,16,1024,vendor
gesvd,double,sm_120,U,none,24,1,vendor
gesvd,double,sm_120,U,none,24,2,vendor
gesvd,double,sm_120,U,none,24,4,vendor
gesvd,double,sm_120,U,none,24,8,vendor
gesvd,double,sm_120,U,none,24,16,vendor
gesvd,double,sm_120,U,none,24,24,cta|vendor
gesvd,double,sm_120,U,none,24,32,vendor
gesvd,double,sm_120,U,none,24,33,vendor
gesvd,double,sm_120,U,none,24,48,vendor
gesvd,double,sm_120,U,none,24,64,vendor
gesvd,double,sm_120,U,none,24,65,vendor
gesvd,double,sm_120,U,none,24,128,vendor
gesvd,double,sm_120,U,none,24,256,vendor
gesvd,double,sm_120,U,none,24,512,vendor
gesvd,double,sm_120,U,none,24,1024,vendor
gesvd,double,sm_120,U,none,32,1,vendor
gesvd,double,sm_120,U,none,32,2,vendor
gesvd,double,sm_120,U,none,32,4,vendor
gesvd,double,sm_120,U,none,32,8,vendor
gesvd,double,sm_120,U,none,32,16,vendor
gesvd,double,sm_120,U,none,32,24,vendor
gesvd,double,sm_120,U,none,32,32,cta|vendor
gesvd,double,sm_120,U,none,32,33,vendor
gesvd,double,sm_120,U,none,32,48,vendor
gesvd,double,sm_120,U,none,32,64,vendor
gesvd,double,sm_120,U,none,32,65,vendor
gesvd,double,sm_120,U,none,32,128,vendor
gesvd,double,sm_120,U,none,32,256,vendor
gesvd,double,sm_120,U,none,32,512,vendor
gesvd,double,sm_120,U,none,32,1024,vendor
gesvd,double,sm_120,U,none,33,1,vendor
gesvd,double,sm_120,U,none,33,2,vendor
gesvd,double,sm_120,U,none,33,4,vendor
gesvd,double,sm_120,U,none,33,8,vendor
gesvd,double,sm_120,U,none,33,16,vendor
gesvd,double,sm_120,U,none,33,24,vendor
gesvd,double,sm_120,U,none,33,32,vendor
gesvd,double,sm_120,U,none,33,33,vendor
gesvd,double,sm_120,U,none,33,48,vendor
gesvd,double,sm_120,U,none,33,64,vendor
gesvd,double,sm_120,U,none,33,65,vendor
gesvd,double,sm_120,U,none,33,128,vendor
gesvd,double,sm_120,U,none,33,256,vendor
gesvd,double,sm_120,U,none,33,512,vendor
gesvd,double,sm_120,U,none,33,1024,vendor
gesvd,double,sm_120,U,none,48,1,vendor
gesvd,double,sm_120,U,none,48,2,vendor
gesvd,double,sm_120,U,none,48,4,vendor
gesvd,double,sm_120,U,none,48,8,vendor
gesvd,double,sm_120,U,none,48,16,vendor
gesvd,double,sm_120,U,none,48,24,vendor
gesvd,double,sm_120,U,none,48,32,vendor
gesvd,double,sm_120,U,none,48,33,vendor
gesvd,double,sm_120,U,none,48,48,vendor
gesvd,double,sm_120,U,none,48,64,vendor
gesvd,double,sm_120,U,none,48,65,vendor
gesvd,double,sm_120,U,none,48,128,vendor
gesvd,double,sm_120,U,none,48,256,vendor
gesvd,double,sm_120,U,none,48,512,vendor
gesvd,double,sm_120,U,none,48,1024,vendor
gesvd,double,sm_120,U,none,64,1,vendor
gesvd,double,sm_120,U,none,64,2,vendor
gesvd,double,sm_120,U,none,64,4,vendor
gesvd,double,sm_120,U,none,64,8,vendor
gesvd,double,sm_120,U,none,64,16,vendor
gesvd,double,sm_120,U,none,64,24,vendor
gesvd,double,sm_120,U,none,64,32,vendor
gesvd,double,sm_120,U,none,64,33,vendor
gesvd,double,sm_120,U,none,64,48,vendor
gesvd,double,sm_120,U,none,64,64,vendor
gesvd,double,sm_120,U,none,64,65,vendor
gesvd,double,sm_120,U,none,64,128,vendor
gesvd,double,sm_120,U,none,64,256,vendor
gesvd,double,sm_120,U,none,64,512,vendor
gesvd,double,sm_120,U,none,64,1024,vendor
gesvd,double,sm_120,U,none,65,1,vendor
gesvd,double,sm_120,U,none,65,2,vendor
gesvd,double,sm_120,U,none,65,4,vendor
gesvd,double,sm_120,U,none,65,8,vendor
gesvd,double,sm_120,U,none,65,16,vendor
gesvd,double,sm_120,U,none,65,24,vendor
gesvd,double,sm_120,U,none,65,32,vendor
gesvd,double,sm_120,U,none,65,33,vendor
gesvd,double,sm_120,U,none,65,48,vendor
gesvd,double,sm_120,U,none,65,64,vendor
gesvd,double,sm_120,U,none,65,65,vendor
gesvd,double,sm_120,U,none,65,128,vendor
gesvd,double,sm_120,U,none,65,256,vendor
gesvd,double,sm_120,U,none,65,512,vendor
gesvd,double,sm_120,U,none,65,1024,vendor
gesvd,double,sm_120,U,none,128,1,vendor
gesvd,double,sm_120,U,none,128,2,vendor
gesvd,double,sm_120,U,none,128,4,vendor
gesvd,double,sm_120,U,none,128,8,vendor
gesvd,double,sm_120,U,none,128,16,vendor
gesvd,double,sm_120,U,none,128,24,vendor
gesvd,double,sm_120,U,none,128,32,vendor
gesvd,double,sm_120,U,none,128,33,vendor
gesvd,double,sm_120,U,none,128,48,vendor
gesvd,double,sm_120,U,none,128,64,vendor
gesvd,double,sm_120,U,none,128,65,vendor
gesvd,double,sm_120,U,none,128,128,vendor
gesvd,double,sm_120,U,none,128,256,vendor
gesvd,double,sm_120,U,none,128,512,vendor
gesvd,double,sm_120,U,none,128,1024,vendor
gesvd,double,sm_120,U,none,256,1,vendor
gesvd,double,sm_120,U,none,256,2,vendor
gesvd,double,sm_120,U,none,256,4,vendor
gesvd,double,sm_120,U,none,256,8,vendor
gesvd,double,sm_120,U,none,256,16,vendor
gesvd,double,sm_120,U,none,256,24,vendor
gesvd,double,sm_120,U,none,256,32,vendor
gesvd,double,sm_120,U,none,256,33,vendor
gesvd,double,sm_120,U,none,256,48,vendor
gesvd,double,sm_120,U,none,256,64,vendor
gesvd,double,sm_120,U,none,256,65,vendor
gesvd,double,sm_120,U,none,256,128,vendor
gesvd,double,sm_120,U,none,256,256,vendor
gesvd,double,sm_120,U,none,256,512,vendor
gesvd,double,sm_120,U,none,256,1024,vendor
gesvd,double,sm_120,U,none,512,1,vendor
gesvd,double,sm_120,U,none,512,2,vendor
gesvd,double,sm_120,U,none,512,4,vendor
gesvd,double,sm_120,U,none,512,8,vendor
gesvd,double,sm_120,U,none,512,16,vendor
gesvd,double,sm_120,U,none,512,24,vendor
gesvd,double,sm_120,U,none,512,32,vendor
gesvd,double,sm_120,U,none,512,33,vendor
gesvd,double,sm_120,U,none,512,48,vendor
gesvd,double,sm_120,U,none,512,64,vendor
gesvd,double,sm_120,U,none,512,65,vendor
gesvd,double,sm_120,U,none,512,128,vendor
gesvd,double,sm_120,U,none,512,256,vendor
gesvd,double,sm_120,U,none,512,512,vendor
gesvd,double,sm_120,U,none,512,1024,vendor
gesvd,double,sm_120,U,none,1024,1,vendor
gesvd,double,sm_120,U,none,1024,2,vendor
gesvd,double,sm_120,U,none,1024,4,vendor
gesvd,double,sm_120,U,none,1024,8,vendor
gesvd,double,sm_120,U,none,1024,16,vendor
gesvd,double,sm_120,U,none,1024,24,vendor
gesvd,double,sm_120,U,none,1024,32,vendor
gesvd,double,sm_120,U,none,1024,33,vendor
gesvd,double,sm_120,U,none,1024,48,vendor
gesvd,double,sm_120,U,none,1024,64,vendor
gesvd,double,sm_120,U,none,1024,65,vendor
gesvd,double,sm_120,U,none,1024,128,vendor
gesvd,double,sm_120,U,none,1024,256,vendor
gesvd,double,sm_120,U,none,1024,512,vendor
gesvd,double,sm_120,U,none,1024,1024,vendor
gesvd,double,sm_120,U,all,1,1,cta|vendor
gesvd,double,sm_120,U,all,1,2,vendor
gesvd,double,sm_120,U,all,1,4,vendor
gesvd,double,sm_120,U,all,1,8,vendor
gesvd,double,sm_120,U,all,1,16,vendor
gesvd,double,sm_120,U,all,1,24,vendor
gesvd,double,sm_120,U,all,1,32,vendor
gesvd,double,sm_120,U,all,1,33,vendor
gesvd,double,sm_120,U,all,1,48,vendor
gesvd,double,sm_120,U,all,1,64,vendor
gesvd,double,sm_120,U,all,1,65,vendor
gesvd,double,sm_120,U,all,1,128,vendor
gesvd,double,sm_120,U,all,1,256,vendor
gesvd,double,sm_120,U,all,1,512,vendor
gesvd,double,sm_120,U,all,1,1024,vendor
gesvd,double,sm_120,U,all,2,1,vendor
gesvd,double,sm_120,U,all,2,2,cta|vendor
gesvd,double,sm_120,U,all,2,4,vendor
gesvd,double,sm_120,U,all,2,8,vendor
gesvd,double,sm_120,U,all,2,16,vendor
gesvd,double,sm_120,U,all,2,24,vendor
gesvd,double,sm_120,U,all,2,32,vendor
gesvd,double,sm_120,U,all,2,33,vendor
gesvd,double,sm_120,U,all,2,48,vendor
gesvd,double,sm_120,U,all,2,64,vendor
gesvd,double,sm_120,U,all,2,65,vendor
gesvd,double,sm_120,U,all,2,128,vendor
gesvd,double,sm_120,U,all,2,256,vendor
gesvd,double,sm_120,U,all,2,512,vendor
gesvd,double,sm_120,U,all,2,1024,vendor
gesvd,double,sm_120,U,all,4,1,vendor
gesvd,double,sm_120,U,all,4,2,vendor
gesvd,double,sm_120,U,all,4,4,cta|vendor
gesvd,double,sm_120,U,all,4,8,vendor
gesvd,double,sm_120,U,all,4,16,vendor
gesvd,double,sm_120,U,all,4,24,vendor
gesvd,double,sm_120,U,all,4,32,vendor
gesvd,double,sm_120,U,all,4,33,vendor
gesvd,double,sm_120,U,all,4,48,vendor
gesvd,double,sm_120,U,all,4,64,vendor
gesvd,double,sm_120,U,all,4,65,vendor
gesvd,double,sm_120,U,all,4,128,vendor
gesvd,double,sm_120,U,all,4,256,vendor
gesvd,double,sm_120,U,all,4,512,vendor
gesvd,double,sm_120,U,all,4,1024,vendor
gesvd,double,sm_120,U,all,8,1,vendor
gesvd,double,sm_120,U,all,8,2,vendor
gesvd,double,sm_120,U,all,8,4,vendor
gesvd,double,sm_120,U,all,8,8,cta|vendor
gesvd,double,sm_120,U,all,8,16,vendor
gesvd,double,sm_120,U,all,8,24,vendor
gesvd,double,sm_120,U,all,8,32,vendor
gesvd,double,sm_120,U,all,8,33,vendor
gesvd,double,sm_120,U,all,8,48,vendor
gesvd,double,sm_120,U,all,8,64,vendor
gesvd,double,sm_120,U,all,8,65,vendor
gesvd,double,sm_120,U,all,8,128,vendor
gesvd,double,sm_120,U,all,8,256,vendor
gesvd,double,sm_120,U,all,8,512,vendor
gesvd,double,sm_120,U,all,8,1024,vendor
gesvd,double,sm_120,U,all,16,1,vendor
gesvd,double,sm_120,U,all,16,2,vendor
gesvd,double,sm_120,U,all,16,4,vendor
gesvd,double,sm_120,U,all,16,8,vendor
gesvd,double,sm_120,U,all,16,16,cta|vendor
gesvd,double,sm_120,U,all,16,24,vendor
gesvd,double,sm_120,U,all,16,32,vendor
gesvd,double,sm_120,U,all,16,33,vendor
gesvd,double,sm_120,U,all,16,48,vendor
gesvd,double,sm_120,U,all,16,64,vendor
gesvd,double,sm_120,U,all,16,65,vendor
gesvd,double,sm_120,U,all,16,128,vendor
gesvd,double,sm_120,U,all,16,256,vendor
gesvd,double,sm_120,U,all,16,512,vendor
gesvd,double,sm_120,U,all,16,1024,vendor
gesvd,double,sm_120,U,all,24,1,vendor
gesvd,double,sm_120,U,all,24,2,vendor
gesvd,double,sm_120,U,all,24,4,vendor
gesvd,double,sm_120,U,all,24,8,vendor
gesvd,double,sm_120,U,all,24,16,vendor
gesvd,double,sm_120,U,all,24,24,cta|vendor
gesvd,double,sm_120,U,all,24,32,vendor
gesvd,double,sm_120,U,all,24,33,vendor
gesvd,double,sm_120,U,all,24,48,vendor
gesvd,double,sm_120,U,all,24,64,vendor
gesvd,double,sm_120,U,all,24,65,vendor
gesvd,double,sm_120,U,all,24,128,vendor
gesvd,double,sm_120,U,all,24,256,vendor
gesvd,double,sm_120,U,all,24,512,vendor
gesvd,double,sm_120,U,all,24,1024,vendor
gesvd,double,sm_120,U,all,32,1,vendor
gesvd,double,sm_120,U,all,32,2,vendor
gesvd,double,sm_120,U,all,32,4,vendor
gesvd,double,sm_120,U,all,32,8,vendor
gesvd,double,sm_120,U,all,32,16,vendor
gesvd,double,sm_120,U,all,32,24,vendor
gesvd,double,sm_120,U,all,32,32,cta|vendor
gesvd,double,sm_120,U,all,32,33,vendor
gesvd,double,sm_120,U,all,32,48,vendor
gesvd,double,sm_120,U,all,32,64,vendor
gesvd,double,sm_120,U,all,32,65,vendor
gesvd,double,sm_120,U,all,32,128,vendor
gesvd,double,sm_120,U,all,32,256,vendor
gesvd,double,sm_120,U,all,32,512,vendor
gesvd,double,sm_120,U,all,32,1024,vendor
gesvd,double,sm_120,U,all,33,1,vendor
gesvd,double,sm_120,U,all,33,2,vendor
gesvd,double,sm_120,U,all,33,4,vendor
gesvd,double,sm_120,U,all,33,8,vendor
gesvd,double,sm_120,U,all,33,16,vendor
gesvd,double,sm_120,U,all,33,24,vendor
gesvd,double,sm_120,U,all,33,32,vendor
gesvd,double,sm_120,U,all,33,33,vendor
gesvd,double,sm_120,U,all,33,48,vendor
gesvd,double,sm_120,U,all,33,64,vendor
gesvd,double,sm_120,U,all,33,65,vendor
gesvd,double,sm_120,U,all,33,128,vendor
gesvd,double,sm_120,U,all,33,256,vendor
gesvd,double,sm_120,U,all,33,512,vendor
gesvd,double,sm_120,U,all,33,1024,vendor
gesvd,double,sm_120,U,all,48,1,vendor
gesvd,double,sm_120,U,all,48,2,vendor
gesvd,double,sm_120,U,all,48,4,vendor
gesvd,double,sm_120,U,all,48,8,vendor
gesvd,double,sm_120,U,all,48,16,vendor
gesvd,double,sm_120,U,all,48,24,vendor
gesvd,double,sm_120,U,all,48,32,vendor
gesvd,double,sm_120,U,all,48,33,vendor
gesvd,double,sm_120,U,all,48,48,vendor
gesvd,double,sm_120,U,all,48,64,vendor
gesvd,double,sm_120,U,all,48,65,vendor
gesvd,double,sm_120,U,all,48,128,vendor
gesvd,double,sm_120,U,all,48,256,vendor
gesvd,double,sm_120,U,all,48,512,vendor
gesvd,double,sm_120,U,all,48,1024,vendor
gesvd,double,sm_120,U,all,64,1,vendor
gesvd,double,sm_120,U,all,64,2,vendor
gesvd,double,sm_120,U,all,64,4,vendor
gesvd,double,sm_120,U,all,64,8,vendor
gesvd,double,sm_120,U,all,64,16,vendor
gesvd,double,sm_120,U,all,64,24,vendor
gesvd,double,sm_120,U,all,64,32,vendor
gesvd,double,sm_120,U,all,64,33,vendor
gesvd,double,sm_120,U,all,64,48,vendor
gesvd,double,sm_120,U,all,64,64,vendor
gesvd,double,sm_120,U,all,64,65,vendor
gesvd,double,sm_120,U,all,64,128,vendor
gesvd,double,sm_120,U,all,64,256,vendor
gesvd,double,sm_120,U,all,64,512,vendor
gesvd,double,sm_120,U,all,64,1024,vendor
gesvd,double,sm_120,U,all,65,1,vendor
gesvd,double,sm_120,U,all,65,2,vendor
gesvd,double,sm_120,U,all,65,4,vendor
gesvd,double,sm_120,U,all,65,8,vendor
gesvd,double,sm_120,U,all,65,16,vendor
gesvd,double,sm_120,U,all,65,24,vendor
gesvd,double,sm_120,U,all,65,32,vendor
gesvd,double,sm_120,U,all,65,33,vendor
gesvd,double,sm_120,U,all,65,48,vendor
gesvd,double,sm_120,U,all,65,64,vendor
gesvd,double,sm_120,U,all,65,65,vendor
gesvd,double,sm_120,U,all,65,128,vendor
gesvd,double,sm_120,U,all,65,256,vendor
gesvd,double,sm_120,U,all,65,512,vendor
gesvd,double,sm_120,U,all,65,1024,vendor
gesvd,double,sm_120,U,all,128,1,vendor
gesvd,double,sm_120,U,all,128,2,vendor
gesvd,double,sm_120,U,all,128,4,vendor
gesvd,double,sm_120,U,all,128,8,vendor
gesvd,double,sm_120,U,all,128,16,vendor
gesvd,double,sm_120,U,all,128,24,vendor
gesvd,double,sm_120,U,all,128,32,vendor
gesvd,double,sm_120,U,all,128,33,vendor
gesvd,double,sm_120,U,all,128,48,vendor
gesvd,double,sm_120,U,all,128,64,vendor
gesvd,double,sm_120,U,all,128,65,vendor
gesvd,double,sm_120,U,all,128,128,vendor
gesvd,double,sm_120,U,all,128,256,vendor
gesvd,double,sm_120,U,all,128,512,vendor
gesvd,double,sm_120,U,all,128,1024,vendor
gesvd,double,sm_120,U,all,256,1,vendor
gesvd,double,sm_120,U,all,256,2,vendor
gesvd,double,sm_120,U,all,256,4,vendor
gesvd,double,sm_120,U,all,256,8,vendor
gesvd,double,sm_120,U,all,256,16,vendor
gesvd,double,sm_120,U,all,256,24,vendor
gesvd,double,sm_120,U,all,256,32,vendor
gesvd,double,sm_120,U,all,256,33,vendor
gesvd,double,sm_120,U,all,256,48,vendor
gesvd,double,sm_120,U,all,256,64,vendor
gesvd,double,sm_120,U,all,256,65,vendor
gesvd,double,sm_120,U,all,256,128,vendor
gesvd,double,sm_120,U,all,256,256,vendor
gesvd,double,sm_120,U,all,256,512,vendor
gesvd,double,sm_120,U,all,256,1024,vendor
gesvd,double,sm_120,U,all,512,1,vendor
gesvd,double,sm_120,U,all,512,2,vendor
gesvd,double,sm_120,U,all,512,4,vendor
gesvd,double,sm_120,U,all,512,8,vendor
gesvd,double,sm_120,U,all,512,16,vendor
gesvd,double,sm_120,U,all,512,24,vendor
gesvd,double,sm_120,U,all,512,32,vendor
gesvd,double,sm_120,U,all,512,33,vendor
gesvd,double,sm_120,U,all,512,48,vendor
gesvd,double,sm_120,U,all,512,64,vendor
gesvd,double,sm_120,U,all,512,65,vendor
gesvd,double,sm_120,U,all,512,128,vendor
gesvd,double,sm_120,U,all,512,256,vendor
gesvd,double,sm_120,U,all,512,512,vendor
gesvd,double,sm_120,U,all,512,1024,vendor
gesvd,double,sm_120,U,all,1024,1,vendor
gesvd,double,sm_120,U,all,1024,2,vendor
gesvd,double,sm_120,U,all,1024,4,vendor
gesvd,double,sm_120,U,all,1024,8,vendor
gesvd,double,sm_120,U,all,1024,16,vendor
gesvd,double,sm_120,U,all,1024,24,vendor
gesvd,double,sm_120,U,all,1024,32,vendor
gesvd,double,sm_120,U,all,1024,33,vendor
gesvd,double,sm_120,U,all,1024,48,vendor
gesvd,double,sm_120,U,all,1024,64,vendor
gesvd,double,sm_120,U,all,1024,65,vendor
gesvd,double,sm_120,U,all,1024,128,vendor
gesvd,double,sm_120,U,all,1024,256,vendor
gesvd,double,sm_120,U,all,1024,512,vendor
gesvd,double,sm_120,U,all,1024,1024,vendor
gesvd,double,sm_120,U,thin,1,1,vendor
gesvd,double,sm_120,U,thin,1,2,vendor
gesvd,double,sm_120,U,thin,1,4,vendor
gesvd,double,sm_120,U,thin,1,8,vendor
gesvd,double,sm_120,U,thin,1,16,vendor
gesvd,double,sm_120,U,thin,1,24,vendor
gesvd,double,sm_120,U,thin,1,32,vendor
gesvd,double,sm_120,U,thin,1,33,vendor
gesvd,double,sm_120,U,thin,1,48,vendor
gesvd,double,sm_120,U,thin,1,64,vendor
gesvd,double,sm_120,U,thin,1,65,vendor
gesvd,double,sm_120,U,thin,1,128,vendor
gesvd,double,sm_120,U,thin,1,256,vendor
gesvd,double,sm_120,U,thin,1,512,vendor
gesvd,double,sm_120,U,thin,1,1024,vendor
gesvd,double,sm_120,U,thin,2,1,vendor
gesvd,double,sm_120,U,thin,2,2,vendor
gesvd,double,sm_120,U,thin,2,4,vendor
gesvd,double,sm_120,U,thin,2,8,vendor
gesvd,double,sm_120,U,thin,2,16,vendor
gesvd,double,sm_120,U,thin,2,24,vendor
gesvd,double,sm_120,U,thin,2,32,vendor
gesvd,double,sm_120,U,thin,2,33,vendor
gesvd,double,sm_120,U,thin,2,48,vendor
gesvd,double,sm_120,U,thin,2,64,vendor
gesvd,double,sm_120,U,thin,2,65,vendor
gesvd,double,sm_120,U,thin,2,128,vendor
gesvd,double,sm_120,U,thin,2,256,vendor
gesvd,double,sm_120,U,thin,2,512,vendor
gesvd,double,sm_120,U,thin,2,1024,vendor
gesvd,double,sm_120,U,thin,4,1,vendor
gesvd,double,sm_120,U,thin,4,2,vendor
gesvd,double,sm_120,U,thin,4,4,vendor
gesvd,double,sm_120,U,thin,4,8,vendor
gesvd,double,sm_120,U,thin,4,16,vendor
gesvd,double,sm_120,U,thin,4,24,vendor
gesvd,double,sm_120,U,thin,4,32,vendor
gesvd,double,sm_120,U,thin,4,33,vendor
gesvd,double,sm_120,U,thin,4,48,vendor
gesvd,double,sm_120,U,thin,4,64,vendor
gesvd,double,sm_120,U,thin,4,65,vendor
gesvd,double,sm_120,U,thin,4,128,vendor
gesvd,double,sm_120,U,thin,4,256,vendor
gesvd,double,sm_120,U,thin,4,512,vendor
gesvd,double,sm_120,U,thin,4,1024,vendor
gesvd,double,sm_120,U,thin,8,1,vendor
gesvd,double,sm_120,U,thin,8,2,vendor
gesvd,double,sm_120,U,thin,8,4,vendor
gesvd,double,sm_120,U,thin,8,8,vendor
gesvd,double,sm_120,U,thin,8,16,vendor
gesvd,double,sm_120,U,thin,8,24,vendor
gesvd,double,sm_120,U,thin,8,32,vendor
gesvd,double,sm_120,U,thin,8,33,vendor
gesvd,double,sm_120,U,thin,8,48,vendor
gesvd,double,sm_120,U,thin,8,64,vendor
gesvd,double,sm_120,U,thin,8,65,vendor
gesvd,double,sm_120,U,thin,8,128,vendor
gesvd,double,sm_120,U,thin,8,256,vendor
gesvd,double,sm_120,U,thin,8,512,vendor
gesvd,double,sm_120,U,thin,8,1024,vendor
gesvd,double,sm_120,U,thin,16,1,vendor
gesvd,double,sm_120,U,thin,16,2,vendor
gesvd,double,sm_120,U,thin,16,4,vendor
gesvd,double,sm_120,U,thin,16,8,vendor
gesvd,double,sm_120,U,thin,16,16,vendor
gesvd,double,sm_120,U,thin,16,24,vendor
gesvd,double,sm_120,U,thin,16,32,vendor
gesvd,double,sm_120,U,thin,16,33,vendor
gesvd,double,sm_120,U,thin,16,48,vendor
gesvd,double,sm_120,U,thin,16,64,vendor
gesvd,double,sm_120,U,thin,16,65,vendor
gesvd,double,sm_120,U,thin,16,128,vendor
gesvd,double,sm_120,U,thin,16,256,vendor
gesvd,double,sm_120,U,thin,16,512,vendor
gesvd,double,sm_120,U,thin,16,1024,vendor
gesvd,double,sm_120,U,thin,24,1,vendor
gesvd,double,sm_120,U,thin,24,2,vendor
gesvd,double,sm_120,U,thin,24,4,vendor
gesvd,double,sm_120,U,thin,24,8,vendor
gesvd,double,sm_120,U,thin,24,16,vendor
gesvd,double,sm_120,U,thin,24,24,vendor
gesvd,double,sm_120,U,thin,24,32,vendor
gesvd,double,sm_120,U,thin,24,33,vendor
gesvd,double,sm_120,U,thin,24,48,vendor
gesvd,double,sm_120,U,thin,24,64,vendor
gesvd,double,sm_120,U,thin,24,65,vendor
gesvd,double,sm_120,U,thin,24,128,vendor
gesvd,double,sm_120,U,thin,24,256,vendor
gesvd,double,sm_120,U,thin,24,512,vendor
gesvd,double,sm_120,U,thin,24,1024,vendor
gesvd,double,sm_120,U,thin,32,1,vendor
gesvd,double,sm_120,U,thin,32,2,vendor
gesvd,double,sm_120,U,thin,32,4,vendor
gesvd,double,sm_120,U,thin,32,8,vendor
gesvd,double,sm_120,U,thin,32,16,vendor
gesvd,double,sm_120,U,thin,32,24,vendor
gesvd,double,sm_120,U,thin,32,32,vendor
gesvd,double,sm_120,U,thin,32,33,vendor
gesvd,double,sm_120,U,thin,32,48,vendor
gesvd,double,sm_120,U,thin,32,64,vendor
gesvd,double,sm_120,U,thin,32,65,vendor
gesvd,double,sm_120,U,thin,32,128,vendor
gesvd,double,sm_120,U,thin,32,256,vendor
gesvd,double,sm_120,U,thin,32,512,vendor
gesvd,double,sm_120,U,thin,32,1024,vendor
gesvd,double,sm_120,U,thin,33,1,vendor
gesvd,double,sm_120,U,thin,33,2,vendor
gesvd,double,sm_120,U,thin,33,4,vendor
gesvd,double,sm_120,U,thin,33,8,vendor
gesvd,double,sm_120,U,thin,33,16,vendor
gesvd,double,sm_120,U,thin,33,24,vendor
gesvd,double,sm_120,U,thin,33,32,vendor
gesvd,double,sm_120,U,thin,33,33,vendor
gesvd,double,sm_120,U,thin,33,48,vendor
gesvd,double,sm_120,U,thin,33,64,vendor
gesvd,double,sm_120,U,thin,33,65,vendor
gesvd,double,sm_120,U,thin,33,128,vendor
gesvd,double,sm_120,U,thin,33,256,vendor
gesvd,double,sm_120,U,thin,33,512,vendor
gesvd,double,sm_120,U,thin,33,1024,vendor
gesvd,double,sm_120,U,thin,48,1,vendor
gesvd,double,sm_120,U,thin,48,2,vendor
gesvd,double,sm_120,U,thin,48,4,vendor
gesvd,double,sm_120,U,thin,48,8,vendor
gesvd,double,sm_120,U,thin,48,16,vendor
gesvd,double,sm_120,U,thin,48,24,vendor
gesvd,double,sm_120,U,thin,48,32,vendor
gesvd,double,sm_120,U,thin,48,33,vendor
gesvd,double,sm_120,U,thin,48,48,vendor
gesvd,double,sm_120,U,thin,48,64,vendor
gesvd,double,sm_120,U,thin,48,65,vendor
gesvd,double,sm_120,U,thin,48,128,vendor
gesvd,double,sm_120,U,thin,48,256,vendor
gesvd,double,sm_120,U,thin,48,512,vendor
gesvd,double,sm_120,U,thin,48,1024,vendor
gesvd,double,sm_120,U,thin,64,1,vendor
gesvd,double,sm_120,U,thin,64,2,vendor
gesvd,double,sm_120,U,thin,64,4,vendor
gesvd,double,sm_120,U,thin,64,8,vendor
gesvd,double,sm_120,U,thin,64,16,vendor
gesvd,double,sm_120,U,thin,64,24,vendor
gesvd,double,sm_120,U,thin,64,32,vendor
gesvd,double,sm_120,U,thin,64,33,vendor
gesvd,double,sm_120,U,thin,64,48,vendor
gesvd,double,sm_120,U,thin,64,64,vendor
gesvd,double,sm_120,U,thin,64,65,vendor
gesvd,double,sm_120,U,thin,64,128,vendor
gesvd,double,sm_120,U,thin,64,256,vendor
gesvd,double,sm_120,U,thin,64,512,vendor
gesvd,double,sm_120,U,thin,64,1024,vendor
gesvd,double,sm_120,U,thin,65,1,vendor
gesvd,double,sm_120,U,thin,65,2,vendor
gesvd,double,sm_120,U,thin,65,4,vendor
gesvd,double,sm_120,U,thin,65,8,vendor
gesvd,double,sm_120,U,thin,65,16,vendor
gesvd,double,sm_120,U,thin,65,24,vendor
gesvd,double,sm_120,U,thin,65,32,vendor
gesvd,double,sm_120,U,thin,65,33,vendor
gesvd,double,sm_120,U,thin,65,48,vendor
gesvd,double,sm_120,U,thin,65,64,vendor
gesvd,double,sm_120,U,thin,65,65,vendor
gesvd,double,sm_120,U,thin,65,128,vendor
gesvd,double,sm_120,U,thin,65,256,vendor
gesvd,double,sm_120,U,thin,65,512,vendor
gesvd,double,sm_120,U,thin,65,1024,vendor
gesvd,double,sm_120,U,thin,128,1,vendor
gesvd,double,sm_120,U,thin,128,2,vendor
gesvd,double,sm_120,U,thin,128,4,vendor
gesvd,double,sm_120,U,thin,128,8,vendor
gesvd,double,sm_120,U,thin,128,16,vendor
gesvd,double,sm_120,U,thin,128,24,vendor
gesvd,double,sm_120,U,thin,128,32,vendor
gesvd,double,sm_120,U,thin,128,33,vendor
gesvd,double,sm_120,U,thin,128,48,vendor
gesvd,double,sm_120,U,thin,128,64,vendor
gesvd,double,sm_120,U,thin,128,65,vendor
gesvd,double,sm_120,U,thin,128,128,vendor
gesvd,double,sm_120,U,thin,128,256,vendor
gesvd,double,sm_120,U,thin,128,512,vendor
gesvd,double,sm_120,U,thin,128,1024,vendor
gesvd,double,sm_120,U,thin,256,1,vendor
gesvd,double,sm_120,U,thin,256,2,vendor
gesvd,double,sm_120,U,thin,256,4,vendor
gesvd,double,sm_120,U,thin,256,8,vendor
gesvd,double,sm_120,U,thin,256,16,vendor
gesvd,double,sm_120,U,thin,256,24,vendor
gesvd,double,sm_120,U,thin,256,32,vendor
gesvd,double,sm_120,U,thin,256,33,vendor
gesvd,double,sm_120,U,thin,256,48,vendor
gesvd,double,sm_120,U,thin,256,64,vendor
gesvd,double,sm_120,U,thin,256,65,vendor
gesvd,double,sm_120,U,thin,256,128,vendor
gesvd,double,sm_120,U,thin,256,256,vendor
gesvd,double,sm_120,U,thin,256,512,vendor
gesvd,double,sm_120,U,thin,256,1024,vendor
gesvd,double,sm_120,U,thin,512,1,vendor
gesvd,double,sm_120,U,thin,512,2,vendor
gesvd,double,sm_120,U,thin,512,4,vendor
gesvd,double,sm_120,U,thin,512,8,vendor
gesvd,double,sm_120,U,thin,512,16,vendor
gesvd,double,sm_120,U,thin,512,24,vendor
gesvd,double,sm_120,U,thin,512,32,vendor
gesvd,double,sm_120,U,thin,512,33,vendor
gesvd,double,sm_120,U,thin,512,48,vendor
gesvd,double,sm_120,U,thin,512,64,vendor
gesvd,double,sm_120,U,thin,512,65,vendor
gesvd,double,sm_120,U,thin,512,128,vendor
gesvd,double,sm_120,U,thin,512,256,vendor
gesvd,double,sm_120,U,thin,512,512,vendor
gesvd,double,sm_120,U,thin,512,1024,vendor
gesvd,double,sm_120,U,thin,1024,1,vendor
gesvd,double,sm_120,U,thin,1024,2,vendor
gesvd,double,sm_120,U,thin,1024,4,vendor
gesvd,double,sm_120,U,thin,1024,8,vendor
gesvd,double,sm_120,U,thin,1024,16,vendor
gesvd,double,sm_120,U,thin,1024,24,vendor
gesvd,double,sm_120,U,thin,1024,32,vendor
gesvd,double,sm_120,U,thin,1024,33,vendor
gesvd,double,sm_120,U,thin,1024,48,vendor
gesvd,double,sm_120,U,thin,1024,64,vendor
gesvd,double,sm_120,U,thin,1024,65,vendor
gesvd,double,sm_120,U,thin,1024,128,vendor
gesvd,double,sm_120,U,thin,1024,256,vendor
gesvd,double,sm_120,U,thin,1024,512,vendor
gesvd,double,sm_120,U,thin,1024,1024,vendor
gesvd,cfloat,sm_120,N,none,1,1,jacobi|vendor
gesvd,cfloat,sm_120,N,none,1,2,jacobi|vendor
gesvd,cfloat,sm_120,N,none,1,4,jacobi|vendor
gesvd,cfloat,sm_120,N,none,1,8,jacobi|vendor
gesvd,cfloat,sm_120,N,none,1,16,jacobi|vendor
gesvd,cfloat,sm_120,N,none,1,24,jacobi|vendor
gesvd,cfloat,sm_120,N,none,1,32,jacobi|vendor
gesvd,cfloat,sm_120,N,none,1,33,jacobi|vendor
gesvd,cfloat,sm_120,N,none,1,48,jacobi|vendor
gesvd,cfloat,sm_120,N,none,1,64,jacobi|vendor
gesvd,cfloat,sm_120,N,none,1,65,vendor
gesvd,cfloat,sm_120,N,none,1,128,vendor
gesvd,cfloat,sm_120,N,none,1,256,vendor
gesvd,cfloat,sm_120,N,none,1,512,vendor
gesvd,cfloat,sm_120,N,none,1,1024,vendor
gesvd,cfloat,sm_120,N,none,2,1,jacobi|vendor
gesvd,cfloat,sm_120,N,none,2,2,jacobi|vendor
gesvd,cfloat,sm_120,N,none,2,4,jacobi|vendor
gesvd,cfloat,sm_120,N,none,2,8,jacobi|vendor
gesvd,cfloat,sm_120,N,none,2,16,jacobi|vendor
gesvd,cfloat,sm_120,N,none,2,24,jacobi|vendor
gesvd,cfloat,sm_120,N,none,2,32,jacobi|vendor
gesvd,cfloat,sm_120,N,none,2,33,jacobi|vendor
gesvd,cfloat,sm_120,N,none,2,48,jacobi|vendor
gesvd,cfloat,sm_120,N,none,2,64,jacobi|vendor
gesvd,cfloat,sm_120,N,none,2,65,vendor
gesvd,cfloat,sm_120,N,none,2,128,vendor
gesvd,cfloat,sm_120,N,none,2,256,vendor
gesvd,cfloat,sm_120,N,none,2,512,vendor
gesvd,cfloat,sm_120,N,none,2,1024,vendor
gesvd,cfloat,sm_120,N,none,4,1,jacobi|vendor
gesvd,cfloat,sm_120,N,none,4,2,jacobi|vendor
gesvd,cfloat,sm_120,N,none,4,4,jacobi|vendor
gesvd,cfloat,sm_120,N,none,4,8,jacobi|vendor
gesvd,cfloat,sm_120,N,none,4,16,jacobi|vendor
gesvd,cfloat,sm_120,N,none,4,24,jacobi|vendor
gesvd,cfloat,sm_120,N,none,4,32,jacobi|vendor
gesvd,cfloat,sm_120,N,none,4,33,jacobi|vendor
gesvd,cfloat,sm_120,N,none,4,48,jacobi|vendor
gesvd,cfloat,sm_120,N,none,4,64,jacobi|vendor
gesvd,cfloat,sm_120,N,none,4,65,vendor
gesvd,cfloat,sm_120,N,none,4,128,vendor
gesvd,cfloat,sm_120,N,none,4,256,vendor
gesvd,cfloat,sm_120,N,none,4,512,vendor
gesvd,cfloat,sm_120,N,none,4,1024,vendor
gesvd,cfloat,sm_120,N,none,8,1,jacobi|vendor
gesvd,cfloat,sm_120,N,none,8,2,jacobi|vendor
gesvd,cfloat,sm_120,N,none,8,4,jacobi|vendor
gesvd,cfloat,sm_120,N,none,8,8,jacobi|vendor
gesvd,cfloat,sm_120,N,none,8,16,jacobi|vendor
gesvd,cfloat,sm_120,N,none,8,24,jacobi|vendor
gesvd,cfloat,sm_120,N,none,8,32,jacobi|vendor
gesvd,cfloat,sm_120,N,none,8,33,jacobi|vendor
gesvd,cfloat,sm_120,N,none,8,48,jacobi|vendor
gesvd,cfloat,sm_120,N,none,8,64,jacobi|vendor
gesvd,cfloat,sm_120,N,none,8,65,vendor
gesvd,cfloat,sm_120,N,none,8,128,vendor
gesvd,cfloat,sm_120,N,none,8,256,vendor
gesvd,cfloat,sm_120,N,none,8,512,vendor
gesvd,cfloat,sm_120,N,none,8,1024,vendor
gesvd,cfloat,sm_120,N,none,16,1,jacobi|vendor
gesvd,cfloat,sm_120,N,none,16,2,jacobi|vendor
gesvd,cfloat,sm_120,N,none,16,4,jacobi|vendor
gesvd,cfloat,sm_120,N,none,16,8,jacobi|vendor
gesvd,cfloat,sm_120,N,none,16,16,jacobi|vendor
gesvd,cfloat,sm_120,N,none,16,24,jacobi|vendor
gesvd,cfloat,sm_120,N,none,16,32,jacobi|vendor
gesvd,cfloat,sm_120,N,none,16,33,jacobi|vendor
gesvd,cfloat,sm_120,N,none,16,48,jacobi|vendor
gesvd,cfloat,sm_120,N,none,16,64,jacobi|vendor
gesvd,cfloat,sm_120,N,none,16,65,vendor
gesvd,cfloat,sm_120,N,none,16,128,vendor
gesvd,cfloat,sm_120,N,none,16,256,vendor
gesvd,cfloat,sm_120,N,none,16,512,vendor
gesvd,cfloat,sm_120,N,none,16,1024,vendor
gesvd,cfloat,sm_120,N,none,24,1,jacobi|vendor
gesvd,cfloat,sm_120,N,none,24,2,jacobi|vendor
gesvd,cfloat,sm_120,N,none,24,4,jacobi|vendor
gesvd,cfloat,sm_120,N,none,24,8,jacobi|vendor
gesvd,cfloat,sm_120,N,none,24,16,jacobi|vendor
gesvd,cfloat,sm_120,N,none,24,24,jacobi|vendor
gesvd,cfloat,sm_120,N,none,24,32,jacobi|vendor
gesvd,cfloat,sm_120,N,none,24,33,jacobi|vendor
gesvd,cfloat,sm_120,N,none,24,48,jacobi|vendor
gesvd,cfloat,sm_120,N,none,24,64,jacobi|vendor
gesvd,cfloat,sm_120,N,none,24,65,vendor
gesvd,cfloat,sm_120,N,none,24,128,vendor
gesvd,cfloat,sm_120,N,none,24,256,vendor
gesvd,cfloat,sm_120,N,none,24,512,vendor
gesvd,cfloat,sm_120,N,none,24,1024,vendor
gesvd,cfloat,sm_120,N,none,32,1,jacobi|vendor
gesvd,cfloat,sm_120,N,none,32,2,jacobi|vendor
gesvd,cfloat,sm_120,N,none,32,4,jacobi|vendor
gesvd,cfloat,sm_120,N,none,32,8,jacobi|vendor
gesvd,cfloat,sm_120,N,none,32,16,jacobi|vendor
gesvd,cfloat,sm_120,N,none,32,24,jacobi|vendor
gesvd,cfloat,sm_120,N,none,32,32,jacobi|vendor
gesvd,cfloat,sm_120,N,none,32,33,jacobi|vendor
gesvd,cfloat,sm_120,N,none,32,48,jacobi|vendor
gesvd,cfloat,sm_120,N,none,32,64,jacobi|vendor
gesvd,cfloat,sm_120,N,none,32,65,vendor
gesvd,cfloat,sm_120,N,none,32,128,vendor
gesvd,cfloat,sm_120,N,none,32,256,vendor
gesvd,cfloat,sm_120,N,none,32,512,vendor
gesvd,cfloat,sm_120,N,none,32,1024,vendor
gesvd,cfloat,sm_120,N,none,33,1,jacobi|vendor
gesvd,cfloat,sm_120,N,none,33,2,jacobi|vendor
gesvd,cfloat,sm_120,N,none,33,4,jacobi|vendor
gesvd,cfloat,sm_120,N,none,33,8,jacobi|vendor
gesvd,cfloat,sm_120,N,none,33,16,jacobi|vendor
gesvd,cfloat,sm_120,N,none,33,24,jacobi|vendor
gesvd,cfloat,sm_120,N,none,33,32,jacobi|vendor
gesvd,cfloat,sm_120,N,none,33,33,jacobi|vendor
gesvd,cfloat,sm_120,N,none,33,48,jacobi|vendor
gesvd,cfloat,sm_120,N,none,33,64,jacobi|vendor
gesvd,cfloat,sm_120,N,none,33,65,vendor
gesvd,cfloat,sm_120,N,none,33,128,vendor
gesvd,cfloat,sm_120,N,none,33,256,vendor
gesvd,cfloat,sm_120,N,none,33,512,vendor
gesvd,cfloat,sm_120,N,none,33,1024,vendor
gesvd,cfloat,sm_120,N,none,48,1,jacobi|vendor
gesvd,cfloat,sm_120,N,none,48,2,jacobi|vendor
gesvd,cfloat,sm_120,N,none,48,4,jacobi|vendor
gesvd,cfloat,sm_120,N,none,48,8,jacobi|vendor
gesvd,cfloat,sm_120,N,none,48,16,jacobi|vendor
gesvd,cfloat,sm_120,N,none,48,24,jacobi|vendor
gesvd,cfloat,sm_120,N,none,48,32,jacobi|vendor
gesvd,cfloat,sm_120,N,none,48,33,jacobi|vendor
gesvd,cfloat,sm_120,N,none,48,48,jacobi|vendor
gesvd,cfloat,sm_120,N,none,48,64,jacobi|vendor
gesvd,cfloat,sm_120,N,none,48,65,vendor
gesvd,cfloat,sm_120,N,none,48,128,vendor
gesvd,cfloat,sm_120,N,none,48,256,vendor
gesvd,cfloat,sm_120,N,none,48,512,vendor
gesvd,cfloat,sm_120,N,none,48,1024,vendor
gesvd,cfloat,sm_120,N,none,64,1,jacobi|vendor
gesvd,cfloat,sm_120,N,none,64,2,jacobi|vendor
gesvd,cfloat,sm_120,N,none,64,4,jacobi|vendor
gesvd,cfloat,sm_120,N,none,64,8,jacobi|vendor
gesvd,cfloat,sm_120,N,none,64,16,jacobi|vendor
gesvd,cfloat,sm_120,N,none,64,24,jacobi|vendor
gesvd,cfloat,sm_120,N,none,64,32,jacobi|vendor
gesvd,cfloat,sm_120,N,none,64,33,jacobi|vendor
gesvd,cfloat,sm_120,N,none,64,48,jacobi|vendor
gesvd,cfloat,sm_120,N,none,64,64,jacobi|vendor
gesvd,cfloat,sm_120,N,none,64,65,vendor
gesvd,cfloat,sm_120,N,none,64,128,vendor
gesvd,cfloat,sm_120,N,none,64,256,vendor
gesvd,cfloat,sm_120,N,none,64,512,vendor
gesvd,cfloat,sm_120,N,none,64,1024,vendor
gesvd,cfloat,sm_120,N,none,65,1,vendor
gesvd,cfloat,sm_120,N,none,65,2,vendor
gesvd,cfloat,sm_120,N,none,65,4,vendor
gesvd,cfloat,sm_120,N,none,65,8,vendor
gesvd,cfloat,sm_120,N,none,65,16,vendor
gesvd,cfloat,sm_120,N,none,65,24,vendor
gesvd,cfloat,sm_120,N,none,65,32,vendor
gesvd,cfloat,sm_120,N,none,65,33,vendor
gesvd,cfloat,sm_120,N,none,65,48,vendor
gesvd,cfloat,sm_120,N,none,65,64,vendor
gesvd,cfloat,sm_120,N,none,65,65,vendor
gesvd,cfloat,sm_120,N,none,65,128,vendor
gesvd,cfloat,sm_120,N,none,65,256,vendor
gesvd,cfloat,sm_120,N,none,65,512,vendor
gesvd,cfloat,sm_120,N,none,65,1024,vendor
gesvd,cfloat,sm_120,N,none,128,1,vendor
gesvd,cfloat,sm_120,N,none,128,2,vendor
gesvd,cfloat,sm_120,N,none,128,4,vendor
gesvd,cfloat,sm_120,N,none,128,8,vendor
gesvd,cfloat,sm_120,N,none,128,16,vendor
gesvd,cfloat,sm_120,N,none,128,24,vendor
gesvd,cfloat,sm_120,N,none,128,32,vendor
gesvd,cfloat,sm_120,N,none,128,33,vendor
gesvd,cfloat,sm_120,N,none,128,48,vendor
gesvd,cfloat,sm_120,N,none,128,64,vendor
gesvd,cfloat,sm_120,N,none,128,65,vendor
gesvd,cfloat,sm_120,N,none,128,128,vendor
gesvd,cfloat,sm_120,N,none,128,256,vendor
gesvd,cfloat,sm_120,N,none,128,512,vendor
gesvd,cfloat,sm_120,N,none,128,1024,vendor
gesvd,cfloat,sm_120,N,none,256,1,vendor
gesvd,cfloat,sm_120,N,none,256,2,vendor
gesvd,cfloat,sm_120,N,none,256,4,vendor
gesvd,cfloat,sm_120,N,none,256,8,vendor
gesvd,cfloat,sm_120,N,none,256,16,vendor
gesvd,cfloat,sm_120,N,none,256,24,vendor
gesvd,cfloat,sm_120,N,none,256,32,vendor
gesvd,cfloat,sm_120,N,none,256,33,vendor
gesvd,cfloat,sm_120,N,none,256,48,vendor
gesvd,cfloat,sm_120,N,none,256,64,vendor
gesvd,cfloat,sm_120,N,none,256,65,vendor
gesvd,cfloat,sm_120,N,none,256,128,vendor
gesvd,cfloat,sm_120,N,none,256,256,vendor
gesvd,cfloat,sm_120,N,none,256,512,vendor
gesvd,cfloat,sm_120,N,none,256,1024,vendor
gesvd,cfloat,sm_120,N,none,512,1,vendor
gesvd,cfloat,sm_120,N,none,512,2,vendor
gesvd,cfloat,sm_120,N,none,512,4,vendor
gesvd,cfloat,sm_120,N,none,512,8,vendor
gesvd,cfloat,sm_120,N,none,512,16,vendor
gesvd,cfloat,sm_120,N,none,512,24,vendor
gesvd,cfloat,sm_120,N,none,512,32,vendor
gesvd,cfloat,sm_120,N,none,512,33,vendor
gesvd,cfloat,sm_120,N,none,512,48,vendor
gesvd,cfloat,sm_120,N,none,512,64,vendor
gesvd,cfloat,sm_120,N,none,512,65,vendor
gesvd,cfloat,sm_120,N,none,512,128,vendor
gesvd,cfloat,sm_120,N,none,512,256,vendor
gesvd,cfloat,sm_120,N,none,512,512,vendor
gesvd,cfloat,sm_120,N,none,512,1024,vendor
gesvd,cfloat,sm_120,N,none,1024,1,vendor
gesvd,cfloat,sm_120,N,none,1024,2,vendor
gesvd,cfloat,sm_120,N,none,1024,4,vendor
gesvd,cfloat,sm_120,N,none,1024,8,vendor
gesvd,cfloat,sm_120,N,none,1024,16,vendor
gesvd,cfloat,sm_120,N,none,1024,24,vendor
gesvd,cfloat,sm_120,N,none,1024,32,vendor
gesvd,cfloat,sm_120,N,none,1024,33,vendor
gesvd,cfloat,sm_120,N,none,1024,48,vendor
gesvd,cfloat,sm_120,N,none,1024,64,vendor
gesvd,cfloat,sm_120,N,none,1024,65,vendor
gesvd,cfloat,sm_120,N,none,1024,128,vendor
gesvd,cfloat,sm_120,N,none,1024,256,vendor
gesvd,cfloat,sm_120,N,none,1024,512,vendor
gesvd,cfloat,sm_120,N,none,1024,1024,vendor
gesvd,cfloat,sm_120,N,all,1,1,jacobi|vendor
gesvd,cfloat,sm_120,N,all,1,2,jacobi|vendor
gesvd,cfloat,sm_120,N,all,1,4,jacobi|vendor
gesvd,cfloat,sm_120,N,all,1,8,jacobi|vendor
gesvd,cfloat,sm_120,N,all,1,16,jacobi|vendor
gesvd,cfloat,sm_120,N,all,1,24,jacobi|vendor
gesvd,cfloat,sm_120,N,all,1,32,jacobi|vendor
gesvd,cfloat,sm_120,N,all,1,33,jacobi|vendor
gesvd,cfloat,sm_120,N,all,1,48,jacobi|vendor
gesvd,cfloat,sm_120,N,all,1,64,jacobi|vendor
gesvd,cfloat,sm_120,N,all,1,65,vendor
gesvd,cfloat,sm_120,N,all,1,128,vendor
gesvd,cfloat,sm_120,N,all,1,256,vendor
gesvd,cfloat,sm_120,N,all,1,512,vendor
gesvd,cfloat,sm_120,N,all,1,1024,vendor
gesvd,cfloat,sm_120,N,all,2,1,jacobi|vendor
gesvd,cfloat,sm_120,N,all,2,2,jacobi|vendor
gesvd,cfloat,sm_120,N,all,2,4,jacobi|vendor
gesvd,cfloat,sm_120,N,all,2,8,jacobi|vendor
gesvd,cfloat,sm_120,N,all,2,16,jacobi|vendor
gesvd,cfloat,sm_120,N,all,2,24,jacobi|vendor
gesvd,cfloat,sm_120,N,all,2,32,jacobi|vendor
gesvd,cfloat,sm_120,N,all,2,33,jacobi|vendor
gesvd,cfloat,sm_120,N,all,2,48,jacobi|vendor
gesvd,cfloat,sm_120,N,all,2,64,jacobi|vendor
gesvd,cfloat,sm_120,N,all,2,65,vendor
gesvd,cfloat,sm_120,N,all,2,128,vendor
gesvd,cfloat,sm_120,N,all,2,256,vendor
gesvd,cfloat,sm_120,N,all,2,512,vendor
gesvd,cfloat,sm_120,N,all,2,1024,vendor
gesvd,cfloat,sm_120,N,all,4,1,jacobi|vendor
gesvd,cfloat,sm_120,N,all,4,2,jacobi|vendor
gesvd,cfloat,sm_120,N,all,4,4,jacobi|vendor
gesvd,cfloat,sm_120,N,all,4,8,jacobi|vendor
gesvd,cfloat,sm_120,N,all,4,16,jacobi|vendor
gesvd,cfloat,sm_120,N,all,4,24,jacobi|vendor
gesvd,cfloat,sm_120,N,all,4,32,jacobi|vendor
gesvd,cfloat,sm_120,N,all,4,33,jacobi|vendor
gesvd,cfloat,sm_120,N,all,4,48,jacobi|vendor
gesvd,cfloat,sm_120,N,all,4,64,jacobi|vendor
gesvd,cfloat,sm_120,N,all,4,65,vendor
gesvd,cfloat,sm_120,N,all,4,128,vendor
gesvd,cfloat,sm_120,N,all,4,256,vendor
gesvd,cfloat,sm_120,N,all,4,512,vendor
gesvd,cfloat,sm_120,N,all,4,1024,vendor
gesvd,cfloat,sm_120,N,all,8,1,jacobi|vendor
gesvd,cfloat,sm_120,N,all,8,2,jacobi|vendor
gesvd,cfloat,sm_120,N,all,8,4,jacobi|vendor
gesvd,cfloat,sm_120,N,all,8,8,jacobi|vendor
gesvd,cfloat,sm_120,N,all,8,16,jacobi|vendor
gesvd,cfloat,sm_120,N,all,8,24,jacobi|vendor
gesvd,cfloat,sm_120,N,all,8,32,jacobi|vendor
gesvd,cfloat,sm_120,N,all,8,33,jacobi|vendor
gesvd,cfloat,sm_120,N,all,8,48,jacobi|vendor
gesvd,cfloat,sm_120,N,all,8,64,jacobi|vendor
gesvd,cfloat,sm_120,N,all,8,65,vendor
gesvd,cfloat,sm_120,N,all,8,128,vendor
gesvd,cfloat,sm_120,N,all,8,256,vendor
gesvd,cfloat,sm_120,N,all,8,512,vendor
gesvd,cfloat,sm_120,N,all,8,1024,vendor
gesvd,cfloat,sm_120,N,all,16,1,jacobi|vendor
gesvd,cfloat,sm_120,N,all,16,2,jacobi|vendor
gesvd,cfloat,sm_120,N,all,16,4,jacobi|vendor
gesvd,cfloat,sm_120,N,all,16,8,jacobi|vendor
gesvd,cfloat,sm_120,N,all,16,16,jacobi|vendor
gesvd,cfloat,sm_120,N,all,16,24,jacobi|vendor
gesvd,cfloat,sm_120,N,all,16,32,jacobi|vendor
gesvd,cfloat,sm_120,N,all,16,33,jacobi|vendor
gesvd,cfloat,sm_120,N,all,16,48,jacobi|vendor
gesvd,cfloat,sm_120,N,all,16,64,jacobi|vendor
gesvd,cfloat,sm_120,N,all,16,65,vendor
gesvd,cfloat,sm_120,N,all,16,128,vendor
gesvd,cfloat,sm_120,N,all,16,256,vendor
gesvd,cfloat,sm_120,N,all,16,512,vendor
gesvd,cfloat,sm_120,N,all,16,1024,vendor
gesvd,cfloat,sm_120,N,all,24,1,jacobi|vendor
gesvd,cfloat,sm_120,N,all,24,2,jacobi|vendor
gesvd,cfloat,sm_120,N,all,24,4,jacobi|vendor
gesvd,cfloat,sm_120,N,all,24,8,jacobi|vendor
gesvd,cfloat,sm_120,N,all,24,16,jacobi|vendor
gesvd,cfloat,sm_120,N,all,24,24,jacobi|vendor
gesvd,cfloat,sm_120,N,all,24,32,jacobi|vendor
gesvd,cfloat,sm_120,N,all,24,33,jacobi|vendor
gesvd,cfloat,sm_120,N,all,24,48,jacobi|vendor
gesvd,cfloat,sm_120,N,all,24,64,jacobi|vendor
gesvd,cfloat,sm_120,N,all,24,65,vendor
gesvd,cfloat,sm_120,N,all,24,128,vendor
gesvd,cfloat,sm_120,N,all,24,256,vendor
gesvd,cfloat,sm_120,N,all,24,512,vendor
gesvd,cfloat,sm_120,N,all,24,1024,vendor
gesvd,cfloat,sm_120,N,all,32,1,jacobi|vendor
gesvd,cfloat,sm_120,N,all,32,2,jacobi|vendor
gesvd,cfloat,sm_120,N,all,32,4,jacobi|vendor
gesvd,cfloat,sm_120,N,all,32,8,jacobi|vendor
gesvd,cfloat,sm_120,N,all,32,16,jacobi|vendor
gesvd,cfloat,sm_120,N,all,32,24,jacobi|vendor
gesvd,cfloat,sm_120,N,all,32,32,jacobi|vendor
gesvd,cfloat,sm_120,N,all,32,33,jacobi|vendor
gesvd,cfloat,sm_120,N,all,32,48,jacobi|vendor
gesvd,cfloat,sm_120,N,all,32,64,jacobi|vendor
gesvd,cfloat,sm_120,N,all,32,65,vendor
gesvd,cfloat,sm_120,N,all,32,128,vendor
gesvd,cfloat,sm_120,N,all,32,256,vendor
gesvd,cfloat,sm_120,N,all,32,512,vendor
gesvd,cfloat,sm_120,N,all,32,1024,vendor
gesvd,cfloat,sm_120,N,all,33,1,jacobi|vendor
gesvd,cfloat,sm_120,N,all,33,2,jacobi|vendor
gesvd,cfloat,sm_120,N,all,33,4,jacobi|vendor
gesvd,cfloat,sm_120,N,all,33,8,jacobi|vendor
gesvd,cfloat,sm_120,N,all,33,16,jacobi|vendor
gesvd,cfloat,sm_120,N,all,33,24,jacobi|vendor
gesvd,cfloat,sm_120,N,all,33,32,jacobi|vendor
gesvd,cfloat,sm_120,N,all,33,33,jacobi|vendor
gesvd,cfloat,sm_120,N,all,33,48,jacobi|vendor
gesvd,cfloat,sm_120,N,all,33,64,jacobi|vendor
gesvd,cfloat,sm_120,N,all,33,65,vendor
gesvd,cfloat,sm_120,N,all,33,128,vendor
gesvd,cfloat,sm_120,N,all,33,256,vendor
gesvd,cfloat,sm_120,N,all,33,512,vendor
gesvd,cfloat,sm_120,N,all,33,1024,vendor
gesvd,cfloat,sm_120,N,all,48,1,jacobi|vendor
gesvd,cfloat,sm_120,N,all,48,2,jacobi|vendor
gesvd,cfloat,sm_120,N,all,48,4,jacobi|vendor
gesvd,cfloat,sm_120,N,all,48,8,jacobi|vendor
gesvd,cfloat,sm_120,N,all,48,16,jacobi|vendor
gesvd,cfloat,sm_120,N,all,48,24,jacobi|vendor
gesvd,cfloat,sm_120,N,all,48,32,jacobi|vendor
gesvd,cfloat,sm_120,N,all,48,33,jacobi|vendor
gesvd,cfloat,sm_120,N,all,48,48,jacobi|vendor
gesvd,cfloat,sm_120,N,all,48,64,jacobi|vendor
gesvd,cfloat,sm_120,N,all,48,65,vendor
gesvd,cfloat,sm_120,N,all,48,128,vendor
gesvd,cfloat,sm_120,N,all,48,256,vendor
gesvd,cfloat,sm_120,N,all,48,512,vendor
gesvd,cfloat,sm_120,N,all,48,1024,vendor
gesvd,cfloat,sm_120,N,all,64,1,jacobi|vendor
gesvd,cfloat,sm_120,N,all,64,2,jacobi|vendor
gesvd,cfloat,sm_120,N,all,64,4,jacobi|vendor
gesvd,cfloat,sm_120,N,all,64,8,jacobi|vendor
gesvd,cfloat,sm_120,N,all,64,16,jacobi|vendor
gesvd,cfloat,sm_120,N,all,64,24,jacobi|vendor
gesvd,cfloat,sm_120,N,all,64,32,jacobi|vendor
gesvd,cfloat,sm_120,N,all,64,33,jacobi|vendor
gesvd,cfloat,sm_120,N,all,64,48,jacobi|vendor
gesvd,cfloat,sm_120,N,all,64,64,jacobi|vendor
gesvd,cfloat,sm_120,N,all,64,65,vendor
gesvd,cfloat,sm_120,N,all,64,128,vendor
gesvd,cfloat,sm_120,N,all,64,256,vendor
gesvd,cfloat,sm_120,N,all,64,512,vendor
gesvd,cfloat,sm_120,N,all,64,1024,vendor
gesvd,cfloat,sm_120,N,all,65,1,vendor
gesvd,cfloat,sm_120,N,all,65,2,vendor
gesvd,cfloat,sm_120,N,all,65,4,vendor
gesvd,cfloat,sm_120,N,all,65,8,vendor
gesvd,cfloat,sm_120,N,all,65,16,vendor
gesvd,cfloat,sm_120,N,all,65,24,vendor
gesvd,cfloat,sm_120,N,all,65,32,vendor
gesvd,cfloat,sm_120,N,all,65,33,vendor
gesvd,cfloat,sm_120,N,all,65,48,vendor
gesvd,cfloat,sm_120,N,all,65,64,vendor
gesvd,cfloat,sm_120,N,all,65,65,vendor
gesvd,cfloat,sm_120,N,all,65,128,vendor
gesvd,cfloat,sm_120,N,all,65,256,vendor
gesvd,cfloat,sm_120,N,all,65,512,vendor
gesvd,cfloat,sm_120,N,all,65,1024,vendor
gesvd,cfloat,sm_120,N,all,128,1,vendor
gesvd,cfloat,sm_120,N,all,128,2,vendor
gesvd,cfloat,sm_120,N,all,128,4,vendor
gesvd,cfloat,sm_120,N,all,128,8,vendor
gesvd,cfloat,sm_120,N,all,128,16,vendor
gesvd,cfloat,sm_120,N,all,128,24,vendor
gesvd,cfloat,sm_120,N,all,128,32,vendor
gesvd,cfloat,sm_120,N,all,128,33,vendor
gesvd,cfloat,sm_120,N,all,128,48,vendor
gesvd,cfloat,sm_120,N,all,128,64,vendor
gesvd,cfloat,sm_120,N,all,128,65,vendor
gesvd,cfloat,sm_120,N,all,128,128,vendor
gesvd,cfloat,sm_120,N,all,128,256,vendor
gesvd,cfloat,sm_120,N,all,128,512,vendor
gesvd,cfloat,sm_120,N,all,128,1024,vendor
gesvd,cfloat,sm_120,N,all,256,1,vendor
gesvd,cfloat,sm_120,N,all,256,2,vendor
gesvd,cfloat,sm_120,N,all,256,4,vendor
gesvd,cfloat,sm_120,N,all,256,8,vendor
gesvd,cfloat,sm_120,N,all,256,16,vendor
gesvd,cfloat,sm_120,N,all,256,24,vendor
gesvd,cfloat,sm_120,N,all,256,32,vendor
gesvd,cfloat,sm_120,N,all,256,33,vendor
gesvd,cfloat,sm_120,N,all,256,48,vendor
gesvd,cfloat,sm_120,N,all,256,64,vendor
gesvd,cfloat,sm_120,N,all,256,65,vendor
gesvd,cfloat,sm_120,N,all,256,128,vendor
gesvd,cfloat,sm_120,N,all,256,256,vendor
gesvd,cfloat,sm_120,N,all,256,512,vendor
gesvd,cfloat,sm_120,N,all,256,1024,vendor
gesvd,cfloat,sm_120,N,all,512,1,vendor
gesvd,cfloat,sm_120,N,all,512,2,vendor
gesvd,cfloat,sm_120,N,all,512,4,vendor
gesvd,cfloat,sm_120,N,all,512,8,vendor
gesvd,cfloat,sm_120,N,all,512,16,vendor
gesvd,cfloat,sm_120,N,all,512,24,vendor
gesvd,cfloat,sm_120,N,all,512,32,vendor
gesvd,cfloat,sm_120,N,all,512,33,vendor
gesvd,cfloat,sm_120,N,all,512,48,vendor
gesvd,cfloat,sm_120,N,all,512,64,vendor
gesvd,cfloat,sm_120,N,all,512,65,vendor
gesvd,cfloat,sm_120,N,all,512,128,vendor
gesvd,cfloat,sm_120,N,all,512,256,vendor
gesvd,cfloat,sm_120,N,all,512,512,vendor
gesvd,cfloat,sm_120,N,all,512,1024,vendor
gesvd,cfloat,sm_120,N,all,1024,1,vendor
gesvd,cfloat,sm_120,N,all,1024,2,vendor
gesvd,cfloat,sm_120,N,all,1024,4,vendor
gesvd,cfloat,sm_120,N,all,1024,8,vendor
gesvd,cfloat,sm_120,N,all,1024,16,vendor
gesvd,cfloat,sm_120,N,all,1024,24,vendor
gesvd,cfloat,sm_120,N,all,1024,32,vendor
gesvd,cfloat,sm_120,N,all,1024,33,vendor
gesvd,cfloat,sm_120,N,all,1024,48,vendor
gesvd,cfloat,sm_120,N,all,1024,64,vendor
gesvd,cfloat,sm_120,N,all,1024,65,vendor
gesvd,cfloat,sm_120,N,all,1024,128,vendor
gesvd,cfloat,sm_120,N,all,1024,256,vendor
gesvd,cfloat,sm_120,N,all,1024,512,vendor
gesvd,cfloat,sm_120,N,all,1024,1024,vendor
gesvd,cfloat,sm_120,N,thin,1,1,jacobi|vendor
gesvd,cfloat,sm_120,N,thin,1,2,jacobi|vendor
gesvd,cfloat,sm_120,N,thin,1,4,jacobi|vendor
gesvd,cfloat,sm_120,N,thin,1,8,jacobi|vendor
gesvd,cfloat,sm_120,N,thin,1,16,jacobi|vendor
gesvd,cfloat,sm_120,N,thin,1,24,jacobi|vendor
gesvd,cfloat,sm_120,N,thin,1,32,jacobi|vendor
gesvd,cfloat,sm_120,N,thin,1,33,jacobi|vendor
gesvd,cfloat,sm_120,N,thin,1,48,jacobi|vendor
gesvd,cfloat,sm_120,N,thin,1,64,jacobi|vendor
gesvd,cfloat,sm_120,N,thin,1,65,vendor
gesvd,cfloat,sm_120,N,thin,1,128,vendor
gesvd,cfloat,sm_120,N,thin,1,256,vendor
gesvd,cfloat,sm_120,N,thin,1,512,vendor
gesvd,cfloat,sm_120,N,thin,1,1024,vendor
gesvd,cfloat,sm_120,N,thin,2,1,jacobi|vendor
gesvd,cfloat,sm_120,N,thin,2,2,jacobi|vendor
gesvd,cfloat,sm_120,N,thin,2,4,jacobi|vendor
gesvd,cfloat,sm_120,N,thin,2,8,jacobi|vendor
gesvd,cfloat,sm_120,N,thin,2,16,jacobi|vendor
gesvd,cfloat,sm_120,N,thin,2,24,jacobi|vendor
gesvd,cfloat,sm_120,N,thin,2,32,jacobi|vendor
gesvd,cfloat,sm_120,N,thin,2,33,jacobi|vendor
gesvd,cfloat,sm_120,N,thin,2,48,jacobi|vendor
gesvd,cfloat,sm_120,N,thin,2,64,jacobi|vendor
gesvd,cfloat,sm_120,N,thin,2,65,vendor
gesvd,cfloat,sm_120,N,thin,2,128,vendor
gesvd,cfloat,sm_120,N,thin,2,256,vendor
gesvd,cfloat,sm_120,N,thin,2,512,vendor
gesvd,cfloat,sm_120,N,thin,2,1024,vendor
gesvd,cfloat,sm_120,N,thin,4,1,jacobi|vendor
gesvd,cfloat,sm_120,N,thin,4,2,jacobi|vendor
gesvd,cfloat,sm_120,N,thin,4,4,jacobi|vendor
gesvd,cfloat,sm_120,N,thin,4,8,jacobi|vendor
gesvd,cfloat,sm_120,N,thin,4,16,jacobi|vendor
gesvd,cfloat,sm_120,N,thin,4,24,jacobi|vendor
gesvd,cfloat,sm_120,N,thin,4,32,jacobi|vendor
gesvd,cfloat,sm_120,N,thin,4,33,jacobi|vendor
gesvd,cfloat,sm_120,N,thin,4,48,jacobi|vendor
gesvd,cfloat,sm_120,N,thin,4,64,jacobi|vendor
gesvd,cfloat,sm_120,N,thin,4,65,vendor
gesvd,cfloat,sm_120,N,thin,4,128,vendor
gesvd,cfloat,sm_120,N,thin,4,256,vendor
gesvd,cfloat,sm_120,N,thin,4,512,vendor
gesvd,cfloat,sm_120,N,thin,4,1024,vendor
gesvd,cfloat,sm_120,N,thin,8,1,jacobi|vendor
gesvd,cfloat,sm_120,N,thin,8,2,jacobi|vendor
gesvd,cfloat,sm_120,N,thin,8,4,jacobi|vendor
gesvd,cfloat,sm_120,N,thin,8,8,jacobi|vendor
gesvd,cfloat,sm_120,N,thin,8,16,jacobi|vendor
gesvd,cfloat,sm_120,N,thin,8,24,jacobi|vendor
gesvd,cfloat,sm_120,N,thin,8,32,jacobi|vendor
gesvd,cfloat,sm_120,N,thin,8,33,jacobi|vendor
gesvd,cfloat,sm_120,N,thin,8,48,jacobi|vendor
gesvd,cfloat,sm_120,N,thin,8,64,jacobi|vendor
gesvd,cfloat,sm_120,N,thin,8,65,vendor
gesvd,cfloat,sm_120,N,thin,8,128,vendor
gesvd,cfloat,sm_120,N,thin,8,256,vendor
gesvd,cfloat,sm_120,N,thin,8,512,vendor
gesvd,cfloat,sm_120,N,thin,8,1024,vendor
gesvd,cfloat,sm_120,N,thin,16,1,jacobi|vendor
gesvd,cfloat,sm_120,N,thin,16,2,jacobi|vendor
gesvd,cfloat,sm_120,N,thin,16,4,jacobi|vendor
gesvd,cfloat,sm_120,N,thin,16,8,jacobi|vendor
gesvd,cfloat,sm_120,N,thin,16,16,jacobi|vendor
gesvd,cfloat,sm_120,N,thin,16,24,jacobi|vendor
gesvd,cfloat,sm_120,N,thin,16,32,jacobi|vendor
gesvd,cfloat,sm_120,N,thin,16,33,jacobi|vendor
gesvd,cfloat,sm_120,N,thin,16,48,jacobi|vendor
gesvd,cfloat,sm_120,N,thin,16,64,jacobi|vendor
gesvd,cfloat,sm_120,N,thin,16,65,vendor
gesvd,cfloat,sm_120,N,thin,16,128,vendor
gesvd,cfloat,sm_120,N,thin,16,256,vendor
gesvd,cfloat,sm_120,N,thin,16,512,vendor
gesvd,cfloat,sm_120,N,thin,16,1024,vendor
gesvd,cfloat,sm_120,N,thin,24,1,jacobi|vendor
gesvd,cfloat,sm_120,N,thin,24,2,jacobi|vendor
gesvd,cfloat,sm_120,N,thin,24,4,jacobi|vendor
gesvd,cfloat,sm_120,N,thin,24,8,jacobi|vendor
gesvd,cfloat,sm_120,N,thin,24,16,jacobi|vendor
gesvd,cfloat,sm_120,N,thin,24,24,jacobi|vendor
gesvd,cfloat,sm_120,N,thin,24,32,jacobi|vendor
gesvd,cfloat,sm_120,N,thin,24,33,jacobi|vendor
gesvd,cfloat,sm_120,N,thin,24,48,jacobi|vendor
gesvd,cfloat,sm_120,N,thin,24,64,jacobi|vendor
gesvd,cfloat,sm_120,N,thin,24,65,vendor
gesvd,cfloat,sm_120,N,thin,24,128,vendor
gesvd,cfloat,sm_120,N,thin,24,256,vendor
gesvd,cfloat,sm_120,N,thin,24,512,vendor
gesvd,cfloat,sm_120,N,thin,24,1024,vendor
gesvd,cfloat,sm_120,N,thin,32,1,jacobi|vendor
gesvd,cfloat,sm_120,N,thin,32,2,jacobi|vendor
gesvd,cfloat,sm_120,N,thin,32,4,jacobi|vendor
gesvd,cfloat,sm_120,N,thin,32,8,jacobi|vendor
gesvd,cfloat,sm_120,N,thin,32,16,jacobi|vendor
gesvd,cfloat,sm_120,N,thin,32,24,jacobi|vendor
gesvd,cfloat,sm_120,N,thin,32,32,jacobi|vendor
gesvd,cfloat,sm_120,N,thin,32,33,jacobi|vendor
gesvd,cfloat,sm_120,N,thin,32,48,jacobi|vendor
gesvd,cfloat,sm_120,N,thin,32,64,jacobi|vendor
gesvd,cfloat,sm_120,N,thin,32,65,vendor
gesvd,cfloat,sm_120,N,thin,32,128,vendor
gesvd,cfloat,sm_120,N,thin,32,256,vendor
gesvd,cfloat,sm_120,N,thin,32,512,vendor
gesvd,cfloat,sm_120,N,thin,32,1024,vendor
gesvd,cfloat,sm_120,N,thin,33,1,jacobi|vendor
gesvd,cfloat,sm_120,N,thin,33,2,jacobi|vendor
gesvd,cfloat,sm_120,N,thin,33,4,jacobi|vendor
gesvd,cfloat,sm_120,N,thin,33,8,jacobi|vendor
gesvd,cfloat,sm_120,N,thin,33,16,jacobi|vendor
gesvd,cfloat,sm_120,N,thin,33,24,jacobi|vendor
gesvd,cfloat,sm_120,N,thin,33,32,jacobi|vendor
gesvd,cfloat,sm_120,N,thin,33,33,jacobi|vendor
gesvd,cfloat,sm_120,N,thin,33,48,jacobi|vendor
gesvd,cfloat,sm_120,N,thin,33,64,jacobi|vendor
gesvd,cfloat,sm_120,N,thin,33,65,vendor
gesvd,cfloat,sm_120,N,thin,33,128,vendor
gesvd,cfloat,sm_120,N,thin,33,256,vendor
gesvd,cfloat,sm_120,N,thin,33,512,vendor
gesvd,cfloat,sm_120,N,thin,33,1024,vendor
gesvd,cfloat,sm_120,N,thin,48,1,jacobi|vendor
gesvd,cfloat,sm_120,N,thin,48,2,jacobi|vendor
gesvd,cfloat,sm_120,N,thin,48,4,jacobi|vendor
gesvd,cfloat,sm_120,N,thin,48,8,jacobi|vendor
gesvd,cfloat,sm_120,N,thin,48,16,jacobi|vendor
gesvd,cfloat,sm_120,N,thin,48,24,jacobi|vendor
gesvd,cfloat,sm_120,N,thin,48,32,jacobi|vendor
gesvd,cfloat,sm_120,N,thin,48,33,jacobi|vendor
gesvd,cfloat,sm_120,N,thin,48,48,jacobi|vendor
gesvd,cfloat,sm_120,N,thin,48,64,jacobi|vendor
gesvd,cfloat,sm_120,N,thin,48,65,vendor
gesvd,cfloat,sm_120,N,thin,48,128,vendor
gesvd,cfloat,sm_120,N,thin,48,256,vendor
gesvd,cfloat,sm_120,N,thin,48,512,vendor
gesvd,cfloat,sm_120,N,thin,48,1024,vendor
gesvd,cfloat,sm_120,N,thin,64,1,jacobi|vendor
gesvd,cfloat,sm_120,N,thin,64,2,jacobi|vendor
gesvd,cfloat,sm_120,N,thin,64,4,jacobi|vendor
gesvd,cfloat,sm_120,N,thin,64,8,jacobi|vendor
gesvd,cfloat,sm_120,N,thin,64,16,jacobi|vendor
gesvd,cfloat,sm_120,N,thin,64,24,jacobi|vendor
gesvd,cfloat,sm_120,N,thin,64,32,jacobi|vendor
gesvd,cfloat,sm_120,N,thin,64,33,jacobi|vendor
gesvd,cfloat,sm_120,N,thin,64,48,jacobi|vendor
gesvd,cfloat,sm_120,N,thin,64,64,jacobi|vendor
gesvd,cfloat,sm_120,N,thin,64,65,vendor
gesvd,cfloat,sm_120,N,thin,64,128,vendor
gesvd,cfloat,sm_120,N,thin,64,256,vendor
gesvd,cfloat,sm_120,N,thin,64,512,vendor
gesvd,cfloat,sm_120,N,thin,64,1024,vendor
gesvd,cfloat,sm_120,N,thin,65,1,vendor
gesvd,cfloat,sm_120,N,thin,65,2,vendor
gesvd,cfloat,sm_120,N,thin,65,4,vendor
gesvd,cfloat,sm_120,N,thin,65,8,vendor
gesvd,cfloat,sm_120,N,thin,65,16,vendor
gesvd,cfloat,sm_120,N,thin,65,24,vendor
gesvd,cfloat,sm_120,N,thin,65,32,vendor
gesvd,cfloat,sm_120,N,thin,65,33,vendor
gesvd,cfloat,sm_120,N,thin,65,48,vendor
gesvd,cfloat,sm_120,N,thin,65,64,vendor
gesvd,cfloat,sm_120,N,thin,65,65,vendor
gesvd,cfloat,sm_120,N,thin,65,128,vendor
gesvd,cfloat,sm_120,N,thin,65,256,vendor
gesvd,cfloat,sm_120,N,thin,65,512,vendor
gesvd,cfloat,sm_120,N,thin,65,1024,vendor
gesvd,cfloat,sm_120,N,thin,128,1,vendor
gesvd,cfloat,sm_120,N,thin,128,2,vendor
gesvd,cfloat,sm_120,N,thin,128,4,vendor
gesvd,cfloat,sm_120,N,thin,128,8,vendor
gesvd,cfloat,sm_120,N,thin,128,16,vendor
gesvd,cfloat,sm_120,N,thin,128,24,vendor
gesvd,cfloat,sm_120,N,thin,128,32,vendor
gesvd,cfloat,sm_120,N,thin,128,33,vendor
gesvd,cfloat,sm_120,N,thin,128,48,vendor
gesvd,cfloat,sm_120,N,thin,128,64,vendor
gesvd,cfloat,sm_120,N,thin,128,65,vendor
gesvd,cfloat,sm_120,N,thin,128,128,vendor
gesvd,cfloat,sm_120,N,thin,128,256,vendor
gesvd,cfloat,sm_120,N,thin,128,512,vendor
gesvd,cfloat,sm_120,N,thin,128,1024,vendor
gesvd,cfloat,sm_120,N,thin,256,1,vendor
gesvd,cfloat,sm_120,N,thin,256,2,vendor
gesvd,cfloat,sm_120,N,thin,256,4,vendor
gesvd,cfloat,sm_120,N,thin,256,8,vendor
gesvd,cfloat,sm_120,N,thin,256,16,vendor
gesvd,cfloat,sm_120,N,thin,256,24,vendor
gesvd,cfloat,sm_120,N,thin,256,32,vendor
gesvd,cfloat,sm_120,N,thin,256,33,vendor
gesvd,cfloat,sm_120,N,thin,256,48,vendor
gesvd,cfloat,sm_120,N,thin,256,64,vendor
gesvd,cfloat,sm_120,N,thin,256,65,vendor
gesvd,cfloat,sm_120,N,thin,256,128,vendor
gesvd,cfloat,sm_120,N,thin,256,256,vendor
gesvd,cfloat,sm_120,N,thin,256,512,vendor
gesvd,cfloat,sm_120,N,thin,256,1024,vendor
gesvd,cfloat,sm_120,N,thin,512,1,vendor
gesvd,cfloat,sm_120,N,thin,512,2,vendor
gesvd,cfloat,sm_120,N,thin,512,4,vendor
gesvd,cfloat,sm_120,N,thin,512,8,vendor
gesvd,cfloat,sm_120,N,thin,512,16,vendor
gesvd,cfloat,sm_120,N,thin,512,24,vendor
gesvd,cfloat,sm_120,N,thin,512,32,vendor
gesvd,cfloat,sm_120,N,thin,512,33,vendor
gesvd,cfloat,sm_120,N,thin,512,48,vendor
gesvd,cfloat,sm_120,N,thin,512,64,vendor
gesvd,cfloat,sm_120,N,thin,512,65,vendor
gesvd,cfloat,sm_120,N,thin,512,128,vendor
gesvd,cfloat,sm_120,N,thin,512,256,vendor
gesvd,cfloat,sm_120,N,thin,512,512,vendor
gesvd,cfloat,sm_120,N,thin,512,1024,vendor
gesvd,cfloat,sm_120,N,thin,1024,1,vendor
gesvd,cfloat,sm_120,N,thin,1024,2,vendor
gesvd,cfloat,sm_120,N,thin,1024,4,vendor
gesvd,cfloat,sm_120,N,thin,1024,8,vendor
gesvd,cfloat,sm_120,N,thin,1024,16,vendor
gesvd,cfloat,sm_120,N,thin,1024,24,vendor
gesvd,cfloat,sm_120,N,thin,1024,32,vendor
gesvd,cfloat,sm_120,N,thin,1024,33,vendor
gesvd,cfloat,sm_120,N,thin,1024,48,vendor
gesvd,cfloat,sm_120,N,thin,1024,64,vendor
gesvd,cfloat,sm_120,N,thin,1024,65,vendor
gesvd,cfloat,sm_120,N,thin,1024,128,vendor
gesvd,cfloat,sm_120,N,thin,1024,256,vendor
gesvd,cfloat,sm_120,N,thin,1024,512,vendor
gesvd,cfloat,sm_120,N,thin,1024,1024,vendor
gesvd,cfloat,sm_120,L,none,1,1,cta|blocked|vendor
gesvd,cfloat,sm_120,L,none,1,2,vendor
gesvd,cfloat,sm_120,L,none,1,4,vendor
gesvd,cfloat,sm_120,L,none,1,8,vendor
gesvd,cfloat,sm_120,L,none,1,16,vendor
gesvd,cfloat,sm_120,L,none,1,24,vendor
gesvd,cfloat,sm_120,L,none,1,32,vendor
gesvd,cfloat,sm_120,L,none,1,33,vendor
gesvd,cfloat,sm_120,L,none,1,48,vendor
gesvd,cfloat,sm_120,L,none,1,64,vendor
gesvd,cfloat,sm_120,L,none,1,65,vendor
gesvd,cfloat,sm_120,L,none,1,128,vendor
gesvd,cfloat,sm_120,L,none,1,256,vendor
gesvd,cfloat,sm_120,L,none,1,512,vendor
gesvd,cfloat,sm_120,L,none,1,1024,vendor
gesvd,cfloat,sm_120,L,none,2,1,vendor
gesvd,cfloat,sm_120,L,none,2,2,cta|blocked|vendor
gesvd,cfloat,sm_120,L,none,2,4,vendor
gesvd,cfloat,sm_120,L,none,2,8,vendor
gesvd,cfloat,sm_120,L,none,2,16,vendor
gesvd,cfloat,sm_120,L,none,2,24,vendor
gesvd,cfloat,sm_120,L,none,2,32,vendor
gesvd,cfloat,sm_120,L,none,2,33,vendor
gesvd,cfloat,sm_120,L,none,2,48,vendor
gesvd,cfloat,sm_120,L,none,2,64,vendor
gesvd,cfloat,sm_120,L,none,2,65,vendor
gesvd,cfloat,sm_120,L,none,2,128,vendor
gesvd,cfloat,sm_120,L,none,2,256,vendor
gesvd,cfloat,sm_120,L,none,2,512,vendor
gesvd,cfloat,sm_120,L,none,2,1024,vendor
gesvd,cfloat,sm_120,L,none,4,1,vendor
gesvd,cfloat,sm_120,L,none,4,2,vendor
gesvd,cfloat,sm_120,L,none,4,4,cta|blocked|vendor
gesvd,cfloat,sm_120,L,none,4,8,vendor
gesvd,cfloat,sm_120,L,none,4,16,vendor
gesvd,cfloat,sm_120,L,none,4,24,vendor
gesvd,cfloat,sm_120,L,none,4,32,vendor
gesvd,cfloat,sm_120,L,none,4,33,vendor
gesvd,cfloat,sm_120,L,none,4,48,vendor
gesvd,cfloat,sm_120,L,none,4,64,vendor
gesvd,cfloat,sm_120,L,none,4,65,vendor
gesvd,cfloat,sm_120,L,none,4,128,vendor
gesvd,cfloat,sm_120,L,none,4,256,vendor
gesvd,cfloat,sm_120,L,none,4,512,vendor
gesvd,cfloat,sm_120,L,none,4,1024,vendor
gesvd,cfloat,sm_120,L,none,8,1,vendor
gesvd,cfloat,sm_120,L,none,8,2,vendor
gesvd,cfloat,sm_120,L,none,8,4,vendor
gesvd,cfloat,sm_120,L,none,8,8,cta|blocked|vendor
gesvd,cfloat,sm_120,L,none,8,16,vendor
gesvd,cfloat,sm_120,L,none,8,24,vendor
gesvd,cfloat,sm_120,L,none,8,32,vendor
gesvd,cfloat,sm_120,L,none,8,33,vendor
gesvd,cfloat,sm_120,L,none,8,48,vendor
gesvd,cfloat,sm_120,L,none,8,64,vendor
gesvd,cfloat,sm_120,L,none,8,65,vendor
gesvd,cfloat,sm_120,L,none,8,128,vendor
gesvd,cfloat,sm_120,L,none,8,256,vendor
gesvd,cfloat,sm_120,L,none,8,512,vendor
gesvd,cfloat,sm_120,L,none,8,1024,vendor
gesvd,cfloat,sm_120,L,none,16,1,vendor
gesvd,cfloat,sm_120,L,none,16,2,vendor
gesvd,cfloat,sm_120,L,none,16,4,vendor
gesvd,cfloat,sm_120,L,none,16,8,vendor
gesvd,cfloat,sm_120,L,none,16,16,cta|blocked|vendor
gesvd,cfloat,sm_120,L,none,16,24,vendor
gesvd,cfloat,sm_120,L,none,16,32,vendor
gesvd,cfloat,sm_120,L,none,16,33,vendor
gesvd,cfloat,sm_120,L,none,16,48,vendor
gesvd,cfloat,sm_120,L,none,16,64,vendor
gesvd,cfloat,sm_120,L,none,16,65,vendor
gesvd,cfloat,sm_120,L,none,16,128,vendor
gesvd,cfloat,sm_120,L,none,16,256,vendor
gesvd,cfloat,sm_120,L,none,16,512,vendor
gesvd,cfloat,sm_120,L,none,16,1024,vendor
gesvd,cfloat,sm_120,L,none,24,1,vendor
gesvd,cfloat,sm_120,L,none,24,2,vendor
gesvd,cfloat,sm_120,L,none,24,4,vendor
gesvd,cfloat,sm_120,L,none,24,8,vendor
gesvd,cfloat,sm_120,L,none,24,16,vendor
gesvd,cfloat,sm_120,L,none,24,24,cta|blocked|vendor
gesvd,cfloat,sm_120,L,none,24,32,vendor
gesvd,cfloat,sm_120,L,none,24,33,vendor
gesvd,cfloat,sm_120,L,none,24,48,vendor
gesvd,cfloat,sm_120,L,none,24,64,vendor
gesvd,cfloat,sm_120,L,none,24,65,vendor
gesvd,cfloat,sm_120,L,none,24,128,vendor
gesvd,cfloat,sm_120,L,none,24,256,vendor
gesvd,cfloat,sm_120,L,none,24,512,vendor
gesvd,cfloat,sm_120,L,none,24,1024,vendor
gesvd,cfloat,sm_120,L,none,32,1,vendor
gesvd,cfloat,sm_120,L,none,32,2,vendor
gesvd,cfloat,sm_120,L,none,32,4,vendor
gesvd,cfloat,sm_120,L,none,32,8,vendor
gesvd,cfloat,sm_120,L,none,32,16,vendor
gesvd,cfloat,sm_120,L,none,32,24,vendor
gesvd,cfloat,sm_120,L,none,32,32,cta|blocked|vendor
gesvd,cfloat,sm_120,L,none,32,33,vendor
gesvd,cfloat,sm_120,L,none,32,48,vendor
gesvd,cfloat,sm_120,L,none,32,64,vendor
gesvd,cfloat,sm_120,L,none,32,65,vendor
gesvd,cfloat,sm_120,L,none,32,128,vendor
gesvd,cfloat,sm_120,L,none,32,256,vendor
gesvd,cfloat,sm_120,L,none,32,512,vendor
gesvd,cfloat,sm_120,L,none,32,1024,vendor
gesvd,cfloat,sm_120,L,none,33,1,vendor
gesvd,cfloat,sm_120,L,none,33,2,vendor
gesvd,cfloat,sm_120,L,none,33,4,vendor
gesvd,cfloat,sm_120,L,none,33,8,vendor
gesvd,cfloat,sm_120,L,none,33,16,vendor
gesvd,cfloat,sm_120,L,none,33,24,vendor
gesvd,cfloat,sm_120,L,none,33,32,vendor
gesvd,cfloat,sm_120,L,none,33,33,blocked|vendor
gesvd,cfloat,sm_120,L,none,33,48,vendor
gesvd,cfloat,sm_120,L,none,33,64,vendor
gesvd,cfloat,sm_120,L,none,33,65,vendor
gesvd,cfloat,sm_120,L,none,33,128,vendor
gesvd,cfloat,sm_120,L,none,33,256,vendor
gesvd,cfloat,sm_120,L,none,33,512,vendor
gesvd,cfloat,sm_120,L,none,33,1024,vendor
gesvd,cfloat,sm_120,L,none,48,1,vendor
gesvd,cfloat,sm_120,L,none,48,2,vendor
gesvd,cfloat,sm_120,L,none,48,4,vendor
gesvd,cfloat,sm_120,L,none,48,8,vendor
gesvd,cfloat,sm_120,L,none,48,16,vendor
gesvd,cfloat,sm_120,L,none,48,24,vendor
gesvd,cfloat,sm_120,L,none,48,32,vendor
gesvd,cfloat,sm_120,L,none,48,33,vendor
gesvd,cfloat,sm_120,L,none,48,48,blocked|vendor
gesvd,cfloat,sm_120,L,none,48,64,vendor
gesvd,cfloat,sm_120,L,none,48,65,vendor
gesvd,cfloat,sm_120,L,none,48,128,vendor
gesvd,cfloat,sm_120,L,none,48,256,vendor
gesvd,cfloat,sm_120,L,none,48,512,vendor
gesvd,cfloat,sm_120,L,none,48,1024,vendor
gesvd,cfloat,sm_120,L,none,64,1,vendor
gesvd,cfloat,sm_120,L,none,64,2,vendor
gesvd,cfloat,sm_120,L,none,64,4,vendor
gesvd,cfloat,sm_120,L,none,64,8,vendor
gesvd,cfloat,sm_120,L,none,64,16,vendor
gesvd,cfloat,sm_120,L,none,64,24,vendor
gesvd,cfloat,sm_120,L,none,64,32,vendor
gesvd,cfloat,sm_120,L,none,64,33,vendor
gesvd,cfloat,sm_120,L,none,64,48,vendor
gesvd,cfloat,sm_120,L,none,64,64,blocked|vendor
gesvd,cfloat,sm_120,L,none,64,65,vendor
gesvd,cfloat,sm_120,L,none,64,128,vendor
gesvd,cfloat,sm_120,L,none,64,256,vendor
gesvd,cfloat,sm_120,L,none,64,512,vendor
gesvd,cfloat,sm_120,L,none,64,1024,vendor
gesvd,cfloat,sm_120,L,none,65,1,vendor
gesvd,cfloat,sm_120,L,none,65,2,vendor
gesvd,cfloat,sm_120,L,none,65,4,vendor
gesvd,cfloat,sm_120,L,none,65,8,vendor
gesvd,cfloat,sm_120,L,none,65,16,vendor
gesvd,cfloat,sm_120,L,none,65,24,vendor
gesvd,cfloat,sm_120,L,none,65,32,vendor
gesvd,cfloat,sm_120,L,none,65,33,vendor
gesvd,cfloat,sm_120,L,none,65,48,vendor
gesvd,cfloat,sm_120,L,none,65,64,vendor
gesvd,cfloat,sm_120,L,none,65,65,blocked|vendor
gesvd,cfloat,sm_120,L,none,65,128,vendor
gesvd,cfloat,sm_120,L,none,65,256,vendor
gesvd,cfloat,sm_120,L,none,65,512,vendor
gesvd,cfloat,sm_120,L,none,65,1024,vendor
gesvd,cfloat,sm_120,L,none,128,1,vendor
gesvd,cfloat,sm_120,L,none,128,2,vendor
gesvd,cfloat,sm_120,L,none,128,4,vendor
gesvd,cfloat,sm_120,L,none,128,8,vendor
gesvd,cfloat,sm_120,L,none,128,16,vendor
gesvd,cfloat,sm_120,L,none,128,24,vendor
gesvd,cfloat,sm_120,L,none,128,32,vendor
gesvd,cfloat,sm_120,L,none,128,33,vendor
gesvd,cfloat,sm_120,L,none,128,48,vendor
gesvd,cfloat,sm_120,L,none,128,64,vendor
gesvd,cfloat,sm_120,L,none,128,65,vendor
gesvd,cfloat,sm_120,L,none,128,128,blocked|vendor
gesvd,cfloat,sm_120,L,none,128,256,vendor
gesvd,cfloat,sm_120,L,none,128,512,vendor
gesvd,cfloat,sm_120,L,none,128,1024,vendor
gesvd,cfloat,sm_120,L,none,256,1,vendor
gesvd,cfloat,sm_120,L,none,256,2,vendor
gesvd,cfloat,sm_120,L,none,256,4,vendor
gesvd,cfloat,sm_120,L,none,256,8,vendor
gesvd,cfloat,sm_120,L,none,256,16,vendor
gesvd,cfloat,sm_120,L,none,256,24,vendor
gesvd,cfloat,sm_120,L,none,256,32,vendor
gesvd,cfloat,sm_120,L,none,256,33,vendor
gesvd,cfloat,sm_120,L,none,256,48,vendor
gesvd,cfloat,sm_120,L,none,256,64,vendor
gesvd,cfloat,sm_120,L,none,256,65,vendor
gesvd,cfloat,sm_120,L,none,256,128,vendor
gesvd,cfloat,sm_120,L,none,256,256,blocked|vendor
gesvd,cfloat,sm_120,L,none,256,512,vendor
gesvd,cfloat,sm_120,L,none,256,1024,vendor
gesvd,cfloat,sm_120,L,none,512,1,vendor
gesvd,cfloat,sm_120,L,none,512,2,vendor
gesvd,cfloat,sm_120,L,none,512,4,vendor
gesvd,cfloat,sm_120,L,none,512,8,vendor
gesvd,cfloat,sm_120,L,none,512,16,vendor
gesvd,cfloat,sm_120,L,none,512,24,vendor
gesvd,cfloat,sm_120,L,none,512,32,vendor
gesvd,cfloat,sm_120,L,none,512,33,vendor
gesvd,cfloat,sm_120,L,none,512,48,vendor
gesvd,cfloat,sm_120,L,none,512,64,vendor
gesvd,cfloat,sm_120,L,none,512,65,vendor
gesvd,cfloat,sm_120,L,none,512,128,vendor
gesvd,cfloat,sm_120,L,none,512,256,vendor
gesvd,cfloat,sm_120,L,none,512,512,blocked|vendor
gesvd,cfloat,sm_120,L,none,512,1024,vendor
gesvd,cfloat,sm_120,L,none,1024,1,vendor
gesvd,cfloat,sm_120,L,none,1024,2,vendor
gesvd,cfloat,sm_120,L,none,1024,4,vendor
gesvd,cfloat,sm_120,L,none,1024,8,vendor
gesvd,cfloat,sm_120,L,none,1024,16,vendor
gesvd,cfloat,sm_120,L,none,1024,24,vendor
gesvd,cfloat,sm_120,L,none,1024,32,vendor
gesvd,cfloat,sm_120,L,none,1024,33,vendor
gesvd,cfloat,sm_120,L,none,1024,48,vendor
gesvd,cfloat,sm_120,L,none,1024,64,vendor
gesvd,cfloat,sm_120,L,none,1024,65,vendor
gesvd,cfloat,sm_120,L,none,1024,128,vendor
gesvd,cfloat,sm_120,L,none,1024,256,vendor
gesvd,cfloat,sm_120,L,none,1024,512,vendor
gesvd,cfloat,sm_120,L,none,1024,1024,blocked|vendor
gesvd,cfloat,sm_120,L,all,1,1,cta|blocked|vendor
gesvd,cfloat,sm_120,L,all,1,2,vendor
gesvd,cfloat,sm_120,L,all,1,4,vendor
gesvd,cfloat,sm_120,L,all,1,8,vendor
gesvd,cfloat,sm_120,L,all,1,16,vendor
gesvd,cfloat,sm_120,L,all,1,24,vendor
gesvd,cfloat,sm_120,L,all,1,32,vendor
gesvd,cfloat,sm_120,L,all,1,33,vendor
gesvd,cfloat,sm_120,L,all,1,48,vendor
gesvd,cfloat,sm_120,L,all,1,64,vendor
gesvd,cfloat,sm_120,L,all,1,65,vendor
gesvd,cfloat,sm_120,L,all,1,128,vendor
gesvd,cfloat,sm_120,L,all,1,256,vendor
gesvd,cfloat,sm_120,L,all,1,512,vendor
gesvd,cfloat,sm_120,L,all,1,1024,vendor
gesvd,cfloat,sm_120,L,all,2,1,vendor
gesvd,cfloat,sm_120,L,all,2,2,cta|blocked|vendor
gesvd,cfloat,sm_120,L,all,2,4,vendor
gesvd,cfloat,sm_120,L,all,2,8,vendor
gesvd,cfloat,sm_120,L,all,2,16,vendor
gesvd,cfloat,sm_120,L,all,2,24,vendor
gesvd,cfloat,sm_120,L,all,2,32,vendor
gesvd,cfloat,sm_120,L,all,2,33,vendor
gesvd,cfloat,sm_120,L,all,2,48,vendor
gesvd,cfloat,sm_120,L,all,2,64,vendor
gesvd,cfloat,sm_120,L,all,2,65,vendor
gesvd,cfloat,sm_120,L,all,2,128,vendor
gesvd,cfloat,sm_120,L,all,2,256,vendor
gesvd,cfloat,sm_120,L,all,2,512,vendor
gesvd,cfloat,sm_120,L,all,2,1024,vendor
gesvd,cfloat,sm_120,L,all,4,1,vendor
gesvd,cfloat,sm_120,L,all,4,2,vendor
gesvd,cfloat,sm_120,L,all,4,4,cta|blocked|vendor
gesvd,cfloat,sm_120,L,all,4,8,vendor
gesvd,cfloat,sm_120,L,all,4,16,vendor
gesvd,cfloat,sm_120,L,all,4,24,vendor
gesvd,cfloat,sm_120,L,all,4,32,vendor
gesvd,cfloat,sm_120,L,all,4,33,vendor
gesvd,cfloat,sm_120,L,all,4,48,vendor
gesvd,cfloat,sm_120,L,all,4,64,vendor
gesvd,cfloat,sm_120,L,all,4,65,vendor
gesvd,cfloat,sm_120,L,all,4,128,vendor
gesvd,cfloat,sm_120,L,all,4,256,vendor
gesvd,cfloat,sm_120,L,all,4,512,vendor
gesvd,cfloat,sm_120,L,all,4,1024,vendor
gesvd,cfloat,sm_120,L,all,8,1,vendor
gesvd,cfloat,sm_120,L,all,8,2,vendor
gesvd,cfloat,sm_120,L,all,8,4,vendor
gesvd,cfloat,sm_120,L,all,8,8,cta|blocked|vendor
gesvd,cfloat,sm_120,L,all,8,16,vendor
gesvd,cfloat,sm_120,L,all,8,24,vendor
gesvd,cfloat,sm_120,L,all,8,32,vendor
gesvd,cfloat,sm_120,L,all,8,33,vendor
gesvd,cfloat,sm_120,L,all,8,48,vendor
gesvd,cfloat,sm_120,L,all,8,64,vendor
gesvd,cfloat,sm_120,L,all,8,65,vendor
gesvd,cfloat,sm_120,L,all,8,128,vendor
gesvd,cfloat,sm_120,L,all,8,256,vendor
gesvd,cfloat,sm_120,L,all,8,512,vendor
gesvd,cfloat,sm_120,L,all,8,1024,vendor
gesvd,cfloat,sm_120,L,all,16,1,vendor
gesvd,cfloat,sm_120,L,all,16,2,vendor
gesvd,cfloat,sm_120,L,all,16,4,vendor
gesvd,cfloat,sm_120,L,all,16,8,vendor
gesvd,cfloat,sm_120,L,all,16,16,cta|blocked|vendor
gesvd,cfloat,sm_120,L,all,16,24,vendor
gesvd,cfloat,sm_120,L,all,16,32,vendor
gesvd,cfloat,sm_120,L,all,16,33,vendor
gesvd,cfloat,sm_120,L,all,16,48,vendor
gesvd,cfloat,sm_120,L,all,16,64,vendor
gesvd,cfloat,sm_120,L,all,16,65,vendor
gesvd,cfloat,sm_120,L,all,16,128,vendor
gesvd,cfloat,sm_120,L,all,16,256,vendor
gesvd,cfloat,sm_120,L,all,16,512,vendor
gesvd,cfloat,sm_120,L,all,16,1024,vendor
gesvd,cfloat,sm_120,L,all,24,1,vendor
gesvd,cfloat,sm_120,L,all,24,2,vendor
gesvd,cfloat,sm_120,L,all,24,4,vendor
gesvd,cfloat,sm_120,L,all,24,8,vendor
gesvd,cfloat,sm_120,L,all,24,16,vendor
gesvd,cfloat,sm_120,L,all,24,24,cta|blocked|vendor
gesvd,cfloat,sm_120,L,all,24,32,vendor
gesvd,cfloat,sm_120,L,all,24,33,vendor
gesvd,cfloat,sm_120,L,all,24,48,vendor
gesvd,cfloat,sm_120,L,all,24,64,vendor
gesvd,cfloat,sm_120,L,all,24,65,vendor
gesvd,cfloat,sm_120,L,all,24,128,vendor
gesvd,cfloat,sm_120,L,all,24,256,vendor
gesvd,cfloat,sm_120,L,all,24,512,vendor
gesvd,cfloat,sm_120,L,all,24,1024,vendor
gesvd,cfloat,sm_120,L,all,32,1,vendor
gesvd,cfloat,sm_120,L,all,32,2,vendor
gesvd,cfloat,sm_120,L,all,32,4,vendor
gesvd,cfloat,sm_120,L,all,32,8,vendor
gesvd,cfloat,sm_120,L,all,32,16,vendor
gesvd,cfloat,sm_120,L,all,32,24,vendor
gesvd,cfloat,sm_120,L,all,32,32,cta|blocked|vendor
gesvd,cfloat,sm_120,L,all,32,33,vendor
gesvd,cfloat,sm_120,L,all,32,48,vendor
gesvd,cfloat,sm_120,L,all,32,64,vendor
gesvd,cfloat,sm_120,L,all,32,65,vendor
gesvd,cfloat,sm_120,L,all,32,128,vendor
gesvd,cfloat,sm_120,L,all,32,256,vendor
gesvd,cfloat,sm_120,L,all,32,512,vendor
gesvd,cfloat,sm_120,L,all,32,1024,vendor
gesvd,cfloat,sm_120,L,all,33,1,vendor
gesvd,cfloat,sm_120,L,all,33,2,vendor
gesvd,cfloat,sm_120,L,all,33,4,vendor
gesvd,cfloat,sm_120,L,all,33,8,vendor
gesvd,cfloat,sm_120,L,all,33,16,vendor
gesvd,cfloat,sm_120,L,all,33,24,vendor
gesvd,cfloat,sm_120,L,all,33,32,vendor
gesvd,cfloat,sm_120,L,all,33,33,blocked|vendor
gesvd,cfloat,sm_120,L,all,33,48,vendor
gesvd,cfloat,sm_120,L,all,33,64,vendor
gesvd,cfloat,sm_120,L,all,33,65,vendor
gesvd,cfloat,sm_120,L,all,33,128,vendor
gesvd,cfloat,sm_120,L,all,33,256,vendor
gesvd,cfloat,sm_120,L,all,33,512,vendor
gesvd,cfloat,sm_120,L,all,33,1024,vendor
gesvd,cfloat,sm_120,L,all,48,1,vendor
gesvd,cfloat,sm_120,L,all,48,2,vendor
gesvd,cfloat,sm_120,L,all,48,4,vendor
gesvd,cfloat,sm_120,L,all,48,8,vendor
gesvd,cfloat,sm_120,L,all,48,16,vendor
gesvd,cfloat,sm_120,L,all,48,24,vendor
gesvd,cfloat,sm_120,L,all,48,32,vendor
gesvd,cfloat,sm_120,L,all,48,33,vendor
gesvd,cfloat,sm_120,L,all,48,48,blocked|vendor
gesvd,cfloat,sm_120,L,all,48,64,vendor
gesvd,cfloat,sm_120,L,all,48,65,vendor
gesvd,cfloat,sm_120,L,all,48,128,vendor
gesvd,cfloat,sm_120,L,all,48,256,vendor
gesvd,cfloat,sm_120,L,all,48,512,vendor
gesvd,cfloat,sm_120,L,all,48,1024,vendor
gesvd,cfloat,sm_120,L,all,64,1,vendor
gesvd,cfloat,sm_120,L,all,64,2,vendor
gesvd,cfloat,sm_120,L,all,64,4,vendor
gesvd,cfloat,sm_120,L,all,64,8,vendor
gesvd,cfloat,sm_120,L,all,64,16,vendor
gesvd,cfloat,sm_120,L,all,64,24,vendor
gesvd,cfloat,sm_120,L,all,64,32,vendor
gesvd,cfloat,sm_120,L,all,64,33,vendor
gesvd,cfloat,sm_120,L,all,64,48,vendor
gesvd,cfloat,sm_120,L,all,64,64,blocked|vendor
gesvd,cfloat,sm_120,L,all,64,65,vendor
gesvd,cfloat,sm_120,L,all,64,128,vendor
gesvd,cfloat,sm_120,L,all,64,256,vendor
gesvd,cfloat,sm_120,L,all,64,512,vendor
gesvd,cfloat,sm_120,L,all,64,1024,vendor
gesvd,cfloat,sm_120,L,all,65,1,vendor
gesvd,cfloat,sm_120,L,all,65,2,vendor
gesvd,cfloat,sm_120,L,all,65,4,vendor
gesvd,cfloat,sm_120,L,all,65,8,vendor
gesvd,cfloat,sm_120,L,all,65,16,vendor
gesvd,cfloat,sm_120,L,all,65,24,vendor
gesvd,cfloat,sm_120,L,all,65,32,vendor
gesvd,cfloat,sm_120,L,all,65,33,vendor
gesvd,cfloat,sm_120,L,all,65,48,vendor
gesvd,cfloat,sm_120,L,all,65,64,vendor
gesvd,cfloat,sm_120,L,all,65,65,blocked|vendor
gesvd,cfloat,sm_120,L,all,65,128,vendor
gesvd,cfloat,sm_120,L,all,65,256,vendor
gesvd,cfloat,sm_120,L,all,65,512,vendor
gesvd,cfloat,sm_120,L,all,65,1024,vendor
gesvd,cfloat,sm_120,L,all,128,1,vendor
gesvd,cfloat,sm_120,L,all,128,2,vendor
gesvd,cfloat,sm_120,L,all,128,4,vendor
gesvd,cfloat,sm_120,L,all,128,8,vendor
gesvd,cfloat,sm_120,L,all,128,16,vendor
gesvd,cfloat,sm_120,L,all,128,24,vendor
gesvd,cfloat,sm_120,L,all,128,32,vendor
gesvd,cfloat,sm_120,L,all,128,33,vendor
gesvd,cfloat,sm_120,L,all,128,48,vendor
gesvd,cfloat,sm_120,L,all,128,64,vendor
gesvd,cfloat,sm_120,L,all,128,65,vendor
gesvd,cfloat,sm_120,L,all,128,128,blocked|vendor
gesvd,cfloat,sm_120,L,all,128,256,vendor
gesvd,cfloat,sm_120,L,all,128,512,vendor
gesvd,cfloat,sm_120,L,all,128,1024,vendor
gesvd,cfloat,sm_120,L,all,256,1,vendor
gesvd,cfloat,sm_120,L,all,256,2,vendor
gesvd,cfloat,sm_120,L,all,256,4,vendor
gesvd,cfloat,sm_120,L,all,256,8,vendor
gesvd,cfloat,sm_120,L,all,256,16,vendor
gesvd,cfloat,sm_120,L,all,256,24,vendor
gesvd,cfloat,sm_120,L,all,256,32,vendor
gesvd,cfloat,sm_120,L,all,256,33,vendor
gesvd,cfloat,sm_120,L,all,256,48,vendor
gesvd,cfloat,sm_120,L,all,256,64,vendor
gesvd,cfloat,sm_120,L,all,256,65,vendor
gesvd,cfloat,sm_120,L,all,256,128,vendor
gesvd,cfloat,sm_120,L,all,256,256,blocked|vendor
gesvd,cfloat,sm_120,L,all,256,512,vendor
gesvd,cfloat,sm_120,L,all,256,1024,vendor
gesvd,cfloat,sm_120,L,all,512,1,vendor
gesvd,cfloat,sm_120,L,all,512,2,vendor
gesvd,cfloat,sm_120,L,all,512,4,vendor
gesvd,cfloat,sm_120,L,all,512,8,vendor
gesvd,cfloat,sm_120,L,all,512,16,vendor
gesvd,cfloat,sm_120,L,all,512,24,vendor
gesvd,cfloat,sm_120,L,all,512,32,vendor
gesvd,cfloat,sm_120,L,all,512,33,vendor
gesvd,cfloat,sm_120,L,all,512,48,vendor
gesvd,cfloat,sm_120,L,all,512,64,vendor
gesvd,cfloat,sm_120,L,all,512,65,vendor
gesvd,cfloat,sm_120,L,all,512,128,vendor
gesvd,cfloat,sm_120,L,all,512,256,vendor
gesvd,cfloat,sm_120,L,all,512,512,blocked|vendor
gesvd,cfloat,sm_120,L,all,512,1024,vendor
gesvd,cfloat,sm_120,L,all,1024,1,vendor
gesvd,cfloat,sm_120,L,all,1024,2,vendor
gesvd,cfloat,sm_120,L,all,1024,4,vendor
gesvd,cfloat,sm_120,L,all,1024,8,vendor
gesvd,cfloat,sm_120,L,all,1024,16,vendor
gesvd,cfloat,sm_120,L,all,1024,24,vendor
gesvd,cfloat,sm_120,L,all,1024,32,vendor
gesvd,cfloat,sm_120,L,all,1024,33,vendor
gesvd,cfloat,sm_120,L,all,1024,48,vendor
gesvd,cfloat,sm_120,L,all,1024,64,vendor
gesvd,cfloat,sm_120,L,all,1024,65,vendor
gesvd,cfloat,sm_120,L,all,1024,128,vendor
gesvd,cfloat,sm_120,L,all,1024,256,vendor
gesvd,cfloat,sm_120,L,all,1024,512,vendor
gesvd,cfloat,sm_120,L,all,1024,1024,blocked|vendor
gesvd,cfloat,sm_120,L,thin,1,1,blocked|vendor
gesvd,cfloat,sm_120,L,thin,1,2,vendor
gesvd,cfloat,sm_120,L,thin,1,4,vendor
gesvd,cfloat,sm_120,L,thin,1,8,vendor
gesvd,cfloat,sm_120,L,thin,1,16,vendor
gesvd,cfloat,sm_120,L,thin,1,24,vendor
gesvd,cfloat,sm_120,L,thin,1,32,vendor
gesvd,cfloat,sm_120,L,thin,1,33,vendor
gesvd,cfloat,sm_120,L,thin,1,48,vendor
gesvd,cfloat,sm_120,L,thin,1,64,vendor
gesvd,cfloat,sm_120,L,thin,1,65,vendor
gesvd,cfloat,sm_120,L,thin,1,128,vendor
gesvd,cfloat,sm_120,L,thin,1,256,vendor
gesvd,cfloat,sm_120,L,thin,1,512,vendor
gesvd,cfloat,sm_120,L,thin,1,1024,vendor
gesvd,cfloat,sm_120,L,thin,2,1,vendor
gesvd,cfloat,sm_120,L,thin,2,2,blocked|vendor
gesvd,cfloat,sm_120,L,thin,2,4,vendor
gesvd,cfloat,sm_120,L,thin,2,8,vendor
gesvd,cfloat,sm_120,L,thin,2,16,vendor
gesvd,cfloat,sm_120,L,thin,2,24,vendor
gesvd,cfloat,sm_120,L,thin,2,32,vendor
gesvd,cfloat,sm_120,L,thin,2,33,vendor
gesvd,cfloat,sm_120,L,thin,2,48,vendor
gesvd,cfloat,sm_120,L,thin,2,64,vendor
gesvd,cfloat,sm_120,L,thin,2,65,vendor
gesvd,cfloat,sm_120,L,thin,2,128,vendor
gesvd,cfloat,sm_120,L,thin,2,256,vendor
gesvd,cfloat,sm_120,L,thin,2,512,vendor
gesvd,cfloat,sm_120,L,thin,2,1024,vendor
gesvd,cfloat,sm_120,L,thin,4,1,vendor
gesvd,cfloat,sm_120,L,thin,4,2,vendor
gesvd,cfloat,sm_120,L,thin,4,4,blocked|vendor
gesvd,cfloat,sm_120,L,thin,4,8,vendor
gesvd,cfloat,sm_120,L,thin,4,16,vendor
gesvd,cfloat,sm_120,L,thin,4,24,vendor
gesvd,cfloat,sm_120,L,thin,4,32,vendor
gesvd,cfloat,sm_120,L,thin,4,33,vendor
gesvd,cfloat,sm_120,L,thin,4,48,vendor
gesvd,cfloat,sm_120,L,thin,4,64,vendor
gesvd,cfloat,sm_120,L,thin,4,65,vendor
gesvd,cfloat,sm_120,L,thin,4,128,vendor
gesvd,cfloat,sm_120,L,thin,4,256,vendor
gesvd,cfloat,sm_120,L,thin,4,512,vendor
gesvd,cfloat,sm_120,L,thin,4,1024,vendor
gesvd,cfloat,sm_120,L,thin,8,1,vendor
gesvd,cfloat,sm_120,L,thin,8,2,vendor
gesvd,cfloat,sm_120,L,thin,8,4,vendor
gesvd,cfloat,sm_120,L,thin,8,8,blocked|vendor
gesvd,cfloat,sm_120,L,thin,8,16,vendor
gesvd,cfloat,sm_120,L,thin,8,24,vendor
gesvd,cfloat,sm_120,L,thin,8,32,vendor
gesvd,cfloat,sm_120,L,thin,8,33,vendor
gesvd,cfloat,sm_120,L,thin,8,48,vendor
gesvd,cfloat,sm_120,L,thin,8,64,vendor
gesvd,cfloat,sm_120,L,thin,8,65,vendor
gesvd,cfloat,sm_120,L,thin,8,128,vendor
gesvd,cfloat,sm_120,L,thin,8,256,vendor
gesvd,cfloat,sm_120,L,thin,8,512,vendor
gesvd,cfloat,sm_120,L,thin,8,1024,vendor
gesvd,cfloat,sm_120,L,thin,16,1,vendor
gesvd,cfloat,sm_120,L,thin,16,2,vendor
gesvd,cfloat,sm_120,L,thin,16,4,vendor
gesvd,cfloat,sm_120,L,thin,16,8,vendor
gesvd,cfloat,sm_120,L,thin,16,16,blocked|vendor
gesvd,cfloat,sm_120,L,thin,16,24,vendor
gesvd,cfloat,sm_120,L,thin,16,32,vendor
gesvd,cfloat,sm_120,L,thin,16,33,vendor
gesvd,cfloat,sm_120,L,thin,16,48,vendor
gesvd,cfloat,sm_120,L,thin,16,64,vendor
gesvd,cfloat,sm_120,L,thin,16,65,vendor
gesvd,cfloat,sm_120,L,thin,16,128,vendor
gesvd,cfloat,sm_120,L,thin,16,256,vendor
gesvd,cfloat,sm_120,L,thin,16,512,vendor
gesvd,cfloat,sm_120,L,thin,16,1024,vendor
gesvd,cfloat,sm_120,L,thin,24,1,vendor
gesvd,cfloat,sm_120,L,thin,24,2,vendor
gesvd,cfloat,sm_120,L,thin,24,4,vendor
gesvd,cfloat,sm_120,L,thin,24,8,vendor
gesvd,cfloat,sm_120,L,thin,24,16,vendor
gesvd,cfloat,sm_120,L,thin,24,24,blocked|vendor
gesvd,cfloat,sm_120,L,thin,24,32,vendor
gesvd,cfloat,sm_120,L,thin,24,33,vendor
gesvd,cfloat,sm_120,L,thin,24,48,vendor
gesvd,cfloat,sm_120,L,thin,24,64,vendor
gesvd,cfloat,sm_120,L,thin,24,65,vendor
gesvd,cfloat,sm_120,L,thin,24,128,vendor
gesvd,cfloat,sm_120,L,thin,24,256,vendor
gesvd,cfloat,sm_120,L,thin,24,512,vendor
gesvd,cfloat,sm_120,L,thin,24,1024,vendor
gesvd,cfloat,sm_120,L,thin,32,1,vendor
gesvd,cfloat,sm_120,L,thin,32,2,vendor
gesvd,cfloat,sm_120,L,thin,32,4,vendor
gesvd,cfloat,sm_120,L,thin,32,8,vendor
gesvd,cfloat,sm_120,L,thin,32,16,vendor
gesvd,cfloat,sm_120,L,thin,32,24,vendor
gesvd,cfloat,sm_120,L,thin,32,32,blocked|vendor
gesvd,cfloat,sm_120,L,thin,32,33,vendor
gesvd,cfloat,sm_120,L,thin,32,48,vendor
gesvd,cfloat,sm_120,L,thin,32,64,vendor
gesvd,cfloat,sm_120,L,thin,32,65,vendor
gesvd,cfloat,sm_120,L,thin,32,128,vendor
gesvd,cfloat,sm_120,L,thin,32,256,vendor
gesvd,cfloat,sm_120,L,thin,32,512,vendor
gesvd,cfloat,sm_120,L,thin,32,1024,vendor
gesvd,cfloat,sm_120,L,thin,33,1,vendor
gesvd,cfloat,sm_120,L,thin,33,2,vendor
gesvd,cfloat,sm_120,L,thin,33,4,vendor
gesvd,cfloat,sm_120,L,thin,33,8,vendor
gesvd,cfloat,sm_120,L,thin,33,16,vendor
gesvd,cfloat,sm_120,L,thin,33,24,vendor
gesvd,cfloat,sm_120,L,thin,33,32,vendor
gesvd,cfloat,sm_120,L,thin,33,33,blocked|vendor
gesvd,cfloat,sm_120,L,thin,33,48,vendor
gesvd,cfloat,sm_120,L,thin,33,64,vendor
gesvd,cfloat,sm_120,L,thin,33,65,vendor
gesvd,cfloat,sm_120,L,thin,33,128,vendor
gesvd,cfloat,sm_120,L,thin,33,256,vendor
gesvd,cfloat,sm_120,L,thin,33,512,vendor
gesvd,cfloat,sm_120,L,thin,33,1024,vendor
gesvd,cfloat,sm_120,L,thin,48,1,vendor
gesvd,cfloat,sm_120,L,thin,48,2,vendor
gesvd,cfloat,sm_120,L,thin,48,4,vendor
gesvd,cfloat,sm_120,L,thin,48,8,vendor
gesvd,cfloat,sm_120,L,thin,48,16,vendor
gesvd,cfloat,sm_120,L,thin,48,24,vendor
gesvd,cfloat,sm_120,L,thin,48,32,vendor
gesvd,cfloat,sm_120,L,thin,48,33,vendor
gesvd,cfloat,sm_120,L,thin,48,48,blocked|vendor
gesvd,cfloat,sm_120,L,thin,48,64,vendor
gesvd,cfloat,sm_120,L,thin,48,65,vendor
gesvd,cfloat,sm_120,L,thin,48,128,vendor
gesvd,cfloat,sm_120,L,thin,48,256,vendor
gesvd,cfloat,sm_120,L,thin,48,512,vendor
gesvd,cfloat,sm_120,L,thin,48,1024,vendor
gesvd,cfloat,sm_120,L,thin,64,1,vendor
gesvd,cfloat,sm_120,L,thin,64,2,vendor
gesvd,cfloat,sm_120,L,thin,64,4,vendor
gesvd,cfloat,sm_120,L,thin,64,8,vendor
gesvd,cfloat,sm_120,L,thin,64,16,vendor
gesvd,cfloat,sm_120,L,thin,64,24,vendor
gesvd,cfloat,sm_120,L,thin,64,32,vendor
gesvd,cfloat,sm_120,L,thin,64,33,vendor
gesvd,cfloat,sm_120,L,thin,64,48,vendor
gesvd,cfloat,sm_120,L,thin,64,64,blocked|vendor
gesvd,cfloat,sm_120,L,thin,64,65,vendor
gesvd,cfloat,sm_120,L,thin,64,128,vendor
gesvd,cfloat,sm_120,L,thin,64,256,vendor
gesvd,cfloat,sm_120,L,thin,64,512,vendor
gesvd,cfloat,sm_120,L,thin,64,1024,vendor
gesvd,cfloat,sm_120,L,thin,65,1,vendor
gesvd,cfloat,sm_120,L,thin,65,2,vendor
gesvd,cfloat,sm_120,L,thin,65,4,vendor
gesvd,cfloat,sm_120,L,thin,65,8,vendor
gesvd,cfloat,sm_120,L,thin,65,16,vendor
gesvd,cfloat,sm_120,L,thin,65,24,vendor
gesvd,cfloat,sm_120,L,thin,65,32,vendor
gesvd,cfloat,sm_120,L,thin,65,33,vendor
gesvd,cfloat,sm_120,L,thin,65,48,vendor
gesvd,cfloat,sm_120,L,thin,65,64,vendor
gesvd,cfloat,sm_120,L,thin,65,65,blocked|vendor
gesvd,cfloat,sm_120,L,thin,65,128,vendor
gesvd,cfloat,sm_120,L,thin,65,256,vendor
gesvd,cfloat,sm_120,L,thin,65,512,vendor
gesvd,cfloat,sm_120,L,thin,65,1024,vendor
gesvd,cfloat,sm_120,L,thin,128,1,vendor
gesvd,cfloat,sm_120,L,thin,128,2,vendor
gesvd,cfloat,sm_120,L,thin,128,4,vendor
gesvd,cfloat,sm_120,L,thin,128,8,vendor
gesvd,cfloat,sm_120,L,thin,128,16,vendor
gesvd,cfloat,sm_120,L,thin,128,24,vendor
gesvd,cfloat,sm_120,L,thin,128,32,vendor
gesvd,cfloat,sm_120,L,thin,128,33,vendor
gesvd,cfloat,sm_120,L,thin,128,48,vendor
gesvd,cfloat,sm_120,L,thin,128,64,vendor
gesvd,cfloat,sm_120,L,thin,128,65,vendor
gesvd,cfloat,sm_120,L,thin,128,128,blocked|vendor
gesvd,cfloat,sm_120,L,thin,128,256,vendor
gesvd,cfloat,sm_120,L,thin,128,512,vendor
gesvd,cfloat,sm_120,L,thin,128,1024,vendor
gesvd,cfloat,sm_120,L,thin,256,1,vendor
gesvd,cfloat,sm_120,L,thin,256,2,vendor
gesvd,cfloat,sm_120,L,thin,256,4,vendor
gesvd,cfloat,sm_120,L,thin,256,8,vendor
gesvd,cfloat,sm_120,L,thin,256,16,vendor
gesvd,cfloat,sm_120,L,thin,256,24,vendor
gesvd,cfloat,sm_120,L,thin,256,32,vendor
gesvd,cfloat,sm_120,L,thin,256,33,vendor
gesvd,cfloat,sm_120,L,thin,256,48,vendor
gesvd,cfloat,sm_120,L,thin,256,64,vendor
gesvd,cfloat,sm_120,L,thin,256,65,vendor
gesvd,cfloat,sm_120,L,thin,256,128,vendor
gesvd,cfloat,sm_120,L,thin,256,256,blocked|vendor
gesvd,cfloat,sm_120,L,thin,256,512,vendor
gesvd,cfloat,sm_120,L,thin,256,1024,vendor
gesvd,cfloat,sm_120,L,thin,512,1,vendor
gesvd,cfloat,sm_120,L,thin,512,2,vendor
gesvd,cfloat,sm_120,L,thin,512,4,vendor
gesvd,cfloat,sm_120,L,thin,512,8,vendor
gesvd,cfloat,sm_120,L,thin,512,16,vendor
gesvd,cfloat,sm_120,L,thin,512,24,vendor
gesvd,cfloat,sm_120,L,thin,512,32,vendor
gesvd,cfloat,sm_120,L,thin,512,33,vendor
gesvd,cfloat,sm_120,L,thin,512,48,vendor
gesvd,cfloat,sm_120,L,thin,512,64,vendor
gesvd,cfloat,sm_120,L,thin,512,65,vendor
gesvd,cfloat,sm_120,L,thin,512,128,vendor
gesvd,cfloat,sm_120,L,thin,512,256,vendor
gesvd,cfloat,sm_120,L,thin,512,512,blocked|vendor
gesvd,cfloat,sm_120,L,thin,512,1024,vendor
gesvd,cfloat,sm_120,L,thin,1024,1,vendor
gesvd,cfloat,sm_120,L,thin,1024,2,vendor
gesvd,cfloat,sm_120,L,thin,1024,4,vendor
gesvd,cfloat,sm_120,L,thin,1024,8,vendor
gesvd,cfloat,sm_120,L,thin,1024,16,vendor
gesvd,cfloat,sm_120,L,thin,1024,24,vendor
gesvd,cfloat,sm_120,L,thin,1024,32,vendor
gesvd,cfloat,sm_120,L,thin,1024,33,vendor
gesvd,cfloat,sm_120,L,thin,1024,48,vendor
gesvd,cfloat,sm_120,L,thin,1024,64,vendor
gesvd,cfloat,sm_120,L,thin,1024,65,vendor
gesvd,cfloat,sm_120,L,thin,1024,128,vendor
gesvd,cfloat,sm_120,L,thin,1024,256,vendor
gesvd,cfloat,sm_120,L,thin,1024,512,vendor
gesvd,cfloat,sm_120,L,thin,1024,1024,blocked|vendor
gesvd,cfloat,sm_120,U,none,1,1,cta|vendor
gesvd,cfloat,sm_120,U,none,1,2,vendor
gesvd,cfloat,sm_120,U,none,1,4,vendor
gesvd,cfloat,sm_120,U,none,1,8,vendor
gesvd,cfloat,sm_120,U,none,1,16,vendor
gesvd,cfloat,sm_120,U,none,1,24,vendor
gesvd,cfloat,sm_120,U,none,1,32,vendor
gesvd,cfloat,sm_120,U,none,1,33,vendor
gesvd,cfloat,sm_120,U,none,1,48,vendor
gesvd,cfloat,sm_120,U,none,1,64,vendor
gesvd,cfloat,sm_120,U,none,1,65,vendor
gesvd,cfloat,sm_120,U,none,1,128,vendor
gesvd,cfloat,sm_120,U,none,1,256,vendor
gesvd,cfloat,sm_120,U,none,1,512,vendor
gesvd,cfloat,sm_120,U,none,1,1024,vendor
gesvd,cfloat,sm_120,U,none,2,1,vendor
gesvd,cfloat,sm_120,U,none,2,2,cta|vendor
gesvd,cfloat,sm_120,U,none,2,4,vendor
gesvd,cfloat,sm_120,U,none,2,8,vendor
gesvd,cfloat,sm_120,U,none,2,16,vendor
gesvd,cfloat,sm_120,U,none,2,24,vendor
gesvd,cfloat,sm_120,U,none,2,32,vendor
gesvd,cfloat,sm_120,U,none,2,33,vendor
gesvd,cfloat,sm_120,U,none,2,48,vendor
gesvd,cfloat,sm_120,U,none,2,64,vendor
gesvd,cfloat,sm_120,U,none,2,65,vendor
gesvd,cfloat,sm_120,U,none,2,128,vendor
gesvd,cfloat,sm_120,U,none,2,256,vendor
gesvd,cfloat,sm_120,U,none,2,512,vendor
gesvd,cfloat,sm_120,U,none,2,1024,vendor
gesvd,cfloat,sm_120,U,none,4,1,vendor
gesvd,cfloat,sm_120,U,none,4,2,vendor
gesvd,cfloat,sm_120,U,none,4,4,cta|vendor
gesvd,cfloat,sm_120,U,none,4,8,vendor
gesvd,cfloat,sm_120,U,none,4,16,vendor
gesvd,cfloat,sm_120,U,none,4,24,vendor
gesvd,cfloat,sm_120,U,none,4,32,vendor
gesvd,cfloat,sm_120,U,none,4,33,vendor
gesvd,cfloat,sm_120,U,none,4,48,vendor
gesvd,cfloat,sm_120,U,none,4,64,vendor
gesvd,cfloat,sm_120,U,none,4,65,vendor
gesvd,cfloat,sm_120,U,none,4,128,vendor
gesvd,cfloat,sm_120,U,none,4,256,vendor
gesvd,cfloat,sm_120,U,none,4,512,vendor
gesvd,cfloat,sm_120,U,none,4,1024,vendor
gesvd,cfloat,sm_120,U,none,8,1,vendor
gesvd,cfloat,sm_120,U,none,8,2,vendor
gesvd,cfloat,sm_120,U,none,8,4,vendor
gesvd,cfloat,sm_120,U,none,8,8,cta|vendor
gesvd,cfloat,sm_120,U,none,8,16,vendor
gesvd,cfloat,sm_120,U,none,8,24,vendor
gesvd,cfloat,sm_120,U,none,8,32,vendor
gesvd,cfloat,sm_120,U,none,8,33,vendor
gesvd,cfloat,sm_120,U,none,8,48,vendor
gesvd,cfloat,sm_120,U,none,8,64,vendor
gesvd,cfloat,sm_120,U,none,8,65,vendor
gesvd,cfloat,sm_120,U,none,8,128,vendor
gesvd,cfloat,sm_120,U,none,8,256,vendor
gesvd,cfloat,sm_120,U,none,8,512,vendor
gesvd,cfloat,sm_120,U,none,8,1024,vendor
gesvd,cfloat,sm_120,U,none,16,1,vendor
gesvd,cfloat,sm_120,U,none,16,2,vendor
gesvd,cfloat,sm_120,U,none,16,4,vendor
gesvd,cfloat,sm_120,U,none,16,8,vendor
gesvd,cfloat,sm_120,U,none,16,16,cta|vendor
gesvd,cfloat,sm_120,U,none,16,24,vendor
gesvd,cfloat,sm_120,U,none,16,32,vendor
gesvd,cfloat,sm_120,U,none,16,33,vendor
gesvd,cfloat,sm_120,U,none,16,48,vendor
gesvd,cfloat,sm_120,U,none,16,64,vendor
gesvd,cfloat,sm_120,U,none,16,65,vendor
gesvd,cfloat,sm_120,U,none,16,128,vendor
gesvd,cfloat,sm_120,U,none,16,256,vendor
gesvd,cfloat,sm_120,U,none,16,512,vendor
gesvd,cfloat,sm_120,U,none,16,1024,vendor
gesvd,cfloat,sm_120,U,none,24,1,vendor
gesvd,cfloat,sm_120,U,none,24,2,vendor
gesvd,cfloat,sm_120,U,none,24,4,vendor
gesvd,cfloat,sm_120,U,none,24,8,vendor
gesvd,cfloat,sm_120,U,none,24,16,vendor
gesvd,cfloat,sm_120,U,none,24,24,cta|vendor
gesvd,cfloat,sm_120,U,none,24,32,vendor
gesvd,cfloat,sm_120,U,none,24,33,vendor
gesvd,cfloat,sm_120,U,none,24,48,vendor
gesvd,cfloat,sm_120,U,none,24,64,vendor
gesvd,cfloat,sm_120,U,none,24,65,vendor
gesvd,cfloat,sm_120,U,none,24,128,vendor
gesvd,cfloat,sm_120,U,none,24,256,vendor
gesvd,cfloat,sm_120,U,none,24,512,vendor
gesvd,cfloat,sm_120,U,none,24,1024,vendor
gesvd,cfloat,sm_120,U,none,32,1,vendor
gesvd,cfloat,sm_120,U,none,32,2,vendor
gesvd,cfloat,sm_120,U,none,32,4,vendor
gesvd,cfloat,sm_120,U,none,32,8,vendor
gesvd,cfloat,sm_120,U,none,32,16,vendor
gesvd,cfloat,sm_120,U,none,32,24,vendor
gesvd,cfloat,sm_120,U,none,32,32,cta|vendor
gesvd,cfloat,sm_120,U,none,32,33,vendor
gesvd,cfloat,sm_120,U,none,32,48,vendor
gesvd,cfloat,sm_120,U,none,32,64,vendor
gesvd,cfloat,sm_120,U,none,32,65,vendor
gesvd,cfloat,sm_120,U,none,32,128,vendor
gesvd,cfloat,sm_120,U,none,32,256,vendor
gesvd,cfloat,sm_120,U,none,32,512,vendor
gesvd,cfloat,sm_120,U,none,32,1024,vendor
gesvd,cfloat,sm_120,U,none,33,1,vendor
gesvd,cfloat,sm_120,U,none,33,2,vendor
gesvd,cfloat,sm_120,U,none,33,4,vendor
gesvd,cfloat,sm_120,U,none,33,8,vendor
gesvd,cfloat,sm_120,U,none,33,16,vendor
gesvd,cfloat,sm_120,U,none,33,24,vendor
gesvd,cfloat,sm_120,U,none,33,32,vendor
gesvd,cfloat,sm_120,U,none,33,33,vendor
gesvd,cfloat,sm_120,U,none,33,48,vendor
gesvd,cfloat,sm_120,U,none,33,64,vendor
gesvd,cfloat,sm_120,U,none,33,65,vendor
gesvd,cfloat,sm_120,U,none,33,128,vendor
gesvd,cfloat,sm_120,U,none,33,256,vendor
gesvd,cfloat,sm_120,U,none,33,512,vendor
gesvd,cfloat,sm_120,U,none,33,1024,vendor
gesvd,cfloat,sm_120,U,none,48,1,vendor
gesvd,cfloat,sm_120,U,none,48,2,vendor
gesvd,cfloat,sm_120,U,none,48,4,vendor
gesvd,cfloat,sm_120,U,none,48,8,vendor
gesvd,cfloat,sm_120,U,none,48,16,vendor
gesvd,cfloat,sm_120,U,none,48,24,vendor
gesvd,cfloat,sm_120,U,none,48,32,vendor
gesvd,cfloat,sm_120,U,none,48,33,vendor
gesvd,cfloat,sm_120,U,none,48,48,vendor
gesvd,cfloat,sm_120,U,none,48,64,vendor
gesvd,cfloat,sm_120,U,none,48,65,vendor
gesvd,cfloat,sm_120,U,none,48,128,vendor
gesvd,cfloat,sm_120,U,none,48,256,vendor
gesvd,cfloat,sm_120,U,none,48,512,vendor
gesvd,cfloat,sm_120,U,none,48,1024,vendor
gesvd,cfloat,sm_120,U,none,64,1,vendor
gesvd,cfloat,sm_120,U,none,64,2,vendor
gesvd,cfloat,sm_120,U,none,64,4,vendor
gesvd,cfloat,sm_120,U,none,64,8,vendor
gesvd,cfloat,sm_120,U,none,64,16,vendor
gesvd,cfloat,sm_120,U,none,64,24,vendor
gesvd,cfloat,sm_120,U,none,64,32,vendor
gesvd,cfloat,sm_120,U,none,64,33,vendor
gesvd,cfloat,sm_120,U,none,64,48,vendor
gesvd,cfloat,sm_120,U,none,64,64,vendor
gesvd,cfloat,sm_120,U,none,64,65,vendor
gesvd,cfloat,sm_120,U,none,64,128,vendor
gesvd,cfloat,sm_120,U,none,64,256,vendor
gesvd,cfloat,sm_120,U,none,64,512,vendor
gesvd,cfloat,sm_120,U,none,64,1024,vendor
gesvd,cfloat,sm_120,U,none,65,1,vendor
gesvd,cfloat,sm_120,U,none,65,2,vendor
gesvd,cfloat,sm_120,U,none,65,4,vendor
gesvd,cfloat,sm_120,U,none,65,8,vendor
gesvd,cfloat,sm_120,U,none,65,16,vendor
gesvd,cfloat,sm_120,U,none,65,24,vendor
gesvd,cfloat,sm_120,U,none,65,32,vendor
gesvd,cfloat,sm_120,U,none,65,33,vendor
gesvd,cfloat,sm_120,U,none,65,48,vendor
gesvd,cfloat,sm_120,U,none,65,64,vendor
gesvd,cfloat,sm_120,U,none,65,65,vendor
gesvd,cfloat,sm_120,U,none,65,128,vendor
gesvd,cfloat,sm_120,U,none,65,256,vendor
gesvd,cfloat,sm_120,U,none,65,512,vendor
gesvd,cfloat,sm_120,U,none,65,1024,vendor
gesvd,cfloat,sm_120,U,none,128,1,vendor
gesvd,cfloat,sm_120,U,none,128,2,vendor
gesvd,cfloat,sm_120,U,none,128,4,vendor
gesvd,cfloat,sm_120,U,none,128,8,vendor
gesvd,cfloat,sm_120,U,none,128,16,vendor
gesvd,cfloat,sm_120,U,none,128,24,vendor
gesvd,cfloat,sm_120,U,none,128,32,vendor
gesvd,cfloat,sm_120,U,none,128,33,vendor
gesvd,cfloat,sm_120,U,none,128,48,vendor
gesvd,cfloat,sm_120,U,none,128,64,vendor
gesvd,cfloat,sm_120,U,none,128,65,vendor
gesvd,cfloat,sm_120,U,none,128,128,vendor
gesvd,cfloat,sm_120,U,none,128,256,vendor
gesvd,cfloat,sm_120,U,none,128,512,vendor
gesvd,cfloat,sm_120,U,none,128,1024,vendor
gesvd,cfloat,sm_120,U,none,256,1,vendor
gesvd,cfloat,sm_120,U,none,256,2,vendor
gesvd,cfloat,sm_120,U,none,256,4,vendor
gesvd,cfloat,sm_120,U,none,256,8,vendor
gesvd,cfloat,sm_120,U,none,256,16,vendor
gesvd,cfloat,sm_120,U,none,256,24,vendor
gesvd,cfloat,sm_120,U,none,256,32,vendor
gesvd,cfloat,sm_120,U,none,256,33,vendor
gesvd,cfloat,sm_120,U,none,256,48,vendor
gesvd,cfloat,sm_120,U,none,256,64,vendor
gesvd,cfloat,sm_120,U,none,256,65,vendor
gesvd,cfloat,sm_120,U,none,256,128,vendor
gesvd,cfloat,sm_120,U,none,256,256,vendor
gesvd,cfloat,sm_120,U,none,256,512,vendor
gesvd,cfloat,sm_120,U,none,256,1024,vendor
gesvd,cfloat,sm_120,U,none,512,1,vendor
gesvd,cfloat,sm_120,U,none,512,2,vendor
gesvd,cfloat,sm_120,U,none,512,4,vendor
gesvd,cfloat,sm_120,U,none,512,8,vendor
gesvd,cfloat,sm_120,U,none,512,16,vendor
gesvd,cfloat,sm_120,U,none,512,24,vendor
gesvd,cfloat,sm_120,U,none,512,32,vendor
gesvd,cfloat,sm_120,U,none,512,33,vendor
gesvd,cfloat,sm_120,U,none,512,48,vendor
gesvd,cfloat,sm_120,U,none,512,64,vendor
gesvd,cfloat,sm_120,U,none,512,65,vendor
gesvd,cfloat,sm_120,U,none,512,128,vendor
gesvd,cfloat,sm_120,U,none,512,256,vendor
gesvd,cfloat,sm_120,U,none,512,512,vendor
gesvd,cfloat,sm_120,U,none,512,1024,vendor
gesvd,cfloat,sm_120,U,none,1024,1,vendor
gesvd,cfloat,sm_120,U,none,1024,2,vendor
gesvd,cfloat,sm_120,U,none,1024,4,vendor
gesvd,cfloat,sm_120,U,none,1024,8,vendor
gesvd,cfloat,sm_120,U,none,1024,16,vendor
gesvd,cfloat,sm_120,U,none,1024,24,vendor
gesvd,cfloat,sm_120,U,none,1024,32,vendor
gesvd,cfloat,sm_120,U,none,1024,33,vendor
gesvd,cfloat,sm_120,U,none,1024,48,vendor
gesvd,cfloat,sm_120,U,none,1024,64,vendor
gesvd,cfloat,sm_120,U,none,1024,65,vendor
gesvd,cfloat,sm_120,U,none,1024,128,vendor
gesvd,cfloat,sm_120,U,none,1024,256,vendor
gesvd,cfloat,sm_120,U,none,1024,512,vendor
gesvd,cfloat,sm_120,U,none,1024,1024,vendor
gesvd,cfloat,sm_120,U,all,1,1,cta|vendor
gesvd,cfloat,sm_120,U,all,1,2,vendor
gesvd,cfloat,sm_120,U,all,1,4,vendor
gesvd,cfloat,sm_120,U,all,1,8,vendor
gesvd,cfloat,sm_120,U,all,1,16,vendor
gesvd,cfloat,sm_120,U,all,1,24,vendor
gesvd,cfloat,sm_120,U,all,1,32,vendor
gesvd,cfloat,sm_120,U,all,1,33,vendor
gesvd,cfloat,sm_120,U,all,1,48,vendor
gesvd,cfloat,sm_120,U,all,1,64,vendor
gesvd,cfloat,sm_120,U,all,1,65,vendor
gesvd,cfloat,sm_120,U,all,1,128,vendor
gesvd,cfloat,sm_120,U,all,1,256,vendor
gesvd,cfloat,sm_120,U,all,1,512,vendor
gesvd,cfloat,sm_120,U,all,1,1024,vendor
gesvd,cfloat,sm_120,U,all,2,1,vendor
gesvd,cfloat,sm_120,U,all,2,2,cta|vendor
gesvd,cfloat,sm_120,U,all,2,4,vendor
gesvd,cfloat,sm_120,U,all,2,8,vendor
gesvd,cfloat,sm_120,U,all,2,16,vendor
gesvd,cfloat,sm_120,U,all,2,24,vendor
gesvd,cfloat,sm_120,U,all,2,32,vendor
gesvd,cfloat,sm_120,U,all,2,33,vendor
gesvd,cfloat,sm_120,U,all,2,48,vendor
gesvd,cfloat,sm_120,U,all,2,64,vendor
gesvd,cfloat,sm_120,U,all,2,65,vendor
gesvd,cfloat,sm_120,U,all,2,128,vendor
gesvd,cfloat,sm_120,U,all,2,256,vendor
gesvd,cfloat,sm_120,U,all,2,512,vendor
gesvd,cfloat,sm_120,U,all,2,1024,vendor
gesvd,cfloat,sm_120,U,all,4,1,vendor
gesvd,cfloat,sm_120,U,all,4,2,vendor
gesvd,cfloat,sm_120,U,all,4,4,cta|vendor
gesvd,cfloat,sm_120,U,all,4,8,vendor
gesvd,cfloat,sm_120,U,all,4,16,vendor
gesvd,cfloat,sm_120,U,all,4,24,vendor
gesvd,cfloat,sm_120,U,all,4,32,vendor
gesvd,cfloat,sm_120,U,all,4,33,vendor
gesvd,cfloat,sm_120,U,all,4,48,vendor
gesvd,cfloat,sm_120,U,all,4,64,vendor
gesvd,cfloat,sm_120,U,all,4,65,vendor
gesvd,cfloat,sm_120,U,all,4,128,vendor
gesvd,cfloat,sm_120,U,all,4,256,vendor
gesvd,cfloat,sm_120,U,all,4,512,vendor
gesvd,cfloat,sm_120,U,all,4,1024,vendor
gesvd,cfloat,sm_120,U,all,8,1,vendor
gesvd,cfloat,sm_120,U,all,8,2,vendor
gesvd,cfloat,sm_120,U,all,8,4,vendor
gesvd,cfloat,sm_120,U,all,8,8,cta|vendor
gesvd,cfloat,sm_120,U,all,8,16,vendor
gesvd,cfloat,sm_120,U,all,8,24,vendor
gesvd,cfloat,sm_120,U,all,8,32,vendor
gesvd,cfloat,sm_120,U,all,8,33,vendor
gesvd,cfloat,sm_120,U,all,8,48,vendor
gesvd,cfloat,sm_120,U,all,8,64,vendor
gesvd,cfloat,sm_120,U,all,8,65,vendor
gesvd,cfloat,sm_120,U,all,8,128,vendor
gesvd,cfloat,sm_120,U,all,8,256,vendor
gesvd,cfloat,sm_120,U,all,8,512,vendor
gesvd,cfloat,sm_120,U,all,8,1024,vendor
gesvd,cfloat,sm_120,U,all,16,1,vendor
gesvd,cfloat,sm_120,U,all,16,2,vendor
gesvd,cfloat,sm_120,U,all,16,4,vendor
gesvd,cfloat,sm_120,U,all,16,8,vendor
gesvd,cfloat,sm_120,U,all,16,16,cta|vendor
gesvd,cfloat,sm_120,U,all,16,24,vendor
gesvd,cfloat,sm_120,U,all,16,32,vendor
gesvd,cfloat,sm_120,U,all,16,33,vendor
gesvd,cfloat,sm_120,U,all,16,48,vendor
gesvd,cfloat,sm_120,U,all,16,64,vendor
gesvd,cfloat,sm_120,U,all,16,65,vendor
gesvd,cfloat,sm_120,U,all,16,128,vendor
gesvd,cfloat,sm_120,U,all,16,256,vendor
gesvd,cfloat,sm_120,U,all,16,512,vendor
gesvd,cfloat,sm_120,U,all,16,1024,vendor
gesvd,cfloat,sm_120,U,all,24,1,vendor
gesvd,cfloat,sm_120,U,all,24,2,vendor
gesvd,cfloat,sm_120,U,all,24,4,vendor
gesvd,cfloat,sm_120,U,all,24,8,vendor
gesvd,cfloat,sm_120,U,all,24,16,vendor
gesvd,cfloat,sm_120,U,all,24,24,cta|vendor
gesvd,cfloat,sm_120,U,all,24,32,vendor
gesvd,cfloat,sm_120,U,all,24,33,vendor
gesvd,cfloat,sm_120,U,all,24,48,vendor
gesvd,cfloat,sm_120,U,all,24,64,vendor
gesvd,cfloat,sm_120,U,all,24,65,vendor
gesvd,cfloat,sm_120,U,all,24,128,vendor
gesvd,cfloat,sm_120,U,all,24,256,vendor
gesvd,cfloat,sm_120,U,all,24,512,vendor
gesvd,cfloat,sm_120,U,all,24,1024,vendor
gesvd,cfloat,sm_120,U,all,32,1,vendor
gesvd,cfloat,sm_120,U,all,32,2,vendor
gesvd,cfloat,sm_120,U,all,32,4,vendor
gesvd,cfloat,sm_120,U,all,32,8,vendor
gesvd,cfloat,sm_120,U,all,32,16,vendor
gesvd,cfloat,sm_120,U,all,32,24,vendor
gesvd,cfloat,sm_120,U,all,32,32,cta|vendor
gesvd,cfloat,sm_120,U,all,32,33,vendor
gesvd,cfloat,sm_120,U,all,32,48,vendor
gesvd,cfloat,sm_120,U,all,32,64,vendor
gesvd,cfloat,sm_120,U,all,32,65,vendor
gesvd,cfloat,sm_120,U,all,32,128,vendor
gesvd,cfloat,sm_120,U,all,32,256,vendor
gesvd,cfloat,sm_120,U,all,32,512,vendor
gesvd,cfloat,sm_120,U,all,32,1024,vendor
gesvd,cfloat,sm_120,U,all,33,1,vendor
gesvd,cfloat,sm_120,U,all,33,2,vendor
gesvd,cfloat,sm_120,U,all,33,4,vendor
gesvd,cfloat,sm_120,U,all,33,8,vendor
gesvd,cfloat,sm_120,U,all,33,16,vendor
gesvd,cfloat,sm_120,U,all,33,24,vendor
gesvd,cfloat,sm_120,U,all,33,32,vendor
gesvd,cfloat,sm_120,U,all,33,33,vendor
gesvd,cfloat,sm_120,U,all,33,48,vendor
gesvd,cfloat,sm_120,U,all,33,64,vendor
gesvd,cfloat,sm_120,U,all,33,65,vendor
gesvd,cfloat,sm_120,U,all,33,128,vendor
gesvd,cfloat,sm_120,U,all,33,256,vendor
gesvd,cfloat,sm_120,U,all,33,512,vendor
gesvd,cfloat,sm_120,U,all,33,1024,vendor
gesvd,cfloat,sm_120,U,all,48,1,vendor
gesvd,cfloat,sm_120,U,all,48,2,vendor
gesvd,cfloat,sm_120,U,all,48,4,vendor
gesvd,cfloat,sm_120,U,all,48,8,vendor
gesvd,cfloat,sm_120,U,all,48,16,vendor
gesvd,cfloat,sm_120,U,all,48,24,vendor
gesvd,cfloat,sm_120,U,all,48,32,vendor
gesvd,cfloat,sm_120,U,all,48,33,vendor
gesvd,cfloat,sm_120,U,all,48,48,vendor
gesvd,cfloat,sm_120,U,all,48,64,vendor
gesvd,cfloat,sm_120,U,all,48,65,vendor
gesvd,cfloat,sm_120,U,all,48,128,vendor
gesvd,cfloat,sm_120,U,all,48,256,vendor
gesvd,cfloat,sm_120,U,all,48,512,vendor
gesvd,cfloat,sm_120,U,all,48,1024,vendor
gesvd,cfloat,sm_120,U,all,64,1,vendor
gesvd,cfloat,sm_120,U,all,64,2,vendor
gesvd,cfloat,sm_120,U,all,64,4,vendor
gesvd,cfloat,sm_120,U,all,64,8,vendor
gesvd,cfloat,sm_120,U,all,64,16,vendor
gesvd,cfloat,sm_120,U,all,64,24,vendor
gesvd,cfloat,sm_120,U,all,64,32,vendor
gesvd,cfloat,sm_120,U,all,64,33,vendor
gesvd,cfloat,sm_120,U,all,64,48,vendor
gesvd,cfloat,sm_120,U,all,64,64,vendor
gesvd,cfloat,sm_120,U,all,64,65,vendor
gesvd,cfloat,sm_120,U,all,64,128,vendor
gesvd,cfloat,sm_120,U,all,64,256,vendor
gesvd,cfloat,sm_120,U,all,64,512,vendor
gesvd,cfloat,sm_120,U,all,64,1024,vendor
gesvd,cfloat,sm_120,U,all,65,1,vendor
gesvd,cfloat,sm_120,U,all,65,2,vendor
gesvd,cfloat,sm_120,U,all,65,4,vendor
gesvd,cfloat,sm_120,U,all,65,8,vendor
gesvd,cfloat,sm_120,U,all,65,16,vendor
gesvd,cfloat,sm_120,U,all,65,24,vendor
gesvd,cfloat,sm_120,U,all,65,32,vendor
gesvd,cfloat,sm_120,U,all,65,33,vendor
gesvd,cfloat,sm_120,U,all,65,48,vendor
gesvd,cfloat,sm_120,U,all,65,64,vendor
gesvd,cfloat,sm_120,U,all,65,65,vendor
gesvd,cfloat,sm_120,U,all,65,128,vendor
gesvd,cfloat,sm_120,U,all,65,256,vendor
gesvd,cfloat,sm_120,U,all,65,512,vendor
gesvd,cfloat,sm_120,U,all,65,1024,vendor
gesvd,cfloat,sm_120,U,all,128,1,vendor
gesvd,cfloat,sm_120,U,all,128,2,vendor
gesvd,cfloat,sm_120,U,all,128,4,vendor
gesvd,cfloat,sm_120,U,all,128,8,vendor
gesvd,cfloat,sm_120,U,all,128,16,vendor
gesvd,cfloat,sm_120,U,all,128,24,vendor
gesvd,cfloat,sm_120,U,all,128,32,vendor
gesvd,cfloat,sm_120,U,all,128,33,vendor
gesvd,cfloat,sm_120,U,all,128,48,vendor
gesvd,cfloat,sm_120,U,all,128,64,vendor
gesvd,cfloat,sm_120,U,all,128,65,vendor
gesvd,cfloat,sm_120,U,all,128,128,vendor
gesvd,cfloat,sm_120,U,all,128,256,vendor
gesvd,cfloat,sm_120,U,all,128,512,vendor
gesvd,cfloat,sm_120,U,all,128,1024,vendor
gesvd,cfloat,sm_120,U,all,256,1,vendor
gesvd,cfloat,sm_120,U,all,256,2,vendor
gesvd,cfloat,sm_120,U,all,256,4,vendor
gesvd,cfloat,sm_120,U,all,256,8,vendor
gesvd,cfloat,sm_120,U,all,256,16,vendor
gesvd,cfloat,sm_120,U,all,256,24,vendor
gesvd,cfloat,sm_120,U,all,256,32,vendor
gesvd,cfloat,sm_120,U,all,256,33,vendor
gesvd,cfloat,sm_120,U,all,256,48,vendor
gesvd,cfloat,sm_120,U,all,256,64,vendor
gesvd,cfloat,sm_120,U,all,256,65,vendor
gesvd,cfloat,sm_120,U,all,256,128,vendor
gesvd,cfloat,sm_120,U,all,256,256,vendor
gesvd,cfloat,sm_120,U,all,256,512,vendor
gesvd,cfloat,sm_120,U,all,256,1024,vendor
gesvd,cfloat,sm_120,U,all,512,1,vendor
gesvd,cfloat,sm_120,U,all,512,2,vendor
gesvd,cfloat,sm_120,U,all,512,4,vendor
gesvd,cfloat,sm_120,U,all,512,8,vendor
gesvd,cfloat,sm_120,U,all,512,16,vendor
gesvd,cfloat,sm_120,U,all,512,24,vendor
gesvd,cfloat,sm_120,U,all,512,32,vendor
gesvd,cfloat,sm_120,U,all,512,33,vendor
gesvd,cfloat,sm_120,U,all,512,48,vendor
gesvd,cfloat,sm_120,U,all,512,64,vendor
gesvd,cfloat,sm_120,U,all,512,65,vendor
gesvd,cfloat,sm_120,U,all,512,128,vendor
gesvd,cfloat,sm_120,U,all,512,256,vendor
gesvd,cfloat,sm_120,U,all,512,512,vendor
gesvd,cfloat,sm_120,U,all,512,1024,vendor
gesvd,cfloat,sm_120,U,all,1024,1,vendor
gesvd,cfloat,sm_120,U,all,1024,2,vendor
gesvd,cfloat,sm_120,U,all,1024,4,vendor
gesvd,cfloat,sm_120,U,all,1024,8,vendor
gesvd,cfloat,sm_120,U,all,1024,16,vendor
gesvd,cfloat,sm_120,U,all,1024,24,vendor
gesvd,cfloat,sm_120,U,all,1024,32,vendor
gesvd,cfloat,sm_120,U,all,1024,33,vendor
gesvd,cfloat,sm_120,U,all,1024,48,vendor
gesvd,cfloat,sm_120,U,all,1024,64,vendor
gesvd,cfloat,sm_120,U,all,1024,65,vendor
gesvd,cfloat,sm_120,U,all,1024,128,vendor
gesvd,cfloat,sm_120,U,all,1024,256,vendor
gesvd,cfloat,sm_120,U,all,1024,512,vendor
gesvd,cfloat,sm_120,U,all,1024,1024,vendor
gesvd,cfloat,sm_120,U,thin,1,1,vendor
gesvd,cfloat,sm_120,U,thin,1,2,vendor
gesvd,cfloat,sm_120,U,thin,1,4,vendor
gesvd,cfloat,sm_120,U,thin,1,8,vendor
gesvd,cfloat,sm_120,U,thin,1,16,vendor
gesvd,cfloat,sm_120,U,thin,1,24,vendor
gesvd,cfloat,sm_120,U,thin,1,32,vendor
gesvd,cfloat,sm_120,U,thin,1,33,vendor
gesvd,cfloat,sm_120,U,thin,1,48,vendor
gesvd,cfloat,sm_120,U,thin,1,64,vendor
gesvd,cfloat,sm_120,U,thin,1,65,vendor
gesvd,cfloat,sm_120,U,thin,1,128,vendor
gesvd,cfloat,sm_120,U,thin,1,256,vendor
gesvd,cfloat,sm_120,U,thin,1,512,vendor
gesvd,cfloat,sm_120,U,thin,1,1024,vendor
gesvd,cfloat,sm_120,U,thin,2,1,vendor
gesvd,cfloat,sm_120,U,thin,2,2,vendor
gesvd,cfloat,sm_120,U,thin,2,4,vendor
gesvd,cfloat,sm_120,U,thin,2,8,vendor
gesvd,cfloat,sm_120,U,thin,2,16,vendor
gesvd,cfloat,sm_120,U,thin,2,24,vendor
gesvd,cfloat,sm_120,U,thin,2,32,vendor
gesvd,cfloat,sm_120,U,thin,2,33,vendor
gesvd,cfloat,sm_120,U,thin,2,48,vendor
gesvd,cfloat,sm_120,U,thin,2,64,vendor
gesvd,cfloat,sm_120,U,thin,2,65,vendor
gesvd,cfloat,sm_120,U,thin,2,128,vendor
gesvd,cfloat,sm_120,U,thin,2,256,vendor
gesvd,cfloat,sm_120,U,thin,2,512,vendor
gesvd,cfloat,sm_120,U,thin,2,1024,vendor
gesvd,cfloat,sm_120,U,thin,4,1,vendor
gesvd,cfloat,sm_120,U,thin,4,2,vendor
gesvd,cfloat,sm_120,U,thin,4,4,vendor
gesvd,cfloat,sm_120,U,thin,4,8,vendor
gesvd,cfloat,sm_120,U,thin,4,16,vendor
gesvd,cfloat,sm_120,U,thin,4,24,vendor
gesvd,cfloat,sm_120,U,thin,4,32,vendor
gesvd,cfloat,sm_120,U,thin,4,33,vendor
gesvd,cfloat,sm_120,U,thin,4,48,vendor
gesvd,cfloat,sm_120,U,thin,4,64,vendor
gesvd,cfloat,sm_120,U,thin,4,65,vendor
gesvd,cfloat,sm_120,U,thin,4,128,vendor
gesvd,cfloat,sm_120,U,thin,4,256,vendor
gesvd,cfloat,sm_120,U,thin,4,512,vendor
gesvd,cfloat,sm_120,U,thin,4,1024,vendor
gesvd,cfloat,sm_120,U,thin,8,1,vendor
gesvd,cfloat,sm_120,U,thin,8,2,vendor
gesvd,cfloat,sm_120,U,thin,8,4,vendor
gesvd,cfloat,sm_120,U,thin,8,8,vendor
gesvd,cfloat,sm_120,U,thin,8,16,vendor
gesvd,cfloat,sm_120,U,thin,8,24,vendor
gesvd,cfloat,sm_120,U,thin,8,32,vendor
gesvd,cfloat,sm_120,U,thin,8,33,vendor
gesvd,cfloat,sm_120,U,thin,8,48,vendor
gesvd,cfloat,sm_120,U,thin,8,64,vendor
gesvd,cfloat,sm_120,U,thin,8,65,vendor
gesvd,cfloat,sm_120,U,thin,8,128,vendor
gesvd,cfloat,sm_120,U,thin,8,256,vendor
gesvd,cfloat,sm_120,U,thin,8,512,vendor
gesvd,cfloat,sm_120,U,thin,8,1024,vendor
gesvd,cfloat,sm_120,U,thin,16,1,vendor
gesvd,cfloat,sm_120,U,thin,16,2,vendor
gesvd,cfloat,sm_120,U,thin,16,4,vendor
gesvd,cfloat,sm_120,U,thin,16,8,vendor
gesvd,cfloat,sm_120,U,thin,16,16,vendor
gesvd,cfloat,sm_120,U,thin,16,24,vendor
gesvd,cfloat,sm_120,U,thin,16,32,vendor
gesvd,cfloat,sm_120,U,thin,16,33,vendor
gesvd,cfloat,sm_120,U,thin,16,48,vendor
gesvd,cfloat,sm_120,U,thin,16,64,vendor
gesvd,cfloat,sm_120,U,thin,16,65,vendor
gesvd,cfloat,sm_120,U,thin,16,128,vendor
gesvd,cfloat,sm_120,U,thin,16,256,vendor
gesvd,cfloat,sm_120,U,thin,16,512,vendor
gesvd,cfloat,sm_120,U,thin,16,1024,vendor
gesvd,cfloat,sm_120,U,thin,24,1,vendor
gesvd,cfloat,sm_120,U,thin,24,2,vendor
gesvd,cfloat,sm_120,U,thin,24,4,vendor
gesvd,cfloat,sm_120,U,thin,24,8,vendor
gesvd,cfloat,sm_120,U,thin,24,16,vendor
gesvd,cfloat,sm_120,U,thin,24,24,vendor
gesvd,cfloat,sm_120,U,thin,24,32,vendor
gesvd,cfloat,sm_120,U,thin,24,33,vendor
gesvd,cfloat,sm_120,U,thin,24,48,vendor
gesvd,cfloat,sm_120,U,thin,24,64,vendor
gesvd,cfloat,sm_120,U,thin,24,65,vendor
gesvd,cfloat,sm_120,U,thin,24,128,vendor
gesvd,cfloat,sm_120,U,thin,24,256,vendor
gesvd,cfloat,sm_120,U,thin,24,512,vendor
gesvd,cfloat,sm_120,U,thin,24,1024,vendor
gesvd,cfloat,sm_120,U,thin,32,1,vendor
gesvd,cfloat,sm_120,U,thin,32,2,vendor
gesvd,cfloat,sm_120,U,thin,32,4,vendor
gesvd,cfloat,sm_120,U,thin,32,8,vendor
gesvd,cfloat,sm_120,U,thin,32,16,vendor
gesvd,cfloat,sm_120,U,thin,32,24,vendor
gesvd,cfloat,sm_120,U,thin,32,32,vendor
gesvd,cfloat,sm_120,U,thin,32,33,vendor
gesvd,cfloat,sm_120,U,thin,32,48,vendor
gesvd,cfloat,sm_120,U,thin,32,64,vendor
gesvd,cfloat,sm_120,U,thin,32,65,vendor
gesvd,cfloat,sm_120,U,thin,32,128,vendor
gesvd,cfloat,sm_120,U,thin,32,256,vendor
gesvd,cfloat,sm_120,U,thin,32,512,vendor
gesvd,cfloat,sm_120,U,thin,32,1024,vendor
gesvd,cfloat,sm_120,U,thin,33,1,vendor
gesvd,cfloat,sm_120,U,thin,33,2,vendor
gesvd,cfloat,sm_120,U,thin,33,4,vendor
gesvd,cfloat,sm_120,U,thin,33,8,vendor
gesvd,cfloat,sm_120,U,thin,33,16,vendor
gesvd,cfloat,sm_120,U,thin,33,24,vendor
gesvd,cfloat,sm_120,U,thin,33,32,vendor
gesvd,cfloat,sm_120,U,thin,33,33,vendor
gesvd,cfloat,sm_120,U,thin,33,48,vendor
gesvd,cfloat,sm_120,U,thin,33,64,vendor
gesvd,cfloat,sm_120,U,thin,33,65,vendor
gesvd,cfloat,sm_120,U,thin,33,128,vendor
gesvd,cfloat,sm_120,U,thin,33,256,vendor
gesvd,cfloat,sm_120,U,thin,33,512,vendor
gesvd,cfloat,sm_120,U,thin,33,1024,vendor
gesvd,cfloat,sm_120,U,thin,48,1,vendor
gesvd,cfloat,sm_120,U,thin,48,2,vendor
gesvd,cfloat,sm_120,U,thin,48,4,vendor
gesvd,cfloat,sm_120,U,thin,48,8,vendor
gesvd,cfloat,sm_120,U,thin,48,16,vendor
gesvd,cfloat,sm_120,U,thin,48,24,vendor
gesvd,cfloat,sm_120,U,thin,48,32,vendor
gesvd,cfloat,sm_120,U,thin,48,33,vendor
gesvd,cfloat,sm_120,U,thin,48,48,vendor
gesvd,cfloat,sm_120,U,thin,48,64,vendor
gesvd,cfloat,sm_120,U,thin,48,65,vendor
gesvd,cfloat,sm_120,U,thin,48,128,vendor
gesvd,cfloat,sm_120,U,thin,48,256,vendor
gesvd,cfloat,sm_120,U,thin,48,512,vendor
gesvd,cfloat,sm_120,U,thin,48,1024,vendor
gesvd,cfloat,sm_120,U,thin,64,1,vendor
gesvd,cfloat,sm_120,U,thin,64,2,vendor
gesvd,cfloat,sm_120,U,thin,64,4,vendor
gesvd,cfloat,sm_120,U,thin,64,8,vendor
gesvd,cfloat,sm_120,U,thin,64,16,vendor
gesvd,cfloat,sm_120,U,thin,64,24,vendor
gesvd,cfloat,sm_120,U,thin,64,32,vendor
gesvd,cfloat,sm_120,U,thin,64,33,vendor
gesvd,cfloat,sm_120,U,thin,64,48,vendor
gesvd,cfloat,sm_120,U,thin,64,64,vendor
gesvd,cfloat,sm_120,U,thin,64,65,vendor
gesvd,cfloat,sm_120,U,thin,64,128,vendor
gesvd,cfloat,sm_120,U,thin,64,256,vendor
gesvd,cfloat,sm_120,U,thin,64,512,vendor
gesvd,cfloat,sm_120,U,thin,64,1024,vendor
gesvd,cfloat,sm_120,U,thin,65,1,vendor
gesvd,cfloat,sm_120,U,thin,65,2,vendor
gesvd,cfloat,sm_120,U,thin,65,4,vendor
gesvd,cfloat,sm_120,U,thin,65,8,vendor
gesvd,cfloat,sm_120,U,thin,65,16,vendor
gesvd,cfloat,sm_120,U,thin,65,24,vendor
gesvd,cfloat,sm_120,U,thin,65,32,vendor
gesvd,cfloat,sm_120,U,thin,65,33,vendor
gesvd,cfloat,sm_120,U,thin,65,48,vendor
gesvd,cfloat,sm_120,U,thin,65,64,vendor
gesvd,cfloat,sm_120,U,thin,65,65,vendor
gesvd,cfloat,sm_120,U,thin,65,128,vendor
gesvd,cfloat,sm_120,U,thin,65,256,vendor
gesvd,cfloat,sm_120,U,thin,65,512,vendor
gesvd,cfloat,sm_120,U,thin,65,1024,vendor
gesvd,cfloat,sm_120,U,thin,128,1,vendor
gesvd,cfloat,sm_120,U,thin,128,2,vendor
gesvd,cfloat,sm_120,U,thin,128,4,vendor
gesvd,cfloat,sm_120,U,thin,128,8,vendor
gesvd,cfloat,sm_120,U,thin,128,16,vendor
gesvd,cfloat,sm_120,U,thin,128,24,vendor
gesvd,cfloat,sm_120,U,thin,128,32,vendor
gesvd,cfloat,sm_120,U,thin,128,33,vendor
gesvd,cfloat,sm_120,U,thin,128,48,vendor
gesvd,cfloat,sm_120,U,thin,128,64,vendor
gesvd,cfloat,sm_120,U,thin,128,65,vendor
gesvd,cfloat,sm_120,U,thin,128,128,vendor
gesvd,cfloat,sm_120,U,thin,128,256,vendor
gesvd,cfloat,sm_120,U,thin,128,512,vendor
gesvd,cfloat,sm_120,U,thin,128,1024,vendor
gesvd,cfloat,sm_120,U,thin,256,1,vendor
gesvd,cfloat,sm_120,U,thin,256,2,vendor
gesvd,cfloat,sm_120,U,thin,256,4,vendor
gesvd,cfloat,sm_120,U,thin,256,8,vendor
gesvd,cfloat,sm_120,U,thin,256,16,vendor
gesvd,cfloat,sm_120,U,thin,256,24,vendor
gesvd,cfloat,sm_120,U,thin,256,32,vendor
gesvd,cfloat,sm_120,U,thin,256,33,vendor
gesvd,cfloat,sm_120,U,thin,256,48,vendor
gesvd,cfloat,sm_120,U,thin,256,64,vendor
gesvd,cfloat,sm_120,U,thin,256,65,vendor
gesvd,cfloat,sm_120,U,thin,256,128,vendor
gesvd,cfloat,sm_120,U,thin,256,256,vendor
gesvd,cfloat,sm_120,U,thin,256,512,vendor
gesvd,cfloat,sm_120,U,thin,256,1024,vendor
gesvd,cfloat,sm_120,U,thin,512,1,vendor
gesvd,cfloat,sm_120,U,thin,512,2,vendor
gesvd,cfloat,sm_120,U,thin,512,4,vendor
gesvd,cfloat,sm_120,U,thin,512,8,vendor
gesvd,cfloat,sm_120,U,thin,512,16,vendor
gesvd,cfloat,sm_120,U,thin,512,24,vendor
gesvd,cfloat,sm_120,U,thin,512,32,vendor
gesvd,cfloat,sm_120,U,thin,512,33,vendor
gesvd,cfloat,sm_120,U,thin,512,48,vendor
gesvd,cfloat,sm_120,U,thin,512,64,vendor
gesvd,cfloat,sm_120,U,thin,512,65,vendor
gesvd,cfloat,sm_120,U,thin,512,128,vendor
gesvd,cfloat,sm_120,U,thin,512,256,vendor
gesvd,cfloat,sm_120,U,thin,512,512,vendor
gesvd,cfloat,sm_120,U,thin,512,1024,vendor
gesvd,cfloat,sm_120,U,thin,1024,1,vendor
gesvd,cfloat,sm_120,U,thin,1024,2,vendor
gesvd,cfloat,sm_120,U,thin,1024,4,vendor
gesvd,cfloat,sm_120,U,thin,1024,8,vendor
gesvd,cfloat,sm_120,U,thin,1024,16,vendor
gesvd,cfloat,sm_120,U,thin,1024,24,vendor
gesvd,cfloat,sm_120,U,thin,1024,32,vendor
gesvd,cfloat,sm_120,U,thin,1024,33,vendor
gesvd,cfloat,sm_120,U,thin,1024,48,vendor
gesvd,cfloat,sm_120,U,thin,1024,64,vendor
gesvd,cfloat,sm_120,U,thin,1024,65,vendor
gesvd,cfloat,sm_120,U,thin,1024,128,vendor
gesvd,cfloat,sm_120,U,thin,1024,256,vendor
gesvd,cfloat,sm_120,U,thin,1024,512,vendor
gesvd,cfloat,sm_120,U,thin,1024,1024,vendor
gesvd,cdouble,sm_120,N,none,1,1,jacobi|vendor
gesvd,cdouble,sm_120,N,none,1,2,jacobi|vendor
gesvd,cdouble,sm_120,N,none,1,4,jacobi|vendor
gesvd,cdouble,sm_120,N,none,1,8,jacobi|vendor
gesvd,cdouble,sm_120,N,none,1,16,jacobi|vendor
gesvd,cdouble,sm_120,N,none,1,24,jacobi|vendor
gesvd,cdouble,sm_120,N,none,1,32,jacobi|vendor
gesvd,cdouble,sm_120,N,none,1,33,jacobi|vendor
gesvd,cdouble,sm_120,N,none,1,48,jacobi|vendor
gesvd,cdouble,sm_120,N,none,1,64,jacobi|vendor
gesvd,cdouble,sm_120,N,none,1,65,vendor
gesvd,cdouble,sm_120,N,none,1,128,vendor
gesvd,cdouble,sm_120,N,none,1,256,vendor
gesvd,cdouble,sm_120,N,none,1,512,vendor
gesvd,cdouble,sm_120,N,none,1,1024,vendor
gesvd,cdouble,sm_120,N,none,2,1,jacobi|vendor
gesvd,cdouble,sm_120,N,none,2,2,jacobi|vendor
gesvd,cdouble,sm_120,N,none,2,4,jacobi|vendor
gesvd,cdouble,sm_120,N,none,2,8,jacobi|vendor
gesvd,cdouble,sm_120,N,none,2,16,jacobi|vendor
gesvd,cdouble,sm_120,N,none,2,24,jacobi|vendor
gesvd,cdouble,sm_120,N,none,2,32,jacobi|vendor
gesvd,cdouble,sm_120,N,none,2,33,jacobi|vendor
gesvd,cdouble,sm_120,N,none,2,48,jacobi|vendor
gesvd,cdouble,sm_120,N,none,2,64,jacobi|vendor
gesvd,cdouble,sm_120,N,none,2,65,vendor
gesvd,cdouble,sm_120,N,none,2,128,vendor
gesvd,cdouble,sm_120,N,none,2,256,vendor
gesvd,cdouble,sm_120,N,none,2,512,vendor
gesvd,cdouble,sm_120,N,none,2,1024,vendor
gesvd,cdouble,sm_120,N,none,4,1,jacobi|vendor
gesvd,cdouble,sm_120,N,none,4,2,jacobi|vendor
gesvd,cdouble,sm_120,N,none,4,4,jacobi|vendor
gesvd,cdouble,sm_120,N,none,4,8,jacobi|vendor
gesvd,cdouble,sm_120,N,none,4,16,jacobi|vendor
gesvd,cdouble,sm_120,N,none,4,24,jacobi|vendor
gesvd,cdouble,sm_120,N,none,4,32,jacobi|vendor
gesvd,cdouble,sm_120,N,none,4,33,jacobi|vendor
gesvd,cdouble,sm_120,N,none,4,48,jacobi|vendor
gesvd,cdouble,sm_120,N,none,4,64,jacobi|vendor
gesvd,cdouble,sm_120,N,none,4,65,vendor
gesvd,cdouble,sm_120,N,none,4,128,vendor
gesvd,cdouble,sm_120,N,none,4,256,vendor
gesvd,cdouble,sm_120,N,none,4,512,vendor
gesvd,cdouble,sm_120,N,none,4,1024,vendor
gesvd,cdouble,sm_120,N,none,8,1,jacobi|vendor
gesvd,cdouble,sm_120,N,none,8,2,jacobi|vendor
gesvd,cdouble,sm_120,N,none,8,4,jacobi|vendor
gesvd,cdouble,sm_120,N,none,8,8,jacobi|vendor
gesvd,cdouble,sm_120,N,none,8,16,jacobi|vendor
gesvd,cdouble,sm_120,N,none,8,24,jacobi|vendor
gesvd,cdouble,sm_120,N,none,8,32,jacobi|vendor
gesvd,cdouble,sm_120,N,none,8,33,jacobi|vendor
gesvd,cdouble,sm_120,N,none,8,48,jacobi|vendor
gesvd,cdouble,sm_120,N,none,8,64,jacobi|vendor
gesvd,cdouble,sm_120,N,none,8,65,vendor
gesvd,cdouble,sm_120,N,none,8,128,vendor
gesvd,cdouble,sm_120,N,none,8,256,vendor
gesvd,cdouble,sm_120,N,none,8,512,vendor
gesvd,cdouble,sm_120,N,none,8,1024,vendor
gesvd,cdouble,sm_120,N,none,16,1,jacobi|vendor
gesvd,cdouble,sm_120,N,none,16,2,jacobi|vendor
gesvd,cdouble,sm_120,N,none,16,4,jacobi|vendor
gesvd,cdouble,sm_120,N,none,16,8,jacobi|vendor
gesvd,cdouble,sm_120,N,none,16,16,jacobi|vendor
gesvd,cdouble,sm_120,N,none,16,24,jacobi|vendor
gesvd,cdouble,sm_120,N,none,16,32,jacobi|vendor
gesvd,cdouble,sm_120,N,none,16,33,jacobi|vendor
gesvd,cdouble,sm_120,N,none,16,48,jacobi|vendor
gesvd,cdouble,sm_120,N,none,16,64,jacobi|vendor
gesvd,cdouble,sm_120,N,none,16,65,vendor
gesvd,cdouble,sm_120,N,none,16,128,vendor
gesvd,cdouble,sm_120,N,none,16,256,vendor
gesvd,cdouble,sm_120,N,none,16,512,vendor
gesvd,cdouble,sm_120,N,none,16,1024,vendor
gesvd,cdouble,sm_120,N,none,24,1,jacobi|vendor
gesvd,cdouble,sm_120,N,none,24,2,jacobi|vendor
gesvd,cdouble,sm_120,N,none,24,4,jacobi|vendor
gesvd,cdouble,sm_120,N,none,24,8,jacobi|vendor
gesvd,cdouble,sm_120,N,none,24,16,jacobi|vendor
gesvd,cdouble,sm_120,N,none,24,24,jacobi|vendor
gesvd,cdouble,sm_120,N,none,24,32,jacobi|vendor
gesvd,cdouble,sm_120,N,none,24,33,jacobi|vendor
gesvd,cdouble,sm_120,N,none,24,48,jacobi|vendor
gesvd,cdouble,sm_120,N,none,24,64,jacobi|vendor
gesvd,cdouble,sm_120,N,none,24,65,vendor
gesvd,cdouble,sm_120,N,none,24,128,vendor
gesvd,cdouble,sm_120,N,none,24,256,vendor
gesvd,cdouble,sm_120,N,none,24,512,vendor
gesvd,cdouble,sm_120,N,none,24,1024,vendor
gesvd,cdouble,sm_120,N,none,32,1,jacobi|vendor
gesvd,cdouble,sm_120,N,none,32,2,jacobi|vendor
gesvd,cdouble,sm_120,N,none,32,4,jacobi|vendor
gesvd,cdouble,sm_120,N,none,32,8,jacobi|vendor
gesvd,cdouble,sm_120,N,none,32,16,jacobi|vendor
gesvd,cdouble,sm_120,N,none,32,24,jacobi|vendor
gesvd,cdouble,sm_120,N,none,32,32,jacobi|vendor
gesvd,cdouble,sm_120,N,none,32,33,jacobi|vendor
gesvd,cdouble,sm_120,N,none,32,48,jacobi|vendor
gesvd,cdouble,sm_120,N,none,32,64,jacobi|vendor
gesvd,cdouble,sm_120,N,none,32,65,vendor
gesvd,cdouble,sm_120,N,none,32,128,vendor
gesvd,cdouble,sm_120,N,none,32,256,vendor
gesvd,cdouble,sm_120,N,none,32,512,vendor
gesvd,cdouble,sm_120,N,none,32,1024,vendor
gesvd,cdouble,sm_120,N,none,33,1,jacobi|vendor
gesvd,cdouble,sm_120,N,none,33,2,jacobi|vendor
gesvd,cdouble,sm_120,N,none,33,4,jacobi|vendor
gesvd,cdouble,sm_120,N,none,33,8,jacobi|vendor
gesvd,cdouble,sm_120,N,none,33,16,jacobi|vendor
gesvd,cdouble,sm_120,N,none,33,24,jacobi|vendor
gesvd,cdouble,sm_120,N,none,33,32,jacobi|vendor
gesvd,cdouble,sm_120,N,none,33,33,jacobi|vendor
gesvd,cdouble,sm_120,N,none,33,48,jacobi|vendor
gesvd,cdouble,sm_120,N,none,33,64,jacobi|vendor
gesvd,cdouble,sm_120,N,none,33,65,vendor
gesvd,cdouble,sm_120,N,none,33,128,vendor
gesvd,cdouble,sm_120,N,none,33,256,vendor
gesvd,cdouble,sm_120,N,none,33,512,vendor
gesvd,cdouble,sm_120,N,none,33,1024,vendor
gesvd,cdouble,sm_120,N,none,48,1,jacobi|vendor
gesvd,cdouble,sm_120,N,none,48,2,jacobi|vendor
gesvd,cdouble,sm_120,N,none,48,4,jacobi|vendor
gesvd,cdouble,sm_120,N,none,48,8,jacobi|vendor
gesvd,cdouble,sm_120,N,none,48,16,jacobi|vendor
gesvd,cdouble,sm_120,N,none,48,24,jacobi|vendor
gesvd,cdouble,sm_120,N,none,48,32,jacobi|vendor
gesvd,cdouble,sm_120,N,none,48,33,jacobi|vendor
gesvd,cdouble,sm_120,N,none,48,48,jacobi|vendor
gesvd,cdouble,sm_120,N,none,48,64,jacobi|vendor
gesvd,cdouble,sm_120,N,none,48,65,vendor
gesvd,cdouble,sm_120,N,none,48,128,vendor
gesvd,cdouble,sm_120,N,none,48,256,vendor
gesvd,cdouble,sm_120,N,none,48,512,vendor
gesvd,cdouble,sm_120,N,none,48,1024,vendor
gesvd,cdouble,sm_120,N,none,64,1,jacobi|vendor
gesvd,cdouble,sm_120,N,none,64,2,jacobi|vendor
gesvd,cdouble,sm_120,N,none,64,4,jacobi|vendor
gesvd,cdouble,sm_120,N,none,64,8,jacobi|vendor
gesvd,cdouble,sm_120,N,none,64,16,jacobi|vendor
gesvd,cdouble,sm_120,N,none,64,24,jacobi|vendor
gesvd,cdouble,sm_120,N,none,64,32,jacobi|vendor
gesvd,cdouble,sm_120,N,none,64,33,jacobi|vendor
gesvd,cdouble,sm_120,N,none,64,48,jacobi|vendor
gesvd,cdouble,sm_120,N,none,64,64,jacobi|vendor
gesvd,cdouble,sm_120,N,none,64,65,vendor
gesvd,cdouble,sm_120,N,none,64,128,vendor
gesvd,cdouble,sm_120,N,none,64,256,vendor
gesvd,cdouble,sm_120,N,none,64,512,vendor
gesvd,cdouble,sm_120,N,none,64,1024,vendor
gesvd,cdouble,sm_120,N,none,65,1,vendor
gesvd,cdouble,sm_120,N,none,65,2,vendor
gesvd,cdouble,sm_120,N,none,65,4,vendor
gesvd,cdouble,sm_120,N,none,65,8,vendor
gesvd,cdouble,sm_120,N,none,65,16,vendor
gesvd,cdouble,sm_120,N,none,65,24,vendor
gesvd,cdouble,sm_120,N,none,65,32,vendor
gesvd,cdouble,sm_120,N,none,65,33,vendor
gesvd,cdouble,sm_120,N,none,65,48,vendor
gesvd,cdouble,sm_120,N,none,65,64,vendor
gesvd,cdouble,sm_120,N,none,65,65,vendor
gesvd,cdouble,sm_120,N,none,65,128,vendor
gesvd,cdouble,sm_120,N,none,65,256,vendor
gesvd,cdouble,sm_120,N,none,65,512,vendor
gesvd,cdouble,sm_120,N,none,65,1024,vendor
gesvd,cdouble,sm_120,N,none,128,1,vendor
gesvd,cdouble,sm_120,N,none,128,2,vendor
gesvd,cdouble,sm_120,N,none,128,4,vendor
gesvd,cdouble,sm_120,N,none,128,8,vendor
gesvd,cdouble,sm_120,N,none,128,16,vendor
gesvd,cdouble,sm_120,N,none,128,24,vendor
gesvd,cdouble,sm_120,N,none,128,32,vendor
gesvd,cdouble,sm_120,N,none,128,33,vendor
gesvd,cdouble,sm_120,N,none,128,48,vendor
gesvd,cdouble,sm_120,N,none,128,64,vendor
gesvd,cdouble,sm_120,N,none,128,65,vendor
gesvd,cdouble,sm_120,N,none,128,128,vendor
gesvd,cdouble,sm_120,N,none,128,256,vendor
gesvd,cdouble,sm_120,N,none,128,512,vendor
gesvd,cdouble,sm_120,N,none,128,1024,vendor
gesvd,cdouble,sm_120,N,none,256,1,vendor
gesvd,cdouble,sm_120,N,none,256,2,vendor
gesvd,cdouble,sm_120,N,none,256,4,vendor
gesvd,cdouble,sm_120,N,none,256,8,vendor
gesvd,cdouble,sm_120,N,none,256,16,vendor
gesvd,cdouble,sm_120,N,none,256,24,vendor
gesvd,cdouble,sm_120,N,none,256,32,vendor
gesvd,cdouble,sm_120,N,none,256,33,vendor
gesvd,cdouble,sm_120,N,none,256,48,vendor
gesvd,cdouble,sm_120,N,none,256,64,vendor
gesvd,cdouble,sm_120,N,none,256,65,vendor
gesvd,cdouble,sm_120,N,none,256,128,vendor
gesvd,cdouble,sm_120,N,none,256,256,vendor
gesvd,cdouble,sm_120,N,none,256,512,vendor
gesvd,cdouble,sm_120,N,none,256,1024,vendor
gesvd,cdouble,sm_120,N,none,512,1,vendor
gesvd,cdouble,sm_120,N,none,512,2,vendor
gesvd,cdouble,sm_120,N,none,512,4,vendor
gesvd,cdouble,sm_120,N,none,512,8,vendor
gesvd,cdouble,sm_120,N,none,512,16,vendor
gesvd,cdouble,sm_120,N,none,512,24,vendor
gesvd,cdouble,sm_120,N,none,512,32,vendor
gesvd,cdouble,sm_120,N,none,512,33,vendor
gesvd,cdouble,sm_120,N,none,512,48,vendor
gesvd,cdouble,sm_120,N,none,512,64,vendor
gesvd,cdouble,sm_120,N,none,512,65,vendor
gesvd,cdouble,sm_120,N,none,512,128,vendor
gesvd,cdouble,sm_120,N,none,512,256,vendor
gesvd,cdouble,sm_120,N,none,512,512,vendor
gesvd,cdouble,sm_120,N,none,512,1024,vendor
gesvd,cdouble,sm_120,N,none,1024,1,vendor
gesvd,cdouble,sm_120,N,none,1024,2,vendor
gesvd,cdouble,sm_120,N,none,1024,4,vendor
gesvd,cdouble,sm_120,N,none,1024,8,vendor
gesvd,cdouble,sm_120,N,none,1024,16,vendor
gesvd,cdouble,sm_120,N,none,1024,24,vendor
gesvd,cdouble,sm_120,N,none,1024,32,vendor
gesvd,cdouble,sm_120,N,none,1024,33,vendor
gesvd,cdouble,sm_120,N,none,1024,48,vendor
gesvd,cdouble,sm_120,N,none,1024,64,vendor
gesvd,cdouble,sm_120,N,none,1024,65,vendor
gesvd,cdouble,sm_120,N,none,1024,128,vendor
gesvd,cdouble,sm_120,N,none,1024,256,vendor
gesvd,cdouble,sm_120,N,none,1024,512,vendor
gesvd,cdouble,sm_120,N,none,1024,1024,vendor
gesvd,cdouble,sm_120,N,all,1,1,jacobi|vendor
gesvd,cdouble,sm_120,N,all,1,2,jacobi|vendor
gesvd,cdouble,sm_120,N,all,1,4,jacobi|vendor
gesvd,cdouble,sm_120,N,all,1,8,jacobi|vendor
gesvd,cdouble,sm_120,N,all,1,16,jacobi|vendor
gesvd,cdouble,sm_120,N,all,1,24,jacobi|vendor
gesvd,cdouble,sm_120,N,all,1,32,jacobi|vendor
gesvd,cdouble,sm_120,N,all,1,33,vendor
gesvd,cdouble,sm_120,N,all,1,48,vendor
gesvd,cdouble,sm_120,N,all,1,64,vendor
gesvd,cdouble,sm_120,N,all,1,65,vendor
gesvd,cdouble,sm_120,N,all,1,128,vendor
gesvd,cdouble,sm_120,N,all,1,256,vendor
gesvd,cdouble,sm_120,N,all,1,512,vendor
gesvd,cdouble,sm_120,N,all,1,1024,vendor
gesvd,cdouble,sm_120,N,all,2,1,jacobi|vendor
gesvd,cdouble,sm_120,N,all,2,2,jacobi|vendor
gesvd,cdouble,sm_120,N,all,2,4,jacobi|vendor
gesvd,cdouble,sm_120,N,all,2,8,jacobi|vendor
gesvd,cdouble,sm_120,N,all,2,16,jacobi|vendor
gesvd,cdouble,sm_120,N,all,2,24,jacobi|vendor
gesvd,cdouble,sm_120,N,all,2,32,jacobi|vendor
gesvd,cdouble,sm_120,N,all,2,33,vendor
gesvd,cdouble,sm_120,N,all,2,48,vendor
gesvd,cdouble,sm_120,N,all,2,64,vendor
gesvd,cdouble,sm_120,N,all,2,65,vendor
gesvd,cdouble,sm_120,N,all,2,128,vendor
gesvd,cdouble,sm_120,N,all,2,256,vendor
gesvd,cdouble,sm_120,N,all,2,512,vendor
gesvd,cdouble,sm_120,N,all,2,1024,vendor
gesvd,cdouble,sm_120,N,all,4,1,jacobi|vendor
gesvd,cdouble,sm_120,N,all,4,2,jacobi|vendor
gesvd,cdouble,sm_120,N,all,4,4,jacobi|vendor
gesvd,cdouble,sm_120,N,all,4,8,jacobi|vendor
gesvd,cdouble,sm_120,N,all,4,16,jacobi|vendor
gesvd,cdouble,sm_120,N,all,4,24,jacobi|vendor
gesvd,cdouble,sm_120,N,all,4,32,jacobi|vendor
gesvd,cdouble,sm_120,N,all,4,33,vendor
gesvd,cdouble,sm_120,N,all,4,48,vendor
gesvd,cdouble,sm_120,N,all,4,64,vendor
gesvd,cdouble,sm_120,N,all,4,65,vendor
gesvd,cdouble,sm_120,N,all,4,128,vendor
gesvd,cdouble,sm_120,N,all,4,256,vendor
gesvd,cdouble,sm_120,N,all,4,512,vendor
gesvd,cdouble,sm_120,N,all,4,1024,vendor
gesvd,cdouble,sm_120,N,all,8,1,jacobi|vendor
gesvd,cdouble,sm_120,N,all,8,2,jacobi|vendor
gesvd,cdouble,sm_120,N,all,8,4,jacobi|vendor
gesvd,cdouble,sm_120,N,all,8,8,jacobi|vendor
gesvd,cdouble,sm_120,N,all,8,16,jacobi|vendor
gesvd,cdouble,sm_120,N,all,8,24,jacobi|vendor
gesvd,cdouble,sm_120,N,all,8,32,jacobi|vendor
gesvd,cdouble,sm_120,N,all,8,33,vendor
gesvd,cdouble,sm_120,N,all,8,48,vendor
gesvd,cdouble,sm_120,N,all,8,64,vendor
gesvd,cdouble,sm_120,N,all,8,65,vendor
gesvd,cdouble,sm_120,N,all,8,128,vendor
gesvd,cdouble,sm_120,N,all,8,256,vendor
gesvd,cdouble,sm_120,N,all,8,512,vendor
gesvd,cdouble,sm_120,N,all,8,1024,vendor
gesvd,cdouble,sm_120,N,all,16,1,jacobi|vendor
gesvd,cdouble,sm_120,N,all,16,2,jacobi|vendor
gesvd,cdouble,sm_120,N,all,16,4,jacobi|vendor
gesvd,cdouble,sm_120,N,all,16,8,jacobi|vendor
gesvd,cdouble,sm_120,N,all,16,16,jacobi|vendor
gesvd,cdouble,sm_120,N,all,16,24,jacobi|vendor
gesvd,cdouble,sm_120,N,all,16,32,jacobi|vendor
gesvd,cdouble,sm_120,N,all,16,33,vendor
gesvd,cdouble,sm_120,N,all,16,48,vendor
gesvd,cdouble,sm_120,N,all,16,64,vendor
gesvd,cdouble,sm_120,N,all,16,65,vendor
gesvd,cdouble,sm_120,N,all,16,128,vendor
gesvd,cdouble,sm_120,N,all,16,256,vendor
gesvd,cdouble,sm_120,N,all,16,512,vendor
gesvd,cdouble,sm_120,N,all,16,1024,vendor
gesvd,cdouble,sm_120,N,all,24,1,jacobi|vendor
gesvd,cdouble,sm_120,N,all,24,2,jacobi|vendor
gesvd,cdouble,sm_120,N,all,24,4,jacobi|vendor
gesvd,cdouble,sm_120,N,all,24,8,jacobi|vendor
gesvd,cdouble,sm_120,N,all,24,16,jacobi|vendor
gesvd,cdouble,sm_120,N,all,24,24,jacobi|vendor
gesvd,cdouble,sm_120,N,all,24,32,jacobi|vendor
gesvd,cdouble,sm_120,N,all,24,33,vendor
gesvd,cdouble,sm_120,N,all,24,48,vendor
gesvd,cdouble,sm_120,N,all,24,64,vendor
gesvd,cdouble,sm_120,N,all,24,65,vendor
gesvd,cdouble,sm_120,N,all,24,128,vendor
gesvd,cdouble,sm_120,N,all,24,256,vendor
gesvd,cdouble,sm_120,N,all,24,512,vendor
gesvd,cdouble,sm_120,N,all,24,1024,vendor
gesvd,cdouble,sm_120,N,all,32,1,jacobi|vendor
gesvd,cdouble,sm_120,N,all,32,2,jacobi|vendor
gesvd,cdouble,sm_120,N,all,32,4,jacobi|vendor
gesvd,cdouble,sm_120,N,all,32,8,jacobi|vendor
gesvd,cdouble,sm_120,N,all,32,16,jacobi|vendor
gesvd,cdouble,sm_120,N,all,32,24,jacobi|vendor
gesvd,cdouble,sm_120,N,all,32,32,jacobi|vendor
gesvd,cdouble,sm_120,N,all,32,33,vendor
gesvd,cdouble,sm_120,N,all,32,48,vendor
gesvd,cdouble,sm_120,N,all,32,64,vendor
gesvd,cdouble,sm_120,N,all,32,65,vendor
gesvd,cdouble,sm_120,N,all,32,128,vendor
gesvd,cdouble,sm_120,N,all,32,256,vendor
gesvd,cdouble,sm_120,N,all,32,512,vendor
gesvd,cdouble,sm_120,N,all,32,1024,vendor
gesvd,cdouble,sm_120,N,all,33,1,vendor
gesvd,cdouble,sm_120,N,all,33,2,vendor
gesvd,cdouble,sm_120,N,all,33,4,vendor
gesvd,cdouble,sm_120,N,all,33,8,vendor
gesvd,cdouble,sm_120,N,all,33,16,vendor
gesvd,cdouble,sm_120,N,all,33,24,vendor
gesvd,cdouble,sm_120,N,all,33,32,vendor
gesvd,cdouble,sm_120,N,all,33,33,vendor
gesvd,cdouble,sm_120,N,all,33,48,vendor
gesvd,cdouble,sm_120,N,all,33,64,vendor
gesvd,cdouble,sm_120,N,all,33,65,vendor
gesvd,cdouble,sm_120,N,all,33,128,vendor
gesvd,cdouble,sm_120,N,all,33,256,vendor
gesvd,cdouble,sm_120,N,all,33,512,vendor
gesvd,cdouble,sm_120,N,all,33,1024,vendor
gesvd,cdouble,sm_120,N,all,48,1,vendor
gesvd,cdouble,sm_120,N,all,48,2,vendor
gesvd,cdouble,sm_120,N,all,48,4,vendor
gesvd,cdouble,sm_120,N,all,48,8,vendor
gesvd,cdouble,sm_120,N,all,48,16,vendor
gesvd,cdouble,sm_120,N,all,48,24,vendor
gesvd,cdouble,sm_120,N,all,48,32,vendor
gesvd,cdouble,sm_120,N,all,48,33,vendor
gesvd,cdouble,sm_120,N,all,48,48,vendor
gesvd,cdouble,sm_120,N,all,48,64,vendor
gesvd,cdouble,sm_120,N,all,48,65,vendor
gesvd,cdouble,sm_120,N,all,48,128,vendor
gesvd,cdouble,sm_120,N,all,48,256,vendor
gesvd,cdouble,sm_120,N,all,48,512,vendor
gesvd,cdouble,sm_120,N,all,48,1024,vendor
gesvd,cdouble,sm_120,N,all,64,1,vendor
gesvd,cdouble,sm_120,N,all,64,2,vendor
gesvd,cdouble,sm_120,N,all,64,4,vendor
gesvd,cdouble,sm_120,N,all,64,8,vendor
gesvd,cdouble,sm_120,N,all,64,16,vendor
gesvd,cdouble,sm_120,N,all,64,24,vendor
gesvd,cdouble,sm_120,N,all,64,32,vendor
gesvd,cdouble,sm_120,N,all,64,33,vendor
gesvd,cdouble,sm_120,N,all,64,48,vendor
gesvd,cdouble,sm_120,N,all,64,64,vendor
gesvd,cdouble,sm_120,N,all,64,65,vendor
gesvd,cdouble,sm_120,N,all,64,128,vendor
gesvd,cdouble,sm_120,N,all,64,256,vendor
gesvd,cdouble,sm_120,N,all,64,512,vendor
gesvd,cdouble,sm_120,N,all,64,1024,vendor
gesvd,cdouble,sm_120,N,all,65,1,vendor
gesvd,cdouble,sm_120,N,all,65,2,vendor
gesvd,cdouble,sm_120,N,all,65,4,vendor
gesvd,cdouble,sm_120,N,all,65,8,vendor
gesvd,cdouble,sm_120,N,all,65,16,vendor
gesvd,cdouble,sm_120,N,all,65,24,vendor
gesvd,cdouble,sm_120,N,all,65,32,vendor
gesvd,cdouble,sm_120,N,all,65,33,vendor
gesvd,cdouble,sm_120,N,all,65,48,vendor
gesvd,cdouble,sm_120,N,all,65,64,vendor
gesvd,cdouble,sm_120,N,all,65,65,vendor
gesvd,cdouble,sm_120,N,all,65,128,vendor
gesvd,cdouble,sm_120,N,all,65,256,vendor
gesvd,cdouble,sm_120,N,all,65,512,vendor
gesvd,cdouble,sm_120,N,all,65,1024,vendor
gesvd,cdouble,sm_120,N,all,128,1,vendor
gesvd,cdouble,sm_120,N,all,128,2,vendor
gesvd,cdouble,sm_120,N,all,128,4,vendor
gesvd,cdouble,sm_120,N,all,128,8,vendor
gesvd,cdouble,sm_120,N,all,128,16,vendor
gesvd,cdouble,sm_120,N,all,128,24,vendor
gesvd,cdouble,sm_120,N,all,128,32,vendor
gesvd,cdouble,sm_120,N,all,128,33,vendor
gesvd,cdouble,sm_120,N,all,128,48,vendor
gesvd,cdouble,sm_120,N,all,128,64,vendor
gesvd,cdouble,sm_120,N,all,128,65,vendor
gesvd,cdouble,sm_120,N,all,128,128,vendor
gesvd,cdouble,sm_120,N,all,128,256,vendor
gesvd,cdouble,sm_120,N,all,128,512,vendor
gesvd,cdouble,sm_120,N,all,128,1024,vendor
gesvd,cdouble,sm_120,N,all,256,1,vendor
gesvd,cdouble,sm_120,N,all,256,2,vendor
gesvd,cdouble,sm_120,N,all,256,4,vendor
gesvd,cdouble,sm_120,N,all,256,8,vendor
gesvd,cdouble,sm_120,N,all,256,16,vendor
gesvd,cdouble,sm_120,N,all,256,24,vendor
gesvd,cdouble,sm_120,N,all,256,32,vendor
gesvd,cdouble,sm_120,N,all,256,33,vendor
gesvd,cdouble,sm_120,N,all,256,48,vendor
gesvd,cdouble,sm_120,N,all,256,64,vendor
gesvd,cdouble,sm_120,N,all,256,65,vendor
gesvd,cdouble,sm_120,N,all,256,128,vendor
gesvd,cdouble,sm_120,N,all,256,256,vendor
gesvd,cdouble,sm_120,N,all,256,512,vendor
gesvd,cdouble,sm_120,N,all,256,1024,vendor
gesvd,cdouble,sm_120,N,all,512,1,vendor
gesvd,cdouble,sm_120,N,all,512,2,vendor
gesvd,cdouble,sm_120,N,all,512,4,vendor
gesvd,cdouble,sm_120,N,all,512,8,vendor
gesvd,cdouble,sm_120,N,all,512,16,vendor
gesvd,cdouble,sm_120,N,all,512,24,vendor
gesvd,cdouble,sm_120,N,all,512,32,vendor
gesvd,cdouble,sm_120,N,all,512,33,vendor
gesvd,cdouble,sm_120,N,all,512,48,vendor
gesvd,cdouble,sm_120,N,all,512,64,vendor
gesvd,cdouble,sm_120,N,all,512,65,vendor
gesvd,cdouble,sm_120,N,all,512,128,vendor
gesvd,cdouble,sm_120,N,all,512,256,vendor
gesvd,cdouble,sm_120,N,all,512,512,vendor
gesvd,cdouble,sm_120,N,all,512,1024,vendor
gesvd,cdouble,sm_120,N,all,1024,1,vendor
gesvd,cdouble,sm_120,N,all,1024,2,vendor
gesvd,cdouble,sm_120,N,all,1024,4,vendor
gesvd,cdouble,sm_120,N,all,1024,8,vendor
gesvd,cdouble,sm_120,N,all,1024,16,vendor
gesvd,cdouble,sm_120,N,all,1024,24,vendor
gesvd,cdouble,sm_120,N,all,1024,32,vendor
gesvd,cdouble,sm_120,N,all,1024,33,vendor
gesvd,cdouble,sm_120,N,all,1024,48,vendor
gesvd,cdouble,sm_120,N,all,1024,64,vendor
gesvd,cdouble,sm_120,N,all,1024,65,vendor
gesvd,cdouble,sm_120,N,all,1024,128,vendor
gesvd,cdouble,sm_120,N,all,1024,256,vendor
gesvd,cdouble,sm_120,N,all,1024,512,vendor
gesvd,cdouble,sm_120,N,all,1024,1024,vendor
gesvd,cdouble,sm_120,N,thin,1,1,jacobi|vendor
gesvd,cdouble,sm_120,N,thin,1,2,jacobi|vendor
gesvd,cdouble,sm_120,N,thin,1,4,jacobi|vendor
gesvd,cdouble,sm_120,N,thin,1,8,jacobi|vendor
gesvd,cdouble,sm_120,N,thin,1,16,jacobi|vendor
gesvd,cdouble,sm_120,N,thin,1,24,jacobi|vendor
gesvd,cdouble,sm_120,N,thin,1,32,jacobi|vendor
gesvd,cdouble,sm_120,N,thin,1,33,vendor
gesvd,cdouble,sm_120,N,thin,1,48,vendor
gesvd,cdouble,sm_120,N,thin,1,64,vendor
gesvd,cdouble,sm_120,N,thin,1,65,vendor
gesvd,cdouble,sm_120,N,thin,1,128,vendor
gesvd,cdouble,sm_120,N,thin,1,256,vendor
gesvd,cdouble,sm_120,N,thin,1,512,vendor
gesvd,cdouble,sm_120,N,thin,1,1024,vendor
gesvd,cdouble,sm_120,N,thin,2,1,jacobi|vendor
gesvd,cdouble,sm_120,N,thin,2,2,jacobi|vendor
gesvd,cdouble,sm_120,N,thin,2,4,jacobi|vendor
gesvd,cdouble,sm_120,N,thin,2,8,jacobi|vendor
gesvd,cdouble,sm_120,N,thin,2,16,jacobi|vendor
gesvd,cdouble,sm_120,N,thin,2,24,jacobi|vendor
gesvd,cdouble,sm_120,N,thin,2,32,jacobi|vendor
gesvd,cdouble,sm_120,N,thin,2,33,vendor
gesvd,cdouble,sm_120,N,thin,2,48,vendor
gesvd,cdouble,sm_120,N,thin,2,64,vendor
gesvd,cdouble,sm_120,N,thin,2,65,vendor
gesvd,cdouble,sm_120,N,thin,2,128,vendor
gesvd,cdouble,sm_120,N,thin,2,256,vendor
gesvd,cdouble,sm_120,N,thin,2,512,vendor
gesvd,cdouble,sm_120,N,thin,2,1024,vendor
gesvd,cdouble,sm_120,N,thin,4,1,jacobi|vendor
gesvd,cdouble,sm_120,N,thin,4,2,jacobi|vendor
gesvd,cdouble,sm_120,N,thin,4,4,jacobi|vendor
gesvd,cdouble,sm_120,N,thin,4,8,jacobi|vendor
gesvd,cdouble,sm_120,N,thin,4,16,jacobi|vendor
gesvd,cdouble,sm_120,N,thin,4,24,jacobi|vendor
gesvd,cdouble,sm_120,N,thin,4,32,jacobi|vendor
gesvd,cdouble,sm_120,N,thin,4,33,vendor
gesvd,cdouble,sm_120,N,thin,4,48,vendor
gesvd,cdouble,sm_120,N,thin,4,64,vendor
gesvd,cdouble,sm_120,N,thin,4,65,vendor
gesvd,cdouble,sm_120,N,thin,4,128,vendor
gesvd,cdouble,sm_120,N,thin,4,256,vendor
gesvd,cdouble,sm_120,N,thin,4,512,vendor
gesvd,cdouble,sm_120,N,thin,4,1024,vendor
gesvd,cdouble,sm_120,N,thin,8,1,jacobi|vendor
gesvd,cdouble,sm_120,N,thin,8,2,jacobi|vendor
gesvd,cdouble,sm_120,N,thin,8,4,jacobi|vendor
gesvd,cdouble,sm_120,N,thin,8,8,jacobi|vendor
gesvd,cdouble,sm_120,N,thin,8,16,jacobi|vendor
gesvd,cdouble,sm_120,N,thin,8,24,jacobi|vendor
gesvd,cdouble,sm_120,N,thin,8,32,jacobi|vendor
gesvd,cdouble,sm_120,N,thin,8,33,vendor
gesvd,cdouble,sm_120,N,thin,8,48,vendor
gesvd,cdouble,sm_120,N,thin,8,64,vendor
gesvd,cdouble,sm_120,N,thin,8,65,vendor
gesvd,cdouble,sm_120,N,thin,8,128,vendor
gesvd,cdouble,sm_120,N,thin,8,256,vendor
gesvd,cdouble,sm_120,N,thin,8,512,vendor
gesvd,cdouble,sm_120,N,thin,8,1024,vendor
gesvd,cdouble,sm_120,N,thin,16,1,jacobi|vendor
gesvd,cdouble,sm_120,N,thin,16,2,jacobi|vendor
gesvd,cdouble,sm_120,N,thin,16,4,jacobi|vendor
gesvd,cdouble,sm_120,N,thin,16,8,jacobi|vendor
gesvd,cdouble,sm_120,N,thin,16,16,jacobi|vendor
gesvd,cdouble,sm_120,N,thin,16,24,jacobi|vendor
gesvd,cdouble,sm_120,N,thin,16,32,jacobi|vendor
gesvd,cdouble,sm_120,N,thin,16,33,vendor
gesvd,cdouble,sm_120,N,thin,16,48,vendor
gesvd,cdouble,sm_120,N,thin,16,64,vendor
gesvd,cdouble,sm_120,N,thin,16,65,vendor
gesvd,cdouble,sm_120,N,thin,16,128,vendor
gesvd,cdouble,sm_120,N,thin,16,256,vendor
gesvd,cdouble,sm_120,N,thin,16,512,vendor
gesvd,cdouble,sm_120,N,thin,16,1024,vendor
gesvd,cdouble,sm_120,N,thin,24,1,jacobi|vendor
gesvd,cdouble,sm_120,N,thin,24,2,jacobi|vendor
gesvd,cdouble,sm_120,N,thin,24,4,jacobi|vendor
gesvd,cdouble,sm_120,N,thin,24,8,jacobi|vendor
gesvd,cdouble,sm_120,N,thin,24,16,jacobi|vendor
gesvd,cdouble,sm_120,N,thin,24,24,jacobi|vendor
gesvd,cdouble,sm_120,N,thin,24,32,jacobi|vendor
gesvd,cdouble,sm_120,N,thin,24,33,vendor
gesvd,cdouble,sm_120,N,thin,24,48,vendor
gesvd,cdouble,sm_120,N,thin,24,64,vendor
gesvd,cdouble,sm_120,N,thin,24,65,vendor
gesvd,cdouble,sm_120,N,thin,24,128,vendor
gesvd,cdouble,sm_120,N,thin,24,256,vendor
gesvd,cdouble,sm_120,N,thin,24,512,vendor
gesvd,cdouble,sm_120,N,thin,24,1024,vendor
gesvd,cdouble,sm_120,N,thin,32,1,jacobi|vendor
gesvd,cdouble,sm_120,N,thin,32,2,jacobi|vendor
gesvd,cdouble,sm_120,N,thin,32,4,jacobi|vendor
gesvd,cdouble,sm_120,N,thin,32,8,jacobi|vendor
gesvd,cdouble,sm_120,N,thin,32,16,jacobi|vendor
gesvd,cdouble,sm_120,N,thin,32,24,jacobi|vendor
gesvd,cdouble,sm_120,N,thin,32,32,jacobi|vendor
gesvd,cdouble,sm_120,N,thin,32,33,vendor
gesvd,cdouble,sm_120,N,thin,32,48,vendor
gesvd,cdouble,sm_120,N,thin,32,64,vendor
gesvd,cdouble,sm_120,N,thin,32,65,vendor
gesvd,cdouble,sm_120,N,thin,32,128,vendor
gesvd,cdouble,sm_120,N,thin,32,256,vendor
gesvd,cdouble,sm_120,N,thin,32,512,vendor
gesvd,cdouble,sm_120,N,thin,32,1024,vendor
gesvd,cdouble,sm_120,N,thin,33,1,vendor
gesvd,cdouble,sm_120,N,thin,33,2,vendor
gesvd,cdouble,sm_120,N,thin,33,4,vendor
gesvd,cdouble,sm_120,N,thin,33,8,vendor
gesvd,cdouble,sm_120,N,thin,33,16,vendor
gesvd,cdouble,sm_120,N,thin,33,24,vendor
gesvd,cdouble,sm_120,N,thin,33,32,vendor
gesvd,cdouble,sm_120,N,thin,33,33,vendor
gesvd,cdouble,sm_120,N,thin,33,48,vendor
gesvd,cdouble,sm_120,N,thin,33,64,vendor
gesvd,cdouble,sm_120,N,thin,33,65,vendor
gesvd,cdouble,sm_120,N,thin,33,128,vendor
gesvd,cdouble,sm_120,N,thin,33,256,vendor
gesvd,cdouble,sm_120,N,thin,33,512,vendor
gesvd,cdouble,sm_120,N,thin,33,1024,vendor
gesvd,cdouble,sm_120,N,thin,48,1,vendor
gesvd,cdouble,sm_120,N,thin,48,2,vendor
gesvd,cdouble,sm_120,N,thin,48,4,vendor
gesvd,cdouble,sm_120,N,thin,48,8,vendor
gesvd,cdouble,sm_120,N,thin,48,16,vendor
gesvd,cdouble,sm_120,N,thin,48,24,vendor
gesvd,cdouble,sm_120,N,thin,48,32,vendor
gesvd,cdouble,sm_120,N,thin,48,33,vendor
gesvd,cdouble,sm_120,N,thin,48,48,vendor
gesvd,cdouble,sm_120,N,thin,48,64,vendor
gesvd,cdouble,sm_120,N,thin,48,65,vendor
gesvd,cdouble,sm_120,N,thin,48,128,vendor
gesvd,cdouble,sm_120,N,thin,48,256,vendor
gesvd,cdouble,sm_120,N,thin,48,512,vendor
gesvd,cdouble,sm_120,N,thin,48,1024,vendor
gesvd,cdouble,sm_120,N,thin,64,1,vendor
gesvd,cdouble,sm_120,N,thin,64,2,vendor
gesvd,cdouble,sm_120,N,thin,64,4,vendor
gesvd,cdouble,sm_120,N,thin,64,8,vendor
gesvd,cdouble,sm_120,N,thin,64,16,vendor
gesvd,cdouble,sm_120,N,thin,64,24,vendor
gesvd,cdouble,sm_120,N,thin,64,32,vendor
gesvd,cdouble,sm_120,N,thin,64,33,vendor
gesvd,cdouble,sm_120,N,thin,64,48,vendor
gesvd,cdouble,sm_120,N,thin,64,64,vendor
gesvd,cdouble,sm_120,N,thin,64,65,vendor
gesvd,cdouble,sm_120,N,thin,64,128,vendor
gesvd,cdouble,sm_120,N,thin,64,256,vendor
gesvd,cdouble,sm_120,N,thin,64,512,vendor
gesvd,cdouble,sm_120,N,thin,64,1024,vendor
gesvd,cdouble,sm_120,N,thin,65,1,vendor
gesvd,cdouble,sm_120,N,thin,65,2,vendor
gesvd,cdouble,sm_120,N,thin,65,4,vendor
gesvd,cdouble,sm_120,N,thin,65,8,vendor
gesvd,cdouble,sm_120,N,thin,65,16,vendor
gesvd,cdouble,sm_120,N,thin,65,24,vendor
gesvd,cdouble,sm_120,N,thin,65,32,vendor
gesvd,cdouble,sm_120,N,thin,65,33,vendor
gesvd,cdouble,sm_120,N,thin,65,48,vendor
gesvd,cdouble,sm_120,N,thin,65,64,vendor
gesvd,cdouble,sm_120,N,thin,65,65,vendor
gesvd,cdouble,sm_120,N,thin,65,128,vendor
gesvd,cdouble,sm_120,N,thin,65,256,vendor
gesvd,cdouble,sm_120,N,thin,65,512,vendor
gesvd,cdouble,sm_120,N,thin,65,1024,vendor
gesvd,cdouble,sm_120,N,thin,128,1,vendor
gesvd,cdouble,sm_120,N,thin,128,2,vendor
gesvd,cdouble,sm_120,N,thin,128,4,vendor
gesvd,cdouble,sm_120,N,thin,128,8,vendor
gesvd,cdouble,sm_120,N,thin,128,16,vendor
gesvd,cdouble,sm_120,N,thin,128,24,vendor
gesvd,cdouble,sm_120,N,thin,128,32,vendor
gesvd,cdouble,sm_120,N,thin,128,33,vendor
gesvd,cdouble,sm_120,N,thin,128,48,vendor
gesvd,cdouble,sm_120,N,thin,128,64,vendor
gesvd,cdouble,sm_120,N,thin,128,65,vendor
gesvd,cdouble,sm_120,N,thin,128,128,vendor
gesvd,cdouble,sm_120,N,thin,128,256,vendor
gesvd,cdouble,sm_120,N,thin,128,512,vendor
gesvd,cdouble,sm_120,N,thin,128,1024,vendor
gesvd,cdouble,sm_120,N,thin,256,1,vendor
gesvd,cdouble,sm_120,N,thin,256,2,vendor
gesvd,cdouble,sm_120,N,thin,256,4,vendor
gesvd,cdouble,sm_120,N,thin,256,8,vendor
gesvd,cdouble,sm_120,N,thin,256,16,vendor
gesvd,cdouble,sm_120,N,thin,256,24,vendor
gesvd,cdouble,sm_120,N,thin,256,32,vendor
gesvd,cdouble,sm_120,N,thin,256,33,vendor
gesvd,cdouble,sm_120,N,thin,256,48,vendor
gesvd,cdouble,sm_120,N,thin,256,64,vendor
gesvd,cdouble,sm_120,N,thin,256,65,vendor
gesvd,cdouble,sm_120,N,thin,256,128,vendor
gesvd,cdouble,sm_120,N,thin,256,256,vendor
gesvd,cdouble,sm_120,N,thin,256,512,vendor
gesvd,cdouble,sm_120,N,thin,256,1024,vendor
gesvd,cdouble,sm_120,N,thin,512,1,vendor
gesvd,cdouble,sm_120,N,thin,512,2,vendor
gesvd,cdouble,sm_120,N,thin,512,4,vendor
gesvd,cdouble,sm_120,N,thin,512,8,vendor
gesvd,cdouble,sm_120,N,thin,512,16,vendor
gesvd,cdouble,sm_120,N,thin,512,24,vendor
gesvd,cdouble,sm_120,N,thin,512,32,vendor
gesvd,cdouble,sm_120,N,thin,512,33,vendor
gesvd,cdouble,sm_120,N,thin,512,48,vendor
gesvd,cdouble,sm_120,N,thin,512,64,vendor
gesvd,cdouble,sm_120,N,thin,512,65,vendor
gesvd,cdouble,sm_120,N,thin,512,128,vendor
gesvd,cdouble,sm_120,N,thin,512,256,vendor
gesvd,cdouble,sm_120,N,thin,512,512,vendor
gesvd,cdouble,sm_120,N,thin,512,1024,vendor
gesvd,cdouble,sm_120,N,thin,1024,1,vendor
gesvd,cdouble,sm_120,N,thin,1024,2,vendor
gesvd,cdouble,sm_120,N,thin,1024,4,vendor
gesvd,cdouble,sm_120,N,thin,1024,8,vendor
gesvd,cdouble,sm_120,N,thin,1024,16,vendor
gesvd,cdouble,sm_120,N,thin,1024,24,vendor
gesvd,cdouble,sm_120,N,thin,1024,32,vendor
gesvd,cdouble,sm_120,N,thin,1024,33,vendor
gesvd,cdouble,sm_120,N,thin,1024,48,vendor
gesvd,cdouble,sm_120,N,thin,1024,64,vendor
gesvd,cdouble,sm_120,N,thin,1024,65,vendor
gesvd,cdouble,sm_120,N,thin,1024,128,vendor
gesvd,cdouble,sm_120,N,thin,1024,256,vendor
gesvd,cdouble,sm_120,N,thin,1024,512,vendor
gesvd,cdouble,sm_120,N,thin,1024,1024,vendor
gesvd,cdouble,sm_120,L,none,1,1,cta|blocked|vendor
gesvd,cdouble,sm_120,L,none,1,2,vendor
gesvd,cdouble,sm_120,L,none,1,4,vendor
gesvd,cdouble,sm_120,L,none,1,8,vendor
gesvd,cdouble,sm_120,L,none,1,16,vendor
gesvd,cdouble,sm_120,L,none,1,24,vendor
gesvd,cdouble,sm_120,L,none,1,32,vendor
gesvd,cdouble,sm_120,L,none,1,33,vendor
gesvd,cdouble,sm_120,L,none,1,48,vendor
gesvd,cdouble,sm_120,L,none,1,64,vendor
gesvd,cdouble,sm_120,L,none,1,65,vendor
gesvd,cdouble,sm_120,L,none,1,128,vendor
gesvd,cdouble,sm_120,L,none,1,256,vendor
gesvd,cdouble,sm_120,L,none,1,512,vendor
gesvd,cdouble,sm_120,L,none,1,1024,vendor
gesvd,cdouble,sm_120,L,none,2,1,vendor
gesvd,cdouble,sm_120,L,none,2,2,cta|blocked|vendor
gesvd,cdouble,sm_120,L,none,2,4,vendor
gesvd,cdouble,sm_120,L,none,2,8,vendor
gesvd,cdouble,sm_120,L,none,2,16,vendor
gesvd,cdouble,sm_120,L,none,2,24,vendor
gesvd,cdouble,sm_120,L,none,2,32,vendor
gesvd,cdouble,sm_120,L,none,2,33,vendor
gesvd,cdouble,sm_120,L,none,2,48,vendor
gesvd,cdouble,sm_120,L,none,2,64,vendor
gesvd,cdouble,sm_120,L,none,2,65,vendor
gesvd,cdouble,sm_120,L,none,2,128,vendor
gesvd,cdouble,sm_120,L,none,2,256,vendor
gesvd,cdouble,sm_120,L,none,2,512,vendor
gesvd,cdouble,sm_120,L,none,2,1024,vendor
gesvd,cdouble,sm_120,L,none,4,1,vendor
gesvd,cdouble,sm_120,L,none,4,2,vendor
gesvd,cdouble,sm_120,L,none,4,4,cta|blocked|vendor
gesvd,cdouble,sm_120,L,none,4,8,vendor
gesvd,cdouble,sm_120,L,none,4,16,vendor
gesvd,cdouble,sm_120,L,none,4,24,vendor
gesvd,cdouble,sm_120,L,none,4,32,vendor
gesvd,cdouble,sm_120,L,none,4,33,vendor
gesvd,cdouble,sm_120,L,none,4,48,vendor
gesvd,cdouble,sm_120,L,none,4,64,vendor
gesvd,cdouble,sm_120,L,none,4,65,vendor
gesvd,cdouble,sm_120,L,none,4,128,vendor
gesvd,cdouble,sm_120,L,none,4,256,vendor
gesvd,cdouble,sm_120,L,none,4,512,vendor
gesvd,cdouble,sm_120,L,none,4,1024,vendor
gesvd,cdouble,sm_120,L,none,8,1,vendor
gesvd,cdouble,sm_120,L,none,8,2,vendor
gesvd,cdouble,sm_120,L,none,8,4,vendor
gesvd,cdouble,sm_120,L,none,8,8,cta|blocked|vendor
gesvd,cdouble,sm_120,L,none,8,16,vendor
gesvd,cdouble,sm_120,L,none,8,24,vendor
gesvd,cdouble,sm_120,L,none,8,32,vendor
gesvd,cdouble,sm_120,L,none,8,33,vendor
gesvd,cdouble,sm_120,L,none,8,48,vendor
gesvd,cdouble,sm_120,L,none,8,64,vendor
gesvd,cdouble,sm_120,L,none,8,65,vendor
gesvd,cdouble,sm_120,L,none,8,128,vendor
gesvd,cdouble,sm_120,L,none,8,256,vendor
gesvd,cdouble,sm_120,L,none,8,512,vendor
gesvd,cdouble,sm_120,L,none,8,1024,vendor
gesvd,cdouble,sm_120,L,none,16,1,vendor
gesvd,cdouble,sm_120,L,none,16,2,vendor
gesvd,cdouble,sm_120,L,none,16,4,vendor
gesvd,cdouble,sm_120,L,none,16,8,vendor
gesvd,cdouble,sm_120,L,none,16,16,cta|blocked|vendor
gesvd,cdouble,sm_120,L,none,16,24,vendor
gesvd,cdouble,sm_120,L,none,16,32,vendor
gesvd,cdouble,sm_120,L,none,16,33,vendor
gesvd,cdouble,sm_120,L,none,16,48,vendor
gesvd,cdouble,sm_120,L,none,16,64,vendor
gesvd,cdouble,sm_120,L,none,16,65,vendor
gesvd,cdouble,sm_120,L,none,16,128,vendor
gesvd,cdouble,sm_120,L,none,16,256,vendor
gesvd,cdouble,sm_120,L,none,16,512,vendor
gesvd,cdouble,sm_120,L,none,16,1024,vendor
gesvd,cdouble,sm_120,L,none,24,1,vendor
gesvd,cdouble,sm_120,L,none,24,2,vendor
gesvd,cdouble,sm_120,L,none,24,4,vendor
gesvd,cdouble,sm_120,L,none,24,8,vendor
gesvd,cdouble,sm_120,L,none,24,16,vendor
gesvd,cdouble,sm_120,L,none,24,24,cta|blocked|vendor
gesvd,cdouble,sm_120,L,none,24,32,vendor
gesvd,cdouble,sm_120,L,none,24,33,vendor
gesvd,cdouble,sm_120,L,none,24,48,vendor
gesvd,cdouble,sm_120,L,none,24,64,vendor
gesvd,cdouble,sm_120,L,none,24,65,vendor
gesvd,cdouble,sm_120,L,none,24,128,vendor
gesvd,cdouble,sm_120,L,none,24,256,vendor
gesvd,cdouble,sm_120,L,none,24,512,vendor
gesvd,cdouble,sm_120,L,none,24,1024,vendor
gesvd,cdouble,sm_120,L,none,32,1,vendor
gesvd,cdouble,sm_120,L,none,32,2,vendor
gesvd,cdouble,sm_120,L,none,32,4,vendor
gesvd,cdouble,sm_120,L,none,32,8,vendor
gesvd,cdouble,sm_120,L,none,32,16,vendor
gesvd,cdouble,sm_120,L,none,32,24,vendor
gesvd,cdouble,sm_120,L,none,32,32,cta|blocked|vendor
gesvd,cdouble,sm_120,L,none,32,33,vendor
gesvd,cdouble,sm_120,L,none,32,48,vendor
gesvd,cdouble,sm_120,L,none,32,64,vendor
gesvd,cdouble,sm_120,L,none,32,65,vendor
gesvd,cdouble,sm_120,L,none,32,128,vendor
gesvd,cdouble,sm_120,L,none,32,256,vendor
gesvd,cdouble,sm_120,L,none,32,512,vendor
gesvd,cdouble,sm_120,L,none,32,1024,vendor
gesvd,cdouble,sm_120,L,none,33,1,vendor
gesvd,cdouble,sm_120,L,none,33,2,vendor
gesvd,cdouble,sm_120,L,none,33,4,vendor
gesvd,cdouble,sm_120,L,none,33,8,vendor
gesvd,cdouble,sm_120,L,none,33,16,vendor
gesvd,cdouble,sm_120,L,none,33,24,vendor
gesvd,cdouble,sm_120,L,none,33,32,vendor
gesvd,cdouble,sm_120,L,none,33,33,blocked|vendor
gesvd,cdouble,sm_120,L,none,33,48,vendor
gesvd,cdouble,sm_120,L,none,33,64,vendor
gesvd,cdouble,sm_120,L,none,33,65,vendor
gesvd,cdouble,sm_120,L,none,33,128,vendor
gesvd,cdouble,sm_120,L,none,33,256,vendor
gesvd,cdouble,sm_120,L,none,33,512,vendor
gesvd,cdouble,sm_120,L,none,33,1024,vendor
gesvd,cdouble,sm_120,L,none,48,1,vendor
gesvd,cdouble,sm_120,L,none,48,2,vendor
gesvd,cdouble,sm_120,L,none,48,4,vendor
gesvd,cdouble,sm_120,L,none,48,8,vendor
gesvd,cdouble,sm_120,L,none,48,16,vendor
gesvd,cdouble,sm_120,L,none,48,24,vendor
gesvd,cdouble,sm_120,L,none,48,32,vendor
gesvd,cdouble,sm_120,L,none,48,33,vendor
gesvd,cdouble,sm_120,L,none,48,48,blocked|vendor
gesvd,cdouble,sm_120,L,none,48,64,vendor
gesvd,cdouble,sm_120,L,none,48,65,vendor
gesvd,cdouble,sm_120,L,none,48,128,vendor
gesvd,cdouble,sm_120,L,none,48,256,vendor
gesvd,cdouble,sm_120,L,none,48,512,vendor
gesvd,cdouble,sm_120,L,none,48,1024,vendor
gesvd,cdouble,sm_120,L,none,64,1,vendor
gesvd,cdouble,sm_120,L,none,64,2,vendor
gesvd,cdouble,sm_120,L,none,64,4,vendor
gesvd,cdouble,sm_120,L,none,64,8,vendor
gesvd,cdouble,sm_120,L,none,64,16,vendor
gesvd,cdouble,sm_120,L,none,64,24,vendor
gesvd,cdouble,sm_120,L,none,64,32,vendor
gesvd,cdouble,sm_120,L,none,64,33,vendor
gesvd,cdouble,sm_120,L,none,64,48,vendor
gesvd,cdouble,sm_120,L,none,64,64,blocked|vendor
gesvd,cdouble,sm_120,L,none,64,65,vendor
gesvd,cdouble,sm_120,L,none,64,128,vendor
gesvd,cdouble,sm_120,L,none,64,256,vendor
gesvd,cdouble,sm_120,L,none,64,512,vendor
gesvd,cdouble,sm_120,L,none,64,1024,vendor
gesvd,cdouble,sm_120,L,none,65,1,vendor
gesvd,cdouble,sm_120,L,none,65,2,vendor
gesvd,cdouble,sm_120,L,none,65,4,vendor
gesvd,cdouble,sm_120,L,none,65,8,vendor
gesvd,cdouble,sm_120,L,none,65,16,vendor
gesvd,cdouble,sm_120,L,none,65,24,vendor
gesvd,cdouble,sm_120,L,none,65,32,vendor
gesvd,cdouble,sm_120,L,none,65,33,vendor
gesvd,cdouble,sm_120,L,none,65,48,vendor
gesvd,cdouble,sm_120,L,none,65,64,vendor
gesvd,cdouble,sm_120,L,none,65,65,blocked|vendor
gesvd,cdouble,sm_120,L,none,65,128,vendor
gesvd,cdouble,sm_120,L,none,65,256,vendor
gesvd,cdouble,sm_120,L,none,65,512,vendor
gesvd,cdouble,sm_120,L,none,65,1024,vendor
gesvd,cdouble,sm_120,L,none,128,1,vendor
gesvd,cdouble,sm_120,L,none,128,2,vendor
gesvd,cdouble,sm_120,L,none,128,4,vendor
gesvd,cdouble,sm_120,L,none,128,8,vendor
gesvd,cdouble,sm_120,L,none,128,16,vendor
gesvd,cdouble,sm_120,L,none,128,24,vendor
gesvd,cdouble,sm_120,L,none,128,32,vendor
gesvd,cdouble,sm_120,L,none,128,33,vendor
gesvd,cdouble,sm_120,L,none,128,48,vendor
gesvd,cdouble,sm_120,L,none,128,64,vendor
gesvd,cdouble,sm_120,L,none,128,65,vendor
gesvd,cdouble,sm_120,L,none,128,128,blocked|vendor
gesvd,cdouble,sm_120,L,none,128,256,vendor
gesvd,cdouble,sm_120,L,none,128,512,vendor
gesvd,cdouble,sm_120,L,none,128,1024,vendor
gesvd,cdouble,sm_120,L,none,256,1,vendor
gesvd,cdouble,sm_120,L,none,256,2,vendor
gesvd,cdouble,sm_120,L,none,256,4,vendor
gesvd,cdouble,sm_120,L,none,256,8,vendor
gesvd,cdouble,sm_120,L,none,256,16,vendor
gesvd,cdouble,sm_120,L,none,256,24,vendor
gesvd,cdouble,sm_120,L,none,256,32,vendor
gesvd,cdouble,sm_120,L,none,256,33,vendor
gesvd,cdouble,sm_120,L,none,256,48,vendor
gesvd,cdouble,sm_120,L,none,256,64,vendor
gesvd,cdouble,sm_120,L,none,256,65,vendor
gesvd,cdouble,sm_120,L,none,256,128,vendor
gesvd,cdouble,sm_120,L,none,256,256,blocked|vendor
gesvd,cdouble,sm_120,L,none,256,512,vendor
gesvd,cdouble,sm_120,L,none,256,1024,vendor
gesvd,cdouble,sm_120,L,none,512,1,vendor
gesvd,cdouble,sm_120,L,none,512,2,vendor
gesvd,cdouble,sm_120,L,none,512,4,vendor
gesvd,cdouble,sm_120,L,none,512,8,vendor
gesvd,cdouble,sm_120,L,none,512,16,vendor
gesvd,cdouble,sm_120,L,none,512,24,vendor
gesvd,cdouble,sm_120,L,none,512,32,vendor
gesvd,cdouble,sm_120,L,none,512,33,vendor
gesvd,cdouble,sm_120,L,none,512,48,vendor
gesvd,cdouble,sm_120,L,none,512,64,vendor
gesvd,cdouble,sm_120,L,none,512,65,vendor
gesvd,cdouble,sm_120,L,none,512,128,vendor
gesvd,cdouble,sm_120,L,none,512,256,vendor
gesvd,cdouble,sm_120,L,none,512,512,blocked|vendor
gesvd,cdouble,sm_120,L,none,512,1024,vendor
gesvd,cdouble,sm_120,L,none,1024,1,vendor
gesvd,cdouble,sm_120,L,none,1024,2,vendor
gesvd,cdouble,sm_120,L,none,1024,4,vendor
gesvd,cdouble,sm_120,L,none,1024,8,vendor
gesvd,cdouble,sm_120,L,none,1024,16,vendor
gesvd,cdouble,sm_120,L,none,1024,24,vendor
gesvd,cdouble,sm_120,L,none,1024,32,vendor
gesvd,cdouble,sm_120,L,none,1024,33,vendor
gesvd,cdouble,sm_120,L,none,1024,48,vendor
gesvd,cdouble,sm_120,L,none,1024,64,vendor
gesvd,cdouble,sm_120,L,none,1024,65,vendor
gesvd,cdouble,sm_120,L,none,1024,128,vendor
gesvd,cdouble,sm_120,L,none,1024,256,vendor
gesvd,cdouble,sm_120,L,none,1024,512,vendor
gesvd,cdouble,sm_120,L,none,1024,1024,blocked|vendor
gesvd,cdouble,sm_120,L,all,1,1,cta|blocked|vendor
gesvd,cdouble,sm_120,L,all,1,2,vendor
gesvd,cdouble,sm_120,L,all,1,4,vendor
gesvd,cdouble,sm_120,L,all,1,8,vendor
gesvd,cdouble,sm_120,L,all,1,16,vendor
gesvd,cdouble,sm_120,L,all,1,24,vendor
gesvd,cdouble,sm_120,L,all,1,32,vendor
gesvd,cdouble,sm_120,L,all,1,33,vendor
gesvd,cdouble,sm_120,L,all,1,48,vendor
gesvd,cdouble,sm_120,L,all,1,64,vendor
gesvd,cdouble,sm_120,L,all,1,65,vendor
gesvd,cdouble,sm_120,L,all,1,128,vendor
gesvd,cdouble,sm_120,L,all,1,256,vendor
gesvd,cdouble,sm_120,L,all,1,512,vendor
gesvd,cdouble,sm_120,L,all,1,1024,vendor
gesvd,cdouble,sm_120,L,all,2,1,vendor
gesvd,cdouble,sm_120,L,all,2,2,cta|blocked|vendor
gesvd,cdouble,sm_120,L,all,2,4,vendor
gesvd,cdouble,sm_120,L,all,2,8,vendor
gesvd,cdouble,sm_120,L,all,2,16,vendor
gesvd,cdouble,sm_120,L,all,2,24,vendor
gesvd,cdouble,sm_120,L,all,2,32,vendor
gesvd,cdouble,sm_120,L,all,2,33,vendor
gesvd,cdouble,sm_120,L,all,2,48,vendor
gesvd,cdouble,sm_120,L,all,2,64,vendor
gesvd,cdouble,sm_120,L,all,2,65,vendor
gesvd,cdouble,sm_120,L,all,2,128,vendor
gesvd,cdouble,sm_120,L,all,2,256,vendor
gesvd,cdouble,sm_120,L,all,2,512,vendor
gesvd,cdouble,sm_120,L,all,2,1024,vendor
gesvd,cdouble,sm_120,L,all,4,1,vendor
gesvd,cdouble,sm_120,L,all,4,2,vendor
gesvd,cdouble,sm_120,L,all,4,4,cta|blocked|vendor
gesvd,cdouble,sm_120,L,all,4,8,vendor
gesvd,cdouble,sm_120,L,all,4,16,vendor
gesvd,cdouble,sm_120,L,all,4,24,vendor
gesvd,cdouble,sm_120,L,all,4,32,vendor
gesvd,cdouble,sm_120,L,all,4,33,vendor
gesvd,cdouble,sm_120,L,all,4,48,vendor
gesvd,cdouble,sm_120,L,all,4,64,vendor
gesvd,cdouble,sm_120,L,all,4,65,vendor
gesvd,cdouble,sm_120,L,all,4,128,vendor
gesvd,cdouble,sm_120,L,all,4,256,vendor
gesvd,cdouble,sm_120,L,all,4,512,vendor
gesvd,cdouble,sm_120,L,all,4,1024,vendor
gesvd,cdouble,sm_120,L,all,8,1,vendor
gesvd,cdouble,sm_120,L,all,8,2,vendor
gesvd,cdouble,sm_120,L,all,8,4,vendor
gesvd,cdouble,sm_120,L,all,8,8,cta|blocked|vendor
gesvd,cdouble,sm_120,L,all,8,16,vendor
gesvd,cdouble,sm_120,L,all,8,24,vendor
gesvd,cdouble,sm_120,L,all,8,32,vendor
gesvd,cdouble,sm_120,L,all,8,33,vendor
gesvd,cdouble,sm_120,L,all,8,48,vendor
gesvd,cdouble,sm_120,L,all,8,64,vendor
gesvd,cdouble,sm_120,L,all,8,65,vendor
gesvd,cdouble,sm_120,L,all,8,128,vendor
gesvd,cdouble,sm_120,L,all,8,256,vendor
gesvd,cdouble,sm_120,L,all,8,512,vendor
gesvd,cdouble,sm_120,L,all,8,1024,vendor
gesvd,cdouble,sm_120,L,all,16,1,vendor
gesvd,cdouble,sm_120,L,all,16,2,vendor
gesvd,cdouble,sm_120,L,all,16,4,vendor
gesvd,cdouble,sm_120,L,all,16,8,vendor
gesvd,cdouble,sm_120,L,all,16,16,cta|blocked|vendor
gesvd,cdouble,sm_120,L,all,16,24,vendor
gesvd,cdouble,sm_120,L,all,16,32,vendor
gesvd,cdouble,sm_120,L,all,16,33,vendor
gesvd,cdouble,sm_120,L,all,16,48,vendor
gesvd,cdouble,sm_120,L,all,16,64,vendor
gesvd,cdouble,sm_120,L,all,16,65,vendor
gesvd,cdouble,sm_120,L,all,16,128,vendor
gesvd,cdouble,sm_120,L,all,16,256,vendor
gesvd,cdouble,sm_120,L,all,16,512,vendor
gesvd,cdouble,sm_120,L,all,16,1024,vendor
gesvd,cdouble,sm_120,L,all,24,1,vendor
gesvd,cdouble,sm_120,L,all,24,2,vendor
gesvd,cdouble,sm_120,L,all,24,4,vendor
gesvd,cdouble,sm_120,L,all,24,8,vendor
gesvd,cdouble,sm_120,L,all,24,16,vendor
gesvd,cdouble,sm_120,L,all,24,24,cta|blocked|vendor
gesvd,cdouble,sm_120,L,all,24,32,vendor
gesvd,cdouble,sm_120,L,all,24,33,vendor
gesvd,cdouble,sm_120,L,all,24,48,vendor
gesvd,cdouble,sm_120,L,all,24,64,vendor
gesvd,cdouble,sm_120,L,all,24,65,vendor
gesvd,cdouble,sm_120,L,all,24,128,vendor
gesvd,cdouble,sm_120,L,all,24,256,vendor
gesvd,cdouble,sm_120,L,all,24,512,vendor
gesvd,cdouble,sm_120,L,all,24,1024,vendor
gesvd,cdouble,sm_120,L,all,32,1,vendor
gesvd,cdouble,sm_120,L,all,32,2,vendor
gesvd,cdouble,sm_120,L,all,32,4,vendor
gesvd,cdouble,sm_120,L,all,32,8,vendor
gesvd,cdouble,sm_120,L,all,32,16,vendor
gesvd,cdouble,sm_120,L,all,32,24,vendor
gesvd,cdouble,sm_120,L,all,32,32,cta|blocked|vendor
gesvd,cdouble,sm_120,L,all,32,33,vendor
gesvd,cdouble,sm_120,L,all,32,48,vendor
gesvd,cdouble,sm_120,L,all,32,64,vendor
gesvd,cdouble,sm_120,L,all,32,65,vendor
gesvd,cdouble,sm_120,L,all,32,128,vendor
gesvd,cdouble,sm_120,L,all,32,256,vendor
gesvd,cdouble,sm_120,L,all,32,512,vendor
gesvd,cdouble,sm_120,L,all,32,1024,vendor
gesvd,cdouble,sm_120,L,all,33,1,vendor
gesvd,cdouble,sm_120,L,all,33,2,vendor
gesvd,cdouble,sm_120,L,all,33,4,vendor
gesvd,cdouble,sm_120,L,all,33,8,vendor
gesvd,cdouble,sm_120,L,all,33,16,vendor
gesvd,cdouble,sm_120,L,all,33,24,vendor
gesvd,cdouble,sm_120,L,all,33,32,vendor
gesvd,cdouble,sm_120,L,all,33,33,blocked|vendor
gesvd,cdouble,sm_120,L,all,33,48,vendor
gesvd,cdouble,sm_120,L,all,33,64,vendor
gesvd,cdouble,sm_120,L,all,33,65,vendor
gesvd,cdouble,sm_120,L,all,33,128,vendor
gesvd,cdouble,sm_120,L,all,33,256,vendor
gesvd,cdouble,sm_120,L,all,33,512,vendor
gesvd,cdouble,sm_120,L,all,33,1024,vendor
gesvd,cdouble,sm_120,L,all,48,1,vendor
gesvd,cdouble,sm_120,L,all,48,2,vendor
gesvd,cdouble,sm_120,L,all,48,4,vendor
gesvd,cdouble,sm_120,L,all,48,8,vendor
gesvd,cdouble,sm_120,L,all,48,16,vendor
gesvd,cdouble,sm_120,L,all,48,24,vendor
gesvd,cdouble,sm_120,L,all,48,32,vendor
gesvd,cdouble,sm_120,L,all,48,33,vendor
gesvd,cdouble,sm_120,L,all,48,48,blocked|vendor
gesvd,cdouble,sm_120,L,all,48,64,vendor
gesvd,cdouble,sm_120,L,all,48,65,vendor
gesvd,cdouble,sm_120,L,all,48,128,vendor
gesvd,cdouble,sm_120,L,all,48,256,vendor
gesvd,cdouble,sm_120,L,all,48,512,vendor
gesvd,cdouble,sm_120,L,all,48,1024,vendor
gesvd,cdouble,sm_120,L,all,64,1,vendor
gesvd,cdouble,sm_120,L,all,64,2,vendor
gesvd,cdouble,sm_120,L,all,64,4,vendor
gesvd,cdouble,sm_120,L,all,64,8,vendor
gesvd,cdouble,sm_120,L,all,64,16,vendor
gesvd,cdouble,sm_120,L,all,64,24,vendor
gesvd,cdouble,sm_120,L,all,64,32,vendor
gesvd,cdouble,sm_120,L,all,64,33,vendor
gesvd,cdouble,sm_120,L,all,64,48,vendor
gesvd,cdouble,sm_120,L,all,64,64,blocked|vendor
gesvd,cdouble,sm_120,L,all,64,65,vendor
gesvd,cdouble,sm_120,L,all,64,128,vendor
gesvd,cdouble,sm_120,L,all,64,256,vendor
gesvd,cdouble,sm_120,L,all,64,512,vendor
gesvd,cdouble,sm_120,L,all,64,1024,vendor
gesvd,cdouble,sm_120,L,all,65,1,vendor
gesvd,cdouble,sm_120,L,all,65,2,vendor
gesvd,cdouble,sm_120,L,all,65,4,vendor
gesvd,cdouble,sm_120,L,all,65,8,vendor
gesvd,cdouble,sm_120,L,all,65,16,vendor
gesvd,cdouble,sm_120,L,all,65,24,vendor
gesvd,cdouble,sm_120,L,all,65,32,vendor
gesvd,cdouble,sm_120,L,all,65,33,vendor
gesvd,cdouble,sm_120,L,all,65,48,vendor
gesvd,cdouble,sm_120,L,all,65,64,vendor
gesvd,cdouble,sm_120,L,all,65,65,blocked|vendor
gesvd,cdouble,sm_120,L,all,65,128,vendor
gesvd,cdouble,sm_120,L,all,65,256,vendor
gesvd,cdouble,sm_120,L,all,65,512,vendor
gesvd,cdouble,sm_120,L,all,65,1024,vendor
gesvd,cdouble,sm_120,L,all,128,1,vendor
gesvd,cdouble,sm_120,L,all,128,2,vendor
gesvd,cdouble,sm_120,L,all,128,4,vendor
gesvd,cdouble,sm_120,L,all,128,8,vendor
gesvd,cdouble,sm_120,L,all,128,16,vendor
gesvd,cdouble,sm_120,L,all,128,24,vendor
gesvd,cdouble,sm_120,L,all,128,32,vendor
gesvd,cdouble,sm_120,L,all,128,33,vendor
gesvd,cdouble,sm_120,L,all,128,48,vendor
gesvd,cdouble,sm_120,L,all,128,64,vendor
gesvd,cdouble,sm_120,L,all,128,65,vendor
gesvd,cdouble,sm_120,L,all,128,128,blocked|vendor
gesvd,cdouble,sm_120,L,all,128,256,vendor
gesvd,cdouble,sm_120,L,all,128,512,vendor
gesvd,cdouble,sm_120,L,all,128,1024,vendor
gesvd,cdouble,sm_120,L,all,256,1,vendor
gesvd,cdouble,sm_120,L,all,256,2,vendor
gesvd,cdouble,sm_120,L,all,256,4,vendor
gesvd,cdouble,sm_120,L,all,256,8,vendor
gesvd,cdouble,sm_120,L,all,256,16,vendor
gesvd,cdouble,sm_120,L,all,256,24,vendor
gesvd,cdouble,sm_120,L,all,256,32,vendor
gesvd,cdouble,sm_120,L,all,256,33,vendor
gesvd,cdouble,sm_120,L,all,256,48,vendor
gesvd,cdouble,sm_120,L,all,256,64,vendor
gesvd,cdouble,sm_120,L,all,256,65,vendor
gesvd,cdouble,sm_120,L,all,256,128,vendor
gesvd,cdouble,sm_120,L,all,256,256,blocked|vendor
gesvd,cdouble,sm_120,L,all,256,512,vendor
gesvd,cdouble,sm_120,L,all,256,1024,vendor
gesvd,cdouble,sm_120,L,all,512,1,vendor
gesvd,cdouble,sm_120,L,all,512,2,vendor
gesvd,cdouble,sm_120,L,all,512,4,vendor
gesvd,cdouble,sm_120,L,all,512,8,vendor
gesvd,cdouble,sm_120,L,all,512,16,vendor
gesvd,cdouble,sm_120,L,all,512,24,vendor
gesvd,cdouble,sm_120,L,all,512,32,vendor
gesvd,cdouble,sm_120,L,all,512,33,vendor
gesvd,cdouble,sm_120,L,all,512,48,vendor
gesvd,cdouble,sm_120,L,all,512,64,vendor
gesvd,cdouble,sm_120,L,all,512,65,vendor
gesvd,cdouble,sm_120,L,all,512,128,vendor
gesvd,cdouble,sm_120,L,all,512,256,vendor
gesvd,cdouble,sm_120,L,all,512,512,blocked|vendor
gesvd,cdouble,sm_120,L,all,512,1024,vendor
gesvd,cdouble,sm_120,L,all,1024,1,vendor
gesvd,cdouble,sm_120,L,all,1024,2,vendor
gesvd,cdouble,sm_120,L,all,1024,4,vendor
gesvd,cdouble,sm_120,L,all,1024,8,vendor
gesvd,cdouble,sm_120,L,all,1024,16,vendor
gesvd,cdouble,sm_120,L,all,1024,24,vendor
gesvd,cdouble,sm_120,L,all,1024,32,vendor
gesvd,cdouble,sm_120,L,all,1024,33,vendor
gesvd,cdouble,sm_120,L,all,1024,48,vendor
gesvd,cdouble,sm_120,L,all,1024,64,vendor
gesvd,cdouble,sm_120,L,all,1024,65,vendor
gesvd,cdouble,sm_120,L,all,1024,128,vendor
gesvd,cdouble,sm_120,L,all,1024,256,vendor
gesvd,cdouble,sm_120,L,all,1024,512,vendor
gesvd,cdouble,sm_120,L,all,1024,1024,blocked|vendor
gesvd,cdouble,sm_120,L,thin,1,1,blocked|vendor
gesvd,cdouble,sm_120,L,thin,1,2,vendor
gesvd,cdouble,sm_120,L,thin,1,4,vendor
gesvd,cdouble,sm_120,L,thin,1,8,vendor
gesvd,cdouble,sm_120,L,thin,1,16,vendor
gesvd,cdouble,sm_120,L,thin,1,24,vendor
gesvd,cdouble,sm_120,L,thin,1,32,vendor
gesvd,cdouble,sm_120,L,thin,1,33,vendor
gesvd,cdouble,sm_120,L,thin,1,48,vendor
gesvd,cdouble,sm_120,L,thin,1,64,vendor
gesvd,cdouble,sm_120,L,thin,1,65,vendor
gesvd,cdouble,sm_120,L,thin,1,128,vendor
gesvd,cdouble,sm_120,L,thin,1,256,vendor
gesvd,cdouble,sm_120,L,thin,1,512,vendor
gesvd,cdouble,sm_120,L,thin,1,1024,vendor
gesvd,cdouble,sm_120,L,thin,2,1,vendor
gesvd,cdouble,sm_120,L,thin,2,2,blocked|vendor
gesvd,cdouble,sm_120,L,thin,2,4,vendor
gesvd,cdouble,sm_120,L,thin,2,8,vendor
gesvd,cdouble,sm_120,L,thin,2,16,vendor
gesvd,cdouble,sm_120,L,thin,2,24,vendor
gesvd,cdouble,sm_120,L,thin,2,32,vendor
gesvd,cdouble,sm_120,L,thin,2,33,vendor
gesvd,cdouble,sm_120,L,thin,2,48,vendor
gesvd,cdouble,sm_120,L,thin,2,64,vendor
gesvd,cdouble,sm_120,L,thin,2,65,vendor
gesvd,cdouble,sm_120,L,thin,2,128,vendor
gesvd,cdouble,sm_120,L,thin,2,256,vendor
gesvd,cdouble,sm_120,L,thin,2,512,vendor
gesvd,cdouble,sm_120,L,thin,2,1024,vendor
gesvd,cdouble,sm_120,L,thin,4,1,vendor
gesvd,cdouble,sm_120,L,thin,4,2,vendor
gesvd,cdouble,sm_120,L,thin,4,4,blocked|vendor
gesvd,cdouble,sm_120,L,thin,4,8,vendor
gesvd,cdouble,sm_120,L,thin,4,16,vendor
gesvd,cdouble,sm_120,L,thin,4,24,vendor
gesvd,cdouble,sm_120,L,thin,4,32,vendor
gesvd,cdouble,sm_120,L,thin,4,33,vendor
gesvd,cdouble,sm_120,L,thin,4,48,vendor
gesvd,cdouble,sm_120,L,thin,4,64,vendor
gesvd,cdouble,sm_120,L,thin,4,65,vendor
gesvd,cdouble,sm_120,L,thin,4,128,vendor
gesvd,cdouble,sm_120,L,thin,4,256,vendor
gesvd,cdouble,sm_120,L,thin,4,512,vendor
gesvd,cdouble,sm_120,L,thin,4,1024,vendor
gesvd,cdouble,sm_120,L,thin,8,1,vendor
gesvd,cdouble,sm_120,L,thin,8,2,vendor
gesvd,cdouble,sm_120,L,thin,8,4,vendor
gesvd,cdouble,sm_120,L,thin,8,8,blocked|vendor
gesvd,cdouble,sm_120,L,thin,8,16,vendor
gesvd,cdouble,sm_120,L,thin,8,24,vendor
gesvd,cdouble,sm_120,L,thin,8,32,vendor
gesvd,cdouble,sm_120,L,thin,8,33,vendor
gesvd,cdouble,sm_120,L,thin,8,48,vendor
gesvd,cdouble,sm_120,L,thin,8,64,vendor
gesvd,cdouble,sm_120,L,thin,8,65,vendor
gesvd,cdouble,sm_120,L,thin,8,128,vendor
gesvd,cdouble,sm_120,L,thin,8,256,vendor
gesvd,cdouble,sm_120,L,thin,8,512,vendor
gesvd,cdouble,sm_120,L,thin,8,1024,vendor
gesvd,cdouble,sm_120,L,thin,16,1,vendor
gesvd,cdouble,sm_120,L,thin,16,2,vendor
gesvd,cdouble,sm_120,L,thin,16,4,vendor
gesvd,cdouble,sm_120,L,thin,16,8,vendor
gesvd,cdouble,sm_120,L,thin,16,16,blocked|vendor
gesvd,cdouble,sm_120,L,thin,16,24,vendor
gesvd,cdouble,sm_120,L,thin,16,32,vendor
gesvd,cdouble,sm_120,L,thin,16,33,vendor
gesvd,cdouble,sm_120,L,thin,16,48,vendor
gesvd,cdouble,sm_120,L,thin,16,64,vendor
gesvd,cdouble,sm_120,L,thin,16,65,vendor
gesvd,cdouble,sm_120,L,thin,16,128,vendor
gesvd,cdouble,sm_120,L,thin,16,256,vendor
gesvd,cdouble,sm_120,L,thin,16,512,vendor
gesvd,cdouble,sm_120,L,thin,16,1024,vendor
gesvd,cdouble,sm_120,L,thin,24,1,vendor
gesvd,cdouble,sm_120,L,thin,24,2,vendor
gesvd,cdouble,sm_120,L,thin,24,4,vendor
gesvd,cdouble,sm_120,L,thin,24,8,vendor
gesvd,cdouble,sm_120,L,thin,24,16,vendor
gesvd,cdouble,sm_120,L,thin,24,24,blocked|vendor
gesvd,cdouble,sm_120,L,thin,24,32,vendor
gesvd,cdouble,sm_120,L,thin,24,33,vendor
gesvd,cdouble,sm_120,L,thin,24,48,vendor
gesvd,cdouble,sm_120,L,thin,24,64,vendor
gesvd,cdouble,sm_120,L,thin,24,65,vendor
gesvd,cdouble,sm_120,L,thin,24,128,vendor
gesvd,cdouble,sm_120,L,thin,24,256,vendor
gesvd,cdouble,sm_120,L,thin,24,512,vendor
gesvd,cdouble,sm_120,L,thin,24,1024,vendor
gesvd,cdouble,sm_120,L,thin,32,1,vendor
gesvd,cdouble,sm_120,L,thin,32,2,vendor
gesvd,cdouble,sm_120,L,thin,32,4,vendor
gesvd,cdouble,sm_120,L,thin,32,8,vendor
gesvd,cdouble,sm_120,L,thin,32,16,vendor
gesvd,cdouble,sm_120,L,thin,32,24,vendor
gesvd,cdouble,sm_120,L,thin,32,32,blocked|vendor
gesvd,cdouble,sm_120,L,thin,32,33,vendor
gesvd,cdouble,sm_120,L,thin,32,48,vendor
gesvd,cdouble,sm_120,L,thin,32,64,vendor
gesvd,cdouble,sm_120,L,thin,32,65,vendor
gesvd,cdouble,sm_120,L,thin,32,128,vendor
gesvd,cdouble,sm_120,L,thin,32,256,vendor
gesvd,cdouble,sm_120,L,thin,32,512,vendor
gesvd,cdouble,sm_120,L,thin,32,1024,vendor
gesvd,cdouble,sm_120,L,thin,33,1,vendor
gesvd,cdouble,sm_120,L,thin,33,2,vendor
gesvd,cdouble,sm_120,L,thin,33,4,vendor
gesvd,cdouble,sm_120,L,thin,33,8,vendor
gesvd,cdouble,sm_120,L,thin,33,16,vendor
gesvd,cdouble,sm_120,L,thin,33,24,vendor
gesvd,cdouble,sm_120,L,thin,33,32,vendor
gesvd,cdouble,sm_120,L,thin,33,33,blocked|vendor
gesvd,cdouble,sm_120,L,thin,33,48,vendor
gesvd,cdouble,sm_120,L,thin,33,64,vendor
gesvd,cdouble,sm_120,L,thin,33,65,vendor
gesvd,cdouble,sm_120,L,thin,33,128,vendor
gesvd,cdouble,sm_120,L,thin,33,256,vendor
gesvd,cdouble,sm_120,L,thin,33,512,vendor
gesvd,cdouble,sm_120,L,thin,33,1024,vendor
gesvd,cdouble,sm_120,L,thin,48,1,vendor
gesvd,cdouble,sm_120,L,thin,48,2,vendor
gesvd,cdouble,sm_120,L,thin,48,4,vendor
gesvd,cdouble,sm_120,L,thin,48,8,vendor
gesvd,cdouble,sm_120,L,thin,48,16,vendor
gesvd,cdouble,sm_120,L,thin,48,24,vendor
gesvd,cdouble,sm_120,L,thin,48,32,vendor
gesvd,cdouble,sm_120,L,thin,48,33,vendor
gesvd,cdouble,sm_120,L,thin,48,48,blocked|vendor
gesvd,cdouble,sm_120,L,thin,48,64,vendor
gesvd,cdouble,sm_120,L,thin,48,65,vendor
gesvd,cdouble,sm_120,L,thin,48,128,vendor
gesvd,cdouble,sm_120,L,thin,48,256,vendor
gesvd,cdouble,sm_120,L,thin,48,512,vendor
gesvd,cdouble,sm_120,L,thin,48,1024,vendor
gesvd,cdouble,sm_120,L,thin,64,1,vendor
gesvd,cdouble,sm_120,L,thin,64,2,vendor
gesvd,cdouble,sm_120,L,thin,64,4,vendor
gesvd,cdouble,sm_120,L,thin,64,8,vendor
gesvd,cdouble,sm_120,L,thin,64,16,vendor
gesvd,cdouble,sm_120,L,thin,64,24,vendor
gesvd,cdouble,sm_120,L,thin,64,32,vendor
gesvd,cdouble,sm_120,L,thin,64,33,vendor
gesvd,cdouble,sm_120,L,thin,64,48,vendor
gesvd,cdouble,sm_120,L,thin,64,64,blocked|vendor
gesvd,cdouble,sm_120,L,thin,64,65,vendor
gesvd,cdouble,sm_120,L,thin,64,128,vendor
gesvd,cdouble,sm_120,L,thin,64,256,vendor
gesvd,cdouble,sm_120,L,thin,64,512,vendor
gesvd,cdouble,sm_120,L,thin,64,1024,vendor
gesvd,cdouble,sm_120,L,thin,65,1,vendor
gesvd,cdouble,sm_120,L,thin,65,2,vendor
gesvd,cdouble,sm_120,L,thin,65,4,vendor
gesvd,cdouble,sm_120,L,thin,65,8,vendor
gesvd,cdouble,sm_120,L,thin,65,16,vendor
gesvd,cdouble,sm_120,L,thin,65,24,vendor
gesvd,cdouble,sm_120,L,thin,65,32,vendor
gesvd,cdouble,sm_120,L,thin,65,33,vendor
gesvd,cdouble,sm_120,L,thin,65,48,vendor
gesvd,cdouble,sm_120,L,thin,65,64,vendor
gesvd,cdouble,sm_120,L,thin,65,65,blocked|vendor
gesvd,cdouble,sm_120,L,thin,65,128,vendor
gesvd,cdouble,sm_120,L,thin,65,256,vendor
gesvd,cdouble,sm_120,L,thin,65,512,vendor
gesvd,cdouble,sm_120,L,thin,65,1024,vendor
gesvd,cdouble,sm_120,L,thin,128,1,vendor
gesvd,cdouble,sm_120,L,thin,128,2,vendor
gesvd,cdouble,sm_120,L,thin,128,4,vendor
gesvd,cdouble,sm_120,L,thin,128,8,vendor
gesvd,cdouble,sm_120,L,thin,128,16,vendor
gesvd,cdouble,sm_120,L,thin,128,24,vendor
gesvd,cdouble,sm_120,L,thin,128,32,vendor
gesvd,cdouble,sm_120,L,thin,128,33,vendor
gesvd,cdouble,sm_120,L,thin,128,48,vendor
gesvd,cdouble,sm_120,L,thin,128,64,vendor
gesvd,cdouble,sm_120,L,thin,128,65,vendor
gesvd,cdouble,sm_120,L,thin,128,128,blocked|vendor
gesvd,cdouble,sm_120,L,thin,128,256,vendor
gesvd,cdouble,sm_120,L,thin,128,512,vendor
gesvd,cdouble,sm_120,L,thin,128,1024,vendor
gesvd,cdouble,sm_120,L,thin,256,1,vendor
gesvd,cdouble,sm_120,L,thin,256,2,vendor
gesvd,cdouble,sm_120,L,thin,256,4,vendor
gesvd,cdouble,sm_120,L,thin,256,8,vendor
gesvd,cdouble,sm_120,L,thin,256,16,vendor
gesvd,cdouble,sm_120,L,thin,256,24,vendor
gesvd,cdouble,sm_120,L,thin,256,32,vendor
gesvd,cdouble,sm_120,L,thin,256,33,vendor
gesvd,cdouble,sm_120,L,thin,256,48,vendor
gesvd,cdouble,sm_120,L,thin,256,64,vendor
gesvd,cdouble,sm_120,L,thin,256,65,vendor
gesvd,cdouble,sm_120,L,thin,256,128,vendor
gesvd,cdouble,sm_120,L,thin,256,256,blocked|vendor
gesvd,cdouble,sm_120,L,thin,256,512,vendor
gesvd,cdouble,sm_120,L,thin,256,1024,vendor
gesvd,cdouble,sm_120,L,thin,512,1,vendor
gesvd,cdouble,sm_120,L,thin,512,2,vendor
gesvd,cdouble,sm_120,L,thin,512,4,vendor
gesvd,cdouble,sm_120,L,thin,512,8,vendor
gesvd,cdouble,sm_120,L,thin,512,16,vendor
gesvd,cdouble,sm_120,L,thin,512,24,vendor
gesvd,cdouble,sm_120,L,thin,512,32,vendor
gesvd,cdouble,sm_120,L,thin,512,33,vendor
gesvd,cdouble,sm_120,L,thin,512,48,vendor
gesvd,cdouble,sm_120,L,thin,512,64,vendor
gesvd,cdouble,sm_120,L,thin,512,65,vendor
gesvd,cdouble,sm_120,L,thin,512,128,vendor
gesvd,cdouble,sm_120,L,thin,512,256,vendor
gesvd,cdouble,sm_120,L,thin,512,512,blocked|vendor
gesvd,cdouble,sm_120,L,thin,512,1024,vendor
gesvd,cdouble,sm_120,L,thin,1024,1,vendor
gesvd,cdouble,sm_120,L,thin,1024,2,vendor
gesvd,cdouble,sm_120,L,thin,1024,4,vendor
gesvd,cdouble,sm_120,L,thin,1024,8,vendor
gesvd,cdouble,sm_120,L,thin,1024,16,vendor
gesvd,cdouble,sm_120,L,thin,1024,24,vendor
gesvd,cdouble,sm_120,L,thin,1024,32,vendor
gesvd,cdouble,sm_120,L,thin,1024,33,vendor
gesvd,cdouble,sm_120,L,thin,1024,48,vendor
gesvd,cdouble,sm_120,L,thin,1024,64,vendor
gesvd,cdouble,sm_120,L,thin,1024,65,vendor
gesvd,cdouble,sm_120,L,thin,1024,128,vendor
gesvd,cdouble,sm_120,L,thin,1024,256,vendor
gesvd,cdouble,sm_120,L,thin,1024,512,vendor
gesvd,cdouble,sm_120,L,thin,1024,1024,blocked|vendor
gesvd,cdouble,sm_120,U,none,1,1,cta|vendor
gesvd,cdouble,sm_120,U,none,1,2,vendor
gesvd,cdouble,sm_120,U,none,1,4,vendor
gesvd,cdouble,sm_120,U,none,1,8,vendor
gesvd,cdouble,sm_120,U,none,1,16,vendor
gesvd,cdouble,sm_120,U,none,1,24,vendor
gesvd,cdouble,sm_120,U,none,1,32,vendor
gesvd,cdouble,sm_120,U,none,1,33,vendor
gesvd,cdouble,sm_120,U,none,1,48,vendor
gesvd,cdouble,sm_120,U,none,1,64,vendor
gesvd,cdouble,sm_120,U,none,1,65,vendor
gesvd,cdouble,sm_120,U,none,1,128,vendor
gesvd,cdouble,sm_120,U,none,1,256,vendor
gesvd,cdouble,sm_120,U,none,1,512,vendor
gesvd,cdouble,sm_120,U,none,1,1024,vendor
gesvd,cdouble,sm_120,U,none,2,1,vendor
gesvd,cdouble,sm_120,U,none,2,2,cta|vendor
gesvd,cdouble,sm_120,U,none,2,4,vendor
gesvd,cdouble,sm_120,U,none,2,8,vendor
gesvd,cdouble,sm_120,U,none,2,16,vendor
gesvd,cdouble,sm_120,U,none,2,24,vendor
gesvd,cdouble,sm_120,U,none,2,32,vendor
gesvd,cdouble,sm_120,U,none,2,33,vendor
gesvd,cdouble,sm_120,U,none,2,48,vendor
gesvd,cdouble,sm_120,U,none,2,64,vendor
gesvd,cdouble,sm_120,U,none,2,65,vendor
gesvd,cdouble,sm_120,U,none,2,128,vendor
gesvd,cdouble,sm_120,U,none,2,256,vendor
gesvd,cdouble,sm_120,U,none,2,512,vendor
gesvd,cdouble,sm_120,U,none,2,1024,vendor
gesvd,cdouble,sm_120,U,none,4,1,vendor
gesvd,cdouble,sm_120,U,none,4,2,vendor
gesvd,cdouble,sm_120,U,none,4,4,cta|vendor
gesvd,cdouble,sm_120,U,none,4,8,vendor
gesvd,cdouble,sm_120,U,none,4,16,vendor
gesvd,cdouble,sm_120,U,none,4,24,vendor
gesvd,cdouble,sm_120,U,none,4,32,vendor
gesvd,cdouble,sm_120,U,none,4,33,vendor
gesvd,cdouble,sm_120,U,none,4,48,vendor
gesvd,cdouble,sm_120,U,none,4,64,vendor
gesvd,cdouble,sm_120,U,none,4,65,vendor
gesvd,cdouble,sm_120,U,none,4,128,vendor
gesvd,cdouble,sm_120,U,none,4,256,vendor
gesvd,cdouble,sm_120,U,none,4,512,vendor
gesvd,cdouble,sm_120,U,none,4,1024,vendor
gesvd,cdouble,sm_120,U,none,8,1,vendor
gesvd,cdouble,sm_120,U,none,8,2,vendor
gesvd,cdouble,sm_120,U,none,8,4,vendor
gesvd,cdouble,sm_120,U,none,8,8,cta|vendor
gesvd,cdouble,sm_120,U,none,8,16,vendor
gesvd,cdouble,sm_120,U,none,8,24,vendor
gesvd,cdouble,sm_120,U,none,8,32,vendor
gesvd,cdouble,sm_120,U,none,8,33,vendor
gesvd,cdouble,sm_120,U,none,8,48,vendor
gesvd,cdouble,sm_120,U,none,8,64,vendor
gesvd,cdouble,sm_120,U,none,8,65,vendor
gesvd,cdouble,sm_120,U,none,8,128,vendor
gesvd,cdouble,sm_120,U,none,8,256,vendor
gesvd,cdouble,sm_120,U,none,8,512,vendor
gesvd,cdouble,sm_120,U,none,8,1024,vendor
gesvd,cdouble,sm_120,U,none,16,1,vendor
gesvd,cdouble,sm_120,U,none,16,2,vendor
gesvd,cdouble,sm_120,U,none,16,4,vendor
gesvd,cdouble,sm_120,U,none,16,8,vendor
gesvd,cdouble,sm_120,U,none,16,16,cta|vendor
gesvd,cdouble,sm_120,U,none,16,24,vendor
gesvd,cdouble,sm_120,U,none,16,32,vendor
gesvd,cdouble,sm_120,U,none,16,33,vendor
gesvd,cdouble,sm_120,U,none,16,48,vendor
gesvd,cdouble,sm_120,U,none,16,64,vendor
gesvd,cdouble,sm_120,U,none,16,65,vendor
gesvd,cdouble,sm_120,U,none,16,128,vendor
gesvd,cdouble,sm_120,U,none,16,256,vendor
gesvd,cdouble,sm_120,U,none,16,512,vendor
gesvd,cdouble,sm_120,U,none,16,1024,vendor
gesvd,cdouble,sm_120,U,none,24,1,vendor
gesvd,cdouble,sm_120,U,none,24,2,vendor
gesvd,cdouble,sm_120,U,none,24,4,vendor
gesvd,cdouble,sm_120,U,none,24,8,vendor
gesvd,cdouble,sm_120,U,none,24,16,vendor
gesvd,cdouble,sm_120,U,none,24,24,cta|vendor
gesvd,cdouble,sm_120,U,none,24,32,vendor
gesvd,cdouble,sm_120,U,none,24,33,vendor
gesvd,cdouble,sm_120,U,none,24,48,vendor
gesvd,cdouble,sm_120,U,none,24,64,vendor
gesvd,cdouble,sm_120,U,none,24,65,vendor
gesvd,cdouble,sm_120,U,none,24,128,vendor
gesvd,cdouble,sm_120,U,none,24,256,vendor
gesvd,cdouble,sm_120,U,none,24,512,vendor
gesvd,cdouble,sm_120,U,none,24,1024,vendor
gesvd,cdouble,sm_120,U,none,32,1,vendor
gesvd,cdouble,sm_120,U,none,32,2,vendor
gesvd,cdouble,sm_120,U,none,32,4,vendor
gesvd,cdouble,sm_120,U,none,32,8,vendor
gesvd,cdouble,sm_120,U,none,32,16,vendor
gesvd,cdouble,sm_120,U,none,32,24,vendor
gesvd,cdouble,sm_120,U,none,32,32,cta|vendor
gesvd,cdouble,sm_120,U,none,32,33,vendor
gesvd,cdouble,sm_120,U,none,32,48,vendor
gesvd,cdouble,sm_120,U,none,32,64,vendor
gesvd,cdouble,sm_120,U,none,32,65,vendor
gesvd,cdouble,sm_120,U,none,32,128,vendor
gesvd,cdouble,sm_120,U,none,32,256,vendor
gesvd,cdouble,sm_120,U,none,32,512,vendor
gesvd,cdouble,sm_120,U,none,32,1024,vendor
gesvd,cdouble,sm_120,U,none,33,1,vendor
gesvd,cdouble,sm_120,U,none,33,2,vendor
gesvd,cdouble,sm_120,U,none,33,4,vendor
gesvd,cdouble,sm_120,U,none,33,8,vendor
gesvd,cdouble,sm_120,U,none,33,16,vendor
gesvd,cdouble,sm_120,U,none,33,24,vendor
gesvd,cdouble,sm_120,U,none,33,32,vendor
gesvd,cdouble,sm_120,U,none,33,33,vendor
gesvd,cdouble,sm_120,U,none,33,48,vendor
gesvd,cdouble,sm_120,U,none,33,64,vendor
gesvd,cdouble,sm_120,U,none,33,65,vendor
gesvd,cdouble,sm_120,U,none,33,128,vendor
gesvd,cdouble,sm_120,U,none,33,256,vendor
gesvd,cdouble,sm_120,U,none,33,512,vendor
gesvd,cdouble,sm_120,U,none,33,1024,vendor
gesvd,cdouble,sm_120,U,none,48,1,vendor
gesvd,cdouble,sm_120,U,none,48,2,vendor
gesvd,cdouble,sm_120,U,none,48,4,vendor
gesvd,cdouble,sm_120,U,none,48,8,vendor
gesvd,cdouble,sm_120,U,none,48,16,vendor
gesvd,cdouble,sm_120,U,none,48,24,vendor
gesvd,cdouble,sm_120,U,none,48,32,vendor
gesvd,cdouble,sm_120,U,none,48,33,vendor
gesvd,cdouble,sm_120,U,none,48,48,vendor
gesvd,cdouble,sm_120,U,none,48,64,vendor
gesvd,cdouble,sm_120,U,none,48,65,vendor
gesvd,cdouble,sm_120,U,none,48,128,vendor
gesvd,cdouble,sm_120,U,none,48,256,vendor
gesvd,cdouble,sm_120,U,none,48,512,vendor
gesvd,cdouble,sm_120,U,none,48,1024,vendor
gesvd,cdouble,sm_120,U,none,64,1,vendor
gesvd,cdouble,sm_120,U,none,64,2,vendor
gesvd,cdouble,sm_120,U,none,64,4,vendor
gesvd,cdouble,sm_120,U,none,64,8,vendor
gesvd,cdouble,sm_120,U,none,64,16,vendor
gesvd,cdouble,sm_120,U,none,64,24,vendor
gesvd,cdouble,sm_120,U,none,64,32,vendor
gesvd,cdouble,sm_120,U,none,64,33,vendor
gesvd,cdouble,sm_120,U,none,64,48,vendor
gesvd,cdouble,sm_120,U,none,64,64,vendor
gesvd,cdouble,sm_120,U,none,64,65,vendor
gesvd,cdouble,sm_120,U,none,64,128,vendor
gesvd,cdouble,sm_120,U,none,64,256,vendor
gesvd,cdouble,sm_120,U,none,64,512,vendor
gesvd,cdouble,sm_120,U,none,64,1024,vendor
gesvd,cdouble,sm_120,U,none,65,1,vendor
gesvd,cdouble,sm_120,U,none,65,2,vendor
gesvd,cdouble,sm_120,U,none,65,4,vendor
gesvd,cdouble,sm_120,U,none,65,8,vendor
gesvd,cdouble,sm_120,U,none,65,16,vendor
gesvd,cdouble,sm_120,U,none,65,24,vendor
gesvd,cdouble,sm_120,U,none,65,32,vendor
gesvd,cdouble,sm_120,U,none,65,33,vendor
gesvd,cdouble,sm_120,U,none,65,48,vendor
gesvd,cdouble,sm_120,U,none,65,64,vendor
gesvd,cdouble,sm_120,U,none,65,65,vendor
gesvd,cdouble,sm_120,U,none,65,128,vendor
gesvd,cdouble,sm_120,U,none,65,256,vendor
gesvd,cdouble,sm_120,U,none,65,512,vendor
gesvd,cdouble,sm_120,U,none,65,1024,vendor
gesvd,cdouble,sm_120,U,none,128,1,vendor
gesvd,cdouble,sm_120,U,none,128,2,vendor
gesvd,cdouble,sm_120,U,none,128,4,vendor
gesvd,cdouble,sm_120,U,none,128,8,vendor
gesvd,cdouble,sm_120,U,none,128,16,vendor
gesvd,cdouble,sm_120,U,none,128,24,vendor
gesvd,cdouble,sm_120,U,none,128,32,vendor
gesvd,cdouble,sm_120,U,none,128,33,vendor
gesvd,cdouble,sm_120,U,none,128,48,vendor
gesvd,cdouble,sm_120,U,none,128,64,vendor
gesvd,cdouble,sm_120,U,none,128,65,vendor
gesvd,cdouble,sm_120,U,none,128,128,vendor
gesvd,cdouble,sm_120,U,none,128,256,vendor
gesvd,cdouble,sm_120,U,none,128,512,vendor
gesvd,cdouble,sm_120,U,none,128,1024,vendor
gesvd,cdouble,sm_120,U,none,256,1,vendor
gesvd,cdouble,sm_120,U,none,256,2,vendor
gesvd,cdouble,sm_120,U,none,256,4,vendor
gesvd,cdouble,sm_120,U,none,256,8,vendor
gesvd,cdouble,sm_120,U,none,256,16,vendor
gesvd,cdouble,sm_120,U,none,256,24,vendor
gesvd,cdouble,sm_120,U,none,256,32,vendor
gesvd,cdouble,sm_120,U,none,256,33,vendor
gesvd,cdouble,sm_120,U,none,256,48,vendor
gesvd,cdouble,sm_120,U,none,256,64,vendor
gesvd,cdouble,sm_120,U,none,256,65,vendor
gesvd,cdouble,sm_120,U,none,256,128,vendor
gesvd,cdouble,sm_120,U,none,256,256,vendor
gesvd,cdouble,sm_120,U,none,256,512,vendor
gesvd,cdouble,sm_120,U,none,256,1024,vendor
gesvd,cdouble,sm_120,U,none,512,1,vendor
gesvd,cdouble,sm_120,U,none,512,2,vendor
gesvd,cdouble,sm_120,U,none,512,4,vendor
gesvd,cdouble,sm_120,U,none,512,8,vendor
gesvd,cdouble,sm_120,U,none,512,16,vendor
gesvd,cdouble,sm_120,U,none,512,24,vendor
gesvd,cdouble,sm_120,U,none,512,32,vendor
gesvd,cdouble,sm_120,U,none,512,33,vendor
gesvd,cdouble,sm_120,U,none,512,48,vendor
gesvd,cdouble,sm_120,U,none,512,64,vendor
gesvd,cdouble,sm_120,U,none,512,65,vendor
gesvd,cdouble,sm_120,U,none,512,128,vendor
gesvd,cdouble,sm_120,U,none,512,256,vendor
gesvd,cdouble,sm_120,U,none,512,512,vendor
gesvd,cdouble,sm_120,U,none,512,1024,vendor
gesvd,cdouble,sm_120,U,none,1024,1,vendor
gesvd,cdouble,sm_120,U,none,1024,2,vendor
gesvd,cdouble,sm_120,U,none,1024,4,vendor
gesvd,cdouble,sm_120,U,none,1024,8,vendor
gesvd,cdouble,sm_120,U,none,1024,16,vendor
gesvd,cdouble,sm_120,U,none,1024,24,vendor
gesvd,cdouble,sm_120,U,none,1024,32,vendor
gesvd,cdouble,sm_120,U,none,1024,33,vendor
gesvd,cdouble,sm_120,U,none,1024,48,vendor
gesvd,cdouble,sm_120,U,none,1024,64,vendor
gesvd,cdouble,sm_120,U,none,1024,65,vendor
gesvd,cdouble,sm_120,U,none,1024,128,vendor
gesvd,cdouble,sm_120,U,none,1024,256,vendor
gesvd,cdouble,sm_120,U,none,1024,512,vendor
gesvd,cdouble,sm_120,U,none,1024,1024,vendor
gesvd,cdouble,sm_120,U,all,1,1,cta|vendor
gesvd,cdouble,sm_120,U,all,1,2,vendor
gesvd,cdouble,sm_120,U,all,1,4,vendor
gesvd,cdouble,sm_120,U,all,1,8,vendor
gesvd,cdouble,sm_120,U,all,1,16,vendor
gesvd,cdouble,sm_120,U,all,1,24,vendor
gesvd,cdouble,sm_120,U,all,1,32,vendor
gesvd,cdouble,sm_120,U,all,1,33,vendor
gesvd,cdouble,sm_120,U,all,1,48,vendor
gesvd,cdouble,sm_120,U,all,1,64,vendor
gesvd,cdouble,sm_120,U,all,1,65,vendor
gesvd,cdouble,sm_120,U,all,1,128,vendor
gesvd,cdouble,sm_120,U,all,1,256,vendor
gesvd,cdouble,sm_120,U,all,1,512,vendor
gesvd,cdouble,sm_120,U,all,1,1024,vendor
gesvd,cdouble,sm_120,U,all,2,1,vendor
gesvd,cdouble,sm_120,U,all,2,2,cta|vendor
gesvd,cdouble,sm_120,U,all,2,4,vendor
gesvd,cdouble,sm_120,U,all,2,8,vendor
gesvd,cdouble,sm_120,U,all,2,16,vendor
gesvd,cdouble,sm_120,U,all,2,24,vendor
gesvd,cdouble,sm_120,U,all,2,32,vendor
gesvd,cdouble,sm_120,U,all,2,33,vendor
gesvd,cdouble,sm_120,U,all,2,48,vendor
gesvd,cdouble,sm_120,U,all,2,64,vendor
gesvd,cdouble,sm_120,U,all,2,65,vendor
gesvd,cdouble,sm_120,U,all,2,128,vendor
gesvd,cdouble,sm_120,U,all,2,256,vendor
gesvd,cdouble,sm_120,U,all,2,512,vendor
gesvd,cdouble,sm_120,U,all,2,1024,vendor
gesvd,cdouble,sm_120,U,all,4,1,vendor
gesvd,cdouble,sm_120,U,all,4,2,vendor
gesvd,cdouble,sm_120,U,all,4,4,cta|vendor
gesvd,cdouble,sm_120,U,all,4,8,vendor
gesvd,cdouble,sm_120,U,all,4,16,vendor
gesvd,cdouble,sm_120,U,all,4,24,vendor
gesvd,cdouble,sm_120,U,all,4,32,vendor
gesvd,cdouble,sm_120,U,all,4,33,vendor
gesvd,cdouble,sm_120,U,all,4,48,vendor
gesvd,cdouble,sm_120,U,all,4,64,vendor
gesvd,cdouble,sm_120,U,all,4,65,vendor
gesvd,cdouble,sm_120,U,all,4,128,vendor
gesvd,cdouble,sm_120,U,all,4,256,vendor
gesvd,cdouble,sm_120,U,all,4,512,vendor
gesvd,cdouble,sm_120,U,all,4,1024,vendor
gesvd,cdouble,sm_120,U,all,8,1,vendor
gesvd,cdouble,sm_120,U,all,8,2,vendor
gesvd,cdouble,sm_120,U,all,8,4,vendor
gesvd,cdouble,sm_120,U,all,8,8,cta|vendor
gesvd,cdouble,sm_120,U,all,8,16,vendor
gesvd,cdouble,sm_120,U,all,8,24,vendor
gesvd,cdouble,sm_120,U,all,8,32,vendor
gesvd,cdouble,sm_120,U,all,8,33,vendor
gesvd,cdouble,sm_120,U,all,8,48,vendor
gesvd,cdouble,sm_120,U,all,8,64,vendor
gesvd,cdouble,sm_120,U,all,8,65,vendor
gesvd,cdouble,sm_120,U,all,8,128,vendor
gesvd,cdouble,sm_120,U,all,8,256,vendor
gesvd,cdouble,sm_120,U,all,8,512,vendor
gesvd,cdouble,sm_120,U,all,8,1024,vendor
gesvd,cdouble,sm_120,U,all,16,1,vendor
gesvd,cdouble,sm_120,U,all,16,2,vendor
gesvd,cdouble,sm_120,U,all,16,4,vendor
gesvd,cdouble,sm_120,U,all,16,8,vendor
gesvd,cdouble,sm_120,U,all,16,16,cta|vendor
gesvd,cdouble,sm_120,U,all,16,24,vendor
gesvd,cdouble,sm_120,U,all,16,32,vendor
gesvd,cdouble,sm_120,U,all,16,33,vendor
gesvd,cdouble,sm_120,U,all,16,48,vendor
gesvd,cdouble,sm_120,U,all,16,64,vendor
gesvd,cdouble,sm_120,U,all,16,65,vendor
gesvd,cdouble,sm_120,U,all,16,128,vendor
gesvd,cdouble,sm_120,U,all,16,256,vendor
gesvd,cdouble,sm_120,U,all,16,512,vendor
gesvd,cdouble,sm_120,U,all,16,1024,vendor
gesvd,cdouble,sm_120,U,all,24,1,vendor
gesvd,cdouble,sm_120,U,all,24,2,vendor
gesvd,cdouble,sm_120,U,all,24,4,vendor
gesvd,cdouble,sm_120,U,all,24,8,vendor
gesvd,cdouble,sm_120,U,all,24,16,vendor
gesvd,cdouble,sm_120,U,all,24,24,cta|vendor
gesvd,cdouble,sm_120,U,all,24,32,vendor
gesvd,cdouble,sm_120,U,all,24,33,vendor
gesvd,cdouble,sm_120,U,all,24,48,vendor
gesvd,cdouble,sm_120,U,all,24,64,vendor
gesvd,cdouble,sm_120,U,all,24,65,vendor
gesvd,cdouble,sm_120,U,all,24,128,vendor
gesvd,cdouble,sm_120,U,all,24,256,vendor
gesvd,cdouble,sm_120,U,all,24,512,vendor
gesvd,cdouble,sm_120,U,all,24,1024,vendor
gesvd,cdouble,sm_120,U,all,32,1,vendor
gesvd,cdouble,sm_120,U,all,32,2,vendor
gesvd,cdouble,sm_120,U,all,32,4,vendor
gesvd,cdouble,sm_120,U,all,32,8,vendor
gesvd,cdouble,sm_120,U,all,32,16,vendor
gesvd,cdouble,sm_120,U,all,32,24,vendor
gesvd,cdouble,sm_120,U,all,32,32,cta|vendor
gesvd,cdouble,sm_120,U,all,32,33,vendor
gesvd,cdouble,sm_120,U,all,32,48,vendor
gesvd,cdouble,sm_120,U,all,32,64,vendor
gesvd,cdouble,sm_120,U,all,32,65,vendor
gesvd,cdouble,sm_120,U,all,32,128,vendor
gesvd,cdouble,sm_120,U,all,32,256,vendor
gesvd,cdouble,sm_120,U,all,32,512,vendor
gesvd,cdouble,sm_120,U,all,32,1024,vendor
gesvd,cdouble,sm_120,U,all,33,1,vendor
gesvd,cdouble,sm_120,U,all,33,2,vendor
gesvd,cdouble,sm_120,U,all,33,4,vendor
gesvd,cdouble,sm_120,U,all,33,8,vendor
gesvd,cdouble,sm_120,U,all,33,16,vendor
gesvd,cdouble,sm_120,U,all,33,24,vendor
gesvd,cdouble,sm_120,U,all,33,32,vendor
gesvd,cdouble,sm_120,U,all,33,33,vendor
gesvd,cdouble,sm_120,U,all,33,48,vendor
gesvd,cdouble,sm_120,U,all,33,64,vendor
gesvd,cdouble,sm_120,U,all,33,65,vendor
gesvd,cdouble,sm_120,U,all,33,128,vendor
gesvd,cdouble,sm_120,U,all,33,256,vendor
gesvd,cdouble,sm_120,U,all,33,512,vendor
gesvd,cdouble,sm_120,U,all,33,1024,vendor
gesvd,cdouble,sm_120,U,all,48,1,vendor
gesvd,cdouble,sm_120,U,all,48,2,vendor
gesvd,cdouble,sm_120,U,all,48,4,vendor
gesvd,cdouble,sm_120,U,all,48,8,vendor
gesvd,cdouble,sm_120,U,all,48,16,vendor
gesvd,cdouble,sm_120,U,all,48,24,vendor
gesvd,cdouble,sm_120,U,all,48,32,vendor
gesvd,cdouble,sm_120,U,all,48,33,vendor
gesvd,cdouble,sm_120,U,all,48,48,vendor
gesvd,cdouble,sm_120,U,all,48,64,vendor
gesvd,cdouble,sm_120,U,all,48,65,vendor
gesvd,cdouble,sm_120,U,all,48,128,vendor
gesvd,cdouble,sm_120,U,all,48,256,vendor
gesvd,cdouble,sm_120,U,all,48,512,vendor
gesvd,cdouble,sm_120,U,all,48,1024,vendor
gesvd,cdouble,sm_120,U,all,64,1,vendor
gesvd,cdouble,sm_120,U,all,64,2,vendor
gesvd,cdouble,sm_120,U,all,64,4,vendor
gesvd,cdouble,sm_120,U,all,64,8,vendor
gesvd,cdouble,sm_120,U,all,64,16,vendor
gesvd,cdouble,sm_120,U,all,64,24,vendor
gesvd,cdouble,sm_120,U,all,64,32,vendor
gesvd,cdouble,sm_120,U,all,64,33,vendor
gesvd,cdouble,sm_120,U,all,64,48,vendor
gesvd,cdouble,sm_120,U,all,64,64,vendor
gesvd,cdouble,sm_120,U,all,64,65,vendor
gesvd,cdouble,sm_120,U,all,64,128,vendor
gesvd,cdouble,sm_120,U,all,64,256,vendor
gesvd,cdouble,sm_120,U,all,64,512,vendor
gesvd,cdouble,sm_120,U,all,64,1024,vendor
gesvd,cdouble,sm_120,U,all,65,1,vendor
gesvd,cdouble,sm_120,U,all,65,2,vendor
gesvd,cdouble,sm_120,U,all,65,4,vendor
gesvd,cdouble,sm_120,U,all,65,8,vendor
gesvd,cdouble,sm_120,U,all,65,16,vendor
gesvd,cdouble,sm_120,U,all,65,24,vendor
gesvd,cdouble,sm_120,U,all,65,32,vendor
gesvd,cdouble,sm_120,U,all,65,33,vendor
gesvd,cdouble,sm_120,U,all,65,48,vendor
gesvd,cdouble,sm_120,U,all,65,64,vendor
gesvd,cdouble,sm_120,U,all,65,65,vendor
gesvd,cdouble,sm_120,U,all,65,128,vendor
gesvd,cdouble,sm_120,U,all,65,256,vendor
gesvd,cdouble,sm_120,U,all,65,512,vendor
gesvd,cdouble,sm_120,U,all,65,1024,vendor
gesvd,cdouble,sm_120,U,all,128,1,vendor
gesvd,cdouble,sm_120,U,all,128,2,vendor
gesvd,cdouble,sm_120,U,all,128,4,vendor
gesvd,cdouble,sm_120,U,all,128,8,vendor
gesvd,cdouble,sm_120,U,all,128,16,vendor
gesvd,cdouble,sm_120,U,all,128,24,vendor
gesvd,cdouble,sm_120,U,all,128,32,vendor
gesvd,cdouble,sm_120,U,all,128,33,vendor
gesvd,cdouble,sm_120,U,all,128,48,vendor
gesvd,cdouble,sm_120,U,all,128,64,vendor
gesvd,cdouble,sm_120,U,all,128,65,vendor
gesvd,cdouble,sm_120,U,all,128,128,vendor
gesvd,cdouble,sm_120,U,all,128,256,vendor
gesvd,cdouble,sm_120,U,all,128,512,vendor
gesvd,cdouble,sm_120,U,all,128,1024,vendor
gesvd,cdouble,sm_120,U,all,256,1,vendor
gesvd,cdouble,sm_120,U,all,256,2,vendor
gesvd,cdouble,sm_120,U,all,256,4,vendor
gesvd,cdouble,sm_120,U,all,256,8,vendor
gesvd,cdouble,sm_120,U,all,256,16,vendor
gesvd,cdouble,sm_120,U,all,256,24,vendor
gesvd,cdouble,sm_120,U,all,256,32,vendor
gesvd,cdouble,sm_120,U,all,256,33,vendor
gesvd,cdouble,sm_120,U,all,256,48,vendor
gesvd,cdouble,sm_120,U,all,256,64,vendor
gesvd,cdouble,sm_120,U,all,256,65,vendor
gesvd,cdouble,sm_120,U,all,256,128,vendor
gesvd,cdouble,sm_120,U,all,256,256,vendor
gesvd,cdouble,sm_120,U,all,256,512,vendor
gesvd,cdouble,sm_120,U,all,256,1024,vendor
gesvd,cdouble,sm_120,U,all,512,1,vendor
gesvd,cdouble,sm_120,U,all,512,2,vendor
gesvd,cdouble,sm_120,U,all,512,4,vendor
gesvd,cdouble,sm_120,U,all,512,8,vendor
gesvd,cdouble,sm_120,U,all,512,16,vendor
gesvd,cdouble,sm_120,U,all,512,24,vendor
gesvd,cdouble,sm_120,U,all,512,32,vendor
gesvd,cdouble,sm_120,U,all,512,33,vendor
gesvd,cdouble,sm_120,U,all,512,48,vendor
gesvd,cdouble,sm_120,U,all,512,64,vendor
gesvd,cdouble,sm_120,U,all,512,65,vendor
gesvd,cdouble,sm_120,U,all,512,128,vendor
gesvd,cdouble,sm_120,U,all,512,256,vendor
gesvd,cdouble,sm_120,U,all,512,512,vendor
gesvd,cdouble,sm_120,U,all,512,1024,vendor
gesvd,cdouble,sm_120,U,all,1024,1,vendor
gesvd,cdouble,sm_120,U,all,1024,2,vendor
gesvd,cdouble,sm_120,U,all,1024,4,vendor
gesvd,cdouble,sm_120,U,all,1024,8,vendor
gesvd,cdouble,sm_120,U,all,1024,16,vendor
gesvd,cdouble,sm_120,U,all,1024,24,vendor
gesvd,cdouble,sm_120,U,all,1024,32,vendor
gesvd,cdouble,sm_120,U,all,1024,33,vendor
gesvd,cdouble,sm_120,U,all,1024,48,vendor
gesvd,cdouble,sm_120,U,all,1024,64,vendor
gesvd,cdouble,sm_120,U,all,1024,65,vendor
gesvd,cdouble,sm_120,U,all,1024,128,vendor
gesvd,cdouble,sm_120,U,all,1024,256,vendor
gesvd,cdouble,sm_120,U,all,1024,512,vendor
gesvd,cdouble,sm_120,U,all,1024,1024,vendor
gesvd,cdouble,sm_120,U,thin,1,1,vendor
gesvd,cdouble,sm_120,U,thin,1,2,vendor
gesvd,cdouble,sm_120,U,thin,1,4,vendor
gesvd,cdouble,sm_120,U,thin,1,8,vendor
gesvd,cdouble,sm_120,U,thin,1,16,vendor
gesvd,cdouble,sm_120,U,thin,1,24,vendor
gesvd,cdouble,sm_120,U,thin,1,32,vendor
gesvd,cdouble,sm_120,U,thin,1,33,vendor
gesvd,cdouble,sm_120,U,thin,1,48,vendor
gesvd,cdouble,sm_120,U,thin,1,64,vendor
gesvd,cdouble,sm_120,U,thin,1,65,vendor
gesvd,cdouble,sm_120,U,thin,1,128,vendor
gesvd,cdouble,sm_120,U,thin,1,256,vendor
gesvd,cdouble,sm_120,U,thin,1,512,vendor
gesvd,cdouble,sm_120,U,thin,1,1024,vendor
gesvd,cdouble,sm_120,U,thin,2,1,vendor
gesvd,cdouble,sm_120,U,thin,2,2,vendor
gesvd,cdouble,sm_120,U,thin,2,4,vendor
gesvd,cdouble,sm_120,U,thin,2,8,vendor
gesvd,cdouble,sm_120,U,thin,2,16,vendor
gesvd,cdouble,sm_120,U,thin,2,24,vendor
gesvd,cdouble,sm_120,U,thin,2,32,vendor
gesvd,cdouble,sm_120,U,thin,2,33,vendor
gesvd,cdouble,sm_120,U,thin,2,48,vendor
gesvd,cdouble,sm_120,U,thin,2,64,vendor
gesvd,cdouble,sm_120,U,thin,2,65,vendor
gesvd,cdouble,sm_120,U,thin,2,128,vendor
gesvd,cdouble,sm_120,U,thin,2,256,vendor
gesvd,cdouble,sm_120,U,thin,2,512,vendor
gesvd,cdouble,sm_120,U,thin,2,1024,vendor
gesvd,cdouble,sm_120,U,thin,4,1,vendor
gesvd,cdouble,sm_120,U,thin,4,2,vendor
gesvd,cdouble,sm_120,U,thin,4,4,vendor
gesvd,cdouble,sm_120,U,thin,4,8,vendor
gesvd,cdouble,sm_120,U,thin,4,16,vendor
gesvd,cdouble,sm_120,U,thin,4,24,vendor
gesvd,cdouble,sm_120,U,thin,4,32,vendor
gesvd,cdouble,sm_120,U,thin,4,33,vendor
gesvd,cdouble,sm_120,U,thin,4,48,vendor
gesvd,cdouble,sm_120,U,thin,4,64,vendor
gesvd,cdouble,sm_120,U,thin,4,65,vendor
gesvd,cdouble,sm_120,U,thin,4,128,vendor
gesvd,cdouble,sm_120,U,thin,4,256,vendor
gesvd,cdouble,sm_120,U,thin,4,512,vendor
gesvd,cdouble,sm_120,U,thin,4,1024,vendor
gesvd,cdouble,sm_120,U,thin,8,1,vendor
gesvd,cdouble,sm_120,U,thin,8,2,vendor
gesvd,cdouble,sm_120,U,thin,8,4,vendor
gesvd,cdouble,sm_120,U,thin,8,8,vendor
gesvd,cdouble,sm_120,U,thin,8,16,vendor
gesvd,cdouble,sm_120,U,thin,8,24,vendor
gesvd,cdouble,sm_120,U,thin,8,32,vendor
gesvd,cdouble,sm_120,U,thin,8,33,vendor
gesvd,cdouble,sm_120,U,thin,8,48,vendor
gesvd,cdouble,sm_120,U,thin,8,64,vendor
gesvd,cdouble,sm_120,U,thin,8,65,vendor
gesvd,cdouble,sm_120,U,thin,8,128,vendor
gesvd,cdouble,sm_120,U,thin,8,256,vendor
gesvd,cdouble,sm_120,U,thin,8,512,vendor
gesvd,cdouble,sm_120,U,thin,8,1024,vendor
gesvd,cdouble,sm_120,U,thin,16,1,vendor
gesvd,cdouble,sm_120,U,thin,16,2,vendor
gesvd,cdouble,sm_120,U,thin,16,4,vendor
gesvd,cdouble,sm_120,U,thin,16,8,vendor
gesvd,cdouble,sm_120,U,thin,16,16,vendor
gesvd,cdouble,sm_120,U,thin,16,24,vendor
gesvd,cdouble,sm_120,U,thin,16,32,vendor
gesvd,cdouble,sm_120,U,thin,16,33,vendor
gesvd,cdouble,sm_120,U,thin,16,48,vendor
gesvd,cdouble,sm_120,U,thin,16,64,vendor
gesvd,cdouble,sm_120,U,thin,16,65,vendor
gesvd,cdouble,sm_120,U,thin,16,128,vendor
gesvd,cdouble,sm_120,U,thin,16,256,vendor
gesvd,cdouble,sm_120,U,thin,16,512,vendor
gesvd,cdouble,sm_120,U,thin,16,1024,vendor
gesvd,cdouble,sm_120,U,thin,24,1,vendor
gesvd,cdouble,sm_120,U,thin,24,2,vendor
gesvd,cdouble,sm_120,U,thin,24,4,vendor
gesvd,cdouble,sm_120,U,thin,24,8,vendor
gesvd,cdouble,sm_120,U,thin,24,16,vendor
gesvd,cdouble,sm_120,U,thin,24,24,vendor
gesvd,cdouble,sm_120,U,thin,24,32,vendor
gesvd,cdouble,sm_120,U,thin,24,33,vendor
gesvd,cdouble,sm_120,U,thin,24,48,vendor
gesvd,cdouble,sm_120,U,thin,24,64,vendor
gesvd,cdouble,sm_120,U,thin,24,65,vendor
gesvd,cdouble,sm_120,U,thin,24,128,vendor
gesvd,cdouble,sm_120,U,thin,24,256,vendor
gesvd,cdouble,sm_120,U,thin,24,512,vendor
gesvd,cdouble,sm_120,U,thin,24,1024,vendor
gesvd,cdouble,sm_120,U,thin,32,1,vendor
gesvd,cdouble,sm_120,U,thin,32,2,vendor
gesvd,cdouble,sm_120,U,thin,32,4,vendor
gesvd,cdouble,sm_120,U,thin,32,8,vendor
gesvd,cdouble,sm_120,U,thin,32,16,vendor
gesvd,cdouble,sm_120,U,thin,32,24,vendor
gesvd,cdouble,sm_120,U,thin,32,32,vendor
gesvd,cdouble,sm_120,U,thin,32,33,vendor
gesvd,cdouble,sm_120,U,thin,32,48,vendor
gesvd,cdouble,sm_120,U,thin,32,64,vendor
gesvd,cdouble,sm_120,U,thin,32,65,vendor
gesvd,cdouble,sm_120,U,thin,32,128,vendor
gesvd,cdouble,sm_120,U,thin,32,256,vendor
gesvd,cdouble,sm_120,U,thin,32,512,vendor
gesvd,cdouble,sm_120,U,thin,32,1024,vendor
gesvd,cdouble,sm_120,U,thin,33,1,vendor
gesvd,cdouble,sm_120,U,thin,33,2,vendor
gesvd,cdouble,sm_120,U,thin,33,4,vendor
gesvd,cdouble,sm_120,U,thin,33,8,vendor
gesvd,cdouble,sm_120,U,thin,33,16,vendor
gesvd,cdouble,sm_120,U,thin,33,24,vendor
gesvd,cdouble,sm_120,U,thin,33,32,vendor
gesvd,cdouble,sm_120,U,thin,33,33,vendor
gesvd,cdouble,sm_120,U,thin,33,48,vendor
gesvd,cdouble,sm_120,U,thin,33,64,vendor
gesvd,cdouble,sm_120,U,thin,33,65,vendor
gesvd,cdouble,sm_120,U,thin,33,128,vendor
gesvd,cdouble,sm_120,U,thin,33,256,vendor
gesvd,cdouble,sm_120,U,thin,33,512,vendor
gesvd,cdouble,sm_120,U,thin,33,1024,vendor
gesvd,cdouble,sm_120,U,thin,48,1,vendor
gesvd,cdouble,sm_120,U,thin,48,2,vendor
gesvd,cdouble,sm_120,U,thin,48,4,vendor
gesvd,cdouble,sm_120,U,thin,48,8,vendor
gesvd,cdouble,sm_120,U,thin,48,16,vendor
gesvd,cdouble,sm_120,U,thin,48,24,vendor
gesvd,cdouble,sm_120,U,thin,48,32,vendor
gesvd,cdouble,sm_120,U,thin,48,33,vendor
gesvd,cdouble,sm_120,U,thin,48,48,vendor
gesvd,cdouble,sm_120,U,thin,48,64,vendor
gesvd,cdouble,sm_120,U,thin,48,65,vendor
gesvd,cdouble,sm_120,U,thin,48,128,vendor
gesvd,cdouble,sm_120,U,thin,48,256,vendor
gesvd,cdouble,sm_120,U,thin,48,512,vendor
gesvd,cdouble,sm_120,U,thin,48,1024,vendor
gesvd,cdouble,sm_120,U,thin,64,1,vendor
gesvd,cdouble,sm_120,U,thin,64,2,vendor
gesvd,cdouble,sm_120,U,thin,64,4,vendor
gesvd,cdouble,sm_120,U,thin,64,8,vendor
gesvd,cdouble,sm_120,U,thin,64,16,vendor
gesvd,cdouble,sm_120,U,thin,64,24,vendor
gesvd,cdouble,sm_120,U,thin,64,32,vendor
gesvd,cdouble,sm_120,U,thin,64,33,vendor
gesvd,cdouble,sm_120,U,thin,64,48,vendor
gesvd,cdouble,sm_120,U,thin,64,64,vendor
gesvd,cdouble,sm_120,U,thin,64,65,vendor
gesvd,cdouble,sm_120,U,thin,64,128,vendor
gesvd,cdouble,sm_120,U,thin,64,256,vendor
gesvd,cdouble,sm_120,U,thin,64,512,vendor
gesvd,cdouble,sm_120,U,thin,64,1024,vendor
gesvd,cdouble,sm_120,U,thin,65,1,vendor
gesvd,cdouble,sm_120,U,thin,65,2,vendor
gesvd,cdouble,sm_120,U,thin,65,4,vendor
gesvd,cdouble,sm_120,U,thin,65,8,vendor
gesvd,cdouble,sm_120,U,thin,65,16,vendor
gesvd,cdouble,sm_120,U,thin,65,24,vendor
gesvd,cdouble,sm_120,U,thin,65,32,vendor
gesvd,cdouble,sm_120,U,thin,65,33,vendor
gesvd,cdouble,sm_120,U,thin,65,48,vendor
gesvd,cdouble,sm_120,U,thin,65,64,vendor
gesvd,cdouble,sm_120,U,thin,65,65,vendor
gesvd,cdouble,sm_120,U,thin,65,128,vendor
gesvd,cdouble,sm_120,U,thin,65,256,vendor
gesvd,cdouble,sm_120,U,thin,65,512,vendor
gesvd,cdouble,sm_120,U,thin,65,1024,vendor
gesvd,cdouble,sm_120,U,thin,128,1,vendor
gesvd,cdouble,sm_120,U,thin,128,2,vendor
gesvd,cdouble,sm_120,U,thin,128,4,vendor
gesvd,cdouble,sm_120,U,thin,128,8,vendor
gesvd,cdouble,sm_120,U,thin,128,16,vendor
gesvd,cdouble,sm_120,U,thin,128,24,vendor
gesvd,cdouble,sm_120,U,thin,128,32,vendor
gesvd,cdouble,sm_120,U,thin,128,33,vendor
gesvd,cdouble,sm_120,U,thin,128,48,vendor
gesvd,cdouble,sm_120,U,thin,128,64,vendor
gesvd,cdouble,sm_120,U,thin,128,65,vendor
gesvd,cdouble,sm_120,U,thin,128,128,vendor
gesvd,cdouble,sm_120,U,thin,128,256,vendor
gesvd,cdouble,sm_120,U,thin,128,512,vendor
gesvd,cdouble,sm_120,U,thin,128,1024,vendor
gesvd,cdouble,sm_120,U,thin,256,1,vendor
gesvd,cdouble,sm_120,U,thin,256,2,vendor
gesvd,cdouble,sm_120,U,thin,256,4,vendor
gesvd,cdouble,sm_120,U,thin,256,8,vendor
gesvd,cdouble,sm_120,U,thin,256,16,vendor
gesvd,cdouble,sm_120,U,thin,256,24,vendor
gesvd,cdouble,sm_120,U,thin,256,32,vendor
gesvd,cdouble,sm_120,U,thin,256,33,vendor
gesvd,cdouble,sm_120,U,thin,256,48,vendor
gesvd,cdouble,sm_120,U,thin,256,64,vendor
gesvd,cdouble,sm_120,U,thin,256,65,vendor
gesvd,cdouble,sm_120,U,thin,256,128,vendor
gesvd,cdouble,sm_120,U,thin,256,256,vendor
gesvd,cdouble,sm_120,U,thin,256,512,vendor
gesvd,cdouble,sm_120,U,thin,256,1024,vendor
gesvd,cdouble,sm_120,U,thin,512,1,vendor
gesvd,cdouble,sm_120,U,thin,512,2,vendor
gesvd,cdouble,sm_120,U,thin,512,4,vendor
gesvd,cdouble,sm_120,U,thin,512,8,vendor
gesvd,cdouble,sm_120,U,thin,512,16,vendor
gesvd,cdouble,sm_120,U,thin,512,24,vendor
gesvd,cdouble,sm_120,U,thin,512,32,vendor
gesvd,cdouble,sm_120,U,thin,512,33,vendor
gesvd,cdouble,sm_120,U,thin,512,48,vendor
gesvd,cdouble,sm_120,U,thin,512,64,vendor
gesvd,cdouble,sm_120,U,thin,512,65,vendor
gesvd,cdouble,sm_120,U,thin,512,128,vendor
gesvd,cdouble,sm_120,U,thin,512,256,vendor
gesvd,cdouble,sm_120,U,thin,512,512,vendor
gesvd,cdouble,sm_120,U,thin,512,1024,vendor
gesvd,cdouble,sm_120,U,thin,1024,1,vendor
gesvd,cdouble,sm_120,U,thin,1024,2,vendor
gesvd,cdouble,sm_120,U,thin,1024,4,vendor
gesvd,cdouble,sm_120,U,thin,1024,8,vendor
gesvd,cdouble,sm_120,U,thin,1024,16,vendor
gesvd,cdouble,sm_120,U,thin,1024,24,vendor
gesvd,cdouble,sm_120,U,thin,1024,32,vendor
gesvd,cdouble,sm_120,U,thin,1024,33,vendor
gesvd,cdouble,sm_120,U,thin,1024,48,vendor
gesvd,cdouble,sm_120,U,thin,1024,64,vendor
gesvd,cdouble,sm_120,U,thin,1024,65,vendor
gesvd,cdouble,sm_120,U,thin,1024,128,vendor
gesvd,cdouble,sm_120,U,thin,1024,256,vendor
gesvd,cdouble,sm_120,U,thin,1024,512,vendor
gesvd,cdouble,sm_120,U,thin,1024,1024,vendor
