op,dtype,device,n,batch,ranked
getrf,float,sm_89,1,1,vendor|tiny|cta|blocked
getrf,float,sm_89,1,8,vendor|tiny|cta|blocked
getrf,float,sm_89,1,64,vendor|tiny|cta|blocked
getrf,float,sm_89,1,128,vendor|tiny|cta|blocked
getrf,float,sm_89,1,255,vendor|tiny|cta|blocked
getrf,float,sm_89,1,256,vendor|tiny|cta|blocked
getrf,float,sm_89,1,512,vendor|tiny|cta|blocked
getrf,float,sm_89,1,2048,vendor|tiny|cta|blocked
getrf,float,sm_89,1,8192,vendor|tiny|cta|blocked
getrf,float,sm_89,1,32768,vendor|tiny|cta|blocked
getrf,float,sm_89,2,1,vendor|tiny|cta|blocked
getrf,float,sm_89,2,8,vendor|tiny|cta|blocked
getrf,float,sm_89,2,64,vendor|tiny|cta|blocked
getrf,float,sm_89,2,128,vendor|tiny|cta|blocked
getrf,float,sm_89,2,255,vendor|tiny|cta|blocked
getrf,float,sm_89,2,256,vendor|tiny|cta|blocked
getrf,float,sm_89,2,512,vendor|tiny|cta|blocked
getrf,float,sm_89,2,2048,vendor|tiny|cta|blocked
getrf,float,sm_89,2,8192,vendor|tiny|cta|blocked
getrf,float,sm_89,2,32768,vendor|tiny|cta|blocked
getrf,float,sm_89,3,1,vendor|tiny|cta|blocked
getrf,float,sm_89,3,8,vendor|tiny|cta|blocked
getrf,float,sm_89,3,64,vendor|tiny|cta|blocked
getrf,float,sm_89,3,128,vendor|tiny|cta|blocked
getrf,float,sm_89,3,255,vendor|tiny|cta|blocked
getrf,float,sm_89,3,256,vendor|tiny|cta|blocked
getrf,float,sm_89,3,512,vendor|tiny|cta|blocked
getrf,float,sm_89,3,2048,vendor|tiny|cta|blocked
getrf,float,sm_89,3,8192,vendor|tiny|cta|blocked
getrf,float,sm_89,3,32768,vendor|tiny|cta|blocked
getrf,float,sm_89,4,1,vendor|tiny|cta|blocked
getrf,float,sm_89,4,8,vendor|tiny|cta|blocked
getrf,float,sm_89,4,64,vendor|tiny|cta|blocked
getrf,float,sm_89,4,128,vendor|tiny|cta|blocked
getrf,float,sm_89,4,255,vendor|tiny|cta|blocked
getrf,float,sm_89,4,256,vendor|tiny|cta|blocked
getrf,float,sm_89,4,512,vendor|tiny|cta|blocked
getrf,float,sm_89,4,2048,vendor|tiny|cta|blocked
getrf,float,sm_89,4,8192,vendor|tiny|cta|blocked
getrf,float,sm_89,4,32768,vendor|tiny|cta|blocked
getrf,float,sm_89,5,1,tiny|vendor|cta|blocked
getrf,float,sm_89,5,8,tiny|vendor|cta|blocked
getrf,float,sm_89,5,64,tiny|vendor|cta|blocked
getrf,float,sm_89,5,128,tiny|vendor|cta|blocked
getrf,float,sm_89,5,255,tiny|vendor|cta|blocked
getrf,float,sm_89,5,256,tiny|vendor|cta|blocked
getrf,float,sm_89,5,512,tiny|vendor|cta|blocked
getrf,float,sm_89,5,2048,tiny|vendor|cta|blocked
getrf,float,sm_89,5,8192,tiny|vendor|cta|blocked
getrf,float,sm_89,5,32768,tiny|vendor|cta|blocked
getrf,float,sm_89,6,1,tiny|vendor|cta|blocked
getrf,float,sm_89,6,8,tiny|vendor|cta|blocked
getrf,float,sm_89,6,64,tiny|vendor|cta|blocked
getrf,float,sm_89,6,128,tiny|vendor|cta|blocked
getrf,float,sm_89,6,255,tiny|vendor|cta|blocked
getrf,float,sm_89,6,256,tiny|vendor|cta|blocked
getrf,float,sm_89,6,512,tiny|vendor|cta|blocked
getrf,float,sm_89,6,2048,tiny|vendor|cta|blocked
getrf,float,sm_89,6,8192,tiny|vendor|cta|blocked
getrf,float,sm_89,6,32768,tiny|vendor|cta|blocked
getrf,float,sm_89,7,1,tiny|vendor|cta|blocked
getrf,float,sm_89,7,8,tiny|vendor|cta|blocked
getrf,float,sm_89,7,64,tiny|vendor|cta|blocked
getrf,float,sm_89,7,128,tiny|vendor|cta|blocked
getrf,float,sm_89,7,255,tiny|vendor|cta|blocked
getrf,float,sm_89,7,256,tiny|vendor|cta|blocked
getrf,float,sm_89,7,512,tiny|vendor|cta|blocked
getrf,float,sm_89,7,2048,tiny|vendor|cta|blocked
getrf,float,sm_89,7,8192,tiny|vendor|cta|blocked
getrf,float,sm_89,7,32768,tiny|vendor|cta|blocked
getrf,float,sm_89,8,1,tiny|vendor|cta|blocked
getrf,float,sm_89,8,8,tiny|vendor|cta|blocked
getrf,float,sm_89,8,64,tiny|vendor|cta|blocked
getrf,float,sm_89,8,128,tiny|vendor|cta|blocked
getrf,float,sm_89,8,255,tiny|vendor|cta|blocked
getrf,float,sm_89,8,256,tiny|vendor|cta|blocked
getrf,float,sm_89,8,512,tiny|vendor|cta|blocked
getrf,float,sm_89,8,2048,tiny|vendor|cta|blocked
getrf,float,sm_89,8,8192,tiny|vendor|cta|blocked
getrf,float,sm_89,8,32768,tiny|vendor|cta|blocked
getrf,float,sm_89,9,1,tiny|vendor|cta|blocked
getrf,float,sm_89,9,8,tiny|vendor|cta|blocked
getrf,float,sm_89,9,64,tiny|vendor|cta|blocked
getrf,float,sm_89,9,128,tiny|vendor|cta|blocked
getrf,float,sm_89,9,255,tiny|vendor|cta|blocked
getrf,float,sm_89,9,256,tiny|vendor|cta|blocked
getrf,float,sm_89,9,512,tiny|vendor|cta|blocked
getrf,float,sm_89,9,2048,tiny|vendor|cta|blocked
getrf,float,sm_89,9,8192,tiny|vendor|cta|blocked
getrf,float,sm_89,9,32768,tiny|vendor|cta|blocked
getrf,float,sm_89,12,1,tiny|vendor|cta|blocked
getrf,float,sm_89,12,8,tiny|vendor|cta|blocked
getrf,float,sm_89,12,64,tiny|vendor|cta|blocked
getrf,float,sm_89,12,128,tiny|vendor|cta|blocked
getrf,float,sm_89,12,255,tiny|vendor|cta|blocked
getrf,float,sm_89,12,256,tiny|vendor|cta|blocked
getrf,float,sm_89,12,512,tiny|vendor|cta|blocked
getrf,float,sm_89,12,2048,tiny|vendor|cta|blocked
getrf,float,sm_89,12,8192,tiny|vendor|cta|blocked
getrf,float,sm_89,12,32768,tiny|vendor|cta|blocked
getrf,float,sm_89,16,1,tiny|vendor|cta|blocked
getrf,float,sm_89,16,8,tiny|vendor|cta|blocked
getrf,float,sm_89,16,64,tiny|vendor|cta|blocked
getrf,float,sm_89,16,128,tiny|vendor|cta|blocked
getrf,float,sm_89,16,255,tiny|vendor|cta|blocked
getrf,float,sm_89,16,256,tiny|vendor|cta|blocked
getrf,float,sm_89,16,512,tiny|vendor|cta|blocked
getrf,float,sm_89,16,2048,tiny|vendor|cta|blocked
getrf,float,sm_89,16,8192,tiny|vendor|cta|blocked
getrf,float,sm_89,16,32768,tiny|vendor|cta|blocked
getrf,float,sm_89,17,1,tiny|vendor|cta|blocked
getrf,float,sm_89,17,8,tiny|vendor|cta|blocked
getrf,float,sm_89,17,64,tiny|vendor|cta|blocked
getrf,float,sm_89,17,128,tiny|vendor|cta|blocked
getrf,float,sm_89,17,255,tiny|vendor|cta|blocked
getrf,float,sm_89,17,256,tiny|vendor|cta|blocked
getrf,float,sm_89,17,512,tiny|vendor|cta|blocked
getrf,float,sm_89,17,2048,tiny|vendor|cta|blocked
getrf,float,sm_89,17,8192,tiny|vendor|cta|blocked
getrf,float,sm_89,17,32768,tiny|vendor|cta|blocked
getrf,float,sm_89,24,1,tiny|vendor|cta|blocked
getrf,float,sm_89,24,8,tiny|vendor|cta|blocked
getrf,float,sm_89,24,64,tiny|vendor|cta|blocked
getrf,float,sm_89,24,128,tiny|vendor|cta|blocked
getrf,float,sm_89,24,255,tiny|vendor|cta|blocked
getrf,float,sm_89,24,256,tiny|vendor|cta|blocked
getrf,float,sm_89,24,512,tiny|vendor|cta|blocked
getrf,float,sm_89,24,2048,tiny|vendor|cta|blocked
getrf,float,sm_89,24,8192,tiny|vendor|cta|blocked
getrf,float,sm_89,24,32768,tiny|vendor|cta|blocked
getrf,float,sm_89,25,1,tiny|vendor|cta|blocked
getrf,float,sm_89,25,8,tiny|vendor|cta|blocked
getrf,float,sm_89,25,64,tiny|vendor|cta|blocked
getrf,float,sm_89,25,128,tiny|vendor|cta|blocked
getrf,float,sm_89,25,255,tiny|vendor|cta|blocked
getrf,float,sm_89,25,256,tiny|vendor|cta|blocked
getrf,float,sm_89,25,512,tiny|vendor|cta|blocked
getrf,float,sm_89,25,2048,tiny|vendor|cta|blocked
getrf,float,sm_89,25,8192,tiny|vendor|cta|blocked
getrf,float,sm_89,25,32768,tiny|vendor|cta|blocked
getrf,float,sm_89,32,1,tiny|vendor|cta|blocked
getrf,float,sm_89,32,8,tiny|vendor|cta|blocked
getrf,float,sm_89,32,64,tiny|vendor|cta|blocked
getrf,float,sm_89,32,128,tiny|vendor|cta|blocked
getrf,float,sm_89,32,255,tiny|vendor|cta|blocked
getrf,float,sm_89,32,256,tiny|vendor|cta|blocked
getrf,float,sm_89,32,512,tiny|vendor|cta|blocked
getrf,float,sm_89,32,2048,tiny|vendor|cta|blocked
getrf,float,sm_89,32,8192,tiny|vendor|cta|blocked
getrf,float,sm_89,32,32768,tiny|vendor|cta|blocked
getrf,float,sm_89,33,1,vendor|cta|blocked
getrf,float,sm_89,33,8,vendor|cta|blocked
getrf,float,sm_89,33,64,vendor|cta|blocked
getrf,float,sm_89,33,128,vendor|cta|blocked
getrf,float,sm_89,33,255,vendor|cta|blocked
getrf,float,sm_89,33,256,vendor|cta|blocked
getrf,float,sm_89,33,512,vendor|cta|blocked
getrf,float,sm_89,33,2048,vendor|cta|blocked
getrf,float,sm_89,33,8192,vendor|cta|blocked
getrf,float,sm_89,33,32768,vendor|cta|blocked
getrf,float,sm_89,48,1,vendor|cta|blocked
getrf,float,sm_89,48,8,vendor|cta|blocked
getrf,float,sm_89,48,64,vendor|cta|blocked
getrf,float,sm_89,48,128,vendor|cta|blocked
getrf,float,sm_89,48,255,vendor|cta|blocked
getrf,float,sm_89,48,256,vendor|cta|blocked
getrf,float,sm_89,48,512,vendor|cta|blocked
getrf,float,sm_89,48,2048,vendor|cta|blocked
getrf,float,sm_89,48,8192,vendor|cta|blocked
getrf,float,sm_89,48,32768,vendor|cta|blocked
getrf,float,sm_89,64,1,vendor|cta|blocked
getrf,float,sm_89,64,8,vendor|cta|blocked
getrf,float,sm_89,64,64,vendor|cta|blocked
getrf,float,sm_89,64,128,vendor|cta|blocked
getrf,float,sm_89,64,255,vendor|cta|blocked
getrf,float,sm_89,64,256,vendor|cta|blocked
getrf,float,sm_89,64,512,vendor|cta|blocked
getrf,float,sm_89,64,2048,vendor|cta|blocked
getrf,float,sm_89,64,8192,vendor|cta|blocked
getrf,float,sm_89,64,32768,vendor|cta|blocked
getrf,float,sm_89,96,1,vendor|cta|blocked
getrf,float,sm_89,96,8,vendor|cta|blocked
getrf,float,sm_89,96,64,vendor|cta|blocked
getrf,float,sm_89,96,128,vendor|cta|blocked
getrf,float,sm_89,96,255,vendor|cta|blocked
getrf,float,sm_89,96,256,vendor|cta|blocked
getrf,float,sm_89,96,512,vendor|cta|blocked
getrf,float,sm_89,96,2048,vendor|cta|blocked
getrf,float,sm_89,96,8192,vendor|cta|blocked
getrf,float,sm_89,96,32768,vendor|cta|blocked
getrf,float,sm_89,128,1,vendor|cta|blocked
getrf,float,sm_89,128,8,vendor|cta|blocked
getrf,float,sm_89,128,64,vendor|cta|blocked
getrf,float,sm_89,128,128,vendor|cta|blocked
getrf,float,sm_89,128,255,vendor|cta|blocked
getrf,float,sm_89,128,256,vendor|cta|blocked
getrf,float,sm_89,128,512,vendor|cta|blocked
getrf,float,sm_89,128,2048,vendor|cta|blocked
getrf,float,sm_89,128,8192,vendor|cta|blocked
getrf,float,sm_89,128,32768,vendor|cta|blocked
getrf,float,sm_89,192,1,vendor|cta|blocked
getrf,float,sm_89,192,8,vendor|cta|blocked
getrf,float,sm_89,192,64,vendor|cta|blocked
getrf,float,sm_89,192,128,vendor|cta|blocked
getrf,float,sm_89,192,255,vendor|cta|blocked
getrf,float,sm_89,192,256,vendor|cta|blocked
getrf,float,sm_89,192,512,vendor|cta|blocked
getrf,float,sm_89,192,2048,vendor|cta|blocked
getrf,float,sm_89,192,8192,vendor|cta|blocked
getrf,float,sm_89,192,32768,vendor|cta|blocked
getrf,float,sm_89,255,1,vendor|cta|blocked
getrf,float,sm_89,255,8,vendor|cta|blocked
getrf,float,sm_89,255,64,vendor|cta|blocked
getrf,float,sm_89,255,128,vendor|cta|blocked
getrf,float,sm_89,255,255,vendor|cta|blocked
getrf,float,sm_89,255,256,vendor|cta|blocked
getrf,float,sm_89,255,512,vendor|cta|blocked
getrf,float,sm_89,255,2048,vendor|cta|blocked
getrf,float,sm_89,255,8192,vendor|cta|blocked
getrf,float,sm_89,255,32768,vendor|cta|blocked
getrf,float,sm_89,256,1,blocked|vendor|cta
getrf,float,sm_89,256,8,blocked|vendor|cta
getrf,float,sm_89,256,64,blocked|vendor|cta
getrf,float,sm_89,256,128,blocked|vendor|cta
getrf,float,sm_89,256,255,blocked|vendor|cta
getrf,float,sm_89,256,256,blocked|vendor|cta
getrf,float,sm_89,256,512,blocked|vendor|cta
getrf,float,sm_89,256,2048,blocked|vendor|cta
getrf,float,sm_89,256,8192,blocked|vendor|cta
getrf,float,sm_89,256,32768,blocked|vendor|cta
getrf,float,sm_89,384,1,blocked|vendor|cta
getrf,float,sm_89,384,8,blocked|vendor|cta
getrf,float,sm_89,384,64,blocked|vendor|cta
getrf,float,sm_89,384,128,blocked|vendor|cta
getrf,float,sm_89,384,255,blocked|vendor|cta
getrf,float,sm_89,384,256,blocked|vendor|cta
getrf,float,sm_89,384,512,blocked|vendor|cta
getrf,float,sm_89,384,2048,blocked|vendor|cta
getrf,float,sm_89,384,8192,blocked|vendor|cta
getrf,float,sm_89,384,32768,blocked|vendor|cta
getrf,float,sm_89,511,1,blocked|vendor|cta
getrf,float,sm_89,511,8,blocked|vendor|cta
getrf,float,sm_89,511,64,blocked|vendor|cta
getrf,float,sm_89,511,128,blocked|vendor|cta
getrf,float,sm_89,511,255,blocked|vendor|cta
getrf,float,sm_89,511,256,blocked|vendor|cta
getrf,float,sm_89,511,512,blocked|vendor|cta
getrf,float,sm_89,511,2048,blocked|vendor|cta
getrf,float,sm_89,511,8192,blocked|vendor|cta
getrf,float,sm_89,511,32768,blocked|vendor|cta
getrf,float,sm_89,512,1,blocked|vendor|cta
getrf,float,sm_89,512,8,blocked|vendor|cta
getrf,float,sm_89,512,64,blocked|vendor|cta
getrf,float,sm_89,512,128,blocked|vendor|cta
getrf,float,sm_89,512,255,blocked|vendor|cta
getrf,float,sm_89,512,256,blocked|vendor|cta
getrf,float,sm_89,512,512,blocked|vendor|cta
getrf,float,sm_89,512,2048,blocked|vendor|cta
getrf,float,sm_89,512,8192,blocked|vendor|cta
getrf,float,sm_89,512,32768,blocked|vendor|cta
getrf,float,sm_89,768,1,blocked|vendor|cta
getrf,float,sm_89,768,8,blocked|vendor|cta
getrf,float,sm_89,768,64,blocked|vendor|cta
getrf,float,sm_89,768,128,blocked|vendor|cta
getrf,float,sm_89,768,255,blocked|vendor|cta
getrf,float,sm_89,768,256,blocked|vendor|cta
getrf,float,sm_89,768,512,blocked|vendor|cta
getrf,float,sm_89,768,2048,blocked|vendor|cta
getrf,float,sm_89,768,8192,blocked|vendor|cta
getrf,float,sm_89,768,32768,blocked|vendor|cta
getrf,float,sm_89,1024,1,blocked|vendor|cta
getrf,float,sm_89,1024,8,blocked|vendor|cta
getrf,float,sm_89,1024,64,blocked|vendor|cta
getrf,float,sm_89,1024,128,blocked|vendor|cta
getrf,float,sm_89,1024,255,blocked|vendor|cta
getrf,float,sm_89,1024,256,blocked|vendor|cta
getrf,float,sm_89,1024,512,blocked|vendor|cta
getrf,float,sm_89,1024,2048,blocked|vendor|cta
getrf,float,sm_89,1024,8192,blocked|vendor|cta
getrf,float,sm_89,1024,32768,blocked|vendor|cta
getrf,double,sm_89,1,1,vendor|cta|tiny|blocked
getrf,double,sm_89,1,8,vendor|cta|tiny|blocked
getrf,double,sm_89,1,64,vendor|cta|tiny|blocked
getrf,double,sm_89,1,128,vendor|cta|tiny|blocked
getrf,double,sm_89,1,255,vendor|cta|tiny|blocked
getrf,double,sm_89,1,256,vendor|cta|tiny|blocked
getrf,double,sm_89,1,512,vendor|cta|tiny|blocked
getrf,double,sm_89,1,2048,vendor|cta|tiny|blocked
getrf,double,sm_89,1,8192,vendor|cta|tiny|blocked
getrf,double,sm_89,1,32768,vendor|cta|tiny|blocked
getrf,double,sm_89,2,1,vendor|cta|tiny|blocked
getrf,double,sm_89,2,8,vendor|cta|tiny|blocked
getrf,double,sm_89,2,64,vendor|cta|tiny|blocked
getrf,double,sm_89,2,128,vendor|cta|tiny|blocked
getrf,double,sm_89,2,255,vendor|cta|tiny|blocked
getrf,double,sm_89,2,256,vendor|cta|tiny|blocked
getrf,double,sm_89,2,512,vendor|cta|tiny|blocked
getrf,double,sm_89,2,2048,vendor|cta|tiny|blocked
getrf,double,sm_89,2,8192,vendor|cta|tiny|blocked
getrf,double,sm_89,2,32768,vendor|cta|tiny|blocked
getrf,double,sm_89,3,1,vendor|cta|tiny|blocked
getrf,double,sm_89,3,8,vendor|cta|tiny|blocked
getrf,double,sm_89,3,64,vendor|cta|tiny|blocked
getrf,double,sm_89,3,128,vendor|cta|tiny|blocked
getrf,double,sm_89,3,255,vendor|cta|tiny|blocked
getrf,double,sm_89,3,256,vendor|cta|tiny|blocked
getrf,double,sm_89,3,512,vendor|cta|tiny|blocked
getrf,double,sm_89,3,2048,vendor|cta|tiny|blocked
getrf,double,sm_89,3,8192,vendor|cta|tiny|blocked
getrf,double,sm_89,3,32768,vendor|cta|tiny|blocked
getrf,double,sm_89,4,1,vendor|cta|tiny|blocked
getrf,double,sm_89,4,8,vendor|cta|tiny|blocked
getrf,double,sm_89,4,64,vendor|cta|tiny|blocked
getrf,double,sm_89,4,128,vendor|cta|tiny|blocked
getrf,double,sm_89,4,255,vendor|cta|tiny|blocked
getrf,double,sm_89,4,256,vendor|cta|tiny|blocked
getrf,double,sm_89,4,512,vendor|cta|tiny|blocked
getrf,double,sm_89,4,2048,vendor|cta|tiny|blocked
getrf,double,sm_89,4,8192,vendor|cta|tiny|blocked
getrf,double,sm_89,4,32768,vendor|cta|tiny|blocked
getrf,double,sm_89,5,1,vendor|cta|tiny|blocked
getrf,double,sm_89,5,8,vendor|cta|tiny|blocked
getrf,double,sm_89,5,64,vendor|cta|tiny|blocked
getrf,double,sm_89,5,128,vendor|cta|tiny|blocked
getrf,double,sm_89,5,255,vendor|cta|tiny|blocked
getrf,double,sm_89,5,256,vendor|cta|tiny|blocked
getrf,double,sm_89,5,512,vendor|cta|tiny|blocked
getrf,double,sm_89,5,2048,vendor|cta|tiny|blocked
getrf,double,sm_89,5,8192,vendor|cta|tiny|blocked
getrf,double,sm_89,5,32768,vendor|cta|tiny|blocked
getrf,double,sm_89,6,1,vendor|cta|tiny|blocked
getrf,double,sm_89,6,8,vendor|cta|tiny|blocked
getrf,double,sm_89,6,64,vendor|cta|tiny|blocked
getrf,double,sm_89,6,128,vendor|cta|tiny|blocked
getrf,double,sm_89,6,255,vendor|cta|tiny|blocked
getrf,double,sm_89,6,256,vendor|cta|tiny|blocked
getrf,double,sm_89,6,512,vendor|cta|tiny|blocked
getrf,double,sm_89,6,2048,vendor|cta|tiny|blocked
getrf,double,sm_89,6,8192,vendor|cta|tiny|blocked
getrf,double,sm_89,6,32768,vendor|cta|tiny|blocked
getrf,double,sm_89,7,1,vendor|cta|tiny|blocked
getrf,double,sm_89,7,8,vendor|cta|tiny|blocked
getrf,double,sm_89,7,64,vendor|cta|tiny|blocked
getrf,double,sm_89,7,128,vendor|cta|tiny|blocked
getrf,double,sm_89,7,255,vendor|cta|tiny|blocked
getrf,double,sm_89,7,256,vendor|cta|tiny|blocked
getrf,double,sm_89,7,512,vendor|cta|tiny|blocked
getrf,double,sm_89,7,2048,vendor|cta|tiny|blocked
getrf,double,sm_89,7,8192,vendor|cta|tiny|blocked
getrf,double,sm_89,7,32768,vendor|cta|tiny|blocked
getrf,double,sm_89,8,1,vendor|cta|tiny|blocked
getrf,double,sm_89,8,8,vendor|cta|tiny|blocked
getrf,double,sm_89,8,64,vendor|cta|tiny|blocked
getrf,double,sm_89,8,128,vendor|cta|tiny|blocked
getrf,double,sm_89,8,255,vendor|cta|tiny|blocked
getrf,double,sm_89,8,256,vendor|cta|tiny|blocked
getrf,double,sm_89,8,512,vendor|cta|tiny|blocked
getrf,double,sm_89,8,2048,vendor|cta|tiny|blocked
getrf,double,sm_89,8,8192,vendor|cta|tiny|blocked
getrf,double,sm_89,8,32768,vendor|cta|tiny|blocked
getrf,double,sm_89,9,1,vendor|cta|tiny|blocked
getrf,double,sm_89,9,8,vendor|cta|tiny|blocked
getrf,double,sm_89,9,64,vendor|cta|tiny|blocked
getrf,double,sm_89,9,128,vendor|cta|tiny|blocked
getrf,double,sm_89,9,255,vendor|cta|tiny|blocked
getrf,double,sm_89,9,256,vendor|cta|tiny|blocked
getrf,double,sm_89,9,512,vendor|cta|tiny|blocked
getrf,double,sm_89,9,2048,vendor|cta|tiny|blocked
getrf,double,sm_89,9,8192,vendor|cta|tiny|blocked
getrf,double,sm_89,9,32768,vendor|cta|tiny|blocked
getrf,double,sm_89,12,1,vendor|cta|tiny|blocked
getrf,double,sm_89,12,8,vendor|cta|tiny|blocked
getrf,double,sm_89,12,64,vendor|cta|tiny|blocked
getrf,double,sm_89,12,128,vendor|cta|tiny|blocked
getrf,double,sm_89,12,255,vendor|cta|tiny|blocked
getrf,double,sm_89,12,256,vendor|cta|tiny|blocked
getrf,double,sm_89,12,512,vendor|cta|tiny|blocked
getrf,double,sm_89,12,2048,vendor|cta|tiny|blocked
getrf,double,sm_89,12,8192,vendor|cta|tiny|blocked
getrf,double,sm_89,12,32768,vendor|cta|tiny|blocked
getrf,double,sm_89,16,1,vendor|cta|tiny|blocked
getrf,double,sm_89,16,8,vendor|cta|tiny|blocked
getrf,double,sm_89,16,64,vendor|cta|tiny|blocked
getrf,double,sm_89,16,128,vendor|cta|tiny|blocked
getrf,double,sm_89,16,255,vendor|cta|tiny|blocked
getrf,double,sm_89,16,256,vendor|cta|tiny|blocked
getrf,double,sm_89,16,512,vendor|cta|tiny|blocked
getrf,double,sm_89,16,2048,vendor|cta|tiny|blocked
getrf,double,sm_89,16,8192,vendor|cta|tiny|blocked
getrf,double,sm_89,16,32768,vendor|cta|tiny|blocked
getrf,double,sm_89,17,1,vendor|cta|tiny|blocked
getrf,double,sm_89,17,8,vendor|cta|tiny|blocked
getrf,double,sm_89,17,64,vendor|cta|tiny|blocked
getrf,double,sm_89,17,128,vendor|cta|tiny|blocked
getrf,double,sm_89,17,255,vendor|cta|tiny|blocked
getrf,double,sm_89,17,256,vendor|cta|tiny|blocked
getrf,double,sm_89,17,512,vendor|cta|tiny|blocked
getrf,double,sm_89,17,2048,vendor|cta|tiny|blocked
getrf,double,sm_89,17,8192,vendor|cta|tiny|blocked
getrf,double,sm_89,17,32768,vendor|cta|tiny|blocked
getrf,double,sm_89,24,1,vendor|cta|tiny|blocked
getrf,double,sm_89,24,8,vendor|cta|tiny|blocked
getrf,double,sm_89,24,64,vendor|cta|tiny|blocked
getrf,double,sm_89,24,128,vendor|cta|tiny|blocked
getrf,double,sm_89,24,255,vendor|cta|tiny|blocked
getrf,double,sm_89,24,256,vendor|cta|tiny|blocked
getrf,double,sm_89,24,512,vendor|cta|tiny|blocked
getrf,double,sm_89,24,2048,vendor|cta|tiny|blocked
getrf,double,sm_89,24,8192,vendor|cta|tiny|blocked
getrf,double,sm_89,24,32768,vendor|cta|tiny|blocked
getrf,double,sm_89,25,1,vendor|cta|tiny|blocked
getrf,double,sm_89,25,8,vendor|cta|tiny|blocked
getrf,double,sm_89,25,64,vendor|cta|tiny|blocked
getrf,double,sm_89,25,128,vendor|cta|tiny|blocked
getrf,double,sm_89,25,255,vendor|cta|tiny|blocked
getrf,double,sm_89,25,256,vendor|cta|tiny|blocked
getrf,double,sm_89,25,512,vendor|cta|tiny|blocked
getrf,double,sm_89,25,2048,vendor|cta|tiny|blocked
getrf,double,sm_89,25,8192,vendor|cta|tiny|blocked
getrf,double,sm_89,25,32768,vendor|cta|tiny|blocked
getrf,double,sm_89,32,1,vendor|cta|tiny|blocked
getrf,double,sm_89,32,8,vendor|cta|tiny|blocked
getrf,double,sm_89,32,64,vendor|cta|tiny|blocked
getrf,double,sm_89,32,128,vendor|cta|tiny|blocked
getrf,double,sm_89,32,255,vendor|cta|tiny|blocked
getrf,double,sm_89,32,256,vendor|cta|tiny|blocked
getrf,double,sm_89,32,512,vendor|cta|tiny|blocked
getrf,double,sm_89,32,2048,vendor|cta|tiny|blocked
getrf,double,sm_89,32,8192,vendor|cta|tiny|blocked
getrf,double,sm_89,32,32768,vendor|cta|tiny|blocked
getrf,double,sm_89,33,1,vendor|blocked|cta
getrf,double,sm_89,33,8,vendor|blocked|cta
getrf,double,sm_89,33,64,vendor|blocked|cta
getrf,double,sm_89,33,128,vendor|blocked|cta
getrf,double,sm_89,33,255,vendor|blocked|cta
getrf,double,sm_89,33,256,vendor|blocked|cta
getrf,double,sm_89,33,512,vendor|blocked|cta
getrf,double,sm_89,33,2048,vendor|blocked|cta
getrf,double,sm_89,33,8192,vendor|blocked|cta
getrf,double,sm_89,33,32768,vendor|blocked|cta
getrf,double,sm_89,48,1,vendor|blocked|cta
getrf,double,sm_89,48,8,vendor|blocked|cta
getrf,double,sm_89,48,64,vendor|blocked|cta
getrf,double,sm_89,48,128,vendor|blocked|cta
getrf,double,sm_89,48,255,vendor|blocked|cta
getrf,double,sm_89,48,256,vendor|blocked|cta
getrf,double,sm_89,48,512,vendor|blocked|cta
getrf,double,sm_89,48,2048,vendor|blocked|cta
getrf,double,sm_89,48,8192,vendor|blocked|cta
getrf,double,sm_89,48,32768,vendor|blocked|cta
getrf,double,sm_89,64,1,vendor|blocked|cta
getrf,double,sm_89,64,8,vendor|blocked|cta
getrf,double,sm_89,64,64,vendor|blocked|cta
getrf,double,sm_89,64,128,vendor|blocked|cta
getrf,double,sm_89,64,255,vendor|blocked|cta
getrf,double,sm_89,64,256,vendor|blocked|cta
getrf,double,sm_89,64,512,vendor|blocked|cta
getrf,double,sm_89,64,2048,vendor|blocked|cta
getrf,double,sm_89,64,8192,vendor|blocked|cta
getrf,double,sm_89,64,32768,vendor|blocked|cta
getrf,double,sm_89,96,1,vendor|blocked|cta
getrf,double,sm_89,96,8,vendor|blocked|cta
getrf,double,sm_89,96,64,vendor|blocked|cta
getrf,double,sm_89,96,128,vendor|blocked|cta
getrf,double,sm_89,96,255,vendor|blocked|cta
getrf,double,sm_89,96,256,vendor|blocked|cta
getrf,double,sm_89,96,512,vendor|blocked|cta
getrf,double,sm_89,96,2048,vendor|blocked|cta
getrf,double,sm_89,96,8192,vendor|blocked|cta
getrf,double,sm_89,96,32768,vendor|blocked|cta
getrf,double,sm_89,128,1,vendor|blocked|cta
getrf,double,sm_89,128,8,vendor|blocked|cta
getrf,double,sm_89,128,64,vendor|blocked|cta
getrf,double,sm_89,128,128,vendor|blocked|cta
getrf,double,sm_89,128,255,vendor|blocked|cta
getrf,double,sm_89,128,256,vendor|blocked|cta
getrf,double,sm_89,128,512,vendor|blocked|cta
getrf,double,sm_89,128,2048,vendor|blocked|cta
getrf,double,sm_89,128,8192,vendor|blocked|cta
getrf,double,sm_89,128,32768,vendor|blocked|cta
getrf,double,sm_89,192,1,vendor|blocked|cta
getrf,double,sm_89,192,8,vendor|blocked|cta
getrf,double,sm_89,192,64,vendor|blocked|cta
getrf,double,sm_89,192,128,vendor|blocked|cta
getrf,double,sm_89,192,255,vendor|blocked|cta
getrf,double,sm_89,192,256,vendor|blocked|cta
getrf,double,sm_89,192,512,vendor|blocked|cta
getrf,double,sm_89,192,2048,vendor|blocked|cta
getrf,double,sm_89,192,8192,vendor|blocked|cta
getrf,double,sm_89,192,32768,vendor|blocked|cta
getrf,double,sm_89,255,1,vendor|blocked|cta
getrf,double,sm_89,255,8,vendor|blocked|cta
getrf,double,sm_89,255,64,vendor|blocked|cta
getrf,double,sm_89,255,128,vendor|blocked|cta
getrf,double,sm_89,255,255,vendor|blocked|cta
getrf,double,sm_89,255,256,vendor|blocked|cta
getrf,double,sm_89,255,512,vendor|blocked|cta
getrf,double,sm_89,255,2048,vendor|blocked|cta
getrf,double,sm_89,255,8192,vendor|blocked|cta
getrf,double,sm_89,255,32768,vendor|blocked|cta
getrf,double,sm_89,256,1,vendor|blocked|cta
getrf,double,sm_89,256,8,vendor|blocked|cta
getrf,double,sm_89,256,64,vendor|blocked|cta
getrf,double,sm_89,256,128,vendor|blocked|cta
getrf,double,sm_89,256,255,vendor|blocked|cta
getrf,double,sm_89,256,256,vendor|blocked|cta
getrf,double,sm_89,256,512,vendor|blocked|cta
getrf,double,sm_89,256,2048,vendor|blocked|cta
getrf,double,sm_89,256,8192,vendor|blocked|cta
getrf,double,sm_89,256,32768,vendor|blocked|cta
getrf,double,sm_89,384,1,vendor|blocked|cta
getrf,double,sm_89,384,8,vendor|blocked|cta
getrf,double,sm_89,384,64,vendor|blocked|cta
getrf,double,sm_89,384,128,vendor|blocked|cta
getrf,double,sm_89,384,255,vendor|blocked|cta
getrf,double,sm_89,384,256,vendor|blocked|cta
getrf,double,sm_89,384,512,vendor|blocked|cta
getrf,double,sm_89,384,2048,vendor|blocked|cta
getrf,double,sm_89,384,8192,vendor|blocked|cta
getrf,double,sm_89,384,32768,vendor|blocked|cta
getrf,double,sm_89,511,1,vendor|blocked|cta
getrf,double,sm_89,511,8,vendor|blocked|cta
getrf,double,sm_89,511,64,vendor|blocked|cta
getrf,double,sm_89,511,128,vendor|blocked|cta
getrf,double,sm_89,511,255,vendor|blocked|cta
getrf,double,sm_89,511,256,vendor|blocked|cta
getrf,double,sm_89,511,512,vendor|blocked|cta
getrf,double,sm_89,511,2048,vendor|blocked|cta
getrf,double,sm_89,511,8192,vendor|blocked|cta
getrf,double,sm_89,511,32768,vendor|blocked|cta
getrf,double,sm_89,512,1,vendor|blocked|cta
getrf,double,sm_89,512,8,vendor|blocked|cta
getrf,double,sm_89,512,64,vendor|blocked|cta
getrf,double,sm_89,512,128,vendor|blocked|cta
getrf,double,sm_89,512,255,vendor|blocked|cta
getrf,double,sm_89,512,256,vendor|blocked|cta
getrf,double,sm_89,512,512,vendor|blocked|cta
getrf,double,sm_89,512,2048,vendor|blocked|cta
getrf,double,sm_89,512,8192,vendor|blocked|cta
getrf,double,sm_89,512,32768,vendor|blocked|cta
getrf,double,sm_89,768,1,vendor|blocked|cta
getrf,double,sm_89,768,8,vendor|blocked|cta
getrf,double,sm_89,768,64,vendor|blocked|cta
getrf,double,sm_89,768,128,vendor|blocked|cta
getrf,double,sm_89,768,255,vendor|blocked|cta
getrf,double,sm_89,768,256,vendor|blocked|cta
getrf,double,sm_89,768,512,vendor|blocked|cta
getrf,double,sm_89,768,2048,vendor|blocked|cta
getrf,double,sm_89,768,8192,vendor|blocked|cta
getrf,double,sm_89,768,32768,vendor|blocked|cta
getrf,double,sm_89,1024,1,vendor|blocked|cta
getrf,double,sm_89,1024,8,vendor|blocked|cta
getrf,double,sm_89,1024,64,vendor|blocked|cta
getrf,double,sm_89,1024,128,vendor|blocked|cta
getrf,double,sm_89,1024,255,vendor|blocked|cta
getrf,double,sm_89,1024,256,vendor|blocked|cta
getrf,double,sm_89,1024,512,vendor|blocked|cta
getrf,double,sm_89,1024,2048,vendor|blocked|cta
getrf,double,sm_89,1024,8192,vendor|blocked|cta
getrf,double,sm_89,1024,32768,vendor|blocked|cta
getrf,cfloat,sm_89,1,1,vendor|tiny|cta|blocked
getrf,cfloat,sm_89,1,8,vendor|tiny|cta|blocked
getrf,cfloat,sm_89,1,64,vendor|tiny|cta|blocked
getrf,cfloat,sm_89,1,128,vendor|tiny|cta|blocked
getrf,cfloat,sm_89,1,255,vendor|tiny|cta|blocked
getrf,cfloat,sm_89,1,256,vendor|tiny|cta|blocked
getrf,cfloat,sm_89,1,512,vendor|tiny|cta|blocked
getrf,cfloat,sm_89,1,2048,vendor|tiny|cta|blocked
getrf,cfloat,sm_89,1,8192,vendor|tiny|cta|blocked
getrf,cfloat,sm_89,1,32768,vendor|tiny|cta|blocked
getrf,cfloat,sm_89,2,1,vendor|tiny|cta|blocked
getrf,cfloat,sm_89,2,8,vendor|tiny|cta|blocked
getrf,cfloat,sm_89,2,64,vendor|tiny|cta|blocked
getrf,cfloat,sm_89,2,128,vendor|tiny|cta|blocked
getrf,cfloat,sm_89,2,255,vendor|tiny|cta|blocked
getrf,cfloat,sm_89,2,256,vendor|tiny|cta|blocked
getrf,cfloat,sm_89,2,512,vendor|tiny|cta|blocked
getrf,cfloat,sm_89,2,2048,vendor|tiny|cta|blocked
getrf,cfloat,sm_89,2,8192,vendor|tiny|cta|blocked
getrf,cfloat,sm_89,2,32768,vendor|tiny|cta|blocked
getrf,cfloat,sm_89,3,1,vendor|tiny|cta|blocked
getrf,cfloat,sm_89,3,8,vendor|tiny|cta|blocked
getrf,cfloat,sm_89,3,64,vendor|tiny|cta|blocked
getrf,cfloat,sm_89,3,128,vendor|tiny|cta|blocked
getrf,cfloat,sm_89,3,255,vendor|tiny|cta|blocked
getrf,cfloat,sm_89,3,256,vendor|tiny|cta|blocked
getrf,cfloat,sm_89,3,512,vendor|tiny|cta|blocked
getrf,cfloat,sm_89,3,2048,vendor|tiny|cta|blocked
getrf,cfloat,sm_89,3,8192,vendor|tiny|cta|blocked
getrf,cfloat,sm_89,3,32768,vendor|tiny|cta|blocked
getrf,cfloat,sm_89,4,1,vendor|tiny|cta|blocked
getrf,cfloat,sm_89,4,8,vendor|tiny|cta|blocked
getrf,cfloat,sm_89,4,64,vendor|tiny|cta|blocked
getrf,cfloat,sm_89,4,128,vendor|tiny|cta|blocked
getrf,cfloat,sm_89,4,255,vendor|tiny|cta|blocked
getrf,cfloat,sm_89,4,256,vendor|tiny|cta|blocked
getrf,cfloat,sm_89,4,512,vendor|tiny|cta|blocked
getrf,cfloat,sm_89,4,2048,vendor|tiny|cta|blocked
getrf,cfloat,sm_89,4,8192,vendor|tiny|cta|blocked
getrf,cfloat,sm_89,4,32768,vendor|tiny|cta|blocked
getrf,cfloat,sm_89,5,1,tiny|vendor|cta|blocked
getrf,cfloat,sm_89,5,8,tiny|vendor|cta|blocked
getrf,cfloat,sm_89,5,64,tiny|vendor|cta|blocked
getrf,cfloat,sm_89,5,128,tiny|vendor|cta|blocked
getrf,cfloat,sm_89,5,255,tiny|vendor|cta|blocked
getrf,cfloat,sm_89,5,256,tiny|vendor|cta|blocked
getrf,cfloat,sm_89,5,512,tiny|vendor|cta|blocked
getrf,cfloat,sm_89,5,2048,tiny|vendor|cta|blocked
getrf,cfloat,sm_89,5,8192,tiny|vendor|cta|blocked
getrf,cfloat,sm_89,5,32768,tiny|vendor|cta|blocked
getrf,cfloat,sm_89,6,1,tiny|vendor|cta|blocked
getrf,cfloat,sm_89,6,8,tiny|vendor|cta|blocked
getrf,cfloat,sm_89,6,64,tiny|vendor|cta|blocked
getrf,cfloat,sm_89,6,128,tiny|vendor|cta|blocked
getrf,cfloat,sm_89,6,255,tiny|vendor|cta|blocked
getrf,cfloat,sm_89,6,256,tiny|vendor|cta|blocked
getrf,cfloat,sm_89,6,512,tiny|vendor|cta|blocked
getrf,cfloat,sm_89,6,2048,tiny|vendor|cta|blocked
getrf,cfloat,sm_89,6,8192,tiny|vendor|cta|blocked
getrf,cfloat,sm_89,6,32768,tiny|vendor|cta|blocked
getrf,cfloat,sm_89,7,1,tiny|vendor|cta|blocked
getrf,cfloat,sm_89,7,8,tiny|vendor|cta|blocked
getrf,cfloat,sm_89,7,64,tiny|vendor|cta|blocked
getrf,cfloat,sm_89,7,128,tiny|vendor|cta|blocked
getrf,cfloat,sm_89,7,255,tiny|vendor|cta|blocked
getrf,cfloat,sm_89,7,256,tiny|vendor|cta|blocked
getrf,cfloat,sm_89,7,512,tiny|vendor|cta|blocked
getrf,cfloat,sm_89,7,2048,tiny|vendor|cta|blocked
getrf,cfloat,sm_89,7,8192,tiny|vendor|cta|blocked
getrf,cfloat,sm_89,7,32768,tiny|vendor|cta|blocked
getrf,cfloat,sm_89,8,1,vendor|tiny|cta|blocked
getrf,cfloat,sm_89,8,8,vendor|tiny|cta|blocked
getrf,cfloat,sm_89,8,64,vendor|tiny|cta|blocked
getrf,cfloat,sm_89,8,128,vendor|tiny|cta|blocked
getrf,cfloat,sm_89,8,255,vendor|tiny|cta|blocked
getrf,cfloat,sm_89,8,256,vendor|tiny|cta|blocked
getrf,cfloat,sm_89,8,512,vendor|tiny|cta|blocked
getrf,cfloat,sm_89,8,2048,vendor|tiny|cta|blocked
getrf,cfloat,sm_89,8,8192,vendor|tiny|cta|blocked
getrf,cfloat,sm_89,8,32768,vendor|tiny|cta|blocked
getrf,cfloat,sm_89,9,1,tiny|vendor|cta|blocked
getrf,cfloat,sm_89,9,8,tiny|vendor|cta|blocked
getrf,cfloat,sm_89,9,64,tiny|vendor|cta|blocked
getrf,cfloat,sm_89,9,128,tiny|vendor|cta|blocked
getrf,cfloat,sm_89,9,255,tiny|vendor|cta|blocked
getrf,cfloat,sm_89,9,256,tiny|vendor|cta|blocked
getrf,cfloat,sm_89,9,512,tiny|vendor|cta|blocked
getrf,cfloat,sm_89,9,2048,tiny|vendor|cta|blocked
getrf,cfloat,sm_89,9,8192,tiny|vendor|cta|blocked
getrf,cfloat,sm_89,9,32768,tiny|vendor|cta|blocked
getrf,cfloat,sm_89,12,1,tiny|vendor|cta|blocked
getrf,cfloat,sm_89,12,8,tiny|vendor|cta|blocked
getrf,cfloat,sm_89,12,64,tiny|vendor|cta|blocked
getrf,cfloat,sm_89,12,128,tiny|vendor|cta|blocked
getrf,cfloat,sm_89,12,255,tiny|vendor|cta|blocked
getrf,cfloat,sm_89,12,256,tiny|vendor|cta|blocked
getrf,cfloat,sm_89,12,512,tiny|vendor|cta|blocked
getrf,cfloat,sm_89,12,2048,tiny|vendor|cta|blocked
getrf,cfloat,sm_89,12,8192,tiny|vendor|cta|blocked
getrf,cfloat,sm_89,12,32768,tiny|vendor|cta|blocked
getrf,cfloat,sm_89,16,1,tiny|vendor|cta|blocked
getrf,cfloat,sm_89,16,8,tiny|vendor|cta|blocked
getrf,cfloat,sm_89,16,64,tiny|vendor|cta|blocked
getrf,cfloat,sm_89,16,128,tiny|vendor|cta|blocked
getrf,cfloat,sm_89,16,255,tiny|vendor|cta|blocked
getrf,cfloat,sm_89,16,256,tiny|vendor|cta|blocked
getrf,cfloat,sm_89,16,512,tiny|vendor|cta|blocked
getrf,cfloat,sm_89,16,2048,tiny|vendor|cta|blocked
getrf,cfloat,sm_89,16,8192,tiny|vendor|cta|blocked
getrf,cfloat,sm_89,16,32768,tiny|vendor|cta|blocked
getrf,cfloat,sm_89,17,1,tiny|vendor|cta|blocked
getrf,cfloat,sm_89,17,8,tiny|vendor|cta|blocked
getrf,cfloat,sm_89,17,64,tiny|vendor|cta|blocked
getrf,cfloat,sm_89,17,128,tiny|vendor|cta|blocked
getrf,cfloat,sm_89,17,255,tiny|vendor|cta|blocked
getrf,cfloat,sm_89,17,256,tiny|vendor|cta|blocked
getrf,cfloat,sm_89,17,512,tiny|vendor|cta|blocked
getrf,cfloat,sm_89,17,2048,tiny|vendor|cta|blocked
getrf,cfloat,sm_89,17,8192,tiny|vendor|cta|blocked
getrf,cfloat,sm_89,17,32768,tiny|vendor|cta|blocked
getrf,cfloat,sm_89,24,1,tiny|vendor|cta|blocked
getrf,cfloat,sm_89,24,8,tiny|vendor|cta|blocked
getrf,cfloat,sm_89,24,64,tiny|vendor|cta|blocked
getrf,cfloat,sm_89,24,128,tiny|vendor|cta|blocked
getrf,cfloat,sm_89,24,255,tiny|vendor|cta|blocked
getrf,cfloat,sm_89,24,256,tiny|vendor|cta|blocked
getrf,cfloat,sm_89,24,512,tiny|vendor|cta|blocked
getrf,cfloat,sm_89,24,2048,tiny|vendor|cta|blocked
getrf,cfloat,sm_89,24,8192,tiny|vendor|cta|blocked
getrf,cfloat,sm_89,24,32768,tiny|vendor|cta|blocked
getrf,cfloat,sm_89,25,1,vendor|tiny|cta|blocked
getrf,cfloat,sm_89,25,8,vendor|tiny|cta|blocked
getrf,cfloat,sm_89,25,64,vendor|tiny|cta|blocked
getrf,cfloat,sm_89,25,128,vendor|tiny|cta|blocked
getrf,cfloat,sm_89,25,255,vendor|tiny|cta|blocked
getrf,cfloat,sm_89,25,256,vendor|tiny|cta|blocked
getrf,cfloat,sm_89,25,512,vendor|tiny|cta|blocked
getrf,cfloat,sm_89,25,2048,vendor|tiny|cta|blocked
getrf,cfloat,sm_89,25,8192,vendor|tiny|cta|blocked
getrf,cfloat,sm_89,25,32768,vendor|tiny|cta|blocked
getrf,cfloat,sm_89,32,1,vendor|tiny|cta|blocked
getrf,cfloat,sm_89,32,8,vendor|tiny|cta|blocked
getrf,cfloat,sm_89,32,64,vendor|tiny|cta|blocked
getrf,cfloat,sm_89,32,128,vendor|tiny|cta|blocked
getrf,cfloat,sm_89,32,255,vendor|tiny|cta|blocked
getrf,cfloat,sm_89,32,256,vendor|tiny|cta|blocked
getrf,cfloat,sm_89,32,512,vendor|tiny|cta|blocked
getrf,cfloat,sm_89,32,2048,vendor|tiny|cta|blocked
getrf,cfloat,sm_89,32,8192,vendor|tiny|cta|blocked
getrf,cfloat,sm_89,32,32768,vendor|tiny|cta|blocked
getrf,cfloat,sm_89,33,1,vendor|cta|blocked
getrf,cfloat,sm_89,33,8,vendor|cta|blocked
getrf,cfloat,sm_89,33,64,vendor|cta|blocked
getrf,cfloat,sm_89,33,128,vendor|cta|blocked
getrf,cfloat,sm_89,33,255,vendor|cta|blocked
getrf,cfloat,sm_89,33,256,vendor|cta|blocked
getrf,cfloat,sm_89,33,512,vendor|cta|blocked
getrf,cfloat,sm_89,33,2048,vendor|cta|blocked
getrf,cfloat,sm_89,33,8192,vendor|cta|blocked
getrf,cfloat,sm_89,33,32768,vendor|cta|blocked
getrf,cfloat,sm_89,48,1,vendor|cta|blocked
getrf,cfloat,sm_89,48,8,vendor|cta|blocked
getrf,cfloat,sm_89,48,64,vendor|cta|blocked
getrf,cfloat,sm_89,48,128,vendor|cta|blocked
getrf,cfloat,sm_89,48,255,vendor|cta|blocked
getrf,cfloat,sm_89,48,256,vendor|cta|blocked
getrf,cfloat,sm_89,48,512,vendor|cta|blocked
getrf,cfloat,sm_89,48,2048,vendor|cta|blocked
getrf,cfloat,sm_89,48,8192,vendor|cta|blocked
getrf,cfloat,sm_89,48,32768,vendor|cta|blocked
getrf,cfloat,sm_89,64,1,vendor|cta|blocked
getrf,cfloat,sm_89,64,8,vendor|cta|blocked
getrf,cfloat,sm_89,64,64,vendor|cta|blocked
getrf,cfloat,sm_89,64,128,vendor|cta|blocked
getrf,cfloat,sm_89,64,255,vendor|cta|blocked
getrf,cfloat,sm_89,64,256,vendor|cta|blocked
getrf,cfloat,sm_89,64,512,vendor|cta|blocked
getrf,cfloat,sm_89,64,2048,vendor|cta|blocked
getrf,cfloat,sm_89,64,8192,vendor|cta|blocked
getrf,cfloat,sm_89,64,32768,vendor|cta|blocked
getrf,cfloat,sm_89,96,1,vendor|cta|blocked
getrf,cfloat,sm_89,96,8,vendor|cta|blocked
getrf,cfloat,sm_89,96,64,vendor|cta|blocked
getrf,cfloat,sm_89,96,128,vendor|cta|blocked
getrf,cfloat,sm_89,96,255,vendor|cta|blocked
getrf,cfloat,sm_89,96,256,vendor|cta|blocked
getrf,cfloat,sm_89,96,512,vendor|cta|blocked
getrf,cfloat,sm_89,96,2048,vendor|cta|blocked
getrf,cfloat,sm_89,96,8192,vendor|cta|blocked
getrf,cfloat,sm_89,96,32768,vendor|cta|blocked
getrf,cfloat,sm_89,128,1,vendor|cta|blocked
getrf,cfloat,sm_89,128,8,vendor|cta|blocked
getrf,cfloat,sm_89,128,64,vendor|cta|blocked
getrf,cfloat,sm_89,128,128,vendor|cta|blocked
getrf,cfloat,sm_89,128,255,vendor|cta|blocked
getrf,cfloat,sm_89,128,256,vendor|cta|blocked
getrf,cfloat,sm_89,128,512,vendor|cta|blocked
getrf,cfloat,sm_89,128,2048,vendor|cta|blocked
getrf,cfloat,sm_89,128,8192,vendor|cta|blocked
getrf,cfloat,sm_89,128,32768,vendor|cta|blocked
getrf,cfloat,sm_89,192,1,vendor|cta|blocked
getrf,cfloat,sm_89,192,8,vendor|cta|blocked
getrf,cfloat,sm_89,192,64,vendor|cta|blocked
getrf,cfloat,sm_89,192,128,vendor|cta|blocked
getrf,cfloat,sm_89,192,255,vendor|cta|blocked
getrf,cfloat,sm_89,192,256,vendor|cta|blocked
getrf,cfloat,sm_89,192,512,vendor|cta|blocked
getrf,cfloat,sm_89,192,2048,vendor|cta|blocked
getrf,cfloat,sm_89,192,8192,vendor|cta|blocked
getrf,cfloat,sm_89,192,32768,vendor|cta|blocked
getrf,cfloat,sm_89,255,1,vendor|cta|blocked
getrf,cfloat,sm_89,255,8,vendor|cta|blocked
getrf,cfloat,sm_89,255,64,vendor|cta|blocked
getrf,cfloat,sm_89,255,128,vendor|cta|blocked
getrf,cfloat,sm_89,255,255,vendor|cta|blocked
getrf,cfloat,sm_89,255,256,vendor|cta|blocked
getrf,cfloat,sm_89,255,512,vendor|cta|blocked
getrf,cfloat,sm_89,255,2048,vendor|cta|blocked
getrf,cfloat,sm_89,255,8192,vendor|cta|blocked
getrf,cfloat,sm_89,255,32768,vendor|cta|blocked
getrf,cfloat,sm_89,256,1,vendor|cta|blocked
getrf,cfloat,sm_89,256,8,vendor|cta|blocked
getrf,cfloat,sm_89,256,64,vendor|cta|blocked
getrf,cfloat,sm_89,256,128,vendor|cta|blocked
getrf,cfloat,sm_89,256,255,vendor|cta|blocked
getrf,cfloat,sm_89,256,256,blocked|vendor|cta
getrf,cfloat,sm_89,256,512,blocked|vendor|cta
getrf,cfloat,sm_89,256,2048,blocked|vendor|cta
getrf,cfloat,sm_89,256,8192,blocked|vendor|cta
getrf,cfloat,sm_89,256,32768,blocked|vendor|cta
getrf,cfloat,sm_89,384,1,vendor|cta|blocked
getrf,cfloat,sm_89,384,8,vendor|cta|blocked
getrf,cfloat,sm_89,384,64,vendor|cta|blocked
getrf,cfloat,sm_89,384,128,vendor|cta|blocked
getrf,cfloat,sm_89,384,255,vendor|cta|blocked
getrf,cfloat,sm_89,384,256,blocked|vendor|cta
getrf,cfloat,sm_89,384,512,blocked|vendor|cta
getrf,cfloat,sm_89,384,2048,blocked|vendor|cta
getrf,cfloat,sm_89,384,8192,blocked|vendor|cta
getrf,cfloat,sm_89,384,32768,blocked|vendor|cta
getrf,cfloat,sm_89,511,1,vendor|cta|blocked
getrf,cfloat,sm_89,511,8,vendor|cta|blocked
getrf,cfloat,sm_89,511,64,vendor|cta|blocked
getrf,cfloat,sm_89,511,128,vendor|cta|blocked
getrf,cfloat,sm_89,511,255,vendor|cta|blocked
getrf,cfloat,sm_89,511,256,blocked|vendor|cta
getrf,cfloat,sm_89,511,512,blocked|vendor|cta
getrf,cfloat,sm_89,511,2048,blocked|vendor|cta
getrf,cfloat,sm_89,511,8192,blocked|vendor|cta
getrf,cfloat,sm_89,511,32768,blocked|vendor|cta
getrf,cfloat,sm_89,512,1,blocked|vendor|cta
getrf,cfloat,sm_89,512,8,blocked|vendor|cta
getrf,cfloat,sm_89,512,64,blocked|vendor|cta
getrf,cfloat,sm_89,512,128,blocked|vendor|cta
getrf,cfloat,sm_89,512,255,blocked|vendor|cta
getrf,cfloat,sm_89,512,256,blocked|vendor|cta
getrf,cfloat,sm_89,512,512,blocked|vendor|cta
getrf,cfloat,sm_89,512,2048,blocked|vendor|cta
getrf,cfloat,sm_89,512,8192,blocked|vendor|cta
getrf,cfloat,sm_89,512,32768,blocked|vendor|cta
getrf,cfloat,sm_89,768,1,blocked|vendor|cta
getrf,cfloat,sm_89,768,8,blocked|vendor|cta
getrf,cfloat,sm_89,768,64,blocked|vendor|cta
getrf,cfloat,sm_89,768,128,blocked|vendor|cta
getrf,cfloat,sm_89,768,255,blocked|vendor|cta
getrf,cfloat,sm_89,768,256,blocked|vendor|cta
getrf,cfloat,sm_89,768,512,blocked|vendor|cta
getrf,cfloat,sm_89,768,2048,blocked|vendor|cta
getrf,cfloat,sm_89,768,8192,blocked|vendor|cta
getrf,cfloat,sm_89,768,32768,blocked|vendor|cta
getrf,cfloat,sm_89,1024,1,blocked|vendor|cta
getrf,cfloat,sm_89,1024,8,blocked|vendor|cta
getrf,cfloat,sm_89,1024,64,blocked|vendor|cta
getrf,cfloat,sm_89,1024,128,blocked|vendor|cta
getrf,cfloat,sm_89,1024,255,blocked|vendor|cta
getrf,cfloat,sm_89,1024,256,blocked|vendor|cta
getrf,cfloat,sm_89,1024,512,blocked|vendor|cta
getrf,cfloat,sm_89,1024,2048,blocked|vendor|cta
getrf,cfloat,sm_89,1024,8192,blocked|vendor|cta
getrf,cfloat,sm_89,1024,32768,blocked|vendor|cta
getrf,cdouble,sm_89,1,1,vendor|cta|tiny|blocked
getrf,cdouble,sm_89,1,8,vendor|cta|tiny|blocked
getrf,cdouble,sm_89,1,64,vendor|cta|tiny|blocked
getrf,cdouble,sm_89,1,128,vendor|cta|tiny|blocked
getrf,cdouble,sm_89,1,255,vendor|cta|tiny|blocked
getrf,cdouble,sm_89,1,256,vendor|cta|tiny|blocked
getrf,cdouble,sm_89,1,512,vendor|cta|tiny|blocked
getrf,cdouble,sm_89,1,2048,vendor|cta|tiny|blocked
getrf,cdouble,sm_89,1,8192,vendor|cta|tiny|blocked
getrf,cdouble,sm_89,1,32768,vendor|cta|tiny|blocked
getrf,cdouble,sm_89,2,1,vendor|cta|tiny|blocked
getrf,cdouble,sm_89,2,8,vendor|cta|tiny|blocked
getrf,cdouble,sm_89,2,64,vendor|cta|tiny|blocked
getrf,cdouble,sm_89,2,128,vendor|cta|tiny|blocked
getrf,cdouble,sm_89,2,255,vendor|cta|tiny|blocked
getrf,cdouble,sm_89,2,256,vendor|cta|tiny|blocked
getrf,cdouble,sm_89,2,512,vendor|cta|tiny|blocked
getrf,cdouble,sm_89,2,2048,vendor|cta|tiny|blocked
getrf,cdouble,sm_89,2,8192,vendor|cta|tiny|blocked
getrf,cdouble,sm_89,2,32768,vendor|cta|tiny|blocked
getrf,cdouble,sm_89,3,1,vendor|cta|tiny|blocked
getrf,cdouble,sm_89,3,8,vendor|cta|tiny|blocked
getrf,cdouble,sm_89,3,64,vendor|cta|tiny|blocked
getrf,cdouble,sm_89,3,128,vendor|cta|tiny|blocked
getrf,cdouble,sm_89,3,255,vendor|cta|tiny|blocked
getrf,cdouble,sm_89,3,256,vendor|cta|tiny|blocked
getrf,cdouble,sm_89,3,512,vendor|cta|tiny|blocked
getrf,cdouble,sm_89,3,2048,vendor|cta|tiny|blocked
getrf,cdouble,sm_89,3,8192,vendor|cta|tiny|blocked
getrf,cdouble,sm_89,3,32768,vendor|cta|tiny|blocked
getrf,cdouble,sm_89,4,1,vendor|cta|tiny|blocked
getrf,cdouble,sm_89,4,8,vendor|cta|tiny|blocked
getrf,cdouble,sm_89,4,64,vendor|cta|tiny|blocked
getrf,cdouble,sm_89,4,128,vendor|cta|tiny|blocked
getrf,cdouble,sm_89,4,255,vendor|cta|tiny|blocked
getrf,cdouble,sm_89,4,256,vendor|cta|tiny|blocked
getrf,cdouble,sm_89,4,512,vendor|cta|tiny|blocked
getrf,cdouble,sm_89,4,2048,vendor|cta|tiny|blocked
getrf,cdouble,sm_89,4,8192,vendor|cta|tiny|blocked
getrf,cdouble,sm_89,4,32768,vendor|cta|tiny|blocked
getrf,cdouble,sm_89,5,1,vendor|cta|tiny|blocked
getrf,cdouble,sm_89,5,8,vendor|cta|tiny|blocked
getrf,cdouble,sm_89,5,64,vendor|cta|tiny|blocked
getrf,cdouble,sm_89,5,128,vendor|cta|tiny|blocked
getrf,cdouble,sm_89,5,255,vendor|cta|tiny|blocked
getrf,cdouble,sm_89,5,256,vendor|cta|tiny|blocked
getrf,cdouble,sm_89,5,512,vendor|cta|tiny|blocked
getrf,cdouble,sm_89,5,2048,vendor|cta|tiny|blocked
getrf,cdouble,sm_89,5,8192,vendor|cta|tiny|blocked
getrf,cdouble,sm_89,5,32768,vendor|cta|tiny|blocked
getrf,cdouble,sm_89,6,1,vendor|cta|tiny|blocked
getrf,cdouble,sm_89,6,8,vendor|cta|tiny|blocked
getrf,cdouble,sm_89,6,64,vendor|cta|tiny|blocked
getrf,cdouble,sm_89,6,128,vendor|cta|tiny|blocked
getrf,cdouble,sm_89,6,255,vendor|cta|tiny|blocked
getrf,cdouble,sm_89,6,256,vendor|cta|tiny|blocked
getrf,cdouble,sm_89,6,512,vendor|cta|tiny|blocked
getrf,cdouble,sm_89,6,2048,vendor|cta|tiny|blocked
getrf,cdouble,sm_89,6,8192,vendor|cta|tiny|blocked
getrf,cdouble,sm_89,6,32768,vendor|cta|tiny|blocked
getrf,cdouble,sm_89,7,1,vendor|cta|tiny|blocked
getrf,cdouble,sm_89,7,8,vendor|cta|tiny|blocked
getrf,cdouble,sm_89,7,64,vendor|cta|tiny|blocked
getrf,cdouble,sm_89,7,128,vendor|cta|tiny|blocked
getrf,cdouble,sm_89,7,255,vendor|cta|tiny|blocked
getrf,cdouble,sm_89,7,256,vendor|cta|tiny|blocked
getrf,cdouble,sm_89,7,512,vendor|cta|tiny|blocked
getrf,cdouble,sm_89,7,2048,vendor|cta|tiny|blocked
getrf,cdouble,sm_89,7,8192,vendor|cta|tiny|blocked
getrf,cdouble,sm_89,7,32768,vendor|cta|tiny|blocked
getrf,cdouble,sm_89,8,1,vendor|cta|tiny|blocked
getrf,cdouble,sm_89,8,8,vendor|cta|tiny|blocked
getrf,cdouble,sm_89,8,64,vendor|cta|tiny|blocked
getrf,cdouble,sm_89,8,128,vendor|cta|tiny|blocked
getrf,cdouble,sm_89,8,255,vendor|cta|tiny|blocked
getrf,cdouble,sm_89,8,256,vendor|cta|tiny|blocked
getrf,cdouble,sm_89,8,512,vendor|cta|tiny|blocked
getrf,cdouble,sm_89,8,2048,vendor|cta|tiny|blocked
getrf,cdouble,sm_89,8,8192,vendor|cta|tiny|blocked
getrf,cdouble,sm_89,8,32768,vendor|cta|tiny|blocked
getrf,cdouble,sm_89,9,1,vendor|cta|tiny|blocked
getrf,cdouble,sm_89,9,8,vendor|cta|tiny|blocked
getrf,cdouble,sm_89,9,64,vendor|cta|tiny|blocked
getrf,cdouble,sm_89,9,128,vendor|cta|tiny|blocked
getrf,cdouble,sm_89,9,255,vendor|cta|tiny|blocked
getrf,cdouble,sm_89,9,256,vendor|cta|tiny|blocked
getrf,cdouble,sm_89,9,512,vendor|cta|tiny|blocked
getrf,cdouble,sm_89,9,2048,vendor|cta|tiny|blocked
getrf,cdouble,sm_89,9,8192,vendor|cta|tiny|blocked
getrf,cdouble,sm_89,9,32768,vendor|cta|tiny|blocked
getrf,cdouble,sm_89,12,1,vendor|cta|tiny|blocked
getrf,cdouble,sm_89,12,8,vendor|cta|tiny|blocked
getrf,cdouble,sm_89,12,64,vendor|cta|tiny|blocked
getrf,cdouble,sm_89,12,128,vendor|cta|tiny|blocked
getrf,cdouble,sm_89,12,255,vendor|cta|tiny|blocked
getrf,cdouble,sm_89,12,256,vendor|cta|tiny|blocked
getrf,cdouble,sm_89,12,512,vendor|cta|tiny|blocked
getrf,cdouble,sm_89,12,2048,vendor|cta|tiny|blocked
getrf,cdouble,sm_89,12,8192,vendor|cta|tiny|blocked
getrf,cdouble,sm_89,12,32768,vendor|cta|tiny|blocked
getrf,cdouble,sm_89,16,1,vendor|cta|tiny|blocked
getrf,cdouble,sm_89,16,8,vendor|cta|tiny|blocked
getrf,cdouble,sm_89,16,64,vendor|cta|tiny|blocked
getrf,cdouble,sm_89,16,128,vendor|cta|tiny|blocked
getrf,cdouble,sm_89,16,255,vendor|cta|tiny|blocked
getrf,cdouble,sm_89,16,256,vendor|cta|tiny|blocked
getrf,cdouble,sm_89,16,512,vendor|cta|tiny|blocked
getrf,cdouble,sm_89,16,2048,vendor|cta|tiny|blocked
getrf,cdouble,sm_89,16,8192,vendor|cta|tiny|blocked
getrf,cdouble,sm_89,16,32768,vendor|cta|tiny|blocked
getrf,cdouble,sm_89,17,1,vendor|cta|blocked
getrf,cdouble,sm_89,17,8,vendor|cta|blocked
getrf,cdouble,sm_89,17,64,vendor|cta|blocked
getrf,cdouble,sm_89,17,128,vendor|cta|blocked
getrf,cdouble,sm_89,17,255,vendor|cta|blocked
getrf,cdouble,sm_89,17,256,vendor|cta|blocked
getrf,cdouble,sm_89,17,512,vendor|cta|blocked
getrf,cdouble,sm_89,17,2048,vendor|cta|blocked
getrf,cdouble,sm_89,17,8192,vendor|cta|blocked
getrf,cdouble,sm_89,17,32768,vendor|cta|blocked
getrf,cdouble,sm_89,24,1,vendor|cta|blocked
getrf,cdouble,sm_89,24,8,vendor|cta|blocked
getrf,cdouble,sm_89,24,64,vendor|cta|blocked
getrf,cdouble,sm_89,24,128,vendor|cta|blocked
getrf,cdouble,sm_89,24,255,vendor|cta|blocked
getrf,cdouble,sm_89,24,256,vendor|cta|blocked
getrf,cdouble,sm_89,24,512,vendor|cta|blocked
getrf,cdouble,sm_89,24,2048,vendor|cta|blocked
getrf,cdouble,sm_89,24,8192,vendor|cta|blocked
getrf,cdouble,sm_89,24,32768,vendor|cta|blocked
getrf,cdouble,sm_89,25,1,vendor|cta|blocked
getrf,cdouble,sm_89,25,8,vendor|cta|blocked
getrf,cdouble,sm_89,25,64,vendor|cta|blocked
getrf,cdouble,sm_89,25,128,vendor|cta|blocked
getrf,cdouble,sm_89,25,255,vendor|cta|blocked
getrf,cdouble,sm_89,25,256,vendor|cta|blocked
getrf,cdouble,sm_89,25,512,vendor|cta|blocked
getrf,cdouble,sm_89,25,2048,vendor|cta|blocked
getrf,cdouble,sm_89,25,8192,vendor|cta|blocked
getrf,cdouble,sm_89,25,32768,vendor|cta|blocked
getrf,cdouble,sm_89,32,1,vendor|cta|blocked
getrf,cdouble,sm_89,32,8,vendor|cta|blocked
getrf,cdouble,sm_89,32,64,vendor|cta|blocked
getrf,cdouble,sm_89,32,128,vendor|cta|blocked
getrf,cdouble,sm_89,32,255,vendor|cta|blocked
getrf,cdouble,sm_89,32,256,vendor|cta|blocked
getrf,cdouble,sm_89,32,512,vendor|cta|blocked
getrf,cdouble,sm_89,32,2048,vendor|cta|blocked
getrf,cdouble,sm_89,32,8192,vendor|cta|blocked
getrf,cdouble,sm_89,32,32768,vendor|cta|blocked
getrf,cdouble,sm_89,33,1,vendor|cta|blocked
getrf,cdouble,sm_89,33,8,vendor|cta|blocked
getrf,cdouble,sm_89,33,64,vendor|cta|blocked
getrf,cdouble,sm_89,33,128,vendor|cta|blocked
getrf,cdouble,sm_89,33,255,vendor|cta|blocked
getrf,cdouble,sm_89,33,256,vendor|cta|blocked
getrf,cdouble,sm_89,33,512,vendor|cta|blocked
getrf,cdouble,sm_89,33,2048,vendor|cta|blocked
getrf,cdouble,sm_89,33,8192,vendor|cta|blocked
getrf,cdouble,sm_89,33,32768,vendor|cta|blocked
getrf,cdouble,sm_89,48,1,vendor|cta|blocked
getrf,cdouble,sm_89,48,8,vendor|cta|blocked
getrf,cdouble,sm_89,48,64,vendor|cta|blocked
getrf,cdouble,sm_89,48,128,vendor|cta|blocked
getrf,cdouble,sm_89,48,255,vendor|cta|blocked
getrf,cdouble,sm_89,48,256,vendor|cta|blocked
getrf,cdouble,sm_89,48,512,vendor|cta|blocked
getrf,cdouble,sm_89,48,2048,vendor|cta|blocked
getrf,cdouble,sm_89,48,8192,vendor|cta|blocked
getrf,cdouble,sm_89,48,32768,vendor|cta|blocked
getrf,cdouble,sm_89,64,1,vendor|cta|blocked
getrf,cdouble,sm_89,64,8,vendor|cta|blocked
getrf,cdouble,sm_89,64,64,vendor|cta|blocked
getrf,cdouble,sm_89,64,128,vendor|cta|blocked
getrf,cdouble,sm_89,64,255,vendor|cta|blocked
getrf,cdouble,sm_89,64,256,vendor|cta|blocked
getrf,cdouble,sm_89,64,512,vendor|cta|blocked
getrf,cdouble,sm_89,64,2048,vendor|cta|blocked
getrf,cdouble,sm_89,64,8192,vendor|cta|blocked
getrf,cdouble,sm_89,64,32768,vendor|cta|blocked
getrf,cdouble,sm_89,96,1,vendor|cta|blocked
getrf,cdouble,sm_89,96,8,vendor|cta|blocked
getrf,cdouble,sm_89,96,64,vendor|cta|blocked
getrf,cdouble,sm_89,96,128,vendor|cta|blocked
getrf,cdouble,sm_89,96,255,vendor|cta|blocked
getrf,cdouble,sm_89,96,256,vendor|cta|blocked
getrf,cdouble,sm_89,96,512,vendor|cta|blocked
getrf,cdouble,sm_89,96,2048,vendor|cta|blocked
getrf,cdouble,sm_89,96,8192,vendor|cta|blocked
getrf,cdouble,sm_89,96,32768,vendor|cta|blocked
getrf,cdouble,sm_89,128,1,vendor|cta|blocked
getrf,cdouble,sm_89,128,8,vendor|cta|blocked
getrf,cdouble,sm_89,128,64,vendor|cta|blocked
getrf,cdouble,sm_89,128,128,vendor|cta|blocked
getrf,cdouble,sm_89,128,255,vendor|cta|blocked
getrf,cdouble,sm_89,128,256,vendor|cta|blocked
getrf,cdouble,sm_89,128,512,vendor|cta|blocked
getrf,cdouble,sm_89,128,2048,vendor|cta|blocked
getrf,cdouble,sm_89,128,8192,vendor|cta|blocked
getrf,cdouble,sm_89,128,32768,vendor|cta|blocked
getrf,cdouble,sm_89,192,1,vendor|cta|blocked
getrf,cdouble,sm_89,192,8,vendor|cta|blocked
getrf,cdouble,sm_89,192,64,vendor|cta|blocked
getrf,cdouble,sm_89,192,128,vendor|cta|blocked
getrf,cdouble,sm_89,192,255,vendor|cta|blocked
getrf,cdouble,sm_89,192,256,vendor|cta|blocked
getrf,cdouble,sm_89,192,512,vendor|cta|blocked
getrf,cdouble,sm_89,192,2048,vendor|cta|blocked
getrf,cdouble,sm_89,192,8192,vendor|cta|blocked
getrf,cdouble,sm_89,192,32768,vendor|cta|blocked
getrf,cdouble,sm_89,255,1,vendor|cta|blocked
getrf,cdouble,sm_89,255,8,vendor|cta|blocked
getrf,cdouble,sm_89,255,64,vendor|cta|blocked
getrf,cdouble,sm_89,255,128,vendor|cta|blocked
getrf,cdouble,sm_89,255,255,vendor|cta|blocked
getrf,cdouble,sm_89,255,256,vendor|cta|blocked
getrf,cdouble,sm_89,255,512,vendor|cta|blocked
getrf,cdouble,sm_89,255,2048,vendor|cta|blocked
getrf,cdouble,sm_89,255,8192,vendor|cta|blocked
getrf,cdouble,sm_89,255,32768,vendor|cta|blocked
getrf,cdouble,sm_89,256,1,vendor|cta|blocked
getrf,cdouble,sm_89,256,8,vendor|cta|blocked
getrf,cdouble,sm_89,256,64,vendor|cta|blocked
getrf,cdouble,sm_89,256,128,vendor|cta|blocked
getrf,cdouble,sm_89,256,255,vendor|cta|blocked
getrf,cdouble,sm_89,256,256,vendor|cta|blocked
getrf,cdouble,sm_89,256,512,vendor|cta|blocked
getrf,cdouble,sm_89,256,2048,vendor|cta|blocked
getrf,cdouble,sm_89,256,8192,vendor|cta|blocked
getrf,cdouble,sm_89,256,32768,vendor|cta|blocked
getrf,cdouble,sm_89,384,1,vendor|cta|blocked
getrf,cdouble,sm_89,384,8,vendor|cta|blocked
getrf,cdouble,sm_89,384,64,vendor|cta|blocked
getrf,cdouble,sm_89,384,128,vendor|cta|blocked
getrf,cdouble,sm_89,384,255,vendor|cta|blocked
getrf,cdouble,sm_89,384,256,vendor|cta|blocked
getrf,cdouble,sm_89,384,512,vendor|cta|blocked
getrf,cdouble,sm_89,384,2048,vendor|cta|blocked
getrf,cdouble,sm_89,384,8192,vendor|cta|blocked
getrf,cdouble,sm_89,384,32768,vendor|cta|blocked
getrf,cdouble,sm_89,511,1,vendor|cta|blocked
getrf,cdouble,sm_89,511,8,vendor|cta|blocked
getrf,cdouble,sm_89,511,64,vendor|cta|blocked
getrf,cdouble,sm_89,511,128,vendor|cta|blocked
getrf,cdouble,sm_89,511,255,vendor|cta|blocked
getrf,cdouble,sm_89,511,256,vendor|cta|blocked
getrf,cdouble,sm_89,511,512,vendor|cta|blocked
getrf,cdouble,sm_89,511,2048,vendor|cta|blocked
getrf,cdouble,sm_89,511,8192,vendor|cta|blocked
getrf,cdouble,sm_89,511,32768,vendor|cta|blocked
getrf,cdouble,sm_89,512,1,vendor|cta|blocked
getrf,cdouble,sm_89,512,8,vendor|cta|blocked
getrf,cdouble,sm_89,512,64,vendor|cta|blocked
getrf,cdouble,sm_89,512,128,vendor|cta|blocked
getrf,cdouble,sm_89,512,255,vendor|cta|blocked
getrf,cdouble,sm_89,512,256,vendor|cta|blocked
getrf,cdouble,sm_89,512,512,vendor|cta|blocked
getrf,cdouble,sm_89,512,2048,vendor|cta|blocked
getrf,cdouble,sm_89,512,8192,vendor|cta|blocked
getrf,cdouble,sm_89,512,32768,vendor|cta|blocked
getrf,cdouble,sm_89,768,1,vendor|cta|blocked
getrf,cdouble,sm_89,768,8,vendor|cta|blocked
getrf,cdouble,sm_89,768,64,vendor|cta|blocked
getrf,cdouble,sm_89,768,128,vendor|cta|blocked
getrf,cdouble,sm_89,768,255,vendor|cta|blocked
getrf,cdouble,sm_89,768,256,vendor|cta|blocked
getrf,cdouble,sm_89,768,512,vendor|cta|blocked
getrf,cdouble,sm_89,768,2048,vendor|cta|blocked
getrf,cdouble,sm_89,768,8192,vendor|cta|blocked
getrf,cdouble,sm_89,768,32768,vendor|cta|blocked
getrf,cdouble,sm_89,1024,1,vendor|cta|blocked
getrf,cdouble,sm_89,1024,8,vendor|cta|blocked
getrf,cdouble,sm_89,1024,64,vendor|cta|blocked
getrf,cdouble,sm_89,1024,128,vendor|cta|blocked
getrf,cdouble,sm_89,1024,255,vendor|cta|blocked
getrf,cdouble,sm_89,1024,256,vendor|cta|blocked
getrf,cdouble,sm_89,1024,512,vendor|cta|blocked
getrf,cdouble,sm_89,1024,2048,vendor|cta|blocked
getrf,cdouble,sm_89,1024,8192,vendor|cta|blocked
getrf,cdouble,sm_89,1024,32768,vendor|cta|blocked
getrf,float,sm_120,1,1,vendor|tiny|cta|blocked
getrf,float,sm_120,1,8,vendor|tiny|cta|blocked
getrf,float,sm_120,1,64,vendor|tiny|cta|blocked
getrf,float,sm_120,1,128,vendor|tiny|cta|blocked
getrf,float,sm_120,1,255,vendor|tiny|cta|blocked
getrf,float,sm_120,1,256,vendor|tiny|cta|blocked
getrf,float,sm_120,1,512,vendor|tiny|cta|blocked
getrf,float,sm_120,1,2048,vendor|tiny|cta|blocked
getrf,float,sm_120,1,8192,vendor|tiny|cta|blocked
getrf,float,sm_120,1,32768,vendor|tiny|cta|blocked
getrf,float,sm_120,2,1,vendor|tiny|cta|blocked
getrf,float,sm_120,2,8,vendor|tiny|cta|blocked
getrf,float,sm_120,2,64,vendor|tiny|cta|blocked
getrf,float,sm_120,2,128,vendor|tiny|cta|blocked
getrf,float,sm_120,2,255,vendor|tiny|cta|blocked
getrf,float,sm_120,2,256,vendor|tiny|cta|blocked
getrf,float,sm_120,2,512,vendor|tiny|cta|blocked
getrf,float,sm_120,2,2048,vendor|tiny|cta|blocked
getrf,float,sm_120,2,8192,vendor|tiny|cta|blocked
getrf,float,sm_120,2,32768,vendor|tiny|cta|blocked
getrf,float,sm_120,3,1,vendor|tiny|cta|blocked
getrf,float,sm_120,3,8,vendor|tiny|cta|blocked
getrf,float,sm_120,3,64,vendor|tiny|cta|blocked
getrf,float,sm_120,3,128,vendor|tiny|cta|blocked
getrf,float,sm_120,3,255,vendor|tiny|cta|blocked
getrf,float,sm_120,3,256,vendor|tiny|cta|blocked
getrf,float,sm_120,3,512,vendor|tiny|cta|blocked
getrf,float,sm_120,3,2048,vendor|tiny|cta|blocked
getrf,float,sm_120,3,8192,vendor|tiny|cta|blocked
getrf,float,sm_120,3,32768,vendor|tiny|cta|blocked
getrf,float,sm_120,4,1,vendor|tiny|cta|blocked
getrf,float,sm_120,4,8,vendor|tiny|cta|blocked
getrf,float,sm_120,4,64,vendor|tiny|cta|blocked
getrf,float,sm_120,4,128,vendor|tiny|cta|blocked
getrf,float,sm_120,4,255,vendor|tiny|cta|blocked
getrf,float,sm_120,4,256,vendor|tiny|cta|blocked
getrf,float,sm_120,4,512,vendor|tiny|cta|blocked
getrf,float,sm_120,4,2048,vendor|tiny|cta|blocked
getrf,float,sm_120,4,8192,vendor|tiny|cta|blocked
getrf,float,sm_120,4,32768,vendor|tiny|cta|blocked
getrf,float,sm_120,5,1,tiny|vendor|cta|blocked
getrf,float,sm_120,5,8,tiny|vendor|cta|blocked
getrf,float,sm_120,5,64,tiny|vendor|cta|blocked
getrf,float,sm_120,5,128,tiny|vendor|cta|blocked
getrf,float,sm_120,5,255,tiny|vendor|cta|blocked
getrf,float,sm_120,5,256,tiny|vendor|cta|blocked
getrf,float,sm_120,5,512,tiny|vendor|cta|blocked
getrf,float,sm_120,5,2048,tiny|vendor|cta|blocked
getrf,float,sm_120,5,8192,tiny|vendor|cta|blocked
getrf,float,sm_120,5,32768,tiny|vendor|cta|blocked
getrf,float,sm_120,6,1,tiny|vendor|cta|blocked
getrf,float,sm_120,6,8,tiny|vendor|cta|blocked
getrf,float,sm_120,6,64,tiny|vendor|cta|blocked
getrf,float,sm_120,6,128,tiny|vendor|cta|blocked
getrf,float,sm_120,6,255,tiny|vendor|cta|blocked
getrf,float,sm_120,6,256,tiny|vendor|cta|blocked
getrf,float,sm_120,6,512,tiny|vendor|cta|blocked
getrf,float,sm_120,6,2048,tiny|vendor|cta|blocked
getrf,float,sm_120,6,8192,tiny|vendor|cta|blocked
getrf,float,sm_120,6,32768,tiny|vendor|cta|blocked
getrf,float,sm_120,7,1,tiny|vendor|cta|blocked
getrf,float,sm_120,7,8,tiny|vendor|cta|blocked
getrf,float,sm_120,7,64,tiny|vendor|cta|blocked
getrf,float,sm_120,7,128,tiny|vendor|cta|blocked
getrf,float,sm_120,7,255,tiny|vendor|cta|blocked
getrf,float,sm_120,7,256,tiny|vendor|cta|blocked
getrf,float,sm_120,7,512,tiny|vendor|cta|blocked
getrf,float,sm_120,7,2048,tiny|vendor|cta|blocked
getrf,float,sm_120,7,8192,tiny|vendor|cta|blocked
getrf,float,sm_120,7,32768,tiny|vendor|cta|blocked
getrf,float,sm_120,8,1,tiny|vendor|cta|blocked
getrf,float,sm_120,8,8,tiny|vendor|cta|blocked
getrf,float,sm_120,8,64,tiny|vendor|cta|blocked
getrf,float,sm_120,8,128,tiny|vendor|cta|blocked
getrf,float,sm_120,8,255,tiny|vendor|cta|blocked
getrf,float,sm_120,8,256,tiny|vendor|cta|blocked
getrf,float,sm_120,8,512,tiny|vendor|cta|blocked
getrf,float,sm_120,8,2048,tiny|vendor|cta|blocked
getrf,float,sm_120,8,8192,tiny|vendor|cta|blocked
getrf,float,sm_120,8,32768,tiny|vendor|cta|blocked
getrf,float,sm_120,9,1,tiny|vendor|cta|blocked
getrf,float,sm_120,9,8,tiny|vendor|cta|blocked
getrf,float,sm_120,9,64,tiny|vendor|cta|blocked
getrf,float,sm_120,9,128,tiny|vendor|cta|blocked
getrf,float,sm_120,9,255,tiny|vendor|cta|blocked
getrf,float,sm_120,9,256,tiny|vendor|cta|blocked
getrf,float,sm_120,9,512,tiny|vendor|cta|blocked
getrf,float,sm_120,9,2048,tiny|vendor|cta|blocked
getrf,float,sm_120,9,8192,tiny|vendor|cta|blocked
getrf,float,sm_120,9,32768,tiny|vendor|cta|blocked
getrf,float,sm_120,12,1,tiny|vendor|cta|blocked
getrf,float,sm_120,12,8,tiny|vendor|cta|blocked
getrf,float,sm_120,12,64,tiny|vendor|cta|blocked
getrf,float,sm_120,12,128,tiny|vendor|cta|blocked
getrf,float,sm_120,12,255,tiny|vendor|cta|blocked
getrf,float,sm_120,12,256,tiny|vendor|cta|blocked
getrf,float,sm_120,12,512,tiny|vendor|cta|blocked
getrf,float,sm_120,12,2048,tiny|vendor|cta|blocked
getrf,float,sm_120,12,8192,tiny|vendor|cta|blocked
getrf,float,sm_120,12,32768,tiny|vendor|cta|blocked
getrf,float,sm_120,16,1,tiny|vendor|cta|blocked
getrf,float,sm_120,16,8,tiny|vendor|cta|blocked
getrf,float,sm_120,16,64,tiny|vendor|cta|blocked
getrf,float,sm_120,16,128,tiny|vendor|cta|blocked
getrf,float,sm_120,16,255,tiny|vendor|cta|blocked
getrf,float,sm_120,16,256,tiny|vendor|cta|blocked
getrf,float,sm_120,16,512,tiny|vendor|cta|blocked
getrf,float,sm_120,16,2048,tiny|vendor|cta|blocked
getrf,float,sm_120,16,8192,tiny|vendor|cta|blocked
getrf,float,sm_120,16,32768,tiny|vendor|cta|blocked
getrf,float,sm_120,17,1,tiny|vendor|cta|blocked
getrf,float,sm_120,17,8,tiny|vendor|cta|blocked
getrf,float,sm_120,17,64,tiny|vendor|cta|blocked
getrf,float,sm_120,17,128,tiny|vendor|cta|blocked
getrf,float,sm_120,17,255,tiny|vendor|cta|blocked
getrf,float,sm_120,17,256,tiny|vendor|cta|blocked
getrf,float,sm_120,17,512,tiny|vendor|cta|blocked
getrf,float,sm_120,17,2048,tiny|vendor|cta|blocked
getrf,float,sm_120,17,8192,tiny|vendor|cta|blocked
getrf,float,sm_120,17,32768,tiny|vendor|cta|blocked
getrf,float,sm_120,24,1,tiny|vendor|cta|blocked
getrf,float,sm_120,24,8,tiny|vendor|cta|blocked
getrf,float,sm_120,24,64,tiny|vendor|cta|blocked
getrf,float,sm_120,24,128,tiny|vendor|cta|blocked
getrf,float,sm_120,24,255,tiny|vendor|cta|blocked
getrf,float,sm_120,24,256,tiny|vendor|cta|blocked
getrf,float,sm_120,24,512,tiny|vendor|cta|blocked
getrf,float,sm_120,24,2048,tiny|vendor|cta|blocked
getrf,float,sm_120,24,8192,tiny|vendor|cta|blocked
getrf,float,sm_120,24,32768,tiny|vendor|cta|blocked
getrf,float,sm_120,25,1,tiny|vendor|cta|blocked
getrf,float,sm_120,25,8,tiny|vendor|cta|blocked
getrf,float,sm_120,25,64,tiny|vendor|cta|blocked
getrf,float,sm_120,25,128,tiny|vendor|cta|blocked
getrf,float,sm_120,25,255,tiny|vendor|cta|blocked
getrf,float,sm_120,25,256,tiny|vendor|cta|blocked
getrf,float,sm_120,25,512,tiny|vendor|cta|blocked
getrf,float,sm_120,25,2048,tiny|vendor|cta|blocked
getrf,float,sm_120,25,8192,tiny|vendor|cta|blocked
getrf,float,sm_120,25,32768,tiny|vendor|cta|blocked
getrf,float,sm_120,32,1,tiny|vendor|cta|blocked
getrf,float,sm_120,32,8,tiny|vendor|cta|blocked
getrf,float,sm_120,32,64,tiny|vendor|cta|blocked
getrf,float,sm_120,32,128,tiny|vendor|cta|blocked
getrf,float,sm_120,32,255,tiny|vendor|cta|blocked
getrf,float,sm_120,32,256,tiny|vendor|cta|blocked
getrf,float,sm_120,32,512,tiny|vendor|cta|blocked
getrf,float,sm_120,32,2048,tiny|vendor|cta|blocked
getrf,float,sm_120,32,8192,tiny|vendor|cta|blocked
getrf,float,sm_120,32,32768,tiny|vendor|cta|blocked
getrf,float,sm_120,33,1,vendor|cta|blocked
getrf,float,sm_120,33,8,vendor|cta|blocked
getrf,float,sm_120,33,64,vendor|cta|blocked
getrf,float,sm_120,33,128,vendor|cta|blocked
getrf,float,sm_120,33,255,vendor|cta|blocked
getrf,float,sm_120,33,256,vendor|cta|blocked
getrf,float,sm_120,33,512,vendor|cta|blocked
getrf,float,sm_120,33,2048,vendor|cta|blocked
getrf,float,sm_120,33,8192,vendor|cta|blocked
getrf,float,sm_120,33,32768,vendor|cta|blocked
getrf,float,sm_120,48,1,vendor|cta|blocked
getrf,float,sm_120,48,8,vendor|cta|blocked
getrf,float,sm_120,48,64,vendor|cta|blocked
getrf,float,sm_120,48,128,vendor|cta|blocked
getrf,float,sm_120,48,255,vendor|cta|blocked
getrf,float,sm_120,48,256,vendor|cta|blocked
getrf,float,sm_120,48,512,vendor|cta|blocked
getrf,float,sm_120,48,2048,vendor|cta|blocked
getrf,float,sm_120,48,8192,vendor|cta|blocked
getrf,float,sm_120,48,32768,vendor|cta|blocked
getrf,float,sm_120,64,1,vendor|cta|blocked
getrf,float,sm_120,64,8,vendor|cta|blocked
getrf,float,sm_120,64,64,vendor|cta|blocked
getrf,float,sm_120,64,128,vendor|cta|blocked
getrf,float,sm_120,64,255,vendor|cta|blocked
getrf,float,sm_120,64,256,vendor|cta|blocked
getrf,float,sm_120,64,512,vendor|cta|blocked
getrf,float,sm_120,64,2048,vendor|cta|blocked
getrf,float,sm_120,64,8192,vendor|cta|blocked
getrf,float,sm_120,64,32768,vendor|cta|blocked
getrf,float,sm_120,96,1,vendor|cta|blocked
getrf,float,sm_120,96,8,vendor|cta|blocked
getrf,float,sm_120,96,64,vendor|cta|blocked
getrf,float,sm_120,96,128,vendor|cta|blocked
getrf,float,sm_120,96,255,vendor|cta|blocked
getrf,float,sm_120,96,256,vendor|cta|blocked
getrf,float,sm_120,96,512,vendor|cta|blocked
getrf,float,sm_120,96,2048,vendor|cta|blocked
getrf,float,sm_120,96,8192,vendor|cta|blocked
getrf,float,sm_120,96,32768,vendor|cta|blocked
getrf,float,sm_120,128,1,vendor|cta|blocked
getrf,float,sm_120,128,8,vendor|cta|blocked
getrf,float,sm_120,128,64,vendor|cta|blocked
getrf,float,sm_120,128,128,vendor|cta|blocked
getrf,float,sm_120,128,255,vendor|cta|blocked
getrf,float,sm_120,128,256,vendor|cta|blocked
getrf,float,sm_120,128,512,vendor|cta|blocked
getrf,float,sm_120,128,2048,vendor|cta|blocked
getrf,float,sm_120,128,8192,vendor|cta|blocked
getrf,float,sm_120,128,32768,vendor|cta|blocked
getrf,float,sm_120,192,1,vendor|cta|blocked
getrf,float,sm_120,192,8,vendor|cta|blocked
getrf,float,sm_120,192,64,vendor|cta|blocked
getrf,float,sm_120,192,128,vendor|cta|blocked
getrf,float,sm_120,192,255,vendor|cta|blocked
getrf,float,sm_120,192,256,vendor|cta|blocked
getrf,float,sm_120,192,512,vendor|cta|blocked
getrf,float,sm_120,192,2048,vendor|cta|blocked
getrf,float,sm_120,192,8192,vendor|cta|blocked
getrf,float,sm_120,192,32768,vendor|cta|blocked
getrf,float,sm_120,255,1,vendor|cta|blocked
getrf,float,sm_120,255,8,vendor|cta|blocked
getrf,float,sm_120,255,64,vendor|cta|blocked
getrf,float,sm_120,255,128,vendor|cta|blocked
getrf,float,sm_120,255,255,vendor|cta|blocked
getrf,float,sm_120,255,256,vendor|cta|blocked
getrf,float,sm_120,255,512,vendor|cta|blocked
getrf,float,sm_120,255,2048,vendor|cta|blocked
getrf,float,sm_120,255,8192,vendor|cta|blocked
getrf,float,sm_120,255,32768,vendor|cta|blocked
getrf,float,sm_120,256,1,blocked|vendor|cta
getrf,float,sm_120,256,8,blocked|vendor|cta
getrf,float,sm_120,256,64,blocked|vendor|cta
getrf,float,sm_120,256,128,blocked|vendor|cta
getrf,float,sm_120,256,255,blocked|vendor|cta
getrf,float,sm_120,256,256,blocked|vendor|cta
getrf,float,sm_120,256,512,blocked|vendor|cta
getrf,float,sm_120,256,2048,blocked|vendor|cta
getrf,float,sm_120,256,8192,blocked|vendor|cta
getrf,float,sm_120,256,32768,blocked|vendor|cta
getrf,float,sm_120,384,1,blocked|vendor|cta
getrf,float,sm_120,384,8,blocked|vendor|cta
getrf,float,sm_120,384,64,blocked|vendor|cta
getrf,float,sm_120,384,128,blocked|vendor|cta
getrf,float,sm_120,384,255,blocked|vendor|cta
getrf,float,sm_120,384,256,blocked|vendor|cta
getrf,float,sm_120,384,512,blocked|vendor|cta
getrf,float,sm_120,384,2048,blocked|vendor|cta
getrf,float,sm_120,384,8192,blocked|vendor|cta
getrf,float,sm_120,384,32768,blocked|vendor|cta
getrf,float,sm_120,511,1,blocked|vendor|cta
getrf,float,sm_120,511,8,blocked|vendor|cta
getrf,float,sm_120,511,64,blocked|vendor|cta
getrf,float,sm_120,511,128,blocked|vendor|cta
getrf,float,sm_120,511,255,blocked|vendor|cta
getrf,float,sm_120,511,256,blocked|vendor|cta
getrf,float,sm_120,511,512,blocked|vendor|cta
getrf,float,sm_120,511,2048,blocked|vendor|cta
getrf,float,sm_120,511,8192,blocked|vendor|cta
getrf,float,sm_120,511,32768,blocked|vendor|cta
getrf,float,sm_120,512,1,blocked|vendor|cta
getrf,float,sm_120,512,8,blocked|vendor|cta
getrf,float,sm_120,512,64,blocked|vendor|cta
getrf,float,sm_120,512,128,blocked|vendor|cta
getrf,float,sm_120,512,255,blocked|vendor|cta
getrf,float,sm_120,512,256,blocked|vendor|cta
getrf,float,sm_120,512,512,blocked|vendor|cta
getrf,float,sm_120,512,2048,blocked|vendor|cta
getrf,float,sm_120,512,8192,blocked|vendor|cta
getrf,float,sm_120,512,32768,blocked|vendor|cta
getrf,float,sm_120,768,1,blocked|vendor|cta
getrf,float,sm_120,768,8,blocked|vendor|cta
getrf,float,sm_120,768,64,blocked|vendor|cta
getrf,float,sm_120,768,128,blocked|vendor|cta
getrf,float,sm_120,768,255,blocked|vendor|cta
getrf,float,sm_120,768,256,blocked|vendor|cta
getrf,float,sm_120,768,512,blocked|vendor|cta
getrf,float,sm_120,768,2048,blocked|vendor|cta
getrf,float,sm_120,768,8192,blocked|vendor|cta
getrf,float,sm_120,768,32768,blocked|vendor|cta
getrf,float,sm_120,1024,1,blocked|vendor|cta
getrf,float,sm_120,1024,8,blocked|vendor|cta
getrf,float,sm_120,1024,64,blocked|vendor|cta
getrf,float,sm_120,1024,128,blocked|vendor|cta
getrf,float,sm_120,1024,255,blocked|vendor|cta
getrf,float,sm_120,1024,256,blocked|vendor|cta
getrf,float,sm_120,1024,512,blocked|vendor|cta
getrf,float,sm_120,1024,2048,blocked|vendor|cta
getrf,float,sm_120,1024,8192,blocked|vendor|cta
getrf,float,sm_120,1024,32768,blocked|vendor|cta
getrf,double,sm_120,1,1,vendor|cta|tiny|blocked
getrf,double,sm_120,1,8,vendor|cta|tiny|blocked
getrf,double,sm_120,1,64,vendor|cta|tiny|blocked
getrf,double,sm_120,1,128,vendor|cta|tiny|blocked
getrf,double,sm_120,1,255,vendor|cta|tiny|blocked
getrf,double,sm_120,1,256,vendor|cta|tiny|blocked
getrf,double,sm_120,1,512,vendor|cta|tiny|blocked
getrf,double,sm_120,1,2048,vendor|cta|tiny|blocked
getrf,double,sm_120,1,8192,vendor|cta|tiny|blocked
getrf,double,sm_120,1,32768,vendor|cta|tiny|blocked
getrf,double,sm_120,2,1,vendor|cta|tiny|blocked
getrf,double,sm_120,2,8,vendor|cta|tiny|blocked
getrf,double,sm_120,2,64,vendor|cta|tiny|blocked
getrf,double,sm_120,2,128,vendor|cta|tiny|blocked
getrf,double,sm_120,2,255,vendor|cta|tiny|blocked
getrf,double,sm_120,2,256,vendor|cta|tiny|blocked
getrf,double,sm_120,2,512,vendor|cta|tiny|blocked
getrf,double,sm_120,2,2048,vendor|cta|tiny|blocked
getrf,double,sm_120,2,8192,vendor|cta|tiny|blocked
getrf,double,sm_120,2,32768,vendor|cta|tiny|blocked
getrf,double,sm_120,3,1,vendor|cta|tiny|blocked
getrf,double,sm_120,3,8,vendor|cta|tiny|blocked
getrf,double,sm_120,3,64,vendor|cta|tiny|blocked
getrf,double,sm_120,3,128,vendor|cta|tiny|blocked
getrf,double,sm_120,3,255,vendor|cta|tiny|blocked
getrf,double,sm_120,3,256,vendor|cta|tiny|blocked
getrf,double,sm_120,3,512,vendor|cta|tiny|blocked
getrf,double,sm_120,3,2048,vendor|cta|tiny|blocked
getrf,double,sm_120,3,8192,vendor|cta|tiny|blocked
getrf,double,sm_120,3,32768,vendor|cta|tiny|blocked
getrf,double,sm_120,4,1,vendor|cta|tiny|blocked
getrf,double,sm_120,4,8,vendor|cta|tiny|blocked
getrf,double,sm_120,4,64,vendor|cta|tiny|blocked
getrf,double,sm_120,4,128,vendor|cta|tiny|blocked
getrf,double,sm_120,4,255,vendor|cta|tiny|blocked
getrf,double,sm_120,4,256,vendor|cta|tiny|blocked
getrf,double,sm_120,4,512,vendor|cta|tiny|blocked
getrf,double,sm_120,4,2048,vendor|cta|tiny|blocked
getrf,double,sm_120,4,8192,vendor|cta|tiny|blocked
getrf,double,sm_120,4,32768,vendor|cta|tiny|blocked
getrf,double,sm_120,5,1,vendor|cta|tiny|blocked
getrf,double,sm_120,5,8,vendor|cta|tiny|blocked
getrf,double,sm_120,5,64,vendor|cta|tiny|blocked
getrf,double,sm_120,5,128,vendor|cta|tiny|blocked
getrf,double,sm_120,5,255,vendor|cta|tiny|blocked
getrf,double,sm_120,5,256,vendor|cta|tiny|blocked
getrf,double,sm_120,5,512,vendor|cta|tiny|blocked
getrf,double,sm_120,5,2048,vendor|cta|tiny|blocked
getrf,double,sm_120,5,8192,vendor|cta|tiny|blocked
getrf,double,sm_120,5,32768,vendor|cta|tiny|blocked
getrf,double,sm_120,6,1,vendor|cta|tiny|blocked
getrf,double,sm_120,6,8,vendor|cta|tiny|blocked
getrf,double,sm_120,6,64,vendor|cta|tiny|blocked
getrf,double,sm_120,6,128,vendor|cta|tiny|blocked
getrf,double,sm_120,6,255,vendor|cta|tiny|blocked
getrf,double,sm_120,6,256,vendor|cta|tiny|blocked
getrf,double,sm_120,6,512,vendor|cta|tiny|blocked
getrf,double,sm_120,6,2048,vendor|cta|tiny|blocked
getrf,double,sm_120,6,8192,vendor|cta|tiny|blocked
getrf,double,sm_120,6,32768,vendor|cta|tiny|blocked
getrf,double,sm_120,7,1,vendor|cta|tiny|blocked
getrf,double,sm_120,7,8,vendor|cta|tiny|blocked
getrf,double,sm_120,7,64,vendor|cta|tiny|blocked
getrf,double,sm_120,7,128,vendor|cta|tiny|blocked
getrf,double,sm_120,7,255,vendor|cta|tiny|blocked
getrf,double,sm_120,7,256,vendor|cta|tiny|blocked
getrf,double,sm_120,7,512,vendor|cta|tiny|blocked
getrf,double,sm_120,7,2048,vendor|cta|tiny|blocked
getrf,double,sm_120,7,8192,vendor|cta|tiny|blocked
getrf,double,sm_120,7,32768,vendor|cta|tiny|blocked
getrf,double,sm_120,8,1,vendor|cta|tiny|blocked
getrf,double,sm_120,8,8,vendor|cta|tiny|blocked
getrf,double,sm_120,8,64,vendor|cta|tiny|blocked
getrf,double,sm_120,8,128,vendor|cta|tiny|blocked
getrf,double,sm_120,8,255,vendor|cta|tiny|blocked
getrf,double,sm_120,8,256,vendor|cta|tiny|blocked
getrf,double,sm_120,8,512,vendor|cta|tiny|blocked
getrf,double,sm_120,8,2048,vendor|cta|tiny|blocked
getrf,double,sm_120,8,8192,vendor|cta|tiny|blocked
getrf,double,sm_120,8,32768,vendor|cta|tiny|blocked
getrf,double,sm_120,9,1,vendor|cta|tiny|blocked
getrf,double,sm_120,9,8,vendor|cta|tiny|blocked
getrf,double,sm_120,9,64,vendor|cta|tiny|blocked
getrf,double,sm_120,9,128,vendor|cta|tiny|blocked
getrf,double,sm_120,9,255,vendor|cta|tiny|blocked
getrf,double,sm_120,9,256,vendor|cta|tiny|blocked
getrf,double,sm_120,9,512,vendor|cta|tiny|blocked
getrf,double,sm_120,9,2048,vendor|cta|tiny|blocked
getrf,double,sm_120,9,8192,vendor|cta|tiny|blocked
getrf,double,sm_120,9,32768,vendor|cta|tiny|blocked
getrf,double,sm_120,12,1,vendor|cta|tiny|blocked
getrf,double,sm_120,12,8,vendor|cta|tiny|blocked
getrf,double,sm_120,12,64,vendor|cta|tiny|blocked
getrf,double,sm_120,12,128,vendor|cta|tiny|blocked
getrf,double,sm_120,12,255,vendor|cta|tiny|blocked
getrf,double,sm_120,12,256,vendor|cta|tiny|blocked
getrf,double,sm_120,12,512,vendor|cta|tiny|blocked
getrf,double,sm_120,12,2048,vendor|cta|tiny|blocked
getrf,double,sm_120,12,8192,vendor|cta|tiny|blocked
getrf,double,sm_120,12,32768,vendor|cta|tiny|blocked
getrf,double,sm_120,16,1,vendor|cta|tiny|blocked
getrf,double,sm_120,16,8,vendor|cta|tiny|blocked
getrf,double,sm_120,16,64,vendor|cta|tiny|blocked
getrf,double,sm_120,16,128,vendor|cta|tiny|blocked
getrf,double,sm_120,16,255,vendor|cta|tiny|blocked
getrf,double,sm_120,16,256,vendor|cta|tiny|blocked
getrf,double,sm_120,16,512,vendor|cta|tiny|blocked
getrf,double,sm_120,16,2048,vendor|cta|tiny|blocked
getrf,double,sm_120,16,8192,vendor|cta|tiny|blocked
getrf,double,sm_120,16,32768,vendor|cta|tiny|blocked
getrf,double,sm_120,17,1,vendor|cta|tiny|blocked
getrf,double,sm_120,17,8,vendor|cta|tiny|blocked
getrf,double,sm_120,17,64,vendor|cta|tiny|blocked
getrf,double,sm_120,17,128,vendor|cta|tiny|blocked
getrf,double,sm_120,17,255,vendor|cta|tiny|blocked
getrf,double,sm_120,17,256,vendor|cta|tiny|blocked
getrf,double,sm_120,17,512,vendor|cta|tiny|blocked
getrf,double,sm_120,17,2048,vendor|cta|tiny|blocked
getrf,double,sm_120,17,8192,vendor|cta|tiny|blocked
getrf,double,sm_120,17,32768,vendor|cta|tiny|blocked
getrf,double,sm_120,24,1,vendor|cta|tiny|blocked
getrf,double,sm_120,24,8,vendor|cta|tiny|blocked
getrf,double,sm_120,24,64,vendor|cta|tiny|blocked
getrf,double,sm_120,24,128,vendor|cta|tiny|blocked
getrf,double,sm_120,24,255,vendor|cta|tiny|blocked
getrf,double,sm_120,24,256,vendor|cta|tiny|blocked
getrf,double,sm_120,24,512,vendor|cta|tiny|blocked
getrf,double,sm_120,24,2048,vendor|cta|tiny|blocked
getrf,double,sm_120,24,8192,vendor|cta|tiny|blocked
getrf,double,sm_120,24,32768,vendor|cta|tiny|blocked
getrf,double,sm_120,25,1,vendor|cta|tiny|blocked
getrf,double,sm_120,25,8,vendor|cta|tiny|blocked
getrf,double,sm_120,25,64,vendor|cta|tiny|blocked
getrf,double,sm_120,25,128,vendor|cta|tiny|blocked
getrf,double,sm_120,25,255,vendor|cta|tiny|blocked
getrf,double,sm_120,25,256,vendor|cta|tiny|blocked
getrf,double,sm_120,25,512,vendor|cta|tiny|blocked
getrf,double,sm_120,25,2048,vendor|cta|tiny|blocked
getrf,double,sm_120,25,8192,vendor|cta|tiny|blocked
getrf,double,sm_120,25,32768,vendor|cta|tiny|blocked
getrf,double,sm_120,32,1,vendor|cta|tiny|blocked
getrf,double,sm_120,32,8,vendor|cta|tiny|blocked
getrf,double,sm_120,32,64,vendor|cta|tiny|blocked
getrf,double,sm_120,32,128,vendor|cta|tiny|blocked
getrf,double,sm_120,32,255,vendor|cta|tiny|blocked
getrf,double,sm_120,32,256,vendor|cta|tiny|blocked
getrf,double,sm_120,32,512,vendor|cta|tiny|blocked
getrf,double,sm_120,32,2048,vendor|cta|tiny|blocked
getrf,double,sm_120,32,8192,vendor|cta|tiny|blocked
getrf,double,sm_120,32,32768,vendor|cta|tiny|blocked
getrf,double,sm_120,33,1,vendor|blocked|cta
getrf,double,sm_120,33,8,vendor|blocked|cta
getrf,double,sm_120,33,64,vendor|blocked|cta
getrf,double,sm_120,33,128,vendor|blocked|cta
getrf,double,sm_120,33,255,vendor|blocked|cta
getrf,double,sm_120,33,256,vendor|blocked|cta
getrf,double,sm_120,33,512,vendor|blocked|cta
getrf,double,sm_120,33,2048,vendor|blocked|cta
getrf,double,sm_120,33,8192,vendor|blocked|cta
getrf,double,sm_120,33,32768,vendor|blocked|cta
getrf,double,sm_120,48,1,vendor|blocked|cta
getrf,double,sm_120,48,8,vendor|blocked|cta
getrf,double,sm_120,48,64,vendor|blocked|cta
getrf,double,sm_120,48,128,vendor|blocked|cta
getrf,double,sm_120,48,255,vendor|blocked|cta
getrf,double,sm_120,48,256,vendor|blocked|cta
getrf,double,sm_120,48,512,vendor|blocked|cta
getrf,double,sm_120,48,2048,vendor|blocked|cta
getrf,double,sm_120,48,8192,vendor|blocked|cta
getrf,double,sm_120,48,32768,vendor|blocked|cta
getrf,double,sm_120,64,1,vendor|blocked|cta
getrf,double,sm_120,64,8,vendor|blocked|cta
getrf,double,sm_120,64,64,vendor|blocked|cta
getrf,double,sm_120,64,128,vendor|blocked|cta
getrf,double,sm_120,64,255,vendor|blocked|cta
getrf,double,sm_120,64,256,vendor|blocked|cta
getrf,double,sm_120,64,512,vendor|blocked|cta
getrf,double,sm_120,64,2048,vendor|blocked|cta
getrf,double,sm_120,64,8192,vendor|blocked|cta
getrf,double,sm_120,64,32768,vendor|blocked|cta
getrf,double,sm_120,96,1,vendor|blocked|cta
getrf,double,sm_120,96,8,vendor|blocked|cta
getrf,double,sm_120,96,64,vendor|blocked|cta
getrf,double,sm_120,96,128,vendor|blocked|cta
getrf,double,sm_120,96,255,vendor|blocked|cta
getrf,double,sm_120,96,256,vendor|blocked|cta
getrf,double,sm_120,96,512,vendor|blocked|cta
getrf,double,sm_120,96,2048,vendor|blocked|cta
getrf,double,sm_120,96,8192,vendor|blocked|cta
getrf,double,sm_120,96,32768,vendor|blocked|cta
getrf,double,sm_120,128,1,vendor|blocked|cta
getrf,double,sm_120,128,8,vendor|blocked|cta
getrf,double,sm_120,128,64,vendor|blocked|cta
getrf,double,sm_120,128,128,vendor|blocked|cta
getrf,double,sm_120,128,255,vendor|blocked|cta
getrf,double,sm_120,128,256,vendor|blocked|cta
getrf,double,sm_120,128,512,vendor|blocked|cta
getrf,double,sm_120,128,2048,vendor|blocked|cta
getrf,double,sm_120,128,8192,vendor|blocked|cta
getrf,double,sm_120,128,32768,vendor|blocked|cta
getrf,double,sm_120,192,1,vendor|blocked|cta
getrf,double,sm_120,192,8,vendor|blocked|cta
getrf,double,sm_120,192,64,vendor|blocked|cta
getrf,double,sm_120,192,128,vendor|blocked|cta
getrf,double,sm_120,192,255,vendor|blocked|cta
getrf,double,sm_120,192,256,vendor|blocked|cta
getrf,double,sm_120,192,512,vendor|blocked|cta
getrf,double,sm_120,192,2048,vendor|blocked|cta
getrf,double,sm_120,192,8192,vendor|blocked|cta
getrf,double,sm_120,192,32768,vendor|blocked|cta
getrf,double,sm_120,255,1,vendor|blocked|cta
getrf,double,sm_120,255,8,vendor|blocked|cta
getrf,double,sm_120,255,64,vendor|blocked|cta
getrf,double,sm_120,255,128,vendor|blocked|cta
getrf,double,sm_120,255,255,vendor|blocked|cta
getrf,double,sm_120,255,256,vendor|blocked|cta
getrf,double,sm_120,255,512,vendor|blocked|cta
getrf,double,sm_120,255,2048,vendor|blocked|cta
getrf,double,sm_120,255,8192,vendor|blocked|cta
getrf,double,sm_120,255,32768,vendor|blocked|cta
getrf,double,sm_120,256,1,vendor|blocked|cta
getrf,double,sm_120,256,8,vendor|blocked|cta
getrf,double,sm_120,256,64,vendor|blocked|cta
getrf,double,sm_120,256,128,vendor|blocked|cta
getrf,double,sm_120,256,255,vendor|blocked|cta
getrf,double,sm_120,256,256,vendor|blocked|cta
getrf,double,sm_120,256,512,vendor|blocked|cta
getrf,double,sm_120,256,2048,vendor|blocked|cta
getrf,double,sm_120,256,8192,vendor|blocked|cta
getrf,double,sm_120,256,32768,vendor|blocked|cta
getrf,double,sm_120,384,1,vendor|blocked|cta
getrf,double,sm_120,384,8,vendor|blocked|cta
getrf,double,sm_120,384,64,vendor|blocked|cta
getrf,double,sm_120,384,128,vendor|blocked|cta
getrf,double,sm_120,384,255,vendor|blocked|cta
getrf,double,sm_120,384,256,vendor|blocked|cta
getrf,double,sm_120,384,512,vendor|blocked|cta
getrf,double,sm_120,384,2048,vendor|blocked|cta
getrf,double,sm_120,384,8192,vendor|blocked|cta
getrf,double,sm_120,384,32768,vendor|blocked|cta
getrf,double,sm_120,511,1,vendor|blocked|cta
getrf,double,sm_120,511,8,vendor|blocked|cta
getrf,double,sm_120,511,64,vendor|blocked|cta
getrf,double,sm_120,511,128,vendor|blocked|cta
getrf,double,sm_120,511,255,vendor|blocked|cta
getrf,double,sm_120,511,256,vendor|blocked|cta
getrf,double,sm_120,511,512,vendor|blocked|cta
getrf,double,sm_120,511,2048,vendor|blocked|cta
getrf,double,sm_120,511,8192,vendor|blocked|cta
getrf,double,sm_120,511,32768,vendor|blocked|cta
getrf,double,sm_120,512,1,vendor|blocked|cta
getrf,double,sm_120,512,8,vendor|blocked|cta
getrf,double,sm_120,512,64,vendor|blocked|cta
getrf,double,sm_120,512,128,vendor|blocked|cta
getrf,double,sm_120,512,255,vendor|blocked|cta
getrf,double,sm_120,512,256,vendor|blocked|cta
getrf,double,sm_120,512,512,vendor|blocked|cta
getrf,double,sm_120,512,2048,vendor|blocked|cta
getrf,double,sm_120,512,8192,vendor|blocked|cta
getrf,double,sm_120,512,32768,vendor|blocked|cta
getrf,double,sm_120,768,1,vendor|blocked|cta
getrf,double,sm_120,768,8,vendor|blocked|cta
getrf,double,sm_120,768,64,vendor|blocked|cta
getrf,double,sm_120,768,128,vendor|blocked|cta
getrf,double,sm_120,768,255,vendor|blocked|cta
getrf,double,sm_120,768,256,vendor|blocked|cta
getrf,double,sm_120,768,512,vendor|blocked|cta
getrf,double,sm_120,768,2048,vendor|blocked|cta
getrf,double,sm_120,768,8192,vendor|blocked|cta
getrf,double,sm_120,768,32768,vendor|blocked|cta
getrf,double,sm_120,1024,1,vendor|blocked|cta
getrf,double,sm_120,1024,8,vendor|blocked|cta
getrf,double,sm_120,1024,64,vendor|blocked|cta
getrf,double,sm_120,1024,128,vendor|blocked|cta
getrf,double,sm_120,1024,255,vendor|blocked|cta
getrf,double,sm_120,1024,256,vendor|blocked|cta
getrf,double,sm_120,1024,512,vendor|blocked|cta
getrf,double,sm_120,1024,2048,vendor|blocked|cta
getrf,double,sm_120,1024,8192,vendor|blocked|cta
getrf,double,sm_120,1024,32768,vendor|blocked|cta
getrf,cfloat,sm_120,1,1,vendor|tiny|cta|blocked
getrf,cfloat,sm_120,1,8,vendor|tiny|cta|blocked
getrf,cfloat,sm_120,1,64,vendor|tiny|cta|blocked
getrf,cfloat,sm_120,1,128,vendor|tiny|cta|blocked
getrf,cfloat,sm_120,1,255,vendor|tiny|cta|blocked
getrf,cfloat,sm_120,1,256,vendor|tiny|cta|blocked
getrf,cfloat,sm_120,1,512,vendor|tiny|cta|blocked
getrf,cfloat,sm_120,1,2048,vendor|tiny|cta|blocked
getrf,cfloat,sm_120,1,8192,vendor|tiny|cta|blocked
getrf,cfloat,sm_120,1,32768,vendor|tiny|cta|blocked
getrf,cfloat,sm_120,2,1,vendor|tiny|cta|blocked
getrf,cfloat,sm_120,2,8,vendor|tiny|cta|blocked
getrf,cfloat,sm_120,2,64,vendor|tiny|cta|blocked
getrf,cfloat,sm_120,2,128,vendor|tiny|cta|blocked
getrf,cfloat,sm_120,2,255,vendor|tiny|cta|blocked
getrf,cfloat,sm_120,2,256,vendor|tiny|cta|blocked
getrf,cfloat,sm_120,2,512,vendor|tiny|cta|blocked
getrf,cfloat,sm_120,2,2048,vendor|tiny|cta|blocked
getrf,cfloat,sm_120,2,8192,vendor|tiny|cta|blocked
getrf,cfloat,sm_120,2,32768,vendor|tiny|cta|blocked
getrf,cfloat,sm_120,3,1,vendor|tiny|cta|blocked
getrf,cfloat,sm_120,3,8,vendor|tiny|cta|blocked
getrf,cfloat,sm_120,3,64,vendor|tiny|cta|blocked
getrf,cfloat,sm_120,3,128,vendor|tiny|cta|blocked
getrf,cfloat,sm_120,3,255,vendor|tiny|cta|blocked
getrf,cfloat,sm_120,3,256,vendor|tiny|cta|blocked
getrf,cfloat,sm_120,3,512,vendor|tiny|cta|blocked
getrf,cfloat,sm_120,3,2048,vendor|tiny|cta|blocked
getrf,cfloat,sm_120,3,8192,vendor|tiny|cta|blocked
getrf,cfloat,sm_120,3,32768,vendor|tiny|cta|blocked
getrf,cfloat,sm_120,4,1,vendor|tiny|cta|blocked
getrf,cfloat,sm_120,4,8,vendor|tiny|cta|blocked
getrf,cfloat,sm_120,4,64,vendor|tiny|cta|blocked
getrf,cfloat,sm_120,4,128,vendor|tiny|cta|blocked
getrf,cfloat,sm_120,4,255,vendor|tiny|cta|blocked
getrf,cfloat,sm_120,4,256,vendor|tiny|cta|blocked
getrf,cfloat,sm_120,4,512,vendor|tiny|cta|blocked
getrf,cfloat,sm_120,4,2048,vendor|tiny|cta|blocked
getrf,cfloat,sm_120,4,8192,vendor|tiny|cta|blocked
getrf,cfloat,sm_120,4,32768,vendor|tiny|cta|blocked
getrf,cfloat,sm_120,5,1,tiny|vendor|cta|blocked
getrf,cfloat,sm_120,5,8,tiny|vendor|cta|blocked
getrf,cfloat,sm_120,5,64,tiny|vendor|cta|blocked
getrf,cfloat,sm_120,5,128,tiny|vendor|cta|blocked
getrf,cfloat,sm_120,5,255,tiny|vendor|cta|blocked
getrf,cfloat,sm_120,5,256,tiny|vendor|cta|blocked
getrf,cfloat,sm_120,5,512,tiny|vendor|cta|blocked
getrf,cfloat,sm_120,5,2048,tiny|vendor|cta|blocked
getrf,cfloat,sm_120,5,8192,tiny|vendor|cta|blocked
getrf,cfloat,sm_120,5,32768,tiny|vendor|cta|blocked
getrf,cfloat,sm_120,6,1,tiny|vendor|cta|blocked
getrf,cfloat,sm_120,6,8,tiny|vendor|cta|blocked
getrf,cfloat,sm_120,6,64,tiny|vendor|cta|blocked
getrf,cfloat,sm_120,6,128,tiny|vendor|cta|blocked
getrf,cfloat,sm_120,6,255,tiny|vendor|cta|blocked
getrf,cfloat,sm_120,6,256,tiny|vendor|cta|blocked
getrf,cfloat,sm_120,6,512,tiny|vendor|cta|blocked
getrf,cfloat,sm_120,6,2048,tiny|vendor|cta|blocked
getrf,cfloat,sm_120,6,8192,tiny|vendor|cta|blocked
getrf,cfloat,sm_120,6,32768,tiny|vendor|cta|blocked
getrf,cfloat,sm_120,7,1,tiny|vendor|cta|blocked
getrf,cfloat,sm_120,7,8,tiny|vendor|cta|blocked
getrf,cfloat,sm_120,7,64,tiny|vendor|cta|blocked
getrf,cfloat,sm_120,7,128,tiny|vendor|cta|blocked
getrf,cfloat,sm_120,7,255,tiny|vendor|cta|blocked
getrf,cfloat,sm_120,7,256,tiny|vendor|cta|blocked
getrf,cfloat,sm_120,7,512,tiny|vendor|cta|blocked
getrf,cfloat,sm_120,7,2048,tiny|vendor|cta|blocked
getrf,cfloat,sm_120,7,8192,tiny|vendor|cta|blocked
getrf,cfloat,sm_120,7,32768,tiny|vendor|cta|blocked
getrf,cfloat,sm_120,8,1,vendor|tiny|cta|blocked
getrf,cfloat,sm_120,8,8,vendor|tiny|cta|blocked
getrf,cfloat,sm_120,8,64,vendor|tiny|cta|blocked
getrf,cfloat,sm_120,8,128,vendor|tiny|cta|blocked
getrf,cfloat,sm_120,8,255,vendor|tiny|cta|blocked
getrf,cfloat,sm_120,8,256,vendor|tiny|cta|blocked
getrf,cfloat,sm_120,8,512,vendor|tiny|cta|blocked
getrf,cfloat,sm_120,8,2048,vendor|tiny|cta|blocked
getrf,cfloat,sm_120,8,8192,vendor|tiny|cta|blocked
getrf,cfloat,sm_120,8,32768,vendor|tiny|cta|blocked
getrf,cfloat,sm_120,9,1,tiny|vendor|cta|blocked
getrf,cfloat,sm_120,9,8,tiny|vendor|cta|blocked
getrf,cfloat,sm_120,9,64,tiny|vendor|cta|blocked
getrf,cfloat,sm_120,9,128,tiny|vendor|cta|blocked
getrf,cfloat,sm_120,9,255,tiny|vendor|cta|blocked
getrf,cfloat,sm_120,9,256,tiny|vendor|cta|blocked
getrf,cfloat,sm_120,9,512,tiny|vendor|cta|blocked
getrf,cfloat,sm_120,9,2048,tiny|vendor|cta|blocked
getrf,cfloat,sm_120,9,8192,tiny|vendor|cta|blocked
getrf,cfloat,sm_120,9,32768,tiny|vendor|cta|blocked
getrf,cfloat,sm_120,12,1,tiny|vendor|cta|blocked
getrf,cfloat,sm_120,12,8,tiny|vendor|cta|blocked
getrf,cfloat,sm_120,12,64,tiny|vendor|cta|blocked
getrf,cfloat,sm_120,12,128,tiny|vendor|cta|blocked
getrf,cfloat,sm_120,12,255,tiny|vendor|cta|blocked
getrf,cfloat,sm_120,12,256,tiny|vendor|cta|blocked
getrf,cfloat,sm_120,12,512,tiny|vendor|cta|blocked
getrf,cfloat,sm_120,12,2048,tiny|vendor|cta|blocked
getrf,cfloat,sm_120,12,8192,tiny|vendor|cta|blocked
getrf,cfloat,sm_120,12,32768,tiny|vendor|cta|blocked
getrf,cfloat,sm_120,16,1,tiny|vendor|cta|blocked
getrf,cfloat,sm_120,16,8,tiny|vendor|cta|blocked
getrf,cfloat,sm_120,16,64,tiny|vendor|cta|blocked
getrf,cfloat,sm_120,16,128,tiny|vendor|cta|blocked
getrf,cfloat,sm_120,16,255,tiny|vendor|cta|blocked
getrf,cfloat,sm_120,16,256,tiny|vendor|cta|blocked
getrf,cfloat,sm_120,16,512,tiny|vendor|cta|blocked
getrf,cfloat,sm_120,16,2048,tiny|vendor|cta|blocked
getrf,cfloat,sm_120,16,8192,tiny|vendor|cta|blocked
getrf,cfloat,sm_120,16,32768,tiny|vendor|cta|blocked
getrf,cfloat,sm_120,17,1,tiny|vendor|cta|blocked
getrf,cfloat,sm_120,17,8,tiny|vendor|cta|blocked
getrf,cfloat,sm_120,17,64,tiny|vendor|cta|blocked
getrf,cfloat,sm_120,17,128,tiny|vendor|cta|blocked
getrf,cfloat,sm_120,17,255,tiny|vendor|cta|blocked
getrf,cfloat,sm_120,17,256,tiny|vendor|cta|blocked
getrf,cfloat,sm_120,17,512,tiny|vendor|cta|blocked
getrf,cfloat,sm_120,17,2048,tiny|vendor|cta|blocked
getrf,cfloat,sm_120,17,8192,tiny|vendor|cta|blocked
getrf,cfloat,sm_120,17,32768,tiny|vendor|cta|blocked
getrf,cfloat,sm_120,24,1,tiny|vendor|cta|blocked
getrf,cfloat,sm_120,24,8,tiny|vendor|cta|blocked
getrf,cfloat,sm_120,24,64,tiny|vendor|cta|blocked
getrf,cfloat,sm_120,24,128,tiny|vendor|cta|blocked
getrf,cfloat,sm_120,24,255,tiny|vendor|cta|blocked
getrf,cfloat,sm_120,24,256,tiny|vendor|cta|blocked
getrf,cfloat,sm_120,24,512,tiny|vendor|cta|blocked
getrf,cfloat,sm_120,24,2048,tiny|vendor|cta|blocked
getrf,cfloat,sm_120,24,8192,tiny|vendor|cta|blocked
getrf,cfloat,sm_120,24,32768,tiny|vendor|cta|blocked
getrf,cfloat,sm_120,25,1,vendor|tiny|cta|blocked
getrf,cfloat,sm_120,25,8,vendor|tiny|cta|blocked
getrf,cfloat,sm_120,25,64,vendor|tiny|cta|blocked
getrf,cfloat,sm_120,25,128,vendor|tiny|cta|blocked
getrf,cfloat,sm_120,25,255,vendor|tiny|cta|blocked
getrf,cfloat,sm_120,25,256,vendor|tiny|cta|blocked
getrf,cfloat,sm_120,25,512,vendor|tiny|cta|blocked
getrf,cfloat,sm_120,25,2048,vendor|tiny|cta|blocked
getrf,cfloat,sm_120,25,8192,vendor|tiny|cta|blocked
getrf,cfloat,sm_120,25,32768,vendor|tiny|cta|blocked
getrf,cfloat,sm_120,32,1,vendor|tiny|cta|blocked
getrf,cfloat,sm_120,32,8,vendor|tiny|cta|blocked
getrf,cfloat,sm_120,32,64,vendor|tiny|cta|blocked
getrf,cfloat,sm_120,32,128,vendor|tiny|cta|blocked
getrf,cfloat,sm_120,32,255,vendor|tiny|cta|blocked
getrf,cfloat,sm_120,32,256,vendor|tiny|cta|blocked
getrf,cfloat,sm_120,32,512,vendor|tiny|cta|blocked
getrf,cfloat,sm_120,32,2048,vendor|tiny|cta|blocked
getrf,cfloat,sm_120,32,8192,vendor|tiny|cta|blocked
getrf,cfloat,sm_120,32,32768,vendor|tiny|cta|blocked
getrf,cfloat,sm_120,33,1,vendor|cta|blocked
getrf,cfloat,sm_120,33,8,vendor|cta|blocked
getrf,cfloat,sm_120,33,64,vendor|cta|blocked
getrf,cfloat,sm_120,33,128,vendor|cta|blocked
getrf,cfloat,sm_120,33,255,vendor|cta|blocked
getrf,cfloat,sm_120,33,256,vendor|cta|blocked
getrf,cfloat,sm_120,33,512,vendor|cta|blocked
getrf,cfloat,sm_120,33,2048,vendor|cta|blocked
getrf,cfloat,sm_120,33,8192,vendor|cta|blocked
getrf,cfloat,sm_120,33,32768,vendor|cta|blocked
getrf,cfloat,sm_120,48,1,vendor|cta|blocked
getrf,cfloat,sm_120,48,8,vendor|cta|blocked
getrf,cfloat,sm_120,48,64,vendor|cta|blocked
getrf,cfloat,sm_120,48,128,vendor|cta|blocked
getrf,cfloat,sm_120,48,255,vendor|cta|blocked
getrf,cfloat,sm_120,48,256,vendor|cta|blocked
getrf,cfloat,sm_120,48,512,vendor|cta|blocked
getrf,cfloat,sm_120,48,2048,vendor|cta|blocked
getrf,cfloat,sm_120,48,8192,vendor|cta|blocked
getrf,cfloat,sm_120,48,32768,vendor|cta|blocked
getrf,cfloat,sm_120,64,1,vendor|cta|blocked
getrf,cfloat,sm_120,64,8,vendor|cta|blocked
getrf,cfloat,sm_120,64,64,vendor|cta|blocked
getrf,cfloat,sm_120,64,128,vendor|cta|blocked
getrf,cfloat,sm_120,64,255,vendor|cta|blocked
getrf,cfloat,sm_120,64,256,vendor|cta|blocked
getrf,cfloat,sm_120,64,512,vendor|cta|blocked
getrf,cfloat,sm_120,64,2048,vendor|cta|blocked
getrf,cfloat,sm_120,64,8192,vendor|cta|blocked
getrf,cfloat,sm_120,64,32768,vendor|cta|blocked
getrf,cfloat,sm_120,96,1,vendor|cta|blocked
getrf,cfloat,sm_120,96,8,vendor|cta|blocked
getrf,cfloat,sm_120,96,64,vendor|cta|blocked
getrf,cfloat,sm_120,96,128,vendor|cta|blocked
getrf,cfloat,sm_120,96,255,vendor|cta|blocked
getrf,cfloat,sm_120,96,256,vendor|cta|blocked
getrf,cfloat,sm_120,96,512,vendor|cta|blocked
getrf,cfloat,sm_120,96,2048,vendor|cta|blocked
getrf,cfloat,sm_120,96,8192,vendor|cta|blocked
getrf,cfloat,sm_120,96,32768,vendor|cta|blocked
getrf,cfloat,sm_120,128,1,vendor|cta|blocked
getrf,cfloat,sm_120,128,8,vendor|cta|blocked
getrf,cfloat,sm_120,128,64,vendor|cta|blocked
getrf,cfloat,sm_120,128,128,vendor|cta|blocked
getrf,cfloat,sm_120,128,255,vendor|cta|blocked
getrf,cfloat,sm_120,128,256,vendor|cta|blocked
getrf,cfloat,sm_120,128,512,vendor|cta|blocked
getrf,cfloat,sm_120,128,2048,vendor|cta|blocked
getrf,cfloat,sm_120,128,8192,vendor|cta|blocked
getrf,cfloat,sm_120,128,32768,vendor|cta|blocked
getrf,cfloat,sm_120,192,1,vendor|cta|blocked
getrf,cfloat,sm_120,192,8,vendor|cta|blocked
getrf,cfloat,sm_120,192,64,vendor|cta|blocked
getrf,cfloat,sm_120,192,128,vendor|cta|blocked
getrf,cfloat,sm_120,192,255,vendor|cta|blocked
getrf,cfloat,sm_120,192,256,vendor|cta|blocked
getrf,cfloat,sm_120,192,512,vendor|cta|blocked
getrf,cfloat,sm_120,192,2048,vendor|cta|blocked
getrf,cfloat,sm_120,192,8192,vendor|cta|blocked
getrf,cfloat,sm_120,192,32768,vendor|cta|blocked
getrf,cfloat,sm_120,255,1,vendor|cta|blocked
getrf,cfloat,sm_120,255,8,vendor|cta|blocked
getrf,cfloat,sm_120,255,64,vendor|cta|blocked
getrf,cfloat,sm_120,255,128,vendor|cta|blocked
getrf,cfloat,sm_120,255,255,vendor|cta|blocked
getrf,cfloat,sm_120,255,256,vendor|cta|blocked
getrf,cfloat,sm_120,255,512,vendor|cta|blocked
getrf,cfloat,sm_120,255,2048,vendor|cta|blocked
getrf,cfloat,sm_120,255,8192,vendor|cta|blocked
getrf,cfloat,sm_120,255,32768,vendor|cta|blocked
getrf,cfloat,sm_120,256,1,vendor|cta|blocked
getrf,cfloat,sm_120,256,8,vendor|cta|blocked
getrf,cfloat,sm_120,256,64,vendor|cta|blocked
getrf,cfloat,sm_120,256,128,vendor|cta|blocked
getrf,cfloat,sm_120,256,255,vendor|cta|blocked
getrf,cfloat,sm_120,256,256,blocked|vendor|cta
getrf,cfloat,sm_120,256,512,blocked|vendor|cta
getrf,cfloat,sm_120,256,2048,blocked|vendor|cta
getrf,cfloat,sm_120,256,8192,blocked|vendor|cta
getrf,cfloat,sm_120,256,32768,blocked|vendor|cta
getrf,cfloat,sm_120,384,1,vendor|cta|blocked
getrf,cfloat,sm_120,384,8,vendor|cta|blocked
getrf,cfloat,sm_120,384,64,vendor|cta|blocked
getrf,cfloat,sm_120,384,128,vendor|cta|blocked
getrf,cfloat,sm_120,384,255,vendor|cta|blocked
getrf,cfloat,sm_120,384,256,blocked|vendor|cta
getrf,cfloat,sm_120,384,512,blocked|vendor|cta
getrf,cfloat,sm_120,384,2048,blocked|vendor|cta
getrf,cfloat,sm_120,384,8192,blocked|vendor|cta
getrf,cfloat,sm_120,384,32768,blocked|vendor|cta
getrf,cfloat,sm_120,511,1,vendor|cta|blocked
getrf,cfloat,sm_120,511,8,vendor|cta|blocked
getrf,cfloat,sm_120,511,64,vendor|cta|blocked
getrf,cfloat,sm_120,511,128,vendor|cta|blocked
getrf,cfloat,sm_120,511,255,vendor|cta|blocked
getrf,cfloat,sm_120,511,256,blocked|vendor|cta
getrf,cfloat,sm_120,511,512,blocked|vendor|cta
getrf,cfloat,sm_120,511,2048,blocked|vendor|cta
getrf,cfloat,sm_120,511,8192,blocked|vendor|cta
getrf,cfloat,sm_120,511,32768,blocked|vendor|cta
getrf,cfloat,sm_120,512,1,blocked|vendor|cta
getrf,cfloat,sm_120,512,8,blocked|vendor|cta
getrf,cfloat,sm_120,512,64,blocked|vendor|cta
getrf,cfloat,sm_120,512,128,blocked|vendor|cta
getrf,cfloat,sm_120,512,255,blocked|vendor|cta
getrf,cfloat,sm_120,512,256,blocked|vendor|cta
getrf,cfloat,sm_120,512,512,blocked|vendor|cta
getrf,cfloat,sm_120,512,2048,blocked|vendor|cta
getrf,cfloat,sm_120,512,8192,blocked|vendor|cta
getrf,cfloat,sm_120,512,32768,blocked|vendor|cta
getrf,cfloat,sm_120,768,1,blocked|vendor|cta
getrf,cfloat,sm_120,768,8,blocked|vendor|cta
getrf,cfloat,sm_120,768,64,blocked|vendor|cta
getrf,cfloat,sm_120,768,128,blocked|vendor|cta
getrf,cfloat,sm_120,768,255,blocked|vendor|cta
getrf,cfloat,sm_120,768,256,blocked|vendor|cta
getrf,cfloat,sm_120,768,512,blocked|vendor|cta
getrf,cfloat,sm_120,768,2048,blocked|vendor|cta
getrf,cfloat,sm_120,768,8192,blocked|vendor|cta
getrf,cfloat,sm_120,768,32768,blocked|vendor|cta
getrf,cfloat,sm_120,1024,1,blocked|vendor|cta
getrf,cfloat,sm_120,1024,8,blocked|vendor|cta
getrf,cfloat,sm_120,1024,64,blocked|vendor|cta
getrf,cfloat,sm_120,1024,128,blocked|vendor|cta
getrf,cfloat,sm_120,1024,255,blocked|vendor|cta
getrf,cfloat,sm_120,1024,256,blocked|vendor|cta
getrf,cfloat,sm_120,1024,512,blocked|vendor|cta
getrf,cfloat,sm_120,1024,2048,blocked|vendor|cta
getrf,cfloat,sm_120,1024,8192,blocked|vendor|cta
getrf,cfloat,sm_120,1024,32768,blocked|vendor|cta
getrf,cdouble,sm_120,1,1,vendor|cta|tiny|blocked
getrf,cdouble,sm_120,1,8,vendor|cta|tiny|blocked
getrf,cdouble,sm_120,1,64,vendor|cta|tiny|blocked
getrf,cdouble,sm_120,1,128,vendor|cta|tiny|blocked
getrf,cdouble,sm_120,1,255,vendor|cta|tiny|blocked
getrf,cdouble,sm_120,1,256,vendor|cta|tiny|blocked
getrf,cdouble,sm_120,1,512,vendor|cta|tiny|blocked
getrf,cdouble,sm_120,1,2048,vendor|cta|tiny|blocked
getrf,cdouble,sm_120,1,8192,vendor|cta|tiny|blocked
getrf,cdouble,sm_120,1,32768,vendor|cta|tiny|blocked
getrf,cdouble,sm_120,2,1,vendor|cta|tiny|blocked
getrf,cdouble,sm_120,2,8,vendor|cta|tiny|blocked
getrf,cdouble,sm_120,2,64,vendor|cta|tiny|blocked
getrf,cdouble,sm_120,2,128,vendor|cta|tiny|blocked
getrf,cdouble,sm_120,2,255,vendor|cta|tiny|blocked
getrf,cdouble,sm_120,2,256,vendor|cta|tiny|blocked
getrf,cdouble,sm_120,2,512,vendor|cta|tiny|blocked
getrf,cdouble,sm_120,2,2048,vendor|cta|tiny|blocked
getrf,cdouble,sm_120,2,8192,vendor|cta|tiny|blocked
getrf,cdouble,sm_120,2,32768,vendor|cta|tiny|blocked
getrf,cdouble,sm_120,3,1,vendor|cta|tiny|blocked
getrf,cdouble,sm_120,3,8,vendor|cta|tiny|blocked
getrf,cdouble,sm_120,3,64,vendor|cta|tiny|blocked
getrf,cdouble,sm_120,3,128,vendor|cta|tiny|blocked
getrf,cdouble,sm_120,3,255,vendor|cta|tiny|blocked
getrf,cdouble,sm_120,3,256,vendor|cta|tiny|blocked
getrf,cdouble,sm_120,3,512,vendor|cta|tiny|blocked
getrf,cdouble,sm_120,3,2048,vendor|cta|tiny|blocked
getrf,cdouble,sm_120,3,8192,vendor|cta|tiny|blocked
getrf,cdouble,sm_120,3,32768,vendor|cta|tiny|blocked
getrf,cdouble,sm_120,4,1,vendor|cta|tiny|blocked
getrf,cdouble,sm_120,4,8,vendor|cta|tiny|blocked
getrf,cdouble,sm_120,4,64,vendor|cta|tiny|blocked
getrf,cdouble,sm_120,4,128,vendor|cta|tiny|blocked
getrf,cdouble,sm_120,4,255,vendor|cta|tiny|blocked
getrf,cdouble,sm_120,4,256,vendor|cta|tiny|blocked
getrf,cdouble,sm_120,4,512,vendor|cta|tiny|blocked
getrf,cdouble,sm_120,4,2048,vendor|cta|tiny|blocked
getrf,cdouble,sm_120,4,8192,vendor|cta|tiny|blocked
getrf,cdouble,sm_120,4,32768,vendor|cta|tiny|blocked
getrf,cdouble,sm_120,5,1,vendor|cta|tiny|blocked
getrf,cdouble,sm_120,5,8,vendor|cta|tiny|blocked
getrf,cdouble,sm_120,5,64,vendor|cta|tiny|blocked
getrf,cdouble,sm_120,5,128,vendor|cta|tiny|blocked
getrf,cdouble,sm_120,5,255,vendor|cta|tiny|blocked
getrf,cdouble,sm_120,5,256,vendor|cta|tiny|blocked
getrf,cdouble,sm_120,5,512,vendor|cta|tiny|blocked
getrf,cdouble,sm_120,5,2048,vendor|cta|tiny|blocked
getrf,cdouble,sm_120,5,8192,vendor|cta|tiny|blocked
getrf,cdouble,sm_120,5,32768,vendor|cta|tiny|blocked
getrf,cdouble,sm_120,6,1,vendor|cta|tiny|blocked
getrf,cdouble,sm_120,6,8,vendor|cta|tiny|blocked
getrf,cdouble,sm_120,6,64,vendor|cta|tiny|blocked
getrf,cdouble,sm_120,6,128,vendor|cta|tiny|blocked
getrf,cdouble,sm_120,6,255,vendor|cta|tiny|blocked
getrf,cdouble,sm_120,6,256,vendor|cta|tiny|blocked
getrf,cdouble,sm_120,6,512,vendor|cta|tiny|blocked
getrf,cdouble,sm_120,6,2048,vendor|cta|tiny|blocked
getrf,cdouble,sm_120,6,8192,vendor|cta|tiny|blocked
getrf,cdouble,sm_120,6,32768,vendor|cta|tiny|blocked
getrf,cdouble,sm_120,7,1,vendor|cta|tiny|blocked
getrf,cdouble,sm_120,7,8,vendor|cta|tiny|blocked
getrf,cdouble,sm_120,7,64,vendor|cta|tiny|blocked
getrf,cdouble,sm_120,7,128,vendor|cta|tiny|blocked
getrf,cdouble,sm_120,7,255,vendor|cta|tiny|blocked
getrf,cdouble,sm_120,7,256,vendor|cta|tiny|blocked
getrf,cdouble,sm_120,7,512,vendor|cta|tiny|blocked
getrf,cdouble,sm_120,7,2048,vendor|cta|tiny|blocked
getrf,cdouble,sm_120,7,8192,vendor|cta|tiny|blocked
getrf,cdouble,sm_120,7,32768,vendor|cta|tiny|blocked
getrf,cdouble,sm_120,8,1,vendor|cta|tiny|blocked
getrf,cdouble,sm_120,8,8,vendor|cta|tiny|blocked
getrf,cdouble,sm_120,8,64,vendor|cta|tiny|blocked
getrf,cdouble,sm_120,8,128,vendor|cta|tiny|blocked
getrf,cdouble,sm_120,8,255,vendor|cta|tiny|blocked
getrf,cdouble,sm_120,8,256,vendor|cta|tiny|blocked
getrf,cdouble,sm_120,8,512,vendor|cta|tiny|blocked
getrf,cdouble,sm_120,8,2048,vendor|cta|tiny|blocked
getrf,cdouble,sm_120,8,8192,vendor|cta|tiny|blocked
getrf,cdouble,sm_120,8,32768,vendor|cta|tiny|blocked
getrf,cdouble,sm_120,9,1,vendor|cta|tiny|blocked
getrf,cdouble,sm_120,9,8,vendor|cta|tiny|blocked
getrf,cdouble,sm_120,9,64,vendor|cta|tiny|blocked
getrf,cdouble,sm_120,9,128,vendor|cta|tiny|blocked
getrf,cdouble,sm_120,9,255,vendor|cta|tiny|blocked
getrf,cdouble,sm_120,9,256,vendor|cta|tiny|blocked
getrf,cdouble,sm_120,9,512,vendor|cta|tiny|blocked
getrf,cdouble,sm_120,9,2048,vendor|cta|tiny|blocked
getrf,cdouble,sm_120,9,8192,vendor|cta|tiny|blocked
getrf,cdouble,sm_120,9,32768,vendor|cta|tiny|blocked
getrf,cdouble,sm_120,12,1,vendor|cta|tiny|blocked
getrf,cdouble,sm_120,12,8,vendor|cta|tiny|blocked
getrf,cdouble,sm_120,12,64,vendor|cta|tiny|blocked
getrf,cdouble,sm_120,12,128,vendor|cta|tiny|blocked
getrf,cdouble,sm_120,12,255,vendor|cta|tiny|blocked
getrf,cdouble,sm_120,12,256,vendor|cta|tiny|blocked
getrf,cdouble,sm_120,12,512,vendor|cta|tiny|blocked
getrf,cdouble,sm_120,12,2048,vendor|cta|tiny|blocked
getrf,cdouble,sm_120,12,8192,vendor|cta|tiny|blocked
getrf,cdouble,sm_120,12,32768,vendor|cta|tiny|blocked
getrf,cdouble,sm_120,16,1,vendor|cta|tiny|blocked
getrf,cdouble,sm_120,16,8,vendor|cta|tiny|blocked
getrf,cdouble,sm_120,16,64,vendor|cta|tiny|blocked
getrf,cdouble,sm_120,16,128,vendor|cta|tiny|blocked
getrf,cdouble,sm_120,16,255,vendor|cta|tiny|blocked
getrf,cdouble,sm_120,16,256,vendor|cta|tiny|blocked
getrf,cdouble,sm_120,16,512,vendor|cta|tiny|blocked
getrf,cdouble,sm_120,16,2048,vendor|cta|tiny|blocked
getrf,cdouble,sm_120,16,8192,vendor|cta|tiny|blocked
getrf,cdouble,sm_120,16,32768,vendor|cta|tiny|blocked
getrf,cdouble,sm_120,17,1,vendor|cta|blocked
getrf,cdouble,sm_120,17,8,vendor|cta|blocked
getrf,cdouble,sm_120,17,64,vendor|cta|blocked
getrf,cdouble,sm_120,17,128,vendor|cta|blocked
getrf,cdouble,sm_120,17,255,vendor|cta|blocked
getrf,cdouble,sm_120,17,256,vendor|cta|blocked
getrf,cdouble,sm_120,17,512,vendor|cta|blocked
getrf,cdouble,sm_120,17,2048,vendor|cta|blocked
getrf,cdouble,sm_120,17,8192,vendor|cta|blocked
getrf,cdouble,sm_120,17,32768,vendor|cta|blocked
getrf,cdouble,sm_120,24,1,vendor|cta|blocked
getrf,cdouble,sm_120,24,8,vendor|cta|blocked
getrf,cdouble,sm_120,24,64,vendor|cta|blocked
getrf,cdouble,sm_120,24,128,vendor|cta|blocked
getrf,cdouble,sm_120,24,255,vendor|cta|blocked
getrf,cdouble,sm_120,24,256,vendor|cta|blocked
getrf,cdouble,sm_120,24,512,vendor|cta|blocked
getrf,cdouble,sm_120,24,2048,vendor|cta|blocked
getrf,cdouble,sm_120,24,8192,vendor|cta|blocked
getrf,cdouble,sm_120,24,32768,vendor|cta|blocked
getrf,cdouble,sm_120,25,1,vendor|cta|blocked
getrf,cdouble,sm_120,25,8,vendor|cta|blocked
getrf,cdouble,sm_120,25,64,vendor|cta|blocked
getrf,cdouble,sm_120,25,128,vendor|cta|blocked
getrf,cdouble,sm_120,25,255,vendor|cta|blocked
getrf,cdouble,sm_120,25,256,vendor|cta|blocked
getrf,cdouble,sm_120,25,512,vendor|cta|blocked
getrf,cdouble,sm_120,25,2048,vendor|cta|blocked
getrf,cdouble,sm_120,25,8192,vendor|cta|blocked
getrf,cdouble,sm_120,25,32768,vendor|cta|blocked
getrf,cdouble,sm_120,32,1,vendor|cta|blocked
getrf,cdouble,sm_120,32,8,vendor|cta|blocked
getrf,cdouble,sm_120,32,64,vendor|cta|blocked
getrf,cdouble,sm_120,32,128,vendor|cta|blocked
getrf,cdouble,sm_120,32,255,vendor|cta|blocked
getrf,cdouble,sm_120,32,256,vendor|cta|blocked
getrf,cdouble,sm_120,32,512,vendor|cta|blocked
getrf,cdouble,sm_120,32,2048,vendor|cta|blocked
getrf,cdouble,sm_120,32,8192,vendor|cta|blocked
getrf,cdouble,sm_120,32,32768,vendor|cta|blocked
getrf,cdouble,sm_120,33,1,vendor|cta|blocked
getrf,cdouble,sm_120,33,8,vendor|cta|blocked
getrf,cdouble,sm_120,33,64,vendor|cta|blocked
getrf,cdouble,sm_120,33,128,vendor|cta|blocked
getrf,cdouble,sm_120,33,255,vendor|cta|blocked
getrf,cdouble,sm_120,33,256,vendor|cta|blocked
getrf,cdouble,sm_120,33,512,vendor|cta|blocked
getrf,cdouble,sm_120,33,2048,vendor|cta|blocked
getrf,cdouble,sm_120,33,8192,vendor|cta|blocked
getrf,cdouble,sm_120,33,32768,vendor|cta|blocked
getrf,cdouble,sm_120,48,1,vendor|cta|blocked
getrf,cdouble,sm_120,48,8,vendor|cta|blocked
getrf,cdouble,sm_120,48,64,vendor|cta|blocked
getrf,cdouble,sm_120,48,128,vendor|cta|blocked
getrf,cdouble,sm_120,48,255,vendor|cta|blocked
getrf,cdouble,sm_120,48,256,vendor|cta|blocked
getrf,cdouble,sm_120,48,512,vendor|cta|blocked
getrf,cdouble,sm_120,48,2048,vendor|cta|blocked
getrf,cdouble,sm_120,48,8192,vendor|cta|blocked
getrf,cdouble,sm_120,48,32768,vendor|cta|blocked
getrf,cdouble,sm_120,64,1,vendor|cta|blocked
getrf,cdouble,sm_120,64,8,vendor|cta|blocked
getrf,cdouble,sm_120,64,64,vendor|cta|blocked
getrf,cdouble,sm_120,64,128,vendor|cta|blocked
getrf,cdouble,sm_120,64,255,vendor|cta|blocked
getrf,cdouble,sm_120,64,256,vendor|cta|blocked
getrf,cdouble,sm_120,64,512,vendor|cta|blocked
getrf,cdouble,sm_120,64,2048,vendor|cta|blocked
getrf,cdouble,sm_120,64,8192,vendor|cta|blocked
getrf,cdouble,sm_120,64,32768,vendor|cta|blocked
getrf,cdouble,sm_120,96,1,vendor|cta|blocked
getrf,cdouble,sm_120,96,8,vendor|cta|blocked
getrf,cdouble,sm_120,96,64,vendor|cta|blocked
getrf,cdouble,sm_120,96,128,vendor|cta|blocked
getrf,cdouble,sm_120,96,255,vendor|cta|blocked
getrf,cdouble,sm_120,96,256,vendor|cta|blocked
getrf,cdouble,sm_120,96,512,vendor|cta|blocked
getrf,cdouble,sm_120,96,2048,vendor|cta|blocked
getrf,cdouble,sm_120,96,8192,vendor|cta|blocked
getrf,cdouble,sm_120,96,32768,vendor|cta|blocked
getrf,cdouble,sm_120,128,1,vendor|cta|blocked
getrf,cdouble,sm_120,128,8,vendor|cta|blocked
getrf,cdouble,sm_120,128,64,vendor|cta|blocked
getrf,cdouble,sm_120,128,128,vendor|cta|blocked
getrf,cdouble,sm_120,128,255,vendor|cta|blocked
getrf,cdouble,sm_120,128,256,vendor|cta|blocked
getrf,cdouble,sm_120,128,512,vendor|cta|blocked
getrf,cdouble,sm_120,128,2048,vendor|cta|blocked
getrf,cdouble,sm_120,128,8192,vendor|cta|blocked
getrf,cdouble,sm_120,128,32768,vendor|cta|blocked
getrf,cdouble,sm_120,192,1,vendor|cta|blocked
getrf,cdouble,sm_120,192,8,vendor|cta|blocked
getrf,cdouble,sm_120,192,64,vendor|cta|blocked
getrf,cdouble,sm_120,192,128,vendor|cta|blocked
getrf,cdouble,sm_120,192,255,vendor|cta|blocked
getrf,cdouble,sm_120,192,256,vendor|cta|blocked
getrf,cdouble,sm_120,192,512,vendor|cta|blocked
getrf,cdouble,sm_120,192,2048,vendor|cta|blocked
getrf,cdouble,sm_120,192,8192,vendor|cta|blocked
getrf,cdouble,sm_120,192,32768,vendor|cta|blocked
getrf,cdouble,sm_120,255,1,vendor|cta|blocked
getrf,cdouble,sm_120,255,8,vendor|cta|blocked
getrf,cdouble,sm_120,255,64,vendor|cta|blocked
getrf,cdouble,sm_120,255,128,vendor|cta|blocked
getrf,cdouble,sm_120,255,255,vendor|cta|blocked
getrf,cdouble,sm_120,255,256,vendor|cta|blocked
getrf,cdouble,sm_120,255,512,vendor|cta|blocked
getrf,cdouble,sm_120,255,2048,vendor|cta|blocked
getrf,cdouble,sm_120,255,8192,vendor|cta|blocked
getrf,cdouble,sm_120,255,32768,vendor|cta|blocked
getrf,cdouble,sm_120,256,1,vendor|cta|blocked
getrf,cdouble,sm_120,256,8,vendor|cta|blocked
getrf,cdouble,sm_120,256,64,vendor|cta|blocked
getrf,cdouble,sm_120,256,128,vendor|cta|blocked
getrf,cdouble,sm_120,256,255,vendor|cta|blocked
getrf,cdouble,sm_120,256,256,vendor|cta|blocked
getrf,cdouble,sm_120,256,512,vendor|cta|blocked
getrf,cdouble,sm_120,256,2048,vendor|cta|blocked
getrf,cdouble,sm_120,256,8192,vendor|cta|blocked
getrf,cdouble,sm_120,256,32768,vendor|cta|blocked
getrf,cdouble,sm_120,384,1,vendor|cta|blocked
getrf,cdouble,sm_120,384,8,vendor|cta|blocked
getrf,cdouble,sm_120,384,64,vendor|cta|blocked
getrf,cdouble,sm_120,384,128,vendor|cta|blocked
getrf,cdouble,sm_120,384,255,vendor|cta|blocked
getrf,cdouble,sm_120,384,256,vendor|cta|blocked
getrf,cdouble,sm_120,384,512,vendor|cta|blocked
getrf,cdouble,sm_120,384,2048,vendor|cta|blocked
getrf,cdouble,sm_120,384,8192,vendor|cta|blocked
getrf,cdouble,sm_120,384,32768,vendor|cta|blocked
getrf,cdouble,sm_120,511,1,vendor|cta|blocked
getrf,cdouble,sm_120,511,8,vendor|cta|blocked
getrf,cdouble,sm_120,511,64,vendor|cta|blocked
getrf,cdouble,sm_120,511,128,vendor|cta|blocked
getrf,cdouble,sm_120,511,255,vendor|cta|blocked
getrf,cdouble,sm_120,511,256,vendor|cta|blocked
getrf,cdouble,sm_120,511,512,vendor|cta|blocked
getrf,cdouble,sm_120,511,2048,vendor|cta|blocked
getrf,cdouble,sm_120,511,8192,vendor|cta|blocked
getrf,cdouble,sm_120,511,32768,vendor|cta|blocked
getrf,cdouble,sm_120,512,1,vendor|cta|blocked
getrf,cdouble,sm_120,512,8,vendor|cta|blocked
getrf,cdouble,sm_120,512,64,vendor|cta|blocked
getrf,cdouble,sm_120,512,128,vendor|cta|blocked
getrf,cdouble,sm_120,512,255,vendor|cta|blocked
getrf,cdouble,sm_120,512,256,vendor|cta|blocked
getrf,cdouble,sm_120,512,512,vendor|cta|blocked
getrf,cdouble,sm_120,512,2048,vendor|cta|blocked
getrf,cdouble,sm_120,512,8192,vendor|cta|blocked
getrf,cdouble,sm_120,512,32768,vendor|cta|blocked
getrf,cdouble,sm_120,768,1,vendor|cta|blocked
getrf,cdouble,sm_120,768,8,vendor|cta|blocked
getrf,cdouble,sm_120,768,64,vendor|cta|blocked
getrf,cdouble,sm_120,768,128,vendor|cta|blocked
getrf,cdouble,sm_120,768,255,vendor|cta|blocked
getrf,cdouble,sm_120,768,256,vendor|cta|blocked
getrf,cdouble,sm_120,768,512,vendor|cta|blocked
getrf,cdouble,sm_120,768,2048,vendor|cta|blocked
getrf,cdouble,sm_120,768,8192,vendor|cta|blocked
getrf,cdouble,sm_120,768,32768,vendor|cta|blocked
getrf,cdouble,sm_120,1024,1,vendor|cta|blocked
getrf,cdouble,sm_120,1024,8,vendor|cta|blocked
getrf,cdouble,sm_120,1024,64,vendor|cta|blocked
getrf,cdouble,sm_120,1024,128,vendor|cta|blocked
getrf,cdouble,sm_120,1024,255,vendor|cta|blocked
getrf,cdouble,sm_120,1024,256,vendor|cta|blocked
getrf,cdouble,sm_120,1024,512,vendor|cta|blocked
getrf,cdouble,sm_120,1024,2048,vendor|cta|blocked
getrf,cdouble,sm_120,1024,8192,vendor|cta|blocked
getrf,cdouble,sm_120,1024,32768,vendor|cta|blocked
