op,dtype,device,order,q,batch,ranked
hemm,cfloat,sm_89,1,1,1,vendor|expand
hemm,cfloat,sm_89,1,1,2,vendor|expand
hemm,cfloat,sm_89,1,1,3,vendor|expand
hemm,cfloat,sm_89,1,1,4,expand|vendor
hemm,cfloat,sm_89,1,1,5,expand|vendor
hemm,cfloat,sm_89,1,1,8,expand|vendor
hemm,cfloat,sm_89,1,1,128,expand|vendor
hemm,cfloat,sm_89,1,1,1024,expand|vendor
hemm,cfloat,sm_89,1,1,8192,expand|vendor
hemm,cfloat,sm_89,1,1,32768,expand|vendor
hemm,cfloat,sm_89,1,2,1,vendor|expand
hemm,cfloat,sm_89,1,2,2,vendor|expand
hemm,cfloat,sm_89,1,2,3,vendor|expand
hemm,cfloat,sm_89,1,2,4,expand|vendor
hemm,cfloat,sm_89,1,2,5,expand|vendor
hemm,cfloat,sm_89,1,2,8,expand|vendor
hemm,cfloat,sm_89,1,2,128,expand|vendor
hemm,cfloat,sm_89,1,2,1024,expand|vendor
hemm,cfloat,sm_89,1,2,8192,expand|vendor
hemm,cfloat,sm_89,1,2,32768,expand|vendor
hemm,cfloat,sm_89,1,4,1,vendor|expand
hemm,cfloat,sm_89,1,4,2,vendor|expand
hemm,cfloat,sm_89,1,4,3,vendor|expand
hemm,cfloat,sm_89,1,4,4,expand|vendor
hemm,cfloat,sm_89,1,4,5,expand|vendor
hemm,cfloat,sm_89,1,4,8,expand|vendor
hemm,cfloat,sm_89,1,4,128,expand|vendor
hemm,cfloat,sm_89,1,4,1024,expand|vendor
hemm,cfloat,sm_89,1,4,8192,expand|vendor
hemm,cfloat,sm_89,1,4,32768,expand|vendor
hemm,cfloat,sm_89,1,8,1,vendor|expand
hemm,cfloat,sm_89,1,8,2,vendor|expand
hemm,cfloat,sm_89,1,8,3,vendor|expand
hemm,cfloat,sm_89,1,8,4,expand|vendor
hemm,cfloat,sm_89,1,8,5,expand|vendor
hemm,cfloat,sm_89,1,8,8,expand|vendor
hemm,cfloat,sm_89,1,8,128,expand|vendor
hemm,cfloat,sm_89,1,8,1024,expand|vendor
hemm,cfloat,sm_89,1,8,8192,expand|vendor
hemm,cfloat,sm_89,1,8,32768,expand|vendor
hemm,cfloat,sm_89,1,16,1,vendor|expand
hemm,cfloat,sm_89,1,16,2,vendor|expand
hemm,cfloat,sm_89,1,16,3,vendor|expand
hemm,cfloat,sm_89,1,16,4,expand|vendor
hemm,cfloat,sm_89,1,16,5,expand|vendor
hemm,cfloat,sm_89,1,16,8,expand|vendor
hemm,cfloat,sm_89,1,16,128,expand|vendor
hemm,cfloat,sm_89,1,16,1024,expand|vendor
hemm,cfloat,sm_89,1,16,8192,expand|vendor
hemm,cfloat,sm_89,1,16,32768,expand|vendor
hemm,cfloat,sm_89,1,32,1,vendor|expand
hemm,cfloat,sm_89,1,32,2,vendor|expand
hemm,cfloat,sm_89,1,32,3,vendor|expand
hemm,cfloat,sm_89,1,32,4,expand|vendor
hemm,cfloat,sm_89,1,32,5,expand|vendor
hemm,cfloat,sm_89,1,32,8,expand|vendor
hemm,cfloat,sm_89,1,32,128,expand|vendor
hemm,cfloat,sm_89,1,32,1024,expand|vendor
hemm,cfloat,sm_89,1,32,8192,expand|vendor
hemm,cfloat,sm_89,1,32,32768,expand|vendor
hemm,cfloat,sm_89,1,64,1,vendor|expand
hemm,cfloat,sm_89,1,64,2,vendor|expand
hemm,cfloat,sm_89,1,64,3,vendor|expand
hemm,cfloat,sm_89,1,64,4,expand|vendor
hemm,cfloat,sm_89,1,64,5,expand|vendor
hemm,cfloat,sm_89,1,64,8,expand|vendor
hemm,cfloat,sm_89,1,64,128,expand|vendor
hemm,cfloat,sm_89,1,64,1024,expand|vendor
hemm,cfloat,sm_89,1,64,8192,expand|vendor
hemm,cfloat,sm_89,1,64,32768,expand|vendor
hemm,cfloat,sm_89,1,128,1,vendor|expand
hemm,cfloat,sm_89,1,128,2,vendor|expand
hemm,cfloat,sm_89,1,128,3,vendor|expand
hemm,cfloat,sm_89,1,128,4,expand|vendor
hemm,cfloat,sm_89,1,128,5,expand|vendor
hemm,cfloat,sm_89,1,128,8,expand|vendor
hemm,cfloat,sm_89,1,128,128,expand|vendor
hemm,cfloat,sm_89,1,128,1024,expand|vendor
hemm,cfloat,sm_89,1,128,8192,expand|vendor
hemm,cfloat,sm_89,1,128,32768,expand|vendor
hemm,cfloat,sm_89,1,255,1,vendor|expand
hemm,cfloat,sm_89,1,255,2,vendor|expand
hemm,cfloat,sm_89,1,255,3,vendor|expand
hemm,cfloat,sm_89,1,255,4,expand|vendor
hemm,cfloat,sm_89,1,255,5,expand|vendor
hemm,cfloat,sm_89,1,255,8,expand|vendor
hemm,cfloat,sm_89,1,255,128,expand|vendor
hemm,cfloat,sm_89,1,255,1024,expand|vendor
hemm,cfloat,sm_89,1,255,8192,expand|vendor
hemm,cfloat,sm_89,1,255,32768,expand|vendor
hemm,cfloat,sm_89,1,256,1,expand|vendor
hemm,cfloat,sm_89,1,256,2,expand|vendor
hemm,cfloat,sm_89,1,256,3,expand|vendor
hemm,cfloat,sm_89,1,256,4,expand|vendor
hemm,cfloat,sm_89,1,256,5,expand|vendor
hemm,cfloat,sm_89,1,256,8,expand|vendor
hemm,cfloat,sm_89,1,256,128,expand|vendor
hemm,cfloat,sm_89,1,256,1024,expand|vendor
hemm,cfloat,sm_89,1,256,8192,expand|vendor
hemm,cfloat,sm_89,1,256,32768,expand|vendor
hemm,cfloat,sm_89,1,512,1,expand|vendor
hemm,cfloat,sm_89,1,512,2,expand|vendor
hemm,cfloat,sm_89,1,512,3,expand|vendor
hemm,cfloat,sm_89,1,512,4,expand|vendor
hemm,cfloat,sm_89,1,512,5,expand|vendor
hemm,cfloat,sm_89,1,512,8,expand|vendor
hemm,cfloat,sm_89,1,512,128,expand|vendor
hemm,cfloat,sm_89,1,512,1024,expand|vendor
hemm,cfloat,sm_89,1,512,8192,expand|vendor
hemm,cfloat,sm_89,1,512,32768,expand|vendor
hemm,cfloat,sm_89,1,1024,1,expand|vendor
hemm,cfloat,sm_89,1,1024,2,expand|vendor
hemm,cfloat,sm_89,1,1024,3,expand|vendor
hemm,cfloat,sm_89,1,1024,4,expand|vendor
hemm,cfloat,sm_89,1,1024,5,expand|vendor
hemm,cfloat,sm_89,1,1024,8,expand|vendor
hemm,cfloat,sm_89,1,1024,128,expand|vendor
hemm,cfloat,sm_89,1,1024,1024,expand|vendor
hemm,cfloat,sm_89,1,1024,8192,expand|vendor
hemm,cfloat,sm_89,1,1024,32768,expand|vendor
hemm,cfloat,sm_89,1,2048,1,expand|vendor
hemm,cfloat,sm_89,1,2048,2,expand|vendor
hemm,cfloat,sm_89,1,2048,3,expand|vendor
hemm,cfloat,sm_89,1,2048,4,expand|vendor
hemm,cfloat,sm_89,1,2048,5,expand|vendor
hemm,cfloat,sm_89,1,2048,8,expand|vendor
hemm,cfloat,sm_89,1,2048,128,expand|vendor
hemm,cfloat,sm_89,1,2048,1024,expand|vendor
hemm,cfloat,sm_89,1,2048,8192,expand|vendor
hemm,cfloat,sm_89,1,2048,32768,expand|vendor
hemm,cfloat,sm_89,1,4096,1,expand|vendor
hemm,cfloat,sm_89,1,4096,2,expand|vendor
hemm,cfloat,sm_89,1,4096,3,expand|vendor
hemm,cfloat,sm_89,1,4096,4,expand|vendor
hemm,cfloat,sm_89,1,4096,5,expand|vendor
hemm,cfloat,sm_89,1,4096,8,expand|vendor
hemm,cfloat,sm_89,1,4096,128,expand|vendor
hemm,cfloat,sm_89,1,4096,1024,expand|vendor
hemm,cfloat,sm_89,1,4096,8192,expand|vendor
hemm,cfloat,sm_89,1,4096,32768,expand|vendor
hemm,cfloat,sm_89,2,1,1,vendor|expand
hemm,cfloat,sm_89,2,1,2,vendor|expand
hemm,cfloat,sm_89,2,1,3,vendor|expand
hemm,cfloat,sm_89,2,1,4,expand|vendor
hemm,cfloat,sm_89,2,1,5,expand|vendor
hemm,cfloat,sm_89,2,1,8,expand|vendor
hemm,cfloat,sm_89,2,1,128,expand|vendor
hemm,cfloat,sm_89,2,1,1024,expand|vendor
hemm,cfloat,sm_89,2,1,8192,expand|vendor
hemm,cfloat,sm_89,2,1,32768,expand|vendor
hemm,cfloat,sm_89,2,2,1,vendor|expand
hemm,cfloat,sm_89,2,2,2,vendor|expand
hemm,cfloat,sm_89,2,2,3,vendor|expand
hemm,cfloat,sm_89,2,2,4,expand|vendor
hemm,cfloat,sm_89,2,2,5,expand|vendor
hemm,cfloat,sm_89,2,2,8,expand|vendor
hemm,cfloat,sm_89,2,2,128,expand|vendor
hemm,cfloat,sm_89,2,2,1024,expand|vendor
hemm,cfloat,sm_89,2,2,8192,expand|vendor
hemm,cfloat,sm_89,2,2,32768,expand|vendor
hemm,cfloat,sm_89,2,4,1,vendor|expand
hemm,cfloat,sm_89,2,4,2,vendor|expand
hemm,cfloat,sm_89,2,4,3,vendor|expand
hemm,cfloat,sm_89,2,4,4,expand|vendor
hemm,cfloat,sm_89,2,4,5,expand|vendor
hemm,cfloat,sm_89,2,4,8,expand|vendor
hemm,cfloat,sm_89,2,4,128,expand|vendor
hemm,cfloat,sm_89,2,4,1024,expand|vendor
hemm,cfloat,sm_89,2,4,8192,expand|vendor
hemm,cfloat,sm_89,2,4,32768,expand|vendor
hemm,cfloat,sm_89,2,8,1,vendor|expand
hemm,cfloat,sm_89,2,8,2,vendor|expand
hemm,cfloat,sm_89,2,8,3,vendor|expand
hemm,cfloat,sm_89,2,8,4,expand|vendor
hemm,cfloat,sm_89,2,8,5,expand|vendor
hemm,cfloat,sm_89,2,8,8,expand|vendor
hemm,cfloat,sm_89,2,8,128,expand|vendor
hemm,cfloat,sm_89,2,8,1024,expand|vendor
hemm,cfloat,sm_89,2,8,8192,expand|vendor
hemm,cfloat,sm_89,2,8,32768,expand|vendor
hemm,cfloat,sm_89,2,16,1,vendor|expand
hemm,cfloat,sm_89,2,16,2,vendor|expand
hemm,cfloat,sm_89,2,16,3,vendor|expand
hemm,cfloat,sm_89,2,16,4,expand|vendor
hemm,cfloat,sm_89,2,16,5,expand|vendor
hemm,cfloat,sm_89,2,16,8,expand|vendor
hemm,cfloat,sm_89,2,16,128,expand|vendor
hemm,cfloat,sm_89,2,16,1024,expand|vendor
hemm,cfloat,sm_89,2,16,8192,expand|vendor
hemm,cfloat,sm_89,2,16,32768,expand|vendor
hemm,cfloat,sm_89,2,32,1,vendor|expand
hemm,cfloat,sm_89,2,32,2,vendor|expand
hemm,cfloat,sm_89,2,32,3,vendor|expand
hemm,cfloat,sm_89,2,32,4,expand|vendor
hemm,cfloat,sm_89,2,32,5,expand|vendor
hemm,cfloat,sm_89,2,32,8,expand|vendor
hemm,cfloat,sm_89,2,32,128,expand|vendor
hemm,cfloat,sm_89,2,32,1024,expand|vendor
hemm,cfloat,sm_89,2,32,8192,expand|vendor
hemm,cfloat,sm_89,2,32,32768,expand|vendor
hemm,cfloat,sm_89,2,64,1,vendor|expand
hemm,cfloat,sm_89,2,64,2,vendor|expand
hemm,cfloat,sm_89,2,64,3,vendor|expand
hemm,cfloat,sm_89,2,64,4,expand|vendor
hemm,cfloat,sm_89,2,64,5,expand|vendor
hemm,cfloat,sm_89,2,64,8,expand|vendor
hemm,cfloat,sm_89,2,64,128,expand|vendor
hemm,cfloat,sm_89,2,64,1024,expand|vendor
hemm,cfloat,sm_89,2,64,8192,expand|vendor
hemm,cfloat,sm_89,2,64,32768,expand|vendor
hemm,cfloat,sm_89,2,128,1,vendor|expand
hemm,cfloat,sm_89,2,128,2,vendor|expand
hemm,cfloat,sm_89,2,128,3,vendor|expand
hemm,cfloat,sm_89,2,128,4,expand|vendor
hemm,cfloat,sm_89,2,128,5,expand|vendor
hemm,cfloat,sm_89,2,128,8,expand|vendor
hemm,cfloat,sm_89,2,128,128,expand|vendor
hemm,cfloat,sm_89,2,128,1024,expand|vendor
hemm,cfloat,sm_89,2,128,8192,expand|vendor
hemm,cfloat,sm_89,2,128,32768,expand|vendor
hemm,cfloat,sm_89,2,255,1,vendor|expand
hemm,cfloat,sm_89,2,255,2,vendor|expand
hemm,cfloat,sm_89,2,255,3,vendor|expand
hemm,cfloat,sm_89,2,255,4,expand|vendor
hemm,cfloat,sm_89,2,255,5,expand|vendor
hemm,cfloat,sm_89,2,255,8,expand|vendor
hemm,cfloat,sm_89,2,255,128,expand|vendor
hemm,cfloat,sm_89,2,255,1024,expand|vendor
hemm,cfloat,sm_89,2,255,8192,expand|vendor
hemm,cfloat,sm_89,2,255,32768,expand|vendor
hemm,cfloat,sm_89,2,256,1,expand|vendor
hemm,cfloat,sm_89,2,256,2,expand|vendor
hemm,cfloat,sm_89,2,256,3,expand|vendor
hemm,cfloat,sm_89,2,256,4,expand|vendor
hemm,cfloat,sm_89,2,256,5,expand|vendor
hemm,cfloat,sm_89,2,256,8,expand|vendor
hemm,cfloat,sm_89,2,256,128,expand|vendor
hemm,cfloat,sm_89,2,256,1024,expand|vendor
hemm,cfloat,sm_89,2,256,8192,expand|vendor
hemm,cfloat,sm_89,2,256,32768,expand|vendor
hemm,cfloat,sm_89,2,512,1,expand|vendor
hemm,cfloat,sm_89,2,512,2,expand|vendor
hemm,cfloat,sm_89,2,512,3,expand|vendor
hemm,cfloat,sm_89,2,512,4,expand|vendor
hemm,cfloat,sm_89,2,512,5,expand|vendor
hemm,cfloat,sm_89,2,512,8,expand|vendor
hemm,cfloat,sm_89,2,512,128,expand|vendor
hemm,cfloat,sm_89,2,512,1024,expand|vendor
hemm,cfloat,sm_89,2,512,8192,expand|vendor
hemm,cfloat,sm_89,2,512,32768,expand|vendor
hemm,cfloat,sm_89,2,1024,1,expand|vendor
hemm,cfloat,sm_89,2,1024,2,expand|vendor
hemm,cfloat,sm_89,2,1024,3,expand|vendor
hemm,cfloat,sm_89,2,1024,4,expand|vendor
hemm,cfloat,sm_89,2,1024,5,expand|vendor
hemm,cfloat,sm_89,2,1024,8,expand|vendor
hemm,cfloat,sm_89,2,1024,128,expand|vendor
hemm,cfloat,sm_89,2,1024,1024,expand|vendor
hemm,cfloat,sm_89,2,1024,8192,expand|vendor
hemm,cfloat,sm_89,2,1024,32768,expand|vendor
hemm,cfloat,sm_89,2,2048,1,expand|vendor
hemm,cfloat,sm_89,2,2048,2,expand|vendor
hemm,cfloat,sm_89,2,2048,3,expand|vendor
hemm,cfloat,sm_89,2,2048,4,expand|vendor
hemm,cfloat,sm_89,2,2048,5,expand|vendor
hemm,cfloat,sm_89,2,2048,8,expand|vendor
hemm,cfloat,sm_89,2,2048,128,expand|vendor
hemm,cfloat,sm_89,2,2048,1024,expand|vendor
hemm,cfloat,sm_89,2,2048,8192,expand|vendor
hemm,cfloat,sm_89,2,2048,32768,expand|vendor
hemm,cfloat,sm_89,2,4096,1,expand|vendor
hemm,cfloat,sm_89,2,4096,2,expand|vendor
hemm,cfloat,sm_89,2,4096,3,expand|vendor
hemm,cfloat,sm_89,2,4096,4,expand|vendor
hemm,cfloat,sm_89,2,4096,5,expand|vendor
hemm,cfloat,sm_89,2,4096,8,expand|vendor
hemm,cfloat,sm_89,2,4096,128,expand|vendor
hemm,cfloat,sm_89,2,4096,1024,expand|vendor
hemm,cfloat,sm_89,2,4096,8192,expand|vendor
hemm,cfloat,sm_89,2,4096,32768,expand|vendor
hemm,cfloat,sm_89,4,1,1,vendor|expand
hemm,cfloat,sm_89,4,1,2,vendor|expand
hemm,cfloat,sm_89,4,1,3,vendor|expand
hemm,cfloat,sm_89,4,1,4,expand|vendor
hemm,cfloat,sm_89,4,1,5,expand|vendor
hemm,cfloat,sm_89,4,1,8,expand|vendor
hemm,cfloat,sm_89,4,1,128,expand|vendor
hemm,cfloat,sm_89,4,1,1024,expand|vendor
hemm,cfloat,sm_89,4,1,8192,expand|vendor
hemm,cfloat,sm_89,4,1,32768,expand|vendor
hemm,cfloat,sm_89,4,2,1,vendor|expand
hemm,cfloat,sm_89,4,2,2,vendor|expand
hemm,cfloat,sm_89,4,2,3,vendor|expand
hemm,cfloat,sm_89,4,2,4,expand|vendor
hemm,cfloat,sm_89,4,2,5,expand|vendor
hemm,cfloat,sm_89,4,2,8,expand|vendor
hemm,cfloat,sm_89,4,2,128,expand|vendor
hemm,cfloat,sm_89,4,2,1024,expand|vendor
hemm,cfloat,sm_89,4,2,8192,expand|vendor
hemm,cfloat,sm_89,4,2,32768,expand|vendor
hemm,cfloat,sm_89,4,4,1,vendor|expand
hemm,cfloat,sm_89,4,4,2,vendor|expand
hemm,cfloat,sm_89,4,4,3,vendor|expand
hemm,cfloat,sm_89,4,4,4,expand|vendor
hemm,cfloat,sm_89,4,4,5,expand|vendor
hemm,cfloat,sm_89,4,4,8,expand|vendor
hemm,cfloat,sm_89,4,4,128,expand|vendor
hemm,cfloat,sm_89,4,4,1024,expand|vendor
hemm,cfloat,sm_89,4,4,8192,expand|vendor
hemm,cfloat,sm_89,4,4,32768,expand|vendor
hemm,cfloat,sm_89,4,8,1,vendor|expand
hemm,cfloat,sm_89,4,8,2,vendor|expand
hemm,cfloat,sm_89,4,8,3,vendor|expand
hemm,cfloat,sm_89,4,8,4,expand|vendor
hemm,cfloat,sm_89,4,8,5,expand|vendor
hemm,cfloat,sm_89,4,8,8,expand|vendor
hemm,cfloat,sm_89,4,8,128,expand|vendor
hemm,cfloat,sm_89,4,8,1024,expand|vendor
hemm,cfloat,sm_89,4,8,8192,expand|vendor
hemm,cfloat,sm_89,4,8,32768,expand|vendor
hemm,cfloat,sm_89,4,16,1,vendor|expand
hemm,cfloat,sm_89,4,16,2,vendor|expand
hemm,cfloat,sm_89,4,16,3,vendor|expand
hemm,cfloat,sm_89,4,16,4,expand|vendor
hemm,cfloat,sm_89,4,16,5,expand|vendor
hemm,cfloat,sm_89,4,16,8,expand|vendor
hemm,cfloat,sm_89,4,16,128,expand|vendor
hemm,cfloat,sm_89,4,16,1024,expand|vendor
hemm,cfloat,sm_89,4,16,8192,expand|vendor
hemm,cfloat,sm_89,4,16,32768,expand|vendor
hemm,cfloat,sm_89,4,32,1,vendor|expand
hemm,cfloat,sm_89,4,32,2,vendor|expand
hemm,cfloat,sm_89,4,32,3,vendor|expand
hemm,cfloat,sm_89,4,32,4,expand|vendor
hemm,cfloat,sm_89,4,32,5,expand|vendor
hemm,cfloat,sm_89,4,32,8,expand|vendor
hemm,cfloat,sm_89,4,32,128,expand|vendor
hemm,cfloat,sm_89,4,32,1024,expand|vendor
hemm,cfloat,sm_89,4,32,8192,expand|vendor
hemm,cfloat,sm_89,4,32,32768,expand|vendor
hemm,cfloat,sm_89,4,64,1,vendor|expand
hemm,cfloat,sm_89,4,64,2,vendor|expand
hemm,cfloat,sm_89,4,64,3,vendor|expand
hemm,cfloat,sm_89,4,64,4,expand|vendor
hemm,cfloat,sm_89,4,64,5,expand|vendor
hemm,cfloat,sm_89,4,64,8,expand|vendor
hemm,cfloat,sm_89,4,64,128,expand|vendor
hemm,cfloat,sm_89,4,64,1024,expand|vendor
hemm,cfloat,sm_89,4,64,8192,expand|vendor
hemm,cfloat,sm_89,4,64,32768,expand|vendor
hemm,cfloat,sm_89,4,128,1,vendor|expand
hemm,cfloat,sm_89,4,128,2,vendor|expand
hemm,cfloat,sm_89,4,128,3,vendor|expand
hemm,cfloat,sm_89,4,128,4,expand|vendor
hemm,cfloat,sm_89,4,128,5,expand|vendor
hemm,cfloat,sm_89,4,128,8,expand|vendor
hemm,cfloat,sm_89,4,128,128,expand|vendor
hemm,cfloat,sm_89,4,128,1024,expand|vendor
hemm,cfloat,sm_89,4,128,8192,expand|vendor
hemm,cfloat,sm_89,4,128,32768,expand|vendor
hemm,cfloat,sm_89,4,255,1,vendor|expand
hemm,cfloat,sm_89,4,255,2,vendor|expand
hemm,cfloat,sm_89,4,255,3,vendor|expand
hemm,cfloat,sm_89,4,255,4,expand|vendor
hemm,cfloat,sm_89,4,255,5,expand|vendor
hemm,cfloat,sm_89,4,255,8,expand|vendor
hemm,cfloat,sm_89,4,255,128,expand|vendor
hemm,cfloat,sm_89,4,255,1024,expand|vendor
hemm,cfloat,sm_89,4,255,8192,expand|vendor
hemm,cfloat,sm_89,4,255,32768,expand|vendor
hemm,cfloat,sm_89,4,256,1,expand|vendor
hemm,cfloat,sm_89,4,256,2,expand|vendor
hemm,cfloat,sm_89,4,256,3,expand|vendor
hemm,cfloat,sm_89,4,256,4,expand|vendor
hemm,cfloat,sm_89,4,256,5,expand|vendor
hemm,cfloat,sm_89,4,256,8,expand|vendor
hemm,cfloat,sm_89,4,256,128,expand|vendor
hemm,cfloat,sm_89,4,256,1024,expand|vendor
hemm,cfloat,sm_89,4,256,8192,expand|vendor
hemm,cfloat,sm_89,4,256,32768,expand|vendor
hemm,cfloat,sm_89,4,512,1,expand|vendor
hemm,cfloat,sm_89,4,512,2,expand|vendor
hemm,cfloat,sm_89,4,512,3,expand|vendor
hemm,cfloat,sm_89,4,512,4,expand|vendor
hemm,cfloat,sm_89,4,512,5,expand|vendor
hemm,cfloat,sm_89,4,512,8,expand|vendor
hemm,cfloat,sm_89,4,512,128,expand|vendor
hemm,cfloat,sm_89,4,512,1024,expand|vendor
hemm,cfloat,sm_89,4,512,8192,expand|vendor
hemm,cfloat,sm_89,4,512,32768,expand|vendor
hemm,cfloat,sm_89,4,1024,1,expand|vendor
hemm,cfloat,sm_89,4,1024,2,expand|vendor
hemm,cfloat,sm_89,4,1024,3,expand|vendor
hemm,cfloat,sm_89,4,1024,4,expand|vendor
hemm,cfloat,sm_89,4,1024,5,expand|vendor
hemm,cfloat,sm_89,4,1024,8,expand|vendor
hemm,cfloat,sm_89,4,1024,128,expand|vendor
hemm,cfloat,sm_89,4,1024,1024,expand|vendor
hemm,cfloat,sm_89,4,1024,8192,expand|vendor
hemm,cfloat,sm_89,4,1024,32768,expand|vendor
hemm,cfloat,sm_89,4,2048,1,expand|vendor
hemm,cfloat,sm_89,4,2048,2,expand|vendor
hemm,cfloat,sm_89,4,2048,3,expand|vendor
hemm,cfloat,sm_89,4,2048,4,expand|vendor
hemm,cfloat,sm_89,4,2048,5,expand|vendor
hemm,cfloat,sm_89,4,2048,8,expand|vendor
hemm,cfloat,sm_89,4,2048,128,expand|vendor
hemm,cfloat,sm_89,4,2048,1024,expand|vendor
hemm,cfloat,sm_89,4,2048,8192,expand|vendor
hemm,cfloat,sm_89,4,2048,32768,expand|vendor
hemm,cfloat,sm_89,4,4096,1,expand|vendor
hemm,cfloat,sm_89,4,4096,2,expand|vendor
hemm,cfloat,sm_89,4,4096,3,expand|vendor
hemm,cfloat,sm_89,4,4096,4,expand|vendor
hemm,cfloat,sm_89,4,4096,5,expand|vendor
hemm,cfloat,sm_89,4,4096,8,expand|vendor
hemm,cfloat,sm_89,4,4096,128,expand|vendor
hemm,cfloat,sm_89,4,4096,1024,expand|vendor
hemm,cfloat,sm_89,4,4096,8192,expand|vendor
hemm,cfloat,sm_89,4,4096,32768,expand|vendor
hemm,cfloat,sm_89,8,1,1,vendor|expand
hemm,cfloat,sm_89,8,1,2,vendor|expand
hemm,cfloat,sm_89,8,1,3,vendor|expand
hemm,cfloat,sm_89,8,1,4,expand|vendor
hemm,cfloat,sm_89,8,1,5,expand|vendor
hemm,cfloat,sm_89,8,1,8,expand|vendor
hemm,cfloat,sm_89,8,1,128,expand|vendor
hemm,cfloat,sm_89,8,1,1024,expand|vendor
hemm,cfloat,sm_89,8,1,8192,expand|vendor
hemm,cfloat,sm_89,8,1,32768,expand|vendor
hemm,cfloat,sm_89,8,2,1,vendor|expand
hemm,cfloat,sm_89,8,2,2,vendor|expand
hemm,cfloat,sm_89,8,2,3,vendor|expand
hemm,cfloat,sm_89,8,2,4,expand|vendor
hemm,cfloat,sm_89,8,2,5,expand|vendor
hemm,cfloat,sm_89,8,2,8,expand|vendor
hemm,cfloat,sm_89,8,2,128,expand|vendor
hemm,cfloat,sm_89,8,2,1024,expand|vendor
hemm,cfloat,sm_89,8,2,8192,expand|vendor
hemm,cfloat,sm_89,8,2,32768,expand|vendor
hemm,cfloat,sm_89,8,4,1,vendor|expand
hemm,cfloat,sm_89,8,4,2,vendor|expand
hemm,cfloat,sm_89,8,4,3,vendor|expand
hemm,cfloat,sm_89,8,4,4,expand|vendor
hemm,cfloat,sm_89,8,4,5,expand|vendor
hemm,cfloat,sm_89,8,4,8,expand|vendor
hemm,cfloat,sm_89,8,4,128,expand|vendor
hemm,cfloat,sm_89,8,4,1024,expand|vendor
hemm,cfloat,sm_89,8,4,8192,expand|vendor
hemm,cfloat,sm_89,8,4,32768,expand|vendor
hemm,cfloat,sm_89,8,8,1,vendor|expand
hemm,cfloat,sm_89,8,8,2,vendor|expand
hemm,cfloat,sm_89,8,8,3,vendor|expand
hemm,cfloat,sm_89,8,8,4,expand|vendor
hemm,cfloat,sm_89,8,8,5,expand|vendor
hemm,cfloat,sm_89,8,8,8,expand|vendor
hemm,cfloat,sm_89,8,8,128,expand|vendor
hemm,cfloat,sm_89,8,8,1024,expand|vendor
hemm,cfloat,sm_89,8,8,8192,expand|vendor
hemm,cfloat,sm_89,8,8,32768,expand|vendor
hemm,cfloat,sm_89,8,16,1,vendor|expand
hemm,cfloat,sm_89,8,16,2,vendor|expand
hemm,cfloat,sm_89,8,16,3,vendor|expand
hemm,cfloat,sm_89,8,16,4,expand|vendor
hemm,cfloat,sm_89,8,16,5,expand|vendor
hemm,cfloat,sm_89,8,16,8,expand|vendor
hemm,cfloat,sm_89,8,16,128,expand|vendor
hemm,cfloat,sm_89,8,16,1024,expand|vendor
hemm,cfloat,sm_89,8,16,8192,expand|vendor
hemm,cfloat,sm_89,8,16,32768,expand|vendor
hemm,cfloat,sm_89,8,32,1,vendor|expand
hemm,cfloat,sm_89,8,32,2,vendor|expand
hemm,cfloat,sm_89,8,32,3,vendor|expand
hemm,cfloat,sm_89,8,32,4,expand|vendor
hemm,cfloat,sm_89,8,32,5,expand|vendor
hemm,cfloat,sm_89,8,32,8,expand|vendor
hemm,cfloat,sm_89,8,32,128,expand|vendor
hemm,cfloat,sm_89,8,32,1024,expand|vendor
hemm,cfloat,sm_89,8,32,8192,expand|vendor
hemm,cfloat,sm_89,8,32,32768,expand|vendor
hemm,cfloat,sm_89,8,64,1,vendor|expand
hemm,cfloat,sm_89,8,64,2,vendor|expand
hemm,cfloat,sm_89,8,64,3,vendor|expand
hemm,cfloat,sm_89,8,64,4,expand|vendor
hemm,cfloat,sm_89,8,64,5,expand|vendor
hemm,cfloat,sm_89,8,64,8,expand|vendor
hemm,cfloat,sm_89,8,64,128,expand|vendor
hemm,cfloat,sm_89,8,64,1024,expand|vendor
hemm,cfloat,sm_89,8,64,8192,expand|vendor
hemm,cfloat,sm_89,8,64,32768,expand|vendor
hemm,cfloat,sm_89,8,128,1,vendor|expand
hemm,cfloat,sm_89,8,128,2,vendor|expand
hemm,cfloat,sm_89,8,128,3,vendor|expand
hemm,cfloat,sm_89,8,128,4,expand|vendor
hemm,cfloat,sm_89,8,128,5,expand|vendor
hemm,cfloat,sm_89,8,128,8,expand|vendor
hemm,cfloat,sm_89,8,128,128,expand|vendor
hemm,cfloat,sm_89,8,128,1024,expand|vendor
hemm,cfloat,sm_89,8,128,8192,expand|vendor
hemm,cfloat,sm_89,8,128,32768,expand|vendor
hemm,cfloat,sm_89,8,255,1,vendor|expand
hemm,cfloat,sm_89,8,255,2,vendor|expand
hemm,cfloat,sm_89,8,255,3,vendor|expand
hemm,cfloat,sm_89,8,255,4,expand|vendor
hemm,cfloat,sm_89,8,255,5,expand|vendor
hemm,cfloat,sm_89,8,255,8,expand|vendor
hemm,cfloat,sm_89,8,255,128,expand|vendor
hemm,cfloat,sm_89,8,255,1024,expand|vendor
hemm,cfloat,sm_89,8,255,8192,expand|vendor
hemm,cfloat,sm_89,8,255,32768,expand|vendor
hemm,cfloat,sm_89,8,256,1,expand|vendor
hemm,cfloat,sm_89,8,256,2,expand|vendor
hemm,cfloat,sm_89,8,256,3,expand|vendor
hemm,cfloat,sm_89,8,256,4,expand|vendor
hemm,cfloat,sm_89,8,256,5,expand|vendor
hemm,cfloat,sm_89,8,256,8,expand|vendor
hemm,cfloat,sm_89,8,256,128,expand|vendor
hemm,cfloat,sm_89,8,256,1024,expand|vendor
hemm,cfloat,sm_89,8,256,8192,expand|vendor
hemm,cfloat,sm_89,8,256,32768,expand|vendor
hemm,cfloat,sm_89,8,512,1,expand|vendor
hemm,cfloat,sm_89,8,512,2,expand|vendor
hemm,cfloat,sm_89,8,512,3,expand|vendor
hemm,cfloat,sm_89,8,512,4,expand|vendor
hemm,cfloat,sm_89,8,512,5,expand|vendor
hemm,cfloat,sm_89,8,512,8,expand|vendor
hemm,cfloat,sm_89,8,512,128,expand|vendor
hemm,cfloat,sm_89,8,512,1024,expand|vendor
hemm,cfloat,sm_89,8,512,8192,expand|vendor
hemm,cfloat,sm_89,8,512,32768,expand|vendor
hemm,cfloat,sm_89,8,1024,1,expand|vendor
hemm,cfloat,sm_89,8,1024,2,expand|vendor
hemm,cfloat,sm_89,8,1024,3,expand|vendor
hemm,cfloat,sm_89,8,1024,4,expand|vendor
hemm,cfloat,sm_89,8,1024,5,expand|vendor
hemm,cfloat,sm_89,8,1024,8,expand|vendor
hemm,cfloat,sm_89,8,1024,128,expand|vendor
hemm,cfloat,sm_89,8,1024,1024,expand|vendor
hemm,cfloat,sm_89,8,1024,8192,expand|vendor
hemm,cfloat,sm_89,8,1024,32768,expand|vendor
hemm,cfloat,sm_89,8,2048,1,expand|vendor
hemm,cfloat,sm_89,8,2048,2,expand|vendor
hemm,cfloat,sm_89,8,2048,3,expand|vendor
hemm,cfloat,sm_89,8,2048,4,expand|vendor
hemm,cfloat,sm_89,8,2048,5,expand|vendor
hemm,cfloat,sm_89,8,2048,8,expand|vendor
hemm,cfloat,sm_89,8,2048,128,expand|vendor
hemm,cfloat,sm_89,8,2048,1024,expand|vendor
hemm,cfloat,sm_89,8,2048,8192,expand|vendor
hemm,cfloat,sm_89,8,2048,32768,expand|vendor
hemm,cfloat,sm_89,8,4096,1,expand|vendor
hemm,cfloat,sm_89,8,4096,2,expand|vendor
hemm,cfloat,sm_89,8,4096,3,expand|vendor
hemm,cfloat,sm_89,8,4096,4,expand|vendor
hemm,cfloat,sm_89,8,4096,5,expand|vendor
hemm,cfloat,sm_89,8,4096,8,expand|vendor
hemm,cfloat,sm_89,8,4096,128,expand|vendor
hemm,cfloat,sm_89,8,4096,1024,expand|vendor
hemm,cfloat,sm_89,8,4096,8192,expand|vendor
hemm,cfloat,sm_89,8,4096,32768,expand|vendor
hemm,cfloat,sm_89,16,1,1,vendor|expand
hemm,cfloat,sm_89,16,1,2,vendor|expand
hemm,cfloat,sm_89,16,1,3,vendor|expand
hemm,cfloat,sm_89,16,1,4,expand|vendor
hemm,cfloat,sm_89,16,1,5,expand|vendor
hemm,cfloat,sm_89,16,1,8,expand|vendor
hemm,cfloat,sm_89,16,1,128,expand|vendor
hemm,cfloat,sm_89,16,1,1024,expand|vendor
hemm,cfloat,sm_89,16,1,8192,expand|vendor
hemm,cfloat,sm_89,16,1,32768,expand|vendor
hemm,cfloat,sm_89,16,2,1,vendor|expand
hemm,cfloat,sm_89,16,2,2,vendor|expand
hemm,cfloat,sm_89,16,2,3,vendor|expand
hemm,cfloat,sm_89,16,2,4,expand|vendor
hemm,cfloat,sm_89,16,2,5,expand|vendor
hemm,cfloat,sm_89,16,2,8,expand|vendor
hemm,cfloat,sm_89,16,2,128,expand|vendor
hemm,cfloat,sm_89,16,2,1024,expand|vendor
hemm,cfloat,sm_89,16,2,8192,expand|vendor
hemm,cfloat,sm_89,16,2,32768,expand|vendor
hemm,cfloat,sm_89,16,4,1,vendor|expand
hemm,cfloat,sm_89,16,4,2,vendor|expand
hemm,cfloat,sm_89,16,4,3,vendor|expand
hemm,cfloat,sm_89,16,4,4,expand|vendor
hemm,cfloat,sm_89,16,4,5,expand|vendor
hemm,cfloat,sm_89,16,4,8,expand|vendor
hemm,cfloat,sm_89,16,4,128,expand|vendor
hemm,cfloat,sm_89,16,4,1024,expand|vendor
hemm,cfloat,sm_89,16,4,8192,expand|vendor
hemm,cfloat,sm_89,16,4,32768,expand|vendor
hemm,cfloat,sm_89,16,8,1,vendor|expand
hemm,cfloat,sm_89,16,8,2,vendor|expand
hemm,cfloat,sm_89,16,8,3,vendor|expand
hemm,cfloat,sm_89,16,8,4,expand|vendor
hemm,cfloat,sm_89,16,8,5,expand|vendor
hemm,cfloat,sm_89,16,8,8,expand|vendor
hemm,cfloat,sm_89,16,8,128,expand|vendor
hemm,cfloat,sm_89,16,8,1024,expand|vendor
hemm,cfloat,sm_89,16,8,8192,expand|vendor
hemm,cfloat,sm_89,16,8,32768,expand|vendor
hemm,cfloat,sm_89,16,16,1,vendor|expand
hemm,cfloat,sm_89,16,16,2,vendor|expand
hemm,cfloat,sm_89,16,16,3,vendor|expand
hemm,cfloat,sm_89,16,16,4,expand|vendor
hemm,cfloat,sm_89,16,16,5,expand|vendor
hemm,cfloat,sm_89,16,16,8,expand|vendor
hemm,cfloat,sm_89,16,16,128,expand|vendor
hemm,cfloat,sm_89,16,16,1024,expand|vendor
hemm,cfloat,sm_89,16,16,8192,expand|vendor
hemm,cfloat,sm_89,16,16,32768,expand|vendor
hemm,cfloat,sm_89,16,32,1,vendor|expand
hemm,cfloat,sm_89,16,32,2,vendor|expand
hemm,cfloat,sm_89,16,32,3,vendor|expand
hemm,cfloat,sm_89,16,32,4,expand|vendor
hemm,cfloat,sm_89,16,32,5,expand|vendor
hemm,cfloat,sm_89,16,32,8,expand|vendor
hemm,cfloat,sm_89,16,32,128,expand|vendor
hemm,cfloat,sm_89,16,32,1024,expand|vendor
hemm,cfloat,sm_89,16,32,8192,expand|vendor
hemm,cfloat,sm_89,16,32,32768,expand|vendor
hemm,cfloat,sm_89,16,64,1,vendor|expand
hemm,cfloat,sm_89,16,64,2,vendor|expand
hemm,cfloat,sm_89,16,64,3,vendor|expand
hemm,cfloat,sm_89,16,64,4,expand|vendor
hemm,cfloat,sm_89,16,64,5,expand|vendor
hemm,cfloat,sm_89,16,64,8,expand|vendor
hemm,cfloat,sm_89,16,64,128,expand|vendor
hemm,cfloat,sm_89,16,64,1024,expand|vendor
hemm,cfloat,sm_89,16,64,8192,expand|vendor
hemm,cfloat,sm_89,16,64,32768,expand|vendor
hemm,cfloat,sm_89,16,128,1,vendor|expand
hemm,cfloat,sm_89,16,128,2,vendor|expand
hemm,cfloat,sm_89,16,128,3,vendor|expand
hemm,cfloat,sm_89,16,128,4,expand|vendor
hemm,cfloat,sm_89,16,128,5,expand|vendor
hemm,cfloat,sm_89,16,128,8,expand|vendor
hemm,cfloat,sm_89,16,128,128,expand|vendor
hemm,cfloat,sm_89,16,128,1024,expand|vendor
hemm,cfloat,sm_89,16,128,8192,expand|vendor
hemm,cfloat,sm_89,16,128,32768,expand|vendor
hemm,cfloat,sm_89,16,255,1,vendor|expand
hemm,cfloat,sm_89,16,255,2,vendor|expand
hemm,cfloat,sm_89,16,255,3,vendor|expand
hemm,cfloat,sm_89,16,255,4,expand|vendor
hemm,cfloat,sm_89,16,255,5,expand|vendor
hemm,cfloat,sm_89,16,255,8,expand|vendor
hemm,cfloat,sm_89,16,255,128,expand|vendor
hemm,cfloat,sm_89,16,255,1024,expand|vendor
hemm,cfloat,sm_89,16,255,8192,expand|vendor
hemm,cfloat,sm_89,16,255,32768,expand|vendor
hemm,cfloat,sm_89,16,256,1,expand|vendor
hemm,cfloat,sm_89,16,256,2,expand|vendor
hemm,cfloat,sm_89,16,256,3,expand|vendor
hemm,cfloat,sm_89,16,256,4,expand|vendor
hemm,cfloat,sm_89,16,256,5,expand|vendor
hemm,cfloat,sm_89,16,256,8,expand|vendor
hemm,cfloat,sm_89,16,256,128,expand|vendor
hemm,cfloat,sm_89,16,256,1024,expand|vendor
hemm,cfloat,sm_89,16,256,8192,expand|vendor
hemm,cfloat,sm_89,16,256,32768,expand|vendor
hemm,cfloat,sm_89,16,512,1,expand|vendor
hemm,cfloat,sm_89,16,512,2,expand|vendor
hemm,cfloat,sm_89,16,512,3,expand|vendor
hemm,cfloat,sm_89,16,512,4,expand|vendor
hemm,cfloat,sm_89,16,512,5,expand|vendor
hemm,cfloat,sm_89,16,512,8,expand|vendor
hemm,cfloat,sm_89,16,512,128,expand|vendor
hemm,cfloat,sm_89,16,512,1024,expand|vendor
hemm,cfloat,sm_89,16,512,8192,expand|vendor
hemm,cfloat,sm_89,16,512,32768,expand|vendor
hemm,cfloat,sm_89,16,1024,1,expand|vendor
hemm,cfloat,sm_89,16,1024,2,expand|vendor
hemm,cfloat,sm_89,16,1024,3,expand|vendor
hemm,cfloat,sm_89,16,1024,4,expand|vendor
hemm,cfloat,sm_89,16,1024,5,expand|vendor
hemm,cfloat,sm_89,16,1024,8,expand|vendor
hemm,cfloat,sm_89,16,1024,128,expand|vendor
hemm,cfloat,sm_89,16,1024,1024,expand|vendor
hemm,cfloat,sm_89,16,1024,8192,expand|vendor
hemm,cfloat,sm_89,16,1024,32768,expand|vendor
hemm,cfloat,sm_89,16,2048,1,expand|vendor
hemm,cfloat,sm_89,16,2048,2,expand|vendor
hemm,cfloat,sm_89,16,2048,3,expand|vendor
hemm,cfloat,sm_89,16,2048,4,expand|vendor
hemm,cfloat,sm_89,16,2048,5,expand|vendor
hemm,cfloat,sm_89,16,2048,8,expand|vendor
hemm,cfloat,sm_89,16,2048,128,expand|vendor
hemm,cfloat,sm_89,16,2048,1024,expand|vendor
hemm,cfloat,sm_89,16,2048,8192,expand|vendor
hemm,cfloat,sm_89,16,2048,32768,expand|vendor
hemm,cfloat,sm_89,16,4096,1,expand|vendor
hemm,cfloat,sm_89,16,4096,2,expand|vendor
hemm,cfloat,sm_89,16,4096,3,expand|vendor
hemm,cfloat,sm_89,16,4096,4,expand|vendor
hemm,cfloat,sm_89,16,4096,5,expand|vendor
hemm,cfloat,sm_89,16,4096,8,expand|vendor
hemm,cfloat,sm_89,16,4096,128,expand|vendor
hemm,cfloat,sm_89,16,4096,1024,expand|vendor
hemm,cfloat,sm_89,16,4096,8192,expand|vendor
hemm,cfloat,sm_89,16,4096,32768,expand|vendor
hemm,cfloat,sm_89,32,1,1,vendor|expand
hemm,cfloat,sm_89,32,1,2,vendor|expand
hemm,cfloat,sm_89,32,1,3,vendor|expand
hemm,cfloat,sm_89,32,1,4,expand|vendor
hemm,cfloat,sm_89,32,1,5,expand|vendor
hemm,cfloat,sm_89,32,1,8,expand|vendor
hemm,cfloat,sm_89,32,1,128,expand|vendor
hemm,cfloat,sm_89,32,1,1024,expand|vendor
hemm,cfloat,sm_89,32,1,8192,expand|vendor
hemm,cfloat,sm_89,32,1,32768,expand|vendor
hemm,cfloat,sm_89,32,2,1,vendor|expand
hemm,cfloat,sm_89,32,2,2,vendor|expand
hemm,cfloat,sm_89,32,2,3,vendor|expand
hemm,cfloat,sm_89,32,2,4,expand|vendor
hemm,cfloat,sm_89,32,2,5,expand|vendor
hemm,cfloat,sm_89,32,2,8,expand|vendor
hemm,cfloat,sm_89,32,2,128,expand|vendor
hemm,cfloat,sm_89,32,2,1024,expand|vendor
hemm,cfloat,sm_89,32,2,8192,expand|vendor
hemm,cfloat,sm_89,32,2,32768,expand|vendor
hemm,cfloat,sm_89,32,4,1,vendor|expand
hemm,cfloat,sm_89,32,4,2,vendor|expand
hemm,cfloat,sm_89,32,4,3,vendor|expand
hemm,cfloat,sm_89,32,4,4,expand|vendor
hemm,cfloat,sm_89,32,4,5,expand|vendor
hemm,cfloat,sm_89,32,4,8,expand|vendor
hemm,cfloat,sm_89,32,4,128,expand|vendor
hemm,cfloat,sm_89,32,4,1024,expand|vendor
hemm,cfloat,sm_89,32,4,8192,expand|vendor
hemm,cfloat,sm_89,32,4,32768,expand|vendor
hemm,cfloat,sm_89,32,8,1,vendor|expand
hemm,cfloat,sm_89,32,8,2,vendor|expand
hemm,cfloat,sm_89,32,8,3,vendor|expand
hemm,cfloat,sm_89,32,8,4,expand|vendor
hemm,cfloat,sm_89,32,8,5,expand|vendor
hemm,cfloat,sm_89,32,8,8,expand|vendor
hemm,cfloat,sm_89,32,8,128,expand|vendor
hemm,cfloat,sm_89,32,8,1024,expand|vendor
hemm,cfloat,sm_89,32,8,8192,expand|vendor
hemm,cfloat,sm_89,32,8,32768,expand|vendor
hemm,cfloat,sm_89,32,16,1,vendor|expand
hemm,cfloat,sm_89,32,16,2,vendor|expand
hemm,cfloat,sm_89,32,16,3,vendor|expand
hemm,cfloat,sm_89,32,16,4,expand|vendor
hemm,cfloat,sm_89,32,16,5,expand|vendor
hemm,cfloat,sm_89,32,16,8,expand|vendor
hemm,cfloat,sm_89,32,16,128,expand|vendor
hemm,cfloat,sm_89,32,16,1024,expand|vendor
hemm,cfloat,sm_89,32,16,8192,expand|vendor
hemm,cfloat,sm_89,32,16,32768,expand|vendor
hemm,cfloat,sm_89,32,32,1,vendor|expand
hemm,cfloat,sm_89,32,32,2,vendor|expand
hemm,cfloat,sm_89,32,32,3,vendor|expand
hemm,cfloat,sm_89,32,32,4,expand|vendor
hemm,cfloat,sm_89,32,32,5,expand|vendor
hemm,cfloat,sm_89,32,32,8,expand|vendor
hemm,cfloat,sm_89,32,32,128,expand|vendor
hemm,cfloat,sm_89,32,32,1024,expand|vendor
hemm,cfloat,sm_89,32,32,8192,expand|vendor
hemm,cfloat,sm_89,32,32,32768,expand|vendor
hemm,cfloat,sm_89,32,64,1,vendor|expand
hemm,cfloat,sm_89,32,64,2,vendor|expand
hemm,cfloat,sm_89,32,64,3,vendor|expand
hemm,cfloat,sm_89,32,64,4,expand|vendor
hemm,cfloat,sm_89,32,64,5,expand|vendor
hemm,cfloat,sm_89,32,64,8,expand|vendor
hemm,cfloat,sm_89,32,64,128,expand|vendor
hemm,cfloat,sm_89,32,64,1024,expand|vendor
hemm,cfloat,sm_89,32,64,8192,expand|vendor
hemm,cfloat,sm_89,32,64,32768,expand|vendor
hemm,cfloat,sm_89,32,128,1,vendor|expand
hemm,cfloat,sm_89,32,128,2,vendor|expand
hemm,cfloat,sm_89,32,128,3,vendor|expand
hemm,cfloat,sm_89,32,128,4,expand|vendor
hemm,cfloat,sm_89,32,128,5,expand|vendor
hemm,cfloat,sm_89,32,128,8,expand|vendor
hemm,cfloat,sm_89,32,128,128,expand|vendor
hemm,cfloat,sm_89,32,128,1024,expand|vendor
hemm,cfloat,sm_89,32,128,8192,expand|vendor
hemm,cfloat,sm_89,32,128,32768,expand|vendor
hemm,cfloat,sm_89,32,255,1,vendor|expand
hemm,cfloat,sm_89,32,255,2,vendor|expand
hemm,cfloat,sm_89,32,255,3,vendor|expand
hemm,cfloat,sm_89,32,255,4,expand|vendor
hemm,cfloat,sm_89,32,255,5,expand|vendor
hemm,cfloat,sm_89,32,255,8,expand|vendor
hemm,cfloat,sm_89,32,255,128,expand|vendor
hemm,cfloat,sm_89,32,255,1024,expand|vendor
hemm,cfloat,sm_89,32,255,8192,expand|vendor
hemm,cfloat,sm_89,32,255,32768,expand|vendor
hemm,cfloat,sm_89,32,256,1,expand|vendor
hemm,cfloat,sm_89,32,256,2,expand|vendor
hemm,cfloat,sm_89,32,256,3,expand|vendor
hemm,cfloat,sm_89,32,256,4,expand|vendor
hemm,cfloat,sm_89,32,256,5,expand|vendor
hemm,cfloat,sm_89,32,256,8,expand|vendor
hemm,cfloat,sm_89,32,256,128,expand|vendor
hemm,cfloat,sm_89,32,256,1024,expand|vendor
hemm,cfloat,sm_89,32,256,8192,expand|vendor
hemm,cfloat,sm_89,32,256,32768,expand|vendor
hemm,cfloat,sm_89,32,512,1,expand|vendor
hemm,cfloat,sm_89,32,512,2,expand|vendor
hemm,cfloat,sm_89,32,512,3,expand|vendor
hemm,cfloat,sm_89,32,512,4,expand|vendor
hemm,cfloat,sm_89,32,512,5,expand|vendor
hemm,cfloat,sm_89,32,512,8,expand|vendor
hemm,cfloat,sm_89,32,512,128,expand|vendor
hemm,cfloat,sm_89,32,512,1024,expand|vendor
hemm,cfloat,sm_89,32,512,8192,expand|vendor
hemm,cfloat,sm_89,32,512,32768,expand|vendor
hemm,cfloat,sm_89,32,1024,1,expand|vendor
hemm,cfloat,sm_89,32,1024,2,expand|vendor
hemm,cfloat,sm_89,32,1024,3,expand|vendor
hemm,cfloat,sm_89,32,1024,4,expand|vendor
hemm,cfloat,sm_89,32,1024,5,expand|vendor
hemm,cfloat,sm_89,32,1024,8,expand|vendor
hemm,cfloat,sm_89,32,1024,128,expand|vendor
hemm,cfloat,sm_89,32,1024,1024,expand|vendor
hemm,cfloat,sm_89,32,1024,8192,expand|vendor
hemm,cfloat,sm_89,32,1024,32768,expand|vendor
hemm,cfloat,sm_89,32,2048,1,expand|vendor
hemm,cfloat,sm_89,32,2048,2,expand|vendor
hemm,cfloat,sm_89,32,2048,3,expand|vendor
hemm,cfloat,sm_89,32,2048,4,expand|vendor
hemm,cfloat,sm_89,32,2048,5,expand|vendor
hemm,cfloat,sm_89,32,2048,8,expand|vendor
hemm,cfloat,sm_89,32,2048,128,expand|vendor
hemm,cfloat,sm_89,32,2048,1024,expand|vendor
hemm,cfloat,sm_89,32,2048,8192,expand|vendor
hemm,cfloat,sm_89,32,2048,32768,expand|vendor
hemm,cfloat,sm_89,32,4096,1,expand|vendor
hemm,cfloat,sm_89,32,4096,2,expand|vendor
hemm,cfloat,sm_89,32,4096,3,expand|vendor
hemm,cfloat,sm_89,32,4096,4,expand|vendor
hemm,cfloat,sm_89,32,4096,5,expand|vendor
hemm,cfloat,sm_89,32,4096,8,expand|vendor
hemm,cfloat,sm_89,32,4096,128,expand|vendor
hemm,cfloat,sm_89,32,4096,1024,expand|vendor
hemm,cfloat,sm_89,32,4096,8192,expand|vendor
hemm,cfloat,sm_89,32,4096,32768,expand|vendor
hemm,cfloat,sm_89,64,1,1,vendor|expand
hemm,cfloat,sm_89,64,1,2,vendor|expand
hemm,cfloat,sm_89,64,1,3,vendor|expand
hemm,cfloat,sm_89,64,1,4,expand|vendor
hemm,cfloat,sm_89,64,1,5,expand|vendor
hemm,cfloat,sm_89,64,1,8,expand|vendor
hemm,cfloat,sm_89,64,1,128,expand|vendor
hemm,cfloat,sm_89,64,1,1024,expand|vendor
hemm,cfloat,sm_89,64,1,8192,expand|vendor
hemm,cfloat,sm_89,64,1,32768,expand|vendor
hemm,cfloat,sm_89,64,2,1,vendor|expand
hemm,cfloat,sm_89,64,2,2,vendor|expand
hemm,cfloat,sm_89,64,2,3,vendor|expand
hemm,cfloat,sm_89,64,2,4,expand|vendor
hemm,cfloat,sm_89,64,2,5,expand|vendor
hemm,cfloat,sm_89,64,2,8,expand|vendor
hemm,cfloat,sm_89,64,2,128,expand|vendor
hemm,cfloat,sm_89,64,2,1024,expand|vendor
hemm,cfloat,sm_89,64,2,8192,expand|vendor
hemm,cfloat,sm_89,64,2,32768,expand|vendor
hemm,cfloat,sm_89,64,4,1,vendor|expand
hemm,cfloat,sm_89,64,4,2,vendor|expand
hemm,cfloat,sm_89,64,4,3,vendor|expand
hemm,cfloat,sm_89,64,4,4,expand|vendor
hemm,cfloat,sm_89,64,4,5,expand|vendor
hemm,cfloat,sm_89,64,4,8,expand|vendor
hemm,cfloat,sm_89,64,4,128,expand|vendor
hemm,cfloat,sm_89,64,4,1024,expand|vendor
hemm,cfloat,sm_89,64,4,8192,expand|vendor
hemm,cfloat,sm_89,64,4,32768,expand|vendor
hemm,cfloat,sm_89,64,8,1,vendor|expand
hemm,cfloat,sm_89,64,8,2,vendor|expand
hemm,cfloat,sm_89,64,8,3,vendor|expand
hemm,cfloat,sm_89,64,8,4,expand|vendor
hemm,cfloat,sm_89,64,8,5,expand|vendor
hemm,cfloat,sm_89,64,8,8,expand|vendor
hemm,cfloat,sm_89,64,8,128,expand|vendor
hemm,cfloat,sm_89,64,8,1024,expand|vendor
hemm,cfloat,sm_89,64,8,8192,expand|vendor
hemm,cfloat,sm_89,64,8,32768,expand|vendor
hemm,cfloat,sm_89,64,16,1,vendor|expand
hemm,cfloat,sm_89,64,16,2,vendor|expand
hemm,cfloat,sm_89,64,16,3,vendor|expand
hemm,cfloat,sm_89,64,16,4,expand|vendor
hemm,cfloat,sm_89,64,16,5,expand|vendor
hemm,cfloat,sm_89,64,16,8,expand|vendor
hemm,cfloat,sm_89,64,16,128,expand|vendor
hemm,cfloat,sm_89,64,16,1024,expand|vendor
hemm,cfloat,sm_89,64,16,8192,expand|vendor
hemm,cfloat,sm_89,64,16,32768,expand|vendor
hemm,cfloat,sm_89,64,32,1,vendor|expand
hemm,cfloat,sm_89,64,32,2,vendor|expand
hemm,cfloat,sm_89,64,32,3,vendor|expand
hemm,cfloat,sm_89,64,32,4,expand|vendor
hemm,cfloat,sm_89,64,32,5,expand|vendor
hemm,cfloat,sm_89,64,32,8,expand|vendor
hemm,cfloat,sm_89,64,32,128,expand|vendor
hemm,cfloat,sm_89,64,32,1024,expand|vendor
hemm,cfloat,sm_89,64,32,8192,expand|vendor
hemm,cfloat,sm_89,64,32,32768,expand|vendor
hemm,cfloat,sm_89,64,64,1,vendor|expand
hemm,cfloat,sm_89,64,64,2,vendor|expand
hemm,cfloat,sm_89,64,64,3,vendor|expand
hemm,cfloat,sm_89,64,64,4,expand|vendor
hemm,cfloat,sm_89,64,64,5,expand|vendor
hemm,cfloat,sm_89,64,64,8,expand|vendor
hemm,cfloat,sm_89,64,64,128,expand|vendor
hemm,cfloat,sm_89,64,64,1024,expand|vendor
hemm,cfloat,sm_89,64,64,8192,expand|vendor
hemm,cfloat,sm_89,64,64,32768,expand|vendor
hemm,cfloat,sm_89,64,128,1,vendor|expand
hemm,cfloat,sm_89,64,128,2,vendor|expand
hemm,cfloat,sm_89,64,128,3,vendor|expand
hemm,cfloat,sm_89,64,128,4,expand|vendor
hemm,cfloat,sm_89,64,128,5,expand|vendor
hemm,cfloat,sm_89,64,128,8,expand|vendor
hemm,cfloat,sm_89,64,128,128,expand|vendor
hemm,cfloat,sm_89,64,128,1024,expand|vendor
hemm,cfloat,sm_89,64,128,8192,expand|vendor
hemm,cfloat,sm_89,64,128,32768,expand|vendor
hemm,cfloat,sm_89,64,255,1,vendor|expand
hemm,cfloat,sm_89,64,255,2,vendor|expand
hemm,cfloat,sm_89,64,255,3,vendor|expand
hemm,cfloat,sm_89,64,255,4,expand|vendor
hemm,cfloat,sm_89,64,255,5,expand|vendor
hemm,cfloat,sm_89,64,255,8,expand|vendor
hemm,cfloat,sm_89,64,255,128,expand|vendor
hemm,cfloat,sm_89,64,255,1024,expand|vendor
hemm,cfloat,sm_89,64,255,8192,expand|vendor
hemm,cfloat,sm_89,64,255,32768,expand|vendor
hemm,cfloat,sm_89,64,256,1,expand|vendor
hemm,cfloat,sm_89,64,256,2,expand|vendor
hemm,cfloat,sm_89,64,256,3,expand|vendor
hemm,cfloat,sm_89,64,256,4,expand|vendor
hemm,cfloat,sm_89,64,256,5,expand|vendor
hemm,cfloat,sm_89,64,256,8,expand|vendor
hemm,cfloat,sm_89,64,256,128,expand|vendor
hemm,cfloat,sm_89,64,256,1024,expand|vendor
hemm,cfloat,sm_89,64,256,8192,expand|vendor
hemm,cfloat,sm_89,64,256,32768,expand|vendor
hemm,cfloat,sm_89,64,512,1,expand|vendor
hemm,cfloat,sm_89,64,512,2,expand|vendor
hemm,cfloat,sm_89,64,512,3,expand|vendor
hemm,cfloat,sm_89,64,512,4,expand|vendor
hemm,cfloat,sm_89,64,512,5,expand|vendor
hemm,cfloat,sm_89,64,512,8,expand|vendor
hemm,cfloat,sm_89,64,512,128,expand|vendor
hemm,cfloat,sm_89,64,512,1024,expand|vendor
hemm,cfloat,sm_89,64,512,8192,expand|vendor
hemm,cfloat,sm_89,64,512,32768,expand|vendor
hemm,cfloat,sm_89,64,1024,1,expand|vendor
hemm,cfloat,sm_89,64,1024,2,expand|vendor
hemm,cfloat,sm_89,64,1024,3,expand|vendor
hemm,cfloat,sm_89,64,1024,4,expand|vendor
hemm,cfloat,sm_89,64,1024,5,expand|vendor
hemm,cfloat,sm_89,64,1024,8,expand|vendor
hemm,cfloat,sm_89,64,1024,128,expand|vendor
hemm,cfloat,sm_89,64,1024,1024,expand|vendor
hemm,cfloat,sm_89,64,1024,8192,expand|vendor
hemm,cfloat,sm_89,64,1024,32768,expand|vendor
hemm,cfloat,sm_89,64,2048,1,expand|vendor
hemm,cfloat,sm_89,64,2048,2,expand|vendor
hemm,cfloat,sm_89,64,2048,3,expand|vendor
hemm,cfloat,sm_89,64,2048,4,expand|vendor
hemm,cfloat,sm_89,64,2048,5,expand|vendor
hemm,cfloat,sm_89,64,2048,8,expand|vendor
hemm,cfloat,sm_89,64,2048,128,expand|vendor
hemm,cfloat,sm_89,64,2048,1024,expand|vendor
hemm,cfloat,sm_89,64,2048,8192,expand|vendor
hemm,cfloat,sm_89,64,2048,32768,expand|vendor
hemm,cfloat,sm_89,64,4096,1,expand|vendor
hemm,cfloat,sm_89,64,4096,2,expand|vendor
hemm,cfloat,sm_89,64,4096,3,expand|vendor
hemm,cfloat,sm_89,64,4096,4,expand|vendor
hemm,cfloat,sm_89,64,4096,5,expand|vendor
hemm,cfloat,sm_89,64,4096,8,expand|vendor
hemm,cfloat,sm_89,64,4096,128,expand|vendor
hemm,cfloat,sm_89,64,4096,1024,expand|vendor
hemm,cfloat,sm_89,64,4096,8192,expand|vendor
hemm,cfloat,sm_89,64,4096,32768,expand|vendor
hemm,cfloat,sm_89,128,1,1,vendor|expand
hemm,cfloat,sm_89,128,1,2,vendor|expand
hemm,cfloat,sm_89,128,1,3,vendor|expand
hemm,cfloat,sm_89,128,1,4,expand|vendor
hemm,cfloat,sm_89,128,1,5,expand|vendor
hemm,cfloat,sm_89,128,1,8,expand|vendor
hemm,cfloat,sm_89,128,1,128,expand|vendor
hemm,cfloat,sm_89,128,1,1024,expand|vendor
hemm,cfloat,sm_89,128,1,8192,expand|vendor
hemm,cfloat,sm_89,128,1,32768,expand|vendor
hemm,cfloat,sm_89,128,2,1,vendor|expand
hemm,cfloat,sm_89,128,2,2,vendor|expand
hemm,cfloat,sm_89,128,2,3,vendor|expand
hemm,cfloat,sm_89,128,2,4,expand|vendor
hemm,cfloat,sm_89,128,2,5,expand|vendor
hemm,cfloat,sm_89,128,2,8,expand|vendor
hemm,cfloat,sm_89,128,2,128,expand|vendor
hemm,cfloat,sm_89,128,2,1024,expand|vendor
hemm,cfloat,sm_89,128,2,8192,expand|vendor
hemm,cfloat,sm_89,128,2,32768,expand|vendor
hemm,cfloat,sm_89,128,4,1,vendor|expand
hemm,cfloat,sm_89,128,4,2,vendor|expand
hemm,cfloat,sm_89,128,4,3,vendor|expand
hemm,cfloat,sm_89,128,4,4,expand|vendor
hemm,cfloat,sm_89,128,4,5,expand|vendor
hemm,cfloat,sm_89,128,4,8,expand|vendor
hemm,cfloat,sm_89,128,4,128,expand|vendor
hemm,cfloat,sm_89,128,4,1024,expand|vendor
hemm,cfloat,sm_89,128,4,8192,expand|vendor
hemm,cfloat,sm_89,128,4,32768,expand|vendor
hemm,cfloat,sm_89,128,8,1,vendor|expand
hemm,cfloat,sm_89,128,8,2,vendor|expand
hemm,cfloat,sm_89,128,8,3,vendor|expand
hemm,cfloat,sm_89,128,8,4,expand|vendor
hemm,cfloat,sm_89,128,8,5,expand|vendor
hemm,cfloat,sm_89,128,8,8,expand|vendor
hemm,cfloat,sm_89,128,8,128,expand|vendor
hemm,cfloat,sm_89,128,8,1024,expand|vendor
hemm,cfloat,sm_89,128,8,8192,expand|vendor
hemm,cfloat,sm_89,128,8,32768,expand|vendor
hemm,cfloat,sm_89,128,16,1,vendor|expand
hemm,cfloat,sm_89,128,16,2,vendor|expand
hemm,cfloat,sm_89,128,16,3,vendor|expand
hemm,cfloat,sm_89,128,16,4,expand|vendor
hemm,cfloat,sm_89,128,16,5,expand|vendor
hemm,cfloat,sm_89,128,16,8,expand|vendor
hemm,cfloat,sm_89,128,16,128,expand|vendor
hemm,cfloat,sm_89,128,16,1024,expand|vendor
hemm,cfloat,sm_89,128,16,8192,expand|vendor
hemm,cfloat,sm_89,128,16,32768,expand|vendor
hemm,cfloat,sm_89,128,32,1,vendor|expand
hemm,cfloat,sm_89,128,32,2,vendor|expand
hemm,cfloat,sm_89,128,32,3,vendor|expand
hemm,cfloat,sm_89,128,32,4,expand|vendor
hemm,cfloat,sm_89,128,32,5,expand|vendor
hemm,cfloat,sm_89,128,32,8,expand|vendor
hemm,cfloat,sm_89,128,32,128,expand|vendor
hemm,cfloat,sm_89,128,32,1024,expand|vendor
hemm,cfloat,sm_89,128,32,8192,expand|vendor
hemm,cfloat,sm_89,128,32,32768,expand|vendor
hemm,cfloat,sm_89,128,64,1,vendor|expand
hemm,cfloat,sm_89,128,64,2,vendor|expand
hemm,cfloat,sm_89,128,64,3,vendor|expand
hemm,cfloat,sm_89,128,64,4,expand|vendor
hemm,cfloat,sm_89,128,64,5,expand|vendor
hemm,cfloat,sm_89,128,64,8,expand|vendor
hemm,cfloat,sm_89,128,64,128,expand|vendor
hemm,cfloat,sm_89,128,64,1024,expand|vendor
hemm,cfloat,sm_89,128,64,8192,expand|vendor
hemm,cfloat,sm_89,128,64,32768,expand|vendor
hemm,cfloat,sm_89,128,128,1,vendor|expand
hemm,cfloat,sm_89,128,128,2,vendor|expand
hemm,cfloat,sm_89,128,128,3,vendor|expand
hemm,cfloat,sm_89,128,128,4,expand|vendor
hemm,cfloat,sm_89,128,128,5,expand|vendor
hemm,cfloat,sm_89,128,128,8,expand|vendor
hemm,cfloat,sm_89,128,128,128,expand|vendor
hemm,cfloat,sm_89,128,128,1024,expand|vendor
hemm,cfloat,sm_89,128,128,8192,expand|vendor
hemm,cfloat,sm_89,128,128,32768,expand|vendor
hemm,cfloat,sm_89,128,255,1,vendor|expand
hemm,cfloat,sm_89,128,255,2,vendor|expand
hemm,cfloat,sm_89,128,255,3,vendor|expand
hemm,cfloat,sm_89,128,255,4,expand|vendor
hemm,cfloat,sm_89,128,255,5,expand|vendor
hemm,cfloat,sm_89,128,255,8,expand|vendor
hemm,cfloat,sm_89,128,255,128,expand|vendor
hemm,cfloat,sm_89,128,255,1024,expand|vendor
hemm,cfloat,sm_89,128,255,8192,expand|vendor
hemm,cfloat,sm_89,128,255,32768,expand|vendor
hemm,cfloat,sm_89,128,256,1,expand|vendor
hemm,cfloat,sm_89,128,256,2,expand|vendor
hemm,cfloat,sm_89,128,256,3,expand|vendor
hemm,cfloat,sm_89,128,256,4,expand|vendor
hemm,cfloat,sm_89,128,256,5,expand|vendor
hemm,cfloat,sm_89,128,256,8,expand|vendor
hemm,cfloat,sm_89,128,256,128,expand|vendor
hemm,cfloat,sm_89,128,256,1024,expand|vendor
hemm,cfloat,sm_89,128,256,8192,expand|vendor
hemm,cfloat,sm_89,128,256,32768,expand|vendor
hemm,cfloat,sm_89,128,512,1,expand|vendor
hemm,cfloat,sm_89,128,512,2,expand|vendor
hemm,cfloat,sm_89,128,512,3,expand|vendor
hemm,cfloat,sm_89,128,512,4,expand|vendor
hemm,cfloat,sm_89,128,512,5,expand|vendor
hemm,cfloat,sm_89,128,512,8,expand|vendor
hemm,cfloat,sm_89,128,512,128,expand|vendor
hemm,cfloat,sm_89,128,512,1024,expand|vendor
hemm,cfloat,sm_89,128,512,8192,expand|vendor
hemm,cfloat,sm_89,128,512,32768,expand|vendor
hemm,cfloat,sm_89,128,1024,1,expand|vendor
hemm,cfloat,sm_89,128,1024,2,expand|vendor
hemm,cfloat,sm_89,128,1024,3,expand|vendor
hemm,cfloat,sm_89,128,1024,4,expand|vendor
hemm,cfloat,sm_89,128,1024,5,expand|vendor
hemm,cfloat,sm_89,128,1024,8,expand|vendor
hemm,cfloat,sm_89,128,1024,128,expand|vendor
hemm,cfloat,sm_89,128,1024,1024,expand|vendor
hemm,cfloat,sm_89,128,1024,8192,expand|vendor
hemm,cfloat,sm_89,128,1024,32768,expand|vendor
hemm,cfloat,sm_89,128,2048,1,expand|vendor
hemm,cfloat,sm_89,128,2048,2,expand|vendor
hemm,cfloat,sm_89,128,2048,3,expand|vendor
hemm,cfloat,sm_89,128,2048,4,expand|vendor
hemm,cfloat,sm_89,128,2048,5,expand|vendor
hemm,cfloat,sm_89,128,2048,8,expand|vendor
hemm,cfloat,sm_89,128,2048,128,expand|vendor
hemm,cfloat,sm_89,128,2048,1024,expand|vendor
hemm,cfloat,sm_89,128,2048,8192,expand|vendor
hemm,cfloat,sm_89,128,2048,32768,expand|vendor
hemm,cfloat,sm_89,128,4096,1,expand|vendor
hemm,cfloat,sm_89,128,4096,2,expand|vendor
hemm,cfloat,sm_89,128,4096,3,expand|vendor
hemm,cfloat,sm_89,128,4096,4,expand|vendor
hemm,cfloat,sm_89,128,4096,5,expand|vendor
hemm,cfloat,sm_89,128,4096,8,expand|vendor
hemm,cfloat,sm_89,128,4096,128,expand|vendor
hemm,cfloat,sm_89,128,4096,1024,expand|vendor
hemm,cfloat,sm_89,128,4096,8192,expand|vendor
hemm,cfloat,sm_89,128,4096,32768,expand|vendor
hemm,cfloat,sm_89,255,1,1,vendor|expand
hemm,cfloat,sm_89,255,1,2,vendor|expand
hemm,cfloat,sm_89,255,1,3,vendor|expand
hemm,cfloat,sm_89,255,1,4,expand|vendor
hemm,cfloat,sm_89,255,1,5,expand|vendor
hemm,cfloat,sm_89,255,1,8,expand|vendor
hemm,cfloat,sm_89,255,1,128,expand|vendor
hemm,cfloat,sm_89,255,1,1024,expand|vendor
hemm,cfloat,sm_89,255,1,8192,expand|vendor
hemm,cfloat,sm_89,255,1,32768,expand|vendor
hemm,cfloat,sm_89,255,2,1,vendor|expand
hemm,cfloat,sm_89,255,2,2,vendor|expand
hemm,cfloat,sm_89,255,2,3,vendor|expand
hemm,cfloat,sm_89,255,2,4,expand|vendor
hemm,cfloat,sm_89,255,2,5,expand|vendor
hemm,cfloat,sm_89,255,2,8,expand|vendor
hemm,cfloat,sm_89,255,2,128,expand|vendor
hemm,cfloat,sm_89,255,2,1024,expand|vendor
hemm,cfloat,sm_89,255,2,8192,expand|vendor
hemm,cfloat,sm_89,255,2,32768,expand|vendor
hemm,cfloat,sm_89,255,4,1,vendor|expand
hemm,cfloat,sm_89,255,4,2,vendor|expand
hemm,cfloat,sm_89,255,4,3,vendor|expand
hemm,cfloat,sm_89,255,4,4,expand|vendor
hemm,cfloat,sm_89,255,4,5,expand|vendor
hemm,cfloat,sm_89,255,4,8,expand|vendor
hemm,cfloat,sm_89,255,4,128,expand|vendor
hemm,cfloat,sm_89,255,4,1024,expand|vendor
hemm,cfloat,sm_89,255,4,8192,expand|vendor
hemm,cfloat,sm_89,255,4,32768,expand|vendor
hemm,cfloat,sm_89,255,8,1,vendor|expand
hemm,cfloat,sm_89,255,8,2,vendor|expand
hemm,cfloat,sm_89,255,8,3,vendor|expand
hemm,cfloat,sm_89,255,8,4,expand|vendor
hemm,cfloat,sm_89,255,8,5,expand|vendor
hemm,cfloat,sm_89,255,8,8,expand|vendor
hemm,cfloat,sm_89,255,8,128,expand|vendor
hemm,cfloat,sm_89,255,8,1024,expand|vendor
hemm,cfloat,sm_89,255,8,8192,expand|vendor
hemm,cfloat,sm_89,255,8,32768,expand|vendor
hemm,cfloat,sm_89,255,16,1,vendor|expand
hemm,cfloat,sm_89,255,16,2,vendor|expand
hemm,cfloat,sm_89,255,16,3,vendor|expand
hemm,cfloat,sm_89,255,16,4,expand|vendor
hemm,cfloat,sm_89,255,16,5,expand|vendor
hemm,cfloat,sm_89,255,16,8,expand|vendor
hemm,cfloat,sm_89,255,16,128,expand|vendor
hemm,cfloat,sm_89,255,16,1024,expand|vendor
hemm,cfloat,sm_89,255,16,8192,expand|vendor
hemm,cfloat,sm_89,255,16,32768,expand|vendor
hemm,cfloat,sm_89,255,32,1,vendor|expand
hemm,cfloat,sm_89,255,32,2,vendor|expand
hemm,cfloat,sm_89,255,32,3,vendor|expand
hemm,cfloat,sm_89,255,32,4,expand|vendor
hemm,cfloat,sm_89,255,32,5,expand|vendor
hemm,cfloat,sm_89,255,32,8,expand|vendor
hemm,cfloat,sm_89,255,32,128,expand|vendor
hemm,cfloat,sm_89,255,32,1024,expand|vendor
hemm,cfloat,sm_89,255,32,8192,expand|vendor
hemm,cfloat,sm_89,255,32,32768,expand|vendor
hemm,cfloat,sm_89,255,64,1,vendor|expand
hemm,cfloat,sm_89,255,64,2,vendor|expand
hemm,cfloat,sm_89,255,64,3,vendor|expand
hemm,cfloat,sm_89,255,64,4,expand|vendor
hemm,cfloat,sm_89,255,64,5,expand|vendor
hemm,cfloat,sm_89,255,64,8,expand|vendor
hemm,cfloat,sm_89,255,64,128,expand|vendor
hemm,cfloat,sm_89,255,64,1024,expand|vendor
hemm,cfloat,sm_89,255,64,8192,expand|vendor
hemm,cfloat,sm_89,255,64,32768,expand|vendor
hemm,cfloat,sm_89,255,128,1,vendor|expand
hemm,cfloat,sm_89,255,128,2,vendor|expand
hemm,cfloat,sm_89,255,128,3,vendor|expand
hemm,cfloat,sm_89,255,128,4,expand|vendor
hemm,cfloat,sm_89,255,128,5,expand|vendor
hemm,cfloat,sm_89,255,128,8,expand|vendor
hemm,cfloat,sm_89,255,128,128,expand|vendor
hemm,cfloat,sm_89,255,128,1024,expand|vendor
hemm,cfloat,sm_89,255,128,8192,expand|vendor
hemm,cfloat,sm_89,255,128,32768,expand|vendor
hemm,cfloat,sm_89,255,255,1,vendor|expand
hemm,cfloat,sm_89,255,255,2,vendor|expand
hemm,cfloat,sm_89,255,255,3,vendor|expand
hemm,cfloat,sm_89,255,255,4,expand|vendor
hemm,cfloat,sm_89,255,255,5,expand|vendor
hemm,cfloat,sm_89,255,255,8,expand|vendor
hemm,cfloat,sm_89,255,255,128,expand|vendor
hemm,cfloat,sm_89,255,255,1024,expand|vendor
hemm,cfloat,sm_89,255,255,8192,expand|vendor
hemm,cfloat,sm_89,255,255,32768,expand|vendor
hemm,cfloat,sm_89,255,256,1,expand|vendor
hemm,cfloat,sm_89,255,256,2,expand|vendor
hemm,cfloat,sm_89,255,256,3,expand|vendor
hemm,cfloat,sm_89,255,256,4,expand|vendor
hemm,cfloat,sm_89,255,256,5,expand|vendor
hemm,cfloat,sm_89,255,256,8,expand|vendor
hemm,cfloat,sm_89,255,256,128,expand|vendor
hemm,cfloat,sm_89,255,256,1024,expand|vendor
hemm,cfloat,sm_89,255,256,8192,expand|vendor
hemm,cfloat,sm_89,255,256,32768,expand|vendor
hemm,cfloat,sm_89,255,512,1,expand|vendor
hemm,cfloat,sm_89,255,512,2,expand|vendor
hemm,cfloat,sm_89,255,512,3,expand|vendor
hemm,cfloat,sm_89,255,512,4,expand|vendor
hemm,cfloat,sm_89,255,512,5,expand|vendor
hemm,cfloat,sm_89,255,512,8,expand|vendor
hemm,cfloat,sm_89,255,512,128,expand|vendor
hemm,cfloat,sm_89,255,512,1024,expand|vendor
hemm,cfloat,sm_89,255,512,8192,expand|vendor
hemm,cfloat,sm_89,255,512,32768,expand|vendor
hemm,cfloat,sm_89,255,1024,1,expand|vendor
hemm,cfloat,sm_89,255,1024,2,expand|vendor
hemm,cfloat,sm_89,255,1024,3,expand|vendor
hemm,cfloat,sm_89,255,1024,4,expand|vendor
hemm,cfloat,sm_89,255,1024,5,expand|vendor
hemm,cfloat,sm_89,255,1024,8,expand|vendor
hemm,cfloat,sm_89,255,1024,128,expand|vendor
hemm,cfloat,sm_89,255,1024,1024,expand|vendor
hemm,cfloat,sm_89,255,1024,8192,expand|vendor
hemm,cfloat,sm_89,255,1024,32768,expand|vendor
hemm,cfloat,sm_89,255,2048,1,expand|vendor
hemm,cfloat,sm_89,255,2048,2,expand|vendor
hemm,cfloat,sm_89,255,2048,3,expand|vendor
hemm,cfloat,sm_89,255,2048,4,expand|vendor
hemm,cfloat,sm_89,255,2048,5,expand|vendor
hemm,cfloat,sm_89,255,2048,8,expand|vendor
hemm,cfloat,sm_89,255,2048,128,expand|vendor
hemm,cfloat,sm_89,255,2048,1024,expand|vendor
hemm,cfloat,sm_89,255,2048,8192,expand|vendor
hemm,cfloat,sm_89,255,2048,32768,expand|vendor
hemm,cfloat,sm_89,255,4096,1,expand|vendor
hemm,cfloat,sm_89,255,4096,2,expand|vendor
hemm,cfloat,sm_89,255,4096,3,expand|vendor
hemm,cfloat,sm_89,255,4096,4,expand|vendor
hemm,cfloat,sm_89,255,4096,5,expand|vendor
hemm,cfloat,sm_89,255,4096,8,expand|vendor
hemm,cfloat,sm_89,255,4096,128,expand|vendor
hemm,cfloat,sm_89,255,4096,1024,expand|vendor
hemm,cfloat,sm_89,255,4096,8192,expand|vendor
hemm,cfloat,sm_89,255,4096,32768,expand|vendor
hemm,cfloat,sm_89,256,1,1,expand|vendor
hemm,cfloat,sm_89,256,1,2,expand|vendor
hemm,cfloat,sm_89,256,1,3,expand|vendor
hemm,cfloat,sm_89,256,1,4,expand|vendor
hemm,cfloat,sm_89,256,1,5,expand|vendor
hemm,cfloat,sm_89,256,1,8,expand|vendor
hemm,cfloat,sm_89,256,1,128,expand|vendor
hemm,cfloat,sm_89,256,1,1024,expand|vendor
hemm,cfloat,sm_89,256,1,8192,expand|vendor
hemm,cfloat,sm_89,256,1,32768,expand|vendor
hemm,cfloat,sm_89,256,2,1,expand|vendor
hemm,cfloat,sm_89,256,2,2,expand|vendor
hemm,cfloat,sm_89,256,2,3,expand|vendor
hemm,cfloat,sm_89,256,2,4,expand|vendor
hemm,cfloat,sm_89,256,2,5,expand|vendor
hemm,cfloat,sm_89,256,2,8,expand|vendor
hemm,cfloat,sm_89,256,2,128,expand|vendor
hemm,cfloat,sm_89,256,2,1024,expand|vendor
hemm,cfloat,sm_89,256,2,8192,expand|vendor
hemm,cfloat,sm_89,256,2,32768,expand|vendor
hemm,cfloat,sm_89,256,4,1,expand|vendor
hemm,cfloat,sm_89,256,4,2,expand|vendor
hemm,cfloat,sm_89,256,4,3,expand|vendor
hemm,cfloat,sm_89,256,4,4,expand|vendor
hemm,cfloat,sm_89,256,4,5,expand|vendor
hemm,cfloat,sm_89,256,4,8,expand|vendor
hemm,cfloat,sm_89,256,4,128,expand|vendor
hemm,cfloat,sm_89,256,4,1024,expand|vendor
hemm,cfloat,sm_89,256,4,8192,expand|vendor
hemm,cfloat,sm_89,256,4,32768,expand|vendor
hemm,cfloat,sm_89,256,8,1,expand|vendor
hemm,cfloat,sm_89,256,8,2,expand|vendor
hemm,cfloat,sm_89,256,8,3,expand|vendor
hemm,cfloat,sm_89,256,8,4,expand|vendor
hemm,cfloat,sm_89,256,8,5,expand|vendor
hemm,cfloat,sm_89,256,8,8,expand|vendor
hemm,cfloat,sm_89,256,8,128,expand|vendor
hemm,cfloat,sm_89,256,8,1024,expand|vendor
hemm,cfloat,sm_89,256,8,8192,expand|vendor
hemm,cfloat,sm_89,256,8,32768,expand|vendor
hemm,cfloat,sm_89,256,16,1,expand|vendor
hemm,cfloat,sm_89,256,16,2,expand|vendor
hemm,cfloat,sm_89,256,16,3,expand|vendor
hemm,cfloat,sm_89,256,16,4,expand|vendor
hemm,cfloat,sm_89,256,16,5,expand|vendor
hemm,cfloat,sm_89,256,16,8,expand|vendor
hemm,cfloat,sm_89,256,16,128,expand|vendor
hemm,cfloat,sm_89,256,16,1024,expand|vendor
hemm,cfloat,sm_89,256,16,8192,expand|vendor
hemm,cfloat,sm_89,256,16,32768,expand|vendor
hemm,cfloat,sm_89,256,32,1,expand|vendor
hemm,cfloat,sm_89,256,32,2,expand|vendor
hemm,cfloat,sm_89,256,32,3,expand|vendor
hemm,cfloat,sm_89,256,32,4,expand|vendor
hemm,cfloat,sm_89,256,32,5,expand|vendor
hemm,cfloat,sm_89,256,32,8,expand|vendor
hemm,cfloat,sm_89,256,32,128,expand|vendor
hemm,cfloat,sm_89,256,32,1024,expand|vendor
hemm,cfloat,sm_89,256,32,8192,expand|vendor
hemm,cfloat,sm_89,256,32,32768,expand|vendor
hemm,cfloat,sm_89,256,64,1,expand|vendor
hemm,cfloat,sm_89,256,64,2,expand|vendor
hemm,cfloat,sm_89,256,64,3,expand|vendor
hemm,cfloat,sm_89,256,64,4,expand|vendor
hemm,cfloat,sm_89,256,64,5,expand|vendor
hemm,cfloat,sm_89,256,64,8,expand|vendor
hemm,cfloat,sm_89,256,64,128,expand|vendor
hemm,cfloat,sm_89,256,64,1024,expand|vendor
hemm,cfloat,sm_89,256,64,8192,expand|vendor
hemm,cfloat,sm_89,256,64,32768,expand|vendor
hemm,cfloat,sm_89,256,128,1,expand|vendor
hemm,cfloat,sm_89,256,128,2,expand|vendor
hemm,cfloat,sm_89,256,128,3,expand|vendor
hemm,cfloat,sm_89,256,128,4,expand|vendor
hemm,cfloat,sm_89,256,128,5,expand|vendor
hemm,cfloat,sm_89,256,128,8,expand|vendor
hemm,cfloat,sm_89,256,128,128,expand|vendor
hemm,cfloat,sm_89,256,128,1024,expand|vendor
hemm,cfloat,sm_89,256,128,8192,expand|vendor
hemm,cfloat,sm_89,256,128,32768,expand|vendor
hemm,cfloat,sm_89,256,255,1,expand|vendor
hemm,cfloat,sm_89,256,255,2,expand|vendor
hemm,cfloat,sm_89,256,255,3,expand|vendor
hemm,cfloat,sm_89,256,255,4,expand|vendor
hemm,cfloat,sm_89,256,255,5,expand|vendor
hemm,cfloat,sm_89,256,255,8,expand|vendor
hemm,cfloat,sm_89,256,255,128,expand|vendor
hemm,cfloat,sm_89,256,255,1024,expand|vendor
hemm,cfloat,sm_89,256,255,8192,expand|vendor
hemm,cfloat,sm_89,256,255,32768,expand|vendor
hemm,cfloat,sm_89,256,256,1,expand|vendor
hemm,cfloat,sm_89,256,256,2,expand|vendor
hemm,cfloat,sm_89,256,256,3,expand|vendor
hemm,cfloat,sm_89,256,256,4,expand|vendor
hemm,cfloat,sm_89,256,256,5,expand|vendor
hemm,cfloat,sm_89,256,256,8,expand|vendor
hemm,cfloat,sm_89,256,256,128,expand|vendor
hemm,cfloat,sm_89,256,256,1024,expand|vendor
hemm,cfloat,sm_89,256,256,8192,expand|vendor
hemm,cfloat,sm_89,256,256,32768,expand|vendor
hemm,cfloat,sm_89,256,512,1,expand|vendor
hemm,cfloat,sm_89,256,512,2,expand|vendor
hemm,cfloat,sm_89,256,512,3,expand|vendor
hemm,cfloat,sm_89,256,512,4,expand|vendor
hemm,cfloat,sm_89,256,512,5,expand|vendor
hemm,cfloat,sm_89,256,512,8,expand|vendor
hemm,cfloat,sm_89,256,512,128,expand|vendor
hemm,cfloat,sm_89,256,512,1024,expand|vendor
hemm,cfloat,sm_89,256,512,8192,expand|vendor
hemm,cfloat,sm_89,256,512,32768,expand|vendor
hemm,cfloat,sm_89,256,1024,1,expand|vendor
hemm,cfloat,sm_89,256,1024,2,expand|vendor
hemm,cfloat,sm_89,256,1024,3,expand|vendor
hemm,cfloat,sm_89,256,1024,4,expand|vendor
hemm,cfloat,sm_89,256,1024,5,expand|vendor
hemm,cfloat,sm_89,256,1024,8,expand|vendor
hemm,cfloat,sm_89,256,1024,128,expand|vendor
hemm,cfloat,sm_89,256,1024,1024,expand|vendor
hemm,cfloat,sm_89,256,1024,8192,expand|vendor
hemm,cfloat,sm_89,256,1024,32768,expand|vendor
hemm,cfloat,sm_89,256,2048,1,expand|vendor
hemm,cfloat,sm_89,256,2048,2,expand|vendor
hemm,cfloat,sm_89,256,2048,3,expand|vendor
hemm,cfloat,sm_89,256,2048,4,expand|vendor
hemm,cfloat,sm_89,256,2048,5,expand|vendor
hemm,cfloat,sm_89,256,2048,8,expand|vendor
hemm,cfloat,sm_89,256,2048,128,expand|vendor
hemm,cfloat,sm_89,256,2048,1024,expand|vendor
hemm,cfloat,sm_89,256,2048,8192,expand|vendor
hemm,cfloat,sm_89,256,2048,32768,expand|vendor
hemm,cfloat,sm_89,256,4096,1,expand|vendor
hemm,cfloat,sm_89,256,4096,2,expand|vendor
hemm,cfloat,sm_89,256,4096,3,expand|vendor
hemm,cfloat,sm_89,256,4096,4,expand|vendor
hemm,cfloat,sm_89,256,4096,5,expand|vendor
hemm,cfloat,sm_89,256,4096,8,expand|vendor
hemm,cfloat,sm_89,256,4096,128,expand|vendor
hemm,cfloat,sm_89,256,4096,1024,expand|vendor
hemm,cfloat,sm_89,256,4096,8192,expand|vendor
hemm,cfloat,sm_89,256,4096,32768,expand|vendor
hemm,cfloat,sm_89,512,1,1,expand|vendor
hemm,cfloat,sm_89,512,1,2,expand|vendor
hemm,cfloat,sm_89,512,1,3,expand|vendor
hemm,cfloat,sm_89,512,1,4,expand|vendor
hemm,cfloat,sm_89,512,1,5,expand|vendor
hemm,cfloat,sm_89,512,1,8,expand|vendor
hemm,cfloat,sm_89,512,1,128,expand|vendor
hemm,cfloat,sm_89,512,1,1024,expand|vendor
hemm,cfloat,sm_89,512,1,8192,expand|vendor
hemm,cfloat,sm_89,512,1,32768,expand|vendor
hemm,cfloat,sm_89,512,2,1,expand|vendor
hemm,cfloat,sm_89,512,2,2,expand|vendor
hemm,cfloat,sm_89,512,2,3,expand|vendor
hemm,cfloat,sm_89,512,2,4,expand|vendor
hemm,cfloat,sm_89,512,2,5,expand|vendor
hemm,cfloat,sm_89,512,2,8,expand|vendor
hemm,cfloat,sm_89,512,2,128,expand|vendor
hemm,cfloat,sm_89,512,2,1024,expand|vendor
hemm,cfloat,sm_89,512,2,8192,expand|vendor
hemm,cfloat,sm_89,512,2,32768,expand|vendor
hemm,cfloat,sm_89,512,4,1,expand|vendor
hemm,cfloat,sm_89,512,4,2,expand|vendor
hemm,cfloat,sm_89,512,4,3,expand|vendor
hemm,cfloat,sm_89,512,4,4,expand|vendor
hemm,cfloat,sm_89,512,4,5,expand|vendor
hemm,cfloat,sm_89,512,4,8,expand|vendor
hemm,cfloat,sm_89,512,4,128,expand|vendor
hemm,cfloat,sm_89,512,4,1024,expand|vendor
hemm,cfloat,sm_89,512,4,8192,expand|vendor
hemm,cfloat,sm_89,512,4,32768,expand|vendor
hemm,cfloat,sm_89,512,8,1,expand|vendor
hemm,cfloat,sm_89,512,8,2,expand|vendor
hemm,cfloat,sm_89,512,8,3,expand|vendor
hemm,cfloat,sm_89,512,8,4,expand|vendor
hemm,cfloat,sm_89,512,8,5,expand|vendor
hemm,cfloat,sm_89,512,8,8,expand|vendor
hemm,cfloat,sm_89,512,8,128,expand|vendor
hemm,cfloat,sm_89,512,8,1024,expand|vendor
hemm,cfloat,sm_89,512,8,8192,expand|vendor
hemm,cfloat,sm_89,512,8,32768,expand|vendor
hemm,cfloat,sm_89,512,16,1,expand|vendor
hemm,cfloat,sm_89,512,16,2,expand|vendor
hemm,cfloat,sm_89,512,16,3,expand|vendor
hemm,cfloat,sm_89,512,16,4,expand|vendor
hemm,cfloat,sm_89,512,16,5,expand|vendor
hemm,cfloat,sm_89,512,16,8,expand|vendor
hemm,cfloat,sm_89,512,16,128,expand|vendor
hemm,cfloat,sm_89,512,16,1024,expand|vendor
hemm,cfloat,sm_89,512,16,8192,expand|vendor
hemm,cfloat,sm_89,512,16,32768,expand|vendor
hemm,cfloat,sm_89,512,32,1,expand|vendor
hemm,cfloat,sm_89,512,32,2,expand|vendor
hemm,cfloat,sm_89,512,32,3,expand|vendor
hemm,cfloat,sm_89,512,32,4,expand|vendor
hemm,cfloat,sm_89,512,32,5,expand|vendor
hemm,cfloat,sm_89,512,32,8,expand|vendor
hemm,cfloat,sm_89,512,32,128,expand|vendor
hemm,cfloat,sm_89,512,32,1024,expand|vendor
hemm,cfloat,sm_89,512,32,8192,expand|vendor
hemm,cfloat,sm_89,512,32,32768,expand|vendor
hemm,cfloat,sm_89,512,64,1,expand|vendor
hemm,cfloat,sm_89,512,64,2,expand|vendor
hemm,cfloat,sm_89,512,64,3,expand|vendor
hemm,cfloat,sm_89,512,64,4,expand|vendor
hemm,cfloat,sm_89,512,64,5,expand|vendor
hemm,cfloat,sm_89,512,64,8,expand|vendor
hemm,cfloat,sm_89,512,64,128,expand|vendor
hemm,cfloat,sm_89,512,64,1024,expand|vendor
hemm,cfloat,sm_89,512,64,8192,expand|vendor
hemm,cfloat,sm_89,512,64,32768,expand|vendor
hemm,cfloat,sm_89,512,128,1,expand|vendor
hemm,cfloat,sm_89,512,128,2,expand|vendor
hemm,cfloat,sm_89,512,128,3,expand|vendor
hemm,cfloat,sm_89,512,128,4,expand|vendor
hemm,cfloat,sm_89,512,128,5,expand|vendor
hemm,cfloat,sm_89,512,128,8,expand|vendor
hemm,cfloat,sm_89,512,128,128,expand|vendor
hemm,cfloat,sm_89,512,128,1024,expand|vendor
hemm,cfloat,sm_89,512,128,8192,expand|vendor
hemm,cfloat,sm_89,512,128,32768,expand|vendor
hemm,cfloat,sm_89,512,255,1,expand|vendor
hemm,cfloat,sm_89,512,255,2,expand|vendor
hemm,cfloat,sm_89,512,255,3,expand|vendor
hemm,cfloat,sm_89,512,255,4,expand|vendor
hemm,cfloat,sm_89,512,255,5,expand|vendor
hemm,cfloat,sm_89,512,255,8,expand|vendor
hemm,cfloat,sm_89,512,255,128,expand|vendor
hemm,cfloat,sm_89,512,255,1024,expand|vendor
hemm,cfloat,sm_89,512,255,8192,expand|vendor
hemm,cfloat,sm_89,512,255,32768,expand|vendor
hemm,cfloat,sm_89,512,256,1,expand|vendor
hemm,cfloat,sm_89,512,256,2,expand|vendor
hemm,cfloat,sm_89,512,256,3,expand|vendor
hemm,cfloat,sm_89,512,256,4,expand|vendor
hemm,cfloat,sm_89,512,256,5,expand|vendor
hemm,cfloat,sm_89,512,256,8,expand|vendor
hemm,cfloat,sm_89,512,256,128,expand|vendor
hemm,cfloat,sm_89,512,256,1024,expand|vendor
hemm,cfloat,sm_89,512,256,8192,expand|vendor
hemm,cfloat,sm_89,512,256,32768,expand|vendor
hemm,cfloat,sm_89,512,512,1,expand|vendor
hemm,cfloat,sm_89,512,512,2,expand|vendor
hemm,cfloat,sm_89,512,512,3,expand|vendor
hemm,cfloat,sm_89,512,512,4,expand|vendor
hemm,cfloat,sm_89,512,512,5,expand|vendor
hemm,cfloat,sm_89,512,512,8,expand|vendor
hemm,cfloat,sm_89,512,512,128,expand|vendor
hemm,cfloat,sm_89,512,512,1024,expand|vendor
hemm,cfloat,sm_89,512,512,8192,expand|vendor
hemm,cfloat,sm_89,512,512,32768,expand|vendor
hemm,cfloat,sm_89,512,1024,1,expand|vendor
hemm,cfloat,sm_89,512,1024,2,expand|vendor
hemm,cfloat,sm_89,512,1024,3,expand|vendor
hemm,cfloat,sm_89,512,1024,4,expand|vendor
hemm,cfloat,sm_89,512,1024,5,expand|vendor
hemm,cfloat,sm_89,512,1024,8,expand|vendor
hemm,cfloat,sm_89,512,1024,128,expand|vendor
hemm,cfloat,sm_89,512,1024,1024,expand|vendor
hemm,cfloat,sm_89,512,1024,8192,expand|vendor
hemm,cfloat,sm_89,512,1024,32768,expand|vendor
hemm,cfloat,sm_89,512,2048,1,expand|vendor
hemm,cfloat,sm_89,512,2048,2,expand|vendor
hemm,cfloat,sm_89,512,2048,3,expand|vendor
hemm,cfloat,sm_89,512,2048,4,expand|vendor
hemm,cfloat,sm_89,512,2048,5,expand|vendor
hemm,cfloat,sm_89,512,2048,8,expand|vendor
hemm,cfloat,sm_89,512,2048,128,expand|vendor
hemm,cfloat,sm_89,512,2048,1024,expand|vendor
hemm,cfloat,sm_89,512,2048,8192,expand|vendor
hemm,cfloat,sm_89,512,2048,32768,expand|vendor
hemm,cfloat,sm_89,512,4096,1,expand|vendor
hemm,cfloat,sm_89,512,4096,2,expand|vendor
hemm,cfloat,sm_89,512,4096,3,expand|vendor
hemm,cfloat,sm_89,512,4096,4,expand|vendor
hemm,cfloat,sm_89,512,4096,5,expand|vendor
hemm,cfloat,sm_89,512,4096,8,expand|vendor
hemm,cfloat,sm_89,512,4096,128,expand|vendor
hemm,cfloat,sm_89,512,4096,1024,expand|vendor
hemm,cfloat,sm_89,512,4096,8192,expand|vendor
hemm,cfloat,sm_89,512,4096,32768,expand|vendor
hemm,cfloat,sm_89,1024,1,1,expand|vendor
hemm,cfloat,sm_89,1024,1,2,expand|vendor
hemm,cfloat,sm_89,1024,1,3,expand|vendor
hemm,cfloat,sm_89,1024,1,4,expand|vendor
hemm,cfloat,sm_89,1024,1,5,expand|vendor
hemm,cfloat,sm_89,1024,1,8,expand|vendor
hemm,cfloat,sm_89,1024,1,128,expand|vendor
hemm,cfloat,sm_89,1024,1,1024,expand|vendor
hemm,cfloat,sm_89,1024,1,8192,expand|vendor
hemm,cfloat,sm_89,1024,1,32768,expand|vendor
hemm,cfloat,sm_89,1024,2,1,expand|vendor
hemm,cfloat,sm_89,1024,2,2,expand|vendor
hemm,cfloat,sm_89,1024,2,3,expand|vendor
hemm,cfloat,sm_89,1024,2,4,expand|vendor
hemm,cfloat,sm_89,1024,2,5,expand|vendor
hemm,cfloat,sm_89,1024,2,8,expand|vendor
hemm,cfloat,sm_89,1024,2,128,expand|vendor
hemm,cfloat,sm_89,1024,2,1024,expand|vendor
hemm,cfloat,sm_89,1024,2,8192,expand|vendor
hemm,cfloat,sm_89,1024,2,32768,expand|vendor
hemm,cfloat,sm_89,1024,4,1,expand|vendor
hemm,cfloat,sm_89,1024,4,2,expand|vendor
hemm,cfloat,sm_89,1024,4,3,expand|vendor
hemm,cfloat,sm_89,1024,4,4,expand|vendor
hemm,cfloat,sm_89,1024,4,5,expand|vendor
hemm,cfloat,sm_89,1024,4,8,expand|vendor
hemm,cfloat,sm_89,1024,4,128,expand|vendor
hemm,cfloat,sm_89,1024,4,1024,expand|vendor
hemm,cfloat,sm_89,1024,4,8192,expand|vendor
hemm,cfloat,sm_89,1024,4,32768,expand|vendor
hemm,cfloat,sm_89,1024,8,1,expand|vendor
hemm,cfloat,sm_89,1024,8,2,expand|vendor
hemm,cfloat,sm_89,1024,8,3,expand|vendor
hemm,cfloat,sm_89,1024,8,4,expand|vendor
hemm,cfloat,sm_89,1024,8,5,expand|vendor
hemm,cfloat,sm_89,1024,8,8,expand|vendor
hemm,cfloat,sm_89,1024,8,128,expand|vendor
hemm,cfloat,sm_89,1024,8,1024,expand|vendor
hemm,cfloat,sm_89,1024,8,8192,expand|vendor
hemm,cfloat,sm_89,1024,8,32768,expand|vendor
hemm,cfloat,sm_89,1024,16,1,expand|vendor
hemm,cfloat,sm_89,1024,16,2,expand|vendor
hemm,cfloat,sm_89,1024,16,3,expand|vendor
hemm,cfloat,sm_89,1024,16,4,expand|vendor
hemm,cfloat,sm_89,1024,16,5,expand|vendor
hemm,cfloat,sm_89,1024,16,8,expand|vendor
hemm,cfloat,sm_89,1024,16,128,expand|vendor
hemm,cfloat,sm_89,1024,16,1024,expand|vendor
hemm,cfloat,sm_89,1024,16,8192,expand|vendor
hemm,cfloat,sm_89,1024,16,32768,expand|vendor
hemm,cfloat,sm_89,1024,32,1,expand|vendor
hemm,cfloat,sm_89,1024,32,2,expand|vendor
hemm,cfloat,sm_89,1024,32,3,expand|vendor
hemm,cfloat,sm_89,1024,32,4,expand|vendor
hemm,cfloat,sm_89,1024,32,5,expand|vendor
hemm,cfloat,sm_89,1024,32,8,expand|vendor
hemm,cfloat,sm_89,1024,32,128,expand|vendor
hemm,cfloat,sm_89,1024,32,1024,expand|vendor
hemm,cfloat,sm_89,1024,32,8192,expand|vendor
hemm,cfloat,sm_89,1024,32,32768,expand|vendor
hemm,cfloat,sm_89,1024,64,1,expand|vendor
hemm,cfloat,sm_89,1024,64,2,expand|vendor
hemm,cfloat,sm_89,1024,64,3,expand|vendor
hemm,cfloat,sm_89,1024,64,4,expand|vendor
hemm,cfloat,sm_89,1024,64,5,expand|vendor
hemm,cfloat,sm_89,1024,64,8,expand|vendor
hemm,cfloat,sm_89,1024,64,128,expand|vendor
hemm,cfloat,sm_89,1024,64,1024,expand|vendor
hemm,cfloat,sm_89,1024,64,8192,expand|vendor
hemm,cfloat,sm_89,1024,64,32768,expand|vendor
hemm,cfloat,sm_89,1024,128,1,expand|vendor
hemm,cfloat,sm_89,1024,128,2,expand|vendor
hemm,cfloat,sm_89,1024,128,3,expand|vendor
hemm,cfloat,sm_89,1024,128,4,expand|vendor
hemm,cfloat,sm_89,1024,128,5,expand|vendor
hemm,cfloat,sm_89,1024,128,8,expand|vendor
hemm,cfloat,sm_89,1024,128,128,expand|vendor
hemm,cfloat,sm_89,1024,128,1024,expand|vendor
hemm,cfloat,sm_89,1024,128,8192,expand|vendor
hemm,cfloat,sm_89,1024,128,32768,expand|vendor
hemm,cfloat,sm_89,1024,255,1,expand|vendor
hemm,cfloat,sm_89,1024,255,2,expand|vendor
hemm,cfloat,sm_89,1024,255,3,expand|vendor
hemm,cfloat,sm_89,1024,255,4,expand|vendor
hemm,cfloat,sm_89,1024,255,5,expand|vendor
hemm,cfloat,sm_89,1024,255,8,expand|vendor
hemm,cfloat,sm_89,1024,255,128,expand|vendor
hemm,cfloat,sm_89,1024,255,1024,expand|vendor
hemm,cfloat,sm_89,1024,255,8192,expand|vendor
hemm,cfloat,sm_89,1024,255,32768,expand|vendor
hemm,cfloat,sm_89,1024,256,1,expand|vendor
hemm,cfloat,sm_89,1024,256,2,expand|vendor
hemm,cfloat,sm_89,1024,256,3,expand|vendor
hemm,cfloat,sm_89,1024,256,4,expand|vendor
hemm,cfloat,sm_89,1024,256,5,expand|vendor
hemm,cfloat,sm_89,1024,256,8,expand|vendor
hemm,cfloat,sm_89,1024,256,128,expand|vendor
hemm,cfloat,sm_89,1024,256,1024,expand|vendor
hemm,cfloat,sm_89,1024,256,8192,expand|vendor
hemm,cfloat,sm_89,1024,256,32768,expand|vendor
hemm,cfloat,sm_89,1024,512,1,expand|vendor
hemm,cfloat,sm_89,1024,512,2,expand|vendor
hemm,cfloat,sm_89,1024,512,3,expand|vendor
hemm,cfloat,sm_89,1024,512,4,expand|vendor
hemm,cfloat,sm_89,1024,512,5,expand|vendor
hemm,cfloat,sm_89,1024,512,8,expand|vendor
hemm,cfloat,sm_89,1024,512,128,expand|vendor
hemm,cfloat,sm_89,1024,512,1024,expand|vendor
hemm,cfloat,sm_89,1024,512,8192,expand|vendor
hemm,cfloat,sm_89,1024,512,32768,expand|vendor
hemm,cfloat,sm_89,1024,1024,1,expand|vendor
hemm,cfloat,sm_89,1024,1024,2,expand|vendor
hemm,cfloat,sm_89,1024,1024,3,expand|vendor
hemm,cfloat,sm_89,1024,1024,4,expand|vendor
hemm,cfloat,sm_89,1024,1024,5,expand|vendor
hemm,cfloat,sm_89,1024,1024,8,expand|vendor
hemm,cfloat,sm_89,1024,1024,128,expand|vendor
hemm,cfloat,sm_89,1024,1024,1024,expand|vendor
hemm,cfloat,sm_89,1024,1024,8192,expand|vendor
hemm,cfloat,sm_89,1024,1024,32768,expand|vendor
hemm,cfloat,sm_89,1024,2048,1,expand|vendor
hemm,cfloat,sm_89,1024,2048,2,expand|vendor
hemm,cfloat,sm_89,1024,2048,3,expand|vendor
hemm,cfloat,sm_89,1024,2048,4,expand|vendor
hemm,cfloat,sm_89,1024,2048,5,expand|vendor
hemm,cfloat,sm_89,1024,2048,8,expand|vendor
hemm,cfloat,sm_89,1024,2048,128,expand|vendor
hemm,cfloat,sm_89,1024,2048,1024,expand|vendor
hemm,cfloat,sm_89,1024,2048,8192,expand|vendor
hemm,cfloat,sm_89,1024,2048,32768,expand|vendor
hemm,cfloat,sm_89,1024,4096,1,expand|vendor
hemm,cfloat,sm_89,1024,4096,2,expand|vendor
hemm,cfloat,sm_89,1024,4096,3,expand|vendor
hemm,cfloat,sm_89,1024,4096,4,expand|vendor
hemm,cfloat,sm_89,1024,4096,5,expand|vendor
hemm,cfloat,sm_89,1024,4096,8,expand|vendor
hemm,cfloat,sm_89,1024,4096,128,expand|vendor
hemm,cfloat,sm_89,1024,4096,1024,expand|vendor
hemm,cfloat,sm_89,1024,4096,8192,expand|vendor
hemm,cfloat,sm_89,1024,4096,32768,expand|vendor
hemm,cfloat,sm_89,2048,1,1,expand|vendor
hemm,cfloat,sm_89,2048,1,2,expand|vendor
hemm,cfloat,sm_89,2048,1,3,expand|vendor
hemm,cfloat,sm_89,2048,1,4,expand|vendor
hemm,cfloat,sm_89,2048,1,5,expand|vendor
hemm,cfloat,sm_89,2048,1,8,expand|vendor
hemm,cfloat,sm_89,2048,1,128,expand|vendor
hemm,cfloat,sm_89,2048,1,1024,expand|vendor
hemm,cfloat,sm_89,2048,1,8192,expand|vendor
hemm,cfloat,sm_89,2048,1,32768,expand|vendor
hemm,cfloat,sm_89,2048,2,1,expand|vendor
hemm,cfloat,sm_89,2048,2,2,expand|vendor
hemm,cfloat,sm_89,2048,2,3,expand|vendor
hemm,cfloat,sm_89,2048,2,4,expand|vendor
hemm,cfloat,sm_89,2048,2,5,expand|vendor
hemm,cfloat,sm_89,2048,2,8,expand|vendor
hemm,cfloat,sm_89,2048,2,128,expand|vendor
hemm,cfloat,sm_89,2048,2,1024,expand|vendor
hemm,cfloat,sm_89,2048,2,8192,expand|vendor
hemm,cfloat,sm_89,2048,2,32768,expand|vendor
hemm,cfloat,sm_89,2048,4,1,expand|vendor
hemm,cfloat,sm_89,2048,4,2,expand|vendor
hemm,cfloat,sm_89,2048,4,3,expand|vendor
hemm,cfloat,sm_89,2048,4,4,expand|vendor
hemm,cfloat,sm_89,2048,4,5,expand|vendor
hemm,cfloat,sm_89,2048,4,8,expand|vendor
hemm,cfloat,sm_89,2048,4,128,expand|vendor
hemm,cfloat,sm_89,2048,4,1024,expand|vendor
hemm,cfloat,sm_89,2048,4,8192,expand|vendor
hemm,cfloat,sm_89,2048,4,32768,expand|vendor
hemm,cfloat,sm_89,2048,8,1,expand|vendor
hemm,cfloat,sm_89,2048,8,2,expand|vendor
hemm,cfloat,sm_89,2048,8,3,expand|vendor
hemm,cfloat,sm_89,2048,8,4,expand|vendor
hemm,cfloat,sm_89,2048,8,5,expand|vendor
hemm,cfloat,sm_89,2048,8,8,expand|vendor
hemm,cfloat,sm_89,2048,8,128,expand|vendor
hemm,cfloat,sm_89,2048,8,1024,expand|vendor
hemm,cfloat,sm_89,2048,8,8192,expand|vendor
hemm,cfloat,sm_89,2048,8,32768,expand|vendor
hemm,cfloat,sm_89,2048,16,1,expand|vendor
hemm,cfloat,sm_89,2048,16,2,expand|vendor
hemm,cfloat,sm_89,2048,16,3,expand|vendor
hemm,cfloat,sm_89,2048,16,4,expand|vendor
hemm,cfloat,sm_89,2048,16,5,expand|vendor
hemm,cfloat,sm_89,2048,16,8,expand|vendor
hemm,cfloat,sm_89,2048,16,128,expand|vendor
hemm,cfloat,sm_89,2048,16,1024,expand|vendor
hemm,cfloat,sm_89,2048,16,8192,expand|vendor
hemm,cfloat,sm_89,2048,16,32768,expand|vendor
hemm,cfloat,sm_89,2048,32,1,expand|vendor
hemm,cfloat,sm_89,2048,32,2,expand|vendor
hemm,cfloat,sm_89,2048,32,3,expand|vendor
hemm,cfloat,sm_89,2048,32,4,expand|vendor
hemm,cfloat,sm_89,2048,32,5,expand|vendor
hemm,cfloat,sm_89,2048,32,8,expand|vendor
hemm,cfloat,sm_89,2048,32,128,expand|vendor
hemm,cfloat,sm_89,2048,32,1024,expand|vendor
hemm,cfloat,sm_89,2048,32,8192,expand|vendor
hemm,cfloat,sm_89,2048,32,32768,expand|vendor
hemm,cfloat,sm_89,2048,64,1,expand|vendor
hemm,cfloat,sm_89,2048,64,2,expand|vendor
hemm,cfloat,sm_89,2048,64,3,expand|vendor
hemm,cfloat,sm_89,2048,64,4,expand|vendor
hemm,cfloat,sm_89,2048,64,5,expand|vendor
hemm,cfloat,sm_89,2048,64,8,expand|vendor
hemm,cfloat,sm_89,2048,64,128,expand|vendor
hemm,cfloat,sm_89,2048,64,1024,expand|vendor
hemm,cfloat,sm_89,2048,64,8192,expand|vendor
hemm,cfloat,sm_89,2048,64,32768,expand|vendor
hemm,cfloat,sm_89,2048,128,1,expand|vendor
hemm,cfloat,sm_89,2048,128,2,expand|vendor
hemm,cfloat,sm_89,2048,128,3,expand|vendor
hemm,cfloat,sm_89,2048,128,4,expand|vendor
hemm,cfloat,sm_89,2048,128,5,expand|vendor
hemm,cfloat,sm_89,2048,128,8,expand|vendor
hemm,cfloat,sm_89,2048,128,128,expand|vendor
hemm,cfloat,sm_89,2048,128,1024,expand|vendor
hemm,cfloat,sm_89,2048,128,8192,expand|vendor
hemm,cfloat,sm_89,2048,128,32768,expand|vendor
hemm,cfloat,sm_89,2048,255,1,expand|vendor
hemm,cfloat,sm_89,2048,255,2,expand|vendor
hemm,cfloat,sm_89,2048,255,3,expand|vendor
hemm,cfloat,sm_89,2048,255,4,expand|vendor
hemm,cfloat,sm_89,2048,255,5,expand|vendor
hemm,cfloat,sm_89,2048,255,8,expand|vendor
hemm,cfloat,sm_89,2048,255,128,expand|vendor
hemm,cfloat,sm_89,2048,255,1024,expand|vendor
hemm,cfloat,sm_89,2048,255,8192,expand|vendor
hemm,cfloat,sm_89,2048,255,32768,expand|vendor
hemm,cfloat,sm_89,2048,256,1,expand|vendor
hemm,cfloat,sm_89,2048,256,2,expand|vendor
hemm,cfloat,sm_89,2048,256,3,expand|vendor
hemm,cfloat,sm_89,2048,256,4,expand|vendor
hemm,cfloat,sm_89,2048,256,5,expand|vendor
hemm,cfloat,sm_89,2048,256,8,expand|vendor
hemm,cfloat,sm_89,2048,256,128,expand|vendor
hemm,cfloat,sm_89,2048,256,1024,expand|vendor
hemm,cfloat,sm_89,2048,256,8192,expand|vendor
hemm,cfloat,sm_89,2048,256,32768,expand|vendor
hemm,cfloat,sm_89,2048,512,1,expand|vendor
hemm,cfloat,sm_89,2048,512,2,expand|vendor
hemm,cfloat,sm_89,2048,512,3,expand|vendor
hemm,cfloat,sm_89,2048,512,4,expand|vendor
hemm,cfloat,sm_89,2048,512,5,expand|vendor
hemm,cfloat,sm_89,2048,512,8,expand|vendor
hemm,cfloat,sm_89,2048,512,128,expand|vendor
hemm,cfloat,sm_89,2048,512,1024,expand|vendor
hemm,cfloat,sm_89,2048,512,8192,expand|vendor
hemm,cfloat,sm_89,2048,512,32768,expand|vendor
hemm,cfloat,sm_89,2048,1024,1,expand|vendor
hemm,cfloat,sm_89,2048,1024,2,expand|vendor
hemm,cfloat,sm_89,2048,1024,3,expand|vendor
hemm,cfloat,sm_89,2048,1024,4,expand|vendor
hemm,cfloat,sm_89,2048,1024,5,expand|vendor
hemm,cfloat,sm_89,2048,1024,8,expand|vendor
hemm,cfloat,sm_89,2048,1024,128,expand|vendor
hemm,cfloat,sm_89,2048,1024,1024,expand|vendor
hemm,cfloat,sm_89,2048,1024,8192,expand|vendor
hemm,cfloat,sm_89,2048,1024,32768,expand|vendor
hemm,cfloat,sm_89,2048,2048,1,expand|vendor
hemm,cfloat,sm_89,2048,2048,2,expand|vendor
hemm,cfloat,sm_89,2048,2048,3,expand|vendor
hemm,cfloat,sm_89,2048,2048,4,expand|vendor
hemm,cfloat,sm_89,2048,2048,5,expand|vendor
hemm,cfloat,sm_89,2048,2048,8,expand|vendor
hemm,cfloat,sm_89,2048,2048,128,expand|vendor
hemm,cfloat,sm_89,2048,2048,1024,expand|vendor
hemm,cfloat,sm_89,2048,2048,8192,expand|vendor
hemm,cfloat,sm_89,2048,2048,32768,expand|vendor
hemm,cfloat,sm_89,2048,4096,1,expand|vendor
hemm,cfloat,sm_89,2048,4096,2,expand|vendor
hemm,cfloat,sm_89,2048,4096,3,expand|vendor
hemm,cfloat,sm_89,2048,4096,4,expand|vendor
hemm,cfloat,sm_89,2048,4096,5,expand|vendor
hemm,cfloat,sm_89,2048,4096,8,expand|vendor
hemm,cfloat,sm_89,2048,4096,128,expand|vendor
hemm,cfloat,sm_89,2048,4096,1024,expand|vendor
hemm,cfloat,sm_89,2048,4096,8192,expand|vendor
hemm,cfloat,sm_89,2048,4096,32768,expand|vendor
hemm,cfloat,sm_89,4096,1,1,expand|vendor
hemm,cfloat,sm_89,4096,1,2,expand|vendor
hemm,cfloat,sm_89,4096,1,3,expand|vendor
hemm,cfloat,sm_89,4096,1,4,expand|vendor
hemm,cfloat,sm_89,4096,1,5,expand|vendor
hemm,cfloat,sm_89,4096,1,8,expand|vendor
hemm,cfloat,sm_89,4096,1,128,expand|vendor
hemm,cfloat,sm_89,4096,1,1024,expand|vendor
hemm,cfloat,sm_89,4096,1,8192,expand|vendor
hemm,cfloat,sm_89,4096,1,32768,expand|vendor
hemm,cfloat,sm_89,4096,2,1,expand|vendor
hemm,cfloat,sm_89,4096,2,2,expand|vendor
hemm,cfloat,sm_89,4096,2,3,expand|vendor
hemm,cfloat,sm_89,4096,2,4,expand|vendor
hemm,cfloat,sm_89,4096,2,5,expand|vendor
hemm,cfloat,sm_89,4096,2,8,expand|vendor
hemm,cfloat,sm_89,4096,2,128,expand|vendor
hemm,cfloat,sm_89,4096,2,1024,expand|vendor
hemm,cfloat,sm_89,4096,2,8192,expand|vendor
hemm,cfloat,sm_89,4096,2,32768,expand|vendor
hemm,cfloat,sm_89,4096,4,1,expand|vendor
hemm,cfloat,sm_89,4096,4,2,expand|vendor
hemm,cfloat,sm_89,4096,4,3,expand|vendor
hemm,cfloat,sm_89,4096,4,4,expand|vendor
hemm,cfloat,sm_89,4096,4,5,expand|vendor
hemm,cfloat,sm_89,4096,4,8,expand|vendor
hemm,cfloat,sm_89,4096,4,128,expand|vendor
hemm,cfloat,sm_89,4096,4,1024,expand|vendor
hemm,cfloat,sm_89,4096,4,8192,expand|vendor
hemm,cfloat,sm_89,4096,4,32768,expand|vendor
hemm,cfloat,sm_89,4096,8,1,expand|vendor
hemm,cfloat,sm_89,4096,8,2,expand|vendor
hemm,cfloat,sm_89,4096,8,3,expand|vendor
hemm,cfloat,sm_89,4096,8,4,expand|vendor
hemm,cfloat,sm_89,4096,8,5,expand|vendor
hemm,cfloat,sm_89,4096,8,8,expand|vendor
hemm,cfloat,sm_89,4096,8,128,expand|vendor
hemm,cfloat,sm_89,4096,8,1024,expand|vendor
hemm,cfloat,sm_89,4096,8,8192,expand|vendor
hemm,cfloat,sm_89,4096,8,32768,expand|vendor
hemm,cfloat,sm_89,4096,16,1,expand|vendor
hemm,cfloat,sm_89,4096,16,2,expand|vendor
hemm,cfloat,sm_89,4096,16,3,expand|vendor
hemm,cfloat,sm_89,4096,16,4,expand|vendor
hemm,cfloat,sm_89,4096,16,5,expand|vendor
hemm,cfloat,sm_89,4096,16,8,expand|vendor
hemm,cfloat,sm_89,4096,16,128,expand|vendor
hemm,cfloat,sm_89,4096,16,1024,expand|vendor
hemm,cfloat,sm_89,4096,16,8192,expand|vendor
hemm,cfloat,sm_89,4096,16,32768,expand|vendor
hemm,cfloat,sm_89,4096,32,1,expand|vendor
hemm,cfloat,sm_89,4096,32,2,expand|vendor
hemm,cfloat,sm_89,4096,32,3,expand|vendor
hemm,cfloat,sm_89,4096,32,4,expand|vendor
hemm,cfloat,sm_89,4096,32,5,expand|vendor
hemm,cfloat,sm_89,4096,32,8,expand|vendor
hemm,cfloat,sm_89,4096,32,128,expand|vendor
hemm,cfloat,sm_89,4096,32,1024,expand|vendor
hemm,cfloat,sm_89,4096,32,8192,expand|vendor
hemm,cfloat,sm_89,4096,32,32768,expand|vendor
hemm,cfloat,sm_89,4096,64,1,expand|vendor
hemm,cfloat,sm_89,4096,64,2,expand|vendor
hemm,cfloat,sm_89,4096,64,3,expand|vendor
hemm,cfloat,sm_89,4096,64,4,expand|vendor
hemm,cfloat,sm_89,4096,64,5,expand|vendor
hemm,cfloat,sm_89,4096,64,8,expand|vendor
hemm,cfloat,sm_89,4096,64,128,expand|vendor
hemm,cfloat,sm_89,4096,64,1024,expand|vendor
hemm,cfloat,sm_89,4096,64,8192,expand|vendor
hemm,cfloat,sm_89,4096,64,32768,expand|vendor
hemm,cfloat,sm_89,4096,128,1,expand|vendor
hemm,cfloat,sm_89,4096,128,2,expand|vendor
hemm,cfloat,sm_89,4096,128,3,expand|vendor
hemm,cfloat,sm_89,4096,128,4,expand|vendor
hemm,cfloat,sm_89,4096,128,5,expand|vendor
hemm,cfloat,sm_89,4096,128,8,expand|vendor
hemm,cfloat,sm_89,4096,128,128,expand|vendor
hemm,cfloat,sm_89,4096,128,1024,expand|vendor
hemm,cfloat,sm_89,4096,128,8192,expand|vendor
hemm,cfloat,sm_89,4096,128,32768,expand|vendor
hemm,cfloat,sm_89,4096,255,1,expand|vendor
hemm,cfloat,sm_89,4096,255,2,expand|vendor
hemm,cfloat,sm_89,4096,255,3,expand|vendor
hemm,cfloat,sm_89,4096,255,4,expand|vendor
hemm,cfloat,sm_89,4096,255,5,expand|vendor
hemm,cfloat,sm_89,4096,255,8,expand|vendor
hemm,cfloat,sm_89,4096,255,128,expand|vendor
hemm,cfloat,sm_89,4096,255,1024,expand|vendor
hemm,cfloat,sm_89,4096,255,8192,expand|vendor
hemm,cfloat,sm_89,4096,255,32768,expand|vendor
hemm,cfloat,sm_89,4096,256,1,expand|vendor
hemm,cfloat,sm_89,4096,256,2,expand|vendor
hemm,cfloat,sm_89,4096,256,3,expand|vendor
hemm,cfloat,sm_89,4096,256,4,expand|vendor
hemm,cfloat,sm_89,4096,256,5,expand|vendor
hemm,cfloat,sm_89,4096,256,8,expand|vendor
hemm,cfloat,sm_89,4096,256,128,expand|vendor
hemm,cfloat,sm_89,4096,256,1024,expand|vendor
hemm,cfloat,sm_89,4096,256,8192,expand|vendor
hemm,cfloat,sm_89,4096,256,32768,expand|vendor
hemm,cfloat,sm_89,4096,512,1,expand|vendor
hemm,cfloat,sm_89,4096,512,2,expand|vendor
hemm,cfloat,sm_89,4096,512,3,expand|vendor
hemm,cfloat,sm_89,4096,512,4,expand|vendor
hemm,cfloat,sm_89,4096,512,5,expand|vendor
hemm,cfloat,sm_89,4096,512,8,expand|vendor
hemm,cfloat,sm_89,4096,512,128,expand|vendor
hemm,cfloat,sm_89,4096,512,1024,expand|vendor
hemm,cfloat,sm_89,4096,512,8192,expand|vendor
hemm,cfloat,sm_89,4096,512,32768,expand|vendor
hemm,cfloat,sm_89,4096,1024,1,expand|vendor
hemm,cfloat,sm_89,4096,1024,2,expand|vendor
hemm,cfloat,sm_89,4096,1024,3,expand|vendor
hemm,cfloat,sm_89,4096,1024,4,expand|vendor
hemm,cfloat,sm_89,4096,1024,5,expand|vendor
hemm,cfloat,sm_89,4096,1024,8,expand|vendor
hemm,cfloat,sm_89,4096,1024,128,expand|vendor
hemm,cfloat,sm_89,4096,1024,1024,expand|vendor
hemm,cfloat,sm_89,4096,1024,8192,expand|vendor
hemm,cfloat,sm_89,4096,1024,32768,expand|vendor
hemm,cfloat,sm_89,4096,2048,1,expand|vendor
hemm,cfloat,sm_89,4096,2048,2,expand|vendor
hemm,cfloat,sm_89,4096,2048,3,expand|vendor
hemm,cfloat,sm_89,4096,2048,4,expand|vendor
hemm,cfloat,sm_89,4096,2048,5,expand|vendor
hemm,cfloat,sm_89,4096,2048,8,expand|vendor
hemm,cfloat,sm_89,4096,2048,128,expand|vendor
hemm,cfloat,sm_89,4096,2048,1024,expand|vendor
hemm,cfloat,sm_89,4096,2048,8192,expand|vendor
hemm,cfloat,sm_89,4096,2048,32768,expand|vendor
hemm,cfloat,sm_89,4096,4096,1,expand|vendor
hemm,cfloat,sm_89,4096,4096,2,expand|vendor
hemm,cfloat,sm_89,4096,4096,3,expand|vendor
hemm,cfloat,sm_89,4096,4096,4,expand|vendor
hemm,cfloat,sm_89,4096,4096,5,expand|vendor
hemm,cfloat,sm_89,4096,4096,8,expand|vendor
hemm,cfloat,sm_89,4096,4096,128,expand|vendor
hemm,cfloat,sm_89,4096,4096,1024,expand|vendor
hemm,cfloat,sm_89,4096,4096,8192,expand|vendor
hemm,cfloat,sm_89,4096,4096,32768,expand|vendor
hemm,cfloat,sm_120,1,1,1,vendor|expand
hemm,cfloat,sm_120,1,1,2,vendor|expand
hemm,cfloat,sm_120,1,1,3,vendor|expand
hemm,cfloat,sm_120,1,1,4,expand|vendor
hemm,cfloat,sm_120,1,1,5,expand|vendor
hemm,cfloat,sm_120,1,1,8,expand|vendor
hemm,cfloat,sm_120,1,1,128,expand|vendor
hemm,cfloat,sm_120,1,1,1024,expand|vendor
hemm,cfloat,sm_120,1,1,8192,expand|vendor
hemm,cfloat,sm_120,1,1,32768,expand|vendor
hemm,cfloat,sm_120,1,2,1,vendor|expand
hemm,cfloat,sm_120,1,2,2,vendor|expand
hemm,cfloat,sm_120,1,2,3,vendor|expand
hemm,cfloat,sm_120,1,2,4,expand|vendor
hemm,cfloat,sm_120,1,2,5,expand|vendor
hemm,cfloat,sm_120,1,2,8,expand|vendor
hemm,cfloat,sm_120,1,2,128,expand|vendor
hemm,cfloat,sm_120,1,2,1024,expand|vendor
hemm,cfloat,sm_120,1,2,8192,expand|vendor
hemm,cfloat,sm_120,1,2,32768,expand|vendor
hemm,cfloat,sm_120,1,4,1,vendor|expand
hemm,cfloat,sm_120,1,4,2,vendor|expand
hemm,cfloat,sm_120,1,4,3,vendor|expand
hemm,cfloat,sm_120,1,4,4,expand|vendor
hemm,cfloat,sm_120,1,4,5,expand|vendor
hemm,cfloat,sm_120,1,4,8,expand|vendor
hemm,cfloat,sm_120,1,4,128,expand|vendor
hemm,cfloat,sm_120,1,4,1024,expand|vendor
hemm,cfloat,sm_120,1,4,8192,expand|vendor
hemm,cfloat,sm_120,1,4,32768,expand|vendor
hemm,cfloat,sm_120,1,8,1,vendor|expand
hemm,cfloat,sm_120,1,8,2,vendor|expand
hemm,cfloat,sm_120,1,8,3,vendor|expand
hemm,cfloat,sm_120,1,8,4,expand|vendor
hemm,cfloat,sm_120,1,8,5,expand|vendor
hemm,cfloat,sm_120,1,8,8,expand|vendor
hemm,cfloat,sm_120,1,8,128,expand|vendor
hemm,cfloat,sm_120,1,8,1024,expand|vendor
hemm,cfloat,sm_120,1,8,8192,expand|vendor
hemm,cfloat,sm_120,1,8,32768,expand|vendor
hemm,cfloat,sm_120,1,16,1,vendor|expand
hemm,cfloat,sm_120,1,16,2,vendor|expand
hemm,cfloat,sm_120,1,16,3,vendor|expand
hemm,cfloat,sm_120,1,16,4,expand|vendor
hemm,cfloat,sm_120,1,16,5,expand|vendor
hemm,cfloat,sm_120,1,16,8,expand|vendor
hemm,cfloat,sm_120,1,16,128,expand|vendor
hemm,cfloat,sm_120,1,16,1024,expand|vendor
hemm,cfloat,sm_120,1,16,8192,expand|vendor
hemm,cfloat,sm_120,1,16,32768,expand|vendor
hemm,cfloat,sm_120,1,32,1,vendor|expand
hemm,cfloat,sm_120,1,32,2,vendor|expand
hemm,cfloat,sm_120,1,32,3,vendor|expand
hemm,cfloat,sm_120,1,32,4,expand|vendor
hemm,cfloat,sm_120,1,32,5,expand|vendor
hemm,cfloat,sm_120,1,32,8,expand|vendor
hemm,cfloat,sm_120,1,32,128,expand|vendor
hemm,cfloat,sm_120,1,32,1024,expand|vendor
hemm,cfloat,sm_120,1,32,8192,expand|vendor
hemm,cfloat,sm_120,1,32,32768,expand|vendor
hemm,cfloat,sm_120,1,64,1,vendor|expand
hemm,cfloat,sm_120,1,64,2,vendor|expand
hemm,cfloat,sm_120,1,64,3,vendor|expand
hemm,cfloat,sm_120,1,64,4,expand|vendor
hemm,cfloat,sm_120,1,64,5,expand|vendor
hemm,cfloat,sm_120,1,64,8,expand|vendor
hemm,cfloat,sm_120,1,64,128,expand|vendor
hemm,cfloat,sm_120,1,64,1024,expand|vendor
hemm,cfloat,sm_120,1,64,8192,expand|vendor
hemm,cfloat,sm_120,1,64,32768,expand|vendor
hemm,cfloat,sm_120,1,128,1,vendor|expand
hemm,cfloat,sm_120,1,128,2,vendor|expand
hemm,cfloat,sm_120,1,128,3,vendor|expand
hemm,cfloat,sm_120,1,128,4,expand|vendor
hemm,cfloat,sm_120,1,128,5,expand|vendor
hemm,cfloat,sm_120,1,128,8,expand|vendor
hemm,cfloat,sm_120,1,128,128,expand|vendor
hemm,cfloat,sm_120,1,128,1024,expand|vendor
hemm,cfloat,sm_120,1,128,8192,expand|vendor
hemm,cfloat,sm_120,1,128,32768,expand|vendor
hemm,cfloat,sm_120,1,255,1,vendor|expand
hemm,cfloat,sm_120,1,255,2,vendor|expand
hemm,cfloat,sm_120,1,255,3,vendor|expand
hemm,cfloat,sm_120,1,255,4,expand|vendor
hemm,cfloat,sm_120,1,255,5,expand|vendor
hemm,cfloat,sm_120,1,255,8,expand|vendor
hemm,cfloat,sm_120,1,255,128,expand|vendor
hemm,cfloat,sm_120,1,255,1024,expand|vendor
hemm,cfloat,sm_120,1,255,8192,expand|vendor
hemm,cfloat,sm_120,1,255,32768,expand|vendor
hemm,cfloat,sm_120,1,256,1,expand|vendor
hemm,cfloat,sm_120,1,256,2,expand|vendor
hemm,cfloat,sm_120,1,256,3,expand|vendor
hemm,cfloat,sm_120,1,256,4,expand|vendor
hemm,cfloat,sm_120,1,256,5,expand|vendor
hemm,cfloat,sm_120,1,256,8,expand|vendor
hemm,cfloat,sm_120,1,256,128,expand|vendor
hemm,cfloat,sm_120,1,256,1024,expand|vendor
hemm,cfloat,sm_120,1,256,8192,expand|vendor
hemm,cfloat,sm_120,1,256,32768,expand|vendor
hemm,cfloat,sm_120,1,512,1,expand|vendor
hemm,cfloat,sm_120,1,512,2,expand|vendor
hemm,cfloat,sm_120,1,512,3,expand|vendor
hemm,cfloat,sm_120,1,512,4,expand|vendor
hemm,cfloat,sm_120,1,512,5,expand|vendor
hemm,cfloat,sm_120,1,512,8,expand|vendor
hemm,cfloat,sm_120,1,512,128,expand|vendor
hemm,cfloat,sm_120,1,512,1024,expand|vendor
hemm,cfloat,sm_120,1,512,8192,expand|vendor
hemm,cfloat,sm_120,1,512,32768,expand|vendor
hemm,cfloat,sm_120,1,1024,1,expand|vendor
hemm,cfloat,sm_120,1,1024,2,expand|vendor
hemm,cfloat,sm_120,1,1024,3,expand|vendor
hemm,cfloat,sm_120,1,1024,4,expand|vendor
hemm,cfloat,sm_120,1,1024,5,expand|vendor
hemm,cfloat,sm_120,1,1024,8,expand|vendor
hemm,cfloat,sm_120,1,1024,128,expand|vendor
hemm,cfloat,sm_120,1,1024,1024,expand|vendor
hemm,cfloat,sm_120,1,1024,8192,expand|vendor
hemm,cfloat,sm_120,1,1024,32768,expand|vendor
hemm,cfloat,sm_120,1,2048,1,expand|vendor
hemm,cfloat,sm_120,1,2048,2,expand|vendor
hemm,cfloat,sm_120,1,2048,3,expand|vendor
hemm,cfloat,sm_120,1,2048,4,expand|vendor
hemm,cfloat,sm_120,1,2048,5,expand|vendor
hemm,cfloat,sm_120,1,2048,8,expand|vendor
hemm,cfloat,sm_120,1,2048,128,expand|vendor
hemm,cfloat,sm_120,1,2048,1024,expand|vendor
hemm,cfloat,sm_120,1,2048,8192,expand|vendor
hemm,cfloat,sm_120,1,2048,32768,expand|vendor
hemm,cfloat,sm_120,1,4096,1,expand|vendor
hemm,cfloat,sm_120,1,4096,2,expand|vendor
hemm,cfloat,sm_120,1,4096,3,expand|vendor
hemm,cfloat,sm_120,1,4096,4,expand|vendor
hemm,cfloat,sm_120,1,4096,5,expand|vendor
hemm,cfloat,sm_120,1,4096,8,expand|vendor
hemm,cfloat,sm_120,1,4096,128,expand|vendor
hemm,cfloat,sm_120,1,4096,1024,expand|vendor
hemm,cfloat,sm_120,1,4096,8192,expand|vendor
hemm,cfloat,sm_120,1,4096,32768,expand|vendor
hemm,cfloat,sm_120,2,1,1,vendor|expand
hemm,cfloat,sm_120,2,1,2,vendor|expand
hemm,cfloat,sm_120,2,1,3,vendor|expand
hemm,cfloat,sm_120,2,1,4,expand|vendor
hemm,cfloat,sm_120,2,1,5,expand|vendor
hemm,cfloat,sm_120,2,1,8,expand|vendor
hemm,cfloat,sm_120,2,1,128,expand|vendor
hemm,cfloat,sm_120,2,1,1024,expand|vendor
hemm,cfloat,sm_120,2,1,8192,expand|vendor
hemm,cfloat,sm_120,2,1,32768,expand|vendor
hemm,cfloat,sm_120,2,2,1,vendor|expand
hemm,cfloat,sm_120,2,2,2,vendor|expand
hemm,cfloat,sm_120,2,2,3,vendor|expand
hemm,cfloat,sm_120,2,2,4,expand|vendor
hemm,cfloat,sm_120,2,2,5,expand|vendor
hemm,cfloat,sm_120,2,2,8,expand|vendor
hemm,cfloat,sm_120,2,2,128,expand|vendor
hemm,cfloat,sm_120,2,2,1024,expand|vendor
hemm,cfloat,sm_120,2,2,8192,expand|vendor
hemm,cfloat,sm_120,2,2,32768,expand|vendor
hemm,cfloat,sm_120,2,4,1,vendor|expand
hemm,cfloat,sm_120,2,4,2,vendor|expand
hemm,cfloat,sm_120,2,4,3,vendor|expand
hemm,cfloat,sm_120,2,4,4,expand|vendor
hemm,cfloat,sm_120,2,4,5,expand|vendor
hemm,cfloat,sm_120,2,4,8,expand|vendor
hemm,cfloat,sm_120,2,4,128,expand|vendor
hemm,cfloat,sm_120,2,4,1024,expand|vendor
hemm,cfloat,sm_120,2,4,8192,expand|vendor
hemm,cfloat,sm_120,2,4,32768,expand|vendor
hemm,cfloat,sm_120,2,8,1,vendor|expand
hemm,cfloat,sm_120,2,8,2,vendor|expand
hemm,cfloat,sm_120,2,8,3,vendor|expand
hemm,cfloat,sm_120,2,8,4,expand|vendor
hemm,cfloat,sm_120,2,8,5,expand|vendor
hemm,cfloat,sm_120,2,8,8,expand|vendor
hemm,cfloat,sm_120,2,8,128,expand|vendor
hemm,cfloat,sm_120,2,8,1024,expand|vendor
hemm,cfloat,sm_120,2,8,8192,expand|vendor
hemm,cfloat,sm_120,2,8,32768,expand|vendor
hemm,cfloat,sm_120,2,16,1,vendor|expand
hemm,cfloat,sm_120,2,16,2,vendor|expand
hemm,cfloat,sm_120,2,16,3,vendor|expand
hemm,cfloat,sm_120,2,16,4,expand|vendor
hemm,cfloat,sm_120,2,16,5,expand|vendor
hemm,cfloat,sm_120,2,16,8,expand|vendor
hemm,cfloat,sm_120,2,16,128,expand|vendor
hemm,cfloat,sm_120,2,16,1024,expand|vendor
hemm,cfloat,sm_120,2,16,8192,expand|vendor
hemm,cfloat,sm_120,2,16,32768,expand|vendor
hemm,cfloat,sm_120,2,32,1,vendor|expand
hemm,cfloat,sm_120,2,32,2,vendor|expand
hemm,cfloat,sm_120,2,32,3,vendor|expand
hemm,cfloat,sm_120,2,32,4,expand|vendor
hemm,cfloat,sm_120,2,32,5,expand|vendor
hemm,cfloat,sm_120,2,32,8,expand|vendor
hemm,cfloat,sm_120,2,32,128,expand|vendor
hemm,cfloat,sm_120,2,32,1024,expand|vendor
hemm,cfloat,sm_120,2,32,8192,expand|vendor
hemm,cfloat,sm_120,2,32,32768,expand|vendor
hemm,cfloat,sm_120,2,64,1,vendor|expand
hemm,cfloat,sm_120,2,64,2,vendor|expand
hemm,cfloat,sm_120,2,64,3,vendor|expand
hemm,cfloat,sm_120,2,64,4,expand|vendor
hemm,cfloat,sm_120,2,64,5,expand|vendor
hemm,cfloat,sm_120,2,64,8,expand|vendor
hemm,cfloat,sm_120,2,64,128,expand|vendor
hemm,cfloat,sm_120,2,64,1024,expand|vendor
hemm,cfloat,sm_120,2,64,8192,expand|vendor
hemm,cfloat,sm_120,2,64,32768,expand|vendor
hemm,cfloat,sm_120,2,128,1,vendor|expand
hemm,cfloat,sm_120,2,128,2,vendor|expand
hemm,cfloat,sm_120,2,128,3,vendor|expand
hemm,cfloat,sm_120,2,128,4,expand|vendor
hemm,cfloat,sm_120,2,128,5,expand|vendor
hemm,cfloat,sm_120,2,128,8,expand|vendor
hemm,cfloat,sm_120,2,128,128,expand|vendor
hemm,cfloat,sm_120,2,128,1024,expand|vendor
hemm,cfloat,sm_120,2,128,8192,expand|vendor
hemm,cfloat,sm_120,2,128,32768,expand|vendor
hemm,cfloat,sm_120,2,255,1,vendor|expand
hemm,cfloat,sm_120,2,255,2,vendor|expand
hemm,cfloat,sm_120,2,255,3,vendor|expand
hemm,cfloat,sm_120,2,255,4,expand|vendor
hemm,cfloat,sm_120,2,255,5,expand|vendor
hemm,cfloat,sm_120,2,255,8,expand|vendor
hemm,cfloat,sm_120,2,255,128,expand|vendor
hemm,cfloat,sm_120,2,255,1024,expand|vendor
hemm,cfloat,sm_120,2,255,8192,expand|vendor
hemm,cfloat,sm_120,2,255,32768,expand|vendor
hemm,cfloat,sm_120,2,256,1,expand|vendor
hemm,cfloat,sm_120,2,256,2,expand|vendor
hemm,cfloat,sm_120,2,256,3,expand|vendor
hemm,cfloat,sm_120,2,256,4,expand|vendor
hemm,cfloat,sm_120,2,256,5,expand|vendor
hemm,cfloat,sm_120,2,256,8,expand|vendor
hemm,cfloat,sm_120,2,256,128,expand|vendor
hemm,cfloat,sm_120,2,256,1024,expand|vendor
hemm,cfloat,sm_120,2,256,8192,expand|vendor
hemm,cfloat,sm_120,2,256,32768,expand|vendor
hemm,cfloat,sm_120,2,512,1,expand|vendor
hemm,cfloat,sm_120,2,512,2,expand|vendor
hemm,cfloat,sm_120,2,512,3,expand|vendor
hemm,cfloat,sm_120,2,512,4,expand|vendor
hemm,cfloat,sm_120,2,512,5,expand|vendor
hemm,cfloat,sm_120,2,512,8,expand|vendor
hemm,cfloat,sm_120,2,512,128,expand|vendor
hemm,cfloat,sm_120,2,512,1024,expand|vendor
hemm,cfloat,sm_120,2,512,8192,expand|vendor
hemm,cfloat,sm_120,2,512,32768,expand|vendor
hemm,cfloat,sm_120,2,1024,1,expand|vendor
hemm,cfloat,sm_120,2,1024,2,expand|vendor
hemm,cfloat,sm_120,2,1024,3,expand|vendor
hemm,cfloat,sm_120,2,1024,4,expand|vendor
hemm,cfloat,sm_120,2,1024,5,expand|vendor
hemm,cfloat,sm_120,2,1024,8,expand|vendor
hemm,cfloat,sm_120,2,1024,128,expand|vendor
hemm,cfloat,sm_120,2,1024,1024,expand|vendor
hemm,cfloat,sm_120,2,1024,8192,expand|vendor
hemm,cfloat,sm_120,2,1024,32768,expand|vendor
hemm,cfloat,sm_120,2,2048,1,expand|vendor
hemm,cfloat,sm_120,2,2048,2,expand|vendor
hemm,cfloat,sm_120,2,2048,3,expand|vendor
hemm,cfloat,sm_120,2,2048,4,expand|vendor
hemm,cfloat,sm_120,2,2048,5,expand|vendor
hemm,cfloat,sm_120,2,2048,8,expand|vendor
hemm,cfloat,sm_120,2,2048,128,expand|vendor
hemm,cfloat,sm_120,2,2048,1024,expand|vendor
hemm,cfloat,sm_120,2,2048,8192,expand|vendor
hemm,cfloat,sm_120,2,2048,32768,expand|vendor
hemm,cfloat,sm_120,2,4096,1,expand|vendor
hemm,cfloat,sm_120,2,4096,2,expand|vendor
hemm,cfloat,sm_120,2,4096,3,expand|vendor
hemm,cfloat,sm_120,2,4096,4,expand|vendor
hemm,cfloat,sm_120,2,4096,5,expand|vendor
hemm,cfloat,sm_120,2,4096,8,expand|vendor
hemm,cfloat,sm_120,2,4096,128,expand|vendor
hemm,cfloat,sm_120,2,4096,1024,expand|vendor
hemm,cfloat,sm_120,2,4096,8192,expand|vendor
hemm,cfloat,sm_120,2,4096,32768,expand|vendor
hemm,cfloat,sm_120,4,1,1,vendor|expand
hemm,cfloat,sm_120,4,1,2,vendor|expand
hemm,cfloat,sm_120,4,1,3,vendor|expand
hemm,cfloat,sm_120,4,1,4,expand|vendor
hemm,cfloat,sm_120,4,1,5,expand|vendor
hemm,cfloat,sm_120,4,1,8,expand|vendor
hemm,cfloat,sm_120,4,1,128,expand|vendor
hemm,cfloat,sm_120,4,1,1024,expand|vendor
hemm,cfloat,sm_120,4,1,8192,expand|vendor
hemm,cfloat,sm_120,4,1,32768,expand|vendor
hemm,cfloat,sm_120,4,2,1,vendor|expand
hemm,cfloat,sm_120,4,2,2,vendor|expand
hemm,cfloat,sm_120,4,2,3,vendor|expand
hemm,cfloat,sm_120,4,2,4,expand|vendor
hemm,cfloat,sm_120,4,2,5,expand|vendor
hemm,cfloat,sm_120,4,2,8,expand|vendor
hemm,cfloat,sm_120,4,2,128,expand|vendor
hemm,cfloat,sm_120,4,2,1024,expand|vendor
hemm,cfloat,sm_120,4,2,8192,expand|vendor
hemm,cfloat,sm_120,4,2,32768,expand|vendor
hemm,cfloat,sm_120,4,4,1,vendor|expand
hemm,cfloat,sm_120,4,4,2,vendor|expand
hemm,cfloat,sm_120,4,4,3,vendor|expand
hemm,cfloat,sm_120,4,4,4,expand|vendor
hemm,cfloat,sm_120,4,4,5,expand|vendor
hemm,cfloat,sm_120,4,4,8,expand|vendor
hemm,cfloat,sm_120,4,4,128,expand|vendor
hemm,cfloat,sm_120,4,4,1024,expand|vendor
hemm,cfloat,sm_120,4,4,8192,expand|vendor
hemm,cfloat,sm_120,4,4,32768,expand|vendor
hemm,cfloat,sm_120,4,8,1,vendor|expand
hemm,cfloat,sm_120,4,8,2,vendor|expand
hemm,cfloat,sm_120,4,8,3,vendor|expand
hemm,cfloat,sm_120,4,8,4,expand|vendor
hemm,cfloat,sm_120,4,8,5,expand|vendor
hemm,cfloat,sm_120,4,8,8,expand|vendor
hemm,cfloat,sm_120,4,8,128,expand|vendor
hemm,cfloat,sm_120,4,8,1024,expand|vendor
hemm,cfloat,sm_120,4,8,8192,expand|vendor
hemm,cfloat,sm_120,4,8,32768,expand|vendor
hemm,cfloat,sm_120,4,16,1,vendor|expand
hemm,cfloat,sm_120,4,16,2,vendor|expand
hemm,cfloat,sm_120,4,16,3,vendor|expand
hemm,cfloat,sm_120,4,16,4,expand|vendor
hemm,cfloat,sm_120,4,16,5,expand|vendor
hemm,cfloat,sm_120,4,16,8,expand|vendor
hemm,cfloat,sm_120,4,16,128,expand|vendor
hemm,cfloat,sm_120,4,16,1024,expand|vendor
hemm,cfloat,sm_120,4,16,8192,expand|vendor
hemm,cfloat,sm_120,4,16,32768,expand|vendor
hemm,cfloat,sm_120,4,32,1,vendor|expand
hemm,cfloat,sm_120,4,32,2,vendor|expand
hemm,cfloat,sm_120,4,32,3,vendor|expand
hemm,cfloat,sm_120,4,32,4,expand|vendor
hemm,cfloat,sm_120,4,32,5,expand|vendor
hemm,cfloat,sm_120,4,32,8,expand|vendor
hemm,cfloat,sm_120,4,32,128,expand|vendor
hemm,cfloat,sm_120,4,32,1024,expand|vendor
hemm,cfloat,sm_120,4,32,8192,expand|vendor
hemm,cfloat,sm_120,4,32,32768,expand|vendor
hemm,cfloat,sm_120,4,64,1,vendor|expand
hemm,cfloat,sm_120,4,64,2,vendor|expand
hemm,cfloat,sm_120,4,64,3,vendor|expand
hemm,cfloat,sm_120,4,64,4,expand|vendor
hemm,cfloat,sm_120,4,64,5,expand|vendor
hemm,cfloat,sm_120,4,64,8,expand|vendor
hemm,cfloat,sm_120,4,64,128,expand|vendor
hemm,cfloat,sm_120,4,64,1024,expand|vendor
hemm,cfloat,sm_120,4,64,8192,expand|vendor
hemm,cfloat,sm_120,4,64,32768,expand|vendor
hemm,cfloat,sm_120,4,128,1,vendor|expand
hemm,cfloat,sm_120,4,128,2,vendor|expand
hemm,cfloat,sm_120,4,128,3,vendor|expand
hemm,cfloat,sm_120,4,128,4,expand|vendor
hemm,cfloat,sm_120,4,128,5,expand|vendor
hemm,cfloat,sm_120,4,128,8,expand|vendor
hemm,cfloat,sm_120,4,128,128,expand|vendor
hemm,cfloat,sm_120,4,128,1024,expand|vendor
hemm,cfloat,sm_120,4,128,8192,expand|vendor
hemm,cfloat,sm_120,4,128,32768,expand|vendor
hemm,cfloat,sm_120,4,255,1,vendor|expand
hemm,cfloat,sm_120,4,255,2,vendor|expand
hemm,cfloat,sm_120,4,255,3,vendor|expand
hemm,cfloat,sm_120,4,255,4,expand|vendor
hemm,cfloat,sm_120,4,255,5,expand|vendor
hemm,cfloat,sm_120,4,255,8,expand|vendor
hemm,cfloat,sm_120,4,255,128,expand|vendor
hemm,cfloat,sm_120,4,255,1024,expand|vendor
hemm,cfloat,sm_120,4,255,8192,expand|vendor
hemm,cfloat,sm_120,4,255,32768,expand|vendor
hemm,cfloat,sm_120,4,256,1,expand|vendor
hemm,cfloat,sm_120,4,256,2,expand|vendor
hemm,cfloat,sm_120,4,256,3,expand|vendor
hemm,cfloat,sm_120,4,256,4,expand|vendor
hemm,cfloat,sm_120,4,256,5,expand|vendor
hemm,cfloat,sm_120,4,256,8,expand|vendor
hemm,cfloat,sm_120,4,256,128,expand|vendor
hemm,cfloat,sm_120,4,256,1024,expand|vendor
hemm,cfloat,sm_120,4,256,8192,expand|vendor
hemm,cfloat,sm_120,4,256,32768,expand|vendor
hemm,cfloat,sm_120,4,512,1,expand|vendor
hemm,cfloat,sm_120,4,512,2,expand|vendor
hemm,cfloat,sm_120,4,512,3,expand|vendor
hemm,cfloat,sm_120,4,512,4,expand|vendor
hemm,cfloat,sm_120,4,512,5,expand|vendor
hemm,cfloat,sm_120,4,512,8,expand|vendor
hemm,cfloat,sm_120,4,512,128,expand|vendor
hemm,cfloat,sm_120,4,512,1024,expand|vendor
hemm,cfloat,sm_120,4,512,8192,expand|vendor
hemm,cfloat,sm_120,4,512,32768,expand|vendor
hemm,cfloat,sm_120,4,1024,1,expand|vendor
hemm,cfloat,sm_120,4,1024,2,expand|vendor
hemm,cfloat,sm_120,4,1024,3,expand|vendor
hemm,cfloat,sm_120,4,1024,4,expand|vendor
hemm,cfloat,sm_120,4,1024,5,expand|vendor
hemm,cfloat,sm_120,4,1024,8,expand|vendor
hemm,cfloat,sm_120,4,1024,128,expand|vendor
hemm,cfloat,sm_120,4,1024,1024,expand|vendor
hemm,cfloat,sm_120,4,1024,8192,expand|vendor
hemm,cfloat,sm_120,4,1024,32768,expand|vendor
hemm,cfloat,sm_120,4,2048,1,expand|vendor
hemm,cfloat,sm_120,4,2048,2,expand|vendor
hemm,cfloat,sm_120,4,2048,3,expand|vendor
hemm,cfloat,sm_120,4,2048,4,expand|vendor
hemm,cfloat,sm_120,4,2048,5,expand|vendor
hemm,cfloat,sm_120,4,2048,8,expand|vendor
hemm,cfloat,sm_120,4,2048,128,expand|vendor
hemm,cfloat,sm_120,4,2048,1024,expand|vendor
hemm,cfloat,sm_120,4,2048,8192,expand|vendor
hemm,cfloat,sm_120,4,2048,32768,expand|vendor
hemm,cfloat,sm_120,4,4096,1,expand|vendor
hemm,cfloat,sm_120,4,4096,2,expand|vendor
hemm,cfloat,sm_120,4,4096,3,expand|vendor
hemm,cfloat,sm_120,4,4096,4,expand|vendor
hemm,cfloat,sm_120,4,4096,5,expand|vendor
hemm,cfloat,sm_120,4,4096,8,expand|vendor
hemm,cfloat,sm_120,4,4096,128,expand|vendor
hemm,cfloat,sm_120,4,4096,1024,expand|vendor
hemm,cfloat,sm_120,4,4096,8192,expand|vendor
hemm,cfloat,sm_120,4,4096,32768,expand|vendor
hemm,cfloat,sm_120,8,1,1,vendor|expand
hemm,cfloat,sm_120,8,1,2,vendor|expand
hemm,cfloat,sm_120,8,1,3,vendor|expand
hemm,cfloat,sm_120,8,1,4,expand|vendor
hemm,cfloat,sm_120,8,1,5,expand|vendor
hemm,cfloat,sm_120,8,1,8,expand|vendor
hemm,cfloat,sm_120,8,1,128,expand|vendor
hemm,cfloat,sm_120,8,1,1024,expand|vendor
hemm,cfloat,sm_120,8,1,8192,expand|vendor
hemm,cfloat,sm_120,8,1,32768,expand|vendor
hemm,cfloat,sm_120,8,2,1,vendor|expand
hemm,cfloat,sm_120,8,2,2,vendor|expand
hemm,cfloat,sm_120,8,2,3,vendor|expand
hemm,cfloat,sm_120,8,2,4,expand|vendor
hemm,cfloat,sm_120,8,2,5,expand|vendor
hemm,cfloat,sm_120,8,2,8,expand|vendor
hemm,cfloat,sm_120,8,2,128,expand|vendor
hemm,cfloat,sm_120,8,2,1024,expand|vendor
hemm,cfloat,sm_120,8,2,8192,expand|vendor
hemm,cfloat,sm_120,8,2,32768,expand|vendor
hemm,cfloat,sm_120,8,4,1,vendor|expand
hemm,cfloat,sm_120,8,4,2,vendor|expand
hemm,cfloat,sm_120,8,4,3,vendor|expand
hemm,cfloat,sm_120,8,4,4,expand|vendor
hemm,cfloat,sm_120,8,4,5,expand|vendor
hemm,cfloat,sm_120,8,4,8,expand|vendor
hemm,cfloat,sm_120,8,4,128,expand|vendor
hemm,cfloat,sm_120,8,4,1024,expand|vendor
hemm,cfloat,sm_120,8,4,8192,expand|vendor
hemm,cfloat,sm_120,8,4,32768,expand|vendor
hemm,cfloat,sm_120,8,8,1,vendor|expand
hemm,cfloat,sm_120,8,8,2,vendor|expand
hemm,cfloat,sm_120,8,8,3,vendor|expand
hemm,cfloat,sm_120,8,8,4,expand|vendor
hemm,cfloat,sm_120,8,8,5,expand|vendor
hemm,cfloat,sm_120,8,8,8,expand|vendor
hemm,cfloat,sm_120,8,8,128,expand|vendor
hemm,cfloat,sm_120,8,8,1024,expand|vendor
hemm,cfloat,sm_120,8,8,8192,expand|vendor
hemm,cfloat,sm_120,8,8,32768,expand|vendor
hemm,cfloat,sm_120,8,16,1,vendor|expand
hemm,cfloat,sm_120,8,16,2,vendor|expand
hemm,cfloat,sm_120,8,16,3,vendor|expand
hemm,cfloat,sm_120,8,16,4,expand|vendor
hemm,cfloat,sm_120,8,16,5,expand|vendor
hemm,cfloat,sm_120,8,16,8,expand|vendor
hemm,cfloat,sm_120,8,16,128,expand|vendor
hemm,cfloat,sm_120,8,16,1024,expand|vendor
hemm,cfloat,sm_120,8,16,8192,expand|vendor
hemm,cfloat,sm_120,8,16,32768,expand|vendor
hemm,cfloat,sm_120,8,32,1,vendor|expand
hemm,cfloat,sm_120,8,32,2,vendor|expand
hemm,cfloat,sm_120,8,32,3,vendor|expand
hemm,cfloat,sm_120,8,32,4,expand|vendor
hemm,cfloat,sm_120,8,32,5,expand|vendor
hemm,cfloat,sm_120,8,32,8,expand|vendor
hemm,cfloat,sm_120,8,32,128,expand|vendor
hemm,cfloat,sm_120,8,32,1024,expand|vendor
hemm,cfloat,sm_120,8,32,8192,expand|vendor
hemm,cfloat,sm_120,8,32,32768,expand|vendor
hemm,cfloat,sm_120,8,64,1,vendor|expand
hemm,cfloat,sm_120,8,64,2,vendor|expand
hemm,cfloat,sm_120,8,64,3,vendor|expand
hemm,cfloat,sm_120,8,64,4,expand|vendor
hemm,cfloat,sm_120,8,64,5,expand|vendor
hemm,cfloat,sm_120,8,64,8,expand|vendor
hemm,cfloat,sm_120,8,64,128,expand|vendor
hemm,cfloat,sm_120,8,64,1024,expand|vendor
hemm,cfloat,sm_120,8,64,8192,expand|vendor
hemm,cfloat,sm_120,8,64,32768,expand|vendor
hemm,cfloat,sm_120,8,128,1,vendor|expand
hemm,cfloat,sm_120,8,128,2,vendor|expand
hemm,cfloat,sm_120,8,128,3,vendor|expand
hemm,cfloat,sm_120,8,128,4,expand|vendor
hemm,cfloat,sm_120,8,128,5,expand|vendor
hemm,cfloat,sm_120,8,128,8,expand|vendor
hemm,cfloat,sm_120,8,128,128,expand|vendor
hemm,cfloat,sm_120,8,128,1024,expand|vendor
hemm,cfloat,sm_120,8,128,8192,expand|vendor
hemm,cfloat,sm_120,8,128,32768,expand|vendor
hemm,cfloat,sm_120,8,255,1,vendor|expand
hemm,cfloat,sm_120,8,255,2,vendor|expand
hemm,cfloat,sm_120,8,255,3,vendor|expand
hemm,cfloat,sm_120,8,255,4,expand|vendor
hemm,cfloat,sm_120,8,255,5,expand|vendor
hemm,cfloat,sm_120,8,255,8,expand|vendor
hemm,cfloat,sm_120,8,255,128,expand|vendor
hemm,cfloat,sm_120,8,255,1024,expand|vendor
hemm,cfloat,sm_120,8,255,8192,expand|vendor
hemm,cfloat,sm_120,8,255,32768,expand|vendor
hemm,cfloat,sm_120,8,256,1,expand|vendor
hemm,cfloat,sm_120,8,256,2,expand|vendor
hemm,cfloat,sm_120,8,256,3,expand|vendor
hemm,cfloat,sm_120,8,256,4,expand|vendor
hemm,cfloat,sm_120,8,256,5,expand|vendor
hemm,cfloat,sm_120,8,256,8,expand|vendor
hemm,cfloat,sm_120,8,256,128,expand|vendor
hemm,cfloat,sm_120,8,256,1024,expand|vendor
hemm,cfloat,sm_120,8,256,8192,expand|vendor
hemm,cfloat,sm_120,8,256,32768,expand|vendor
hemm,cfloat,sm_120,8,512,1,expand|vendor
hemm,cfloat,sm_120,8,512,2,expand|vendor
hemm,cfloat,sm_120,8,512,3,expand|vendor
hemm,cfloat,sm_120,8,512,4,expand|vendor
hemm,cfloat,sm_120,8,512,5,expand|vendor
hemm,cfloat,sm_120,8,512,8,expand|vendor
hemm,cfloat,sm_120,8,512,128,expand|vendor
hemm,cfloat,sm_120,8,512,1024,expand|vendor
hemm,cfloat,sm_120,8,512,8192,expand|vendor
hemm,cfloat,sm_120,8,512,32768,expand|vendor
hemm,cfloat,sm_120,8,1024,1,expand|vendor
hemm,cfloat,sm_120,8,1024,2,expand|vendor
hemm,cfloat,sm_120,8,1024,3,expand|vendor
hemm,cfloat,sm_120,8,1024,4,expand|vendor
hemm,cfloat,sm_120,8,1024,5,expand|vendor
hemm,cfloat,sm_120,8,1024,8,expand|vendor
hemm,cfloat,sm_120,8,1024,128,expand|vendor
hemm,cfloat,sm_120,8,1024,1024,expand|vendor
hemm,cfloat,sm_120,8,1024,8192,expand|vendor
hemm,cfloat,sm_120,8,1024,32768,expand|vendor
hemm,cfloat,sm_120,8,2048,1,expand|vendor
hemm,cfloat,sm_120,8,2048,2,expand|vendor
hemm,cfloat,sm_120,8,2048,3,expand|vendor
hemm,cfloat,sm_120,8,2048,4,expand|vendor
hemm,cfloat,sm_120,8,2048,5,expand|vendor
hemm,cfloat,sm_120,8,2048,8,expand|vendor
hemm,cfloat,sm_120,8,2048,128,expand|vendor
hemm,cfloat,sm_120,8,2048,1024,expand|vendor
hemm,cfloat,sm_120,8,2048,8192,expand|vendor
hemm,cfloat,sm_120,8,2048,32768,expand|vendor
hemm,cfloat,sm_120,8,4096,1,expand|vendor
hemm,cfloat,sm_120,8,4096,2,expand|vendor
hemm,cfloat,sm_120,8,4096,3,expand|vendor
hemm,cfloat,sm_120,8,4096,4,expand|vendor
hemm,cfloat,sm_120,8,4096,5,expand|vendor
hemm,cfloat,sm_120,8,4096,8,expand|vendor
hemm,cfloat,sm_120,8,4096,128,expand|vendor
hemm,cfloat,sm_120,8,4096,1024,expand|vendor
hemm,cfloat,sm_120,8,4096,8192,expand|vendor
hemm,cfloat,sm_120,8,4096,32768,expand|vendor
hemm,cfloat,sm_120,16,1,1,vendor|expand
hemm,cfloat,sm_120,16,1,2,vendor|expand
hemm,cfloat,sm_120,16,1,3,vendor|expand
hemm,cfloat,sm_120,16,1,4,expand|vendor
hemm,cfloat,sm_120,16,1,5,expand|vendor
hemm,cfloat,sm_120,16,1,8,expand|vendor
hemm,cfloat,sm_120,16,1,128,expand|vendor
hemm,cfloat,sm_120,16,1,1024,expand|vendor
hemm,cfloat,sm_120,16,1,8192,expand|vendor
hemm,cfloat,sm_120,16,1,32768,expand|vendor
hemm,cfloat,sm_120,16,2,1,vendor|expand
hemm,cfloat,sm_120,16,2,2,vendor|expand
hemm,cfloat,sm_120,16,2,3,vendor|expand
hemm,cfloat,sm_120,16,2,4,expand|vendor
hemm,cfloat,sm_120,16,2,5,expand|vendor
hemm,cfloat,sm_120,16,2,8,expand|vendor
hemm,cfloat,sm_120,16,2,128,expand|vendor
hemm,cfloat,sm_120,16,2,1024,expand|vendor
hemm,cfloat,sm_120,16,2,8192,expand|vendor
hemm,cfloat,sm_120,16,2,32768,expand|vendor
hemm,cfloat,sm_120,16,4,1,vendor|expand
hemm,cfloat,sm_120,16,4,2,vendor|expand
hemm,cfloat,sm_120,16,4,3,vendor|expand
hemm,cfloat,sm_120,16,4,4,expand|vendor
hemm,cfloat,sm_120,16,4,5,expand|vendor
hemm,cfloat,sm_120,16,4,8,expand|vendor
hemm,cfloat,sm_120,16,4,128,expand|vendor
hemm,cfloat,sm_120,16,4,1024,expand|vendor
hemm,cfloat,sm_120,16,4,8192,expand|vendor
hemm,cfloat,sm_120,16,4,32768,expand|vendor
hemm,cfloat,sm_120,16,8,1,vendor|expand
hemm,cfloat,sm_120,16,8,2,vendor|expand
hemm,cfloat,sm_120,16,8,3,vendor|expand
hemm,cfloat,sm_120,16,8,4,expand|vendor
hemm,cfloat,sm_120,16,8,5,expand|vendor
hemm,cfloat,sm_120,16,8,8,expand|vendor
hemm,cfloat,sm_120,16,8,128,expand|vendor
hemm,cfloat,sm_120,16,8,1024,expand|vendor
hemm,cfloat,sm_120,16,8,8192,expand|vendor
hemm,cfloat,sm_120,16,8,32768,expand|vendor
hemm,cfloat,sm_120,16,16,1,vendor|expand
hemm,cfloat,sm_120,16,16,2,vendor|expand
hemm,cfloat,sm_120,16,16,3,vendor|expand
hemm,cfloat,sm_120,16,16,4,expand|vendor
hemm,cfloat,sm_120,16,16,5,expand|vendor
hemm,cfloat,sm_120,16,16,8,expand|vendor
hemm,cfloat,sm_120,16,16,128,expand|vendor
hemm,cfloat,sm_120,16,16,1024,expand|vendor
hemm,cfloat,sm_120,16,16,8192,expand|vendor
hemm,cfloat,sm_120,16,16,32768,expand|vendor
hemm,cfloat,sm_120,16,32,1,vendor|expand
hemm,cfloat,sm_120,16,32,2,vendor|expand
hemm,cfloat,sm_120,16,32,3,vendor|expand
hemm,cfloat,sm_120,16,32,4,expand|vendor
hemm,cfloat,sm_120,16,32,5,expand|vendor
hemm,cfloat,sm_120,16,32,8,expand|vendor
hemm,cfloat,sm_120,16,32,128,expand|vendor
hemm,cfloat,sm_120,16,32,1024,expand|vendor
hemm,cfloat,sm_120,16,32,8192,expand|vendor
hemm,cfloat,sm_120,16,32,32768,expand|vendor
hemm,cfloat,sm_120,16,64,1,vendor|expand
hemm,cfloat,sm_120,16,64,2,vendor|expand
hemm,cfloat,sm_120,16,64,3,vendor|expand
hemm,cfloat,sm_120,16,64,4,expand|vendor
hemm,cfloat,sm_120,16,64,5,expand|vendor
hemm,cfloat,sm_120,16,64,8,expand|vendor
hemm,cfloat,sm_120,16,64,128,expand|vendor
hemm,cfloat,sm_120,16,64,1024,expand|vendor
hemm,cfloat,sm_120,16,64,8192,expand|vendor
hemm,cfloat,sm_120,16,64,32768,expand|vendor
hemm,cfloat,sm_120,16,128,1,vendor|expand
hemm,cfloat,sm_120,16,128,2,vendor|expand
hemm,cfloat,sm_120,16,128,3,vendor|expand
hemm,cfloat,sm_120,16,128,4,expand|vendor
hemm,cfloat,sm_120,16,128,5,expand|vendor
hemm,cfloat,sm_120,16,128,8,expand|vendor
hemm,cfloat,sm_120,16,128,128,expand|vendor
hemm,cfloat,sm_120,16,128,1024,expand|vendor
hemm,cfloat,sm_120,16,128,8192,expand|vendor
hemm,cfloat,sm_120,16,128,32768,expand|vendor
hemm,cfloat,sm_120,16,255,1,vendor|expand
hemm,cfloat,sm_120,16,255,2,vendor|expand
hemm,cfloat,sm_120,16,255,3,vendor|expand
hemm,cfloat,sm_120,16,255,4,expand|vendor
hemm,cfloat,sm_120,16,255,5,expand|vendor
hemm,cfloat,sm_120,16,255,8,expand|vendor
hemm,cfloat,sm_120,16,255,128,expand|vendor
hemm,cfloat,sm_120,16,255,1024,expand|vendor
hemm,cfloat,sm_120,16,255,8192,expand|vendor
hemm,cfloat,sm_120,16,255,32768,expand|vendor
hemm,cfloat,sm_120,16,256,1,expand|vendor
hemm,cfloat,sm_120,16,256,2,expand|vendor
hemm,cfloat,sm_120,16,256,3,expand|vendor
hemm,cfloat,sm_120,16,256,4,expand|vendor
hemm,cfloat,sm_120,16,256,5,expand|vendor
hemm,cfloat,sm_120,16,256,8,expand|vendor
hemm,cfloat,sm_120,16,256,128,expand|vendor
hemm,cfloat,sm_120,16,256,1024,expand|vendor
hemm,cfloat,sm_120,16,256,8192,expand|vendor
hemm,cfloat,sm_120,16,256,32768,expand|vendor
hemm,cfloat,sm_120,16,512,1,expand|vendor
hemm,cfloat,sm_120,16,512,2,expand|vendor
hemm,cfloat,sm_120,16,512,3,expand|vendor
hemm,cfloat,sm_120,16,512,4,expand|vendor
hemm,cfloat,sm_120,16,512,5,expand|vendor
hemm,cfloat,sm_120,16,512,8,expand|vendor
hemm,cfloat,sm_120,16,512,128,expand|vendor
hemm,cfloat,sm_120,16,512,1024,expand|vendor
hemm,cfloat,sm_120,16,512,8192,expand|vendor
hemm,cfloat,sm_120,16,512,32768,expand|vendor
hemm,cfloat,sm_120,16,1024,1,expand|vendor
hemm,cfloat,sm_120,16,1024,2,expand|vendor
hemm,cfloat,sm_120,16,1024,3,expand|vendor
hemm,cfloat,sm_120,16,1024,4,expand|vendor
hemm,cfloat,sm_120,16,1024,5,expand|vendor
hemm,cfloat,sm_120,16,1024,8,expand|vendor
hemm,cfloat,sm_120,16,1024,128,expand|vendor
hemm,cfloat,sm_120,16,1024,1024,expand|vendor
hemm,cfloat,sm_120,16,1024,8192,expand|vendor
hemm,cfloat,sm_120,16,1024,32768,expand|vendor
hemm,cfloat,sm_120,16,2048,1,expand|vendor
hemm,cfloat,sm_120,16,2048,2,expand|vendor
hemm,cfloat,sm_120,16,2048,3,expand|vendor
hemm,cfloat,sm_120,16,2048,4,expand|vendor
hemm,cfloat,sm_120,16,2048,5,expand|vendor
hemm,cfloat,sm_120,16,2048,8,expand|vendor
hemm,cfloat,sm_120,16,2048,128,expand|vendor
hemm,cfloat,sm_120,16,2048,1024,expand|vendor
hemm,cfloat,sm_120,16,2048,8192,expand|vendor
hemm,cfloat,sm_120,16,2048,32768,expand|vendor
hemm,cfloat,sm_120,16,4096,1,expand|vendor
hemm,cfloat,sm_120,16,4096,2,expand|vendor
hemm,cfloat,sm_120,16,4096,3,expand|vendor
hemm,cfloat,sm_120,16,4096,4,expand|vendor
hemm,cfloat,sm_120,16,4096,5,expand|vendor
hemm,cfloat,sm_120,16,4096,8,expand|vendor
hemm,cfloat,sm_120,16,4096,128,expand|vendor
hemm,cfloat,sm_120,16,4096,1024,expand|vendor
hemm,cfloat,sm_120,16,4096,8192,expand|vendor
hemm,cfloat,sm_120,16,4096,32768,expand|vendor
hemm,cfloat,sm_120,32,1,1,vendor|expand
hemm,cfloat,sm_120,32,1,2,vendor|expand
hemm,cfloat,sm_120,32,1,3,vendor|expand
hemm,cfloat,sm_120,32,1,4,expand|vendor
hemm,cfloat,sm_120,32,1,5,expand|vendor
hemm,cfloat,sm_120,32,1,8,expand|vendor
hemm,cfloat,sm_120,32,1,128,expand|vendor
hemm,cfloat,sm_120,32,1,1024,expand|vendor
hemm,cfloat,sm_120,32,1,8192,expand|vendor
hemm,cfloat,sm_120,32,1,32768,expand|vendor
hemm,cfloat,sm_120,32,2,1,vendor|expand
hemm,cfloat,sm_120,32,2,2,vendor|expand
hemm,cfloat,sm_120,32,2,3,vendor|expand
hemm,cfloat,sm_120,32,2,4,expand|vendor
hemm,cfloat,sm_120,32,2,5,expand|vendor
hemm,cfloat,sm_120,32,2,8,expand|vendor
hemm,cfloat,sm_120,32,2,128,expand|vendor
hemm,cfloat,sm_120,32,2,1024,expand|vendor
hemm,cfloat,sm_120,32,2,8192,expand|vendor
hemm,cfloat,sm_120,32,2,32768,expand|vendor
hemm,cfloat,sm_120,32,4,1,vendor|expand
hemm,cfloat,sm_120,32,4,2,vendor|expand
hemm,cfloat,sm_120,32,4,3,vendor|expand
hemm,cfloat,sm_120,32,4,4,expand|vendor
hemm,cfloat,sm_120,32,4,5,expand|vendor
hemm,cfloat,sm_120,32,4,8,expand|vendor
hemm,cfloat,sm_120,32,4,128,expand|vendor
hemm,cfloat,sm_120,32,4,1024,expand|vendor
hemm,cfloat,sm_120,32,4,8192,expand|vendor
hemm,cfloat,sm_120,32,4,32768,expand|vendor
hemm,cfloat,sm_120,32,8,1,vendor|expand
hemm,cfloat,sm_120,32,8,2,vendor|expand
hemm,cfloat,sm_120,32,8,3,vendor|expand
hemm,cfloat,sm_120,32,8,4,expand|vendor
hemm,cfloat,sm_120,32,8,5,expand|vendor
hemm,cfloat,sm_120,32,8,8,expand|vendor
hemm,cfloat,sm_120,32,8,128,expand|vendor
hemm,cfloat,sm_120,32,8,1024,expand|vendor
hemm,cfloat,sm_120,32,8,8192,expand|vendor
hemm,cfloat,sm_120,32,8,32768,expand|vendor
hemm,cfloat,sm_120,32,16,1,vendor|expand
hemm,cfloat,sm_120,32,16,2,vendor|expand
hemm,cfloat,sm_120,32,16,3,vendor|expand
hemm,cfloat,sm_120,32,16,4,expand|vendor
hemm,cfloat,sm_120,32,16,5,expand|vendor
hemm,cfloat,sm_120,32,16,8,expand|vendor
hemm,cfloat,sm_120,32,16,128,expand|vendor
hemm,cfloat,sm_120,32,16,1024,expand|vendor
hemm,cfloat,sm_120,32,16,8192,expand|vendor
hemm,cfloat,sm_120,32,16,32768,expand|vendor
hemm,cfloat,sm_120,32,32,1,vendor|expand
hemm,cfloat,sm_120,32,32,2,vendor|expand
hemm,cfloat,sm_120,32,32,3,vendor|expand
hemm,cfloat,sm_120,32,32,4,expand|vendor
hemm,cfloat,sm_120,32,32,5,expand|vendor
hemm,cfloat,sm_120,32,32,8,expand|vendor
hemm,cfloat,sm_120,32,32,128,expand|vendor
hemm,cfloat,sm_120,32,32,1024,expand|vendor
hemm,cfloat,sm_120,32,32,8192,expand|vendor
hemm,cfloat,sm_120,32,32,32768,expand|vendor
hemm,cfloat,sm_120,32,64,1,vendor|expand
hemm,cfloat,sm_120,32,64,2,vendor|expand
hemm,cfloat,sm_120,32,64,3,vendor|expand
hemm,cfloat,sm_120,32,64,4,expand|vendor
hemm,cfloat,sm_120,32,64,5,expand|vendor
hemm,cfloat,sm_120,32,64,8,expand|vendor
hemm,cfloat,sm_120,32,64,128,expand|vendor
hemm,cfloat,sm_120,32,64,1024,expand|vendor
hemm,cfloat,sm_120,32,64,8192,expand|vendor
hemm,cfloat,sm_120,32,64,32768,expand|vendor
hemm,cfloat,sm_120,32,128,1,vendor|expand
hemm,cfloat,sm_120,32,128,2,vendor|expand
hemm,cfloat,sm_120,32,128,3,vendor|expand
hemm,cfloat,sm_120,32,128,4,expand|vendor
hemm,cfloat,sm_120,32,128,5,expand|vendor
hemm,cfloat,sm_120,32,128,8,expand|vendor
hemm,cfloat,sm_120,32,128,128,expand|vendor
hemm,cfloat,sm_120,32,128,1024,expand|vendor
hemm,cfloat,sm_120,32,128,8192,expand|vendor
hemm,cfloat,sm_120,32,128,32768,expand|vendor
hemm,cfloat,sm_120,32,255,1,vendor|expand
hemm,cfloat,sm_120,32,255,2,vendor|expand
hemm,cfloat,sm_120,32,255,3,vendor|expand
hemm,cfloat,sm_120,32,255,4,expand|vendor
hemm,cfloat,sm_120,32,255,5,expand|vendor
hemm,cfloat,sm_120,32,255,8,expand|vendor
hemm,cfloat,sm_120,32,255,128,expand|vendor
hemm,cfloat,sm_120,32,255,1024,expand|vendor
hemm,cfloat,sm_120,32,255,8192,expand|vendor
hemm,cfloat,sm_120,32,255,32768,expand|vendor
hemm,cfloat,sm_120,32,256,1,expand|vendor
hemm,cfloat,sm_120,32,256,2,expand|vendor
hemm,cfloat,sm_120,32,256,3,expand|vendor
hemm,cfloat,sm_120,32,256,4,expand|vendor
hemm,cfloat,sm_120,32,256,5,expand|vendor
hemm,cfloat,sm_120,32,256,8,expand|vendor
hemm,cfloat,sm_120,32,256,128,expand|vendor
hemm,cfloat,sm_120,32,256,1024,expand|vendor
hemm,cfloat,sm_120,32,256,8192,expand|vendor
hemm,cfloat,sm_120,32,256,32768,expand|vendor
hemm,cfloat,sm_120,32,512,1,expand|vendor
hemm,cfloat,sm_120,32,512,2,expand|vendor
hemm,cfloat,sm_120,32,512,3,expand|vendor
hemm,cfloat,sm_120,32,512,4,expand|vendor
hemm,cfloat,sm_120,32,512,5,expand|vendor
hemm,cfloat,sm_120,32,512,8,expand|vendor
hemm,cfloat,sm_120,32,512,128,expand|vendor
hemm,cfloat,sm_120,32,512,1024,expand|vendor
hemm,cfloat,sm_120,32,512,8192,expand|vendor
hemm,cfloat,sm_120,32,512,32768,expand|vendor
hemm,cfloat,sm_120,32,1024,1,expand|vendor
hemm,cfloat,sm_120,32,1024,2,expand|vendor
hemm,cfloat,sm_120,32,1024,3,expand|vendor
hemm,cfloat,sm_120,32,1024,4,expand|vendor
hemm,cfloat,sm_120,32,1024,5,expand|vendor
hemm,cfloat,sm_120,32,1024,8,expand|vendor
hemm,cfloat,sm_120,32,1024,128,expand|vendor
hemm,cfloat,sm_120,32,1024,1024,expand|vendor
hemm,cfloat,sm_120,32,1024,8192,expand|vendor
hemm,cfloat,sm_120,32,1024,32768,expand|vendor
hemm,cfloat,sm_120,32,2048,1,expand|vendor
hemm,cfloat,sm_120,32,2048,2,expand|vendor
hemm,cfloat,sm_120,32,2048,3,expand|vendor
hemm,cfloat,sm_120,32,2048,4,expand|vendor
hemm,cfloat,sm_120,32,2048,5,expand|vendor
hemm,cfloat,sm_120,32,2048,8,expand|vendor
hemm,cfloat,sm_120,32,2048,128,expand|vendor
hemm,cfloat,sm_120,32,2048,1024,expand|vendor
hemm,cfloat,sm_120,32,2048,8192,expand|vendor
hemm,cfloat,sm_120,32,2048,32768,expand|vendor
hemm,cfloat,sm_120,32,4096,1,expand|vendor
hemm,cfloat,sm_120,32,4096,2,expand|vendor
hemm,cfloat,sm_120,32,4096,3,expand|vendor
hemm,cfloat,sm_120,32,4096,4,expand|vendor
hemm,cfloat,sm_120,32,4096,5,expand|vendor
hemm,cfloat,sm_120,32,4096,8,expand|vendor
hemm,cfloat,sm_120,32,4096,128,expand|vendor
hemm,cfloat,sm_120,32,4096,1024,expand|vendor
hemm,cfloat,sm_120,32,4096,8192,expand|vendor
hemm,cfloat,sm_120,32,4096,32768,expand|vendor
hemm,cfloat,sm_120,64,1,1,vendor|expand
hemm,cfloat,sm_120,64,1,2,vendor|expand
hemm,cfloat,sm_120,64,1,3,vendor|expand
hemm,cfloat,sm_120,64,1,4,expand|vendor
hemm,cfloat,sm_120,64,1,5,expand|vendor
hemm,cfloat,sm_120,64,1,8,expand|vendor
hemm,cfloat,sm_120,64,1,128,expand|vendor
hemm,cfloat,sm_120,64,1,1024,expand|vendor
hemm,cfloat,sm_120,64,1,8192,expand|vendor
hemm,cfloat,sm_120,64,1,32768,expand|vendor
hemm,cfloat,sm_120,64,2,1,vendor|expand
hemm,cfloat,sm_120,64,2,2,vendor|expand
hemm,cfloat,sm_120,64,2,3,vendor|expand
hemm,cfloat,sm_120,64,2,4,expand|vendor
hemm,cfloat,sm_120,64,2,5,expand|vendor
hemm,cfloat,sm_120,64,2,8,expand|vendor
hemm,cfloat,sm_120,64,2,128,expand|vendor
hemm,cfloat,sm_120,64,2,1024,expand|vendor
hemm,cfloat,sm_120,64,2,8192,expand|vendor
hemm,cfloat,sm_120,64,2,32768,expand|vendor
hemm,cfloat,sm_120,64,4,1,vendor|expand
hemm,cfloat,sm_120,64,4,2,vendor|expand
hemm,cfloat,sm_120,64,4,3,vendor|expand
hemm,cfloat,sm_120,64,4,4,expand|vendor
hemm,cfloat,sm_120,64,4,5,expand|vendor
hemm,cfloat,sm_120,64,4,8,expand|vendor
hemm,cfloat,sm_120,64,4,128,expand|vendor
hemm,cfloat,sm_120,64,4,1024,expand|vendor
hemm,cfloat,sm_120,64,4,8192,expand|vendor
hemm,cfloat,sm_120,64,4,32768,expand|vendor
hemm,cfloat,sm_120,64,8,1,vendor|expand
hemm,cfloat,sm_120,64,8,2,vendor|expand
hemm,cfloat,sm_120,64,8,3,vendor|expand
hemm,cfloat,sm_120,64,8,4,expand|vendor
hemm,cfloat,sm_120,64,8,5,expand|vendor
hemm,cfloat,sm_120,64,8,8,expand|vendor
hemm,cfloat,sm_120,64,8,128,expand|vendor
hemm,cfloat,sm_120,64,8,1024,expand|vendor
hemm,cfloat,sm_120,64,8,8192,expand|vendor
hemm,cfloat,sm_120,64,8,32768,expand|vendor
hemm,cfloat,sm_120,64,16,1,vendor|expand
hemm,cfloat,sm_120,64,16,2,vendor|expand
hemm,cfloat,sm_120,64,16,3,vendor|expand
hemm,cfloat,sm_120,64,16,4,expand|vendor
hemm,cfloat,sm_120,64,16,5,expand|vendor
hemm,cfloat,sm_120,64,16,8,expand|vendor
hemm,cfloat,sm_120,64,16,128,expand|vendor
hemm,cfloat,sm_120,64,16,1024,expand|vendor
hemm,cfloat,sm_120,64,16,8192,expand|vendor
hemm,cfloat,sm_120,64,16,32768,expand|vendor
hemm,cfloat,sm_120,64,32,1,vendor|expand
hemm,cfloat,sm_120,64,32,2,vendor|expand
hemm,cfloat,sm_120,64,32,3,vendor|expand
hemm,cfloat,sm_120,64,32,4,expand|vendor
hemm,cfloat,sm_120,64,32,5,expand|vendor
hemm,cfloat,sm_120,64,32,8,expand|vendor
hemm,cfloat,sm_120,64,32,128,expand|vendor
hemm,cfloat,sm_120,64,32,1024,expand|vendor
hemm,cfloat,sm_120,64,32,8192,expand|vendor
hemm,cfloat,sm_120,64,32,32768,expand|vendor
hemm,cfloat,sm_120,64,64,1,vendor|expand
hemm,cfloat,sm_120,64,64,2,vendor|expand
hemm,cfloat,sm_120,64,64,3,vendor|expand
hemm,cfloat,sm_120,64,64,4,expand|vendor
hemm,cfloat,sm_120,64,64,5,expand|vendor
hemm,cfloat,sm_120,64,64,8,expand|vendor
hemm,cfloat,sm_120,64,64,128,expand|vendor
hemm,cfloat,sm_120,64,64,1024,expand|vendor
hemm,cfloat,sm_120,64,64,8192,expand|vendor
hemm,cfloat,sm_120,64,64,32768,expand|vendor
hemm,cfloat,sm_120,64,128,1,vendor|expand
hemm,cfloat,sm_120,64,128,2,vendor|expand
hemm,cfloat,sm_120,64,128,3,vendor|expand
hemm,cfloat,sm_120,64,128,4,expand|vendor
hemm,cfloat,sm_120,64,128,5,expand|vendor
hemm,cfloat,sm_120,64,128,8,expand|vendor
hemm,cfloat,sm_120,64,128,128,expand|vendor
hemm,cfloat,sm_120,64,128,1024,expand|vendor
hemm,cfloat,sm_120,64,128,8192,expand|vendor
hemm,cfloat,sm_120,64,128,32768,expand|vendor
hemm,cfloat,sm_120,64,255,1,vendor|expand
hemm,cfloat,sm_120,64,255,2,vendor|expand
hemm,cfloat,sm_120,64,255,3,vendor|expand
hemm,cfloat,sm_120,64,255,4,expand|vendor
hemm,cfloat,sm_120,64,255,5,expand|vendor
hemm,cfloat,sm_120,64,255,8,expand|vendor
hemm,cfloat,sm_120,64,255,128,expand|vendor
hemm,cfloat,sm_120,64,255,1024,expand|vendor
hemm,cfloat,sm_120,64,255,8192,expand|vendor
hemm,cfloat,sm_120,64,255,32768,expand|vendor
hemm,cfloat,sm_120,64,256,1,expand|vendor
hemm,cfloat,sm_120,64,256,2,expand|vendor
hemm,cfloat,sm_120,64,256,3,expand|vendor
hemm,cfloat,sm_120,64,256,4,expand|vendor
hemm,cfloat,sm_120,64,256,5,expand|vendor
hemm,cfloat,sm_120,64,256,8,expand|vendor
hemm,cfloat,sm_120,64,256,128,expand|vendor
hemm,cfloat,sm_120,64,256,1024,expand|vendor
hemm,cfloat,sm_120,64,256,8192,expand|vendor
hemm,cfloat,sm_120,64,256,32768,expand|vendor
hemm,cfloat,sm_120,64,512,1,expand|vendor
hemm,cfloat,sm_120,64,512,2,expand|vendor
hemm,cfloat,sm_120,64,512,3,expand|vendor
hemm,cfloat,sm_120,64,512,4,expand|vendor
hemm,cfloat,sm_120,64,512,5,expand|vendor
hemm,cfloat,sm_120,64,512,8,expand|vendor
hemm,cfloat,sm_120,64,512,128,expand|vendor
hemm,cfloat,sm_120,64,512,1024,expand|vendor
hemm,cfloat,sm_120,64,512,8192,expand|vendor
hemm,cfloat,sm_120,64,512,32768,expand|vendor
hemm,cfloat,sm_120,64,1024,1,expand|vendor
hemm,cfloat,sm_120,64,1024,2,expand|vendor
hemm,cfloat,sm_120,64,1024,3,expand|vendor
hemm,cfloat,sm_120,64,1024,4,expand|vendor
hemm,cfloat,sm_120,64,1024,5,expand|vendor
hemm,cfloat,sm_120,64,1024,8,expand|vendor
hemm,cfloat,sm_120,64,1024,128,expand|vendor
hemm,cfloat,sm_120,64,1024,1024,expand|vendor
hemm,cfloat,sm_120,64,1024,8192,expand|vendor
hemm,cfloat,sm_120,64,1024,32768,expand|vendor
hemm,cfloat,sm_120,64,2048,1,expand|vendor
hemm,cfloat,sm_120,64,2048,2,expand|vendor
hemm,cfloat,sm_120,64,2048,3,expand|vendor
hemm,cfloat,sm_120,64,2048,4,expand|vendor
hemm,cfloat,sm_120,64,2048,5,expand|vendor
hemm,cfloat,sm_120,64,2048,8,expand|vendor
hemm,cfloat,sm_120,64,2048,128,expand|vendor
hemm,cfloat,sm_120,64,2048,1024,expand|vendor
hemm,cfloat,sm_120,64,2048,8192,expand|vendor
hemm,cfloat,sm_120,64,2048,32768,expand|vendor
hemm,cfloat,sm_120,64,4096,1,expand|vendor
hemm,cfloat,sm_120,64,4096,2,expand|vendor
hemm,cfloat,sm_120,64,4096,3,expand|vendor
hemm,cfloat,sm_120,64,4096,4,expand|vendor
hemm,cfloat,sm_120,64,4096,5,expand|vendor
hemm,cfloat,sm_120,64,4096,8,expand|vendor
hemm,cfloat,sm_120,64,4096,128,expand|vendor
hemm,cfloat,sm_120,64,4096,1024,expand|vendor
hemm,cfloat,sm_120,64,4096,8192,expand|vendor
hemm,cfloat,sm_120,64,4096,32768,expand|vendor
hemm,cfloat,sm_120,128,1,1,vendor|expand
hemm,cfloat,sm_120,128,1,2,vendor|expand
hemm,cfloat,sm_120,128,1,3,vendor|expand
hemm,cfloat,sm_120,128,1,4,expand|vendor
hemm,cfloat,sm_120,128,1,5,expand|vendor
hemm,cfloat,sm_120,128,1,8,expand|vendor
hemm,cfloat,sm_120,128,1,128,expand|vendor
hemm,cfloat,sm_120,128,1,1024,expand|vendor
hemm,cfloat,sm_120,128,1,8192,expand|vendor
hemm,cfloat,sm_120,128,1,32768,expand|vendor
hemm,cfloat,sm_120,128,2,1,vendor|expand
hemm,cfloat,sm_120,128,2,2,vendor|expand
hemm,cfloat,sm_120,128,2,3,vendor|expand
hemm,cfloat,sm_120,128,2,4,expand|vendor
hemm,cfloat,sm_120,128,2,5,expand|vendor
hemm,cfloat,sm_120,128,2,8,expand|vendor
hemm,cfloat,sm_120,128,2,128,expand|vendor
hemm,cfloat,sm_120,128,2,1024,expand|vendor
hemm,cfloat,sm_120,128,2,8192,expand|vendor
hemm,cfloat,sm_120,128,2,32768,expand|vendor
hemm,cfloat,sm_120,128,4,1,vendor|expand
hemm,cfloat,sm_120,128,4,2,vendor|expand
hemm,cfloat,sm_120,128,4,3,vendor|expand
hemm,cfloat,sm_120,128,4,4,expand|vendor
hemm,cfloat,sm_120,128,4,5,expand|vendor
hemm,cfloat,sm_120,128,4,8,expand|vendor
hemm,cfloat,sm_120,128,4,128,expand|vendor
hemm,cfloat,sm_120,128,4,1024,expand|vendor
hemm,cfloat,sm_120,128,4,8192,expand|vendor
hemm,cfloat,sm_120,128,4,32768,expand|vendor
hemm,cfloat,sm_120,128,8,1,vendor|expand
hemm,cfloat,sm_120,128,8,2,vendor|expand
hemm,cfloat,sm_120,128,8,3,vendor|expand
hemm,cfloat,sm_120,128,8,4,expand|vendor
hemm,cfloat,sm_120,128,8,5,expand|vendor
hemm,cfloat,sm_120,128,8,8,expand|vendor
hemm,cfloat,sm_120,128,8,128,expand|vendor
hemm,cfloat,sm_120,128,8,1024,expand|vendor
hemm,cfloat,sm_120,128,8,8192,expand|vendor
hemm,cfloat,sm_120,128,8,32768,expand|vendor
hemm,cfloat,sm_120,128,16,1,vendor|expand
hemm,cfloat,sm_120,128,16,2,vendor|expand
hemm,cfloat,sm_120,128,16,3,vendor|expand
hemm,cfloat,sm_120,128,16,4,expand|vendor
hemm,cfloat,sm_120,128,16,5,expand|vendor
hemm,cfloat,sm_120,128,16,8,expand|vendor
hemm,cfloat,sm_120,128,16,128,expand|vendor
hemm,cfloat,sm_120,128,16,1024,expand|vendor
hemm,cfloat,sm_120,128,16,8192,expand|vendor
hemm,cfloat,sm_120,128,16,32768,expand|vendor
hemm,cfloat,sm_120,128,32,1,vendor|expand
hemm,cfloat,sm_120,128,32,2,vendor|expand
hemm,cfloat,sm_120,128,32,3,vendor|expand
hemm,cfloat,sm_120,128,32,4,expand|vendor
hemm,cfloat,sm_120,128,32,5,expand|vendor
hemm,cfloat,sm_120,128,32,8,expand|vendor
hemm,cfloat,sm_120,128,32,128,expand|vendor
hemm,cfloat,sm_120,128,32,1024,expand|vendor
hemm,cfloat,sm_120,128,32,8192,expand|vendor
hemm,cfloat,sm_120,128,32,32768,expand|vendor
hemm,cfloat,sm_120,128,64,1,vendor|expand
hemm,cfloat,sm_120,128,64,2,vendor|expand
hemm,cfloat,sm_120,128,64,3,vendor|expand
hemm,cfloat,sm_120,128,64,4,expand|vendor
hemm,cfloat,sm_120,128,64,5,expand|vendor
hemm,cfloat,sm_120,128,64,8,expand|vendor
hemm,cfloat,sm_120,128,64,128,expand|vendor
hemm,cfloat,sm_120,128,64,1024,expand|vendor
hemm,cfloat,sm_120,128,64,8192,expand|vendor
hemm,cfloat,sm_120,128,64,32768,expand|vendor
hemm,cfloat,sm_120,128,128,1,vendor|expand
hemm,cfloat,sm_120,128,128,2,vendor|expand
hemm,cfloat,sm_120,128,128,3,vendor|expand
hemm,cfloat,sm_120,128,128,4,expand|vendor
hemm,cfloat,sm_120,128,128,5,expand|vendor
hemm,cfloat,sm_120,128,128,8,expand|vendor
hemm,cfloat,sm_120,128,128,128,expand|vendor
hemm,cfloat,sm_120,128,128,1024,expand|vendor
hemm,cfloat,sm_120,128,128,8192,expand|vendor
hemm,cfloat,sm_120,128,128,32768,expand|vendor
hemm,cfloat,sm_120,128,255,1,vendor|expand
hemm,cfloat,sm_120,128,255,2,vendor|expand
hemm,cfloat,sm_120,128,255,3,vendor|expand
hemm,cfloat,sm_120,128,255,4,expand|vendor
hemm,cfloat,sm_120,128,255,5,expand|vendor
hemm,cfloat,sm_120,128,255,8,expand|vendor
hemm,cfloat,sm_120,128,255,128,expand|vendor
hemm,cfloat,sm_120,128,255,1024,expand|vendor
hemm,cfloat,sm_120,128,255,8192,expand|vendor
hemm,cfloat,sm_120,128,255,32768,expand|vendor
hemm,cfloat,sm_120,128,256,1,expand|vendor
hemm,cfloat,sm_120,128,256,2,expand|vendor
hemm,cfloat,sm_120,128,256,3,expand|vendor
hemm,cfloat,sm_120,128,256,4,expand|vendor
hemm,cfloat,sm_120,128,256,5,expand|vendor
hemm,cfloat,sm_120,128,256,8,expand|vendor
hemm,cfloat,sm_120,128,256,128,expand|vendor
hemm,cfloat,sm_120,128,256,1024,expand|vendor
hemm,cfloat,sm_120,128,256,8192,expand|vendor
hemm,cfloat,sm_120,128,256,32768,expand|vendor
hemm,cfloat,sm_120,128,512,1,expand|vendor
hemm,cfloat,sm_120,128,512,2,expand|vendor
hemm,cfloat,sm_120,128,512,3,expand|vendor
hemm,cfloat,sm_120,128,512,4,expand|vendor
hemm,cfloat,sm_120,128,512,5,expand|vendor
hemm,cfloat,sm_120,128,512,8,expand|vendor
hemm,cfloat,sm_120,128,512,128,expand|vendor
hemm,cfloat,sm_120,128,512,1024,expand|vendor
hemm,cfloat,sm_120,128,512,8192,expand|vendor
hemm,cfloat,sm_120,128,512,32768,expand|vendor
hemm,cfloat,sm_120,128,1024,1,expand|vendor
hemm,cfloat,sm_120,128,1024,2,expand|vendor
hemm,cfloat,sm_120,128,1024,3,expand|vendor
hemm,cfloat,sm_120,128,1024,4,expand|vendor
hemm,cfloat,sm_120,128,1024,5,expand|vendor
hemm,cfloat,sm_120,128,1024,8,expand|vendor
hemm,cfloat,sm_120,128,1024,128,expand|vendor
hemm,cfloat,sm_120,128,1024,1024,expand|vendor
hemm,cfloat,sm_120,128,1024,8192,expand|vendor
hemm,cfloat,sm_120,128,1024,32768,expand|vendor
hemm,cfloat,sm_120,128,2048,1,expand|vendor
hemm,cfloat,sm_120,128,2048,2,expand|vendor
hemm,cfloat,sm_120,128,2048,3,expand|vendor
hemm,cfloat,sm_120,128,2048,4,expand|vendor
hemm,cfloat,sm_120,128,2048,5,expand|vendor
hemm,cfloat,sm_120,128,2048,8,expand|vendor
hemm,cfloat,sm_120,128,2048,128,expand|vendor
hemm,cfloat,sm_120,128,2048,1024,expand|vendor
hemm,cfloat,sm_120,128,2048,8192,expand|vendor
hemm,cfloat,sm_120,128,2048,32768,expand|vendor
hemm,cfloat,sm_120,128,4096,1,expand|vendor
hemm,cfloat,sm_120,128,4096,2,expand|vendor
hemm,cfloat,sm_120,128,4096,3,expand|vendor
hemm,cfloat,sm_120,128,4096,4,expand|vendor
hemm,cfloat,sm_120,128,4096,5,expand|vendor
hemm,cfloat,sm_120,128,4096,8,expand|vendor
hemm,cfloat,sm_120,128,4096,128,expand|vendor
hemm,cfloat,sm_120,128,4096,1024,expand|vendor
hemm,cfloat,sm_120,128,4096,8192,expand|vendor
hemm,cfloat,sm_120,128,4096,32768,expand|vendor
hemm,cfloat,sm_120,255,1,1,vendor|expand
hemm,cfloat,sm_120,255,1,2,vendor|expand
hemm,cfloat,sm_120,255,1,3,vendor|expand
hemm,cfloat,sm_120,255,1,4,expand|vendor
hemm,cfloat,sm_120,255,1,5,expand|vendor
hemm,cfloat,sm_120,255,1,8,expand|vendor
hemm,cfloat,sm_120,255,1,128,expand|vendor
hemm,cfloat,sm_120,255,1,1024,expand|vendor
hemm,cfloat,sm_120,255,1,8192,expand|vendor
hemm,cfloat,sm_120,255,1,32768,expand|vendor
hemm,cfloat,sm_120,255,2,1,vendor|expand
hemm,cfloat,sm_120,255,2,2,vendor|expand
hemm,cfloat,sm_120,255,2,3,vendor|expand
hemm,cfloat,sm_120,255,2,4,expand|vendor
hemm,cfloat,sm_120,255,2,5,expand|vendor
hemm,cfloat,sm_120,255,2,8,expand|vendor
hemm,cfloat,sm_120,255,2,128,expand|vendor
hemm,cfloat,sm_120,255,2,1024,expand|vendor
hemm,cfloat,sm_120,255,2,8192,expand|vendor
hemm,cfloat,sm_120,255,2,32768,expand|vendor
hemm,cfloat,sm_120,255,4,1,vendor|expand
hemm,cfloat,sm_120,255,4,2,vendor|expand
hemm,cfloat,sm_120,255,4,3,vendor|expand
hemm,cfloat,sm_120,255,4,4,expand|vendor
hemm,cfloat,sm_120,255,4,5,expand|vendor
hemm,cfloat,sm_120,255,4,8,expand|vendor
hemm,cfloat,sm_120,255,4,128,expand|vendor
hemm,cfloat,sm_120,255,4,1024,expand|vendor
hemm,cfloat,sm_120,255,4,8192,expand|vendor
hemm,cfloat,sm_120,255,4,32768,expand|vendor
hemm,cfloat,sm_120,255,8,1,vendor|expand
hemm,cfloat,sm_120,255,8,2,vendor|expand
hemm,cfloat,sm_120,255,8,3,vendor|expand
hemm,cfloat,sm_120,255,8,4,expand|vendor
hemm,cfloat,sm_120,255,8,5,expand|vendor
hemm,cfloat,sm_120,255,8,8,expand|vendor
hemm,cfloat,sm_120,255,8,128,expand|vendor
hemm,cfloat,sm_120,255,8,1024,expand|vendor
hemm,cfloat,sm_120,255,8,8192,expand|vendor
hemm,cfloat,sm_120,255,8,32768,expand|vendor
hemm,cfloat,sm_120,255,16,1,vendor|expand
hemm,cfloat,sm_120,255,16,2,vendor|expand
hemm,cfloat,sm_120,255,16,3,vendor|expand
hemm,cfloat,sm_120,255,16,4,expand|vendor
hemm,cfloat,sm_120,255,16,5,expand|vendor
hemm,cfloat,sm_120,255,16,8,expand|vendor
hemm,cfloat,sm_120,255,16,128,expand|vendor
hemm,cfloat,sm_120,255,16,1024,expand|vendor
hemm,cfloat,sm_120,255,16,8192,expand|vendor
hemm,cfloat,sm_120,255,16,32768,expand|vendor
hemm,cfloat,sm_120,255,32,1,vendor|expand
hemm,cfloat,sm_120,255,32,2,vendor|expand
hemm,cfloat,sm_120,255,32,3,vendor|expand
hemm,cfloat,sm_120,255,32,4,expand|vendor
hemm,cfloat,sm_120,255,32,5,expand|vendor
hemm,cfloat,sm_120,255,32,8,expand|vendor
hemm,cfloat,sm_120,255,32,128,expand|vendor
hemm,cfloat,sm_120,255,32,1024,expand|vendor
hemm,cfloat,sm_120,255,32,8192,expand|vendor
hemm,cfloat,sm_120,255,32,32768,expand|vendor
hemm,cfloat,sm_120,255,64,1,vendor|expand
hemm,cfloat,sm_120,255,64,2,vendor|expand
hemm,cfloat,sm_120,255,64,3,vendor|expand
hemm,cfloat,sm_120,255,64,4,expand|vendor
hemm,cfloat,sm_120,255,64,5,expand|vendor
hemm,cfloat,sm_120,255,64,8,expand|vendor
hemm,cfloat,sm_120,255,64,128,expand|vendor
hemm,cfloat,sm_120,255,64,1024,expand|vendor
hemm,cfloat,sm_120,255,64,8192,expand|vendor
hemm,cfloat,sm_120,255,64,32768,expand|vendor
hemm,cfloat,sm_120,255,128,1,vendor|expand
hemm,cfloat,sm_120,255,128,2,vendor|expand
hemm,cfloat,sm_120,255,128,3,vendor|expand
hemm,cfloat,sm_120,255,128,4,expand|vendor
hemm,cfloat,sm_120,255,128,5,expand|vendor
hemm,cfloat,sm_120,255,128,8,expand|vendor
hemm,cfloat,sm_120,255,128,128,expand|vendor
hemm,cfloat,sm_120,255,128,1024,expand|vendor
hemm,cfloat,sm_120,255,128,8192,expand|vendor
hemm,cfloat,sm_120,255,128,32768,expand|vendor
hemm,cfloat,sm_120,255,255,1,vendor|expand
hemm,cfloat,sm_120,255,255,2,vendor|expand
hemm,cfloat,sm_120,255,255,3,vendor|expand
hemm,cfloat,sm_120,255,255,4,expand|vendor
hemm,cfloat,sm_120,255,255,5,expand|vendor
hemm,cfloat,sm_120,255,255,8,expand|vendor
hemm,cfloat,sm_120,255,255,128,expand|vendor
hemm,cfloat,sm_120,255,255,1024,expand|vendor
hemm,cfloat,sm_120,255,255,8192,expand|vendor
hemm,cfloat,sm_120,255,255,32768,expand|vendor
hemm,cfloat,sm_120,255,256,1,expand|vendor
hemm,cfloat,sm_120,255,256,2,expand|vendor
hemm,cfloat,sm_120,255,256,3,expand|vendor
hemm,cfloat,sm_120,255,256,4,expand|vendor
hemm,cfloat,sm_120,255,256,5,expand|vendor
hemm,cfloat,sm_120,255,256,8,expand|vendor
hemm,cfloat,sm_120,255,256,128,expand|vendor
hemm,cfloat,sm_120,255,256,1024,expand|vendor
hemm,cfloat,sm_120,255,256,8192,expand|vendor
hemm,cfloat,sm_120,255,256,32768,expand|vendor
hemm,cfloat,sm_120,255,512,1,expand|vendor
hemm,cfloat,sm_120,255,512,2,expand|vendor
hemm,cfloat,sm_120,255,512,3,expand|vendor
hemm,cfloat,sm_120,255,512,4,expand|vendor
hemm,cfloat,sm_120,255,512,5,expand|vendor
hemm,cfloat,sm_120,255,512,8,expand|vendor
hemm,cfloat,sm_120,255,512,128,expand|vendor
hemm,cfloat,sm_120,255,512,1024,expand|vendor
hemm,cfloat,sm_120,255,512,8192,expand|vendor
hemm,cfloat,sm_120,255,512,32768,expand|vendor
hemm,cfloat,sm_120,255,1024,1,expand|vendor
hemm,cfloat,sm_120,255,1024,2,expand|vendor
hemm,cfloat,sm_120,255,1024,3,expand|vendor
hemm,cfloat,sm_120,255,1024,4,expand|vendor
hemm,cfloat,sm_120,255,1024,5,expand|vendor
hemm,cfloat,sm_120,255,1024,8,expand|vendor
hemm,cfloat,sm_120,255,1024,128,expand|vendor
hemm,cfloat,sm_120,255,1024,1024,expand|vendor
hemm,cfloat,sm_120,255,1024,8192,expand|vendor
hemm,cfloat,sm_120,255,1024,32768,expand|vendor
hemm,cfloat,sm_120,255,2048,1,expand|vendor
hemm,cfloat,sm_120,255,2048,2,expand|vendor
hemm,cfloat,sm_120,255,2048,3,expand|vendor
hemm,cfloat,sm_120,255,2048,4,expand|vendor
hemm,cfloat,sm_120,255,2048,5,expand|vendor
hemm,cfloat,sm_120,255,2048,8,expand|vendor
hemm,cfloat,sm_120,255,2048,128,expand|vendor
hemm,cfloat,sm_120,255,2048,1024,expand|vendor
hemm,cfloat,sm_120,255,2048,8192,expand|vendor
hemm,cfloat,sm_120,255,2048,32768,expand|vendor
hemm,cfloat,sm_120,255,4096,1,expand|vendor
hemm,cfloat,sm_120,255,4096,2,expand|vendor
hemm,cfloat,sm_120,255,4096,3,expand|vendor
hemm,cfloat,sm_120,255,4096,4,expand|vendor
hemm,cfloat,sm_120,255,4096,5,expand|vendor
hemm,cfloat,sm_120,255,4096,8,expand|vendor
hemm,cfloat,sm_120,255,4096,128,expand|vendor
hemm,cfloat,sm_120,255,4096,1024,expand|vendor
hemm,cfloat,sm_120,255,4096,8192,expand|vendor
hemm,cfloat,sm_120,255,4096,32768,expand|vendor
hemm,cfloat,sm_120,256,1,1,expand|vendor
hemm,cfloat,sm_120,256,1,2,expand|vendor
hemm,cfloat,sm_120,256,1,3,expand|vendor
hemm,cfloat,sm_120,256,1,4,expand|vendor
hemm,cfloat,sm_120,256,1,5,expand|vendor
hemm,cfloat,sm_120,256,1,8,expand|vendor
hemm,cfloat,sm_120,256,1,128,expand|vendor
hemm,cfloat,sm_120,256,1,1024,expand|vendor
hemm,cfloat,sm_120,256,1,8192,expand|vendor
hemm,cfloat,sm_120,256,1,32768,expand|vendor
hemm,cfloat,sm_120,256,2,1,expand|vendor
hemm,cfloat,sm_120,256,2,2,expand|vendor
hemm,cfloat,sm_120,256,2,3,expand|vendor
hemm,cfloat,sm_120,256,2,4,expand|vendor
hemm,cfloat,sm_120,256,2,5,expand|vendor
hemm,cfloat,sm_120,256,2,8,expand|vendor
hemm,cfloat,sm_120,256,2,128,expand|vendor
hemm,cfloat,sm_120,256,2,1024,expand|vendor
hemm,cfloat,sm_120,256,2,8192,expand|vendor
hemm,cfloat,sm_120,256,2,32768,expand|vendor
hemm,cfloat,sm_120,256,4,1,expand|vendor
hemm,cfloat,sm_120,256,4,2,expand|vendor
hemm,cfloat,sm_120,256,4,3,expand|vendor
hemm,cfloat,sm_120,256,4,4,expand|vendor
hemm,cfloat,sm_120,256,4,5,expand|vendor
hemm,cfloat,sm_120,256,4,8,expand|vendor
hemm,cfloat,sm_120,256,4,128,expand|vendor
hemm,cfloat,sm_120,256,4,1024,expand|vendor
hemm,cfloat,sm_120,256,4,8192,expand|vendor
hemm,cfloat,sm_120,256,4,32768,expand|vendor
hemm,cfloat,sm_120,256,8,1,expand|vendor
hemm,cfloat,sm_120,256,8,2,expand|vendor
hemm,cfloat,sm_120,256,8,3,expand|vendor
hemm,cfloat,sm_120,256,8,4,expand|vendor
hemm,cfloat,sm_120,256,8,5,expand|vendor
hemm,cfloat,sm_120,256,8,8,expand|vendor
hemm,cfloat,sm_120,256,8,128,expand|vendor
hemm,cfloat,sm_120,256,8,1024,expand|vendor
hemm,cfloat,sm_120,256,8,8192,expand|vendor
hemm,cfloat,sm_120,256,8,32768,expand|vendor
hemm,cfloat,sm_120,256,16,1,expand|vendor
hemm,cfloat,sm_120,256,16,2,expand|vendor
hemm,cfloat,sm_120,256,16,3,expand|vendor
hemm,cfloat,sm_120,256,16,4,expand|vendor
hemm,cfloat,sm_120,256,16,5,expand|vendor
hemm,cfloat,sm_120,256,16,8,expand|vendor
hemm,cfloat,sm_120,256,16,128,expand|vendor
hemm,cfloat,sm_120,256,16,1024,expand|vendor
hemm,cfloat,sm_120,256,16,8192,expand|vendor
hemm,cfloat,sm_120,256,16,32768,expand|vendor
hemm,cfloat,sm_120,256,32,1,expand|vendor
hemm,cfloat,sm_120,256,32,2,expand|vendor
hemm,cfloat,sm_120,256,32,3,expand|vendor
hemm,cfloat,sm_120,256,32,4,expand|vendor
hemm,cfloat,sm_120,256,32,5,expand|vendor
hemm,cfloat,sm_120,256,32,8,expand|vendor
hemm,cfloat,sm_120,256,32,128,expand|vendor
hemm,cfloat,sm_120,256,32,1024,expand|vendor
hemm,cfloat,sm_120,256,32,8192,expand|vendor
hemm,cfloat,sm_120,256,32,32768,expand|vendor
hemm,cfloat,sm_120,256,64,1,expand|vendor
hemm,cfloat,sm_120,256,64,2,expand|vendor
hemm,cfloat,sm_120,256,64,3,expand|vendor
hemm,cfloat,sm_120,256,64,4,expand|vendor
hemm,cfloat,sm_120,256,64,5,expand|vendor
hemm,cfloat,sm_120,256,64,8,expand|vendor
hemm,cfloat,sm_120,256,64,128,expand|vendor
hemm,cfloat,sm_120,256,64,1024,expand|vendor
hemm,cfloat,sm_120,256,64,8192,expand|vendor
hemm,cfloat,sm_120,256,64,32768,expand|vendor
hemm,cfloat,sm_120,256,128,1,expand|vendor
hemm,cfloat,sm_120,256,128,2,expand|vendor
hemm,cfloat,sm_120,256,128,3,expand|vendor
hemm,cfloat,sm_120,256,128,4,expand|vendor
hemm,cfloat,sm_120,256,128,5,expand|vendor
hemm,cfloat,sm_120,256,128,8,expand|vendor
hemm,cfloat,sm_120,256,128,128,expand|vendor
hemm,cfloat,sm_120,256,128,1024,expand|vendor
hemm,cfloat,sm_120,256,128,8192,expand|vendor
hemm,cfloat,sm_120,256,128,32768,expand|vendor
hemm,cfloat,sm_120,256,255,1,expand|vendor
hemm,cfloat,sm_120,256,255,2,expand|vendor
hemm,cfloat,sm_120,256,255,3,expand|vendor
hemm,cfloat,sm_120,256,255,4,expand|vendor
hemm,cfloat,sm_120,256,255,5,expand|vendor
hemm,cfloat,sm_120,256,255,8,expand|vendor
hemm,cfloat,sm_120,256,255,128,expand|vendor
hemm,cfloat,sm_120,256,255,1024,expand|vendor
hemm,cfloat,sm_120,256,255,8192,expand|vendor
hemm,cfloat,sm_120,256,255,32768,expand|vendor
hemm,cfloat,sm_120,256,256,1,expand|vendor
hemm,cfloat,sm_120,256,256,2,expand|vendor
hemm,cfloat,sm_120,256,256,3,expand|vendor
hemm,cfloat,sm_120,256,256,4,expand|vendor
hemm,cfloat,sm_120,256,256,5,expand|vendor
hemm,cfloat,sm_120,256,256,8,expand|vendor
hemm,cfloat,sm_120,256,256,128,expand|vendor
hemm,cfloat,sm_120,256,256,1024,expand|vendor
hemm,cfloat,sm_120,256,256,8192,expand|vendor
hemm,cfloat,sm_120,256,256,32768,expand|vendor
hemm,cfloat,sm_120,256,512,1,expand|vendor
hemm,cfloat,sm_120,256,512,2,expand|vendor
hemm,cfloat,sm_120,256,512,3,expand|vendor
hemm,cfloat,sm_120,256,512,4,expand|vendor
hemm,cfloat,sm_120,256,512,5,expand|vendor
hemm,cfloat,sm_120,256,512,8,expand|vendor
hemm,cfloat,sm_120,256,512,128,expand|vendor
hemm,cfloat,sm_120,256,512,1024,expand|vendor
hemm,cfloat,sm_120,256,512,8192,expand|vendor
hemm,cfloat,sm_120,256,512,32768,expand|vendor
hemm,cfloat,sm_120,256,1024,1,expand|vendor
hemm,cfloat,sm_120,256,1024,2,expand|vendor
hemm,cfloat,sm_120,256,1024,3,expand|vendor
hemm,cfloat,sm_120,256,1024,4,expand|vendor
hemm,cfloat,sm_120,256,1024,5,expand|vendor
hemm,cfloat,sm_120,256,1024,8,expand|vendor
hemm,cfloat,sm_120,256,1024,128,expand|vendor
hemm,cfloat,sm_120,256,1024,1024,expand|vendor
hemm,cfloat,sm_120,256,1024,8192,expand|vendor
hemm,cfloat,sm_120,256,1024,32768,expand|vendor
hemm,cfloat,sm_120,256,2048,1,expand|vendor
hemm,cfloat,sm_120,256,2048,2,expand|vendor
hemm,cfloat,sm_120,256,2048,3,expand|vendor
hemm,cfloat,sm_120,256,2048,4,expand|vendor
hemm,cfloat,sm_120,256,2048,5,expand|vendor
hemm,cfloat,sm_120,256,2048,8,expand|vendor
hemm,cfloat,sm_120,256,2048,128,expand|vendor
hemm,cfloat,sm_120,256,2048,1024,expand|vendor
hemm,cfloat,sm_120,256,2048,8192,expand|vendor
hemm,cfloat,sm_120,256,2048,32768,expand|vendor
hemm,cfloat,sm_120,256,4096,1,expand|vendor
hemm,cfloat,sm_120,256,4096,2,expand|vendor
hemm,cfloat,sm_120,256,4096,3,expand|vendor
hemm,cfloat,sm_120,256,4096,4,expand|vendor
hemm,cfloat,sm_120,256,4096,5,expand|vendor
hemm,cfloat,sm_120,256,4096,8,expand|vendor
hemm,cfloat,sm_120,256,4096,128,expand|vendor
hemm,cfloat,sm_120,256,4096,1024,expand|vendor
hemm,cfloat,sm_120,256,4096,8192,expand|vendor
hemm,cfloat,sm_120,256,4096,32768,expand|vendor
hemm,cfloat,sm_120,512,1,1,expand|vendor
hemm,cfloat,sm_120,512,1,2,expand|vendor
hemm,cfloat,sm_120,512,1,3,expand|vendor
hemm,cfloat,sm_120,512,1,4,expand|vendor
hemm,cfloat,sm_120,512,1,5,expand|vendor
hemm,cfloat,sm_120,512,1,8,expand|vendor
hemm,cfloat,sm_120,512,1,128,expand|vendor
hemm,cfloat,sm_120,512,1,1024,expand|vendor
hemm,cfloat,sm_120,512,1,8192,expand|vendor
hemm,cfloat,sm_120,512,1,32768,expand|vendor
hemm,cfloat,sm_120,512,2,1,expand|vendor
hemm,cfloat,sm_120,512,2,2,expand|vendor
hemm,cfloat,sm_120,512,2,3,expand|vendor
hemm,cfloat,sm_120,512,2,4,expand|vendor
hemm,cfloat,sm_120,512,2,5,expand|vendor
hemm,cfloat,sm_120,512,2,8,expand|vendor
hemm,cfloat,sm_120,512,2,128,expand|vendor
hemm,cfloat,sm_120,512,2,1024,expand|vendor
hemm,cfloat,sm_120,512,2,8192,expand|vendor
hemm,cfloat,sm_120,512,2,32768,expand|vendor
hemm,cfloat,sm_120,512,4,1,expand|vendor
hemm,cfloat,sm_120,512,4,2,expand|vendor
hemm,cfloat,sm_120,512,4,3,expand|vendor
hemm,cfloat,sm_120,512,4,4,expand|vendor
hemm,cfloat,sm_120,512,4,5,expand|vendor
hemm,cfloat,sm_120,512,4,8,expand|vendor
hemm,cfloat,sm_120,512,4,128,expand|vendor
hemm,cfloat,sm_120,512,4,1024,expand|vendor
hemm,cfloat,sm_120,512,4,8192,expand|vendor
hemm,cfloat,sm_120,512,4,32768,expand|vendor
hemm,cfloat,sm_120,512,8,1,expand|vendor
hemm,cfloat,sm_120,512,8,2,expand|vendor
hemm,cfloat,sm_120,512,8,3,expand|vendor
hemm,cfloat,sm_120,512,8,4,expand|vendor
hemm,cfloat,sm_120,512,8,5,expand|vendor
hemm,cfloat,sm_120,512,8,8,expand|vendor
hemm,cfloat,sm_120,512,8,128,expand|vendor
hemm,cfloat,sm_120,512,8,1024,expand|vendor
hemm,cfloat,sm_120,512,8,8192,expand|vendor
hemm,cfloat,sm_120,512,8,32768,expand|vendor
hemm,cfloat,sm_120,512,16,1,expand|vendor
hemm,cfloat,sm_120,512,16,2,expand|vendor
hemm,cfloat,sm_120,512,16,3,expand|vendor
hemm,cfloat,sm_120,512,16,4,expand|vendor
hemm,cfloat,sm_120,512,16,5,expand|vendor
hemm,cfloat,sm_120,512,16,8,expand|vendor
hemm,cfloat,sm_120,512,16,128,expand|vendor
hemm,cfloat,sm_120,512,16,1024,expand|vendor
hemm,cfloat,sm_120,512,16,8192,expand|vendor
hemm,cfloat,sm_120,512,16,32768,expand|vendor
hemm,cfloat,sm_120,512,32,1,expand|vendor
hemm,cfloat,sm_120,512,32,2,expand|vendor
hemm,cfloat,sm_120,512,32,3,expand|vendor
hemm,cfloat,sm_120,512,32,4,expand|vendor
hemm,cfloat,sm_120,512,32,5,expand|vendor
hemm,cfloat,sm_120,512,32,8,expand|vendor
hemm,cfloat,sm_120,512,32,128,expand|vendor
hemm,cfloat,sm_120,512,32,1024,expand|vendor
hemm,cfloat,sm_120,512,32,8192,expand|vendor
hemm,cfloat,sm_120,512,32,32768,expand|vendor
hemm,cfloat,sm_120,512,64,1,expand|vendor
hemm,cfloat,sm_120,512,64,2,expand|vendor
hemm,cfloat,sm_120,512,64,3,expand|vendor
hemm,cfloat,sm_120,512,64,4,expand|vendor
hemm,cfloat,sm_120,512,64,5,expand|vendor
hemm,cfloat,sm_120,512,64,8,expand|vendor
hemm,cfloat,sm_120,512,64,128,expand|vendor
hemm,cfloat,sm_120,512,64,1024,expand|vendor
hemm,cfloat,sm_120,512,64,8192,expand|vendor
hemm,cfloat,sm_120,512,64,32768,expand|vendor
hemm,cfloat,sm_120,512,128,1,expand|vendor
hemm,cfloat,sm_120,512,128,2,expand|vendor
hemm,cfloat,sm_120,512,128,3,expand|vendor
hemm,cfloat,sm_120,512,128,4,expand|vendor
hemm,cfloat,sm_120,512,128,5,expand|vendor
hemm,cfloat,sm_120,512,128,8,expand|vendor
hemm,cfloat,sm_120,512,128,128,expand|vendor
hemm,cfloat,sm_120,512,128,1024,expand|vendor
hemm,cfloat,sm_120,512,128,8192,expand|vendor
hemm,cfloat,sm_120,512,128,32768,expand|vendor
hemm,cfloat,sm_120,512,255,1,expand|vendor
hemm,cfloat,sm_120,512,255,2,expand|vendor
hemm,cfloat,sm_120,512,255,3,expand|vendor
hemm,cfloat,sm_120,512,255,4,expand|vendor
hemm,cfloat,sm_120,512,255,5,expand|vendor
hemm,cfloat,sm_120,512,255,8,expand|vendor
hemm,cfloat,sm_120,512,255,128,expand|vendor
hemm,cfloat,sm_120,512,255,1024,expand|vendor
hemm,cfloat,sm_120,512,255,8192,expand|vendor
hemm,cfloat,sm_120,512,255,32768,expand|vendor
hemm,cfloat,sm_120,512,256,1,expand|vendor
hemm,cfloat,sm_120,512,256,2,expand|vendor
hemm,cfloat,sm_120,512,256,3,expand|vendor
hemm,cfloat,sm_120,512,256,4,expand|vendor
hemm,cfloat,sm_120,512,256,5,expand|vendor
hemm,cfloat,sm_120,512,256,8,expand|vendor
hemm,cfloat,sm_120,512,256,128,expand|vendor
hemm,cfloat,sm_120,512,256,1024,expand|vendor
hemm,cfloat,sm_120,512,256,8192,expand|vendor
hemm,cfloat,sm_120,512,256,32768,expand|vendor
hemm,cfloat,sm_120,512,512,1,expand|vendor
hemm,cfloat,sm_120,512,512,2,expand|vendor
hemm,cfloat,sm_120,512,512,3,expand|vendor
hemm,cfloat,sm_120,512,512,4,expand|vendor
hemm,cfloat,sm_120,512,512,5,expand|vendor
hemm,cfloat,sm_120,512,512,8,expand|vendor
hemm,cfloat,sm_120,512,512,128,expand|vendor
hemm,cfloat,sm_120,512,512,1024,expand|vendor
hemm,cfloat,sm_120,512,512,8192,expand|vendor
hemm,cfloat,sm_120,512,512,32768,expand|vendor
hemm,cfloat,sm_120,512,1024,1,expand|vendor
hemm,cfloat,sm_120,512,1024,2,expand|vendor
hemm,cfloat,sm_120,512,1024,3,expand|vendor
hemm,cfloat,sm_120,512,1024,4,expand|vendor
hemm,cfloat,sm_120,512,1024,5,expand|vendor
hemm,cfloat,sm_120,512,1024,8,expand|vendor
hemm,cfloat,sm_120,512,1024,128,expand|vendor
hemm,cfloat,sm_120,512,1024,1024,expand|vendor
hemm,cfloat,sm_120,512,1024,8192,expand|vendor
hemm,cfloat,sm_120,512,1024,32768,expand|vendor
hemm,cfloat,sm_120,512,2048,1,expand|vendor
hemm,cfloat,sm_120,512,2048,2,expand|vendor
hemm,cfloat,sm_120,512,2048,3,expand|vendor
hemm,cfloat,sm_120,512,2048,4,expand|vendor
hemm,cfloat,sm_120,512,2048,5,expand|vendor
hemm,cfloat,sm_120,512,2048,8,expand|vendor
hemm,cfloat,sm_120,512,2048,128,expand|vendor
hemm,cfloat,sm_120,512,2048,1024,expand|vendor
hemm,cfloat,sm_120,512,2048,8192,expand|vendor
hemm,cfloat,sm_120,512,2048,32768,expand|vendor
hemm,cfloat,sm_120,512,4096,1,expand|vendor
hemm,cfloat,sm_120,512,4096,2,expand|vendor
hemm,cfloat,sm_120,512,4096,3,expand|vendor
hemm,cfloat,sm_120,512,4096,4,expand|vendor
hemm,cfloat,sm_120,512,4096,5,expand|vendor
hemm,cfloat,sm_120,512,4096,8,expand|vendor
hemm,cfloat,sm_120,512,4096,128,expand|vendor
hemm,cfloat,sm_120,512,4096,1024,expand|vendor
hemm,cfloat,sm_120,512,4096,8192,expand|vendor
hemm,cfloat,sm_120,512,4096,32768,expand|vendor
hemm,cfloat,sm_120,1024,1,1,expand|vendor
hemm,cfloat,sm_120,1024,1,2,expand|vendor
hemm,cfloat,sm_120,1024,1,3,expand|vendor
hemm,cfloat,sm_120,1024,1,4,expand|vendor
hemm,cfloat,sm_120,1024,1,5,expand|vendor
hemm,cfloat,sm_120,1024,1,8,expand|vendor
hemm,cfloat,sm_120,1024,1,128,expand|vendor
hemm,cfloat,sm_120,1024,1,1024,expand|vendor
hemm,cfloat,sm_120,1024,1,8192,expand|vendor
hemm,cfloat,sm_120,1024,1,32768,expand|vendor
hemm,cfloat,sm_120,1024,2,1,expand|vendor
hemm,cfloat,sm_120,1024,2,2,expand|vendor
hemm,cfloat,sm_120,1024,2,3,expand|vendor
hemm,cfloat,sm_120,1024,2,4,expand|vendor
hemm,cfloat,sm_120,1024,2,5,expand|vendor
hemm,cfloat,sm_120,1024,2,8,expand|vendor
hemm,cfloat,sm_120,1024,2,128,expand|vendor
hemm,cfloat,sm_120,1024,2,1024,expand|vendor
hemm,cfloat,sm_120,1024,2,8192,expand|vendor
hemm,cfloat,sm_120,1024,2,32768,expand|vendor
hemm,cfloat,sm_120,1024,4,1,expand|vendor
hemm,cfloat,sm_120,1024,4,2,expand|vendor
hemm,cfloat,sm_120,1024,4,3,expand|vendor
hemm,cfloat,sm_120,1024,4,4,expand|vendor
hemm,cfloat,sm_120,1024,4,5,expand|vendor
hemm,cfloat,sm_120,1024,4,8,expand|vendor
hemm,cfloat,sm_120,1024,4,128,expand|vendor
hemm,cfloat,sm_120,1024,4,1024,expand|vendor
hemm,cfloat,sm_120,1024,4,8192,expand|vendor
hemm,cfloat,sm_120,1024,4,32768,expand|vendor
hemm,cfloat,sm_120,1024,8,1,expand|vendor
hemm,cfloat,sm_120,1024,8,2,expand|vendor
hemm,cfloat,sm_120,1024,8,3,expand|vendor
hemm,cfloat,sm_120,1024,8,4,expand|vendor
hemm,cfloat,sm_120,1024,8,5,expand|vendor
hemm,cfloat,sm_120,1024,8,8,expand|vendor
hemm,cfloat,sm_120,1024,8,128,expand|vendor
hemm,cfloat,sm_120,1024,8,1024,expand|vendor
hemm,cfloat,sm_120,1024,8,8192,expand|vendor
hemm,cfloat,sm_120,1024,8,32768,expand|vendor
hemm,cfloat,sm_120,1024,16,1,expand|vendor
hemm,cfloat,sm_120,1024,16,2,expand|vendor
hemm,cfloat,sm_120,1024,16,3,expand|vendor
hemm,cfloat,sm_120,1024,16,4,expand|vendor
hemm,cfloat,sm_120,1024,16,5,expand|vendor
hemm,cfloat,sm_120,1024,16,8,expand|vendor
hemm,cfloat,sm_120,1024,16,128,expand|vendor
hemm,cfloat,sm_120,1024,16,1024,expand|vendor
hemm,cfloat,sm_120,1024,16,8192,expand|vendor
hemm,cfloat,sm_120,1024,16,32768,expand|vendor
hemm,cfloat,sm_120,1024,32,1,expand|vendor
hemm,cfloat,sm_120,1024,32,2,expand|vendor
hemm,cfloat,sm_120,1024,32,3,expand|vendor
hemm,cfloat,sm_120,1024,32,4,expand|vendor
hemm,cfloat,sm_120,1024,32,5,expand|vendor
hemm,cfloat,sm_120,1024,32,8,expand|vendor
hemm,cfloat,sm_120,1024,32,128,expand|vendor
hemm,cfloat,sm_120,1024,32,1024,expand|vendor
hemm,cfloat,sm_120,1024,32,8192,expand|vendor
hemm,cfloat,sm_120,1024,32,32768,expand|vendor
hemm,cfloat,sm_120,1024,64,1,expand|vendor
hemm,cfloat,sm_120,1024,64,2,expand|vendor
hemm,cfloat,sm_120,1024,64,3,expand|vendor
hemm,cfloat,sm_120,1024,64,4,expand|vendor
hemm,cfloat,sm_120,1024,64,5,expand|vendor
hemm,cfloat,sm_120,1024,64,8,expand|vendor
hemm,cfloat,sm_120,1024,64,128,expand|vendor
hemm,cfloat,sm_120,1024,64,1024,expand|vendor
hemm,cfloat,sm_120,1024,64,8192,expand|vendor
hemm,cfloat,sm_120,1024,64,32768,expand|vendor
hemm,cfloat,sm_120,1024,128,1,expand|vendor
hemm,cfloat,sm_120,1024,128,2,expand|vendor
hemm,cfloat,sm_120,1024,128,3,expand|vendor
hemm,cfloat,sm_120,1024,128,4,expand|vendor
hemm,cfloat,sm_120,1024,128,5,expand|vendor
hemm,cfloat,sm_120,1024,128,8,expand|vendor
hemm,cfloat,sm_120,1024,128,128,expand|vendor
hemm,cfloat,sm_120,1024,128,1024,expand|vendor
hemm,cfloat,sm_120,1024,128,8192,expand|vendor
hemm,cfloat,sm_120,1024,128,32768,expand|vendor
hemm,cfloat,sm_120,1024,255,1,expand|vendor
hemm,cfloat,sm_120,1024,255,2,expand|vendor
hemm,cfloat,sm_120,1024,255,3,expand|vendor
hemm,cfloat,sm_120,1024,255,4,expand|vendor
hemm,cfloat,sm_120,1024,255,5,expand|vendor
hemm,cfloat,sm_120,1024,255,8,expand|vendor
hemm,cfloat,sm_120,1024,255,128,expand|vendor
hemm,cfloat,sm_120,1024,255,1024,expand|vendor
hemm,cfloat,sm_120,1024,255,8192,expand|vendor
hemm,cfloat,sm_120,1024,255,32768,expand|vendor
hemm,cfloat,sm_120,1024,256,1,expand|vendor
hemm,cfloat,sm_120,1024,256,2,expand|vendor
hemm,cfloat,sm_120,1024,256,3,expand|vendor
hemm,cfloat,sm_120,1024,256,4,expand|vendor
hemm,cfloat,sm_120,1024,256,5,expand|vendor
hemm,cfloat,sm_120,1024,256,8,expand|vendor
hemm,cfloat,sm_120,1024,256,128,expand|vendor
hemm,cfloat,sm_120,1024,256,1024,expand|vendor
hemm,cfloat,sm_120,1024,256,8192,expand|vendor
hemm,cfloat,sm_120,1024,256,32768,expand|vendor
hemm,cfloat,sm_120,1024,512,1,expand|vendor
hemm,cfloat,sm_120,1024,512,2,expand|vendor
hemm,cfloat,sm_120,1024,512,3,expand|vendor
hemm,cfloat,sm_120,1024,512,4,expand|vendor
hemm,cfloat,sm_120,1024,512,5,expand|vendor
hemm,cfloat,sm_120,1024,512,8,expand|vendor
hemm,cfloat,sm_120,1024,512,128,expand|vendor
hemm,cfloat,sm_120,1024,512,1024,expand|vendor
hemm,cfloat,sm_120,1024,512,8192,expand|vendor
hemm,cfloat,sm_120,1024,512,32768,expand|vendor
hemm,cfloat,sm_120,1024,1024,1,expand|vendor
hemm,cfloat,sm_120,1024,1024,2,expand|vendor
hemm,cfloat,sm_120,1024,1024,3,expand|vendor
hemm,cfloat,sm_120,1024,1024,4,expand|vendor
hemm,cfloat,sm_120,1024,1024,5,expand|vendor
hemm,cfloat,sm_120,1024,1024,8,expand|vendor
hemm,cfloat,sm_120,1024,1024,128,expand|vendor
hemm,cfloat,sm_120,1024,1024,1024,expand|vendor
hemm,cfloat,sm_120,1024,1024,8192,expand|vendor
hemm,cfloat,sm_120,1024,1024,32768,expand|vendor
hemm,cfloat,sm_120,1024,2048,1,expand|vendor
hemm,cfloat,sm_120,1024,2048,2,expand|vendor
hemm,cfloat,sm_120,1024,2048,3,expand|vendor
hemm,cfloat,sm_120,1024,2048,4,expand|vendor
hemm,cfloat,sm_120,1024,2048,5,expand|vendor
hemm,cfloat,sm_120,1024,2048,8,expand|vendor
hemm,cfloat,sm_120,1024,2048,128,expand|vendor
hemm,cfloat,sm_120,1024,2048,1024,expand|vendor
hemm,cfloat,sm_120,1024,2048,8192,expand|vendor
hemm,cfloat,sm_120,1024,2048,32768,expand|vendor
hemm,cfloat,sm_120,1024,4096,1,expand|vendor
hemm,cfloat,sm_120,1024,4096,2,expand|vendor
hemm,cfloat,sm_120,1024,4096,3,expand|vendor
hemm,cfloat,sm_120,1024,4096,4,expand|vendor
hemm,cfloat,sm_120,1024,4096,5,expand|vendor
hemm,cfloat,sm_120,1024,4096,8,expand|vendor
hemm,cfloat,sm_120,1024,4096,128,expand|vendor
hemm,cfloat,sm_120,1024,4096,1024,expand|vendor
hemm,cfloat,sm_120,1024,4096,8192,expand|vendor
hemm,cfloat,sm_120,1024,4096,32768,expand|vendor
hemm,cfloat,sm_120,2048,1,1,expand|vendor
hemm,cfloat,sm_120,2048,1,2,expand|vendor
hemm,cfloat,sm_120,2048,1,3,expand|vendor
hemm,cfloat,sm_120,2048,1,4,expand|vendor
hemm,cfloat,sm_120,2048,1,5,expand|vendor
hemm,cfloat,sm_120,2048,1,8,expand|vendor
hemm,cfloat,sm_120,2048,1,128,expand|vendor
hemm,cfloat,sm_120,2048,1,1024,expand|vendor
hemm,cfloat,sm_120,2048,1,8192,expand|vendor
hemm,cfloat,sm_120,2048,1,32768,expand|vendor
hemm,cfloat,sm_120,2048,2,1,expand|vendor
hemm,cfloat,sm_120,2048,2,2,expand|vendor
hemm,cfloat,sm_120,2048,2,3,expand|vendor
hemm,cfloat,sm_120,2048,2,4,expand|vendor
hemm,cfloat,sm_120,2048,2,5,expand|vendor
hemm,cfloat,sm_120,2048,2,8,expand|vendor
hemm,cfloat,sm_120,2048,2,128,expand|vendor
hemm,cfloat,sm_120,2048,2,1024,expand|vendor
hemm,cfloat,sm_120,2048,2,8192,expand|vendor
hemm,cfloat,sm_120,2048,2,32768,expand|vendor
hemm,cfloat,sm_120,2048,4,1,expand|vendor
hemm,cfloat,sm_120,2048,4,2,expand|vendor
hemm,cfloat,sm_120,2048,4,3,expand|vendor
hemm,cfloat,sm_120,2048,4,4,expand|vendor
hemm,cfloat,sm_120,2048,4,5,expand|vendor
hemm,cfloat,sm_120,2048,4,8,expand|vendor
hemm,cfloat,sm_120,2048,4,128,expand|vendor
hemm,cfloat,sm_120,2048,4,1024,expand|vendor
hemm,cfloat,sm_120,2048,4,8192,expand|vendor
hemm,cfloat,sm_120,2048,4,32768,expand|vendor
hemm,cfloat,sm_120,2048,8,1,expand|vendor
hemm,cfloat,sm_120,2048,8,2,expand|vendor
hemm,cfloat,sm_120,2048,8,3,expand|vendor
hemm,cfloat,sm_120,2048,8,4,expand|vendor
hemm,cfloat,sm_120,2048,8,5,expand|vendor
hemm,cfloat,sm_120,2048,8,8,expand|vendor
hemm,cfloat,sm_120,2048,8,128,expand|vendor
hemm,cfloat,sm_120,2048,8,1024,expand|vendor
hemm,cfloat,sm_120,2048,8,8192,expand|vendor
hemm,cfloat,sm_120,2048,8,32768,expand|vendor
hemm,cfloat,sm_120,2048,16,1,expand|vendor
hemm,cfloat,sm_120,2048,16,2,expand|vendor
hemm,cfloat,sm_120,2048,16,3,expand|vendor
hemm,cfloat,sm_120,2048,16,4,expand|vendor
hemm,cfloat,sm_120,2048,16,5,expand|vendor
hemm,cfloat,sm_120,2048,16,8,expand|vendor
hemm,cfloat,sm_120,2048,16,128,expand|vendor
hemm,cfloat,sm_120,2048,16,1024,expand|vendor
hemm,cfloat,sm_120,2048,16,8192,expand|vendor
hemm,cfloat,sm_120,2048,16,32768,expand|vendor
hemm,cfloat,sm_120,2048,32,1,expand|vendor
hemm,cfloat,sm_120,2048,32,2,expand|vendor
hemm,cfloat,sm_120,2048,32,3,expand|vendor
hemm,cfloat,sm_120,2048,32,4,expand|vendor
hemm,cfloat,sm_120,2048,32,5,expand|vendor
hemm,cfloat,sm_120,2048,32,8,expand|vendor
hemm,cfloat,sm_120,2048,32,128,expand|vendor
hemm,cfloat,sm_120,2048,32,1024,expand|vendor
hemm,cfloat,sm_120,2048,32,8192,expand|vendor
hemm,cfloat,sm_120,2048,32,32768,expand|vendor
hemm,cfloat,sm_120,2048,64,1,expand|vendor
hemm,cfloat,sm_120,2048,64,2,expand|vendor
hemm,cfloat,sm_120,2048,64,3,expand|vendor
hemm,cfloat,sm_120,2048,64,4,expand|vendor
hemm,cfloat,sm_120,2048,64,5,expand|vendor
hemm,cfloat,sm_120,2048,64,8,expand|vendor
hemm,cfloat,sm_120,2048,64,128,expand|vendor
hemm,cfloat,sm_120,2048,64,1024,expand|vendor
hemm,cfloat,sm_120,2048,64,8192,expand|vendor
hemm,cfloat,sm_120,2048,64,32768,expand|vendor
hemm,cfloat,sm_120,2048,128,1,expand|vendor
hemm,cfloat,sm_120,2048,128,2,expand|vendor
hemm,cfloat,sm_120,2048,128,3,expand|vendor
hemm,cfloat,sm_120,2048,128,4,expand|vendor
hemm,cfloat,sm_120,2048,128,5,expand|vendor
hemm,cfloat,sm_120,2048,128,8,expand|vendor
hemm,cfloat,sm_120,2048,128,128,expand|vendor
hemm,cfloat,sm_120,2048,128,1024,expand|vendor
hemm,cfloat,sm_120,2048,128,8192,expand|vendor
hemm,cfloat,sm_120,2048,128,32768,expand|vendor
hemm,cfloat,sm_120,2048,255,1,expand|vendor
hemm,cfloat,sm_120,2048,255,2,expand|vendor
hemm,cfloat,sm_120,2048,255,3,expand|vendor
hemm,cfloat,sm_120,2048,255,4,expand|vendor
hemm,cfloat,sm_120,2048,255,5,expand|vendor
hemm,cfloat,sm_120,2048,255,8,expand|vendor
hemm,cfloat,sm_120,2048,255,128,expand|vendor
hemm,cfloat,sm_120,2048,255,1024,expand|vendor
hemm,cfloat,sm_120,2048,255,8192,expand|vendor
hemm,cfloat,sm_120,2048,255,32768,expand|vendor
hemm,cfloat,sm_120,2048,256,1,expand|vendor
hemm,cfloat,sm_120,2048,256,2,expand|vendor
hemm,cfloat,sm_120,2048,256,3,expand|vendor
hemm,cfloat,sm_120,2048,256,4,expand|vendor
hemm,cfloat,sm_120,2048,256,5,expand|vendor
hemm,cfloat,sm_120,2048,256,8,expand|vendor
hemm,cfloat,sm_120,2048,256,128,expand|vendor
hemm,cfloat,sm_120,2048,256,1024,expand|vendor
hemm,cfloat,sm_120,2048,256,8192,expand|vendor
hemm,cfloat,sm_120,2048,256,32768,expand|vendor
hemm,cfloat,sm_120,2048,512,1,expand|vendor
hemm,cfloat,sm_120,2048,512,2,expand|vendor
hemm,cfloat,sm_120,2048,512,3,expand|vendor
hemm,cfloat,sm_120,2048,512,4,expand|vendor
hemm,cfloat,sm_120,2048,512,5,expand|vendor
hemm,cfloat,sm_120,2048,512,8,expand|vendor
hemm,cfloat,sm_120,2048,512,128,expand|vendor
hemm,cfloat,sm_120,2048,512,1024,expand|vendor
hemm,cfloat,sm_120,2048,512,8192,expand|vendor
hemm,cfloat,sm_120,2048,512,32768,expand|vendor
hemm,cfloat,sm_120,2048,1024,1,expand|vendor
hemm,cfloat,sm_120,2048,1024,2,expand|vendor
hemm,cfloat,sm_120,2048,1024,3,expand|vendor
hemm,cfloat,sm_120,2048,1024,4,expand|vendor
hemm,cfloat,sm_120,2048,1024,5,expand|vendor
hemm,cfloat,sm_120,2048,1024,8,expand|vendor
hemm,cfloat,sm_120,2048,1024,128,expand|vendor
hemm,cfloat,sm_120,2048,1024,1024,expand|vendor
hemm,cfloat,sm_120,2048,1024,8192,expand|vendor
hemm,cfloat,sm_120,2048,1024,32768,expand|vendor
hemm,cfloat,sm_120,2048,2048,1,expand|vendor
hemm,cfloat,sm_120,2048,2048,2,expand|vendor
hemm,cfloat,sm_120,2048,2048,3,expand|vendor
hemm,cfloat,sm_120,2048,2048,4,expand|vendor
hemm,cfloat,sm_120,2048,2048,5,expand|vendor
hemm,cfloat,sm_120,2048,2048,8,expand|vendor
hemm,cfloat,sm_120,2048,2048,128,expand|vendor
hemm,cfloat,sm_120,2048,2048,1024,expand|vendor
hemm,cfloat,sm_120,2048,2048,8192,expand|vendor
hemm,cfloat,sm_120,2048,2048,32768,expand|vendor
hemm,cfloat,sm_120,2048,4096,1,expand|vendor
hemm,cfloat,sm_120,2048,4096,2,expand|vendor
hemm,cfloat,sm_120,2048,4096,3,expand|vendor
hemm,cfloat,sm_120,2048,4096,4,expand|vendor
hemm,cfloat,sm_120,2048,4096,5,expand|vendor
hemm,cfloat,sm_120,2048,4096,8,expand|vendor
hemm,cfloat,sm_120,2048,4096,128,expand|vendor
hemm,cfloat,sm_120,2048,4096,1024,expand|vendor
hemm,cfloat,sm_120,2048,4096,8192,expand|vendor
hemm,cfloat,sm_120,2048,4096,32768,expand|vendor
hemm,cfloat,sm_120,4096,1,1,expand|vendor
hemm,cfloat,sm_120,4096,1,2,expand|vendor
hemm,cfloat,sm_120,4096,1,3,expand|vendor
hemm,cfloat,sm_120,4096,1,4,expand|vendor
hemm,cfloat,sm_120,4096,1,5,expand|vendor
hemm,cfloat,sm_120,4096,1,8,expand|vendor
hemm,cfloat,sm_120,4096,1,128,expand|vendor
hemm,cfloat,sm_120,4096,1,1024,expand|vendor
hemm,cfloat,sm_120,4096,1,8192,expand|vendor
hemm,cfloat,sm_120,4096,1,32768,expand|vendor
hemm,cfloat,sm_120,4096,2,1,expand|vendor
hemm,cfloat,sm_120,4096,2,2,expand|vendor
hemm,cfloat,sm_120,4096,2,3,expand|vendor
hemm,cfloat,sm_120,4096,2,4,expand|vendor
hemm,cfloat,sm_120,4096,2,5,expand|vendor
hemm,cfloat,sm_120,4096,2,8,expand|vendor
hemm,cfloat,sm_120,4096,2,128,expand|vendor
hemm,cfloat,sm_120,4096,2,1024,expand|vendor
hemm,cfloat,sm_120,4096,2,8192,expand|vendor
hemm,cfloat,sm_120,4096,2,32768,expand|vendor
hemm,cfloat,sm_120,4096,4,1,expand|vendor
hemm,cfloat,sm_120,4096,4,2,expand|vendor
hemm,cfloat,sm_120,4096,4,3,expand|vendor
hemm,cfloat,sm_120,4096,4,4,expand|vendor
hemm,cfloat,sm_120,4096,4,5,expand|vendor
hemm,cfloat,sm_120,4096,4,8,expand|vendor
hemm,cfloat,sm_120,4096,4,128,expand|vendor
hemm,cfloat,sm_120,4096,4,1024,expand|vendor
hemm,cfloat,sm_120,4096,4,8192,expand|vendor
hemm,cfloat,sm_120,4096,4,32768,expand|vendor
hemm,cfloat,sm_120,4096,8,1,expand|vendor
hemm,cfloat,sm_120,4096,8,2,expand|vendor
hemm,cfloat,sm_120,4096,8,3,expand|vendor
hemm,cfloat,sm_120,4096,8,4,expand|vendor
hemm,cfloat,sm_120,4096,8,5,expand|vendor
hemm,cfloat,sm_120,4096,8,8,expand|vendor
hemm,cfloat,sm_120,4096,8,128,expand|vendor
hemm,cfloat,sm_120,4096,8,1024,expand|vendor
hemm,cfloat,sm_120,4096,8,8192,expand|vendor
hemm,cfloat,sm_120,4096,8,32768,expand|vendor
hemm,cfloat,sm_120,4096,16,1,expand|vendor
hemm,cfloat,sm_120,4096,16,2,expand|vendor
hemm,cfloat,sm_120,4096,16,3,expand|vendor
hemm,cfloat,sm_120,4096,16,4,expand|vendor
hemm,cfloat,sm_120,4096,16,5,expand|vendor
hemm,cfloat,sm_120,4096,16,8,expand|vendor
hemm,cfloat,sm_120,4096,16,128,expand|vendor
hemm,cfloat,sm_120,4096,16,1024,expand|vendor
hemm,cfloat,sm_120,4096,16,8192,expand|vendor
hemm,cfloat,sm_120,4096,16,32768,expand|vendor
hemm,cfloat,sm_120,4096,32,1,expand|vendor
hemm,cfloat,sm_120,4096,32,2,expand|vendor
hemm,cfloat,sm_120,4096,32,3,expand|vendor
hemm,cfloat,sm_120,4096,32,4,expand|vendor
hemm,cfloat,sm_120,4096,32,5,expand|vendor
hemm,cfloat,sm_120,4096,32,8,expand|vendor
hemm,cfloat,sm_120,4096,32,128,expand|vendor
hemm,cfloat,sm_120,4096,32,1024,expand|vendor
hemm,cfloat,sm_120,4096,32,8192,expand|vendor
hemm,cfloat,sm_120,4096,32,32768,expand|vendor
hemm,cfloat,sm_120,4096,64,1,expand|vendor
hemm,cfloat,sm_120,4096,64,2,expand|vendor
hemm,cfloat,sm_120,4096,64,3,expand|vendor
hemm,cfloat,sm_120,4096,64,4,expand|vendor
hemm,cfloat,sm_120,4096,64,5,expand|vendor
hemm,cfloat,sm_120,4096,64,8,expand|vendor
hemm,cfloat,sm_120,4096,64,128,expand|vendor
hemm,cfloat,sm_120,4096,64,1024,expand|vendor
hemm,cfloat,sm_120,4096,64,8192,expand|vendor
hemm,cfloat,sm_120,4096,64,32768,expand|vendor
hemm,cfloat,sm_120,4096,128,1,expand|vendor
hemm,cfloat,sm_120,4096,128,2,expand|vendor
hemm,cfloat,sm_120,4096,128,3,expand|vendor
hemm,cfloat,sm_120,4096,128,4,expand|vendor
hemm,cfloat,sm_120,4096,128,5,expand|vendor
hemm,cfloat,sm_120,4096,128,8,expand|vendor
hemm,cfloat,sm_120,4096,128,128,expand|vendor
hemm,cfloat,sm_120,4096,128,1024,expand|vendor
hemm,cfloat,sm_120,4096,128,8192,expand|vendor
hemm,cfloat,sm_120,4096,128,32768,expand|vendor
hemm,cfloat,sm_120,4096,255,1,expand|vendor
hemm,cfloat,sm_120,4096,255,2,expand|vendor
hemm,cfloat,sm_120,4096,255,3,expand|vendor
hemm,cfloat,sm_120,4096,255,4,expand|vendor
hemm,cfloat,sm_120,4096,255,5,expand|vendor
hemm,cfloat,sm_120,4096,255,8,expand|vendor
hemm,cfloat,sm_120,4096,255,128,expand|vendor
hemm,cfloat,sm_120,4096,255,1024,expand|vendor
hemm,cfloat,sm_120,4096,255,8192,expand|vendor
hemm,cfloat,sm_120,4096,255,32768,expand|vendor
hemm,cfloat,sm_120,4096,256,1,expand|vendor
hemm,cfloat,sm_120,4096,256,2,expand|vendor
hemm,cfloat,sm_120,4096,256,3,expand|vendor
hemm,cfloat,sm_120,4096,256,4,expand|vendor
hemm,cfloat,sm_120,4096,256,5,expand|vendor
hemm,cfloat,sm_120,4096,256,8,expand|vendor
hemm,cfloat,sm_120,4096,256,128,expand|vendor
hemm,cfloat,sm_120,4096,256,1024,expand|vendor
hemm,cfloat,sm_120,4096,256,8192,expand|vendor
hemm,cfloat,sm_120,4096,256,32768,expand|vendor
hemm,cfloat,sm_120,4096,512,1,expand|vendor
hemm,cfloat,sm_120,4096,512,2,expand|vendor
hemm,cfloat,sm_120,4096,512,3,expand|vendor
hemm,cfloat,sm_120,4096,512,4,expand|vendor
hemm,cfloat,sm_120,4096,512,5,expand|vendor
hemm,cfloat,sm_120,4096,512,8,expand|vendor
hemm,cfloat,sm_120,4096,512,128,expand|vendor
hemm,cfloat,sm_120,4096,512,1024,expand|vendor
hemm,cfloat,sm_120,4096,512,8192,expand|vendor
hemm,cfloat,sm_120,4096,512,32768,expand|vendor
hemm,cfloat,sm_120,4096,1024,1,expand|vendor
hemm,cfloat,sm_120,4096,1024,2,expand|vendor
hemm,cfloat,sm_120,4096,1024,3,expand|vendor
hemm,cfloat,sm_120,4096,1024,4,expand|vendor
hemm,cfloat,sm_120,4096,1024,5,expand|vendor
hemm,cfloat,sm_120,4096,1024,8,expand|vendor
hemm,cfloat,sm_120,4096,1024,128,expand|vendor
hemm,cfloat,sm_120,4096,1024,1024,expand|vendor
hemm,cfloat,sm_120,4096,1024,8192,expand|vendor
hemm,cfloat,sm_120,4096,1024,32768,expand|vendor
hemm,cfloat,sm_120,4096,2048,1,expand|vendor
hemm,cfloat,sm_120,4096,2048,2,expand|vendor
hemm,cfloat,sm_120,4096,2048,3,expand|vendor
hemm,cfloat,sm_120,4096,2048,4,expand|vendor
hemm,cfloat,sm_120,4096,2048,5,expand|vendor
hemm,cfloat,sm_120,4096,2048,8,expand|vendor
hemm,cfloat,sm_120,4096,2048,128,expand|vendor
hemm,cfloat,sm_120,4096,2048,1024,expand|vendor
hemm,cfloat,sm_120,4096,2048,8192,expand|vendor
hemm,cfloat,sm_120,4096,2048,32768,expand|vendor
hemm,cfloat,sm_120,4096,4096,1,expand|vendor
hemm,cfloat,sm_120,4096,4096,2,expand|vendor
hemm,cfloat,sm_120,4096,4096,3,expand|vendor
hemm,cfloat,sm_120,4096,4096,4,expand|vendor
hemm,cfloat,sm_120,4096,4096,5,expand|vendor
hemm,cfloat,sm_120,4096,4096,8,expand|vendor
hemm,cfloat,sm_120,4096,4096,128,expand|vendor
hemm,cfloat,sm_120,4096,4096,1024,expand|vendor
hemm,cfloat,sm_120,4096,4096,8192,expand|vendor
hemm,cfloat,sm_120,4096,4096,32768,expand|vendor
hemm,cdouble,sm_89,1,1,1,vendor|expand
hemm,cdouble,sm_89,1,1,2,vendor|expand
hemm,cdouble,sm_89,1,1,3,vendor|expand
hemm,cdouble,sm_89,1,1,4,expand|vendor
hemm,cdouble,sm_89,1,1,5,expand|vendor
hemm,cdouble,sm_89,1,1,8,expand|vendor
hemm,cdouble,sm_89,1,1,128,expand|vendor
hemm,cdouble,sm_89,1,1,1024,expand|vendor
hemm,cdouble,sm_89,1,1,8192,expand|vendor
hemm,cdouble,sm_89,1,1,32768,expand|vendor
hemm,cdouble,sm_89,1,2,1,vendor|expand
hemm,cdouble,sm_89,1,2,2,vendor|expand
hemm,cdouble,sm_89,1,2,3,vendor|expand
hemm,cdouble,sm_89,1,2,4,expand|vendor
hemm,cdouble,sm_89,1,2,5,expand|vendor
hemm,cdouble,sm_89,1,2,8,expand|vendor
hemm,cdouble,sm_89,1,2,128,expand|vendor
hemm,cdouble,sm_89,1,2,1024,expand|vendor
hemm,cdouble,sm_89,1,2,8192,expand|vendor
hemm,cdouble,sm_89,1,2,32768,expand|vendor
hemm,cdouble,sm_89,1,4,1,vendor|expand
hemm,cdouble,sm_89,1,4,2,vendor|expand
hemm,cdouble,sm_89,1,4,3,vendor|expand
hemm,cdouble,sm_89,1,4,4,expand|vendor
hemm,cdouble,sm_89,1,4,5,expand|vendor
hemm,cdouble,sm_89,1,4,8,expand|vendor
hemm,cdouble,sm_89,1,4,128,expand|vendor
hemm,cdouble,sm_89,1,4,1024,expand|vendor
hemm,cdouble,sm_89,1,4,8192,expand|vendor
hemm,cdouble,sm_89,1,4,32768,expand|vendor
hemm,cdouble,sm_89,1,8,1,vendor|expand
hemm,cdouble,sm_89,1,8,2,vendor|expand
hemm,cdouble,sm_89,1,8,3,vendor|expand
hemm,cdouble,sm_89,1,8,4,expand|vendor
hemm,cdouble,sm_89,1,8,5,expand|vendor
hemm,cdouble,sm_89,1,8,8,expand|vendor
hemm,cdouble,sm_89,1,8,128,expand|vendor
hemm,cdouble,sm_89,1,8,1024,expand|vendor
hemm,cdouble,sm_89,1,8,8192,expand|vendor
hemm,cdouble,sm_89,1,8,32768,expand|vendor
hemm,cdouble,sm_89,1,16,1,vendor|expand
hemm,cdouble,sm_89,1,16,2,vendor|expand
hemm,cdouble,sm_89,1,16,3,vendor|expand
hemm,cdouble,sm_89,1,16,4,expand|vendor
hemm,cdouble,sm_89,1,16,5,expand|vendor
hemm,cdouble,sm_89,1,16,8,expand|vendor
hemm,cdouble,sm_89,1,16,128,expand|vendor
hemm,cdouble,sm_89,1,16,1024,expand|vendor
hemm,cdouble,sm_89,1,16,8192,expand|vendor
hemm,cdouble,sm_89,1,16,32768,expand|vendor
hemm,cdouble,sm_89,1,32,1,vendor|expand
hemm,cdouble,sm_89,1,32,2,vendor|expand
hemm,cdouble,sm_89,1,32,3,vendor|expand
hemm,cdouble,sm_89,1,32,4,expand|vendor
hemm,cdouble,sm_89,1,32,5,expand|vendor
hemm,cdouble,sm_89,1,32,8,expand|vendor
hemm,cdouble,sm_89,1,32,128,expand|vendor
hemm,cdouble,sm_89,1,32,1024,expand|vendor
hemm,cdouble,sm_89,1,32,8192,expand|vendor
hemm,cdouble,sm_89,1,32,32768,expand|vendor
hemm,cdouble,sm_89,1,64,1,vendor|expand
hemm,cdouble,sm_89,1,64,2,vendor|expand
hemm,cdouble,sm_89,1,64,3,vendor|expand
hemm,cdouble,sm_89,1,64,4,expand|vendor
hemm,cdouble,sm_89,1,64,5,expand|vendor
hemm,cdouble,sm_89,1,64,8,expand|vendor
hemm,cdouble,sm_89,1,64,128,expand|vendor
hemm,cdouble,sm_89,1,64,1024,expand|vendor
hemm,cdouble,sm_89,1,64,8192,expand|vendor
hemm,cdouble,sm_89,1,64,32768,expand|vendor
hemm,cdouble,sm_89,1,128,1,vendor|expand
hemm,cdouble,sm_89,1,128,2,vendor|expand
hemm,cdouble,sm_89,1,128,3,vendor|expand
hemm,cdouble,sm_89,1,128,4,expand|vendor
hemm,cdouble,sm_89,1,128,5,expand|vendor
hemm,cdouble,sm_89,1,128,8,expand|vendor
hemm,cdouble,sm_89,1,128,128,expand|vendor
hemm,cdouble,sm_89,1,128,1024,expand|vendor
hemm,cdouble,sm_89,1,128,8192,expand|vendor
hemm,cdouble,sm_89,1,128,32768,expand|vendor
hemm,cdouble,sm_89,1,255,1,vendor|expand
hemm,cdouble,sm_89,1,255,2,vendor|expand
hemm,cdouble,sm_89,1,255,3,vendor|expand
hemm,cdouble,sm_89,1,255,4,expand|vendor
hemm,cdouble,sm_89,1,255,5,expand|vendor
hemm,cdouble,sm_89,1,255,8,expand|vendor
hemm,cdouble,sm_89,1,255,128,expand|vendor
hemm,cdouble,sm_89,1,255,1024,expand|vendor
hemm,cdouble,sm_89,1,255,8192,expand|vendor
hemm,cdouble,sm_89,1,255,32768,expand|vendor
hemm,cdouble,sm_89,1,256,1,expand|vendor
hemm,cdouble,sm_89,1,256,2,expand|vendor
hemm,cdouble,sm_89,1,256,3,expand|vendor
hemm,cdouble,sm_89,1,256,4,expand|vendor
hemm,cdouble,sm_89,1,256,5,expand|vendor
hemm,cdouble,sm_89,1,256,8,expand|vendor
hemm,cdouble,sm_89,1,256,128,expand|vendor
hemm,cdouble,sm_89,1,256,1024,expand|vendor
hemm,cdouble,sm_89,1,256,8192,expand|vendor
hemm,cdouble,sm_89,1,256,32768,expand|vendor
hemm,cdouble,sm_89,1,512,1,expand|vendor
hemm,cdouble,sm_89,1,512,2,expand|vendor
hemm,cdouble,sm_89,1,512,3,expand|vendor
hemm,cdouble,sm_89,1,512,4,expand|vendor
hemm,cdouble,sm_89,1,512,5,expand|vendor
hemm,cdouble,sm_89,1,512,8,expand|vendor
hemm,cdouble,sm_89,1,512,128,expand|vendor
hemm,cdouble,sm_89,1,512,1024,expand|vendor
hemm,cdouble,sm_89,1,512,8192,expand|vendor
hemm,cdouble,sm_89,1,512,32768,expand|vendor
hemm,cdouble,sm_89,1,1024,1,expand|vendor
hemm,cdouble,sm_89,1,1024,2,expand|vendor
hemm,cdouble,sm_89,1,1024,3,expand|vendor
hemm,cdouble,sm_89,1,1024,4,expand|vendor
hemm,cdouble,sm_89,1,1024,5,expand|vendor
hemm,cdouble,sm_89,1,1024,8,expand|vendor
hemm,cdouble,sm_89,1,1024,128,expand|vendor
hemm,cdouble,sm_89,1,1024,1024,expand|vendor
hemm,cdouble,sm_89,1,1024,8192,expand|vendor
hemm,cdouble,sm_89,1,1024,32768,expand|vendor
hemm,cdouble,sm_89,1,2048,1,expand|vendor
hemm,cdouble,sm_89,1,2048,2,expand|vendor
hemm,cdouble,sm_89,1,2048,3,expand|vendor
hemm,cdouble,sm_89,1,2048,4,expand|vendor
hemm,cdouble,sm_89,1,2048,5,expand|vendor
hemm,cdouble,sm_89,1,2048,8,expand|vendor
hemm,cdouble,sm_89,1,2048,128,expand|vendor
hemm,cdouble,sm_89,1,2048,1024,expand|vendor
hemm,cdouble,sm_89,1,2048,8192,expand|vendor
hemm,cdouble,sm_89,1,2048,32768,expand|vendor
hemm,cdouble,sm_89,1,4096,1,expand|vendor
hemm,cdouble,sm_89,1,4096,2,expand|vendor
hemm,cdouble,sm_89,1,4096,3,expand|vendor
hemm,cdouble,sm_89,1,4096,4,expand|vendor
hemm,cdouble,sm_89,1,4096,5,expand|vendor
hemm,cdouble,sm_89,1,4096,8,expand|vendor
hemm,cdouble,sm_89,1,4096,128,expand|vendor
hemm,cdouble,sm_89,1,4096,1024,expand|vendor
hemm,cdouble,sm_89,1,4096,8192,expand|vendor
hemm,cdouble,sm_89,1,4096,32768,expand|vendor
hemm,cdouble,sm_89,2,1,1,vendor|expand
hemm,cdouble,sm_89,2,1,2,vendor|expand
hemm,cdouble,sm_89,2,1,3,vendor|expand
hemm,cdouble,sm_89,2,1,4,expand|vendor
hemm,cdouble,sm_89,2,1,5,expand|vendor
hemm,cdouble,sm_89,2,1,8,expand|vendor
hemm,cdouble,sm_89,2,1,128,expand|vendor
hemm,cdouble,sm_89,2,1,1024,expand|vendor
hemm,cdouble,sm_89,2,1,8192,expand|vendor
hemm,cdouble,sm_89,2,1,32768,expand|vendor
hemm,cdouble,sm_89,2,2,1,vendor|expand
hemm,cdouble,sm_89,2,2,2,vendor|expand
hemm,cdouble,sm_89,2,2,3,vendor|expand
hemm,cdouble,sm_89,2,2,4,expand|vendor
hemm,cdouble,sm_89,2,2,5,expand|vendor
hemm,cdouble,sm_89,2,2,8,expand|vendor
hemm,cdouble,sm_89,2,2,128,expand|vendor
hemm,cdouble,sm_89,2,2,1024,expand|vendor
hemm,cdouble,sm_89,2,2,8192,expand|vendor
hemm,cdouble,sm_89,2,2,32768,expand|vendor
hemm,cdouble,sm_89,2,4,1,vendor|expand
hemm,cdouble,sm_89,2,4,2,vendor|expand
hemm,cdouble,sm_89,2,4,3,vendor|expand
hemm,cdouble,sm_89,2,4,4,expand|vendor
hemm,cdouble,sm_89,2,4,5,expand|vendor
hemm,cdouble,sm_89,2,4,8,expand|vendor
hemm,cdouble,sm_89,2,4,128,expand|vendor
hemm,cdouble,sm_89,2,4,1024,expand|vendor
hemm,cdouble,sm_89,2,4,8192,expand|vendor
hemm,cdouble,sm_89,2,4,32768,expand|vendor
hemm,cdouble,sm_89,2,8,1,vendor|expand
hemm,cdouble,sm_89,2,8,2,vendor|expand
hemm,cdouble,sm_89,2,8,3,vendor|expand
hemm,cdouble,sm_89,2,8,4,expand|vendor
hemm,cdouble,sm_89,2,8,5,expand|vendor
hemm,cdouble,sm_89,2,8,8,expand|vendor
hemm,cdouble,sm_89,2,8,128,expand|vendor
hemm,cdouble,sm_89,2,8,1024,expand|vendor
hemm,cdouble,sm_89,2,8,8192,expand|vendor
hemm,cdouble,sm_89,2,8,32768,expand|vendor
hemm,cdouble,sm_89,2,16,1,vendor|expand
hemm,cdouble,sm_89,2,16,2,vendor|expand
hemm,cdouble,sm_89,2,16,3,vendor|expand
hemm,cdouble,sm_89,2,16,4,expand|vendor
hemm,cdouble,sm_89,2,16,5,expand|vendor
hemm,cdouble,sm_89,2,16,8,expand|vendor
hemm,cdouble,sm_89,2,16,128,expand|vendor
hemm,cdouble,sm_89,2,16,1024,expand|vendor
hemm,cdouble,sm_89,2,16,8192,expand|vendor
hemm,cdouble,sm_89,2,16,32768,expand|vendor
hemm,cdouble,sm_89,2,32,1,vendor|expand
hemm,cdouble,sm_89,2,32,2,vendor|expand
hemm,cdouble,sm_89,2,32,3,vendor|expand
hemm,cdouble,sm_89,2,32,4,expand|vendor
hemm,cdouble,sm_89,2,32,5,expand|vendor
hemm,cdouble,sm_89,2,32,8,expand|vendor
hemm,cdouble,sm_89,2,32,128,expand|vendor
hemm,cdouble,sm_89,2,32,1024,expand|vendor
hemm,cdouble,sm_89,2,32,8192,expand|vendor
hemm,cdouble,sm_89,2,32,32768,expand|vendor
hemm,cdouble,sm_89,2,64,1,vendor|expand
hemm,cdouble,sm_89,2,64,2,vendor|expand
hemm,cdouble,sm_89,2,64,3,vendor|expand
hemm,cdouble,sm_89,2,64,4,expand|vendor
hemm,cdouble,sm_89,2,64,5,expand|vendor
hemm,cdouble,sm_89,2,64,8,expand|vendor
hemm,cdouble,sm_89,2,64,128,expand|vendor
hemm,cdouble,sm_89,2,64,1024,expand|vendor
hemm,cdouble,sm_89,2,64,8192,expand|vendor
hemm,cdouble,sm_89,2,64,32768,expand|vendor
hemm,cdouble,sm_89,2,128,1,vendor|expand
hemm,cdouble,sm_89,2,128,2,vendor|expand
hemm,cdouble,sm_89,2,128,3,vendor|expand
hemm,cdouble,sm_89,2,128,4,expand|vendor
hemm,cdouble,sm_89,2,128,5,expand|vendor
hemm,cdouble,sm_89,2,128,8,expand|vendor
hemm,cdouble,sm_89,2,128,128,expand|vendor
hemm,cdouble,sm_89,2,128,1024,expand|vendor
hemm,cdouble,sm_89,2,128,8192,expand|vendor
hemm,cdouble,sm_89,2,128,32768,expand|vendor
hemm,cdouble,sm_89,2,255,1,vendor|expand
hemm,cdouble,sm_89,2,255,2,vendor|expand
hemm,cdouble,sm_89,2,255,3,vendor|expand
hemm,cdouble,sm_89,2,255,4,expand|vendor
hemm,cdouble,sm_89,2,255,5,expand|vendor
hemm,cdouble,sm_89,2,255,8,expand|vendor
hemm,cdouble,sm_89,2,255,128,expand|vendor
hemm,cdouble,sm_89,2,255,1024,expand|vendor
hemm,cdouble,sm_89,2,255,8192,expand|vendor
hemm,cdouble,sm_89,2,255,32768,expand|vendor
hemm,cdouble,sm_89,2,256,1,expand|vendor
hemm,cdouble,sm_89,2,256,2,expand|vendor
hemm,cdouble,sm_89,2,256,3,expand|vendor
hemm,cdouble,sm_89,2,256,4,expand|vendor
hemm,cdouble,sm_89,2,256,5,expand|vendor
hemm,cdouble,sm_89,2,256,8,expand|vendor
hemm,cdouble,sm_89,2,256,128,expand|vendor
hemm,cdouble,sm_89,2,256,1024,expand|vendor
hemm,cdouble,sm_89,2,256,8192,expand|vendor
hemm,cdouble,sm_89,2,256,32768,expand|vendor
hemm,cdouble,sm_89,2,512,1,expand|vendor
hemm,cdouble,sm_89,2,512,2,expand|vendor
hemm,cdouble,sm_89,2,512,3,expand|vendor
hemm,cdouble,sm_89,2,512,4,expand|vendor
hemm,cdouble,sm_89,2,512,5,expand|vendor
hemm,cdouble,sm_89,2,512,8,expand|vendor
hemm,cdouble,sm_89,2,512,128,expand|vendor
hemm,cdouble,sm_89,2,512,1024,expand|vendor
hemm,cdouble,sm_89,2,512,8192,expand|vendor
hemm,cdouble,sm_89,2,512,32768,expand|vendor
hemm,cdouble,sm_89,2,1024,1,expand|vendor
hemm,cdouble,sm_89,2,1024,2,expand|vendor
hemm,cdouble,sm_89,2,1024,3,expand|vendor
hemm,cdouble,sm_89,2,1024,4,expand|vendor
hemm,cdouble,sm_89,2,1024,5,expand|vendor
hemm,cdouble,sm_89,2,1024,8,expand|vendor
hemm,cdouble,sm_89,2,1024,128,expand|vendor
hemm,cdouble,sm_89,2,1024,1024,expand|vendor
hemm,cdouble,sm_89,2,1024,8192,expand|vendor
hemm,cdouble,sm_89,2,1024,32768,expand|vendor
hemm,cdouble,sm_89,2,2048,1,expand|vendor
hemm,cdouble,sm_89,2,2048,2,expand|vendor
hemm,cdouble,sm_89,2,2048,3,expand|vendor
hemm,cdouble,sm_89,2,2048,4,expand|vendor
hemm,cdouble,sm_89,2,2048,5,expand|vendor
hemm,cdouble,sm_89,2,2048,8,expand|vendor
hemm,cdouble,sm_89,2,2048,128,expand|vendor
hemm,cdouble,sm_89,2,2048,1024,expand|vendor
hemm,cdouble,sm_89,2,2048,8192,expand|vendor
hemm,cdouble,sm_89,2,2048,32768,expand|vendor
hemm,cdouble,sm_89,2,4096,1,expand|vendor
hemm,cdouble,sm_89,2,4096,2,expand|vendor
hemm,cdouble,sm_89,2,4096,3,expand|vendor
hemm,cdouble,sm_89,2,4096,4,expand|vendor
hemm,cdouble,sm_89,2,4096,5,expand|vendor
hemm,cdouble,sm_89,2,4096,8,expand|vendor
hemm,cdouble,sm_89,2,4096,128,expand|vendor
hemm,cdouble,sm_89,2,4096,1024,expand|vendor
hemm,cdouble,sm_89,2,4096,8192,expand|vendor
hemm,cdouble,sm_89,2,4096,32768,expand|vendor
hemm,cdouble,sm_89,4,1,1,vendor|expand
hemm,cdouble,sm_89,4,1,2,vendor|expand
hemm,cdouble,sm_89,4,1,3,vendor|expand
hemm,cdouble,sm_89,4,1,4,expand|vendor
hemm,cdouble,sm_89,4,1,5,expand|vendor
hemm,cdouble,sm_89,4,1,8,expand|vendor
hemm,cdouble,sm_89,4,1,128,expand|vendor
hemm,cdouble,sm_89,4,1,1024,expand|vendor
hemm,cdouble,sm_89,4,1,8192,expand|vendor
hemm,cdouble,sm_89,4,1,32768,expand|vendor
hemm,cdouble,sm_89,4,2,1,vendor|expand
hemm,cdouble,sm_89,4,2,2,vendor|expand
hemm,cdouble,sm_89,4,2,3,vendor|expand
hemm,cdouble,sm_89,4,2,4,expand|vendor
hemm,cdouble,sm_89,4,2,5,expand|vendor
hemm,cdouble,sm_89,4,2,8,expand|vendor
hemm,cdouble,sm_89,4,2,128,expand|vendor
hemm,cdouble,sm_89,4,2,1024,expand|vendor
hemm,cdouble,sm_89,4,2,8192,expand|vendor
hemm,cdouble,sm_89,4,2,32768,expand|vendor
hemm,cdouble,sm_89,4,4,1,vendor|expand
hemm,cdouble,sm_89,4,4,2,vendor|expand
hemm,cdouble,sm_89,4,4,3,vendor|expand
hemm,cdouble,sm_89,4,4,4,expand|vendor
hemm,cdouble,sm_89,4,4,5,expand|vendor
hemm,cdouble,sm_89,4,4,8,expand|vendor
hemm,cdouble,sm_89,4,4,128,expand|vendor
hemm,cdouble,sm_89,4,4,1024,expand|vendor
hemm,cdouble,sm_89,4,4,8192,expand|vendor
hemm,cdouble,sm_89,4,4,32768,expand|vendor
hemm,cdouble,sm_89,4,8,1,vendor|expand
hemm,cdouble,sm_89,4,8,2,vendor|expand
hemm,cdouble,sm_89,4,8,3,vendor|expand
hemm,cdouble,sm_89,4,8,4,expand|vendor
hemm,cdouble,sm_89,4,8,5,expand|vendor
hemm,cdouble,sm_89,4,8,8,expand|vendor
hemm,cdouble,sm_89,4,8,128,expand|vendor
hemm,cdouble,sm_89,4,8,1024,expand|vendor
hemm,cdouble,sm_89,4,8,8192,expand|vendor
hemm,cdouble,sm_89,4,8,32768,expand|vendor
hemm,cdouble,sm_89,4,16,1,vendor|expand
hemm,cdouble,sm_89,4,16,2,vendor|expand
hemm,cdouble,sm_89,4,16,3,vendor|expand
hemm,cdouble,sm_89,4,16,4,expand|vendor
hemm,cdouble,sm_89,4,16,5,expand|vendor
hemm,cdouble,sm_89,4,16,8,expand|vendor
hemm,cdouble,sm_89,4,16,128,expand|vendor
hemm,cdouble,sm_89,4,16,1024,expand|vendor
hemm,cdouble,sm_89,4,16,8192,expand|vendor
hemm,cdouble,sm_89,4,16,32768,expand|vendor
hemm,cdouble,sm_89,4,32,1,vendor|expand
hemm,cdouble,sm_89,4,32,2,vendor|expand
hemm,cdouble,sm_89,4,32,3,vendor|expand
hemm,cdouble,sm_89,4,32,4,expand|vendor
hemm,cdouble,sm_89,4,32,5,expand|vendor
hemm,cdouble,sm_89,4,32,8,expand|vendor
hemm,cdouble,sm_89,4,32,128,expand|vendor
hemm,cdouble,sm_89,4,32,1024,expand|vendor
hemm,cdouble,sm_89,4,32,8192,expand|vendor
hemm,cdouble,sm_89,4,32,32768,expand|vendor
hemm,cdouble,sm_89,4,64,1,vendor|expand
hemm,cdouble,sm_89,4,64,2,vendor|expand
hemm,cdouble,sm_89,4,64,3,vendor|expand
hemm,cdouble,sm_89,4,64,4,expand|vendor
hemm,cdouble,sm_89,4,64,5,expand|vendor
hemm,cdouble,sm_89,4,64,8,expand|vendor
hemm,cdouble,sm_89,4,64,128,expand|vendor
hemm,cdouble,sm_89,4,64,1024,expand|vendor
hemm,cdouble,sm_89,4,64,8192,expand|vendor
hemm,cdouble,sm_89,4,64,32768,expand|vendor
hemm,cdouble,sm_89,4,128,1,vendor|expand
hemm,cdouble,sm_89,4,128,2,vendor|expand
hemm,cdouble,sm_89,4,128,3,vendor|expand
hemm,cdouble,sm_89,4,128,4,expand|vendor
hemm,cdouble,sm_89,4,128,5,expand|vendor
hemm,cdouble,sm_89,4,128,8,expand|vendor
hemm,cdouble,sm_89,4,128,128,expand|vendor
hemm,cdouble,sm_89,4,128,1024,expand|vendor
hemm,cdouble,sm_89,4,128,8192,expand|vendor
hemm,cdouble,sm_89,4,128,32768,expand|vendor
hemm,cdouble,sm_89,4,255,1,vendor|expand
hemm,cdouble,sm_89,4,255,2,vendor|expand
hemm,cdouble,sm_89,4,255,3,vendor|expand
hemm,cdouble,sm_89,4,255,4,expand|vendor
hemm,cdouble,sm_89,4,255,5,expand|vendor
hemm,cdouble,sm_89,4,255,8,expand|vendor
hemm,cdouble,sm_89,4,255,128,expand|vendor
hemm,cdouble,sm_89,4,255,1024,expand|vendor
hemm,cdouble,sm_89,4,255,8192,expand|vendor
hemm,cdouble,sm_89,4,255,32768,expand|vendor
hemm,cdouble,sm_89,4,256,1,expand|vendor
hemm,cdouble,sm_89,4,256,2,expand|vendor
hemm,cdouble,sm_89,4,256,3,expand|vendor
hemm,cdouble,sm_89,4,256,4,expand|vendor
hemm,cdouble,sm_89,4,256,5,expand|vendor
hemm,cdouble,sm_89,4,256,8,expand|vendor
hemm,cdouble,sm_89,4,256,128,expand|vendor
hemm,cdouble,sm_89,4,256,1024,expand|vendor
hemm,cdouble,sm_89,4,256,8192,expand|vendor
hemm,cdouble,sm_89,4,256,32768,expand|vendor
hemm,cdouble,sm_89,4,512,1,expand|vendor
hemm,cdouble,sm_89,4,512,2,expand|vendor
hemm,cdouble,sm_89,4,512,3,expand|vendor
hemm,cdouble,sm_89,4,512,4,expand|vendor
hemm,cdouble,sm_89,4,512,5,expand|vendor
hemm,cdouble,sm_89,4,512,8,expand|vendor
hemm,cdouble,sm_89,4,512,128,expand|vendor
hemm,cdouble,sm_89,4,512,1024,expand|vendor
hemm,cdouble,sm_89,4,512,8192,expand|vendor
hemm,cdouble,sm_89,4,512,32768,expand|vendor
hemm,cdouble,sm_89,4,1024,1,expand|vendor
hemm,cdouble,sm_89,4,1024,2,expand|vendor
hemm,cdouble,sm_89,4,1024,3,expand|vendor
hemm,cdouble,sm_89,4,1024,4,expand|vendor
hemm,cdouble,sm_89,4,1024,5,expand|vendor
hemm,cdouble,sm_89,4,1024,8,expand|vendor
hemm,cdouble,sm_89,4,1024,128,expand|vendor
hemm,cdouble,sm_89,4,1024,1024,expand|vendor
hemm,cdouble,sm_89,4,1024,8192,expand|vendor
hemm,cdouble,sm_89,4,1024,32768,expand|vendor
hemm,cdouble,sm_89,4,2048,1,expand|vendor
hemm,cdouble,sm_89,4,2048,2,expand|vendor
hemm,cdouble,sm_89,4,2048,3,expand|vendor
hemm,cdouble,sm_89,4,2048,4,expand|vendor
hemm,cdouble,sm_89,4,2048,5,expand|vendor
hemm,cdouble,sm_89,4,2048,8,expand|vendor
hemm,cdouble,sm_89,4,2048,128,expand|vendor
hemm,cdouble,sm_89,4,2048,1024,expand|vendor
hemm,cdouble,sm_89,4,2048,8192,expand|vendor
hemm,cdouble,sm_89,4,2048,32768,expand|vendor
hemm,cdouble,sm_89,4,4096,1,expand|vendor
hemm,cdouble,sm_89,4,4096,2,expand|vendor
hemm,cdouble,sm_89,4,4096,3,expand|vendor
hemm,cdouble,sm_89,4,4096,4,expand|vendor
hemm,cdouble,sm_89,4,4096,5,expand|vendor
hemm,cdouble,sm_89,4,4096,8,expand|vendor
hemm,cdouble,sm_89,4,4096,128,expand|vendor
hemm,cdouble,sm_89,4,4096,1024,expand|vendor
hemm,cdouble,sm_89,4,4096,8192,expand|vendor
hemm,cdouble,sm_89,4,4096,32768,expand|vendor
hemm,cdouble,sm_89,8,1,1,vendor|expand
hemm,cdouble,sm_89,8,1,2,vendor|expand
hemm,cdouble,sm_89,8,1,3,vendor|expand
hemm,cdouble,sm_89,8,1,4,expand|vendor
hemm,cdouble,sm_89,8,1,5,expand|vendor
hemm,cdouble,sm_89,8,1,8,expand|vendor
hemm,cdouble,sm_89,8,1,128,expand|vendor
hemm,cdouble,sm_89,8,1,1024,expand|vendor
hemm,cdouble,sm_89,8,1,8192,expand|vendor
hemm,cdouble,sm_89,8,1,32768,expand|vendor
hemm,cdouble,sm_89,8,2,1,vendor|expand
hemm,cdouble,sm_89,8,2,2,vendor|expand
hemm,cdouble,sm_89,8,2,3,vendor|expand
hemm,cdouble,sm_89,8,2,4,expand|vendor
hemm,cdouble,sm_89,8,2,5,expand|vendor
hemm,cdouble,sm_89,8,2,8,expand|vendor
hemm,cdouble,sm_89,8,2,128,expand|vendor
hemm,cdouble,sm_89,8,2,1024,expand|vendor
hemm,cdouble,sm_89,8,2,8192,expand|vendor
hemm,cdouble,sm_89,8,2,32768,expand|vendor
hemm,cdouble,sm_89,8,4,1,vendor|expand
hemm,cdouble,sm_89,8,4,2,vendor|expand
hemm,cdouble,sm_89,8,4,3,vendor|expand
hemm,cdouble,sm_89,8,4,4,expand|vendor
hemm,cdouble,sm_89,8,4,5,expand|vendor
hemm,cdouble,sm_89,8,4,8,expand|vendor
hemm,cdouble,sm_89,8,4,128,expand|vendor
hemm,cdouble,sm_89,8,4,1024,expand|vendor
hemm,cdouble,sm_89,8,4,8192,expand|vendor
hemm,cdouble,sm_89,8,4,32768,expand|vendor
hemm,cdouble,sm_89,8,8,1,vendor|expand
hemm,cdouble,sm_89,8,8,2,vendor|expand
hemm,cdouble,sm_89,8,8,3,vendor|expand
hemm,cdouble,sm_89,8,8,4,expand|vendor
hemm,cdouble,sm_89,8,8,5,expand|vendor
hemm,cdouble,sm_89,8,8,8,expand|vendor
hemm,cdouble,sm_89,8,8,128,expand|vendor
hemm,cdouble,sm_89,8,8,1024,expand|vendor
hemm,cdouble,sm_89,8,8,8192,expand|vendor
hemm,cdouble,sm_89,8,8,32768,expand|vendor
hemm,cdouble,sm_89,8,16,1,vendor|expand
hemm,cdouble,sm_89,8,16,2,vendor|expand
hemm,cdouble,sm_89,8,16,3,vendor|expand
hemm,cdouble,sm_89,8,16,4,expand|vendor
hemm,cdouble,sm_89,8,16,5,expand|vendor
hemm,cdouble,sm_89,8,16,8,expand|vendor
hemm,cdouble,sm_89,8,16,128,expand|vendor
hemm,cdouble,sm_89,8,16,1024,expand|vendor
hemm,cdouble,sm_89,8,16,8192,expand|vendor
hemm,cdouble,sm_89,8,16,32768,expand|vendor
hemm,cdouble,sm_89,8,32,1,vendor|expand
hemm,cdouble,sm_89,8,32,2,vendor|expand
hemm,cdouble,sm_89,8,32,3,vendor|expand
hemm,cdouble,sm_89,8,32,4,expand|vendor
hemm,cdouble,sm_89,8,32,5,expand|vendor
hemm,cdouble,sm_89,8,32,8,expand|vendor
hemm,cdouble,sm_89,8,32,128,expand|vendor
hemm,cdouble,sm_89,8,32,1024,expand|vendor
hemm,cdouble,sm_89,8,32,8192,expand|vendor
hemm,cdouble,sm_89,8,32,32768,expand|vendor
hemm,cdouble,sm_89,8,64,1,vendor|expand
hemm,cdouble,sm_89,8,64,2,vendor|expand
hemm,cdouble,sm_89,8,64,3,vendor|expand
hemm,cdouble,sm_89,8,64,4,expand|vendor
hemm,cdouble,sm_89,8,64,5,expand|vendor
hemm,cdouble,sm_89,8,64,8,expand|vendor
hemm,cdouble,sm_89,8,64,128,expand|vendor
hemm,cdouble,sm_89,8,64,1024,expand|vendor
hemm,cdouble,sm_89,8,64,8192,expand|vendor
hemm,cdouble,sm_89,8,64,32768,expand|vendor
hemm,cdouble,sm_89,8,128,1,vendor|expand
hemm,cdouble,sm_89,8,128,2,vendor|expand
hemm,cdouble,sm_89,8,128,3,vendor|expand
hemm,cdouble,sm_89,8,128,4,expand|vendor
hemm,cdouble,sm_89,8,128,5,expand|vendor
hemm,cdouble,sm_89,8,128,8,expand|vendor
hemm,cdouble,sm_89,8,128,128,expand|vendor
hemm,cdouble,sm_89,8,128,1024,expand|vendor
hemm,cdouble,sm_89,8,128,8192,expand|vendor
hemm,cdouble,sm_89,8,128,32768,expand|vendor
hemm,cdouble,sm_89,8,255,1,vendor|expand
hemm,cdouble,sm_89,8,255,2,vendor|expand
hemm,cdouble,sm_89,8,255,3,vendor|expand
hemm,cdouble,sm_89,8,255,4,expand|vendor
hemm,cdouble,sm_89,8,255,5,expand|vendor
hemm,cdouble,sm_89,8,255,8,expand|vendor
hemm,cdouble,sm_89,8,255,128,expand|vendor
hemm,cdouble,sm_89,8,255,1024,expand|vendor
hemm,cdouble,sm_89,8,255,8192,expand|vendor
hemm,cdouble,sm_89,8,255,32768,expand|vendor
hemm,cdouble,sm_89,8,256,1,expand|vendor
hemm,cdouble,sm_89,8,256,2,expand|vendor
hemm,cdouble,sm_89,8,256,3,expand|vendor
hemm,cdouble,sm_89,8,256,4,expand|vendor
hemm,cdouble,sm_89,8,256,5,expand|vendor
hemm,cdouble,sm_89,8,256,8,expand|vendor
hemm,cdouble,sm_89,8,256,128,expand|vendor
hemm,cdouble,sm_89,8,256,1024,expand|vendor
hemm,cdouble,sm_89,8,256,8192,expand|vendor
hemm,cdouble,sm_89,8,256,32768,expand|vendor
hemm,cdouble,sm_89,8,512,1,expand|vendor
hemm,cdouble,sm_89,8,512,2,expand|vendor
hemm,cdouble,sm_89,8,512,3,expand|vendor
hemm,cdouble,sm_89,8,512,4,expand|vendor
hemm,cdouble,sm_89,8,512,5,expand|vendor
hemm,cdouble,sm_89,8,512,8,expand|vendor
hemm,cdouble,sm_89,8,512,128,expand|vendor
hemm,cdouble,sm_89,8,512,1024,expand|vendor
hemm,cdouble,sm_89,8,512,8192,expand|vendor
hemm,cdouble,sm_89,8,512,32768,expand|vendor
hemm,cdouble,sm_89,8,1024,1,expand|vendor
hemm,cdouble,sm_89,8,1024,2,expand|vendor
hemm,cdouble,sm_89,8,1024,3,expand|vendor
hemm,cdouble,sm_89,8,1024,4,expand|vendor
hemm,cdouble,sm_89,8,1024,5,expand|vendor
hemm,cdouble,sm_89,8,1024,8,expand|vendor
hemm,cdouble,sm_89,8,1024,128,expand|vendor
hemm,cdouble,sm_89,8,1024,1024,expand|vendor
hemm,cdouble,sm_89,8,1024,8192,expand|vendor
hemm,cdouble,sm_89,8,1024,32768,expand|vendor
hemm,cdouble,sm_89,8,2048,1,expand|vendor
hemm,cdouble,sm_89,8,2048,2,expand|vendor
hemm,cdouble,sm_89,8,2048,3,expand|vendor
hemm,cdouble,sm_89,8,2048,4,expand|vendor
hemm,cdouble,sm_89,8,2048,5,expand|vendor
hemm,cdouble,sm_89,8,2048,8,expand|vendor
hemm,cdouble,sm_89,8,2048,128,expand|vendor
hemm,cdouble,sm_89,8,2048,1024,expand|vendor
hemm,cdouble,sm_89,8,2048,8192,expand|vendor
hemm,cdouble,sm_89,8,2048,32768,expand|vendor
hemm,cdouble,sm_89,8,4096,1,expand|vendor
hemm,cdouble,sm_89,8,4096,2,expand|vendor
hemm,cdouble,sm_89,8,4096,3,expand|vendor
hemm,cdouble,sm_89,8,4096,4,expand|vendor
hemm,cdouble,sm_89,8,4096,5,expand|vendor
hemm,cdouble,sm_89,8,4096,8,expand|vendor
hemm,cdouble,sm_89,8,4096,128,expand|vendor
hemm,cdouble,sm_89,8,4096,1024,expand|vendor
hemm,cdouble,sm_89,8,4096,8192,expand|vendor
hemm,cdouble,sm_89,8,4096,32768,expand|vendor
hemm,cdouble,sm_89,16,1,1,vendor|expand
hemm,cdouble,sm_89,16,1,2,vendor|expand
hemm,cdouble,sm_89,16,1,3,vendor|expand
hemm,cdouble,sm_89,16,1,4,expand|vendor
hemm,cdouble,sm_89,16,1,5,expand|vendor
hemm,cdouble,sm_89,16,1,8,expand|vendor
hemm,cdouble,sm_89,16,1,128,expand|vendor
hemm,cdouble,sm_89,16,1,1024,expand|vendor
hemm,cdouble,sm_89,16,1,8192,expand|vendor
hemm,cdouble,sm_89,16,1,32768,expand|vendor
hemm,cdouble,sm_89,16,2,1,vendor|expand
hemm,cdouble,sm_89,16,2,2,vendor|expand
hemm,cdouble,sm_89,16,2,3,vendor|expand
hemm,cdouble,sm_89,16,2,4,expand|vendor
hemm,cdouble,sm_89,16,2,5,expand|vendor
hemm,cdouble,sm_89,16,2,8,expand|vendor
hemm,cdouble,sm_89,16,2,128,expand|vendor
hemm,cdouble,sm_89,16,2,1024,expand|vendor
hemm,cdouble,sm_89,16,2,8192,expand|vendor
hemm,cdouble,sm_89,16,2,32768,expand|vendor
hemm,cdouble,sm_89,16,4,1,vendor|expand
hemm,cdouble,sm_89,16,4,2,vendor|expand
hemm,cdouble,sm_89,16,4,3,vendor|expand
hemm,cdouble,sm_89,16,4,4,expand|vendor
hemm,cdouble,sm_89,16,4,5,expand|vendor
hemm,cdouble,sm_89,16,4,8,expand|vendor
hemm,cdouble,sm_89,16,4,128,expand|vendor
hemm,cdouble,sm_89,16,4,1024,expand|vendor
hemm,cdouble,sm_89,16,4,8192,expand|vendor
hemm,cdouble,sm_89,16,4,32768,expand|vendor
hemm,cdouble,sm_89,16,8,1,vendor|expand
hemm,cdouble,sm_89,16,8,2,vendor|expand
hemm,cdouble,sm_89,16,8,3,vendor|expand
hemm,cdouble,sm_89,16,8,4,expand|vendor
hemm,cdouble,sm_89,16,8,5,expand|vendor
hemm,cdouble,sm_89,16,8,8,expand|vendor
hemm,cdouble,sm_89,16,8,128,expand|vendor
hemm,cdouble,sm_89,16,8,1024,expand|vendor
hemm,cdouble,sm_89,16,8,8192,expand|vendor
hemm,cdouble,sm_89,16,8,32768,expand|vendor
hemm,cdouble,sm_89,16,16,1,vendor|expand
hemm,cdouble,sm_89,16,16,2,vendor|expand
hemm,cdouble,sm_89,16,16,3,vendor|expand
hemm,cdouble,sm_89,16,16,4,expand|vendor
hemm,cdouble,sm_89,16,16,5,expand|vendor
hemm,cdouble,sm_89,16,16,8,expand|vendor
hemm,cdouble,sm_89,16,16,128,expand|vendor
hemm,cdouble,sm_89,16,16,1024,expand|vendor
hemm,cdouble,sm_89,16,16,8192,expand|vendor
hemm,cdouble,sm_89,16,16,32768,expand|vendor
hemm,cdouble,sm_89,16,32,1,vendor|expand
hemm,cdouble,sm_89,16,32,2,vendor|expand
hemm,cdouble,sm_89,16,32,3,vendor|expand
hemm,cdouble,sm_89,16,32,4,expand|vendor
hemm,cdouble,sm_89,16,32,5,expand|vendor
hemm,cdouble,sm_89,16,32,8,expand|vendor
hemm,cdouble,sm_89,16,32,128,expand|vendor
hemm,cdouble,sm_89,16,32,1024,expand|vendor
hemm,cdouble,sm_89,16,32,8192,expand|vendor
hemm,cdouble,sm_89,16,32,32768,expand|vendor
hemm,cdouble,sm_89,16,64,1,vendor|expand
hemm,cdouble,sm_89,16,64,2,vendor|expand
hemm,cdouble,sm_89,16,64,3,vendor|expand
hemm,cdouble,sm_89,16,64,4,expand|vendor
hemm,cdouble,sm_89,16,64,5,expand|vendor
hemm,cdouble,sm_89,16,64,8,expand|vendor
hemm,cdouble,sm_89,16,64,128,expand|vendor
hemm,cdouble,sm_89,16,64,1024,expand|vendor
hemm,cdouble,sm_89,16,64,8192,expand|vendor
hemm,cdouble,sm_89,16,64,32768,expand|vendor
hemm,cdouble,sm_89,16,128,1,vendor|expand
hemm,cdouble,sm_89,16,128,2,vendor|expand
hemm,cdouble,sm_89,16,128,3,vendor|expand
hemm,cdouble,sm_89,16,128,4,expand|vendor
hemm,cdouble,sm_89,16,128,5,expand|vendor
hemm,cdouble,sm_89,16,128,8,expand|vendor
hemm,cdouble,sm_89,16,128,128,expand|vendor
hemm,cdouble,sm_89,16,128,1024,expand|vendor
hemm,cdouble,sm_89,16,128,8192,expand|vendor
hemm,cdouble,sm_89,16,128,32768,expand|vendor
hemm,cdouble,sm_89,16,255,1,vendor|expand
hemm,cdouble,sm_89,16,255,2,vendor|expand
hemm,cdouble,sm_89,16,255,3,vendor|expand
hemm,cdouble,sm_89,16,255,4,expand|vendor
hemm,cdouble,sm_89,16,255,5,expand|vendor
hemm,cdouble,sm_89,16,255,8,expand|vendor
hemm,cdouble,sm_89,16,255,128,expand|vendor
hemm,cdouble,sm_89,16,255,1024,expand|vendor
hemm,cdouble,sm_89,16,255,8192,expand|vendor
hemm,cdouble,sm_89,16,255,32768,expand|vendor
hemm,cdouble,sm_89,16,256,1,expand|vendor
hemm,cdouble,sm_89,16,256,2,expand|vendor
hemm,cdouble,sm_89,16,256,3,expand|vendor
hemm,cdouble,sm_89,16,256,4,expand|vendor
hemm,cdouble,sm_89,16,256,5,expand|vendor
hemm,cdouble,sm_89,16,256,8,expand|vendor
hemm,cdouble,sm_89,16,256,128,expand|vendor
hemm,cdouble,sm_89,16,256,1024,expand|vendor
hemm,cdouble,sm_89,16,256,8192,expand|vendor
hemm,cdouble,sm_89,16,256,32768,expand|vendor
hemm,cdouble,sm_89,16,512,1,expand|vendor
hemm,cdouble,sm_89,16,512,2,expand|vendor
hemm,cdouble,sm_89,16,512,3,expand|vendor
hemm,cdouble,sm_89,16,512,4,expand|vendor
hemm,cdouble,sm_89,16,512,5,expand|vendor
hemm,cdouble,sm_89,16,512,8,expand|vendor
hemm,cdouble,sm_89,16,512,128,expand|vendor
hemm,cdouble,sm_89,16,512,1024,expand|vendor
hemm,cdouble,sm_89,16,512,8192,expand|vendor
hemm,cdouble,sm_89,16,512,32768,expand|vendor
hemm,cdouble,sm_89,16,1024,1,expand|vendor
hemm,cdouble,sm_89,16,1024,2,expand|vendor
hemm,cdouble,sm_89,16,1024,3,expand|vendor
hemm,cdouble,sm_89,16,1024,4,expand|vendor
hemm,cdouble,sm_89,16,1024,5,expand|vendor
hemm,cdouble,sm_89,16,1024,8,expand|vendor
hemm,cdouble,sm_89,16,1024,128,expand|vendor
hemm,cdouble,sm_89,16,1024,1024,expand|vendor
hemm,cdouble,sm_89,16,1024,8192,expand|vendor
hemm,cdouble,sm_89,16,1024,32768,expand|vendor
hemm,cdouble,sm_89,16,2048,1,expand|vendor
hemm,cdouble,sm_89,16,2048,2,expand|vendor
hemm,cdouble,sm_89,16,2048,3,expand|vendor
hemm,cdouble,sm_89,16,2048,4,expand|vendor
hemm,cdouble,sm_89,16,2048,5,expand|vendor
hemm,cdouble,sm_89,16,2048,8,expand|vendor
hemm,cdouble,sm_89,16,2048,128,expand|vendor
hemm,cdouble,sm_89,16,2048,1024,expand|vendor
hemm,cdouble,sm_89,16,2048,8192,expand|vendor
hemm,cdouble,sm_89,16,2048,32768,expand|vendor
hemm,cdouble,sm_89,16,4096,1,expand|vendor
hemm,cdouble,sm_89,16,4096,2,expand|vendor
hemm,cdouble,sm_89,16,4096,3,expand|vendor
hemm,cdouble,sm_89,16,4096,4,expand|vendor
hemm,cdouble,sm_89,16,4096,5,expand|vendor
hemm,cdouble,sm_89,16,4096,8,expand|vendor
hemm,cdouble,sm_89,16,4096,128,expand|vendor
hemm,cdouble,sm_89,16,4096,1024,expand|vendor
hemm,cdouble,sm_89,16,4096,8192,expand|vendor
hemm,cdouble,sm_89,16,4096,32768,expand|vendor
hemm,cdouble,sm_89,32,1,1,vendor|expand
hemm,cdouble,sm_89,32,1,2,vendor|expand
hemm,cdouble,sm_89,32,1,3,vendor|expand
hemm,cdouble,sm_89,32,1,4,expand|vendor
hemm,cdouble,sm_89,32,1,5,expand|vendor
hemm,cdouble,sm_89,32,1,8,expand|vendor
hemm,cdouble,sm_89,32,1,128,expand|vendor
hemm,cdouble,sm_89,32,1,1024,expand|vendor
hemm,cdouble,sm_89,32,1,8192,expand|vendor
hemm,cdouble,sm_89,32,1,32768,expand|vendor
hemm,cdouble,sm_89,32,2,1,vendor|expand
hemm,cdouble,sm_89,32,2,2,vendor|expand
hemm,cdouble,sm_89,32,2,3,vendor|expand
hemm,cdouble,sm_89,32,2,4,expand|vendor
hemm,cdouble,sm_89,32,2,5,expand|vendor
hemm,cdouble,sm_89,32,2,8,expand|vendor
hemm,cdouble,sm_89,32,2,128,expand|vendor
hemm,cdouble,sm_89,32,2,1024,expand|vendor
hemm,cdouble,sm_89,32,2,8192,expand|vendor
hemm,cdouble,sm_89,32,2,32768,expand|vendor
hemm,cdouble,sm_89,32,4,1,vendor|expand
hemm,cdouble,sm_89,32,4,2,vendor|expand
hemm,cdouble,sm_89,32,4,3,vendor|expand
hemm,cdouble,sm_89,32,4,4,expand|vendor
hemm,cdouble,sm_89,32,4,5,expand|vendor
hemm,cdouble,sm_89,32,4,8,expand|vendor
hemm,cdouble,sm_89,32,4,128,expand|vendor
hemm,cdouble,sm_89,32,4,1024,expand|vendor
hemm,cdouble,sm_89,32,4,8192,expand|vendor
hemm,cdouble,sm_89,32,4,32768,expand|vendor
hemm,cdouble,sm_89,32,8,1,vendor|expand
hemm,cdouble,sm_89,32,8,2,vendor|expand
hemm,cdouble,sm_89,32,8,3,vendor|expand
hemm,cdouble,sm_89,32,8,4,expand|vendor
hemm,cdouble,sm_89,32,8,5,expand|vendor
hemm,cdouble,sm_89,32,8,8,expand|vendor
hemm,cdouble,sm_89,32,8,128,expand|vendor
hemm,cdouble,sm_89,32,8,1024,expand|vendor
hemm,cdouble,sm_89,32,8,8192,expand|vendor
hemm,cdouble,sm_89,32,8,32768,expand|vendor
hemm,cdouble,sm_89,32,16,1,vendor|expand
hemm,cdouble,sm_89,32,16,2,vendor|expand
hemm,cdouble,sm_89,32,16,3,vendor|expand
hemm,cdouble,sm_89,32,16,4,expand|vendor
hemm,cdouble,sm_89,32,16,5,expand|vendor
hemm,cdouble,sm_89,32,16,8,expand|vendor
hemm,cdouble,sm_89,32,16,128,expand|vendor
hemm,cdouble,sm_89,32,16,1024,expand|vendor
hemm,cdouble,sm_89,32,16,8192,expand|vendor
hemm,cdouble,sm_89,32,16,32768,expand|vendor
hemm,cdouble,sm_89,32,32,1,vendor|expand
hemm,cdouble,sm_89,32,32,2,vendor|expand
hemm,cdouble,sm_89,32,32,3,vendor|expand
hemm,cdouble,sm_89,32,32,4,expand|vendor
hemm,cdouble,sm_89,32,32,5,expand|vendor
hemm,cdouble,sm_89,32,32,8,expand|vendor
hemm,cdouble,sm_89,32,32,128,expand|vendor
hemm,cdouble,sm_89,32,32,1024,expand|vendor
hemm,cdouble,sm_89,32,32,8192,expand|vendor
hemm,cdouble,sm_89,32,32,32768,expand|vendor
hemm,cdouble,sm_89,32,64,1,vendor|expand
hemm,cdouble,sm_89,32,64,2,vendor|expand
hemm,cdouble,sm_89,32,64,3,vendor|expand
hemm,cdouble,sm_89,32,64,4,expand|vendor
hemm,cdouble,sm_89,32,64,5,expand|vendor
hemm,cdouble,sm_89,32,64,8,expand|vendor
hemm,cdouble,sm_89,32,64,128,expand|vendor
hemm,cdouble,sm_89,32,64,1024,expand|vendor
hemm,cdouble,sm_89,32,64,8192,expand|vendor
hemm,cdouble,sm_89,32,64,32768,expand|vendor
hemm,cdouble,sm_89,32,128,1,vendor|expand
hemm,cdouble,sm_89,32,128,2,vendor|expand
hemm,cdouble,sm_89,32,128,3,vendor|expand
hemm,cdouble,sm_89,32,128,4,expand|vendor
hemm,cdouble,sm_89,32,128,5,expand|vendor
hemm,cdouble,sm_89,32,128,8,expand|vendor
hemm,cdouble,sm_89,32,128,128,expand|vendor
hemm,cdouble,sm_89,32,128,1024,expand|vendor
hemm,cdouble,sm_89,32,128,8192,expand|vendor
hemm,cdouble,sm_89,32,128,32768,expand|vendor
hemm,cdouble,sm_89,32,255,1,vendor|expand
hemm,cdouble,sm_89,32,255,2,vendor|expand
hemm,cdouble,sm_89,32,255,3,vendor|expand
hemm,cdouble,sm_89,32,255,4,expand|vendor
hemm,cdouble,sm_89,32,255,5,expand|vendor
hemm,cdouble,sm_89,32,255,8,expand|vendor
hemm,cdouble,sm_89,32,255,128,expand|vendor
hemm,cdouble,sm_89,32,255,1024,expand|vendor
hemm,cdouble,sm_89,32,255,8192,expand|vendor
hemm,cdouble,sm_89,32,255,32768,expand|vendor
hemm,cdouble,sm_89,32,256,1,expand|vendor
hemm,cdouble,sm_89,32,256,2,expand|vendor
hemm,cdouble,sm_89,32,256,3,expand|vendor
hemm,cdouble,sm_89,32,256,4,expand|vendor
hemm,cdouble,sm_89,32,256,5,expand|vendor
hemm,cdouble,sm_89,32,256,8,expand|vendor
hemm,cdouble,sm_89,32,256,128,expand|vendor
hemm,cdouble,sm_89,32,256,1024,expand|vendor
hemm,cdouble,sm_89,32,256,8192,expand|vendor
hemm,cdouble,sm_89,32,256,32768,expand|vendor
hemm,cdouble,sm_89,32,512,1,expand|vendor
hemm,cdouble,sm_89,32,512,2,expand|vendor
hemm,cdouble,sm_89,32,512,3,expand|vendor
hemm,cdouble,sm_89,32,512,4,expand|vendor
hemm,cdouble,sm_89,32,512,5,expand|vendor
hemm,cdouble,sm_89,32,512,8,expand|vendor
hemm,cdouble,sm_89,32,512,128,expand|vendor
hemm,cdouble,sm_89,32,512,1024,expand|vendor
hemm,cdouble,sm_89,32,512,8192,expand|vendor
hemm,cdouble,sm_89,32,512,32768,expand|vendor
hemm,cdouble,sm_89,32,1024,1,expand|vendor
hemm,cdouble,sm_89,32,1024,2,expand|vendor
hemm,cdouble,sm_89,32,1024,3,expand|vendor
hemm,cdouble,sm_89,32,1024,4,expand|vendor
hemm,cdouble,sm_89,32,1024,5,expand|vendor
hemm,cdouble,sm_89,32,1024,8,expand|vendor
hemm,cdouble,sm_89,32,1024,128,expand|vendor
hemm,cdouble,sm_89,32,1024,1024,expand|vendor
hemm,cdouble,sm_89,32,1024,8192,expand|vendor
hemm,cdouble,sm_89,32,1024,32768,expand|vendor
hemm,cdouble,sm_89,32,2048,1,expand|vendor
hemm,cdouble,sm_89,32,2048,2,expand|vendor
hemm,cdouble,sm_89,32,2048,3,expand|vendor
hemm,cdouble,sm_89,32,2048,4,expand|vendor
hemm,cdouble,sm_89,32,2048,5,expand|vendor
hemm,cdouble,sm_89,32,2048,8,expand|vendor
hemm,cdouble,sm_89,32,2048,128,expand|vendor
hemm,cdouble,sm_89,32,2048,1024,expand|vendor
hemm,cdouble,sm_89,32,2048,8192,expand|vendor
hemm,cdouble,sm_89,32,2048,32768,expand|vendor
hemm,cdouble,sm_89,32,4096,1,expand|vendor
hemm,cdouble,sm_89,32,4096,2,expand|vendor
hemm,cdouble,sm_89,32,4096,3,expand|vendor
hemm,cdouble,sm_89,32,4096,4,expand|vendor
hemm,cdouble,sm_89,32,4096,5,expand|vendor
hemm,cdouble,sm_89,32,4096,8,expand|vendor
hemm,cdouble,sm_89,32,4096,128,expand|vendor
hemm,cdouble,sm_89,32,4096,1024,expand|vendor
hemm,cdouble,sm_89,32,4096,8192,expand|vendor
hemm,cdouble,sm_89,32,4096,32768,expand|vendor
hemm,cdouble,sm_89,64,1,1,vendor|expand
hemm,cdouble,sm_89,64,1,2,vendor|expand
hemm,cdouble,sm_89,64,1,3,vendor|expand
hemm,cdouble,sm_89,64,1,4,expand|vendor
hemm,cdouble,sm_89,64,1,5,expand|vendor
hemm,cdouble,sm_89,64,1,8,expand|vendor
hemm,cdouble,sm_89,64,1,128,expand|vendor
hemm,cdouble,sm_89,64,1,1024,expand|vendor
hemm,cdouble,sm_89,64,1,8192,expand|vendor
hemm,cdouble,sm_89,64,1,32768,expand|vendor
hemm,cdouble,sm_89,64,2,1,vendor|expand
hemm,cdouble,sm_89,64,2,2,vendor|expand
hemm,cdouble,sm_89,64,2,3,vendor|expand
hemm,cdouble,sm_89,64,2,4,expand|vendor
hemm,cdouble,sm_89,64,2,5,expand|vendor
hemm,cdouble,sm_89,64,2,8,expand|vendor
hemm,cdouble,sm_89,64,2,128,expand|vendor
hemm,cdouble,sm_89,64,2,1024,expand|vendor
hemm,cdouble,sm_89,64,2,8192,expand|vendor
hemm,cdouble,sm_89,64,2,32768,expand|vendor
hemm,cdouble,sm_89,64,4,1,vendor|expand
hemm,cdouble,sm_89,64,4,2,vendor|expand
hemm,cdouble,sm_89,64,4,3,vendor|expand
hemm,cdouble,sm_89,64,4,4,expand|vendor
hemm,cdouble,sm_89,64,4,5,expand|vendor
hemm,cdouble,sm_89,64,4,8,expand|vendor
hemm,cdouble,sm_89,64,4,128,expand|vendor
hemm,cdouble,sm_89,64,4,1024,expand|vendor
hemm,cdouble,sm_89,64,4,8192,expand|vendor
hemm,cdouble,sm_89,64,4,32768,expand|vendor
hemm,cdouble,sm_89,64,8,1,vendor|expand
hemm,cdouble,sm_89,64,8,2,vendor|expand
hemm,cdouble,sm_89,64,8,3,vendor|expand
hemm,cdouble,sm_89,64,8,4,expand|vendor
hemm,cdouble,sm_89,64,8,5,expand|vendor
hemm,cdouble,sm_89,64,8,8,expand|vendor
hemm,cdouble,sm_89,64,8,128,expand|vendor
hemm,cdouble,sm_89,64,8,1024,expand|vendor
hemm,cdouble,sm_89,64,8,8192,expand|vendor
hemm,cdouble,sm_89,64,8,32768,expand|vendor
hemm,cdouble,sm_89,64,16,1,vendor|expand
hemm,cdouble,sm_89,64,16,2,vendor|expand
hemm,cdouble,sm_89,64,16,3,vendor|expand
hemm,cdouble,sm_89,64,16,4,expand|vendor
hemm,cdouble,sm_89,64,16,5,expand|vendor
hemm,cdouble,sm_89,64,16,8,expand|vendor
hemm,cdouble,sm_89,64,16,128,expand|vendor
hemm,cdouble,sm_89,64,16,1024,expand|vendor
hemm,cdouble,sm_89,64,16,8192,expand|vendor
hemm,cdouble,sm_89,64,16,32768,expand|vendor
hemm,cdouble,sm_89,64,32,1,vendor|expand
hemm,cdouble,sm_89,64,32,2,vendor|expand
hemm,cdouble,sm_89,64,32,3,vendor|expand
hemm,cdouble,sm_89,64,32,4,expand|vendor
hemm,cdouble,sm_89,64,32,5,expand|vendor
hemm,cdouble,sm_89,64,32,8,expand|vendor
hemm,cdouble,sm_89,64,32,128,expand|vendor
hemm,cdouble,sm_89,64,32,1024,expand|vendor
hemm,cdouble,sm_89,64,32,8192,expand|vendor
hemm,cdouble,sm_89,64,32,32768,expand|vendor
hemm,cdouble,sm_89,64,64,1,vendor|expand
hemm,cdouble,sm_89,64,64,2,vendor|expand
hemm,cdouble,sm_89,64,64,3,vendor|expand
hemm,cdouble,sm_89,64,64,4,expand|vendor
hemm,cdouble,sm_89,64,64,5,expand|vendor
hemm,cdouble,sm_89,64,64,8,expand|vendor
hemm,cdouble,sm_89,64,64,128,expand|vendor
hemm,cdouble,sm_89,64,64,1024,expand|vendor
hemm,cdouble,sm_89,64,64,8192,expand|vendor
hemm,cdouble,sm_89,64,64,32768,expand|vendor
hemm,cdouble,sm_89,64,128,1,vendor|expand
hemm,cdouble,sm_89,64,128,2,vendor|expand
hemm,cdouble,sm_89,64,128,3,vendor|expand
hemm,cdouble,sm_89,64,128,4,expand|vendor
hemm,cdouble,sm_89,64,128,5,expand|vendor
hemm,cdouble,sm_89,64,128,8,expand|vendor
hemm,cdouble,sm_89,64,128,128,expand|vendor
hemm,cdouble,sm_89,64,128,1024,expand|vendor
hemm,cdouble,sm_89,64,128,8192,expand|vendor
hemm,cdouble,sm_89,64,128,32768,expand|vendor
hemm,cdouble,sm_89,64,255,1,vendor|expand
hemm,cdouble,sm_89,64,255,2,vendor|expand
hemm,cdouble,sm_89,64,255,3,vendor|expand
hemm,cdouble,sm_89,64,255,4,expand|vendor
hemm,cdouble,sm_89,64,255,5,expand|vendor
hemm,cdouble,sm_89,64,255,8,expand|vendor
hemm,cdouble,sm_89,64,255,128,expand|vendor
hemm,cdouble,sm_89,64,255,1024,expand|vendor
hemm,cdouble,sm_89,64,255,8192,expand|vendor
hemm,cdouble,sm_89,64,255,32768,expand|vendor
hemm,cdouble,sm_89,64,256,1,expand|vendor
hemm,cdouble,sm_89,64,256,2,expand|vendor
hemm,cdouble,sm_89,64,256,3,expand|vendor
hemm,cdouble,sm_89,64,256,4,expand|vendor
hemm,cdouble,sm_89,64,256,5,expand|vendor
hemm,cdouble,sm_89,64,256,8,expand|vendor
hemm,cdouble,sm_89,64,256,128,expand|vendor
hemm,cdouble,sm_89,64,256,1024,expand|vendor
hemm,cdouble,sm_89,64,256,8192,expand|vendor
hemm,cdouble,sm_89,64,256,32768,expand|vendor
hemm,cdouble,sm_89,64,512,1,expand|vendor
hemm,cdouble,sm_89,64,512,2,expand|vendor
hemm,cdouble,sm_89,64,512,3,expand|vendor
hemm,cdouble,sm_89,64,512,4,expand|vendor
hemm,cdouble,sm_89,64,512,5,expand|vendor
hemm,cdouble,sm_89,64,512,8,expand|vendor
hemm,cdouble,sm_89,64,512,128,expand|vendor
hemm,cdouble,sm_89,64,512,1024,expand|vendor
hemm,cdouble,sm_89,64,512,8192,expand|vendor
hemm,cdouble,sm_89,64,512,32768,expand|vendor
hemm,cdouble,sm_89,64,1024,1,expand|vendor
hemm,cdouble,sm_89,64,1024,2,expand|vendor
hemm,cdouble,sm_89,64,1024,3,expand|vendor
hemm,cdouble,sm_89,64,1024,4,expand|vendor
hemm,cdouble,sm_89,64,1024,5,expand|vendor
hemm,cdouble,sm_89,64,1024,8,expand|vendor
hemm,cdouble,sm_89,64,1024,128,expand|vendor
hemm,cdouble,sm_89,64,1024,1024,expand|vendor
hemm,cdouble,sm_89,64,1024,8192,expand|vendor
hemm,cdouble,sm_89,64,1024,32768,expand|vendor
hemm,cdouble,sm_89,64,2048,1,expand|vendor
hemm,cdouble,sm_89,64,2048,2,expand|vendor
hemm,cdouble,sm_89,64,2048,3,expand|vendor
hemm,cdouble,sm_89,64,2048,4,expand|vendor
hemm,cdouble,sm_89,64,2048,5,expand|vendor
hemm,cdouble,sm_89,64,2048,8,expand|vendor
hemm,cdouble,sm_89,64,2048,128,expand|vendor
hemm,cdouble,sm_89,64,2048,1024,expand|vendor
hemm,cdouble,sm_89,64,2048,8192,expand|vendor
hemm,cdouble,sm_89,64,2048,32768,expand|vendor
hemm,cdouble,sm_89,64,4096,1,expand|vendor
hemm,cdouble,sm_89,64,4096,2,expand|vendor
hemm,cdouble,sm_89,64,4096,3,expand|vendor
hemm,cdouble,sm_89,64,4096,4,expand|vendor
hemm,cdouble,sm_89,64,4096,5,expand|vendor
hemm,cdouble,sm_89,64,4096,8,expand|vendor
hemm,cdouble,sm_89,64,4096,128,expand|vendor
hemm,cdouble,sm_89,64,4096,1024,expand|vendor
hemm,cdouble,sm_89,64,4096,8192,expand|vendor
hemm,cdouble,sm_89,64,4096,32768,expand|vendor
hemm,cdouble,sm_89,128,1,1,vendor|expand
hemm,cdouble,sm_89,128,1,2,vendor|expand
hemm,cdouble,sm_89,128,1,3,vendor|expand
hemm,cdouble,sm_89,128,1,4,expand|vendor
hemm,cdouble,sm_89,128,1,5,expand|vendor
hemm,cdouble,sm_89,128,1,8,expand|vendor
hemm,cdouble,sm_89,128,1,128,expand|vendor
hemm,cdouble,sm_89,128,1,1024,expand|vendor
hemm,cdouble,sm_89,128,1,8192,expand|vendor
hemm,cdouble,sm_89,128,1,32768,expand|vendor
hemm,cdouble,sm_89,128,2,1,vendor|expand
hemm,cdouble,sm_89,128,2,2,vendor|expand
hemm,cdouble,sm_89,128,2,3,vendor|expand
hemm,cdouble,sm_89,128,2,4,expand|vendor
hemm,cdouble,sm_89,128,2,5,expand|vendor
hemm,cdouble,sm_89,128,2,8,expand|vendor
hemm,cdouble,sm_89,128,2,128,expand|vendor
hemm,cdouble,sm_89,128,2,1024,expand|vendor
hemm,cdouble,sm_89,128,2,8192,expand|vendor
hemm,cdouble,sm_89,128,2,32768,expand|vendor
hemm,cdouble,sm_89,128,4,1,vendor|expand
hemm,cdouble,sm_89,128,4,2,vendor|expand
hemm,cdouble,sm_89,128,4,3,vendor|expand
hemm,cdouble,sm_89,128,4,4,expand|vendor
hemm,cdouble,sm_89,128,4,5,expand|vendor
hemm,cdouble,sm_89,128,4,8,expand|vendor
hemm,cdouble,sm_89,128,4,128,expand|vendor
hemm,cdouble,sm_89,128,4,1024,expand|vendor
hemm,cdouble,sm_89,128,4,8192,expand|vendor
hemm,cdouble,sm_89,128,4,32768,expand|vendor
hemm,cdouble,sm_89,128,8,1,vendor|expand
hemm,cdouble,sm_89,128,8,2,vendor|expand
hemm,cdouble,sm_89,128,8,3,vendor|expand
hemm,cdouble,sm_89,128,8,4,expand|vendor
hemm,cdouble,sm_89,128,8,5,expand|vendor
hemm,cdouble,sm_89,128,8,8,expand|vendor
hemm,cdouble,sm_89,128,8,128,expand|vendor
hemm,cdouble,sm_89,128,8,1024,expand|vendor
hemm,cdouble,sm_89,128,8,8192,expand|vendor
hemm,cdouble,sm_89,128,8,32768,expand|vendor
hemm,cdouble,sm_89,128,16,1,vendor|expand
hemm,cdouble,sm_89,128,16,2,vendor|expand
hemm,cdouble,sm_89,128,16,3,vendor|expand
hemm,cdouble,sm_89,128,16,4,expand|vendor
hemm,cdouble,sm_89,128,16,5,expand|vendor
hemm,cdouble,sm_89,128,16,8,expand|vendor
hemm,cdouble,sm_89,128,16,128,expand|vendor
hemm,cdouble,sm_89,128,16,1024,expand|vendor
hemm,cdouble,sm_89,128,16,8192,expand|vendor
hemm,cdouble,sm_89,128,16,32768,expand|vendor
hemm,cdouble,sm_89,128,32,1,vendor|expand
hemm,cdouble,sm_89,128,32,2,vendor|expand
hemm,cdouble,sm_89,128,32,3,vendor|expand
hemm,cdouble,sm_89,128,32,4,expand|vendor
hemm,cdouble,sm_89,128,32,5,expand|vendor
hemm,cdouble,sm_89,128,32,8,expand|vendor
hemm,cdouble,sm_89,128,32,128,expand|vendor
hemm,cdouble,sm_89,128,32,1024,expand|vendor
hemm,cdouble,sm_89,128,32,8192,expand|vendor
hemm,cdouble,sm_89,128,32,32768,expand|vendor
hemm,cdouble,sm_89,128,64,1,vendor|expand
hemm,cdouble,sm_89,128,64,2,vendor|expand
hemm,cdouble,sm_89,128,64,3,vendor|expand
hemm,cdouble,sm_89,128,64,4,expand|vendor
hemm,cdouble,sm_89,128,64,5,expand|vendor
hemm,cdouble,sm_89,128,64,8,expand|vendor
hemm,cdouble,sm_89,128,64,128,expand|vendor
hemm,cdouble,sm_89,128,64,1024,expand|vendor
hemm,cdouble,sm_89,128,64,8192,expand|vendor
hemm,cdouble,sm_89,128,64,32768,expand|vendor
hemm,cdouble,sm_89,128,128,1,vendor|expand
hemm,cdouble,sm_89,128,128,2,vendor|expand
hemm,cdouble,sm_89,128,128,3,vendor|expand
hemm,cdouble,sm_89,128,128,4,expand|vendor
hemm,cdouble,sm_89,128,128,5,expand|vendor
hemm,cdouble,sm_89,128,128,8,expand|vendor
hemm,cdouble,sm_89,128,128,128,expand|vendor
hemm,cdouble,sm_89,128,128,1024,expand|vendor
hemm,cdouble,sm_89,128,128,8192,expand|vendor
hemm,cdouble,sm_89,128,128,32768,expand|vendor
hemm,cdouble,sm_89,128,255,1,vendor|expand
hemm,cdouble,sm_89,128,255,2,vendor|expand
hemm,cdouble,sm_89,128,255,3,vendor|expand
hemm,cdouble,sm_89,128,255,4,expand|vendor
hemm,cdouble,sm_89,128,255,5,expand|vendor
hemm,cdouble,sm_89,128,255,8,expand|vendor
hemm,cdouble,sm_89,128,255,128,expand|vendor
hemm,cdouble,sm_89,128,255,1024,expand|vendor
hemm,cdouble,sm_89,128,255,8192,expand|vendor
hemm,cdouble,sm_89,128,255,32768,expand|vendor
hemm,cdouble,sm_89,128,256,1,expand|vendor
hemm,cdouble,sm_89,128,256,2,expand|vendor
hemm,cdouble,sm_89,128,256,3,expand|vendor
hemm,cdouble,sm_89,128,256,4,expand|vendor
hemm,cdouble,sm_89,128,256,5,expand|vendor
hemm,cdouble,sm_89,128,256,8,expand|vendor
hemm,cdouble,sm_89,128,256,128,expand|vendor
hemm,cdouble,sm_89,128,256,1024,expand|vendor
hemm,cdouble,sm_89,128,256,8192,expand|vendor
hemm,cdouble,sm_89,128,256,32768,expand|vendor
hemm,cdouble,sm_89,128,512,1,expand|vendor
hemm,cdouble,sm_89,128,512,2,expand|vendor
hemm,cdouble,sm_89,128,512,3,expand|vendor
hemm,cdouble,sm_89,128,512,4,expand|vendor
hemm,cdouble,sm_89,128,512,5,expand|vendor
hemm,cdouble,sm_89,128,512,8,expand|vendor
hemm,cdouble,sm_89,128,512,128,expand|vendor
hemm,cdouble,sm_89,128,512,1024,expand|vendor
hemm,cdouble,sm_89,128,512,8192,expand|vendor
hemm,cdouble,sm_89,128,512,32768,expand|vendor
hemm,cdouble,sm_89,128,1024,1,expand|vendor
hemm,cdouble,sm_89,128,1024,2,expand|vendor
hemm,cdouble,sm_89,128,1024,3,expand|vendor
hemm,cdouble,sm_89,128,1024,4,expand|vendor
hemm,cdouble,sm_89,128,1024,5,expand|vendor
hemm,cdouble,sm_89,128,1024,8,expand|vendor
hemm,cdouble,sm_89,128,1024,128,expand|vendor
hemm,cdouble,sm_89,128,1024,1024,expand|vendor
hemm,cdouble,sm_89,128,1024,8192,expand|vendor
hemm,cdouble,sm_89,128,1024,32768,expand|vendor
hemm,cdouble,sm_89,128,2048,1,expand|vendor
hemm,cdouble,sm_89,128,2048,2,expand|vendor
hemm,cdouble,sm_89,128,2048,3,expand|vendor
hemm,cdouble,sm_89,128,2048,4,expand|vendor
hemm,cdouble,sm_89,128,2048,5,expand|vendor
hemm,cdouble,sm_89,128,2048,8,expand|vendor
hemm,cdouble,sm_89,128,2048,128,expand|vendor
hemm,cdouble,sm_89,128,2048,1024,expand|vendor
hemm,cdouble,sm_89,128,2048,8192,expand|vendor
hemm,cdouble,sm_89,128,2048,32768,expand|vendor
hemm,cdouble,sm_89,128,4096,1,expand|vendor
hemm,cdouble,sm_89,128,4096,2,expand|vendor
hemm,cdouble,sm_89,128,4096,3,expand|vendor
hemm,cdouble,sm_89,128,4096,4,expand|vendor
hemm,cdouble,sm_89,128,4096,5,expand|vendor
hemm,cdouble,sm_89,128,4096,8,expand|vendor
hemm,cdouble,sm_89,128,4096,128,expand|vendor
hemm,cdouble,sm_89,128,4096,1024,expand|vendor
hemm,cdouble,sm_89,128,4096,8192,expand|vendor
hemm,cdouble,sm_89,128,4096,32768,expand|vendor
hemm,cdouble,sm_89,255,1,1,vendor|expand
hemm,cdouble,sm_89,255,1,2,vendor|expand
hemm,cdouble,sm_89,255,1,3,vendor|expand
hemm,cdouble,sm_89,255,1,4,expand|vendor
hemm,cdouble,sm_89,255,1,5,expand|vendor
hemm,cdouble,sm_89,255,1,8,expand|vendor
hemm,cdouble,sm_89,255,1,128,expand|vendor
hemm,cdouble,sm_89,255,1,1024,expand|vendor
hemm,cdouble,sm_89,255,1,8192,expand|vendor
hemm,cdouble,sm_89,255,1,32768,expand|vendor
hemm,cdouble,sm_89,255,2,1,vendor|expand
hemm,cdouble,sm_89,255,2,2,vendor|expand
hemm,cdouble,sm_89,255,2,3,vendor|expand
hemm,cdouble,sm_89,255,2,4,expand|vendor
hemm,cdouble,sm_89,255,2,5,expand|vendor
hemm,cdouble,sm_89,255,2,8,expand|vendor
hemm,cdouble,sm_89,255,2,128,expand|vendor
hemm,cdouble,sm_89,255,2,1024,expand|vendor
hemm,cdouble,sm_89,255,2,8192,expand|vendor
hemm,cdouble,sm_89,255,2,32768,expand|vendor
hemm,cdouble,sm_89,255,4,1,vendor|expand
hemm,cdouble,sm_89,255,4,2,vendor|expand
hemm,cdouble,sm_89,255,4,3,vendor|expand
hemm,cdouble,sm_89,255,4,4,expand|vendor
hemm,cdouble,sm_89,255,4,5,expand|vendor
hemm,cdouble,sm_89,255,4,8,expand|vendor
hemm,cdouble,sm_89,255,4,128,expand|vendor
hemm,cdouble,sm_89,255,4,1024,expand|vendor
hemm,cdouble,sm_89,255,4,8192,expand|vendor
hemm,cdouble,sm_89,255,4,32768,expand|vendor
hemm,cdouble,sm_89,255,8,1,vendor|expand
hemm,cdouble,sm_89,255,8,2,vendor|expand
hemm,cdouble,sm_89,255,8,3,vendor|expand
hemm,cdouble,sm_89,255,8,4,expand|vendor
hemm,cdouble,sm_89,255,8,5,expand|vendor
hemm,cdouble,sm_89,255,8,8,expand|vendor
hemm,cdouble,sm_89,255,8,128,expand|vendor
hemm,cdouble,sm_89,255,8,1024,expand|vendor
hemm,cdouble,sm_89,255,8,8192,expand|vendor
hemm,cdouble,sm_89,255,8,32768,expand|vendor
hemm,cdouble,sm_89,255,16,1,vendor|expand
hemm,cdouble,sm_89,255,16,2,vendor|expand
hemm,cdouble,sm_89,255,16,3,vendor|expand
hemm,cdouble,sm_89,255,16,4,expand|vendor
hemm,cdouble,sm_89,255,16,5,expand|vendor
hemm,cdouble,sm_89,255,16,8,expand|vendor
hemm,cdouble,sm_89,255,16,128,expand|vendor
hemm,cdouble,sm_89,255,16,1024,expand|vendor
hemm,cdouble,sm_89,255,16,8192,expand|vendor
hemm,cdouble,sm_89,255,16,32768,expand|vendor
hemm,cdouble,sm_89,255,32,1,vendor|expand
hemm,cdouble,sm_89,255,32,2,vendor|expand
hemm,cdouble,sm_89,255,32,3,vendor|expand
hemm,cdouble,sm_89,255,32,4,expand|vendor
hemm,cdouble,sm_89,255,32,5,expand|vendor
hemm,cdouble,sm_89,255,32,8,expand|vendor
hemm,cdouble,sm_89,255,32,128,expand|vendor
hemm,cdouble,sm_89,255,32,1024,expand|vendor
hemm,cdouble,sm_89,255,32,8192,expand|vendor
hemm,cdouble,sm_89,255,32,32768,expand|vendor
hemm,cdouble,sm_89,255,64,1,vendor|expand
hemm,cdouble,sm_89,255,64,2,vendor|expand
hemm,cdouble,sm_89,255,64,3,vendor|expand
hemm,cdouble,sm_89,255,64,4,expand|vendor
hemm,cdouble,sm_89,255,64,5,expand|vendor
hemm,cdouble,sm_89,255,64,8,expand|vendor
hemm,cdouble,sm_89,255,64,128,expand|vendor
hemm,cdouble,sm_89,255,64,1024,expand|vendor
hemm,cdouble,sm_89,255,64,8192,expand|vendor
hemm,cdouble,sm_89,255,64,32768,expand|vendor
hemm,cdouble,sm_89,255,128,1,vendor|expand
hemm,cdouble,sm_89,255,128,2,vendor|expand
hemm,cdouble,sm_89,255,128,3,vendor|expand
hemm,cdouble,sm_89,255,128,4,expand|vendor
hemm,cdouble,sm_89,255,128,5,expand|vendor
hemm,cdouble,sm_89,255,128,8,expand|vendor
hemm,cdouble,sm_89,255,128,128,expand|vendor
hemm,cdouble,sm_89,255,128,1024,expand|vendor
hemm,cdouble,sm_89,255,128,8192,expand|vendor
hemm,cdouble,sm_89,255,128,32768,expand|vendor
hemm,cdouble,sm_89,255,255,1,vendor|expand
hemm,cdouble,sm_89,255,255,2,vendor|expand
hemm,cdouble,sm_89,255,255,3,vendor|expand
hemm,cdouble,sm_89,255,255,4,expand|vendor
hemm,cdouble,sm_89,255,255,5,expand|vendor
hemm,cdouble,sm_89,255,255,8,expand|vendor
hemm,cdouble,sm_89,255,255,128,expand|vendor
hemm,cdouble,sm_89,255,255,1024,expand|vendor
hemm,cdouble,sm_89,255,255,8192,expand|vendor
hemm,cdouble,sm_89,255,255,32768,expand|vendor
hemm,cdouble,sm_89,255,256,1,expand|vendor
hemm,cdouble,sm_89,255,256,2,expand|vendor
hemm,cdouble,sm_89,255,256,3,expand|vendor
hemm,cdouble,sm_89,255,256,4,expand|vendor
hemm,cdouble,sm_89,255,256,5,expand|vendor
hemm,cdouble,sm_89,255,256,8,expand|vendor
hemm,cdouble,sm_89,255,256,128,expand|vendor
hemm,cdouble,sm_89,255,256,1024,expand|vendor
hemm,cdouble,sm_89,255,256,8192,expand|vendor
hemm,cdouble,sm_89,255,256,32768,expand|vendor
hemm,cdouble,sm_89,255,512,1,expand|vendor
hemm,cdouble,sm_89,255,512,2,expand|vendor
hemm,cdouble,sm_89,255,512,3,expand|vendor
hemm,cdouble,sm_89,255,512,4,expand|vendor
hemm,cdouble,sm_89,255,512,5,expand|vendor
hemm,cdouble,sm_89,255,512,8,expand|vendor
hemm,cdouble,sm_89,255,512,128,expand|vendor
hemm,cdouble,sm_89,255,512,1024,expand|vendor
hemm,cdouble,sm_89,255,512,8192,expand|vendor
hemm,cdouble,sm_89,255,512,32768,expand|vendor
hemm,cdouble,sm_89,255,1024,1,expand|vendor
hemm,cdouble,sm_89,255,1024,2,expand|vendor
hemm,cdouble,sm_89,255,1024,3,expand|vendor
hemm,cdouble,sm_89,255,1024,4,expand|vendor
hemm,cdouble,sm_89,255,1024,5,expand|vendor
hemm,cdouble,sm_89,255,1024,8,expand|vendor
hemm,cdouble,sm_89,255,1024,128,expand|vendor
hemm,cdouble,sm_89,255,1024,1024,expand|vendor
hemm,cdouble,sm_89,255,1024,8192,expand|vendor
hemm,cdouble,sm_89,255,1024,32768,expand|vendor
hemm,cdouble,sm_89,255,2048,1,expand|vendor
hemm,cdouble,sm_89,255,2048,2,expand|vendor
hemm,cdouble,sm_89,255,2048,3,expand|vendor
hemm,cdouble,sm_89,255,2048,4,expand|vendor
hemm,cdouble,sm_89,255,2048,5,expand|vendor
hemm,cdouble,sm_89,255,2048,8,expand|vendor
hemm,cdouble,sm_89,255,2048,128,expand|vendor
hemm,cdouble,sm_89,255,2048,1024,expand|vendor
hemm,cdouble,sm_89,255,2048,8192,expand|vendor
hemm,cdouble,sm_89,255,2048,32768,expand|vendor
hemm,cdouble,sm_89,255,4096,1,expand|vendor
hemm,cdouble,sm_89,255,4096,2,expand|vendor
hemm,cdouble,sm_89,255,4096,3,expand|vendor
hemm,cdouble,sm_89,255,4096,4,expand|vendor
hemm,cdouble,sm_89,255,4096,5,expand|vendor
hemm,cdouble,sm_89,255,4096,8,expand|vendor
hemm,cdouble,sm_89,255,4096,128,expand|vendor
hemm,cdouble,sm_89,255,4096,1024,expand|vendor
hemm,cdouble,sm_89,255,4096,8192,expand|vendor
hemm,cdouble,sm_89,255,4096,32768,expand|vendor
hemm,cdouble,sm_89,256,1,1,expand|vendor
hemm,cdouble,sm_89,256,1,2,expand|vendor
hemm,cdouble,sm_89,256,1,3,expand|vendor
hemm,cdouble,sm_89,256,1,4,expand|vendor
hemm,cdouble,sm_89,256,1,5,expand|vendor
hemm,cdouble,sm_89,256,1,8,expand|vendor
hemm,cdouble,sm_89,256,1,128,expand|vendor
hemm,cdouble,sm_89,256,1,1024,expand|vendor
hemm,cdouble,sm_89,256,1,8192,expand|vendor
hemm,cdouble,sm_89,256,1,32768,expand|vendor
hemm,cdouble,sm_89,256,2,1,expand|vendor
hemm,cdouble,sm_89,256,2,2,expand|vendor
hemm,cdouble,sm_89,256,2,3,expand|vendor
hemm,cdouble,sm_89,256,2,4,expand|vendor
hemm,cdouble,sm_89,256,2,5,expand|vendor
hemm,cdouble,sm_89,256,2,8,expand|vendor
hemm,cdouble,sm_89,256,2,128,expand|vendor
hemm,cdouble,sm_89,256,2,1024,expand|vendor
hemm,cdouble,sm_89,256,2,8192,expand|vendor
hemm,cdouble,sm_89,256,2,32768,expand|vendor
hemm,cdouble,sm_89,256,4,1,expand|vendor
hemm,cdouble,sm_89,256,4,2,expand|vendor
hemm,cdouble,sm_89,256,4,3,expand|vendor
hemm,cdouble,sm_89,256,4,4,expand|vendor
hemm,cdouble,sm_89,256,4,5,expand|vendor
hemm,cdouble,sm_89,256,4,8,expand|vendor
hemm,cdouble,sm_89,256,4,128,expand|vendor
hemm,cdouble,sm_89,256,4,1024,expand|vendor
hemm,cdouble,sm_89,256,4,8192,expand|vendor
hemm,cdouble,sm_89,256,4,32768,expand|vendor
hemm,cdouble,sm_89,256,8,1,expand|vendor
hemm,cdouble,sm_89,256,8,2,expand|vendor
hemm,cdouble,sm_89,256,8,3,expand|vendor
hemm,cdouble,sm_89,256,8,4,expand|vendor
hemm,cdouble,sm_89,256,8,5,expand|vendor
hemm,cdouble,sm_89,256,8,8,expand|vendor
hemm,cdouble,sm_89,256,8,128,expand|vendor
hemm,cdouble,sm_89,256,8,1024,expand|vendor
hemm,cdouble,sm_89,256,8,8192,expand|vendor
hemm,cdouble,sm_89,256,8,32768,expand|vendor
hemm,cdouble,sm_89,256,16,1,expand|vendor
hemm,cdouble,sm_89,256,16,2,expand|vendor
hemm,cdouble,sm_89,256,16,3,expand|vendor
hemm,cdouble,sm_89,256,16,4,expand|vendor
hemm,cdouble,sm_89,256,16,5,expand|vendor
hemm,cdouble,sm_89,256,16,8,expand|vendor
hemm,cdouble,sm_89,256,16,128,expand|vendor
hemm,cdouble,sm_89,256,16,1024,expand|vendor
hemm,cdouble,sm_89,256,16,8192,expand|vendor
hemm,cdouble,sm_89,256,16,32768,expand|vendor
hemm,cdouble,sm_89,256,32,1,expand|vendor
hemm,cdouble,sm_89,256,32,2,expand|vendor
hemm,cdouble,sm_89,256,32,3,expand|vendor
hemm,cdouble,sm_89,256,32,4,expand|vendor
hemm,cdouble,sm_89,256,32,5,expand|vendor
hemm,cdouble,sm_89,256,32,8,expand|vendor
hemm,cdouble,sm_89,256,32,128,expand|vendor
hemm,cdouble,sm_89,256,32,1024,expand|vendor
hemm,cdouble,sm_89,256,32,8192,expand|vendor
hemm,cdouble,sm_89,256,32,32768,expand|vendor
hemm,cdouble,sm_89,256,64,1,expand|vendor
hemm,cdouble,sm_89,256,64,2,expand|vendor
hemm,cdouble,sm_89,256,64,3,expand|vendor
hemm,cdouble,sm_89,256,64,4,expand|vendor
hemm,cdouble,sm_89,256,64,5,expand|vendor
hemm,cdouble,sm_89,256,64,8,expand|vendor
hemm,cdouble,sm_89,256,64,128,expand|vendor
hemm,cdouble,sm_89,256,64,1024,expand|vendor
hemm,cdouble,sm_89,256,64,8192,expand|vendor
hemm,cdouble,sm_89,256,64,32768,expand|vendor
hemm,cdouble,sm_89,256,128,1,expand|vendor
hemm,cdouble,sm_89,256,128,2,expand|vendor
hemm,cdouble,sm_89,256,128,3,expand|vendor
hemm,cdouble,sm_89,256,128,4,expand|vendor
hemm,cdouble,sm_89,256,128,5,expand|vendor
hemm,cdouble,sm_89,256,128,8,expand|vendor
hemm,cdouble,sm_89,256,128,128,expand|vendor
hemm,cdouble,sm_89,256,128,1024,expand|vendor
hemm,cdouble,sm_89,256,128,8192,expand|vendor
hemm,cdouble,sm_89,256,128,32768,expand|vendor
hemm,cdouble,sm_89,256,255,1,expand|vendor
hemm,cdouble,sm_89,256,255,2,expand|vendor
hemm,cdouble,sm_89,256,255,3,expand|vendor
hemm,cdouble,sm_89,256,255,4,expand|vendor
hemm,cdouble,sm_89,256,255,5,expand|vendor
hemm,cdouble,sm_89,256,255,8,expand|vendor
hemm,cdouble,sm_89,256,255,128,expand|vendor
hemm,cdouble,sm_89,256,255,1024,expand|vendor
hemm,cdouble,sm_89,256,255,8192,expand|vendor
hemm,cdouble,sm_89,256,255,32768,expand|vendor
hemm,cdouble,sm_89,256,256,1,expand|vendor
hemm,cdouble,sm_89,256,256,2,expand|vendor
hemm,cdouble,sm_89,256,256,3,expand|vendor
hemm,cdouble,sm_89,256,256,4,expand|vendor
hemm,cdouble,sm_89,256,256,5,expand|vendor
hemm,cdouble,sm_89,256,256,8,expand|vendor
hemm,cdouble,sm_89,256,256,128,expand|vendor
hemm,cdouble,sm_89,256,256,1024,expand|vendor
hemm,cdouble,sm_89,256,256,8192,expand|vendor
hemm,cdouble,sm_89,256,256,32768,expand|vendor
hemm,cdouble,sm_89,256,512,1,expand|vendor
hemm,cdouble,sm_89,256,512,2,expand|vendor
hemm,cdouble,sm_89,256,512,3,expand|vendor
hemm,cdouble,sm_89,256,512,4,expand|vendor
hemm,cdouble,sm_89,256,512,5,expand|vendor
hemm,cdouble,sm_89,256,512,8,expand|vendor
hemm,cdouble,sm_89,256,512,128,expand|vendor
hemm,cdouble,sm_89,256,512,1024,expand|vendor
hemm,cdouble,sm_89,256,512,8192,expand|vendor
hemm,cdouble,sm_89,256,512,32768,expand|vendor
hemm,cdouble,sm_89,256,1024,1,expand|vendor
hemm,cdouble,sm_89,256,1024,2,expand|vendor
hemm,cdouble,sm_89,256,1024,3,expand|vendor
hemm,cdouble,sm_89,256,1024,4,expand|vendor
hemm,cdouble,sm_89,256,1024,5,expand|vendor
hemm,cdouble,sm_89,256,1024,8,expand|vendor
hemm,cdouble,sm_89,256,1024,128,expand|vendor
hemm,cdouble,sm_89,256,1024,1024,expand|vendor
hemm,cdouble,sm_89,256,1024,8192,expand|vendor
hemm,cdouble,sm_89,256,1024,32768,expand|vendor
hemm,cdouble,sm_89,256,2048,1,expand|vendor
hemm,cdouble,sm_89,256,2048,2,expand|vendor
hemm,cdouble,sm_89,256,2048,3,expand|vendor
hemm,cdouble,sm_89,256,2048,4,expand|vendor
hemm,cdouble,sm_89,256,2048,5,expand|vendor
hemm,cdouble,sm_89,256,2048,8,expand|vendor
hemm,cdouble,sm_89,256,2048,128,expand|vendor
hemm,cdouble,sm_89,256,2048,1024,expand|vendor
hemm,cdouble,sm_89,256,2048,8192,expand|vendor
hemm,cdouble,sm_89,256,2048,32768,expand|vendor
hemm,cdouble,sm_89,256,4096,1,expand|vendor
hemm,cdouble,sm_89,256,4096,2,expand|vendor
hemm,cdouble,sm_89,256,4096,3,expand|vendor
hemm,cdouble,sm_89,256,4096,4,expand|vendor
hemm,cdouble,sm_89,256,4096,5,expand|vendor
hemm,cdouble,sm_89,256,4096,8,expand|vendor
hemm,cdouble,sm_89,256,4096,128,expand|vendor
hemm,cdouble,sm_89,256,4096,1024,expand|vendor
hemm,cdouble,sm_89,256,4096,8192,expand|vendor
hemm,cdouble,sm_89,256,4096,32768,expand|vendor
hemm,cdouble,sm_89,512,1,1,expand|vendor
hemm,cdouble,sm_89,512,1,2,expand|vendor
hemm,cdouble,sm_89,512,1,3,expand|vendor
hemm,cdouble,sm_89,512,1,4,expand|vendor
hemm,cdouble,sm_89,512,1,5,expand|vendor
hemm,cdouble,sm_89,512,1,8,expand|vendor
hemm,cdouble,sm_89,512,1,128,expand|vendor
hemm,cdouble,sm_89,512,1,1024,expand|vendor
hemm,cdouble,sm_89,512,1,8192,expand|vendor
hemm,cdouble,sm_89,512,1,32768,expand|vendor
hemm,cdouble,sm_89,512,2,1,expand|vendor
hemm,cdouble,sm_89,512,2,2,expand|vendor
hemm,cdouble,sm_89,512,2,3,expand|vendor
hemm,cdouble,sm_89,512,2,4,expand|vendor
hemm,cdouble,sm_89,512,2,5,expand|vendor
hemm,cdouble,sm_89,512,2,8,expand|vendor
hemm,cdouble,sm_89,512,2,128,expand|vendor
hemm,cdouble,sm_89,512,2,1024,expand|vendor
hemm,cdouble,sm_89,512,2,8192,expand|vendor
hemm,cdouble,sm_89,512,2,32768,expand|vendor
hemm,cdouble,sm_89,512,4,1,expand|vendor
hemm,cdouble,sm_89,512,4,2,expand|vendor
hemm,cdouble,sm_89,512,4,3,expand|vendor
hemm,cdouble,sm_89,512,4,4,expand|vendor
hemm,cdouble,sm_89,512,4,5,expand|vendor
hemm,cdouble,sm_89,512,4,8,expand|vendor
hemm,cdouble,sm_89,512,4,128,expand|vendor
hemm,cdouble,sm_89,512,4,1024,expand|vendor
hemm,cdouble,sm_89,512,4,8192,expand|vendor
hemm,cdouble,sm_89,512,4,32768,expand|vendor
hemm,cdouble,sm_89,512,8,1,expand|vendor
hemm,cdouble,sm_89,512,8,2,expand|vendor
hemm,cdouble,sm_89,512,8,3,expand|vendor
hemm,cdouble,sm_89,512,8,4,expand|vendor
hemm,cdouble,sm_89,512,8,5,expand|vendor
hemm,cdouble,sm_89,512,8,8,expand|vendor
hemm,cdouble,sm_89,512,8,128,expand|vendor
hemm,cdouble,sm_89,512,8,1024,expand|vendor
hemm,cdouble,sm_89,512,8,8192,expand|vendor
hemm,cdouble,sm_89,512,8,32768,expand|vendor
hemm,cdouble,sm_89,512,16,1,expand|vendor
hemm,cdouble,sm_89,512,16,2,expand|vendor
hemm,cdouble,sm_89,512,16,3,expand|vendor
hemm,cdouble,sm_89,512,16,4,expand|vendor
hemm,cdouble,sm_89,512,16,5,expand|vendor
hemm,cdouble,sm_89,512,16,8,expand|vendor
hemm,cdouble,sm_89,512,16,128,expand|vendor
hemm,cdouble,sm_89,512,16,1024,expand|vendor
hemm,cdouble,sm_89,512,16,8192,expand|vendor
hemm,cdouble,sm_89,512,16,32768,expand|vendor
hemm,cdouble,sm_89,512,32,1,expand|vendor
hemm,cdouble,sm_89,512,32,2,expand|vendor
hemm,cdouble,sm_89,512,32,3,expand|vendor
hemm,cdouble,sm_89,512,32,4,expand|vendor
hemm,cdouble,sm_89,512,32,5,expand|vendor
hemm,cdouble,sm_89,512,32,8,expand|vendor
hemm,cdouble,sm_89,512,32,128,expand|vendor
hemm,cdouble,sm_89,512,32,1024,expand|vendor
hemm,cdouble,sm_89,512,32,8192,expand|vendor
hemm,cdouble,sm_89,512,32,32768,expand|vendor
hemm,cdouble,sm_89,512,64,1,expand|vendor
hemm,cdouble,sm_89,512,64,2,expand|vendor
hemm,cdouble,sm_89,512,64,3,expand|vendor
hemm,cdouble,sm_89,512,64,4,expand|vendor
hemm,cdouble,sm_89,512,64,5,expand|vendor
hemm,cdouble,sm_89,512,64,8,expand|vendor
hemm,cdouble,sm_89,512,64,128,expand|vendor
hemm,cdouble,sm_89,512,64,1024,expand|vendor
hemm,cdouble,sm_89,512,64,8192,expand|vendor
hemm,cdouble,sm_89,512,64,32768,expand|vendor
hemm,cdouble,sm_89,512,128,1,expand|vendor
hemm,cdouble,sm_89,512,128,2,expand|vendor
hemm,cdouble,sm_89,512,128,3,expand|vendor
hemm,cdouble,sm_89,512,128,4,expand|vendor
hemm,cdouble,sm_89,512,128,5,expand|vendor
hemm,cdouble,sm_89,512,128,8,expand|vendor
hemm,cdouble,sm_89,512,128,128,expand|vendor
hemm,cdouble,sm_89,512,128,1024,expand|vendor
hemm,cdouble,sm_89,512,128,8192,expand|vendor
hemm,cdouble,sm_89,512,128,32768,expand|vendor
hemm,cdouble,sm_89,512,255,1,expand|vendor
hemm,cdouble,sm_89,512,255,2,expand|vendor
hemm,cdouble,sm_89,512,255,3,expand|vendor
hemm,cdouble,sm_89,512,255,4,expand|vendor
hemm,cdouble,sm_89,512,255,5,expand|vendor
hemm,cdouble,sm_89,512,255,8,expand|vendor
hemm,cdouble,sm_89,512,255,128,expand|vendor
hemm,cdouble,sm_89,512,255,1024,expand|vendor
hemm,cdouble,sm_89,512,255,8192,expand|vendor
hemm,cdouble,sm_89,512,255,32768,expand|vendor
hemm,cdouble,sm_89,512,256,1,expand|vendor
hemm,cdouble,sm_89,512,256,2,expand|vendor
hemm,cdouble,sm_89,512,256,3,expand|vendor
hemm,cdouble,sm_89,512,256,4,expand|vendor
hemm,cdouble,sm_89,512,256,5,expand|vendor
hemm,cdouble,sm_89,512,256,8,expand|vendor
hemm,cdouble,sm_89,512,256,128,expand|vendor
hemm,cdouble,sm_89,512,256,1024,expand|vendor
hemm,cdouble,sm_89,512,256,8192,expand|vendor
hemm,cdouble,sm_89,512,256,32768,expand|vendor
hemm,cdouble,sm_89,512,512,1,expand|vendor
hemm,cdouble,sm_89,512,512,2,expand|vendor
hemm,cdouble,sm_89,512,512,3,expand|vendor
hemm,cdouble,sm_89,512,512,4,expand|vendor
hemm,cdouble,sm_89,512,512,5,expand|vendor
hemm,cdouble,sm_89,512,512,8,expand|vendor
hemm,cdouble,sm_89,512,512,128,expand|vendor
hemm,cdouble,sm_89,512,512,1024,expand|vendor
hemm,cdouble,sm_89,512,512,8192,expand|vendor
hemm,cdouble,sm_89,512,512,32768,expand|vendor
hemm,cdouble,sm_89,512,1024,1,expand|vendor
hemm,cdouble,sm_89,512,1024,2,expand|vendor
hemm,cdouble,sm_89,512,1024,3,expand|vendor
hemm,cdouble,sm_89,512,1024,4,expand|vendor
hemm,cdouble,sm_89,512,1024,5,expand|vendor
hemm,cdouble,sm_89,512,1024,8,expand|vendor
hemm,cdouble,sm_89,512,1024,128,expand|vendor
hemm,cdouble,sm_89,512,1024,1024,expand|vendor
hemm,cdouble,sm_89,512,1024,8192,expand|vendor
hemm,cdouble,sm_89,512,1024,32768,expand|vendor
hemm,cdouble,sm_89,512,2048,1,expand|vendor
hemm,cdouble,sm_89,512,2048,2,expand|vendor
hemm,cdouble,sm_89,512,2048,3,expand|vendor
hemm,cdouble,sm_89,512,2048,4,expand|vendor
hemm,cdouble,sm_89,512,2048,5,expand|vendor
hemm,cdouble,sm_89,512,2048,8,expand|vendor
hemm,cdouble,sm_89,512,2048,128,expand|vendor
hemm,cdouble,sm_89,512,2048,1024,expand|vendor
hemm,cdouble,sm_89,512,2048,8192,expand|vendor
hemm,cdouble,sm_89,512,2048,32768,expand|vendor
hemm,cdouble,sm_89,512,4096,1,expand|vendor
hemm,cdouble,sm_89,512,4096,2,expand|vendor
hemm,cdouble,sm_89,512,4096,3,expand|vendor
hemm,cdouble,sm_89,512,4096,4,expand|vendor
hemm,cdouble,sm_89,512,4096,5,expand|vendor
hemm,cdouble,sm_89,512,4096,8,expand|vendor
hemm,cdouble,sm_89,512,4096,128,expand|vendor
hemm,cdouble,sm_89,512,4096,1024,expand|vendor
hemm,cdouble,sm_89,512,4096,8192,expand|vendor
hemm,cdouble,sm_89,512,4096,32768,expand|vendor
hemm,cdouble,sm_89,1024,1,1,expand|vendor
hemm,cdouble,sm_89,1024,1,2,expand|vendor
hemm,cdouble,sm_89,1024,1,3,expand|vendor
hemm,cdouble,sm_89,1024,1,4,expand|vendor
hemm,cdouble,sm_89,1024,1,5,expand|vendor
hemm,cdouble,sm_89,1024,1,8,expand|vendor
hemm,cdouble,sm_89,1024,1,128,expand|vendor
hemm,cdouble,sm_89,1024,1,1024,expand|vendor
hemm,cdouble,sm_89,1024,1,8192,expand|vendor
hemm,cdouble,sm_89,1024,1,32768,expand|vendor
hemm,cdouble,sm_89,1024,2,1,expand|vendor
hemm,cdouble,sm_89,1024,2,2,expand|vendor
hemm,cdouble,sm_89,1024,2,3,expand|vendor
hemm,cdouble,sm_89,1024,2,4,expand|vendor
hemm,cdouble,sm_89,1024,2,5,expand|vendor
hemm,cdouble,sm_89,1024,2,8,expand|vendor
hemm,cdouble,sm_89,1024,2,128,expand|vendor
hemm,cdouble,sm_89,1024,2,1024,expand|vendor
hemm,cdouble,sm_89,1024,2,8192,expand|vendor
hemm,cdouble,sm_89,1024,2,32768,expand|vendor
hemm,cdouble,sm_89,1024,4,1,expand|vendor
hemm,cdouble,sm_89,1024,4,2,expand|vendor
hemm,cdouble,sm_89,1024,4,3,expand|vendor
hemm,cdouble,sm_89,1024,4,4,expand|vendor
hemm,cdouble,sm_89,1024,4,5,expand|vendor
hemm,cdouble,sm_89,1024,4,8,expand|vendor
hemm,cdouble,sm_89,1024,4,128,expand|vendor
hemm,cdouble,sm_89,1024,4,1024,expand|vendor
hemm,cdouble,sm_89,1024,4,8192,expand|vendor
hemm,cdouble,sm_89,1024,4,32768,expand|vendor
hemm,cdouble,sm_89,1024,8,1,expand|vendor
hemm,cdouble,sm_89,1024,8,2,expand|vendor
hemm,cdouble,sm_89,1024,8,3,expand|vendor
hemm,cdouble,sm_89,1024,8,4,expand|vendor
hemm,cdouble,sm_89,1024,8,5,expand|vendor
hemm,cdouble,sm_89,1024,8,8,expand|vendor
hemm,cdouble,sm_89,1024,8,128,expand|vendor
hemm,cdouble,sm_89,1024,8,1024,expand|vendor
hemm,cdouble,sm_89,1024,8,8192,expand|vendor
hemm,cdouble,sm_89,1024,8,32768,expand|vendor
hemm,cdouble,sm_89,1024,16,1,expand|vendor
hemm,cdouble,sm_89,1024,16,2,expand|vendor
hemm,cdouble,sm_89,1024,16,3,expand|vendor
hemm,cdouble,sm_89,1024,16,4,expand|vendor
hemm,cdouble,sm_89,1024,16,5,expand|vendor
hemm,cdouble,sm_89,1024,16,8,expand|vendor
hemm,cdouble,sm_89,1024,16,128,expand|vendor
hemm,cdouble,sm_89,1024,16,1024,expand|vendor
hemm,cdouble,sm_89,1024,16,8192,expand|vendor
hemm,cdouble,sm_89,1024,16,32768,expand|vendor
hemm,cdouble,sm_89,1024,32,1,expand|vendor
hemm,cdouble,sm_89,1024,32,2,expand|vendor
hemm,cdouble,sm_89,1024,32,3,expand|vendor
hemm,cdouble,sm_89,1024,32,4,expand|vendor
hemm,cdouble,sm_89,1024,32,5,expand|vendor
hemm,cdouble,sm_89,1024,32,8,expand|vendor
hemm,cdouble,sm_89,1024,32,128,expand|vendor
hemm,cdouble,sm_89,1024,32,1024,expand|vendor
hemm,cdouble,sm_89,1024,32,8192,expand|vendor
hemm,cdouble,sm_89,1024,32,32768,expand|vendor
hemm,cdouble,sm_89,1024,64,1,expand|vendor
hemm,cdouble,sm_89,1024,64,2,expand|vendor
hemm,cdouble,sm_89,1024,64,3,expand|vendor
hemm,cdouble,sm_89,1024,64,4,expand|vendor
hemm,cdouble,sm_89,1024,64,5,expand|vendor
hemm,cdouble,sm_89,1024,64,8,expand|vendor
hemm,cdouble,sm_89,1024,64,128,expand|vendor
hemm,cdouble,sm_89,1024,64,1024,expand|vendor
hemm,cdouble,sm_89,1024,64,8192,expand|vendor
hemm,cdouble,sm_89,1024,64,32768,expand|vendor
hemm,cdouble,sm_89,1024,128,1,expand|vendor
hemm,cdouble,sm_89,1024,128,2,expand|vendor
hemm,cdouble,sm_89,1024,128,3,expand|vendor
hemm,cdouble,sm_89,1024,128,4,expand|vendor
hemm,cdouble,sm_89,1024,128,5,expand|vendor
hemm,cdouble,sm_89,1024,128,8,expand|vendor
hemm,cdouble,sm_89,1024,128,128,expand|vendor
hemm,cdouble,sm_89,1024,128,1024,expand|vendor
hemm,cdouble,sm_89,1024,128,8192,expand|vendor
hemm,cdouble,sm_89,1024,128,32768,expand|vendor
hemm,cdouble,sm_89,1024,255,1,expand|vendor
hemm,cdouble,sm_89,1024,255,2,expand|vendor
hemm,cdouble,sm_89,1024,255,3,expand|vendor
hemm,cdouble,sm_89,1024,255,4,expand|vendor
hemm,cdouble,sm_89,1024,255,5,expand|vendor
hemm,cdouble,sm_89,1024,255,8,expand|vendor
hemm,cdouble,sm_89,1024,255,128,expand|vendor
hemm,cdouble,sm_89,1024,255,1024,expand|vendor
hemm,cdouble,sm_89,1024,255,8192,expand|vendor
hemm,cdouble,sm_89,1024,255,32768,expand|vendor
hemm,cdouble,sm_89,1024,256,1,expand|vendor
hemm,cdouble,sm_89,1024,256,2,expand|vendor
hemm,cdouble,sm_89,1024,256,3,expand|vendor
hemm,cdouble,sm_89,1024,256,4,expand|vendor
hemm,cdouble,sm_89,1024,256,5,expand|vendor
hemm,cdouble,sm_89,1024,256,8,expand|vendor
hemm,cdouble,sm_89,1024,256,128,expand|vendor
hemm,cdouble,sm_89,1024,256,1024,expand|vendor
hemm,cdouble,sm_89,1024,256,8192,expand|vendor
hemm,cdouble,sm_89,1024,256,32768,expand|vendor
hemm,cdouble,sm_89,1024,512,1,expand|vendor
hemm,cdouble,sm_89,1024,512,2,expand|vendor
hemm,cdouble,sm_89,1024,512,3,expand|vendor
hemm,cdouble,sm_89,1024,512,4,expand|vendor
hemm,cdouble,sm_89,1024,512,5,expand|vendor
hemm,cdouble,sm_89,1024,512,8,expand|vendor
hemm,cdouble,sm_89,1024,512,128,expand|vendor
hemm,cdouble,sm_89,1024,512,1024,expand|vendor
hemm,cdouble,sm_89,1024,512,8192,expand|vendor
hemm,cdouble,sm_89,1024,512,32768,expand|vendor
hemm,cdouble,sm_89,1024,1024,1,expand|vendor
hemm,cdouble,sm_89,1024,1024,2,expand|vendor
hemm,cdouble,sm_89,1024,1024,3,expand|vendor
hemm,cdouble,sm_89,1024,1024,4,expand|vendor
hemm,cdouble,sm_89,1024,1024,5,expand|vendor
hemm,cdouble,sm_89,1024,1024,8,expand|vendor
hemm,cdouble,sm_89,1024,1024,128,expand|vendor
hemm,cdouble,sm_89,1024,1024,1024,expand|vendor
hemm,cdouble,sm_89,1024,1024,8192,expand|vendor
hemm,cdouble,sm_89,1024,1024,32768,expand|vendor
hemm,cdouble,sm_89,1024,2048,1,expand|vendor
hemm,cdouble,sm_89,1024,2048,2,expand|vendor
hemm,cdouble,sm_89,1024,2048,3,expand|vendor
hemm,cdouble,sm_89,1024,2048,4,expand|vendor
hemm,cdouble,sm_89,1024,2048,5,expand|vendor
hemm,cdouble,sm_89,1024,2048,8,expand|vendor
hemm,cdouble,sm_89,1024,2048,128,expand|vendor
hemm,cdouble,sm_89,1024,2048,1024,expand|vendor
hemm,cdouble,sm_89,1024,2048,8192,expand|vendor
hemm,cdouble,sm_89,1024,2048,32768,expand|vendor
hemm,cdouble,sm_89,1024,4096,1,expand|vendor
hemm,cdouble,sm_89,1024,4096,2,expand|vendor
hemm,cdouble,sm_89,1024,4096,3,expand|vendor
hemm,cdouble,sm_89,1024,4096,4,expand|vendor
hemm,cdouble,sm_89,1024,4096,5,expand|vendor
hemm,cdouble,sm_89,1024,4096,8,expand|vendor
hemm,cdouble,sm_89,1024,4096,128,expand|vendor
hemm,cdouble,sm_89,1024,4096,1024,expand|vendor
hemm,cdouble,sm_89,1024,4096,8192,expand|vendor
hemm,cdouble,sm_89,1024,4096,32768,expand|vendor
hemm,cdouble,sm_89,2048,1,1,expand|vendor
hemm,cdouble,sm_89,2048,1,2,expand|vendor
hemm,cdouble,sm_89,2048,1,3,expand|vendor
hemm,cdouble,sm_89,2048,1,4,expand|vendor
hemm,cdouble,sm_89,2048,1,5,expand|vendor
hemm,cdouble,sm_89,2048,1,8,expand|vendor
hemm,cdouble,sm_89,2048,1,128,expand|vendor
hemm,cdouble,sm_89,2048,1,1024,expand|vendor
hemm,cdouble,sm_89,2048,1,8192,expand|vendor
hemm,cdouble,sm_89,2048,1,32768,expand|vendor
hemm,cdouble,sm_89,2048,2,1,expand|vendor
hemm,cdouble,sm_89,2048,2,2,expand|vendor
hemm,cdouble,sm_89,2048,2,3,expand|vendor
hemm,cdouble,sm_89,2048,2,4,expand|vendor
hemm,cdouble,sm_89,2048,2,5,expand|vendor
hemm,cdouble,sm_89,2048,2,8,expand|vendor
hemm,cdouble,sm_89,2048,2,128,expand|vendor
hemm,cdouble,sm_89,2048,2,1024,expand|vendor
hemm,cdouble,sm_89,2048,2,8192,expand|vendor
hemm,cdouble,sm_89,2048,2,32768,expand|vendor
hemm,cdouble,sm_89,2048,4,1,expand|vendor
hemm,cdouble,sm_89,2048,4,2,expand|vendor
hemm,cdouble,sm_89,2048,4,3,expand|vendor
hemm,cdouble,sm_89,2048,4,4,expand|vendor
hemm,cdouble,sm_89,2048,4,5,expand|vendor
hemm,cdouble,sm_89,2048,4,8,expand|vendor
hemm,cdouble,sm_89,2048,4,128,expand|vendor
hemm,cdouble,sm_89,2048,4,1024,expand|vendor
hemm,cdouble,sm_89,2048,4,8192,expand|vendor
hemm,cdouble,sm_89,2048,4,32768,expand|vendor
hemm,cdouble,sm_89,2048,8,1,expand|vendor
hemm,cdouble,sm_89,2048,8,2,expand|vendor
hemm,cdouble,sm_89,2048,8,3,expand|vendor
hemm,cdouble,sm_89,2048,8,4,expand|vendor
hemm,cdouble,sm_89,2048,8,5,expand|vendor
hemm,cdouble,sm_89,2048,8,8,expand|vendor
hemm,cdouble,sm_89,2048,8,128,expand|vendor
hemm,cdouble,sm_89,2048,8,1024,expand|vendor
hemm,cdouble,sm_89,2048,8,8192,expand|vendor
hemm,cdouble,sm_89,2048,8,32768,expand|vendor
hemm,cdouble,sm_89,2048,16,1,expand|vendor
hemm,cdouble,sm_89,2048,16,2,expand|vendor
hemm,cdouble,sm_89,2048,16,3,expand|vendor
hemm,cdouble,sm_89,2048,16,4,expand|vendor
hemm,cdouble,sm_89,2048,16,5,expand|vendor
hemm,cdouble,sm_89,2048,16,8,expand|vendor
hemm,cdouble,sm_89,2048,16,128,expand|vendor
hemm,cdouble,sm_89,2048,16,1024,expand|vendor
hemm,cdouble,sm_89,2048,16,8192,expand|vendor
hemm,cdouble,sm_89,2048,16,32768,expand|vendor
hemm,cdouble,sm_89,2048,32,1,expand|vendor
hemm,cdouble,sm_89,2048,32,2,expand|vendor
hemm,cdouble,sm_89,2048,32,3,expand|vendor
hemm,cdouble,sm_89,2048,32,4,expand|vendor
hemm,cdouble,sm_89,2048,32,5,expand|vendor
hemm,cdouble,sm_89,2048,32,8,expand|vendor
hemm,cdouble,sm_89,2048,32,128,expand|vendor
hemm,cdouble,sm_89,2048,32,1024,expand|vendor
hemm,cdouble,sm_89,2048,32,8192,expand|vendor
hemm,cdouble,sm_89,2048,32,32768,expand|vendor
hemm,cdouble,sm_89,2048,64,1,expand|vendor
hemm,cdouble,sm_89,2048,64,2,expand|vendor
hemm,cdouble,sm_89,2048,64,3,expand|vendor
hemm,cdouble,sm_89,2048,64,4,expand|vendor
hemm,cdouble,sm_89,2048,64,5,expand|vendor
hemm,cdouble,sm_89,2048,64,8,expand|vendor
hemm,cdouble,sm_89,2048,64,128,expand|vendor
hemm,cdouble,sm_89,2048,64,1024,expand|vendor
hemm,cdouble,sm_89,2048,64,8192,expand|vendor
hemm,cdouble,sm_89,2048,64,32768,expand|vendor
hemm,cdouble,sm_89,2048,128,1,expand|vendor
hemm,cdouble,sm_89,2048,128,2,expand|vendor
hemm,cdouble,sm_89,2048,128,3,expand|vendor
hemm,cdouble,sm_89,2048,128,4,expand|vendor
hemm,cdouble,sm_89,2048,128,5,expand|vendor
hemm,cdouble,sm_89,2048,128,8,expand|vendor
hemm,cdouble,sm_89,2048,128,128,expand|vendor
hemm,cdouble,sm_89,2048,128,1024,expand|vendor
hemm,cdouble,sm_89,2048,128,8192,expand|vendor
hemm,cdouble,sm_89,2048,128,32768,expand|vendor
hemm,cdouble,sm_89,2048,255,1,expand|vendor
hemm,cdouble,sm_89,2048,255,2,expand|vendor
hemm,cdouble,sm_89,2048,255,3,expand|vendor
hemm,cdouble,sm_89,2048,255,4,expand|vendor
hemm,cdouble,sm_89,2048,255,5,expand|vendor
hemm,cdouble,sm_89,2048,255,8,expand|vendor
hemm,cdouble,sm_89,2048,255,128,expand|vendor
hemm,cdouble,sm_89,2048,255,1024,expand|vendor
hemm,cdouble,sm_89,2048,255,8192,expand|vendor
hemm,cdouble,sm_89,2048,255,32768,expand|vendor
hemm,cdouble,sm_89,2048,256,1,expand|vendor
hemm,cdouble,sm_89,2048,256,2,expand|vendor
hemm,cdouble,sm_89,2048,256,3,expand|vendor
hemm,cdouble,sm_89,2048,256,4,expand|vendor
hemm,cdouble,sm_89,2048,256,5,expand|vendor
hemm,cdouble,sm_89,2048,256,8,expand|vendor
hemm,cdouble,sm_89,2048,256,128,expand|vendor
hemm,cdouble,sm_89,2048,256,1024,expand|vendor
hemm,cdouble,sm_89,2048,256,8192,expand|vendor
hemm,cdouble,sm_89,2048,256,32768,expand|vendor
hemm,cdouble,sm_89,2048,512,1,expand|vendor
hemm,cdouble,sm_89,2048,512,2,expand|vendor
hemm,cdouble,sm_89,2048,512,3,expand|vendor
hemm,cdouble,sm_89,2048,512,4,expand|vendor
hemm,cdouble,sm_89,2048,512,5,expand|vendor
hemm,cdouble,sm_89,2048,512,8,expand|vendor
hemm,cdouble,sm_89,2048,512,128,expand|vendor
hemm,cdouble,sm_89,2048,512,1024,expand|vendor
hemm,cdouble,sm_89,2048,512,8192,expand|vendor
hemm,cdouble,sm_89,2048,512,32768,expand|vendor
hemm,cdouble,sm_89,2048,1024,1,expand|vendor
hemm,cdouble,sm_89,2048,1024,2,expand|vendor
hemm,cdouble,sm_89,2048,1024,3,expand|vendor
hemm,cdouble,sm_89,2048,1024,4,expand|vendor
hemm,cdouble,sm_89,2048,1024,5,expand|vendor
hemm,cdouble,sm_89,2048,1024,8,expand|vendor
hemm,cdouble,sm_89,2048,1024,128,expand|vendor
hemm,cdouble,sm_89,2048,1024,1024,expand|vendor
hemm,cdouble,sm_89,2048,1024,8192,expand|vendor
hemm,cdouble,sm_89,2048,1024,32768,expand|vendor
hemm,cdouble,sm_89,2048,2048,1,expand|vendor
hemm,cdouble,sm_89,2048,2048,2,expand|vendor
hemm,cdouble,sm_89,2048,2048,3,expand|vendor
hemm,cdouble,sm_89,2048,2048,4,expand|vendor
hemm,cdouble,sm_89,2048,2048,5,expand|vendor
hemm,cdouble,sm_89,2048,2048,8,expand|vendor
hemm,cdouble,sm_89,2048,2048,128,expand|vendor
hemm,cdouble,sm_89,2048,2048,1024,expand|vendor
hemm,cdouble,sm_89,2048,2048,8192,expand|vendor
hemm,cdouble,sm_89,2048,2048,32768,expand|vendor
hemm,cdouble,sm_89,2048,4096,1,expand|vendor
hemm,cdouble,sm_89,2048,4096,2,expand|vendor
hemm,cdouble,sm_89,2048,4096,3,expand|vendor
hemm,cdouble,sm_89,2048,4096,4,expand|vendor
hemm,cdouble,sm_89,2048,4096,5,expand|vendor
hemm,cdouble,sm_89,2048,4096,8,expand|vendor
hemm,cdouble,sm_89,2048,4096,128,expand|vendor
hemm,cdouble,sm_89,2048,4096,1024,expand|vendor
hemm,cdouble,sm_89,2048,4096,8192,expand|vendor
hemm,cdouble,sm_89,2048,4096,32768,expand|vendor
hemm,cdouble,sm_89,4096,1,1,expand|vendor
hemm,cdouble,sm_89,4096,1,2,expand|vendor
hemm,cdouble,sm_89,4096,1,3,expand|vendor
hemm,cdouble,sm_89,4096,1,4,expand|vendor
hemm,cdouble,sm_89,4096,1,5,expand|vendor
hemm,cdouble,sm_89,4096,1,8,expand|vendor
hemm,cdouble,sm_89,4096,1,128,expand|vendor
hemm,cdouble,sm_89,4096,1,1024,expand|vendor
hemm,cdouble,sm_89,4096,1,8192,expand|vendor
hemm,cdouble,sm_89,4096,1,32768,expand|vendor
hemm,cdouble,sm_89,4096,2,1,expand|vendor
hemm,cdouble,sm_89,4096,2,2,expand|vendor
hemm,cdouble,sm_89,4096,2,3,expand|vendor
hemm,cdouble,sm_89,4096,2,4,expand|vendor
hemm,cdouble,sm_89,4096,2,5,expand|vendor
hemm,cdouble,sm_89,4096,2,8,expand|vendor
hemm,cdouble,sm_89,4096,2,128,expand|vendor
hemm,cdouble,sm_89,4096,2,1024,expand|vendor
hemm,cdouble,sm_89,4096,2,8192,expand|vendor
hemm,cdouble,sm_89,4096,2,32768,expand|vendor
hemm,cdouble,sm_89,4096,4,1,expand|vendor
hemm,cdouble,sm_89,4096,4,2,expand|vendor
hemm,cdouble,sm_89,4096,4,3,expand|vendor
hemm,cdouble,sm_89,4096,4,4,expand|vendor
hemm,cdouble,sm_89,4096,4,5,expand|vendor
hemm,cdouble,sm_89,4096,4,8,expand|vendor
hemm,cdouble,sm_89,4096,4,128,expand|vendor
hemm,cdouble,sm_89,4096,4,1024,expand|vendor
hemm,cdouble,sm_89,4096,4,8192,expand|vendor
hemm,cdouble,sm_89,4096,4,32768,expand|vendor
hemm,cdouble,sm_89,4096,8,1,expand|vendor
hemm,cdouble,sm_89,4096,8,2,expand|vendor
hemm,cdouble,sm_89,4096,8,3,expand|vendor
hemm,cdouble,sm_89,4096,8,4,expand|vendor
hemm,cdouble,sm_89,4096,8,5,expand|vendor
hemm,cdouble,sm_89,4096,8,8,expand|vendor
hemm,cdouble,sm_89,4096,8,128,expand|vendor
hemm,cdouble,sm_89,4096,8,1024,expand|vendor
hemm,cdouble,sm_89,4096,8,8192,expand|vendor
hemm,cdouble,sm_89,4096,8,32768,expand|vendor
hemm,cdouble,sm_89,4096,16,1,expand|vendor
hemm,cdouble,sm_89,4096,16,2,expand|vendor
hemm,cdouble,sm_89,4096,16,3,expand|vendor
hemm,cdouble,sm_89,4096,16,4,expand|vendor
hemm,cdouble,sm_89,4096,16,5,expand|vendor
hemm,cdouble,sm_89,4096,16,8,expand|vendor
hemm,cdouble,sm_89,4096,16,128,expand|vendor
hemm,cdouble,sm_89,4096,16,1024,expand|vendor
hemm,cdouble,sm_89,4096,16,8192,expand|vendor
hemm,cdouble,sm_89,4096,16,32768,expand|vendor
hemm,cdouble,sm_89,4096,32,1,expand|vendor
hemm,cdouble,sm_89,4096,32,2,expand|vendor
hemm,cdouble,sm_89,4096,32,3,expand|vendor
hemm,cdouble,sm_89,4096,32,4,expand|vendor
hemm,cdouble,sm_89,4096,32,5,expand|vendor
hemm,cdouble,sm_89,4096,32,8,expand|vendor
hemm,cdouble,sm_89,4096,32,128,expand|vendor
hemm,cdouble,sm_89,4096,32,1024,expand|vendor
hemm,cdouble,sm_89,4096,32,8192,expand|vendor
hemm,cdouble,sm_89,4096,32,32768,expand|vendor
hemm,cdouble,sm_89,4096,64,1,expand|vendor
hemm,cdouble,sm_89,4096,64,2,expand|vendor
hemm,cdouble,sm_89,4096,64,3,expand|vendor
hemm,cdouble,sm_89,4096,64,4,expand|vendor
hemm,cdouble,sm_89,4096,64,5,expand|vendor
hemm,cdouble,sm_89,4096,64,8,expand|vendor
hemm,cdouble,sm_89,4096,64,128,expand|vendor
hemm,cdouble,sm_89,4096,64,1024,expand|vendor
hemm,cdouble,sm_89,4096,64,8192,expand|vendor
hemm,cdouble,sm_89,4096,64,32768,expand|vendor
hemm,cdouble,sm_89,4096,128,1,expand|vendor
hemm,cdouble,sm_89,4096,128,2,expand|vendor
hemm,cdouble,sm_89,4096,128,3,expand|vendor
hemm,cdouble,sm_89,4096,128,4,expand|vendor
hemm,cdouble,sm_89,4096,128,5,expand|vendor
hemm,cdouble,sm_89,4096,128,8,expand|vendor
hemm,cdouble,sm_89,4096,128,128,expand|vendor
hemm,cdouble,sm_89,4096,128,1024,expand|vendor
hemm,cdouble,sm_89,4096,128,8192,expand|vendor
hemm,cdouble,sm_89,4096,128,32768,expand|vendor
hemm,cdouble,sm_89,4096,255,1,expand|vendor
hemm,cdouble,sm_89,4096,255,2,expand|vendor
hemm,cdouble,sm_89,4096,255,3,expand|vendor
hemm,cdouble,sm_89,4096,255,4,expand|vendor
hemm,cdouble,sm_89,4096,255,5,expand|vendor
hemm,cdouble,sm_89,4096,255,8,expand|vendor
hemm,cdouble,sm_89,4096,255,128,expand|vendor
hemm,cdouble,sm_89,4096,255,1024,expand|vendor
hemm,cdouble,sm_89,4096,255,8192,expand|vendor
hemm,cdouble,sm_89,4096,255,32768,expand|vendor
hemm,cdouble,sm_89,4096,256,1,expand|vendor
hemm,cdouble,sm_89,4096,256,2,expand|vendor
hemm,cdouble,sm_89,4096,256,3,expand|vendor
hemm,cdouble,sm_89,4096,256,4,expand|vendor
hemm,cdouble,sm_89,4096,256,5,expand|vendor
hemm,cdouble,sm_89,4096,256,8,expand|vendor
hemm,cdouble,sm_89,4096,256,128,expand|vendor
hemm,cdouble,sm_89,4096,256,1024,expand|vendor
hemm,cdouble,sm_89,4096,256,8192,expand|vendor
hemm,cdouble,sm_89,4096,256,32768,expand|vendor
hemm,cdouble,sm_89,4096,512,1,expand|vendor
hemm,cdouble,sm_89,4096,512,2,expand|vendor
hemm,cdouble,sm_89,4096,512,3,expand|vendor
hemm,cdouble,sm_89,4096,512,4,expand|vendor
hemm,cdouble,sm_89,4096,512,5,expand|vendor
hemm,cdouble,sm_89,4096,512,8,expand|vendor
hemm,cdouble,sm_89,4096,512,128,expand|vendor
hemm,cdouble,sm_89,4096,512,1024,expand|vendor
hemm,cdouble,sm_89,4096,512,8192,expand|vendor
hemm,cdouble,sm_89,4096,512,32768,expand|vendor
hemm,cdouble,sm_89,4096,1024,1,expand|vendor
hemm,cdouble,sm_89,4096,1024,2,expand|vendor
hemm,cdouble,sm_89,4096,1024,3,expand|vendor
hemm,cdouble,sm_89,4096,1024,4,expand|vendor
hemm,cdouble,sm_89,4096,1024,5,expand|vendor
hemm,cdouble,sm_89,4096,1024,8,expand|vendor
hemm,cdouble,sm_89,4096,1024,128,expand|vendor
hemm,cdouble,sm_89,4096,1024,1024,expand|vendor
hemm,cdouble,sm_89,4096,1024,8192,expand|vendor
hemm,cdouble,sm_89,4096,1024,32768,expand|vendor
hemm,cdouble,sm_89,4096,2048,1,expand|vendor
hemm,cdouble,sm_89,4096,2048,2,expand|vendor
hemm,cdouble,sm_89,4096,2048,3,expand|vendor
hemm,cdouble,sm_89,4096,2048,4,expand|vendor
hemm,cdouble,sm_89,4096,2048,5,expand|vendor
hemm,cdouble,sm_89,4096,2048,8,expand|vendor
hemm,cdouble,sm_89,4096,2048,128,expand|vendor
hemm,cdouble,sm_89,4096,2048,1024,expand|vendor
hemm,cdouble,sm_89,4096,2048,8192,expand|vendor
hemm,cdouble,sm_89,4096,2048,32768,expand|vendor
hemm,cdouble,sm_89,4096,4096,1,expand|vendor
hemm,cdouble,sm_89,4096,4096,2,expand|vendor
hemm,cdouble,sm_89,4096,4096,3,expand|vendor
hemm,cdouble,sm_89,4096,4096,4,expand|vendor
hemm,cdouble,sm_89,4096,4096,5,expand|vendor
hemm,cdouble,sm_89,4096,4096,8,expand|vendor
hemm,cdouble,sm_89,4096,4096,128,expand|vendor
hemm,cdouble,sm_89,4096,4096,1024,expand|vendor
hemm,cdouble,sm_89,4096,4096,8192,expand|vendor
hemm,cdouble,sm_89,4096,4096,32768,expand|vendor
hemm,cdouble,sm_120,1,1,1,vendor|expand
hemm,cdouble,sm_120,1,1,2,vendor|expand
hemm,cdouble,sm_120,1,1,3,vendor|expand
hemm,cdouble,sm_120,1,1,4,expand|vendor
hemm,cdouble,sm_120,1,1,5,expand|vendor
hemm,cdouble,sm_120,1,1,8,expand|vendor
hemm,cdouble,sm_120,1,1,128,expand|vendor
hemm,cdouble,sm_120,1,1,1024,expand|vendor
hemm,cdouble,sm_120,1,1,8192,expand|vendor
hemm,cdouble,sm_120,1,1,32768,expand|vendor
hemm,cdouble,sm_120,1,2,1,vendor|expand
hemm,cdouble,sm_120,1,2,2,vendor|expand
hemm,cdouble,sm_120,1,2,3,vendor|expand
hemm,cdouble,sm_120,1,2,4,expand|vendor
hemm,cdouble,sm_120,1,2,5,expand|vendor
hemm,cdouble,sm_120,1,2,8,expand|vendor
hemm,cdouble,sm_120,1,2,128,expand|vendor
hemm,cdouble,sm_120,1,2,1024,expand|vendor
hemm,cdouble,sm_120,1,2,8192,expand|vendor
hemm,cdouble,sm_120,1,2,32768,expand|vendor
hemm,cdouble,sm_120,1,4,1,vendor|expand
hemm,cdouble,sm_120,1,4,2,vendor|expand
hemm,cdouble,sm_120,1,4,3,vendor|expand
hemm,cdouble,sm_120,1,4,4,expand|vendor
hemm,cdouble,sm_120,1,4,5,expand|vendor
hemm,cdouble,sm_120,1,4,8,expand|vendor
hemm,cdouble,sm_120,1,4,128,expand|vendor
hemm,cdouble,sm_120,1,4,1024,expand|vendor
hemm,cdouble,sm_120,1,4,8192,expand|vendor
hemm,cdouble,sm_120,1,4,32768,expand|vendor
hemm,cdouble,sm_120,1,8,1,vendor|expand
hemm,cdouble,sm_120,1,8,2,vendor|expand
hemm,cdouble,sm_120,1,8,3,vendor|expand
hemm,cdouble,sm_120,1,8,4,expand|vendor
hemm,cdouble,sm_120,1,8,5,expand|vendor
hemm,cdouble,sm_120,1,8,8,expand|vendor
hemm,cdouble,sm_120,1,8,128,expand|vendor
hemm,cdouble,sm_120,1,8,1024,expand|vendor
hemm,cdouble,sm_120,1,8,8192,expand|vendor
hemm,cdouble,sm_120,1,8,32768,expand|vendor
hemm,cdouble,sm_120,1,16,1,vendor|expand
hemm,cdouble,sm_120,1,16,2,vendor|expand
hemm,cdouble,sm_120,1,16,3,vendor|expand
hemm,cdouble,sm_120,1,16,4,expand|vendor
hemm,cdouble,sm_120,1,16,5,expand|vendor
hemm,cdouble,sm_120,1,16,8,expand|vendor
hemm,cdouble,sm_120,1,16,128,expand|vendor
hemm,cdouble,sm_120,1,16,1024,expand|vendor
hemm,cdouble,sm_120,1,16,8192,expand|vendor
hemm,cdouble,sm_120,1,16,32768,expand|vendor
hemm,cdouble,sm_120,1,32,1,vendor|expand
hemm,cdouble,sm_120,1,32,2,vendor|expand
hemm,cdouble,sm_120,1,32,3,vendor|expand
hemm,cdouble,sm_120,1,32,4,expand|vendor
hemm,cdouble,sm_120,1,32,5,expand|vendor
hemm,cdouble,sm_120,1,32,8,expand|vendor
hemm,cdouble,sm_120,1,32,128,expand|vendor
hemm,cdouble,sm_120,1,32,1024,expand|vendor
hemm,cdouble,sm_120,1,32,8192,expand|vendor
hemm,cdouble,sm_120,1,32,32768,expand|vendor
hemm,cdouble,sm_120,1,64,1,vendor|expand
hemm,cdouble,sm_120,1,64,2,vendor|expand
hemm,cdouble,sm_120,1,64,3,vendor|expand
hemm,cdouble,sm_120,1,64,4,expand|vendor
hemm,cdouble,sm_120,1,64,5,expand|vendor
hemm,cdouble,sm_120,1,64,8,expand|vendor
hemm,cdouble,sm_120,1,64,128,expand|vendor
hemm,cdouble,sm_120,1,64,1024,expand|vendor
hemm,cdouble,sm_120,1,64,8192,expand|vendor
hemm,cdouble,sm_120,1,64,32768,expand|vendor
hemm,cdouble,sm_120,1,128,1,vendor|expand
hemm,cdouble,sm_120,1,128,2,vendor|expand
hemm,cdouble,sm_120,1,128,3,vendor|expand
hemm,cdouble,sm_120,1,128,4,expand|vendor
hemm,cdouble,sm_120,1,128,5,expand|vendor
hemm,cdouble,sm_120,1,128,8,expand|vendor
hemm,cdouble,sm_120,1,128,128,expand|vendor
hemm,cdouble,sm_120,1,128,1024,expand|vendor
hemm,cdouble,sm_120,1,128,8192,expand|vendor
hemm,cdouble,sm_120,1,128,32768,expand|vendor
hemm,cdouble,sm_120,1,255,1,vendor|expand
hemm,cdouble,sm_120,1,255,2,vendor|expand
hemm,cdouble,sm_120,1,255,3,vendor|expand
hemm,cdouble,sm_120,1,255,4,expand|vendor
hemm,cdouble,sm_120,1,255,5,expand|vendor
hemm,cdouble,sm_120,1,255,8,expand|vendor
hemm,cdouble,sm_120,1,255,128,expand|vendor
hemm,cdouble,sm_120,1,255,1024,expand|vendor
hemm,cdouble,sm_120,1,255,8192,expand|vendor
hemm,cdouble,sm_120,1,255,32768,expand|vendor
hemm,cdouble,sm_120,1,256,1,expand|vendor
hemm,cdouble,sm_120,1,256,2,expand|vendor
hemm,cdouble,sm_120,1,256,3,expand|vendor
hemm,cdouble,sm_120,1,256,4,expand|vendor
hemm,cdouble,sm_120,1,256,5,expand|vendor
hemm,cdouble,sm_120,1,256,8,expand|vendor
hemm,cdouble,sm_120,1,256,128,expand|vendor
hemm,cdouble,sm_120,1,256,1024,expand|vendor
hemm,cdouble,sm_120,1,256,8192,expand|vendor
hemm,cdouble,sm_120,1,256,32768,expand|vendor
hemm,cdouble,sm_120,1,512,1,expand|vendor
hemm,cdouble,sm_120,1,512,2,expand|vendor
hemm,cdouble,sm_120,1,512,3,expand|vendor
hemm,cdouble,sm_120,1,512,4,expand|vendor
hemm,cdouble,sm_120,1,512,5,expand|vendor
hemm,cdouble,sm_120,1,512,8,expand|vendor
hemm,cdouble,sm_120,1,512,128,expand|vendor
hemm,cdouble,sm_120,1,512,1024,expand|vendor
hemm,cdouble,sm_120,1,512,8192,expand|vendor
hemm,cdouble,sm_120,1,512,32768,expand|vendor
hemm,cdouble,sm_120,1,1024,1,expand|vendor
hemm,cdouble,sm_120,1,1024,2,expand|vendor
hemm,cdouble,sm_120,1,1024,3,expand|vendor
hemm,cdouble,sm_120,1,1024,4,expand|vendor
hemm,cdouble,sm_120,1,1024,5,expand|vendor
hemm,cdouble,sm_120,1,1024,8,expand|vendor
hemm,cdouble,sm_120,1,1024,128,expand|vendor
hemm,cdouble,sm_120,1,1024,1024,expand|vendor
hemm,cdouble,sm_120,1,1024,8192,expand|vendor
hemm,cdouble,sm_120,1,1024,32768,expand|vendor
hemm,cdouble,sm_120,1,2048,1,expand|vendor
hemm,cdouble,sm_120,1,2048,2,expand|vendor
hemm,cdouble,sm_120,1,2048,3,expand|vendor
hemm,cdouble,sm_120,1,2048,4,expand|vendor
hemm,cdouble,sm_120,1,2048,5,expand|vendor
hemm,cdouble,sm_120,1,2048,8,expand|vendor
hemm,cdouble,sm_120,1,2048,128,expand|vendor
hemm,cdouble,sm_120,1,2048,1024,expand|vendor
hemm,cdouble,sm_120,1,2048,8192,expand|vendor
hemm,cdouble,sm_120,1,2048,32768,expand|vendor
hemm,cdouble,sm_120,1,4096,1,expand|vendor
hemm,cdouble,sm_120,1,4096,2,expand|vendor
hemm,cdouble,sm_120,1,4096,3,expand|vendor
hemm,cdouble,sm_120,1,4096,4,expand|vendor
hemm,cdouble,sm_120,1,4096,5,expand|vendor
hemm,cdouble,sm_120,1,4096,8,expand|vendor
hemm,cdouble,sm_120,1,4096,128,expand|vendor
hemm,cdouble,sm_120,1,4096,1024,expand|vendor
hemm,cdouble,sm_120,1,4096,8192,expand|vendor
hemm,cdouble,sm_120,1,4096,32768,expand|vendor
hemm,cdouble,sm_120,2,1,1,vendor|expand
hemm,cdouble,sm_120,2,1,2,vendor|expand
hemm,cdouble,sm_120,2,1,3,vendor|expand
hemm,cdouble,sm_120,2,1,4,expand|vendor
hemm,cdouble,sm_120,2,1,5,expand|vendor
hemm,cdouble,sm_120,2,1,8,expand|vendor
hemm,cdouble,sm_120,2,1,128,expand|vendor
hemm,cdouble,sm_120,2,1,1024,expand|vendor
hemm,cdouble,sm_120,2,1,8192,expand|vendor
hemm,cdouble,sm_120,2,1,32768,expand|vendor
hemm,cdouble,sm_120,2,2,1,vendor|expand
hemm,cdouble,sm_120,2,2,2,vendor|expand
hemm,cdouble,sm_120,2,2,3,vendor|expand
hemm,cdouble,sm_120,2,2,4,expand|vendor
hemm,cdouble,sm_120,2,2,5,expand|vendor
hemm,cdouble,sm_120,2,2,8,expand|vendor
hemm,cdouble,sm_120,2,2,128,expand|vendor
hemm,cdouble,sm_120,2,2,1024,expand|vendor
hemm,cdouble,sm_120,2,2,8192,expand|vendor
hemm,cdouble,sm_120,2,2,32768,expand|vendor
hemm,cdouble,sm_120,2,4,1,vendor|expand
hemm,cdouble,sm_120,2,4,2,vendor|expand
hemm,cdouble,sm_120,2,4,3,vendor|expand
hemm,cdouble,sm_120,2,4,4,expand|vendor
hemm,cdouble,sm_120,2,4,5,expand|vendor
hemm,cdouble,sm_120,2,4,8,expand|vendor
hemm,cdouble,sm_120,2,4,128,expand|vendor
hemm,cdouble,sm_120,2,4,1024,expand|vendor
hemm,cdouble,sm_120,2,4,8192,expand|vendor
hemm,cdouble,sm_120,2,4,32768,expand|vendor
hemm,cdouble,sm_120,2,8,1,vendor|expand
hemm,cdouble,sm_120,2,8,2,vendor|expand
hemm,cdouble,sm_120,2,8,3,vendor|expand
hemm,cdouble,sm_120,2,8,4,expand|vendor
hemm,cdouble,sm_120,2,8,5,expand|vendor
hemm,cdouble,sm_120,2,8,8,expand|vendor
hemm,cdouble,sm_120,2,8,128,expand|vendor
hemm,cdouble,sm_120,2,8,1024,expand|vendor
hemm,cdouble,sm_120,2,8,8192,expand|vendor
hemm,cdouble,sm_120,2,8,32768,expand|vendor
hemm,cdouble,sm_120,2,16,1,vendor|expand
hemm,cdouble,sm_120,2,16,2,vendor|expand
hemm,cdouble,sm_120,2,16,3,vendor|expand
hemm,cdouble,sm_120,2,16,4,expand|vendor
hemm,cdouble,sm_120,2,16,5,expand|vendor
hemm,cdouble,sm_120,2,16,8,expand|vendor
hemm,cdouble,sm_120,2,16,128,expand|vendor
hemm,cdouble,sm_120,2,16,1024,expand|vendor
hemm,cdouble,sm_120,2,16,8192,expand|vendor
hemm,cdouble,sm_120,2,16,32768,expand|vendor
hemm,cdouble,sm_120,2,32,1,vendor|expand
hemm,cdouble,sm_120,2,32,2,vendor|expand
hemm,cdouble,sm_120,2,32,3,vendor|expand
hemm,cdouble,sm_120,2,32,4,expand|vendor
hemm,cdouble,sm_120,2,32,5,expand|vendor
hemm,cdouble,sm_120,2,32,8,expand|vendor
hemm,cdouble,sm_120,2,32,128,expand|vendor
hemm,cdouble,sm_120,2,32,1024,expand|vendor
hemm,cdouble,sm_120,2,32,8192,expand|vendor
hemm,cdouble,sm_120,2,32,32768,expand|vendor
hemm,cdouble,sm_120,2,64,1,vendor|expand
hemm,cdouble,sm_120,2,64,2,vendor|expand
hemm,cdouble,sm_120,2,64,3,vendor|expand
hemm,cdouble,sm_120,2,64,4,expand|vendor
hemm,cdouble,sm_120,2,64,5,expand|vendor
hemm,cdouble,sm_120,2,64,8,expand|vendor
hemm,cdouble,sm_120,2,64,128,expand|vendor
hemm,cdouble,sm_120,2,64,1024,expand|vendor
hemm,cdouble,sm_120,2,64,8192,expand|vendor
hemm,cdouble,sm_120,2,64,32768,expand|vendor
hemm,cdouble,sm_120,2,128,1,vendor|expand
hemm,cdouble,sm_120,2,128,2,vendor|expand
hemm,cdouble,sm_120,2,128,3,vendor|expand
hemm,cdouble,sm_120,2,128,4,expand|vendor
hemm,cdouble,sm_120,2,128,5,expand|vendor
hemm,cdouble,sm_120,2,128,8,expand|vendor
hemm,cdouble,sm_120,2,128,128,expand|vendor
hemm,cdouble,sm_120,2,128,1024,expand|vendor
hemm,cdouble,sm_120,2,128,8192,expand|vendor
hemm,cdouble,sm_120,2,128,32768,expand|vendor
hemm,cdouble,sm_120,2,255,1,vendor|expand
hemm,cdouble,sm_120,2,255,2,vendor|expand
hemm,cdouble,sm_120,2,255,3,vendor|expand
hemm,cdouble,sm_120,2,255,4,expand|vendor
hemm,cdouble,sm_120,2,255,5,expand|vendor
hemm,cdouble,sm_120,2,255,8,expand|vendor
hemm,cdouble,sm_120,2,255,128,expand|vendor
hemm,cdouble,sm_120,2,255,1024,expand|vendor
hemm,cdouble,sm_120,2,255,8192,expand|vendor
hemm,cdouble,sm_120,2,255,32768,expand|vendor
hemm,cdouble,sm_120,2,256,1,expand|vendor
hemm,cdouble,sm_120,2,256,2,expand|vendor
hemm,cdouble,sm_120,2,256,3,expand|vendor
hemm,cdouble,sm_120,2,256,4,expand|vendor
hemm,cdouble,sm_120,2,256,5,expand|vendor
hemm,cdouble,sm_120,2,256,8,expand|vendor
hemm,cdouble,sm_120,2,256,128,expand|vendor
hemm,cdouble,sm_120,2,256,1024,expand|vendor
hemm,cdouble,sm_120,2,256,8192,expand|vendor
hemm,cdouble,sm_120,2,256,32768,expand|vendor
hemm,cdouble,sm_120,2,512,1,expand|vendor
hemm,cdouble,sm_120,2,512,2,expand|vendor
hemm,cdouble,sm_120,2,512,3,expand|vendor
hemm,cdouble,sm_120,2,512,4,expand|vendor
hemm,cdouble,sm_120,2,512,5,expand|vendor
hemm,cdouble,sm_120,2,512,8,expand|vendor
hemm,cdouble,sm_120,2,512,128,expand|vendor
hemm,cdouble,sm_120,2,512,1024,expand|vendor
hemm,cdouble,sm_120,2,512,8192,expand|vendor
hemm,cdouble,sm_120,2,512,32768,expand|vendor
hemm,cdouble,sm_120,2,1024,1,expand|vendor
hemm,cdouble,sm_120,2,1024,2,expand|vendor
hemm,cdouble,sm_120,2,1024,3,expand|vendor
hemm,cdouble,sm_120,2,1024,4,expand|vendor
hemm,cdouble,sm_120,2,1024,5,expand|vendor
hemm,cdouble,sm_120,2,1024,8,expand|vendor
hemm,cdouble,sm_120,2,1024,128,expand|vendor
hemm,cdouble,sm_120,2,1024,1024,expand|vendor
hemm,cdouble,sm_120,2,1024,8192,expand|vendor
hemm,cdouble,sm_120,2,1024,32768,expand|vendor
hemm,cdouble,sm_120,2,2048,1,expand|vendor
hemm,cdouble,sm_120,2,2048,2,expand|vendor
hemm,cdouble,sm_120,2,2048,3,expand|vendor
hemm,cdouble,sm_120,2,2048,4,expand|vendor
hemm,cdouble,sm_120,2,2048,5,expand|vendor
hemm,cdouble,sm_120,2,2048,8,expand|vendor
hemm,cdouble,sm_120,2,2048,128,expand|vendor
hemm,cdouble,sm_120,2,2048,1024,expand|vendor
hemm,cdouble,sm_120,2,2048,8192,expand|vendor
hemm,cdouble,sm_120,2,2048,32768,expand|vendor
hemm,cdouble,sm_120,2,4096,1,expand|vendor
hemm,cdouble,sm_120,2,4096,2,expand|vendor
hemm,cdouble,sm_120,2,4096,3,expand|vendor
hemm,cdouble,sm_120,2,4096,4,expand|vendor
hemm,cdouble,sm_120,2,4096,5,expand|vendor
hemm,cdouble,sm_120,2,4096,8,expand|vendor
hemm,cdouble,sm_120,2,4096,128,expand|vendor
hemm,cdouble,sm_120,2,4096,1024,expand|vendor
hemm,cdouble,sm_120,2,4096,8192,expand|vendor
hemm,cdouble,sm_120,2,4096,32768,expand|vendor
hemm,cdouble,sm_120,4,1,1,vendor|expand
hemm,cdouble,sm_120,4,1,2,vendor|expand
hemm,cdouble,sm_120,4,1,3,vendor|expand
hemm,cdouble,sm_120,4,1,4,expand|vendor
hemm,cdouble,sm_120,4,1,5,expand|vendor
hemm,cdouble,sm_120,4,1,8,expand|vendor
hemm,cdouble,sm_120,4,1,128,expand|vendor
hemm,cdouble,sm_120,4,1,1024,expand|vendor
hemm,cdouble,sm_120,4,1,8192,expand|vendor
hemm,cdouble,sm_120,4,1,32768,expand|vendor
hemm,cdouble,sm_120,4,2,1,vendor|expand
hemm,cdouble,sm_120,4,2,2,vendor|expand
hemm,cdouble,sm_120,4,2,3,vendor|expand
hemm,cdouble,sm_120,4,2,4,expand|vendor
hemm,cdouble,sm_120,4,2,5,expand|vendor
hemm,cdouble,sm_120,4,2,8,expand|vendor
hemm,cdouble,sm_120,4,2,128,expand|vendor
hemm,cdouble,sm_120,4,2,1024,expand|vendor
hemm,cdouble,sm_120,4,2,8192,expand|vendor
hemm,cdouble,sm_120,4,2,32768,expand|vendor
hemm,cdouble,sm_120,4,4,1,vendor|expand
hemm,cdouble,sm_120,4,4,2,vendor|expand
hemm,cdouble,sm_120,4,4,3,vendor|expand
hemm,cdouble,sm_120,4,4,4,expand|vendor
hemm,cdouble,sm_120,4,4,5,expand|vendor
hemm,cdouble,sm_120,4,4,8,expand|vendor
hemm,cdouble,sm_120,4,4,128,expand|vendor
hemm,cdouble,sm_120,4,4,1024,expand|vendor
hemm,cdouble,sm_120,4,4,8192,expand|vendor
hemm,cdouble,sm_120,4,4,32768,expand|vendor
hemm,cdouble,sm_120,4,8,1,vendor|expand
hemm,cdouble,sm_120,4,8,2,vendor|expand
hemm,cdouble,sm_120,4,8,3,vendor|expand
hemm,cdouble,sm_120,4,8,4,expand|vendor
hemm,cdouble,sm_120,4,8,5,expand|vendor
hemm,cdouble,sm_120,4,8,8,expand|vendor
hemm,cdouble,sm_120,4,8,128,expand|vendor
hemm,cdouble,sm_120,4,8,1024,expand|vendor
hemm,cdouble,sm_120,4,8,8192,expand|vendor
hemm,cdouble,sm_120,4,8,32768,expand|vendor
hemm,cdouble,sm_120,4,16,1,vendor|expand
hemm,cdouble,sm_120,4,16,2,vendor|expand
hemm,cdouble,sm_120,4,16,3,vendor|expand
hemm,cdouble,sm_120,4,16,4,expand|vendor
hemm,cdouble,sm_120,4,16,5,expand|vendor
hemm,cdouble,sm_120,4,16,8,expand|vendor
hemm,cdouble,sm_120,4,16,128,expand|vendor
hemm,cdouble,sm_120,4,16,1024,expand|vendor
hemm,cdouble,sm_120,4,16,8192,expand|vendor
hemm,cdouble,sm_120,4,16,32768,expand|vendor
hemm,cdouble,sm_120,4,32,1,vendor|expand
hemm,cdouble,sm_120,4,32,2,vendor|expand
hemm,cdouble,sm_120,4,32,3,vendor|expand
hemm,cdouble,sm_120,4,32,4,expand|vendor
hemm,cdouble,sm_120,4,32,5,expand|vendor
hemm,cdouble,sm_120,4,32,8,expand|vendor
hemm,cdouble,sm_120,4,32,128,expand|vendor
hemm,cdouble,sm_120,4,32,1024,expand|vendor
hemm,cdouble,sm_120,4,32,8192,expand|vendor
hemm,cdouble,sm_120,4,32,32768,expand|vendor
hemm,cdouble,sm_120,4,64,1,vendor|expand
hemm,cdouble,sm_120,4,64,2,vendor|expand
hemm,cdouble,sm_120,4,64,3,vendor|expand
hemm,cdouble,sm_120,4,64,4,expand|vendor
hemm,cdouble,sm_120,4,64,5,expand|vendor
hemm,cdouble,sm_120,4,64,8,expand|vendor
hemm,cdouble,sm_120,4,64,128,expand|vendor
hemm,cdouble,sm_120,4,64,1024,expand|vendor
hemm,cdouble,sm_120,4,64,8192,expand|vendor
hemm,cdouble,sm_120,4,64,32768,expand|vendor
hemm,cdouble,sm_120,4,128,1,vendor|expand
hemm,cdouble,sm_120,4,128,2,vendor|expand
hemm,cdouble,sm_120,4,128,3,vendor|expand
hemm,cdouble,sm_120,4,128,4,expand|vendor
hemm,cdouble,sm_120,4,128,5,expand|vendor
hemm,cdouble,sm_120,4,128,8,expand|vendor
hemm,cdouble,sm_120,4,128,128,expand|vendor
hemm,cdouble,sm_120,4,128,1024,expand|vendor
hemm,cdouble,sm_120,4,128,8192,expand|vendor
hemm,cdouble,sm_120,4,128,32768,expand|vendor
hemm,cdouble,sm_120,4,255,1,vendor|expand
hemm,cdouble,sm_120,4,255,2,vendor|expand
hemm,cdouble,sm_120,4,255,3,vendor|expand
hemm,cdouble,sm_120,4,255,4,expand|vendor
hemm,cdouble,sm_120,4,255,5,expand|vendor
hemm,cdouble,sm_120,4,255,8,expand|vendor
hemm,cdouble,sm_120,4,255,128,expand|vendor
hemm,cdouble,sm_120,4,255,1024,expand|vendor
hemm,cdouble,sm_120,4,255,8192,expand|vendor
hemm,cdouble,sm_120,4,255,32768,expand|vendor
hemm,cdouble,sm_120,4,256,1,expand|vendor
hemm,cdouble,sm_120,4,256,2,expand|vendor
hemm,cdouble,sm_120,4,256,3,expand|vendor
hemm,cdouble,sm_120,4,256,4,expand|vendor
hemm,cdouble,sm_120,4,256,5,expand|vendor
hemm,cdouble,sm_120,4,256,8,expand|vendor
hemm,cdouble,sm_120,4,256,128,expand|vendor
hemm,cdouble,sm_120,4,256,1024,expand|vendor
hemm,cdouble,sm_120,4,256,8192,expand|vendor
hemm,cdouble,sm_120,4,256,32768,expand|vendor
hemm,cdouble,sm_120,4,512,1,expand|vendor
hemm,cdouble,sm_120,4,512,2,expand|vendor
hemm,cdouble,sm_120,4,512,3,expand|vendor
hemm,cdouble,sm_120,4,512,4,expand|vendor
hemm,cdouble,sm_120,4,512,5,expand|vendor
hemm,cdouble,sm_120,4,512,8,expand|vendor
hemm,cdouble,sm_120,4,512,128,expand|vendor
hemm,cdouble,sm_120,4,512,1024,expand|vendor
hemm,cdouble,sm_120,4,512,8192,expand|vendor
hemm,cdouble,sm_120,4,512,32768,expand|vendor
hemm,cdouble,sm_120,4,1024,1,expand|vendor
hemm,cdouble,sm_120,4,1024,2,expand|vendor
hemm,cdouble,sm_120,4,1024,3,expand|vendor
hemm,cdouble,sm_120,4,1024,4,expand|vendor
hemm,cdouble,sm_120,4,1024,5,expand|vendor
hemm,cdouble,sm_120,4,1024,8,expand|vendor
hemm,cdouble,sm_120,4,1024,128,expand|vendor
hemm,cdouble,sm_120,4,1024,1024,expand|vendor
hemm,cdouble,sm_120,4,1024,8192,expand|vendor
hemm,cdouble,sm_120,4,1024,32768,expand|vendor
hemm,cdouble,sm_120,4,2048,1,expand|vendor
hemm,cdouble,sm_120,4,2048,2,expand|vendor
hemm,cdouble,sm_120,4,2048,3,expand|vendor
hemm,cdouble,sm_120,4,2048,4,expand|vendor
hemm,cdouble,sm_120,4,2048,5,expand|vendor
hemm,cdouble,sm_120,4,2048,8,expand|vendor
hemm,cdouble,sm_120,4,2048,128,expand|vendor
hemm,cdouble,sm_120,4,2048,1024,expand|vendor
hemm,cdouble,sm_120,4,2048,8192,expand|vendor
hemm,cdouble,sm_120,4,2048,32768,expand|vendor
hemm,cdouble,sm_120,4,4096,1,expand|vendor
hemm,cdouble,sm_120,4,4096,2,expand|vendor
hemm,cdouble,sm_120,4,4096,3,expand|vendor
hemm,cdouble,sm_120,4,4096,4,expand|vendor
hemm,cdouble,sm_120,4,4096,5,expand|vendor
hemm,cdouble,sm_120,4,4096,8,expand|vendor
hemm,cdouble,sm_120,4,4096,128,expand|vendor
hemm,cdouble,sm_120,4,4096,1024,expand|vendor
hemm,cdouble,sm_120,4,4096,8192,expand|vendor
hemm,cdouble,sm_120,4,4096,32768,expand|vendor
hemm,cdouble,sm_120,8,1,1,vendor|expand
hemm,cdouble,sm_120,8,1,2,vendor|expand
hemm,cdouble,sm_120,8,1,3,vendor|expand
hemm,cdouble,sm_120,8,1,4,expand|vendor
hemm,cdouble,sm_120,8,1,5,expand|vendor
hemm,cdouble,sm_120,8,1,8,expand|vendor
hemm,cdouble,sm_120,8,1,128,expand|vendor
hemm,cdouble,sm_120,8,1,1024,expand|vendor
hemm,cdouble,sm_120,8,1,8192,expand|vendor
hemm,cdouble,sm_120,8,1,32768,expand|vendor
hemm,cdouble,sm_120,8,2,1,vendor|expand
hemm,cdouble,sm_120,8,2,2,vendor|expand
hemm,cdouble,sm_120,8,2,3,vendor|expand
hemm,cdouble,sm_120,8,2,4,expand|vendor
hemm,cdouble,sm_120,8,2,5,expand|vendor
hemm,cdouble,sm_120,8,2,8,expand|vendor
hemm,cdouble,sm_120,8,2,128,expand|vendor
hemm,cdouble,sm_120,8,2,1024,expand|vendor
hemm,cdouble,sm_120,8,2,8192,expand|vendor
hemm,cdouble,sm_120,8,2,32768,expand|vendor
hemm,cdouble,sm_120,8,4,1,vendor|expand
hemm,cdouble,sm_120,8,4,2,vendor|expand
hemm,cdouble,sm_120,8,4,3,vendor|expand
hemm,cdouble,sm_120,8,4,4,expand|vendor
hemm,cdouble,sm_120,8,4,5,expand|vendor
hemm,cdouble,sm_120,8,4,8,expand|vendor
hemm,cdouble,sm_120,8,4,128,expand|vendor
hemm,cdouble,sm_120,8,4,1024,expand|vendor
hemm,cdouble,sm_120,8,4,8192,expand|vendor
hemm,cdouble,sm_120,8,4,32768,expand|vendor
hemm,cdouble,sm_120,8,8,1,vendor|expand
hemm,cdouble,sm_120,8,8,2,vendor|expand
hemm,cdouble,sm_120,8,8,3,vendor|expand
hemm,cdouble,sm_120,8,8,4,expand|vendor
hemm,cdouble,sm_120,8,8,5,expand|vendor
hemm,cdouble,sm_120,8,8,8,expand|vendor
hemm,cdouble,sm_120,8,8,128,expand|vendor
hemm,cdouble,sm_120,8,8,1024,expand|vendor
hemm,cdouble,sm_120,8,8,8192,expand|vendor
hemm,cdouble,sm_120,8,8,32768,expand|vendor
hemm,cdouble,sm_120,8,16,1,vendor|expand
hemm,cdouble,sm_120,8,16,2,vendor|expand
hemm,cdouble,sm_120,8,16,3,vendor|expand
hemm,cdouble,sm_120,8,16,4,expand|vendor
hemm,cdouble,sm_120,8,16,5,expand|vendor
hemm,cdouble,sm_120,8,16,8,expand|vendor
hemm,cdouble,sm_120,8,16,128,expand|vendor
hemm,cdouble,sm_120,8,16,1024,expand|vendor
hemm,cdouble,sm_120,8,16,8192,expand|vendor
hemm,cdouble,sm_120,8,16,32768,expand|vendor
hemm,cdouble,sm_120,8,32,1,vendor|expand
hemm,cdouble,sm_120,8,32,2,vendor|expand
hemm,cdouble,sm_120,8,32,3,vendor|expand
hemm,cdouble,sm_120,8,32,4,expand|vendor
hemm,cdouble,sm_120,8,32,5,expand|vendor
hemm,cdouble,sm_120,8,32,8,expand|vendor
hemm,cdouble,sm_120,8,32,128,expand|vendor
hemm,cdouble,sm_120,8,32,1024,expand|vendor
hemm,cdouble,sm_120,8,32,8192,expand|vendor
hemm,cdouble,sm_120,8,32,32768,expand|vendor
hemm,cdouble,sm_120,8,64,1,vendor|expand
hemm,cdouble,sm_120,8,64,2,vendor|expand
hemm,cdouble,sm_120,8,64,3,vendor|expand
hemm,cdouble,sm_120,8,64,4,expand|vendor
hemm,cdouble,sm_120,8,64,5,expand|vendor
hemm,cdouble,sm_120,8,64,8,expand|vendor
hemm,cdouble,sm_120,8,64,128,expand|vendor
hemm,cdouble,sm_120,8,64,1024,expand|vendor
hemm,cdouble,sm_120,8,64,8192,expand|vendor
hemm,cdouble,sm_120,8,64,32768,expand|vendor
hemm,cdouble,sm_120,8,128,1,vendor|expand
hemm,cdouble,sm_120,8,128,2,vendor|expand
hemm,cdouble,sm_120,8,128,3,vendor|expand
hemm,cdouble,sm_120,8,128,4,expand|vendor
hemm,cdouble,sm_120,8,128,5,expand|vendor
hemm,cdouble,sm_120,8,128,8,expand|vendor
hemm,cdouble,sm_120,8,128,128,expand|vendor
hemm,cdouble,sm_120,8,128,1024,expand|vendor
hemm,cdouble,sm_120,8,128,8192,expand|vendor
hemm,cdouble,sm_120,8,128,32768,expand|vendor
hemm,cdouble,sm_120,8,255,1,vendor|expand
hemm,cdouble,sm_120,8,255,2,vendor|expand
hemm,cdouble,sm_120,8,255,3,vendor|expand
hemm,cdouble,sm_120,8,255,4,expand|vendor
hemm,cdouble,sm_120,8,255,5,expand|vendor
hemm,cdouble,sm_120,8,255,8,expand|vendor
hemm,cdouble,sm_120,8,255,128,expand|vendor
hemm,cdouble,sm_120,8,255,1024,expand|vendor
hemm,cdouble,sm_120,8,255,8192,expand|vendor
hemm,cdouble,sm_120,8,255,32768,expand|vendor
hemm,cdouble,sm_120,8,256,1,expand|vendor
hemm,cdouble,sm_120,8,256,2,expand|vendor
hemm,cdouble,sm_120,8,256,3,expand|vendor
hemm,cdouble,sm_120,8,256,4,expand|vendor
hemm,cdouble,sm_120,8,256,5,expand|vendor
hemm,cdouble,sm_120,8,256,8,expand|vendor
hemm,cdouble,sm_120,8,256,128,expand|vendor
hemm,cdouble,sm_120,8,256,1024,expand|vendor
hemm,cdouble,sm_120,8,256,8192,expand|vendor
hemm,cdouble,sm_120,8,256,32768,expand|vendor
hemm,cdouble,sm_120,8,512,1,expand|vendor
hemm,cdouble,sm_120,8,512,2,expand|vendor
hemm,cdouble,sm_120,8,512,3,expand|vendor
hemm,cdouble,sm_120,8,512,4,expand|vendor
hemm,cdouble,sm_120,8,512,5,expand|vendor
hemm,cdouble,sm_120,8,512,8,expand|vendor
hemm,cdouble,sm_120,8,512,128,expand|vendor
hemm,cdouble,sm_120,8,512,1024,expand|vendor
hemm,cdouble,sm_120,8,512,8192,expand|vendor
hemm,cdouble,sm_120,8,512,32768,expand|vendor
hemm,cdouble,sm_120,8,1024,1,expand|vendor
hemm,cdouble,sm_120,8,1024,2,expand|vendor
hemm,cdouble,sm_120,8,1024,3,expand|vendor
hemm,cdouble,sm_120,8,1024,4,expand|vendor
hemm,cdouble,sm_120,8,1024,5,expand|vendor
hemm,cdouble,sm_120,8,1024,8,expand|vendor
hemm,cdouble,sm_120,8,1024,128,expand|vendor
hemm,cdouble,sm_120,8,1024,1024,expand|vendor
hemm,cdouble,sm_120,8,1024,8192,expand|vendor
hemm,cdouble,sm_120,8,1024,32768,expand|vendor
hemm,cdouble,sm_120,8,2048,1,expand|vendor
hemm,cdouble,sm_120,8,2048,2,expand|vendor
hemm,cdouble,sm_120,8,2048,3,expand|vendor
hemm,cdouble,sm_120,8,2048,4,expand|vendor
hemm,cdouble,sm_120,8,2048,5,expand|vendor
hemm,cdouble,sm_120,8,2048,8,expand|vendor
hemm,cdouble,sm_120,8,2048,128,expand|vendor
hemm,cdouble,sm_120,8,2048,1024,expand|vendor
hemm,cdouble,sm_120,8,2048,8192,expand|vendor
hemm,cdouble,sm_120,8,2048,32768,expand|vendor
hemm,cdouble,sm_120,8,4096,1,expand|vendor
hemm,cdouble,sm_120,8,4096,2,expand|vendor
hemm,cdouble,sm_120,8,4096,3,expand|vendor
hemm,cdouble,sm_120,8,4096,4,expand|vendor
hemm,cdouble,sm_120,8,4096,5,expand|vendor
hemm,cdouble,sm_120,8,4096,8,expand|vendor
hemm,cdouble,sm_120,8,4096,128,expand|vendor
hemm,cdouble,sm_120,8,4096,1024,expand|vendor
hemm,cdouble,sm_120,8,4096,8192,expand|vendor
hemm,cdouble,sm_120,8,4096,32768,expand|vendor
hemm,cdouble,sm_120,16,1,1,vendor|expand
hemm,cdouble,sm_120,16,1,2,vendor|expand
hemm,cdouble,sm_120,16,1,3,vendor|expand
hemm,cdouble,sm_120,16,1,4,expand|vendor
hemm,cdouble,sm_120,16,1,5,expand|vendor
hemm,cdouble,sm_120,16,1,8,expand|vendor
hemm,cdouble,sm_120,16,1,128,expand|vendor
hemm,cdouble,sm_120,16,1,1024,expand|vendor
hemm,cdouble,sm_120,16,1,8192,expand|vendor
hemm,cdouble,sm_120,16,1,32768,expand|vendor
hemm,cdouble,sm_120,16,2,1,vendor|expand
hemm,cdouble,sm_120,16,2,2,vendor|expand
hemm,cdouble,sm_120,16,2,3,vendor|expand
hemm,cdouble,sm_120,16,2,4,expand|vendor
hemm,cdouble,sm_120,16,2,5,expand|vendor
hemm,cdouble,sm_120,16,2,8,expand|vendor
hemm,cdouble,sm_120,16,2,128,expand|vendor
hemm,cdouble,sm_120,16,2,1024,expand|vendor
hemm,cdouble,sm_120,16,2,8192,expand|vendor
hemm,cdouble,sm_120,16,2,32768,expand|vendor
hemm,cdouble,sm_120,16,4,1,vendor|expand
hemm,cdouble,sm_120,16,4,2,vendor|expand
hemm,cdouble,sm_120,16,4,3,vendor|expand
hemm,cdouble,sm_120,16,4,4,expand|vendor
hemm,cdouble,sm_120,16,4,5,expand|vendor
hemm,cdouble,sm_120,16,4,8,expand|vendor
hemm,cdouble,sm_120,16,4,128,expand|vendor
hemm,cdouble,sm_120,16,4,1024,expand|vendor
hemm,cdouble,sm_120,16,4,8192,expand|vendor
hemm,cdouble,sm_120,16,4,32768,expand|vendor
hemm,cdouble,sm_120,16,8,1,vendor|expand
hemm,cdouble,sm_120,16,8,2,vendor|expand
hemm,cdouble,sm_120,16,8,3,vendor|expand
hemm,cdouble,sm_120,16,8,4,expand|vendor
hemm,cdouble,sm_120,16,8,5,expand|vendor
hemm,cdouble,sm_120,16,8,8,expand|vendor
hemm,cdouble,sm_120,16,8,128,expand|vendor
hemm,cdouble,sm_120,16,8,1024,expand|vendor
hemm,cdouble,sm_120,16,8,8192,expand|vendor
hemm,cdouble,sm_120,16,8,32768,expand|vendor
hemm,cdouble,sm_120,16,16,1,vendor|expand
hemm,cdouble,sm_120,16,16,2,vendor|expand
hemm,cdouble,sm_120,16,16,3,vendor|expand
hemm,cdouble,sm_120,16,16,4,expand|vendor
hemm,cdouble,sm_120,16,16,5,expand|vendor
hemm,cdouble,sm_120,16,16,8,expand|vendor
hemm,cdouble,sm_120,16,16,128,expand|vendor
hemm,cdouble,sm_120,16,16,1024,expand|vendor
hemm,cdouble,sm_120,16,16,8192,expand|vendor
hemm,cdouble,sm_120,16,16,32768,expand|vendor
hemm,cdouble,sm_120,16,32,1,vendor|expand
hemm,cdouble,sm_120,16,32,2,vendor|expand
hemm,cdouble,sm_120,16,32,3,vendor|expand
hemm,cdouble,sm_120,16,32,4,expand|vendor
hemm,cdouble,sm_120,16,32,5,expand|vendor
hemm,cdouble,sm_120,16,32,8,expand|vendor
hemm,cdouble,sm_120,16,32,128,expand|vendor
hemm,cdouble,sm_120,16,32,1024,expand|vendor
hemm,cdouble,sm_120,16,32,8192,expand|vendor
hemm,cdouble,sm_120,16,32,32768,expand|vendor
hemm,cdouble,sm_120,16,64,1,vendor|expand
hemm,cdouble,sm_120,16,64,2,vendor|expand
hemm,cdouble,sm_120,16,64,3,vendor|expand
hemm,cdouble,sm_120,16,64,4,expand|vendor
hemm,cdouble,sm_120,16,64,5,expand|vendor
hemm,cdouble,sm_120,16,64,8,expand|vendor
hemm,cdouble,sm_120,16,64,128,expand|vendor
hemm,cdouble,sm_120,16,64,1024,expand|vendor
hemm,cdouble,sm_120,16,64,8192,expand|vendor
hemm,cdouble,sm_120,16,64,32768,expand|vendor
hemm,cdouble,sm_120,16,128,1,vendor|expand
hemm,cdouble,sm_120,16,128,2,vendor|expand
hemm,cdouble,sm_120,16,128,3,vendor|expand
hemm,cdouble,sm_120,16,128,4,expand|vendor
hemm,cdouble,sm_120,16,128,5,expand|vendor
hemm,cdouble,sm_120,16,128,8,expand|vendor
hemm,cdouble,sm_120,16,128,128,expand|vendor
hemm,cdouble,sm_120,16,128,1024,expand|vendor
hemm,cdouble,sm_120,16,128,8192,expand|vendor
hemm,cdouble,sm_120,16,128,32768,expand|vendor
hemm,cdouble,sm_120,16,255,1,vendor|expand
hemm,cdouble,sm_120,16,255,2,vendor|expand
hemm,cdouble,sm_120,16,255,3,vendor|expand
hemm,cdouble,sm_120,16,255,4,expand|vendor
hemm,cdouble,sm_120,16,255,5,expand|vendor
hemm,cdouble,sm_120,16,255,8,expand|vendor
hemm,cdouble,sm_120,16,255,128,expand|vendor
hemm,cdouble,sm_120,16,255,1024,expand|vendor
hemm,cdouble,sm_120,16,255,8192,expand|vendor
hemm,cdouble,sm_120,16,255,32768,expand|vendor
hemm,cdouble,sm_120,16,256,1,expand|vendor
hemm,cdouble,sm_120,16,256,2,expand|vendor
hemm,cdouble,sm_120,16,256,3,expand|vendor
hemm,cdouble,sm_120,16,256,4,expand|vendor
hemm,cdouble,sm_120,16,256,5,expand|vendor
hemm,cdouble,sm_120,16,256,8,expand|vendor
hemm,cdouble,sm_120,16,256,128,expand|vendor
hemm,cdouble,sm_120,16,256,1024,expand|vendor
hemm,cdouble,sm_120,16,256,8192,expand|vendor
hemm,cdouble,sm_120,16,256,32768,expand|vendor
hemm,cdouble,sm_120,16,512,1,expand|vendor
hemm,cdouble,sm_120,16,512,2,expand|vendor
hemm,cdouble,sm_120,16,512,3,expand|vendor
hemm,cdouble,sm_120,16,512,4,expand|vendor
hemm,cdouble,sm_120,16,512,5,expand|vendor
hemm,cdouble,sm_120,16,512,8,expand|vendor
hemm,cdouble,sm_120,16,512,128,expand|vendor
hemm,cdouble,sm_120,16,512,1024,expand|vendor
hemm,cdouble,sm_120,16,512,8192,expand|vendor
hemm,cdouble,sm_120,16,512,32768,expand|vendor
hemm,cdouble,sm_120,16,1024,1,expand|vendor
hemm,cdouble,sm_120,16,1024,2,expand|vendor
hemm,cdouble,sm_120,16,1024,3,expand|vendor
hemm,cdouble,sm_120,16,1024,4,expand|vendor
hemm,cdouble,sm_120,16,1024,5,expand|vendor
hemm,cdouble,sm_120,16,1024,8,expand|vendor
hemm,cdouble,sm_120,16,1024,128,expand|vendor
hemm,cdouble,sm_120,16,1024,1024,expand|vendor
hemm,cdouble,sm_120,16,1024,8192,expand|vendor
hemm,cdouble,sm_120,16,1024,32768,expand|vendor
hemm,cdouble,sm_120,16,2048,1,expand|vendor
hemm,cdouble,sm_120,16,2048,2,expand|vendor
hemm,cdouble,sm_120,16,2048,3,expand|vendor
hemm,cdouble,sm_120,16,2048,4,expand|vendor
hemm,cdouble,sm_120,16,2048,5,expand|vendor
hemm,cdouble,sm_120,16,2048,8,expand|vendor
hemm,cdouble,sm_120,16,2048,128,expand|vendor
hemm,cdouble,sm_120,16,2048,1024,expand|vendor
hemm,cdouble,sm_120,16,2048,8192,expand|vendor
hemm,cdouble,sm_120,16,2048,32768,expand|vendor
hemm,cdouble,sm_120,16,4096,1,expand|vendor
hemm,cdouble,sm_120,16,4096,2,expand|vendor
hemm,cdouble,sm_120,16,4096,3,expand|vendor
hemm,cdouble,sm_120,16,4096,4,expand|vendor
hemm,cdouble,sm_120,16,4096,5,expand|vendor
hemm,cdouble,sm_120,16,4096,8,expand|vendor
hemm,cdouble,sm_120,16,4096,128,expand|vendor
hemm,cdouble,sm_120,16,4096,1024,expand|vendor
hemm,cdouble,sm_120,16,4096,8192,expand|vendor
hemm,cdouble,sm_120,16,4096,32768,expand|vendor
hemm,cdouble,sm_120,32,1,1,vendor|expand
hemm,cdouble,sm_120,32,1,2,vendor|expand
hemm,cdouble,sm_120,32,1,3,vendor|expand
hemm,cdouble,sm_120,32,1,4,expand|vendor
hemm,cdouble,sm_120,32,1,5,expand|vendor
hemm,cdouble,sm_120,32,1,8,expand|vendor
hemm,cdouble,sm_120,32,1,128,expand|vendor
hemm,cdouble,sm_120,32,1,1024,expand|vendor
hemm,cdouble,sm_120,32,1,8192,expand|vendor
hemm,cdouble,sm_120,32,1,32768,expand|vendor
hemm,cdouble,sm_120,32,2,1,vendor|expand
hemm,cdouble,sm_120,32,2,2,vendor|expand
hemm,cdouble,sm_120,32,2,3,vendor|expand
hemm,cdouble,sm_120,32,2,4,expand|vendor
hemm,cdouble,sm_120,32,2,5,expand|vendor
hemm,cdouble,sm_120,32,2,8,expand|vendor
hemm,cdouble,sm_120,32,2,128,expand|vendor
hemm,cdouble,sm_120,32,2,1024,expand|vendor
hemm,cdouble,sm_120,32,2,8192,expand|vendor
hemm,cdouble,sm_120,32,2,32768,expand|vendor
hemm,cdouble,sm_120,32,4,1,vendor|expand
hemm,cdouble,sm_120,32,4,2,vendor|expand
hemm,cdouble,sm_120,32,4,3,vendor|expand
hemm,cdouble,sm_120,32,4,4,expand|vendor
hemm,cdouble,sm_120,32,4,5,expand|vendor
hemm,cdouble,sm_120,32,4,8,expand|vendor
hemm,cdouble,sm_120,32,4,128,expand|vendor
hemm,cdouble,sm_120,32,4,1024,expand|vendor
hemm,cdouble,sm_120,32,4,8192,expand|vendor
hemm,cdouble,sm_120,32,4,32768,expand|vendor
hemm,cdouble,sm_120,32,8,1,vendor|expand
hemm,cdouble,sm_120,32,8,2,vendor|expand
hemm,cdouble,sm_120,32,8,3,vendor|expand
hemm,cdouble,sm_120,32,8,4,expand|vendor
hemm,cdouble,sm_120,32,8,5,expand|vendor
hemm,cdouble,sm_120,32,8,8,expand|vendor
hemm,cdouble,sm_120,32,8,128,expand|vendor
hemm,cdouble,sm_120,32,8,1024,expand|vendor
hemm,cdouble,sm_120,32,8,8192,expand|vendor
hemm,cdouble,sm_120,32,8,32768,expand|vendor
hemm,cdouble,sm_120,32,16,1,vendor|expand
hemm,cdouble,sm_120,32,16,2,vendor|expand
hemm,cdouble,sm_120,32,16,3,vendor|expand
hemm,cdouble,sm_120,32,16,4,expand|vendor
hemm,cdouble,sm_120,32,16,5,expand|vendor
hemm,cdouble,sm_120,32,16,8,expand|vendor
hemm,cdouble,sm_120,32,16,128,expand|vendor
hemm,cdouble,sm_120,32,16,1024,expand|vendor
hemm,cdouble,sm_120,32,16,8192,expand|vendor
hemm,cdouble,sm_120,32,16,32768,expand|vendor
hemm,cdouble,sm_120,32,32,1,vendor|expand
hemm,cdouble,sm_120,32,32,2,vendor|expand
hemm,cdouble,sm_120,32,32,3,vendor|expand
hemm,cdouble,sm_120,32,32,4,expand|vendor
hemm,cdouble,sm_120,32,32,5,expand|vendor
hemm,cdouble,sm_120,32,32,8,expand|vendor
hemm,cdouble,sm_120,32,32,128,expand|vendor
hemm,cdouble,sm_120,32,32,1024,expand|vendor
hemm,cdouble,sm_120,32,32,8192,expand|vendor
hemm,cdouble,sm_120,32,32,32768,expand|vendor
hemm,cdouble,sm_120,32,64,1,vendor|expand
hemm,cdouble,sm_120,32,64,2,vendor|expand
hemm,cdouble,sm_120,32,64,3,vendor|expand
hemm,cdouble,sm_120,32,64,4,expand|vendor
hemm,cdouble,sm_120,32,64,5,expand|vendor
hemm,cdouble,sm_120,32,64,8,expand|vendor
hemm,cdouble,sm_120,32,64,128,expand|vendor
hemm,cdouble,sm_120,32,64,1024,expand|vendor
hemm,cdouble,sm_120,32,64,8192,expand|vendor
hemm,cdouble,sm_120,32,64,32768,expand|vendor
hemm,cdouble,sm_120,32,128,1,vendor|expand
hemm,cdouble,sm_120,32,128,2,vendor|expand
hemm,cdouble,sm_120,32,128,3,vendor|expand
hemm,cdouble,sm_120,32,128,4,expand|vendor
hemm,cdouble,sm_120,32,128,5,expand|vendor
hemm,cdouble,sm_120,32,128,8,expand|vendor
hemm,cdouble,sm_120,32,128,128,expand|vendor
hemm,cdouble,sm_120,32,128,1024,expand|vendor
hemm,cdouble,sm_120,32,128,8192,expand|vendor
hemm,cdouble,sm_120,32,128,32768,expand|vendor
hemm,cdouble,sm_120,32,255,1,vendor|expand
hemm,cdouble,sm_120,32,255,2,vendor|expand
hemm,cdouble,sm_120,32,255,3,vendor|expand
hemm,cdouble,sm_120,32,255,4,expand|vendor
hemm,cdouble,sm_120,32,255,5,expand|vendor
hemm,cdouble,sm_120,32,255,8,expand|vendor
hemm,cdouble,sm_120,32,255,128,expand|vendor
hemm,cdouble,sm_120,32,255,1024,expand|vendor
hemm,cdouble,sm_120,32,255,8192,expand|vendor
hemm,cdouble,sm_120,32,255,32768,expand|vendor
hemm,cdouble,sm_120,32,256,1,expand|vendor
hemm,cdouble,sm_120,32,256,2,expand|vendor
hemm,cdouble,sm_120,32,256,3,expand|vendor
hemm,cdouble,sm_120,32,256,4,expand|vendor
hemm,cdouble,sm_120,32,256,5,expand|vendor
hemm,cdouble,sm_120,32,256,8,expand|vendor
hemm,cdouble,sm_120,32,256,128,expand|vendor
hemm,cdouble,sm_120,32,256,1024,expand|vendor
hemm,cdouble,sm_120,32,256,8192,expand|vendor
hemm,cdouble,sm_120,32,256,32768,expand|vendor
hemm,cdouble,sm_120,32,512,1,expand|vendor
hemm,cdouble,sm_120,32,512,2,expand|vendor
hemm,cdouble,sm_120,32,512,3,expand|vendor
hemm,cdouble,sm_120,32,512,4,expand|vendor
hemm,cdouble,sm_120,32,512,5,expand|vendor
hemm,cdouble,sm_120,32,512,8,expand|vendor
hemm,cdouble,sm_120,32,512,128,expand|vendor
hemm,cdouble,sm_120,32,512,1024,expand|vendor
hemm,cdouble,sm_120,32,512,8192,expand|vendor
hemm,cdouble,sm_120,32,512,32768,expand|vendor
hemm,cdouble,sm_120,32,1024,1,expand|vendor
hemm,cdouble,sm_120,32,1024,2,expand|vendor
hemm,cdouble,sm_120,32,1024,3,expand|vendor
hemm,cdouble,sm_120,32,1024,4,expand|vendor
hemm,cdouble,sm_120,32,1024,5,expand|vendor
hemm,cdouble,sm_120,32,1024,8,expand|vendor
hemm,cdouble,sm_120,32,1024,128,expand|vendor
hemm,cdouble,sm_120,32,1024,1024,expand|vendor
hemm,cdouble,sm_120,32,1024,8192,expand|vendor
hemm,cdouble,sm_120,32,1024,32768,expand|vendor
hemm,cdouble,sm_120,32,2048,1,expand|vendor
hemm,cdouble,sm_120,32,2048,2,expand|vendor
hemm,cdouble,sm_120,32,2048,3,expand|vendor
hemm,cdouble,sm_120,32,2048,4,expand|vendor
hemm,cdouble,sm_120,32,2048,5,expand|vendor
hemm,cdouble,sm_120,32,2048,8,expand|vendor
hemm,cdouble,sm_120,32,2048,128,expand|vendor
hemm,cdouble,sm_120,32,2048,1024,expand|vendor
hemm,cdouble,sm_120,32,2048,8192,expand|vendor
hemm,cdouble,sm_120,32,2048,32768,expand|vendor
hemm,cdouble,sm_120,32,4096,1,expand|vendor
hemm,cdouble,sm_120,32,4096,2,expand|vendor
hemm,cdouble,sm_120,32,4096,3,expand|vendor
hemm,cdouble,sm_120,32,4096,4,expand|vendor
hemm,cdouble,sm_120,32,4096,5,expand|vendor
hemm,cdouble,sm_120,32,4096,8,expand|vendor
hemm,cdouble,sm_120,32,4096,128,expand|vendor
hemm,cdouble,sm_120,32,4096,1024,expand|vendor
hemm,cdouble,sm_120,32,4096,8192,expand|vendor
hemm,cdouble,sm_120,32,4096,32768,expand|vendor
hemm,cdouble,sm_120,64,1,1,vendor|expand
hemm,cdouble,sm_120,64,1,2,vendor|expand
hemm,cdouble,sm_120,64,1,3,vendor|expand
hemm,cdouble,sm_120,64,1,4,expand|vendor
hemm,cdouble,sm_120,64,1,5,expand|vendor
hemm,cdouble,sm_120,64,1,8,expand|vendor
hemm,cdouble,sm_120,64,1,128,expand|vendor
hemm,cdouble,sm_120,64,1,1024,expand|vendor
hemm,cdouble,sm_120,64,1,8192,expand|vendor
hemm,cdouble,sm_120,64,1,32768,expand|vendor
hemm,cdouble,sm_120,64,2,1,vendor|expand
hemm,cdouble,sm_120,64,2,2,vendor|expand
hemm,cdouble,sm_120,64,2,3,vendor|expand
hemm,cdouble,sm_120,64,2,4,expand|vendor
hemm,cdouble,sm_120,64,2,5,expand|vendor
hemm,cdouble,sm_120,64,2,8,expand|vendor
hemm,cdouble,sm_120,64,2,128,expand|vendor
hemm,cdouble,sm_120,64,2,1024,expand|vendor
hemm,cdouble,sm_120,64,2,8192,expand|vendor
hemm,cdouble,sm_120,64,2,32768,expand|vendor
hemm,cdouble,sm_120,64,4,1,vendor|expand
hemm,cdouble,sm_120,64,4,2,vendor|expand
hemm,cdouble,sm_120,64,4,3,vendor|expand
hemm,cdouble,sm_120,64,4,4,expand|vendor
hemm,cdouble,sm_120,64,4,5,expand|vendor
hemm,cdouble,sm_120,64,4,8,expand|vendor
hemm,cdouble,sm_120,64,4,128,expand|vendor
hemm,cdouble,sm_120,64,4,1024,expand|vendor
hemm,cdouble,sm_120,64,4,8192,expand|vendor
hemm,cdouble,sm_120,64,4,32768,expand|vendor
hemm,cdouble,sm_120,64,8,1,vendor|expand
hemm,cdouble,sm_120,64,8,2,vendor|expand
hemm,cdouble,sm_120,64,8,3,vendor|expand
hemm,cdouble,sm_120,64,8,4,expand|vendor
hemm,cdouble,sm_120,64,8,5,expand|vendor
hemm,cdouble,sm_120,64,8,8,expand|vendor
hemm,cdouble,sm_120,64,8,128,expand|vendor
hemm,cdouble,sm_120,64,8,1024,expand|vendor
hemm,cdouble,sm_120,64,8,8192,expand|vendor
hemm,cdouble,sm_120,64,8,32768,expand|vendor
hemm,cdouble,sm_120,64,16,1,vendor|expand
hemm,cdouble,sm_120,64,16,2,vendor|expand
hemm,cdouble,sm_120,64,16,3,vendor|expand
hemm,cdouble,sm_120,64,16,4,expand|vendor
hemm,cdouble,sm_120,64,16,5,expand|vendor
hemm,cdouble,sm_120,64,16,8,expand|vendor
hemm,cdouble,sm_120,64,16,128,expand|vendor
hemm,cdouble,sm_120,64,16,1024,expand|vendor
hemm,cdouble,sm_120,64,16,8192,expand|vendor
hemm,cdouble,sm_120,64,16,32768,expand|vendor
hemm,cdouble,sm_120,64,32,1,vendor|expand
hemm,cdouble,sm_120,64,32,2,vendor|expand
hemm,cdouble,sm_120,64,32,3,vendor|expand
hemm,cdouble,sm_120,64,32,4,expand|vendor
hemm,cdouble,sm_120,64,32,5,expand|vendor
hemm,cdouble,sm_120,64,32,8,expand|vendor
hemm,cdouble,sm_120,64,32,128,expand|vendor
hemm,cdouble,sm_120,64,32,1024,expand|vendor
hemm,cdouble,sm_120,64,32,8192,expand|vendor
hemm,cdouble,sm_120,64,32,32768,expand|vendor
hemm,cdouble,sm_120,64,64,1,vendor|expand
hemm,cdouble,sm_120,64,64,2,vendor|expand
hemm,cdouble,sm_120,64,64,3,vendor|expand
hemm,cdouble,sm_120,64,64,4,expand|vendor
hemm,cdouble,sm_120,64,64,5,expand|vendor
hemm,cdouble,sm_120,64,64,8,expand|vendor
hemm,cdouble,sm_120,64,64,128,expand|vendor
hemm,cdouble,sm_120,64,64,1024,expand|vendor
hemm,cdouble,sm_120,64,64,8192,expand|vendor
hemm,cdouble,sm_120,64,64,32768,expand|vendor
hemm,cdouble,sm_120,64,128,1,vendor|expand
hemm,cdouble,sm_120,64,128,2,vendor|expand
hemm,cdouble,sm_120,64,128,3,vendor|expand
hemm,cdouble,sm_120,64,128,4,expand|vendor
hemm,cdouble,sm_120,64,128,5,expand|vendor
hemm,cdouble,sm_120,64,128,8,expand|vendor
hemm,cdouble,sm_120,64,128,128,expand|vendor
hemm,cdouble,sm_120,64,128,1024,expand|vendor
hemm,cdouble,sm_120,64,128,8192,expand|vendor
hemm,cdouble,sm_120,64,128,32768,expand|vendor
hemm,cdouble,sm_120,64,255,1,vendor|expand
hemm,cdouble,sm_120,64,255,2,vendor|expand
hemm,cdouble,sm_120,64,255,3,vendor|expand
hemm,cdouble,sm_120,64,255,4,expand|vendor
hemm,cdouble,sm_120,64,255,5,expand|vendor
hemm,cdouble,sm_120,64,255,8,expand|vendor
hemm,cdouble,sm_120,64,255,128,expand|vendor
hemm,cdouble,sm_120,64,255,1024,expand|vendor
hemm,cdouble,sm_120,64,255,8192,expand|vendor
hemm,cdouble,sm_120,64,255,32768,expand|vendor
hemm,cdouble,sm_120,64,256,1,expand|vendor
hemm,cdouble,sm_120,64,256,2,expand|vendor
hemm,cdouble,sm_120,64,256,3,expand|vendor
hemm,cdouble,sm_120,64,256,4,expand|vendor
hemm,cdouble,sm_120,64,256,5,expand|vendor
hemm,cdouble,sm_120,64,256,8,expand|vendor
hemm,cdouble,sm_120,64,256,128,expand|vendor
hemm,cdouble,sm_120,64,256,1024,expand|vendor
hemm,cdouble,sm_120,64,256,8192,expand|vendor
hemm,cdouble,sm_120,64,256,32768,expand|vendor
hemm,cdouble,sm_120,64,512,1,expand|vendor
hemm,cdouble,sm_120,64,512,2,expand|vendor
hemm,cdouble,sm_120,64,512,3,expand|vendor
hemm,cdouble,sm_120,64,512,4,expand|vendor
hemm,cdouble,sm_120,64,512,5,expand|vendor
hemm,cdouble,sm_120,64,512,8,expand|vendor
hemm,cdouble,sm_120,64,512,128,expand|vendor
hemm,cdouble,sm_120,64,512,1024,expand|vendor
hemm,cdouble,sm_120,64,512,8192,expand|vendor
hemm,cdouble,sm_120,64,512,32768,expand|vendor
hemm,cdouble,sm_120,64,1024,1,expand|vendor
hemm,cdouble,sm_120,64,1024,2,expand|vendor
hemm,cdouble,sm_120,64,1024,3,expand|vendor
hemm,cdouble,sm_120,64,1024,4,expand|vendor
hemm,cdouble,sm_120,64,1024,5,expand|vendor
hemm,cdouble,sm_120,64,1024,8,expand|vendor
hemm,cdouble,sm_120,64,1024,128,expand|vendor
hemm,cdouble,sm_120,64,1024,1024,expand|vendor
hemm,cdouble,sm_120,64,1024,8192,expand|vendor
hemm,cdouble,sm_120,64,1024,32768,expand|vendor
hemm,cdouble,sm_120,64,2048,1,expand|vendor
hemm,cdouble,sm_120,64,2048,2,expand|vendor
hemm,cdouble,sm_120,64,2048,3,expand|vendor
hemm,cdouble,sm_120,64,2048,4,expand|vendor
hemm,cdouble,sm_120,64,2048,5,expand|vendor
hemm,cdouble,sm_120,64,2048,8,expand|vendor
hemm,cdouble,sm_120,64,2048,128,expand|vendor
hemm,cdouble,sm_120,64,2048,1024,expand|vendor
hemm,cdouble,sm_120,64,2048,8192,expand|vendor
hemm,cdouble,sm_120,64,2048,32768,expand|vendor
hemm,cdouble,sm_120,64,4096,1,expand|vendor
hemm,cdouble,sm_120,64,4096,2,expand|vendor
hemm,cdouble,sm_120,64,4096,3,expand|vendor
hemm,cdouble,sm_120,64,4096,4,expand|vendor
hemm,cdouble,sm_120,64,4096,5,expand|vendor
hemm,cdouble,sm_120,64,4096,8,expand|vendor
hemm,cdouble,sm_120,64,4096,128,expand|vendor
hemm,cdouble,sm_120,64,4096,1024,expand|vendor
hemm,cdouble,sm_120,64,4096,8192,expand|vendor
hemm,cdouble,sm_120,64,4096,32768,expand|vendor
hemm,cdouble,sm_120,128,1,1,vendor|expand
hemm,cdouble,sm_120,128,1,2,vendor|expand
hemm,cdouble,sm_120,128,1,3,vendor|expand
hemm,cdouble,sm_120,128,1,4,expand|vendor
hemm,cdouble,sm_120,128,1,5,expand|vendor
hemm,cdouble,sm_120,128,1,8,expand|vendor
hemm,cdouble,sm_120,128,1,128,expand|vendor
hemm,cdouble,sm_120,128,1,1024,expand|vendor
hemm,cdouble,sm_120,128,1,8192,expand|vendor
hemm,cdouble,sm_120,128,1,32768,expand|vendor
hemm,cdouble,sm_120,128,2,1,vendor|expand
hemm,cdouble,sm_120,128,2,2,vendor|expand
hemm,cdouble,sm_120,128,2,3,vendor|expand
hemm,cdouble,sm_120,128,2,4,expand|vendor
hemm,cdouble,sm_120,128,2,5,expand|vendor
hemm,cdouble,sm_120,128,2,8,expand|vendor
hemm,cdouble,sm_120,128,2,128,expand|vendor
hemm,cdouble,sm_120,128,2,1024,expand|vendor
hemm,cdouble,sm_120,128,2,8192,expand|vendor
hemm,cdouble,sm_120,128,2,32768,expand|vendor
hemm,cdouble,sm_120,128,4,1,vendor|expand
hemm,cdouble,sm_120,128,4,2,vendor|expand
hemm,cdouble,sm_120,128,4,3,vendor|expand
hemm,cdouble,sm_120,128,4,4,expand|vendor
hemm,cdouble,sm_120,128,4,5,expand|vendor
hemm,cdouble,sm_120,128,4,8,expand|vendor
hemm,cdouble,sm_120,128,4,128,expand|vendor
hemm,cdouble,sm_120,128,4,1024,expand|vendor
hemm,cdouble,sm_120,128,4,8192,expand|vendor
hemm,cdouble,sm_120,128,4,32768,expand|vendor
hemm,cdouble,sm_120,128,8,1,vendor|expand
hemm,cdouble,sm_120,128,8,2,vendor|expand
hemm,cdouble,sm_120,128,8,3,vendor|expand
hemm,cdouble,sm_120,128,8,4,expand|vendor
hemm,cdouble,sm_120,128,8,5,expand|vendor
hemm,cdouble,sm_120,128,8,8,expand|vendor
hemm,cdouble,sm_120,128,8,128,expand|vendor
hemm,cdouble,sm_120,128,8,1024,expand|vendor
hemm,cdouble,sm_120,128,8,8192,expand|vendor
hemm,cdouble,sm_120,128,8,32768,expand|vendor
hemm,cdouble,sm_120,128,16,1,vendor|expand
hemm,cdouble,sm_120,128,16,2,vendor|expand
hemm,cdouble,sm_120,128,16,3,vendor|expand
hemm,cdouble,sm_120,128,16,4,expand|vendor
hemm,cdouble,sm_120,128,16,5,expand|vendor
hemm,cdouble,sm_120,128,16,8,expand|vendor
hemm,cdouble,sm_120,128,16,128,expand|vendor
hemm,cdouble,sm_120,128,16,1024,expand|vendor
hemm,cdouble,sm_120,128,16,8192,expand|vendor
hemm,cdouble,sm_120,128,16,32768,expand|vendor
hemm,cdouble,sm_120,128,32,1,vendor|expand
hemm,cdouble,sm_120,128,32,2,vendor|expand
hemm,cdouble,sm_120,128,32,3,vendor|expand
hemm,cdouble,sm_120,128,32,4,expand|vendor
hemm,cdouble,sm_120,128,32,5,expand|vendor
hemm,cdouble,sm_120,128,32,8,expand|vendor
hemm,cdouble,sm_120,128,32,128,expand|vendor
hemm,cdouble,sm_120,128,32,1024,expand|vendor
hemm,cdouble,sm_120,128,32,8192,expand|vendor
hemm,cdouble,sm_120,128,32,32768,expand|vendor
hemm,cdouble,sm_120,128,64,1,vendor|expand
hemm,cdouble,sm_120,128,64,2,vendor|expand
hemm,cdouble,sm_120,128,64,3,vendor|expand
hemm,cdouble,sm_120,128,64,4,expand|vendor
hemm,cdouble,sm_120,128,64,5,expand|vendor
hemm,cdouble,sm_120,128,64,8,expand|vendor
hemm,cdouble,sm_120,128,64,128,expand|vendor
hemm,cdouble,sm_120,128,64,1024,expand|vendor
hemm,cdouble,sm_120,128,64,8192,expand|vendor
hemm,cdouble,sm_120,128,64,32768,expand|vendor
hemm,cdouble,sm_120,128,128,1,vendor|expand
hemm,cdouble,sm_120,128,128,2,vendor|expand
hemm,cdouble,sm_120,128,128,3,vendor|expand
hemm,cdouble,sm_120,128,128,4,expand|vendor
hemm,cdouble,sm_120,128,128,5,expand|vendor
hemm,cdouble,sm_120,128,128,8,expand|vendor
hemm,cdouble,sm_120,128,128,128,expand|vendor
hemm,cdouble,sm_120,128,128,1024,expand|vendor
hemm,cdouble,sm_120,128,128,8192,expand|vendor
hemm,cdouble,sm_120,128,128,32768,expand|vendor
hemm,cdouble,sm_120,128,255,1,vendor|expand
hemm,cdouble,sm_120,128,255,2,vendor|expand
hemm,cdouble,sm_120,128,255,3,vendor|expand
hemm,cdouble,sm_120,128,255,4,expand|vendor
hemm,cdouble,sm_120,128,255,5,expand|vendor
hemm,cdouble,sm_120,128,255,8,expand|vendor
hemm,cdouble,sm_120,128,255,128,expand|vendor
hemm,cdouble,sm_120,128,255,1024,expand|vendor
hemm,cdouble,sm_120,128,255,8192,expand|vendor
hemm,cdouble,sm_120,128,255,32768,expand|vendor
hemm,cdouble,sm_120,128,256,1,expand|vendor
hemm,cdouble,sm_120,128,256,2,expand|vendor
hemm,cdouble,sm_120,128,256,3,expand|vendor
hemm,cdouble,sm_120,128,256,4,expand|vendor
hemm,cdouble,sm_120,128,256,5,expand|vendor
hemm,cdouble,sm_120,128,256,8,expand|vendor
hemm,cdouble,sm_120,128,256,128,expand|vendor
hemm,cdouble,sm_120,128,256,1024,expand|vendor
hemm,cdouble,sm_120,128,256,8192,expand|vendor
hemm,cdouble,sm_120,128,256,32768,expand|vendor
hemm,cdouble,sm_120,128,512,1,expand|vendor
hemm,cdouble,sm_120,128,512,2,expand|vendor
hemm,cdouble,sm_120,128,512,3,expand|vendor
hemm,cdouble,sm_120,128,512,4,expand|vendor
hemm,cdouble,sm_120,128,512,5,expand|vendor
hemm,cdouble,sm_120,128,512,8,expand|vendor
hemm,cdouble,sm_120,128,512,128,expand|vendor
hemm,cdouble,sm_120,128,512,1024,expand|vendor
hemm,cdouble,sm_120,128,512,8192,expand|vendor
hemm,cdouble,sm_120,128,512,32768,expand|vendor
hemm,cdouble,sm_120,128,1024,1,expand|vendor
hemm,cdouble,sm_120,128,1024,2,expand|vendor
hemm,cdouble,sm_120,128,1024,3,expand|vendor
hemm,cdouble,sm_120,128,1024,4,expand|vendor
hemm,cdouble,sm_120,128,1024,5,expand|vendor
hemm,cdouble,sm_120,128,1024,8,expand|vendor
hemm,cdouble,sm_120,128,1024,128,expand|vendor
hemm,cdouble,sm_120,128,1024,1024,expand|vendor
hemm,cdouble,sm_120,128,1024,8192,expand|vendor
hemm,cdouble,sm_120,128,1024,32768,expand|vendor
hemm,cdouble,sm_120,128,2048,1,expand|vendor
hemm,cdouble,sm_120,128,2048,2,expand|vendor
hemm,cdouble,sm_120,128,2048,3,expand|vendor
hemm,cdouble,sm_120,128,2048,4,expand|vendor
hemm,cdouble,sm_120,128,2048,5,expand|vendor
hemm,cdouble,sm_120,128,2048,8,expand|vendor
hemm,cdouble,sm_120,128,2048,128,expand|vendor
hemm,cdouble,sm_120,128,2048,1024,expand|vendor
hemm,cdouble,sm_120,128,2048,8192,expand|vendor
hemm,cdouble,sm_120,128,2048,32768,expand|vendor
hemm,cdouble,sm_120,128,4096,1,expand|vendor
hemm,cdouble,sm_120,128,4096,2,expand|vendor
hemm,cdouble,sm_120,128,4096,3,expand|vendor
hemm,cdouble,sm_120,128,4096,4,expand|vendor
hemm,cdouble,sm_120,128,4096,5,expand|vendor
hemm,cdouble,sm_120,128,4096,8,expand|vendor
hemm,cdouble,sm_120,128,4096,128,expand|vendor
hemm,cdouble,sm_120,128,4096,1024,expand|vendor
hemm,cdouble,sm_120,128,4096,8192,expand|vendor
hemm,cdouble,sm_120,128,4096,32768,expand|vendor
hemm,cdouble,sm_120,255,1,1,vendor|expand
hemm,cdouble,sm_120,255,1,2,vendor|expand
hemm,cdouble,sm_120,255,1,3,vendor|expand
hemm,cdouble,sm_120,255,1,4,expand|vendor
hemm,cdouble,sm_120,255,1,5,expand|vendor
hemm,cdouble,sm_120,255,1,8,expand|vendor
hemm,cdouble,sm_120,255,1,128,expand|vendor
hemm,cdouble,sm_120,255,1,1024,expand|vendor
hemm,cdouble,sm_120,255,1,8192,expand|vendor
hemm,cdouble,sm_120,255,1,32768,expand|vendor
hemm,cdouble,sm_120,255,2,1,vendor|expand
hemm,cdouble,sm_120,255,2,2,vendor|expand
hemm,cdouble,sm_120,255,2,3,vendor|expand
hemm,cdouble,sm_120,255,2,4,expand|vendor
hemm,cdouble,sm_120,255,2,5,expand|vendor
hemm,cdouble,sm_120,255,2,8,expand|vendor
hemm,cdouble,sm_120,255,2,128,expand|vendor
hemm,cdouble,sm_120,255,2,1024,expand|vendor
hemm,cdouble,sm_120,255,2,8192,expand|vendor
hemm,cdouble,sm_120,255,2,32768,expand|vendor
hemm,cdouble,sm_120,255,4,1,vendor|expand
hemm,cdouble,sm_120,255,4,2,vendor|expand
hemm,cdouble,sm_120,255,4,3,vendor|expand
hemm,cdouble,sm_120,255,4,4,expand|vendor
hemm,cdouble,sm_120,255,4,5,expand|vendor
hemm,cdouble,sm_120,255,4,8,expand|vendor
hemm,cdouble,sm_120,255,4,128,expand|vendor
hemm,cdouble,sm_120,255,4,1024,expand|vendor
hemm,cdouble,sm_120,255,4,8192,expand|vendor
hemm,cdouble,sm_120,255,4,32768,expand|vendor
hemm,cdouble,sm_120,255,8,1,vendor|expand
hemm,cdouble,sm_120,255,8,2,vendor|expand
hemm,cdouble,sm_120,255,8,3,vendor|expand
hemm,cdouble,sm_120,255,8,4,expand|vendor
hemm,cdouble,sm_120,255,8,5,expand|vendor
hemm,cdouble,sm_120,255,8,8,expand|vendor
hemm,cdouble,sm_120,255,8,128,expand|vendor
hemm,cdouble,sm_120,255,8,1024,expand|vendor
hemm,cdouble,sm_120,255,8,8192,expand|vendor
hemm,cdouble,sm_120,255,8,32768,expand|vendor
hemm,cdouble,sm_120,255,16,1,vendor|expand
hemm,cdouble,sm_120,255,16,2,vendor|expand
hemm,cdouble,sm_120,255,16,3,vendor|expand
hemm,cdouble,sm_120,255,16,4,expand|vendor
hemm,cdouble,sm_120,255,16,5,expand|vendor
hemm,cdouble,sm_120,255,16,8,expand|vendor
hemm,cdouble,sm_120,255,16,128,expand|vendor
hemm,cdouble,sm_120,255,16,1024,expand|vendor
hemm,cdouble,sm_120,255,16,8192,expand|vendor
hemm,cdouble,sm_120,255,16,32768,expand|vendor
hemm,cdouble,sm_120,255,32,1,vendor|expand
hemm,cdouble,sm_120,255,32,2,vendor|expand
hemm,cdouble,sm_120,255,32,3,vendor|expand
hemm,cdouble,sm_120,255,32,4,expand|vendor
hemm,cdouble,sm_120,255,32,5,expand|vendor
hemm,cdouble,sm_120,255,32,8,expand|vendor
hemm,cdouble,sm_120,255,32,128,expand|vendor
hemm,cdouble,sm_120,255,32,1024,expand|vendor
hemm,cdouble,sm_120,255,32,8192,expand|vendor
hemm,cdouble,sm_120,255,32,32768,expand|vendor
hemm,cdouble,sm_120,255,64,1,vendor|expand
hemm,cdouble,sm_120,255,64,2,vendor|expand
hemm,cdouble,sm_120,255,64,3,vendor|expand
hemm,cdouble,sm_120,255,64,4,expand|vendor
hemm,cdouble,sm_120,255,64,5,expand|vendor
hemm,cdouble,sm_120,255,64,8,expand|vendor
hemm,cdouble,sm_120,255,64,128,expand|vendor
hemm,cdouble,sm_120,255,64,1024,expand|vendor
hemm,cdouble,sm_120,255,64,8192,expand|vendor
hemm,cdouble,sm_120,255,64,32768,expand|vendor
hemm,cdouble,sm_120,255,128,1,vendor|expand
hemm,cdouble,sm_120,255,128,2,vendor|expand
hemm,cdouble,sm_120,255,128,3,vendor|expand
hemm,cdouble,sm_120,255,128,4,expand|vendor
hemm,cdouble,sm_120,255,128,5,expand|vendor
hemm,cdouble,sm_120,255,128,8,expand|vendor
hemm,cdouble,sm_120,255,128,128,expand|vendor
hemm,cdouble,sm_120,255,128,1024,expand|vendor
hemm,cdouble,sm_120,255,128,8192,expand|vendor
hemm,cdouble,sm_120,255,128,32768,expand|vendor
hemm,cdouble,sm_120,255,255,1,vendor|expand
hemm,cdouble,sm_120,255,255,2,vendor|expand
hemm,cdouble,sm_120,255,255,3,vendor|expand
hemm,cdouble,sm_120,255,255,4,expand|vendor
hemm,cdouble,sm_120,255,255,5,expand|vendor
hemm,cdouble,sm_120,255,255,8,expand|vendor
hemm,cdouble,sm_120,255,255,128,expand|vendor
hemm,cdouble,sm_120,255,255,1024,expand|vendor
hemm,cdouble,sm_120,255,255,8192,expand|vendor
hemm,cdouble,sm_120,255,255,32768,expand|vendor
hemm,cdouble,sm_120,255,256,1,expand|vendor
hemm,cdouble,sm_120,255,256,2,expand|vendor
hemm,cdouble,sm_120,255,256,3,expand|vendor
hemm,cdouble,sm_120,255,256,4,expand|vendor
hemm,cdouble,sm_120,255,256,5,expand|vendor
hemm,cdouble,sm_120,255,256,8,expand|vendor
hemm,cdouble,sm_120,255,256,128,expand|vendor
hemm,cdouble,sm_120,255,256,1024,expand|vendor
hemm,cdouble,sm_120,255,256,8192,expand|vendor
hemm,cdouble,sm_120,255,256,32768,expand|vendor
hemm,cdouble,sm_120,255,512,1,expand|vendor
hemm,cdouble,sm_120,255,512,2,expand|vendor
hemm,cdouble,sm_120,255,512,3,expand|vendor
hemm,cdouble,sm_120,255,512,4,expand|vendor
hemm,cdouble,sm_120,255,512,5,expand|vendor
hemm,cdouble,sm_120,255,512,8,expand|vendor
hemm,cdouble,sm_120,255,512,128,expand|vendor
hemm,cdouble,sm_120,255,512,1024,expand|vendor
hemm,cdouble,sm_120,255,512,8192,expand|vendor
hemm,cdouble,sm_120,255,512,32768,expand|vendor
hemm,cdouble,sm_120,255,1024,1,expand|vendor
hemm,cdouble,sm_120,255,1024,2,expand|vendor
hemm,cdouble,sm_120,255,1024,3,expand|vendor
hemm,cdouble,sm_120,255,1024,4,expand|vendor
hemm,cdouble,sm_120,255,1024,5,expand|vendor
hemm,cdouble,sm_120,255,1024,8,expand|vendor
hemm,cdouble,sm_120,255,1024,128,expand|vendor
hemm,cdouble,sm_120,255,1024,1024,expand|vendor
hemm,cdouble,sm_120,255,1024,8192,expand|vendor
hemm,cdouble,sm_120,255,1024,32768,expand|vendor
hemm,cdouble,sm_120,255,2048,1,expand|vendor
hemm,cdouble,sm_120,255,2048,2,expand|vendor
hemm,cdouble,sm_120,255,2048,3,expand|vendor
hemm,cdouble,sm_120,255,2048,4,expand|vendor
hemm,cdouble,sm_120,255,2048,5,expand|vendor
hemm,cdouble,sm_120,255,2048,8,expand|vendor
hemm,cdouble,sm_120,255,2048,128,expand|vendor
hemm,cdouble,sm_120,255,2048,1024,expand|vendor
hemm,cdouble,sm_120,255,2048,8192,expand|vendor
hemm,cdouble,sm_120,255,2048,32768,expand|vendor
hemm,cdouble,sm_120,255,4096,1,expand|vendor
hemm,cdouble,sm_120,255,4096,2,expand|vendor
hemm,cdouble,sm_120,255,4096,3,expand|vendor
hemm,cdouble,sm_120,255,4096,4,expand|vendor
hemm,cdouble,sm_120,255,4096,5,expand|vendor
hemm,cdouble,sm_120,255,4096,8,expand|vendor
hemm,cdouble,sm_120,255,4096,128,expand|vendor
hemm,cdouble,sm_120,255,4096,1024,expand|vendor
hemm,cdouble,sm_120,255,4096,8192,expand|vendor
hemm,cdouble,sm_120,255,4096,32768,expand|vendor
hemm,cdouble,sm_120,256,1,1,expand|vendor
hemm,cdouble,sm_120,256,1,2,expand|vendor
hemm,cdouble,sm_120,256,1,3,expand|vendor
hemm,cdouble,sm_120,256,1,4,expand|vendor
hemm,cdouble,sm_120,256,1,5,expand|vendor
hemm,cdouble,sm_120,256,1,8,expand|vendor
hemm,cdouble,sm_120,256,1,128,expand|vendor
hemm,cdouble,sm_120,256,1,1024,expand|vendor
hemm,cdouble,sm_120,256,1,8192,expand|vendor
hemm,cdouble,sm_120,256,1,32768,expand|vendor
hemm,cdouble,sm_120,256,2,1,expand|vendor
hemm,cdouble,sm_120,256,2,2,expand|vendor
hemm,cdouble,sm_120,256,2,3,expand|vendor
hemm,cdouble,sm_120,256,2,4,expand|vendor
hemm,cdouble,sm_120,256,2,5,expand|vendor
hemm,cdouble,sm_120,256,2,8,expand|vendor
hemm,cdouble,sm_120,256,2,128,expand|vendor
hemm,cdouble,sm_120,256,2,1024,expand|vendor
hemm,cdouble,sm_120,256,2,8192,expand|vendor
hemm,cdouble,sm_120,256,2,32768,expand|vendor
hemm,cdouble,sm_120,256,4,1,expand|vendor
hemm,cdouble,sm_120,256,4,2,expand|vendor
hemm,cdouble,sm_120,256,4,3,expand|vendor
hemm,cdouble,sm_120,256,4,4,expand|vendor
hemm,cdouble,sm_120,256,4,5,expand|vendor
hemm,cdouble,sm_120,256,4,8,expand|vendor
hemm,cdouble,sm_120,256,4,128,expand|vendor
hemm,cdouble,sm_120,256,4,1024,expand|vendor
hemm,cdouble,sm_120,256,4,8192,expand|vendor
hemm,cdouble,sm_120,256,4,32768,expand|vendor
hemm,cdouble,sm_120,256,8,1,expand|vendor
hemm,cdouble,sm_120,256,8,2,expand|vendor
hemm,cdouble,sm_120,256,8,3,expand|vendor
hemm,cdouble,sm_120,256,8,4,expand|vendor
hemm,cdouble,sm_120,256,8,5,expand|vendor
hemm,cdouble,sm_120,256,8,8,expand|vendor
hemm,cdouble,sm_120,256,8,128,expand|vendor
hemm,cdouble,sm_120,256,8,1024,expand|vendor
hemm,cdouble,sm_120,256,8,8192,expand|vendor
hemm,cdouble,sm_120,256,8,32768,expand|vendor
hemm,cdouble,sm_120,256,16,1,expand|vendor
hemm,cdouble,sm_120,256,16,2,expand|vendor
hemm,cdouble,sm_120,256,16,3,expand|vendor
hemm,cdouble,sm_120,256,16,4,expand|vendor
hemm,cdouble,sm_120,256,16,5,expand|vendor
hemm,cdouble,sm_120,256,16,8,expand|vendor
hemm,cdouble,sm_120,256,16,128,expand|vendor
hemm,cdouble,sm_120,256,16,1024,expand|vendor
hemm,cdouble,sm_120,256,16,8192,expand|vendor
hemm,cdouble,sm_120,256,16,32768,expand|vendor
hemm,cdouble,sm_120,256,32,1,expand|vendor
hemm,cdouble,sm_120,256,32,2,expand|vendor
hemm,cdouble,sm_120,256,32,3,expand|vendor
hemm,cdouble,sm_120,256,32,4,expand|vendor
hemm,cdouble,sm_120,256,32,5,expand|vendor
hemm,cdouble,sm_120,256,32,8,expand|vendor
hemm,cdouble,sm_120,256,32,128,expand|vendor
hemm,cdouble,sm_120,256,32,1024,expand|vendor
hemm,cdouble,sm_120,256,32,8192,expand|vendor
hemm,cdouble,sm_120,256,32,32768,expand|vendor
hemm,cdouble,sm_120,256,64,1,expand|vendor
hemm,cdouble,sm_120,256,64,2,expand|vendor
hemm,cdouble,sm_120,256,64,3,expand|vendor
hemm,cdouble,sm_120,256,64,4,expand|vendor
hemm,cdouble,sm_120,256,64,5,expand|vendor
hemm,cdouble,sm_120,256,64,8,expand|vendor
hemm,cdouble,sm_120,256,64,128,expand|vendor
hemm,cdouble,sm_120,256,64,1024,expand|vendor
hemm,cdouble,sm_120,256,64,8192,expand|vendor
hemm,cdouble,sm_120,256,64,32768,expand|vendor
hemm,cdouble,sm_120,256,128,1,expand|vendor
hemm,cdouble,sm_120,256,128,2,expand|vendor
hemm,cdouble,sm_120,256,128,3,expand|vendor
hemm,cdouble,sm_120,256,128,4,expand|vendor
hemm,cdouble,sm_120,256,128,5,expand|vendor
hemm,cdouble,sm_120,256,128,8,expand|vendor
hemm,cdouble,sm_120,256,128,128,expand|vendor
hemm,cdouble,sm_120,256,128,1024,expand|vendor
hemm,cdouble,sm_120,256,128,8192,expand|vendor
hemm,cdouble,sm_120,256,128,32768,expand|vendor
hemm,cdouble,sm_120,256,255,1,expand|vendor
hemm,cdouble,sm_120,256,255,2,expand|vendor
hemm,cdouble,sm_120,256,255,3,expand|vendor
hemm,cdouble,sm_120,256,255,4,expand|vendor
hemm,cdouble,sm_120,256,255,5,expand|vendor
hemm,cdouble,sm_120,256,255,8,expand|vendor
hemm,cdouble,sm_120,256,255,128,expand|vendor
hemm,cdouble,sm_120,256,255,1024,expand|vendor
hemm,cdouble,sm_120,256,255,8192,expand|vendor
hemm,cdouble,sm_120,256,255,32768,expand|vendor
hemm,cdouble,sm_120,256,256,1,expand|vendor
hemm,cdouble,sm_120,256,256,2,expand|vendor
hemm,cdouble,sm_120,256,256,3,expand|vendor
hemm,cdouble,sm_120,256,256,4,expand|vendor
hemm,cdouble,sm_120,256,256,5,expand|vendor
hemm,cdouble,sm_120,256,256,8,expand|vendor
hemm,cdouble,sm_120,256,256,128,expand|vendor
hemm,cdouble,sm_120,256,256,1024,expand|vendor
hemm,cdouble,sm_120,256,256,8192,expand|vendor
hemm,cdouble,sm_120,256,256,32768,expand|vendor
hemm,cdouble,sm_120,256,512,1,expand|vendor
hemm,cdouble,sm_120,256,512,2,expand|vendor
hemm,cdouble,sm_120,256,512,3,expand|vendor
hemm,cdouble,sm_120,256,512,4,expand|vendor
hemm,cdouble,sm_120,256,512,5,expand|vendor
hemm,cdouble,sm_120,256,512,8,expand|vendor
hemm,cdouble,sm_120,256,512,128,expand|vendor
hemm,cdouble,sm_120,256,512,1024,expand|vendor
hemm,cdouble,sm_120,256,512,8192,expand|vendor
hemm,cdouble,sm_120,256,512,32768,expand|vendor
hemm,cdouble,sm_120,256,1024,1,expand|vendor
hemm,cdouble,sm_120,256,1024,2,expand|vendor
hemm,cdouble,sm_120,256,1024,3,expand|vendor
hemm,cdouble,sm_120,256,1024,4,expand|vendor
hemm,cdouble,sm_120,256,1024,5,expand|vendor
hemm,cdouble,sm_120,256,1024,8,expand|vendor
hemm,cdouble,sm_120,256,1024,128,expand|vendor
hemm,cdouble,sm_120,256,1024,1024,expand|vendor
hemm,cdouble,sm_120,256,1024,8192,expand|vendor
hemm,cdouble,sm_120,256,1024,32768,expand|vendor
hemm,cdouble,sm_120,256,2048,1,expand|vendor
hemm,cdouble,sm_120,256,2048,2,expand|vendor
hemm,cdouble,sm_120,256,2048,3,expand|vendor
hemm,cdouble,sm_120,256,2048,4,expand|vendor
hemm,cdouble,sm_120,256,2048,5,expand|vendor
hemm,cdouble,sm_120,256,2048,8,expand|vendor
hemm,cdouble,sm_120,256,2048,128,expand|vendor
hemm,cdouble,sm_120,256,2048,1024,expand|vendor
hemm,cdouble,sm_120,256,2048,8192,expand|vendor
hemm,cdouble,sm_120,256,2048,32768,expand|vendor
hemm,cdouble,sm_120,256,4096,1,expand|vendor
hemm,cdouble,sm_120,256,4096,2,expand|vendor
hemm,cdouble,sm_120,256,4096,3,expand|vendor
hemm,cdouble,sm_120,256,4096,4,expand|vendor
hemm,cdouble,sm_120,256,4096,5,expand|vendor
hemm,cdouble,sm_120,256,4096,8,expand|vendor
hemm,cdouble,sm_120,256,4096,128,expand|vendor
hemm,cdouble,sm_120,256,4096,1024,expand|vendor
hemm,cdouble,sm_120,256,4096,8192,expand|vendor
hemm,cdouble,sm_120,256,4096,32768,expand|vendor
hemm,cdouble,sm_120,512,1,1,expand|vendor
hemm,cdouble,sm_120,512,1,2,expand|vendor
hemm,cdouble,sm_120,512,1,3,expand|vendor
hemm,cdouble,sm_120,512,1,4,expand|vendor
hemm,cdouble,sm_120,512,1,5,expand|vendor
hemm,cdouble,sm_120,512,1,8,expand|vendor
hemm,cdouble,sm_120,512,1,128,expand|vendor
hemm,cdouble,sm_120,512,1,1024,expand|vendor
hemm,cdouble,sm_120,512,1,8192,expand|vendor
hemm,cdouble,sm_120,512,1,32768,expand|vendor
hemm,cdouble,sm_120,512,2,1,expand|vendor
hemm,cdouble,sm_120,512,2,2,expand|vendor
hemm,cdouble,sm_120,512,2,3,expand|vendor
hemm,cdouble,sm_120,512,2,4,expand|vendor
hemm,cdouble,sm_120,512,2,5,expand|vendor
hemm,cdouble,sm_120,512,2,8,expand|vendor
hemm,cdouble,sm_120,512,2,128,expand|vendor
hemm,cdouble,sm_120,512,2,1024,expand|vendor
hemm,cdouble,sm_120,512,2,8192,expand|vendor
hemm,cdouble,sm_120,512,2,32768,expand|vendor
hemm,cdouble,sm_120,512,4,1,expand|vendor
hemm,cdouble,sm_120,512,4,2,expand|vendor
hemm,cdouble,sm_120,512,4,3,expand|vendor
hemm,cdouble,sm_120,512,4,4,expand|vendor
hemm,cdouble,sm_120,512,4,5,expand|vendor
hemm,cdouble,sm_120,512,4,8,expand|vendor
hemm,cdouble,sm_120,512,4,128,expand|vendor
hemm,cdouble,sm_120,512,4,1024,expand|vendor
hemm,cdouble,sm_120,512,4,8192,expand|vendor
hemm,cdouble,sm_120,512,4,32768,expand|vendor
hemm,cdouble,sm_120,512,8,1,expand|vendor
hemm,cdouble,sm_120,512,8,2,expand|vendor
hemm,cdouble,sm_120,512,8,3,expand|vendor
hemm,cdouble,sm_120,512,8,4,expand|vendor
hemm,cdouble,sm_120,512,8,5,expand|vendor
hemm,cdouble,sm_120,512,8,8,expand|vendor
hemm,cdouble,sm_120,512,8,128,expand|vendor
hemm,cdouble,sm_120,512,8,1024,expand|vendor
hemm,cdouble,sm_120,512,8,8192,expand|vendor
hemm,cdouble,sm_120,512,8,32768,expand|vendor
hemm,cdouble,sm_120,512,16,1,expand|vendor
hemm,cdouble,sm_120,512,16,2,expand|vendor
hemm,cdouble,sm_120,512,16,3,expand|vendor
hemm,cdouble,sm_120,512,16,4,expand|vendor
hemm,cdouble,sm_120,512,16,5,expand|vendor
hemm,cdouble,sm_120,512,16,8,expand|vendor
hemm,cdouble,sm_120,512,16,128,expand|vendor
hemm,cdouble,sm_120,512,16,1024,expand|vendor
hemm,cdouble,sm_120,512,16,8192,expand|vendor
hemm,cdouble,sm_120,512,16,32768,expand|vendor
hemm,cdouble,sm_120,512,32,1,expand|vendor
hemm,cdouble,sm_120,512,32,2,expand|vendor
hemm,cdouble,sm_120,512,32,3,expand|vendor
hemm,cdouble,sm_120,512,32,4,expand|vendor
hemm,cdouble,sm_120,512,32,5,expand|vendor
hemm,cdouble,sm_120,512,32,8,expand|vendor
hemm,cdouble,sm_120,512,32,128,expand|vendor
hemm,cdouble,sm_120,512,32,1024,expand|vendor
hemm,cdouble,sm_120,512,32,8192,expand|vendor
hemm,cdouble,sm_120,512,32,32768,expand|vendor
hemm,cdouble,sm_120,512,64,1,expand|vendor
hemm,cdouble,sm_120,512,64,2,expand|vendor
hemm,cdouble,sm_120,512,64,3,expand|vendor
hemm,cdouble,sm_120,512,64,4,expand|vendor
hemm,cdouble,sm_120,512,64,5,expand|vendor
hemm,cdouble,sm_120,512,64,8,expand|vendor
hemm,cdouble,sm_120,512,64,128,expand|vendor
hemm,cdouble,sm_120,512,64,1024,expand|vendor
hemm,cdouble,sm_120,512,64,8192,expand|vendor
hemm,cdouble,sm_120,512,64,32768,expand|vendor
hemm,cdouble,sm_120,512,128,1,expand|vendor
hemm,cdouble,sm_120,512,128,2,expand|vendor
hemm,cdouble,sm_120,512,128,3,expand|vendor
hemm,cdouble,sm_120,512,128,4,expand|vendor
hemm,cdouble,sm_120,512,128,5,expand|vendor
hemm,cdouble,sm_120,512,128,8,expand|vendor
hemm,cdouble,sm_120,512,128,128,expand|vendor
hemm,cdouble,sm_120,512,128,1024,expand|vendor
hemm,cdouble,sm_120,512,128,8192,expand|vendor
hemm,cdouble,sm_120,512,128,32768,expand|vendor
hemm,cdouble,sm_120,512,255,1,expand|vendor
hemm,cdouble,sm_120,512,255,2,expand|vendor
hemm,cdouble,sm_120,512,255,3,expand|vendor
hemm,cdouble,sm_120,512,255,4,expand|vendor
hemm,cdouble,sm_120,512,255,5,expand|vendor
hemm,cdouble,sm_120,512,255,8,expand|vendor
hemm,cdouble,sm_120,512,255,128,expand|vendor
hemm,cdouble,sm_120,512,255,1024,expand|vendor
hemm,cdouble,sm_120,512,255,8192,expand|vendor
hemm,cdouble,sm_120,512,255,32768,expand|vendor
hemm,cdouble,sm_120,512,256,1,expand|vendor
hemm,cdouble,sm_120,512,256,2,expand|vendor
hemm,cdouble,sm_120,512,256,3,expand|vendor
hemm,cdouble,sm_120,512,256,4,expand|vendor
hemm,cdouble,sm_120,512,256,5,expand|vendor
hemm,cdouble,sm_120,512,256,8,expand|vendor
hemm,cdouble,sm_120,512,256,128,expand|vendor
hemm,cdouble,sm_120,512,256,1024,expand|vendor
hemm,cdouble,sm_120,512,256,8192,expand|vendor
hemm,cdouble,sm_120,512,256,32768,expand|vendor
hemm,cdouble,sm_120,512,512,1,expand|vendor
hemm,cdouble,sm_120,512,512,2,expand|vendor
hemm,cdouble,sm_120,512,512,3,expand|vendor
hemm,cdouble,sm_120,512,512,4,expand|vendor
hemm,cdouble,sm_120,512,512,5,expand|vendor
hemm,cdouble,sm_120,512,512,8,expand|vendor
hemm,cdouble,sm_120,512,512,128,expand|vendor
hemm,cdouble,sm_120,512,512,1024,expand|vendor
hemm,cdouble,sm_120,512,512,8192,expand|vendor
hemm,cdouble,sm_120,512,512,32768,expand|vendor
hemm,cdouble,sm_120,512,1024,1,expand|vendor
hemm,cdouble,sm_120,512,1024,2,expand|vendor
hemm,cdouble,sm_120,512,1024,3,expand|vendor
hemm,cdouble,sm_120,512,1024,4,expand|vendor
hemm,cdouble,sm_120,512,1024,5,expand|vendor
hemm,cdouble,sm_120,512,1024,8,expand|vendor
hemm,cdouble,sm_120,512,1024,128,expand|vendor
hemm,cdouble,sm_120,512,1024,1024,expand|vendor
hemm,cdouble,sm_120,512,1024,8192,expand|vendor
hemm,cdouble,sm_120,512,1024,32768,expand|vendor
hemm,cdouble,sm_120,512,2048,1,expand|vendor
hemm,cdouble,sm_120,512,2048,2,expand|vendor
hemm,cdouble,sm_120,512,2048,3,expand|vendor
hemm,cdouble,sm_120,512,2048,4,expand|vendor
hemm,cdouble,sm_120,512,2048,5,expand|vendor
hemm,cdouble,sm_120,512,2048,8,expand|vendor
hemm,cdouble,sm_120,512,2048,128,expand|vendor
hemm,cdouble,sm_120,512,2048,1024,expand|vendor
hemm,cdouble,sm_120,512,2048,8192,expand|vendor
hemm,cdouble,sm_120,512,2048,32768,expand|vendor
hemm,cdouble,sm_120,512,4096,1,expand|vendor
hemm,cdouble,sm_120,512,4096,2,expand|vendor
hemm,cdouble,sm_120,512,4096,3,expand|vendor
hemm,cdouble,sm_120,512,4096,4,expand|vendor
hemm,cdouble,sm_120,512,4096,5,expand|vendor
hemm,cdouble,sm_120,512,4096,8,expand|vendor
hemm,cdouble,sm_120,512,4096,128,expand|vendor
hemm,cdouble,sm_120,512,4096,1024,expand|vendor
hemm,cdouble,sm_120,512,4096,8192,expand|vendor
hemm,cdouble,sm_120,512,4096,32768,expand|vendor
hemm,cdouble,sm_120,1024,1,1,expand|vendor
hemm,cdouble,sm_120,1024,1,2,expand|vendor
hemm,cdouble,sm_120,1024,1,3,expand|vendor
hemm,cdouble,sm_120,1024,1,4,expand|vendor
hemm,cdouble,sm_120,1024,1,5,expand|vendor
hemm,cdouble,sm_120,1024,1,8,expand|vendor
hemm,cdouble,sm_120,1024,1,128,expand|vendor
hemm,cdouble,sm_120,1024,1,1024,expand|vendor
hemm,cdouble,sm_120,1024,1,8192,expand|vendor
hemm,cdouble,sm_120,1024,1,32768,expand|vendor
hemm,cdouble,sm_120,1024,2,1,expand|vendor
hemm,cdouble,sm_120,1024,2,2,expand|vendor
hemm,cdouble,sm_120,1024,2,3,expand|vendor
hemm,cdouble,sm_120,1024,2,4,expand|vendor
hemm,cdouble,sm_120,1024,2,5,expand|vendor
hemm,cdouble,sm_120,1024,2,8,expand|vendor
hemm,cdouble,sm_120,1024,2,128,expand|vendor
hemm,cdouble,sm_120,1024,2,1024,expand|vendor
hemm,cdouble,sm_120,1024,2,8192,expand|vendor
hemm,cdouble,sm_120,1024,2,32768,expand|vendor
hemm,cdouble,sm_120,1024,4,1,expand|vendor
hemm,cdouble,sm_120,1024,4,2,expand|vendor
hemm,cdouble,sm_120,1024,4,3,expand|vendor
hemm,cdouble,sm_120,1024,4,4,expand|vendor
hemm,cdouble,sm_120,1024,4,5,expand|vendor
hemm,cdouble,sm_120,1024,4,8,expand|vendor
hemm,cdouble,sm_120,1024,4,128,expand|vendor
hemm,cdouble,sm_120,1024,4,1024,expand|vendor
hemm,cdouble,sm_120,1024,4,8192,expand|vendor
hemm,cdouble,sm_120,1024,4,32768,expand|vendor
hemm,cdouble,sm_120,1024,8,1,expand|vendor
hemm,cdouble,sm_120,1024,8,2,expand|vendor
hemm,cdouble,sm_120,1024,8,3,expand|vendor
hemm,cdouble,sm_120,1024,8,4,expand|vendor
hemm,cdouble,sm_120,1024,8,5,expand|vendor
hemm,cdouble,sm_120,1024,8,8,expand|vendor
hemm,cdouble,sm_120,1024,8,128,expand|vendor
hemm,cdouble,sm_120,1024,8,1024,expand|vendor
hemm,cdouble,sm_120,1024,8,8192,expand|vendor
hemm,cdouble,sm_120,1024,8,32768,expand|vendor
hemm,cdouble,sm_120,1024,16,1,expand|vendor
hemm,cdouble,sm_120,1024,16,2,expand|vendor
hemm,cdouble,sm_120,1024,16,3,expand|vendor
hemm,cdouble,sm_120,1024,16,4,expand|vendor
hemm,cdouble,sm_120,1024,16,5,expand|vendor
hemm,cdouble,sm_120,1024,16,8,expand|vendor
hemm,cdouble,sm_120,1024,16,128,expand|vendor
hemm,cdouble,sm_120,1024,16,1024,expand|vendor
hemm,cdouble,sm_120,1024,16,8192,expand|vendor
hemm,cdouble,sm_120,1024,16,32768,expand|vendor
hemm,cdouble,sm_120,1024,32,1,expand|vendor
hemm,cdouble,sm_120,1024,32,2,expand|vendor
hemm,cdouble,sm_120,1024,32,3,expand|vendor
hemm,cdouble,sm_120,1024,32,4,expand|vendor
hemm,cdouble,sm_120,1024,32,5,expand|vendor
hemm,cdouble,sm_120,1024,32,8,expand|vendor
hemm,cdouble,sm_120,1024,32,128,expand|vendor
hemm,cdouble,sm_120,1024,32,1024,expand|vendor
hemm,cdouble,sm_120,1024,32,8192,expand|vendor
hemm,cdouble,sm_120,1024,32,32768,expand|vendor
hemm,cdouble,sm_120,1024,64,1,expand|vendor
hemm,cdouble,sm_120,1024,64,2,expand|vendor
hemm,cdouble,sm_120,1024,64,3,expand|vendor
hemm,cdouble,sm_120,1024,64,4,expand|vendor
hemm,cdouble,sm_120,1024,64,5,expand|vendor
hemm,cdouble,sm_120,1024,64,8,expand|vendor
hemm,cdouble,sm_120,1024,64,128,expand|vendor
hemm,cdouble,sm_120,1024,64,1024,expand|vendor
hemm,cdouble,sm_120,1024,64,8192,expand|vendor
hemm,cdouble,sm_120,1024,64,32768,expand|vendor
hemm,cdouble,sm_120,1024,128,1,expand|vendor
hemm,cdouble,sm_120,1024,128,2,expand|vendor
hemm,cdouble,sm_120,1024,128,3,expand|vendor
hemm,cdouble,sm_120,1024,128,4,expand|vendor
hemm,cdouble,sm_120,1024,128,5,expand|vendor
hemm,cdouble,sm_120,1024,128,8,expand|vendor
hemm,cdouble,sm_120,1024,128,128,expand|vendor
hemm,cdouble,sm_120,1024,128,1024,expand|vendor
hemm,cdouble,sm_120,1024,128,8192,expand|vendor
hemm,cdouble,sm_120,1024,128,32768,expand|vendor
hemm,cdouble,sm_120,1024,255,1,expand|vendor
hemm,cdouble,sm_120,1024,255,2,expand|vendor
hemm,cdouble,sm_120,1024,255,3,expand|vendor
hemm,cdouble,sm_120,1024,255,4,expand|vendor
hemm,cdouble,sm_120,1024,255,5,expand|vendor
hemm,cdouble,sm_120,1024,255,8,expand|vendor
hemm,cdouble,sm_120,1024,255,128,expand|vendor
hemm,cdouble,sm_120,1024,255,1024,expand|vendor
hemm,cdouble,sm_120,1024,255,8192,expand|vendor
hemm,cdouble,sm_120,1024,255,32768,expand|vendor
hemm,cdouble,sm_120,1024,256,1,expand|vendor
hemm,cdouble,sm_120,1024,256,2,expand|vendor
hemm,cdouble,sm_120,1024,256,3,expand|vendor
hemm,cdouble,sm_120,1024,256,4,expand|vendor
hemm,cdouble,sm_120,1024,256,5,expand|vendor
hemm,cdouble,sm_120,1024,256,8,expand|vendor
hemm,cdouble,sm_120,1024,256,128,expand|vendor
hemm,cdouble,sm_120,1024,256,1024,expand|vendor
hemm,cdouble,sm_120,1024,256,8192,expand|vendor
hemm,cdouble,sm_120,1024,256,32768,expand|vendor
hemm,cdouble,sm_120,1024,512,1,expand|vendor
hemm,cdouble,sm_120,1024,512,2,expand|vendor
hemm,cdouble,sm_120,1024,512,3,expand|vendor
hemm,cdouble,sm_120,1024,512,4,expand|vendor
hemm,cdouble,sm_120,1024,512,5,expand|vendor
hemm,cdouble,sm_120,1024,512,8,expand|vendor
hemm,cdouble,sm_120,1024,512,128,expand|vendor
hemm,cdouble,sm_120,1024,512,1024,expand|vendor
hemm,cdouble,sm_120,1024,512,8192,expand|vendor
hemm,cdouble,sm_120,1024,512,32768,expand|vendor
hemm,cdouble,sm_120,1024,1024,1,expand|vendor
hemm,cdouble,sm_120,1024,1024,2,expand|vendor
hemm,cdouble,sm_120,1024,1024,3,expand|vendor
hemm,cdouble,sm_120,1024,1024,4,expand|vendor
hemm,cdouble,sm_120,1024,1024,5,expand|vendor
hemm,cdouble,sm_120,1024,1024,8,expand|vendor
hemm,cdouble,sm_120,1024,1024,128,expand|vendor
hemm,cdouble,sm_120,1024,1024,1024,expand|vendor
hemm,cdouble,sm_120,1024,1024,8192,expand|vendor
hemm,cdouble,sm_120,1024,1024,32768,expand|vendor
hemm,cdouble,sm_120,1024,2048,1,expand|vendor
hemm,cdouble,sm_120,1024,2048,2,expand|vendor
hemm,cdouble,sm_120,1024,2048,3,expand|vendor
hemm,cdouble,sm_120,1024,2048,4,expand|vendor
hemm,cdouble,sm_120,1024,2048,5,expand|vendor
hemm,cdouble,sm_120,1024,2048,8,expand|vendor
hemm,cdouble,sm_120,1024,2048,128,expand|vendor
hemm,cdouble,sm_120,1024,2048,1024,expand|vendor
hemm,cdouble,sm_120,1024,2048,8192,expand|vendor
hemm,cdouble,sm_120,1024,2048,32768,expand|vendor
hemm,cdouble,sm_120,1024,4096,1,expand|vendor
hemm,cdouble,sm_120,1024,4096,2,expand|vendor
hemm,cdouble,sm_120,1024,4096,3,expand|vendor
hemm,cdouble,sm_120,1024,4096,4,expand|vendor
hemm,cdouble,sm_120,1024,4096,5,expand|vendor
hemm,cdouble,sm_120,1024,4096,8,expand|vendor
hemm,cdouble,sm_120,1024,4096,128,expand|vendor
hemm,cdouble,sm_120,1024,4096,1024,expand|vendor
hemm,cdouble,sm_120,1024,4096,8192,expand|vendor
hemm,cdouble,sm_120,1024,4096,32768,expand|vendor
hemm,cdouble,sm_120,2048,1,1,expand|vendor
hemm,cdouble,sm_120,2048,1,2,expand|vendor
hemm,cdouble,sm_120,2048,1,3,expand|vendor
hemm,cdouble,sm_120,2048,1,4,expand|vendor
hemm,cdouble,sm_120,2048,1,5,expand|vendor
hemm,cdouble,sm_120,2048,1,8,expand|vendor
hemm,cdouble,sm_120,2048,1,128,expand|vendor
hemm,cdouble,sm_120,2048,1,1024,expand|vendor
hemm,cdouble,sm_120,2048,1,8192,expand|vendor
hemm,cdouble,sm_120,2048,1,32768,expand|vendor
hemm,cdouble,sm_120,2048,2,1,expand|vendor
hemm,cdouble,sm_120,2048,2,2,expand|vendor
hemm,cdouble,sm_120,2048,2,3,expand|vendor
hemm,cdouble,sm_120,2048,2,4,expand|vendor
hemm,cdouble,sm_120,2048,2,5,expand|vendor
hemm,cdouble,sm_120,2048,2,8,expand|vendor
hemm,cdouble,sm_120,2048,2,128,expand|vendor
hemm,cdouble,sm_120,2048,2,1024,expand|vendor
hemm,cdouble,sm_120,2048,2,8192,expand|vendor
hemm,cdouble,sm_120,2048,2,32768,expand|vendor
hemm,cdouble,sm_120,2048,4,1,expand|vendor
hemm,cdouble,sm_120,2048,4,2,expand|vendor
hemm,cdouble,sm_120,2048,4,3,expand|vendor
hemm,cdouble,sm_120,2048,4,4,expand|vendor
hemm,cdouble,sm_120,2048,4,5,expand|vendor
hemm,cdouble,sm_120,2048,4,8,expand|vendor
hemm,cdouble,sm_120,2048,4,128,expand|vendor
hemm,cdouble,sm_120,2048,4,1024,expand|vendor
hemm,cdouble,sm_120,2048,4,8192,expand|vendor
hemm,cdouble,sm_120,2048,4,32768,expand|vendor
hemm,cdouble,sm_120,2048,8,1,expand|vendor
hemm,cdouble,sm_120,2048,8,2,expand|vendor
hemm,cdouble,sm_120,2048,8,3,expand|vendor
hemm,cdouble,sm_120,2048,8,4,expand|vendor
hemm,cdouble,sm_120,2048,8,5,expand|vendor
hemm,cdouble,sm_120,2048,8,8,expand|vendor
hemm,cdouble,sm_120,2048,8,128,expand|vendor
hemm,cdouble,sm_120,2048,8,1024,expand|vendor
hemm,cdouble,sm_120,2048,8,8192,expand|vendor
hemm,cdouble,sm_120,2048,8,32768,expand|vendor
hemm,cdouble,sm_120,2048,16,1,expand|vendor
hemm,cdouble,sm_120,2048,16,2,expand|vendor
hemm,cdouble,sm_120,2048,16,3,expand|vendor
hemm,cdouble,sm_120,2048,16,4,expand|vendor
hemm,cdouble,sm_120,2048,16,5,expand|vendor
hemm,cdouble,sm_120,2048,16,8,expand|vendor
hemm,cdouble,sm_120,2048,16,128,expand|vendor
hemm,cdouble,sm_120,2048,16,1024,expand|vendor
hemm,cdouble,sm_120,2048,16,8192,expand|vendor
hemm,cdouble,sm_120,2048,16,32768,expand|vendor
hemm,cdouble,sm_120,2048,32,1,expand|vendor
hemm,cdouble,sm_120,2048,32,2,expand|vendor
hemm,cdouble,sm_120,2048,32,3,expand|vendor
hemm,cdouble,sm_120,2048,32,4,expand|vendor
hemm,cdouble,sm_120,2048,32,5,expand|vendor
hemm,cdouble,sm_120,2048,32,8,expand|vendor
hemm,cdouble,sm_120,2048,32,128,expand|vendor
hemm,cdouble,sm_120,2048,32,1024,expand|vendor
hemm,cdouble,sm_120,2048,32,8192,expand|vendor
hemm,cdouble,sm_120,2048,32,32768,expand|vendor
hemm,cdouble,sm_120,2048,64,1,expand|vendor
hemm,cdouble,sm_120,2048,64,2,expand|vendor
hemm,cdouble,sm_120,2048,64,3,expand|vendor
hemm,cdouble,sm_120,2048,64,4,expand|vendor
hemm,cdouble,sm_120,2048,64,5,expand|vendor
hemm,cdouble,sm_120,2048,64,8,expand|vendor
hemm,cdouble,sm_120,2048,64,128,expand|vendor
hemm,cdouble,sm_120,2048,64,1024,expand|vendor
hemm,cdouble,sm_120,2048,64,8192,expand|vendor
hemm,cdouble,sm_120,2048,64,32768,expand|vendor
hemm,cdouble,sm_120,2048,128,1,expand|vendor
hemm,cdouble,sm_120,2048,128,2,expand|vendor
hemm,cdouble,sm_120,2048,128,3,expand|vendor
hemm,cdouble,sm_120,2048,128,4,expand|vendor
hemm,cdouble,sm_120,2048,128,5,expand|vendor
hemm,cdouble,sm_120,2048,128,8,expand|vendor
hemm,cdouble,sm_120,2048,128,128,expand|vendor
hemm,cdouble,sm_120,2048,128,1024,expand|vendor
hemm,cdouble,sm_120,2048,128,8192,expand|vendor
hemm,cdouble,sm_120,2048,128,32768,expand|vendor
hemm,cdouble,sm_120,2048,255,1,expand|vendor
hemm,cdouble,sm_120,2048,255,2,expand|vendor
hemm,cdouble,sm_120,2048,255,3,expand|vendor
hemm,cdouble,sm_120,2048,255,4,expand|vendor
hemm,cdouble,sm_120,2048,255,5,expand|vendor
hemm,cdouble,sm_120,2048,255,8,expand|vendor
hemm,cdouble,sm_120,2048,255,128,expand|vendor
hemm,cdouble,sm_120,2048,255,1024,expand|vendor
hemm,cdouble,sm_120,2048,255,8192,expand|vendor
hemm,cdouble,sm_120,2048,255,32768,expand|vendor
hemm,cdouble,sm_120,2048,256,1,expand|vendor
hemm,cdouble,sm_120,2048,256,2,expand|vendor
hemm,cdouble,sm_120,2048,256,3,expand|vendor
hemm,cdouble,sm_120,2048,256,4,expand|vendor
hemm,cdouble,sm_120,2048,256,5,expand|vendor
hemm,cdouble,sm_120,2048,256,8,expand|vendor
hemm,cdouble,sm_120,2048,256,128,expand|vendor
hemm,cdouble,sm_120,2048,256,1024,expand|vendor
hemm,cdouble,sm_120,2048,256,8192,expand|vendor
hemm,cdouble,sm_120,2048,256,32768,expand|vendor
hemm,cdouble,sm_120,2048,512,1,expand|vendor
hemm,cdouble,sm_120,2048,512,2,expand|vendor
hemm,cdouble,sm_120,2048,512,3,expand|vendor
hemm,cdouble,sm_120,2048,512,4,expand|vendor
hemm,cdouble,sm_120,2048,512,5,expand|vendor
hemm,cdouble,sm_120,2048,512,8,expand|vendor
hemm,cdouble,sm_120,2048,512,128,expand|vendor
hemm,cdouble,sm_120,2048,512,1024,expand|vendor
hemm,cdouble,sm_120,2048,512,8192,expand|vendor
hemm,cdouble,sm_120,2048,512,32768,expand|vendor
hemm,cdouble,sm_120,2048,1024,1,expand|vendor
hemm,cdouble,sm_120,2048,1024,2,expand|vendor
hemm,cdouble,sm_120,2048,1024,3,expand|vendor
hemm,cdouble,sm_120,2048,1024,4,expand|vendor
hemm,cdouble,sm_120,2048,1024,5,expand|vendor
hemm,cdouble,sm_120,2048,1024,8,expand|vendor
hemm,cdouble,sm_120,2048,1024,128,expand|vendor
hemm,cdouble,sm_120,2048,1024,1024,expand|vendor
hemm,cdouble,sm_120,2048,1024,8192,expand|vendor
hemm,cdouble,sm_120,2048,1024,32768,expand|vendor
hemm,cdouble,sm_120,2048,2048,1,expand|vendor
hemm,cdouble,sm_120,2048,2048,2,expand|vendor
hemm,cdouble,sm_120,2048,2048,3,expand|vendor
hemm,cdouble,sm_120,2048,2048,4,expand|vendor
hemm,cdouble,sm_120,2048,2048,5,expand|vendor
hemm,cdouble,sm_120,2048,2048,8,expand|vendor
hemm,cdouble,sm_120,2048,2048,128,expand|vendor
hemm,cdouble,sm_120,2048,2048,1024,expand|vendor
hemm,cdouble,sm_120,2048,2048,8192,expand|vendor
hemm,cdouble,sm_120,2048,2048,32768,expand|vendor
hemm,cdouble,sm_120,2048,4096,1,expand|vendor
hemm,cdouble,sm_120,2048,4096,2,expand|vendor
hemm,cdouble,sm_120,2048,4096,3,expand|vendor
hemm,cdouble,sm_120,2048,4096,4,expand|vendor
hemm,cdouble,sm_120,2048,4096,5,expand|vendor
hemm,cdouble,sm_120,2048,4096,8,expand|vendor
hemm,cdouble,sm_120,2048,4096,128,expand|vendor
hemm,cdouble,sm_120,2048,4096,1024,expand|vendor
hemm,cdouble,sm_120,2048,4096,8192,expand|vendor
hemm,cdouble,sm_120,2048,4096,32768,expand|vendor
hemm,cdouble,sm_120,4096,1,1,expand|vendor
hemm,cdouble,sm_120,4096,1,2,expand|vendor
hemm,cdouble,sm_120,4096,1,3,expand|vendor
hemm,cdouble,sm_120,4096,1,4,expand|vendor
hemm,cdouble,sm_120,4096,1,5,expand|vendor
hemm,cdouble,sm_120,4096,1,8,expand|vendor
hemm,cdouble,sm_120,4096,1,128,expand|vendor
hemm,cdouble,sm_120,4096,1,1024,expand|vendor
hemm,cdouble,sm_120,4096,1,8192,expand|vendor
hemm,cdouble,sm_120,4096,1,32768,expand|vendor
hemm,cdouble,sm_120,4096,2,1,expand|vendor
hemm,cdouble,sm_120,4096,2,2,expand|vendor
hemm,cdouble,sm_120,4096,2,3,expand|vendor
hemm,cdouble,sm_120,4096,2,4,expand|vendor
hemm,cdouble,sm_120,4096,2,5,expand|vendor
hemm,cdouble,sm_120,4096,2,8,expand|vendor
hemm,cdouble,sm_120,4096,2,128,expand|vendor
hemm,cdouble,sm_120,4096,2,1024,expand|vendor
hemm,cdouble,sm_120,4096,2,8192,expand|vendor
hemm,cdouble,sm_120,4096,2,32768,expand|vendor
hemm,cdouble,sm_120,4096,4,1,expand|vendor
hemm,cdouble,sm_120,4096,4,2,expand|vendor
hemm,cdouble,sm_120,4096,4,3,expand|vendor
hemm,cdouble,sm_120,4096,4,4,expand|vendor
hemm,cdouble,sm_120,4096,4,5,expand|vendor
hemm,cdouble,sm_120,4096,4,8,expand|vendor
hemm,cdouble,sm_120,4096,4,128,expand|vendor
hemm,cdouble,sm_120,4096,4,1024,expand|vendor
hemm,cdouble,sm_120,4096,4,8192,expand|vendor
hemm,cdouble,sm_120,4096,4,32768,expand|vendor
hemm,cdouble,sm_120,4096,8,1,expand|vendor
hemm,cdouble,sm_120,4096,8,2,expand|vendor
hemm,cdouble,sm_120,4096,8,3,expand|vendor
hemm,cdouble,sm_120,4096,8,4,expand|vendor
hemm,cdouble,sm_120,4096,8,5,expand|vendor
hemm,cdouble,sm_120,4096,8,8,expand|vendor
hemm,cdouble,sm_120,4096,8,128,expand|vendor
hemm,cdouble,sm_120,4096,8,1024,expand|vendor
hemm,cdouble,sm_120,4096,8,8192,expand|vendor
hemm,cdouble,sm_120,4096,8,32768,expand|vendor
hemm,cdouble,sm_120,4096,16,1,expand|vendor
hemm,cdouble,sm_120,4096,16,2,expand|vendor
hemm,cdouble,sm_120,4096,16,3,expand|vendor
hemm,cdouble,sm_120,4096,16,4,expand|vendor
hemm,cdouble,sm_120,4096,16,5,expand|vendor
hemm,cdouble,sm_120,4096,16,8,expand|vendor
hemm,cdouble,sm_120,4096,16,128,expand|vendor
hemm,cdouble,sm_120,4096,16,1024,expand|vendor
hemm,cdouble,sm_120,4096,16,8192,expand|vendor
hemm,cdouble,sm_120,4096,16,32768,expand|vendor
hemm,cdouble,sm_120,4096,32,1,expand|vendor
hemm,cdouble,sm_120,4096,32,2,expand|vendor
hemm,cdouble,sm_120,4096,32,3,expand|vendor
hemm,cdouble,sm_120,4096,32,4,expand|vendor
hemm,cdouble,sm_120,4096,32,5,expand|vendor
hemm,cdouble,sm_120,4096,32,8,expand|vendor
hemm,cdouble,sm_120,4096,32,128,expand|vendor
hemm,cdouble,sm_120,4096,32,1024,expand|vendor
hemm,cdouble,sm_120,4096,32,8192,expand|vendor
hemm,cdouble,sm_120,4096,32,32768,expand|vendor
hemm,cdouble,sm_120,4096,64,1,expand|vendor
hemm,cdouble,sm_120,4096,64,2,expand|vendor
hemm,cdouble,sm_120,4096,64,3,expand|vendor
hemm,cdouble,sm_120,4096,64,4,expand|vendor
hemm,cdouble,sm_120,4096,64,5,expand|vendor
hemm,cdouble,sm_120,4096,64,8,expand|vendor
hemm,cdouble,sm_120,4096,64,128,expand|vendor
hemm,cdouble,sm_120,4096,64,1024,expand|vendor
hemm,cdouble,sm_120,4096,64,8192,expand|vendor
hemm,cdouble,sm_120,4096,64,32768,expand|vendor
hemm,cdouble,sm_120,4096,128,1,expand|vendor
hemm,cdouble,sm_120,4096,128,2,expand|vendor
hemm,cdouble,sm_120,4096,128,3,expand|vendor
hemm,cdouble,sm_120,4096,128,4,expand|vendor
hemm,cdouble,sm_120,4096,128,5,expand|vendor
hemm,cdouble,sm_120,4096,128,8,expand|vendor
hemm,cdouble,sm_120,4096,128,128,expand|vendor
hemm,cdouble,sm_120,4096,128,1024,expand|vendor
hemm,cdouble,sm_120,4096,128,8192,expand|vendor
hemm,cdouble,sm_120,4096,128,32768,expand|vendor
hemm,cdouble,sm_120,4096,255,1,expand|vendor
hemm,cdouble,sm_120,4096,255,2,expand|vendor
hemm,cdouble,sm_120,4096,255,3,expand|vendor
hemm,cdouble,sm_120,4096,255,4,expand|vendor
hemm,cdouble,sm_120,4096,255,5,expand|vendor
hemm,cdouble,sm_120,4096,255,8,expand|vendor
hemm,cdouble,sm_120,4096,255,128,expand|vendor
hemm,cdouble,sm_120,4096,255,1024,expand|vendor
hemm,cdouble,sm_120,4096,255,8192,expand|vendor
hemm,cdouble,sm_120,4096,255,32768,expand|vendor
hemm,cdouble,sm_120,4096,256,1,expand|vendor
hemm,cdouble,sm_120,4096,256,2,expand|vendor
hemm,cdouble,sm_120,4096,256,3,expand|vendor
hemm,cdouble,sm_120,4096,256,4,expand|vendor
hemm,cdouble,sm_120,4096,256,5,expand|vendor
hemm,cdouble,sm_120,4096,256,8,expand|vendor
hemm,cdouble,sm_120,4096,256,128,expand|vendor
hemm,cdouble,sm_120,4096,256,1024,expand|vendor
hemm,cdouble,sm_120,4096,256,8192,expand|vendor
hemm,cdouble,sm_120,4096,256,32768,expand|vendor
hemm,cdouble,sm_120,4096,512,1,expand|vendor
hemm,cdouble,sm_120,4096,512,2,expand|vendor
hemm,cdouble,sm_120,4096,512,3,expand|vendor
hemm,cdouble,sm_120,4096,512,4,expand|vendor
hemm,cdouble,sm_120,4096,512,5,expand|vendor
hemm,cdouble,sm_120,4096,512,8,expand|vendor
hemm,cdouble,sm_120,4096,512,128,expand|vendor
hemm,cdouble,sm_120,4096,512,1024,expand|vendor
hemm,cdouble,sm_120,4096,512,8192,expand|vendor
hemm,cdouble,sm_120,4096,512,32768,expand|vendor
hemm,cdouble,sm_120,4096,1024,1,expand|vendor
hemm,cdouble,sm_120,4096,1024,2,expand|vendor
hemm,cdouble,sm_120,4096,1024,3,expand|vendor
hemm,cdouble,sm_120,4096,1024,4,expand|vendor
hemm,cdouble,sm_120,4096,1024,5,expand|vendor
hemm,cdouble,sm_120,4096,1024,8,expand|vendor
hemm,cdouble,sm_120,4096,1024,128,expand|vendor
hemm,cdouble,sm_120,4096,1024,1024,expand|vendor
hemm,cdouble,sm_120,4096,1024,8192,expand|vendor
hemm,cdouble,sm_120,4096,1024,32768,expand|vendor
hemm,cdouble,sm_120,4096,2048,1,expand|vendor
hemm,cdouble,sm_120,4096,2048,2,expand|vendor
hemm,cdouble,sm_120,4096,2048,3,expand|vendor
hemm,cdouble,sm_120,4096,2048,4,expand|vendor
hemm,cdouble,sm_120,4096,2048,5,expand|vendor
hemm,cdouble,sm_120,4096,2048,8,expand|vendor
hemm,cdouble,sm_120,4096,2048,128,expand|vendor
hemm,cdouble,sm_120,4096,2048,1024,expand|vendor
hemm,cdouble,sm_120,4096,2048,8192,expand|vendor
hemm,cdouble,sm_120,4096,2048,32768,expand|vendor
hemm,cdouble,sm_120,4096,4096,1,expand|vendor
hemm,cdouble,sm_120,4096,4096,2,expand|vendor
hemm,cdouble,sm_120,4096,4096,3,expand|vendor
hemm,cdouble,sm_120,4096,4096,4,expand|vendor
hemm,cdouble,sm_120,4096,4096,5,expand|vendor
hemm,cdouble,sm_120,4096,4096,8,expand|vendor
hemm,cdouble,sm_120,4096,4096,128,expand|vendor
hemm,cdouble,sm_120,4096,4096,1024,expand|vendor
hemm,cdouble,sm_120,4096,4096,8192,expand|vendor
hemm,cdouble,sm_120,4096,4096,32768,expand|vendor
