op,dtype,device,n,k,batch,ranked
her2k,cfloat,sm_89,1,1,1,vendor|fold
her2k,cfloat,sm_89,1,1,2,fold|vendor
her2k,cfloat,sm_89,1,1,3,fold|vendor
her2k,cfloat,sm_89,1,1,4,fold|vendor
her2k,cfloat,sm_89,1,1,5,fold|vendor
her2k,cfloat,sm_89,1,1,8,fold|vendor
her2k,cfloat,sm_89,1,1,128,fold|vendor
her2k,cfloat,sm_89,1,1,1024,fold|vendor
her2k,cfloat,sm_89,1,1,8192,fold|vendor
her2k,cfloat,sm_89,1,1,32768,fold|vendor
her2k,cfloat,sm_89,1,8,1,vendor|fold
her2k,cfloat,sm_89,1,8,2,fold|vendor
her2k,cfloat,sm_89,1,8,3,fold|vendor
her2k,cfloat,sm_89,1,8,4,fold|vendor
her2k,cfloat,sm_89,1,8,5,fold|vendor
her2k,cfloat,sm_89,1,8,8,fold|vendor
her2k,cfloat,sm_89,1,8,128,fold|vendor
her2k,cfloat,sm_89,1,8,1024,fold|vendor
her2k,cfloat,sm_89,1,8,8192,fold|vendor
her2k,cfloat,sm_89,1,8,32768,fold|vendor
her2k,cfloat,sm_89,1,64,1,vendor|fold
her2k,cfloat,sm_89,1,64,2,fold|vendor
her2k,cfloat,sm_89,1,64,3,fold|vendor
her2k,cfloat,sm_89,1,64,4,fold|vendor
her2k,cfloat,sm_89,1,64,5,fold|vendor
her2k,cfloat,sm_89,1,64,8,fold|vendor
her2k,cfloat,sm_89,1,64,128,fold|vendor
her2k,cfloat,sm_89,1,64,1024,fold|vendor
her2k,cfloat,sm_89,1,64,8192,fold|vendor
her2k,cfloat,sm_89,1,64,32768,fold|vendor
her2k,cfloat,sm_89,1,512,1,vendor|fold
her2k,cfloat,sm_89,1,512,2,fold|vendor
her2k,cfloat,sm_89,1,512,3,fold|vendor
her2k,cfloat,sm_89,1,512,4,fold|vendor
her2k,cfloat,sm_89,1,512,5,fold|vendor
her2k,cfloat,sm_89,1,512,8,fold|vendor
her2k,cfloat,sm_89,1,512,128,fold|vendor
her2k,cfloat,sm_89,1,512,1024,fold|vendor
her2k,cfloat,sm_89,1,512,8192,fold|vendor
her2k,cfloat,sm_89,1,512,32768,fold|vendor
her2k,cfloat,sm_89,1,4096,1,vendor|fold
her2k,cfloat,sm_89,1,4096,2,fold|vendor
her2k,cfloat,sm_89,1,4096,3,fold|vendor
her2k,cfloat,sm_89,1,4096,4,fold|vendor
her2k,cfloat,sm_89,1,4096,5,fold|vendor
her2k,cfloat,sm_89,1,4096,8,fold|vendor
her2k,cfloat,sm_89,1,4096,128,fold|vendor
her2k,cfloat,sm_89,1,4096,1024,fold|vendor
her2k,cfloat,sm_89,1,4096,8192,fold|vendor
her2k,cfloat,sm_89,1,4096,32768,fold|vendor
her2k,cfloat,sm_89,2,1,1,vendor|fold
her2k,cfloat,sm_89,2,1,2,fold|vendor
her2k,cfloat,sm_89,2,1,3,fold|vendor
her2k,cfloat,sm_89,2,1,4,fold|vendor
her2k,cfloat,sm_89,2,1,5,fold|vendor
her2k,cfloat,sm_89,2,1,8,fold|vendor
her2k,cfloat,sm_89,2,1,128,fold|vendor
her2k,cfloat,sm_89,2,1,1024,fold|vendor
her2k,cfloat,sm_89,2,1,8192,fold|vendor
her2k,cfloat,sm_89,2,1,32768,fold|vendor
her2k,cfloat,sm_89,2,8,1,vendor|fold
her2k,cfloat,sm_89,2,8,2,fold|vendor
her2k,cfloat,sm_89,2,8,3,fold|vendor
her2k,cfloat,sm_89,2,8,4,fold|vendor
her2k,cfloat,sm_89,2,8,5,fold|vendor
her2k,cfloat,sm_89,2,8,8,fold|vendor
her2k,cfloat,sm_89,2,8,128,fold|vendor
her2k,cfloat,sm_89,2,8,1024,fold|vendor
her2k,cfloat,sm_89,2,8,8192,fold|vendor
her2k,cfloat,sm_89,2,8,32768,fold|vendor
her2k,cfloat,sm_89,2,64,1,vendor|fold
her2k,cfloat,sm_89,2,64,2,fold|vendor
her2k,cfloat,sm_89,2,64,3,fold|vendor
her2k,cfloat,sm_89,2,64,4,fold|vendor
her2k,cfloat,sm_89,2,64,5,fold|vendor
her2k,cfloat,sm_89,2,64,8,fold|vendor
her2k,cfloat,sm_89,2,64,128,fold|vendor
her2k,cfloat,sm_89,2,64,1024,fold|vendor
her2k,cfloat,sm_89,2,64,8192,fold|vendor
her2k,cfloat,sm_89,2,64,32768,fold|vendor
her2k,cfloat,sm_89,2,512,1,vendor|fold
her2k,cfloat,sm_89,2,512,2,fold|vendor
her2k,cfloat,sm_89,2,512,3,fold|vendor
her2k,cfloat,sm_89,2,512,4,fold|vendor
her2k,cfloat,sm_89,2,512,5,fold|vendor
her2k,cfloat,sm_89,2,512,8,fold|vendor
her2k,cfloat,sm_89,2,512,128,fold|vendor
her2k,cfloat,sm_89,2,512,1024,fold|vendor
her2k,cfloat,sm_89,2,512,8192,fold|vendor
her2k,cfloat,sm_89,2,512,32768,fold|vendor
her2k,cfloat,sm_89,2,4096,1,vendor|fold
her2k,cfloat,sm_89,2,4096,2,fold|vendor
her2k,cfloat,sm_89,2,4096,3,fold|vendor
her2k,cfloat,sm_89,2,4096,4,fold|vendor
her2k,cfloat,sm_89,2,4096,5,fold|vendor
her2k,cfloat,sm_89,2,4096,8,fold|vendor
her2k,cfloat,sm_89,2,4096,128,fold|vendor
her2k,cfloat,sm_89,2,4096,1024,fold|vendor
her2k,cfloat,sm_89,2,4096,8192,fold|vendor
her2k,cfloat,sm_89,2,4096,32768,fold|vendor
her2k,cfloat,sm_89,4,1,1,vendor|fold
her2k,cfloat,sm_89,4,1,2,fold|vendor
her2k,cfloat,sm_89,4,1,3,fold|vendor
her2k,cfloat,sm_89,4,1,4,fold|vendor
her2k,cfloat,sm_89,4,1,5,fold|vendor
her2k,cfloat,sm_89,4,1,8,fold|vendor
her2k,cfloat,sm_89,4,1,128,fold|vendor
her2k,cfloat,sm_89,4,1,1024,fold|vendor
her2k,cfloat,sm_89,4,1,8192,fold|vendor
her2k,cfloat,sm_89,4,1,32768,fold|vendor
her2k,cfloat,sm_89,4,8,1,vendor|fold
her2k,cfloat,sm_89,4,8,2,fold|vendor
her2k,cfloat,sm_89,4,8,3,fold|vendor
her2k,cfloat,sm_89,4,8,4,fold|vendor
her2k,cfloat,sm_89,4,8,5,fold|vendor
her2k,cfloat,sm_89,4,8,8,fold|vendor
her2k,cfloat,sm_89,4,8,128,fold|vendor
her2k,cfloat,sm_89,4,8,1024,fold|vendor
her2k,cfloat,sm_89,4,8,8192,fold|vendor
her2k,cfloat,sm_89,4,8,32768,fold|vendor
her2k,cfloat,sm_89,4,64,1,vendor|fold
her2k,cfloat,sm_89,4,64,2,fold|vendor
her2k,cfloat,sm_89,4,64,3,fold|vendor
her2k,cfloat,sm_89,4,64,4,fold|vendor
her2k,cfloat,sm_89,4,64,5,fold|vendor
her2k,cfloat,sm_89,4,64,8,fold|vendor
her2k,cfloat,sm_89,4,64,128,fold|vendor
her2k,cfloat,sm_89,4,64,1024,fold|vendor
her2k,cfloat,sm_89,4,64,8192,fold|vendor
her2k,cfloat,sm_89,4,64,32768,fold|vendor
her2k,cfloat,sm_89,4,512,1,vendor|fold
her2k,cfloat,sm_89,4,512,2,fold|vendor
her2k,cfloat,sm_89,4,512,3,fold|vendor
her2k,cfloat,sm_89,4,512,4,fold|vendor
her2k,cfloat,sm_89,4,512,5,fold|vendor
her2k,cfloat,sm_89,4,512,8,fold|vendor
her2k,cfloat,sm_89,4,512,128,fold|vendor
her2k,cfloat,sm_89,4,512,1024,fold|vendor
her2k,cfloat,sm_89,4,512,8192,fold|vendor
her2k,cfloat,sm_89,4,512,32768,fold|vendor
her2k,cfloat,sm_89,4,4096,1,vendor|fold
her2k,cfloat,sm_89,4,4096,2,fold|vendor
her2k,cfloat,sm_89,4,4096,3,fold|vendor
her2k,cfloat,sm_89,4,4096,4,fold|vendor
her2k,cfloat,sm_89,4,4096,5,fold|vendor
her2k,cfloat,sm_89,4,4096,8,fold|vendor
her2k,cfloat,sm_89,4,4096,128,fold|vendor
her2k,cfloat,sm_89,4,4096,1024,fold|vendor
her2k,cfloat,sm_89,4,4096,8192,fold|vendor
her2k,cfloat,sm_89,4,4096,32768,fold|vendor
her2k,cfloat,sm_89,8,1,1,vendor|fold
her2k,cfloat,sm_89,8,1,2,fold|vendor
her2k,cfloat,sm_89,8,1,3,fold|vendor
her2k,cfloat,sm_89,8,1,4,fold|vendor
her2k,cfloat,sm_89,8,1,5,fold|vendor
her2k,cfloat,sm_89,8,1,8,fold|vendor
her2k,cfloat,sm_89,8,1,128,fold|vendor
her2k,cfloat,sm_89,8,1,1024,fold|vendor
her2k,cfloat,sm_89,8,1,8192,fold|vendor
her2k,cfloat,sm_89,8,1,32768,fold|vendor
her2k,cfloat,sm_89,8,8,1,vendor|fold
her2k,cfloat,sm_89,8,8,2,fold|vendor
her2k,cfloat,sm_89,8,8,3,fold|vendor
her2k,cfloat,sm_89,8,8,4,fold|vendor
her2k,cfloat,sm_89,8,8,5,fold|vendor
her2k,cfloat,sm_89,8,8,8,fold|vendor
her2k,cfloat,sm_89,8,8,128,fold|vendor
her2k,cfloat,sm_89,8,8,1024,fold|vendor
her2k,cfloat,sm_89,8,8,8192,fold|vendor
her2k,cfloat,sm_89,8,8,32768,fold|vendor
her2k,cfloat,sm_89,8,64,1,vendor|fold
her2k,cfloat,sm_89,8,64,2,fold|vendor
her2k,cfloat,sm_89,8,64,3,fold|vendor
her2k,cfloat,sm_89,8,64,4,fold|vendor
her2k,cfloat,sm_89,8,64,5,fold|vendor
her2k,cfloat,sm_89,8,64,8,fold|vendor
her2k,cfloat,sm_89,8,64,128,fold|vendor
her2k,cfloat,sm_89,8,64,1024,fold|vendor
her2k,cfloat,sm_89,8,64,8192,fold|vendor
her2k,cfloat,sm_89,8,64,32768,fold|vendor
her2k,cfloat,sm_89,8,512,1,vendor|fold
her2k,cfloat,sm_89,8,512,2,fold|vendor
her2k,cfloat,sm_89,8,512,3,fold|vendor
her2k,cfloat,sm_89,8,512,4,fold|vendor
her2k,cfloat,sm_89,8,512,5,fold|vendor
her2k,cfloat,sm_89,8,512,8,fold|vendor
her2k,cfloat,sm_89,8,512,128,fold|vendor
her2k,cfloat,sm_89,8,512,1024,fold|vendor
her2k,cfloat,sm_89,8,512,8192,fold|vendor
her2k,cfloat,sm_89,8,512,32768,fold|vendor
her2k,cfloat,sm_89,8,4096,1,vendor|fold
her2k,cfloat,sm_89,8,4096,2,fold|vendor
her2k,cfloat,sm_89,8,4096,3,fold|vendor
her2k,cfloat,sm_89,8,4096,4,fold|vendor
her2k,cfloat,sm_89,8,4096,5,fold|vendor
her2k,cfloat,sm_89,8,4096,8,fold|vendor
her2k,cfloat,sm_89,8,4096,128,fold|vendor
her2k,cfloat,sm_89,8,4096,1024,fold|vendor
her2k,cfloat,sm_89,8,4096,8192,fold|vendor
her2k,cfloat,sm_89,8,4096,32768,fold|vendor
her2k,cfloat,sm_89,16,1,1,vendor|fold
her2k,cfloat,sm_89,16,1,2,fold|vendor
her2k,cfloat,sm_89,16,1,3,fold|vendor
her2k,cfloat,sm_89,16,1,4,fold|vendor
her2k,cfloat,sm_89,16,1,5,fold|vendor
her2k,cfloat,sm_89,16,1,8,fold|vendor
her2k,cfloat,sm_89,16,1,128,fold|vendor
her2k,cfloat,sm_89,16,1,1024,fold|vendor
her2k,cfloat,sm_89,16,1,8192,fold|vendor
her2k,cfloat,sm_89,16,1,32768,fold|vendor
her2k,cfloat,sm_89,16,8,1,vendor|fold
her2k,cfloat,sm_89,16,8,2,fold|vendor
her2k,cfloat,sm_89,16,8,3,fold|vendor
her2k,cfloat,sm_89,16,8,4,fold|vendor
her2k,cfloat,sm_89,16,8,5,fold|vendor
her2k,cfloat,sm_89,16,8,8,fold|vendor
her2k,cfloat,sm_89,16,8,128,fold|vendor
her2k,cfloat,sm_89,16,8,1024,fold|vendor
her2k,cfloat,sm_89,16,8,8192,fold|vendor
her2k,cfloat,sm_89,16,8,32768,fold|vendor
her2k,cfloat,sm_89,16,64,1,vendor|fold
her2k,cfloat,sm_89,16,64,2,fold|vendor
her2k,cfloat,sm_89,16,64,3,fold|vendor
her2k,cfloat,sm_89,16,64,4,fold|vendor
her2k,cfloat,sm_89,16,64,5,fold|vendor
her2k,cfloat,sm_89,16,64,8,fold|vendor
her2k,cfloat,sm_89,16,64,128,fold|vendor
her2k,cfloat,sm_89,16,64,1024,fold|vendor
her2k,cfloat,sm_89,16,64,8192,fold|vendor
her2k,cfloat,sm_89,16,64,32768,fold|vendor
her2k,cfloat,sm_89,16,512,1,vendor|fold
her2k,cfloat,sm_89,16,512,2,fold|vendor
her2k,cfloat,sm_89,16,512,3,fold|vendor
her2k,cfloat,sm_89,16,512,4,fold|vendor
her2k,cfloat,sm_89,16,512,5,fold|vendor
her2k,cfloat,sm_89,16,512,8,fold|vendor
her2k,cfloat,sm_89,16,512,128,fold|vendor
her2k,cfloat,sm_89,16,512,1024,fold|vendor
her2k,cfloat,sm_89,16,512,8192,fold|vendor
her2k,cfloat,sm_89,16,512,32768,fold|vendor
her2k,cfloat,sm_89,16,4096,1,vendor|fold
her2k,cfloat,sm_89,16,4096,2,fold|vendor
her2k,cfloat,sm_89,16,4096,3,fold|vendor
her2k,cfloat,sm_89,16,4096,4,fold|vendor
her2k,cfloat,sm_89,16,4096,5,fold|vendor
her2k,cfloat,sm_89,16,4096,8,fold|vendor
her2k,cfloat,sm_89,16,4096,128,fold|vendor
her2k,cfloat,sm_89,16,4096,1024,fold|vendor
her2k,cfloat,sm_89,16,4096,8192,fold|vendor
her2k,cfloat,sm_89,16,4096,32768,fold|vendor
her2k,cfloat,sm_89,32,1,1,vendor|fold
her2k,cfloat,sm_89,32,1,2,fold|vendor
her2k,cfloat,sm_89,32,1,3,fold|vendor
her2k,cfloat,sm_89,32,1,4,fold|vendor
her2k,cfloat,sm_89,32,1,5,fold|vendor
her2k,cfloat,sm_89,32,1,8,fold|vendor
her2k,cfloat,sm_89,32,1,128,fold|vendor
her2k,cfloat,sm_89,32,1,1024,fold|vendor
her2k,cfloat,sm_89,32,1,8192,fold|vendor
her2k,cfloat,sm_89,32,1,32768,fold|vendor
her2k,cfloat,sm_89,32,8,1,vendor|fold
her2k,cfloat,sm_89,32,8,2,fold|vendor
her2k,cfloat,sm_89,32,8,3,fold|vendor
her2k,cfloat,sm_89,32,8,4,fold|vendor
her2k,cfloat,sm_89,32,8,5,fold|vendor
her2k,cfloat,sm_89,32,8,8,fold|vendor
her2k,cfloat,sm_89,32,8,128,fold|vendor
her2k,cfloat,sm_89,32,8,1024,fold|vendor
her2k,cfloat,sm_89,32,8,8192,fold|vendor
her2k,cfloat,sm_89,32,8,32768,fold|vendor
her2k,cfloat,sm_89,32,64,1,vendor|fold
her2k,cfloat,sm_89,32,64,2,fold|vendor
her2k,cfloat,sm_89,32,64,3,fold|vendor
her2k,cfloat,sm_89,32,64,4,fold|vendor
her2k,cfloat,sm_89,32,64,5,fold|vendor
her2k,cfloat,sm_89,32,64,8,fold|vendor
her2k,cfloat,sm_89,32,64,128,fold|vendor
her2k,cfloat,sm_89,32,64,1024,fold|vendor
her2k,cfloat,sm_89,32,64,8192,fold|vendor
her2k,cfloat,sm_89,32,64,32768,fold|vendor
her2k,cfloat,sm_89,32,512,1,vendor|fold
her2k,cfloat,sm_89,32,512,2,fold|vendor
her2k,cfloat,sm_89,32,512,3,fold|vendor
her2k,cfloat,sm_89,32,512,4,fold|vendor
her2k,cfloat,sm_89,32,512,5,fold|vendor
her2k,cfloat,sm_89,32,512,8,fold|vendor
her2k,cfloat,sm_89,32,512,128,fold|vendor
her2k,cfloat,sm_89,32,512,1024,fold|vendor
her2k,cfloat,sm_89,32,512,8192,fold|vendor
her2k,cfloat,sm_89,32,512,32768,fold|vendor
her2k,cfloat,sm_89,32,4096,1,vendor|fold
her2k,cfloat,sm_89,32,4096,2,fold|vendor
her2k,cfloat,sm_89,32,4096,3,fold|vendor
her2k,cfloat,sm_89,32,4096,4,fold|vendor
her2k,cfloat,sm_89,32,4096,5,fold|vendor
her2k,cfloat,sm_89,32,4096,8,fold|vendor
her2k,cfloat,sm_89,32,4096,128,fold|vendor
her2k,cfloat,sm_89,32,4096,1024,fold|vendor
her2k,cfloat,sm_89,32,4096,8192,fold|vendor
her2k,cfloat,sm_89,32,4096,32768,fold|vendor
her2k,cfloat,sm_89,64,1,1,vendor|fold
her2k,cfloat,sm_89,64,1,2,fold|vendor
her2k,cfloat,sm_89,64,1,3,fold|vendor
her2k,cfloat,sm_89,64,1,4,fold|vendor
her2k,cfloat,sm_89,64,1,5,fold|vendor
her2k,cfloat,sm_89,64,1,8,fold|vendor
her2k,cfloat,sm_89,64,1,128,fold|vendor
her2k,cfloat,sm_89,64,1,1024,fold|vendor
her2k,cfloat,sm_89,64,1,8192,fold|vendor
her2k,cfloat,sm_89,64,1,32768,fold|vendor
her2k,cfloat,sm_89,64,8,1,vendor|fold
her2k,cfloat,sm_89,64,8,2,fold|vendor
her2k,cfloat,sm_89,64,8,3,fold|vendor
her2k,cfloat,sm_89,64,8,4,fold|vendor
her2k,cfloat,sm_89,64,8,5,fold|vendor
her2k,cfloat,sm_89,64,8,8,fold|vendor
her2k,cfloat,sm_89,64,8,128,fold|vendor
her2k,cfloat,sm_89,64,8,1024,fold|vendor
her2k,cfloat,sm_89,64,8,8192,fold|vendor
her2k,cfloat,sm_89,64,8,32768,fold|vendor
her2k,cfloat,sm_89,64,64,1,vendor|fold
her2k,cfloat,sm_89,64,64,2,fold|vendor
her2k,cfloat,sm_89,64,64,3,fold|vendor
her2k,cfloat,sm_89,64,64,4,fold|vendor
her2k,cfloat,sm_89,64,64,5,fold|vendor
her2k,cfloat,sm_89,64,64,8,fold|vendor
her2k,cfloat,sm_89,64,64,128,fold|vendor
her2k,cfloat,sm_89,64,64,1024,fold|vendor
her2k,cfloat,sm_89,64,64,8192,fold|vendor
her2k,cfloat,sm_89,64,64,32768,fold|vendor
her2k,cfloat,sm_89,64,512,1,vendor|fold
her2k,cfloat,sm_89,64,512,2,fold|vendor
her2k,cfloat,sm_89,64,512,3,fold|vendor
her2k,cfloat,sm_89,64,512,4,fold|vendor
her2k,cfloat,sm_89,64,512,5,fold|vendor
her2k,cfloat,sm_89,64,512,8,fold|vendor
her2k,cfloat,sm_89,64,512,128,fold|vendor
her2k,cfloat,sm_89,64,512,1024,fold|vendor
her2k,cfloat,sm_89,64,512,8192,fold|vendor
her2k,cfloat,sm_89,64,512,32768,fold|vendor
her2k,cfloat,sm_89,64,4096,1,vendor|fold
her2k,cfloat,sm_89,64,4096,2,fold|vendor
her2k,cfloat,sm_89,64,4096,3,fold|vendor
her2k,cfloat,sm_89,64,4096,4,fold|vendor
her2k,cfloat,sm_89,64,4096,5,fold|vendor
her2k,cfloat,sm_89,64,4096,8,fold|vendor
her2k,cfloat,sm_89,64,4096,128,fold|vendor
her2k,cfloat,sm_89,64,4096,1024,fold|vendor
her2k,cfloat,sm_89,64,4096,8192,fold|vendor
her2k,cfloat,sm_89,64,4096,32768,fold|vendor
her2k,cfloat,sm_89,127,1,1,vendor|fold
her2k,cfloat,sm_89,127,1,2,fold|vendor
her2k,cfloat,sm_89,127,1,3,fold|vendor
her2k,cfloat,sm_89,127,1,4,fold|vendor
her2k,cfloat,sm_89,127,1,5,fold|vendor
her2k,cfloat,sm_89,127,1,8,fold|vendor
her2k,cfloat,sm_89,127,1,128,fold|vendor
her2k,cfloat,sm_89,127,1,1024,fold|vendor
her2k,cfloat,sm_89,127,1,8192,fold|vendor
her2k,cfloat,sm_89,127,1,32768,fold|vendor
her2k,cfloat,sm_89,127,8,1,vendor|fold
her2k,cfloat,sm_89,127,8,2,fold|vendor
her2k,cfloat,sm_89,127,8,3,fold|vendor
her2k,cfloat,sm_89,127,8,4,fold|vendor
her2k,cfloat,sm_89,127,8,5,fold|vendor
her2k,cfloat,sm_89,127,8,8,fold|vendor
her2k,cfloat,sm_89,127,8,128,fold|vendor
her2k,cfloat,sm_89,127,8,1024,fold|vendor
her2k,cfloat,sm_89,127,8,8192,fold|vendor
her2k,cfloat,sm_89,127,8,32768,fold|vendor
her2k,cfloat,sm_89,127,64,1,vendor|fold
her2k,cfloat,sm_89,127,64,2,fold|vendor
her2k,cfloat,sm_89,127,64,3,fold|vendor
her2k,cfloat,sm_89,127,64,4,fold|vendor
her2k,cfloat,sm_89,127,64,5,fold|vendor
her2k,cfloat,sm_89,127,64,8,fold|vendor
her2k,cfloat,sm_89,127,64,128,fold|vendor
her2k,cfloat,sm_89,127,64,1024,fold|vendor
her2k,cfloat,sm_89,127,64,8192,fold|vendor
her2k,cfloat,sm_89,127,64,32768,fold|vendor
her2k,cfloat,sm_89,127,512,1,vendor|fold
her2k,cfloat,sm_89,127,512,2,fold|vendor
her2k,cfloat,sm_89,127,512,3,fold|vendor
her2k,cfloat,sm_89,127,512,4,fold|vendor
her2k,cfloat,sm_89,127,512,5,fold|vendor
her2k,cfloat,sm_89,127,512,8,fold|vendor
her2k,cfloat,sm_89,127,512,128,fold|vendor
her2k,cfloat,sm_89,127,512,1024,fold|vendor
her2k,cfloat,sm_89,127,512,8192,fold|vendor
her2k,cfloat,sm_89,127,512,32768,fold|vendor
her2k,cfloat,sm_89,127,4096,1,vendor|fold
her2k,cfloat,sm_89,127,4096,2,fold|vendor
her2k,cfloat,sm_89,127,4096,3,fold|vendor
her2k,cfloat,sm_89,127,4096,4,fold|vendor
her2k,cfloat,sm_89,127,4096,5,fold|vendor
her2k,cfloat,sm_89,127,4096,8,fold|vendor
her2k,cfloat,sm_89,127,4096,128,fold|vendor
her2k,cfloat,sm_89,127,4096,1024,fold|vendor
her2k,cfloat,sm_89,127,4096,8192,fold|vendor
her2k,cfloat,sm_89,127,4096,32768,fold|vendor
her2k,cfloat,sm_89,128,1,1,fold|vendor
her2k,cfloat,sm_89,128,1,2,fold|vendor
her2k,cfloat,sm_89,128,1,3,fold|vendor
her2k,cfloat,sm_89,128,1,4,fold|vendor
her2k,cfloat,sm_89,128,1,5,fold|vendor
her2k,cfloat,sm_89,128,1,8,fold|vendor
her2k,cfloat,sm_89,128,1,128,fold|vendor
her2k,cfloat,sm_89,128,1,1024,fold|vendor
her2k,cfloat,sm_89,128,1,8192,fold|vendor
her2k,cfloat,sm_89,128,1,32768,fold|vendor
her2k,cfloat,sm_89,128,8,1,fold|vendor
her2k,cfloat,sm_89,128,8,2,fold|vendor
her2k,cfloat,sm_89,128,8,3,fold|vendor
her2k,cfloat,sm_89,128,8,4,fold|vendor
her2k,cfloat,sm_89,128,8,5,fold|vendor
her2k,cfloat,sm_89,128,8,8,fold|vendor
her2k,cfloat,sm_89,128,8,128,fold|vendor
her2k,cfloat,sm_89,128,8,1024,fold|vendor
her2k,cfloat,sm_89,128,8,8192,fold|vendor
her2k,cfloat,sm_89,128,8,32768,fold|vendor
her2k,cfloat,sm_89,128,64,1,fold|vendor
her2k,cfloat,sm_89,128,64,2,fold|vendor
her2k,cfloat,sm_89,128,64,3,fold|vendor
her2k,cfloat,sm_89,128,64,4,fold|vendor
her2k,cfloat,sm_89,128,64,5,fold|vendor
her2k,cfloat,sm_89,128,64,8,fold|vendor
her2k,cfloat,sm_89,128,64,128,fold|vendor
her2k,cfloat,sm_89,128,64,1024,fold|vendor
her2k,cfloat,sm_89,128,64,8192,fold|vendor
her2k,cfloat,sm_89,128,64,32768,fold|vendor
her2k,cfloat,sm_89,128,512,1,fold|vendor
her2k,cfloat,sm_89,128,512,2,fold|vendor
her2k,cfloat,sm_89,128,512,3,fold|vendor
her2k,cfloat,sm_89,128,512,4,fold|vendor
her2k,cfloat,sm_89,128,512,5,fold|vendor
her2k,cfloat,sm_89,128,512,8,fold|vendor
her2k,cfloat,sm_89,128,512,128,fold|vendor
her2k,cfloat,sm_89,128,512,1024,fold|vendor
her2k,cfloat,sm_89,128,512,8192,fold|vendor
her2k,cfloat,sm_89,128,512,32768,fold|vendor
her2k,cfloat,sm_89,128,4096,1,fold|vendor
her2k,cfloat,sm_89,128,4096,2,fold|vendor
her2k,cfloat,sm_89,128,4096,3,fold|vendor
her2k,cfloat,sm_89,128,4096,4,fold|vendor
her2k,cfloat,sm_89,128,4096,5,fold|vendor
her2k,cfloat,sm_89,128,4096,8,fold|vendor
her2k,cfloat,sm_89,128,4096,128,fold|vendor
her2k,cfloat,sm_89,128,4096,1024,fold|vendor
her2k,cfloat,sm_89,128,4096,8192,fold|vendor
her2k,cfloat,sm_89,128,4096,32768,fold|vendor
her2k,cfloat,sm_89,129,1,1,fold|vendor
her2k,cfloat,sm_89,129,1,2,fold|vendor
her2k,cfloat,sm_89,129,1,3,fold|vendor
her2k,cfloat,sm_89,129,1,4,fold|vendor
her2k,cfloat,sm_89,129,1,5,fold|vendor
her2k,cfloat,sm_89,129,1,8,fold|vendor
her2k,cfloat,sm_89,129,1,128,fold|vendor
her2k,cfloat,sm_89,129,1,1024,fold|vendor
her2k,cfloat,sm_89,129,1,8192,fold|vendor
her2k,cfloat,sm_89,129,1,32768,fold|vendor
her2k,cfloat,sm_89,129,8,1,fold|vendor
her2k,cfloat,sm_89,129,8,2,fold|vendor
her2k,cfloat,sm_89,129,8,3,fold|vendor
her2k,cfloat,sm_89,129,8,4,fold|vendor
her2k,cfloat,sm_89,129,8,5,fold|vendor
her2k,cfloat,sm_89,129,8,8,fold|vendor
her2k,cfloat,sm_89,129,8,128,fold|vendor
her2k,cfloat,sm_89,129,8,1024,fold|vendor
her2k,cfloat,sm_89,129,8,8192,fold|vendor
her2k,cfloat,sm_89,129,8,32768,fold|vendor
her2k,cfloat,sm_89,129,64,1,fold|vendor
her2k,cfloat,sm_89,129,64,2,fold|vendor
her2k,cfloat,sm_89,129,64,3,fold|vendor
her2k,cfloat,sm_89,129,64,4,fold|vendor
her2k,cfloat,sm_89,129,64,5,fold|vendor
her2k,cfloat,sm_89,129,64,8,fold|vendor
her2k,cfloat,sm_89,129,64,128,fold|vendor
her2k,cfloat,sm_89,129,64,1024,fold|vendor
her2k,cfloat,sm_89,129,64,8192,fold|vendor
her2k,cfloat,sm_89,129,64,32768,fold|vendor
her2k,cfloat,sm_89,129,512,1,fold|vendor
her2k,cfloat,sm_89,129,512,2,fold|vendor
her2k,cfloat,sm_89,129,512,3,fold|vendor
her2k,cfloat,sm_89,129,512,4,fold|vendor
her2k,cfloat,sm_89,129,512,5,fold|vendor
her2k,cfloat,sm_89,129,512,8,fold|vendor
her2k,cfloat,sm_89,129,512,128,fold|vendor
her2k,cfloat,sm_89,129,512,1024,fold|vendor
her2k,cfloat,sm_89,129,512,8192,fold|vendor
her2k,cfloat,sm_89,129,512,32768,fold|vendor
her2k,cfloat,sm_89,129,4096,1,fold|vendor
her2k,cfloat,sm_89,129,4096,2,fold|vendor
her2k,cfloat,sm_89,129,4096,3,fold|vendor
her2k,cfloat,sm_89,129,4096,4,fold|vendor
her2k,cfloat,sm_89,129,4096,5,fold|vendor
her2k,cfloat,sm_89,129,4096,8,fold|vendor
her2k,cfloat,sm_89,129,4096,128,fold|vendor
her2k,cfloat,sm_89,129,4096,1024,fold|vendor
her2k,cfloat,sm_89,129,4096,8192,fold|vendor
her2k,cfloat,sm_89,129,4096,32768,fold|vendor
her2k,cfloat,sm_89,256,1,1,fold|vendor
her2k,cfloat,sm_89,256,1,2,fold|vendor
her2k,cfloat,sm_89,256,1,3,fold|vendor
her2k,cfloat,sm_89,256,1,4,fold|vendor
her2k,cfloat,sm_89,256,1,5,fold|vendor
her2k,cfloat,sm_89,256,1,8,fold|vendor
her2k,cfloat,sm_89,256,1,128,fold|vendor
her2k,cfloat,sm_89,256,1,1024,fold|vendor
her2k,cfloat,sm_89,256,1,8192,fold|vendor
her2k,cfloat,sm_89,256,1,32768,fold|vendor
her2k,cfloat,sm_89,256,8,1,fold|vendor
her2k,cfloat,sm_89,256,8,2,fold|vendor
her2k,cfloat,sm_89,256,8,3,fold|vendor
her2k,cfloat,sm_89,256,8,4,fold|vendor
her2k,cfloat,sm_89,256,8,5,fold|vendor
her2k,cfloat,sm_89,256,8,8,fold|vendor
her2k,cfloat,sm_89,256,8,128,fold|vendor
her2k,cfloat,sm_89,256,8,1024,fold|vendor
her2k,cfloat,sm_89,256,8,8192,fold|vendor
her2k,cfloat,sm_89,256,8,32768,fold|vendor
her2k,cfloat,sm_89,256,64,1,fold|vendor
her2k,cfloat,sm_89,256,64,2,fold|vendor
her2k,cfloat,sm_89,256,64,3,fold|vendor
her2k,cfloat,sm_89,256,64,4,fold|vendor
her2k,cfloat,sm_89,256,64,5,fold|vendor
her2k,cfloat,sm_89,256,64,8,fold|vendor
her2k,cfloat,sm_89,256,64,128,fold|vendor
her2k,cfloat,sm_89,256,64,1024,fold|vendor
her2k,cfloat,sm_89,256,64,8192,fold|vendor
her2k,cfloat,sm_89,256,64,32768,fold|vendor
her2k,cfloat,sm_89,256,512,1,fold|vendor
her2k,cfloat,sm_89,256,512,2,fold|vendor
her2k,cfloat,sm_89,256,512,3,fold|vendor
her2k,cfloat,sm_89,256,512,4,fold|vendor
her2k,cfloat,sm_89,256,512,5,fold|vendor
her2k,cfloat,sm_89,256,512,8,fold|vendor
her2k,cfloat,sm_89,256,512,128,fold|vendor
her2k,cfloat,sm_89,256,512,1024,fold|vendor
her2k,cfloat,sm_89,256,512,8192,fold|vendor
her2k,cfloat,sm_89,256,512,32768,fold|vendor
her2k,cfloat,sm_89,256,4096,1,fold|vendor
her2k,cfloat,sm_89,256,4096,2,fold|vendor
her2k,cfloat,sm_89,256,4096,3,fold|vendor
her2k,cfloat,sm_89,256,4096,4,fold|vendor
her2k,cfloat,sm_89,256,4096,5,fold|vendor
her2k,cfloat,sm_89,256,4096,8,fold|vendor
her2k,cfloat,sm_89,256,4096,128,fold|vendor
her2k,cfloat,sm_89,256,4096,1024,fold|vendor
her2k,cfloat,sm_89,256,4096,8192,fold|vendor
her2k,cfloat,sm_89,256,4096,32768,fold|vendor
her2k,cfloat,sm_89,512,1,1,fold|vendor
her2k,cfloat,sm_89,512,1,2,fold|vendor
her2k,cfloat,sm_89,512,1,3,fold|vendor
her2k,cfloat,sm_89,512,1,4,fold|vendor
her2k,cfloat,sm_89,512,1,5,fold|vendor
her2k,cfloat,sm_89,512,1,8,fold|vendor
her2k,cfloat,sm_89,512,1,128,fold|vendor
her2k,cfloat,sm_89,512,1,1024,fold|vendor
her2k,cfloat,sm_89,512,1,8192,fold|vendor
her2k,cfloat,sm_89,512,1,32768,fold|vendor
her2k,cfloat,sm_89,512,8,1,fold|vendor
her2k,cfloat,sm_89,512,8,2,fold|vendor
her2k,cfloat,sm_89,512,8,3,fold|vendor
her2k,cfloat,sm_89,512,8,4,fold|vendor
her2k,cfloat,sm_89,512,8,5,fold|vendor
her2k,cfloat,sm_89,512,8,8,fold|vendor
her2k,cfloat,sm_89,512,8,128,fold|vendor
her2k,cfloat,sm_89,512,8,1024,fold|vendor
her2k,cfloat,sm_89,512,8,8192,fold|vendor
her2k,cfloat,sm_89,512,8,32768,fold|vendor
her2k,cfloat,sm_89,512,64,1,fold|vendor
her2k,cfloat,sm_89,512,64,2,fold|vendor
her2k,cfloat,sm_89,512,64,3,fold|vendor
her2k,cfloat,sm_89,512,64,4,fold|vendor
her2k,cfloat,sm_89,512,64,5,fold|vendor
her2k,cfloat,sm_89,512,64,8,fold|vendor
her2k,cfloat,sm_89,512,64,128,fold|vendor
her2k,cfloat,sm_89,512,64,1024,fold|vendor
her2k,cfloat,sm_89,512,64,8192,fold|vendor
her2k,cfloat,sm_89,512,64,32768,fold|vendor
her2k,cfloat,sm_89,512,512,1,fold|vendor
her2k,cfloat,sm_89,512,512,2,fold|vendor
her2k,cfloat,sm_89,512,512,3,fold|vendor
her2k,cfloat,sm_89,512,512,4,fold|vendor
her2k,cfloat,sm_89,512,512,5,fold|vendor
her2k,cfloat,sm_89,512,512,8,fold|vendor
her2k,cfloat,sm_89,512,512,128,fold|vendor
her2k,cfloat,sm_89,512,512,1024,fold|vendor
her2k,cfloat,sm_89,512,512,8192,fold|vendor
her2k,cfloat,sm_89,512,512,32768,fold|vendor
her2k,cfloat,sm_89,512,4096,1,fold|vendor
her2k,cfloat,sm_89,512,4096,2,fold|vendor
her2k,cfloat,sm_89,512,4096,3,fold|vendor
her2k,cfloat,sm_89,512,4096,4,fold|vendor
her2k,cfloat,sm_89,512,4096,5,fold|vendor
her2k,cfloat,sm_89,512,4096,8,fold|vendor
her2k,cfloat,sm_89,512,4096,128,fold|vendor
her2k,cfloat,sm_89,512,4096,1024,fold|vendor
her2k,cfloat,sm_89,512,4096,8192,fold|vendor
her2k,cfloat,sm_89,512,4096,32768,fold|vendor
her2k,cfloat,sm_89,767,1,1,fold|vendor
her2k,cfloat,sm_89,767,1,2,fold|vendor
her2k,cfloat,sm_89,767,1,3,fold|vendor
her2k,cfloat,sm_89,767,1,4,fold|vendor
her2k,cfloat,sm_89,767,1,5,fold|vendor
her2k,cfloat,sm_89,767,1,8,fold|vendor
her2k,cfloat,sm_89,767,1,128,fold|vendor
her2k,cfloat,sm_89,767,1,1024,fold|vendor
her2k,cfloat,sm_89,767,1,8192,fold|vendor
her2k,cfloat,sm_89,767,1,32768,fold|vendor
her2k,cfloat,sm_89,767,8,1,fold|vendor
her2k,cfloat,sm_89,767,8,2,fold|vendor
her2k,cfloat,sm_89,767,8,3,fold|vendor
her2k,cfloat,sm_89,767,8,4,fold|vendor
her2k,cfloat,sm_89,767,8,5,fold|vendor
her2k,cfloat,sm_89,767,8,8,fold|vendor
her2k,cfloat,sm_89,767,8,128,fold|vendor
her2k,cfloat,sm_89,767,8,1024,fold|vendor
her2k,cfloat,sm_89,767,8,8192,fold|vendor
her2k,cfloat,sm_89,767,8,32768,fold|vendor
her2k,cfloat,sm_89,767,64,1,fold|vendor
her2k,cfloat,sm_89,767,64,2,fold|vendor
her2k,cfloat,sm_89,767,64,3,fold|vendor
her2k,cfloat,sm_89,767,64,4,fold|vendor
her2k,cfloat,sm_89,767,64,5,fold|vendor
her2k,cfloat,sm_89,767,64,8,fold|vendor
her2k,cfloat,sm_89,767,64,128,fold|vendor
her2k,cfloat,sm_89,767,64,1024,fold|vendor
her2k,cfloat,sm_89,767,64,8192,fold|vendor
her2k,cfloat,sm_89,767,64,32768,fold|vendor
her2k,cfloat,sm_89,767,512,1,fold|vendor
her2k,cfloat,sm_89,767,512,2,fold|vendor
her2k,cfloat,sm_89,767,512,3,fold|vendor
her2k,cfloat,sm_89,767,512,4,fold|vendor
her2k,cfloat,sm_89,767,512,5,fold|vendor
her2k,cfloat,sm_89,767,512,8,fold|vendor
her2k,cfloat,sm_89,767,512,128,fold|vendor
her2k,cfloat,sm_89,767,512,1024,fold|vendor
her2k,cfloat,sm_89,767,512,8192,fold|vendor
her2k,cfloat,sm_89,767,512,32768,fold|vendor
her2k,cfloat,sm_89,767,4096,1,fold|vendor
her2k,cfloat,sm_89,767,4096,2,fold|vendor
her2k,cfloat,sm_89,767,4096,3,fold|vendor
her2k,cfloat,sm_89,767,4096,4,fold|vendor
her2k,cfloat,sm_89,767,4096,5,fold|vendor
her2k,cfloat,sm_89,767,4096,8,fold|vendor
her2k,cfloat,sm_89,767,4096,128,fold|vendor
her2k,cfloat,sm_89,767,4096,1024,fold|vendor
her2k,cfloat,sm_89,767,4096,8192,fold|vendor
her2k,cfloat,sm_89,767,4096,32768,fold|vendor
her2k,cfloat,sm_89,768,1,1,fold|vendor
her2k,cfloat,sm_89,768,1,2,fold|vendor
her2k,cfloat,sm_89,768,1,3,fold|vendor
her2k,cfloat,sm_89,768,1,4,fold|vendor
her2k,cfloat,sm_89,768,1,5,fold|vendor
her2k,cfloat,sm_89,768,1,8,fold|vendor
her2k,cfloat,sm_89,768,1,128,fold|vendor
her2k,cfloat,sm_89,768,1,1024,fold|vendor
her2k,cfloat,sm_89,768,1,8192,fold|vendor
her2k,cfloat,sm_89,768,1,32768,fold|vendor
her2k,cfloat,sm_89,768,8,1,fold|vendor
her2k,cfloat,sm_89,768,8,2,fold|vendor
her2k,cfloat,sm_89,768,8,3,fold|vendor
her2k,cfloat,sm_89,768,8,4,fold|vendor
her2k,cfloat,sm_89,768,8,5,fold|vendor
her2k,cfloat,sm_89,768,8,8,fold|vendor
her2k,cfloat,sm_89,768,8,128,fold|vendor
her2k,cfloat,sm_89,768,8,1024,fold|vendor
her2k,cfloat,sm_89,768,8,8192,fold|vendor
her2k,cfloat,sm_89,768,8,32768,fold|vendor
her2k,cfloat,sm_89,768,64,1,fold|vendor
her2k,cfloat,sm_89,768,64,2,fold|vendor
her2k,cfloat,sm_89,768,64,3,fold|vendor
her2k,cfloat,sm_89,768,64,4,fold|vendor
her2k,cfloat,sm_89,768,64,5,fold|vendor
her2k,cfloat,sm_89,768,64,8,fold|vendor
her2k,cfloat,sm_89,768,64,128,fold|vendor
her2k,cfloat,sm_89,768,64,1024,fold|vendor
her2k,cfloat,sm_89,768,64,8192,fold|vendor
her2k,cfloat,sm_89,768,64,32768,fold|vendor
her2k,cfloat,sm_89,768,512,1,fold|vendor
her2k,cfloat,sm_89,768,512,2,fold|vendor
her2k,cfloat,sm_89,768,512,3,fold|vendor
her2k,cfloat,sm_89,768,512,4,fold|vendor
her2k,cfloat,sm_89,768,512,5,fold|vendor
her2k,cfloat,sm_89,768,512,8,fold|vendor
her2k,cfloat,sm_89,768,512,128,fold|vendor
her2k,cfloat,sm_89,768,512,1024,fold|vendor
her2k,cfloat,sm_89,768,512,8192,fold|vendor
her2k,cfloat,sm_89,768,512,32768,fold|vendor
her2k,cfloat,sm_89,768,4096,1,fold|vendor
her2k,cfloat,sm_89,768,4096,2,fold|vendor
her2k,cfloat,sm_89,768,4096,3,fold|vendor
her2k,cfloat,sm_89,768,4096,4,fold|vendor
her2k,cfloat,sm_89,768,4096,5,fold|vendor
her2k,cfloat,sm_89,768,4096,8,fold|vendor
her2k,cfloat,sm_89,768,4096,128,fold|vendor
her2k,cfloat,sm_89,768,4096,1024,fold|vendor
her2k,cfloat,sm_89,768,4096,8192,fold|vendor
her2k,cfloat,sm_89,768,4096,32768,fold|vendor
her2k,cfloat,sm_89,769,1,1,fold|vendor
her2k,cfloat,sm_89,769,1,2,fold|vendor
her2k,cfloat,sm_89,769,1,3,fold|vendor
her2k,cfloat,sm_89,769,1,4,fold|vendor
her2k,cfloat,sm_89,769,1,5,fold|vendor
her2k,cfloat,sm_89,769,1,8,fold|vendor
her2k,cfloat,sm_89,769,1,128,fold|vendor
her2k,cfloat,sm_89,769,1,1024,fold|vendor
her2k,cfloat,sm_89,769,1,8192,fold|vendor
her2k,cfloat,sm_89,769,1,32768,fold|vendor
her2k,cfloat,sm_89,769,8,1,fold|vendor
her2k,cfloat,sm_89,769,8,2,fold|vendor
her2k,cfloat,sm_89,769,8,3,fold|vendor
her2k,cfloat,sm_89,769,8,4,fold|vendor
her2k,cfloat,sm_89,769,8,5,fold|vendor
her2k,cfloat,sm_89,769,8,8,fold|vendor
her2k,cfloat,sm_89,769,8,128,fold|vendor
her2k,cfloat,sm_89,769,8,1024,fold|vendor
her2k,cfloat,sm_89,769,8,8192,fold|vendor
her2k,cfloat,sm_89,769,8,32768,fold|vendor
her2k,cfloat,sm_89,769,64,1,fold|vendor
her2k,cfloat,sm_89,769,64,2,fold|vendor
her2k,cfloat,sm_89,769,64,3,fold|vendor
her2k,cfloat,sm_89,769,64,4,fold|vendor
her2k,cfloat,sm_89,769,64,5,fold|vendor
her2k,cfloat,sm_89,769,64,8,fold|vendor
her2k,cfloat,sm_89,769,64,128,fold|vendor
her2k,cfloat,sm_89,769,64,1024,fold|vendor
her2k,cfloat,sm_89,769,64,8192,fold|vendor
her2k,cfloat,sm_89,769,64,32768,fold|vendor
her2k,cfloat,sm_89,769,512,1,fold|vendor
her2k,cfloat,sm_89,769,512,2,fold|vendor
her2k,cfloat,sm_89,769,512,3,fold|vendor
her2k,cfloat,sm_89,769,512,4,fold|vendor
her2k,cfloat,sm_89,769,512,5,fold|vendor
her2k,cfloat,sm_89,769,512,8,fold|vendor
her2k,cfloat,sm_89,769,512,128,fold|vendor
her2k,cfloat,sm_89,769,512,1024,fold|vendor
her2k,cfloat,sm_89,769,512,8192,fold|vendor
her2k,cfloat,sm_89,769,512,32768,fold|vendor
her2k,cfloat,sm_89,769,4096,1,fold|vendor
her2k,cfloat,sm_89,769,4096,2,fold|vendor
her2k,cfloat,sm_89,769,4096,3,fold|vendor
her2k,cfloat,sm_89,769,4096,4,fold|vendor
her2k,cfloat,sm_89,769,4096,5,fold|vendor
her2k,cfloat,sm_89,769,4096,8,fold|vendor
her2k,cfloat,sm_89,769,4096,128,fold|vendor
her2k,cfloat,sm_89,769,4096,1024,fold|vendor
her2k,cfloat,sm_89,769,4096,8192,fold|vendor
her2k,cfloat,sm_89,769,4096,32768,fold|vendor
her2k,cfloat,sm_89,1024,1,1,fold|vendor
her2k,cfloat,sm_89,1024,1,2,fold|vendor
her2k,cfloat,sm_89,1024,1,3,fold|vendor
her2k,cfloat,sm_89,1024,1,4,fold|vendor
her2k,cfloat,sm_89,1024,1,5,fold|vendor
her2k,cfloat,sm_89,1024,1,8,fold|vendor
her2k,cfloat,sm_89,1024,1,128,fold|vendor
her2k,cfloat,sm_89,1024,1,1024,fold|vendor
her2k,cfloat,sm_89,1024,1,8192,fold|vendor
her2k,cfloat,sm_89,1024,1,32768,fold|vendor
her2k,cfloat,sm_89,1024,8,1,fold|vendor
her2k,cfloat,sm_89,1024,8,2,fold|vendor
her2k,cfloat,sm_89,1024,8,3,fold|vendor
her2k,cfloat,sm_89,1024,8,4,fold|vendor
her2k,cfloat,sm_89,1024,8,5,fold|vendor
her2k,cfloat,sm_89,1024,8,8,fold|vendor
her2k,cfloat,sm_89,1024,8,128,fold|vendor
her2k,cfloat,sm_89,1024,8,1024,fold|vendor
her2k,cfloat,sm_89,1024,8,8192,fold|vendor
her2k,cfloat,sm_89,1024,8,32768,fold|vendor
her2k,cfloat,sm_89,1024,64,1,fold|vendor
her2k,cfloat,sm_89,1024,64,2,fold|vendor
her2k,cfloat,sm_89,1024,64,3,fold|vendor
her2k,cfloat,sm_89,1024,64,4,fold|vendor
her2k,cfloat,sm_89,1024,64,5,fold|vendor
her2k,cfloat,sm_89,1024,64,8,fold|vendor
her2k,cfloat,sm_89,1024,64,128,fold|vendor
her2k,cfloat,sm_89,1024,64,1024,fold|vendor
her2k,cfloat,sm_89,1024,64,8192,fold|vendor
her2k,cfloat,sm_89,1024,64,32768,fold|vendor
her2k,cfloat,sm_89,1024,512,1,fold|vendor
her2k,cfloat,sm_89,1024,512,2,fold|vendor
her2k,cfloat,sm_89,1024,512,3,fold|vendor
her2k,cfloat,sm_89,1024,512,4,fold|vendor
her2k,cfloat,sm_89,1024,512,5,fold|vendor
her2k,cfloat,sm_89,1024,512,8,fold|vendor
her2k,cfloat,sm_89,1024,512,128,fold|vendor
her2k,cfloat,sm_89,1024,512,1024,fold|vendor
her2k,cfloat,sm_89,1024,512,8192,fold|vendor
her2k,cfloat,sm_89,1024,512,32768,fold|vendor
her2k,cfloat,sm_89,1024,4096,1,fold|vendor
her2k,cfloat,sm_89,1024,4096,2,fold|vendor
her2k,cfloat,sm_89,1024,4096,3,fold|vendor
her2k,cfloat,sm_89,1024,4096,4,fold|vendor
her2k,cfloat,sm_89,1024,4096,5,fold|vendor
her2k,cfloat,sm_89,1024,4096,8,fold|vendor
her2k,cfloat,sm_89,1024,4096,128,fold|vendor
her2k,cfloat,sm_89,1024,4096,1024,fold|vendor
her2k,cfloat,sm_89,1024,4096,8192,fold|vendor
her2k,cfloat,sm_89,1024,4096,32768,fold|vendor
her2k,cfloat,sm_89,2048,1,1,fold|vendor
her2k,cfloat,sm_89,2048,1,2,fold|vendor
her2k,cfloat,sm_89,2048,1,3,fold|vendor
her2k,cfloat,sm_89,2048,1,4,fold|vendor
her2k,cfloat,sm_89,2048,1,5,fold|vendor
her2k,cfloat,sm_89,2048,1,8,fold|vendor
her2k,cfloat,sm_89,2048,1,128,fold|vendor
her2k,cfloat,sm_89,2048,1,1024,fold|vendor
her2k,cfloat,sm_89,2048,1,8192,fold|vendor
her2k,cfloat,sm_89,2048,1,32768,fold|vendor
her2k,cfloat,sm_89,2048,8,1,fold|vendor
her2k,cfloat,sm_89,2048,8,2,fold|vendor
her2k,cfloat,sm_89,2048,8,3,fold|vendor
her2k,cfloat,sm_89,2048,8,4,fold|vendor
her2k,cfloat,sm_89,2048,8,5,fold|vendor
her2k,cfloat,sm_89,2048,8,8,fold|vendor
her2k,cfloat,sm_89,2048,8,128,fold|vendor
her2k,cfloat,sm_89,2048,8,1024,fold|vendor
her2k,cfloat,sm_89,2048,8,8192,fold|vendor
her2k,cfloat,sm_89,2048,8,32768,fold|vendor
her2k,cfloat,sm_89,2048,64,1,fold|vendor
her2k,cfloat,sm_89,2048,64,2,fold|vendor
her2k,cfloat,sm_89,2048,64,3,fold|vendor
her2k,cfloat,sm_89,2048,64,4,fold|vendor
her2k,cfloat,sm_89,2048,64,5,fold|vendor
her2k,cfloat,sm_89,2048,64,8,fold|vendor
her2k,cfloat,sm_89,2048,64,128,fold|vendor
her2k,cfloat,sm_89,2048,64,1024,fold|vendor
her2k,cfloat,sm_89,2048,64,8192,fold|vendor
her2k,cfloat,sm_89,2048,64,32768,fold|vendor
her2k,cfloat,sm_89,2048,512,1,fold|vendor
her2k,cfloat,sm_89,2048,512,2,fold|vendor
her2k,cfloat,sm_89,2048,512,3,fold|vendor
her2k,cfloat,sm_89,2048,512,4,fold|vendor
her2k,cfloat,sm_89,2048,512,5,fold|vendor
her2k,cfloat,sm_89,2048,512,8,fold|vendor
her2k,cfloat,sm_89,2048,512,128,fold|vendor
her2k,cfloat,sm_89,2048,512,1024,fold|vendor
her2k,cfloat,sm_89,2048,512,8192,fold|vendor
her2k,cfloat,sm_89,2048,512,32768,fold|vendor
her2k,cfloat,sm_89,2048,4096,1,fold|vendor
her2k,cfloat,sm_89,2048,4096,2,fold|vendor
her2k,cfloat,sm_89,2048,4096,3,fold|vendor
her2k,cfloat,sm_89,2048,4096,4,fold|vendor
her2k,cfloat,sm_89,2048,4096,5,fold|vendor
her2k,cfloat,sm_89,2048,4096,8,fold|vendor
her2k,cfloat,sm_89,2048,4096,128,fold|vendor
her2k,cfloat,sm_89,2048,4096,1024,fold|vendor
her2k,cfloat,sm_89,2048,4096,8192,fold|vendor
her2k,cfloat,sm_89,2048,4096,32768,fold|vendor
her2k,cfloat,sm_89,4096,1,1,fold|vendor
her2k,cfloat,sm_89,4096,1,2,fold|vendor
her2k,cfloat,sm_89,4096,1,3,fold|vendor
her2k,cfloat,sm_89,4096,1,4,fold|vendor
her2k,cfloat,sm_89,4096,1,5,fold|vendor
her2k,cfloat,sm_89,4096,1,8,fold|vendor
her2k,cfloat,sm_89,4096,1,128,fold|vendor
her2k,cfloat,sm_89,4096,1,1024,fold|vendor
her2k,cfloat,sm_89,4096,1,8192,fold|vendor
her2k,cfloat,sm_89,4096,1,32768,fold|vendor
her2k,cfloat,sm_89,4096,8,1,fold|vendor
her2k,cfloat,sm_89,4096,8,2,fold|vendor
her2k,cfloat,sm_89,4096,8,3,fold|vendor
her2k,cfloat,sm_89,4096,8,4,fold|vendor
her2k,cfloat,sm_89,4096,8,5,fold|vendor
her2k,cfloat,sm_89,4096,8,8,fold|vendor
her2k,cfloat,sm_89,4096,8,128,fold|vendor
her2k,cfloat,sm_89,4096,8,1024,fold|vendor
her2k,cfloat,sm_89,4096,8,8192,fold|vendor
her2k,cfloat,sm_89,4096,8,32768,fold|vendor
her2k,cfloat,sm_89,4096,64,1,fold|vendor
her2k,cfloat,sm_89,4096,64,2,fold|vendor
her2k,cfloat,sm_89,4096,64,3,fold|vendor
her2k,cfloat,sm_89,4096,64,4,fold|vendor
her2k,cfloat,sm_89,4096,64,5,fold|vendor
her2k,cfloat,sm_89,4096,64,8,fold|vendor
her2k,cfloat,sm_89,4096,64,128,fold|vendor
her2k,cfloat,sm_89,4096,64,1024,fold|vendor
her2k,cfloat,sm_89,4096,64,8192,fold|vendor
her2k,cfloat,sm_89,4096,64,32768,fold|vendor
her2k,cfloat,sm_89,4096,512,1,fold|vendor
her2k,cfloat,sm_89,4096,512,2,fold|vendor
her2k,cfloat,sm_89,4096,512,3,fold|vendor
her2k,cfloat,sm_89,4096,512,4,fold|vendor
her2k,cfloat,sm_89,4096,512,5,fold|vendor
her2k,cfloat,sm_89,4096,512,8,fold|vendor
her2k,cfloat,sm_89,4096,512,128,fold|vendor
her2k,cfloat,sm_89,4096,512,1024,fold|vendor
her2k,cfloat,sm_89,4096,512,8192,fold|vendor
her2k,cfloat,sm_89,4096,512,32768,fold|vendor
her2k,cfloat,sm_89,4096,4096,1,fold|vendor
her2k,cfloat,sm_89,4096,4096,2,fold|vendor
her2k,cfloat,sm_89,4096,4096,3,fold|vendor
her2k,cfloat,sm_89,4096,4096,4,fold|vendor
her2k,cfloat,sm_89,4096,4096,5,fold|vendor
her2k,cfloat,sm_89,4096,4096,8,fold|vendor
her2k,cfloat,sm_89,4096,4096,128,fold|vendor
her2k,cfloat,sm_89,4096,4096,1024,fold|vendor
her2k,cfloat,sm_89,4096,4096,8192,fold|vendor
her2k,cfloat,sm_89,4096,4096,32768,fold|vendor
her2k,cfloat,sm_120,1,1,1,vendor|fold
her2k,cfloat,sm_120,1,1,2,fold|vendor
her2k,cfloat,sm_120,1,1,3,fold|vendor
her2k,cfloat,sm_120,1,1,4,fold|vendor
her2k,cfloat,sm_120,1,1,5,fold|vendor
her2k,cfloat,sm_120,1,1,8,fold|vendor
her2k,cfloat,sm_120,1,1,128,fold|vendor
her2k,cfloat,sm_120,1,1,1024,fold|vendor
her2k,cfloat,sm_120,1,1,8192,fold|vendor
her2k,cfloat,sm_120,1,1,32768,fold|vendor
her2k,cfloat,sm_120,1,8,1,vendor|fold
her2k,cfloat,sm_120,1,8,2,fold|vendor
her2k,cfloat,sm_120,1,8,3,fold|vendor
her2k,cfloat,sm_120,1,8,4,fold|vendor
her2k,cfloat,sm_120,1,8,5,fold|vendor
her2k,cfloat,sm_120,1,8,8,fold|vendor
her2k,cfloat,sm_120,1,8,128,fold|vendor
her2k,cfloat,sm_120,1,8,1024,fold|vendor
her2k,cfloat,sm_120,1,8,8192,fold|vendor
her2k,cfloat,sm_120,1,8,32768,fold|vendor
her2k,cfloat,sm_120,1,64,1,vendor|fold
her2k,cfloat,sm_120,1,64,2,fold|vendor
her2k,cfloat,sm_120,1,64,3,fold|vendor
her2k,cfloat,sm_120,1,64,4,fold|vendor
her2k,cfloat,sm_120,1,64,5,fold|vendor
her2k,cfloat,sm_120,1,64,8,fold|vendor
her2k,cfloat,sm_120,1,64,128,fold|vendor
her2k,cfloat,sm_120,1,64,1024,fold|vendor
her2k,cfloat,sm_120,1,64,8192,fold|vendor
her2k,cfloat,sm_120,1,64,32768,fold|vendor
her2k,cfloat,sm_120,1,512,1,vendor|fold
her2k,cfloat,sm_120,1,512,2,fold|vendor
her2k,cfloat,sm_120,1,512,3,fold|vendor
her2k,cfloat,sm_120,1,512,4,fold|vendor
her2k,cfloat,sm_120,1,512,5,fold|vendor
her2k,cfloat,sm_120,1,512,8,fold|vendor
her2k,cfloat,sm_120,1,512,128,fold|vendor
her2k,cfloat,sm_120,1,512,1024,fold|vendor
her2k,cfloat,sm_120,1,512,8192,fold|vendor
her2k,cfloat,sm_120,1,512,32768,fold|vendor
her2k,cfloat,sm_120,1,4096,1,vendor|fold
her2k,cfloat,sm_120,1,4096,2,fold|vendor
her2k,cfloat,sm_120,1,4096,3,fold|vendor
her2k,cfloat,sm_120,1,4096,4,fold|vendor
her2k,cfloat,sm_120,1,4096,5,fold|vendor
her2k,cfloat,sm_120,1,4096,8,fold|vendor
her2k,cfloat,sm_120,1,4096,128,fold|vendor
her2k,cfloat,sm_120,1,4096,1024,fold|vendor
her2k,cfloat,sm_120,1,4096,8192,fold|vendor
her2k,cfloat,sm_120,1,4096,32768,fold|vendor
her2k,cfloat,sm_120,2,1,1,vendor|fold
her2k,cfloat,sm_120,2,1,2,fold|vendor
her2k,cfloat,sm_120,2,1,3,fold|vendor
her2k,cfloat,sm_120,2,1,4,fold|vendor
her2k,cfloat,sm_120,2,1,5,fold|vendor
her2k,cfloat,sm_120,2,1,8,fold|vendor
her2k,cfloat,sm_120,2,1,128,fold|vendor
her2k,cfloat,sm_120,2,1,1024,fold|vendor
her2k,cfloat,sm_120,2,1,8192,fold|vendor
her2k,cfloat,sm_120,2,1,32768,fold|vendor
her2k,cfloat,sm_120,2,8,1,vendor|fold
her2k,cfloat,sm_120,2,8,2,fold|vendor
her2k,cfloat,sm_120,2,8,3,fold|vendor
her2k,cfloat,sm_120,2,8,4,fold|vendor
her2k,cfloat,sm_120,2,8,5,fold|vendor
her2k,cfloat,sm_120,2,8,8,fold|vendor
her2k,cfloat,sm_120,2,8,128,fold|vendor
her2k,cfloat,sm_120,2,8,1024,fold|vendor
her2k,cfloat,sm_120,2,8,8192,fold|vendor
her2k,cfloat,sm_120,2,8,32768,fold|vendor
her2k,cfloat,sm_120,2,64,1,vendor|fold
her2k,cfloat,sm_120,2,64,2,fold|vendor
her2k,cfloat,sm_120,2,64,3,fold|vendor
her2k,cfloat,sm_120,2,64,4,fold|vendor
her2k,cfloat,sm_120,2,64,5,fold|vendor
her2k,cfloat,sm_120,2,64,8,fold|vendor
her2k,cfloat,sm_120,2,64,128,fold|vendor
her2k,cfloat,sm_120,2,64,1024,fold|vendor
her2k,cfloat,sm_120,2,64,8192,fold|vendor
her2k,cfloat,sm_120,2,64,32768,fold|vendor
her2k,cfloat,sm_120,2,512,1,vendor|fold
her2k,cfloat,sm_120,2,512,2,fold|vendor
her2k,cfloat,sm_120,2,512,3,fold|vendor
her2k,cfloat,sm_120,2,512,4,fold|vendor
her2k,cfloat,sm_120,2,512,5,fold|vendor
her2k,cfloat,sm_120,2,512,8,fold|vendor
her2k,cfloat,sm_120,2,512,128,fold|vendor
her2k,cfloat,sm_120,2,512,1024,fold|vendor
her2k,cfloat,sm_120,2,512,8192,fold|vendor
her2k,cfloat,sm_120,2,512,32768,fold|vendor
her2k,cfloat,sm_120,2,4096,1,vendor|fold
her2k,cfloat,sm_120,2,4096,2,fold|vendor
her2k,cfloat,sm_120,2,4096,3,fold|vendor
her2k,cfloat,sm_120,2,4096,4,fold|vendor
her2k,cfloat,sm_120,2,4096,5,fold|vendor
her2k,cfloat,sm_120,2,4096,8,fold|vendor
her2k,cfloat,sm_120,2,4096,128,fold|vendor
her2k,cfloat,sm_120,2,4096,1024,fold|vendor
her2k,cfloat,sm_120,2,4096,8192,fold|vendor
her2k,cfloat,sm_120,2,4096,32768,fold|vendor
her2k,cfloat,sm_120,4,1,1,vendor|fold
her2k,cfloat,sm_120,4,1,2,fold|vendor
her2k,cfloat,sm_120,4,1,3,fold|vendor
her2k,cfloat,sm_120,4,1,4,fold|vendor
her2k,cfloat,sm_120,4,1,5,fold|vendor
her2k,cfloat,sm_120,4,1,8,fold|vendor
her2k,cfloat,sm_120,4,1,128,fold|vendor
her2k,cfloat,sm_120,4,1,1024,fold|vendor
her2k,cfloat,sm_120,4,1,8192,fold|vendor
her2k,cfloat,sm_120,4,1,32768,fold|vendor
her2k,cfloat,sm_120,4,8,1,vendor|fold
her2k,cfloat,sm_120,4,8,2,fold|vendor
her2k,cfloat,sm_120,4,8,3,fold|vendor
her2k,cfloat,sm_120,4,8,4,fold|vendor
her2k,cfloat,sm_120,4,8,5,fold|vendor
her2k,cfloat,sm_120,4,8,8,fold|vendor
her2k,cfloat,sm_120,4,8,128,fold|vendor
her2k,cfloat,sm_120,4,8,1024,fold|vendor
her2k,cfloat,sm_120,4,8,8192,fold|vendor
her2k,cfloat,sm_120,4,8,32768,fold|vendor
her2k,cfloat,sm_120,4,64,1,vendor|fold
her2k,cfloat,sm_120,4,64,2,fold|vendor
her2k,cfloat,sm_120,4,64,3,fold|vendor
her2k,cfloat,sm_120,4,64,4,fold|vendor
her2k,cfloat,sm_120,4,64,5,fold|vendor
her2k,cfloat,sm_120,4,64,8,fold|vendor
her2k,cfloat,sm_120,4,64,128,fold|vendor
her2k,cfloat,sm_120,4,64,1024,fold|vendor
her2k,cfloat,sm_120,4,64,8192,fold|vendor
her2k,cfloat,sm_120,4,64,32768,fold|vendor
her2k,cfloat,sm_120,4,512,1,vendor|fold
her2k,cfloat,sm_120,4,512,2,fold|vendor
her2k,cfloat,sm_120,4,512,3,fold|vendor
her2k,cfloat,sm_120,4,512,4,fold|vendor
her2k,cfloat,sm_120,4,512,5,fold|vendor
her2k,cfloat,sm_120,4,512,8,fold|vendor
her2k,cfloat,sm_120,4,512,128,fold|vendor
her2k,cfloat,sm_120,4,512,1024,fold|vendor
her2k,cfloat,sm_120,4,512,8192,fold|vendor
her2k,cfloat,sm_120,4,512,32768,fold|vendor
her2k,cfloat,sm_120,4,4096,1,vendor|fold
her2k,cfloat,sm_120,4,4096,2,fold|vendor
her2k,cfloat,sm_120,4,4096,3,fold|vendor
her2k,cfloat,sm_120,4,4096,4,fold|vendor
her2k,cfloat,sm_120,4,4096,5,fold|vendor
her2k,cfloat,sm_120,4,4096,8,fold|vendor
her2k,cfloat,sm_120,4,4096,128,fold|vendor
her2k,cfloat,sm_120,4,4096,1024,fold|vendor
her2k,cfloat,sm_120,4,4096,8192,fold|vendor
her2k,cfloat,sm_120,4,4096,32768,fold|vendor
her2k,cfloat,sm_120,8,1,1,vendor|fold
her2k,cfloat,sm_120,8,1,2,fold|vendor
her2k,cfloat,sm_120,8,1,3,fold|vendor
her2k,cfloat,sm_120,8,1,4,fold|vendor
her2k,cfloat,sm_120,8,1,5,fold|vendor
her2k,cfloat,sm_120,8,1,8,fold|vendor
her2k,cfloat,sm_120,8,1,128,fold|vendor
her2k,cfloat,sm_120,8,1,1024,fold|vendor
her2k,cfloat,sm_120,8,1,8192,fold|vendor
her2k,cfloat,sm_120,8,1,32768,fold|vendor
her2k,cfloat,sm_120,8,8,1,vendor|fold
her2k,cfloat,sm_120,8,8,2,fold|vendor
her2k,cfloat,sm_120,8,8,3,fold|vendor
her2k,cfloat,sm_120,8,8,4,fold|vendor
her2k,cfloat,sm_120,8,8,5,fold|vendor
her2k,cfloat,sm_120,8,8,8,fold|vendor
her2k,cfloat,sm_120,8,8,128,fold|vendor
her2k,cfloat,sm_120,8,8,1024,fold|vendor
her2k,cfloat,sm_120,8,8,8192,fold|vendor
her2k,cfloat,sm_120,8,8,32768,fold|vendor
her2k,cfloat,sm_120,8,64,1,vendor|fold
her2k,cfloat,sm_120,8,64,2,fold|vendor
her2k,cfloat,sm_120,8,64,3,fold|vendor
her2k,cfloat,sm_120,8,64,4,fold|vendor
her2k,cfloat,sm_120,8,64,5,fold|vendor
her2k,cfloat,sm_120,8,64,8,fold|vendor
her2k,cfloat,sm_120,8,64,128,fold|vendor
her2k,cfloat,sm_120,8,64,1024,fold|vendor
her2k,cfloat,sm_120,8,64,8192,fold|vendor
her2k,cfloat,sm_120,8,64,32768,fold|vendor
her2k,cfloat,sm_120,8,512,1,vendor|fold
her2k,cfloat,sm_120,8,512,2,fold|vendor
her2k,cfloat,sm_120,8,512,3,fold|vendor
her2k,cfloat,sm_120,8,512,4,fold|vendor
her2k,cfloat,sm_120,8,512,5,fold|vendor
her2k,cfloat,sm_120,8,512,8,fold|vendor
her2k,cfloat,sm_120,8,512,128,fold|vendor
her2k,cfloat,sm_120,8,512,1024,fold|vendor
her2k,cfloat,sm_120,8,512,8192,fold|vendor
her2k,cfloat,sm_120,8,512,32768,fold|vendor
her2k,cfloat,sm_120,8,4096,1,vendor|fold
her2k,cfloat,sm_120,8,4096,2,fold|vendor
her2k,cfloat,sm_120,8,4096,3,fold|vendor
her2k,cfloat,sm_120,8,4096,4,fold|vendor
her2k,cfloat,sm_120,8,4096,5,fold|vendor
her2k,cfloat,sm_120,8,4096,8,fold|vendor
her2k,cfloat,sm_120,8,4096,128,fold|vendor
her2k,cfloat,sm_120,8,4096,1024,fold|vendor
her2k,cfloat,sm_120,8,4096,8192,fold|vendor
her2k,cfloat,sm_120,8,4096,32768,fold|vendor
her2k,cfloat,sm_120,16,1,1,vendor|fold
her2k,cfloat,sm_120,16,1,2,fold|vendor
her2k,cfloat,sm_120,16,1,3,fold|vendor
her2k,cfloat,sm_120,16,1,4,fold|vendor
her2k,cfloat,sm_120,16,1,5,fold|vendor
her2k,cfloat,sm_120,16,1,8,fold|vendor
her2k,cfloat,sm_120,16,1,128,fold|vendor
her2k,cfloat,sm_120,16,1,1024,fold|vendor
her2k,cfloat,sm_120,16,1,8192,fold|vendor
her2k,cfloat,sm_120,16,1,32768,fold|vendor
her2k,cfloat,sm_120,16,8,1,vendor|fold
her2k,cfloat,sm_120,16,8,2,fold|vendor
her2k,cfloat,sm_120,16,8,3,fold|vendor
her2k,cfloat,sm_120,16,8,4,fold|vendor
her2k,cfloat,sm_120,16,8,5,fold|vendor
her2k,cfloat,sm_120,16,8,8,fold|vendor
her2k,cfloat,sm_120,16,8,128,fold|vendor
her2k,cfloat,sm_120,16,8,1024,fold|vendor
her2k,cfloat,sm_120,16,8,8192,fold|vendor
her2k,cfloat,sm_120,16,8,32768,fold|vendor
her2k,cfloat,sm_120,16,64,1,vendor|fold
her2k,cfloat,sm_120,16,64,2,fold|vendor
her2k,cfloat,sm_120,16,64,3,fold|vendor
her2k,cfloat,sm_120,16,64,4,fold|vendor
her2k,cfloat,sm_120,16,64,5,fold|vendor
her2k,cfloat,sm_120,16,64,8,fold|vendor
her2k,cfloat,sm_120,16,64,128,fold|vendor
her2k,cfloat,sm_120,16,64,1024,fold|vendor
her2k,cfloat,sm_120,16,64,8192,fold|vendor
her2k,cfloat,sm_120,16,64,32768,fold|vendor
her2k,cfloat,sm_120,16,512,1,vendor|fold
her2k,cfloat,sm_120,16,512,2,fold|vendor
her2k,cfloat,sm_120,16,512,3,fold|vendor
her2k,cfloat,sm_120,16,512,4,fold|vendor
her2k,cfloat,sm_120,16,512,5,fold|vendor
her2k,cfloat,sm_120,16,512,8,fold|vendor
her2k,cfloat,sm_120,16,512,128,fold|vendor
her2k,cfloat,sm_120,16,512,1024,fold|vendor
her2k,cfloat,sm_120,16,512,8192,fold|vendor
her2k,cfloat,sm_120,16,512,32768,fold|vendor
her2k,cfloat,sm_120,16,4096,1,vendor|fold
her2k,cfloat,sm_120,16,4096,2,fold|vendor
her2k,cfloat,sm_120,16,4096,3,fold|vendor
her2k,cfloat,sm_120,16,4096,4,fold|vendor
her2k,cfloat,sm_120,16,4096,5,fold|vendor
her2k,cfloat,sm_120,16,4096,8,fold|vendor
her2k,cfloat,sm_120,16,4096,128,fold|vendor
her2k,cfloat,sm_120,16,4096,1024,fold|vendor
her2k,cfloat,sm_120,16,4096,8192,fold|vendor
her2k,cfloat,sm_120,16,4096,32768,fold|vendor
her2k,cfloat,sm_120,32,1,1,vendor|fold
her2k,cfloat,sm_120,32,1,2,fold|vendor
her2k,cfloat,sm_120,32,1,3,fold|vendor
her2k,cfloat,sm_120,32,1,4,fold|vendor
her2k,cfloat,sm_120,32,1,5,fold|vendor
her2k,cfloat,sm_120,32,1,8,fold|vendor
her2k,cfloat,sm_120,32,1,128,fold|vendor
her2k,cfloat,sm_120,32,1,1024,fold|vendor
her2k,cfloat,sm_120,32,1,8192,fold|vendor
her2k,cfloat,sm_120,32,1,32768,fold|vendor
her2k,cfloat,sm_120,32,8,1,vendor|fold
her2k,cfloat,sm_120,32,8,2,fold|vendor
her2k,cfloat,sm_120,32,8,3,fold|vendor
her2k,cfloat,sm_120,32,8,4,fold|vendor
her2k,cfloat,sm_120,32,8,5,fold|vendor
her2k,cfloat,sm_120,32,8,8,fold|vendor
her2k,cfloat,sm_120,32,8,128,fold|vendor
her2k,cfloat,sm_120,32,8,1024,fold|vendor
her2k,cfloat,sm_120,32,8,8192,fold|vendor
her2k,cfloat,sm_120,32,8,32768,fold|vendor
her2k,cfloat,sm_120,32,64,1,vendor|fold
her2k,cfloat,sm_120,32,64,2,fold|vendor
her2k,cfloat,sm_120,32,64,3,fold|vendor
her2k,cfloat,sm_120,32,64,4,fold|vendor
her2k,cfloat,sm_120,32,64,5,fold|vendor
her2k,cfloat,sm_120,32,64,8,fold|vendor
her2k,cfloat,sm_120,32,64,128,fold|vendor
her2k,cfloat,sm_120,32,64,1024,fold|vendor
her2k,cfloat,sm_120,32,64,8192,fold|vendor
her2k,cfloat,sm_120,32,64,32768,fold|vendor
her2k,cfloat,sm_120,32,512,1,vendor|fold
her2k,cfloat,sm_120,32,512,2,fold|vendor
her2k,cfloat,sm_120,32,512,3,fold|vendor
her2k,cfloat,sm_120,32,512,4,fold|vendor
her2k,cfloat,sm_120,32,512,5,fold|vendor
her2k,cfloat,sm_120,32,512,8,fold|vendor
her2k,cfloat,sm_120,32,512,128,fold|vendor
her2k,cfloat,sm_120,32,512,1024,fold|vendor
her2k,cfloat,sm_120,32,512,8192,fold|vendor
her2k,cfloat,sm_120,32,512,32768,fold|vendor
her2k,cfloat,sm_120,32,4096,1,vendor|fold
her2k,cfloat,sm_120,32,4096,2,fold|vendor
her2k,cfloat,sm_120,32,4096,3,fold|vendor
her2k,cfloat,sm_120,32,4096,4,fold|vendor
her2k,cfloat,sm_120,32,4096,5,fold|vendor
her2k,cfloat,sm_120,32,4096,8,fold|vendor
her2k,cfloat,sm_120,32,4096,128,fold|vendor
her2k,cfloat,sm_120,32,4096,1024,fold|vendor
her2k,cfloat,sm_120,32,4096,8192,fold|vendor
her2k,cfloat,sm_120,32,4096,32768,fold|vendor
her2k,cfloat,sm_120,64,1,1,vendor|fold
her2k,cfloat,sm_120,64,1,2,fold|vendor
her2k,cfloat,sm_120,64,1,3,fold|vendor
her2k,cfloat,sm_120,64,1,4,fold|vendor
her2k,cfloat,sm_120,64,1,5,fold|vendor
her2k,cfloat,sm_120,64,1,8,fold|vendor
her2k,cfloat,sm_120,64,1,128,fold|vendor
her2k,cfloat,sm_120,64,1,1024,fold|vendor
her2k,cfloat,sm_120,64,1,8192,fold|vendor
her2k,cfloat,sm_120,64,1,32768,fold|vendor
her2k,cfloat,sm_120,64,8,1,vendor|fold
her2k,cfloat,sm_120,64,8,2,fold|vendor
her2k,cfloat,sm_120,64,8,3,fold|vendor
her2k,cfloat,sm_120,64,8,4,fold|vendor
her2k,cfloat,sm_120,64,8,5,fold|vendor
her2k,cfloat,sm_120,64,8,8,fold|vendor
her2k,cfloat,sm_120,64,8,128,fold|vendor
her2k,cfloat,sm_120,64,8,1024,fold|vendor
her2k,cfloat,sm_120,64,8,8192,fold|vendor
her2k,cfloat,sm_120,64,8,32768,fold|vendor
her2k,cfloat,sm_120,64,64,1,vendor|fold
her2k,cfloat,sm_120,64,64,2,fold|vendor
her2k,cfloat,sm_120,64,64,3,fold|vendor
her2k,cfloat,sm_120,64,64,4,fold|vendor
her2k,cfloat,sm_120,64,64,5,fold|vendor
her2k,cfloat,sm_120,64,64,8,fold|vendor
her2k,cfloat,sm_120,64,64,128,fold|vendor
her2k,cfloat,sm_120,64,64,1024,fold|vendor
her2k,cfloat,sm_120,64,64,8192,fold|vendor
her2k,cfloat,sm_120,64,64,32768,fold|vendor
her2k,cfloat,sm_120,64,512,1,vendor|fold
her2k,cfloat,sm_120,64,512,2,fold|vendor
her2k,cfloat,sm_120,64,512,3,fold|vendor
her2k,cfloat,sm_120,64,512,4,fold|vendor
her2k,cfloat,sm_120,64,512,5,fold|vendor
her2k,cfloat,sm_120,64,512,8,fold|vendor
her2k,cfloat,sm_120,64,512,128,fold|vendor
her2k,cfloat,sm_120,64,512,1024,fold|vendor
her2k,cfloat,sm_120,64,512,8192,fold|vendor
her2k,cfloat,sm_120,64,512,32768,fold|vendor
her2k,cfloat,sm_120,64,4096,1,vendor|fold
her2k,cfloat,sm_120,64,4096,2,fold|vendor
her2k,cfloat,sm_120,64,4096,3,fold|vendor
her2k,cfloat,sm_120,64,4096,4,fold|vendor
her2k,cfloat,sm_120,64,4096,5,fold|vendor
her2k,cfloat,sm_120,64,4096,8,fold|vendor
her2k,cfloat,sm_120,64,4096,128,fold|vendor
her2k,cfloat,sm_120,64,4096,1024,fold|vendor
her2k,cfloat,sm_120,64,4096,8192,fold|vendor
her2k,cfloat,sm_120,64,4096,32768,fold|vendor
her2k,cfloat,sm_120,127,1,1,vendor|fold
her2k,cfloat,sm_120,127,1,2,fold|vendor
her2k,cfloat,sm_120,127,1,3,fold|vendor
her2k,cfloat,sm_120,127,1,4,fold|vendor
her2k,cfloat,sm_120,127,1,5,fold|vendor
her2k,cfloat,sm_120,127,1,8,fold|vendor
her2k,cfloat,sm_120,127,1,128,fold|vendor
her2k,cfloat,sm_120,127,1,1024,fold|vendor
her2k,cfloat,sm_120,127,1,8192,fold|vendor
her2k,cfloat,sm_120,127,1,32768,fold|vendor
her2k,cfloat,sm_120,127,8,1,vendor|fold
her2k,cfloat,sm_120,127,8,2,fold|vendor
her2k,cfloat,sm_120,127,8,3,fold|vendor
her2k,cfloat,sm_120,127,8,4,fold|vendor
her2k,cfloat,sm_120,127,8,5,fold|vendor
her2k,cfloat,sm_120,127,8,8,fold|vendor
her2k,cfloat,sm_120,127,8,128,fold|vendor
her2k,cfloat,sm_120,127,8,1024,fold|vendor
her2k,cfloat,sm_120,127,8,8192,fold|vendor
her2k,cfloat,sm_120,127,8,32768,fold|vendor
her2k,cfloat,sm_120,127,64,1,vendor|fold
her2k,cfloat,sm_120,127,64,2,fold|vendor
her2k,cfloat,sm_120,127,64,3,fold|vendor
her2k,cfloat,sm_120,127,64,4,fold|vendor
her2k,cfloat,sm_120,127,64,5,fold|vendor
her2k,cfloat,sm_120,127,64,8,fold|vendor
her2k,cfloat,sm_120,127,64,128,fold|vendor
her2k,cfloat,sm_120,127,64,1024,fold|vendor
her2k,cfloat,sm_120,127,64,8192,fold|vendor
her2k,cfloat,sm_120,127,64,32768,fold|vendor
her2k,cfloat,sm_120,127,512,1,vendor|fold
her2k,cfloat,sm_120,127,512,2,fold|vendor
her2k,cfloat,sm_120,127,512,3,fold|vendor
her2k,cfloat,sm_120,127,512,4,fold|vendor
her2k,cfloat,sm_120,127,512,5,fold|vendor
her2k,cfloat,sm_120,127,512,8,fold|vendor
her2k,cfloat,sm_120,127,512,128,fold|vendor
her2k,cfloat,sm_120,127,512,1024,fold|vendor
her2k,cfloat,sm_120,127,512,8192,fold|vendor
her2k,cfloat,sm_120,127,512,32768,fold|vendor
her2k,cfloat,sm_120,127,4096,1,vendor|fold
her2k,cfloat,sm_120,127,4096,2,fold|vendor
her2k,cfloat,sm_120,127,4096,3,fold|vendor
her2k,cfloat,sm_120,127,4096,4,fold|vendor
her2k,cfloat,sm_120,127,4096,5,fold|vendor
her2k,cfloat,sm_120,127,4096,8,fold|vendor
her2k,cfloat,sm_120,127,4096,128,fold|vendor
her2k,cfloat,sm_120,127,4096,1024,fold|vendor
her2k,cfloat,sm_120,127,4096,8192,fold|vendor
her2k,cfloat,sm_120,127,4096,32768,fold|vendor
her2k,cfloat,sm_120,128,1,1,fold|vendor
her2k,cfloat,sm_120,128,1,2,fold|vendor
her2k,cfloat,sm_120,128,1,3,fold|vendor
her2k,cfloat,sm_120,128,1,4,fold|vendor
her2k,cfloat,sm_120,128,1,5,fold|vendor
her2k,cfloat,sm_120,128,1,8,fold|vendor
her2k,cfloat,sm_120,128,1,128,fold|vendor
her2k,cfloat,sm_120,128,1,1024,fold|vendor
her2k,cfloat,sm_120,128,1,8192,fold|vendor
her2k,cfloat,sm_120,128,1,32768,fold|vendor
her2k,cfloat,sm_120,128,8,1,fold|vendor
her2k,cfloat,sm_120,128,8,2,fold|vendor
her2k,cfloat,sm_120,128,8,3,fold|vendor
her2k,cfloat,sm_120,128,8,4,fold|vendor
her2k,cfloat,sm_120,128,8,5,fold|vendor
her2k,cfloat,sm_120,128,8,8,fold|vendor
her2k,cfloat,sm_120,128,8,128,fold|vendor
her2k,cfloat,sm_120,128,8,1024,fold|vendor
her2k,cfloat,sm_120,128,8,8192,fold|vendor
her2k,cfloat,sm_120,128,8,32768,fold|vendor
her2k,cfloat,sm_120,128,64,1,fold|vendor
her2k,cfloat,sm_120,128,64,2,fold|vendor
her2k,cfloat,sm_120,128,64,3,fold|vendor
her2k,cfloat,sm_120,128,64,4,fold|vendor
her2k,cfloat,sm_120,128,64,5,fold|vendor
her2k,cfloat,sm_120,128,64,8,fold|vendor
her2k,cfloat,sm_120,128,64,128,fold|vendor
her2k,cfloat,sm_120,128,64,1024,fold|vendor
her2k,cfloat,sm_120,128,64,8192,fold|vendor
her2k,cfloat,sm_120,128,64,32768,fold|vendor
her2k,cfloat,sm_120,128,512,1,fold|vendor
her2k,cfloat,sm_120,128,512,2,fold|vendor
her2k,cfloat,sm_120,128,512,3,fold|vendor
her2k,cfloat,sm_120,128,512,4,fold|vendor
her2k,cfloat,sm_120,128,512,5,fold|vendor
her2k,cfloat,sm_120,128,512,8,fold|vendor
her2k,cfloat,sm_120,128,512,128,fold|vendor
her2k,cfloat,sm_120,128,512,1024,fold|vendor
her2k,cfloat,sm_120,128,512,8192,fold|vendor
her2k,cfloat,sm_120,128,512,32768,fold|vendor
her2k,cfloat,sm_120,128,4096,1,fold|vendor
her2k,cfloat,sm_120,128,4096,2,fold|vendor
her2k,cfloat,sm_120,128,4096,3,fold|vendor
her2k,cfloat,sm_120,128,4096,4,fold|vendor
her2k,cfloat,sm_120,128,4096,5,fold|vendor
her2k,cfloat,sm_120,128,4096,8,fold|vendor
her2k,cfloat,sm_120,128,4096,128,fold|vendor
her2k,cfloat,sm_120,128,4096,1024,fold|vendor
her2k,cfloat,sm_120,128,4096,8192,fold|vendor
her2k,cfloat,sm_120,128,4096,32768,fold|vendor
her2k,cfloat,sm_120,129,1,1,fold|vendor
her2k,cfloat,sm_120,129,1,2,fold|vendor
her2k,cfloat,sm_120,129,1,3,fold|vendor
her2k,cfloat,sm_120,129,1,4,fold|vendor
her2k,cfloat,sm_120,129,1,5,fold|vendor
her2k,cfloat,sm_120,129,1,8,fold|vendor
her2k,cfloat,sm_120,129,1,128,fold|vendor
her2k,cfloat,sm_120,129,1,1024,fold|vendor
her2k,cfloat,sm_120,129,1,8192,fold|vendor
her2k,cfloat,sm_120,129,1,32768,fold|vendor
her2k,cfloat,sm_120,129,8,1,fold|vendor
her2k,cfloat,sm_120,129,8,2,fold|vendor
her2k,cfloat,sm_120,129,8,3,fold|vendor
her2k,cfloat,sm_120,129,8,4,fold|vendor
her2k,cfloat,sm_120,129,8,5,fold|vendor
her2k,cfloat,sm_120,129,8,8,fold|vendor
her2k,cfloat,sm_120,129,8,128,fold|vendor
her2k,cfloat,sm_120,129,8,1024,fold|vendor
her2k,cfloat,sm_120,129,8,8192,fold|vendor
her2k,cfloat,sm_120,129,8,32768,fold|vendor
her2k,cfloat,sm_120,129,64,1,fold|vendor
her2k,cfloat,sm_120,129,64,2,fold|vendor
her2k,cfloat,sm_120,129,64,3,fold|vendor
her2k,cfloat,sm_120,129,64,4,fold|vendor
her2k,cfloat,sm_120,129,64,5,fold|vendor
her2k,cfloat,sm_120,129,64,8,fold|vendor
her2k,cfloat,sm_120,129,64,128,fold|vendor
her2k,cfloat,sm_120,129,64,1024,fold|vendor
her2k,cfloat,sm_120,129,64,8192,fold|vendor
her2k,cfloat,sm_120,129,64,32768,fold|vendor
her2k,cfloat,sm_120,129,512,1,fold|vendor
her2k,cfloat,sm_120,129,512,2,fold|vendor
her2k,cfloat,sm_120,129,512,3,fold|vendor
her2k,cfloat,sm_120,129,512,4,fold|vendor
her2k,cfloat,sm_120,129,512,5,fold|vendor
her2k,cfloat,sm_120,129,512,8,fold|vendor
her2k,cfloat,sm_120,129,512,128,fold|vendor
her2k,cfloat,sm_120,129,512,1024,fold|vendor
her2k,cfloat,sm_120,129,512,8192,fold|vendor
her2k,cfloat,sm_120,129,512,32768,fold|vendor
her2k,cfloat,sm_120,129,4096,1,fold|vendor
her2k,cfloat,sm_120,129,4096,2,fold|vendor
her2k,cfloat,sm_120,129,4096,3,fold|vendor
her2k,cfloat,sm_120,129,4096,4,fold|vendor
her2k,cfloat,sm_120,129,4096,5,fold|vendor
her2k,cfloat,sm_120,129,4096,8,fold|vendor
her2k,cfloat,sm_120,129,4096,128,fold|vendor
her2k,cfloat,sm_120,129,4096,1024,fold|vendor
her2k,cfloat,sm_120,129,4096,8192,fold|vendor
her2k,cfloat,sm_120,129,4096,32768,fold|vendor
her2k,cfloat,sm_120,256,1,1,fold|vendor
her2k,cfloat,sm_120,256,1,2,fold|vendor
her2k,cfloat,sm_120,256,1,3,fold|vendor
her2k,cfloat,sm_120,256,1,4,fold|vendor
her2k,cfloat,sm_120,256,1,5,fold|vendor
her2k,cfloat,sm_120,256,1,8,fold|vendor
her2k,cfloat,sm_120,256,1,128,fold|vendor
her2k,cfloat,sm_120,256,1,1024,fold|vendor
her2k,cfloat,sm_120,256,1,8192,fold|vendor
her2k,cfloat,sm_120,256,1,32768,fold|vendor
her2k,cfloat,sm_120,256,8,1,fold|vendor
her2k,cfloat,sm_120,256,8,2,fold|vendor
her2k,cfloat,sm_120,256,8,3,fold|vendor
her2k,cfloat,sm_120,256,8,4,fold|vendor
her2k,cfloat,sm_120,256,8,5,fold|vendor
her2k,cfloat,sm_120,256,8,8,fold|vendor
her2k,cfloat,sm_120,256,8,128,fold|vendor
her2k,cfloat,sm_120,256,8,1024,fold|vendor
her2k,cfloat,sm_120,256,8,8192,fold|vendor
her2k,cfloat,sm_120,256,8,32768,fold|vendor
her2k,cfloat,sm_120,256,64,1,fold|vendor
her2k,cfloat,sm_120,256,64,2,fold|vendor
her2k,cfloat,sm_120,256,64,3,fold|vendor
her2k,cfloat,sm_120,256,64,4,fold|vendor
her2k,cfloat,sm_120,256,64,5,fold|vendor
her2k,cfloat,sm_120,256,64,8,fold|vendor
her2k,cfloat,sm_120,256,64,128,fold|vendor
her2k,cfloat,sm_120,256,64,1024,fold|vendor
her2k,cfloat,sm_120,256,64,8192,fold|vendor
her2k,cfloat,sm_120,256,64,32768,fold|vendor
her2k,cfloat,sm_120,256,512,1,fold|vendor
her2k,cfloat,sm_120,256,512,2,fold|vendor
her2k,cfloat,sm_120,256,512,3,fold|vendor
her2k,cfloat,sm_120,256,512,4,fold|vendor
her2k,cfloat,sm_120,256,512,5,fold|vendor
her2k,cfloat,sm_120,256,512,8,fold|vendor
her2k,cfloat,sm_120,256,512,128,fold|vendor
her2k,cfloat,sm_120,256,512,1024,fold|vendor
her2k,cfloat,sm_120,256,512,8192,fold|vendor
her2k,cfloat,sm_120,256,512,32768,fold|vendor
her2k,cfloat,sm_120,256,4096,1,fold|vendor
her2k,cfloat,sm_120,256,4096,2,fold|vendor
her2k,cfloat,sm_120,256,4096,3,fold|vendor
her2k,cfloat,sm_120,256,4096,4,fold|vendor
her2k,cfloat,sm_120,256,4096,5,fold|vendor
her2k,cfloat,sm_120,256,4096,8,fold|vendor
her2k,cfloat,sm_120,256,4096,128,fold|vendor
her2k,cfloat,sm_120,256,4096,1024,fold|vendor
her2k,cfloat,sm_120,256,4096,8192,fold|vendor
her2k,cfloat,sm_120,256,4096,32768,fold|vendor
her2k,cfloat,sm_120,512,1,1,fold|vendor
her2k,cfloat,sm_120,512,1,2,fold|vendor
her2k,cfloat,sm_120,512,1,3,fold|vendor
her2k,cfloat,sm_120,512,1,4,fold|vendor
her2k,cfloat,sm_120,512,1,5,fold|vendor
her2k,cfloat,sm_120,512,1,8,fold|vendor
her2k,cfloat,sm_120,512,1,128,fold|vendor
her2k,cfloat,sm_120,512,1,1024,fold|vendor
her2k,cfloat,sm_120,512,1,8192,fold|vendor
her2k,cfloat,sm_120,512,1,32768,fold|vendor
her2k,cfloat,sm_120,512,8,1,fold|vendor
her2k,cfloat,sm_120,512,8,2,fold|vendor
her2k,cfloat,sm_120,512,8,3,fold|vendor
her2k,cfloat,sm_120,512,8,4,fold|vendor
her2k,cfloat,sm_120,512,8,5,fold|vendor
her2k,cfloat,sm_120,512,8,8,fold|vendor
her2k,cfloat,sm_120,512,8,128,fold|vendor
her2k,cfloat,sm_120,512,8,1024,fold|vendor
her2k,cfloat,sm_120,512,8,8192,fold|vendor
her2k,cfloat,sm_120,512,8,32768,fold|vendor
her2k,cfloat,sm_120,512,64,1,fold|vendor
her2k,cfloat,sm_120,512,64,2,fold|vendor
her2k,cfloat,sm_120,512,64,3,fold|vendor
her2k,cfloat,sm_120,512,64,4,fold|vendor
her2k,cfloat,sm_120,512,64,5,fold|vendor
her2k,cfloat,sm_120,512,64,8,fold|vendor
her2k,cfloat,sm_120,512,64,128,fold|vendor
her2k,cfloat,sm_120,512,64,1024,fold|vendor
her2k,cfloat,sm_120,512,64,8192,fold|vendor
her2k,cfloat,sm_120,512,64,32768,fold|vendor
her2k,cfloat,sm_120,512,512,1,fold|vendor
her2k,cfloat,sm_120,512,512,2,fold|vendor
her2k,cfloat,sm_120,512,512,3,fold|vendor
her2k,cfloat,sm_120,512,512,4,fold|vendor
her2k,cfloat,sm_120,512,512,5,fold|vendor
her2k,cfloat,sm_120,512,512,8,fold|vendor
her2k,cfloat,sm_120,512,512,128,fold|vendor
her2k,cfloat,sm_120,512,512,1024,fold|vendor
her2k,cfloat,sm_120,512,512,8192,fold|vendor
her2k,cfloat,sm_120,512,512,32768,fold|vendor
her2k,cfloat,sm_120,512,4096,1,fold|vendor
her2k,cfloat,sm_120,512,4096,2,fold|vendor
her2k,cfloat,sm_120,512,4096,3,fold|vendor
her2k,cfloat,sm_120,512,4096,4,fold|vendor
her2k,cfloat,sm_120,512,4096,5,fold|vendor
her2k,cfloat,sm_120,512,4096,8,fold|vendor
her2k,cfloat,sm_120,512,4096,128,fold|vendor
her2k,cfloat,sm_120,512,4096,1024,fold|vendor
her2k,cfloat,sm_120,512,4096,8192,fold|vendor
her2k,cfloat,sm_120,512,4096,32768,fold|vendor
her2k,cfloat,sm_120,767,1,1,fold|vendor
her2k,cfloat,sm_120,767,1,2,fold|vendor
her2k,cfloat,sm_120,767,1,3,fold|vendor
her2k,cfloat,sm_120,767,1,4,fold|vendor
her2k,cfloat,sm_120,767,1,5,fold|vendor
her2k,cfloat,sm_120,767,1,8,fold|vendor
her2k,cfloat,sm_120,767,1,128,fold|vendor
her2k,cfloat,sm_120,767,1,1024,fold|vendor
her2k,cfloat,sm_120,767,1,8192,fold|vendor
her2k,cfloat,sm_120,767,1,32768,fold|vendor
her2k,cfloat,sm_120,767,8,1,fold|vendor
her2k,cfloat,sm_120,767,8,2,fold|vendor
her2k,cfloat,sm_120,767,8,3,fold|vendor
her2k,cfloat,sm_120,767,8,4,fold|vendor
her2k,cfloat,sm_120,767,8,5,fold|vendor
her2k,cfloat,sm_120,767,8,8,fold|vendor
her2k,cfloat,sm_120,767,8,128,fold|vendor
her2k,cfloat,sm_120,767,8,1024,fold|vendor
her2k,cfloat,sm_120,767,8,8192,fold|vendor
her2k,cfloat,sm_120,767,8,32768,fold|vendor
her2k,cfloat,sm_120,767,64,1,fold|vendor
her2k,cfloat,sm_120,767,64,2,fold|vendor
her2k,cfloat,sm_120,767,64,3,fold|vendor
her2k,cfloat,sm_120,767,64,4,fold|vendor
her2k,cfloat,sm_120,767,64,5,fold|vendor
her2k,cfloat,sm_120,767,64,8,fold|vendor
her2k,cfloat,sm_120,767,64,128,fold|vendor
her2k,cfloat,sm_120,767,64,1024,fold|vendor
her2k,cfloat,sm_120,767,64,8192,fold|vendor
her2k,cfloat,sm_120,767,64,32768,fold|vendor
her2k,cfloat,sm_120,767,512,1,fold|vendor
her2k,cfloat,sm_120,767,512,2,fold|vendor
her2k,cfloat,sm_120,767,512,3,fold|vendor
her2k,cfloat,sm_120,767,512,4,fold|vendor
her2k,cfloat,sm_120,767,512,5,fold|vendor
her2k,cfloat,sm_120,767,512,8,fold|vendor
her2k,cfloat,sm_120,767,512,128,fold|vendor
her2k,cfloat,sm_120,767,512,1024,fold|vendor
her2k,cfloat,sm_120,767,512,8192,fold|vendor
her2k,cfloat,sm_120,767,512,32768,fold|vendor
her2k,cfloat,sm_120,767,4096,1,fold|vendor
her2k,cfloat,sm_120,767,4096,2,fold|vendor
her2k,cfloat,sm_120,767,4096,3,fold|vendor
her2k,cfloat,sm_120,767,4096,4,fold|vendor
her2k,cfloat,sm_120,767,4096,5,fold|vendor
her2k,cfloat,sm_120,767,4096,8,fold|vendor
her2k,cfloat,sm_120,767,4096,128,fold|vendor
her2k,cfloat,sm_120,767,4096,1024,fold|vendor
her2k,cfloat,sm_120,767,4096,8192,fold|vendor
her2k,cfloat,sm_120,767,4096,32768,fold|vendor
her2k,cfloat,sm_120,768,1,1,fold|vendor
her2k,cfloat,sm_120,768,1,2,fold|vendor
her2k,cfloat,sm_120,768,1,3,fold|vendor
her2k,cfloat,sm_120,768,1,4,fold|vendor
her2k,cfloat,sm_120,768,1,5,fold|vendor
her2k,cfloat,sm_120,768,1,8,fold|vendor
her2k,cfloat,sm_120,768,1,128,fold|vendor
her2k,cfloat,sm_120,768,1,1024,fold|vendor
her2k,cfloat,sm_120,768,1,8192,fold|vendor
her2k,cfloat,sm_120,768,1,32768,fold|vendor
her2k,cfloat,sm_120,768,8,1,fold|vendor
her2k,cfloat,sm_120,768,8,2,fold|vendor
her2k,cfloat,sm_120,768,8,3,fold|vendor
her2k,cfloat,sm_120,768,8,4,fold|vendor
her2k,cfloat,sm_120,768,8,5,fold|vendor
her2k,cfloat,sm_120,768,8,8,fold|vendor
her2k,cfloat,sm_120,768,8,128,fold|vendor
her2k,cfloat,sm_120,768,8,1024,fold|vendor
her2k,cfloat,sm_120,768,8,8192,fold|vendor
her2k,cfloat,sm_120,768,8,32768,fold|vendor
her2k,cfloat,sm_120,768,64,1,fold|vendor
her2k,cfloat,sm_120,768,64,2,fold|vendor
her2k,cfloat,sm_120,768,64,3,fold|vendor
her2k,cfloat,sm_120,768,64,4,fold|vendor
her2k,cfloat,sm_120,768,64,5,fold|vendor
her2k,cfloat,sm_120,768,64,8,fold|vendor
her2k,cfloat,sm_120,768,64,128,fold|vendor
her2k,cfloat,sm_120,768,64,1024,fold|vendor
her2k,cfloat,sm_120,768,64,8192,fold|vendor
her2k,cfloat,sm_120,768,64,32768,fold|vendor
her2k,cfloat,sm_120,768,512,1,fold|vendor
her2k,cfloat,sm_120,768,512,2,fold|vendor
her2k,cfloat,sm_120,768,512,3,fold|vendor
her2k,cfloat,sm_120,768,512,4,fold|vendor
her2k,cfloat,sm_120,768,512,5,fold|vendor
her2k,cfloat,sm_120,768,512,8,fold|vendor
her2k,cfloat,sm_120,768,512,128,fold|vendor
her2k,cfloat,sm_120,768,512,1024,fold|vendor
her2k,cfloat,sm_120,768,512,8192,fold|vendor
her2k,cfloat,sm_120,768,512,32768,fold|vendor
her2k,cfloat,sm_120,768,4096,1,fold|vendor
her2k,cfloat,sm_120,768,4096,2,fold|vendor
her2k,cfloat,sm_120,768,4096,3,fold|vendor
her2k,cfloat,sm_120,768,4096,4,fold|vendor
her2k,cfloat,sm_120,768,4096,5,fold|vendor
her2k,cfloat,sm_120,768,4096,8,fold|vendor
her2k,cfloat,sm_120,768,4096,128,fold|vendor
her2k,cfloat,sm_120,768,4096,1024,fold|vendor
her2k,cfloat,sm_120,768,4096,8192,fold|vendor
her2k,cfloat,sm_120,768,4096,32768,fold|vendor
her2k,cfloat,sm_120,769,1,1,fold|vendor
her2k,cfloat,sm_120,769,1,2,fold|vendor
her2k,cfloat,sm_120,769,1,3,fold|vendor
her2k,cfloat,sm_120,769,1,4,fold|vendor
her2k,cfloat,sm_120,769,1,5,fold|vendor
her2k,cfloat,sm_120,769,1,8,fold|vendor
her2k,cfloat,sm_120,769,1,128,fold|vendor
her2k,cfloat,sm_120,769,1,1024,fold|vendor
her2k,cfloat,sm_120,769,1,8192,fold|vendor
her2k,cfloat,sm_120,769,1,32768,fold|vendor
her2k,cfloat,sm_120,769,8,1,fold|vendor
her2k,cfloat,sm_120,769,8,2,fold|vendor
her2k,cfloat,sm_120,769,8,3,fold|vendor
her2k,cfloat,sm_120,769,8,4,fold|vendor
her2k,cfloat,sm_120,769,8,5,fold|vendor
her2k,cfloat,sm_120,769,8,8,fold|vendor
her2k,cfloat,sm_120,769,8,128,fold|vendor
her2k,cfloat,sm_120,769,8,1024,fold|vendor
her2k,cfloat,sm_120,769,8,8192,fold|vendor
her2k,cfloat,sm_120,769,8,32768,fold|vendor
her2k,cfloat,sm_120,769,64,1,fold|vendor
her2k,cfloat,sm_120,769,64,2,fold|vendor
her2k,cfloat,sm_120,769,64,3,fold|vendor
her2k,cfloat,sm_120,769,64,4,fold|vendor
her2k,cfloat,sm_120,769,64,5,fold|vendor
her2k,cfloat,sm_120,769,64,8,fold|vendor
her2k,cfloat,sm_120,769,64,128,fold|vendor
her2k,cfloat,sm_120,769,64,1024,fold|vendor
her2k,cfloat,sm_120,769,64,8192,fold|vendor
her2k,cfloat,sm_120,769,64,32768,fold|vendor
her2k,cfloat,sm_120,769,512,1,fold|vendor
her2k,cfloat,sm_120,769,512,2,fold|vendor
her2k,cfloat,sm_120,769,512,3,fold|vendor
her2k,cfloat,sm_120,769,512,4,fold|vendor
her2k,cfloat,sm_120,769,512,5,fold|vendor
her2k,cfloat,sm_120,769,512,8,fold|vendor
her2k,cfloat,sm_120,769,512,128,fold|vendor
her2k,cfloat,sm_120,769,512,1024,fold|vendor
her2k,cfloat,sm_120,769,512,8192,fold|vendor
her2k,cfloat,sm_120,769,512,32768,fold|vendor
her2k,cfloat,sm_120,769,4096,1,fold|vendor
her2k,cfloat,sm_120,769,4096,2,fold|vendor
her2k,cfloat,sm_120,769,4096,3,fold|vendor
her2k,cfloat,sm_120,769,4096,4,fold|vendor
her2k,cfloat,sm_120,769,4096,5,fold|vendor
her2k,cfloat,sm_120,769,4096,8,fold|vendor
her2k,cfloat,sm_120,769,4096,128,fold|vendor
her2k,cfloat,sm_120,769,4096,1024,fold|vendor
her2k,cfloat,sm_120,769,4096,8192,fold|vendor
her2k,cfloat,sm_120,769,4096,32768,fold|vendor
her2k,cfloat,sm_120,1024,1,1,fold|vendor
her2k,cfloat,sm_120,1024,1,2,fold|vendor
her2k,cfloat,sm_120,1024,1,3,fold|vendor
her2k,cfloat,sm_120,1024,1,4,fold|vendor
her2k,cfloat,sm_120,1024,1,5,fold|vendor
her2k,cfloat,sm_120,1024,1,8,fold|vendor
her2k,cfloat,sm_120,1024,1,128,fold|vendor
her2k,cfloat,sm_120,1024,1,1024,fold|vendor
her2k,cfloat,sm_120,1024,1,8192,fold|vendor
her2k,cfloat,sm_120,1024,1,32768,fold|vendor
her2k,cfloat,sm_120,1024,8,1,fold|vendor
her2k,cfloat,sm_120,1024,8,2,fold|vendor
her2k,cfloat,sm_120,1024,8,3,fold|vendor
her2k,cfloat,sm_120,1024,8,4,fold|vendor
her2k,cfloat,sm_120,1024,8,5,fold|vendor
her2k,cfloat,sm_120,1024,8,8,fold|vendor
her2k,cfloat,sm_120,1024,8,128,fold|vendor
her2k,cfloat,sm_120,1024,8,1024,fold|vendor
her2k,cfloat,sm_120,1024,8,8192,fold|vendor
her2k,cfloat,sm_120,1024,8,32768,fold|vendor
her2k,cfloat,sm_120,1024,64,1,fold|vendor
her2k,cfloat,sm_120,1024,64,2,fold|vendor
her2k,cfloat,sm_120,1024,64,3,fold|vendor
her2k,cfloat,sm_120,1024,64,4,fold|vendor
her2k,cfloat,sm_120,1024,64,5,fold|vendor
her2k,cfloat,sm_120,1024,64,8,fold|vendor
her2k,cfloat,sm_120,1024,64,128,fold|vendor
her2k,cfloat,sm_120,1024,64,1024,fold|vendor
her2k,cfloat,sm_120,1024,64,8192,fold|vendor
her2k,cfloat,sm_120,1024,64,32768,fold|vendor
her2k,cfloat,sm_120,1024,512,1,fold|vendor
her2k,cfloat,sm_120,1024,512,2,fold|vendor
her2k,cfloat,sm_120,1024,512,3,fold|vendor
her2k,cfloat,sm_120,1024,512,4,fold|vendor
her2k,cfloat,sm_120,1024,512,5,fold|vendor
her2k,cfloat,sm_120,1024,512,8,fold|vendor
her2k,cfloat,sm_120,1024,512,128,fold|vendor
her2k,cfloat,sm_120,1024,512,1024,fold|vendor
her2k,cfloat,sm_120,1024,512,8192,fold|vendor
her2k,cfloat,sm_120,1024,512,32768,fold|vendor
her2k,cfloat,sm_120,1024,4096,1,fold|vendor
her2k,cfloat,sm_120,1024,4096,2,fold|vendor
her2k,cfloat,sm_120,1024,4096,3,fold|vendor
her2k,cfloat,sm_120,1024,4096,4,fold|vendor
her2k,cfloat,sm_120,1024,4096,5,fold|vendor
her2k,cfloat,sm_120,1024,4096,8,fold|vendor
her2k,cfloat,sm_120,1024,4096,128,fold|vendor
her2k,cfloat,sm_120,1024,4096,1024,fold|vendor
her2k,cfloat,sm_120,1024,4096,8192,fold|vendor
her2k,cfloat,sm_120,1024,4096,32768,fold|vendor
her2k,cfloat,sm_120,2048,1,1,fold|vendor
her2k,cfloat,sm_120,2048,1,2,fold|vendor
her2k,cfloat,sm_120,2048,1,3,fold|vendor
her2k,cfloat,sm_120,2048,1,4,fold|vendor
her2k,cfloat,sm_120,2048,1,5,fold|vendor
her2k,cfloat,sm_120,2048,1,8,fold|vendor
her2k,cfloat,sm_120,2048,1,128,fold|vendor
her2k,cfloat,sm_120,2048,1,1024,fold|vendor
her2k,cfloat,sm_120,2048,1,8192,fold|vendor
her2k,cfloat,sm_120,2048,1,32768,fold|vendor
her2k,cfloat,sm_120,2048,8,1,fold|vendor
her2k,cfloat,sm_120,2048,8,2,fold|vendor
her2k,cfloat,sm_120,2048,8,3,fold|vendor
her2k,cfloat,sm_120,2048,8,4,fold|vendor
her2k,cfloat,sm_120,2048,8,5,fold|vendor
her2k,cfloat,sm_120,2048,8,8,fold|vendor
her2k,cfloat,sm_120,2048,8,128,fold|vendor
her2k,cfloat,sm_120,2048,8,1024,fold|vendor
her2k,cfloat,sm_120,2048,8,8192,fold|vendor
her2k,cfloat,sm_120,2048,8,32768,fold|vendor
her2k,cfloat,sm_120,2048,64,1,fold|vendor
her2k,cfloat,sm_120,2048,64,2,fold|vendor
her2k,cfloat,sm_120,2048,64,3,fold|vendor
her2k,cfloat,sm_120,2048,64,4,fold|vendor
her2k,cfloat,sm_120,2048,64,5,fold|vendor
her2k,cfloat,sm_120,2048,64,8,fold|vendor
her2k,cfloat,sm_120,2048,64,128,fold|vendor
her2k,cfloat,sm_120,2048,64,1024,fold|vendor
her2k,cfloat,sm_120,2048,64,8192,fold|vendor
her2k,cfloat,sm_120,2048,64,32768,fold|vendor
her2k,cfloat,sm_120,2048,512,1,fold|vendor
her2k,cfloat,sm_120,2048,512,2,fold|vendor
her2k,cfloat,sm_120,2048,512,3,fold|vendor
her2k,cfloat,sm_120,2048,512,4,fold|vendor
her2k,cfloat,sm_120,2048,512,5,fold|vendor
her2k,cfloat,sm_120,2048,512,8,fold|vendor
her2k,cfloat,sm_120,2048,512,128,fold|vendor
her2k,cfloat,sm_120,2048,512,1024,fold|vendor
her2k,cfloat,sm_120,2048,512,8192,fold|vendor
her2k,cfloat,sm_120,2048,512,32768,fold|vendor
her2k,cfloat,sm_120,2048,4096,1,fold|vendor
her2k,cfloat,sm_120,2048,4096,2,fold|vendor
her2k,cfloat,sm_120,2048,4096,3,fold|vendor
her2k,cfloat,sm_120,2048,4096,4,fold|vendor
her2k,cfloat,sm_120,2048,4096,5,fold|vendor
her2k,cfloat,sm_120,2048,4096,8,fold|vendor
her2k,cfloat,sm_120,2048,4096,128,fold|vendor
her2k,cfloat,sm_120,2048,4096,1024,fold|vendor
her2k,cfloat,sm_120,2048,4096,8192,fold|vendor
her2k,cfloat,sm_120,2048,4096,32768,fold|vendor
her2k,cfloat,sm_120,4096,1,1,fold|vendor
her2k,cfloat,sm_120,4096,1,2,fold|vendor
her2k,cfloat,sm_120,4096,1,3,fold|vendor
her2k,cfloat,sm_120,4096,1,4,fold|vendor
her2k,cfloat,sm_120,4096,1,5,fold|vendor
her2k,cfloat,sm_120,4096,1,8,fold|vendor
her2k,cfloat,sm_120,4096,1,128,fold|vendor
her2k,cfloat,sm_120,4096,1,1024,fold|vendor
her2k,cfloat,sm_120,4096,1,8192,fold|vendor
her2k,cfloat,sm_120,4096,1,32768,fold|vendor
her2k,cfloat,sm_120,4096,8,1,fold|vendor
her2k,cfloat,sm_120,4096,8,2,fold|vendor
her2k,cfloat,sm_120,4096,8,3,fold|vendor
her2k,cfloat,sm_120,4096,8,4,fold|vendor
her2k,cfloat,sm_120,4096,8,5,fold|vendor
her2k,cfloat,sm_120,4096,8,8,fold|vendor
her2k,cfloat,sm_120,4096,8,128,fold|vendor
her2k,cfloat,sm_120,4096,8,1024,fold|vendor
her2k,cfloat,sm_120,4096,8,8192,fold|vendor
her2k,cfloat,sm_120,4096,8,32768,fold|vendor
her2k,cfloat,sm_120,4096,64,1,fold|vendor
her2k,cfloat,sm_120,4096,64,2,fold|vendor
her2k,cfloat,sm_120,4096,64,3,fold|vendor
her2k,cfloat,sm_120,4096,64,4,fold|vendor
her2k,cfloat,sm_120,4096,64,5,fold|vendor
her2k,cfloat,sm_120,4096,64,8,fold|vendor
her2k,cfloat,sm_120,4096,64,128,fold|vendor
her2k,cfloat,sm_120,4096,64,1024,fold|vendor
her2k,cfloat,sm_120,4096,64,8192,fold|vendor
her2k,cfloat,sm_120,4096,64,32768,fold|vendor
her2k,cfloat,sm_120,4096,512,1,fold|vendor
her2k,cfloat,sm_120,4096,512,2,fold|vendor
her2k,cfloat,sm_120,4096,512,3,fold|vendor
her2k,cfloat,sm_120,4096,512,4,fold|vendor
her2k,cfloat,sm_120,4096,512,5,fold|vendor
her2k,cfloat,sm_120,4096,512,8,fold|vendor
her2k,cfloat,sm_120,4096,512,128,fold|vendor
her2k,cfloat,sm_120,4096,512,1024,fold|vendor
her2k,cfloat,sm_120,4096,512,8192,fold|vendor
her2k,cfloat,sm_120,4096,512,32768,fold|vendor
her2k,cfloat,sm_120,4096,4096,1,fold|vendor
her2k,cfloat,sm_120,4096,4096,2,fold|vendor
her2k,cfloat,sm_120,4096,4096,3,fold|vendor
her2k,cfloat,sm_120,4096,4096,4,fold|vendor
her2k,cfloat,sm_120,4096,4096,5,fold|vendor
her2k,cfloat,sm_120,4096,4096,8,fold|vendor
her2k,cfloat,sm_120,4096,4096,128,fold|vendor
her2k,cfloat,sm_120,4096,4096,1024,fold|vendor
her2k,cfloat,sm_120,4096,4096,8192,fold|vendor
her2k,cfloat,sm_120,4096,4096,32768,fold|vendor
her2k,cdouble,sm_89,1,1,1,vendor|fold
her2k,cdouble,sm_89,1,1,2,fold|vendor
her2k,cdouble,sm_89,1,1,3,fold|vendor
her2k,cdouble,sm_89,1,1,4,fold|vendor
her2k,cdouble,sm_89,1,1,5,fold|vendor
her2k,cdouble,sm_89,1,1,8,fold|vendor
her2k,cdouble,sm_89,1,1,128,fold|vendor
her2k,cdouble,sm_89,1,1,1024,fold|vendor
her2k,cdouble,sm_89,1,1,8192,fold|vendor
her2k,cdouble,sm_89,1,1,32768,fold|vendor
her2k,cdouble,sm_89,1,8,1,vendor|fold
her2k,cdouble,sm_89,1,8,2,fold|vendor
her2k,cdouble,sm_89,1,8,3,fold|vendor
her2k,cdouble,sm_89,1,8,4,fold|vendor
her2k,cdouble,sm_89,1,8,5,fold|vendor
her2k,cdouble,sm_89,1,8,8,fold|vendor
her2k,cdouble,sm_89,1,8,128,fold|vendor
her2k,cdouble,sm_89,1,8,1024,fold|vendor
her2k,cdouble,sm_89,1,8,8192,fold|vendor
her2k,cdouble,sm_89,1,8,32768,fold|vendor
her2k,cdouble,sm_89,1,64,1,vendor|fold
her2k,cdouble,sm_89,1,64,2,fold|vendor
her2k,cdouble,sm_89,1,64,3,fold|vendor
her2k,cdouble,sm_89,1,64,4,fold|vendor
her2k,cdouble,sm_89,1,64,5,fold|vendor
her2k,cdouble,sm_89,1,64,8,fold|vendor
her2k,cdouble,sm_89,1,64,128,fold|vendor
her2k,cdouble,sm_89,1,64,1024,fold|vendor
her2k,cdouble,sm_89,1,64,8192,fold|vendor
her2k,cdouble,sm_89,1,64,32768,fold|vendor
her2k,cdouble,sm_89,1,512,1,vendor|fold
her2k,cdouble,sm_89,1,512,2,fold|vendor
her2k,cdouble,sm_89,1,512,3,fold|vendor
her2k,cdouble,sm_89,1,512,4,fold|vendor
her2k,cdouble,sm_89,1,512,5,fold|vendor
her2k,cdouble,sm_89,1,512,8,fold|vendor
her2k,cdouble,sm_89,1,512,128,fold|vendor
her2k,cdouble,sm_89,1,512,1024,fold|vendor
her2k,cdouble,sm_89,1,512,8192,fold|vendor
her2k,cdouble,sm_89,1,512,32768,fold|vendor
her2k,cdouble,sm_89,1,4096,1,vendor|fold
her2k,cdouble,sm_89,1,4096,2,fold|vendor
her2k,cdouble,sm_89,1,4096,3,fold|vendor
her2k,cdouble,sm_89,1,4096,4,fold|vendor
her2k,cdouble,sm_89,1,4096,5,fold|vendor
her2k,cdouble,sm_89,1,4096,8,fold|vendor
her2k,cdouble,sm_89,1,4096,128,fold|vendor
her2k,cdouble,sm_89,1,4096,1024,fold|vendor
her2k,cdouble,sm_89,1,4096,8192,fold|vendor
her2k,cdouble,sm_89,1,4096,32768,fold|vendor
her2k,cdouble,sm_89,2,1,1,vendor|fold
her2k,cdouble,sm_89,2,1,2,fold|vendor
her2k,cdouble,sm_89,2,1,3,fold|vendor
her2k,cdouble,sm_89,2,1,4,fold|vendor
her2k,cdouble,sm_89,2,1,5,fold|vendor
her2k,cdouble,sm_89,2,1,8,fold|vendor
her2k,cdouble,sm_89,2,1,128,fold|vendor
her2k,cdouble,sm_89,2,1,1024,fold|vendor
her2k,cdouble,sm_89,2,1,8192,fold|vendor
her2k,cdouble,sm_89,2,1,32768,fold|vendor
her2k,cdouble,sm_89,2,8,1,vendor|fold
her2k,cdouble,sm_89,2,8,2,fold|vendor
her2k,cdouble,sm_89,2,8,3,fold|vendor
her2k,cdouble,sm_89,2,8,4,fold|vendor
her2k,cdouble,sm_89,2,8,5,fold|vendor
her2k,cdouble,sm_89,2,8,8,fold|vendor
her2k,cdouble,sm_89,2,8,128,fold|vendor
her2k,cdouble,sm_89,2,8,1024,fold|vendor
her2k,cdouble,sm_89,2,8,8192,fold|vendor
her2k,cdouble,sm_89,2,8,32768,fold|vendor
her2k,cdouble,sm_89,2,64,1,vendor|fold
her2k,cdouble,sm_89,2,64,2,fold|vendor
her2k,cdouble,sm_89,2,64,3,fold|vendor
her2k,cdouble,sm_89,2,64,4,fold|vendor
her2k,cdouble,sm_89,2,64,5,fold|vendor
her2k,cdouble,sm_89,2,64,8,fold|vendor
her2k,cdouble,sm_89,2,64,128,fold|vendor
her2k,cdouble,sm_89,2,64,1024,fold|vendor
her2k,cdouble,sm_89,2,64,8192,fold|vendor
her2k,cdouble,sm_89,2,64,32768,fold|vendor
her2k,cdouble,sm_89,2,512,1,vendor|fold
her2k,cdouble,sm_89,2,512,2,fold|vendor
her2k,cdouble,sm_89,2,512,3,fold|vendor
her2k,cdouble,sm_89,2,512,4,fold|vendor
her2k,cdouble,sm_89,2,512,5,fold|vendor
her2k,cdouble,sm_89,2,512,8,fold|vendor
her2k,cdouble,sm_89,2,512,128,fold|vendor
her2k,cdouble,sm_89,2,512,1024,fold|vendor
her2k,cdouble,sm_89,2,512,8192,fold|vendor
her2k,cdouble,sm_89,2,512,32768,fold|vendor
her2k,cdouble,sm_89,2,4096,1,vendor|fold
her2k,cdouble,sm_89,2,4096,2,fold|vendor
her2k,cdouble,sm_89,2,4096,3,fold|vendor
her2k,cdouble,sm_89,2,4096,4,fold|vendor
her2k,cdouble,sm_89,2,4096,5,fold|vendor
her2k,cdouble,sm_89,2,4096,8,fold|vendor
her2k,cdouble,sm_89,2,4096,128,fold|vendor
her2k,cdouble,sm_89,2,4096,1024,fold|vendor
her2k,cdouble,sm_89,2,4096,8192,fold|vendor
her2k,cdouble,sm_89,2,4096,32768,fold|vendor
her2k,cdouble,sm_89,4,1,1,vendor|fold
her2k,cdouble,sm_89,4,1,2,fold|vendor
her2k,cdouble,sm_89,4,1,3,fold|vendor
her2k,cdouble,sm_89,4,1,4,fold|vendor
her2k,cdouble,sm_89,4,1,5,fold|vendor
her2k,cdouble,sm_89,4,1,8,fold|vendor
her2k,cdouble,sm_89,4,1,128,fold|vendor
her2k,cdouble,sm_89,4,1,1024,fold|vendor
her2k,cdouble,sm_89,4,1,8192,fold|vendor
her2k,cdouble,sm_89,4,1,32768,fold|vendor
her2k,cdouble,sm_89,4,8,1,vendor|fold
her2k,cdouble,sm_89,4,8,2,fold|vendor
her2k,cdouble,sm_89,4,8,3,fold|vendor
her2k,cdouble,sm_89,4,8,4,fold|vendor
her2k,cdouble,sm_89,4,8,5,fold|vendor
her2k,cdouble,sm_89,4,8,8,fold|vendor
her2k,cdouble,sm_89,4,8,128,fold|vendor
her2k,cdouble,sm_89,4,8,1024,fold|vendor
her2k,cdouble,sm_89,4,8,8192,fold|vendor
her2k,cdouble,sm_89,4,8,32768,fold|vendor
her2k,cdouble,sm_89,4,64,1,vendor|fold
her2k,cdouble,sm_89,4,64,2,fold|vendor
her2k,cdouble,sm_89,4,64,3,fold|vendor
her2k,cdouble,sm_89,4,64,4,fold|vendor
her2k,cdouble,sm_89,4,64,5,fold|vendor
her2k,cdouble,sm_89,4,64,8,fold|vendor
her2k,cdouble,sm_89,4,64,128,fold|vendor
her2k,cdouble,sm_89,4,64,1024,fold|vendor
her2k,cdouble,sm_89,4,64,8192,fold|vendor
her2k,cdouble,sm_89,4,64,32768,fold|vendor
her2k,cdouble,sm_89,4,512,1,vendor|fold
her2k,cdouble,sm_89,4,512,2,fold|vendor
her2k,cdouble,sm_89,4,512,3,fold|vendor
her2k,cdouble,sm_89,4,512,4,fold|vendor
her2k,cdouble,sm_89,4,512,5,fold|vendor
her2k,cdouble,sm_89,4,512,8,fold|vendor
her2k,cdouble,sm_89,4,512,128,fold|vendor
her2k,cdouble,sm_89,4,512,1024,fold|vendor
her2k,cdouble,sm_89,4,512,8192,fold|vendor
her2k,cdouble,sm_89,4,512,32768,fold|vendor
her2k,cdouble,sm_89,4,4096,1,vendor|fold
her2k,cdouble,sm_89,4,4096,2,fold|vendor
her2k,cdouble,sm_89,4,4096,3,fold|vendor
her2k,cdouble,sm_89,4,4096,4,fold|vendor
her2k,cdouble,sm_89,4,4096,5,fold|vendor
her2k,cdouble,sm_89,4,4096,8,fold|vendor
her2k,cdouble,sm_89,4,4096,128,fold|vendor
her2k,cdouble,sm_89,4,4096,1024,fold|vendor
her2k,cdouble,sm_89,4,4096,8192,fold|vendor
her2k,cdouble,sm_89,4,4096,32768,fold|vendor
her2k,cdouble,sm_89,8,1,1,vendor|fold
her2k,cdouble,sm_89,8,1,2,fold|vendor
her2k,cdouble,sm_89,8,1,3,fold|vendor
her2k,cdouble,sm_89,8,1,4,fold|vendor
her2k,cdouble,sm_89,8,1,5,fold|vendor
her2k,cdouble,sm_89,8,1,8,fold|vendor
her2k,cdouble,sm_89,8,1,128,fold|vendor
her2k,cdouble,sm_89,8,1,1024,fold|vendor
her2k,cdouble,sm_89,8,1,8192,fold|vendor
her2k,cdouble,sm_89,8,1,32768,fold|vendor
her2k,cdouble,sm_89,8,8,1,vendor|fold
her2k,cdouble,sm_89,8,8,2,fold|vendor
her2k,cdouble,sm_89,8,8,3,fold|vendor
her2k,cdouble,sm_89,8,8,4,fold|vendor
her2k,cdouble,sm_89,8,8,5,fold|vendor
her2k,cdouble,sm_89,8,8,8,fold|vendor
her2k,cdouble,sm_89,8,8,128,fold|vendor
her2k,cdouble,sm_89,8,8,1024,fold|vendor
her2k,cdouble,sm_89,8,8,8192,fold|vendor
her2k,cdouble,sm_89,8,8,32768,fold|vendor
her2k,cdouble,sm_89,8,64,1,vendor|fold
her2k,cdouble,sm_89,8,64,2,fold|vendor
her2k,cdouble,sm_89,8,64,3,fold|vendor
her2k,cdouble,sm_89,8,64,4,fold|vendor
her2k,cdouble,sm_89,8,64,5,fold|vendor
her2k,cdouble,sm_89,8,64,8,fold|vendor
her2k,cdouble,sm_89,8,64,128,fold|vendor
her2k,cdouble,sm_89,8,64,1024,fold|vendor
her2k,cdouble,sm_89,8,64,8192,fold|vendor
her2k,cdouble,sm_89,8,64,32768,fold|vendor
her2k,cdouble,sm_89,8,512,1,vendor|fold
her2k,cdouble,sm_89,8,512,2,fold|vendor
her2k,cdouble,sm_89,8,512,3,fold|vendor
her2k,cdouble,sm_89,8,512,4,fold|vendor
her2k,cdouble,sm_89,8,512,5,fold|vendor
her2k,cdouble,sm_89,8,512,8,fold|vendor
her2k,cdouble,sm_89,8,512,128,fold|vendor
her2k,cdouble,sm_89,8,512,1024,fold|vendor
her2k,cdouble,sm_89,8,512,8192,fold|vendor
her2k,cdouble,sm_89,8,512,32768,fold|vendor
her2k,cdouble,sm_89,8,4096,1,vendor|fold
her2k,cdouble,sm_89,8,4096,2,fold|vendor
her2k,cdouble,sm_89,8,4096,3,fold|vendor
her2k,cdouble,sm_89,8,4096,4,fold|vendor
her2k,cdouble,sm_89,8,4096,5,fold|vendor
her2k,cdouble,sm_89,8,4096,8,fold|vendor
her2k,cdouble,sm_89,8,4096,128,fold|vendor
her2k,cdouble,sm_89,8,4096,1024,fold|vendor
her2k,cdouble,sm_89,8,4096,8192,fold|vendor
her2k,cdouble,sm_89,8,4096,32768,fold|vendor
her2k,cdouble,sm_89,16,1,1,vendor|fold
her2k,cdouble,sm_89,16,1,2,fold|vendor
her2k,cdouble,sm_89,16,1,3,fold|vendor
her2k,cdouble,sm_89,16,1,4,fold|vendor
her2k,cdouble,sm_89,16,1,5,fold|vendor
her2k,cdouble,sm_89,16,1,8,fold|vendor
her2k,cdouble,sm_89,16,1,128,fold|vendor
her2k,cdouble,sm_89,16,1,1024,fold|vendor
her2k,cdouble,sm_89,16,1,8192,fold|vendor
her2k,cdouble,sm_89,16,1,32768,fold|vendor
her2k,cdouble,sm_89,16,8,1,vendor|fold
her2k,cdouble,sm_89,16,8,2,fold|vendor
her2k,cdouble,sm_89,16,8,3,fold|vendor
her2k,cdouble,sm_89,16,8,4,fold|vendor
her2k,cdouble,sm_89,16,8,5,fold|vendor
her2k,cdouble,sm_89,16,8,8,fold|vendor
her2k,cdouble,sm_89,16,8,128,fold|vendor
her2k,cdouble,sm_89,16,8,1024,fold|vendor
her2k,cdouble,sm_89,16,8,8192,fold|vendor
her2k,cdouble,sm_89,16,8,32768,fold|vendor
her2k,cdouble,sm_89,16,64,1,vendor|fold
her2k,cdouble,sm_89,16,64,2,fold|vendor
her2k,cdouble,sm_89,16,64,3,fold|vendor
her2k,cdouble,sm_89,16,64,4,fold|vendor
her2k,cdouble,sm_89,16,64,5,fold|vendor
her2k,cdouble,sm_89,16,64,8,fold|vendor
her2k,cdouble,sm_89,16,64,128,fold|vendor
her2k,cdouble,sm_89,16,64,1024,fold|vendor
her2k,cdouble,sm_89,16,64,8192,fold|vendor
her2k,cdouble,sm_89,16,64,32768,fold|vendor
her2k,cdouble,sm_89,16,512,1,vendor|fold
her2k,cdouble,sm_89,16,512,2,fold|vendor
her2k,cdouble,sm_89,16,512,3,fold|vendor
her2k,cdouble,sm_89,16,512,4,fold|vendor
her2k,cdouble,sm_89,16,512,5,fold|vendor
her2k,cdouble,sm_89,16,512,8,fold|vendor
her2k,cdouble,sm_89,16,512,128,fold|vendor
her2k,cdouble,sm_89,16,512,1024,fold|vendor
her2k,cdouble,sm_89,16,512,8192,fold|vendor
her2k,cdouble,sm_89,16,512,32768,fold|vendor
her2k,cdouble,sm_89,16,4096,1,vendor|fold
her2k,cdouble,sm_89,16,4096,2,fold|vendor
her2k,cdouble,sm_89,16,4096,3,fold|vendor
her2k,cdouble,sm_89,16,4096,4,fold|vendor
her2k,cdouble,sm_89,16,4096,5,fold|vendor
her2k,cdouble,sm_89,16,4096,8,fold|vendor
her2k,cdouble,sm_89,16,4096,128,fold|vendor
her2k,cdouble,sm_89,16,4096,1024,fold|vendor
her2k,cdouble,sm_89,16,4096,8192,fold|vendor
her2k,cdouble,sm_89,16,4096,32768,fold|vendor
her2k,cdouble,sm_89,32,1,1,vendor|fold
her2k,cdouble,sm_89,32,1,2,fold|vendor
her2k,cdouble,sm_89,32,1,3,fold|vendor
her2k,cdouble,sm_89,32,1,4,fold|vendor
her2k,cdouble,sm_89,32,1,5,fold|vendor
her2k,cdouble,sm_89,32,1,8,fold|vendor
her2k,cdouble,sm_89,32,1,128,fold|vendor
her2k,cdouble,sm_89,32,1,1024,fold|vendor
her2k,cdouble,sm_89,32,1,8192,fold|vendor
her2k,cdouble,sm_89,32,1,32768,fold|vendor
her2k,cdouble,sm_89,32,8,1,vendor|fold
her2k,cdouble,sm_89,32,8,2,fold|vendor
her2k,cdouble,sm_89,32,8,3,fold|vendor
her2k,cdouble,sm_89,32,8,4,fold|vendor
her2k,cdouble,sm_89,32,8,5,fold|vendor
her2k,cdouble,sm_89,32,8,8,fold|vendor
her2k,cdouble,sm_89,32,8,128,fold|vendor
her2k,cdouble,sm_89,32,8,1024,fold|vendor
her2k,cdouble,sm_89,32,8,8192,fold|vendor
her2k,cdouble,sm_89,32,8,32768,fold|vendor
her2k,cdouble,sm_89,32,64,1,vendor|fold
her2k,cdouble,sm_89,32,64,2,fold|vendor
her2k,cdouble,sm_89,32,64,3,fold|vendor
her2k,cdouble,sm_89,32,64,4,fold|vendor
her2k,cdouble,sm_89,32,64,5,fold|vendor
her2k,cdouble,sm_89,32,64,8,fold|vendor
her2k,cdouble,sm_89,32,64,128,fold|vendor
her2k,cdouble,sm_89,32,64,1024,fold|vendor
her2k,cdouble,sm_89,32,64,8192,fold|vendor
her2k,cdouble,sm_89,32,64,32768,fold|vendor
her2k,cdouble,sm_89,32,512,1,vendor|fold
her2k,cdouble,sm_89,32,512,2,fold|vendor
her2k,cdouble,sm_89,32,512,3,fold|vendor
her2k,cdouble,sm_89,32,512,4,fold|vendor
her2k,cdouble,sm_89,32,512,5,fold|vendor
her2k,cdouble,sm_89,32,512,8,fold|vendor
her2k,cdouble,sm_89,32,512,128,fold|vendor
her2k,cdouble,sm_89,32,512,1024,fold|vendor
her2k,cdouble,sm_89,32,512,8192,fold|vendor
her2k,cdouble,sm_89,32,512,32768,fold|vendor
her2k,cdouble,sm_89,32,4096,1,vendor|fold
her2k,cdouble,sm_89,32,4096,2,fold|vendor
her2k,cdouble,sm_89,32,4096,3,fold|vendor
her2k,cdouble,sm_89,32,4096,4,fold|vendor
her2k,cdouble,sm_89,32,4096,5,fold|vendor
her2k,cdouble,sm_89,32,4096,8,fold|vendor
her2k,cdouble,sm_89,32,4096,128,fold|vendor
her2k,cdouble,sm_89,32,4096,1024,fold|vendor
her2k,cdouble,sm_89,32,4096,8192,fold|vendor
her2k,cdouble,sm_89,32,4096,32768,fold|vendor
her2k,cdouble,sm_89,64,1,1,vendor|fold
her2k,cdouble,sm_89,64,1,2,fold|vendor
her2k,cdouble,sm_89,64,1,3,fold|vendor
her2k,cdouble,sm_89,64,1,4,fold|vendor
her2k,cdouble,sm_89,64,1,5,fold|vendor
her2k,cdouble,sm_89,64,1,8,fold|vendor
her2k,cdouble,sm_89,64,1,128,fold|vendor
her2k,cdouble,sm_89,64,1,1024,fold|vendor
her2k,cdouble,sm_89,64,1,8192,fold|vendor
her2k,cdouble,sm_89,64,1,32768,fold|vendor
her2k,cdouble,sm_89,64,8,1,vendor|fold
her2k,cdouble,sm_89,64,8,2,fold|vendor
her2k,cdouble,sm_89,64,8,3,fold|vendor
her2k,cdouble,sm_89,64,8,4,fold|vendor
her2k,cdouble,sm_89,64,8,5,fold|vendor
her2k,cdouble,sm_89,64,8,8,fold|vendor
her2k,cdouble,sm_89,64,8,128,fold|vendor
her2k,cdouble,sm_89,64,8,1024,fold|vendor
her2k,cdouble,sm_89,64,8,8192,fold|vendor
her2k,cdouble,sm_89,64,8,32768,fold|vendor
her2k,cdouble,sm_89,64,64,1,vendor|fold
her2k,cdouble,sm_89,64,64,2,fold|vendor
her2k,cdouble,sm_89,64,64,3,fold|vendor
her2k,cdouble,sm_89,64,64,4,fold|vendor
her2k,cdouble,sm_89,64,64,5,fold|vendor
her2k,cdouble,sm_89,64,64,8,fold|vendor
her2k,cdouble,sm_89,64,64,128,fold|vendor
her2k,cdouble,sm_89,64,64,1024,fold|vendor
her2k,cdouble,sm_89,64,64,8192,fold|vendor
her2k,cdouble,sm_89,64,64,32768,fold|vendor
her2k,cdouble,sm_89,64,512,1,vendor|fold
her2k,cdouble,sm_89,64,512,2,fold|vendor
her2k,cdouble,sm_89,64,512,3,fold|vendor
her2k,cdouble,sm_89,64,512,4,fold|vendor
her2k,cdouble,sm_89,64,512,5,fold|vendor
her2k,cdouble,sm_89,64,512,8,fold|vendor
her2k,cdouble,sm_89,64,512,128,fold|vendor
her2k,cdouble,sm_89,64,512,1024,fold|vendor
her2k,cdouble,sm_89,64,512,8192,fold|vendor
her2k,cdouble,sm_89,64,512,32768,fold|vendor
her2k,cdouble,sm_89,64,4096,1,vendor|fold
her2k,cdouble,sm_89,64,4096,2,fold|vendor
her2k,cdouble,sm_89,64,4096,3,fold|vendor
her2k,cdouble,sm_89,64,4096,4,fold|vendor
her2k,cdouble,sm_89,64,4096,5,fold|vendor
her2k,cdouble,sm_89,64,4096,8,fold|vendor
her2k,cdouble,sm_89,64,4096,128,fold|vendor
her2k,cdouble,sm_89,64,4096,1024,fold|vendor
her2k,cdouble,sm_89,64,4096,8192,fold|vendor
her2k,cdouble,sm_89,64,4096,32768,fold|vendor
her2k,cdouble,sm_89,127,1,1,vendor|fold
her2k,cdouble,sm_89,127,1,2,fold|vendor
her2k,cdouble,sm_89,127,1,3,fold|vendor
her2k,cdouble,sm_89,127,1,4,fold|vendor
her2k,cdouble,sm_89,127,1,5,fold|vendor
her2k,cdouble,sm_89,127,1,8,fold|vendor
her2k,cdouble,sm_89,127,1,128,fold|vendor
her2k,cdouble,sm_89,127,1,1024,fold|vendor
her2k,cdouble,sm_89,127,1,8192,fold|vendor
her2k,cdouble,sm_89,127,1,32768,fold|vendor
her2k,cdouble,sm_89,127,8,1,vendor|fold
her2k,cdouble,sm_89,127,8,2,fold|vendor
her2k,cdouble,sm_89,127,8,3,fold|vendor
her2k,cdouble,sm_89,127,8,4,fold|vendor
her2k,cdouble,sm_89,127,8,5,fold|vendor
her2k,cdouble,sm_89,127,8,8,fold|vendor
her2k,cdouble,sm_89,127,8,128,fold|vendor
her2k,cdouble,sm_89,127,8,1024,fold|vendor
her2k,cdouble,sm_89,127,8,8192,fold|vendor
her2k,cdouble,sm_89,127,8,32768,fold|vendor
her2k,cdouble,sm_89,127,64,1,vendor|fold
her2k,cdouble,sm_89,127,64,2,fold|vendor
her2k,cdouble,sm_89,127,64,3,fold|vendor
her2k,cdouble,sm_89,127,64,4,fold|vendor
her2k,cdouble,sm_89,127,64,5,fold|vendor
her2k,cdouble,sm_89,127,64,8,fold|vendor
her2k,cdouble,sm_89,127,64,128,fold|vendor
her2k,cdouble,sm_89,127,64,1024,fold|vendor
her2k,cdouble,sm_89,127,64,8192,fold|vendor
her2k,cdouble,sm_89,127,64,32768,fold|vendor
her2k,cdouble,sm_89,127,512,1,vendor|fold
her2k,cdouble,sm_89,127,512,2,fold|vendor
her2k,cdouble,sm_89,127,512,3,fold|vendor
her2k,cdouble,sm_89,127,512,4,fold|vendor
her2k,cdouble,sm_89,127,512,5,fold|vendor
her2k,cdouble,sm_89,127,512,8,fold|vendor
her2k,cdouble,sm_89,127,512,128,fold|vendor
her2k,cdouble,sm_89,127,512,1024,fold|vendor
her2k,cdouble,sm_89,127,512,8192,fold|vendor
her2k,cdouble,sm_89,127,512,32768,fold|vendor
her2k,cdouble,sm_89,127,4096,1,vendor|fold
her2k,cdouble,sm_89,127,4096,2,fold|vendor
her2k,cdouble,sm_89,127,4096,3,fold|vendor
her2k,cdouble,sm_89,127,4096,4,fold|vendor
her2k,cdouble,sm_89,127,4096,5,fold|vendor
her2k,cdouble,sm_89,127,4096,8,fold|vendor
her2k,cdouble,sm_89,127,4096,128,fold|vendor
her2k,cdouble,sm_89,127,4096,1024,fold|vendor
her2k,cdouble,sm_89,127,4096,8192,fold|vendor
her2k,cdouble,sm_89,127,4096,32768,fold|vendor
her2k,cdouble,sm_89,128,1,1,fold|vendor
her2k,cdouble,sm_89,128,1,2,fold|vendor
her2k,cdouble,sm_89,128,1,3,fold|vendor
her2k,cdouble,sm_89,128,1,4,fold|vendor
her2k,cdouble,sm_89,128,1,5,fold|vendor
her2k,cdouble,sm_89,128,1,8,fold|vendor
her2k,cdouble,sm_89,128,1,128,fold|vendor
her2k,cdouble,sm_89,128,1,1024,fold|vendor
her2k,cdouble,sm_89,128,1,8192,fold|vendor
her2k,cdouble,sm_89,128,1,32768,fold|vendor
her2k,cdouble,sm_89,128,8,1,fold|vendor
her2k,cdouble,sm_89,128,8,2,fold|vendor
her2k,cdouble,sm_89,128,8,3,fold|vendor
her2k,cdouble,sm_89,128,8,4,fold|vendor
her2k,cdouble,sm_89,128,8,5,fold|vendor
her2k,cdouble,sm_89,128,8,8,fold|vendor
her2k,cdouble,sm_89,128,8,128,fold|vendor
her2k,cdouble,sm_89,128,8,1024,fold|vendor
her2k,cdouble,sm_89,128,8,8192,fold|vendor
her2k,cdouble,sm_89,128,8,32768,fold|vendor
her2k,cdouble,sm_89,128,64,1,fold|vendor
her2k,cdouble,sm_89,128,64,2,fold|vendor
her2k,cdouble,sm_89,128,64,3,fold|vendor
her2k,cdouble,sm_89,128,64,4,fold|vendor
her2k,cdouble,sm_89,128,64,5,fold|vendor
her2k,cdouble,sm_89,128,64,8,fold|vendor
her2k,cdouble,sm_89,128,64,128,fold|vendor
her2k,cdouble,sm_89,128,64,1024,fold|vendor
her2k,cdouble,sm_89,128,64,8192,fold|vendor
her2k,cdouble,sm_89,128,64,32768,fold|vendor
her2k,cdouble,sm_89,128,512,1,fold|vendor
her2k,cdouble,sm_89,128,512,2,fold|vendor
her2k,cdouble,sm_89,128,512,3,fold|vendor
her2k,cdouble,sm_89,128,512,4,fold|vendor
her2k,cdouble,sm_89,128,512,5,fold|vendor
her2k,cdouble,sm_89,128,512,8,fold|vendor
her2k,cdouble,sm_89,128,512,128,fold|vendor
her2k,cdouble,sm_89,128,512,1024,fold|vendor
her2k,cdouble,sm_89,128,512,8192,fold|vendor
her2k,cdouble,sm_89,128,512,32768,fold|vendor
her2k,cdouble,sm_89,128,4096,1,fold|vendor
her2k,cdouble,sm_89,128,4096,2,fold|vendor
her2k,cdouble,sm_89,128,4096,3,fold|vendor
her2k,cdouble,sm_89,128,4096,4,fold|vendor
her2k,cdouble,sm_89,128,4096,5,fold|vendor
her2k,cdouble,sm_89,128,4096,8,fold|vendor
her2k,cdouble,sm_89,128,4096,128,fold|vendor
her2k,cdouble,sm_89,128,4096,1024,fold|vendor
her2k,cdouble,sm_89,128,4096,8192,fold|vendor
her2k,cdouble,sm_89,128,4096,32768,fold|vendor
her2k,cdouble,sm_89,129,1,1,fold|vendor
her2k,cdouble,sm_89,129,1,2,fold|vendor
her2k,cdouble,sm_89,129,1,3,fold|vendor
her2k,cdouble,sm_89,129,1,4,fold|vendor
her2k,cdouble,sm_89,129,1,5,fold|vendor
her2k,cdouble,sm_89,129,1,8,fold|vendor
her2k,cdouble,sm_89,129,1,128,fold|vendor
her2k,cdouble,sm_89,129,1,1024,fold|vendor
her2k,cdouble,sm_89,129,1,8192,fold|vendor
her2k,cdouble,sm_89,129,1,32768,fold|vendor
her2k,cdouble,sm_89,129,8,1,fold|vendor
her2k,cdouble,sm_89,129,8,2,fold|vendor
her2k,cdouble,sm_89,129,8,3,fold|vendor
her2k,cdouble,sm_89,129,8,4,fold|vendor
her2k,cdouble,sm_89,129,8,5,fold|vendor
her2k,cdouble,sm_89,129,8,8,fold|vendor
her2k,cdouble,sm_89,129,8,128,fold|vendor
her2k,cdouble,sm_89,129,8,1024,fold|vendor
her2k,cdouble,sm_89,129,8,8192,fold|vendor
her2k,cdouble,sm_89,129,8,32768,fold|vendor
her2k,cdouble,sm_89,129,64,1,fold|vendor
her2k,cdouble,sm_89,129,64,2,fold|vendor
her2k,cdouble,sm_89,129,64,3,fold|vendor
her2k,cdouble,sm_89,129,64,4,fold|vendor
her2k,cdouble,sm_89,129,64,5,fold|vendor
her2k,cdouble,sm_89,129,64,8,fold|vendor
her2k,cdouble,sm_89,129,64,128,fold|vendor
her2k,cdouble,sm_89,129,64,1024,fold|vendor
her2k,cdouble,sm_89,129,64,8192,fold|vendor
her2k,cdouble,sm_89,129,64,32768,fold|vendor
her2k,cdouble,sm_89,129,512,1,fold|vendor
her2k,cdouble,sm_89,129,512,2,fold|vendor
her2k,cdouble,sm_89,129,512,3,fold|vendor
her2k,cdouble,sm_89,129,512,4,fold|vendor
her2k,cdouble,sm_89,129,512,5,fold|vendor
her2k,cdouble,sm_89,129,512,8,fold|vendor
her2k,cdouble,sm_89,129,512,128,fold|vendor
her2k,cdouble,sm_89,129,512,1024,fold|vendor
her2k,cdouble,sm_89,129,512,8192,fold|vendor
her2k,cdouble,sm_89,129,512,32768,fold|vendor
her2k,cdouble,sm_89,129,4096,1,fold|vendor
her2k,cdouble,sm_89,129,4096,2,fold|vendor
her2k,cdouble,sm_89,129,4096,3,fold|vendor
her2k,cdouble,sm_89,129,4096,4,fold|vendor
her2k,cdouble,sm_89,129,4096,5,fold|vendor
her2k,cdouble,sm_89,129,4096,8,fold|vendor
her2k,cdouble,sm_89,129,4096,128,fold|vendor
her2k,cdouble,sm_89,129,4096,1024,fold|vendor
her2k,cdouble,sm_89,129,4096,8192,fold|vendor
her2k,cdouble,sm_89,129,4096,32768,fold|vendor
her2k,cdouble,sm_89,256,1,1,fold|vendor
her2k,cdouble,sm_89,256,1,2,fold|vendor
her2k,cdouble,sm_89,256,1,3,fold|vendor
her2k,cdouble,sm_89,256,1,4,fold|vendor
her2k,cdouble,sm_89,256,1,5,fold|vendor
her2k,cdouble,sm_89,256,1,8,fold|vendor
her2k,cdouble,sm_89,256,1,128,fold|vendor
her2k,cdouble,sm_89,256,1,1024,fold|vendor
her2k,cdouble,sm_89,256,1,8192,fold|vendor
her2k,cdouble,sm_89,256,1,32768,fold|vendor
her2k,cdouble,sm_89,256,8,1,fold|vendor
her2k,cdouble,sm_89,256,8,2,fold|vendor
her2k,cdouble,sm_89,256,8,3,fold|vendor
her2k,cdouble,sm_89,256,8,4,fold|vendor
her2k,cdouble,sm_89,256,8,5,fold|vendor
her2k,cdouble,sm_89,256,8,8,fold|vendor
her2k,cdouble,sm_89,256,8,128,fold|vendor
her2k,cdouble,sm_89,256,8,1024,fold|vendor
her2k,cdouble,sm_89,256,8,8192,fold|vendor
her2k,cdouble,sm_89,256,8,32768,fold|vendor
her2k,cdouble,sm_89,256,64,1,fold|vendor
her2k,cdouble,sm_89,256,64,2,fold|vendor
her2k,cdouble,sm_89,256,64,3,fold|vendor
her2k,cdouble,sm_89,256,64,4,fold|vendor
her2k,cdouble,sm_89,256,64,5,fold|vendor
her2k,cdouble,sm_89,256,64,8,fold|vendor
her2k,cdouble,sm_89,256,64,128,fold|vendor
her2k,cdouble,sm_89,256,64,1024,fold|vendor
her2k,cdouble,sm_89,256,64,8192,fold|vendor
her2k,cdouble,sm_89,256,64,32768,fold|vendor
her2k,cdouble,sm_89,256,512,1,fold|vendor
her2k,cdouble,sm_89,256,512,2,fold|vendor
her2k,cdouble,sm_89,256,512,3,fold|vendor
her2k,cdouble,sm_89,256,512,4,fold|vendor
her2k,cdouble,sm_89,256,512,5,fold|vendor
her2k,cdouble,sm_89,256,512,8,fold|vendor
her2k,cdouble,sm_89,256,512,128,fold|vendor
her2k,cdouble,sm_89,256,512,1024,fold|vendor
her2k,cdouble,sm_89,256,512,8192,fold|vendor
her2k,cdouble,sm_89,256,512,32768,fold|vendor
her2k,cdouble,sm_89,256,4096,1,fold|vendor
her2k,cdouble,sm_89,256,4096,2,fold|vendor
her2k,cdouble,sm_89,256,4096,3,fold|vendor
her2k,cdouble,sm_89,256,4096,4,fold|vendor
her2k,cdouble,sm_89,256,4096,5,fold|vendor
her2k,cdouble,sm_89,256,4096,8,fold|vendor
her2k,cdouble,sm_89,256,4096,128,fold|vendor
her2k,cdouble,sm_89,256,4096,1024,fold|vendor
her2k,cdouble,sm_89,256,4096,8192,fold|vendor
her2k,cdouble,sm_89,256,4096,32768,fold|vendor
her2k,cdouble,sm_89,512,1,1,fold|vendor
her2k,cdouble,sm_89,512,1,2,fold|vendor
her2k,cdouble,sm_89,512,1,3,fold|vendor
her2k,cdouble,sm_89,512,1,4,fold|vendor
her2k,cdouble,sm_89,512,1,5,fold|vendor
her2k,cdouble,sm_89,512,1,8,fold|vendor
her2k,cdouble,sm_89,512,1,128,fold|vendor
her2k,cdouble,sm_89,512,1,1024,fold|vendor
her2k,cdouble,sm_89,512,1,8192,fold|vendor
her2k,cdouble,sm_89,512,1,32768,fold|vendor
her2k,cdouble,sm_89,512,8,1,fold|vendor
her2k,cdouble,sm_89,512,8,2,fold|vendor
her2k,cdouble,sm_89,512,8,3,fold|vendor
her2k,cdouble,sm_89,512,8,4,fold|vendor
her2k,cdouble,sm_89,512,8,5,fold|vendor
her2k,cdouble,sm_89,512,8,8,fold|vendor
her2k,cdouble,sm_89,512,8,128,fold|vendor
her2k,cdouble,sm_89,512,8,1024,fold|vendor
her2k,cdouble,sm_89,512,8,8192,fold|vendor
her2k,cdouble,sm_89,512,8,32768,fold|vendor
her2k,cdouble,sm_89,512,64,1,fold|vendor
her2k,cdouble,sm_89,512,64,2,fold|vendor
her2k,cdouble,sm_89,512,64,3,fold|vendor
her2k,cdouble,sm_89,512,64,4,fold|vendor
her2k,cdouble,sm_89,512,64,5,fold|vendor
her2k,cdouble,sm_89,512,64,8,fold|vendor
her2k,cdouble,sm_89,512,64,128,fold|vendor
her2k,cdouble,sm_89,512,64,1024,fold|vendor
her2k,cdouble,sm_89,512,64,8192,fold|vendor
her2k,cdouble,sm_89,512,64,32768,fold|vendor
her2k,cdouble,sm_89,512,512,1,fold|vendor
her2k,cdouble,sm_89,512,512,2,fold|vendor
her2k,cdouble,sm_89,512,512,3,fold|vendor
her2k,cdouble,sm_89,512,512,4,fold|vendor
her2k,cdouble,sm_89,512,512,5,fold|vendor
her2k,cdouble,sm_89,512,512,8,fold|vendor
her2k,cdouble,sm_89,512,512,128,fold|vendor
her2k,cdouble,sm_89,512,512,1024,fold|vendor
her2k,cdouble,sm_89,512,512,8192,fold|vendor
her2k,cdouble,sm_89,512,512,32768,fold|vendor
her2k,cdouble,sm_89,512,4096,1,fold|vendor
her2k,cdouble,sm_89,512,4096,2,fold|vendor
her2k,cdouble,sm_89,512,4096,3,fold|vendor
her2k,cdouble,sm_89,512,4096,4,fold|vendor
her2k,cdouble,sm_89,512,4096,5,fold|vendor
her2k,cdouble,sm_89,512,4096,8,fold|vendor
her2k,cdouble,sm_89,512,4096,128,fold|vendor
her2k,cdouble,sm_89,512,4096,1024,fold|vendor
her2k,cdouble,sm_89,512,4096,8192,fold|vendor
her2k,cdouble,sm_89,512,4096,32768,fold|vendor
her2k,cdouble,sm_89,767,1,1,fold|vendor
her2k,cdouble,sm_89,767,1,2,fold|vendor
her2k,cdouble,sm_89,767,1,3,fold|vendor
her2k,cdouble,sm_89,767,1,4,fold|vendor
her2k,cdouble,sm_89,767,1,5,fold|vendor
her2k,cdouble,sm_89,767,1,8,fold|vendor
her2k,cdouble,sm_89,767,1,128,fold|vendor
her2k,cdouble,sm_89,767,1,1024,fold|vendor
her2k,cdouble,sm_89,767,1,8192,fold|vendor
her2k,cdouble,sm_89,767,1,32768,fold|vendor
her2k,cdouble,sm_89,767,8,1,fold|vendor
her2k,cdouble,sm_89,767,8,2,fold|vendor
her2k,cdouble,sm_89,767,8,3,fold|vendor
her2k,cdouble,sm_89,767,8,4,fold|vendor
her2k,cdouble,sm_89,767,8,5,fold|vendor
her2k,cdouble,sm_89,767,8,8,fold|vendor
her2k,cdouble,sm_89,767,8,128,fold|vendor
her2k,cdouble,sm_89,767,8,1024,fold|vendor
her2k,cdouble,sm_89,767,8,8192,fold|vendor
her2k,cdouble,sm_89,767,8,32768,fold|vendor
her2k,cdouble,sm_89,767,64,1,fold|vendor
her2k,cdouble,sm_89,767,64,2,fold|vendor
her2k,cdouble,sm_89,767,64,3,fold|vendor
her2k,cdouble,sm_89,767,64,4,fold|vendor
her2k,cdouble,sm_89,767,64,5,fold|vendor
her2k,cdouble,sm_89,767,64,8,fold|vendor
her2k,cdouble,sm_89,767,64,128,fold|vendor
her2k,cdouble,sm_89,767,64,1024,fold|vendor
her2k,cdouble,sm_89,767,64,8192,fold|vendor
her2k,cdouble,sm_89,767,64,32768,fold|vendor
her2k,cdouble,sm_89,767,512,1,fold|vendor
her2k,cdouble,sm_89,767,512,2,fold|vendor
her2k,cdouble,sm_89,767,512,3,fold|vendor
her2k,cdouble,sm_89,767,512,4,fold|vendor
her2k,cdouble,sm_89,767,512,5,fold|vendor
her2k,cdouble,sm_89,767,512,8,fold|vendor
her2k,cdouble,sm_89,767,512,128,fold|vendor
her2k,cdouble,sm_89,767,512,1024,fold|vendor
her2k,cdouble,sm_89,767,512,8192,fold|vendor
her2k,cdouble,sm_89,767,512,32768,fold|vendor
her2k,cdouble,sm_89,767,4096,1,fold|vendor
her2k,cdouble,sm_89,767,4096,2,fold|vendor
her2k,cdouble,sm_89,767,4096,3,fold|vendor
her2k,cdouble,sm_89,767,4096,4,fold|vendor
her2k,cdouble,sm_89,767,4096,5,fold|vendor
her2k,cdouble,sm_89,767,4096,8,fold|vendor
her2k,cdouble,sm_89,767,4096,128,fold|vendor
her2k,cdouble,sm_89,767,4096,1024,fold|vendor
her2k,cdouble,sm_89,767,4096,8192,fold|vendor
her2k,cdouble,sm_89,767,4096,32768,fold|vendor
her2k,cdouble,sm_89,768,1,1,fold|vendor
her2k,cdouble,sm_89,768,1,2,fold|vendor
her2k,cdouble,sm_89,768,1,3,fold|vendor
her2k,cdouble,sm_89,768,1,4,fold|vendor
her2k,cdouble,sm_89,768,1,5,fold|vendor
her2k,cdouble,sm_89,768,1,8,fold|vendor
her2k,cdouble,sm_89,768,1,128,fold|vendor
her2k,cdouble,sm_89,768,1,1024,fold|vendor
her2k,cdouble,sm_89,768,1,8192,fold|vendor
her2k,cdouble,sm_89,768,1,32768,fold|vendor
her2k,cdouble,sm_89,768,8,1,fold|vendor
her2k,cdouble,sm_89,768,8,2,fold|vendor
her2k,cdouble,sm_89,768,8,3,fold|vendor
her2k,cdouble,sm_89,768,8,4,fold|vendor
her2k,cdouble,sm_89,768,8,5,fold|vendor
her2k,cdouble,sm_89,768,8,8,fold|vendor
her2k,cdouble,sm_89,768,8,128,fold|vendor
her2k,cdouble,sm_89,768,8,1024,fold|vendor
her2k,cdouble,sm_89,768,8,8192,fold|vendor
her2k,cdouble,sm_89,768,8,32768,fold|vendor
her2k,cdouble,sm_89,768,64,1,fold|vendor
her2k,cdouble,sm_89,768,64,2,fold|vendor
her2k,cdouble,sm_89,768,64,3,fold|vendor
her2k,cdouble,sm_89,768,64,4,fold|vendor
her2k,cdouble,sm_89,768,64,5,fold|vendor
her2k,cdouble,sm_89,768,64,8,fold|vendor
her2k,cdouble,sm_89,768,64,128,fold|vendor
her2k,cdouble,sm_89,768,64,1024,fold|vendor
her2k,cdouble,sm_89,768,64,8192,fold|vendor
her2k,cdouble,sm_89,768,64,32768,fold|vendor
her2k,cdouble,sm_89,768,512,1,fold|vendor
her2k,cdouble,sm_89,768,512,2,fold|vendor
her2k,cdouble,sm_89,768,512,3,fold|vendor
her2k,cdouble,sm_89,768,512,4,fold|vendor
her2k,cdouble,sm_89,768,512,5,fold|vendor
her2k,cdouble,sm_89,768,512,8,fold|vendor
her2k,cdouble,sm_89,768,512,128,fold|vendor
her2k,cdouble,sm_89,768,512,1024,fold|vendor
her2k,cdouble,sm_89,768,512,8192,fold|vendor
her2k,cdouble,sm_89,768,512,32768,fold|vendor
her2k,cdouble,sm_89,768,4096,1,fold|vendor
her2k,cdouble,sm_89,768,4096,2,fold|vendor
her2k,cdouble,sm_89,768,4096,3,fold|vendor
her2k,cdouble,sm_89,768,4096,4,fold|vendor
her2k,cdouble,sm_89,768,4096,5,fold|vendor
her2k,cdouble,sm_89,768,4096,8,fold|vendor
her2k,cdouble,sm_89,768,4096,128,fold|vendor
her2k,cdouble,sm_89,768,4096,1024,fold|vendor
her2k,cdouble,sm_89,768,4096,8192,fold|vendor
her2k,cdouble,sm_89,768,4096,32768,fold|vendor
her2k,cdouble,sm_89,769,1,1,fold|vendor
her2k,cdouble,sm_89,769,1,2,fold|vendor
her2k,cdouble,sm_89,769,1,3,fold|vendor
her2k,cdouble,sm_89,769,1,4,fold|vendor
her2k,cdouble,sm_89,769,1,5,fold|vendor
her2k,cdouble,sm_89,769,1,8,fold|vendor
her2k,cdouble,sm_89,769,1,128,fold|vendor
her2k,cdouble,sm_89,769,1,1024,fold|vendor
her2k,cdouble,sm_89,769,1,8192,fold|vendor
her2k,cdouble,sm_89,769,1,32768,fold|vendor
her2k,cdouble,sm_89,769,8,1,fold|vendor
her2k,cdouble,sm_89,769,8,2,fold|vendor
her2k,cdouble,sm_89,769,8,3,fold|vendor
her2k,cdouble,sm_89,769,8,4,fold|vendor
her2k,cdouble,sm_89,769,8,5,fold|vendor
her2k,cdouble,sm_89,769,8,8,fold|vendor
her2k,cdouble,sm_89,769,8,128,fold|vendor
her2k,cdouble,sm_89,769,8,1024,fold|vendor
her2k,cdouble,sm_89,769,8,8192,fold|vendor
her2k,cdouble,sm_89,769,8,32768,fold|vendor
her2k,cdouble,sm_89,769,64,1,fold|vendor
her2k,cdouble,sm_89,769,64,2,fold|vendor
her2k,cdouble,sm_89,769,64,3,fold|vendor
her2k,cdouble,sm_89,769,64,4,fold|vendor
her2k,cdouble,sm_89,769,64,5,fold|vendor
her2k,cdouble,sm_89,769,64,8,fold|vendor
her2k,cdouble,sm_89,769,64,128,fold|vendor
her2k,cdouble,sm_89,769,64,1024,fold|vendor
her2k,cdouble,sm_89,769,64,8192,fold|vendor
her2k,cdouble,sm_89,769,64,32768,fold|vendor
her2k,cdouble,sm_89,769,512,1,fold|vendor
her2k,cdouble,sm_89,769,512,2,fold|vendor
her2k,cdouble,sm_89,769,512,3,fold|vendor
her2k,cdouble,sm_89,769,512,4,fold|vendor
her2k,cdouble,sm_89,769,512,5,fold|vendor
her2k,cdouble,sm_89,769,512,8,fold|vendor
her2k,cdouble,sm_89,769,512,128,fold|vendor
her2k,cdouble,sm_89,769,512,1024,fold|vendor
her2k,cdouble,sm_89,769,512,8192,fold|vendor
her2k,cdouble,sm_89,769,512,32768,fold|vendor
her2k,cdouble,sm_89,769,4096,1,fold|vendor
her2k,cdouble,sm_89,769,4096,2,fold|vendor
her2k,cdouble,sm_89,769,4096,3,fold|vendor
her2k,cdouble,sm_89,769,4096,4,fold|vendor
her2k,cdouble,sm_89,769,4096,5,fold|vendor
her2k,cdouble,sm_89,769,4096,8,fold|vendor
her2k,cdouble,sm_89,769,4096,128,fold|vendor
her2k,cdouble,sm_89,769,4096,1024,fold|vendor
her2k,cdouble,sm_89,769,4096,8192,fold|vendor
her2k,cdouble,sm_89,769,4096,32768,fold|vendor
her2k,cdouble,sm_89,1024,1,1,fold|vendor
her2k,cdouble,sm_89,1024,1,2,fold|vendor
her2k,cdouble,sm_89,1024,1,3,fold|vendor
her2k,cdouble,sm_89,1024,1,4,fold|vendor
her2k,cdouble,sm_89,1024,1,5,fold|vendor
her2k,cdouble,sm_89,1024,1,8,fold|vendor
her2k,cdouble,sm_89,1024,1,128,fold|vendor
her2k,cdouble,sm_89,1024,1,1024,fold|vendor
her2k,cdouble,sm_89,1024,1,8192,fold|vendor
her2k,cdouble,sm_89,1024,1,32768,fold|vendor
her2k,cdouble,sm_89,1024,8,1,fold|vendor
her2k,cdouble,sm_89,1024,8,2,fold|vendor
her2k,cdouble,sm_89,1024,8,3,fold|vendor
her2k,cdouble,sm_89,1024,8,4,fold|vendor
her2k,cdouble,sm_89,1024,8,5,fold|vendor
her2k,cdouble,sm_89,1024,8,8,fold|vendor
her2k,cdouble,sm_89,1024,8,128,fold|vendor
her2k,cdouble,sm_89,1024,8,1024,fold|vendor
her2k,cdouble,sm_89,1024,8,8192,fold|vendor
her2k,cdouble,sm_89,1024,8,32768,fold|vendor
her2k,cdouble,sm_89,1024,64,1,fold|vendor
her2k,cdouble,sm_89,1024,64,2,fold|vendor
her2k,cdouble,sm_89,1024,64,3,fold|vendor
her2k,cdouble,sm_89,1024,64,4,fold|vendor
her2k,cdouble,sm_89,1024,64,5,fold|vendor
her2k,cdouble,sm_89,1024,64,8,fold|vendor
her2k,cdouble,sm_89,1024,64,128,fold|vendor
her2k,cdouble,sm_89,1024,64,1024,fold|vendor
her2k,cdouble,sm_89,1024,64,8192,fold|vendor
her2k,cdouble,sm_89,1024,64,32768,fold|vendor
her2k,cdouble,sm_89,1024,512,1,fold|vendor
her2k,cdouble,sm_89,1024,512,2,fold|vendor
her2k,cdouble,sm_89,1024,512,3,fold|vendor
her2k,cdouble,sm_89,1024,512,4,fold|vendor
her2k,cdouble,sm_89,1024,512,5,fold|vendor
her2k,cdouble,sm_89,1024,512,8,fold|vendor
her2k,cdouble,sm_89,1024,512,128,fold|vendor
her2k,cdouble,sm_89,1024,512,1024,fold|vendor
her2k,cdouble,sm_89,1024,512,8192,fold|vendor
her2k,cdouble,sm_89,1024,512,32768,fold|vendor
her2k,cdouble,sm_89,1024,4096,1,fold|vendor
her2k,cdouble,sm_89,1024,4096,2,fold|vendor
her2k,cdouble,sm_89,1024,4096,3,fold|vendor
her2k,cdouble,sm_89,1024,4096,4,fold|vendor
her2k,cdouble,sm_89,1024,4096,5,fold|vendor
her2k,cdouble,sm_89,1024,4096,8,fold|vendor
her2k,cdouble,sm_89,1024,4096,128,fold|vendor
her2k,cdouble,sm_89,1024,4096,1024,fold|vendor
her2k,cdouble,sm_89,1024,4096,8192,fold|vendor
her2k,cdouble,sm_89,1024,4096,32768,fold|vendor
her2k,cdouble,sm_89,2048,1,1,fold|vendor
her2k,cdouble,sm_89,2048,1,2,fold|vendor
her2k,cdouble,sm_89,2048,1,3,fold|vendor
her2k,cdouble,sm_89,2048,1,4,fold|vendor
her2k,cdouble,sm_89,2048,1,5,fold|vendor
her2k,cdouble,sm_89,2048,1,8,fold|vendor
her2k,cdouble,sm_89,2048,1,128,fold|vendor
her2k,cdouble,sm_89,2048,1,1024,fold|vendor
her2k,cdouble,sm_89,2048,1,8192,fold|vendor
her2k,cdouble,sm_89,2048,1,32768,fold|vendor
her2k,cdouble,sm_89,2048,8,1,fold|vendor
her2k,cdouble,sm_89,2048,8,2,fold|vendor
her2k,cdouble,sm_89,2048,8,3,fold|vendor
her2k,cdouble,sm_89,2048,8,4,fold|vendor
her2k,cdouble,sm_89,2048,8,5,fold|vendor
her2k,cdouble,sm_89,2048,8,8,fold|vendor
her2k,cdouble,sm_89,2048,8,128,fold|vendor
her2k,cdouble,sm_89,2048,8,1024,fold|vendor
her2k,cdouble,sm_89,2048,8,8192,fold|vendor
her2k,cdouble,sm_89,2048,8,32768,fold|vendor
her2k,cdouble,sm_89,2048,64,1,fold|vendor
her2k,cdouble,sm_89,2048,64,2,fold|vendor
her2k,cdouble,sm_89,2048,64,3,fold|vendor
her2k,cdouble,sm_89,2048,64,4,fold|vendor
her2k,cdouble,sm_89,2048,64,5,fold|vendor
her2k,cdouble,sm_89,2048,64,8,fold|vendor
her2k,cdouble,sm_89,2048,64,128,fold|vendor
her2k,cdouble,sm_89,2048,64,1024,fold|vendor
her2k,cdouble,sm_89,2048,64,8192,fold|vendor
her2k,cdouble,sm_89,2048,64,32768,fold|vendor
her2k,cdouble,sm_89,2048,512,1,fold|vendor
her2k,cdouble,sm_89,2048,512,2,fold|vendor
her2k,cdouble,sm_89,2048,512,3,fold|vendor
her2k,cdouble,sm_89,2048,512,4,fold|vendor
her2k,cdouble,sm_89,2048,512,5,fold|vendor
her2k,cdouble,sm_89,2048,512,8,fold|vendor
her2k,cdouble,sm_89,2048,512,128,fold|vendor
her2k,cdouble,sm_89,2048,512,1024,fold|vendor
her2k,cdouble,sm_89,2048,512,8192,fold|vendor
her2k,cdouble,sm_89,2048,512,32768,fold|vendor
her2k,cdouble,sm_89,2048,4096,1,fold|vendor
her2k,cdouble,sm_89,2048,4096,2,fold|vendor
her2k,cdouble,sm_89,2048,4096,3,fold|vendor
her2k,cdouble,sm_89,2048,4096,4,fold|vendor
her2k,cdouble,sm_89,2048,4096,5,fold|vendor
her2k,cdouble,sm_89,2048,4096,8,fold|vendor
her2k,cdouble,sm_89,2048,4096,128,fold|vendor
her2k,cdouble,sm_89,2048,4096,1024,fold|vendor
her2k,cdouble,sm_89,2048,4096,8192,fold|vendor
her2k,cdouble,sm_89,2048,4096,32768,fold|vendor
her2k,cdouble,sm_89,4096,1,1,fold|vendor
her2k,cdouble,sm_89,4096,1,2,fold|vendor
her2k,cdouble,sm_89,4096,1,3,fold|vendor
her2k,cdouble,sm_89,4096,1,4,fold|vendor
her2k,cdouble,sm_89,4096,1,5,fold|vendor
her2k,cdouble,sm_89,4096,1,8,fold|vendor
her2k,cdouble,sm_89,4096,1,128,fold|vendor
her2k,cdouble,sm_89,4096,1,1024,fold|vendor
her2k,cdouble,sm_89,4096,1,8192,fold|vendor
her2k,cdouble,sm_89,4096,1,32768,fold|vendor
her2k,cdouble,sm_89,4096,8,1,fold|vendor
her2k,cdouble,sm_89,4096,8,2,fold|vendor
her2k,cdouble,sm_89,4096,8,3,fold|vendor
her2k,cdouble,sm_89,4096,8,4,fold|vendor
her2k,cdouble,sm_89,4096,8,5,fold|vendor
her2k,cdouble,sm_89,4096,8,8,fold|vendor
her2k,cdouble,sm_89,4096,8,128,fold|vendor
her2k,cdouble,sm_89,4096,8,1024,fold|vendor
her2k,cdouble,sm_89,4096,8,8192,fold|vendor
her2k,cdouble,sm_89,4096,8,32768,fold|vendor
her2k,cdouble,sm_89,4096,64,1,fold|vendor
her2k,cdouble,sm_89,4096,64,2,fold|vendor
her2k,cdouble,sm_89,4096,64,3,fold|vendor
her2k,cdouble,sm_89,4096,64,4,fold|vendor
her2k,cdouble,sm_89,4096,64,5,fold|vendor
her2k,cdouble,sm_89,4096,64,8,fold|vendor
her2k,cdouble,sm_89,4096,64,128,fold|vendor
her2k,cdouble,sm_89,4096,64,1024,fold|vendor
her2k,cdouble,sm_89,4096,64,8192,fold|vendor
her2k,cdouble,sm_89,4096,64,32768,fold|vendor
her2k,cdouble,sm_89,4096,512,1,fold|vendor
her2k,cdouble,sm_89,4096,512,2,fold|vendor
her2k,cdouble,sm_89,4096,512,3,fold|vendor
her2k,cdouble,sm_89,4096,512,4,fold|vendor
her2k,cdouble,sm_89,4096,512,5,fold|vendor
her2k,cdouble,sm_89,4096,512,8,fold|vendor
her2k,cdouble,sm_89,4096,512,128,fold|vendor
her2k,cdouble,sm_89,4096,512,1024,fold|vendor
her2k,cdouble,sm_89,4096,512,8192,fold|vendor
her2k,cdouble,sm_89,4096,512,32768,fold|vendor
her2k,cdouble,sm_89,4096,4096,1,fold|vendor
her2k,cdouble,sm_89,4096,4096,2,fold|vendor
her2k,cdouble,sm_89,4096,4096,3,fold|vendor
her2k,cdouble,sm_89,4096,4096,4,fold|vendor
her2k,cdouble,sm_89,4096,4096,5,fold|vendor
her2k,cdouble,sm_89,4096,4096,8,fold|vendor
her2k,cdouble,sm_89,4096,4096,128,fold|vendor
her2k,cdouble,sm_89,4096,4096,1024,fold|vendor
her2k,cdouble,sm_89,4096,4096,8192,fold|vendor
her2k,cdouble,sm_89,4096,4096,32768,fold|vendor
her2k,cdouble,sm_120,1,1,1,vendor|fold
her2k,cdouble,sm_120,1,1,2,fold|vendor
her2k,cdouble,sm_120,1,1,3,fold|vendor
her2k,cdouble,sm_120,1,1,4,fold|vendor
her2k,cdouble,sm_120,1,1,5,fold|vendor
her2k,cdouble,sm_120,1,1,8,fold|vendor
her2k,cdouble,sm_120,1,1,128,fold|vendor
her2k,cdouble,sm_120,1,1,1024,fold|vendor
her2k,cdouble,sm_120,1,1,8192,fold|vendor
her2k,cdouble,sm_120,1,1,32768,fold|vendor
her2k,cdouble,sm_120,1,8,1,vendor|fold
her2k,cdouble,sm_120,1,8,2,fold|vendor
her2k,cdouble,sm_120,1,8,3,fold|vendor
her2k,cdouble,sm_120,1,8,4,fold|vendor
her2k,cdouble,sm_120,1,8,5,fold|vendor
her2k,cdouble,sm_120,1,8,8,fold|vendor
her2k,cdouble,sm_120,1,8,128,fold|vendor
her2k,cdouble,sm_120,1,8,1024,fold|vendor
her2k,cdouble,sm_120,1,8,8192,fold|vendor
her2k,cdouble,sm_120,1,8,32768,fold|vendor
her2k,cdouble,sm_120,1,64,1,vendor|fold
her2k,cdouble,sm_120,1,64,2,fold|vendor
her2k,cdouble,sm_120,1,64,3,fold|vendor
her2k,cdouble,sm_120,1,64,4,fold|vendor
her2k,cdouble,sm_120,1,64,5,fold|vendor
her2k,cdouble,sm_120,1,64,8,fold|vendor
her2k,cdouble,sm_120,1,64,128,fold|vendor
her2k,cdouble,sm_120,1,64,1024,fold|vendor
her2k,cdouble,sm_120,1,64,8192,fold|vendor
her2k,cdouble,sm_120,1,64,32768,fold|vendor
her2k,cdouble,sm_120,1,512,1,vendor|fold
her2k,cdouble,sm_120,1,512,2,fold|vendor
her2k,cdouble,sm_120,1,512,3,fold|vendor
her2k,cdouble,sm_120,1,512,4,fold|vendor
her2k,cdouble,sm_120,1,512,5,fold|vendor
her2k,cdouble,sm_120,1,512,8,fold|vendor
her2k,cdouble,sm_120,1,512,128,fold|vendor
her2k,cdouble,sm_120,1,512,1024,fold|vendor
her2k,cdouble,sm_120,1,512,8192,fold|vendor
her2k,cdouble,sm_120,1,512,32768,fold|vendor
her2k,cdouble,sm_120,1,4096,1,vendor|fold
her2k,cdouble,sm_120,1,4096,2,fold|vendor
her2k,cdouble,sm_120,1,4096,3,fold|vendor
her2k,cdouble,sm_120,1,4096,4,fold|vendor
her2k,cdouble,sm_120,1,4096,5,fold|vendor
her2k,cdouble,sm_120,1,4096,8,fold|vendor
her2k,cdouble,sm_120,1,4096,128,fold|vendor
her2k,cdouble,sm_120,1,4096,1024,fold|vendor
her2k,cdouble,sm_120,1,4096,8192,fold|vendor
her2k,cdouble,sm_120,1,4096,32768,fold|vendor
her2k,cdouble,sm_120,2,1,1,vendor|fold
her2k,cdouble,sm_120,2,1,2,fold|vendor
her2k,cdouble,sm_120,2,1,3,fold|vendor
her2k,cdouble,sm_120,2,1,4,fold|vendor
her2k,cdouble,sm_120,2,1,5,fold|vendor
her2k,cdouble,sm_120,2,1,8,fold|vendor
her2k,cdouble,sm_120,2,1,128,fold|vendor
her2k,cdouble,sm_120,2,1,1024,fold|vendor
her2k,cdouble,sm_120,2,1,8192,fold|vendor
her2k,cdouble,sm_120,2,1,32768,fold|vendor
her2k,cdouble,sm_120,2,8,1,vendor|fold
her2k,cdouble,sm_120,2,8,2,fold|vendor
her2k,cdouble,sm_120,2,8,3,fold|vendor
her2k,cdouble,sm_120,2,8,4,fold|vendor
her2k,cdouble,sm_120,2,8,5,fold|vendor
her2k,cdouble,sm_120,2,8,8,fold|vendor
her2k,cdouble,sm_120,2,8,128,fold|vendor
her2k,cdouble,sm_120,2,8,1024,fold|vendor
her2k,cdouble,sm_120,2,8,8192,fold|vendor
her2k,cdouble,sm_120,2,8,32768,fold|vendor
her2k,cdouble,sm_120,2,64,1,vendor|fold
her2k,cdouble,sm_120,2,64,2,fold|vendor
her2k,cdouble,sm_120,2,64,3,fold|vendor
her2k,cdouble,sm_120,2,64,4,fold|vendor
her2k,cdouble,sm_120,2,64,5,fold|vendor
her2k,cdouble,sm_120,2,64,8,fold|vendor
her2k,cdouble,sm_120,2,64,128,fold|vendor
her2k,cdouble,sm_120,2,64,1024,fold|vendor
her2k,cdouble,sm_120,2,64,8192,fold|vendor
her2k,cdouble,sm_120,2,64,32768,fold|vendor
her2k,cdouble,sm_120,2,512,1,vendor|fold
her2k,cdouble,sm_120,2,512,2,fold|vendor
her2k,cdouble,sm_120,2,512,3,fold|vendor
her2k,cdouble,sm_120,2,512,4,fold|vendor
her2k,cdouble,sm_120,2,512,5,fold|vendor
her2k,cdouble,sm_120,2,512,8,fold|vendor
her2k,cdouble,sm_120,2,512,128,fold|vendor
her2k,cdouble,sm_120,2,512,1024,fold|vendor
her2k,cdouble,sm_120,2,512,8192,fold|vendor
her2k,cdouble,sm_120,2,512,32768,fold|vendor
her2k,cdouble,sm_120,2,4096,1,vendor|fold
her2k,cdouble,sm_120,2,4096,2,fold|vendor
her2k,cdouble,sm_120,2,4096,3,fold|vendor
her2k,cdouble,sm_120,2,4096,4,fold|vendor
her2k,cdouble,sm_120,2,4096,5,fold|vendor
her2k,cdouble,sm_120,2,4096,8,fold|vendor
her2k,cdouble,sm_120,2,4096,128,fold|vendor
her2k,cdouble,sm_120,2,4096,1024,fold|vendor
her2k,cdouble,sm_120,2,4096,8192,fold|vendor
her2k,cdouble,sm_120,2,4096,32768,fold|vendor
her2k,cdouble,sm_120,4,1,1,vendor|fold
her2k,cdouble,sm_120,4,1,2,fold|vendor
her2k,cdouble,sm_120,4,1,3,fold|vendor
her2k,cdouble,sm_120,4,1,4,fold|vendor
her2k,cdouble,sm_120,4,1,5,fold|vendor
her2k,cdouble,sm_120,4,1,8,fold|vendor
her2k,cdouble,sm_120,4,1,128,fold|vendor
her2k,cdouble,sm_120,4,1,1024,fold|vendor
her2k,cdouble,sm_120,4,1,8192,fold|vendor
her2k,cdouble,sm_120,4,1,32768,fold|vendor
her2k,cdouble,sm_120,4,8,1,vendor|fold
her2k,cdouble,sm_120,4,8,2,fold|vendor
her2k,cdouble,sm_120,4,8,3,fold|vendor
her2k,cdouble,sm_120,4,8,4,fold|vendor
her2k,cdouble,sm_120,4,8,5,fold|vendor
her2k,cdouble,sm_120,4,8,8,fold|vendor
her2k,cdouble,sm_120,4,8,128,fold|vendor
her2k,cdouble,sm_120,4,8,1024,fold|vendor
her2k,cdouble,sm_120,4,8,8192,fold|vendor
her2k,cdouble,sm_120,4,8,32768,fold|vendor
her2k,cdouble,sm_120,4,64,1,vendor|fold
her2k,cdouble,sm_120,4,64,2,fold|vendor
her2k,cdouble,sm_120,4,64,3,fold|vendor
her2k,cdouble,sm_120,4,64,4,fold|vendor
her2k,cdouble,sm_120,4,64,5,fold|vendor
her2k,cdouble,sm_120,4,64,8,fold|vendor
her2k,cdouble,sm_120,4,64,128,fold|vendor
her2k,cdouble,sm_120,4,64,1024,fold|vendor
her2k,cdouble,sm_120,4,64,8192,fold|vendor
her2k,cdouble,sm_120,4,64,32768,fold|vendor
her2k,cdouble,sm_120,4,512,1,vendor|fold
her2k,cdouble,sm_120,4,512,2,fold|vendor
her2k,cdouble,sm_120,4,512,3,fold|vendor
her2k,cdouble,sm_120,4,512,4,fold|vendor
her2k,cdouble,sm_120,4,512,5,fold|vendor
her2k,cdouble,sm_120,4,512,8,fold|vendor
her2k,cdouble,sm_120,4,512,128,fold|vendor
her2k,cdouble,sm_120,4,512,1024,fold|vendor
her2k,cdouble,sm_120,4,512,8192,fold|vendor
her2k,cdouble,sm_120,4,512,32768,fold|vendor
her2k,cdouble,sm_120,4,4096,1,vendor|fold
her2k,cdouble,sm_120,4,4096,2,fold|vendor
her2k,cdouble,sm_120,4,4096,3,fold|vendor
her2k,cdouble,sm_120,4,4096,4,fold|vendor
her2k,cdouble,sm_120,4,4096,5,fold|vendor
her2k,cdouble,sm_120,4,4096,8,fold|vendor
her2k,cdouble,sm_120,4,4096,128,fold|vendor
her2k,cdouble,sm_120,4,4096,1024,fold|vendor
her2k,cdouble,sm_120,4,4096,8192,fold|vendor
her2k,cdouble,sm_120,4,4096,32768,fold|vendor
her2k,cdouble,sm_120,8,1,1,vendor|fold
her2k,cdouble,sm_120,8,1,2,fold|vendor
her2k,cdouble,sm_120,8,1,3,fold|vendor
her2k,cdouble,sm_120,8,1,4,fold|vendor
her2k,cdouble,sm_120,8,1,5,fold|vendor
her2k,cdouble,sm_120,8,1,8,fold|vendor
her2k,cdouble,sm_120,8,1,128,fold|vendor
her2k,cdouble,sm_120,8,1,1024,fold|vendor
her2k,cdouble,sm_120,8,1,8192,fold|vendor
her2k,cdouble,sm_120,8,1,32768,fold|vendor
her2k,cdouble,sm_120,8,8,1,vendor|fold
her2k,cdouble,sm_120,8,8,2,fold|vendor
her2k,cdouble,sm_120,8,8,3,fold|vendor
her2k,cdouble,sm_120,8,8,4,fold|vendor
her2k,cdouble,sm_120,8,8,5,fold|vendor
her2k,cdouble,sm_120,8,8,8,fold|vendor
her2k,cdouble,sm_120,8,8,128,fold|vendor
her2k,cdouble,sm_120,8,8,1024,fold|vendor
her2k,cdouble,sm_120,8,8,8192,fold|vendor
her2k,cdouble,sm_120,8,8,32768,fold|vendor
her2k,cdouble,sm_120,8,64,1,vendor|fold
her2k,cdouble,sm_120,8,64,2,fold|vendor
her2k,cdouble,sm_120,8,64,3,fold|vendor
her2k,cdouble,sm_120,8,64,4,fold|vendor
her2k,cdouble,sm_120,8,64,5,fold|vendor
her2k,cdouble,sm_120,8,64,8,fold|vendor
her2k,cdouble,sm_120,8,64,128,fold|vendor
her2k,cdouble,sm_120,8,64,1024,fold|vendor
her2k,cdouble,sm_120,8,64,8192,fold|vendor
her2k,cdouble,sm_120,8,64,32768,fold|vendor
her2k,cdouble,sm_120,8,512,1,vendor|fold
her2k,cdouble,sm_120,8,512,2,fold|vendor
her2k,cdouble,sm_120,8,512,3,fold|vendor
her2k,cdouble,sm_120,8,512,4,fold|vendor
her2k,cdouble,sm_120,8,512,5,fold|vendor
her2k,cdouble,sm_120,8,512,8,fold|vendor
her2k,cdouble,sm_120,8,512,128,fold|vendor
her2k,cdouble,sm_120,8,512,1024,fold|vendor
her2k,cdouble,sm_120,8,512,8192,fold|vendor
her2k,cdouble,sm_120,8,512,32768,fold|vendor
her2k,cdouble,sm_120,8,4096,1,vendor|fold
her2k,cdouble,sm_120,8,4096,2,fold|vendor
her2k,cdouble,sm_120,8,4096,3,fold|vendor
her2k,cdouble,sm_120,8,4096,4,fold|vendor
her2k,cdouble,sm_120,8,4096,5,fold|vendor
her2k,cdouble,sm_120,8,4096,8,fold|vendor
her2k,cdouble,sm_120,8,4096,128,fold|vendor
her2k,cdouble,sm_120,8,4096,1024,fold|vendor
her2k,cdouble,sm_120,8,4096,8192,fold|vendor
her2k,cdouble,sm_120,8,4096,32768,fold|vendor
her2k,cdouble,sm_120,16,1,1,vendor|fold
her2k,cdouble,sm_120,16,1,2,fold|vendor
her2k,cdouble,sm_120,16,1,3,fold|vendor
her2k,cdouble,sm_120,16,1,4,fold|vendor
her2k,cdouble,sm_120,16,1,5,fold|vendor
her2k,cdouble,sm_120,16,1,8,fold|vendor
her2k,cdouble,sm_120,16,1,128,fold|vendor
her2k,cdouble,sm_120,16,1,1024,fold|vendor
her2k,cdouble,sm_120,16,1,8192,fold|vendor
her2k,cdouble,sm_120,16,1,32768,fold|vendor
her2k,cdouble,sm_120,16,8,1,vendor|fold
her2k,cdouble,sm_120,16,8,2,fold|vendor
her2k,cdouble,sm_120,16,8,3,fold|vendor
her2k,cdouble,sm_120,16,8,4,fold|vendor
her2k,cdouble,sm_120,16,8,5,fold|vendor
her2k,cdouble,sm_120,16,8,8,fold|vendor
her2k,cdouble,sm_120,16,8,128,fold|vendor
her2k,cdouble,sm_120,16,8,1024,fold|vendor
her2k,cdouble,sm_120,16,8,8192,fold|vendor
her2k,cdouble,sm_120,16,8,32768,fold|vendor
her2k,cdouble,sm_120,16,64,1,vendor|fold
her2k,cdouble,sm_120,16,64,2,fold|vendor
her2k,cdouble,sm_120,16,64,3,fold|vendor
her2k,cdouble,sm_120,16,64,4,fold|vendor
her2k,cdouble,sm_120,16,64,5,fold|vendor
her2k,cdouble,sm_120,16,64,8,fold|vendor
her2k,cdouble,sm_120,16,64,128,fold|vendor
her2k,cdouble,sm_120,16,64,1024,fold|vendor
her2k,cdouble,sm_120,16,64,8192,fold|vendor
her2k,cdouble,sm_120,16,64,32768,fold|vendor
her2k,cdouble,sm_120,16,512,1,vendor|fold
her2k,cdouble,sm_120,16,512,2,fold|vendor
her2k,cdouble,sm_120,16,512,3,fold|vendor
her2k,cdouble,sm_120,16,512,4,fold|vendor
her2k,cdouble,sm_120,16,512,5,fold|vendor
her2k,cdouble,sm_120,16,512,8,fold|vendor
her2k,cdouble,sm_120,16,512,128,fold|vendor
her2k,cdouble,sm_120,16,512,1024,fold|vendor
her2k,cdouble,sm_120,16,512,8192,fold|vendor
her2k,cdouble,sm_120,16,512,32768,fold|vendor
her2k,cdouble,sm_120,16,4096,1,vendor|fold
her2k,cdouble,sm_120,16,4096,2,fold|vendor
her2k,cdouble,sm_120,16,4096,3,fold|vendor
her2k,cdouble,sm_120,16,4096,4,fold|vendor
her2k,cdouble,sm_120,16,4096,5,fold|vendor
her2k,cdouble,sm_120,16,4096,8,fold|vendor
her2k,cdouble,sm_120,16,4096,128,fold|vendor
her2k,cdouble,sm_120,16,4096,1024,fold|vendor
her2k,cdouble,sm_120,16,4096,8192,fold|vendor
her2k,cdouble,sm_120,16,4096,32768,fold|vendor
her2k,cdouble,sm_120,32,1,1,vendor|fold
her2k,cdouble,sm_120,32,1,2,fold|vendor
her2k,cdouble,sm_120,32,1,3,fold|vendor
her2k,cdouble,sm_120,32,1,4,fold|vendor
her2k,cdouble,sm_120,32,1,5,fold|vendor
her2k,cdouble,sm_120,32,1,8,fold|vendor
her2k,cdouble,sm_120,32,1,128,fold|vendor
her2k,cdouble,sm_120,32,1,1024,fold|vendor
her2k,cdouble,sm_120,32,1,8192,fold|vendor
her2k,cdouble,sm_120,32,1,32768,fold|vendor
her2k,cdouble,sm_120,32,8,1,vendor|fold
her2k,cdouble,sm_120,32,8,2,fold|vendor
her2k,cdouble,sm_120,32,8,3,fold|vendor
her2k,cdouble,sm_120,32,8,4,fold|vendor
her2k,cdouble,sm_120,32,8,5,fold|vendor
her2k,cdouble,sm_120,32,8,8,fold|vendor
her2k,cdouble,sm_120,32,8,128,fold|vendor
her2k,cdouble,sm_120,32,8,1024,fold|vendor
her2k,cdouble,sm_120,32,8,8192,fold|vendor
her2k,cdouble,sm_120,32,8,32768,fold|vendor
her2k,cdouble,sm_120,32,64,1,vendor|fold
her2k,cdouble,sm_120,32,64,2,fold|vendor
her2k,cdouble,sm_120,32,64,3,fold|vendor
her2k,cdouble,sm_120,32,64,4,fold|vendor
her2k,cdouble,sm_120,32,64,5,fold|vendor
her2k,cdouble,sm_120,32,64,8,fold|vendor
her2k,cdouble,sm_120,32,64,128,fold|vendor
her2k,cdouble,sm_120,32,64,1024,fold|vendor
her2k,cdouble,sm_120,32,64,8192,fold|vendor
her2k,cdouble,sm_120,32,64,32768,fold|vendor
her2k,cdouble,sm_120,32,512,1,vendor|fold
her2k,cdouble,sm_120,32,512,2,fold|vendor
her2k,cdouble,sm_120,32,512,3,fold|vendor
her2k,cdouble,sm_120,32,512,4,fold|vendor
her2k,cdouble,sm_120,32,512,5,fold|vendor
her2k,cdouble,sm_120,32,512,8,fold|vendor
her2k,cdouble,sm_120,32,512,128,fold|vendor
her2k,cdouble,sm_120,32,512,1024,fold|vendor
her2k,cdouble,sm_120,32,512,8192,fold|vendor
her2k,cdouble,sm_120,32,512,32768,fold|vendor
her2k,cdouble,sm_120,32,4096,1,vendor|fold
her2k,cdouble,sm_120,32,4096,2,fold|vendor
her2k,cdouble,sm_120,32,4096,3,fold|vendor
her2k,cdouble,sm_120,32,4096,4,fold|vendor
her2k,cdouble,sm_120,32,4096,5,fold|vendor
her2k,cdouble,sm_120,32,4096,8,fold|vendor
her2k,cdouble,sm_120,32,4096,128,fold|vendor
her2k,cdouble,sm_120,32,4096,1024,fold|vendor
her2k,cdouble,sm_120,32,4096,8192,fold|vendor
her2k,cdouble,sm_120,32,4096,32768,fold|vendor
her2k,cdouble,sm_120,64,1,1,vendor|fold
her2k,cdouble,sm_120,64,1,2,fold|vendor
her2k,cdouble,sm_120,64,1,3,fold|vendor
her2k,cdouble,sm_120,64,1,4,fold|vendor
her2k,cdouble,sm_120,64,1,5,fold|vendor
her2k,cdouble,sm_120,64,1,8,fold|vendor
her2k,cdouble,sm_120,64,1,128,fold|vendor
her2k,cdouble,sm_120,64,1,1024,fold|vendor
her2k,cdouble,sm_120,64,1,8192,fold|vendor
her2k,cdouble,sm_120,64,1,32768,fold|vendor
her2k,cdouble,sm_120,64,8,1,vendor|fold
her2k,cdouble,sm_120,64,8,2,fold|vendor
her2k,cdouble,sm_120,64,8,3,fold|vendor
her2k,cdouble,sm_120,64,8,4,fold|vendor
her2k,cdouble,sm_120,64,8,5,fold|vendor
her2k,cdouble,sm_120,64,8,8,fold|vendor
her2k,cdouble,sm_120,64,8,128,fold|vendor
her2k,cdouble,sm_120,64,8,1024,fold|vendor
her2k,cdouble,sm_120,64,8,8192,fold|vendor
her2k,cdouble,sm_120,64,8,32768,fold|vendor
her2k,cdouble,sm_120,64,64,1,vendor|fold
her2k,cdouble,sm_120,64,64,2,fold|vendor
her2k,cdouble,sm_120,64,64,3,fold|vendor
her2k,cdouble,sm_120,64,64,4,fold|vendor
her2k,cdouble,sm_120,64,64,5,fold|vendor
her2k,cdouble,sm_120,64,64,8,fold|vendor
her2k,cdouble,sm_120,64,64,128,fold|vendor
her2k,cdouble,sm_120,64,64,1024,fold|vendor
her2k,cdouble,sm_120,64,64,8192,fold|vendor
her2k,cdouble,sm_120,64,64,32768,fold|vendor
her2k,cdouble,sm_120,64,512,1,vendor|fold
her2k,cdouble,sm_120,64,512,2,fold|vendor
her2k,cdouble,sm_120,64,512,3,fold|vendor
her2k,cdouble,sm_120,64,512,4,fold|vendor
her2k,cdouble,sm_120,64,512,5,fold|vendor
her2k,cdouble,sm_120,64,512,8,fold|vendor
her2k,cdouble,sm_120,64,512,128,fold|vendor
her2k,cdouble,sm_120,64,512,1024,fold|vendor
her2k,cdouble,sm_120,64,512,8192,fold|vendor
her2k,cdouble,sm_120,64,512,32768,fold|vendor
her2k,cdouble,sm_120,64,4096,1,vendor|fold
her2k,cdouble,sm_120,64,4096,2,fold|vendor
her2k,cdouble,sm_120,64,4096,3,fold|vendor
her2k,cdouble,sm_120,64,4096,4,fold|vendor
her2k,cdouble,sm_120,64,4096,5,fold|vendor
her2k,cdouble,sm_120,64,4096,8,fold|vendor
her2k,cdouble,sm_120,64,4096,128,fold|vendor
her2k,cdouble,sm_120,64,4096,1024,fold|vendor
her2k,cdouble,sm_120,64,4096,8192,fold|vendor
her2k,cdouble,sm_120,64,4096,32768,fold|vendor
her2k,cdouble,sm_120,127,1,1,vendor|fold
her2k,cdouble,sm_120,127,1,2,fold|vendor
her2k,cdouble,sm_120,127,1,3,fold|vendor
her2k,cdouble,sm_120,127,1,4,fold|vendor
her2k,cdouble,sm_120,127,1,5,fold|vendor
her2k,cdouble,sm_120,127,1,8,fold|vendor
her2k,cdouble,sm_120,127,1,128,fold|vendor
her2k,cdouble,sm_120,127,1,1024,fold|vendor
her2k,cdouble,sm_120,127,1,8192,fold|vendor
her2k,cdouble,sm_120,127,1,32768,fold|vendor
her2k,cdouble,sm_120,127,8,1,vendor|fold
her2k,cdouble,sm_120,127,8,2,fold|vendor
her2k,cdouble,sm_120,127,8,3,fold|vendor
her2k,cdouble,sm_120,127,8,4,fold|vendor
her2k,cdouble,sm_120,127,8,5,fold|vendor
her2k,cdouble,sm_120,127,8,8,fold|vendor
her2k,cdouble,sm_120,127,8,128,fold|vendor
her2k,cdouble,sm_120,127,8,1024,fold|vendor
her2k,cdouble,sm_120,127,8,8192,fold|vendor
her2k,cdouble,sm_120,127,8,32768,fold|vendor
her2k,cdouble,sm_120,127,64,1,vendor|fold
her2k,cdouble,sm_120,127,64,2,fold|vendor
her2k,cdouble,sm_120,127,64,3,fold|vendor
her2k,cdouble,sm_120,127,64,4,fold|vendor
her2k,cdouble,sm_120,127,64,5,fold|vendor
her2k,cdouble,sm_120,127,64,8,fold|vendor
her2k,cdouble,sm_120,127,64,128,fold|vendor
her2k,cdouble,sm_120,127,64,1024,fold|vendor
her2k,cdouble,sm_120,127,64,8192,fold|vendor
her2k,cdouble,sm_120,127,64,32768,fold|vendor
her2k,cdouble,sm_120,127,512,1,vendor|fold
her2k,cdouble,sm_120,127,512,2,fold|vendor
her2k,cdouble,sm_120,127,512,3,fold|vendor
her2k,cdouble,sm_120,127,512,4,fold|vendor
her2k,cdouble,sm_120,127,512,5,fold|vendor
her2k,cdouble,sm_120,127,512,8,fold|vendor
her2k,cdouble,sm_120,127,512,128,fold|vendor
her2k,cdouble,sm_120,127,512,1024,fold|vendor
her2k,cdouble,sm_120,127,512,8192,fold|vendor
her2k,cdouble,sm_120,127,512,32768,fold|vendor
her2k,cdouble,sm_120,127,4096,1,vendor|fold
her2k,cdouble,sm_120,127,4096,2,fold|vendor
her2k,cdouble,sm_120,127,4096,3,fold|vendor
her2k,cdouble,sm_120,127,4096,4,fold|vendor
her2k,cdouble,sm_120,127,4096,5,fold|vendor
her2k,cdouble,sm_120,127,4096,8,fold|vendor
her2k,cdouble,sm_120,127,4096,128,fold|vendor
her2k,cdouble,sm_120,127,4096,1024,fold|vendor
her2k,cdouble,sm_120,127,4096,8192,fold|vendor
her2k,cdouble,sm_120,127,4096,32768,fold|vendor
her2k,cdouble,sm_120,128,1,1,fold|vendor
her2k,cdouble,sm_120,128,1,2,fold|vendor
her2k,cdouble,sm_120,128,1,3,fold|vendor
her2k,cdouble,sm_120,128,1,4,fold|vendor
her2k,cdouble,sm_120,128,1,5,fold|vendor
her2k,cdouble,sm_120,128,1,8,fold|vendor
her2k,cdouble,sm_120,128,1,128,fold|vendor
her2k,cdouble,sm_120,128,1,1024,fold|vendor
her2k,cdouble,sm_120,128,1,8192,fold|vendor
her2k,cdouble,sm_120,128,1,32768,fold|vendor
her2k,cdouble,sm_120,128,8,1,fold|vendor
her2k,cdouble,sm_120,128,8,2,fold|vendor
her2k,cdouble,sm_120,128,8,3,fold|vendor
her2k,cdouble,sm_120,128,8,4,fold|vendor
her2k,cdouble,sm_120,128,8,5,fold|vendor
her2k,cdouble,sm_120,128,8,8,fold|vendor
her2k,cdouble,sm_120,128,8,128,fold|vendor
her2k,cdouble,sm_120,128,8,1024,fold|vendor
her2k,cdouble,sm_120,128,8,8192,fold|vendor
her2k,cdouble,sm_120,128,8,32768,fold|vendor
her2k,cdouble,sm_120,128,64,1,fold|vendor
her2k,cdouble,sm_120,128,64,2,fold|vendor
her2k,cdouble,sm_120,128,64,3,fold|vendor
her2k,cdouble,sm_120,128,64,4,fold|vendor
her2k,cdouble,sm_120,128,64,5,fold|vendor
her2k,cdouble,sm_120,128,64,8,fold|vendor
her2k,cdouble,sm_120,128,64,128,fold|vendor
her2k,cdouble,sm_120,128,64,1024,fold|vendor
her2k,cdouble,sm_120,128,64,8192,fold|vendor
her2k,cdouble,sm_120,128,64,32768,fold|vendor
her2k,cdouble,sm_120,128,512,1,fold|vendor
her2k,cdouble,sm_120,128,512,2,fold|vendor
her2k,cdouble,sm_120,128,512,3,fold|vendor
her2k,cdouble,sm_120,128,512,4,fold|vendor
her2k,cdouble,sm_120,128,512,5,fold|vendor
her2k,cdouble,sm_120,128,512,8,fold|vendor
her2k,cdouble,sm_120,128,512,128,fold|vendor
her2k,cdouble,sm_120,128,512,1024,fold|vendor
her2k,cdouble,sm_120,128,512,8192,fold|vendor
her2k,cdouble,sm_120,128,512,32768,fold|vendor
her2k,cdouble,sm_120,128,4096,1,fold|vendor
her2k,cdouble,sm_120,128,4096,2,fold|vendor
her2k,cdouble,sm_120,128,4096,3,fold|vendor
her2k,cdouble,sm_120,128,4096,4,fold|vendor
her2k,cdouble,sm_120,128,4096,5,fold|vendor
her2k,cdouble,sm_120,128,4096,8,fold|vendor
her2k,cdouble,sm_120,128,4096,128,fold|vendor
her2k,cdouble,sm_120,128,4096,1024,fold|vendor
her2k,cdouble,sm_120,128,4096,8192,fold|vendor
her2k,cdouble,sm_120,128,4096,32768,fold|vendor
her2k,cdouble,sm_120,129,1,1,fold|vendor
her2k,cdouble,sm_120,129,1,2,fold|vendor
her2k,cdouble,sm_120,129,1,3,fold|vendor
her2k,cdouble,sm_120,129,1,4,fold|vendor
her2k,cdouble,sm_120,129,1,5,fold|vendor
her2k,cdouble,sm_120,129,1,8,fold|vendor
her2k,cdouble,sm_120,129,1,128,fold|vendor
her2k,cdouble,sm_120,129,1,1024,fold|vendor
her2k,cdouble,sm_120,129,1,8192,fold|vendor
her2k,cdouble,sm_120,129,1,32768,fold|vendor
her2k,cdouble,sm_120,129,8,1,fold|vendor
her2k,cdouble,sm_120,129,8,2,fold|vendor
her2k,cdouble,sm_120,129,8,3,fold|vendor
her2k,cdouble,sm_120,129,8,4,fold|vendor
her2k,cdouble,sm_120,129,8,5,fold|vendor
her2k,cdouble,sm_120,129,8,8,fold|vendor
her2k,cdouble,sm_120,129,8,128,fold|vendor
her2k,cdouble,sm_120,129,8,1024,fold|vendor
her2k,cdouble,sm_120,129,8,8192,fold|vendor
her2k,cdouble,sm_120,129,8,32768,fold|vendor
her2k,cdouble,sm_120,129,64,1,fold|vendor
her2k,cdouble,sm_120,129,64,2,fold|vendor
her2k,cdouble,sm_120,129,64,3,fold|vendor
her2k,cdouble,sm_120,129,64,4,fold|vendor
her2k,cdouble,sm_120,129,64,5,fold|vendor
her2k,cdouble,sm_120,129,64,8,fold|vendor
her2k,cdouble,sm_120,129,64,128,fold|vendor
her2k,cdouble,sm_120,129,64,1024,fold|vendor
her2k,cdouble,sm_120,129,64,8192,fold|vendor
her2k,cdouble,sm_120,129,64,32768,fold|vendor
her2k,cdouble,sm_120,129,512,1,fold|vendor
her2k,cdouble,sm_120,129,512,2,fold|vendor
her2k,cdouble,sm_120,129,512,3,fold|vendor
her2k,cdouble,sm_120,129,512,4,fold|vendor
her2k,cdouble,sm_120,129,512,5,fold|vendor
her2k,cdouble,sm_120,129,512,8,fold|vendor
her2k,cdouble,sm_120,129,512,128,fold|vendor
her2k,cdouble,sm_120,129,512,1024,fold|vendor
her2k,cdouble,sm_120,129,512,8192,fold|vendor
her2k,cdouble,sm_120,129,512,32768,fold|vendor
her2k,cdouble,sm_120,129,4096,1,fold|vendor
her2k,cdouble,sm_120,129,4096,2,fold|vendor
her2k,cdouble,sm_120,129,4096,3,fold|vendor
her2k,cdouble,sm_120,129,4096,4,fold|vendor
her2k,cdouble,sm_120,129,4096,5,fold|vendor
her2k,cdouble,sm_120,129,4096,8,fold|vendor
her2k,cdouble,sm_120,129,4096,128,fold|vendor
her2k,cdouble,sm_120,129,4096,1024,fold|vendor
her2k,cdouble,sm_120,129,4096,8192,fold|vendor
her2k,cdouble,sm_120,129,4096,32768,fold|vendor
her2k,cdouble,sm_120,256,1,1,fold|vendor
her2k,cdouble,sm_120,256,1,2,fold|vendor
her2k,cdouble,sm_120,256,1,3,fold|vendor
her2k,cdouble,sm_120,256,1,4,fold|vendor
her2k,cdouble,sm_120,256,1,5,fold|vendor
her2k,cdouble,sm_120,256,1,8,fold|vendor
her2k,cdouble,sm_120,256,1,128,fold|vendor
her2k,cdouble,sm_120,256,1,1024,fold|vendor
her2k,cdouble,sm_120,256,1,8192,fold|vendor
her2k,cdouble,sm_120,256,1,32768,fold|vendor
her2k,cdouble,sm_120,256,8,1,fold|vendor
her2k,cdouble,sm_120,256,8,2,fold|vendor
her2k,cdouble,sm_120,256,8,3,fold|vendor
her2k,cdouble,sm_120,256,8,4,fold|vendor
her2k,cdouble,sm_120,256,8,5,fold|vendor
her2k,cdouble,sm_120,256,8,8,fold|vendor
her2k,cdouble,sm_120,256,8,128,fold|vendor
her2k,cdouble,sm_120,256,8,1024,fold|vendor
her2k,cdouble,sm_120,256,8,8192,fold|vendor
her2k,cdouble,sm_120,256,8,32768,fold|vendor
her2k,cdouble,sm_120,256,64,1,fold|vendor
her2k,cdouble,sm_120,256,64,2,fold|vendor
her2k,cdouble,sm_120,256,64,3,fold|vendor
her2k,cdouble,sm_120,256,64,4,fold|vendor
her2k,cdouble,sm_120,256,64,5,fold|vendor
her2k,cdouble,sm_120,256,64,8,fold|vendor
her2k,cdouble,sm_120,256,64,128,fold|vendor
her2k,cdouble,sm_120,256,64,1024,fold|vendor
her2k,cdouble,sm_120,256,64,8192,fold|vendor
her2k,cdouble,sm_120,256,64,32768,fold|vendor
her2k,cdouble,sm_120,256,512,1,fold|vendor
her2k,cdouble,sm_120,256,512,2,fold|vendor
her2k,cdouble,sm_120,256,512,3,fold|vendor
her2k,cdouble,sm_120,256,512,4,fold|vendor
her2k,cdouble,sm_120,256,512,5,fold|vendor
her2k,cdouble,sm_120,256,512,8,fold|vendor
her2k,cdouble,sm_120,256,512,128,fold|vendor
her2k,cdouble,sm_120,256,512,1024,fold|vendor
her2k,cdouble,sm_120,256,512,8192,fold|vendor
her2k,cdouble,sm_120,256,512,32768,fold|vendor
her2k,cdouble,sm_120,256,4096,1,fold|vendor
her2k,cdouble,sm_120,256,4096,2,fold|vendor
her2k,cdouble,sm_120,256,4096,3,fold|vendor
her2k,cdouble,sm_120,256,4096,4,fold|vendor
her2k,cdouble,sm_120,256,4096,5,fold|vendor
her2k,cdouble,sm_120,256,4096,8,fold|vendor
her2k,cdouble,sm_120,256,4096,128,fold|vendor
her2k,cdouble,sm_120,256,4096,1024,fold|vendor
her2k,cdouble,sm_120,256,4096,8192,fold|vendor
her2k,cdouble,sm_120,256,4096,32768,fold|vendor
her2k,cdouble,sm_120,512,1,1,fold|vendor
her2k,cdouble,sm_120,512,1,2,fold|vendor
her2k,cdouble,sm_120,512,1,3,fold|vendor
her2k,cdouble,sm_120,512,1,4,fold|vendor
her2k,cdouble,sm_120,512,1,5,fold|vendor
her2k,cdouble,sm_120,512,1,8,fold|vendor
her2k,cdouble,sm_120,512,1,128,fold|vendor
her2k,cdouble,sm_120,512,1,1024,fold|vendor
her2k,cdouble,sm_120,512,1,8192,fold|vendor
her2k,cdouble,sm_120,512,1,32768,fold|vendor
her2k,cdouble,sm_120,512,8,1,fold|vendor
her2k,cdouble,sm_120,512,8,2,fold|vendor
her2k,cdouble,sm_120,512,8,3,fold|vendor
her2k,cdouble,sm_120,512,8,4,fold|vendor
her2k,cdouble,sm_120,512,8,5,fold|vendor
her2k,cdouble,sm_120,512,8,8,fold|vendor
her2k,cdouble,sm_120,512,8,128,fold|vendor
her2k,cdouble,sm_120,512,8,1024,fold|vendor
her2k,cdouble,sm_120,512,8,8192,fold|vendor
her2k,cdouble,sm_120,512,8,32768,fold|vendor
her2k,cdouble,sm_120,512,64,1,fold|vendor
her2k,cdouble,sm_120,512,64,2,fold|vendor
her2k,cdouble,sm_120,512,64,3,fold|vendor
her2k,cdouble,sm_120,512,64,4,fold|vendor
her2k,cdouble,sm_120,512,64,5,fold|vendor
her2k,cdouble,sm_120,512,64,8,fold|vendor
her2k,cdouble,sm_120,512,64,128,fold|vendor
her2k,cdouble,sm_120,512,64,1024,fold|vendor
her2k,cdouble,sm_120,512,64,8192,fold|vendor
her2k,cdouble,sm_120,512,64,32768,fold|vendor
her2k,cdouble,sm_120,512,512,1,fold|vendor
her2k,cdouble,sm_120,512,512,2,fold|vendor
her2k,cdouble,sm_120,512,512,3,fold|vendor
her2k,cdouble,sm_120,512,512,4,fold|vendor
her2k,cdouble,sm_120,512,512,5,fold|vendor
her2k,cdouble,sm_120,512,512,8,fold|vendor
her2k,cdouble,sm_120,512,512,128,fold|vendor
her2k,cdouble,sm_120,512,512,1024,fold|vendor
her2k,cdouble,sm_120,512,512,8192,fold|vendor
her2k,cdouble,sm_120,512,512,32768,fold|vendor
her2k,cdouble,sm_120,512,4096,1,fold|vendor
her2k,cdouble,sm_120,512,4096,2,fold|vendor
her2k,cdouble,sm_120,512,4096,3,fold|vendor
her2k,cdouble,sm_120,512,4096,4,fold|vendor
her2k,cdouble,sm_120,512,4096,5,fold|vendor
her2k,cdouble,sm_120,512,4096,8,fold|vendor
her2k,cdouble,sm_120,512,4096,128,fold|vendor
her2k,cdouble,sm_120,512,4096,1024,fold|vendor
her2k,cdouble,sm_120,512,4096,8192,fold|vendor
her2k,cdouble,sm_120,512,4096,32768,fold|vendor
her2k,cdouble,sm_120,767,1,1,fold|vendor
her2k,cdouble,sm_120,767,1,2,fold|vendor
her2k,cdouble,sm_120,767,1,3,fold|vendor
her2k,cdouble,sm_120,767,1,4,fold|vendor
her2k,cdouble,sm_120,767,1,5,fold|vendor
her2k,cdouble,sm_120,767,1,8,fold|vendor
her2k,cdouble,sm_120,767,1,128,fold|vendor
her2k,cdouble,sm_120,767,1,1024,fold|vendor
her2k,cdouble,sm_120,767,1,8192,fold|vendor
her2k,cdouble,sm_120,767,1,32768,fold|vendor
her2k,cdouble,sm_120,767,8,1,fold|vendor
her2k,cdouble,sm_120,767,8,2,fold|vendor
her2k,cdouble,sm_120,767,8,3,fold|vendor
her2k,cdouble,sm_120,767,8,4,fold|vendor
her2k,cdouble,sm_120,767,8,5,fold|vendor
her2k,cdouble,sm_120,767,8,8,fold|vendor
her2k,cdouble,sm_120,767,8,128,fold|vendor
her2k,cdouble,sm_120,767,8,1024,fold|vendor
her2k,cdouble,sm_120,767,8,8192,fold|vendor
her2k,cdouble,sm_120,767,8,32768,fold|vendor
her2k,cdouble,sm_120,767,64,1,fold|vendor
her2k,cdouble,sm_120,767,64,2,fold|vendor
her2k,cdouble,sm_120,767,64,3,fold|vendor
her2k,cdouble,sm_120,767,64,4,fold|vendor
her2k,cdouble,sm_120,767,64,5,fold|vendor
her2k,cdouble,sm_120,767,64,8,fold|vendor
her2k,cdouble,sm_120,767,64,128,fold|vendor
her2k,cdouble,sm_120,767,64,1024,fold|vendor
her2k,cdouble,sm_120,767,64,8192,fold|vendor
her2k,cdouble,sm_120,767,64,32768,fold|vendor
her2k,cdouble,sm_120,767,512,1,fold|vendor
her2k,cdouble,sm_120,767,512,2,fold|vendor
her2k,cdouble,sm_120,767,512,3,fold|vendor
her2k,cdouble,sm_120,767,512,4,fold|vendor
her2k,cdouble,sm_120,767,512,5,fold|vendor
her2k,cdouble,sm_120,767,512,8,fold|vendor
her2k,cdouble,sm_120,767,512,128,fold|vendor
her2k,cdouble,sm_120,767,512,1024,fold|vendor
her2k,cdouble,sm_120,767,512,8192,fold|vendor
her2k,cdouble,sm_120,767,512,32768,fold|vendor
her2k,cdouble,sm_120,767,4096,1,fold|vendor
her2k,cdouble,sm_120,767,4096,2,fold|vendor
her2k,cdouble,sm_120,767,4096,3,fold|vendor
her2k,cdouble,sm_120,767,4096,4,fold|vendor
her2k,cdouble,sm_120,767,4096,5,fold|vendor
her2k,cdouble,sm_120,767,4096,8,fold|vendor
her2k,cdouble,sm_120,767,4096,128,fold|vendor
her2k,cdouble,sm_120,767,4096,1024,fold|vendor
her2k,cdouble,sm_120,767,4096,8192,fold|vendor
her2k,cdouble,sm_120,767,4096,32768,fold|vendor
her2k,cdouble,sm_120,768,1,1,fold|vendor
her2k,cdouble,sm_120,768,1,2,fold|vendor
her2k,cdouble,sm_120,768,1,3,fold|vendor
her2k,cdouble,sm_120,768,1,4,fold|vendor
her2k,cdouble,sm_120,768,1,5,fold|vendor
her2k,cdouble,sm_120,768,1,8,fold|vendor
her2k,cdouble,sm_120,768,1,128,fold|vendor
her2k,cdouble,sm_120,768,1,1024,fold|vendor
her2k,cdouble,sm_120,768,1,8192,fold|vendor
her2k,cdouble,sm_120,768,1,32768,fold|vendor
her2k,cdouble,sm_120,768,8,1,fold|vendor
her2k,cdouble,sm_120,768,8,2,fold|vendor
her2k,cdouble,sm_120,768,8,3,fold|vendor
her2k,cdouble,sm_120,768,8,4,fold|vendor
her2k,cdouble,sm_120,768,8,5,fold|vendor
her2k,cdouble,sm_120,768,8,8,fold|vendor
her2k,cdouble,sm_120,768,8,128,fold|vendor
her2k,cdouble,sm_120,768,8,1024,fold|vendor
her2k,cdouble,sm_120,768,8,8192,fold|vendor
her2k,cdouble,sm_120,768,8,32768,fold|vendor
her2k,cdouble,sm_120,768,64,1,fold|vendor
her2k,cdouble,sm_120,768,64,2,fold|vendor
her2k,cdouble,sm_120,768,64,3,fold|vendor
her2k,cdouble,sm_120,768,64,4,fold|vendor
her2k,cdouble,sm_120,768,64,5,fold|vendor
her2k,cdouble,sm_120,768,64,8,fold|vendor
her2k,cdouble,sm_120,768,64,128,fold|vendor
her2k,cdouble,sm_120,768,64,1024,fold|vendor
her2k,cdouble,sm_120,768,64,8192,fold|vendor
her2k,cdouble,sm_120,768,64,32768,fold|vendor
her2k,cdouble,sm_120,768,512,1,fold|vendor
her2k,cdouble,sm_120,768,512,2,fold|vendor
her2k,cdouble,sm_120,768,512,3,fold|vendor
her2k,cdouble,sm_120,768,512,4,fold|vendor
her2k,cdouble,sm_120,768,512,5,fold|vendor
her2k,cdouble,sm_120,768,512,8,fold|vendor
her2k,cdouble,sm_120,768,512,128,fold|vendor
her2k,cdouble,sm_120,768,512,1024,fold|vendor
her2k,cdouble,sm_120,768,512,8192,fold|vendor
her2k,cdouble,sm_120,768,512,32768,fold|vendor
her2k,cdouble,sm_120,768,4096,1,fold|vendor
her2k,cdouble,sm_120,768,4096,2,fold|vendor
her2k,cdouble,sm_120,768,4096,3,fold|vendor
her2k,cdouble,sm_120,768,4096,4,fold|vendor
her2k,cdouble,sm_120,768,4096,5,fold|vendor
her2k,cdouble,sm_120,768,4096,8,fold|vendor
her2k,cdouble,sm_120,768,4096,128,fold|vendor
her2k,cdouble,sm_120,768,4096,1024,fold|vendor
her2k,cdouble,sm_120,768,4096,8192,fold|vendor
her2k,cdouble,sm_120,768,4096,32768,fold|vendor
her2k,cdouble,sm_120,769,1,1,fold|vendor
her2k,cdouble,sm_120,769,1,2,fold|vendor
her2k,cdouble,sm_120,769,1,3,fold|vendor
her2k,cdouble,sm_120,769,1,4,fold|vendor
her2k,cdouble,sm_120,769,1,5,fold|vendor
her2k,cdouble,sm_120,769,1,8,fold|vendor
her2k,cdouble,sm_120,769,1,128,fold|vendor
her2k,cdouble,sm_120,769,1,1024,fold|vendor
her2k,cdouble,sm_120,769,1,8192,fold|vendor
her2k,cdouble,sm_120,769,1,32768,fold|vendor
her2k,cdouble,sm_120,769,8,1,fold|vendor
her2k,cdouble,sm_120,769,8,2,fold|vendor
her2k,cdouble,sm_120,769,8,3,fold|vendor
her2k,cdouble,sm_120,769,8,4,fold|vendor
her2k,cdouble,sm_120,769,8,5,fold|vendor
her2k,cdouble,sm_120,769,8,8,fold|vendor
her2k,cdouble,sm_120,769,8,128,fold|vendor
her2k,cdouble,sm_120,769,8,1024,fold|vendor
her2k,cdouble,sm_120,769,8,8192,fold|vendor
her2k,cdouble,sm_120,769,8,32768,fold|vendor
her2k,cdouble,sm_120,769,64,1,fold|vendor
her2k,cdouble,sm_120,769,64,2,fold|vendor
her2k,cdouble,sm_120,769,64,3,fold|vendor
her2k,cdouble,sm_120,769,64,4,fold|vendor
her2k,cdouble,sm_120,769,64,5,fold|vendor
her2k,cdouble,sm_120,769,64,8,fold|vendor
her2k,cdouble,sm_120,769,64,128,fold|vendor
her2k,cdouble,sm_120,769,64,1024,fold|vendor
her2k,cdouble,sm_120,769,64,8192,fold|vendor
her2k,cdouble,sm_120,769,64,32768,fold|vendor
her2k,cdouble,sm_120,769,512,1,fold|vendor
her2k,cdouble,sm_120,769,512,2,fold|vendor
her2k,cdouble,sm_120,769,512,3,fold|vendor
her2k,cdouble,sm_120,769,512,4,fold|vendor
her2k,cdouble,sm_120,769,512,5,fold|vendor
her2k,cdouble,sm_120,769,512,8,fold|vendor
her2k,cdouble,sm_120,769,512,128,fold|vendor
her2k,cdouble,sm_120,769,512,1024,fold|vendor
her2k,cdouble,sm_120,769,512,8192,fold|vendor
her2k,cdouble,sm_120,769,512,32768,fold|vendor
her2k,cdouble,sm_120,769,4096,1,fold|vendor
her2k,cdouble,sm_120,769,4096,2,fold|vendor
her2k,cdouble,sm_120,769,4096,3,fold|vendor
her2k,cdouble,sm_120,769,4096,4,fold|vendor
her2k,cdouble,sm_120,769,4096,5,fold|vendor
her2k,cdouble,sm_120,769,4096,8,fold|vendor
her2k,cdouble,sm_120,769,4096,128,fold|vendor
her2k,cdouble,sm_120,769,4096,1024,fold|vendor
her2k,cdouble,sm_120,769,4096,8192,fold|vendor
her2k,cdouble,sm_120,769,4096,32768,fold|vendor
her2k,cdouble,sm_120,1024,1,1,fold|vendor
her2k,cdouble,sm_120,1024,1,2,fold|vendor
her2k,cdouble,sm_120,1024,1,3,fold|vendor
her2k,cdouble,sm_120,1024,1,4,fold|vendor
her2k,cdouble,sm_120,1024,1,5,fold|vendor
her2k,cdouble,sm_120,1024,1,8,fold|vendor
her2k,cdouble,sm_120,1024,1,128,fold|vendor
her2k,cdouble,sm_120,1024,1,1024,fold|vendor
her2k,cdouble,sm_120,1024,1,8192,fold|vendor
her2k,cdouble,sm_120,1024,1,32768,fold|vendor
her2k,cdouble,sm_120,1024,8,1,fold|vendor
her2k,cdouble,sm_120,1024,8,2,fold|vendor
her2k,cdouble,sm_120,1024,8,3,fold|vendor
her2k,cdouble,sm_120,1024,8,4,fold|vendor
her2k,cdouble,sm_120,1024,8,5,fold|vendor
her2k,cdouble,sm_120,1024,8,8,fold|vendor
her2k,cdouble,sm_120,1024,8,128,fold|vendor
her2k,cdouble,sm_120,1024,8,1024,fold|vendor
her2k,cdouble,sm_120,1024,8,8192,fold|vendor
her2k,cdouble,sm_120,1024,8,32768,fold|vendor
her2k,cdouble,sm_120,1024,64,1,fold|vendor
her2k,cdouble,sm_120,1024,64,2,fold|vendor
her2k,cdouble,sm_120,1024,64,3,fold|vendor
her2k,cdouble,sm_120,1024,64,4,fold|vendor
her2k,cdouble,sm_120,1024,64,5,fold|vendor
her2k,cdouble,sm_120,1024,64,8,fold|vendor
her2k,cdouble,sm_120,1024,64,128,fold|vendor
her2k,cdouble,sm_120,1024,64,1024,fold|vendor
her2k,cdouble,sm_120,1024,64,8192,fold|vendor
her2k,cdouble,sm_120,1024,64,32768,fold|vendor
her2k,cdouble,sm_120,1024,512,1,fold|vendor
her2k,cdouble,sm_120,1024,512,2,fold|vendor
her2k,cdouble,sm_120,1024,512,3,fold|vendor
her2k,cdouble,sm_120,1024,512,4,fold|vendor
her2k,cdouble,sm_120,1024,512,5,fold|vendor
her2k,cdouble,sm_120,1024,512,8,fold|vendor
her2k,cdouble,sm_120,1024,512,128,fold|vendor
her2k,cdouble,sm_120,1024,512,1024,fold|vendor
her2k,cdouble,sm_120,1024,512,8192,fold|vendor
her2k,cdouble,sm_120,1024,512,32768,fold|vendor
her2k,cdouble,sm_120,1024,4096,1,fold|vendor
her2k,cdouble,sm_120,1024,4096,2,fold|vendor
her2k,cdouble,sm_120,1024,4096,3,fold|vendor
her2k,cdouble,sm_120,1024,4096,4,fold|vendor
her2k,cdouble,sm_120,1024,4096,5,fold|vendor
her2k,cdouble,sm_120,1024,4096,8,fold|vendor
her2k,cdouble,sm_120,1024,4096,128,fold|vendor
her2k,cdouble,sm_120,1024,4096,1024,fold|vendor
her2k,cdouble,sm_120,1024,4096,8192,fold|vendor
her2k,cdouble,sm_120,1024,4096,32768,fold|vendor
her2k,cdouble,sm_120,2048,1,1,fold|vendor
her2k,cdouble,sm_120,2048,1,2,fold|vendor
her2k,cdouble,sm_120,2048,1,3,fold|vendor
her2k,cdouble,sm_120,2048,1,4,fold|vendor
her2k,cdouble,sm_120,2048,1,5,fold|vendor
her2k,cdouble,sm_120,2048,1,8,fold|vendor
her2k,cdouble,sm_120,2048,1,128,fold|vendor
her2k,cdouble,sm_120,2048,1,1024,fold|vendor
her2k,cdouble,sm_120,2048,1,8192,fold|vendor
her2k,cdouble,sm_120,2048,1,32768,fold|vendor
her2k,cdouble,sm_120,2048,8,1,fold|vendor
her2k,cdouble,sm_120,2048,8,2,fold|vendor
her2k,cdouble,sm_120,2048,8,3,fold|vendor
her2k,cdouble,sm_120,2048,8,4,fold|vendor
her2k,cdouble,sm_120,2048,8,5,fold|vendor
her2k,cdouble,sm_120,2048,8,8,fold|vendor
her2k,cdouble,sm_120,2048,8,128,fold|vendor
her2k,cdouble,sm_120,2048,8,1024,fold|vendor
her2k,cdouble,sm_120,2048,8,8192,fold|vendor
her2k,cdouble,sm_120,2048,8,32768,fold|vendor
her2k,cdouble,sm_120,2048,64,1,fold|vendor
her2k,cdouble,sm_120,2048,64,2,fold|vendor
her2k,cdouble,sm_120,2048,64,3,fold|vendor
her2k,cdouble,sm_120,2048,64,4,fold|vendor
her2k,cdouble,sm_120,2048,64,5,fold|vendor
her2k,cdouble,sm_120,2048,64,8,fold|vendor
her2k,cdouble,sm_120,2048,64,128,fold|vendor
her2k,cdouble,sm_120,2048,64,1024,fold|vendor
her2k,cdouble,sm_120,2048,64,8192,fold|vendor
her2k,cdouble,sm_120,2048,64,32768,fold|vendor
her2k,cdouble,sm_120,2048,512,1,fold|vendor
her2k,cdouble,sm_120,2048,512,2,fold|vendor
her2k,cdouble,sm_120,2048,512,3,fold|vendor
her2k,cdouble,sm_120,2048,512,4,fold|vendor
her2k,cdouble,sm_120,2048,512,5,fold|vendor
her2k,cdouble,sm_120,2048,512,8,fold|vendor
her2k,cdouble,sm_120,2048,512,128,fold|vendor
her2k,cdouble,sm_120,2048,512,1024,fold|vendor
her2k,cdouble,sm_120,2048,512,8192,fold|vendor
her2k,cdouble,sm_120,2048,512,32768,fold|vendor
her2k,cdouble,sm_120,2048,4096,1,fold|vendor
her2k,cdouble,sm_120,2048,4096,2,fold|vendor
her2k,cdouble,sm_120,2048,4096,3,fold|vendor
her2k,cdouble,sm_120,2048,4096,4,fold|vendor
her2k,cdouble,sm_120,2048,4096,5,fold|vendor
her2k,cdouble,sm_120,2048,4096,8,fold|vendor
her2k,cdouble,sm_120,2048,4096,128,fold|vendor
her2k,cdouble,sm_120,2048,4096,1024,fold|vendor
her2k,cdouble,sm_120,2048,4096,8192,fold|vendor
her2k,cdouble,sm_120,2048,4096,32768,fold|vendor
her2k,cdouble,sm_120,4096,1,1,fold|vendor
her2k,cdouble,sm_120,4096,1,2,fold|vendor
her2k,cdouble,sm_120,4096,1,3,fold|vendor
her2k,cdouble,sm_120,4096,1,4,fold|vendor
her2k,cdouble,sm_120,4096,1,5,fold|vendor
her2k,cdouble,sm_120,4096,1,8,fold|vendor
her2k,cdouble,sm_120,4096,1,128,fold|vendor
her2k,cdouble,sm_120,4096,1,1024,fold|vendor
her2k,cdouble,sm_120,4096,1,8192,fold|vendor
her2k,cdouble,sm_120,4096,1,32768,fold|vendor
her2k,cdouble,sm_120,4096,8,1,fold|vendor
her2k,cdouble,sm_120,4096,8,2,fold|vendor
her2k,cdouble,sm_120,4096,8,3,fold|vendor
her2k,cdouble,sm_120,4096,8,4,fold|vendor
her2k,cdouble,sm_120,4096,8,5,fold|vendor
her2k,cdouble,sm_120,4096,8,8,fold|vendor
her2k,cdouble,sm_120,4096,8,128,fold|vendor
her2k,cdouble,sm_120,4096,8,1024,fold|vendor
her2k,cdouble,sm_120,4096,8,8192,fold|vendor
her2k,cdouble,sm_120,4096,8,32768,fold|vendor
her2k,cdouble,sm_120,4096,64,1,fold|vendor
her2k,cdouble,sm_120,4096,64,2,fold|vendor
her2k,cdouble,sm_120,4096,64,3,fold|vendor
her2k,cdouble,sm_120,4096,64,4,fold|vendor
her2k,cdouble,sm_120,4096,64,5,fold|vendor
her2k,cdouble,sm_120,4096,64,8,fold|vendor
her2k,cdouble,sm_120,4096,64,128,fold|vendor
her2k,cdouble,sm_120,4096,64,1024,fold|vendor
her2k,cdouble,sm_120,4096,64,8192,fold|vendor
her2k,cdouble,sm_120,4096,64,32768,fold|vendor
her2k,cdouble,sm_120,4096,512,1,fold|vendor
her2k,cdouble,sm_120,4096,512,2,fold|vendor
her2k,cdouble,sm_120,4096,512,3,fold|vendor
her2k,cdouble,sm_120,4096,512,4,fold|vendor
her2k,cdouble,sm_120,4096,512,5,fold|vendor
her2k,cdouble,sm_120,4096,512,8,fold|vendor
her2k,cdouble,sm_120,4096,512,128,fold|vendor
her2k,cdouble,sm_120,4096,512,1024,fold|vendor
her2k,cdouble,sm_120,4096,512,8192,fold|vendor
her2k,cdouble,sm_120,4096,512,32768,fold|vendor
her2k,cdouble,sm_120,4096,4096,1,fold|vendor
her2k,cdouble,sm_120,4096,4096,2,fold|vendor
her2k,cdouble,sm_120,4096,4096,3,fold|vendor
her2k,cdouble,sm_120,4096,4096,4,fold|vendor
her2k,cdouble,sm_120,4096,4096,5,fold|vendor
her2k,cdouble,sm_120,4096,4096,8,fold|vendor
her2k,cdouble,sm_120,4096,4096,128,fold|vendor
her2k,cdouble,sm_120,4096,4096,1024,fold|vendor
her2k,cdouble,sm_120,4096,4096,8192,fold|vendor
her2k,cdouble,sm_120,4096,4096,32768,fold|vendor
