op,dtype,device,uplo,n,nrhs,batch,ranked
posv,float,sm_89,L,1,1,128,tiny|cta|blocked
posv,float,sm_89,L,1,1,512,tiny|cta|blocked
posv,float,sm_89,L,1,1,2048,tiny|cta|blocked
posv,float,sm_89,L,1,1,8192,tiny|cta|blocked
posv,float,sm_89,L,1,1,32768,tiny|cta|blocked
posv,float,sm_89,L,1,2,128,tiny|cta|blocked
posv,float,sm_89,L,1,2,512,tiny|cta|blocked
posv,float,sm_89,L,1,2,2048,tiny|cta|blocked
posv,float,sm_89,L,1,2,8192,tiny|cta|blocked
posv,float,sm_89,L,1,2,32768,tiny|cta|blocked
posv,float,sm_89,L,1,4,128,tiny|cta|blocked
posv,float,sm_89,L,1,4,512,tiny|cta|blocked
posv,float,sm_89,L,1,4,2048,tiny|cta|blocked
posv,float,sm_89,L,1,4,8192,tiny|cta|blocked
posv,float,sm_89,L,1,4,32768,tiny|cta|blocked
posv,float,sm_89,L,1,8,128,tiny|cta|blocked
posv,float,sm_89,L,1,8,512,tiny|cta|blocked
posv,float,sm_89,L,1,8,2048,tiny|cta|blocked
posv,float,sm_89,L,1,8,8192,tiny|cta|blocked
posv,float,sm_89,L,1,8,32768,tiny|cta|blocked
posv,float,sm_89,L,1,16,128,tiny|cta|blocked
posv,float,sm_89,L,1,16,512,tiny|cta|blocked
posv,float,sm_89,L,1,16,2048,tiny|cta|blocked
posv,float,sm_89,L,1,16,8192,tiny|cta|blocked
posv,float,sm_89,L,1,16,32768,tiny|cta|blocked
posv,float,sm_89,L,1,64,128,tiny|cta|blocked
posv,float,sm_89,L,1,64,512,tiny|cta|blocked
posv,float,sm_89,L,1,64,2048,tiny|cta|blocked
posv,float,sm_89,L,1,64,8192,tiny|cta|blocked
posv,float,sm_89,L,1,64,32768,tiny|cta|blocked
posv,float,sm_89,L,2,1,128,tiny|cta|blocked
posv,float,sm_89,L,2,1,512,tiny|cta|blocked
posv,float,sm_89,L,2,1,2048,tiny|cta|blocked
posv,float,sm_89,L,2,1,8192,tiny|cta|blocked
posv,float,sm_89,L,2,1,32768,tiny|cta|blocked
posv,float,sm_89,L,2,2,128,tiny|cta|blocked
posv,float,sm_89,L,2,2,512,tiny|cta|blocked
posv,float,sm_89,L,2,2,2048,tiny|cta|blocked
posv,float,sm_89,L,2,2,8192,tiny|cta|blocked
posv,float,sm_89,L,2,2,32768,tiny|cta|blocked
posv,float,sm_89,L,2,4,128,tiny|cta|blocked
posv,float,sm_89,L,2,4,512,tiny|cta|blocked
posv,float,sm_89,L,2,4,2048,tiny|cta|blocked
posv,float,sm_89,L,2,4,8192,tiny|cta|blocked
posv,float,sm_89,L,2,4,32768,tiny|cta|blocked
posv,float,sm_89,L,2,8,128,tiny|cta|blocked
posv,float,sm_89,L,2,8,512,tiny|cta|blocked
posv,float,sm_89,L,2,8,2048,tiny|cta|blocked
posv,float,sm_89,L,2,8,8192,tiny|cta|blocked
posv,float,sm_89,L,2,8,32768,tiny|cta|blocked
posv,float,sm_89,L,2,16,128,tiny|cta|blocked
posv,float,sm_89,L,2,16,512,tiny|cta|blocked
posv,float,sm_89,L,2,16,2048,tiny|cta|blocked
posv,float,sm_89,L,2,16,8192,tiny|cta|blocked
posv,float,sm_89,L,2,16,32768,tiny|cta|blocked
posv,float,sm_89,L,2,64,128,tiny|cta|blocked
posv,float,sm_89,L,2,64,512,tiny|cta|blocked
posv,float,sm_89,L,2,64,2048,tiny|cta|blocked
posv,float,sm_89,L,2,64,8192,tiny|cta|blocked
posv,float,sm_89,L,2,64,32768,tiny|cta|blocked
posv,float,sm_89,L,3,1,128,tiny|cta|blocked
posv,float,sm_89,L,3,1,512,tiny|cta|blocked
posv,float,sm_89,L,3,1,2048,tiny|cta|blocked
posv,float,sm_89,L,3,1,8192,tiny|cta|blocked
posv,float,sm_89,L,3,1,32768,tiny|cta|blocked
posv,float,sm_89,L,3,2,128,tiny|cta|blocked
posv,float,sm_89,L,3,2,512,tiny|cta|blocked
posv,float,sm_89,L,3,2,2048,tiny|cta|blocked
posv,float,sm_89,L,3,2,8192,tiny|cta|blocked
posv,float,sm_89,L,3,2,32768,tiny|cta|blocked
posv,float,sm_89,L,3,4,128,tiny|cta|blocked
posv,float,sm_89,L,3,4,512,tiny|cta|blocked
posv,float,sm_89,L,3,4,2048,tiny|cta|blocked
posv,float,sm_89,L,3,4,8192,tiny|cta|blocked
posv,float,sm_89,L,3,4,32768,tiny|cta|blocked
posv,float,sm_89,L,3,8,128,tiny|cta|blocked
posv,float,sm_89,L,3,8,512,tiny|cta|blocked
posv,float,sm_89,L,3,8,2048,tiny|cta|blocked
posv,float,sm_89,L,3,8,8192,tiny|cta|blocked
posv,float,sm_89,L,3,8,32768,tiny|cta|blocked
posv,float,sm_89,L,3,16,128,tiny|cta|blocked
posv,float,sm_89,L,3,16,512,tiny|cta|blocked
posv,float,sm_89,L,3,16,2048,tiny|cta|blocked
posv,float,sm_89,L,3,16,8192,tiny|cta|blocked
posv,float,sm_89,L,3,16,32768,tiny|cta|blocked
posv,float,sm_89,L,3,64,128,tiny|cta|blocked
posv,float,sm_89,L,3,64,512,tiny|cta|blocked
posv,float,sm_89,L,3,64,2048,tiny|cta|blocked
posv,float,sm_89,L,3,64,8192,tiny|cta|blocked
posv,float,sm_89,L,3,64,32768,tiny|cta|blocked
posv,float,sm_89,L,4,1,128,tiny|cta|blocked
posv,float,sm_89,L,4,1,512,tiny|cta|blocked
posv,float,sm_89,L,4,1,2048,tiny|cta|blocked
posv,float,sm_89,L,4,1,8192,tiny|cta|blocked
posv,float,sm_89,L,4,1,32768,tiny|cta|blocked
posv,float,sm_89,L,4,2,128,tiny|cta|blocked
posv,float,sm_89,L,4,2,512,tiny|cta|blocked
posv,float,sm_89,L,4,2,2048,tiny|cta|blocked
posv,float,sm_89,L,4,2,8192,tiny|cta|blocked
posv,float,sm_89,L,4,2,32768,tiny|cta|blocked
posv,float,sm_89,L,4,4,128,tiny|cta|blocked
posv,float,sm_89,L,4,4,512,tiny|cta|blocked
posv,float,sm_89,L,4,4,2048,tiny|cta|blocked
posv,float,sm_89,L,4,4,8192,tiny|cta|blocked
posv,float,sm_89,L,4,4,32768,tiny|cta|blocked
posv,float,sm_89,L,4,8,128,tiny|cta|blocked
posv,float,sm_89,L,4,8,512,tiny|cta|blocked
posv,float,sm_89,L,4,8,2048,tiny|cta|blocked
posv,float,sm_89,L,4,8,8192,tiny|cta|blocked
posv,float,sm_89,L,4,8,32768,tiny|cta|blocked
posv,float,sm_89,L,4,16,128,tiny|cta|blocked
posv,float,sm_89,L,4,16,512,tiny|cta|blocked
posv,float,sm_89,L,4,16,2048,tiny|cta|blocked
posv,float,sm_89,L,4,16,8192,tiny|cta|blocked
posv,float,sm_89,L,4,16,32768,tiny|cta|blocked
posv,float,sm_89,L,4,64,128,tiny|cta|blocked
posv,float,sm_89,L,4,64,512,tiny|cta|blocked
posv,float,sm_89,L,4,64,2048,tiny|cta|blocked
posv,float,sm_89,L,4,64,8192,tiny|cta|blocked
posv,float,sm_89,L,4,64,32768,tiny|cta|blocked
posv,float,sm_89,L,6,1,128,tiny|cta|blocked
posv,float,sm_89,L,6,1,512,tiny|cta|blocked
posv,float,sm_89,L,6,1,2048,tiny|cta|blocked
posv,float,sm_89,L,6,1,8192,tiny|cta|blocked
posv,float,sm_89,L,6,1,32768,tiny|cta|blocked
posv,float,sm_89,L,6,2,128,tiny|cta|blocked
posv,float,sm_89,L,6,2,512,tiny|cta|blocked
posv,float,sm_89,L,6,2,2048,tiny|cta|blocked
posv,float,sm_89,L,6,2,8192,tiny|cta|blocked
posv,float,sm_89,L,6,2,32768,tiny|cta|blocked
posv,float,sm_89,L,6,4,128,tiny|cta|blocked
posv,float,sm_89,L,6,4,512,tiny|cta|blocked
posv,float,sm_89,L,6,4,2048,tiny|cta|blocked
posv,float,sm_89,L,6,4,8192,tiny|cta|blocked
posv,float,sm_89,L,6,4,32768,tiny|cta|blocked
posv,float,sm_89,L,6,8,128,tiny|cta|blocked
posv,float,sm_89,L,6,8,512,tiny|cta|blocked
posv,float,sm_89,L,6,8,2048,tiny|cta|blocked
posv,float,sm_89,L,6,8,8192,tiny|cta|blocked
posv,float,sm_89,L,6,8,32768,tiny|cta|blocked
posv,float,sm_89,L,6,16,128,tiny|cta|blocked
posv,float,sm_89,L,6,16,512,tiny|cta|blocked
posv,float,sm_89,L,6,16,2048,tiny|cta|blocked
posv,float,sm_89,L,6,16,8192,tiny|cta|blocked
posv,float,sm_89,L,6,16,32768,tiny|cta|blocked
posv,float,sm_89,L,6,64,128,tiny|cta|blocked
posv,float,sm_89,L,6,64,512,tiny|cta|blocked
posv,float,sm_89,L,6,64,2048,tiny|cta|blocked
posv,float,sm_89,L,6,64,8192,tiny|cta|blocked
posv,float,sm_89,L,6,64,32768,tiny|cta|blocked
posv,float,sm_89,L,8,1,128,tiny|cta|blocked
posv,float,sm_89,L,8,1,512,tiny|cta|blocked
posv,float,sm_89,L,8,1,2048,tiny|cta|blocked
posv,float,sm_89,L,8,1,8192,tiny|cta|blocked
posv,float,sm_89,L,8,1,32768,tiny|cta|blocked
posv,float,sm_89,L,8,2,128,tiny|cta|blocked
posv,float,sm_89,L,8,2,512,tiny|cta|blocked
posv,float,sm_89,L,8,2,2048,tiny|cta|blocked
posv,float,sm_89,L,8,2,8192,tiny|cta|blocked
posv,float,sm_89,L,8,2,32768,tiny|cta|blocked
posv,float,sm_89,L,8,4,128,tiny|cta|blocked
posv,float,sm_89,L,8,4,512,tiny|cta|blocked
posv,float,sm_89,L,8,4,2048,tiny|cta|blocked
posv,float,sm_89,L,8,4,8192,tiny|cta|blocked
posv,float,sm_89,L,8,4,32768,tiny|cta|blocked
posv,float,sm_89,L,8,8,128,tiny|cta|blocked
posv,float,sm_89,L,8,8,512,tiny|cta|blocked
posv,float,sm_89,L,8,8,2048,tiny|cta|blocked
posv,float,sm_89,L,8,8,8192,tiny|cta|blocked
posv,float,sm_89,L,8,8,32768,tiny|cta|blocked
posv,float,sm_89,L,8,16,128,tiny|cta|blocked
posv,float,sm_89,L,8,16,512,tiny|cta|blocked
posv,float,sm_89,L,8,16,2048,tiny|cta|blocked
posv,float,sm_89,L,8,16,8192,tiny|cta|blocked
posv,float,sm_89,L,8,16,32768,tiny|cta|blocked
posv,float,sm_89,L,8,64,128,tiny|cta|blocked
posv,float,sm_89,L,8,64,512,tiny|cta|blocked
posv,float,sm_89,L,8,64,2048,tiny|cta|blocked
posv,float,sm_89,L,8,64,8192,tiny|cta|blocked
posv,float,sm_89,L,8,64,32768,tiny|cta|blocked
posv,float,sm_89,L,12,1,128,tiny|cta|blocked
posv,float,sm_89,L,12,1,512,tiny|cta|blocked
posv,float,sm_89,L,12,1,2048,tiny|cta|blocked
posv,float,sm_89,L,12,1,8192,tiny|cta|blocked
posv,float,sm_89,L,12,1,32768,tiny|cta|blocked
posv,float,sm_89,L,12,2,128,tiny|cta|blocked
posv,float,sm_89,L,12,2,512,tiny|cta|blocked
posv,float,sm_89,L,12,2,2048,tiny|cta|blocked
posv,float,sm_89,L,12,2,8192,tiny|cta|blocked
posv,float,sm_89,L,12,2,32768,tiny|cta|blocked
posv,float,sm_89,L,12,4,128,tiny|cta|blocked
posv,float,sm_89,L,12,4,512,tiny|cta|blocked
posv,float,sm_89,L,12,4,2048,tiny|cta|blocked
posv,float,sm_89,L,12,4,8192,tiny|cta|blocked
posv,float,sm_89,L,12,4,32768,tiny|cta|blocked
posv,float,sm_89,L,12,8,128,tiny|cta|blocked
posv,float,sm_89,L,12,8,512,tiny|cta|blocked
posv,float,sm_89,L,12,8,2048,tiny|cta|blocked
posv,float,sm_89,L,12,8,8192,tiny|cta|blocked
posv,float,sm_89,L,12,8,32768,tiny|cta|blocked
posv,float,sm_89,L,12,16,128,tiny|cta|blocked
posv,float,sm_89,L,12,16,512,tiny|cta|blocked
posv,float,sm_89,L,12,16,2048,tiny|cta|blocked
posv,float,sm_89,L,12,16,8192,tiny|cta|blocked
posv,float,sm_89,L,12,16,32768,tiny|cta|blocked
posv,float,sm_89,L,12,64,128,tiny|cta|blocked
posv,float,sm_89,L,12,64,512,tiny|cta|blocked
posv,float,sm_89,L,12,64,2048,tiny|cta|blocked
posv,float,sm_89,L,12,64,8192,tiny|cta|blocked
posv,float,sm_89,L,12,64,32768,tiny|cta|blocked
posv,float,sm_89,L,16,1,128,tiny|cta|blocked
posv,float,sm_89,L,16,1,512,tiny|cta|blocked
posv,float,sm_89,L,16,1,2048,tiny|cta|blocked
posv,float,sm_89,L,16,1,8192,tiny|cta|blocked
posv,float,sm_89,L,16,1,32768,tiny|cta|blocked
posv,float,sm_89,L,16,2,128,tiny|cta|blocked
posv,float,sm_89,L,16,2,512,tiny|cta|blocked
posv,float,sm_89,L,16,2,2048,tiny|cta|blocked
posv,float,sm_89,L,16,2,8192,tiny|cta|blocked
posv,float,sm_89,L,16,2,32768,tiny|cta|blocked
posv,float,sm_89,L,16,4,128,tiny|cta|blocked
posv,float,sm_89,L,16,4,512,tiny|cta|blocked
posv,float,sm_89,L,16,4,2048,tiny|cta|blocked
posv,float,sm_89,L,16,4,8192,tiny|cta|blocked
posv,float,sm_89,L,16,4,32768,tiny|cta|blocked
posv,float,sm_89,L,16,8,128,tiny|cta|blocked
posv,float,sm_89,L,16,8,512,tiny|cta|blocked
posv,float,sm_89,L,16,8,2048,tiny|cta|blocked
posv,float,sm_89,L,16,8,8192,tiny|cta|blocked
posv,float,sm_89,L,16,8,32768,tiny|cta|blocked
posv,float,sm_89,L,16,16,128,tiny|cta|blocked
posv,float,sm_89,L,16,16,512,tiny|cta|blocked
posv,float,sm_89,L,16,16,2048,tiny|cta|blocked
posv,float,sm_89,L,16,16,8192,tiny|cta|blocked
posv,float,sm_89,L,16,16,32768,tiny|cta|blocked
posv,float,sm_89,L,16,64,128,tiny|cta|blocked
posv,float,sm_89,L,16,64,512,tiny|cta|blocked
posv,float,sm_89,L,16,64,2048,tiny|cta|blocked
posv,float,sm_89,L,16,64,8192,tiny|cta|blocked
posv,float,sm_89,L,16,64,32768,tiny|cta|blocked
posv,float,sm_89,L,20,1,128,tiny|cta|blocked
posv,float,sm_89,L,20,1,512,tiny|cta|blocked
posv,float,sm_89,L,20,1,2048,tiny|cta|blocked
posv,float,sm_89,L,20,1,8192,tiny|cta|blocked
posv,float,sm_89,L,20,1,32768,tiny|cta|blocked
posv,float,sm_89,L,20,2,128,tiny|cta|blocked
posv,float,sm_89,L,20,2,512,tiny|cta|blocked
posv,float,sm_89,L,20,2,2048,tiny|cta|blocked
posv,float,sm_89,L,20,2,8192,tiny|cta|blocked
posv,float,sm_89,L,20,2,32768,tiny|cta|blocked
posv,float,sm_89,L,20,4,128,tiny|cta|blocked
posv,float,sm_89,L,20,4,512,tiny|cta|blocked
posv,float,sm_89,L,20,4,2048,tiny|cta|blocked
posv,float,sm_89,L,20,4,8192,tiny|cta|blocked
posv,float,sm_89,L,20,4,32768,tiny|cta|blocked
posv,float,sm_89,L,20,8,128,tiny|cta|blocked
posv,float,sm_89,L,20,8,512,tiny|cta|blocked
posv,float,sm_89,L,20,8,2048,tiny|cta|blocked
posv,float,sm_89,L,20,8,8192,tiny|cta|blocked
posv,float,sm_89,L,20,8,32768,tiny|cta|blocked
posv,float,sm_89,L,20,16,128,tiny|cta|blocked
posv,float,sm_89,L,20,16,512,tiny|cta|blocked
posv,float,sm_89,L,20,16,2048,tiny|cta|blocked
posv,float,sm_89,L,20,16,8192,tiny|cta|blocked
posv,float,sm_89,L,20,16,32768,tiny|cta|blocked
posv,float,sm_89,L,20,64,128,tiny|cta|blocked
posv,float,sm_89,L,20,64,512,tiny|cta|blocked
posv,float,sm_89,L,20,64,2048,tiny|cta|blocked
posv,float,sm_89,L,20,64,8192,tiny|cta|blocked
posv,float,sm_89,L,20,64,32768,tiny|cta|blocked
posv,float,sm_89,L,24,1,128,tiny|cta|blocked
posv,float,sm_89,L,24,1,512,tiny|cta|blocked
posv,float,sm_89,L,24,1,2048,tiny|cta|blocked
posv,float,sm_89,L,24,1,8192,tiny|cta|blocked
posv,float,sm_89,L,24,1,32768,tiny|cta|blocked
posv,float,sm_89,L,24,2,128,tiny|cta|blocked
posv,float,sm_89,L,24,2,512,tiny|cta|blocked
posv,float,sm_89,L,24,2,2048,tiny|cta|blocked
posv,float,sm_89,L,24,2,8192,tiny|cta|blocked
posv,float,sm_89,L,24,2,32768,tiny|cta|blocked
posv,float,sm_89,L,24,4,128,tiny|cta|blocked
posv,float,sm_89,L,24,4,512,tiny|cta|blocked
posv,float,sm_89,L,24,4,2048,tiny|cta|blocked
posv,float,sm_89,L,24,4,8192,tiny|cta|blocked
posv,float,sm_89,L,24,4,32768,tiny|cta|blocked
posv,float,sm_89,L,24,8,128,tiny|cta|blocked
posv,float,sm_89,L,24,8,512,tiny|cta|blocked
posv,float,sm_89,L,24,8,2048,tiny|cta|blocked
posv,float,sm_89,L,24,8,8192,tiny|cta|blocked
posv,float,sm_89,L,24,8,32768,tiny|cta|blocked
posv,float,sm_89,L,24,16,128,tiny|cta|blocked
posv,float,sm_89,L,24,16,512,tiny|cta|blocked
posv,float,sm_89,L,24,16,2048,tiny|cta|blocked
posv,float,sm_89,L,24,16,8192,tiny|cta|blocked
posv,float,sm_89,L,24,16,32768,tiny|cta|blocked
posv,float,sm_89,L,24,64,128,tiny|cta|blocked
posv,float,sm_89,L,24,64,512,tiny|cta|blocked
posv,float,sm_89,L,24,64,2048,tiny|cta|blocked
posv,float,sm_89,L,24,64,8192,tiny|cta|blocked
posv,float,sm_89,L,24,64,32768,tiny|cta|blocked
posv,float,sm_89,L,28,1,128,tiny|cta|blocked
posv,float,sm_89,L,28,1,512,tiny|cta|blocked
posv,float,sm_89,L,28,1,2048,tiny|cta|blocked
posv,float,sm_89,L,28,1,8192,tiny|cta|blocked
posv,float,sm_89,L,28,1,32768,tiny|cta|blocked
posv,float,sm_89,L,28,2,128,tiny|cta|blocked
posv,float,sm_89,L,28,2,512,tiny|cta|blocked
posv,float,sm_89,L,28,2,2048,tiny|cta|blocked
posv,float,sm_89,L,28,2,8192,tiny|cta|blocked
posv,float,sm_89,L,28,2,32768,tiny|cta|blocked
posv,float,sm_89,L,28,4,128,tiny|cta|blocked
posv,float,sm_89,L,28,4,512,tiny|cta|blocked
posv,float,sm_89,L,28,4,2048,tiny|cta|blocked
posv,float,sm_89,L,28,4,8192,tiny|cta|blocked
posv,float,sm_89,L,28,4,32768,tiny|cta|blocked
posv,float,sm_89,L,28,8,128,tiny|cta|blocked
posv,float,sm_89,L,28,8,512,tiny|cta|blocked
posv,float,sm_89,L,28,8,2048,tiny|cta|blocked
posv,float,sm_89,L,28,8,8192,tiny|cta|blocked
posv,float,sm_89,L,28,8,32768,tiny|cta|blocked
posv,float,sm_89,L,28,16,128,tiny|cta|blocked
posv,float,sm_89,L,28,16,512,tiny|cta|blocked
posv,float,sm_89,L,28,16,2048,tiny|cta|blocked
posv,float,sm_89,L,28,16,8192,tiny|cta|blocked
posv,float,sm_89,L,28,16,32768,tiny|cta|blocked
posv,float,sm_89,L,28,64,128,tiny|cta|blocked
posv,float,sm_89,L,28,64,512,tiny|cta|blocked
posv,float,sm_89,L,28,64,2048,tiny|cta|blocked
posv,float,sm_89,L,28,64,8192,tiny|cta|blocked
posv,float,sm_89,L,28,64,32768,tiny|cta|blocked
posv,float,sm_89,L,32,1,128,tiny|cta|blocked
posv,float,sm_89,L,32,1,512,tiny|cta|blocked
posv,float,sm_89,L,32,1,2048,tiny|cta|blocked
posv,float,sm_89,L,32,1,8192,tiny|cta|blocked
posv,float,sm_89,L,32,1,32768,tiny|cta|blocked
posv,float,sm_89,L,32,2,128,tiny|cta|blocked
posv,float,sm_89,L,32,2,512,tiny|cta|blocked
posv,float,sm_89,L,32,2,2048,tiny|cta|blocked
posv,float,sm_89,L,32,2,8192,tiny|cta|blocked
posv,float,sm_89,L,32,2,32768,tiny|cta|blocked
posv,float,sm_89,L,32,4,128,tiny|cta|blocked
posv,float,sm_89,L,32,4,512,tiny|cta|blocked
posv,float,sm_89,L,32,4,2048,tiny|cta|blocked
posv,float,sm_89,L,32,4,8192,tiny|cta|blocked
posv,float,sm_89,L,32,4,32768,tiny|cta|blocked
posv,float,sm_89,L,32,8,128,tiny|cta|blocked
posv,float,sm_89,L,32,8,512,tiny|cta|blocked
posv,float,sm_89,L,32,8,2048,tiny|cta|blocked
posv,float,sm_89,L,32,8,8192,tiny|cta|blocked
posv,float,sm_89,L,32,8,32768,tiny|cta|blocked
posv,float,sm_89,L,32,16,128,tiny|cta|blocked
posv,float,sm_89,L,32,16,512,tiny|cta|blocked
posv,float,sm_89,L,32,16,2048,tiny|cta|blocked
posv,float,sm_89,L,32,16,8192,tiny|cta|blocked
posv,float,sm_89,L,32,16,32768,tiny|cta|blocked
posv,float,sm_89,L,32,64,128,tiny|cta|blocked
posv,float,sm_89,L,32,64,512,tiny|cta|blocked
posv,float,sm_89,L,32,64,2048,tiny|cta|blocked
posv,float,sm_89,L,32,64,8192,tiny|cta|blocked
posv,float,sm_89,L,32,64,32768,tiny|cta|blocked
posv,float,sm_89,L,36,1,128,cta|blocked
posv,float,sm_89,L,36,1,512,cta|blocked
posv,float,sm_89,L,36,1,2048,cta|blocked
posv,float,sm_89,L,36,1,8192,cta|blocked
posv,float,sm_89,L,36,1,32768,cta|blocked
posv,float,sm_89,L,36,2,128,cta|blocked
posv,float,sm_89,L,36,2,512,cta|blocked
posv,float,sm_89,L,36,2,2048,cta|blocked
posv,float,sm_89,L,36,2,8192,cta|blocked
posv,float,sm_89,L,36,2,32768,cta|blocked
posv,float,sm_89,L,36,4,128,cta|blocked
posv,float,sm_89,L,36,4,512,cta|blocked
posv,float,sm_89,L,36,4,2048,cta|blocked
posv,float,sm_89,L,36,4,8192,cta|blocked
posv,float,sm_89,L,36,4,32768,cta|blocked
posv,float,sm_89,L,36,8,128,cta|blocked
posv,float,sm_89,L,36,8,512,cta|blocked
posv,float,sm_89,L,36,8,2048,cta|blocked
posv,float,sm_89,L,36,8,8192,cta|blocked
posv,float,sm_89,L,36,8,32768,cta|blocked
posv,float,sm_89,L,36,16,128,cta|blocked
posv,float,sm_89,L,36,16,512,cta|blocked
posv,float,sm_89,L,36,16,2048,cta|blocked
posv,float,sm_89,L,36,16,8192,cta|blocked
posv,float,sm_89,L,36,16,32768,cta|blocked
posv,float,sm_89,L,36,64,128,cta|blocked
posv,float,sm_89,L,36,64,512,cta|blocked
posv,float,sm_89,L,36,64,2048,cta|blocked
posv,float,sm_89,L,36,64,8192,cta|blocked
posv,float,sm_89,L,36,64,32768,cta|blocked
posv,float,sm_89,L,40,1,128,cta|blocked
posv,float,sm_89,L,40,1,512,cta|blocked
posv,float,sm_89,L,40,1,2048,cta|blocked
posv,float,sm_89,L,40,1,8192,cta|blocked
posv,float,sm_89,L,40,1,32768,cta|blocked
posv,float,sm_89,L,40,2,128,cta|blocked
posv,float,sm_89,L,40,2,512,cta|blocked
posv,float,sm_89,L,40,2,2048,cta|blocked
posv,float,sm_89,L,40,2,8192,cta|blocked
posv,float,sm_89,L,40,2,32768,cta|blocked
posv,float,sm_89,L,40,4,128,cta|blocked
posv,float,sm_89,L,40,4,512,cta|blocked
posv,float,sm_89,L,40,4,2048,cta|blocked
posv,float,sm_89,L,40,4,8192,cta|blocked
posv,float,sm_89,L,40,4,32768,cta|blocked
posv,float,sm_89,L,40,8,128,cta|blocked
posv,float,sm_89,L,40,8,512,cta|blocked
posv,float,sm_89,L,40,8,2048,cta|blocked
posv,float,sm_89,L,40,8,8192,cta|blocked
posv,float,sm_89,L,40,8,32768,cta|blocked
posv,float,sm_89,L,40,16,128,cta|blocked
posv,float,sm_89,L,40,16,512,cta|blocked
posv,float,sm_89,L,40,16,2048,cta|blocked
posv,float,sm_89,L,40,16,8192,cta|blocked
posv,float,sm_89,L,40,16,32768,cta|blocked
posv,float,sm_89,L,40,64,128,cta|blocked
posv,float,sm_89,L,40,64,512,cta|blocked
posv,float,sm_89,L,40,64,2048,cta|blocked
posv,float,sm_89,L,40,64,8192,cta|blocked
posv,float,sm_89,L,40,64,32768,cta|blocked
posv,float,sm_89,L,48,1,128,cta|blocked
posv,float,sm_89,L,48,1,512,cta|blocked
posv,float,sm_89,L,48,1,2048,cta|blocked
posv,float,sm_89,L,48,1,8192,cta|blocked
posv,float,sm_89,L,48,1,32768,cta|blocked
posv,float,sm_89,L,48,2,128,cta|blocked
posv,float,sm_89,L,48,2,512,cta|blocked
posv,float,sm_89,L,48,2,2048,cta|blocked
posv,float,sm_89,L,48,2,8192,cta|blocked
posv,float,sm_89,L,48,2,32768,cta|blocked
posv,float,sm_89,L,48,4,128,cta|blocked
posv,float,sm_89,L,48,4,512,cta|blocked
posv,float,sm_89,L,48,4,2048,cta|blocked
posv,float,sm_89,L,48,4,8192,cta|blocked
posv,float,sm_89,L,48,4,32768,cta|blocked
posv,float,sm_89,L,48,8,128,cta|blocked
posv,float,sm_89,L,48,8,512,cta|blocked
posv,float,sm_89,L,48,8,2048,cta|blocked
posv,float,sm_89,L,48,8,8192,cta|blocked
posv,float,sm_89,L,48,8,32768,cta|blocked
posv,float,sm_89,L,48,16,128,cta|blocked
posv,float,sm_89,L,48,16,512,cta|blocked
posv,float,sm_89,L,48,16,2048,cta|blocked
posv,float,sm_89,L,48,16,8192,cta|blocked
posv,float,sm_89,L,48,16,32768,cta|blocked
posv,float,sm_89,L,48,64,128,cta|blocked
posv,float,sm_89,L,48,64,512,cta|blocked
posv,float,sm_89,L,48,64,2048,cta|blocked
posv,float,sm_89,L,48,64,8192,cta|blocked
posv,float,sm_89,L,48,64,32768,cta|blocked
posv,float,sm_89,L,56,1,128,cta|blocked
posv,float,sm_89,L,56,1,512,cta|blocked
posv,float,sm_89,L,56,1,2048,cta|blocked
posv,float,sm_89,L,56,1,8192,cta|blocked
posv,float,sm_89,L,56,1,32768,cta|blocked
posv,float,sm_89,L,56,2,128,cta|blocked
posv,float,sm_89,L,56,2,512,cta|blocked
posv,float,sm_89,L,56,2,2048,cta|blocked
posv,float,sm_89,L,56,2,8192,cta|blocked
posv,float,sm_89,L,56,2,32768,cta|blocked
posv,float,sm_89,L,56,4,128,cta|blocked
posv,float,sm_89,L,56,4,512,cta|blocked
posv,float,sm_89,L,56,4,2048,cta|blocked
posv,float,sm_89,L,56,4,8192,cta|blocked
posv,float,sm_89,L,56,4,32768,cta|blocked
posv,float,sm_89,L,56,8,128,cta|blocked
posv,float,sm_89,L,56,8,512,cta|blocked
posv,float,sm_89,L,56,8,2048,cta|blocked
posv,float,sm_89,L,56,8,8192,cta|blocked
posv,float,sm_89,L,56,8,32768,cta|blocked
posv,float,sm_89,L,56,16,128,cta|blocked
posv,float,sm_89,L,56,16,512,cta|blocked
posv,float,sm_89,L,56,16,2048,cta|blocked
posv,float,sm_89,L,56,16,8192,cta|blocked
posv,float,sm_89,L,56,16,32768,cta|blocked
posv,float,sm_89,L,56,64,128,cta|blocked
posv,float,sm_89,L,56,64,512,cta|blocked
posv,float,sm_89,L,56,64,2048,cta|blocked
posv,float,sm_89,L,56,64,8192,cta|blocked
posv,float,sm_89,L,56,64,32768,cta|blocked
posv,float,sm_89,L,64,1,128,cta|blocked
posv,float,sm_89,L,64,1,512,cta|blocked
posv,float,sm_89,L,64,1,2048,cta|blocked
posv,float,sm_89,L,64,1,8192,cta|blocked
posv,float,sm_89,L,64,1,32768,cta|blocked
posv,float,sm_89,L,64,2,128,cta|blocked
posv,float,sm_89,L,64,2,512,cta|blocked
posv,float,sm_89,L,64,2,2048,cta|blocked
posv,float,sm_89,L,64,2,8192,cta|blocked
posv,float,sm_89,L,64,2,32768,cta|blocked
posv,float,sm_89,L,64,4,128,cta|blocked
posv,float,sm_89,L,64,4,512,cta|blocked
posv,float,sm_89,L,64,4,2048,cta|blocked
posv,float,sm_89,L,64,4,8192,cta|blocked
posv,float,sm_89,L,64,4,32768,cta|blocked
posv,float,sm_89,L,64,8,128,cta|blocked
posv,float,sm_89,L,64,8,512,cta|blocked
posv,float,sm_89,L,64,8,2048,cta|blocked
posv,float,sm_89,L,64,8,8192,cta|blocked
posv,float,sm_89,L,64,8,32768,cta|blocked
posv,float,sm_89,L,64,16,128,cta|blocked
posv,float,sm_89,L,64,16,512,cta|blocked
posv,float,sm_89,L,64,16,2048,cta|blocked
posv,float,sm_89,L,64,16,8192,cta|blocked
posv,float,sm_89,L,64,16,32768,cta|blocked
posv,float,sm_89,L,64,64,128,cta|blocked
posv,float,sm_89,L,64,64,512,cta|blocked
posv,float,sm_89,L,64,64,2048,cta|blocked
posv,float,sm_89,L,64,64,8192,cta|blocked
posv,float,sm_89,L,64,64,32768,cta|blocked
posv,float,sm_89,L,80,1,128,cta|blocked
posv,float,sm_89,L,80,1,512,cta|blocked
posv,float,sm_89,L,80,1,2048,cta|blocked
posv,float,sm_89,L,80,1,8192,cta|blocked
posv,float,sm_89,L,80,1,32768,cta|blocked
posv,float,sm_89,L,80,2,128,cta|blocked
posv,float,sm_89,L,80,2,512,cta|blocked
posv,float,sm_89,L,80,2,2048,cta|blocked
posv,float,sm_89,L,80,2,8192,cta|blocked
posv,float,sm_89,L,80,2,32768,cta|blocked
posv,float,sm_89,L,80,4,128,cta|blocked
posv,float,sm_89,L,80,4,512,cta|blocked
posv,float,sm_89,L,80,4,2048,cta|blocked
posv,float,sm_89,L,80,4,8192,cta|blocked
posv,float,sm_89,L,80,4,32768,cta|blocked
posv,float,sm_89,L,80,8,128,cta|blocked
posv,float,sm_89,L,80,8,512,cta|blocked
posv,float,sm_89,L,80,8,2048,cta|blocked
posv,float,sm_89,L,80,8,8192,cta|blocked
posv,float,sm_89,L,80,8,32768,cta|blocked
posv,float,sm_89,L,80,16,128,cta|blocked
posv,float,sm_89,L,80,16,512,cta|blocked
posv,float,sm_89,L,80,16,2048,cta|blocked
posv,float,sm_89,L,80,16,8192,cta|blocked
posv,float,sm_89,L,80,16,32768,cta|blocked
posv,float,sm_89,L,80,64,128,cta|blocked
posv,float,sm_89,L,80,64,512,cta|blocked
posv,float,sm_89,L,80,64,2048,cta|blocked
posv,float,sm_89,L,80,64,8192,cta|blocked
posv,float,sm_89,L,80,64,32768,cta|blocked
posv,float,sm_89,L,96,1,128,cta|blocked
posv,float,sm_89,L,96,1,512,cta|blocked
posv,float,sm_89,L,96,1,2048,cta|blocked
posv,float,sm_89,L,96,1,8192,cta|blocked
posv,float,sm_89,L,96,1,32768,cta|blocked
posv,float,sm_89,L,96,2,128,cta|blocked
posv,float,sm_89,L,96,2,512,cta|blocked
posv,float,sm_89,L,96,2,2048,cta|blocked
posv,float,sm_89,L,96,2,8192,cta|blocked
posv,float,sm_89,L,96,2,32768,cta|blocked
posv,float,sm_89,L,96,4,128,cta|blocked
posv,float,sm_89,L,96,4,512,cta|blocked
posv,float,sm_89,L,96,4,2048,cta|blocked
posv,float,sm_89,L,96,4,8192,cta|blocked
posv,float,sm_89,L,96,4,32768,cta|blocked
posv,float,sm_89,L,96,8,128,cta|blocked
posv,float,sm_89,L,96,8,512,cta|blocked
posv,float,sm_89,L,96,8,2048,cta|blocked
posv,float,sm_89,L,96,8,8192,cta|blocked
posv,float,sm_89,L,96,8,32768,cta|blocked
posv,float,sm_89,L,96,16,128,cta|blocked
posv,float,sm_89,L,96,16,512,cta|blocked
posv,float,sm_89,L,96,16,2048,cta|blocked
posv,float,sm_89,L,96,16,8192,cta|blocked
posv,float,sm_89,L,96,16,32768,cta|blocked
posv,float,sm_89,L,96,64,128,cta|blocked
posv,float,sm_89,L,96,64,512,cta|blocked
posv,float,sm_89,L,96,64,2048,cta|blocked
posv,float,sm_89,L,96,64,8192,cta|blocked
posv,float,sm_89,L,96,64,32768,cta|blocked
posv,float,sm_89,L,112,1,128,cta|blocked
posv,float,sm_89,L,112,1,512,cta|blocked
posv,float,sm_89,L,112,1,2048,cta|blocked
posv,float,sm_89,L,112,1,8192,cta|blocked
posv,float,sm_89,L,112,1,32768,cta|blocked
posv,float,sm_89,L,112,2,128,cta|blocked
posv,float,sm_89,L,112,2,512,cta|blocked
posv,float,sm_89,L,112,2,2048,cta|blocked
posv,float,sm_89,L,112,2,8192,cta|blocked
posv,float,sm_89,L,112,2,32768,cta|blocked
posv,float,sm_89,L,112,4,128,cta|blocked
posv,float,sm_89,L,112,4,512,cta|blocked
posv,float,sm_89,L,112,4,2048,cta|blocked
posv,float,sm_89,L,112,4,8192,cta|blocked
posv,float,sm_89,L,112,4,32768,cta|blocked
posv,float,sm_89,L,112,8,128,cta|blocked
posv,float,sm_89,L,112,8,512,cta|blocked
posv,float,sm_89,L,112,8,2048,cta|blocked
posv,float,sm_89,L,112,8,8192,cta|blocked
posv,float,sm_89,L,112,8,32768,cta|blocked
posv,float,sm_89,L,112,16,128,cta|blocked
posv,float,sm_89,L,112,16,512,cta|blocked
posv,float,sm_89,L,112,16,2048,cta|blocked
posv,float,sm_89,L,112,16,8192,cta|blocked
posv,float,sm_89,L,112,16,32768,cta|blocked
posv,float,sm_89,L,112,64,128,cta|blocked
posv,float,sm_89,L,112,64,512,cta|blocked
posv,float,sm_89,L,112,64,2048,cta|blocked
posv,float,sm_89,L,112,64,8192,cta|blocked
posv,float,sm_89,L,112,64,32768,cta|blocked
posv,float,sm_89,L,128,1,128,cta|blocked
posv,float,sm_89,L,128,1,512,cta|blocked
posv,float,sm_89,L,128,1,2048,cta|blocked
posv,float,sm_89,L,128,1,8192,cta|blocked
posv,float,sm_89,L,128,1,32768,cta|blocked
posv,float,sm_89,L,128,2,128,cta|blocked
posv,float,sm_89,L,128,2,512,cta|blocked
posv,float,sm_89,L,128,2,2048,cta|blocked
posv,float,sm_89,L,128,2,8192,cta|blocked
posv,float,sm_89,L,128,2,32768,cta|blocked
posv,float,sm_89,L,128,4,128,cta|blocked
posv,float,sm_89,L,128,4,512,cta|blocked
posv,float,sm_89,L,128,4,2048,cta|blocked
posv,float,sm_89,L,128,4,8192,cta|blocked
posv,float,sm_89,L,128,4,32768,cta|blocked
posv,float,sm_89,L,128,8,128,cta|blocked
posv,float,sm_89,L,128,8,512,cta|blocked
posv,float,sm_89,L,128,8,2048,cta|blocked
posv,float,sm_89,L,128,8,8192,cta|blocked
posv,float,sm_89,L,128,8,32768,cta|blocked
posv,float,sm_89,L,128,16,128,cta|blocked
posv,float,sm_89,L,128,16,512,cta|blocked
posv,float,sm_89,L,128,16,2048,cta|blocked
posv,float,sm_89,L,128,16,8192,cta|blocked
posv,float,sm_89,L,128,16,32768,cta|blocked
posv,float,sm_89,L,128,64,128,cta|blocked
posv,float,sm_89,L,128,64,512,cta|blocked
posv,float,sm_89,L,128,64,2048,cta|blocked
posv,float,sm_89,L,128,64,8192,cta|blocked
posv,float,sm_89,L,128,64,32768,cta|blocked
posv,float,sm_89,L,160,1,128,cta|blocked
posv,float,sm_89,L,160,1,512,cta|blocked
posv,float,sm_89,L,160,1,2048,cta|blocked
posv,float,sm_89,L,160,1,8192,cta|blocked
posv,float,sm_89,L,160,1,32768,cta|blocked
posv,float,sm_89,L,160,2,128,cta|blocked
posv,float,sm_89,L,160,2,512,cta|blocked
posv,float,sm_89,L,160,2,2048,cta|blocked
posv,float,sm_89,L,160,2,8192,cta|blocked
posv,float,sm_89,L,160,2,32768,cta|blocked
posv,float,sm_89,L,160,4,128,cta|blocked
posv,float,sm_89,L,160,4,512,cta|blocked
posv,float,sm_89,L,160,4,2048,cta|blocked
posv,float,sm_89,L,160,4,8192,cta|blocked
posv,float,sm_89,L,160,4,32768,cta|blocked
posv,float,sm_89,L,160,8,128,cta|blocked
posv,float,sm_89,L,160,8,512,cta|blocked
posv,float,sm_89,L,160,8,2048,cta|blocked
posv,float,sm_89,L,160,8,8192,cta|blocked
posv,float,sm_89,L,160,8,32768,cta|blocked
posv,float,sm_89,L,160,16,128,cta|blocked
posv,float,sm_89,L,160,16,512,cta|blocked
posv,float,sm_89,L,160,16,2048,cta|blocked
posv,float,sm_89,L,160,16,8192,cta|blocked
posv,float,sm_89,L,160,16,32768,cta|blocked
posv,float,sm_89,L,160,64,128,cta|blocked
posv,float,sm_89,L,160,64,512,cta|blocked
posv,float,sm_89,L,160,64,2048,cta|blocked
posv,float,sm_89,L,160,64,8192,cta|blocked
posv,float,sm_89,L,160,64,32768,cta|blocked
posv,float,sm_89,L,192,1,128,cta|blocked
posv,float,sm_89,L,192,1,512,cta|blocked
posv,float,sm_89,L,192,1,2048,cta|blocked
posv,float,sm_89,L,192,1,8192,cta|blocked
posv,float,sm_89,L,192,1,32768,cta|blocked
posv,float,sm_89,L,192,2,128,cta|blocked
posv,float,sm_89,L,192,2,512,cta|blocked
posv,float,sm_89,L,192,2,2048,cta|blocked
posv,float,sm_89,L,192,2,8192,cta|blocked
posv,float,sm_89,L,192,2,32768,cta|blocked
posv,float,sm_89,L,192,4,128,cta|blocked
posv,float,sm_89,L,192,4,512,cta|blocked
posv,float,sm_89,L,192,4,2048,cta|blocked
posv,float,sm_89,L,192,4,8192,cta|blocked
posv,float,sm_89,L,192,4,32768,cta|blocked
posv,float,sm_89,L,192,8,128,cta|blocked
posv,float,sm_89,L,192,8,512,cta|blocked
posv,float,sm_89,L,192,8,2048,cta|blocked
posv,float,sm_89,L,192,8,8192,cta|blocked
posv,float,sm_89,L,192,8,32768,cta|blocked
posv,float,sm_89,L,192,16,128,cta|blocked
posv,float,sm_89,L,192,16,512,cta|blocked
posv,float,sm_89,L,192,16,2048,cta|blocked
posv,float,sm_89,L,192,16,8192,cta|blocked
posv,float,sm_89,L,192,16,32768,cta|blocked
posv,float,sm_89,L,192,64,128,cta|blocked
posv,float,sm_89,L,192,64,512,cta|blocked
posv,float,sm_89,L,192,64,2048,cta|blocked
posv,float,sm_89,L,192,64,8192,cta|blocked
posv,float,sm_89,L,192,64,32768,cta|blocked
posv,float,sm_89,L,224,1,128,cta|blocked
posv,float,sm_89,L,224,1,512,cta|blocked
posv,float,sm_89,L,224,1,2048,cta|blocked
posv,float,sm_89,L,224,1,8192,cta|blocked
posv,float,sm_89,L,224,1,32768,cta|blocked
posv,float,sm_89,L,224,2,128,cta|blocked
posv,float,sm_89,L,224,2,512,cta|blocked
posv,float,sm_89,L,224,2,2048,cta|blocked
posv,float,sm_89,L,224,2,8192,cta|blocked
posv,float,sm_89,L,224,2,32768,cta|blocked
posv,float,sm_89,L,224,4,128,cta|blocked
posv,float,sm_89,L,224,4,512,cta|blocked
posv,float,sm_89,L,224,4,2048,cta|blocked
posv,float,sm_89,L,224,4,8192,cta|blocked
posv,float,sm_89,L,224,4,32768,cta|blocked
posv,float,sm_89,L,224,8,128,cta|blocked
posv,float,sm_89,L,224,8,512,cta|blocked
posv,float,sm_89,L,224,8,2048,cta|blocked
posv,float,sm_89,L,224,8,8192,cta|blocked
posv,float,sm_89,L,224,8,32768,cta|blocked
posv,float,sm_89,L,224,16,128,cta|blocked
posv,float,sm_89,L,224,16,512,cta|blocked
posv,float,sm_89,L,224,16,2048,cta|blocked
posv,float,sm_89,L,224,16,8192,cta|blocked
posv,float,sm_89,L,224,16,32768,cta|blocked
posv,float,sm_89,L,224,64,128,cta|blocked
posv,float,sm_89,L,224,64,512,cta|blocked
posv,float,sm_89,L,224,64,2048,cta|blocked
posv,float,sm_89,L,224,64,8192,cta|blocked
posv,float,sm_89,L,224,64,32768,cta|blocked
posv,float,sm_89,L,256,1,128,cta|blocked
posv,float,sm_89,L,256,1,512,cta|blocked
posv,float,sm_89,L,256,1,2048,cta|blocked
posv,float,sm_89,L,256,1,8192,cta|blocked
posv,float,sm_89,L,256,1,32768,cta|blocked
posv,float,sm_89,L,256,2,128,cta|blocked
posv,float,sm_89,L,256,2,512,cta|blocked
posv,float,sm_89,L,256,2,2048,cta|blocked
posv,float,sm_89,L,256,2,8192,cta|blocked
posv,float,sm_89,L,256,2,32768,cta|blocked
posv,float,sm_89,L,256,4,128,cta|blocked
posv,float,sm_89,L,256,4,512,cta|blocked
posv,float,sm_89,L,256,4,2048,cta|blocked
posv,float,sm_89,L,256,4,8192,cta|blocked
posv,float,sm_89,L,256,4,32768,cta|blocked
posv,float,sm_89,L,256,8,128,cta|blocked
posv,float,sm_89,L,256,8,512,cta|blocked
posv,float,sm_89,L,256,8,2048,cta|blocked
posv,float,sm_89,L,256,8,8192,cta|blocked
posv,float,sm_89,L,256,8,32768,cta|blocked
posv,float,sm_89,L,256,16,128,cta|blocked
posv,float,sm_89,L,256,16,512,cta|blocked
posv,float,sm_89,L,256,16,2048,cta|blocked
posv,float,sm_89,L,256,16,8192,cta|blocked
posv,float,sm_89,L,256,16,32768,cta|blocked
posv,float,sm_89,L,256,64,128,cta|blocked
posv,float,sm_89,L,256,64,512,cta|blocked
posv,float,sm_89,L,256,64,2048,cta|blocked
posv,float,sm_89,L,256,64,8192,cta|blocked
posv,float,sm_89,L,256,64,32768,cta|blocked
posv,float,sm_89,L,288,1,128,cta|blocked
posv,float,sm_89,L,288,1,512,cta|blocked
posv,float,sm_89,L,288,1,2048,cta|blocked
posv,float,sm_89,L,288,1,8192,cta|blocked
posv,float,sm_89,L,288,1,32768,cta|blocked
posv,float,sm_89,L,288,2,128,cta|blocked
posv,float,sm_89,L,288,2,512,cta|blocked
posv,float,sm_89,L,288,2,2048,cta|blocked
posv,float,sm_89,L,288,2,8192,cta|blocked
posv,float,sm_89,L,288,2,32768,cta|blocked
posv,float,sm_89,L,288,4,128,cta|blocked
posv,float,sm_89,L,288,4,512,cta|blocked
posv,float,sm_89,L,288,4,2048,cta|blocked
posv,float,sm_89,L,288,4,8192,cta|blocked
posv,float,sm_89,L,288,4,32768,cta|blocked
posv,float,sm_89,L,288,8,128,cta|blocked
posv,float,sm_89,L,288,8,512,cta|blocked
posv,float,sm_89,L,288,8,2048,cta|blocked
posv,float,sm_89,L,288,8,8192,cta|blocked
posv,float,sm_89,L,288,8,32768,cta|blocked
posv,float,sm_89,L,288,16,128,cta|blocked
posv,float,sm_89,L,288,16,512,cta|blocked
posv,float,sm_89,L,288,16,2048,cta|blocked
posv,float,sm_89,L,288,16,8192,cta|blocked
posv,float,sm_89,L,288,16,32768,cta|blocked
posv,float,sm_89,L,288,64,128,cta|blocked
posv,float,sm_89,L,288,64,512,cta|blocked
posv,float,sm_89,L,288,64,2048,cta|blocked
posv,float,sm_89,L,288,64,8192,cta|blocked
posv,float,sm_89,L,288,64,32768,cta|blocked
posv,float,sm_89,L,320,1,128,cta|blocked
posv,float,sm_89,L,320,1,512,cta|blocked
posv,float,sm_89,L,320,1,2048,cta|blocked
posv,float,sm_89,L,320,1,8192,cta|blocked
posv,float,sm_89,L,320,1,32768,cta|blocked
posv,float,sm_89,L,320,2,128,cta|blocked
posv,float,sm_89,L,320,2,512,cta|blocked
posv,float,sm_89,L,320,2,2048,cta|blocked
posv,float,sm_89,L,320,2,8192,cta|blocked
posv,float,sm_89,L,320,2,32768,cta|blocked
posv,float,sm_89,L,320,4,128,cta|blocked
posv,float,sm_89,L,320,4,512,cta|blocked
posv,float,sm_89,L,320,4,2048,cta|blocked
posv,float,sm_89,L,320,4,8192,cta|blocked
posv,float,sm_89,L,320,4,32768,cta|blocked
posv,float,sm_89,L,320,8,128,cta|blocked
posv,float,sm_89,L,320,8,512,cta|blocked
posv,float,sm_89,L,320,8,2048,cta|blocked
posv,float,sm_89,L,320,8,8192,cta|blocked
posv,float,sm_89,L,320,8,32768,cta|blocked
posv,float,sm_89,L,320,16,128,cta|blocked
posv,float,sm_89,L,320,16,512,cta|blocked
posv,float,sm_89,L,320,16,2048,cta|blocked
posv,float,sm_89,L,320,16,8192,cta|blocked
posv,float,sm_89,L,320,16,32768,cta|blocked
posv,float,sm_89,L,320,64,128,cta|blocked
posv,float,sm_89,L,320,64,512,cta|blocked
posv,float,sm_89,L,320,64,2048,cta|blocked
posv,float,sm_89,L,320,64,8192,cta|blocked
posv,float,sm_89,L,320,64,32768,cta|blocked
posv,float,sm_89,L,384,1,128,cta|blocked
posv,float,sm_89,L,384,1,512,cta|blocked
posv,float,sm_89,L,384,1,2048,cta|blocked
posv,float,sm_89,L,384,1,8192,cta|blocked
posv,float,sm_89,L,384,1,32768,cta|blocked
posv,float,sm_89,L,384,2,128,cta|blocked
posv,float,sm_89,L,384,2,512,cta|blocked
posv,float,sm_89,L,384,2,2048,cta|blocked
posv,float,sm_89,L,384,2,8192,cta|blocked
posv,float,sm_89,L,384,2,32768,cta|blocked
posv,float,sm_89,L,384,4,128,cta|blocked
posv,float,sm_89,L,384,4,512,cta|blocked
posv,float,sm_89,L,384,4,2048,cta|blocked
posv,float,sm_89,L,384,4,8192,cta|blocked
posv,float,sm_89,L,384,4,32768,cta|blocked
posv,float,sm_89,L,384,8,128,cta|blocked
posv,float,sm_89,L,384,8,512,cta|blocked
posv,float,sm_89,L,384,8,2048,cta|blocked
posv,float,sm_89,L,384,8,8192,cta|blocked
posv,float,sm_89,L,384,8,32768,cta|blocked
posv,float,sm_89,L,384,16,128,cta|blocked
posv,float,sm_89,L,384,16,512,cta|blocked
posv,float,sm_89,L,384,16,2048,cta|blocked
posv,float,sm_89,L,384,16,8192,cta|blocked
posv,float,sm_89,L,384,16,32768,cta|blocked
posv,float,sm_89,L,384,64,128,cta|blocked
posv,float,sm_89,L,384,64,512,cta|blocked
posv,float,sm_89,L,384,64,2048,cta|blocked
posv,float,sm_89,L,384,64,8192,cta|blocked
posv,float,sm_89,L,384,64,32768,cta|blocked
posv,float,sm_89,L,448,1,128,cta|blocked
posv,float,sm_89,L,448,1,512,cta|blocked
posv,float,sm_89,L,448,1,2048,cta|blocked
posv,float,sm_89,L,448,1,8192,cta|blocked
posv,float,sm_89,L,448,1,32768,cta|blocked
posv,float,sm_89,L,448,2,128,cta|blocked
posv,float,sm_89,L,448,2,512,cta|blocked
posv,float,sm_89,L,448,2,2048,cta|blocked
posv,float,sm_89,L,448,2,8192,cta|blocked
posv,float,sm_89,L,448,2,32768,cta|blocked
posv,float,sm_89,L,448,4,128,cta|blocked
posv,float,sm_89,L,448,4,512,cta|blocked
posv,float,sm_89,L,448,4,2048,cta|blocked
posv,float,sm_89,L,448,4,8192,cta|blocked
posv,float,sm_89,L,448,4,32768,cta|blocked
posv,float,sm_89,L,448,8,128,cta|blocked
posv,float,sm_89,L,448,8,512,cta|blocked
posv,float,sm_89,L,448,8,2048,cta|blocked
posv,float,sm_89,L,448,8,8192,cta|blocked
posv,float,sm_89,L,448,8,32768,cta|blocked
posv,float,sm_89,L,448,16,128,cta|blocked
posv,float,sm_89,L,448,16,512,cta|blocked
posv,float,sm_89,L,448,16,2048,cta|blocked
posv,float,sm_89,L,448,16,8192,cta|blocked
posv,float,sm_89,L,448,16,32768,cta|blocked
posv,float,sm_89,L,448,64,128,cta|blocked
posv,float,sm_89,L,448,64,512,cta|blocked
posv,float,sm_89,L,448,64,2048,cta|blocked
posv,float,sm_89,L,448,64,8192,cta|blocked
posv,float,sm_89,L,448,64,32768,cta|blocked
posv,float,sm_89,L,512,1,128,cta|blocked
posv,float,sm_89,L,512,1,512,cta|blocked
posv,float,sm_89,L,512,1,2048,cta|blocked
posv,float,sm_89,L,512,1,8192,cta|blocked
posv,float,sm_89,L,512,1,32768,cta|blocked
posv,float,sm_89,L,512,2,128,cta|blocked
posv,float,sm_89,L,512,2,512,cta|blocked
posv,float,sm_89,L,512,2,2048,cta|blocked
posv,float,sm_89,L,512,2,8192,cta|blocked
posv,float,sm_89,L,512,2,32768,cta|blocked
posv,float,sm_89,L,512,4,128,cta|blocked
posv,float,sm_89,L,512,4,512,cta|blocked
posv,float,sm_89,L,512,4,2048,cta|blocked
posv,float,sm_89,L,512,4,8192,cta|blocked
posv,float,sm_89,L,512,4,32768,cta|blocked
posv,float,sm_89,L,512,8,128,cta|blocked
posv,float,sm_89,L,512,8,512,cta|blocked
posv,float,sm_89,L,512,8,2048,cta|blocked
posv,float,sm_89,L,512,8,8192,cta|blocked
posv,float,sm_89,L,512,8,32768,cta|blocked
posv,float,sm_89,L,512,16,128,cta|blocked
posv,float,sm_89,L,512,16,512,cta|blocked
posv,float,sm_89,L,512,16,2048,cta|blocked
posv,float,sm_89,L,512,16,8192,cta|blocked
posv,float,sm_89,L,512,16,32768,cta|blocked
posv,float,sm_89,L,512,64,128,cta|blocked
posv,float,sm_89,L,512,64,512,cta|blocked
posv,float,sm_89,L,512,64,2048,cta|blocked
posv,float,sm_89,L,512,64,8192,cta|blocked
posv,float,sm_89,L,512,64,32768,cta|blocked
posv,float,sm_89,L,640,1,128,cta|blocked
posv,float,sm_89,L,640,1,512,cta|blocked
posv,float,sm_89,L,640,1,2048,cta|blocked
posv,float,sm_89,L,640,1,8192,cta|blocked
posv,float,sm_89,L,640,1,32768,cta|blocked
posv,float,sm_89,L,640,2,128,cta|blocked
posv,float,sm_89,L,640,2,512,cta|blocked
posv,float,sm_89,L,640,2,2048,cta|blocked
posv,float,sm_89,L,640,2,8192,cta|blocked
posv,float,sm_89,L,640,2,32768,cta|blocked
posv,float,sm_89,L,640,4,128,cta|blocked
posv,float,sm_89,L,640,4,512,cta|blocked
posv,float,sm_89,L,640,4,2048,cta|blocked
posv,float,sm_89,L,640,4,8192,cta|blocked
posv,float,sm_89,L,640,4,32768,cta|blocked
posv,float,sm_89,L,640,8,128,cta|blocked
posv,float,sm_89,L,640,8,512,cta|blocked
posv,float,sm_89,L,640,8,2048,cta|blocked
posv,float,sm_89,L,640,8,8192,cta|blocked
posv,float,sm_89,L,640,8,32768,cta|blocked
posv,float,sm_89,L,640,16,128,cta|blocked
posv,float,sm_89,L,640,16,512,cta|blocked
posv,float,sm_89,L,640,16,2048,cta|blocked
posv,float,sm_89,L,640,16,8192,cta|blocked
posv,float,sm_89,L,640,16,32768,cta|blocked
posv,float,sm_89,L,640,64,128,cta|blocked
posv,float,sm_89,L,640,64,512,cta|blocked
posv,float,sm_89,L,640,64,2048,cta|blocked
posv,float,sm_89,L,640,64,8192,cta|blocked
posv,float,sm_89,L,640,64,32768,cta|blocked
posv,float,sm_89,L,768,1,128,cta|blocked
posv,float,sm_89,L,768,1,512,cta|blocked
posv,float,sm_89,L,768,1,2048,cta|blocked
posv,float,sm_89,L,768,1,8192,cta|blocked
posv,float,sm_89,L,768,1,32768,cta|blocked
posv,float,sm_89,L,768,2,128,cta|blocked
posv,float,sm_89,L,768,2,512,cta|blocked
posv,float,sm_89,L,768,2,2048,cta|blocked
posv,float,sm_89,L,768,2,8192,cta|blocked
posv,float,sm_89,L,768,2,32768,cta|blocked
posv,float,sm_89,L,768,4,128,cta|blocked
posv,float,sm_89,L,768,4,512,cta|blocked
posv,float,sm_89,L,768,4,2048,cta|blocked
posv,float,sm_89,L,768,4,8192,cta|blocked
posv,float,sm_89,L,768,4,32768,cta|blocked
posv,float,sm_89,L,768,8,128,cta|blocked
posv,float,sm_89,L,768,8,512,cta|blocked
posv,float,sm_89,L,768,8,2048,cta|blocked
posv,float,sm_89,L,768,8,8192,cta|blocked
posv,float,sm_89,L,768,8,32768,cta|blocked
posv,float,sm_89,L,768,16,128,cta|blocked
posv,float,sm_89,L,768,16,512,cta|blocked
posv,float,sm_89,L,768,16,2048,cta|blocked
posv,float,sm_89,L,768,16,8192,cta|blocked
posv,float,sm_89,L,768,16,32768,cta|blocked
posv,float,sm_89,L,768,64,128,cta|blocked
posv,float,sm_89,L,768,64,512,cta|blocked
posv,float,sm_89,L,768,64,2048,cta|blocked
posv,float,sm_89,L,768,64,8192,cta|blocked
posv,float,sm_89,L,768,64,32768,cta|blocked
posv,float,sm_89,L,1024,1,128,cta|blocked
posv,float,sm_89,L,1024,1,512,cta|blocked
posv,float,sm_89,L,1024,1,2048,cta|blocked
posv,float,sm_89,L,1024,1,8192,cta|blocked
posv,float,sm_89,L,1024,1,32768,cta|blocked
posv,float,sm_89,L,1024,2,128,cta|blocked
posv,float,sm_89,L,1024,2,512,cta|blocked
posv,float,sm_89,L,1024,2,2048,cta|blocked
posv,float,sm_89,L,1024,2,8192,cta|blocked
posv,float,sm_89,L,1024,2,32768,cta|blocked
posv,float,sm_89,L,1024,4,128,cta|blocked
posv,float,sm_89,L,1024,4,512,cta|blocked
posv,float,sm_89,L,1024,4,2048,cta|blocked
posv,float,sm_89,L,1024,4,8192,cta|blocked
posv,float,sm_89,L,1024,4,32768,cta|blocked
posv,float,sm_89,L,1024,8,128,cta|blocked
posv,float,sm_89,L,1024,8,512,cta|blocked
posv,float,sm_89,L,1024,8,2048,cta|blocked
posv,float,sm_89,L,1024,8,8192,cta|blocked
posv,float,sm_89,L,1024,8,32768,cta|blocked
posv,float,sm_89,L,1024,16,128,cta|blocked
posv,float,sm_89,L,1024,16,512,cta|blocked
posv,float,sm_89,L,1024,16,2048,cta|blocked
posv,float,sm_89,L,1024,16,8192,cta|blocked
posv,float,sm_89,L,1024,16,32768,cta|blocked
posv,float,sm_89,L,1024,64,128,cta|blocked
posv,float,sm_89,L,1024,64,512,cta|blocked
posv,float,sm_89,L,1024,64,2048,cta|blocked
posv,float,sm_89,L,1024,64,8192,cta|blocked
posv,float,sm_89,L,1024,64,32768,cta|blocked
posv,float,sm_89,U,1,1,128,tiny|cta|blocked
posv,float,sm_89,U,1,1,512,tiny|cta|blocked
posv,float,sm_89,U,1,1,2048,tiny|cta|blocked
posv,float,sm_89,U,1,1,8192,tiny|cta|blocked
posv,float,sm_89,U,1,1,32768,tiny|cta|blocked
posv,float,sm_89,U,1,2,128,tiny|cta|blocked
posv,float,sm_89,U,1,2,512,tiny|cta|blocked
posv,float,sm_89,U,1,2,2048,tiny|cta|blocked
posv,float,sm_89,U,1,2,8192,tiny|cta|blocked
posv,float,sm_89,U,1,2,32768,tiny|cta|blocked
posv,float,sm_89,U,1,4,128,tiny|cta|blocked
posv,float,sm_89,U,1,4,512,tiny|cta|blocked
posv,float,sm_89,U,1,4,2048,tiny|cta|blocked
posv,float,sm_89,U,1,4,8192,tiny|cta|blocked
posv,float,sm_89,U,1,4,32768,tiny|cta|blocked
posv,float,sm_89,U,1,8,128,tiny|cta|blocked
posv,float,sm_89,U,1,8,512,tiny|cta|blocked
posv,float,sm_89,U,1,8,2048,tiny|cta|blocked
posv,float,sm_89,U,1,8,8192,tiny|cta|blocked
posv,float,sm_89,U,1,8,32768,tiny|cta|blocked
posv,float,sm_89,U,1,16,128,tiny|cta|blocked
posv,float,sm_89,U,1,16,512,tiny|cta|blocked
posv,float,sm_89,U,1,16,2048,tiny|cta|blocked
posv,float,sm_89,U,1,16,8192,tiny|cta|blocked
posv,float,sm_89,U,1,16,32768,tiny|cta|blocked
posv,float,sm_89,U,1,64,128,tiny|cta|blocked
posv,float,sm_89,U,1,64,512,tiny|cta|blocked
posv,float,sm_89,U,1,64,2048,tiny|cta|blocked
posv,float,sm_89,U,1,64,8192,tiny|cta|blocked
posv,float,sm_89,U,1,64,32768,tiny|cta|blocked
posv,float,sm_89,U,2,1,128,tiny|cta|blocked
posv,float,sm_89,U,2,1,512,tiny|cta|blocked
posv,float,sm_89,U,2,1,2048,tiny|cta|blocked
posv,float,sm_89,U,2,1,8192,tiny|cta|blocked
posv,float,sm_89,U,2,1,32768,tiny|cta|blocked
posv,float,sm_89,U,2,2,128,tiny|cta|blocked
posv,float,sm_89,U,2,2,512,tiny|cta|blocked
posv,float,sm_89,U,2,2,2048,tiny|cta|blocked
posv,float,sm_89,U,2,2,8192,tiny|cta|blocked
posv,float,sm_89,U,2,2,32768,tiny|cta|blocked
posv,float,sm_89,U,2,4,128,tiny|cta|blocked
posv,float,sm_89,U,2,4,512,tiny|cta|blocked
posv,float,sm_89,U,2,4,2048,tiny|cta|blocked
posv,float,sm_89,U,2,4,8192,tiny|cta|blocked
posv,float,sm_89,U,2,4,32768,tiny|cta|blocked
posv,float,sm_89,U,2,8,128,tiny|cta|blocked
posv,float,sm_89,U,2,8,512,tiny|cta|blocked
posv,float,sm_89,U,2,8,2048,tiny|cta|blocked
posv,float,sm_89,U,2,8,8192,tiny|cta|blocked
posv,float,sm_89,U,2,8,32768,tiny|cta|blocked
posv,float,sm_89,U,2,16,128,tiny|cta|blocked
posv,float,sm_89,U,2,16,512,tiny|cta|blocked
posv,float,sm_89,U,2,16,2048,tiny|cta|blocked
posv,float,sm_89,U,2,16,8192,tiny|cta|blocked
posv,float,sm_89,U,2,16,32768,tiny|cta|blocked
posv,float,sm_89,U,2,64,128,tiny|cta|blocked
posv,float,sm_89,U,2,64,512,tiny|cta|blocked
posv,float,sm_89,U,2,64,2048,tiny|cta|blocked
posv,float,sm_89,U,2,64,8192,tiny|cta|blocked
posv,float,sm_89,U,2,64,32768,tiny|cta|blocked
posv,float,sm_89,U,3,1,128,tiny|cta|blocked
posv,float,sm_89,U,3,1,512,tiny|cta|blocked
posv,float,sm_89,U,3,1,2048,tiny|cta|blocked
posv,float,sm_89,U,3,1,8192,tiny|cta|blocked
posv,float,sm_89,U,3,1,32768,tiny|cta|blocked
posv,float,sm_89,U,3,2,128,tiny|cta|blocked
posv,float,sm_89,U,3,2,512,tiny|cta|blocked
posv,float,sm_89,U,3,2,2048,tiny|cta|blocked
posv,float,sm_89,U,3,2,8192,tiny|cta|blocked
posv,float,sm_89,U,3,2,32768,tiny|cta|blocked
posv,float,sm_89,U,3,4,128,tiny|cta|blocked
posv,float,sm_89,U,3,4,512,tiny|cta|blocked
posv,float,sm_89,U,3,4,2048,tiny|cta|blocked
posv,float,sm_89,U,3,4,8192,tiny|cta|blocked
posv,float,sm_89,U,3,4,32768,tiny|cta|blocked
posv,float,sm_89,U,3,8,128,tiny|cta|blocked
posv,float,sm_89,U,3,8,512,tiny|cta|blocked
posv,float,sm_89,U,3,8,2048,tiny|cta|blocked
posv,float,sm_89,U,3,8,8192,tiny|cta|blocked
posv,float,sm_89,U,3,8,32768,tiny|cta|blocked
posv,float,sm_89,U,3,16,128,tiny|cta|blocked
posv,float,sm_89,U,3,16,512,tiny|cta|blocked
posv,float,sm_89,U,3,16,2048,tiny|cta|blocked
posv,float,sm_89,U,3,16,8192,tiny|cta|blocked
posv,float,sm_89,U,3,16,32768,tiny|cta|blocked
posv,float,sm_89,U,3,64,128,tiny|cta|blocked
posv,float,sm_89,U,3,64,512,tiny|cta|blocked
posv,float,sm_89,U,3,64,2048,tiny|cta|blocked
posv,float,sm_89,U,3,64,8192,tiny|cta|blocked
posv,float,sm_89,U,3,64,32768,tiny|cta|blocked
posv,float,sm_89,U,4,1,128,tiny|cta|blocked
posv,float,sm_89,U,4,1,512,tiny|cta|blocked
posv,float,sm_89,U,4,1,2048,tiny|cta|blocked
posv,float,sm_89,U,4,1,8192,tiny|cta|blocked
posv,float,sm_89,U,4,1,32768,tiny|cta|blocked
posv,float,sm_89,U,4,2,128,tiny|cta|blocked
posv,float,sm_89,U,4,2,512,tiny|cta|blocked
posv,float,sm_89,U,4,2,2048,tiny|cta|blocked
posv,float,sm_89,U,4,2,8192,tiny|cta|blocked
posv,float,sm_89,U,4,2,32768,tiny|cta|blocked
posv,float,sm_89,U,4,4,128,tiny|cta|blocked
posv,float,sm_89,U,4,4,512,tiny|cta|blocked
posv,float,sm_89,U,4,4,2048,tiny|cta|blocked
posv,float,sm_89,U,4,4,8192,tiny|cta|blocked
posv,float,sm_89,U,4,4,32768,tiny|cta|blocked
posv,float,sm_89,U,4,8,128,tiny|cta|blocked
posv,float,sm_89,U,4,8,512,tiny|cta|blocked
posv,float,sm_89,U,4,8,2048,tiny|cta|blocked
posv,float,sm_89,U,4,8,8192,tiny|cta|blocked
posv,float,sm_89,U,4,8,32768,tiny|cta|blocked
posv,float,sm_89,U,4,16,128,tiny|cta|blocked
posv,float,sm_89,U,4,16,512,tiny|cta|blocked
posv,float,sm_89,U,4,16,2048,tiny|cta|blocked
posv,float,sm_89,U,4,16,8192,tiny|cta|blocked
posv,float,sm_89,U,4,16,32768,tiny|cta|blocked
posv,float,sm_89,U,4,64,128,tiny|cta|blocked
posv,float,sm_89,U,4,64,512,tiny|cta|blocked
posv,float,sm_89,U,4,64,2048,tiny|cta|blocked
posv,float,sm_89,U,4,64,8192,tiny|cta|blocked
posv,float,sm_89,U,4,64,32768,tiny|cta|blocked
posv,float,sm_89,U,6,1,128,tiny|cta|blocked
posv,float,sm_89,U,6,1,512,tiny|cta|blocked
posv,float,sm_89,U,6,1,2048,tiny|cta|blocked
posv,float,sm_89,U,6,1,8192,tiny|cta|blocked
posv,float,sm_89,U,6,1,32768,tiny|cta|blocked
posv,float,sm_89,U,6,2,128,tiny|cta|blocked
posv,float,sm_89,U,6,2,512,tiny|cta|blocked
posv,float,sm_89,U,6,2,2048,tiny|cta|blocked
posv,float,sm_89,U,6,2,8192,tiny|cta|blocked
posv,float,sm_89,U,6,2,32768,tiny|cta|blocked
posv,float,sm_89,U,6,4,128,tiny|cta|blocked
posv,float,sm_89,U,6,4,512,tiny|cta|blocked
posv,float,sm_89,U,6,4,2048,tiny|cta|blocked
posv,float,sm_89,U,6,4,8192,tiny|cta|blocked
posv,float,sm_89,U,6,4,32768,tiny|cta|blocked
posv,float,sm_89,U,6,8,128,tiny|cta|blocked
posv,float,sm_89,U,6,8,512,tiny|cta|blocked
posv,float,sm_89,U,6,8,2048,tiny|cta|blocked
posv,float,sm_89,U,6,8,8192,tiny|cta|blocked
posv,float,sm_89,U,6,8,32768,tiny|cta|blocked
posv,float,sm_89,U,6,16,128,tiny|cta|blocked
posv,float,sm_89,U,6,16,512,tiny|cta|blocked
posv,float,sm_89,U,6,16,2048,tiny|cta|blocked
posv,float,sm_89,U,6,16,8192,tiny|cta|blocked
posv,float,sm_89,U,6,16,32768,tiny|cta|blocked
posv,float,sm_89,U,6,64,128,tiny|cta|blocked
posv,float,sm_89,U,6,64,512,tiny|cta|blocked
posv,float,sm_89,U,6,64,2048,tiny|cta|blocked
posv,float,sm_89,U,6,64,8192,tiny|cta|blocked
posv,float,sm_89,U,6,64,32768,tiny|cta|blocked
posv,float,sm_89,U,8,1,128,tiny|cta|blocked
posv,float,sm_89,U,8,1,512,tiny|cta|blocked
posv,float,sm_89,U,8,1,2048,tiny|cta|blocked
posv,float,sm_89,U,8,1,8192,tiny|cta|blocked
posv,float,sm_89,U,8,1,32768,tiny|cta|blocked
posv,float,sm_89,U,8,2,128,tiny|cta|blocked
posv,float,sm_89,U,8,2,512,tiny|cta|blocked
posv,float,sm_89,U,8,2,2048,tiny|cta|blocked
posv,float,sm_89,U,8,2,8192,tiny|cta|blocked
posv,float,sm_89,U,8,2,32768,tiny|cta|blocked
posv,float,sm_89,U,8,4,128,tiny|cta|blocked
posv,float,sm_89,U,8,4,512,tiny|cta|blocked
posv,float,sm_89,U,8,4,2048,tiny|cta|blocked
posv,float,sm_89,U,8,4,8192,tiny|cta|blocked
posv,float,sm_89,U,8,4,32768,tiny|cta|blocked
posv,float,sm_89,U,8,8,128,tiny|cta|blocked
posv,float,sm_89,U,8,8,512,tiny|cta|blocked
posv,float,sm_89,U,8,8,2048,tiny|cta|blocked
posv,float,sm_89,U,8,8,8192,tiny|cta|blocked
posv,float,sm_89,U,8,8,32768,tiny|cta|blocked
posv,float,sm_89,U,8,16,128,tiny|cta|blocked
posv,float,sm_89,U,8,16,512,tiny|cta|blocked
posv,float,sm_89,U,8,16,2048,tiny|cta|blocked
posv,float,sm_89,U,8,16,8192,tiny|cta|blocked
posv,float,sm_89,U,8,16,32768,tiny|cta|blocked
posv,float,sm_89,U,8,64,128,tiny|cta|blocked
posv,float,sm_89,U,8,64,512,tiny|cta|blocked
posv,float,sm_89,U,8,64,2048,tiny|cta|blocked
posv,float,sm_89,U,8,64,8192,tiny|cta|blocked
posv,float,sm_89,U,8,64,32768,tiny|cta|blocked
posv,float,sm_89,U,12,1,128,tiny|cta|blocked
posv,float,sm_89,U,12,1,512,tiny|cta|blocked
posv,float,sm_89,U,12,1,2048,tiny|cta|blocked
posv,float,sm_89,U,12,1,8192,tiny|cta|blocked
posv,float,sm_89,U,12,1,32768,tiny|cta|blocked
posv,float,sm_89,U,12,2,128,tiny|cta|blocked
posv,float,sm_89,U,12,2,512,tiny|cta|blocked
posv,float,sm_89,U,12,2,2048,tiny|cta|blocked
posv,float,sm_89,U,12,2,8192,tiny|cta|blocked
posv,float,sm_89,U,12,2,32768,tiny|cta|blocked
posv,float,sm_89,U,12,4,128,tiny|cta|blocked
posv,float,sm_89,U,12,4,512,tiny|cta|blocked
posv,float,sm_89,U,12,4,2048,tiny|cta|blocked
posv,float,sm_89,U,12,4,8192,tiny|cta|blocked
posv,float,sm_89,U,12,4,32768,tiny|cta|blocked
posv,float,sm_89,U,12,8,128,tiny|cta|blocked
posv,float,sm_89,U,12,8,512,tiny|cta|blocked
posv,float,sm_89,U,12,8,2048,tiny|cta|blocked
posv,float,sm_89,U,12,8,8192,tiny|cta|blocked
posv,float,sm_89,U,12,8,32768,tiny|cta|blocked
posv,float,sm_89,U,12,16,128,tiny|cta|blocked
posv,float,sm_89,U,12,16,512,tiny|cta|blocked
posv,float,sm_89,U,12,16,2048,tiny|cta|blocked
posv,float,sm_89,U,12,16,8192,tiny|cta|blocked
posv,float,sm_89,U,12,16,32768,tiny|cta|blocked
posv,float,sm_89,U,12,64,128,tiny|cta|blocked
posv,float,sm_89,U,12,64,512,tiny|cta|blocked
posv,float,sm_89,U,12,64,2048,tiny|cta|blocked
posv,float,sm_89,U,12,64,8192,tiny|cta|blocked
posv,float,sm_89,U,12,64,32768,tiny|cta|blocked
posv,float,sm_89,U,16,1,128,tiny|cta|blocked
posv,float,sm_89,U,16,1,512,tiny|cta|blocked
posv,float,sm_89,U,16,1,2048,tiny|cta|blocked
posv,float,sm_89,U,16,1,8192,tiny|cta|blocked
posv,float,sm_89,U,16,1,32768,tiny|cta|blocked
posv,float,sm_89,U,16,2,128,tiny|cta|blocked
posv,float,sm_89,U,16,2,512,tiny|cta|blocked
posv,float,sm_89,U,16,2,2048,tiny|cta|blocked
posv,float,sm_89,U,16,2,8192,tiny|cta|blocked
posv,float,sm_89,U,16,2,32768,tiny|cta|blocked
posv,float,sm_89,U,16,4,128,tiny|cta|blocked
posv,float,sm_89,U,16,4,512,tiny|cta|blocked
posv,float,sm_89,U,16,4,2048,tiny|cta|blocked
posv,float,sm_89,U,16,4,8192,tiny|cta|blocked
posv,float,sm_89,U,16,4,32768,tiny|cta|blocked
posv,float,sm_89,U,16,8,128,tiny|cta|blocked
posv,float,sm_89,U,16,8,512,tiny|cta|blocked
posv,float,sm_89,U,16,8,2048,tiny|cta|blocked
posv,float,sm_89,U,16,8,8192,tiny|cta|blocked
posv,float,sm_89,U,16,8,32768,tiny|cta|blocked
posv,float,sm_89,U,16,16,128,tiny|cta|blocked
posv,float,sm_89,U,16,16,512,tiny|cta|blocked
posv,float,sm_89,U,16,16,2048,tiny|cta|blocked
posv,float,sm_89,U,16,16,8192,tiny|cta|blocked
posv,float,sm_89,U,16,16,32768,tiny|cta|blocked
posv,float,sm_89,U,16,64,128,tiny|cta|blocked
posv,float,sm_89,U,16,64,512,tiny|cta|blocked
posv,float,sm_89,U,16,64,2048,tiny|cta|blocked
posv,float,sm_89,U,16,64,8192,tiny|cta|blocked
posv,float,sm_89,U,16,64,32768,tiny|cta|blocked
posv,float,sm_89,U,20,1,128,tiny|cta|blocked
posv,float,sm_89,U,20,1,512,tiny|cta|blocked
posv,float,sm_89,U,20,1,2048,tiny|cta|blocked
posv,float,sm_89,U,20,1,8192,tiny|cta|blocked
posv,float,sm_89,U,20,1,32768,tiny|cta|blocked
posv,float,sm_89,U,20,2,128,tiny|cta|blocked
posv,float,sm_89,U,20,2,512,tiny|cta|blocked
posv,float,sm_89,U,20,2,2048,tiny|cta|blocked
posv,float,sm_89,U,20,2,8192,tiny|cta|blocked
posv,float,sm_89,U,20,2,32768,tiny|cta|blocked
posv,float,sm_89,U,20,4,128,tiny|cta|blocked
posv,float,sm_89,U,20,4,512,tiny|cta|blocked
posv,float,sm_89,U,20,4,2048,tiny|cta|blocked
posv,float,sm_89,U,20,4,8192,tiny|cta|blocked
posv,float,sm_89,U,20,4,32768,tiny|cta|blocked
posv,float,sm_89,U,20,8,128,tiny|cta|blocked
posv,float,sm_89,U,20,8,512,tiny|cta|blocked
posv,float,sm_89,U,20,8,2048,tiny|cta|blocked
posv,float,sm_89,U,20,8,8192,tiny|cta|blocked
posv,float,sm_89,U,20,8,32768,tiny|cta|blocked
posv,float,sm_89,U,20,16,128,tiny|cta|blocked
posv,float,sm_89,U,20,16,512,tiny|cta|blocked
posv,float,sm_89,U,20,16,2048,tiny|cta|blocked
posv,float,sm_89,U,20,16,8192,tiny|cta|blocked
posv,float,sm_89,U,20,16,32768,tiny|cta|blocked
posv,float,sm_89,U,20,64,128,tiny|cta|blocked
posv,float,sm_89,U,20,64,512,tiny|cta|blocked
posv,float,sm_89,U,20,64,2048,tiny|cta|blocked
posv,float,sm_89,U,20,64,8192,tiny|cta|blocked
posv,float,sm_89,U,20,64,32768,tiny|cta|blocked
posv,float,sm_89,U,24,1,128,tiny|cta|blocked
posv,float,sm_89,U,24,1,512,tiny|cta|blocked
posv,float,sm_89,U,24,1,2048,tiny|cta|blocked
posv,float,sm_89,U,24,1,8192,tiny|cta|blocked
posv,float,sm_89,U,24,1,32768,tiny|cta|blocked
posv,float,sm_89,U,24,2,128,tiny|cta|blocked
posv,float,sm_89,U,24,2,512,tiny|cta|blocked
posv,float,sm_89,U,24,2,2048,tiny|cta|blocked
posv,float,sm_89,U,24,2,8192,tiny|cta|blocked
posv,float,sm_89,U,24,2,32768,tiny|cta|blocked
posv,float,sm_89,U,24,4,128,tiny|cta|blocked
posv,float,sm_89,U,24,4,512,tiny|cta|blocked
posv,float,sm_89,U,24,4,2048,tiny|cta|blocked
posv,float,sm_89,U,24,4,8192,tiny|cta|blocked
posv,float,sm_89,U,24,4,32768,tiny|cta|blocked
posv,float,sm_89,U,24,8,128,tiny|cta|blocked
posv,float,sm_89,U,24,8,512,tiny|cta|blocked
posv,float,sm_89,U,24,8,2048,tiny|cta|blocked
posv,float,sm_89,U,24,8,8192,tiny|cta|blocked
posv,float,sm_89,U,24,8,32768,tiny|cta|blocked
posv,float,sm_89,U,24,16,128,tiny|cta|blocked
posv,float,sm_89,U,24,16,512,tiny|cta|blocked
posv,float,sm_89,U,24,16,2048,tiny|cta|blocked
posv,float,sm_89,U,24,16,8192,tiny|cta|blocked
posv,float,sm_89,U,24,16,32768,tiny|cta|blocked
posv,float,sm_89,U,24,64,128,tiny|cta|blocked
posv,float,sm_89,U,24,64,512,tiny|cta|blocked
posv,float,sm_89,U,24,64,2048,tiny|cta|blocked
posv,float,sm_89,U,24,64,8192,tiny|cta|blocked
posv,float,sm_89,U,24,64,32768,tiny|cta|blocked
posv,float,sm_89,U,28,1,128,tiny|cta|blocked
posv,float,sm_89,U,28,1,512,tiny|cta|blocked
posv,float,sm_89,U,28,1,2048,tiny|cta|blocked
posv,float,sm_89,U,28,1,8192,tiny|cta|blocked
posv,float,sm_89,U,28,1,32768,tiny|cta|blocked
posv,float,sm_89,U,28,2,128,tiny|cta|blocked
posv,float,sm_89,U,28,2,512,tiny|cta|blocked
posv,float,sm_89,U,28,2,2048,tiny|cta|blocked
posv,float,sm_89,U,28,2,8192,tiny|cta|blocked
posv,float,sm_89,U,28,2,32768,tiny|cta|blocked
posv,float,sm_89,U,28,4,128,tiny|cta|blocked
posv,float,sm_89,U,28,4,512,tiny|cta|blocked
posv,float,sm_89,U,28,4,2048,tiny|cta|blocked
posv,float,sm_89,U,28,4,8192,tiny|cta|blocked
posv,float,sm_89,U,28,4,32768,tiny|cta|blocked
posv,float,sm_89,U,28,8,128,tiny|cta|blocked
posv,float,sm_89,U,28,8,512,tiny|cta|blocked
posv,float,sm_89,U,28,8,2048,tiny|cta|blocked
posv,float,sm_89,U,28,8,8192,tiny|cta|blocked
posv,float,sm_89,U,28,8,32768,tiny|cta|blocked
posv,float,sm_89,U,28,16,128,tiny|cta|blocked
posv,float,sm_89,U,28,16,512,tiny|cta|blocked
posv,float,sm_89,U,28,16,2048,tiny|cta|blocked
posv,float,sm_89,U,28,16,8192,tiny|cta|blocked
posv,float,sm_89,U,28,16,32768,tiny|cta|blocked
posv,float,sm_89,U,28,64,128,tiny|cta|blocked
posv,float,sm_89,U,28,64,512,tiny|cta|blocked
posv,float,sm_89,U,28,64,2048,tiny|cta|blocked
posv,float,sm_89,U,28,64,8192,tiny|cta|blocked
posv,float,sm_89,U,28,64,32768,tiny|cta|blocked
posv,float,sm_89,U,32,1,128,tiny|cta|blocked
posv,float,sm_89,U,32,1,512,tiny|cta|blocked
posv,float,sm_89,U,32,1,2048,tiny|cta|blocked
posv,float,sm_89,U,32,1,8192,tiny|cta|blocked
posv,float,sm_89,U,32,1,32768,tiny|cta|blocked
posv,float,sm_89,U,32,2,128,tiny|cta|blocked
posv,float,sm_89,U,32,2,512,tiny|cta|blocked
posv,float,sm_89,U,32,2,2048,tiny|cta|blocked
posv,float,sm_89,U,32,2,8192,tiny|cta|blocked
posv,float,sm_89,U,32,2,32768,tiny|cta|blocked
posv,float,sm_89,U,32,4,128,tiny|cta|blocked
posv,float,sm_89,U,32,4,512,tiny|cta|blocked
posv,float,sm_89,U,32,4,2048,tiny|cta|blocked
posv,float,sm_89,U,32,4,8192,tiny|cta|blocked
posv,float,sm_89,U,32,4,32768,tiny|cta|blocked
posv,float,sm_89,U,32,8,128,tiny|cta|blocked
posv,float,sm_89,U,32,8,512,tiny|cta|blocked
posv,float,sm_89,U,32,8,2048,tiny|cta|blocked
posv,float,sm_89,U,32,8,8192,tiny|cta|blocked
posv,float,sm_89,U,32,8,32768,tiny|cta|blocked
posv,float,sm_89,U,32,16,128,tiny|cta|blocked
posv,float,sm_89,U,32,16,512,tiny|cta|blocked
posv,float,sm_89,U,32,16,2048,tiny|cta|blocked
posv,float,sm_89,U,32,16,8192,tiny|cta|blocked
posv,float,sm_89,U,32,16,32768,tiny|cta|blocked
posv,float,sm_89,U,32,64,128,tiny|cta|blocked
posv,float,sm_89,U,32,64,512,tiny|cta|blocked
posv,float,sm_89,U,32,64,2048,tiny|cta|blocked
posv,float,sm_89,U,32,64,8192,tiny|cta|blocked
posv,float,sm_89,U,32,64,32768,tiny|cta|blocked
posv,float,sm_89,U,36,1,128,cta|blocked
posv,float,sm_89,U,36,1,512,cta|blocked
posv,float,sm_89,U,36,1,2048,cta|blocked
posv,float,sm_89,U,36,1,8192,cta|blocked
posv,float,sm_89,U,36,1,32768,cta|blocked
posv,float,sm_89,U,36,2,128,cta|blocked
posv,float,sm_89,U,36,2,512,cta|blocked
posv,float,sm_89,U,36,2,2048,cta|blocked
posv,float,sm_89,U,36,2,8192,cta|blocked
posv,float,sm_89,U,36,2,32768,cta|blocked
posv,float,sm_89,U,36,4,128,cta|blocked
posv,float,sm_89,U,36,4,512,cta|blocked
posv,float,sm_89,U,36,4,2048,cta|blocked
posv,float,sm_89,U,36,4,8192,cta|blocked
posv,float,sm_89,U,36,4,32768,cta|blocked
posv,float,sm_89,U,36,8,128,cta|blocked
posv,float,sm_89,U,36,8,512,cta|blocked
posv,float,sm_89,U,36,8,2048,cta|blocked
posv,float,sm_89,U,36,8,8192,cta|blocked
posv,float,sm_89,U,36,8,32768,cta|blocked
posv,float,sm_89,U,36,16,128,cta|blocked
posv,float,sm_89,U,36,16,512,cta|blocked
posv,float,sm_89,U,36,16,2048,cta|blocked
posv,float,sm_89,U,36,16,8192,cta|blocked
posv,float,sm_89,U,36,16,32768,cta|blocked
posv,float,sm_89,U,36,64,128,cta|blocked
posv,float,sm_89,U,36,64,512,cta|blocked
posv,float,sm_89,U,36,64,2048,cta|blocked
posv,float,sm_89,U,36,64,8192,cta|blocked
posv,float,sm_89,U,36,64,32768,cta|blocked
posv,float,sm_89,U,40,1,128,cta|blocked
posv,float,sm_89,U,40,1,512,cta|blocked
posv,float,sm_89,U,40,1,2048,cta|blocked
posv,float,sm_89,U,40,1,8192,cta|blocked
posv,float,sm_89,U,40,1,32768,cta|blocked
posv,float,sm_89,U,40,2,128,cta|blocked
posv,float,sm_89,U,40,2,512,cta|blocked
posv,float,sm_89,U,40,2,2048,cta|blocked
posv,float,sm_89,U,40,2,8192,cta|blocked
posv,float,sm_89,U,40,2,32768,cta|blocked
posv,float,sm_89,U,40,4,128,cta|blocked
posv,float,sm_89,U,40,4,512,cta|blocked
posv,float,sm_89,U,40,4,2048,cta|blocked
posv,float,sm_89,U,40,4,8192,cta|blocked
posv,float,sm_89,U,40,4,32768,cta|blocked
posv,float,sm_89,U,40,8,128,cta|blocked
posv,float,sm_89,U,40,8,512,cta|blocked
posv,float,sm_89,U,40,8,2048,cta|blocked
posv,float,sm_89,U,40,8,8192,cta|blocked
posv,float,sm_89,U,40,8,32768,cta|blocked
posv,float,sm_89,U,40,16,128,cta|blocked
posv,float,sm_89,U,40,16,512,cta|blocked
posv,float,sm_89,U,40,16,2048,cta|blocked
posv,float,sm_89,U,40,16,8192,cta|blocked
posv,float,sm_89,U,40,16,32768,cta|blocked
posv,float,sm_89,U,40,64,128,cta|blocked
posv,float,sm_89,U,40,64,512,cta|blocked
posv,float,sm_89,U,40,64,2048,cta|blocked
posv,float,sm_89,U,40,64,8192,cta|blocked
posv,float,sm_89,U,40,64,32768,cta|blocked
posv,float,sm_89,U,48,1,128,cta|blocked
posv,float,sm_89,U,48,1,512,cta|blocked
posv,float,sm_89,U,48,1,2048,cta|blocked
posv,float,sm_89,U,48,1,8192,cta|blocked
posv,float,sm_89,U,48,1,32768,cta|blocked
posv,float,sm_89,U,48,2,128,cta|blocked
posv,float,sm_89,U,48,2,512,cta|blocked
posv,float,sm_89,U,48,2,2048,cta|blocked
posv,float,sm_89,U,48,2,8192,cta|blocked
posv,float,sm_89,U,48,2,32768,cta|blocked
posv,float,sm_89,U,48,4,128,cta|blocked
posv,float,sm_89,U,48,4,512,cta|blocked
posv,float,sm_89,U,48,4,2048,cta|blocked
posv,float,sm_89,U,48,4,8192,cta|blocked
posv,float,sm_89,U,48,4,32768,cta|blocked
posv,float,sm_89,U,48,8,128,cta|blocked
posv,float,sm_89,U,48,8,512,cta|blocked
posv,float,sm_89,U,48,8,2048,cta|blocked
posv,float,sm_89,U,48,8,8192,cta|blocked
posv,float,sm_89,U,48,8,32768,cta|blocked
posv,float,sm_89,U,48,16,128,cta|blocked
posv,float,sm_89,U,48,16,512,cta|blocked
posv,float,sm_89,U,48,16,2048,cta|blocked
posv,float,sm_89,U,48,16,8192,cta|blocked
posv,float,sm_89,U,48,16,32768,cta|blocked
posv,float,sm_89,U,48,64,128,cta|blocked
posv,float,sm_89,U,48,64,512,cta|blocked
posv,float,sm_89,U,48,64,2048,cta|blocked
posv,float,sm_89,U,48,64,8192,cta|blocked
posv,float,sm_89,U,48,64,32768,cta|blocked
posv,float,sm_89,U,56,1,128,cta|blocked
posv,float,sm_89,U,56,1,512,cta|blocked
posv,float,sm_89,U,56,1,2048,cta|blocked
posv,float,sm_89,U,56,1,8192,cta|blocked
posv,float,sm_89,U,56,1,32768,cta|blocked
posv,float,sm_89,U,56,2,128,cta|blocked
posv,float,sm_89,U,56,2,512,cta|blocked
posv,float,sm_89,U,56,2,2048,cta|blocked
posv,float,sm_89,U,56,2,8192,cta|blocked
posv,float,sm_89,U,56,2,32768,cta|blocked
posv,float,sm_89,U,56,4,128,cta|blocked
posv,float,sm_89,U,56,4,512,cta|blocked
posv,float,sm_89,U,56,4,2048,cta|blocked
posv,float,sm_89,U,56,4,8192,cta|blocked
posv,float,sm_89,U,56,4,32768,cta|blocked
posv,float,sm_89,U,56,8,128,cta|blocked
posv,float,sm_89,U,56,8,512,cta|blocked
posv,float,sm_89,U,56,8,2048,cta|blocked
posv,float,sm_89,U,56,8,8192,cta|blocked
posv,float,sm_89,U,56,8,32768,cta|blocked
posv,float,sm_89,U,56,16,128,cta|blocked
posv,float,sm_89,U,56,16,512,cta|blocked
posv,float,sm_89,U,56,16,2048,cta|blocked
posv,float,sm_89,U,56,16,8192,cta|blocked
posv,float,sm_89,U,56,16,32768,cta|blocked
posv,float,sm_89,U,56,64,128,cta|blocked
posv,float,sm_89,U,56,64,512,cta|blocked
posv,float,sm_89,U,56,64,2048,cta|blocked
posv,float,sm_89,U,56,64,8192,cta|blocked
posv,float,sm_89,U,56,64,32768,cta|blocked
posv,float,sm_89,U,64,1,128,cta|blocked
posv,float,sm_89,U,64,1,512,cta|blocked
posv,float,sm_89,U,64,1,2048,cta|blocked
posv,float,sm_89,U,64,1,8192,cta|blocked
posv,float,sm_89,U,64,1,32768,cta|blocked
posv,float,sm_89,U,64,2,128,cta|blocked
posv,float,sm_89,U,64,2,512,cta|blocked
posv,float,sm_89,U,64,2,2048,cta|blocked
posv,float,sm_89,U,64,2,8192,cta|blocked
posv,float,sm_89,U,64,2,32768,cta|blocked
posv,float,sm_89,U,64,4,128,cta|blocked
posv,float,sm_89,U,64,4,512,cta|blocked
posv,float,sm_89,U,64,4,2048,cta|blocked
posv,float,sm_89,U,64,4,8192,cta|blocked
posv,float,sm_89,U,64,4,32768,cta|blocked
posv,float,sm_89,U,64,8,128,cta|blocked
posv,float,sm_89,U,64,8,512,cta|blocked
posv,float,sm_89,U,64,8,2048,cta|blocked
posv,float,sm_89,U,64,8,8192,cta|blocked
posv,float,sm_89,U,64,8,32768,cta|blocked
posv,float,sm_89,U,64,16,128,cta|blocked
posv,float,sm_89,U,64,16,512,cta|blocked
posv,float,sm_89,U,64,16,2048,cta|blocked
posv,float,sm_89,U,64,16,8192,cta|blocked
posv,float,sm_89,U,64,16,32768,cta|blocked
posv,float,sm_89,U,64,64,128,cta|blocked
posv,float,sm_89,U,64,64,512,cta|blocked
posv,float,sm_89,U,64,64,2048,cta|blocked
posv,float,sm_89,U,64,64,8192,cta|blocked
posv,float,sm_89,U,64,64,32768,cta|blocked
posv,float,sm_89,U,80,1,128,cta|blocked
posv,float,sm_89,U,80,1,512,cta|blocked
posv,float,sm_89,U,80,1,2048,cta|blocked
posv,float,sm_89,U,80,1,8192,cta|blocked
posv,float,sm_89,U,80,1,32768,cta|blocked
posv,float,sm_89,U,80,2,128,cta|blocked
posv,float,sm_89,U,80,2,512,cta|blocked
posv,float,sm_89,U,80,2,2048,cta|blocked
posv,float,sm_89,U,80,2,8192,cta|blocked
posv,float,sm_89,U,80,2,32768,cta|blocked
posv,float,sm_89,U,80,4,128,cta|blocked
posv,float,sm_89,U,80,4,512,cta|blocked
posv,float,sm_89,U,80,4,2048,cta|blocked
posv,float,sm_89,U,80,4,8192,cta|blocked
posv,float,sm_89,U,80,4,32768,cta|blocked
posv,float,sm_89,U,80,8,128,cta|blocked
posv,float,sm_89,U,80,8,512,cta|blocked
posv,float,sm_89,U,80,8,2048,cta|blocked
posv,float,sm_89,U,80,8,8192,cta|blocked
posv,float,sm_89,U,80,8,32768,cta|blocked
posv,float,sm_89,U,80,16,128,cta|blocked
posv,float,sm_89,U,80,16,512,cta|blocked
posv,float,sm_89,U,80,16,2048,cta|blocked
posv,float,sm_89,U,80,16,8192,cta|blocked
posv,float,sm_89,U,80,16,32768,cta|blocked
posv,float,sm_89,U,80,64,128,cta|blocked
posv,float,sm_89,U,80,64,512,cta|blocked
posv,float,sm_89,U,80,64,2048,cta|blocked
posv,float,sm_89,U,80,64,8192,cta|blocked
posv,float,sm_89,U,80,64,32768,cta|blocked
posv,float,sm_89,U,96,1,128,cta|blocked
posv,float,sm_89,U,96,1,512,cta|blocked
posv,float,sm_89,U,96,1,2048,cta|blocked
posv,float,sm_89,U,96,1,8192,cta|blocked
posv,float,sm_89,U,96,1,32768,cta|blocked
posv,float,sm_89,U,96,2,128,cta|blocked
posv,float,sm_89,U,96,2,512,cta|blocked
posv,float,sm_89,U,96,2,2048,cta|blocked
posv,float,sm_89,U,96,2,8192,cta|blocked
posv,float,sm_89,U,96,2,32768,cta|blocked
posv,float,sm_89,U,96,4,128,cta|blocked
posv,float,sm_89,U,96,4,512,cta|blocked
posv,float,sm_89,U,96,4,2048,cta|blocked
posv,float,sm_89,U,96,4,8192,cta|blocked
posv,float,sm_89,U,96,4,32768,cta|blocked
posv,float,sm_89,U,96,8,128,cta|blocked
posv,float,sm_89,U,96,8,512,cta|blocked
posv,float,sm_89,U,96,8,2048,cta|blocked
posv,float,sm_89,U,96,8,8192,cta|blocked
posv,float,sm_89,U,96,8,32768,cta|blocked
posv,float,sm_89,U,96,16,128,cta|blocked
posv,float,sm_89,U,96,16,512,cta|blocked
posv,float,sm_89,U,96,16,2048,cta|blocked
posv,float,sm_89,U,96,16,8192,cta|blocked
posv,float,sm_89,U,96,16,32768,cta|blocked
posv,float,sm_89,U,96,64,128,cta|blocked
posv,float,sm_89,U,96,64,512,cta|blocked
posv,float,sm_89,U,96,64,2048,cta|blocked
posv,float,sm_89,U,96,64,8192,cta|blocked
posv,float,sm_89,U,96,64,32768,cta|blocked
posv,float,sm_89,U,112,1,128,cta|blocked
posv,float,sm_89,U,112,1,512,cta|blocked
posv,float,sm_89,U,112,1,2048,cta|blocked
posv,float,sm_89,U,112,1,8192,cta|blocked
posv,float,sm_89,U,112,1,32768,cta|blocked
posv,float,sm_89,U,112,2,128,cta|blocked
posv,float,sm_89,U,112,2,512,cta|blocked
posv,float,sm_89,U,112,2,2048,cta|blocked
posv,float,sm_89,U,112,2,8192,cta|blocked
posv,float,sm_89,U,112,2,32768,cta|blocked
posv,float,sm_89,U,112,4,128,cta|blocked
posv,float,sm_89,U,112,4,512,cta|blocked
posv,float,sm_89,U,112,4,2048,cta|blocked
posv,float,sm_89,U,112,4,8192,cta|blocked
posv,float,sm_89,U,112,4,32768,cta|blocked
posv,float,sm_89,U,112,8,128,cta|blocked
posv,float,sm_89,U,112,8,512,cta|blocked
posv,float,sm_89,U,112,8,2048,cta|blocked
posv,float,sm_89,U,112,8,8192,cta|blocked
posv,float,sm_89,U,112,8,32768,cta|blocked
posv,float,sm_89,U,112,16,128,cta|blocked
posv,float,sm_89,U,112,16,512,cta|blocked
posv,float,sm_89,U,112,16,2048,cta|blocked
posv,float,sm_89,U,112,16,8192,cta|blocked
posv,float,sm_89,U,112,16,32768,cta|blocked
posv,float,sm_89,U,112,64,128,cta|blocked
posv,float,sm_89,U,112,64,512,cta|blocked
posv,float,sm_89,U,112,64,2048,cta|blocked
posv,float,sm_89,U,112,64,8192,cta|blocked
posv,float,sm_89,U,112,64,32768,cta|blocked
posv,float,sm_89,U,128,1,128,cta|blocked
posv,float,sm_89,U,128,1,512,cta|blocked
posv,float,sm_89,U,128,1,2048,cta|blocked
posv,float,sm_89,U,128,1,8192,cta|blocked
posv,float,sm_89,U,128,1,32768,cta|blocked
posv,float,sm_89,U,128,2,128,cta|blocked
posv,float,sm_89,U,128,2,512,cta|blocked
posv,float,sm_89,U,128,2,2048,cta|blocked
posv,float,sm_89,U,128,2,8192,cta|blocked
posv,float,sm_89,U,128,2,32768,cta|blocked
posv,float,sm_89,U,128,4,128,cta|blocked
posv,float,sm_89,U,128,4,512,cta|blocked
posv,float,sm_89,U,128,4,2048,cta|blocked
posv,float,sm_89,U,128,4,8192,cta|blocked
posv,float,sm_89,U,128,4,32768,cta|blocked
posv,float,sm_89,U,128,8,128,cta|blocked
posv,float,sm_89,U,128,8,512,cta|blocked
posv,float,sm_89,U,128,8,2048,cta|blocked
posv,float,sm_89,U,128,8,8192,cta|blocked
posv,float,sm_89,U,128,8,32768,cta|blocked
posv,float,sm_89,U,128,16,128,cta|blocked
posv,float,sm_89,U,128,16,512,cta|blocked
posv,float,sm_89,U,128,16,2048,cta|blocked
posv,float,sm_89,U,128,16,8192,cta|blocked
posv,float,sm_89,U,128,16,32768,cta|blocked
posv,float,sm_89,U,128,64,128,cta|blocked
posv,float,sm_89,U,128,64,512,cta|blocked
posv,float,sm_89,U,128,64,2048,cta|blocked
posv,float,sm_89,U,128,64,8192,cta|blocked
posv,float,sm_89,U,128,64,32768,cta|blocked
posv,float,sm_89,U,160,1,128,cta|blocked
posv,float,sm_89,U,160,1,512,cta|blocked
posv,float,sm_89,U,160,1,2048,cta|blocked
posv,float,sm_89,U,160,1,8192,cta|blocked
posv,float,sm_89,U,160,1,32768,cta|blocked
posv,float,sm_89,U,160,2,128,cta|blocked
posv,float,sm_89,U,160,2,512,cta|blocked
posv,float,sm_89,U,160,2,2048,cta|blocked
posv,float,sm_89,U,160,2,8192,cta|blocked
posv,float,sm_89,U,160,2,32768,cta|blocked
posv,float,sm_89,U,160,4,128,cta|blocked
posv,float,sm_89,U,160,4,512,cta|blocked
posv,float,sm_89,U,160,4,2048,cta|blocked
posv,float,sm_89,U,160,4,8192,cta|blocked
posv,float,sm_89,U,160,4,32768,cta|blocked
posv,float,sm_89,U,160,8,128,cta|blocked
posv,float,sm_89,U,160,8,512,cta|blocked
posv,float,sm_89,U,160,8,2048,cta|blocked
posv,float,sm_89,U,160,8,8192,cta|blocked
posv,float,sm_89,U,160,8,32768,cta|blocked
posv,float,sm_89,U,160,16,128,cta|blocked
posv,float,sm_89,U,160,16,512,cta|blocked
posv,float,sm_89,U,160,16,2048,cta|blocked
posv,float,sm_89,U,160,16,8192,cta|blocked
posv,float,sm_89,U,160,16,32768,cta|blocked
posv,float,sm_89,U,160,64,128,cta|blocked
posv,float,sm_89,U,160,64,512,cta|blocked
posv,float,sm_89,U,160,64,2048,cta|blocked
posv,float,sm_89,U,160,64,8192,cta|blocked
posv,float,sm_89,U,160,64,32768,cta|blocked
posv,float,sm_89,U,192,1,128,cta|blocked
posv,float,sm_89,U,192,1,512,cta|blocked
posv,float,sm_89,U,192,1,2048,cta|blocked
posv,float,sm_89,U,192,1,8192,cta|blocked
posv,float,sm_89,U,192,1,32768,cta|blocked
posv,float,sm_89,U,192,2,128,cta|blocked
posv,float,sm_89,U,192,2,512,cta|blocked
posv,float,sm_89,U,192,2,2048,cta|blocked
posv,float,sm_89,U,192,2,8192,cta|blocked
posv,float,sm_89,U,192,2,32768,cta|blocked
posv,float,sm_89,U,192,4,128,cta|blocked
posv,float,sm_89,U,192,4,512,cta|blocked
posv,float,sm_89,U,192,4,2048,cta|blocked
posv,float,sm_89,U,192,4,8192,cta|blocked
posv,float,sm_89,U,192,4,32768,cta|blocked
posv,float,sm_89,U,192,8,128,cta|blocked
posv,float,sm_89,U,192,8,512,cta|blocked
posv,float,sm_89,U,192,8,2048,cta|blocked
posv,float,sm_89,U,192,8,8192,cta|blocked
posv,float,sm_89,U,192,8,32768,cta|blocked
posv,float,sm_89,U,192,16,128,cta|blocked
posv,float,sm_89,U,192,16,512,cta|blocked
posv,float,sm_89,U,192,16,2048,cta|blocked
posv,float,sm_89,U,192,16,8192,cta|blocked
posv,float,sm_89,U,192,16,32768,cta|blocked
posv,float,sm_89,U,192,64,128,cta|blocked
posv,float,sm_89,U,192,64,512,cta|blocked
posv,float,sm_89,U,192,64,2048,cta|blocked
posv,float,sm_89,U,192,64,8192,cta|blocked
posv,float,sm_89,U,192,64,32768,cta|blocked
posv,float,sm_89,U,224,1,128,cta|blocked
posv,float,sm_89,U,224,1,512,cta|blocked
posv,float,sm_89,U,224,1,2048,cta|blocked
posv,float,sm_89,U,224,1,8192,cta|blocked
posv,float,sm_89,U,224,1,32768,cta|blocked
posv,float,sm_89,U,224,2,128,cta|blocked
posv,float,sm_89,U,224,2,512,cta|blocked
posv,float,sm_89,U,224,2,2048,cta|blocked
posv,float,sm_89,U,224,2,8192,cta|blocked
posv,float,sm_89,U,224,2,32768,cta|blocked
posv,float,sm_89,U,224,4,128,cta|blocked
posv,float,sm_89,U,224,4,512,cta|blocked
posv,float,sm_89,U,224,4,2048,cta|blocked
posv,float,sm_89,U,224,4,8192,cta|blocked
posv,float,sm_89,U,224,4,32768,cta|blocked
posv,float,sm_89,U,224,8,128,cta|blocked
posv,float,sm_89,U,224,8,512,cta|blocked
posv,float,sm_89,U,224,8,2048,cta|blocked
posv,float,sm_89,U,224,8,8192,cta|blocked
posv,float,sm_89,U,224,8,32768,cta|blocked
posv,float,sm_89,U,224,16,128,cta|blocked
posv,float,sm_89,U,224,16,512,cta|blocked
posv,float,sm_89,U,224,16,2048,cta|blocked
posv,float,sm_89,U,224,16,8192,cta|blocked
posv,float,sm_89,U,224,16,32768,cta|blocked
posv,float,sm_89,U,224,64,128,cta|blocked
posv,float,sm_89,U,224,64,512,cta|blocked
posv,float,sm_89,U,224,64,2048,cta|blocked
posv,float,sm_89,U,224,64,8192,cta|blocked
posv,float,sm_89,U,224,64,32768,cta|blocked
posv,float,sm_89,U,256,1,128,cta|blocked
posv,float,sm_89,U,256,1,512,cta|blocked
posv,float,sm_89,U,256,1,2048,cta|blocked
posv,float,sm_89,U,256,1,8192,cta|blocked
posv,float,sm_89,U,256,1,32768,cta|blocked
posv,float,sm_89,U,256,2,128,cta|blocked
posv,float,sm_89,U,256,2,512,cta|blocked
posv,float,sm_89,U,256,2,2048,cta|blocked
posv,float,sm_89,U,256,2,8192,cta|blocked
posv,float,sm_89,U,256,2,32768,cta|blocked
posv,float,sm_89,U,256,4,128,cta|blocked
posv,float,sm_89,U,256,4,512,cta|blocked
posv,float,sm_89,U,256,4,2048,cta|blocked
posv,float,sm_89,U,256,4,8192,cta|blocked
posv,float,sm_89,U,256,4,32768,cta|blocked
posv,float,sm_89,U,256,8,128,cta|blocked
posv,float,sm_89,U,256,8,512,cta|blocked
posv,float,sm_89,U,256,8,2048,cta|blocked
posv,float,sm_89,U,256,8,8192,cta|blocked
posv,float,sm_89,U,256,8,32768,cta|blocked
posv,float,sm_89,U,256,16,128,cta|blocked
posv,float,sm_89,U,256,16,512,cta|blocked
posv,float,sm_89,U,256,16,2048,cta|blocked
posv,float,sm_89,U,256,16,8192,cta|blocked
posv,float,sm_89,U,256,16,32768,cta|blocked
posv,float,sm_89,U,256,64,128,cta|blocked
posv,float,sm_89,U,256,64,512,cta|blocked
posv,float,sm_89,U,256,64,2048,cta|blocked
posv,float,sm_89,U,256,64,8192,cta|blocked
posv,float,sm_89,U,256,64,32768,cta|blocked
posv,float,sm_89,U,288,1,128,cta|blocked
posv,float,sm_89,U,288,1,512,cta|blocked
posv,float,sm_89,U,288,1,2048,cta|blocked
posv,float,sm_89,U,288,1,8192,cta|blocked
posv,float,sm_89,U,288,1,32768,cta|blocked
posv,float,sm_89,U,288,2,128,cta|blocked
posv,float,sm_89,U,288,2,512,cta|blocked
posv,float,sm_89,U,288,2,2048,cta|blocked
posv,float,sm_89,U,288,2,8192,cta|blocked
posv,float,sm_89,U,288,2,32768,cta|blocked
posv,float,sm_89,U,288,4,128,cta|blocked
posv,float,sm_89,U,288,4,512,cta|blocked
posv,float,sm_89,U,288,4,2048,cta|blocked
posv,float,sm_89,U,288,4,8192,cta|blocked
posv,float,sm_89,U,288,4,32768,cta|blocked
posv,float,sm_89,U,288,8,128,cta|blocked
posv,float,sm_89,U,288,8,512,cta|blocked
posv,float,sm_89,U,288,8,2048,cta|blocked
posv,float,sm_89,U,288,8,8192,cta|blocked
posv,float,sm_89,U,288,8,32768,cta|blocked
posv,float,sm_89,U,288,16,128,cta|blocked
posv,float,sm_89,U,288,16,512,cta|blocked
posv,float,sm_89,U,288,16,2048,cta|blocked
posv,float,sm_89,U,288,16,8192,cta|blocked
posv,float,sm_89,U,288,16,32768,cta|blocked
posv,float,sm_89,U,288,64,128,cta|blocked
posv,float,sm_89,U,288,64,512,cta|blocked
posv,float,sm_89,U,288,64,2048,cta|blocked
posv,float,sm_89,U,288,64,8192,cta|blocked
posv,float,sm_89,U,288,64,32768,cta|blocked
posv,float,sm_89,U,320,1,128,cta|blocked
posv,float,sm_89,U,320,1,512,cta|blocked
posv,float,sm_89,U,320,1,2048,cta|blocked
posv,float,sm_89,U,320,1,8192,cta|blocked
posv,float,sm_89,U,320,1,32768,cta|blocked
posv,float,sm_89,U,320,2,128,cta|blocked
posv,float,sm_89,U,320,2,512,cta|blocked
posv,float,sm_89,U,320,2,2048,cta|blocked
posv,float,sm_89,U,320,2,8192,cta|blocked
posv,float,sm_89,U,320,2,32768,cta|blocked
posv,float,sm_89,U,320,4,128,cta|blocked
posv,float,sm_89,U,320,4,512,cta|blocked
posv,float,sm_89,U,320,4,2048,cta|blocked
posv,float,sm_89,U,320,4,8192,cta|blocked
posv,float,sm_89,U,320,4,32768,cta|blocked
posv,float,sm_89,U,320,8,128,cta|blocked
posv,float,sm_89,U,320,8,512,cta|blocked
posv,float,sm_89,U,320,8,2048,cta|blocked
posv,float,sm_89,U,320,8,8192,cta|blocked
posv,float,sm_89,U,320,8,32768,cta|blocked
posv,float,sm_89,U,320,16,128,cta|blocked
posv,float,sm_89,U,320,16,512,cta|blocked
posv,float,sm_89,U,320,16,2048,cta|blocked
posv,float,sm_89,U,320,16,8192,cta|blocked
posv,float,sm_89,U,320,16,32768,cta|blocked
posv,float,sm_89,U,320,64,128,cta|blocked
posv,float,sm_89,U,320,64,512,cta|blocked
posv,float,sm_89,U,320,64,2048,cta|blocked
posv,float,sm_89,U,320,64,8192,cta|blocked
posv,float,sm_89,U,320,64,32768,cta|blocked
posv,float,sm_89,U,384,1,128,cta|blocked
posv,float,sm_89,U,384,1,512,cta|blocked
posv,float,sm_89,U,384,1,2048,cta|blocked
posv,float,sm_89,U,384,1,8192,cta|blocked
posv,float,sm_89,U,384,1,32768,cta|blocked
posv,float,sm_89,U,384,2,128,cta|blocked
posv,float,sm_89,U,384,2,512,cta|blocked
posv,float,sm_89,U,384,2,2048,cta|blocked
posv,float,sm_89,U,384,2,8192,cta|blocked
posv,float,sm_89,U,384,2,32768,cta|blocked
posv,float,sm_89,U,384,4,128,cta|blocked
posv,float,sm_89,U,384,4,512,cta|blocked
posv,float,sm_89,U,384,4,2048,cta|blocked
posv,float,sm_89,U,384,4,8192,cta|blocked
posv,float,sm_89,U,384,4,32768,cta|blocked
posv,float,sm_89,U,384,8,128,cta|blocked
posv,float,sm_89,U,384,8,512,cta|blocked
posv,float,sm_89,U,384,8,2048,cta|blocked
posv,float,sm_89,U,384,8,8192,cta|blocked
posv,float,sm_89,U,384,8,32768,cta|blocked
posv,float,sm_89,U,384,16,128,cta|blocked
posv,float,sm_89,U,384,16,512,cta|blocked
posv,float,sm_89,U,384,16,2048,cta|blocked
posv,float,sm_89,U,384,16,8192,cta|blocked
posv,float,sm_89,U,384,16,32768,cta|blocked
posv,float,sm_89,U,384,64,128,cta|blocked
posv,float,sm_89,U,384,64,512,cta|blocked
posv,float,sm_89,U,384,64,2048,cta|blocked
posv,float,sm_89,U,384,64,8192,cta|blocked
posv,float,sm_89,U,384,64,32768,cta|blocked
posv,float,sm_89,U,448,1,128,cta|blocked
posv,float,sm_89,U,448,1,512,cta|blocked
posv,float,sm_89,U,448,1,2048,cta|blocked
posv,float,sm_89,U,448,1,8192,cta|blocked
posv,float,sm_89,U,448,1,32768,cta|blocked
posv,float,sm_89,U,448,2,128,cta|blocked
posv,float,sm_89,U,448,2,512,cta|blocked
posv,float,sm_89,U,448,2,2048,cta|blocked
posv,float,sm_89,U,448,2,8192,cta|blocked
posv,float,sm_89,U,448,2,32768,cta|blocked
posv,float,sm_89,U,448,4,128,cta|blocked
posv,float,sm_89,U,448,4,512,cta|blocked
posv,float,sm_89,U,448,4,2048,cta|blocked
posv,float,sm_89,U,448,4,8192,cta|blocked
posv,float,sm_89,U,448,4,32768,cta|blocked
posv,float,sm_89,U,448,8,128,cta|blocked
posv,float,sm_89,U,448,8,512,cta|blocked
posv,float,sm_89,U,448,8,2048,cta|blocked
posv,float,sm_89,U,448,8,8192,cta|blocked
posv,float,sm_89,U,448,8,32768,cta|blocked
posv,float,sm_89,U,448,16,128,cta|blocked
posv,float,sm_89,U,448,16,512,cta|blocked
posv,float,sm_89,U,448,16,2048,cta|blocked
posv,float,sm_89,U,448,16,8192,cta|blocked
posv,float,sm_89,U,448,16,32768,cta|blocked
posv,float,sm_89,U,448,64,128,cta|blocked
posv,float,sm_89,U,448,64,512,cta|blocked
posv,float,sm_89,U,448,64,2048,cta|blocked
posv,float,sm_89,U,448,64,8192,cta|blocked
posv,float,sm_89,U,448,64,32768,cta|blocked
posv,float,sm_89,U,512,1,128,cta|blocked
posv,float,sm_89,U,512,1,512,cta|blocked
posv,float,sm_89,U,512,1,2048,cta|blocked
posv,float,sm_89,U,512,1,8192,cta|blocked
posv,float,sm_89,U,512,1,32768,cta|blocked
posv,float,sm_89,U,512,2,128,cta|blocked
posv,float,sm_89,U,512,2,512,cta|blocked
posv,float,sm_89,U,512,2,2048,cta|blocked
posv,float,sm_89,U,512,2,8192,cta|blocked
posv,float,sm_89,U,512,2,32768,cta|blocked
posv,float,sm_89,U,512,4,128,cta|blocked
posv,float,sm_89,U,512,4,512,cta|blocked
posv,float,sm_89,U,512,4,2048,cta|blocked
posv,float,sm_89,U,512,4,8192,cta|blocked
posv,float,sm_89,U,512,4,32768,cta|blocked
posv,float,sm_89,U,512,8,128,cta|blocked
posv,float,sm_89,U,512,8,512,cta|blocked
posv,float,sm_89,U,512,8,2048,cta|blocked
posv,float,sm_89,U,512,8,8192,cta|blocked
posv,float,sm_89,U,512,8,32768,cta|blocked
posv,float,sm_89,U,512,16,128,cta|blocked
posv,float,sm_89,U,512,16,512,cta|blocked
posv,float,sm_89,U,512,16,2048,cta|blocked
posv,float,sm_89,U,512,16,8192,cta|blocked
posv,float,sm_89,U,512,16,32768,cta|blocked
posv,float,sm_89,U,512,64,128,cta|blocked
posv,float,sm_89,U,512,64,512,cta|blocked
posv,float,sm_89,U,512,64,2048,cta|blocked
posv,float,sm_89,U,512,64,8192,cta|blocked
posv,float,sm_89,U,512,64,32768,cta|blocked
posv,float,sm_89,U,640,1,128,cta|blocked
posv,float,sm_89,U,640,1,512,cta|blocked
posv,float,sm_89,U,640,1,2048,cta|blocked
posv,float,sm_89,U,640,1,8192,cta|blocked
posv,float,sm_89,U,640,1,32768,cta|blocked
posv,float,sm_89,U,640,2,128,cta|blocked
posv,float,sm_89,U,640,2,512,cta|blocked
posv,float,sm_89,U,640,2,2048,cta|blocked
posv,float,sm_89,U,640,2,8192,cta|blocked
posv,float,sm_89,U,640,2,32768,cta|blocked
posv,float,sm_89,U,640,4,128,cta|blocked
posv,float,sm_89,U,640,4,512,cta|blocked
posv,float,sm_89,U,640,4,2048,cta|blocked
posv,float,sm_89,U,640,4,8192,cta|blocked
posv,float,sm_89,U,640,4,32768,cta|blocked
posv,float,sm_89,U,640,8,128,cta|blocked
posv,float,sm_89,U,640,8,512,cta|blocked
posv,float,sm_89,U,640,8,2048,cta|blocked
posv,float,sm_89,U,640,8,8192,cta|blocked
posv,float,sm_89,U,640,8,32768,cta|blocked
posv,float,sm_89,U,640,16,128,cta|blocked
posv,float,sm_89,U,640,16,512,cta|blocked
posv,float,sm_89,U,640,16,2048,cta|blocked
posv,float,sm_89,U,640,16,8192,cta|blocked
posv,float,sm_89,U,640,16,32768,cta|blocked
posv,float,sm_89,U,640,64,128,cta|blocked
posv,float,sm_89,U,640,64,512,cta|blocked
posv,float,sm_89,U,640,64,2048,cta|blocked
posv,float,sm_89,U,640,64,8192,cta|blocked
posv,float,sm_89,U,640,64,32768,cta|blocked
posv,float,sm_89,U,768,1,128,cta|blocked
posv,float,sm_89,U,768,1,512,cta|blocked
posv,float,sm_89,U,768,1,2048,cta|blocked
posv,float,sm_89,U,768,1,8192,cta|blocked
posv,float,sm_89,U,768,1,32768,cta|blocked
posv,float,sm_89,U,768,2,128,cta|blocked
posv,float,sm_89,U,768,2,512,cta|blocked
posv,float,sm_89,U,768,2,2048,cta|blocked
posv,float,sm_89,U,768,2,8192,cta|blocked
posv,float,sm_89,U,768,2,32768,cta|blocked
posv,float,sm_89,U,768,4,128,cta|blocked
posv,float,sm_89,U,768,4,512,cta|blocked
posv,float,sm_89,U,768,4,2048,cta|blocked
posv,float,sm_89,U,768,4,8192,cta|blocked
posv,float,sm_89,U,768,4,32768,cta|blocked
posv,float,sm_89,U,768,8,128,cta|blocked
posv,float,sm_89,U,768,8,512,cta|blocked
posv,float,sm_89,U,768,8,2048,cta|blocked
posv,float,sm_89,U,768,8,8192,cta|blocked
posv,float,sm_89,U,768,8,32768,cta|blocked
posv,float,sm_89,U,768,16,128,cta|blocked
posv,float,sm_89,U,768,16,512,cta|blocked
posv,float,sm_89,U,768,16,2048,cta|blocked
posv,float,sm_89,U,768,16,8192,cta|blocked
posv,float,sm_89,U,768,16,32768,cta|blocked
posv,float,sm_89,U,768,64,128,cta|blocked
posv,float,sm_89,U,768,64,512,cta|blocked
posv,float,sm_89,U,768,64,2048,cta|blocked
posv,float,sm_89,U,768,64,8192,cta|blocked
posv,float,sm_89,U,768,64,32768,cta|blocked
posv,float,sm_89,U,1024,1,128,cta|blocked
posv,float,sm_89,U,1024,1,512,cta|blocked
posv,float,sm_89,U,1024,1,2048,cta|blocked
posv,float,sm_89,U,1024,1,8192,cta|blocked
posv,float,sm_89,U,1024,1,32768,cta|blocked
posv,float,sm_89,U,1024,2,128,cta|blocked
posv,float,sm_89,U,1024,2,512,cta|blocked
posv,float,sm_89,U,1024,2,2048,cta|blocked
posv,float,sm_89,U,1024,2,8192,cta|blocked
posv,float,sm_89,U,1024,2,32768,cta|blocked
posv,float,sm_89,U,1024,4,128,cta|blocked
posv,float,sm_89,U,1024,4,512,cta|blocked
posv,float,sm_89,U,1024,4,2048,cta|blocked
posv,float,sm_89,U,1024,4,8192,cta|blocked
posv,float,sm_89,U,1024,4,32768,cta|blocked
posv,float,sm_89,U,1024,8,128,cta|blocked
posv,float,sm_89,U,1024,8,512,cta|blocked
posv,float,sm_89,U,1024,8,2048,cta|blocked
posv,float,sm_89,U,1024,8,8192,cta|blocked
posv,float,sm_89,U,1024,8,32768,cta|blocked
posv,float,sm_89,U,1024,16,128,cta|blocked
posv,float,sm_89,U,1024,16,512,cta|blocked
posv,float,sm_89,U,1024,16,2048,cta|blocked
posv,float,sm_89,U,1024,16,8192,cta|blocked
posv,float,sm_89,U,1024,16,32768,cta|blocked
posv,float,sm_89,U,1024,64,128,cta|blocked
posv,float,sm_89,U,1024,64,512,cta|blocked
posv,float,sm_89,U,1024,64,2048,cta|blocked
posv,float,sm_89,U,1024,64,8192,cta|blocked
posv,float,sm_89,U,1024,64,32768,cta|blocked
posv,double,sm_89,L,1,1,128,tiny|cta|blocked
posv,double,sm_89,L,1,1,512,tiny|cta|blocked
posv,double,sm_89,L,1,1,2048,tiny|cta|blocked
posv,double,sm_89,L,1,1,8192,tiny|cta|blocked
posv,double,sm_89,L,1,1,32768,tiny|cta|blocked
posv,double,sm_89,L,1,2,128,tiny|cta|blocked
posv,double,sm_89,L,1,2,512,tiny|cta|blocked
posv,double,sm_89,L,1,2,2048,tiny|cta|blocked
posv,double,sm_89,L,1,2,8192,tiny|cta|blocked
posv,double,sm_89,L,1,2,32768,tiny|cta|blocked
posv,double,sm_89,L,1,4,128,tiny|cta|blocked
posv,double,sm_89,L,1,4,512,tiny|cta|blocked
posv,double,sm_89,L,1,4,2048,tiny|cta|blocked
posv,double,sm_89,L,1,4,8192,tiny|cta|blocked
posv,double,sm_89,L,1,4,32768,tiny|cta|blocked
posv,double,sm_89,L,1,8,128,tiny|cta|blocked
posv,double,sm_89,L,1,8,512,tiny|cta|blocked
posv,double,sm_89,L,1,8,2048,tiny|cta|blocked
posv,double,sm_89,L,1,8,8192,tiny|cta|blocked
posv,double,sm_89,L,1,8,32768,tiny|cta|blocked
posv,double,sm_89,L,1,16,128,tiny|cta|blocked
posv,double,sm_89,L,1,16,512,tiny|cta|blocked
posv,double,sm_89,L,1,16,2048,tiny|cta|blocked
posv,double,sm_89,L,1,16,8192,tiny|cta|blocked
posv,double,sm_89,L,1,16,32768,tiny|cta|blocked
posv,double,sm_89,L,1,64,128,tiny|cta|blocked
posv,double,sm_89,L,1,64,512,tiny|cta|blocked
posv,double,sm_89,L,1,64,2048,tiny|cta|blocked
posv,double,sm_89,L,1,64,8192,tiny|cta|blocked
posv,double,sm_89,L,1,64,32768,tiny|cta|blocked
posv,double,sm_89,L,2,1,128,tiny|cta|blocked
posv,double,sm_89,L,2,1,512,tiny|cta|blocked
posv,double,sm_89,L,2,1,2048,tiny|cta|blocked
posv,double,sm_89,L,2,1,8192,tiny|cta|blocked
posv,double,sm_89,L,2,1,32768,tiny|cta|blocked
posv,double,sm_89,L,2,2,128,tiny|cta|blocked
posv,double,sm_89,L,2,2,512,tiny|cta|blocked
posv,double,sm_89,L,2,2,2048,tiny|cta|blocked
posv,double,sm_89,L,2,2,8192,tiny|cta|blocked
posv,double,sm_89,L,2,2,32768,tiny|cta|blocked
posv,double,sm_89,L,2,4,128,tiny|cta|blocked
posv,double,sm_89,L,2,4,512,tiny|cta|blocked
posv,double,sm_89,L,2,4,2048,tiny|cta|blocked
posv,double,sm_89,L,2,4,8192,tiny|cta|blocked
posv,double,sm_89,L,2,4,32768,tiny|cta|blocked
posv,double,sm_89,L,2,8,128,tiny|cta|blocked
posv,double,sm_89,L,2,8,512,tiny|cta|blocked
posv,double,sm_89,L,2,8,2048,tiny|cta|blocked
posv,double,sm_89,L,2,8,8192,tiny|cta|blocked
posv,double,sm_89,L,2,8,32768,tiny|cta|blocked
posv,double,sm_89,L,2,16,128,tiny|cta|blocked
posv,double,sm_89,L,2,16,512,tiny|cta|blocked
posv,double,sm_89,L,2,16,2048,tiny|cta|blocked
posv,double,sm_89,L,2,16,8192,tiny|cta|blocked
posv,double,sm_89,L,2,16,32768,tiny|cta|blocked
posv,double,sm_89,L,2,64,128,tiny|cta|blocked
posv,double,sm_89,L,2,64,512,tiny|cta|blocked
posv,double,sm_89,L,2,64,2048,tiny|cta|blocked
posv,double,sm_89,L,2,64,8192,tiny|cta|blocked
posv,double,sm_89,L,2,64,32768,tiny|cta|blocked
posv,double,sm_89,L,3,1,128,tiny|cta|blocked
posv,double,sm_89,L,3,1,512,tiny|cta|blocked
posv,double,sm_89,L,3,1,2048,tiny|cta|blocked
posv,double,sm_89,L,3,1,8192,tiny|cta|blocked
posv,double,sm_89,L,3,1,32768,tiny|cta|blocked
posv,double,sm_89,L,3,2,128,tiny|cta|blocked
posv,double,sm_89,L,3,2,512,tiny|cta|blocked
posv,double,sm_89,L,3,2,2048,tiny|cta|blocked
posv,double,sm_89,L,3,2,8192,tiny|cta|blocked
posv,double,sm_89,L,3,2,32768,tiny|cta|blocked
posv,double,sm_89,L,3,4,128,tiny|cta|blocked
posv,double,sm_89,L,3,4,512,tiny|cta|blocked
posv,double,sm_89,L,3,4,2048,tiny|cta|blocked
posv,double,sm_89,L,3,4,8192,tiny|cta|blocked
posv,double,sm_89,L,3,4,32768,tiny|cta|blocked
posv,double,sm_89,L,3,8,128,tiny|cta|blocked
posv,double,sm_89,L,3,8,512,tiny|cta|blocked
posv,double,sm_89,L,3,8,2048,tiny|cta|blocked
posv,double,sm_89,L,3,8,8192,tiny|cta|blocked
posv,double,sm_89,L,3,8,32768,tiny|cta|blocked
posv,double,sm_89,L,3,16,128,tiny|cta|blocked
posv,double,sm_89,L,3,16,512,tiny|cta|blocked
posv,double,sm_89,L,3,16,2048,tiny|cta|blocked
posv,double,sm_89,L,3,16,8192,tiny|cta|blocked
posv,double,sm_89,L,3,16,32768,tiny|cta|blocked
posv,double,sm_89,L,3,64,128,tiny|cta|blocked
posv,double,sm_89,L,3,64,512,tiny|cta|blocked
posv,double,sm_89,L,3,64,2048,tiny|cta|blocked
posv,double,sm_89,L,3,64,8192,tiny|cta|blocked
posv,double,sm_89,L,3,64,32768,tiny|cta|blocked
posv,double,sm_89,L,4,1,128,tiny|cta|blocked
posv,double,sm_89,L,4,1,512,tiny|cta|blocked
posv,double,sm_89,L,4,1,2048,tiny|cta|blocked
posv,double,sm_89,L,4,1,8192,tiny|cta|blocked
posv,double,sm_89,L,4,1,32768,tiny|cta|blocked
posv,double,sm_89,L,4,2,128,tiny|cta|blocked
posv,double,sm_89,L,4,2,512,tiny|cta|blocked
posv,double,sm_89,L,4,2,2048,tiny|cta|blocked
posv,double,sm_89,L,4,2,8192,tiny|cta|blocked
posv,double,sm_89,L,4,2,32768,tiny|cta|blocked
posv,double,sm_89,L,4,4,128,tiny|cta|blocked
posv,double,sm_89,L,4,4,512,tiny|cta|blocked
posv,double,sm_89,L,4,4,2048,tiny|cta|blocked
posv,double,sm_89,L,4,4,8192,tiny|cta|blocked
posv,double,sm_89,L,4,4,32768,tiny|cta|blocked
posv,double,sm_89,L,4,8,128,tiny|cta|blocked
posv,double,sm_89,L,4,8,512,tiny|cta|blocked
posv,double,sm_89,L,4,8,2048,tiny|cta|blocked
posv,double,sm_89,L,4,8,8192,tiny|cta|blocked
posv,double,sm_89,L,4,8,32768,tiny|cta|blocked
posv,double,sm_89,L,4,16,128,tiny|cta|blocked
posv,double,sm_89,L,4,16,512,tiny|cta|blocked
posv,double,sm_89,L,4,16,2048,tiny|cta|blocked
posv,double,sm_89,L,4,16,8192,tiny|cta|blocked
posv,double,sm_89,L,4,16,32768,tiny|cta|blocked
posv,double,sm_89,L,4,64,128,tiny|cta|blocked
posv,double,sm_89,L,4,64,512,tiny|cta|blocked
posv,double,sm_89,L,4,64,2048,tiny|cta|blocked
posv,double,sm_89,L,4,64,8192,tiny|cta|blocked
posv,double,sm_89,L,4,64,32768,tiny|cta|blocked
posv,double,sm_89,L,6,1,128,tiny|cta|blocked
posv,double,sm_89,L,6,1,512,tiny|cta|blocked
posv,double,sm_89,L,6,1,2048,tiny|cta|blocked
posv,double,sm_89,L,6,1,8192,tiny|cta|blocked
posv,double,sm_89,L,6,1,32768,tiny|cta|blocked
posv,double,sm_89,L,6,2,128,tiny|cta|blocked
posv,double,sm_89,L,6,2,512,tiny|cta|blocked
posv,double,sm_89,L,6,2,2048,tiny|cta|blocked
posv,double,sm_89,L,6,2,8192,tiny|cta|blocked
posv,double,sm_89,L,6,2,32768,tiny|cta|blocked
posv,double,sm_89,L,6,4,128,tiny|cta|blocked
posv,double,sm_89,L,6,4,512,tiny|cta|blocked
posv,double,sm_89,L,6,4,2048,tiny|cta|blocked
posv,double,sm_89,L,6,4,8192,tiny|cta|blocked
posv,double,sm_89,L,6,4,32768,tiny|cta|blocked
posv,double,sm_89,L,6,8,128,tiny|cta|blocked
posv,double,sm_89,L,6,8,512,tiny|cta|blocked
posv,double,sm_89,L,6,8,2048,tiny|cta|blocked
posv,double,sm_89,L,6,8,8192,tiny|cta|blocked
posv,double,sm_89,L,6,8,32768,tiny|cta|blocked
posv,double,sm_89,L,6,16,128,tiny|cta|blocked
posv,double,sm_89,L,6,16,512,tiny|cta|blocked
posv,double,sm_89,L,6,16,2048,tiny|cta|blocked
posv,double,sm_89,L,6,16,8192,tiny|cta|blocked
posv,double,sm_89,L,6,16,32768,tiny|cta|blocked
posv,double,sm_89,L,6,64,128,tiny|cta|blocked
posv,double,sm_89,L,6,64,512,tiny|cta|blocked
posv,double,sm_89,L,6,64,2048,tiny|cta|blocked
posv,double,sm_89,L,6,64,8192,tiny|cta|blocked
posv,double,sm_89,L,6,64,32768,tiny|cta|blocked
posv,double,sm_89,L,8,1,128,tiny|cta|blocked
posv,double,sm_89,L,8,1,512,tiny|cta|blocked
posv,double,sm_89,L,8,1,2048,tiny|cta|blocked
posv,double,sm_89,L,8,1,8192,tiny|cta|blocked
posv,double,sm_89,L,8,1,32768,tiny|cta|blocked
posv,double,sm_89,L,8,2,128,tiny|cta|blocked
posv,double,sm_89,L,8,2,512,tiny|cta|blocked
posv,double,sm_89,L,8,2,2048,tiny|cta|blocked
posv,double,sm_89,L,8,2,8192,tiny|cta|blocked
posv,double,sm_89,L,8,2,32768,tiny|cta|blocked
posv,double,sm_89,L,8,4,128,tiny|cta|blocked
posv,double,sm_89,L,8,4,512,tiny|cta|blocked
posv,double,sm_89,L,8,4,2048,tiny|cta|blocked
posv,double,sm_89,L,8,4,8192,tiny|cta|blocked
posv,double,sm_89,L,8,4,32768,tiny|cta|blocked
posv,double,sm_89,L,8,8,128,tiny|cta|blocked
posv,double,sm_89,L,8,8,512,tiny|cta|blocked
posv,double,sm_89,L,8,8,2048,tiny|cta|blocked
posv,double,sm_89,L,8,8,8192,tiny|cta|blocked
posv,double,sm_89,L,8,8,32768,tiny|cta|blocked
posv,double,sm_89,L,8,16,128,tiny|cta|blocked
posv,double,sm_89,L,8,16,512,tiny|cta|blocked
posv,double,sm_89,L,8,16,2048,tiny|cta|blocked
posv,double,sm_89,L,8,16,8192,tiny|cta|blocked
posv,double,sm_89,L,8,16,32768,tiny|cta|blocked
posv,double,sm_89,L,8,64,128,tiny|cta|blocked
posv,double,sm_89,L,8,64,512,tiny|cta|blocked
posv,double,sm_89,L,8,64,2048,tiny|cta|blocked
posv,double,sm_89,L,8,64,8192,tiny|cta|blocked
posv,double,sm_89,L,8,64,32768,tiny|cta|blocked
posv,double,sm_89,L,12,1,128,tiny|cta|blocked
posv,double,sm_89,L,12,1,512,tiny|cta|blocked
posv,double,sm_89,L,12,1,2048,tiny|cta|blocked
posv,double,sm_89,L,12,1,8192,tiny|cta|blocked
posv,double,sm_89,L,12,1,32768,tiny|cta|blocked
posv,double,sm_89,L,12,2,128,tiny|cta|blocked
posv,double,sm_89,L,12,2,512,tiny|cta|blocked
posv,double,sm_89,L,12,2,2048,tiny|cta|blocked
posv,double,sm_89,L,12,2,8192,tiny|cta|blocked
posv,double,sm_89,L,12,2,32768,tiny|cta|blocked
posv,double,sm_89,L,12,4,128,tiny|cta|blocked
posv,double,sm_89,L,12,4,512,tiny|cta|blocked
posv,double,sm_89,L,12,4,2048,tiny|cta|blocked
posv,double,sm_89,L,12,4,8192,tiny|cta|blocked
posv,double,sm_89,L,12,4,32768,tiny|cta|blocked
posv,double,sm_89,L,12,8,128,tiny|cta|blocked
posv,double,sm_89,L,12,8,512,tiny|cta|blocked
posv,double,sm_89,L,12,8,2048,tiny|cta|blocked
posv,double,sm_89,L,12,8,8192,tiny|cta|blocked
posv,double,sm_89,L,12,8,32768,tiny|cta|blocked
posv,double,sm_89,L,12,16,128,tiny|cta|blocked
posv,double,sm_89,L,12,16,512,tiny|cta|blocked
posv,double,sm_89,L,12,16,2048,tiny|cta|blocked
posv,double,sm_89,L,12,16,8192,tiny|cta|blocked
posv,double,sm_89,L,12,16,32768,tiny|cta|blocked
posv,double,sm_89,L,12,64,128,tiny|cta|blocked
posv,double,sm_89,L,12,64,512,tiny|cta|blocked
posv,double,sm_89,L,12,64,2048,tiny|cta|blocked
posv,double,sm_89,L,12,64,8192,tiny|cta|blocked
posv,double,sm_89,L,12,64,32768,tiny|cta|blocked
posv,double,sm_89,L,16,1,128,tiny|cta|blocked
posv,double,sm_89,L,16,1,512,tiny|cta|blocked
posv,double,sm_89,L,16,1,2048,tiny|cta|blocked
posv,double,sm_89,L,16,1,8192,tiny|cta|blocked
posv,double,sm_89,L,16,1,32768,tiny|cta|blocked
posv,double,sm_89,L,16,2,128,tiny|cta|blocked
posv,double,sm_89,L,16,2,512,tiny|cta|blocked
posv,double,sm_89,L,16,2,2048,tiny|cta|blocked
posv,double,sm_89,L,16,2,8192,tiny|cta|blocked
posv,double,sm_89,L,16,2,32768,tiny|cta|blocked
posv,double,sm_89,L,16,4,128,tiny|cta|blocked
posv,double,sm_89,L,16,4,512,tiny|cta|blocked
posv,double,sm_89,L,16,4,2048,tiny|cta|blocked
posv,double,sm_89,L,16,4,8192,tiny|cta|blocked
posv,double,sm_89,L,16,4,32768,tiny|cta|blocked
posv,double,sm_89,L,16,8,128,tiny|cta|blocked
posv,double,sm_89,L,16,8,512,tiny|cta|blocked
posv,double,sm_89,L,16,8,2048,tiny|cta|blocked
posv,double,sm_89,L,16,8,8192,tiny|cta|blocked
posv,double,sm_89,L,16,8,32768,tiny|cta|blocked
posv,double,sm_89,L,16,16,128,tiny|cta|blocked
posv,double,sm_89,L,16,16,512,tiny|cta|blocked
posv,double,sm_89,L,16,16,2048,tiny|cta|blocked
posv,double,sm_89,L,16,16,8192,tiny|cta|blocked
posv,double,sm_89,L,16,16,32768,tiny|cta|blocked
posv,double,sm_89,L,16,64,128,tiny|cta|blocked
posv,double,sm_89,L,16,64,512,tiny|cta|blocked
posv,double,sm_89,L,16,64,2048,tiny|cta|blocked
posv,double,sm_89,L,16,64,8192,tiny|cta|blocked
posv,double,sm_89,L,16,64,32768,tiny|cta|blocked
posv,double,sm_89,L,20,1,128,tiny|cta|blocked
posv,double,sm_89,L,20,1,512,tiny|cta|blocked
posv,double,sm_89,L,20,1,2048,tiny|cta|blocked
posv,double,sm_89,L,20,1,8192,tiny|cta|blocked
posv,double,sm_89,L,20,1,32768,tiny|cta|blocked
posv,double,sm_89,L,20,2,128,tiny|cta|blocked
posv,double,sm_89,L,20,2,512,tiny|cta|blocked
posv,double,sm_89,L,20,2,2048,tiny|cta|blocked
posv,double,sm_89,L,20,2,8192,tiny|cta|blocked
posv,double,sm_89,L,20,2,32768,tiny|cta|blocked
posv,double,sm_89,L,20,4,128,tiny|cta|blocked
posv,double,sm_89,L,20,4,512,tiny|cta|blocked
posv,double,sm_89,L,20,4,2048,tiny|cta|blocked
posv,double,sm_89,L,20,4,8192,tiny|cta|blocked
posv,double,sm_89,L,20,4,32768,tiny|cta|blocked
posv,double,sm_89,L,20,8,128,tiny|cta|blocked
posv,double,sm_89,L,20,8,512,tiny|cta|blocked
posv,double,sm_89,L,20,8,2048,tiny|cta|blocked
posv,double,sm_89,L,20,8,8192,tiny|cta|blocked
posv,double,sm_89,L,20,8,32768,tiny|cta|blocked
posv,double,sm_89,L,20,16,128,tiny|cta|blocked
posv,double,sm_89,L,20,16,512,tiny|cta|blocked
posv,double,sm_89,L,20,16,2048,tiny|cta|blocked
posv,double,sm_89,L,20,16,8192,tiny|cta|blocked
posv,double,sm_89,L,20,16,32768,tiny|cta|blocked
posv,double,sm_89,L,20,64,128,tiny|cta|blocked
posv,double,sm_89,L,20,64,512,tiny|cta|blocked
posv,double,sm_89,L,20,64,2048,tiny|cta|blocked
posv,double,sm_89,L,20,64,8192,tiny|cta|blocked
posv,double,sm_89,L,20,64,32768,tiny|cta|blocked
posv,double,sm_89,L,24,1,128,tiny|cta|blocked
posv,double,sm_89,L,24,1,512,tiny|cta|blocked
posv,double,sm_89,L,24,1,2048,tiny|cta|blocked
posv,double,sm_89,L,24,1,8192,tiny|cta|blocked
posv,double,sm_89,L,24,1,32768,tiny|cta|blocked
posv,double,sm_89,L,24,2,128,tiny|cta|blocked
posv,double,sm_89,L,24,2,512,tiny|cta|blocked
posv,double,sm_89,L,24,2,2048,tiny|cta|blocked
posv,double,sm_89,L,24,2,8192,tiny|cta|blocked
posv,double,sm_89,L,24,2,32768,tiny|cta|blocked
posv,double,sm_89,L,24,4,128,tiny|cta|blocked
posv,double,sm_89,L,24,4,512,tiny|cta|blocked
posv,double,sm_89,L,24,4,2048,tiny|cta|blocked
posv,double,sm_89,L,24,4,8192,tiny|cta|blocked
posv,double,sm_89,L,24,4,32768,tiny|cta|blocked
posv,double,sm_89,L,24,8,128,tiny|cta|blocked
posv,double,sm_89,L,24,8,512,tiny|cta|blocked
posv,double,sm_89,L,24,8,2048,tiny|cta|blocked
posv,double,sm_89,L,24,8,8192,tiny|cta|blocked
posv,double,sm_89,L,24,8,32768,tiny|cta|blocked
posv,double,sm_89,L,24,16,128,tiny|cta|blocked
posv,double,sm_89,L,24,16,512,tiny|cta|blocked
posv,double,sm_89,L,24,16,2048,tiny|cta|blocked
posv,double,sm_89,L,24,16,8192,tiny|cta|blocked
posv,double,sm_89,L,24,16,32768,tiny|cta|blocked
posv,double,sm_89,L,24,64,128,tiny|cta|blocked
posv,double,sm_89,L,24,64,512,tiny|cta|blocked
posv,double,sm_89,L,24,64,2048,tiny|cta|blocked
posv,double,sm_89,L,24,64,8192,tiny|cta|blocked
posv,double,sm_89,L,24,64,32768,tiny|cta|blocked
posv,double,sm_89,L,28,1,128,tiny|cta|blocked
posv,double,sm_89,L,28,1,512,tiny|cta|blocked
posv,double,sm_89,L,28,1,2048,tiny|cta|blocked
posv,double,sm_89,L,28,1,8192,tiny|cta|blocked
posv,double,sm_89,L,28,1,32768,tiny|cta|blocked
posv,double,sm_89,L,28,2,128,tiny|cta|blocked
posv,double,sm_89,L,28,2,512,tiny|cta|blocked
posv,double,sm_89,L,28,2,2048,tiny|cta|blocked
posv,double,sm_89,L,28,2,8192,tiny|cta|blocked
posv,double,sm_89,L,28,2,32768,tiny|cta|blocked
posv,double,sm_89,L,28,4,128,tiny|cta|blocked
posv,double,sm_89,L,28,4,512,tiny|cta|blocked
posv,double,sm_89,L,28,4,2048,tiny|cta|blocked
posv,double,sm_89,L,28,4,8192,tiny|cta|blocked
posv,double,sm_89,L,28,4,32768,tiny|cta|blocked
posv,double,sm_89,L,28,8,128,tiny|cta|blocked
posv,double,sm_89,L,28,8,512,tiny|cta|blocked
posv,double,sm_89,L,28,8,2048,tiny|cta|blocked
posv,double,sm_89,L,28,8,8192,tiny|cta|blocked
posv,double,sm_89,L,28,8,32768,tiny|cta|blocked
posv,double,sm_89,L,28,16,128,tiny|cta|blocked
posv,double,sm_89,L,28,16,512,tiny|cta|blocked
posv,double,sm_89,L,28,16,2048,tiny|cta|blocked
posv,double,sm_89,L,28,16,8192,tiny|cta|blocked
posv,double,sm_89,L,28,16,32768,tiny|cta|blocked
posv,double,sm_89,L,28,64,128,tiny|cta|blocked
posv,double,sm_89,L,28,64,512,tiny|cta|blocked
posv,double,sm_89,L,28,64,2048,tiny|cta|blocked
posv,double,sm_89,L,28,64,8192,tiny|cta|blocked
posv,double,sm_89,L,28,64,32768,tiny|cta|blocked
posv,double,sm_89,L,32,1,128,tiny|cta|blocked
posv,double,sm_89,L,32,1,512,tiny|cta|blocked
posv,double,sm_89,L,32,1,2048,tiny|cta|blocked
posv,double,sm_89,L,32,1,8192,tiny|cta|blocked
posv,double,sm_89,L,32,1,32768,tiny|cta|blocked
posv,double,sm_89,L,32,2,128,tiny|cta|blocked
posv,double,sm_89,L,32,2,512,tiny|cta|blocked
posv,double,sm_89,L,32,2,2048,tiny|cta|blocked
posv,double,sm_89,L,32,2,8192,tiny|cta|blocked
posv,double,sm_89,L,32,2,32768,tiny|cta|blocked
posv,double,sm_89,L,32,4,128,tiny|cta|blocked
posv,double,sm_89,L,32,4,512,tiny|cta|blocked
posv,double,sm_89,L,32,4,2048,tiny|cta|blocked
posv,double,sm_89,L,32,4,8192,tiny|cta|blocked
posv,double,sm_89,L,32,4,32768,tiny|cta|blocked
posv,double,sm_89,L,32,8,128,tiny|cta|blocked
posv,double,sm_89,L,32,8,512,tiny|cta|blocked
posv,double,sm_89,L,32,8,2048,tiny|cta|blocked
posv,double,sm_89,L,32,8,8192,tiny|cta|blocked
posv,double,sm_89,L,32,8,32768,tiny|cta|blocked
posv,double,sm_89,L,32,16,128,tiny|cta|blocked
posv,double,sm_89,L,32,16,512,tiny|cta|blocked
posv,double,sm_89,L,32,16,2048,tiny|cta|blocked
posv,double,sm_89,L,32,16,8192,tiny|cta|blocked
posv,double,sm_89,L,32,16,32768,tiny|cta|blocked
posv,double,sm_89,L,32,64,128,tiny|cta|blocked
posv,double,sm_89,L,32,64,512,tiny|cta|blocked
posv,double,sm_89,L,32,64,2048,tiny|cta|blocked
posv,double,sm_89,L,32,64,8192,tiny|cta|blocked
posv,double,sm_89,L,32,64,32768,tiny|cta|blocked
posv,double,sm_89,L,36,1,128,cta|blocked
posv,double,sm_89,L,36,1,512,cta|blocked
posv,double,sm_89,L,36,1,2048,cta|blocked
posv,double,sm_89,L,36,1,8192,cta|blocked
posv,double,sm_89,L,36,1,32768,cta|blocked
posv,double,sm_89,L,36,2,128,cta|blocked
posv,double,sm_89,L,36,2,512,cta|blocked
posv,double,sm_89,L,36,2,2048,cta|blocked
posv,double,sm_89,L,36,2,8192,cta|blocked
posv,double,sm_89,L,36,2,32768,cta|blocked
posv,double,sm_89,L,36,4,128,cta|blocked
posv,double,sm_89,L,36,4,512,cta|blocked
posv,double,sm_89,L,36,4,2048,cta|blocked
posv,double,sm_89,L,36,4,8192,cta|blocked
posv,double,sm_89,L,36,4,32768,cta|blocked
posv,double,sm_89,L,36,8,128,cta|blocked
posv,double,sm_89,L,36,8,512,cta|blocked
posv,double,sm_89,L,36,8,2048,cta|blocked
posv,double,sm_89,L,36,8,8192,cta|blocked
posv,double,sm_89,L,36,8,32768,cta|blocked
posv,double,sm_89,L,36,16,128,cta|blocked
posv,double,sm_89,L,36,16,512,cta|blocked
posv,double,sm_89,L,36,16,2048,cta|blocked
posv,double,sm_89,L,36,16,8192,cta|blocked
posv,double,sm_89,L,36,16,32768,cta|blocked
posv,double,sm_89,L,36,64,128,cta|blocked
posv,double,sm_89,L,36,64,512,cta|blocked
posv,double,sm_89,L,36,64,2048,cta|blocked
posv,double,sm_89,L,36,64,8192,cta|blocked
posv,double,sm_89,L,36,64,32768,cta|blocked
posv,double,sm_89,L,40,1,128,cta|blocked
posv,double,sm_89,L,40,1,512,cta|blocked
posv,double,sm_89,L,40,1,2048,cta|blocked
posv,double,sm_89,L,40,1,8192,cta|blocked
posv,double,sm_89,L,40,1,32768,cta|blocked
posv,double,sm_89,L,40,2,128,cta|blocked
posv,double,sm_89,L,40,2,512,cta|blocked
posv,double,sm_89,L,40,2,2048,cta|blocked
posv,double,sm_89,L,40,2,8192,cta|blocked
posv,double,sm_89,L,40,2,32768,cta|blocked
posv,double,sm_89,L,40,4,128,cta|blocked
posv,double,sm_89,L,40,4,512,cta|blocked
posv,double,sm_89,L,40,4,2048,cta|blocked
posv,double,sm_89,L,40,4,8192,cta|blocked
posv,double,sm_89,L,40,4,32768,cta|blocked
posv,double,sm_89,L,40,8,128,cta|blocked
posv,double,sm_89,L,40,8,512,cta|blocked
posv,double,sm_89,L,40,8,2048,cta|blocked
posv,double,sm_89,L,40,8,8192,cta|blocked
posv,double,sm_89,L,40,8,32768,cta|blocked
posv,double,sm_89,L,40,16,128,cta|blocked
posv,double,sm_89,L,40,16,512,cta|blocked
posv,double,sm_89,L,40,16,2048,cta|blocked
posv,double,sm_89,L,40,16,8192,cta|blocked
posv,double,sm_89,L,40,16,32768,cta|blocked
posv,double,sm_89,L,40,64,128,cta|blocked
posv,double,sm_89,L,40,64,512,cta|blocked
posv,double,sm_89,L,40,64,2048,cta|blocked
posv,double,sm_89,L,40,64,8192,cta|blocked
posv,double,sm_89,L,40,64,32768,cta|blocked
posv,double,sm_89,L,48,1,128,cta|blocked
posv,double,sm_89,L,48,1,512,cta|blocked
posv,double,sm_89,L,48,1,2048,cta|blocked
posv,double,sm_89,L,48,1,8192,cta|blocked
posv,double,sm_89,L,48,1,32768,cta|blocked
posv,double,sm_89,L,48,2,128,cta|blocked
posv,double,sm_89,L,48,2,512,cta|blocked
posv,double,sm_89,L,48,2,2048,cta|blocked
posv,double,sm_89,L,48,2,8192,cta|blocked
posv,double,sm_89,L,48,2,32768,cta|blocked
posv,double,sm_89,L,48,4,128,cta|blocked
posv,double,sm_89,L,48,4,512,cta|blocked
posv,double,sm_89,L,48,4,2048,cta|blocked
posv,double,sm_89,L,48,4,8192,cta|blocked
posv,double,sm_89,L,48,4,32768,cta|blocked
posv,double,sm_89,L,48,8,128,cta|blocked
posv,double,sm_89,L,48,8,512,cta|blocked
posv,double,sm_89,L,48,8,2048,cta|blocked
posv,double,sm_89,L,48,8,8192,cta|blocked
posv,double,sm_89,L,48,8,32768,cta|blocked
posv,double,sm_89,L,48,16,128,cta|blocked
posv,double,sm_89,L,48,16,512,cta|blocked
posv,double,sm_89,L,48,16,2048,cta|blocked
posv,double,sm_89,L,48,16,8192,cta|blocked
posv,double,sm_89,L,48,16,32768,cta|blocked
posv,double,sm_89,L,48,64,128,cta|blocked
posv,double,sm_89,L,48,64,512,cta|blocked
posv,double,sm_89,L,48,64,2048,cta|blocked
posv,double,sm_89,L,48,64,8192,cta|blocked
posv,double,sm_89,L,48,64,32768,cta|blocked
posv,double,sm_89,L,56,1,128,cta|blocked
posv,double,sm_89,L,56,1,512,cta|blocked
posv,double,sm_89,L,56,1,2048,cta|blocked
posv,double,sm_89,L,56,1,8192,cta|blocked
posv,double,sm_89,L,56,1,32768,cta|blocked
posv,double,sm_89,L,56,2,128,cta|blocked
posv,double,sm_89,L,56,2,512,cta|blocked
posv,double,sm_89,L,56,2,2048,cta|blocked
posv,double,sm_89,L,56,2,8192,cta|blocked
posv,double,sm_89,L,56,2,32768,cta|blocked
posv,double,sm_89,L,56,4,128,cta|blocked
posv,double,sm_89,L,56,4,512,cta|blocked
posv,double,sm_89,L,56,4,2048,cta|blocked
posv,double,sm_89,L,56,4,8192,cta|blocked
posv,double,sm_89,L,56,4,32768,cta|blocked
posv,double,sm_89,L,56,8,128,cta|blocked
posv,double,sm_89,L,56,8,512,cta|blocked
posv,double,sm_89,L,56,8,2048,cta|blocked
posv,double,sm_89,L,56,8,8192,cta|blocked
posv,double,sm_89,L,56,8,32768,cta|blocked
posv,double,sm_89,L,56,16,128,cta|blocked
posv,double,sm_89,L,56,16,512,cta|blocked
posv,double,sm_89,L,56,16,2048,cta|blocked
posv,double,sm_89,L,56,16,8192,cta|blocked
posv,double,sm_89,L,56,16,32768,cta|blocked
posv,double,sm_89,L,56,64,128,cta|blocked
posv,double,sm_89,L,56,64,512,cta|blocked
posv,double,sm_89,L,56,64,2048,cta|blocked
posv,double,sm_89,L,56,64,8192,cta|blocked
posv,double,sm_89,L,56,64,32768,cta|blocked
posv,double,sm_89,L,64,1,128,cta|blocked
posv,double,sm_89,L,64,1,512,cta|blocked
posv,double,sm_89,L,64,1,2048,cta|blocked
posv,double,sm_89,L,64,1,8192,cta|blocked
posv,double,sm_89,L,64,1,32768,cta|blocked
posv,double,sm_89,L,64,2,128,cta|blocked
posv,double,sm_89,L,64,2,512,cta|blocked
posv,double,sm_89,L,64,2,2048,cta|blocked
posv,double,sm_89,L,64,2,8192,cta|blocked
posv,double,sm_89,L,64,2,32768,cta|blocked
posv,double,sm_89,L,64,4,128,cta|blocked
posv,double,sm_89,L,64,4,512,cta|blocked
posv,double,sm_89,L,64,4,2048,cta|blocked
posv,double,sm_89,L,64,4,8192,cta|blocked
posv,double,sm_89,L,64,4,32768,cta|blocked
posv,double,sm_89,L,64,8,128,cta|blocked
posv,double,sm_89,L,64,8,512,cta|blocked
posv,double,sm_89,L,64,8,2048,cta|blocked
posv,double,sm_89,L,64,8,8192,cta|blocked
posv,double,sm_89,L,64,8,32768,cta|blocked
posv,double,sm_89,L,64,16,128,cta|blocked
posv,double,sm_89,L,64,16,512,cta|blocked
posv,double,sm_89,L,64,16,2048,cta|blocked
posv,double,sm_89,L,64,16,8192,cta|blocked
posv,double,sm_89,L,64,16,32768,cta|blocked
posv,double,sm_89,L,64,64,128,cta|blocked
posv,double,sm_89,L,64,64,512,cta|blocked
posv,double,sm_89,L,64,64,2048,cta|blocked
posv,double,sm_89,L,64,64,8192,cta|blocked
posv,double,sm_89,L,64,64,32768,cta|blocked
posv,double,sm_89,L,80,1,128,cta|blocked
posv,double,sm_89,L,80,1,512,cta|blocked
posv,double,sm_89,L,80,1,2048,cta|blocked
posv,double,sm_89,L,80,1,8192,cta|blocked
posv,double,sm_89,L,80,1,32768,cta|blocked
posv,double,sm_89,L,80,2,128,cta|blocked
posv,double,sm_89,L,80,2,512,cta|blocked
posv,double,sm_89,L,80,2,2048,cta|blocked
posv,double,sm_89,L,80,2,8192,cta|blocked
posv,double,sm_89,L,80,2,32768,cta|blocked
posv,double,sm_89,L,80,4,128,cta|blocked
posv,double,sm_89,L,80,4,512,cta|blocked
posv,double,sm_89,L,80,4,2048,cta|blocked
posv,double,sm_89,L,80,4,8192,cta|blocked
posv,double,sm_89,L,80,4,32768,cta|blocked
posv,double,sm_89,L,80,8,128,cta|blocked
posv,double,sm_89,L,80,8,512,cta|blocked
posv,double,sm_89,L,80,8,2048,cta|blocked
posv,double,sm_89,L,80,8,8192,cta|blocked
posv,double,sm_89,L,80,8,32768,cta|blocked
posv,double,sm_89,L,80,16,128,cta|blocked
posv,double,sm_89,L,80,16,512,cta|blocked
posv,double,sm_89,L,80,16,2048,cta|blocked
posv,double,sm_89,L,80,16,8192,cta|blocked
posv,double,sm_89,L,80,16,32768,cta|blocked
posv,double,sm_89,L,80,64,128,cta|blocked
posv,double,sm_89,L,80,64,512,cta|blocked
posv,double,sm_89,L,80,64,2048,cta|blocked
posv,double,sm_89,L,80,64,8192,cta|blocked
posv,double,sm_89,L,80,64,32768,cta|blocked
posv,double,sm_89,L,96,1,128,cta|blocked
posv,double,sm_89,L,96,1,512,cta|blocked
posv,double,sm_89,L,96,1,2048,cta|blocked
posv,double,sm_89,L,96,1,8192,cta|blocked
posv,double,sm_89,L,96,1,32768,cta|blocked
posv,double,sm_89,L,96,2,128,cta|blocked
posv,double,sm_89,L,96,2,512,cta|blocked
posv,double,sm_89,L,96,2,2048,cta|blocked
posv,double,sm_89,L,96,2,8192,cta|blocked
posv,double,sm_89,L,96,2,32768,cta|blocked
posv,double,sm_89,L,96,4,128,cta|blocked
posv,double,sm_89,L,96,4,512,cta|blocked
posv,double,sm_89,L,96,4,2048,cta|blocked
posv,double,sm_89,L,96,4,8192,cta|blocked
posv,double,sm_89,L,96,4,32768,cta|blocked
posv,double,sm_89,L,96,8,128,cta|blocked
posv,double,sm_89,L,96,8,512,cta|blocked
posv,double,sm_89,L,96,8,2048,cta|blocked
posv,double,sm_89,L,96,8,8192,cta|blocked
posv,double,sm_89,L,96,8,32768,cta|blocked
posv,double,sm_89,L,96,16,128,cta|blocked
posv,double,sm_89,L,96,16,512,cta|blocked
posv,double,sm_89,L,96,16,2048,cta|blocked
posv,double,sm_89,L,96,16,8192,cta|blocked
posv,double,sm_89,L,96,16,32768,cta|blocked
posv,double,sm_89,L,96,64,128,cta|blocked
posv,double,sm_89,L,96,64,512,cta|blocked
posv,double,sm_89,L,96,64,2048,cta|blocked
posv,double,sm_89,L,96,64,8192,cta|blocked
posv,double,sm_89,L,96,64,32768,cta|blocked
posv,double,sm_89,L,112,1,128,cta|blocked
posv,double,sm_89,L,112,1,512,cta|blocked
posv,double,sm_89,L,112,1,2048,cta|blocked
posv,double,sm_89,L,112,1,8192,cta|blocked
posv,double,sm_89,L,112,1,32768,cta|blocked
posv,double,sm_89,L,112,2,128,cta|blocked
posv,double,sm_89,L,112,2,512,cta|blocked
posv,double,sm_89,L,112,2,2048,cta|blocked
posv,double,sm_89,L,112,2,8192,cta|blocked
posv,double,sm_89,L,112,2,32768,cta|blocked
posv,double,sm_89,L,112,4,128,cta|blocked
posv,double,sm_89,L,112,4,512,cta|blocked
posv,double,sm_89,L,112,4,2048,cta|blocked
posv,double,sm_89,L,112,4,8192,cta|blocked
posv,double,sm_89,L,112,4,32768,cta|blocked
posv,double,sm_89,L,112,8,128,cta|blocked
posv,double,sm_89,L,112,8,512,cta|blocked
posv,double,sm_89,L,112,8,2048,cta|blocked
posv,double,sm_89,L,112,8,8192,cta|blocked
posv,double,sm_89,L,112,8,32768,cta|blocked
posv,double,sm_89,L,112,16,128,cta|blocked
posv,double,sm_89,L,112,16,512,cta|blocked
posv,double,sm_89,L,112,16,2048,cta|blocked
posv,double,sm_89,L,112,16,8192,cta|blocked
posv,double,sm_89,L,112,16,32768,cta|blocked
posv,double,sm_89,L,112,64,128,cta|blocked
posv,double,sm_89,L,112,64,512,cta|blocked
posv,double,sm_89,L,112,64,2048,cta|blocked
posv,double,sm_89,L,112,64,8192,cta|blocked
posv,double,sm_89,L,112,64,32768,cta|blocked
posv,double,sm_89,L,128,1,128,cta|blocked
posv,double,sm_89,L,128,1,512,cta|blocked
posv,double,sm_89,L,128,1,2048,cta|blocked
posv,double,sm_89,L,128,1,8192,cta|blocked
posv,double,sm_89,L,128,1,32768,cta|blocked
posv,double,sm_89,L,128,2,128,cta|blocked
posv,double,sm_89,L,128,2,512,cta|blocked
posv,double,sm_89,L,128,2,2048,cta|blocked
posv,double,sm_89,L,128,2,8192,cta|blocked
posv,double,sm_89,L,128,2,32768,cta|blocked
posv,double,sm_89,L,128,4,128,cta|blocked
posv,double,sm_89,L,128,4,512,cta|blocked
posv,double,sm_89,L,128,4,2048,cta|blocked
posv,double,sm_89,L,128,4,8192,cta|blocked
posv,double,sm_89,L,128,4,32768,cta|blocked
posv,double,sm_89,L,128,8,128,cta|blocked
posv,double,sm_89,L,128,8,512,cta|blocked
posv,double,sm_89,L,128,8,2048,cta|blocked
posv,double,sm_89,L,128,8,8192,cta|blocked
posv,double,sm_89,L,128,8,32768,cta|blocked
posv,double,sm_89,L,128,16,128,cta|blocked
posv,double,sm_89,L,128,16,512,cta|blocked
posv,double,sm_89,L,128,16,2048,cta|blocked
posv,double,sm_89,L,128,16,8192,cta|blocked
posv,double,sm_89,L,128,16,32768,cta|blocked
posv,double,sm_89,L,128,64,128,cta|blocked
posv,double,sm_89,L,128,64,512,cta|blocked
posv,double,sm_89,L,128,64,2048,cta|blocked
posv,double,sm_89,L,128,64,8192,cta|blocked
posv,double,sm_89,L,128,64,32768,cta|blocked
posv,double,sm_89,L,160,1,128,cta|blocked
posv,double,sm_89,L,160,1,512,cta|blocked
posv,double,sm_89,L,160,1,2048,cta|blocked
posv,double,sm_89,L,160,1,8192,cta|blocked
posv,double,sm_89,L,160,1,32768,cta|blocked
posv,double,sm_89,L,160,2,128,cta|blocked
posv,double,sm_89,L,160,2,512,cta|blocked
posv,double,sm_89,L,160,2,2048,cta|blocked
posv,double,sm_89,L,160,2,8192,cta|blocked
posv,double,sm_89,L,160,2,32768,cta|blocked
posv,double,sm_89,L,160,4,128,cta|blocked
posv,double,sm_89,L,160,4,512,cta|blocked
posv,double,sm_89,L,160,4,2048,cta|blocked
posv,double,sm_89,L,160,4,8192,cta|blocked
posv,double,sm_89,L,160,4,32768,cta|blocked
posv,double,sm_89,L,160,8,128,cta|blocked
posv,double,sm_89,L,160,8,512,cta|blocked
posv,double,sm_89,L,160,8,2048,cta|blocked
posv,double,sm_89,L,160,8,8192,cta|blocked
posv,double,sm_89,L,160,8,32768,cta|blocked
posv,double,sm_89,L,160,16,128,cta|blocked
posv,double,sm_89,L,160,16,512,cta|blocked
posv,double,sm_89,L,160,16,2048,cta|blocked
posv,double,sm_89,L,160,16,8192,cta|blocked
posv,double,sm_89,L,160,16,32768,cta|blocked
posv,double,sm_89,L,160,64,128,cta|blocked
posv,double,sm_89,L,160,64,512,cta|blocked
posv,double,sm_89,L,160,64,2048,cta|blocked
posv,double,sm_89,L,160,64,8192,cta|blocked
posv,double,sm_89,L,160,64,32768,cta|blocked
posv,double,sm_89,L,192,1,128,cta|blocked
posv,double,sm_89,L,192,1,512,cta|blocked
posv,double,sm_89,L,192,1,2048,cta|blocked
posv,double,sm_89,L,192,1,8192,cta|blocked
posv,double,sm_89,L,192,1,32768,cta|blocked
posv,double,sm_89,L,192,2,128,cta|blocked
posv,double,sm_89,L,192,2,512,cta|blocked
posv,double,sm_89,L,192,2,2048,cta|blocked
posv,double,sm_89,L,192,2,8192,cta|blocked
posv,double,sm_89,L,192,2,32768,cta|blocked
posv,double,sm_89,L,192,4,128,cta|blocked
posv,double,sm_89,L,192,4,512,cta|blocked
posv,double,sm_89,L,192,4,2048,cta|blocked
posv,double,sm_89,L,192,4,8192,cta|blocked
posv,double,sm_89,L,192,4,32768,cta|blocked
posv,double,sm_89,L,192,8,128,cta|blocked
posv,double,sm_89,L,192,8,512,cta|blocked
posv,double,sm_89,L,192,8,2048,cta|blocked
posv,double,sm_89,L,192,8,8192,cta|blocked
posv,double,sm_89,L,192,8,32768,cta|blocked
posv,double,sm_89,L,192,16,128,cta|blocked
posv,double,sm_89,L,192,16,512,cta|blocked
posv,double,sm_89,L,192,16,2048,cta|blocked
posv,double,sm_89,L,192,16,8192,cta|blocked
posv,double,sm_89,L,192,16,32768,cta|blocked
posv,double,sm_89,L,192,64,128,cta|blocked
posv,double,sm_89,L,192,64,512,cta|blocked
posv,double,sm_89,L,192,64,2048,cta|blocked
posv,double,sm_89,L,192,64,8192,cta|blocked
posv,double,sm_89,L,192,64,32768,cta|blocked
posv,double,sm_89,L,224,1,128,cta|blocked
posv,double,sm_89,L,224,1,512,cta|blocked
posv,double,sm_89,L,224,1,2048,cta|blocked
posv,double,sm_89,L,224,1,8192,cta|blocked
posv,double,sm_89,L,224,1,32768,cta|blocked
posv,double,sm_89,L,224,2,128,cta|blocked
posv,double,sm_89,L,224,2,512,cta|blocked
posv,double,sm_89,L,224,2,2048,cta|blocked
posv,double,sm_89,L,224,2,8192,cta|blocked
posv,double,sm_89,L,224,2,32768,cta|blocked
posv,double,sm_89,L,224,4,128,cta|blocked
posv,double,sm_89,L,224,4,512,cta|blocked
posv,double,sm_89,L,224,4,2048,cta|blocked
posv,double,sm_89,L,224,4,8192,cta|blocked
posv,double,sm_89,L,224,4,32768,cta|blocked
posv,double,sm_89,L,224,8,128,cta|blocked
posv,double,sm_89,L,224,8,512,cta|blocked
posv,double,sm_89,L,224,8,2048,cta|blocked
posv,double,sm_89,L,224,8,8192,cta|blocked
posv,double,sm_89,L,224,8,32768,cta|blocked
posv,double,sm_89,L,224,16,128,cta|blocked
posv,double,sm_89,L,224,16,512,cta|blocked
posv,double,sm_89,L,224,16,2048,cta|blocked
posv,double,sm_89,L,224,16,8192,cta|blocked
posv,double,sm_89,L,224,16,32768,cta|blocked
posv,double,sm_89,L,224,64,128,cta|blocked
posv,double,sm_89,L,224,64,512,cta|blocked
posv,double,sm_89,L,224,64,2048,cta|blocked
posv,double,sm_89,L,224,64,8192,cta|blocked
posv,double,sm_89,L,224,64,32768,cta|blocked
posv,double,sm_89,L,256,1,128,cta|blocked
posv,double,sm_89,L,256,1,512,cta|blocked
posv,double,sm_89,L,256,1,2048,cta|blocked
posv,double,sm_89,L,256,1,8192,cta|blocked
posv,double,sm_89,L,256,1,32768,cta|blocked
posv,double,sm_89,L,256,2,128,cta|blocked
posv,double,sm_89,L,256,2,512,cta|blocked
posv,double,sm_89,L,256,2,2048,cta|blocked
posv,double,sm_89,L,256,2,8192,cta|blocked
posv,double,sm_89,L,256,2,32768,cta|blocked
posv,double,sm_89,L,256,4,128,cta|blocked
posv,double,sm_89,L,256,4,512,cta|blocked
posv,double,sm_89,L,256,4,2048,cta|blocked
posv,double,sm_89,L,256,4,8192,cta|blocked
posv,double,sm_89,L,256,4,32768,cta|blocked
posv,double,sm_89,L,256,8,128,cta|blocked
posv,double,sm_89,L,256,8,512,cta|blocked
posv,double,sm_89,L,256,8,2048,cta|blocked
posv,double,sm_89,L,256,8,8192,cta|blocked
posv,double,sm_89,L,256,8,32768,cta|blocked
posv,double,sm_89,L,256,16,128,cta|blocked
posv,double,sm_89,L,256,16,512,cta|blocked
posv,double,sm_89,L,256,16,2048,cta|blocked
posv,double,sm_89,L,256,16,8192,cta|blocked
posv,double,sm_89,L,256,16,32768,cta|blocked
posv,double,sm_89,L,256,64,128,cta|blocked
posv,double,sm_89,L,256,64,512,cta|blocked
posv,double,sm_89,L,256,64,2048,cta|blocked
posv,double,sm_89,L,256,64,8192,cta|blocked
posv,double,sm_89,L,256,64,32768,cta|blocked
posv,double,sm_89,L,288,1,128,cta|blocked
posv,double,sm_89,L,288,1,512,cta|blocked
posv,double,sm_89,L,288,1,2048,cta|blocked
posv,double,sm_89,L,288,1,8192,cta|blocked
posv,double,sm_89,L,288,1,32768,cta|blocked
posv,double,sm_89,L,288,2,128,cta|blocked
posv,double,sm_89,L,288,2,512,cta|blocked
posv,double,sm_89,L,288,2,2048,cta|blocked
posv,double,sm_89,L,288,2,8192,cta|blocked
posv,double,sm_89,L,288,2,32768,cta|blocked
posv,double,sm_89,L,288,4,128,cta|blocked
posv,double,sm_89,L,288,4,512,cta|blocked
posv,double,sm_89,L,288,4,2048,cta|blocked
posv,double,sm_89,L,288,4,8192,cta|blocked
posv,double,sm_89,L,288,4,32768,cta|blocked
posv,double,sm_89,L,288,8,128,cta|blocked
posv,double,sm_89,L,288,8,512,cta|blocked
posv,double,sm_89,L,288,8,2048,cta|blocked
posv,double,sm_89,L,288,8,8192,cta|blocked
posv,double,sm_89,L,288,8,32768,cta|blocked
posv,double,sm_89,L,288,16,128,cta|blocked
posv,double,sm_89,L,288,16,512,cta|blocked
posv,double,sm_89,L,288,16,2048,cta|blocked
posv,double,sm_89,L,288,16,8192,cta|blocked
posv,double,sm_89,L,288,16,32768,cta|blocked
posv,double,sm_89,L,288,64,128,cta|blocked
posv,double,sm_89,L,288,64,512,cta|blocked
posv,double,sm_89,L,288,64,2048,cta|blocked
posv,double,sm_89,L,288,64,8192,cta|blocked
posv,double,sm_89,L,288,64,32768,cta|blocked
posv,double,sm_89,L,320,1,128,cta|blocked
posv,double,sm_89,L,320,1,512,cta|blocked
posv,double,sm_89,L,320,1,2048,cta|blocked
posv,double,sm_89,L,320,1,8192,cta|blocked
posv,double,sm_89,L,320,1,32768,cta|blocked
posv,double,sm_89,L,320,2,128,cta|blocked
posv,double,sm_89,L,320,2,512,cta|blocked
posv,double,sm_89,L,320,2,2048,cta|blocked
posv,double,sm_89,L,320,2,8192,cta|blocked
posv,double,sm_89,L,320,2,32768,cta|blocked
posv,double,sm_89,L,320,4,128,cta|blocked
posv,double,sm_89,L,320,4,512,cta|blocked
posv,double,sm_89,L,320,4,2048,cta|blocked
posv,double,sm_89,L,320,4,8192,cta|blocked
posv,double,sm_89,L,320,4,32768,cta|blocked
posv,double,sm_89,L,320,8,128,cta|blocked
posv,double,sm_89,L,320,8,512,cta|blocked
posv,double,sm_89,L,320,8,2048,cta|blocked
posv,double,sm_89,L,320,8,8192,cta|blocked
posv,double,sm_89,L,320,8,32768,cta|blocked
posv,double,sm_89,L,320,16,128,cta|blocked
posv,double,sm_89,L,320,16,512,cta|blocked
posv,double,sm_89,L,320,16,2048,cta|blocked
posv,double,sm_89,L,320,16,8192,cta|blocked
posv,double,sm_89,L,320,16,32768,cta|blocked
posv,double,sm_89,L,320,64,128,cta|blocked
posv,double,sm_89,L,320,64,512,cta|blocked
posv,double,sm_89,L,320,64,2048,cta|blocked
posv,double,sm_89,L,320,64,8192,cta|blocked
posv,double,sm_89,L,320,64,32768,cta|blocked
posv,double,sm_89,L,384,1,128,cta|blocked
posv,double,sm_89,L,384,1,512,cta|blocked
posv,double,sm_89,L,384,1,2048,cta|blocked
posv,double,sm_89,L,384,1,8192,cta|blocked
posv,double,sm_89,L,384,1,32768,cta|blocked
posv,double,sm_89,L,384,2,128,cta|blocked
posv,double,sm_89,L,384,2,512,cta|blocked
posv,double,sm_89,L,384,2,2048,cta|blocked
posv,double,sm_89,L,384,2,8192,cta|blocked
posv,double,sm_89,L,384,2,32768,cta|blocked
posv,double,sm_89,L,384,4,128,cta|blocked
posv,double,sm_89,L,384,4,512,cta|blocked
posv,double,sm_89,L,384,4,2048,cta|blocked
posv,double,sm_89,L,384,4,8192,cta|blocked
posv,double,sm_89,L,384,4,32768,cta|blocked
posv,double,sm_89,L,384,8,128,cta|blocked
posv,double,sm_89,L,384,8,512,cta|blocked
posv,double,sm_89,L,384,8,2048,cta|blocked
posv,double,sm_89,L,384,8,8192,cta|blocked
posv,double,sm_89,L,384,8,32768,cta|blocked
posv,double,sm_89,L,384,16,128,cta|blocked
posv,double,sm_89,L,384,16,512,cta|blocked
posv,double,sm_89,L,384,16,2048,cta|blocked
posv,double,sm_89,L,384,16,8192,cta|blocked
posv,double,sm_89,L,384,16,32768,cta|blocked
posv,double,sm_89,L,384,64,128,cta|blocked
posv,double,sm_89,L,384,64,512,cta|blocked
posv,double,sm_89,L,384,64,2048,cta|blocked
posv,double,sm_89,L,384,64,8192,cta|blocked
posv,double,sm_89,L,384,64,32768,cta|blocked
posv,double,sm_89,L,448,1,128,cta|blocked
posv,double,sm_89,L,448,1,512,cta|blocked
posv,double,sm_89,L,448,1,2048,cta|blocked
posv,double,sm_89,L,448,1,8192,cta|blocked
posv,double,sm_89,L,448,1,32768,cta|blocked
posv,double,sm_89,L,448,2,128,cta|blocked
posv,double,sm_89,L,448,2,512,cta|blocked
posv,double,sm_89,L,448,2,2048,cta|blocked
posv,double,sm_89,L,448,2,8192,cta|blocked
posv,double,sm_89,L,448,2,32768,cta|blocked
posv,double,sm_89,L,448,4,128,cta|blocked
posv,double,sm_89,L,448,4,512,cta|blocked
posv,double,sm_89,L,448,4,2048,cta|blocked
posv,double,sm_89,L,448,4,8192,cta|blocked
posv,double,sm_89,L,448,4,32768,cta|blocked
posv,double,sm_89,L,448,8,128,cta|blocked
posv,double,sm_89,L,448,8,512,cta|blocked
posv,double,sm_89,L,448,8,2048,cta|blocked
posv,double,sm_89,L,448,8,8192,cta|blocked
posv,double,sm_89,L,448,8,32768,cta|blocked
posv,double,sm_89,L,448,16,128,cta|blocked
posv,double,sm_89,L,448,16,512,cta|blocked
posv,double,sm_89,L,448,16,2048,cta|blocked
posv,double,sm_89,L,448,16,8192,cta|blocked
posv,double,sm_89,L,448,16,32768,cta|blocked
posv,double,sm_89,L,448,64,128,cta|blocked
posv,double,sm_89,L,448,64,512,cta|blocked
posv,double,sm_89,L,448,64,2048,cta|blocked
posv,double,sm_89,L,448,64,8192,cta|blocked
posv,double,sm_89,L,448,64,32768,cta|blocked
posv,double,sm_89,L,512,1,128,cta|blocked
posv,double,sm_89,L,512,1,512,cta|blocked
posv,double,sm_89,L,512,1,2048,cta|blocked
posv,double,sm_89,L,512,1,8192,cta|blocked
posv,double,sm_89,L,512,1,32768,cta|blocked
posv,double,sm_89,L,512,2,128,cta|blocked
posv,double,sm_89,L,512,2,512,cta|blocked
posv,double,sm_89,L,512,2,2048,cta|blocked
posv,double,sm_89,L,512,2,8192,cta|blocked
posv,double,sm_89,L,512,2,32768,cta|blocked
posv,double,sm_89,L,512,4,128,cta|blocked
posv,double,sm_89,L,512,4,512,cta|blocked
posv,double,sm_89,L,512,4,2048,cta|blocked
posv,double,sm_89,L,512,4,8192,cta|blocked
posv,double,sm_89,L,512,4,32768,cta|blocked
posv,double,sm_89,L,512,8,128,cta|blocked
posv,double,sm_89,L,512,8,512,cta|blocked
posv,double,sm_89,L,512,8,2048,cta|blocked
posv,double,sm_89,L,512,8,8192,cta|blocked
posv,double,sm_89,L,512,8,32768,cta|blocked
posv,double,sm_89,L,512,16,128,cta|blocked
posv,double,sm_89,L,512,16,512,cta|blocked
posv,double,sm_89,L,512,16,2048,cta|blocked
posv,double,sm_89,L,512,16,8192,cta|blocked
posv,double,sm_89,L,512,16,32768,cta|blocked
posv,double,sm_89,L,512,64,128,cta|blocked
posv,double,sm_89,L,512,64,512,cta|blocked
posv,double,sm_89,L,512,64,2048,cta|blocked
posv,double,sm_89,L,512,64,8192,cta|blocked
posv,double,sm_89,L,512,64,32768,cta|blocked
posv,double,sm_89,L,640,1,128,cta|blocked
posv,double,sm_89,L,640,1,512,cta|blocked
posv,double,sm_89,L,640,1,2048,cta|blocked
posv,double,sm_89,L,640,1,8192,cta|blocked
posv,double,sm_89,L,640,1,32768,cta|blocked
posv,double,sm_89,L,640,2,128,cta|blocked
posv,double,sm_89,L,640,2,512,cta|blocked
posv,double,sm_89,L,640,2,2048,cta|blocked
posv,double,sm_89,L,640,2,8192,cta|blocked
posv,double,sm_89,L,640,2,32768,cta|blocked
posv,double,sm_89,L,640,4,128,cta|blocked
posv,double,sm_89,L,640,4,512,cta|blocked
posv,double,sm_89,L,640,4,2048,cta|blocked
posv,double,sm_89,L,640,4,8192,cta|blocked
posv,double,sm_89,L,640,4,32768,cta|blocked
posv,double,sm_89,L,640,8,128,cta|blocked
posv,double,sm_89,L,640,8,512,cta|blocked
posv,double,sm_89,L,640,8,2048,cta|blocked
posv,double,sm_89,L,640,8,8192,cta|blocked
posv,double,sm_89,L,640,8,32768,cta|blocked
posv,double,sm_89,L,640,16,128,cta|blocked
posv,double,sm_89,L,640,16,512,cta|blocked
posv,double,sm_89,L,640,16,2048,cta|blocked
posv,double,sm_89,L,640,16,8192,cta|blocked
posv,double,sm_89,L,640,16,32768,cta|blocked
posv,double,sm_89,L,640,64,128,cta|blocked
posv,double,sm_89,L,640,64,512,cta|blocked
posv,double,sm_89,L,640,64,2048,cta|blocked
posv,double,sm_89,L,640,64,8192,cta|blocked
posv,double,sm_89,L,640,64,32768,cta|blocked
posv,double,sm_89,L,768,1,128,cta|blocked
posv,double,sm_89,L,768,1,512,cta|blocked
posv,double,sm_89,L,768,1,2048,cta|blocked
posv,double,sm_89,L,768,1,8192,cta|blocked
posv,double,sm_89,L,768,1,32768,cta|blocked
posv,double,sm_89,L,768,2,128,cta|blocked
posv,double,sm_89,L,768,2,512,cta|blocked
posv,double,sm_89,L,768,2,2048,cta|blocked
posv,double,sm_89,L,768,2,8192,cta|blocked
posv,double,sm_89,L,768,2,32768,cta|blocked
posv,double,sm_89,L,768,4,128,cta|blocked
posv,double,sm_89,L,768,4,512,cta|blocked
posv,double,sm_89,L,768,4,2048,cta|blocked
posv,double,sm_89,L,768,4,8192,cta|blocked
posv,double,sm_89,L,768,4,32768,cta|blocked
posv,double,sm_89,L,768,8,128,cta|blocked
posv,double,sm_89,L,768,8,512,cta|blocked
posv,double,sm_89,L,768,8,2048,cta|blocked
posv,double,sm_89,L,768,8,8192,cta|blocked
posv,double,sm_89,L,768,8,32768,cta|blocked
posv,double,sm_89,L,768,16,128,cta|blocked
posv,double,sm_89,L,768,16,512,cta|blocked
posv,double,sm_89,L,768,16,2048,cta|blocked
posv,double,sm_89,L,768,16,8192,cta|blocked
posv,double,sm_89,L,768,16,32768,cta|blocked
posv,double,sm_89,L,768,64,128,cta|blocked
posv,double,sm_89,L,768,64,512,cta|blocked
posv,double,sm_89,L,768,64,2048,cta|blocked
posv,double,sm_89,L,768,64,8192,cta|blocked
posv,double,sm_89,L,768,64,32768,cta|blocked
posv,double,sm_89,L,1024,1,128,cta|blocked
posv,double,sm_89,L,1024,1,512,cta|blocked
posv,double,sm_89,L,1024,1,2048,cta|blocked
posv,double,sm_89,L,1024,1,8192,cta|blocked
posv,double,sm_89,L,1024,1,32768,cta|blocked
posv,double,sm_89,L,1024,2,128,cta|blocked
posv,double,sm_89,L,1024,2,512,cta|blocked
posv,double,sm_89,L,1024,2,2048,cta|blocked
posv,double,sm_89,L,1024,2,8192,cta|blocked
posv,double,sm_89,L,1024,2,32768,cta|blocked
posv,double,sm_89,L,1024,4,128,cta|blocked
posv,double,sm_89,L,1024,4,512,cta|blocked
posv,double,sm_89,L,1024,4,2048,cta|blocked
posv,double,sm_89,L,1024,4,8192,cta|blocked
posv,double,sm_89,L,1024,4,32768,cta|blocked
posv,double,sm_89,L,1024,8,128,cta|blocked
posv,double,sm_89,L,1024,8,512,cta|blocked
posv,double,sm_89,L,1024,8,2048,cta|blocked
posv,double,sm_89,L,1024,8,8192,cta|blocked
posv,double,sm_89,L,1024,8,32768,cta|blocked
posv,double,sm_89,L,1024,16,128,cta|blocked
posv,double,sm_89,L,1024,16,512,cta|blocked
posv,double,sm_89,L,1024,16,2048,cta|blocked
posv,double,sm_89,L,1024,16,8192,cta|blocked
posv,double,sm_89,L,1024,16,32768,cta|blocked
posv,double,sm_89,L,1024,64,128,cta|blocked
posv,double,sm_89,L,1024,64,512,cta|blocked
posv,double,sm_89,L,1024,64,2048,cta|blocked
posv,double,sm_89,L,1024,64,8192,cta|blocked
posv,double,sm_89,L,1024,64,32768,cta|blocked
posv,double,sm_89,U,1,1,128,tiny|cta|blocked
posv,double,sm_89,U,1,1,512,tiny|cta|blocked
posv,double,sm_89,U,1,1,2048,tiny|cta|blocked
posv,double,sm_89,U,1,1,8192,tiny|cta|blocked
posv,double,sm_89,U,1,1,32768,tiny|cta|blocked
posv,double,sm_89,U,1,2,128,tiny|cta|blocked
posv,double,sm_89,U,1,2,512,tiny|cta|blocked
posv,double,sm_89,U,1,2,2048,tiny|cta|blocked
posv,double,sm_89,U,1,2,8192,tiny|cta|blocked
posv,double,sm_89,U,1,2,32768,tiny|cta|blocked
posv,double,sm_89,U,1,4,128,tiny|cta|blocked
posv,double,sm_89,U,1,4,512,tiny|cta|blocked
posv,double,sm_89,U,1,4,2048,tiny|cta|blocked
posv,double,sm_89,U,1,4,8192,tiny|cta|blocked
posv,double,sm_89,U,1,4,32768,tiny|cta|blocked
posv,double,sm_89,U,1,8,128,tiny|cta|blocked
posv,double,sm_89,U,1,8,512,tiny|cta|blocked
posv,double,sm_89,U,1,8,2048,tiny|cta|blocked
posv,double,sm_89,U,1,8,8192,tiny|cta|blocked
posv,double,sm_89,U,1,8,32768,tiny|cta|blocked
posv,double,sm_89,U,1,16,128,tiny|cta|blocked
posv,double,sm_89,U,1,16,512,tiny|cta|blocked
posv,double,sm_89,U,1,16,2048,tiny|cta|blocked
posv,double,sm_89,U,1,16,8192,tiny|cta|blocked
posv,double,sm_89,U,1,16,32768,tiny|cta|blocked
posv,double,sm_89,U,1,64,128,tiny|cta|blocked
posv,double,sm_89,U,1,64,512,tiny|cta|blocked
posv,double,sm_89,U,1,64,2048,tiny|cta|blocked
posv,double,sm_89,U,1,64,8192,tiny|cta|blocked
posv,double,sm_89,U,1,64,32768,tiny|cta|blocked
posv,double,sm_89,U,2,1,128,tiny|cta|blocked
posv,double,sm_89,U,2,1,512,tiny|cta|blocked
posv,double,sm_89,U,2,1,2048,tiny|cta|blocked
posv,double,sm_89,U,2,1,8192,tiny|cta|blocked
posv,double,sm_89,U,2,1,32768,tiny|cta|blocked
posv,double,sm_89,U,2,2,128,tiny|cta|blocked
posv,double,sm_89,U,2,2,512,tiny|cta|blocked
posv,double,sm_89,U,2,2,2048,tiny|cta|blocked
posv,double,sm_89,U,2,2,8192,tiny|cta|blocked
posv,double,sm_89,U,2,2,32768,tiny|cta|blocked
posv,double,sm_89,U,2,4,128,tiny|cta|blocked
posv,double,sm_89,U,2,4,512,tiny|cta|blocked
posv,double,sm_89,U,2,4,2048,tiny|cta|blocked
posv,double,sm_89,U,2,4,8192,tiny|cta|blocked
posv,double,sm_89,U,2,4,32768,tiny|cta|blocked
posv,double,sm_89,U,2,8,128,tiny|cta|blocked
posv,double,sm_89,U,2,8,512,tiny|cta|blocked
posv,double,sm_89,U,2,8,2048,tiny|cta|blocked
posv,double,sm_89,U,2,8,8192,tiny|cta|blocked
posv,double,sm_89,U,2,8,32768,tiny|cta|blocked
posv,double,sm_89,U,2,16,128,tiny|cta|blocked
posv,double,sm_89,U,2,16,512,tiny|cta|blocked
posv,double,sm_89,U,2,16,2048,tiny|cta|blocked
posv,double,sm_89,U,2,16,8192,tiny|cta|blocked
posv,double,sm_89,U,2,16,32768,tiny|cta|blocked
posv,double,sm_89,U,2,64,128,tiny|cta|blocked
posv,double,sm_89,U,2,64,512,tiny|cta|blocked
posv,double,sm_89,U,2,64,2048,tiny|cta|blocked
posv,double,sm_89,U,2,64,8192,tiny|cta|blocked
posv,double,sm_89,U,2,64,32768,tiny|cta|blocked
posv,double,sm_89,U,3,1,128,tiny|cta|blocked
posv,double,sm_89,U,3,1,512,tiny|cta|blocked
posv,double,sm_89,U,3,1,2048,tiny|cta|blocked
posv,double,sm_89,U,3,1,8192,tiny|cta|blocked
posv,double,sm_89,U,3,1,32768,tiny|cta|blocked
posv,double,sm_89,U,3,2,128,tiny|cta|blocked
posv,double,sm_89,U,3,2,512,tiny|cta|blocked
posv,double,sm_89,U,3,2,2048,tiny|cta|blocked
posv,double,sm_89,U,3,2,8192,tiny|cta|blocked
posv,double,sm_89,U,3,2,32768,tiny|cta|blocked
posv,double,sm_89,U,3,4,128,tiny|cta|blocked
posv,double,sm_89,U,3,4,512,tiny|cta|blocked
posv,double,sm_89,U,3,4,2048,tiny|cta|blocked
posv,double,sm_89,U,3,4,8192,tiny|cta|blocked
posv,double,sm_89,U,3,4,32768,tiny|cta|blocked
posv,double,sm_89,U,3,8,128,tiny|cta|blocked
posv,double,sm_89,U,3,8,512,tiny|cta|blocked
posv,double,sm_89,U,3,8,2048,tiny|cta|blocked
posv,double,sm_89,U,3,8,8192,tiny|cta|blocked
posv,double,sm_89,U,3,8,32768,tiny|cta|blocked
posv,double,sm_89,U,3,16,128,tiny|cta|blocked
posv,double,sm_89,U,3,16,512,tiny|cta|blocked
posv,double,sm_89,U,3,16,2048,tiny|cta|blocked
posv,double,sm_89,U,3,16,8192,tiny|cta|blocked
posv,double,sm_89,U,3,16,32768,tiny|cta|blocked
posv,double,sm_89,U,3,64,128,tiny|cta|blocked
posv,double,sm_89,U,3,64,512,tiny|cta|blocked
posv,double,sm_89,U,3,64,2048,tiny|cta|blocked
posv,double,sm_89,U,3,64,8192,tiny|cta|blocked
posv,double,sm_89,U,3,64,32768,tiny|cta|blocked
posv,double,sm_89,U,4,1,128,tiny|cta|blocked
posv,double,sm_89,U,4,1,512,tiny|cta|blocked
posv,double,sm_89,U,4,1,2048,tiny|cta|blocked
posv,double,sm_89,U,4,1,8192,tiny|cta|blocked
posv,double,sm_89,U,4,1,32768,tiny|cta|blocked
posv,double,sm_89,U,4,2,128,tiny|cta|blocked
posv,double,sm_89,U,4,2,512,tiny|cta|blocked
posv,double,sm_89,U,4,2,2048,tiny|cta|blocked
posv,double,sm_89,U,4,2,8192,tiny|cta|blocked
posv,double,sm_89,U,4,2,32768,tiny|cta|blocked
posv,double,sm_89,U,4,4,128,tiny|cta|blocked
posv,double,sm_89,U,4,4,512,tiny|cta|blocked
posv,double,sm_89,U,4,4,2048,tiny|cta|blocked
posv,double,sm_89,U,4,4,8192,tiny|cta|blocked
posv,double,sm_89,U,4,4,32768,tiny|cta|blocked
posv,double,sm_89,U,4,8,128,tiny|cta|blocked
posv,double,sm_89,U,4,8,512,tiny|cta|blocked
posv,double,sm_89,U,4,8,2048,tiny|cta|blocked
posv,double,sm_89,U,4,8,8192,tiny|cta|blocked
posv,double,sm_89,U,4,8,32768,tiny|cta|blocked
posv,double,sm_89,U,4,16,128,tiny|cta|blocked
posv,double,sm_89,U,4,16,512,tiny|cta|blocked
posv,double,sm_89,U,4,16,2048,tiny|cta|blocked
posv,double,sm_89,U,4,16,8192,tiny|cta|blocked
posv,double,sm_89,U,4,16,32768,tiny|cta|blocked
posv,double,sm_89,U,4,64,128,tiny|cta|blocked
posv,double,sm_89,U,4,64,512,tiny|cta|blocked
posv,double,sm_89,U,4,64,2048,tiny|cta|blocked
posv,double,sm_89,U,4,64,8192,tiny|cta|blocked
posv,double,sm_89,U,4,64,32768,tiny|cta|blocked
posv,double,sm_89,U,6,1,128,tiny|cta|blocked
posv,double,sm_89,U,6,1,512,tiny|cta|blocked
posv,double,sm_89,U,6,1,2048,tiny|cta|blocked
posv,double,sm_89,U,6,1,8192,tiny|cta|blocked
posv,double,sm_89,U,6,1,32768,tiny|cta|blocked
posv,double,sm_89,U,6,2,128,tiny|cta|blocked
posv,double,sm_89,U,6,2,512,tiny|cta|blocked
posv,double,sm_89,U,6,2,2048,tiny|cta|blocked
posv,double,sm_89,U,6,2,8192,tiny|cta|blocked
posv,double,sm_89,U,6,2,32768,tiny|cta|blocked
posv,double,sm_89,U,6,4,128,tiny|cta|blocked
posv,double,sm_89,U,6,4,512,tiny|cta|blocked
posv,double,sm_89,U,6,4,2048,tiny|cta|blocked
posv,double,sm_89,U,6,4,8192,tiny|cta|blocked
posv,double,sm_89,U,6,4,32768,tiny|cta|blocked
posv,double,sm_89,U,6,8,128,tiny|cta|blocked
posv,double,sm_89,U,6,8,512,tiny|cta|blocked
posv,double,sm_89,U,6,8,2048,tiny|cta|blocked
posv,double,sm_89,U,6,8,8192,tiny|cta|blocked
posv,double,sm_89,U,6,8,32768,tiny|cta|blocked
posv,double,sm_89,U,6,16,128,tiny|cta|blocked
posv,double,sm_89,U,6,16,512,tiny|cta|blocked
posv,double,sm_89,U,6,16,2048,tiny|cta|blocked
posv,double,sm_89,U,6,16,8192,tiny|cta|blocked
posv,double,sm_89,U,6,16,32768,tiny|cta|blocked
posv,double,sm_89,U,6,64,128,tiny|cta|blocked
posv,double,sm_89,U,6,64,512,tiny|cta|blocked
posv,double,sm_89,U,6,64,2048,tiny|cta|blocked
posv,double,sm_89,U,6,64,8192,tiny|cta|blocked
posv,double,sm_89,U,6,64,32768,tiny|cta|blocked
posv,double,sm_89,U,8,1,128,tiny|cta|blocked
posv,double,sm_89,U,8,1,512,tiny|cta|blocked
posv,double,sm_89,U,8,1,2048,tiny|cta|blocked
posv,double,sm_89,U,8,1,8192,tiny|cta|blocked
posv,double,sm_89,U,8,1,32768,tiny|cta|blocked
posv,double,sm_89,U,8,2,128,tiny|cta|blocked
posv,double,sm_89,U,8,2,512,tiny|cta|blocked
posv,double,sm_89,U,8,2,2048,tiny|cta|blocked
posv,double,sm_89,U,8,2,8192,tiny|cta|blocked
posv,double,sm_89,U,8,2,32768,tiny|cta|blocked
posv,double,sm_89,U,8,4,128,tiny|cta|blocked
posv,double,sm_89,U,8,4,512,tiny|cta|blocked
posv,double,sm_89,U,8,4,2048,tiny|cta|blocked
posv,double,sm_89,U,8,4,8192,tiny|cta|blocked
posv,double,sm_89,U,8,4,32768,tiny|cta|blocked
posv,double,sm_89,U,8,8,128,tiny|cta|blocked
posv,double,sm_89,U,8,8,512,tiny|cta|blocked
posv,double,sm_89,U,8,8,2048,tiny|cta|blocked
posv,double,sm_89,U,8,8,8192,tiny|cta|blocked
posv,double,sm_89,U,8,8,32768,tiny|cta|blocked
posv,double,sm_89,U,8,16,128,tiny|cta|blocked
posv,double,sm_89,U,8,16,512,tiny|cta|blocked
posv,double,sm_89,U,8,16,2048,tiny|cta|blocked
posv,double,sm_89,U,8,16,8192,tiny|cta|blocked
posv,double,sm_89,U,8,16,32768,tiny|cta|blocked
posv,double,sm_89,U,8,64,128,tiny|cta|blocked
posv,double,sm_89,U,8,64,512,tiny|cta|blocked
posv,double,sm_89,U,8,64,2048,tiny|cta|blocked
posv,double,sm_89,U,8,64,8192,tiny|cta|blocked
posv,double,sm_89,U,8,64,32768,tiny|cta|blocked
posv,double,sm_89,U,12,1,128,tiny|cta|blocked
posv,double,sm_89,U,12,1,512,tiny|cta|blocked
posv,double,sm_89,U,12,1,2048,tiny|cta|blocked
posv,double,sm_89,U,12,1,8192,tiny|cta|blocked
posv,double,sm_89,U,12,1,32768,tiny|cta|blocked
posv,double,sm_89,U,12,2,128,tiny|cta|blocked
posv,double,sm_89,U,12,2,512,tiny|cta|blocked
posv,double,sm_89,U,12,2,2048,tiny|cta|blocked
posv,double,sm_89,U,12,2,8192,tiny|cta|blocked
posv,double,sm_89,U,12,2,32768,tiny|cta|blocked
posv,double,sm_89,U,12,4,128,tiny|cta|blocked
posv,double,sm_89,U,12,4,512,tiny|cta|blocked
posv,double,sm_89,U,12,4,2048,tiny|cta|blocked
posv,double,sm_89,U,12,4,8192,tiny|cta|blocked
posv,double,sm_89,U,12,4,32768,tiny|cta|blocked
posv,double,sm_89,U,12,8,128,tiny|cta|blocked
posv,double,sm_89,U,12,8,512,tiny|cta|blocked
posv,double,sm_89,U,12,8,2048,tiny|cta|blocked
posv,double,sm_89,U,12,8,8192,tiny|cta|blocked
posv,double,sm_89,U,12,8,32768,tiny|cta|blocked
posv,double,sm_89,U,12,16,128,tiny|cta|blocked
posv,double,sm_89,U,12,16,512,tiny|cta|blocked
posv,double,sm_89,U,12,16,2048,tiny|cta|blocked
posv,double,sm_89,U,12,16,8192,tiny|cta|blocked
posv,double,sm_89,U,12,16,32768,tiny|cta|blocked
posv,double,sm_89,U,12,64,128,tiny|cta|blocked
posv,double,sm_89,U,12,64,512,tiny|cta|blocked
posv,double,sm_89,U,12,64,2048,tiny|cta|blocked
posv,double,sm_89,U,12,64,8192,tiny|cta|blocked
posv,double,sm_89,U,12,64,32768,tiny|cta|blocked
posv,double,sm_89,U,16,1,128,tiny|cta|blocked
posv,double,sm_89,U,16,1,512,tiny|cta|blocked
posv,double,sm_89,U,16,1,2048,tiny|cta|blocked
posv,double,sm_89,U,16,1,8192,tiny|cta|blocked
posv,double,sm_89,U,16,1,32768,tiny|cta|blocked
posv,double,sm_89,U,16,2,128,tiny|cta|blocked
posv,double,sm_89,U,16,2,512,tiny|cta|blocked
posv,double,sm_89,U,16,2,2048,tiny|cta|blocked
posv,double,sm_89,U,16,2,8192,tiny|cta|blocked
posv,double,sm_89,U,16,2,32768,tiny|cta|blocked
posv,double,sm_89,U,16,4,128,tiny|cta|blocked
posv,double,sm_89,U,16,4,512,tiny|cta|blocked
posv,double,sm_89,U,16,4,2048,tiny|cta|blocked
posv,double,sm_89,U,16,4,8192,tiny|cta|blocked
posv,double,sm_89,U,16,4,32768,tiny|cta|blocked
posv,double,sm_89,U,16,8,128,tiny|cta|blocked
posv,double,sm_89,U,16,8,512,tiny|cta|blocked
posv,double,sm_89,U,16,8,2048,tiny|cta|blocked
posv,double,sm_89,U,16,8,8192,tiny|cta|blocked
posv,double,sm_89,U,16,8,32768,tiny|cta|blocked
posv,double,sm_89,U,16,16,128,tiny|cta|blocked
posv,double,sm_89,U,16,16,512,tiny|cta|blocked
posv,double,sm_89,U,16,16,2048,tiny|cta|blocked
posv,double,sm_89,U,16,16,8192,tiny|cta|blocked
posv,double,sm_89,U,16,16,32768,tiny|cta|blocked
posv,double,sm_89,U,16,64,128,tiny|cta|blocked
posv,double,sm_89,U,16,64,512,tiny|cta|blocked
posv,double,sm_89,U,16,64,2048,tiny|cta|blocked
posv,double,sm_89,U,16,64,8192,tiny|cta|blocked
posv,double,sm_89,U,16,64,32768,tiny|cta|blocked
posv,double,sm_89,U,20,1,128,tiny|cta|blocked
posv,double,sm_89,U,20,1,512,tiny|cta|blocked
posv,double,sm_89,U,20,1,2048,tiny|cta|blocked
posv,double,sm_89,U,20,1,8192,tiny|cta|blocked
posv,double,sm_89,U,20,1,32768,tiny|cta|blocked
posv,double,sm_89,U,20,2,128,tiny|cta|blocked
posv,double,sm_89,U,20,2,512,tiny|cta|blocked
posv,double,sm_89,U,20,2,2048,tiny|cta|blocked
posv,double,sm_89,U,20,2,8192,tiny|cta|blocked
posv,double,sm_89,U,20,2,32768,tiny|cta|blocked
posv,double,sm_89,U,20,4,128,tiny|cta|blocked
posv,double,sm_89,U,20,4,512,tiny|cta|blocked
posv,double,sm_89,U,20,4,2048,tiny|cta|blocked
posv,double,sm_89,U,20,4,8192,tiny|cta|blocked
posv,double,sm_89,U,20,4,32768,tiny|cta|blocked
posv,double,sm_89,U,20,8,128,tiny|cta|blocked
posv,double,sm_89,U,20,8,512,tiny|cta|blocked
posv,double,sm_89,U,20,8,2048,tiny|cta|blocked
posv,double,sm_89,U,20,8,8192,tiny|cta|blocked
posv,double,sm_89,U,20,8,32768,tiny|cta|blocked
posv,double,sm_89,U,20,16,128,tiny|cta|blocked
posv,double,sm_89,U,20,16,512,tiny|cta|blocked
posv,double,sm_89,U,20,16,2048,tiny|cta|blocked
posv,double,sm_89,U,20,16,8192,tiny|cta|blocked
posv,double,sm_89,U,20,16,32768,tiny|cta|blocked
posv,double,sm_89,U,20,64,128,tiny|cta|blocked
posv,double,sm_89,U,20,64,512,tiny|cta|blocked
posv,double,sm_89,U,20,64,2048,tiny|cta|blocked
posv,double,sm_89,U,20,64,8192,tiny|cta|blocked
posv,double,sm_89,U,20,64,32768,tiny|cta|blocked
posv,double,sm_89,U,24,1,128,tiny|cta|blocked
posv,double,sm_89,U,24,1,512,tiny|cta|blocked
posv,double,sm_89,U,24,1,2048,tiny|cta|blocked
posv,double,sm_89,U,24,1,8192,tiny|cta|blocked
posv,double,sm_89,U,24,1,32768,tiny|cta|blocked
posv,double,sm_89,U,24,2,128,tiny|cta|blocked
posv,double,sm_89,U,24,2,512,tiny|cta|blocked
posv,double,sm_89,U,24,2,2048,tiny|cta|blocked
posv,double,sm_89,U,24,2,8192,tiny|cta|blocked
posv,double,sm_89,U,24,2,32768,tiny|cta|blocked
posv,double,sm_89,U,24,4,128,tiny|cta|blocked
posv,double,sm_89,U,24,4,512,tiny|cta|blocked
posv,double,sm_89,U,24,4,2048,tiny|cta|blocked
posv,double,sm_89,U,24,4,8192,tiny|cta|blocked
posv,double,sm_89,U,24,4,32768,tiny|cta|blocked
posv,double,sm_89,U,24,8,128,tiny|cta|blocked
posv,double,sm_89,U,24,8,512,tiny|cta|blocked
posv,double,sm_89,U,24,8,2048,tiny|cta|blocked
posv,double,sm_89,U,24,8,8192,tiny|cta|blocked
posv,double,sm_89,U,24,8,32768,tiny|cta|blocked
posv,double,sm_89,U,24,16,128,tiny|cta|blocked
posv,double,sm_89,U,24,16,512,tiny|cta|blocked
posv,double,sm_89,U,24,16,2048,tiny|cta|blocked
posv,double,sm_89,U,24,16,8192,tiny|cta|blocked
posv,double,sm_89,U,24,16,32768,tiny|cta|blocked
posv,double,sm_89,U,24,64,128,tiny|cta|blocked
posv,double,sm_89,U,24,64,512,tiny|cta|blocked
posv,double,sm_89,U,24,64,2048,tiny|cta|blocked
posv,double,sm_89,U,24,64,8192,tiny|cta|blocked
posv,double,sm_89,U,24,64,32768,tiny|cta|blocked
posv,double,sm_89,U,28,1,128,tiny|cta|blocked
posv,double,sm_89,U,28,1,512,tiny|cta|blocked
posv,double,sm_89,U,28,1,2048,tiny|cta|blocked
posv,double,sm_89,U,28,1,8192,tiny|cta|blocked
posv,double,sm_89,U,28,1,32768,tiny|cta|blocked
posv,double,sm_89,U,28,2,128,tiny|cta|blocked
posv,double,sm_89,U,28,2,512,tiny|cta|blocked
posv,double,sm_89,U,28,2,2048,tiny|cta|blocked
posv,double,sm_89,U,28,2,8192,tiny|cta|blocked
posv,double,sm_89,U,28,2,32768,tiny|cta|blocked
posv,double,sm_89,U,28,4,128,tiny|cta|blocked
posv,double,sm_89,U,28,4,512,tiny|cta|blocked
posv,double,sm_89,U,28,4,2048,tiny|cta|blocked
posv,double,sm_89,U,28,4,8192,tiny|cta|blocked
posv,double,sm_89,U,28,4,32768,tiny|cta|blocked
posv,double,sm_89,U,28,8,128,tiny|cta|blocked
posv,double,sm_89,U,28,8,512,tiny|cta|blocked
posv,double,sm_89,U,28,8,2048,tiny|cta|blocked
posv,double,sm_89,U,28,8,8192,tiny|cta|blocked
posv,double,sm_89,U,28,8,32768,tiny|cta|blocked
posv,double,sm_89,U,28,16,128,tiny|cta|blocked
posv,double,sm_89,U,28,16,512,tiny|cta|blocked
posv,double,sm_89,U,28,16,2048,tiny|cta|blocked
posv,double,sm_89,U,28,16,8192,tiny|cta|blocked
posv,double,sm_89,U,28,16,32768,tiny|cta|blocked
posv,double,sm_89,U,28,64,128,tiny|cta|blocked
posv,double,sm_89,U,28,64,512,tiny|cta|blocked
posv,double,sm_89,U,28,64,2048,tiny|cta|blocked
posv,double,sm_89,U,28,64,8192,tiny|cta|blocked
posv,double,sm_89,U,28,64,32768,tiny|cta|blocked
posv,double,sm_89,U,32,1,128,tiny|cta|blocked
posv,double,sm_89,U,32,1,512,tiny|cta|blocked
posv,double,sm_89,U,32,1,2048,tiny|cta|blocked
posv,double,sm_89,U,32,1,8192,tiny|cta|blocked
posv,double,sm_89,U,32,1,32768,tiny|cta|blocked
posv,double,sm_89,U,32,2,128,tiny|cta|blocked
posv,double,sm_89,U,32,2,512,tiny|cta|blocked
posv,double,sm_89,U,32,2,2048,tiny|cta|blocked
posv,double,sm_89,U,32,2,8192,tiny|cta|blocked
posv,double,sm_89,U,32,2,32768,tiny|cta|blocked
posv,double,sm_89,U,32,4,128,tiny|cta|blocked
posv,double,sm_89,U,32,4,512,tiny|cta|blocked
posv,double,sm_89,U,32,4,2048,tiny|cta|blocked
posv,double,sm_89,U,32,4,8192,tiny|cta|blocked
posv,double,sm_89,U,32,4,32768,tiny|cta|blocked
posv,double,sm_89,U,32,8,128,tiny|cta|blocked
posv,double,sm_89,U,32,8,512,tiny|cta|blocked
posv,double,sm_89,U,32,8,2048,tiny|cta|blocked
posv,double,sm_89,U,32,8,8192,tiny|cta|blocked
posv,double,sm_89,U,32,8,32768,tiny|cta|blocked
posv,double,sm_89,U,32,16,128,tiny|cta|blocked
posv,double,sm_89,U,32,16,512,tiny|cta|blocked
posv,double,sm_89,U,32,16,2048,tiny|cta|blocked
posv,double,sm_89,U,32,16,8192,tiny|cta|blocked
posv,double,sm_89,U,32,16,32768,tiny|cta|blocked
posv,double,sm_89,U,32,64,128,tiny|cta|blocked
posv,double,sm_89,U,32,64,512,tiny|cta|blocked
posv,double,sm_89,U,32,64,2048,tiny|cta|blocked
posv,double,sm_89,U,32,64,8192,tiny|cta|blocked
posv,double,sm_89,U,32,64,32768,tiny|cta|blocked
posv,double,sm_89,U,36,1,128,cta|blocked
posv,double,sm_89,U,36,1,512,cta|blocked
posv,double,sm_89,U,36,1,2048,cta|blocked
posv,double,sm_89,U,36,1,8192,cta|blocked
posv,double,sm_89,U,36,1,32768,cta|blocked
posv,double,sm_89,U,36,2,128,cta|blocked
posv,double,sm_89,U,36,2,512,cta|blocked
posv,double,sm_89,U,36,2,2048,cta|blocked
posv,double,sm_89,U,36,2,8192,cta|blocked
posv,double,sm_89,U,36,2,32768,cta|blocked
posv,double,sm_89,U,36,4,128,cta|blocked
posv,double,sm_89,U,36,4,512,cta|blocked
posv,double,sm_89,U,36,4,2048,cta|blocked
posv,double,sm_89,U,36,4,8192,cta|blocked
posv,double,sm_89,U,36,4,32768,cta|blocked
posv,double,sm_89,U,36,8,128,cta|blocked
posv,double,sm_89,U,36,8,512,cta|blocked
posv,double,sm_89,U,36,8,2048,cta|blocked
posv,double,sm_89,U,36,8,8192,cta|blocked
posv,double,sm_89,U,36,8,32768,cta|blocked
posv,double,sm_89,U,36,16,128,cta|blocked
posv,double,sm_89,U,36,16,512,cta|blocked
posv,double,sm_89,U,36,16,2048,cta|blocked
posv,double,sm_89,U,36,16,8192,cta|blocked
posv,double,sm_89,U,36,16,32768,cta|blocked
posv,double,sm_89,U,36,64,128,cta|blocked
posv,double,sm_89,U,36,64,512,cta|blocked
posv,double,sm_89,U,36,64,2048,cta|blocked
posv,double,sm_89,U,36,64,8192,cta|blocked
posv,double,sm_89,U,36,64,32768,cta|blocked
posv,double,sm_89,U,40,1,128,cta|blocked
posv,double,sm_89,U,40,1,512,cta|blocked
posv,double,sm_89,U,40,1,2048,cta|blocked
posv,double,sm_89,U,40,1,8192,cta|blocked
posv,double,sm_89,U,40,1,32768,cta|blocked
posv,double,sm_89,U,40,2,128,cta|blocked
posv,double,sm_89,U,40,2,512,cta|blocked
posv,double,sm_89,U,40,2,2048,cta|blocked
posv,double,sm_89,U,40,2,8192,cta|blocked
posv,double,sm_89,U,40,2,32768,cta|blocked
posv,double,sm_89,U,40,4,128,cta|blocked
posv,double,sm_89,U,40,4,512,cta|blocked
posv,double,sm_89,U,40,4,2048,cta|blocked
posv,double,sm_89,U,40,4,8192,cta|blocked
posv,double,sm_89,U,40,4,32768,cta|blocked
posv,double,sm_89,U,40,8,128,cta|blocked
posv,double,sm_89,U,40,8,512,cta|blocked
posv,double,sm_89,U,40,8,2048,cta|blocked
posv,double,sm_89,U,40,8,8192,cta|blocked
posv,double,sm_89,U,40,8,32768,cta|blocked
posv,double,sm_89,U,40,16,128,cta|blocked
posv,double,sm_89,U,40,16,512,cta|blocked
posv,double,sm_89,U,40,16,2048,cta|blocked
posv,double,sm_89,U,40,16,8192,cta|blocked
posv,double,sm_89,U,40,16,32768,cta|blocked
posv,double,sm_89,U,40,64,128,cta|blocked
posv,double,sm_89,U,40,64,512,cta|blocked
posv,double,sm_89,U,40,64,2048,cta|blocked
posv,double,sm_89,U,40,64,8192,cta|blocked
posv,double,sm_89,U,40,64,32768,cta|blocked
posv,double,sm_89,U,48,1,128,cta|blocked
posv,double,sm_89,U,48,1,512,cta|blocked
posv,double,sm_89,U,48,1,2048,cta|blocked
posv,double,sm_89,U,48,1,8192,cta|blocked
posv,double,sm_89,U,48,1,32768,cta|blocked
posv,double,sm_89,U,48,2,128,cta|blocked
posv,double,sm_89,U,48,2,512,cta|blocked
posv,double,sm_89,U,48,2,2048,cta|blocked
posv,double,sm_89,U,48,2,8192,cta|blocked
posv,double,sm_89,U,48,2,32768,cta|blocked
posv,double,sm_89,U,48,4,128,cta|blocked
posv,double,sm_89,U,48,4,512,cta|blocked
posv,double,sm_89,U,48,4,2048,cta|blocked
posv,double,sm_89,U,48,4,8192,cta|blocked
posv,double,sm_89,U,48,4,32768,cta|blocked
posv,double,sm_89,U,48,8,128,cta|blocked
posv,double,sm_89,U,48,8,512,cta|blocked
posv,double,sm_89,U,48,8,2048,cta|blocked
posv,double,sm_89,U,48,8,8192,cta|blocked
posv,double,sm_89,U,48,8,32768,cta|blocked
posv,double,sm_89,U,48,16,128,cta|blocked
posv,double,sm_89,U,48,16,512,cta|blocked
posv,double,sm_89,U,48,16,2048,cta|blocked
posv,double,sm_89,U,48,16,8192,cta|blocked
posv,double,sm_89,U,48,16,32768,cta|blocked
posv,double,sm_89,U,48,64,128,cta|blocked
posv,double,sm_89,U,48,64,512,cta|blocked
posv,double,sm_89,U,48,64,2048,cta|blocked
posv,double,sm_89,U,48,64,8192,cta|blocked
posv,double,sm_89,U,48,64,32768,cta|blocked
posv,double,sm_89,U,56,1,128,cta|blocked
posv,double,sm_89,U,56,1,512,cta|blocked
posv,double,sm_89,U,56,1,2048,cta|blocked
posv,double,sm_89,U,56,1,8192,cta|blocked
posv,double,sm_89,U,56,1,32768,cta|blocked
posv,double,sm_89,U,56,2,128,cta|blocked
posv,double,sm_89,U,56,2,512,cta|blocked
posv,double,sm_89,U,56,2,2048,cta|blocked
posv,double,sm_89,U,56,2,8192,cta|blocked
posv,double,sm_89,U,56,2,32768,cta|blocked
posv,double,sm_89,U,56,4,128,cta|blocked
posv,double,sm_89,U,56,4,512,cta|blocked
posv,double,sm_89,U,56,4,2048,cta|blocked
posv,double,sm_89,U,56,4,8192,cta|blocked
posv,double,sm_89,U,56,4,32768,cta|blocked
posv,double,sm_89,U,56,8,128,cta|blocked
posv,double,sm_89,U,56,8,512,cta|blocked
posv,double,sm_89,U,56,8,2048,cta|blocked
posv,double,sm_89,U,56,8,8192,cta|blocked
posv,double,sm_89,U,56,8,32768,cta|blocked
posv,double,sm_89,U,56,16,128,cta|blocked
posv,double,sm_89,U,56,16,512,cta|blocked
posv,double,sm_89,U,56,16,2048,cta|blocked
posv,double,sm_89,U,56,16,8192,cta|blocked
posv,double,sm_89,U,56,16,32768,cta|blocked
posv,double,sm_89,U,56,64,128,cta|blocked
posv,double,sm_89,U,56,64,512,cta|blocked
posv,double,sm_89,U,56,64,2048,cta|blocked
posv,double,sm_89,U,56,64,8192,cta|blocked
posv,double,sm_89,U,56,64,32768,cta|blocked
posv,double,sm_89,U,64,1,128,cta|blocked
posv,double,sm_89,U,64,1,512,cta|blocked
posv,double,sm_89,U,64,1,2048,cta|blocked
posv,double,sm_89,U,64,1,8192,cta|blocked
posv,double,sm_89,U,64,1,32768,cta|blocked
posv,double,sm_89,U,64,2,128,cta|blocked
posv,double,sm_89,U,64,2,512,cta|blocked
posv,double,sm_89,U,64,2,2048,cta|blocked
posv,double,sm_89,U,64,2,8192,cta|blocked
posv,double,sm_89,U,64,2,32768,cta|blocked
posv,double,sm_89,U,64,4,128,cta|blocked
posv,double,sm_89,U,64,4,512,cta|blocked
posv,double,sm_89,U,64,4,2048,cta|blocked
posv,double,sm_89,U,64,4,8192,cta|blocked
posv,double,sm_89,U,64,4,32768,cta|blocked
posv,double,sm_89,U,64,8,128,cta|blocked
posv,double,sm_89,U,64,8,512,cta|blocked
posv,double,sm_89,U,64,8,2048,cta|blocked
posv,double,sm_89,U,64,8,8192,cta|blocked
posv,double,sm_89,U,64,8,32768,cta|blocked
posv,double,sm_89,U,64,16,128,cta|blocked
posv,double,sm_89,U,64,16,512,cta|blocked
posv,double,sm_89,U,64,16,2048,cta|blocked
posv,double,sm_89,U,64,16,8192,cta|blocked
posv,double,sm_89,U,64,16,32768,cta|blocked
posv,double,sm_89,U,64,64,128,cta|blocked
posv,double,sm_89,U,64,64,512,cta|blocked
posv,double,sm_89,U,64,64,2048,cta|blocked
posv,double,sm_89,U,64,64,8192,cta|blocked
posv,double,sm_89,U,64,64,32768,cta|blocked
posv,double,sm_89,U,80,1,128,cta|blocked
posv,double,sm_89,U,80,1,512,cta|blocked
posv,double,sm_89,U,80,1,2048,cta|blocked
posv,double,sm_89,U,80,1,8192,cta|blocked
posv,double,sm_89,U,80,1,32768,cta|blocked
posv,double,sm_89,U,80,2,128,cta|blocked
posv,double,sm_89,U,80,2,512,cta|blocked
posv,double,sm_89,U,80,2,2048,cta|blocked
posv,double,sm_89,U,80,2,8192,cta|blocked
posv,double,sm_89,U,80,2,32768,cta|blocked
posv,double,sm_89,U,80,4,128,cta|blocked
posv,double,sm_89,U,80,4,512,cta|blocked
posv,double,sm_89,U,80,4,2048,cta|blocked
posv,double,sm_89,U,80,4,8192,cta|blocked
posv,double,sm_89,U,80,4,32768,cta|blocked
posv,double,sm_89,U,80,8,128,cta|blocked
posv,double,sm_89,U,80,8,512,cta|blocked
posv,double,sm_89,U,80,8,2048,cta|blocked
posv,double,sm_89,U,80,8,8192,cta|blocked
posv,double,sm_89,U,80,8,32768,cta|blocked
posv,double,sm_89,U,80,16,128,cta|blocked
posv,double,sm_89,U,80,16,512,cta|blocked
posv,double,sm_89,U,80,16,2048,cta|blocked
posv,double,sm_89,U,80,16,8192,cta|blocked
posv,double,sm_89,U,80,16,32768,cta|blocked
posv,double,sm_89,U,80,64,128,cta|blocked
posv,double,sm_89,U,80,64,512,cta|blocked
posv,double,sm_89,U,80,64,2048,cta|blocked
posv,double,sm_89,U,80,64,8192,cta|blocked
posv,double,sm_89,U,80,64,32768,cta|blocked
posv,double,sm_89,U,96,1,128,cta|blocked
posv,double,sm_89,U,96,1,512,cta|blocked
posv,double,sm_89,U,96,1,2048,cta|blocked
posv,double,sm_89,U,96,1,8192,cta|blocked
posv,double,sm_89,U,96,1,32768,cta|blocked
posv,double,sm_89,U,96,2,128,cta|blocked
posv,double,sm_89,U,96,2,512,cta|blocked
posv,double,sm_89,U,96,2,2048,cta|blocked
posv,double,sm_89,U,96,2,8192,cta|blocked
posv,double,sm_89,U,96,2,32768,cta|blocked
posv,double,sm_89,U,96,4,128,cta|blocked
posv,double,sm_89,U,96,4,512,cta|blocked
posv,double,sm_89,U,96,4,2048,cta|blocked
posv,double,sm_89,U,96,4,8192,cta|blocked
posv,double,sm_89,U,96,4,32768,cta|blocked
posv,double,sm_89,U,96,8,128,cta|blocked
posv,double,sm_89,U,96,8,512,cta|blocked
posv,double,sm_89,U,96,8,2048,cta|blocked
posv,double,sm_89,U,96,8,8192,cta|blocked
posv,double,sm_89,U,96,8,32768,cta|blocked
posv,double,sm_89,U,96,16,128,cta|blocked
posv,double,sm_89,U,96,16,512,cta|blocked
posv,double,sm_89,U,96,16,2048,cta|blocked
posv,double,sm_89,U,96,16,8192,cta|blocked
posv,double,sm_89,U,96,16,32768,cta|blocked
posv,double,sm_89,U,96,64,128,cta|blocked
posv,double,sm_89,U,96,64,512,cta|blocked
posv,double,sm_89,U,96,64,2048,cta|blocked
posv,double,sm_89,U,96,64,8192,cta|blocked
posv,double,sm_89,U,96,64,32768,cta|blocked
posv,double,sm_89,U,112,1,128,cta|blocked
posv,double,sm_89,U,112,1,512,cta|blocked
posv,double,sm_89,U,112,1,2048,cta|blocked
posv,double,sm_89,U,112,1,8192,cta|blocked
posv,double,sm_89,U,112,1,32768,cta|blocked
posv,double,sm_89,U,112,2,128,cta|blocked
posv,double,sm_89,U,112,2,512,cta|blocked
posv,double,sm_89,U,112,2,2048,cta|blocked
posv,double,sm_89,U,112,2,8192,cta|blocked
posv,double,sm_89,U,112,2,32768,cta|blocked
posv,double,sm_89,U,112,4,128,cta|blocked
posv,double,sm_89,U,112,4,512,cta|blocked
posv,double,sm_89,U,112,4,2048,cta|blocked
posv,double,sm_89,U,112,4,8192,cta|blocked
posv,double,sm_89,U,112,4,32768,cta|blocked
posv,double,sm_89,U,112,8,128,cta|blocked
posv,double,sm_89,U,112,8,512,cta|blocked
posv,double,sm_89,U,112,8,2048,cta|blocked
posv,double,sm_89,U,112,8,8192,cta|blocked
posv,double,sm_89,U,112,8,32768,cta|blocked
posv,double,sm_89,U,112,16,128,cta|blocked
posv,double,sm_89,U,112,16,512,cta|blocked
posv,double,sm_89,U,112,16,2048,cta|blocked
posv,double,sm_89,U,112,16,8192,cta|blocked
posv,double,sm_89,U,112,16,32768,cta|blocked
posv,double,sm_89,U,112,64,128,cta|blocked
posv,double,sm_89,U,112,64,512,cta|blocked
posv,double,sm_89,U,112,64,2048,cta|blocked
posv,double,sm_89,U,112,64,8192,cta|blocked
posv,double,sm_89,U,112,64,32768,cta|blocked
posv,double,sm_89,U,128,1,128,cta|blocked
posv,double,sm_89,U,128,1,512,cta|blocked
posv,double,sm_89,U,128,1,2048,cta|blocked
posv,double,sm_89,U,128,1,8192,cta|blocked
posv,double,sm_89,U,128,1,32768,cta|blocked
posv,double,sm_89,U,128,2,128,cta|blocked
posv,double,sm_89,U,128,2,512,cta|blocked
posv,double,sm_89,U,128,2,2048,cta|blocked
posv,double,sm_89,U,128,2,8192,cta|blocked
posv,double,sm_89,U,128,2,32768,cta|blocked
posv,double,sm_89,U,128,4,128,cta|blocked
posv,double,sm_89,U,128,4,512,cta|blocked
posv,double,sm_89,U,128,4,2048,cta|blocked
posv,double,sm_89,U,128,4,8192,cta|blocked
posv,double,sm_89,U,128,4,32768,cta|blocked
posv,double,sm_89,U,128,8,128,cta|blocked
posv,double,sm_89,U,128,8,512,cta|blocked
posv,double,sm_89,U,128,8,2048,cta|blocked
posv,double,sm_89,U,128,8,8192,cta|blocked
posv,double,sm_89,U,128,8,32768,cta|blocked
posv,double,sm_89,U,128,16,128,cta|blocked
posv,double,sm_89,U,128,16,512,cta|blocked
posv,double,sm_89,U,128,16,2048,cta|blocked
posv,double,sm_89,U,128,16,8192,cta|blocked
posv,double,sm_89,U,128,16,32768,cta|blocked
posv,double,sm_89,U,128,64,128,cta|blocked
posv,double,sm_89,U,128,64,512,cta|blocked
posv,double,sm_89,U,128,64,2048,cta|blocked
posv,double,sm_89,U,128,64,8192,cta|blocked
posv,double,sm_89,U,128,64,32768,cta|blocked
posv,double,sm_89,U,160,1,128,cta|blocked
posv,double,sm_89,U,160,1,512,cta|blocked
posv,double,sm_89,U,160,1,2048,cta|blocked
posv,double,sm_89,U,160,1,8192,cta|blocked
posv,double,sm_89,U,160,1,32768,cta|blocked
posv,double,sm_89,U,160,2,128,cta|blocked
posv,double,sm_89,U,160,2,512,cta|blocked
posv,double,sm_89,U,160,2,2048,cta|blocked
posv,double,sm_89,U,160,2,8192,cta|blocked
posv,double,sm_89,U,160,2,32768,cta|blocked
posv,double,sm_89,U,160,4,128,cta|blocked
posv,double,sm_89,U,160,4,512,cta|blocked
posv,double,sm_89,U,160,4,2048,cta|blocked
posv,double,sm_89,U,160,4,8192,cta|blocked
posv,double,sm_89,U,160,4,32768,cta|blocked
posv,double,sm_89,U,160,8,128,cta|blocked
posv,double,sm_89,U,160,8,512,cta|blocked
posv,double,sm_89,U,160,8,2048,cta|blocked
posv,double,sm_89,U,160,8,8192,cta|blocked
posv,double,sm_89,U,160,8,32768,cta|blocked
posv,double,sm_89,U,160,16,128,cta|blocked
posv,double,sm_89,U,160,16,512,cta|blocked
posv,double,sm_89,U,160,16,2048,cta|blocked
posv,double,sm_89,U,160,16,8192,cta|blocked
posv,double,sm_89,U,160,16,32768,cta|blocked
posv,double,sm_89,U,160,64,128,cta|blocked
posv,double,sm_89,U,160,64,512,cta|blocked
posv,double,sm_89,U,160,64,2048,cta|blocked
posv,double,sm_89,U,160,64,8192,cta|blocked
posv,double,sm_89,U,160,64,32768,cta|blocked
posv,double,sm_89,U,192,1,128,cta|blocked
posv,double,sm_89,U,192,1,512,cta|blocked
posv,double,sm_89,U,192,1,2048,cta|blocked
posv,double,sm_89,U,192,1,8192,cta|blocked
posv,double,sm_89,U,192,1,32768,cta|blocked
posv,double,sm_89,U,192,2,128,cta|blocked
posv,double,sm_89,U,192,2,512,cta|blocked
posv,double,sm_89,U,192,2,2048,cta|blocked
posv,double,sm_89,U,192,2,8192,cta|blocked
posv,double,sm_89,U,192,2,32768,cta|blocked
posv,double,sm_89,U,192,4,128,cta|blocked
posv,double,sm_89,U,192,4,512,cta|blocked
posv,double,sm_89,U,192,4,2048,cta|blocked
posv,double,sm_89,U,192,4,8192,cta|blocked
posv,double,sm_89,U,192,4,32768,cta|blocked
posv,double,sm_89,U,192,8,128,cta|blocked
posv,double,sm_89,U,192,8,512,cta|blocked
posv,double,sm_89,U,192,8,2048,cta|blocked
posv,double,sm_89,U,192,8,8192,cta|blocked
posv,double,sm_89,U,192,8,32768,cta|blocked
posv,double,sm_89,U,192,16,128,cta|blocked
posv,double,sm_89,U,192,16,512,cta|blocked
posv,double,sm_89,U,192,16,2048,cta|blocked
posv,double,sm_89,U,192,16,8192,cta|blocked
posv,double,sm_89,U,192,16,32768,cta|blocked
posv,double,sm_89,U,192,64,128,cta|blocked
posv,double,sm_89,U,192,64,512,cta|blocked
posv,double,sm_89,U,192,64,2048,cta|blocked
posv,double,sm_89,U,192,64,8192,cta|blocked
posv,double,sm_89,U,192,64,32768,cta|blocked
posv,double,sm_89,U,224,1,128,cta|blocked
posv,double,sm_89,U,224,1,512,cta|blocked
posv,double,sm_89,U,224,1,2048,cta|blocked
posv,double,sm_89,U,224,1,8192,cta|blocked
posv,double,sm_89,U,224,1,32768,cta|blocked
posv,double,sm_89,U,224,2,128,cta|blocked
posv,double,sm_89,U,224,2,512,cta|blocked
posv,double,sm_89,U,224,2,2048,cta|blocked
posv,double,sm_89,U,224,2,8192,cta|blocked
posv,double,sm_89,U,224,2,32768,cta|blocked
posv,double,sm_89,U,224,4,128,cta|blocked
posv,double,sm_89,U,224,4,512,cta|blocked
posv,double,sm_89,U,224,4,2048,cta|blocked
posv,double,sm_89,U,224,4,8192,cta|blocked
posv,double,sm_89,U,224,4,32768,cta|blocked
posv,double,sm_89,U,224,8,128,cta|blocked
posv,double,sm_89,U,224,8,512,cta|blocked
posv,double,sm_89,U,224,8,2048,cta|blocked
posv,double,sm_89,U,224,8,8192,cta|blocked
posv,double,sm_89,U,224,8,32768,cta|blocked
posv,double,sm_89,U,224,16,128,cta|blocked
posv,double,sm_89,U,224,16,512,cta|blocked
posv,double,sm_89,U,224,16,2048,cta|blocked
posv,double,sm_89,U,224,16,8192,cta|blocked
posv,double,sm_89,U,224,16,32768,cta|blocked
posv,double,sm_89,U,224,64,128,cta|blocked
posv,double,sm_89,U,224,64,512,cta|blocked
posv,double,sm_89,U,224,64,2048,cta|blocked
posv,double,sm_89,U,224,64,8192,cta|blocked
posv,double,sm_89,U,224,64,32768,cta|blocked
posv,double,sm_89,U,256,1,128,cta|blocked
posv,double,sm_89,U,256,1,512,cta|blocked
posv,double,sm_89,U,256,1,2048,cta|blocked
posv,double,sm_89,U,256,1,8192,cta|blocked
posv,double,sm_89,U,256,1,32768,cta|blocked
posv,double,sm_89,U,256,2,128,cta|blocked
posv,double,sm_89,U,256,2,512,cta|blocked
posv,double,sm_89,U,256,2,2048,cta|blocked
posv,double,sm_89,U,256,2,8192,cta|blocked
posv,double,sm_89,U,256,2,32768,cta|blocked
posv,double,sm_89,U,256,4,128,cta|blocked
posv,double,sm_89,U,256,4,512,cta|blocked
posv,double,sm_89,U,256,4,2048,cta|blocked
posv,double,sm_89,U,256,4,8192,cta|blocked
posv,double,sm_89,U,256,4,32768,cta|blocked
posv,double,sm_89,U,256,8,128,cta|blocked
posv,double,sm_89,U,256,8,512,cta|blocked
posv,double,sm_89,U,256,8,2048,cta|blocked
posv,double,sm_89,U,256,8,8192,cta|blocked
posv,double,sm_89,U,256,8,32768,cta|blocked
posv,double,sm_89,U,256,16,128,cta|blocked
posv,double,sm_89,U,256,16,512,cta|blocked
posv,double,sm_89,U,256,16,2048,cta|blocked
posv,double,sm_89,U,256,16,8192,cta|blocked
posv,double,sm_89,U,256,16,32768,cta|blocked
posv,double,sm_89,U,256,64,128,cta|blocked
posv,double,sm_89,U,256,64,512,cta|blocked
posv,double,sm_89,U,256,64,2048,cta|blocked
posv,double,sm_89,U,256,64,8192,cta|blocked
posv,double,sm_89,U,256,64,32768,cta|blocked
posv,double,sm_89,U,288,1,128,cta|blocked
posv,double,sm_89,U,288,1,512,cta|blocked
posv,double,sm_89,U,288,1,2048,cta|blocked
posv,double,sm_89,U,288,1,8192,cta|blocked
posv,double,sm_89,U,288,1,32768,cta|blocked
posv,double,sm_89,U,288,2,128,cta|blocked
posv,double,sm_89,U,288,2,512,cta|blocked
posv,double,sm_89,U,288,2,2048,cta|blocked
posv,double,sm_89,U,288,2,8192,cta|blocked
posv,double,sm_89,U,288,2,32768,cta|blocked
posv,double,sm_89,U,288,4,128,cta|blocked
posv,double,sm_89,U,288,4,512,cta|blocked
posv,double,sm_89,U,288,4,2048,cta|blocked
posv,double,sm_89,U,288,4,8192,cta|blocked
posv,double,sm_89,U,288,4,32768,cta|blocked
posv,double,sm_89,U,288,8,128,cta|blocked
posv,double,sm_89,U,288,8,512,cta|blocked
posv,double,sm_89,U,288,8,2048,cta|blocked
posv,double,sm_89,U,288,8,8192,cta|blocked
posv,double,sm_89,U,288,8,32768,cta|blocked
posv,double,sm_89,U,288,16,128,cta|blocked
posv,double,sm_89,U,288,16,512,cta|blocked
posv,double,sm_89,U,288,16,2048,cta|blocked
posv,double,sm_89,U,288,16,8192,cta|blocked
posv,double,sm_89,U,288,16,32768,cta|blocked
posv,double,sm_89,U,288,64,128,cta|blocked
posv,double,sm_89,U,288,64,512,cta|blocked
posv,double,sm_89,U,288,64,2048,cta|blocked
posv,double,sm_89,U,288,64,8192,cta|blocked
posv,double,sm_89,U,288,64,32768,cta|blocked
posv,double,sm_89,U,320,1,128,cta|blocked
posv,double,sm_89,U,320,1,512,cta|blocked
posv,double,sm_89,U,320,1,2048,cta|blocked
posv,double,sm_89,U,320,1,8192,cta|blocked
posv,double,sm_89,U,320,1,32768,cta|blocked
posv,double,sm_89,U,320,2,128,cta|blocked
posv,double,sm_89,U,320,2,512,cta|blocked
posv,double,sm_89,U,320,2,2048,cta|blocked
posv,double,sm_89,U,320,2,8192,cta|blocked
posv,double,sm_89,U,320,2,32768,cta|blocked
posv,double,sm_89,U,320,4,128,cta|blocked
posv,double,sm_89,U,320,4,512,cta|blocked
posv,double,sm_89,U,320,4,2048,cta|blocked
posv,double,sm_89,U,320,4,8192,cta|blocked
posv,double,sm_89,U,320,4,32768,cta|blocked
posv,double,sm_89,U,320,8,128,cta|blocked
posv,double,sm_89,U,320,8,512,cta|blocked
posv,double,sm_89,U,320,8,2048,cta|blocked
posv,double,sm_89,U,320,8,8192,cta|blocked
posv,double,sm_89,U,320,8,32768,cta|blocked
posv,double,sm_89,U,320,16,128,cta|blocked
posv,double,sm_89,U,320,16,512,cta|blocked
posv,double,sm_89,U,320,16,2048,cta|blocked
posv,double,sm_89,U,320,16,8192,cta|blocked
posv,double,sm_89,U,320,16,32768,cta|blocked
posv,double,sm_89,U,320,64,128,cta|blocked
posv,double,sm_89,U,320,64,512,cta|blocked
posv,double,sm_89,U,320,64,2048,cta|blocked
posv,double,sm_89,U,320,64,8192,cta|blocked
posv,double,sm_89,U,320,64,32768,cta|blocked
posv,double,sm_89,U,384,1,128,cta|blocked
posv,double,sm_89,U,384,1,512,cta|blocked
posv,double,sm_89,U,384,1,2048,cta|blocked
posv,double,sm_89,U,384,1,8192,cta|blocked
posv,double,sm_89,U,384,1,32768,cta|blocked
posv,double,sm_89,U,384,2,128,cta|blocked
posv,double,sm_89,U,384,2,512,cta|blocked
posv,double,sm_89,U,384,2,2048,cta|blocked
posv,double,sm_89,U,384,2,8192,cta|blocked
posv,double,sm_89,U,384,2,32768,cta|blocked
posv,double,sm_89,U,384,4,128,cta|blocked
posv,double,sm_89,U,384,4,512,cta|blocked
posv,double,sm_89,U,384,4,2048,cta|blocked
posv,double,sm_89,U,384,4,8192,cta|blocked
posv,double,sm_89,U,384,4,32768,cta|blocked
posv,double,sm_89,U,384,8,128,cta|blocked
posv,double,sm_89,U,384,8,512,cta|blocked
posv,double,sm_89,U,384,8,2048,cta|blocked
posv,double,sm_89,U,384,8,8192,cta|blocked
posv,double,sm_89,U,384,8,32768,cta|blocked
posv,double,sm_89,U,384,16,128,cta|blocked
posv,double,sm_89,U,384,16,512,cta|blocked
posv,double,sm_89,U,384,16,2048,cta|blocked
posv,double,sm_89,U,384,16,8192,cta|blocked
posv,double,sm_89,U,384,16,32768,cta|blocked
posv,double,sm_89,U,384,64,128,cta|blocked
posv,double,sm_89,U,384,64,512,cta|blocked
posv,double,sm_89,U,384,64,2048,cta|blocked
posv,double,sm_89,U,384,64,8192,cta|blocked
posv,double,sm_89,U,384,64,32768,cta|blocked
posv,double,sm_89,U,448,1,128,cta|blocked
posv,double,sm_89,U,448,1,512,cta|blocked
posv,double,sm_89,U,448,1,2048,cta|blocked
posv,double,sm_89,U,448,1,8192,cta|blocked
posv,double,sm_89,U,448,1,32768,cta|blocked
posv,double,sm_89,U,448,2,128,cta|blocked
posv,double,sm_89,U,448,2,512,cta|blocked
posv,double,sm_89,U,448,2,2048,cta|blocked
posv,double,sm_89,U,448,2,8192,cta|blocked
posv,double,sm_89,U,448,2,32768,cta|blocked
posv,double,sm_89,U,448,4,128,cta|blocked
posv,double,sm_89,U,448,4,512,cta|blocked
posv,double,sm_89,U,448,4,2048,cta|blocked
posv,double,sm_89,U,448,4,8192,cta|blocked
posv,double,sm_89,U,448,4,32768,cta|blocked
posv,double,sm_89,U,448,8,128,cta|blocked
posv,double,sm_89,U,448,8,512,cta|blocked
posv,double,sm_89,U,448,8,2048,cta|blocked
posv,double,sm_89,U,448,8,8192,cta|blocked
posv,double,sm_89,U,448,8,32768,cta|blocked
posv,double,sm_89,U,448,16,128,cta|blocked
posv,double,sm_89,U,448,16,512,cta|blocked
posv,double,sm_89,U,448,16,2048,cta|blocked
posv,double,sm_89,U,448,16,8192,cta|blocked
posv,double,sm_89,U,448,16,32768,cta|blocked
posv,double,sm_89,U,448,64,128,cta|blocked
posv,double,sm_89,U,448,64,512,cta|blocked
posv,double,sm_89,U,448,64,2048,cta|blocked
posv,double,sm_89,U,448,64,8192,cta|blocked
posv,double,sm_89,U,448,64,32768,cta|blocked
posv,double,sm_89,U,512,1,128,cta|blocked
posv,double,sm_89,U,512,1,512,cta|blocked
posv,double,sm_89,U,512,1,2048,cta|blocked
posv,double,sm_89,U,512,1,8192,cta|blocked
posv,double,sm_89,U,512,1,32768,cta|blocked
posv,double,sm_89,U,512,2,128,cta|blocked
posv,double,sm_89,U,512,2,512,cta|blocked
posv,double,sm_89,U,512,2,2048,cta|blocked
posv,double,sm_89,U,512,2,8192,cta|blocked
posv,double,sm_89,U,512,2,32768,cta|blocked
posv,double,sm_89,U,512,4,128,cta|blocked
posv,double,sm_89,U,512,4,512,cta|blocked
posv,double,sm_89,U,512,4,2048,cta|blocked
posv,double,sm_89,U,512,4,8192,cta|blocked
posv,double,sm_89,U,512,4,32768,cta|blocked
posv,double,sm_89,U,512,8,128,cta|blocked
posv,double,sm_89,U,512,8,512,cta|blocked
posv,double,sm_89,U,512,8,2048,cta|blocked
posv,double,sm_89,U,512,8,8192,cta|blocked
posv,double,sm_89,U,512,8,32768,cta|blocked
posv,double,sm_89,U,512,16,128,cta|blocked
posv,double,sm_89,U,512,16,512,cta|blocked
posv,double,sm_89,U,512,16,2048,cta|blocked
posv,double,sm_89,U,512,16,8192,cta|blocked
posv,double,sm_89,U,512,16,32768,cta|blocked
posv,double,sm_89,U,512,64,128,cta|blocked
posv,double,sm_89,U,512,64,512,cta|blocked
posv,double,sm_89,U,512,64,2048,cta|blocked
posv,double,sm_89,U,512,64,8192,cta|blocked
posv,double,sm_89,U,512,64,32768,cta|blocked
posv,double,sm_89,U,640,1,128,cta|blocked
posv,double,sm_89,U,640,1,512,cta|blocked
posv,double,sm_89,U,640,1,2048,cta|blocked
posv,double,sm_89,U,640,1,8192,cta|blocked
posv,double,sm_89,U,640,1,32768,cta|blocked
posv,double,sm_89,U,640,2,128,cta|blocked
posv,double,sm_89,U,640,2,512,cta|blocked
posv,double,sm_89,U,640,2,2048,cta|blocked
posv,double,sm_89,U,640,2,8192,cta|blocked
posv,double,sm_89,U,640,2,32768,cta|blocked
posv,double,sm_89,U,640,4,128,cta|blocked
posv,double,sm_89,U,640,4,512,cta|blocked
posv,double,sm_89,U,640,4,2048,cta|blocked
posv,double,sm_89,U,640,4,8192,cta|blocked
posv,double,sm_89,U,640,4,32768,cta|blocked
posv,double,sm_89,U,640,8,128,cta|blocked
posv,double,sm_89,U,640,8,512,cta|blocked
posv,double,sm_89,U,640,8,2048,cta|blocked
posv,double,sm_89,U,640,8,8192,cta|blocked
posv,double,sm_89,U,640,8,32768,cta|blocked
posv,double,sm_89,U,640,16,128,cta|blocked
posv,double,sm_89,U,640,16,512,cta|blocked
posv,double,sm_89,U,640,16,2048,cta|blocked
posv,double,sm_89,U,640,16,8192,cta|blocked
posv,double,sm_89,U,640,16,32768,cta|blocked
posv,double,sm_89,U,640,64,128,cta|blocked
posv,double,sm_89,U,640,64,512,cta|blocked
posv,double,sm_89,U,640,64,2048,cta|blocked
posv,double,sm_89,U,640,64,8192,cta|blocked
posv,double,sm_89,U,640,64,32768,cta|blocked
posv,double,sm_89,U,768,1,128,cta|blocked
posv,double,sm_89,U,768,1,512,cta|blocked
posv,double,sm_89,U,768,1,2048,cta|blocked
posv,double,sm_89,U,768,1,8192,cta|blocked
posv,double,sm_89,U,768,1,32768,cta|blocked
posv,double,sm_89,U,768,2,128,cta|blocked
posv,double,sm_89,U,768,2,512,cta|blocked
posv,double,sm_89,U,768,2,2048,cta|blocked
posv,double,sm_89,U,768,2,8192,cta|blocked
posv,double,sm_89,U,768,2,32768,cta|blocked
posv,double,sm_89,U,768,4,128,cta|blocked
posv,double,sm_89,U,768,4,512,cta|blocked
posv,double,sm_89,U,768,4,2048,cta|blocked
posv,double,sm_89,U,768,4,8192,cta|blocked
posv,double,sm_89,U,768,4,32768,cta|blocked
posv,double,sm_89,U,768,8,128,cta|blocked
posv,double,sm_89,U,768,8,512,cta|blocked
posv,double,sm_89,U,768,8,2048,cta|blocked
posv,double,sm_89,U,768,8,8192,cta|blocked
posv,double,sm_89,U,768,8,32768,cta|blocked
posv,double,sm_89,U,768,16,128,cta|blocked
posv,double,sm_89,U,768,16,512,cta|blocked
posv,double,sm_89,U,768,16,2048,cta|blocked
posv,double,sm_89,U,768,16,8192,cta|blocked
posv,double,sm_89,U,768,16,32768,cta|blocked
posv,double,sm_89,U,768,64,128,cta|blocked
posv,double,sm_89,U,768,64,512,cta|blocked
posv,double,sm_89,U,768,64,2048,cta|blocked
posv,double,sm_89,U,768,64,8192,cta|blocked
posv,double,sm_89,U,768,64,32768,cta|blocked
posv,double,sm_89,U,1024,1,128,cta|blocked
posv,double,sm_89,U,1024,1,512,cta|blocked
posv,double,sm_89,U,1024,1,2048,cta|blocked
posv,double,sm_89,U,1024,1,8192,cta|blocked
posv,double,sm_89,U,1024,1,32768,cta|blocked
posv,double,sm_89,U,1024,2,128,cta|blocked
posv,double,sm_89,U,1024,2,512,cta|blocked
posv,double,sm_89,U,1024,2,2048,cta|blocked
posv,double,sm_89,U,1024,2,8192,cta|blocked
posv,double,sm_89,U,1024,2,32768,cta|blocked
posv,double,sm_89,U,1024,4,128,cta|blocked
posv,double,sm_89,U,1024,4,512,cta|blocked
posv,double,sm_89,U,1024,4,2048,cta|blocked
posv,double,sm_89,U,1024,4,8192,cta|blocked
posv,double,sm_89,U,1024,4,32768,cta|blocked
posv,double,sm_89,U,1024,8,128,cta|blocked
posv,double,sm_89,U,1024,8,512,cta|blocked
posv,double,sm_89,U,1024,8,2048,cta|blocked
posv,double,sm_89,U,1024,8,8192,cta|blocked
posv,double,sm_89,U,1024,8,32768,cta|blocked
posv,double,sm_89,U,1024,16,128,cta|blocked
posv,double,sm_89,U,1024,16,512,cta|blocked
posv,double,sm_89,U,1024,16,2048,cta|blocked
posv,double,sm_89,U,1024,16,8192,cta|blocked
posv,double,sm_89,U,1024,16,32768,cta|blocked
posv,double,sm_89,U,1024,64,128,cta|blocked
posv,double,sm_89,U,1024,64,512,cta|blocked
posv,double,sm_89,U,1024,64,2048,cta|blocked
posv,double,sm_89,U,1024,64,8192,cta|blocked
posv,double,sm_89,U,1024,64,32768,cta|blocked
posv,cfloat,sm_89,L,1,1,128,tiny|cta|blocked
posv,cfloat,sm_89,L,1,1,512,tiny|cta|blocked
posv,cfloat,sm_89,L,1,1,2048,tiny|cta|blocked
posv,cfloat,sm_89,L,1,1,8192,tiny|cta|blocked
posv,cfloat,sm_89,L,1,1,32768,tiny|cta|blocked
posv,cfloat,sm_89,L,1,2,128,tiny|cta|blocked
posv,cfloat,sm_89,L,1,2,512,tiny|cta|blocked
posv,cfloat,sm_89,L,1,2,2048,tiny|cta|blocked
posv,cfloat,sm_89,L,1,2,8192,tiny|cta|blocked
posv,cfloat,sm_89,L,1,2,32768,tiny|cta|blocked
posv,cfloat,sm_89,L,1,4,128,tiny|cta|blocked
posv,cfloat,sm_89,L,1,4,512,tiny|cta|blocked
posv,cfloat,sm_89,L,1,4,2048,tiny|cta|blocked
posv,cfloat,sm_89,L,1,4,8192,tiny|cta|blocked
posv,cfloat,sm_89,L,1,4,32768,tiny|cta|blocked
posv,cfloat,sm_89,L,1,8,128,tiny|cta|blocked
posv,cfloat,sm_89,L,1,8,512,tiny|cta|blocked
posv,cfloat,sm_89,L,1,8,2048,tiny|cta|blocked
posv,cfloat,sm_89,L,1,8,8192,tiny|cta|blocked
posv,cfloat,sm_89,L,1,8,32768,tiny|cta|blocked
posv,cfloat,sm_89,L,1,16,128,tiny|cta|blocked
posv,cfloat,sm_89,L,1,16,512,tiny|cta|blocked
posv,cfloat,sm_89,L,1,16,2048,tiny|cta|blocked
posv,cfloat,sm_89,L,1,16,8192,tiny|cta|blocked
posv,cfloat,sm_89,L,1,16,32768,tiny|cta|blocked
posv,cfloat,sm_89,L,1,64,128,tiny|cta|blocked
posv,cfloat,sm_89,L,1,64,512,tiny|cta|blocked
posv,cfloat,sm_89,L,1,64,2048,tiny|cta|blocked
posv,cfloat,sm_89,L,1,64,8192,tiny|cta|blocked
posv,cfloat,sm_89,L,1,64,32768,tiny|cta|blocked
posv,cfloat,sm_89,L,2,1,128,tiny|cta|blocked
posv,cfloat,sm_89,L,2,1,512,tiny|cta|blocked
posv,cfloat,sm_89,L,2,1,2048,tiny|cta|blocked
posv,cfloat,sm_89,L,2,1,8192,tiny|cta|blocked
posv,cfloat,sm_89,L,2,1,32768,tiny|cta|blocked
posv,cfloat,sm_89,L,2,2,128,tiny|cta|blocked
posv,cfloat,sm_89,L,2,2,512,tiny|cta|blocked
posv,cfloat,sm_89,L,2,2,2048,tiny|cta|blocked
posv,cfloat,sm_89,L,2,2,8192,tiny|cta|blocked
posv,cfloat,sm_89,L,2,2,32768,tiny|cta|blocked
posv,cfloat,sm_89,L,2,4,128,tiny|cta|blocked
posv,cfloat,sm_89,L,2,4,512,tiny|cta|blocked
posv,cfloat,sm_89,L,2,4,2048,tiny|cta|blocked
posv,cfloat,sm_89,L,2,4,8192,tiny|cta|blocked
posv,cfloat,sm_89,L,2,4,32768,tiny|cta|blocked
posv,cfloat,sm_89,L,2,8,128,tiny|cta|blocked
posv,cfloat,sm_89,L,2,8,512,tiny|cta|blocked
posv,cfloat,sm_89,L,2,8,2048,tiny|cta|blocked
posv,cfloat,sm_89,L,2,8,8192,tiny|cta|blocked
posv,cfloat,sm_89,L,2,8,32768,tiny|cta|blocked
posv,cfloat,sm_89,L,2,16,128,tiny|cta|blocked
posv,cfloat,sm_89,L,2,16,512,tiny|cta|blocked
posv,cfloat,sm_89,L,2,16,2048,tiny|cta|blocked
posv,cfloat,sm_89,L,2,16,8192,tiny|cta|blocked
posv,cfloat,sm_89,L,2,16,32768,tiny|cta|blocked
posv,cfloat,sm_89,L,2,64,128,tiny|cta|blocked
posv,cfloat,sm_89,L,2,64,512,tiny|cta|blocked
posv,cfloat,sm_89,L,2,64,2048,tiny|cta|blocked
posv,cfloat,sm_89,L,2,64,8192,tiny|cta|blocked
posv,cfloat,sm_89,L,2,64,32768,tiny|cta|blocked
posv,cfloat,sm_89,L,3,1,128,tiny|cta|blocked
posv,cfloat,sm_89,L,3,1,512,tiny|cta|blocked
posv,cfloat,sm_89,L,3,1,2048,tiny|cta|blocked
posv,cfloat,sm_89,L,3,1,8192,tiny|cta|blocked
posv,cfloat,sm_89,L,3,1,32768,tiny|cta|blocked
posv,cfloat,sm_89,L,3,2,128,tiny|cta|blocked
posv,cfloat,sm_89,L,3,2,512,tiny|cta|blocked
posv,cfloat,sm_89,L,3,2,2048,tiny|cta|blocked
posv,cfloat,sm_89,L,3,2,8192,tiny|cta|blocked
posv,cfloat,sm_89,L,3,2,32768,tiny|cta|blocked
posv,cfloat,sm_89,L,3,4,128,tiny|cta|blocked
posv,cfloat,sm_89,L,3,4,512,tiny|cta|blocked
posv,cfloat,sm_89,L,3,4,2048,tiny|cta|blocked
posv,cfloat,sm_89,L,3,4,8192,tiny|cta|blocked
posv,cfloat,sm_89,L,3,4,32768,tiny|cta|blocked
posv,cfloat,sm_89,L,3,8,128,tiny|cta|blocked
posv,cfloat,sm_89,L,3,8,512,tiny|cta|blocked
posv,cfloat,sm_89,L,3,8,2048,tiny|cta|blocked
posv,cfloat,sm_89,L,3,8,8192,tiny|cta|blocked
posv,cfloat,sm_89,L,3,8,32768,tiny|cta|blocked
posv,cfloat,sm_89,L,3,16,128,tiny|cta|blocked
posv,cfloat,sm_89,L,3,16,512,tiny|cta|blocked
posv,cfloat,sm_89,L,3,16,2048,tiny|cta|blocked
posv,cfloat,sm_89,L,3,16,8192,tiny|cta|blocked
posv,cfloat,sm_89,L,3,16,32768,tiny|cta|blocked
posv,cfloat,sm_89,L,3,64,128,tiny|cta|blocked
posv,cfloat,sm_89,L,3,64,512,tiny|cta|blocked
posv,cfloat,sm_89,L,3,64,2048,tiny|cta|blocked
posv,cfloat,sm_89,L,3,64,8192,tiny|cta|blocked
posv,cfloat,sm_89,L,3,64,32768,tiny|cta|blocked
posv,cfloat,sm_89,L,4,1,128,tiny|cta|blocked
posv,cfloat,sm_89,L,4,1,512,tiny|cta|blocked
posv,cfloat,sm_89,L,4,1,2048,tiny|cta|blocked
posv,cfloat,sm_89,L,4,1,8192,tiny|cta|blocked
posv,cfloat,sm_89,L,4,1,32768,tiny|cta|blocked
posv,cfloat,sm_89,L,4,2,128,tiny|cta|blocked
posv,cfloat,sm_89,L,4,2,512,tiny|cta|blocked
posv,cfloat,sm_89,L,4,2,2048,tiny|cta|blocked
posv,cfloat,sm_89,L,4,2,8192,tiny|cta|blocked
posv,cfloat,sm_89,L,4,2,32768,tiny|cta|blocked
posv,cfloat,sm_89,L,4,4,128,tiny|cta|blocked
posv,cfloat,sm_89,L,4,4,512,tiny|cta|blocked
posv,cfloat,sm_89,L,4,4,2048,tiny|cta|blocked
posv,cfloat,sm_89,L,4,4,8192,tiny|cta|blocked
posv,cfloat,sm_89,L,4,4,32768,tiny|cta|blocked
posv,cfloat,sm_89,L,4,8,128,tiny|cta|blocked
posv,cfloat,sm_89,L,4,8,512,tiny|cta|blocked
posv,cfloat,sm_89,L,4,8,2048,tiny|cta|blocked
posv,cfloat,sm_89,L,4,8,8192,tiny|cta|blocked
posv,cfloat,sm_89,L,4,8,32768,tiny|cta|blocked
posv,cfloat,sm_89,L,4,16,128,tiny|cta|blocked
posv,cfloat,sm_89,L,4,16,512,tiny|cta|blocked
posv,cfloat,sm_89,L,4,16,2048,tiny|cta|blocked
posv,cfloat,sm_89,L,4,16,8192,tiny|cta|blocked
posv,cfloat,sm_89,L,4,16,32768,tiny|cta|blocked
posv,cfloat,sm_89,L,4,64,128,tiny|cta|blocked
posv,cfloat,sm_89,L,4,64,512,tiny|cta|blocked
posv,cfloat,sm_89,L,4,64,2048,tiny|cta|blocked
posv,cfloat,sm_89,L,4,64,8192,tiny|cta|blocked
posv,cfloat,sm_89,L,4,64,32768,tiny|cta|blocked
posv,cfloat,sm_89,L,6,1,128,tiny|cta|blocked
posv,cfloat,sm_89,L,6,1,512,tiny|cta|blocked
posv,cfloat,sm_89,L,6,1,2048,tiny|cta|blocked
posv,cfloat,sm_89,L,6,1,8192,tiny|cta|blocked
posv,cfloat,sm_89,L,6,1,32768,tiny|cta|blocked
posv,cfloat,sm_89,L,6,2,128,tiny|cta|blocked
posv,cfloat,sm_89,L,6,2,512,tiny|cta|blocked
posv,cfloat,sm_89,L,6,2,2048,tiny|cta|blocked
posv,cfloat,sm_89,L,6,2,8192,tiny|cta|blocked
posv,cfloat,sm_89,L,6,2,32768,tiny|cta|blocked
posv,cfloat,sm_89,L,6,4,128,tiny|cta|blocked
posv,cfloat,sm_89,L,6,4,512,tiny|cta|blocked
posv,cfloat,sm_89,L,6,4,2048,tiny|cta|blocked
posv,cfloat,sm_89,L,6,4,8192,tiny|cta|blocked
posv,cfloat,sm_89,L,6,4,32768,tiny|cta|blocked
posv,cfloat,sm_89,L,6,8,128,tiny|cta|blocked
posv,cfloat,sm_89,L,6,8,512,tiny|cta|blocked
posv,cfloat,sm_89,L,6,8,2048,tiny|cta|blocked
posv,cfloat,sm_89,L,6,8,8192,tiny|cta|blocked
posv,cfloat,sm_89,L,6,8,32768,tiny|cta|blocked
posv,cfloat,sm_89,L,6,16,128,tiny|cta|blocked
posv,cfloat,sm_89,L,6,16,512,tiny|cta|blocked
posv,cfloat,sm_89,L,6,16,2048,tiny|cta|blocked
posv,cfloat,sm_89,L,6,16,8192,tiny|cta|blocked
posv,cfloat,sm_89,L,6,16,32768,tiny|cta|blocked
posv,cfloat,sm_89,L,6,64,128,tiny|cta|blocked
posv,cfloat,sm_89,L,6,64,512,tiny|cta|blocked
posv,cfloat,sm_89,L,6,64,2048,tiny|cta|blocked
posv,cfloat,sm_89,L,6,64,8192,tiny|cta|blocked
posv,cfloat,sm_89,L,6,64,32768,tiny|cta|blocked
posv,cfloat,sm_89,L,8,1,128,tiny|cta|blocked
posv,cfloat,sm_89,L,8,1,512,tiny|cta|blocked
posv,cfloat,sm_89,L,8,1,2048,tiny|cta|blocked
posv,cfloat,sm_89,L,8,1,8192,tiny|cta|blocked
posv,cfloat,sm_89,L,8,1,32768,tiny|cta|blocked
posv,cfloat,sm_89,L,8,2,128,tiny|cta|blocked
posv,cfloat,sm_89,L,8,2,512,tiny|cta|blocked
posv,cfloat,sm_89,L,8,2,2048,tiny|cta|blocked
posv,cfloat,sm_89,L,8,2,8192,tiny|cta|blocked
posv,cfloat,sm_89,L,8,2,32768,tiny|cta|blocked
posv,cfloat,sm_89,L,8,4,128,tiny|cta|blocked
posv,cfloat,sm_89,L,8,4,512,tiny|cta|blocked
posv,cfloat,sm_89,L,8,4,2048,tiny|cta|blocked
posv,cfloat,sm_89,L,8,4,8192,tiny|cta|blocked
posv,cfloat,sm_89,L,8,4,32768,tiny|cta|blocked
posv,cfloat,sm_89,L,8,8,128,tiny|cta|blocked
posv,cfloat,sm_89,L,8,8,512,tiny|cta|blocked
posv,cfloat,sm_89,L,8,8,2048,tiny|cta|blocked
posv,cfloat,sm_89,L,8,8,8192,tiny|cta|blocked
posv,cfloat,sm_89,L,8,8,32768,tiny|cta|blocked
posv,cfloat,sm_89,L,8,16,128,tiny|cta|blocked
posv,cfloat,sm_89,L,8,16,512,tiny|cta|blocked
posv,cfloat,sm_89,L,8,16,2048,tiny|cta|blocked
posv,cfloat,sm_89,L,8,16,8192,tiny|cta|blocked
posv,cfloat,sm_89,L,8,16,32768,tiny|cta|blocked
posv,cfloat,sm_89,L,8,64,128,tiny|cta|blocked
posv,cfloat,sm_89,L,8,64,512,tiny|cta|blocked
posv,cfloat,sm_89,L,8,64,2048,tiny|cta|blocked
posv,cfloat,sm_89,L,8,64,8192,tiny|cta|blocked
posv,cfloat,sm_89,L,8,64,32768,tiny|cta|blocked
posv,cfloat,sm_89,L,12,1,128,tiny|cta|blocked
posv,cfloat,sm_89,L,12,1,512,tiny|cta|blocked
posv,cfloat,sm_89,L,12,1,2048,tiny|cta|blocked
posv,cfloat,sm_89,L,12,1,8192,tiny|cta|blocked
posv,cfloat,sm_89,L,12,1,32768,tiny|cta|blocked
posv,cfloat,sm_89,L,12,2,128,tiny|cta|blocked
posv,cfloat,sm_89,L,12,2,512,tiny|cta|blocked
posv,cfloat,sm_89,L,12,2,2048,tiny|cta|blocked
posv,cfloat,sm_89,L,12,2,8192,tiny|cta|blocked
posv,cfloat,sm_89,L,12,2,32768,tiny|cta|blocked
posv,cfloat,sm_89,L,12,4,128,tiny|cta|blocked
posv,cfloat,sm_89,L,12,4,512,tiny|cta|blocked
posv,cfloat,sm_89,L,12,4,2048,tiny|cta|blocked
posv,cfloat,sm_89,L,12,4,8192,tiny|cta|blocked
posv,cfloat,sm_89,L,12,4,32768,tiny|cta|blocked
posv,cfloat,sm_89,L,12,8,128,tiny|cta|blocked
posv,cfloat,sm_89,L,12,8,512,tiny|cta|blocked
posv,cfloat,sm_89,L,12,8,2048,tiny|cta|blocked
posv,cfloat,sm_89,L,12,8,8192,tiny|cta|blocked
posv,cfloat,sm_89,L,12,8,32768,tiny|cta|blocked
posv,cfloat,sm_89,L,12,16,128,tiny|cta|blocked
posv,cfloat,sm_89,L,12,16,512,tiny|cta|blocked
posv,cfloat,sm_89,L,12,16,2048,tiny|cta|blocked
posv,cfloat,sm_89,L,12,16,8192,tiny|cta|blocked
posv,cfloat,sm_89,L,12,16,32768,tiny|cta|blocked
posv,cfloat,sm_89,L,12,64,128,tiny|cta|blocked
posv,cfloat,sm_89,L,12,64,512,tiny|cta|blocked
posv,cfloat,sm_89,L,12,64,2048,tiny|cta|blocked
posv,cfloat,sm_89,L,12,64,8192,tiny|cta|blocked
posv,cfloat,sm_89,L,12,64,32768,tiny|cta|blocked
posv,cfloat,sm_89,L,16,1,128,tiny|cta|blocked
posv,cfloat,sm_89,L,16,1,512,tiny|cta|blocked
posv,cfloat,sm_89,L,16,1,2048,tiny|cta|blocked
posv,cfloat,sm_89,L,16,1,8192,tiny|cta|blocked
posv,cfloat,sm_89,L,16,1,32768,tiny|cta|blocked
posv,cfloat,sm_89,L,16,2,128,tiny|cta|blocked
posv,cfloat,sm_89,L,16,2,512,tiny|cta|blocked
posv,cfloat,sm_89,L,16,2,2048,tiny|cta|blocked
posv,cfloat,sm_89,L,16,2,8192,tiny|cta|blocked
posv,cfloat,sm_89,L,16,2,32768,tiny|cta|blocked
posv,cfloat,sm_89,L,16,4,128,tiny|cta|blocked
posv,cfloat,sm_89,L,16,4,512,tiny|cta|blocked
posv,cfloat,sm_89,L,16,4,2048,tiny|cta|blocked
posv,cfloat,sm_89,L,16,4,8192,tiny|cta|blocked
posv,cfloat,sm_89,L,16,4,32768,tiny|cta|blocked
posv,cfloat,sm_89,L,16,8,128,tiny|cta|blocked
posv,cfloat,sm_89,L,16,8,512,tiny|cta|blocked
posv,cfloat,sm_89,L,16,8,2048,tiny|cta|blocked
posv,cfloat,sm_89,L,16,8,8192,tiny|cta|blocked
posv,cfloat,sm_89,L,16,8,32768,tiny|cta|blocked
posv,cfloat,sm_89,L,16,16,128,tiny|cta|blocked
posv,cfloat,sm_89,L,16,16,512,tiny|cta|blocked
posv,cfloat,sm_89,L,16,16,2048,tiny|cta|blocked
posv,cfloat,sm_89,L,16,16,8192,tiny|cta|blocked
posv,cfloat,sm_89,L,16,16,32768,tiny|cta|blocked
posv,cfloat,sm_89,L,16,64,128,tiny|cta|blocked
posv,cfloat,sm_89,L,16,64,512,tiny|cta|blocked
posv,cfloat,sm_89,L,16,64,2048,tiny|cta|blocked
posv,cfloat,sm_89,L,16,64,8192,tiny|cta|blocked
posv,cfloat,sm_89,L,16,64,32768,tiny|cta|blocked
posv,cfloat,sm_89,L,20,1,128,tiny|cta|blocked
posv,cfloat,sm_89,L,20,1,512,tiny|cta|blocked
posv,cfloat,sm_89,L,20,1,2048,tiny|cta|blocked
posv,cfloat,sm_89,L,20,1,8192,tiny|cta|blocked
posv,cfloat,sm_89,L,20,1,32768,tiny|cta|blocked
posv,cfloat,sm_89,L,20,2,128,tiny|cta|blocked
posv,cfloat,sm_89,L,20,2,512,tiny|cta|blocked
posv,cfloat,sm_89,L,20,2,2048,tiny|cta|blocked
posv,cfloat,sm_89,L,20,2,8192,tiny|cta|blocked
posv,cfloat,sm_89,L,20,2,32768,tiny|cta|blocked
posv,cfloat,sm_89,L,20,4,128,tiny|cta|blocked
posv,cfloat,sm_89,L,20,4,512,tiny|cta|blocked
posv,cfloat,sm_89,L,20,4,2048,tiny|cta|blocked
posv,cfloat,sm_89,L,20,4,8192,tiny|cta|blocked
posv,cfloat,sm_89,L,20,4,32768,tiny|cta|blocked
posv,cfloat,sm_89,L,20,8,128,tiny|cta|blocked
posv,cfloat,sm_89,L,20,8,512,tiny|cta|blocked
posv,cfloat,sm_89,L,20,8,2048,tiny|cta|blocked
posv,cfloat,sm_89,L,20,8,8192,tiny|cta|blocked
posv,cfloat,sm_89,L,20,8,32768,tiny|cta|blocked
posv,cfloat,sm_89,L,20,16,128,tiny|cta|blocked
posv,cfloat,sm_89,L,20,16,512,tiny|cta|blocked
posv,cfloat,sm_89,L,20,16,2048,tiny|cta|blocked
posv,cfloat,sm_89,L,20,16,8192,tiny|cta|blocked
posv,cfloat,sm_89,L,20,16,32768,tiny|cta|blocked
posv,cfloat,sm_89,L,20,64,128,tiny|cta|blocked
posv,cfloat,sm_89,L,20,64,512,tiny|cta|blocked
posv,cfloat,sm_89,L,20,64,2048,tiny|cta|blocked
posv,cfloat,sm_89,L,20,64,8192,tiny|cta|blocked
posv,cfloat,sm_89,L,20,64,32768,tiny|cta|blocked
posv,cfloat,sm_89,L,24,1,128,tiny|cta|blocked
posv,cfloat,sm_89,L,24,1,512,tiny|cta|blocked
posv,cfloat,sm_89,L,24,1,2048,tiny|cta|blocked
posv,cfloat,sm_89,L,24,1,8192,tiny|cta|blocked
posv,cfloat,sm_89,L,24,1,32768,tiny|cta|blocked
posv,cfloat,sm_89,L,24,2,128,tiny|cta|blocked
posv,cfloat,sm_89,L,24,2,512,tiny|cta|blocked
posv,cfloat,sm_89,L,24,2,2048,tiny|cta|blocked
posv,cfloat,sm_89,L,24,2,8192,tiny|cta|blocked
posv,cfloat,sm_89,L,24,2,32768,tiny|cta|blocked
posv,cfloat,sm_89,L,24,4,128,tiny|cta|blocked
posv,cfloat,sm_89,L,24,4,512,tiny|cta|blocked
posv,cfloat,sm_89,L,24,4,2048,tiny|cta|blocked
posv,cfloat,sm_89,L,24,4,8192,tiny|cta|blocked
posv,cfloat,sm_89,L,24,4,32768,tiny|cta|blocked
posv,cfloat,sm_89,L,24,8,128,tiny|cta|blocked
posv,cfloat,sm_89,L,24,8,512,tiny|cta|blocked
posv,cfloat,sm_89,L,24,8,2048,tiny|cta|blocked
posv,cfloat,sm_89,L,24,8,8192,tiny|cta|blocked
posv,cfloat,sm_89,L,24,8,32768,tiny|cta|blocked
posv,cfloat,sm_89,L,24,16,128,tiny|cta|blocked
posv,cfloat,sm_89,L,24,16,512,tiny|cta|blocked
posv,cfloat,sm_89,L,24,16,2048,tiny|cta|blocked
posv,cfloat,sm_89,L,24,16,8192,tiny|cta|blocked
posv,cfloat,sm_89,L,24,16,32768,tiny|cta|blocked
posv,cfloat,sm_89,L,24,64,128,tiny|cta|blocked
posv,cfloat,sm_89,L,24,64,512,tiny|cta|blocked
posv,cfloat,sm_89,L,24,64,2048,tiny|cta|blocked
posv,cfloat,sm_89,L,24,64,8192,tiny|cta|blocked
posv,cfloat,sm_89,L,24,64,32768,tiny|cta|blocked
posv,cfloat,sm_89,L,28,1,128,cta|blocked
posv,cfloat,sm_89,L,28,1,512,cta|blocked
posv,cfloat,sm_89,L,28,1,2048,cta|blocked
posv,cfloat,sm_89,L,28,1,8192,cta|blocked
posv,cfloat,sm_89,L,28,1,32768,cta|blocked
posv,cfloat,sm_89,L,28,2,128,cta|blocked
posv,cfloat,sm_89,L,28,2,512,cta|blocked
posv,cfloat,sm_89,L,28,2,2048,cta|blocked
posv,cfloat,sm_89,L,28,2,8192,cta|blocked
posv,cfloat,sm_89,L,28,2,32768,cta|blocked
posv,cfloat,sm_89,L,28,4,128,tiny|cta|blocked
posv,cfloat,sm_89,L,28,4,512,tiny|cta|blocked
posv,cfloat,sm_89,L,28,4,2048,tiny|cta|blocked
posv,cfloat,sm_89,L,28,4,8192,tiny|cta|blocked
posv,cfloat,sm_89,L,28,4,32768,tiny|cta|blocked
posv,cfloat,sm_89,L,28,8,128,tiny|cta|blocked
posv,cfloat,sm_89,L,28,8,512,tiny|cta|blocked
posv,cfloat,sm_89,L,28,8,2048,tiny|cta|blocked
posv,cfloat,sm_89,L,28,8,8192,tiny|cta|blocked
posv,cfloat,sm_89,L,28,8,32768,tiny|cta|blocked
posv,cfloat,sm_89,L,28,16,128,tiny|cta|blocked
posv,cfloat,sm_89,L,28,16,512,tiny|cta|blocked
posv,cfloat,sm_89,L,28,16,2048,tiny|cta|blocked
posv,cfloat,sm_89,L,28,16,8192,tiny|cta|blocked
posv,cfloat,sm_89,L,28,16,32768,tiny|cta|blocked
posv,cfloat,sm_89,L,28,64,128,tiny|cta|blocked
posv,cfloat,sm_89,L,28,64,512,tiny|cta|blocked
posv,cfloat,sm_89,L,28,64,2048,tiny|cta|blocked
posv,cfloat,sm_89,L,28,64,8192,tiny|cta|blocked
posv,cfloat,sm_89,L,28,64,32768,tiny|cta|blocked
posv,cfloat,sm_89,L,32,1,128,cta|blocked
posv,cfloat,sm_89,L,32,1,512,cta|blocked
posv,cfloat,sm_89,L,32,1,2048,cta|blocked
posv,cfloat,sm_89,L,32,1,8192,cta|blocked
posv,cfloat,sm_89,L,32,1,32768,cta|blocked
posv,cfloat,sm_89,L,32,2,128,cta|blocked
posv,cfloat,sm_89,L,32,2,512,cta|blocked
posv,cfloat,sm_89,L,32,2,2048,cta|blocked
posv,cfloat,sm_89,L,32,2,8192,cta|blocked
posv,cfloat,sm_89,L,32,2,32768,cta|blocked
posv,cfloat,sm_89,L,32,4,128,tiny|cta|blocked
posv,cfloat,sm_89,L,32,4,512,tiny|cta|blocked
posv,cfloat,sm_89,L,32,4,2048,tiny|cta|blocked
posv,cfloat,sm_89,L,32,4,8192,tiny|cta|blocked
posv,cfloat,sm_89,L,32,4,32768,tiny|cta|blocked
posv,cfloat,sm_89,L,32,8,128,tiny|cta|blocked
posv,cfloat,sm_89,L,32,8,512,tiny|cta|blocked
posv,cfloat,sm_89,L,32,8,2048,tiny|cta|blocked
posv,cfloat,sm_89,L,32,8,8192,tiny|cta|blocked
posv,cfloat,sm_89,L,32,8,32768,tiny|cta|blocked
posv,cfloat,sm_89,L,32,16,128,tiny|cta|blocked
posv,cfloat,sm_89,L,32,16,512,tiny|cta|blocked
posv,cfloat,sm_89,L,32,16,2048,tiny|cta|blocked
posv,cfloat,sm_89,L,32,16,8192,tiny|cta|blocked
posv,cfloat,sm_89,L,32,16,32768,tiny|cta|blocked
posv,cfloat,sm_89,L,32,64,128,tiny|cta|blocked
posv,cfloat,sm_89,L,32,64,512,tiny|cta|blocked
posv,cfloat,sm_89,L,32,64,2048,tiny|cta|blocked
posv,cfloat,sm_89,L,32,64,8192,tiny|cta|blocked
posv,cfloat,sm_89,L,32,64,32768,tiny|cta|blocked
posv,cfloat,sm_89,L,36,1,128,cta|blocked
posv,cfloat,sm_89,L,36,1,512,cta|blocked
posv,cfloat,sm_89,L,36,1,2048,cta|blocked
posv,cfloat,sm_89,L,36,1,8192,cta|blocked
posv,cfloat,sm_89,L,36,1,32768,cta|blocked
posv,cfloat,sm_89,L,36,2,128,cta|blocked
posv,cfloat,sm_89,L,36,2,512,cta|blocked
posv,cfloat,sm_89,L,36,2,2048,cta|blocked
posv,cfloat,sm_89,L,36,2,8192,cta|blocked
posv,cfloat,sm_89,L,36,2,32768,cta|blocked
posv,cfloat,sm_89,L,36,4,128,cta|blocked
posv,cfloat,sm_89,L,36,4,512,cta|blocked
posv,cfloat,sm_89,L,36,4,2048,cta|blocked
posv,cfloat,sm_89,L,36,4,8192,cta|blocked
posv,cfloat,sm_89,L,36,4,32768,cta|blocked
posv,cfloat,sm_89,L,36,8,128,cta|blocked
posv,cfloat,sm_89,L,36,8,512,cta|blocked
posv,cfloat,sm_89,L,36,8,2048,cta|blocked
posv,cfloat,sm_89,L,36,8,8192,cta|blocked
posv,cfloat,sm_89,L,36,8,32768,cta|blocked
posv,cfloat,sm_89,L,36,16,128,cta|blocked
posv,cfloat,sm_89,L,36,16,512,cta|blocked
posv,cfloat,sm_89,L,36,16,2048,cta|blocked
posv,cfloat,sm_89,L,36,16,8192,cta|blocked
posv,cfloat,sm_89,L,36,16,32768,cta|blocked
posv,cfloat,sm_89,L,36,64,128,cta|blocked
posv,cfloat,sm_89,L,36,64,512,cta|blocked
posv,cfloat,sm_89,L,36,64,2048,cta|blocked
posv,cfloat,sm_89,L,36,64,8192,cta|blocked
posv,cfloat,sm_89,L,36,64,32768,cta|blocked
posv,cfloat,sm_89,L,40,1,128,cta|blocked
posv,cfloat,sm_89,L,40,1,512,cta|blocked
posv,cfloat,sm_89,L,40,1,2048,cta|blocked
posv,cfloat,sm_89,L,40,1,8192,cta|blocked
posv,cfloat,sm_89,L,40,1,32768,cta|blocked
posv,cfloat,sm_89,L,40,2,128,cta|blocked
posv,cfloat,sm_89,L,40,2,512,cta|blocked
posv,cfloat,sm_89,L,40,2,2048,cta|blocked
posv,cfloat,sm_89,L,40,2,8192,cta|blocked
posv,cfloat,sm_89,L,40,2,32768,cta|blocked
posv,cfloat,sm_89,L,40,4,128,cta|blocked
posv,cfloat,sm_89,L,40,4,512,cta|blocked
posv,cfloat,sm_89,L,40,4,2048,cta|blocked
posv,cfloat,sm_89,L,40,4,8192,cta|blocked
posv,cfloat,sm_89,L,40,4,32768,cta|blocked
posv,cfloat,sm_89,L,40,8,128,cta|blocked
posv,cfloat,sm_89,L,40,8,512,cta|blocked
posv,cfloat,sm_89,L,40,8,2048,cta|blocked
posv,cfloat,sm_89,L,40,8,8192,cta|blocked
posv,cfloat,sm_89,L,40,8,32768,cta|blocked
posv,cfloat,sm_89,L,40,16,128,cta|blocked
posv,cfloat,sm_89,L,40,16,512,cta|blocked
posv,cfloat,sm_89,L,40,16,2048,cta|blocked
posv,cfloat,sm_89,L,40,16,8192,cta|blocked
posv,cfloat,sm_89,L,40,16,32768,cta|blocked
posv,cfloat,sm_89,L,40,64,128,cta|blocked
posv,cfloat,sm_89,L,40,64,512,cta|blocked
posv,cfloat,sm_89,L,40,64,2048,cta|blocked
posv,cfloat,sm_89,L,40,64,8192,cta|blocked
posv,cfloat,sm_89,L,40,64,32768,cta|blocked
posv,cfloat,sm_89,L,48,1,128,cta|blocked
posv,cfloat,sm_89,L,48,1,512,cta|blocked
posv,cfloat,sm_89,L,48,1,2048,cta|blocked
posv,cfloat,sm_89,L,48,1,8192,cta|blocked
posv,cfloat,sm_89,L,48,1,32768,cta|blocked
posv,cfloat,sm_89,L,48,2,128,cta|blocked
posv,cfloat,sm_89,L,48,2,512,cta|blocked
posv,cfloat,sm_89,L,48,2,2048,cta|blocked
posv,cfloat,sm_89,L,48,2,8192,cta|blocked
posv,cfloat,sm_89,L,48,2,32768,cta|blocked
posv,cfloat,sm_89,L,48,4,128,cta|blocked
posv,cfloat,sm_89,L,48,4,512,cta|blocked
posv,cfloat,sm_89,L,48,4,2048,cta|blocked
posv,cfloat,sm_89,L,48,4,8192,cta|blocked
posv,cfloat,sm_89,L,48,4,32768,cta|blocked
posv,cfloat,sm_89,L,48,8,128,cta|blocked
posv,cfloat,sm_89,L,48,8,512,cta|blocked
posv,cfloat,sm_89,L,48,8,2048,cta|blocked
posv,cfloat,sm_89,L,48,8,8192,cta|blocked
posv,cfloat,sm_89,L,48,8,32768,cta|blocked
posv,cfloat,sm_89,L,48,16,128,cta|blocked
posv,cfloat,sm_89,L,48,16,512,cta|blocked
posv,cfloat,sm_89,L,48,16,2048,cta|blocked
posv,cfloat,sm_89,L,48,16,8192,cta|blocked
posv,cfloat,sm_89,L,48,16,32768,cta|blocked
posv,cfloat,sm_89,L,48,64,128,cta|blocked
posv,cfloat,sm_89,L,48,64,512,cta|blocked
posv,cfloat,sm_89,L,48,64,2048,cta|blocked
posv,cfloat,sm_89,L,48,64,8192,cta|blocked
posv,cfloat,sm_89,L,48,64,32768,cta|blocked
posv,cfloat,sm_89,L,56,1,128,cta|blocked
posv,cfloat,sm_89,L,56,1,512,cta|blocked
posv,cfloat,sm_89,L,56,1,2048,cta|blocked
posv,cfloat,sm_89,L,56,1,8192,cta|blocked
posv,cfloat,sm_89,L,56,1,32768,cta|blocked
posv,cfloat,sm_89,L,56,2,128,cta|blocked
posv,cfloat,sm_89,L,56,2,512,cta|blocked
posv,cfloat,sm_89,L,56,2,2048,cta|blocked
posv,cfloat,sm_89,L,56,2,8192,cta|blocked
posv,cfloat,sm_89,L,56,2,32768,cta|blocked
posv,cfloat,sm_89,L,56,4,128,cta|blocked
posv,cfloat,sm_89,L,56,4,512,cta|blocked
posv,cfloat,sm_89,L,56,4,2048,cta|blocked
posv,cfloat,sm_89,L,56,4,8192,cta|blocked
posv,cfloat,sm_89,L,56,4,32768,cta|blocked
posv,cfloat,sm_89,L,56,8,128,cta|blocked
posv,cfloat,sm_89,L,56,8,512,cta|blocked
posv,cfloat,sm_89,L,56,8,2048,cta|blocked
posv,cfloat,sm_89,L,56,8,8192,cta|blocked
posv,cfloat,sm_89,L,56,8,32768,cta|blocked
posv,cfloat,sm_89,L,56,16,128,cta|blocked
posv,cfloat,sm_89,L,56,16,512,cta|blocked
posv,cfloat,sm_89,L,56,16,2048,cta|blocked
posv,cfloat,sm_89,L,56,16,8192,cta|blocked
posv,cfloat,sm_89,L,56,16,32768,cta|blocked
posv,cfloat,sm_89,L,56,64,128,cta|blocked
posv,cfloat,sm_89,L,56,64,512,cta|blocked
posv,cfloat,sm_89,L,56,64,2048,cta|blocked
posv,cfloat,sm_89,L,56,64,8192,cta|blocked
posv,cfloat,sm_89,L,56,64,32768,cta|blocked
posv,cfloat,sm_89,L,64,1,128,cta|blocked
posv,cfloat,sm_89,L,64,1,512,cta|blocked
posv,cfloat,sm_89,L,64,1,2048,cta|blocked
posv,cfloat,sm_89,L,64,1,8192,cta|blocked
posv,cfloat,sm_89,L,64,1,32768,cta|blocked
posv,cfloat,sm_89,L,64,2,128,cta|blocked
posv,cfloat,sm_89,L,64,2,512,cta|blocked
posv,cfloat,sm_89,L,64,2,2048,cta|blocked
posv,cfloat,sm_89,L,64,2,8192,cta|blocked
posv,cfloat,sm_89,L,64,2,32768,cta|blocked
posv,cfloat,sm_89,L,64,4,128,cta|blocked
posv,cfloat,sm_89,L,64,4,512,cta|blocked
posv,cfloat,sm_89,L,64,4,2048,cta|blocked
posv,cfloat,sm_89,L,64,4,8192,cta|blocked
posv,cfloat,sm_89,L,64,4,32768,cta|blocked
posv,cfloat,sm_89,L,64,8,128,cta|blocked
posv,cfloat,sm_89,L,64,8,512,cta|blocked
posv,cfloat,sm_89,L,64,8,2048,cta|blocked
posv,cfloat,sm_89,L,64,8,8192,cta|blocked
posv,cfloat,sm_89,L,64,8,32768,cta|blocked
posv,cfloat,sm_89,L,64,16,128,cta|blocked
posv,cfloat,sm_89,L,64,16,512,cta|blocked
posv,cfloat,sm_89,L,64,16,2048,cta|blocked
posv,cfloat,sm_89,L,64,16,8192,cta|blocked
posv,cfloat,sm_89,L,64,16,32768,cta|blocked
posv,cfloat,sm_89,L,64,64,128,cta|blocked
posv,cfloat,sm_89,L,64,64,512,cta|blocked
posv,cfloat,sm_89,L,64,64,2048,cta|blocked
posv,cfloat,sm_89,L,64,64,8192,cta|blocked
posv,cfloat,sm_89,L,64,64,32768,cta|blocked
posv,cfloat,sm_89,L,80,1,128,cta|blocked
posv,cfloat,sm_89,L,80,1,512,cta|blocked
posv,cfloat,sm_89,L,80,1,2048,cta|blocked
posv,cfloat,sm_89,L,80,1,8192,cta|blocked
posv,cfloat,sm_89,L,80,1,32768,cta|blocked
posv,cfloat,sm_89,L,80,2,128,cta|blocked
posv,cfloat,sm_89,L,80,2,512,cta|blocked
posv,cfloat,sm_89,L,80,2,2048,cta|blocked
posv,cfloat,sm_89,L,80,2,8192,cta|blocked
posv,cfloat,sm_89,L,80,2,32768,cta|blocked
posv,cfloat,sm_89,L,80,4,128,cta|blocked
posv,cfloat,sm_89,L,80,4,512,cta|blocked
posv,cfloat,sm_89,L,80,4,2048,cta|blocked
posv,cfloat,sm_89,L,80,4,8192,cta|blocked
posv,cfloat,sm_89,L,80,4,32768,cta|blocked
posv,cfloat,sm_89,L,80,8,128,cta|blocked
posv,cfloat,sm_89,L,80,8,512,cta|blocked
posv,cfloat,sm_89,L,80,8,2048,cta|blocked
posv,cfloat,sm_89,L,80,8,8192,cta|blocked
posv,cfloat,sm_89,L,80,8,32768,cta|blocked
posv,cfloat,sm_89,L,80,16,128,cta|blocked
posv,cfloat,sm_89,L,80,16,512,cta|blocked
posv,cfloat,sm_89,L,80,16,2048,cta|blocked
posv,cfloat,sm_89,L,80,16,8192,cta|blocked
posv,cfloat,sm_89,L,80,16,32768,cta|blocked
posv,cfloat,sm_89,L,80,64,128,cta|blocked
posv,cfloat,sm_89,L,80,64,512,cta|blocked
posv,cfloat,sm_89,L,80,64,2048,cta|blocked
posv,cfloat,sm_89,L,80,64,8192,cta|blocked
posv,cfloat,sm_89,L,80,64,32768,cta|blocked
posv,cfloat,sm_89,L,96,1,128,cta|blocked
posv,cfloat,sm_89,L,96,1,512,cta|blocked
posv,cfloat,sm_89,L,96,1,2048,cta|blocked
posv,cfloat,sm_89,L,96,1,8192,cta|blocked
posv,cfloat,sm_89,L,96,1,32768,cta|blocked
posv,cfloat,sm_89,L,96,2,128,cta|blocked
posv,cfloat,sm_89,L,96,2,512,cta|blocked
posv,cfloat,sm_89,L,96,2,2048,cta|blocked
posv,cfloat,sm_89,L,96,2,8192,cta|blocked
posv,cfloat,sm_89,L,96,2,32768,cta|blocked
posv,cfloat,sm_89,L,96,4,128,cta|blocked
posv,cfloat,sm_89,L,96,4,512,cta|blocked
posv,cfloat,sm_89,L,96,4,2048,cta|blocked
posv,cfloat,sm_89,L,96,4,8192,cta|blocked
posv,cfloat,sm_89,L,96,4,32768,cta|blocked
posv,cfloat,sm_89,L,96,8,128,cta|blocked
posv,cfloat,sm_89,L,96,8,512,cta|blocked
posv,cfloat,sm_89,L,96,8,2048,cta|blocked
posv,cfloat,sm_89,L,96,8,8192,cta|blocked
posv,cfloat,sm_89,L,96,8,32768,cta|blocked
posv,cfloat,sm_89,L,96,16,128,cta|blocked
posv,cfloat,sm_89,L,96,16,512,cta|blocked
posv,cfloat,sm_89,L,96,16,2048,cta|blocked
posv,cfloat,sm_89,L,96,16,8192,cta|blocked
posv,cfloat,sm_89,L,96,16,32768,cta|blocked
posv,cfloat,sm_89,L,96,64,128,cta|blocked
posv,cfloat,sm_89,L,96,64,512,cta|blocked
posv,cfloat,sm_89,L,96,64,2048,cta|blocked
posv,cfloat,sm_89,L,96,64,8192,cta|blocked
posv,cfloat,sm_89,L,96,64,32768,cta|blocked
posv,cfloat,sm_89,L,112,1,128,cta|blocked
posv,cfloat,sm_89,L,112,1,512,cta|blocked
posv,cfloat,sm_89,L,112,1,2048,cta|blocked
posv,cfloat,sm_89,L,112,1,8192,cta|blocked
posv,cfloat,sm_89,L,112,1,32768,cta|blocked
posv,cfloat,sm_89,L,112,2,128,cta|blocked
posv,cfloat,sm_89,L,112,2,512,cta|blocked
posv,cfloat,sm_89,L,112,2,2048,cta|blocked
posv,cfloat,sm_89,L,112,2,8192,cta|blocked
posv,cfloat,sm_89,L,112,2,32768,cta|blocked
posv,cfloat,sm_89,L,112,4,128,cta|blocked
posv,cfloat,sm_89,L,112,4,512,cta|blocked
posv,cfloat,sm_89,L,112,4,2048,cta|blocked
posv,cfloat,sm_89,L,112,4,8192,cta|blocked
posv,cfloat,sm_89,L,112,4,32768,cta|blocked
posv,cfloat,sm_89,L,112,8,128,cta|blocked
posv,cfloat,sm_89,L,112,8,512,cta|blocked
posv,cfloat,sm_89,L,112,8,2048,cta|blocked
posv,cfloat,sm_89,L,112,8,8192,cta|blocked
posv,cfloat,sm_89,L,112,8,32768,cta|blocked
posv,cfloat,sm_89,L,112,16,128,cta|blocked
posv,cfloat,sm_89,L,112,16,512,cta|blocked
posv,cfloat,sm_89,L,112,16,2048,cta|blocked
posv,cfloat,sm_89,L,112,16,8192,cta|blocked
posv,cfloat,sm_89,L,112,16,32768,cta|blocked
posv,cfloat,sm_89,L,112,64,128,cta|blocked
posv,cfloat,sm_89,L,112,64,512,cta|blocked
posv,cfloat,sm_89,L,112,64,2048,cta|blocked
posv,cfloat,sm_89,L,112,64,8192,cta|blocked
posv,cfloat,sm_89,L,112,64,32768,cta|blocked
posv,cfloat,sm_89,L,128,1,128,cta|blocked
posv,cfloat,sm_89,L,128,1,512,cta|blocked
posv,cfloat,sm_89,L,128,1,2048,cta|blocked
posv,cfloat,sm_89,L,128,1,8192,cta|blocked
posv,cfloat,sm_89,L,128,1,32768,cta|blocked
posv,cfloat,sm_89,L,128,2,128,cta|blocked
posv,cfloat,sm_89,L,128,2,512,cta|blocked
posv,cfloat,sm_89,L,128,2,2048,cta|blocked
posv,cfloat,sm_89,L,128,2,8192,cta|blocked
posv,cfloat,sm_89,L,128,2,32768,cta|blocked
posv,cfloat,sm_89,L,128,4,128,cta|blocked
posv,cfloat,sm_89,L,128,4,512,cta|blocked
posv,cfloat,sm_89,L,128,4,2048,cta|blocked
posv,cfloat,sm_89,L,128,4,8192,cta|blocked
posv,cfloat,sm_89,L,128,4,32768,cta|blocked
posv,cfloat,sm_89,L,128,8,128,cta|blocked
posv,cfloat,sm_89,L,128,8,512,cta|blocked
posv,cfloat,sm_89,L,128,8,2048,cta|blocked
posv,cfloat,sm_89,L,128,8,8192,cta|blocked
posv,cfloat,sm_89,L,128,8,32768,cta|blocked
posv,cfloat,sm_89,L,128,16,128,cta|blocked
posv,cfloat,sm_89,L,128,16,512,cta|blocked
posv,cfloat,sm_89,L,128,16,2048,cta|blocked
posv,cfloat,sm_89,L,128,16,8192,cta|blocked
posv,cfloat,sm_89,L,128,16,32768,cta|blocked
posv,cfloat,sm_89,L,128,64,128,cta|blocked
posv,cfloat,sm_89,L,128,64,512,cta|blocked
posv,cfloat,sm_89,L,128,64,2048,cta|blocked
posv,cfloat,sm_89,L,128,64,8192,cta|blocked
posv,cfloat,sm_89,L,128,64,32768,cta|blocked
posv,cfloat,sm_89,L,160,1,128,cta|blocked
posv,cfloat,sm_89,L,160,1,512,cta|blocked
posv,cfloat,sm_89,L,160,1,2048,cta|blocked
posv,cfloat,sm_89,L,160,1,8192,cta|blocked
posv,cfloat,sm_89,L,160,1,32768,cta|blocked
posv,cfloat,sm_89,L,160,2,128,cta|blocked
posv,cfloat,sm_89,L,160,2,512,cta|blocked
posv,cfloat,sm_89,L,160,2,2048,cta|blocked
posv,cfloat,sm_89,L,160,2,8192,cta|blocked
posv,cfloat,sm_89,L,160,2,32768,cta|blocked
posv,cfloat,sm_89,L,160,4,128,cta|blocked
posv,cfloat,sm_89,L,160,4,512,cta|blocked
posv,cfloat,sm_89,L,160,4,2048,cta|blocked
posv,cfloat,sm_89,L,160,4,8192,cta|blocked
posv,cfloat,sm_89,L,160,4,32768,cta|blocked
posv,cfloat,sm_89,L,160,8,128,cta|blocked
posv,cfloat,sm_89,L,160,8,512,cta|blocked
posv,cfloat,sm_89,L,160,8,2048,cta|blocked
posv,cfloat,sm_89,L,160,8,8192,cta|blocked
posv,cfloat,sm_89,L,160,8,32768,cta|blocked
posv,cfloat,sm_89,L,160,16,128,cta|blocked
posv,cfloat,sm_89,L,160,16,512,cta|blocked
posv,cfloat,sm_89,L,160,16,2048,cta|blocked
posv,cfloat,sm_89,L,160,16,8192,cta|blocked
posv,cfloat,sm_89,L,160,16,32768,cta|blocked
posv,cfloat,sm_89,L,160,64,128,cta|blocked
posv,cfloat,sm_89,L,160,64,512,cta|blocked
posv,cfloat,sm_89,L,160,64,2048,cta|blocked
posv,cfloat,sm_89,L,160,64,8192,cta|blocked
posv,cfloat,sm_89,L,160,64,32768,cta|blocked
posv,cfloat,sm_89,L,192,1,128,cta|blocked
posv,cfloat,sm_89,L,192,1,512,cta|blocked
posv,cfloat,sm_89,L,192,1,2048,cta|blocked
posv,cfloat,sm_89,L,192,1,8192,cta|blocked
posv,cfloat,sm_89,L,192,1,32768,cta|blocked
posv,cfloat,sm_89,L,192,2,128,cta|blocked
posv,cfloat,sm_89,L,192,2,512,cta|blocked
posv,cfloat,sm_89,L,192,2,2048,cta|blocked
posv,cfloat,sm_89,L,192,2,8192,cta|blocked
posv,cfloat,sm_89,L,192,2,32768,cta|blocked
posv,cfloat,sm_89,L,192,4,128,cta|blocked
posv,cfloat,sm_89,L,192,4,512,cta|blocked
posv,cfloat,sm_89,L,192,4,2048,cta|blocked
posv,cfloat,sm_89,L,192,4,8192,cta|blocked
posv,cfloat,sm_89,L,192,4,32768,cta|blocked
posv,cfloat,sm_89,L,192,8,128,cta|blocked
posv,cfloat,sm_89,L,192,8,512,cta|blocked
posv,cfloat,sm_89,L,192,8,2048,cta|blocked
posv,cfloat,sm_89,L,192,8,8192,cta|blocked
posv,cfloat,sm_89,L,192,8,32768,cta|blocked
posv,cfloat,sm_89,L,192,16,128,cta|blocked
posv,cfloat,sm_89,L,192,16,512,cta|blocked
posv,cfloat,sm_89,L,192,16,2048,cta|blocked
posv,cfloat,sm_89,L,192,16,8192,cta|blocked
posv,cfloat,sm_89,L,192,16,32768,cta|blocked
posv,cfloat,sm_89,L,192,64,128,cta|blocked
posv,cfloat,sm_89,L,192,64,512,cta|blocked
posv,cfloat,sm_89,L,192,64,2048,cta|blocked
posv,cfloat,sm_89,L,192,64,8192,cta|blocked
posv,cfloat,sm_89,L,192,64,32768,cta|blocked
posv,cfloat,sm_89,L,224,1,128,cta|blocked
posv,cfloat,sm_89,L,224,1,512,cta|blocked
posv,cfloat,sm_89,L,224,1,2048,cta|blocked
posv,cfloat,sm_89,L,224,1,8192,cta|blocked
posv,cfloat,sm_89,L,224,1,32768,cta|blocked
posv,cfloat,sm_89,L,224,2,128,cta|blocked
posv,cfloat,sm_89,L,224,2,512,cta|blocked
posv,cfloat,sm_89,L,224,2,2048,cta|blocked
posv,cfloat,sm_89,L,224,2,8192,cta|blocked
posv,cfloat,sm_89,L,224,2,32768,cta|blocked
posv,cfloat,sm_89,L,224,4,128,cta|blocked
posv,cfloat,sm_89,L,224,4,512,cta|blocked
posv,cfloat,sm_89,L,224,4,2048,cta|blocked
posv,cfloat,sm_89,L,224,4,8192,cta|blocked
posv,cfloat,sm_89,L,224,4,32768,cta|blocked
posv,cfloat,sm_89,L,224,8,128,cta|blocked
posv,cfloat,sm_89,L,224,8,512,cta|blocked
posv,cfloat,sm_89,L,224,8,2048,cta|blocked
posv,cfloat,sm_89,L,224,8,8192,cta|blocked
posv,cfloat,sm_89,L,224,8,32768,cta|blocked
posv,cfloat,sm_89,L,224,16,128,cta|blocked
posv,cfloat,sm_89,L,224,16,512,cta|blocked
posv,cfloat,sm_89,L,224,16,2048,cta|blocked
posv,cfloat,sm_89,L,224,16,8192,cta|blocked
posv,cfloat,sm_89,L,224,16,32768,cta|blocked
posv,cfloat,sm_89,L,224,64,128,cta|blocked
posv,cfloat,sm_89,L,224,64,512,cta|blocked
posv,cfloat,sm_89,L,224,64,2048,cta|blocked
posv,cfloat,sm_89,L,224,64,8192,cta|blocked
posv,cfloat,sm_89,L,224,64,32768,cta|blocked
posv,cfloat,sm_89,L,256,1,128,cta|blocked
posv,cfloat,sm_89,L,256,1,512,cta|blocked
posv,cfloat,sm_89,L,256,1,2048,cta|blocked
posv,cfloat,sm_89,L,256,1,8192,cta|blocked
posv,cfloat,sm_89,L,256,1,32768,cta|blocked
posv,cfloat,sm_89,L,256,2,128,cta|blocked
posv,cfloat,sm_89,L,256,2,512,cta|blocked
posv,cfloat,sm_89,L,256,2,2048,cta|blocked
posv,cfloat,sm_89,L,256,2,8192,cta|blocked
posv,cfloat,sm_89,L,256,2,32768,cta|blocked
posv,cfloat,sm_89,L,256,4,128,cta|blocked
posv,cfloat,sm_89,L,256,4,512,cta|blocked
posv,cfloat,sm_89,L,256,4,2048,cta|blocked
posv,cfloat,sm_89,L,256,4,8192,cta|blocked
posv,cfloat,sm_89,L,256,4,32768,cta|blocked
posv,cfloat,sm_89,L,256,8,128,cta|blocked
posv,cfloat,sm_89,L,256,8,512,cta|blocked
posv,cfloat,sm_89,L,256,8,2048,cta|blocked
posv,cfloat,sm_89,L,256,8,8192,cta|blocked
posv,cfloat,sm_89,L,256,8,32768,cta|blocked
posv,cfloat,sm_89,L,256,16,128,cta|blocked
posv,cfloat,sm_89,L,256,16,512,cta|blocked
posv,cfloat,sm_89,L,256,16,2048,cta|blocked
posv,cfloat,sm_89,L,256,16,8192,cta|blocked
posv,cfloat,sm_89,L,256,16,32768,cta|blocked
posv,cfloat,sm_89,L,256,64,128,cta|blocked
posv,cfloat,sm_89,L,256,64,512,cta|blocked
posv,cfloat,sm_89,L,256,64,2048,cta|blocked
posv,cfloat,sm_89,L,256,64,8192,cta|blocked
posv,cfloat,sm_89,L,256,64,32768,cta|blocked
posv,cfloat,sm_89,L,288,1,128,cta|blocked
posv,cfloat,sm_89,L,288,1,512,cta|blocked
posv,cfloat,sm_89,L,288,1,2048,cta|blocked
posv,cfloat,sm_89,L,288,1,8192,cta|blocked
posv,cfloat,sm_89,L,288,1,32768,cta|blocked
posv,cfloat,sm_89,L,288,2,128,cta|blocked
posv,cfloat,sm_89,L,288,2,512,cta|blocked
posv,cfloat,sm_89,L,288,2,2048,cta|blocked
posv,cfloat,sm_89,L,288,2,8192,cta|blocked
posv,cfloat,sm_89,L,288,2,32768,cta|blocked
posv,cfloat,sm_89,L,288,4,128,cta|blocked
posv,cfloat,sm_89,L,288,4,512,cta|blocked
posv,cfloat,sm_89,L,288,4,2048,cta|blocked
posv,cfloat,sm_89,L,288,4,8192,cta|blocked
posv,cfloat,sm_89,L,288,4,32768,cta|blocked
posv,cfloat,sm_89,L,288,8,128,cta|blocked
posv,cfloat,sm_89,L,288,8,512,cta|blocked
posv,cfloat,sm_89,L,288,8,2048,cta|blocked
posv,cfloat,sm_89,L,288,8,8192,cta|blocked
posv,cfloat,sm_89,L,288,8,32768,cta|blocked
posv,cfloat,sm_89,L,288,16,128,cta|blocked
posv,cfloat,sm_89,L,288,16,512,cta|blocked
posv,cfloat,sm_89,L,288,16,2048,cta|blocked
posv,cfloat,sm_89,L,288,16,8192,cta|blocked
posv,cfloat,sm_89,L,288,16,32768,cta|blocked
posv,cfloat,sm_89,L,288,64,128,cta|blocked
posv,cfloat,sm_89,L,288,64,512,cta|blocked
posv,cfloat,sm_89,L,288,64,2048,cta|blocked
posv,cfloat,sm_89,L,288,64,8192,cta|blocked
posv,cfloat,sm_89,L,288,64,32768,cta|blocked
posv,cfloat,sm_89,L,320,1,128,cta|blocked
posv,cfloat,sm_89,L,320,1,512,cta|blocked
posv,cfloat,sm_89,L,320,1,2048,cta|blocked
posv,cfloat,sm_89,L,320,1,8192,cta|blocked
posv,cfloat,sm_89,L,320,1,32768,cta|blocked
posv,cfloat,sm_89,L,320,2,128,cta|blocked
posv,cfloat,sm_89,L,320,2,512,cta|blocked
posv,cfloat,sm_89,L,320,2,2048,cta|blocked
posv,cfloat,sm_89,L,320,2,8192,cta|blocked
posv,cfloat,sm_89,L,320,2,32768,cta|blocked
posv,cfloat,sm_89,L,320,4,128,cta|blocked
posv,cfloat,sm_89,L,320,4,512,cta|blocked
posv,cfloat,sm_89,L,320,4,2048,cta|blocked
posv,cfloat,sm_89,L,320,4,8192,cta|blocked
posv,cfloat,sm_89,L,320,4,32768,cta|blocked
posv,cfloat,sm_89,L,320,8,128,cta|blocked
posv,cfloat,sm_89,L,320,8,512,cta|blocked
posv,cfloat,sm_89,L,320,8,2048,cta|blocked
posv,cfloat,sm_89,L,320,8,8192,cta|blocked
posv,cfloat,sm_89,L,320,8,32768,cta|blocked
posv,cfloat,sm_89,L,320,16,128,cta|blocked
posv,cfloat,sm_89,L,320,16,512,cta|blocked
posv,cfloat,sm_89,L,320,16,2048,cta|blocked
posv,cfloat,sm_89,L,320,16,8192,cta|blocked
posv,cfloat,sm_89,L,320,16,32768,cta|blocked
posv,cfloat,sm_89,L,320,64,128,cta|blocked
posv,cfloat,sm_89,L,320,64,512,cta|blocked
posv,cfloat,sm_89,L,320,64,2048,cta|blocked
posv,cfloat,sm_89,L,320,64,8192,cta|blocked
posv,cfloat,sm_89,L,320,64,32768,cta|blocked
posv,cfloat,sm_89,L,384,1,128,cta|blocked
posv,cfloat,sm_89,L,384,1,512,cta|blocked
posv,cfloat,sm_89,L,384,1,2048,cta|blocked
posv,cfloat,sm_89,L,384,1,8192,cta|blocked
posv,cfloat,sm_89,L,384,1,32768,cta|blocked
posv,cfloat,sm_89,L,384,2,128,cta|blocked
posv,cfloat,sm_89,L,384,2,512,cta|blocked
posv,cfloat,sm_89,L,384,2,2048,cta|blocked
posv,cfloat,sm_89,L,384,2,8192,cta|blocked
posv,cfloat,sm_89,L,384,2,32768,cta|blocked
posv,cfloat,sm_89,L,384,4,128,cta|blocked
posv,cfloat,sm_89,L,384,4,512,cta|blocked
posv,cfloat,sm_89,L,384,4,2048,cta|blocked
posv,cfloat,sm_89,L,384,4,8192,cta|blocked
posv,cfloat,sm_89,L,384,4,32768,cta|blocked
posv,cfloat,sm_89,L,384,8,128,cta|blocked
posv,cfloat,sm_89,L,384,8,512,cta|blocked
posv,cfloat,sm_89,L,384,8,2048,cta|blocked
posv,cfloat,sm_89,L,384,8,8192,cta|blocked
posv,cfloat,sm_89,L,384,8,32768,cta|blocked
posv,cfloat,sm_89,L,384,16,128,cta|blocked
posv,cfloat,sm_89,L,384,16,512,cta|blocked
posv,cfloat,sm_89,L,384,16,2048,cta|blocked
posv,cfloat,sm_89,L,384,16,8192,cta|blocked
posv,cfloat,sm_89,L,384,16,32768,cta|blocked
posv,cfloat,sm_89,L,384,64,128,cta|blocked
posv,cfloat,sm_89,L,384,64,512,cta|blocked
posv,cfloat,sm_89,L,384,64,2048,cta|blocked
posv,cfloat,sm_89,L,384,64,8192,cta|blocked
posv,cfloat,sm_89,L,384,64,32768,cta|blocked
posv,cfloat,sm_89,L,448,1,128,cta|blocked
posv,cfloat,sm_89,L,448,1,512,cta|blocked
posv,cfloat,sm_89,L,448,1,2048,cta|blocked
posv,cfloat,sm_89,L,448,1,8192,cta|blocked
posv,cfloat,sm_89,L,448,1,32768,cta|blocked
posv,cfloat,sm_89,L,448,2,128,cta|blocked
posv,cfloat,sm_89,L,448,2,512,cta|blocked
posv,cfloat,sm_89,L,448,2,2048,cta|blocked
posv,cfloat,sm_89,L,448,2,8192,cta|blocked
posv,cfloat,sm_89,L,448,2,32768,cta|blocked
posv,cfloat,sm_89,L,448,4,128,cta|blocked
posv,cfloat,sm_89,L,448,4,512,cta|blocked
posv,cfloat,sm_89,L,448,4,2048,cta|blocked
posv,cfloat,sm_89,L,448,4,8192,cta|blocked
posv,cfloat,sm_89,L,448,4,32768,cta|blocked
posv,cfloat,sm_89,L,448,8,128,cta|blocked
posv,cfloat,sm_89,L,448,8,512,cta|blocked
posv,cfloat,sm_89,L,448,8,2048,cta|blocked
posv,cfloat,sm_89,L,448,8,8192,cta|blocked
posv,cfloat,sm_89,L,448,8,32768,cta|blocked
posv,cfloat,sm_89,L,448,16,128,cta|blocked
posv,cfloat,sm_89,L,448,16,512,cta|blocked
posv,cfloat,sm_89,L,448,16,2048,cta|blocked
posv,cfloat,sm_89,L,448,16,8192,cta|blocked
posv,cfloat,sm_89,L,448,16,32768,cta|blocked
posv,cfloat,sm_89,L,448,64,128,cta|blocked
posv,cfloat,sm_89,L,448,64,512,cta|blocked
posv,cfloat,sm_89,L,448,64,2048,cta|blocked
posv,cfloat,sm_89,L,448,64,8192,cta|blocked
posv,cfloat,sm_89,L,448,64,32768,cta|blocked
posv,cfloat,sm_89,L,512,1,128,cta|blocked
posv,cfloat,sm_89,L,512,1,512,cta|blocked
posv,cfloat,sm_89,L,512,1,2048,cta|blocked
posv,cfloat,sm_89,L,512,1,8192,cta|blocked
posv,cfloat,sm_89,L,512,1,32768,cta|blocked
posv,cfloat,sm_89,L,512,2,128,cta|blocked
posv,cfloat,sm_89,L,512,2,512,cta|blocked
posv,cfloat,sm_89,L,512,2,2048,cta|blocked
posv,cfloat,sm_89,L,512,2,8192,cta|blocked
posv,cfloat,sm_89,L,512,2,32768,cta|blocked
posv,cfloat,sm_89,L,512,4,128,cta|blocked
posv,cfloat,sm_89,L,512,4,512,cta|blocked
posv,cfloat,sm_89,L,512,4,2048,cta|blocked
posv,cfloat,sm_89,L,512,4,8192,cta|blocked
posv,cfloat,sm_89,L,512,4,32768,cta|blocked
posv,cfloat,sm_89,L,512,8,128,cta|blocked
posv,cfloat,sm_89,L,512,8,512,cta|blocked
posv,cfloat,sm_89,L,512,8,2048,cta|blocked
posv,cfloat,sm_89,L,512,8,8192,cta|blocked
posv,cfloat,sm_89,L,512,8,32768,cta|blocked
posv,cfloat,sm_89,L,512,16,128,cta|blocked
posv,cfloat,sm_89,L,512,16,512,cta|blocked
posv,cfloat,sm_89,L,512,16,2048,cta|blocked
posv,cfloat,sm_89,L,512,16,8192,cta|blocked
posv,cfloat,sm_89,L,512,16,32768,cta|blocked
posv,cfloat,sm_89,L,512,64,128,cta|blocked
posv,cfloat,sm_89,L,512,64,512,cta|blocked
posv,cfloat,sm_89,L,512,64,2048,cta|blocked
posv,cfloat,sm_89,L,512,64,8192,cta|blocked
posv,cfloat,sm_89,L,512,64,32768,cta|blocked
posv,cfloat,sm_89,L,640,1,128,cta|blocked
posv,cfloat,sm_89,L,640,1,512,cta|blocked
posv,cfloat,sm_89,L,640,1,2048,cta|blocked
posv,cfloat,sm_89,L,640,1,8192,cta|blocked
posv,cfloat,sm_89,L,640,1,32768,cta|blocked
posv,cfloat,sm_89,L,640,2,128,cta|blocked
posv,cfloat,sm_89,L,640,2,512,cta|blocked
posv,cfloat,sm_89,L,640,2,2048,cta|blocked
posv,cfloat,sm_89,L,640,2,8192,cta|blocked
posv,cfloat,sm_89,L,640,2,32768,cta|blocked
posv,cfloat,sm_89,L,640,4,128,cta|blocked
posv,cfloat,sm_89,L,640,4,512,cta|blocked
posv,cfloat,sm_89,L,640,4,2048,cta|blocked
posv,cfloat,sm_89,L,640,4,8192,cta|blocked
posv,cfloat,sm_89,L,640,4,32768,cta|blocked
posv,cfloat,sm_89,L,640,8,128,cta|blocked
posv,cfloat,sm_89,L,640,8,512,cta|blocked
posv,cfloat,sm_89,L,640,8,2048,cta|blocked
posv,cfloat,sm_89,L,640,8,8192,cta|blocked
posv,cfloat,sm_89,L,640,8,32768,cta|blocked
posv,cfloat,sm_89,L,640,16,128,cta|blocked
posv,cfloat,sm_89,L,640,16,512,cta|blocked
posv,cfloat,sm_89,L,640,16,2048,cta|blocked
posv,cfloat,sm_89,L,640,16,8192,cta|blocked
posv,cfloat,sm_89,L,640,16,32768,cta|blocked
posv,cfloat,sm_89,L,640,64,128,cta|blocked
posv,cfloat,sm_89,L,640,64,512,cta|blocked
posv,cfloat,sm_89,L,640,64,2048,cta|blocked
posv,cfloat,sm_89,L,640,64,8192,cta|blocked
posv,cfloat,sm_89,L,640,64,32768,cta|blocked
posv,cfloat,sm_89,L,768,1,128,cta|blocked
posv,cfloat,sm_89,L,768,1,512,cta|blocked
posv,cfloat,sm_89,L,768,1,2048,cta|blocked
posv,cfloat,sm_89,L,768,1,8192,cta|blocked
posv,cfloat,sm_89,L,768,1,32768,cta|blocked
posv,cfloat,sm_89,L,768,2,128,cta|blocked
posv,cfloat,sm_89,L,768,2,512,cta|blocked
posv,cfloat,sm_89,L,768,2,2048,cta|blocked
posv,cfloat,sm_89,L,768,2,8192,cta|blocked
posv,cfloat,sm_89,L,768,2,32768,cta|blocked
posv,cfloat,sm_89,L,768,4,128,cta|blocked
posv,cfloat,sm_89,L,768,4,512,cta|blocked
posv,cfloat,sm_89,L,768,4,2048,cta|blocked
posv,cfloat,sm_89,L,768,4,8192,cta|blocked
posv,cfloat,sm_89,L,768,4,32768,cta|blocked
posv,cfloat,sm_89,L,768,8,128,cta|blocked
posv,cfloat,sm_89,L,768,8,512,cta|blocked
posv,cfloat,sm_89,L,768,8,2048,cta|blocked
posv,cfloat,sm_89,L,768,8,8192,cta|blocked
posv,cfloat,sm_89,L,768,8,32768,cta|blocked
posv,cfloat,sm_89,L,768,16,128,cta|blocked
posv,cfloat,sm_89,L,768,16,512,cta|blocked
posv,cfloat,sm_89,L,768,16,2048,cta|blocked
posv,cfloat,sm_89,L,768,16,8192,cta|blocked
posv,cfloat,sm_89,L,768,16,32768,cta|blocked
posv,cfloat,sm_89,L,768,64,128,cta|blocked
posv,cfloat,sm_89,L,768,64,512,cta|blocked
posv,cfloat,sm_89,L,768,64,2048,cta|blocked
posv,cfloat,sm_89,L,768,64,8192,cta|blocked
posv,cfloat,sm_89,L,768,64,32768,cta|blocked
posv,cfloat,sm_89,L,1024,1,128,cta|blocked
posv,cfloat,sm_89,L,1024,1,512,cta|blocked
posv,cfloat,sm_89,L,1024,1,2048,cta|blocked
posv,cfloat,sm_89,L,1024,1,8192,cta|blocked
posv,cfloat,sm_89,L,1024,1,32768,cta|blocked
posv,cfloat,sm_89,L,1024,2,128,cta|blocked
posv,cfloat,sm_89,L,1024,2,512,cta|blocked
posv,cfloat,sm_89,L,1024,2,2048,cta|blocked
posv,cfloat,sm_89,L,1024,2,8192,cta|blocked
posv,cfloat,sm_89,L,1024,2,32768,cta|blocked
posv,cfloat,sm_89,L,1024,4,128,cta|blocked
posv,cfloat,sm_89,L,1024,4,512,cta|blocked
posv,cfloat,sm_89,L,1024,4,2048,cta|blocked
posv,cfloat,sm_89,L,1024,4,8192,cta|blocked
posv,cfloat,sm_89,L,1024,4,32768,cta|blocked
posv,cfloat,sm_89,L,1024,8,128,cta|blocked
posv,cfloat,sm_89,L,1024,8,512,cta|blocked
posv,cfloat,sm_89,L,1024,8,2048,cta|blocked
posv,cfloat,sm_89,L,1024,8,8192,cta|blocked
posv,cfloat,sm_89,L,1024,8,32768,cta|blocked
posv,cfloat,sm_89,L,1024,16,128,cta|blocked
posv,cfloat,sm_89,L,1024,16,512,cta|blocked
posv,cfloat,sm_89,L,1024,16,2048,cta|blocked
posv,cfloat,sm_89,L,1024,16,8192,cta|blocked
posv,cfloat,sm_89,L,1024,16,32768,cta|blocked
posv,cfloat,sm_89,L,1024,64,128,cta|blocked
posv,cfloat,sm_89,L,1024,64,512,cta|blocked
posv,cfloat,sm_89,L,1024,64,2048,cta|blocked
posv,cfloat,sm_89,L,1024,64,8192,cta|blocked
posv,cfloat,sm_89,L,1024,64,32768,cta|blocked
posv,cfloat,sm_89,U,1,1,128,tiny|cta|blocked
posv,cfloat,sm_89,U,1,1,512,tiny|cta|blocked
posv,cfloat,sm_89,U,1,1,2048,tiny|cta|blocked
posv,cfloat,sm_89,U,1,1,8192,tiny|cta|blocked
posv,cfloat,sm_89,U,1,1,32768,tiny|cta|blocked
posv,cfloat,sm_89,U,1,2,128,tiny|cta|blocked
posv,cfloat,sm_89,U,1,2,512,tiny|cta|blocked
posv,cfloat,sm_89,U,1,2,2048,tiny|cta|blocked
posv,cfloat,sm_89,U,1,2,8192,tiny|cta|blocked
posv,cfloat,sm_89,U,1,2,32768,tiny|cta|blocked
posv,cfloat,sm_89,U,1,4,128,tiny|cta|blocked
posv,cfloat,sm_89,U,1,4,512,tiny|cta|blocked
posv,cfloat,sm_89,U,1,4,2048,tiny|cta|blocked
posv,cfloat,sm_89,U,1,4,8192,tiny|cta|blocked
posv,cfloat,sm_89,U,1,4,32768,tiny|cta|blocked
posv,cfloat,sm_89,U,1,8,128,tiny|cta|blocked
posv,cfloat,sm_89,U,1,8,512,tiny|cta|blocked
posv,cfloat,sm_89,U,1,8,2048,tiny|cta|blocked
posv,cfloat,sm_89,U,1,8,8192,tiny|cta|blocked
posv,cfloat,sm_89,U,1,8,32768,tiny|cta|blocked
posv,cfloat,sm_89,U,1,16,128,tiny|cta|blocked
posv,cfloat,sm_89,U,1,16,512,tiny|cta|blocked
posv,cfloat,sm_89,U,1,16,2048,tiny|cta|blocked
posv,cfloat,sm_89,U,1,16,8192,tiny|cta|blocked
posv,cfloat,sm_89,U,1,16,32768,tiny|cta|blocked
posv,cfloat,sm_89,U,1,64,128,tiny|cta|blocked
posv,cfloat,sm_89,U,1,64,512,tiny|cta|blocked
posv,cfloat,sm_89,U,1,64,2048,tiny|cta|blocked
posv,cfloat,sm_89,U,1,64,8192,tiny|cta|blocked
posv,cfloat,sm_89,U,1,64,32768,tiny|cta|blocked
posv,cfloat,sm_89,U,2,1,128,tiny|cta|blocked
posv,cfloat,sm_89,U,2,1,512,tiny|cta|blocked
posv,cfloat,sm_89,U,2,1,2048,tiny|cta|blocked
posv,cfloat,sm_89,U,2,1,8192,tiny|cta|blocked
posv,cfloat,sm_89,U,2,1,32768,tiny|cta|blocked
posv,cfloat,sm_89,U,2,2,128,tiny|cta|blocked
posv,cfloat,sm_89,U,2,2,512,tiny|cta|blocked
posv,cfloat,sm_89,U,2,2,2048,tiny|cta|blocked
posv,cfloat,sm_89,U,2,2,8192,tiny|cta|blocked
posv,cfloat,sm_89,U,2,2,32768,tiny|cta|blocked
posv,cfloat,sm_89,U,2,4,128,tiny|cta|blocked
posv,cfloat,sm_89,U,2,4,512,tiny|cta|blocked
posv,cfloat,sm_89,U,2,4,2048,tiny|cta|blocked
posv,cfloat,sm_89,U,2,4,8192,tiny|cta|blocked
posv,cfloat,sm_89,U,2,4,32768,tiny|cta|blocked
posv,cfloat,sm_89,U,2,8,128,tiny|cta|blocked
posv,cfloat,sm_89,U,2,8,512,tiny|cta|blocked
posv,cfloat,sm_89,U,2,8,2048,tiny|cta|blocked
posv,cfloat,sm_89,U,2,8,8192,tiny|cta|blocked
posv,cfloat,sm_89,U,2,8,32768,tiny|cta|blocked
posv,cfloat,sm_89,U,2,16,128,tiny|cta|blocked
posv,cfloat,sm_89,U,2,16,512,tiny|cta|blocked
posv,cfloat,sm_89,U,2,16,2048,tiny|cta|blocked
posv,cfloat,sm_89,U,2,16,8192,tiny|cta|blocked
posv,cfloat,sm_89,U,2,16,32768,tiny|cta|blocked
posv,cfloat,sm_89,U,2,64,128,tiny|cta|blocked
posv,cfloat,sm_89,U,2,64,512,tiny|cta|blocked
posv,cfloat,sm_89,U,2,64,2048,tiny|cta|blocked
posv,cfloat,sm_89,U,2,64,8192,tiny|cta|blocked
posv,cfloat,sm_89,U,2,64,32768,tiny|cta|blocked
posv,cfloat,sm_89,U,3,1,128,tiny|cta|blocked
posv,cfloat,sm_89,U,3,1,512,tiny|cta|blocked
posv,cfloat,sm_89,U,3,1,2048,tiny|cta|blocked
posv,cfloat,sm_89,U,3,1,8192,tiny|cta|blocked
posv,cfloat,sm_89,U,3,1,32768,tiny|cta|blocked
posv,cfloat,sm_89,U,3,2,128,tiny|cta|blocked
posv,cfloat,sm_89,U,3,2,512,tiny|cta|blocked
posv,cfloat,sm_89,U,3,2,2048,tiny|cta|blocked
posv,cfloat,sm_89,U,3,2,8192,tiny|cta|blocked
posv,cfloat,sm_89,U,3,2,32768,tiny|cta|blocked
posv,cfloat,sm_89,U,3,4,128,tiny|cta|blocked
posv,cfloat,sm_89,U,3,4,512,tiny|cta|blocked
posv,cfloat,sm_89,U,3,4,2048,tiny|cta|blocked
posv,cfloat,sm_89,U,3,4,8192,tiny|cta|blocked
posv,cfloat,sm_89,U,3,4,32768,tiny|cta|blocked
posv,cfloat,sm_89,U,3,8,128,tiny|cta|blocked
posv,cfloat,sm_89,U,3,8,512,tiny|cta|blocked
posv,cfloat,sm_89,U,3,8,2048,tiny|cta|blocked
posv,cfloat,sm_89,U,3,8,8192,tiny|cta|blocked
posv,cfloat,sm_89,U,3,8,32768,tiny|cta|blocked
posv,cfloat,sm_89,U,3,16,128,tiny|cta|blocked
posv,cfloat,sm_89,U,3,16,512,tiny|cta|blocked
posv,cfloat,sm_89,U,3,16,2048,tiny|cta|blocked
posv,cfloat,sm_89,U,3,16,8192,tiny|cta|blocked
posv,cfloat,sm_89,U,3,16,32768,tiny|cta|blocked
posv,cfloat,sm_89,U,3,64,128,tiny|cta|blocked
posv,cfloat,sm_89,U,3,64,512,tiny|cta|blocked
posv,cfloat,sm_89,U,3,64,2048,tiny|cta|blocked
posv,cfloat,sm_89,U,3,64,8192,tiny|cta|blocked
posv,cfloat,sm_89,U,3,64,32768,tiny|cta|blocked
posv,cfloat,sm_89,U,4,1,128,tiny|cta|blocked
posv,cfloat,sm_89,U,4,1,512,tiny|cta|blocked
posv,cfloat,sm_89,U,4,1,2048,tiny|cta|blocked
posv,cfloat,sm_89,U,4,1,8192,tiny|cta|blocked
posv,cfloat,sm_89,U,4,1,32768,tiny|cta|blocked
posv,cfloat,sm_89,U,4,2,128,tiny|cta|blocked
posv,cfloat,sm_89,U,4,2,512,tiny|cta|blocked
posv,cfloat,sm_89,U,4,2,2048,tiny|cta|blocked
posv,cfloat,sm_89,U,4,2,8192,tiny|cta|blocked
posv,cfloat,sm_89,U,4,2,32768,tiny|cta|blocked
posv,cfloat,sm_89,U,4,4,128,tiny|cta|blocked
posv,cfloat,sm_89,U,4,4,512,tiny|cta|blocked
posv,cfloat,sm_89,U,4,4,2048,tiny|cta|blocked
posv,cfloat,sm_89,U,4,4,8192,tiny|cta|blocked
posv,cfloat,sm_89,U,4,4,32768,tiny|cta|blocked
posv,cfloat,sm_89,U,4,8,128,tiny|cta|blocked
posv,cfloat,sm_89,U,4,8,512,tiny|cta|blocked
posv,cfloat,sm_89,U,4,8,2048,tiny|cta|blocked
posv,cfloat,sm_89,U,4,8,8192,tiny|cta|blocked
posv,cfloat,sm_89,U,4,8,32768,tiny|cta|blocked
posv,cfloat,sm_89,U,4,16,128,tiny|cta|blocked
posv,cfloat,sm_89,U,4,16,512,tiny|cta|blocked
posv,cfloat,sm_89,U,4,16,2048,tiny|cta|blocked
posv,cfloat,sm_89,U,4,16,8192,tiny|cta|blocked
posv,cfloat,sm_89,U,4,16,32768,tiny|cta|blocked
posv,cfloat,sm_89,U,4,64,128,tiny|cta|blocked
posv,cfloat,sm_89,U,4,64,512,tiny|cta|blocked
posv,cfloat,sm_89,U,4,64,2048,tiny|cta|blocked
posv,cfloat,sm_89,U,4,64,8192,tiny|cta|blocked
posv,cfloat,sm_89,U,4,64,32768,tiny|cta|blocked
posv,cfloat,sm_89,U,6,1,128,tiny|cta|blocked
posv,cfloat,sm_89,U,6,1,512,tiny|cta|blocked
posv,cfloat,sm_89,U,6,1,2048,tiny|cta|blocked
posv,cfloat,sm_89,U,6,1,8192,tiny|cta|blocked
posv,cfloat,sm_89,U,6,1,32768,tiny|cta|blocked
posv,cfloat,sm_89,U,6,2,128,tiny|cta|blocked
posv,cfloat,sm_89,U,6,2,512,tiny|cta|blocked
posv,cfloat,sm_89,U,6,2,2048,tiny|cta|blocked
posv,cfloat,sm_89,U,6,2,8192,tiny|cta|blocked
posv,cfloat,sm_89,U,6,2,32768,tiny|cta|blocked
posv,cfloat,sm_89,U,6,4,128,tiny|cta|blocked
posv,cfloat,sm_89,U,6,4,512,tiny|cta|blocked
posv,cfloat,sm_89,U,6,4,2048,tiny|cta|blocked
posv,cfloat,sm_89,U,6,4,8192,tiny|cta|blocked
posv,cfloat,sm_89,U,6,4,32768,tiny|cta|blocked
posv,cfloat,sm_89,U,6,8,128,tiny|cta|blocked
posv,cfloat,sm_89,U,6,8,512,tiny|cta|blocked
posv,cfloat,sm_89,U,6,8,2048,tiny|cta|blocked
posv,cfloat,sm_89,U,6,8,8192,tiny|cta|blocked
posv,cfloat,sm_89,U,6,8,32768,tiny|cta|blocked
posv,cfloat,sm_89,U,6,16,128,tiny|cta|blocked
posv,cfloat,sm_89,U,6,16,512,tiny|cta|blocked
posv,cfloat,sm_89,U,6,16,2048,tiny|cta|blocked
posv,cfloat,sm_89,U,6,16,8192,tiny|cta|blocked
posv,cfloat,sm_89,U,6,16,32768,tiny|cta|blocked
posv,cfloat,sm_89,U,6,64,128,tiny|cta|blocked
posv,cfloat,sm_89,U,6,64,512,tiny|cta|blocked
posv,cfloat,sm_89,U,6,64,2048,tiny|cta|blocked
posv,cfloat,sm_89,U,6,64,8192,tiny|cta|blocked
posv,cfloat,sm_89,U,6,64,32768,tiny|cta|blocked
posv,cfloat,sm_89,U,8,1,128,tiny|cta|blocked
posv,cfloat,sm_89,U,8,1,512,tiny|cta|blocked
posv,cfloat,sm_89,U,8,1,2048,tiny|cta|blocked
posv,cfloat,sm_89,U,8,1,8192,tiny|cta|blocked
posv,cfloat,sm_89,U,8,1,32768,tiny|cta|blocked
posv,cfloat,sm_89,U,8,2,128,tiny|cta|blocked
posv,cfloat,sm_89,U,8,2,512,tiny|cta|blocked
posv,cfloat,sm_89,U,8,2,2048,tiny|cta|blocked
posv,cfloat,sm_89,U,8,2,8192,tiny|cta|blocked
posv,cfloat,sm_89,U,8,2,32768,tiny|cta|blocked
posv,cfloat,sm_89,U,8,4,128,tiny|cta|blocked
posv,cfloat,sm_89,U,8,4,512,tiny|cta|blocked
posv,cfloat,sm_89,U,8,4,2048,tiny|cta|blocked
posv,cfloat,sm_89,U,8,4,8192,tiny|cta|blocked
posv,cfloat,sm_89,U,8,4,32768,tiny|cta|blocked
posv,cfloat,sm_89,U,8,8,128,tiny|cta|blocked
posv,cfloat,sm_89,U,8,8,512,tiny|cta|blocked
posv,cfloat,sm_89,U,8,8,2048,tiny|cta|blocked
posv,cfloat,sm_89,U,8,8,8192,tiny|cta|blocked
posv,cfloat,sm_89,U,8,8,32768,tiny|cta|blocked
posv,cfloat,sm_89,U,8,16,128,tiny|cta|blocked
posv,cfloat,sm_89,U,8,16,512,tiny|cta|blocked
posv,cfloat,sm_89,U,8,16,2048,tiny|cta|blocked
posv,cfloat,sm_89,U,8,16,8192,tiny|cta|blocked
posv,cfloat,sm_89,U,8,16,32768,tiny|cta|blocked
posv,cfloat,sm_89,U,8,64,128,tiny|cta|blocked
posv,cfloat,sm_89,U,8,64,512,tiny|cta|blocked
posv,cfloat,sm_89,U,8,64,2048,tiny|cta|blocked
posv,cfloat,sm_89,U,8,64,8192,tiny|cta|blocked
posv,cfloat,sm_89,U,8,64,32768,tiny|cta|blocked
posv,cfloat,sm_89,U,12,1,128,tiny|cta|blocked
posv,cfloat,sm_89,U,12,1,512,tiny|cta|blocked
posv,cfloat,sm_89,U,12,1,2048,tiny|cta|blocked
posv,cfloat,sm_89,U,12,1,8192,tiny|cta|blocked
posv,cfloat,sm_89,U,12,1,32768,tiny|cta|blocked
posv,cfloat,sm_89,U,12,2,128,tiny|cta|blocked
posv,cfloat,sm_89,U,12,2,512,tiny|cta|blocked
posv,cfloat,sm_89,U,12,2,2048,tiny|cta|blocked
posv,cfloat,sm_89,U,12,2,8192,tiny|cta|blocked
posv,cfloat,sm_89,U,12,2,32768,tiny|cta|blocked
posv,cfloat,sm_89,U,12,4,128,tiny|cta|blocked
posv,cfloat,sm_89,U,12,4,512,tiny|cta|blocked
posv,cfloat,sm_89,U,12,4,2048,tiny|cta|blocked
posv,cfloat,sm_89,U,12,4,8192,tiny|cta|blocked
posv,cfloat,sm_89,U,12,4,32768,tiny|cta|blocked
posv,cfloat,sm_89,U,12,8,128,tiny|cta|blocked
posv,cfloat,sm_89,U,12,8,512,tiny|cta|blocked
posv,cfloat,sm_89,U,12,8,2048,tiny|cta|blocked
posv,cfloat,sm_89,U,12,8,8192,tiny|cta|blocked
posv,cfloat,sm_89,U,12,8,32768,tiny|cta|blocked
posv,cfloat,sm_89,U,12,16,128,tiny|cta|blocked
posv,cfloat,sm_89,U,12,16,512,tiny|cta|blocked
posv,cfloat,sm_89,U,12,16,2048,tiny|cta|blocked
posv,cfloat,sm_89,U,12,16,8192,tiny|cta|blocked
posv,cfloat,sm_89,U,12,16,32768,tiny|cta|blocked
posv,cfloat,sm_89,U,12,64,128,tiny|cta|blocked
posv,cfloat,sm_89,U,12,64,512,tiny|cta|blocked
posv,cfloat,sm_89,U,12,64,2048,tiny|cta|blocked
posv,cfloat,sm_89,U,12,64,8192,tiny|cta|blocked
posv,cfloat,sm_89,U,12,64,32768,tiny|cta|blocked
posv,cfloat,sm_89,U,16,1,128,tiny|cta|blocked
posv,cfloat,sm_89,U,16,1,512,tiny|cta|blocked
posv,cfloat,sm_89,U,16,1,2048,tiny|cta|blocked
posv,cfloat,sm_89,U,16,1,8192,tiny|cta|blocked
posv,cfloat,sm_89,U,16,1,32768,tiny|cta|blocked
posv,cfloat,sm_89,U,16,2,128,tiny|cta|blocked
posv,cfloat,sm_89,U,16,2,512,tiny|cta|blocked
posv,cfloat,sm_89,U,16,2,2048,tiny|cta|blocked
posv,cfloat,sm_89,U,16,2,8192,tiny|cta|blocked
posv,cfloat,sm_89,U,16,2,32768,tiny|cta|blocked
posv,cfloat,sm_89,U,16,4,128,tiny|cta|blocked
posv,cfloat,sm_89,U,16,4,512,tiny|cta|blocked
posv,cfloat,sm_89,U,16,4,2048,tiny|cta|blocked
posv,cfloat,sm_89,U,16,4,8192,tiny|cta|blocked
posv,cfloat,sm_89,U,16,4,32768,tiny|cta|blocked
posv,cfloat,sm_89,U,16,8,128,tiny|cta|blocked
posv,cfloat,sm_89,U,16,8,512,tiny|cta|blocked
posv,cfloat,sm_89,U,16,8,2048,tiny|cta|blocked
posv,cfloat,sm_89,U,16,8,8192,tiny|cta|blocked
posv,cfloat,sm_89,U,16,8,32768,tiny|cta|blocked
posv,cfloat,sm_89,U,16,16,128,tiny|cta|blocked
posv,cfloat,sm_89,U,16,16,512,tiny|cta|blocked
posv,cfloat,sm_89,U,16,16,2048,tiny|cta|blocked
posv,cfloat,sm_89,U,16,16,8192,tiny|cta|blocked
posv,cfloat,sm_89,U,16,16,32768,tiny|cta|blocked
posv,cfloat,sm_89,U,16,64,128,tiny|cta|blocked
posv,cfloat,sm_89,U,16,64,512,tiny|cta|blocked
posv,cfloat,sm_89,U,16,64,2048,tiny|cta|blocked
posv,cfloat,sm_89,U,16,64,8192,tiny|cta|blocked
posv,cfloat,sm_89,U,16,64,32768,tiny|cta|blocked
posv,cfloat,sm_89,U,20,1,128,tiny|cta|blocked
posv,cfloat,sm_89,U,20,1,512,tiny|cta|blocked
posv,cfloat,sm_89,U,20,1,2048,tiny|cta|blocked
posv,cfloat,sm_89,U,20,1,8192,tiny|cta|blocked
posv,cfloat,sm_89,U,20,1,32768,tiny|cta|blocked
posv,cfloat,sm_89,U,20,2,128,tiny|cta|blocked
posv,cfloat,sm_89,U,20,2,512,tiny|cta|blocked
posv,cfloat,sm_89,U,20,2,2048,tiny|cta|blocked
posv,cfloat,sm_89,U,20,2,8192,tiny|cta|blocked
posv,cfloat,sm_89,U,20,2,32768,tiny|cta|blocked
posv,cfloat,sm_89,U,20,4,128,tiny|cta|blocked
posv,cfloat,sm_89,U,20,4,512,tiny|cta|blocked
posv,cfloat,sm_89,U,20,4,2048,tiny|cta|blocked
posv,cfloat,sm_89,U,20,4,8192,tiny|cta|blocked
posv,cfloat,sm_89,U,20,4,32768,tiny|cta|blocked
posv,cfloat,sm_89,U,20,8,128,tiny|cta|blocked
posv,cfloat,sm_89,U,20,8,512,tiny|cta|blocked
posv,cfloat,sm_89,U,20,8,2048,tiny|cta|blocked
posv,cfloat,sm_89,U,20,8,8192,tiny|cta|blocked
posv,cfloat,sm_89,U,20,8,32768,tiny|cta|blocked
posv,cfloat,sm_89,U,20,16,128,tiny|cta|blocked
posv,cfloat,sm_89,U,20,16,512,tiny|cta|blocked
posv,cfloat,sm_89,U,20,16,2048,tiny|cta|blocked
posv,cfloat,sm_89,U,20,16,8192,tiny|cta|blocked
posv,cfloat,sm_89,U,20,16,32768,tiny|cta|blocked
posv,cfloat,sm_89,U,20,64,128,tiny|cta|blocked
posv,cfloat,sm_89,U,20,64,512,tiny|cta|blocked
posv,cfloat,sm_89,U,20,64,2048,tiny|cta|blocked
posv,cfloat,sm_89,U,20,64,8192,tiny|cta|blocked
posv,cfloat,sm_89,U,20,64,32768,tiny|cta|blocked
posv,cfloat,sm_89,U,24,1,128,tiny|cta|blocked
posv,cfloat,sm_89,U,24,1,512,tiny|cta|blocked
posv,cfloat,sm_89,U,24,1,2048,tiny|cta|blocked
posv,cfloat,sm_89,U,24,1,8192,tiny|cta|blocked
posv,cfloat,sm_89,U,24,1,32768,tiny|cta|blocked
posv,cfloat,sm_89,U,24,2,128,tiny|cta|blocked
posv,cfloat,sm_89,U,24,2,512,tiny|cta|blocked
posv,cfloat,sm_89,U,24,2,2048,tiny|cta|blocked
posv,cfloat,sm_89,U,24,2,8192,tiny|cta|blocked
posv,cfloat,sm_89,U,24,2,32768,tiny|cta|blocked
posv,cfloat,sm_89,U,24,4,128,tiny|cta|blocked
posv,cfloat,sm_89,U,24,4,512,tiny|cta|blocked
posv,cfloat,sm_89,U,24,4,2048,tiny|cta|blocked
posv,cfloat,sm_89,U,24,4,8192,tiny|cta|blocked
posv,cfloat,sm_89,U,24,4,32768,tiny|cta|blocked
posv,cfloat,sm_89,U,24,8,128,tiny|cta|blocked
posv,cfloat,sm_89,U,24,8,512,tiny|cta|blocked
posv,cfloat,sm_89,U,24,8,2048,tiny|cta|blocked
posv,cfloat,sm_89,U,24,8,8192,tiny|cta|blocked
posv,cfloat,sm_89,U,24,8,32768,tiny|cta|blocked
posv,cfloat,sm_89,U,24,16,128,tiny|cta|blocked
posv,cfloat,sm_89,U,24,16,512,tiny|cta|blocked
posv,cfloat,sm_89,U,24,16,2048,tiny|cta|blocked
posv,cfloat,sm_89,U,24,16,8192,tiny|cta|blocked
posv,cfloat,sm_89,U,24,16,32768,tiny|cta|blocked
posv,cfloat,sm_89,U,24,64,128,tiny|cta|blocked
posv,cfloat,sm_89,U,24,64,512,tiny|cta|blocked
posv,cfloat,sm_89,U,24,64,2048,tiny|cta|blocked
posv,cfloat,sm_89,U,24,64,8192,tiny|cta|blocked
posv,cfloat,sm_89,U,24,64,32768,tiny|cta|blocked
posv,cfloat,sm_89,U,28,1,128,cta|blocked
posv,cfloat,sm_89,U,28,1,512,cta|blocked
posv,cfloat,sm_89,U,28,1,2048,cta|blocked
posv,cfloat,sm_89,U,28,1,8192,cta|blocked
posv,cfloat,sm_89,U,28,1,32768,cta|blocked
posv,cfloat,sm_89,U,28,2,128,cta|blocked
posv,cfloat,sm_89,U,28,2,512,cta|blocked
posv,cfloat,sm_89,U,28,2,2048,cta|blocked
posv,cfloat,sm_89,U,28,2,8192,cta|blocked
posv,cfloat,sm_89,U,28,2,32768,cta|blocked
posv,cfloat,sm_89,U,28,4,128,tiny|cta|blocked
posv,cfloat,sm_89,U,28,4,512,tiny|cta|blocked
posv,cfloat,sm_89,U,28,4,2048,tiny|cta|blocked
posv,cfloat,sm_89,U,28,4,8192,tiny|cta|blocked
posv,cfloat,sm_89,U,28,4,32768,tiny|cta|blocked
posv,cfloat,sm_89,U,28,8,128,tiny|cta|blocked
posv,cfloat,sm_89,U,28,8,512,tiny|cta|blocked
posv,cfloat,sm_89,U,28,8,2048,tiny|cta|blocked
posv,cfloat,sm_89,U,28,8,8192,tiny|cta|blocked
posv,cfloat,sm_89,U,28,8,32768,tiny|cta|blocked
posv,cfloat,sm_89,U,28,16,128,tiny|cta|blocked
posv,cfloat,sm_89,U,28,16,512,tiny|cta|blocked
posv,cfloat,sm_89,U,28,16,2048,tiny|cta|blocked
posv,cfloat,sm_89,U,28,16,8192,tiny|cta|blocked
posv,cfloat,sm_89,U,28,16,32768,tiny|cta|blocked
posv,cfloat,sm_89,U,28,64,128,tiny|cta|blocked
posv,cfloat,sm_89,U,28,64,512,tiny|cta|blocked
posv,cfloat,sm_89,U,28,64,2048,tiny|cta|blocked
posv,cfloat,sm_89,U,28,64,8192,tiny|cta|blocked
posv,cfloat,sm_89,U,28,64,32768,tiny|cta|blocked
posv,cfloat,sm_89,U,32,1,128,cta|blocked
posv,cfloat,sm_89,U,32,1,512,cta|blocked
posv,cfloat,sm_89,U,32,1,2048,cta|blocked
posv,cfloat,sm_89,U,32,1,8192,cta|blocked
posv,cfloat,sm_89,U,32,1,32768,cta|blocked
posv,cfloat,sm_89,U,32,2,128,cta|blocked
posv,cfloat,sm_89,U,32,2,512,cta|blocked
posv,cfloat,sm_89,U,32,2,2048,cta|blocked
posv,cfloat,sm_89,U,32,2,8192,cta|blocked
posv,cfloat,sm_89,U,32,2,32768,cta|blocked
posv,cfloat,sm_89,U,32,4,128,tiny|cta|blocked
posv,cfloat,sm_89,U,32,4,512,tiny|cta|blocked
posv,cfloat,sm_89,U,32,4,2048,tiny|cta|blocked
posv,cfloat,sm_89,U,32,4,8192,tiny|cta|blocked
posv,cfloat,sm_89,U,32,4,32768,tiny|cta|blocked
posv,cfloat,sm_89,U,32,8,128,tiny|cta|blocked
posv,cfloat,sm_89,U,32,8,512,tiny|cta|blocked
posv,cfloat,sm_89,U,32,8,2048,tiny|cta|blocked
posv,cfloat,sm_89,U,32,8,8192,tiny|cta|blocked
posv,cfloat,sm_89,U,32,8,32768,tiny|cta|blocked
posv,cfloat,sm_89,U,32,16,128,tiny|cta|blocked
posv,cfloat,sm_89,U,32,16,512,tiny|cta|blocked
posv,cfloat,sm_89,U,32,16,2048,tiny|cta|blocked
posv,cfloat,sm_89,U,32,16,8192,tiny|cta|blocked
posv,cfloat,sm_89,U,32,16,32768,tiny|cta|blocked
posv,cfloat,sm_89,U,32,64,128,tiny|cta|blocked
posv,cfloat,sm_89,U,32,64,512,tiny|cta|blocked
posv,cfloat,sm_89,U,32,64,2048,tiny|cta|blocked
posv,cfloat,sm_89,U,32,64,8192,tiny|cta|blocked
posv,cfloat,sm_89,U,32,64,32768,tiny|cta|blocked
posv,cfloat,sm_89,U,36,1,128,cta|blocked
posv,cfloat,sm_89,U,36,1,512,cta|blocked
posv,cfloat,sm_89,U,36,1,2048,cta|blocked
posv,cfloat,sm_89,U,36,1,8192,cta|blocked
posv,cfloat,sm_89,U,36,1,32768,cta|blocked
posv,cfloat,sm_89,U,36,2,128,cta|blocked
posv,cfloat,sm_89,U,36,2,512,cta|blocked
posv,cfloat,sm_89,U,36,2,2048,cta|blocked
posv,cfloat,sm_89,U,36,2,8192,cta|blocked
posv,cfloat,sm_89,U,36,2,32768,cta|blocked
posv,cfloat,sm_89,U,36,4,128,cta|blocked
posv,cfloat,sm_89,U,36,4,512,cta|blocked
posv,cfloat,sm_89,U,36,4,2048,cta|blocked
posv,cfloat,sm_89,U,36,4,8192,cta|blocked
posv,cfloat,sm_89,U,36,4,32768,cta|blocked
posv,cfloat,sm_89,U,36,8,128,cta|blocked
posv,cfloat,sm_89,U,36,8,512,cta|blocked
posv,cfloat,sm_89,U,36,8,2048,cta|blocked
posv,cfloat,sm_89,U,36,8,8192,cta|blocked
posv,cfloat,sm_89,U,36,8,32768,cta|blocked
posv,cfloat,sm_89,U,36,16,128,cta|blocked
posv,cfloat,sm_89,U,36,16,512,cta|blocked
posv,cfloat,sm_89,U,36,16,2048,cta|blocked
posv,cfloat,sm_89,U,36,16,8192,cta|blocked
posv,cfloat,sm_89,U,36,16,32768,cta|blocked
posv,cfloat,sm_89,U,36,64,128,cta|blocked
posv,cfloat,sm_89,U,36,64,512,cta|blocked
posv,cfloat,sm_89,U,36,64,2048,cta|blocked
posv,cfloat,sm_89,U,36,64,8192,cta|blocked
posv,cfloat,sm_89,U,36,64,32768,cta|blocked
posv,cfloat,sm_89,U,40,1,128,cta|blocked
posv,cfloat,sm_89,U,40,1,512,cta|blocked
posv,cfloat,sm_89,U,40,1,2048,cta|blocked
posv,cfloat,sm_89,U,40,1,8192,cta|blocked
posv,cfloat,sm_89,U,40,1,32768,cta|blocked
posv,cfloat,sm_89,U,40,2,128,cta|blocked
posv,cfloat,sm_89,U,40,2,512,cta|blocked
posv,cfloat,sm_89,U,40,2,2048,cta|blocked
posv,cfloat,sm_89,U,40,2,8192,cta|blocked
posv,cfloat,sm_89,U,40,2,32768,cta|blocked
posv,cfloat,sm_89,U,40,4,128,cta|blocked
posv,cfloat,sm_89,U,40,4,512,cta|blocked
posv,cfloat,sm_89,U,40,4,2048,cta|blocked
posv,cfloat,sm_89,U,40,4,8192,cta|blocked
posv,cfloat,sm_89,U,40,4,32768,cta|blocked
posv,cfloat,sm_89,U,40,8,128,cta|blocked
posv,cfloat,sm_89,U,40,8,512,cta|blocked
posv,cfloat,sm_89,U,40,8,2048,cta|blocked
posv,cfloat,sm_89,U,40,8,8192,cta|blocked
posv,cfloat,sm_89,U,40,8,32768,cta|blocked
posv,cfloat,sm_89,U,40,16,128,cta|blocked
posv,cfloat,sm_89,U,40,16,512,cta|blocked
posv,cfloat,sm_89,U,40,16,2048,cta|blocked
posv,cfloat,sm_89,U,40,16,8192,cta|blocked
posv,cfloat,sm_89,U,40,16,32768,cta|blocked
posv,cfloat,sm_89,U,40,64,128,cta|blocked
posv,cfloat,sm_89,U,40,64,512,cta|blocked
posv,cfloat,sm_89,U,40,64,2048,cta|blocked
posv,cfloat,sm_89,U,40,64,8192,cta|blocked
posv,cfloat,sm_89,U,40,64,32768,cta|blocked
posv,cfloat,sm_89,U,48,1,128,cta|blocked
posv,cfloat,sm_89,U,48,1,512,cta|blocked
posv,cfloat,sm_89,U,48,1,2048,cta|blocked
posv,cfloat,sm_89,U,48,1,8192,cta|blocked
posv,cfloat,sm_89,U,48,1,32768,cta|blocked
posv,cfloat,sm_89,U,48,2,128,cta|blocked
posv,cfloat,sm_89,U,48,2,512,cta|blocked
posv,cfloat,sm_89,U,48,2,2048,cta|blocked
posv,cfloat,sm_89,U,48,2,8192,cta|blocked
posv,cfloat,sm_89,U,48,2,32768,cta|blocked
posv,cfloat,sm_89,U,48,4,128,cta|blocked
posv,cfloat,sm_89,U,48,4,512,cta|blocked
posv,cfloat,sm_89,U,48,4,2048,cta|blocked
posv,cfloat,sm_89,U,48,4,8192,cta|blocked
posv,cfloat,sm_89,U,48,4,32768,cta|blocked
posv,cfloat,sm_89,U,48,8,128,cta|blocked
posv,cfloat,sm_89,U,48,8,512,cta|blocked
posv,cfloat,sm_89,U,48,8,2048,cta|blocked
posv,cfloat,sm_89,U,48,8,8192,cta|blocked
posv,cfloat,sm_89,U,48,8,32768,cta|blocked
posv,cfloat,sm_89,U,48,16,128,cta|blocked
posv,cfloat,sm_89,U,48,16,512,cta|blocked
posv,cfloat,sm_89,U,48,16,2048,cta|blocked
posv,cfloat,sm_89,U,48,16,8192,cta|blocked
posv,cfloat,sm_89,U,48,16,32768,cta|blocked
posv,cfloat,sm_89,U,48,64,128,cta|blocked
posv,cfloat,sm_89,U,48,64,512,cta|blocked
posv,cfloat,sm_89,U,48,64,2048,cta|blocked
posv,cfloat,sm_89,U,48,64,8192,cta|blocked
posv,cfloat,sm_89,U,48,64,32768,cta|blocked
posv,cfloat,sm_89,U,56,1,128,cta|blocked
posv,cfloat,sm_89,U,56,1,512,cta|blocked
posv,cfloat,sm_89,U,56,1,2048,cta|blocked
posv,cfloat,sm_89,U,56,1,8192,cta|blocked
posv,cfloat,sm_89,U,56,1,32768,cta|blocked
posv,cfloat,sm_89,U,56,2,128,cta|blocked
posv,cfloat,sm_89,U,56,2,512,cta|blocked
posv,cfloat,sm_89,U,56,2,2048,cta|blocked
posv,cfloat,sm_89,U,56,2,8192,cta|blocked
posv,cfloat,sm_89,U,56,2,32768,cta|blocked
posv,cfloat,sm_89,U,56,4,128,cta|blocked
posv,cfloat,sm_89,U,56,4,512,cta|blocked
posv,cfloat,sm_89,U,56,4,2048,cta|blocked
posv,cfloat,sm_89,U,56,4,8192,cta|blocked
posv,cfloat,sm_89,U,56,4,32768,cta|blocked
posv,cfloat,sm_89,U,56,8,128,cta|blocked
posv,cfloat,sm_89,U,56,8,512,cta|blocked
posv,cfloat,sm_89,U,56,8,2048,cta|blocked
posv,cfloat,sm_89,U,56,8,8192,cta|blocked
posv,cfloat,sm_89,U,56,8,32768,cta|blocked
posv,cfloat,sm_89,U,56,16,128,cta|blocked
posv,cfloat,sm_89,U,56,16,512,cta|blocked
posv,cfloat,sm_89,U,56,16,2048,cta|blocked
posv,cfloat,sm_89,U,56,16,8192,cta|blocked
posv,cfloat,sm_89,U,56,16,32768,cta|blocked
posv,cfloat,sm_89,U,56,64,128,cta|blocked
posv,cfloat,sm_89,U,56,64,512,cta|blocked
posv,cfloat,sm_89,U,56,64,2048,cta|blocked
posv,cfloat,sm_89,U,56,64,8192,cta|blocked
posv,cfloat,sm_89,U,56,64,32768,cta|blocked
posv,cfloat,sm_89,U,64,1,128,cta|blocked
posv,cfloat,sm_89,U,64,1,512,cta|blocked
posv,cfloat,sm_89,U,64,1,2048,cta|blocked
posv,cfloat,sm_89,U,64,1,8192,cta|blocked
posv,cfloat,sm_89,U,64,1,32768,cta|blocked
posv,cfloat,sm_89,U,64,2,128,cta|blocked
posv,cfloat,sm_89,U,64,2,512,cta|blocked
posv,cfloat,sm_89,U,64,2,2048,cta|blocked
posv,cfloat,sm_89,U,64,2,8192,cta|blocked
posv,cfloat,sm_89,U,64,2,32768,cta|blocked
posv,cfloat,sm_89,U,64,4,128,cta|blocked
posv,cfloat,sm_89,U,64,4,512,cta|blocked
posv,cfloat,sm_89,U,64,4,2048,cta|blocked
posv,cfloat,sm_89,U,64,4,8192,cta|blocked
posv,cfloat,sm_89,U,64,4,32768,cta|blocked
posv,cfloat,sm_89,U,64,8,128,cta|blocked
posv,cfloat,sm_89,U,64,8,512,cta|blocked
posv,cfloat,sm_89,U,64,8,2048,cta|blocked
posv,cfloat,sm_89,U,64,8,8192,cta|blocked
posv,cfloat,sm_89,U,64,8,32768,cta|blocked
posv,cfloat,sm_89,U,64,16,128,cta|blocked
posv,cfloat,sm_89,U,64,16,512,cta|blocked
posv,cfloat,sm_89,U,64,16,2048,cta|blocked
posv,cfloat,sm_89,U,64,16,8192,cta|blocked
posv,cfloat,sm_89,U,64,16,32768,cta|blocked
posv,cfloat,sm_89,U,64,64,128,cta|blocked
posv,cfloat,sm_89,U,64,64,512,cta|blocked
posv,cfloat,sm_89,U,64,64,2048,cta|blocked
posv,cfloat,sm_89,U,64,64,8192,cta|blocked
posv,cfloat,sm_89,U,64,64,32768,cta|blocked
posv,cfloat,sm_89,U,80,1,128,cta|blocked
posv,cfloat,sm_89,U,80,1,512,cta|blocked
posv,cfloat,sm_89,U,80,1,2048,cta|blocked
posv,cfloat,sm_89,U,80,1,8192,cta|blocked
posv,cfloat,sm_89,U,80,1,32768,cta|blocked
posv,cfloat,sm_89,U,80,2,128,cta|blocked
posv,cfloat,sm_89,U,80,2,512,cta|blocked
posv,cfloat,sm_89,U,80,2,2048,cta|blocked
posv,cfloat,sm_89,U,80,2,8192,cta|blocked
posv,cfloat,sm_89,U,80,2,32768,cta|blocked
posv,cfloat,sm_89,U,80,4,128,cta|blocked
posv,cfloat,sm_89,U,80,4,512,cta|blocked
posv,cfloat,sm_89,U,80,4,2048,cta|blocked
posv,cfloat,sm_89,U,80,4,8192,cta|blocked
posv,cfloat,sm_89,U,80,4,32768,cta|blocked
posv,cfloat,sm_89,U,80,8,128,cta|blocked
posv,cfloat,sm_89,U,80,8,512,cta|blocked
posv,cfloat,sm_89,U,80,8,2048,cta|blocked
posv,cfloat,sm_89,U,80,8,8192,cta|blocked
posv,cfloat,sm_89,U,80,8,32768,cta|blocked
posv,cfloat,sm_89,U,80,16,128,cta|blocked
posv,cfloat,sm_89,U,80,16,512,cta|blocked
posv,cfloat,sm_89,U,80,16,2048,cta|blocked
posv,cfloat,sm_89,U,80,16,8192,cta|blocked
posv,cfloat,sm_89,U,80,16,32768,cta|blocked
posv,cfloat,sm_89,U,80,64,128,cta|blocked
posv,cfloat,sm_89,U,80,64,512,cta|blocked
posv,cfloat,sm_89,U,80,64,2048,cta|blocked
posv,cfloat,sm_89,U,80,64,8192,cta|blocked
posv,cfloat,sm_89,U,80,64,32768,cta|blocked
posv,cfloat,sm_89,U,96,1,128,cta|blocked
posv,cfloat,sm_89,U,96,1,512,cta|blocked
posv,cfloat,sm_89,U,96,1,2048,cta|blocked
posv,cfloat,sm_89,U,96,1,8192,cta|blocked
posv,cfloat,sm_89,U,96,1,32768,cta|blocked
posv,cfloat,sm_89,U,96,2,128,cta|blocked
posv,cfloat,sm_89,U,96,2,512,cta|blocked
posv,cfloat,sm_89,U,96,2,2048,cta|blocked
posv,cfloat,sm_89,U,96,2,8192,cta|blocked
posv,cfloat,sm_89,U,96,2,32768,cta|blocked
posv,cfloat,sm_89,U,96,4,128,cta|blocked
posv,cfloat,sm_89,U,96,4,512,cta|blocked
posv,cfloat,sm_89,U,96,4,2048,cta|blocked
posv,cfloat,sm_89,U,96,4,8192,cta|blocked
posv,cfloat,sm_89,U,96,4,32768,cta|blocked
posv,cfloat,sm_89,U,96,8,128,cta|blocked
posv,cfloat,sm_89,U,96,8,512,cta|blocked
posv,cfloat,sm_89,U,96,8,2048,cta|blocked
posv,cfloat,sm_89,U,96,8,8192,cta|blocked
posv,cfloat,sm_89,U,96,8,32768,cta|blocked
posv,cfloat,sm_89,U,96,16,128,cta|blocked
posv,cfloat,sm_89,U,96,16,512,cta|blocked
posv,cfloat,sm_89,U,96,16,2048,cta|blocked
posv,cfloat,sm_89,U,96,16,8192,cta|blocked
posv,cfloat,sm_89,U,96,16,32768,cta|blocked
posv,cfloat,sm_89,U,96,64,128,cta|blocked
posv,cfloat,sm_89,U,96,64,512,cta|blocked
posv,cfloat,sm_89,U,96,64,2048,cta|blocked
posv,cfloat,sm_89,U,96,64,8192,cta|blocked
posv,cfloat,sm_89,U,96,64,32768,cta|blocked
posv,cfloat,sm_89,U,112,1,128,cta|blocked
posv,cfloat,sm_89,U,112,1,512,cta|blocked
posv,cfloat,sm_89,U,112,1,2048,cta|blocked
posv,cfloat,sm_89,U,112,1,8192,cta|blocked
posv,cfloat,sm_89,U,112,1,32768,cta|blocked
posv,cfloat,sm_89,U,112,2,128,cta|blocked
posv,cfloat,sm_89,U,112,2,512,cta|blocked
posv,cfloat,sm_89,U,112,2,2048,cta|blocked
posv,cfloat,sm_89,U,112,2,8192,cta|blocked
posv,cfloat,sm_89,U,112,2,32768,cta|blocked
posv,cfloat,sm_89,U,112,4,128,cta|blocked
posv,cfloat,sm_89,U,112,4,512,cta|blocked
posv,cfloat,sm_89,U,112,4,2048,cta|blocked
posv,cfloat,sm_89,U,112,4,8192,cta|blocked
posv,cfloat,sm_89,U,112,4,32768,cta|blocked
posv,cfloat,sm_89,U,112,8,128,cta|blocked
posv,cfloat,sm_89,U,112,8,512,cta|blocked
posv,cfloat,sm_89,U,112,8,2048,cta|blocked
posv,cfloat,sm_89,U,112,8,8192,cta|blocked
posv,cfloat,sm_89,U,112,8,32768,cta|blocked
posv,cfloat,sm_89,U,112,16,128,cta|blocked
posv,cfloat,sm_89,U,112,16,512,cta|blocked
posv,cfloat,sm_89,U,112,16,2048,cta|blocked
posv,cfloat,sm_89,U,112,16,8192,cta|blocked
posv,cfloat,sm_89,U,112,16,32768,cta|blocked
posv,cfloat,sm_89,U,112,64,128,cta|blocked
posv,cfloat,sm_89,U,112,64,512,cta|blocked
posv,cfloat,sm_89,U,112,64,2048,cta|blocked
posv,cfloat,sm_89,U,112,64,8192,cta|blocked
posv,cfloat,sm_89,U,112,64,32768,cta|blocked
posv,cfloat,sm_89,U,128,1,128,cta|blocked
posv,cfloat,sm_89,U,128,1,512,cta|blocked
posv,cfloat,sm_89,U,128,1,2048,cta|blocked
posv,cfloat,sm_89,U,128,1,8192,cta|blocked
posv,cfloat,sm_89,U,128,1,32768,cta|blocked
posv,cfloat,sm_89,U,128,2,128,cta|blocked
posv,cfloat,sm_89,U,128,2,512,cta|blocked
posv,cfloat,sm_89,U,128,2,2048,cta|blocked
posv,cfloat,sm_89,U,128,2,8192,cta|blocked
posv,cfloat,sm_89,U,128,2,32768,cta|blocked
posv,cfloat,sm_89,U,128,4,128,cta|blocked
posv,cfloat,sm_89,U,128,4,512,cta|blocked
posv,cfloat,sm_89,U,128,4,2048,cta|blocked
posv,cfloat,sm_89,U,128,4,8192,cta|blocked
posv,cfloat,sm_89,U,128,4,32768,cta|blocked
posv,cfloat,sm_89,U,128,8,128,cta|blocked
posv,cfloat,sm_89,U,128,8,512,cta|blocked
posv,cfloat,sm_89,U,128,8,2048,cta|blocked
posv,cfloat,sm_89,U,128,8,8192,cta|blocked
posv,cfloat,sm_89,U,128,8,32768,cta|blocked
posv,cfloat,sm_89,U,128,16,128,cta|blocked
posv,cfloat,sm_89,U,128,16,512,cta|blocked
posv,cfloat,sm_89,U,128,16,2048,cta|blocked
posv,cfloat,sm_89,U,128,16,8192,cta|blocked
posv,cfloat,sm_89,U,128,16,32768,cta|blocked
posv,cfloat,sm_89,U,128,64,128,cta|blocked
posv,cfloat,sm_89,U,128,64,512,cta|blocked
posv,cfloat,sm_89,U,128,64,2048,cta|blocked
posv,cfloat,sm_89,U,128,64,8192,cta|blocked
posv,cfloat,sm_89,U,128,64,32768,cta|blocked
posv,cfloat,sm_89,U,160,1,128,cta|blocked
posv,cfloat,sm_89,U,160,1,512,cta|blocked
posv,cfloat,sm_89,U,160,1,2048,cta|blocked
posv,cfloat,sm_89,U,160,1,8192,cta|blocked
posv,cfloat,sm_89,U,160,1,32768,cta|blocked
posv,cfloat,sm_89,U,160,2,128,cta|blocked
posv,cfloat,sm_89,U,160,2,512,cta|blocked
posv,cfloat,sm_89,U,160,2,2048,cta|blocked
posv,cfloat,sm_89,U,160,2,8192,cta|blocked
posv,cfloat,sm_89,U,160,2,32768,cta|blocked
posv,cfloat,sm_89,U,160,4,128,cta|blocked
posv,cfloat,sm_89,U,160,4,512,cta|blocked
posv,cfloat,sm_89,U,160,4,2048,cta|blocked
posv,cfloat,sm_89,U,160,4,8192,cta|blocked
posv,cfloat,sm_89,U,160,4,32768,cta|blocked
posv,cfloat,sm_89,U,160,8,128,cta|blocked
posv,cfloat,sm_89,U,160,8,512,cta|blocked
posv,cfloat,sm_89,U,160,8,2048,cta|blocked
posv,cfloat,sm_89,U,160,8,8192,cta|blocked
posv,cfloat,sm_89,U,160,8,32768,cta|blocked
posv,cfloat,sm_89,U,160,16,128,cta|blocked
posv,cfloat,sm_89,U,160,16,512,cta|blocked
posv,cfloat,sm_89,U,160,16,2048,cta|blocked
posv,cfloat,sm_89,U,160,16,8192,cta|blocked
posv,cfloat,sm_89,U,160,16,32768,cta|blocked
posv,cfloat,sm_89,U,160,64,128,cta|blocked
posv,cfloat,sm_89,U,160,64,512,cta|blocked
posv,cfloat,sm_89,U,160,64,2048,cta|blocked
posv,cfloat,sm_89,U,160,64,8192,cta|blocked
posv,cfloat,sm_89,U,160,64,32768,cta|blocked
posv,cfloat,sm_89,U,192,1,128,cta|blocked
posv,cfloat,sm_89,U,192,1,512,cta|blocked
posv,cfloat,sm_89,U,192,1,2048,cta|blocked
posv,cfloat,sm_89,U,192,1,8192,cta|blocked
posv,cfloat,sm_89,U,192,1,32768,cta|blocked
posv,cfloat,sm_89,U,192,2,128,cta|blocked
posv,cfloat,sm_89,U,192,2,512,cta|blocked
posv,cfloat,sm_89,U,192,2,2048,cta|blocked
posv,cfloat,sm_89,U,192,2,8192,cta|blocked
posv,cfloat,sm_89,U,192,2,32768,cta|blocked
posv,cfloat,sm_89,U,192,4,128,cta|blocked
posv,cfloat,sm_89,U,192,4,512,cta|blocked
posv,cfloat,sm_89,U,192,4,2048,cta|blocked
posv,cfloat,sm_89,U,192,4,8192,cta|blocked
posv,cfloat,sm_89,U,192,4,32768,cta|blocked
posv,cfloat,sm_89,U,192,8,128,cta|blocked
posv,cfloat,sm_89,U,192,8,512,cta|blocked
posv,cfloat,sm_89,U,192,8,2048,cta|blocked
posv,cfloat,sm_89,U,192,8,8192,cta|blocked
posv,cfloat,sm_89,U,192,8,32768,cta|blocked
posv,cfloat,sm_89,U,192,16,128,cta|blocked
posv,cfloat,sm_89,U,192,16,512,cta|blocked
posv,cfloat,sm_89,U,192,16,2048,cta|blocked
posv,cfloat,sm_89,U,192,16,8192,cta|blocked
posv,cfloat,sm_89,U,192,16,32768,cta|blocked
posv,cfloat,sm_89,U,192,64,128,cta|blocked
posv,cfloat,sm_89,U,192,64,512,cta|blocked
posv,cfloat,sm_89,U,192,64,2048,cta|blocked
posv,cfloat,sm_89,U,192,64,8192,cta|blocked
posv,cfloat,sm_89,U,192,64,32768,cta|blocked
posv,cfloat,sm_89,U,224,1,128,cta|blocked
posv,cfloat,sm_89,U,224,1,512,cta|blocked
posv,cfloat,sm_89,U,224,1,2048,cta|blocked
posv,cfloat,sm_89,U,224,1,8192,cta|blocked
posv,cfloat,sm_89,U,224,1,32768,cta|blocked
posv,cfloat,sm_89,U,224,2,128,cta|blocked
posv,cfloat,sm_89,U,224,2,512,cta|blocked
posv,cfloat,sm_89,U,224,2,2048,cta|blocked
posv,cfloat,sm_89,U,224,2,8192,cta|blocked
posv,cfloat,sm_89,U,224,2,32768,cta|blocked
posv,cfloat,sm_89,U,224,4,128,cta|blocked
posv,cfloat,sm_89,U,224,4,512,cta|blocked
posv,cfloat,sm_89,U,224,4,2048,cta|blocked
posv,cfloat,sm_89,U,224,4,8192,cta|blocked
posv,cfloat,sm_89,U,224,4,32768,cta|blocked
posv,cfloat,sm_89,U,224,8,128,cta|blocked
posv,cfloat,sm_89,U,224,8,512,cta|blocked
posv,cfloat,sm_89,U,224,8,2048,cta|blocked
posv,cfloat,sm_89,U,224,8,8192,cta|blocked
posv,cfloat,sm_89,U,224,8,32768,cta|blocked
posv,cfloat,sm_89,U,224,16,128,cta|blocked
posv,cfloat,sm_89,U,224,16,512,cta|blocked
posv,cfloat,sm_89,U,224,16,2048,cta|blocked
posv,cfloat,sm_89,U,224,16,8192,cta|blocked
posv,cfloat,sm_89,U,224,16,32768,cta|blocked
posv,cfloat,sm_89,U,224,64,128,cta|blocked
posv,cfloat,sm_89,U,224,64,512,cta|blocked
posv,cfloat,sm_89,U,224,64,2048,cta|blocked
posv,cfloat,sm_89,U,224,64,8192,cta|blocked
posv,cfloat,sm_89,U,224,64,32768,cta|blocked
posv,cfloat,sm_89,U,256,1,128,cta|blocked
posv,cfloat,sm_89,U,256,1,512,cta|blocked
posv,cfloat,sm_89,U,256,1,2048,cta|blocked
posv,cfloat,sm_89,U,256,1,8192,cta|blocked
posv,cfloat,sm_89,U,256,1,32768,cta|blocked
posv,cfloat,sm_89,U,256,2,128,cta|blocked
posv,cfloat,sm_89,U,256,2,512,cta|blocked
posv,cfloat,sm_89,U,256,2,2048,cta|blocked
posv,cfloat,sm_89,U,256,2,8192,cta|blocked
posv,cfloat,sm_89,U,256,2,32768,cta|blocked
posv,cfloat,sm_89,U,256,4,128,cta|blocked
posv,cfloat,sm_89,U,256,4,512,cta|blocked
posv,cfloat,sm_89,U,256,4,2048,cta|blocked
posv,cfloat,sm_89,U,256,4,8192,cta|blocked
posv,cfloat,sm_89,U,256,4,32768,cta|blocked
posv,cfloat,sm_89,U,256,8,128,cta|blocked
posv,cfloat,sm_89,U,256,8,512,cta|blocked
posv,cfloat,sm_89,U,256,8,2048,cta|blocked
posv,cfloat,sm_89,U,256,8,8192,cta|blocked
posv,cfloat,sm_89,U,256,8,32768,cta|blocked
posv,cfloat,sm_89,U,256,16,128,cta|blocked
posv,cfloat,sm_89,U,256,16,512,cta|blocked
posv,cfloat,sm_89,U,256,16,2048,cta|blocked
posv,cfloat,sm_89,U,256,16,8192,cta|blocked
posv,cfloat,sm_89,U,256,16,32768,cta|blocked
posv,cfloat,sm_89,U,256,64,128,cta|blocked
posv,cfloat,sm_89,U,256,64,512,cta|blocked
posv,cfloat,sm_89,U,256,64,2048,cta|blocked
posv,cfloat,sm_89,U,256,64,8192,cta|blocked
posv,cfloat,sm_89,U,256,64,32768,cta|blocked
posv,cfloat,sm_89,U,288,1,128,cta|blocked
posv,cfloat,sm_89,U,288,1,512,cta|blocked
posv,cfloat,sm_89,U,288,1,2048,cta|blocked
posv,cfloat,sm_89,U,288,1,8192,cta|blocked
posv,cfloat,sm_89,U,288,1,32768,cta|blocked
posv,cfloat,sm_89,U,288,2,128,cta|blocked
posv,cfloat,sm_89,U,288,2,512,cta|blocked
posv,cfloat,sm_89,U,288,2,2048,cta|blocked
posv,cfloat,sm_89,U,288,2,8192,cta|blocked
posv,cfloat,sm_89,U,288,2,32768,cta|blocked
posv,cfloat,sm_89,U,288,4,128,cta|blocked
posv,cfloat,sm_89,U,288,4,512,cta|blocked
posv,cfloat,sm_89,U,288,4,2048,cta|blocked
posv,cfloat,sm_89,U,288,4,8192,cta|blocked
posv,cfloat,sm_89,U,288,4,32768,cta|blocked
posv,cfloat,sm_89,U,288,8,128,cta|blocked
posv,cfloat,sm_89,U,288,8,512,cta|blocked
posv,cfloat,sm_89,U,288,8,2048,cta|blocked
posv,cfloat,sm_89,U,288,8,8192,cta|blocked
posv,cfloat,sm_89,U,288,8,32768,cta|blocked
posv,cfloat,sm_89,U,288,16,128,cta|blocked
posv,cfloat,sm_89,U,288,16,512,cta|blocked
posv,cfloat,sm_89,U,288,16,2048,cta|blocked
posv,cfloat,sm_89,U,288,16,8192,cta|blocked
posv,cfloat,sm_89,U,288,16,32768,cta|blocked
posv,cfloat,sm_89,U,288,64,128,cta|blocked
posv,cfloat,sm_89,U,288,64,512,cta|blocked
posv,cfloat,sm_89,U,288,64,2048,cta|blocked
posv,cfloat,sm_89,U,288,64,8192,cta|blocked
posv,cfloat,sm_89,U,288,64,32768,cta|blocked
posv,cfloat,sm_89,U,320,1,128,cta|blocked
posv,cfloat,sm_89,U,320,1,512,cta|blocked
posv,cfloat,sm_89,U,320,1,2048,cta|blocked
posv,cfloat,sm_89,U,320,1,8192,cta|blocked
posv,cfloat,sm_89,U,320,1,32768,cta|blocked
posv,cfloat,sm_89,U,320,2,128,cta|blocked
posv,cfloat,sm_89,U,320,2,512,cta|blocked
posv,cfloat,sm_89,U,320,2,2048,cta|blocked
posv,cfloat,sm_89,U,320,2,8192,cta|blocked
posv,cfloat,sm_89,U,320,2,32768,cta|blocked
posv,cfloat,sm_89,U,320,4,128,cta|blocked
posv,cfloat,sm_89,U,320,4,512,cta|blocked
posv,cfloat,sm_89,U,320,4,2048,cta|blocked
posv,cfloat,sm_89,U,320,4,8192,cta|blocked
posv,cfloat,sm_89,U,320,4,32768,cta|blocked
posv,cfloat,sm_89,U,320,8,128,cta|blocked
posv,cfloat,sm_89,U,320,8,512,cta|blocked
posv,cfloat,sm_89,U,320,8,2048,cta|blocked
posv,cfloat,sm_89,U,320,8,8192,cta|blocked
posv,cfloat,sm_89,U,320,8,32768,cta|blocked
posv,cfloat,sm_89,U,320,16,128,cta|blocked
posv,cfloat,sm_89,U,320,16,512,cta|blocked
posv,cfloat,sm_89,U,320,16,2048,cta|blocked
posv,cfloat,sm_89,U,320,16,8192,cta|blocked
posv,cfloat,sm_89,U,320,16,32768,cta|blocked
posv,cfloat,sm_89,U,320,64,128,cta|blocked
posv,cfloat,sm_89,U,320,64,512,cta|blocked
posv,cfloat,sm_89,U,320,64,2048,cta|blocked
posv,cfloat,sm_89,U,320,64,8192,cta|blocked
posv,cfloat,sm_89,U,320,64,32768,cta|blocked
posv,cfloat,sm_89,U,384,1,128,cta|blocked
posv,cfloat,sm_89,U,384,1,512,cta|blocked
posv,cfloat,sm_89,U,384,1,2048,cta|blocked
posv,cfloat,sm_89,U,384,1,8192,cta|blocked
posv,cfloat,sm_89,U,384,1,32768,cta|blocked
posv,cfloat,sm_89,U,384,2,128,cta|blocked
posv,cfloat,sm_89,U,384,2,512,cta|blocked
posv,cfloat,sm_89,U,384,2,2048,cta|blocked
posv,cfloat,sm_89,U,384,2,8192,cta|blocked
posv,cfloat,sm_89,U,384,2,32768,cta|blocked
posv,cfloat,sm_89,U,384,4,128,cta|blocked
posv,cfloat,sm_89,U,384,4,512,cta|blocked
posv,cfloat,sm_89,U,384,4,2048,cta|blocked
posv,cfloat,sm_89,U,384,4,8192,cta|blocked
posv,cfloat,sm_89,U,384,4,32768,cta|blocked
posv,cfloat,sm_89,U,384,8,128,cta|blocked
posv,cfloat,sm_89,U,384,8,512,cta|blocked
posv,cfloat,sm_89,U,384,8,2048,cta|blocked
posv,cfloat,sm_89,U,384,8,8192,cta|blocked
posv,cfloat,sm_89,U,384,8,32768,cta|blocked
posv,cfloat,sm_89,U,384,16,128,cta|blocked
posv,cfloat,sm_89,U,384,16,512,cta|blocked
posv,cfloat,sm_89,U,384,16,2048,cta|blocked
posv,cfloat,sm_89,U,384,16,8192,cta|blocked
posv,cfloat,sm_89,U,384,16,32768,cta|blocked
posv,cfloat,sm_89,U,384,64,128,cta|blocked
posv,cfloat,sm_89,U,384,64,512,cta|blocked
posv,cfloat,sm_89,U,384,64,2048,cta|blocked
posv,cfloat,sm_89,U,384,64,8192,cta|blocked
posv,cfloat,sm_89,U,384,64,32768,cta|blocked
posv,cfloat,sm_89,U,448,1,128,cta|blocked
posv,cfloat,sm_89,U,448,1,512,cta|blocked
posv,cfloat,sm_89,U,448,1,2048,cta|blocked
posv,cfloat,sm_89,U,448,1,8192,cta|blocked
posv,cfloat,sm_89,U,448,1,32768,cta|blocked
posv,cfloat,sm_89,U,448,2,128,cta|blocked
posv,cfloat,sm_89,U,448,2,512,cta|blocked
posv,cfloat,sm_89,U,448,2,2048,cta|blocked
posv,cfloat,sm_89,U,448,2,8192,cta|blocked
posv,cfloat,sm_89,U,448,2,32768,cta|blocked
posv,cfloat,sm_89,U,448,4,128,cta|blocked
posv,cfloat,sm_89,U,448,4,512,cta|blocked
posv,cfloat,sm_89,U,448,4,2048,cta|blocked
posv,cfloat,sm_89,U,448,4,8192,cta|blocked
posv,cfloat,sm_89,U,448,4,32768,cta|blocked
posv,cfloat,sm_89,U,448,8,128,cta|blocked
posv,cfloat,sm_89,U,448,8,512,cta|blocked
posv,cfloat,sm_89,U,448,8,2048,cta|blocked
posv,cfloat,sm_89,U,448,8,8192,cta|blocked
posv,cfloat,sm_89,U,448,8,32768,cta|blocked
posv,cfloat,sm_89,U,448,16,128,cta|blocked
posv,cfloat,sm_89,U,448,16,512,cta|blocked
posv,cfloat,sm_89,U,448,16,2048,cta|blocked
posv,cfloat,sm_89,U,448,16,8192,cta|blocked
posv,cfloat,sm_89,U,448,16,32768,cta|blocked
posv,cfloat,sm_89,U,448,64,128,cta|blocked
posv,cfloat,sm_89,U,448,64,512,cta|blocked
posv,cfloat,sm_89,U,448,64,2048,cta|blocked
posv,cfloat,sm_89,U,448,64,8192,cta|blocked
posv,cfloat,sm_89,U,448,64,32768,cta|blocked
posv,cfloat,sm_89,U,512,1,128,cta|blocked
posv,cfloat,sm_89,U,512,1,512,cta|blocked
posv,cfloat,sm_89,U,512,1,2048,cta|blocked
posv,cfloat,sm_89,U,512,1,8192,cta|blocked
posv,cfloat,sm_89,U,512,1,32768,cta|blocked
posv,cfloat,sm_89,U,512,2,128,cta|blocked
posv,cfloat,sm_89,U,512,2,512,cta|blocked
posv,cfloat,sm_89,U,512,2,2048,cta|blocked
posv,cfloat,sm_89,U,512,2,8192,cta|blocked
posv,cfloat,sm_89,U,512,2,32768,cta|blocked
posv,cfloat,sm_89,U,512,4,128,cta|blocked
posv,cfloat,sm_89,U,512,4,512,cta|blocked
posv,cfloat,sm_89,U,512,4,2048,cta|blocked
posv,cfloat,sm_89,U,512,4,8192,cta|blocked
posv,cfloat,sm_89,U,512,4,32768,cta|blocked
posv,cfloat,sm_89,U,512,8,128,cta|blocked
posv,cfloat,sm_89,U,512,8,512,cta|blocked
posv,cfloat,sm_89,U,512,8,2048,cta|blocked
posv,cfloat,sm_89,U,512,8,8192,cta|blocked
posv,cfloat,sm_89,U,512,8,32768,cta|blocked
posv,cfloat,sm_89,U,512,16,128,cta|blocked
posv,cfloat,sm_89,U,512,16,512,cta|blocked
posv,cfloat,sm_89,U,512,16,2048,cta|blocked
posv,cfloat,sm_89,U,512,16,8192,cta|blocked
posv,cfloat,sm_89,U,512,16,32768,cta|blocked
posv,cfloat,sm_89,U,512,64,128,cta|blocked
posv,cfloat,sm_89,U,512,64,512,cta|blocked
posv,cfloat,sm_89,U,512,64,2048,cta|blocked
posv,cfloat,sm_89,U,512,64,8192,cta|blocked
posv,cfloat,sm_89,U,512,64,32768,cta|blocked
posv,cfloat,sm_89,U,640,1,128,cta|blocked
posv,cfloat,sm_89,U,640,1,512,cta|blocked
posv,cfloat,sm_89,U,640,1,2048,cta|blocked
posv,cfloat,sm_89,U,640,1,8192,cta|blocked
posv,cfloat,sm_89,U,640,1,32768,cta|blocked
posv,cfloat,sm_89,U,640,2,128,cta|blocked
posv,cfloat,sm_89,U,640,2,512,cta|blocked
posv,cfloat,sm_89,U,640,2,2048,cta|blocked
posv,cfloat,sm_89,U,640,2,8192,cta|blocked
posv,cfloat,sm_89,U,640,2,32768,cta|blocked
posv,cfloat,sm_89,U,640,4,128,cta|blocked
posv,cfloat,sm_89,U,640,4,512,cta|blocked
posv,cfloat,sm_89,U,640,4,2048,cta|blocked
posv,cfloat,sm_89,U,640,4,8192,cta|blocked
posv,cfloat,sm_89,U,640,4,32768,cta|blocked
posv,cfloat,sm_89,U,640,8,128,cta|blocked
posv,cfloat,sm_89,U,640,8,512,cta|blocked
posv,cfloat,sm_89,U,640,8,2048,cta|blocked
posv,cfloat,sm_89,U,640,8,8192,cta|blocked
posv,cfloat,sm_89,U,640,8,32768,cta|blocked
posv,cfloat,sm_89,U,640,16,128,cta|blocked
posv,cfloat,sm_89,U,640,16,512,cta|blocked
posv,cfloat,sm_89,U,640,16,2048,cta|blocked
posv,cfloat,sm_89,U,640,16,8192,cta|blocked
posv,cfloat,sm_89,U,640,16,32768,cta|blocked
posv,cfloat,sm_89,U,640,64,128,cta|blocked
posv,cfloat,sm_89,U,640,64,512,cta|blocked
posv,cfloat,sm_89,U,640,64,2048,cta|blocked
posv,cfloat,sm_89,U,640,64,8192,cta|blocked
posv,cfloat,sm_89,U,640,64,32768,cta|blocked
posv,cfloat,sm_89,U,768,1,128,cta|blocked
posv,cfloat,sm_89,U,768,1,512,cta|blocked
posv,cfloat,sm_89,U,768,1,2048,cta|blocked
posv,cfloat,sm_89,U,768,1,8192,cta|blocked
posv,cfloat,sm_89,U,768,1,32768,cta|blocked
posv,cfloat,sm_89,U,768,2,128,cta|blocked
posv,cfloat,sm_89,U,768,2,512,cta|blocked
posv,cfloat,sm_89,U,768,2,2048,cta|blocked
posv,cfloat,sm_89,U,768,2,8192,cta|blocked
posv,cfloat,sm_89,U,768,2,32768,cta|blocked
posv,cfloat,sm_89,U,768,4,128,cta|blocked
posv,cfloat,sm_89,U,768,4,512,cta|blocked
posv,cfloat,sm_89,U,768,4,2048,cta|blocked
posv,cfloat,sm_89,U,768,4,8192,cta|blocked
posv,cfloat,sm_89,U,768,4,32768,cta|blocked
posv,cfloat,sm_89,U,768,8,128,cta|blocked
posv,cfloat,sm_89,U,768,8,512,cta|blocked
posv,cfloat,sm_89,U,768,8,2048,cta|blocked
posv,cfloat,sm_89,U,768,8,8192,cta|blocked
posv,cfloat,sm_89,U,768,8,32768,cta|blocked
posv,cfloat,sm_89,U,768,16,128,cta|blocked
posv,cfloat,sm_89,U,768,16,512,cta|blocked
posv,cfloat,sm_89,U,768,16,2048,cta|blocked
posv,cfloat,sm_89,U,768,16,8192,cta|blocked
posv,cfloat,sm_89,U,768,16,32768,cta|blocked
posv,cfloat,sm_89,U,768,64,128,cta|blocked
posv,cfloat,sm_89,U,768,64,512,cta|blocked
posv,cfloat,sm_89,U,768,64,2048,cta|blocked
posv,cfloat,sm_89,U,768,64,8192,cta|blocked
posv,cfloat,sm_89,U,768,64,32768,cta|blocked
posv,cfloat,sm_89,U,1024,1,128,cta|blocked
posv,cfloat,sm_89,U,1024,1,512,cta|blocked
posv,cfloat,sm_89,U,1024,1,2048,cta|blocked
posv,cfloat,sm_89,U,1024,1,8192,cta|blocked
posv,cfloat,sm_89,U,1024,1,32768,cta|blocked
posv,cfloat,sm_89,U,1024,2,128,cta|blocked
posv,cfloat,sm_89,U,1024,2,512,cta|blocked
posv,cfloat,sm_89,U,1024,2,2048,cta|blocked
posv,cfloat,sm_89,U,1024,2,8192,cta|blocked
posv,cfloat,sm_89,U,1024,2,32768,cta|blocked
posv,cfloat,sm_89,U,1024,4,128,cta|blocked
posv,cfloat,sm_89,U,1024,4,512,cta|blocked
posv,cfloat,sm_89,U,1024,4,2048,cta|blocked
posv,cfloat,sm_89,U,1024,4,8192,cta|blocked
posv,cfloat,sm_89,U,1024,4,32768,cta|blocked
posv,cfloat,sm_89,U,1024,8,128,cta|blocked
posv,cfloat,sm_89,U,1024,8,512,cta|blocked
posv,cfloat,sm_89,U,1024,8,2048,cta|blocked
posv,cfloat,sm_89,U,1024,8,8192,cta|blocked
posv,cfloat,sm_89,U,1024,8,32768,cta|blocked
posv,cfloat,sm_89,U,1024,16,128,cta|blocked
posv,cfloat,sm_89,U,1024,16,512,cta|blocked
posv,cfloat,sm_89,U,1024,16,2048,cta|blocked
posv,cfloat,sm_89,U,1024,16,8192,cta|blocked
posv,cfloat,sm_89,U,1024,16,32768,cta|blocked
posv,cfloat,sm_89,U,1024,64,128,cta|blocked
posv,cfloat,sm_89,U,1024,64,512,cta|blocked
posv,cfloat,sm_89,U,1024,64,2048,cta|blocked
posv,cfloat,sm_89,U,1024,64,8192,cta|blocked
posv,cfloat,sm_89,U,1024,64,32768,cta|blocked
posv,cdouble,sm_89,L,1,1,128,tiny|cta|blocked
posv,cdouble,sm_89,L,1,1,512,tiny|cta|blocked
posv,cdouble,sm_89,L,1,1,2048,tiny|cta|blocked
posv,cdouble,sm_89,L,1,1,8192,tiny|cta|blocked
posv,cdouble,sm_89,L,1,1,32768,tiny|cta|blocked
posv,cdouble,sm_89,L,1,2,128,tiny|cta|blocked
posv,cdouble,sm_89,L,1,2,512,tiny|cta|blocked
posv,cdouble,sm_89,L,1,2,2048,tiny|cta|blocked
posv,cdouble,sm_89,L,1,2,8192,tiny|cta|blocked
posv,cdouble,sm_89,L,1,2,32768,tiny|cta|blocked
posv,cdouble,sm_89,L,1,4,128,tiny|cta|blocked
posv,cdouble,sm_89,L,1,4,512,tiny|cta|blocked
posv,cdouble,sm_89,L,1,4,2048,tiny|cta|blocked
posv,cdouble,sm_89,L,1,4,8192,tiny|cta|blocked
posv,cdouble,sm_89,L,1,4,32768,tiny|cta|blocked
posv,cdouble,sm_89,L,1,8,128,tiny|cta|blocked
posv,cdouble,sm_89,L,1,8,512,tiny|cta|blocked
posv,cdouble,sm_89,L,1,8,2048,tiny|cta|blocked
posv,cdouble,sm_89,L,1,8,8192,tiny|cta|blocked
posv,cdouble,sm_89,L,1,8,32768,tiny|cta|blocked
posv,cdouble,sm_89,L,1,16,128,tiny|cta|blocked
posv,cdouble,sm_89,L,1,16,512,tiny|cta|blocked
posv,cdouble,sm_89,L,1,16,2048,tiny|cta|blocked
posv,cdouble,sm_89,L,1,16,8192,tiny|cta|blocked
posv,cdouble,sm_89,L,1,16,32768,tiny|cta|blocked
posv,cdouble,sm_89,L,1,64,128,tiny|cta|blocked
posv,cdouble,sm_89,L,1,64,512,tiny|cta|blocked
posv,cdouble,sm_89,L,1,64,2048,tiny|cta|blocked
posv,cdouble,sm_89,L,1,64,8192,tiny|cta|blocked
posv,cdouble,sm_89,L,1,64,32768,tiny|cta|blocked
posv,cdouble,sm_89,L,2,1,128,tiny|cta|blocked
posv,cdouble,sm_89,L,2,1,512,tiny|cta|blocked
posv,cdouble,sm_89,L,2,1,2048,tiny|cta|blocked
posv,cdouble,sm_89,L,2,1,8192,tiny|cta|blocked
posv,cdouble,sm_89,L,2,1,32768,tiny|cta|blocked
posv,cdouble,sm_89,L,2,2,128,tiny|cta|blocked
posv,cdouble,sm_89,L,2,2,512,tiny|cta|blocked
posv,cdouble,sm_89,L,2,2,2048,tiny|cta|blocked
posv,cdouble,sm_89,L,2,2,8192,tiny|cta|blocked
posv,cdouble,sm_89,L,2,2,32768,tiny|cta|blocked
posv,cdouble,sm_89,L,2,4,128,tiny|cta|blocked
posv,cdouble,sm_89,L,2,4,512,tiny|cta|blocked
posv,cdouble,sm_89,L,2,4,2048,tiny|cta|blocked
posv,cdouble,sm_89,L,2,4,8192,tiny|cta|blocked
posv,cdouble,sm_89,L,2,4,32768,tiny|cta|blocked
posv,cdouble,sm_89,L,2,8,128,tiny|cta|blocked
posv,cdouble,sm_89,L,2,8,512,tiny|cta|blocked
posv,cdouble,sm_89,L,2,8,2048,tiny|cta|blocked
posv,cdouble,sm_89,L,2,8,8192,tiny|cta|blocked
posv,cdouble,sm_89,L,2,8,32768,tiny|cta|blocked
posv,cdouble,sm_89,L,2,16,128,tiny|cta|blocked
posv,cdouble,sm_89,L,2,16,512,tiny|cta|blocked
posv,cdouble,sm_89,L,2,16,2048,tiny|cta|blocked
posv,cdouble,sm_89,L,2,16,8192,tiny|cta|blocked
posv,cdouble,sm_89,L,2,16,32768,tiny|cta|blocked
posv,cdouble,sm_89,L,2,64,128,tiny|cta|blocked
posv,cdouble,sm_89,L,2,64,512,tiny|cta|blocked
posv,cdouble,sm_89,L,2,64,2048,tiny|cta|blocked
posv,cdouble,sm_89,L,2,64,8192,tiny|cta|blocked
posv,cdouble,sm_89,L,2,64,32768,tiny|cta|blocked
posv,cdouble,sm_89,L,3,1,128,tiny|cta|blocked
posv,cdouble,sm_89,L,3,1,512,tiny|cta|blocked
posv,cdouble,sm_89,L,3,1,2048,tiny|cta|blocked
posv,cdouble,sm_89,L,3,1,8192,tiny|cta|blocked
posv,cdouble,sm_89,L,3,1,32768,tiny|cta|blocked
posv,cdouble,sm_89,L,3,2,128,tiny|cta|blocked
posv,cdouble,sm_89,L,3,2,512,tiny|cta|blocked
posv,cdouble,sm_89,L,3,2,2048,tiny|cta|blocked
posv,cdouble,sm_89,L,3,2,8192,tiny|cta|blocked
posv,cdouble,sm_89,L,3,2,32768,tiny|cta|blocked
posv,cdouble,sm_89,L,3,4,128,tiny|cta|blocked
posv,cdouble,sm_89,L,3,4,512,tiny|cta|blocked
posv,cdouble,sm_89,L,3,4,2048,tiny|cta|blocked
posv,cdouble,sm_89,L,3,4,8192,tiny|cta|blocked
posv,cdouble,sm_89,L,3,4,32768,tiny|cta|blocked
posv,cdouble,sm_89,L,3,8,128,tiny|cta|blocked
posv,cdouble,sm_89,L,3,8,512,tiny|cta|blocked
posv,cdouble,sm_89,L,3,8,2048,tiny|cta|blocked
posv,cdouble,sm_89,L,3,8,8192,tiny|cta|blocked
posv,cdouble,sm_89,L,3,8,32768,tiny|cta|blocked
posv,cdouble,sm_89,L,3,16,128,tiny|cta|blocked
posv,cdouble,sm_89,L,3,16,512,tiny|cta|blocked
posv,cdouble,sm_89,L,3,16,2048,tiny|cta|blocked
posv,cdouble,sm_89,L,3,16,8192,tiny|cta|blocked
posv,cdouble,sm_89,L,3,16,32768,tiny|cta|blocked
posv,cdouble,sm_89,L,3,64,128,tiny|cta|blocked
posv,cdouble,sm_89,L,3,64,512,tiny|cta|blocked
posv,cdouble,sm_89,L,3,64,2048,tiny|cta|blocked
posv,cdouble,sm_89,L,3,64,8192,tiny|cta|blocked
posv,cdouble,sm_89,L,3,64,32768,tiny|cta|blocked
posv,cdouble,sm_89,L,4,1,128,tiny|cta|blocked
posv,cdouble,sm_89,L,4,1,512,tiny|cta|blocked
posv,cdouble,sm_89,L,4,1,2048,tiny|cta|blocked
posv,cdouble,sm_89,L,4,1,8192,tiny|cta|blocked
posv,cdouble,sm_89,L,4,1,32768,tiny|cta|blocked
posv,cdouble,sm_89,L,4,2,128,tiny|cta|blocked
posv,cdouble,sm_89,L,4,2,512,tiny|cta|blocked
posv,cdouble,sm_89,L,4,2,2048,tiny|cta|blocked
posv,cdouble,sm_89,L,4,2,8192,tiny|cta|blocked
posv,cdouble,sm_89,L,4,2,32768,tiny|cta|blocked
posv,cdouble,sm_89,L,4,4,128,tiny|cta|blocked
posv,cdouble,sm_89,L,4,4,512,tiny|cta|blocked
posv,cdouble,sm_89,L,4,4,2048,tiny|cta|blocked
posv,cdouble,sm_89,L,4,4,8192,tiny|cta|blocked
posv,cdouble,sm_89,L,4,4,32768,tiny|cta|blocked
posv,cdouble,sm_89,L,4,8,128,tiny|cta|blocked
posv,cdouble,sm_89,L,4,8,512,tiny|cta|blocked
posv,cdouble,sm_89,L,4,8,2048,tiny|cta|blocked
posv,cdouble,sm_89,L,4,8,8192,tiny|cta|blocked
posv,cdouble,sm_89,L,4,8,32768,tiny|cta|blocked
posv,cdouble,sm_89,L,4,16,128,tiny|cta|blocked
posv,cdouble,sm_89,L,4,16,512,tiny|cta|blocked
posv,cdouble,sm_89,L,4,16,2048,tiny|cta|blocked
posv,cdouble,sm_89,L,4,16,8192,tiny|cta|blocked
posv,cdouble,sm_89,L,4,16,32768,tiny|cta|blocked
posv,cdouble,sm_89,L,4,64,128,tiny|cta|blocked
posv,cdouble,sm_89,L,4,64,512,tiny|cta|blocked
posv,cdouble,sm_89,L,4,64,2048,tiny|cta|blocked
posv,cdouble,sm_89,L,4,64,8192,tiny|cta|blocked
posv,cdouble,sm_89,L,4,64,32768,tiny|cta|blocked
posv,cdouble,sm_89,L,6,1,128,tiny|cta|blocked
posv,cdouble,sm_89,L,6,1,512,tiny|cta|blocked
posv,cdouble,sm_89,L,6,1,2048,tiny|cta|blocked
posv,cdouble,sm_89,L,6,1,8192,tiny|cta|blocked
posv,cdouble,sm_89,L,6,1,32768,tiny|cta|blocked
posv,cdouble,sm_89,L,6,2,128,tiny|cta|blocked
posv,cdouble,sm_89,L,6,2,512,tiny|cta|blocked
posv,cdouble,sm_89,L,6,2,2048,tiny|cta|blocked
posv,cdouble,sm_89,L,6,2,8192,tiny|cta|blocked
posv,cdouble,sm_89,L,6,2,32768,tiny|cta|blocked
posv,cdouble,sm_89,L,6,4,128,tiny|cta|blocked
posv,cdouble,sm_89,L,6,4,512,tiny|cta|blocked
posv,cdouble,sm_89,L,6,4,2048,tiny|cta|blocked
posv,cdouble,sm_89,L,6,4,8192,tiny|cta|blocked
posv,cdouble,sm_89,L,6,4,32768,tiny|cta|blocked
posv,cdouble,sm_89,L,6,8,128,tiny|cta|blocked
posv,cdouble,sm_89,L,6,8,512,tiny|cta|blocked
posv,cdouble,sm_89,L,6,8,2048,tiny|cta|blocked
posv,cdouble,sm_89,L,6,8,8192,tiny|cta|blocked
posv,cdouble,sm_89,L,6,8,32768,tiny|cta|blocked
posv,cdouble,sm_89,L,6,16,128,tiny|cta|blocked
posv,cdouble,sm_89,L,6,16,512,tiny|cta|blocked
posv,cdouble,sm_89,L,6,16,2048,tiny|cta|blocked
posv,cdouble,sm_89,L,6,16,8192,tiny|cta|blocked
posv,cdouble,sm_89,L,6,16,32768,tiny|cta|blocked
posv,cdouble,sm_89,L,6,64,128,tiny|cta|blocked
posv,cdouble,sm_89,L,6,64,512,tiny|cta|blocked
posv,cdouble,sm_89,L,6,64,2048,tiny|cta|blocked
posv,cdouble,sm_89,L,6,64,8192,tiny|cta|blocked
posv,cdouble,sm_89,L,6,64,32768,tiny|cta|blocked
posv,cdouble,sm_89,L,8,1,128,tiny|cta|blocked
posv,cdouble,sm_89,L,8,1,512,tiny|cta|blocked
posv,cdouble,sm_89,L,8,1,2048,tiny|cta|blocked
posv,cdouble,sm_89,L,8,1,8192,tiny|cta|blocked
posv,cdouble,sm_89,L,8,1,32768,tiny|cta|blocked
posv,cdouble,sm_89,L,8,2,128,tiny|cta|blocked
posv,cdouble,sm_89,L,8,2,512,tiny|cta|blocked
posv,cdouble,sm_89,L,8,2,2048,tiny|cta|blocked
posv,cdouble,sm_89,L,8,2,8192,tiny|cta|blocked
posv,cdouble,sm_89,L,8,2,32768,tiny|cta|blocked
posv,cdouble,sm_89,L,8,4,128,tiny|cta|blocked
posv,cdouble,sm_89,L,8,4,512,tiny|cta|blocked
posv,cdouble,sm_89,L,8,4,2048,tiny|cta|blocked
posv,cdouble,sm_89,L,8,4,8192,tiny|cta|blocked
posv,cdouble,sm_89,L,8,4,32768,tiny|cta|blocked
posv,cdouble,sm_89,L,8,8,128,tiny|cta|blocked
posv,cdouble,sm_89,L,8,8,512,tiny|cta|blocked
posv,cdouble,sm_89,L,8,8,2048,tiny|cta|blocked
posv,cdouble,sm_89,L,8,8,8192,tiny|cta|blocked
posv,cdouble,sm_89,L,8,8,32768,tiny|cta|blocked
posv,cdouble,sm_89,L,8,16,128,tiny|cta|blocked
posv,cdouble,sm_89,L,8,16,512,tiny|cta|blocked
posv,cdouble,sm_89,L,8,16,2048,tiny|cta|blocked
posv,cdouble,sm_89,L,8,16,8192,tiny|cta|blocked
posv,cdouble,sm_89,L,8,16,32768,tiny|cta|blocked
posv,cdouble,sm_89,L,8,64,128,tiny|cta|blocked
posv,cdouble,sm_89,L,8,64,512,tiny|cta|blocked
posv,cdouble,sm_89,L,8,64,2048,tiny|cta|blocked
posv,cdouble,sm_89,L,8,64,8192,tiny|cta|blocked
posv,cdouble,sm_89,L,8,64,32768,tiny|cta|blocked
posv,cdouble,sm_89,L,12,1,128,tiny|cta|blocked
posv,cdouble,sm_89,L,12,1,512,tiny|cta|blocked
posv,cdouble,sm_89,L,12,1,2048,tiny|cta|blocked
posv,cdouble,sm_89,L,12,1,8192,tiny|cta|blocked
posv,cdouble,sm_89,L,12,1,32768,tiny|cta|blocked
posv,cdouble,sm_89,L,12,2,128,tiny|cta|blocked
posv,cdouble,sm_89,L,12,2,512,tiny|cta|blocked
posv,cdouble,sm_89,L,12,2,2048,tiny|cta|blocked
posv,cdouble,sm_89,L,12,2,8192,tiny|cta|blocked
posv,cdouble,sm_89,L,12,2,32768,tiny|cta|blocked
posv,cdouble,sm_89,L,12,4,128,tiny|cta|blocked
posv,cdouble,sm_89,L,12,4,512,tiny|cta|blocked
posv,cdouble,sm_89,L,12,4,2048,tiny|cta|blocked
posv,cdouble,sm_89,L,12,4,8192,tiny|cta|blocked
posv,cdouble,sm_89,L,12,4,32768,tiny|cta|blocked
posv,cdouble,sm_89,L,12,8,128,tiny|cta|blocked
posv,cdouble,sm_89,L,12,8,512,tiny|cta|blocked
posv,cdouble,sm_89,L,12,8,2048,tiny|cta|blocked
posv,cdouble,sm_89,L,12,8,8192,tiny|cta|blocked
posv,cdouble,sm_89,L,12,8,32768,tiny|cta|blocked
posv,cdouble,sm_89,L,12,16,128,tiny|cta|blocked
posv,cdouble,sm_89,L,12,16,512,tiny|cta|blocked
posv,cdouble,sm_89,L,12,16,2048,tiny|cta|blocked
posv,cdouble,sm_89,L,12,16,8192,tiny|cta|blocked
posv,cdouble,sm_89,L,12,16,32768,tiny|cta|blocked
posv,cdouble,sm_89,L,12,64,128,tiny|cta|blocked
posv,cdouble,sm_89,L,12,64,512,tiny|cta|blocked
posv,cdouble,sm_89,L,12,64,2048,tiny|cta|blocked
posv,cdouble,sm_89,L,12,64,8192,tiny|cta|blocked
posv,cdouble,sm_89,L,12,64,32768,tiny|cta|blocked
posv,cdouble,sm_89,L,16,1,128,tiny|cta|blocked
posv,cdouble,sm_89,L,16,1,512,tiny|cta|blocked
posv,cdouble,sm_89,L,16,1,2048,tiny|cta|blocked
posv,cdouble,sm_89,L,16,1,8192,tiny|cta|blocked
posv,cdouble,sm_89,L,16,1,32768,tiny|cta|blocked
posv,cdouble,sm_89,L,16,2,128,tiny|cta|blocked
posv,cdouble,sm_89,L,16,2,512,tiny|cta|blocked
posv,cdouble,sm_89,L,16,2,2048,tiny|cta|blocked
posv,cdouble,sm_89,L,16,2,8192,tiny|cta|blocked
posv,cdouble,sm_89,L,16,2,32768,tiny|cta|blocked
posv,cdouble,sm_89,L,16,4,128,tiny|cta|blocked
posv,cdouble,sm_89,L,16,4,512,tiny|cta|blocked
posv,cdouble,sm_89,L,16,4,2048,tiny|cta|blocked
posv,cdouble,sm_89,L,16,4,8192,tiny|cta|blocked
posv,cdouble,sm_89,L,16,4,32768,tiny|cta|blocked
posv,cdouble,sm_89,L,16,8,128,tiny|cta|blocked
posv,cdouble,sm_89,L,16,8,512,tiny|cta|blocked
posv,cdouble,sm_89,L,16,8,2048,tiny|cta|blocked
posv,cdouble,sm_89,L,16,8,8192,tiny|cta|blocked
posv,cdouble,sm_89,L,16,8,32768,tiny|cta|blocked
posv,cdouble,sm_89,L,16,16,128,tiny|cta|blocked
posv,cdouble,sm_89,L,16,16,512,tiny|cta|blocked
posv,cdouble,sm_89,L,16,16,2048,tiny|cta|blocked
posv,cdouble,sm_89,L,16,16,8192,tiny|cta|blocked
posv,cdouble,sm_89,L,16,16,32768,tiny|cta|blocked
posv,cdouble,sm_89,L,16,64,128,tiny|cta|blocked
posv,cdouble,sm_89,L,16,64,512,tiny|cta|blocked
posv,cdouble,sm_89,L,16,64,2048,tiny|cta|blocked
posv,cdouble,sm_89,L,16,64,8192,tiny|cta|blocked
posv,cdouble,sm_89,L,16,64,32768,tiny|cta|blocked
posv,cdouble,sm_89,L,20,1,128,cta|blocked
posv,cdouble,sm_89,L,20,1,512,cta|blocked
posv,cdouble,sm_89,L,20,1,2048,cta|blocked
posv,cdouble,sm_89,L,20,1,8192,cta|blocked
posv,cdouble,sm_89,L,20,1,32768,cta|blocked
posv,cdouble,sm_89,L,20,2,128,cta|blocked
posv,cdouble,sm_89,L,20,2,512,cta|blocked
posv,cdouble,sm_89,L,20,2,2048,cta|blocked
posv,cdouble,sm_89,L,20,2,8192,cta|blocked
posv,cdouble,sm_89,L,20,2,32768,cta|blocked
posv,cdouble,sm_89,L,20,4,128,cta|blocked
posv,cdouble,sm_89,L,20,4,512,cta|blocked
posv,cdouble,sm_89,L,20,4,2048,cta|blocked
posv,cdouble,sm_89,L,20,4,8192,cta|blocked
posv,cdouble,sm_89,L,20,4,32768,cta|blocked
posv,cdouble,sm_89,L,20,8,128,cta|blocked
posv,cdouble,sm_89,L,20,8,512,cta|blocked
posv,cdouble,sm_89,L,20,8,2048,cta|blocked
posv,cdouble,sm_89,L,20,8,8192,cta|blocked
posv,cdouble,sm_89,L,20,8,32768,cta|blocked
posv,cdouble,sm_89,L,20,16,128,cta|blocked
posv,cdouble,sm_89,L,20,16,512,cta|blocked
posv,cdouble,sm_89,L,20,16,2048,cta|blocked
posv,cdouble,sm_89,L,20,16,8192,cta|blocked
posv,cdouble,sm_89,L,20,16,32768,cta|blocked
posv,cdouble,sm_89,L,20,64,128,cta|blocked
posv,cdouble,sm_89,L,20,64,512,cta|blocked
posv,cdouble,sm_89,L,20,64,2048,cta|blocked
posv,cdouble,sm_89,L,20,64,8192,cta|blocked
posv,cdouble,sm_89,L,20,64,32768,cta|blocked
posv,cdouble,sm_89,L,24,1,128,cta|blocked
posv,cdouble,sm_89,L,24,1,512,cta|blocked
posv,cdouble,sm_89,L,24,1,2048,cta|blocked
posv,cdouble,sm_89,L,24,1,8192,cta|blocked
posv,cdouble,sm_89,L,24,1,32768,cta|blocked
posv,cdouble,sm_89,L,24,2,128,cta|blocked
posv,cdouble,sm_89,L,24,2,512,cta|blocked
posv,cdouble,sm_89,L,24,2,2048,cta|blocked
posv,cdouble,sm_89,L,24,2,8192,cta|blocked
posv,cdouble,sm_89,L,24,2,32768,cta|blocked
posv,cdouble,sm_89,L,24,4,128,cta|blocked
posv,cdouble,sm_89,L,24,4,512,cta|blocked
posv,cdouble,sm_89,L,24,4,2048,cta|blocked
posv,cdouble,sm_89,L,24,4,8192,cta|blocked
posv,cdouble,sm_89,L,24,4,32768,cta|blocked
posv,cdouble,sm_89,L,24,8,128,cta|blocked
posv,cdouble,sm_89,L,24,8,512,cta|blocked
posv,cdouble,sm_89,L,24,8,2048,cta|blocked
posv,cdouble,sm_89,L,24,8,8192,cta|blocked
posv,cdouble,sm_89,L,24,8,32768,cta|blocked
posv,cdouble,sm_89,L,24,16,128,cta|blocked
posv,cdouble,sm_89,L,24,16,512,cta|blocked
posv,cdouble,sm_89,L,24,16,2048,cta|blocked
posv,cdouble,sm_89,L,24,16,8192,cta|blocked
posv,cdouble,sm_89,L,24,16,32768,cta|blocked
posv,cdouble,sm_89,L,24,64,128,cta|blocked
posv,cdouble,sm_89,L,24,64,512,cta|blocked
posv,cdouble,sm_89,L,24,64,2048,cta|blocked
posv,cdouble,sm_89,L,24,64,8192,cta|blocked
posv,cdouble,sm_89,L,24,64,32768,cta|blocked
posv,cdouble,sm_89,L,28,1,128,cta|blocked
posv,cdouble,sm_89,L,28,1,512,cta|blocked
posv,cdouble,sm_89,L,28,1,2048,cta|blocked
posv,cdouble,sm_89,L,28,1,8192,cta|blocked
posv,cdouble,sm_89,L,28,1,32768,cta|blocked
posv,cdouble,sm_89,L,28,2,128,cta|blocked
posv,cdouble,sm_89,L,28,2,512,cta|blocked
posv,cdouble,sm_89,L,28,2,2048,cta|blocked
posv,cdouble,sm_89,L,28,2,8192,cta|blocked
posv,cdouble,sm_89,L,28,2,32768,cta|blocked
posv,cdouble,sm_89,L,28,4,128,cta|blocked
posv,cdouble,sm_89,L,28,4,512,cta|blocked
posv,cdouble,sm_89,L,28,4,2048,cta|blocked
posv,cdouble,sm_89,L,28,4,8192,cta|blocked
posv,cdouble,sm_89,L,28,4,32768,cta|blocked
posv,cdouble,sm_89,L,28,8,128,cta|blocked
posv,cdouble,sm_89,L,28,8,512,cta|blocked
posv,cdouble,sm_89,L,28,8,2048,cta|blocked
posv,cdouble,sm_89,L,28,8,8192,cta|blocked
posv,cdouble,sm_89,L,28,8,32768,cta|blocked
posv,cdouble,sm_89,L,28,16,128,cta|blocked
posv,cdouble,sm_89,L,28,16,512,cta|blocked
posv,cdouble,sm_89,L,28,16,2048,cta|blocked
posv,cdouble,sm_89,L,28,16,8192,cta|blocked
posv,cdouble,sm_89,L,28,16,32768,cta|blocked
posv,cdouble,sm_89,L,28,64,128,cta|blocked
posv,cdouble,sm_89,L,28,64,512,cta|blocked
posv,cdouble,sm_89,L,28,64,2048,cta|blocked
posv,cdouble,sm_89,L,28,64,8192,cta|blocked
posv,cdouble,sm_89,L,28,64,32768,cta|blocked
posv,cdouble,sm_89,L,32,1,128,cta|blocked
posv,cdouble,sm_89,L,32,1,512,cta|blocked
posv,cdouble,sm_89,L,32,1,2048,cta|blocked
posv,cdouble,sm_89,L,32,1,8192,cta|blocked
posv,cdouble,sm_89,L,32,1,32768,cta|blocked
posv,cdouble,sm_89,L,32,2,128,cta|blocked
posv,cdouble,sm_89,L,32,2,512,cta|blocked
posv,cdouble,sm_89,L,32,2,2048,cta|blocked
posv,cdouble,sm_89,L,32,2,8192,cta|blocked
posv,cdouble,sm_89,L,32,2,32768,cta|blocked
posv,cdouble,sm_89,L,32,4,128,cta|blocked
posv,cdouble,sm_89,L,32,4,512,cta|blocked
posv,cdouble,sm_89,L,32,4,2048,cta|blocked
posv,cdouble,sm_89,L,32,4,8192,cta|blocked
posv,cdouble,sm_89,L,32,4,32768,cta|blocked
posv,cdouble,sm_89,L,32,8,128,cta|blocked
posv,cdouble,sm_89,L,32,8,512,cta|blocked
posv,cdouble,sm_89,L,32,8,2048,cta|blocked
posv,cdouble,sm_89,L,32,8,8192,cta|blocked
posv,cdouble,sm_89,L,32,8,32768,cta|blocked
posv,cdouble,sm_89,L,32,16,128,cta|blocked
posv,cdouble,sm_89,L,32,16,512,cta|blocked
posv,cdouble,sm_89,L,32,16,2048,cta|blocked
posv,cdouble,sm_89,L,32,16,8192,cta|blocked
posv,cdouble,sm_89,L,32,16,32768,cta|blocked
posv,cdouble,sm_89,L,32,64,128,cta|blocked
posv,cdouble,sm_89,L,32,64,512,cta|blocked
posv,cdouble,sm_89,L,32,64,2048,cta|blocked
posv,cdouble,sm_89,L,32,64,8192,cta|blocked
posv,cdouble,sm_89,L,32,64,32768,cta|blocked
posv,cdouble,sm_89,L,36,1,128,cta|blocked
posv,cdouble,sm_89,L,36,1,512,cta|blocked
posv,cdouble,sm_89,L,36,1,2048,cta|blocked
posv,cdouble,sm_89,L,36,1,8192,cta|blocked
posv,cdouble,sm_89,L,36,1,32768,cta|blocked
posv,cdouble,sm_89,L,36,2,128,cta|blocked
posv,cdouble,sm_89,L,36,2,512,cta|blocked
posv,cdouble,sm_89,L,36,2,2048,cta|blocked
posv,cdouble,sm_89,L,36,2,8192,cta|blocked
posv,cdouble,sm_89,L,36,2,32768,cta|blocked
posv,cdouble,sm_89,L,36,4,128,cta|blocked
posv,cdouble,sm_89,L,36,4,512,cta|blocked
posv,cdouble,sm_89,L,36,4,2048,cta|blocked
posv,cdouble,sm_89,L,36,4,8192,cta|blocked
posv,cdouble,sm_89,L,36,4,32768,cta|blocked
posv,cdouble,sm_89,L,36,8,128,cta|blocked
posv,cdouble,sm_89,L,36,8,512,cta|blocked
posv,cdouble,sm_89,L,36,8,2048,cta|blocked
posv,cdouble,sm_89,L,36,8,8192,cta|blocked
posv,cdouble,sm_89,L,36,8,32768,cta|blocked
posv,cdouble,sm_89,L,36,16,128,cta|blocked
posv,cdouble,sm_89,L,36,16,512,cta|blocked
posv,cdouble,sm_89,L,36,16,2048,cta|blocked
posv,cdouble,sm_89,L,36,16,8192,cta|blocked
posv,cdouble,sm_89,L,36,16,32768,cta|blocked
posv,cdouble,sm_89,L,36,64,128,cta|blocked
posv,cdouble,sm_89,L,36,64,512,cta|blocked
posv,cdouble,sm_89,L,36,64,2048,cta|blocked
posv,cdouble,sm_89,L,36,64,8192,cta|blocked
posv,cdouble,sm_89,L,36,64,32768,cta|blocked
posv,cdouble,sm_89,L,40,1,128,cta|blocked
posv,cdouble,sm_89,L,40,1,512,cta|blocked
posv,cdouble,sm_89,L,40,1,2048,cta|blocked
posv,cdouble,sm_89,L,40,1,8192,cta|blocked
posv,cdouble,sm_89,L,40,1,32768,cta|blocked
posv,cdouble,sm_89,L,40,2,128,cta|blocked
posv,cdouble,sm_89,L,40,2,512,cta|blocked
posv,cdouble,sm_89,L,40,2,2048,cta|blocked
posv,cdouble,sm_89,L,40,2,8192,cta|blocked
posv,cdouble,sm_89,L,40,2,32768,cta|blocked
posv,cdouble,sm_89,L,40,4,128,cta|blocked
posv,cdouble,sm_89,L,40,4,512,cta|blocked
posv,cdouble,sm_89,L,40,4,2048,cta|blocked
posv,cdouble,sm_89,L,40,4,8192,cta|blocked
posv,cdouble,sm_89,L,40,4,32768,cta|blocked
posv,cdouble,sm_89,L,40,8,128,cta|blocked
posv,cdouble,sm_89,L,40,8,512,cta|blocked
posv,cdouble,sm_89,L,40,8,2048,cta|blocked
posv,cdouble,sm_89,L,40,8,8192,cta|blocked
posv,cdouble,sm_89,L,40,8,32768,cta|blocked
posv,cdouble,sm_89,L,40,16,128,cta|blocked
posv,cdouble,sm_89,L,40,16,512,cta|blocked
posv,cdouble,sm_89,L,40,16,2048,cta|blocked
posv,cdouble,sm_89,L,40,16,8192,cta|blocked
posv,cdouble,sm_89,L,40,16,32768,cta|blocked
posv,cdouble,sm_89,L,40,64,128,cta|blocked
posv,cdouble,sm_89,L,40,64,512,cta|blocked
posv,cdouble,sm_89,L,40,64,2048,cta|blocked
posv,cdouble,sm_89,L,40,64,8192,cta|blocked
posv,cdouble,sm_89,L,40,64,32768,cta|blocked
posv,cdouble,sm_89,L,48,1,128,cta|blocked
posv,cdouble,sm_89,L,48,1,512,cta|blocked
posv,cdouble,sm_89,L,48,1,2048,cta|blocked
posv,cdouble,sm_89,L,48,1,8192,cta|blocked
posv,cdouble,sm_89,L,48,1,32768,cta|blocked
posv,cdouble,sm_89,L,48,2,128,cta|blocked
posv,cdouble,sm_89,L,48,2,512,cta|blocked
posv,cdouble,sm_89,L,48,2,2048,cta|blocked
posv,cdouble,sm_89,L,48,2,8192,cta|blocked
posv,cdouble,sm_89,L,48,2,32768,cta|blocked
posv,cdouble,sm_89,L,48,4,128,cta|blocked
posv,cdouble,sm_89,L,48,4,512,cta|blocked
posv,cdouble,sm_89,L,48,4,2048,cta|blocked
posv,cdouble,sm_89,L,48,4,8192,cta|blocked
posv,cdouble,sm_89,L,48,4,32768,cta|blocked
posv,cdouble,sm_89,L,48,8,128,cta|blocked
posv,cdouble,sm_89,L,48,8,512,cta|blocked
posv,cdouble,sm_89,L,48,8,2048,cta|blocked
posv,cdouble,sm_89,L,48,8,8192,cta|blocked
posv,cdouble,sm_89,L,48,8,32768,cta|blocked
posv,cdouble,sm_89,L,48,16,128,cta|blocked
posv,cdouble,sm_89,L,48,16,512,cta|blocked
posv,cdouble,sm_89,L,48,16,2048,cta|blocked
posv,cdouble,sm_89,L,48,16,8192,cta|blocked
posv,cdouble,sm_89,L,48,16,32768,cta|blocked
posv,cdouble,sm_89,L,48,64,128,cta|blocked
posv,cdouble,sm_89,L,48,64,512,cta|blocked
posv,cdouble,sm_89,L,48,64,2048,cta|blocked
posv,cdouble,sm_89,L,48,64,8192,cta|blocked
posv,cdouble,sm_89,L,48,64,32768,cta|blocked
posv,cdouble,sm_89,L,56,1,128,cta|blocked
posv,cdouble,sm_89,L,56,1,512,cta|blocked
posv,cdouble,sm_89,L,56,1,2048,cta|blocked
posv,cdouble,sm_89,L,56,1,8192,cta|blocked
posv,cdouble,sm_89,L,56,1,32768,cta|blocked
posv,cdouble,sm_89,L,56,2,128,cta|blocked
posv,cdouble,sm_89,L,56,2,512,cta|blocked
posv,cdouble,sm_89,L,56,2,2048,cta|blocked
posv,cdouble,sm_89,L,56,2,8192,cta|blocked
posv,cdouble,sm_89,L,56,2,32768,cta|blocked
posv,cdouble,sm_89,L,56,4,128,cta|blocked
posv,cdouble,sm_89,L,56,4,512,cta|blocked
posv,cdouble,sm_89,L,56,4,2048,cta|blocked
posv,cdouble,sm_89,L,56,4,8192,cta|blocked
posv,cdouble,sm_89,L,56,4,32768,cta|blocked
posv,cdouble,sm_89,L,56,8,128,cta|blocked
posv,cdouble,sm_89,L,56,8,512,cta|blocked
posv,cdouble,sm_89,L,56,8,2048,cta|blocked
posv,cdouble,sm_89,L,56,8,8192,cta|blocked
posv,cdouble,sm_89,L,56,8,32768,cta|blocked
posv,cdouble,sm_89,L,56,16,128,cta|blocked
posv,cdouble,sm_89,L,56,16,512,cta|blocked
posv,cdouble,sm_89,L,56,16,2048,cta|blocked
posv,cdouble,sm_89,L,56,16,8192,cta|blocked
posv,cdouble,sm_89,L,56,16,32768,cta|blocked
posv,cdouble,sm_89,L,56,64,128,cta|blocked
posv,cdouble,sm_89,L,56,64,512,cta|blocked
posv,cdouble,sm_89,L,56,64,2048,cta|blocked
posv,cdouble,sm_89,L,56,64,8192,cta|blocked
posv,cdouble,sm_89,L,56,64,32768,cta|blocked
posv,cdouble,sm_89,L,64,1,128,cta|blocked
posv,cdouble,sm_89,L,64,1,512,cta|blocked
posv,cdouble,sm_89,L,64,1,2048,cta|blocked
posv,cdouble,sm_89,L,64,1,8192,cta|blocked
posv,cdouble,sm_89,L,64,1,32768,cta|blocked
posv,cdouble,sm_89,L,64,2,128,cta|blocked
posv,cdouble,sm_89,L,64,2,512,cta|blocked
posv,cdouble,sm_89,L,64,2,2048,cta|blocked
posv,cdouble,sm_89,L,64,2,8192,cta|blocked
posv,cdouble,sm_89,L,64,2,32768,cta|blocked
posv,cdouble,sm_89,L,64,4,128,cta|blocked
posv,cdouble,sm_89,L,64,4,512,cta|blocked
posv,cdouble,sm_89,L,64,4,2048,cta|blocked
posv,cdouble,sm_89,L,64,4,8192,cta|blocked
posv,cdouble,sm_89,L,64,4,32768,cta|blocked
posv,cdouble,sm_89,L,64,8,128,cta|blocked
posv,cdouble,sm_89,L,64,8,512,cta|blocked
posv,cdouble,sm_89,L,64,8,2048,cta|blocked
posv,cdouble,sm_89,L,64,8,8192,cta|blocked
posv,cdouble,sm_89,L,64,8,32768,cta|blocked
posv,cdouble,sm_89,L,64,16,128,cta|blocked
posv,cdouble,sm_89,L,64,16,512,cta|blocked
posv,cdouble,sm_89,L,64,16,2048,cta|blocked
posv,cdouble,sm_89,L,64,16,8192,cta|blocked
posv,cdouble,sm_89,L,64,16,32768,cta|blocked
posv,cdouble,sm_89,L,64,64,128,cta|blocked
posv,cdouble,sm_89,L,64,64,512,cta|blocked
posv,cdouble,sm_89,L,64,64,2048,cta|blocked
posv,cdouble,sm_89,L,64,64,8192,cta|blocked
posv,cdouble,sm_89,L,64,64,32768,cta|blocked
posv,cdouble,sm_89,L,80,1,128,cta|blocked
posv,cdouble,sm_89,L,80,1,512,cta|blocked
posv,cdouble,sm_89,L,80,1,2048,cta|blocked
posv,cdouble,sm_89,L,80,1,8192,cta|blocked
posv,cdouble,sm_89,L,80,1,32768,cta|blocked
posv,cdouble,sm_89,L,80,2,128,cta|blocked
posv,cdouble,sm_89,L,80,2,512,cta|blocked
posv,cdouble,sm_89,L,80,2,2048,cta|blocked
posv,cdouble,sm_89,L,80,2,8192,cta|blocked
posv,cdouble,sm_89,L,80,2,32768,cta|blocked
posv,cdouble,sm_89,L,80,4,128,cta|blocked
posv,cdouble,sm_89,L,80,4,512,cta|blocked
posv,cdouble,sm_89,L,80,4,2048,cta|blocked
posv,cdouble,sm_89,L,80,4,8192,cta|blocked
posv,cdouble,sm_89,L,80,4,32768,cta|blocked
posv,cdouble,sm_89,L,80,8,128,cta|blocked
posv,cdouble,sm_89,L,80,8,512,cta|blocked
posv,cdouble,sm_89,L,80,8,2048,cta|blocked
posv,cdouble,sm_89,L,80,8,8192,cta|blocked
posv,cdouble,sm_89,L,80,8,32768,cta|blocked
posv,cdouble,sm_89,L,80,16,128,cta|blocked
posv,cdouble,sm_89,L,80,16,512,cta|blocked
posv,cdouble,sm_89,L,80,16,2048,cta|blocked
posv,cdouble,sm_89,L,80,16,8192,cta|blocked
posv,cdouble,sm_89,L,80,16,32768,cta|blocked
posv,cdouble,sm_89,L,80,64,128,cta|blocked
posv,cdouble,sm_89,L,80,64,512,cta|blocked
posv,cdouble,sm_89,L,80,64,2048,cta|blocked
posv,cdouble,sm_89,L,80,64,8192,cta|blocked
posv,cdouble,sm_89,L,80,64,32768,cta|blocked
posv,cdouble,sm_89,L,96,1,128,cta|blocked
posv,cdouble,sm_89,L,96,1,512,cta|blocked
posv,cdouble,sm_89,L,96,1,2048,cta|blocked
posv,cdouble,sm_89,L,96,1,8192,cta|blocked
posv,cdouble,sm_89,L,96,1,32768,cta|blocked
posv,cdouble,sm_89,L,96,2,128,cta|blocked
posv,cdouble,sm_89,L,96,2,512,cta|blocked
posv,cdouble,sm_89,L,96,2,2048,cta|blocked
posv,cdouble,sm_89,L,96,2,8192,cta|blocked
posv,cdouble,sm_89,L,96,2,32768,cta|blocked
posv,cdouble,sm_89,L,96,4,128,cta|blocked
posv,cdouble,sm_89,L,96,4,512,cta|blocked
posv,cdouble,sm_89,L,96,4,2048,cta|blocked
posv,cdouble,sm_89,L,96,4,8192,cta|blocked
posv,cdouble,sm_89,L,96,4,32768,cta|blocked
posv,cdouble,sm_89,L,96,8,128,cta|blocked
posv,cdouble,sm_89,L,96,8,512,cta|blocked
posv,cdouble,sm_89,L,96,8,2048,cta|blocked
posv,cdouble,sm_89,L,96,8,8192,cta|blocked
posv,cdouble,sm_89,L,96,8,32768,cta|blocked
posv,cdouble,sm_89,L,96,16,128,cta|blocked
posv,cdouble,sm_89,L,96,16,512,cta|blocked
posv,cdouble,sm_89,L,96,16,2048,cta|blocked
posv,cdouble,sm_89,L,96,16,8192,cta|blocked
posv,cdouble,sm_89,L,96,16,32768,cta|blocked
posv,cdouble,sm_89,L,96,64,128,cta|blocked
posv,cdouble,sm_89,L,96,64,512,cta|blocked
posv,cdouble,sm_89,L,96,64,2048,cta|blocked
posv,cdouble,sm_89,L,96,64,8192,cta|blocked
posv,cdouble,sm_89,L,96,64,32768,cta|blocked
posv,cdouble,sm_89,L,112,1,128,cta|blocked
posv,cdouble,sm_89,L,112,1,512,cta|blocked
posv,cdouble,sm_89,L,112,1,2048,cta|blocked
posv,cdouble,sm_89,L,112,1,8192,cta|blocked
posv,cdouble,sm_89,L,112,1,32768,cta|blocked
posv,cdouble,sm_89,L,112,2,128,cta|blocked
posv,cdouble,sm_89,L,112,2,512,cta|blocked
posv,cdouble,sm_89,L,112,2,2048,cta|blocked
posv,cdouble,sm_89,L,112,2,8192,cta|blocked
posv,cdouble,sm_89,L,112,2,32768,cta|blocked
posv,cdouble,sm_89,L,112,4,128,cta|blocked
posv,cdouble,sm_89,L,112,4,512,cta|blocked
posv,cdouble,sm_89,L,112,4,2048,cta|blocked
posv,cdouble,sm_89,L,112,4,8192,cta|blocked
posv,cdouble,sm_89,L,112,4,32768,cta|blocked
posv,cdouble,sm_89,L,112,8,128,cta|blocked
posv,cdouble,sm_89,L,112,8,512,cta|blocked
posv,cdouble,sm_89,L,112,8,2048,cta|blocked
posv,cdouble,sm_89,L,112,8,8192,cta|blocked
posv,cdouble,sm_89,L,112,8,32768,cta|blocked
posv,cdouble,sm_89,L,112,16,128,cta|blocked
posv,cdouble,sm_89,L,112,16,512,cta|blocked
posv,cdouble,sm_89,L,112,16,2048,cta|blocked
posv,cdouble,sm_89,L,112,16,8192,cta|blocked
posv,cdouble,sm_89,L,112,16,32768,cta|blocked
posv,cdouble,sm_89,L,112,64,128,cta|blocked
posv,cdouble,sm_89,L,112,64,512,cta|blocked
posv,cdouble,sm_89,L,112,64,2048,cta|blocked
posv,cdouble,sm_89,L,112,64,8192,cta|blocked
posv,cdouble,sm_89,L,112,64,32768,cta|blocked
posv,cdouble,sm_89,L,128,1,128,cta|blocked
posv,cdouble,sm_89,L,128,1,512,cta|blocked
posv,cdouble,sm_89,L,128,1,2048,cta|blocked
posv,cdouble,sm_89,L,128,1,8192,cta|blocked
posv,cdouble,sm_89,L,128,1,32768,cta|blocked
posv,cdouble,sm_89,L,128,2,128,cta|blocked
posv,cdouble,sm_89,L,128,2,512,cta|blocked
posv,cdouble,sm_89,L,128,2,2048,cta|blocked
posv,cdouble,sm_89,L,128,2,8192,cta|blocked
posv,cdouble,sm_89,L,128,2,32768,cta|blocked
posv,cdouble,sm_89,L,128,4,128,cta|blocked
posv,cdouble,sm_89,L,128,4,512,cta|blocked
posv,cdouble,sm_89,L,128,4,2048,cta|blocked
posv,cdouble,sm_89,L,128,4,8192,cta|blocked
posv,cdouble,sm_89,L,128,4,32768,cta|blocked
posv,cdouble,sm_89,L,128,8,128,cta|blocked
posv,cdouble,sm_89,L,128,8,512,cta|blocked
posv,cdouble,sm_89,L,128,8,2048,cta|blocked
posv,cdouble,sm_89,L,128,8,8192,cta|blocked
posv,cdouble,sm_89,L,128,8,32768,cta|blocked
posv,cdouble,sm_89,L,128,16,128,cta|blocked
posv,cdouble,sm_89,L,128,16,512,cta|blocked
posv,cdouble,sm_89,L,128,16,2048,cta|blocked
posv,cdouble,sm_89,L,128,16,8192,cta|blocked
posv,cdouble,sm_89,L,128,16,32768,cta|blocked
posv,cdouble,sm_89,L,128,64,128,cta|blocked
posv,cdouble,sm_89,L,128,64,512,cta|blocked
posv,cdouble,sm_89,L,128,64,2048,cta|blocked
posv,cdouble,sm_89,L,128,64,8192,cta|blocked
posv,cdouble,sm_89,L,128,64,32768,cta|blocked
posv,cdouble,sm_89,L,160,1,128,cta|blocked
posv,cdouble,sm_89,L,160,1,512,cta|blocked
posv,cdouble,sm_89,L,160,1,2048,cta|blocked
posv,cdouble,sm_89,L,160,1,8192,cta|blocked
posv,cdouble,sm_89,L,160,1,32768,cta|blocked
posv,cdouble,sm_89,L,160,2,128,cta|blocked
posv,cdouble,sm_89,L,160,2,512,cta|blocked
posv,cdouble,sm_89,L,160,2,2048,cta|blocked
posv,cdouble,sm_89,L,160,2,8192,cta|blocked
posv,cdouble,sm_89,L,160,2,32768,cta|blocked
posv,cdouble,sm_89,L,160,4,128,cta|blocked
posv,cdouble,sm_89,L,160,4,512,cta|blocked
posv,cdouble,sm_89,L,160,4,2048,cta|blocked
posv,cdouble,sm_89,L,160,4,8192,cta|blocked
posv,cdouble,sm_89,L,160,4,32768,cta|blocked
posv,cdouble,sm_89,L,160,8,128,cta|blocked
posv,cdouble,sm_89,L,160,8,512,cta|blocked
posv,cdouble,sm_89,L,160,8,2048,cta|blocked
posv,cdouble,sm_89,L,160,8,8192,cta|blocked
posv,cdouble,sm_89,L,160,8,32768,cta|blocked
posv,cdouble,sm_89,L,160,16,128,cta|blocked
posv,cdouble,sm_89,L,160,16,512,cta|blocked
posv,cdouble,sm_89,L,160,16,2048,cta|blocked
posv,cdouble,sm_89,L,160,16,8192,cta|blocked
posv,cdouble,sm_89,L,160,16,32768,cta|blocked
posv,cdouble,sm_89,L,160,64,128,cta|blocked
posv,cdouble,sm_89,L,160,64,512,cta|blocked
posv,cdouble,sm_89,L,160,64,2048,cta|blocked
posv,cdouble,sm_89,L,160,64,8192,cta|blocked
posv,cdouble,sm_89,L,160,64,32768,cta|blocked
posv,cdouble,sm_89,L,192,1,128,cta|blocked
posv,cdouble,sm_89,L,192,1,512,cta|blocked
posv,cdouble,sm_89,L,192,1,2048,cta|blocked
posv,cdouble,sm_89,L,192,1,8192,cta|blocked
posv,cdouble,sm_89,L,192,1,32768,cta|blocked
posv,cdouble,sm_89,L,192,2,128,cta|blocked
posv,cdouble,sm_89,L,192,2,512,cta|blocked
posv,cdouble,sm_89,L,192,2,2048,cta|blocked
posv,cdouble,sm_89,L,192,2,8192,cta|blocked
posv,cdouble,sm_89,L,192,2,32768,cta|blocked
posv,cdouble,sm_89,L,192,4,128,cta|blocked
posv,cdouble,sm_89,L,192,4,512,cta|blocked
posv,cdouble,sm_89,L,192,4,2048,cta|blocked
posv,cdouble,sm_89,L,192,4,8192,cta|blocked
posv,cdouble,sm_89,L,192,4,32768,cta|blocked
posv,cdouble,sm_89,L,192,8,128,cta|blocked
posv,cdouble,sm_89,L,192,8,512,cta|blocked
posv,cdouble,sm_89,L,192,8,2048,cta|blocked
posv,cdouble,sm_89,L,192,8,8192,cta|blocked
posv,cdouble,sm_89,L,192,8,32768,cta|blocked
posv,cdouble,sm_89,L,192,16,128,cta|blocked
posv,cdouble,sm_89,L,192,16,512,cta|blocked
posv,cdouble,sm_89,L,192,16,2048,cta|blocked
posv,cdouble,sm_89,L,192,16,8192,cta|blocked
posv,cdouble,sm_89,L,192,16,32768,cta|blocked
posv,cdouble,sm_89,L,192,64,128,cta|blocked
posv,cdouble,sm_89,L,192,64,512,cta|blocked
posv,cdouble,sm_89,L,192,64,2048,cta|blocked
posv,cdouble,sm_89,L,192,64,8192,cta|blocked
posv,cdouble,sm_89,L,192,64,32768,cta|blocked
posv,cdouble,sm_89,L,224,1,128,cta|blocked
posv,cdouble,sm_89,L,224,1,512,cta|blocked
posv,cdouble,sm_89,L,224,1,2048,cta|blocked
posv,cdouble,sm_89,L,224,1,8192,cta|blocked
posv,cdouble,sm_89,L,224,1,32768,cta|blocked
posv,cdouble,sm_89,L,224,2,128,cta|blocked
posv,cdouble,sm_89,L,224,2,512,cta|blocked
posv,cdouble,sm_89,L,224,2,2048,cta|blocked
posv,cdouble,sm_89,L,224,2,8192,cta|blocked
posv,cdouble,sm_89,L,224,2,32768,cta|blocked
posv,cdouble,sm_89,L,224,4,128,cta|blocked
posv,cdouble,sm_89,L,224,4,512,cta|blocked
posv,cdouble,sm_89,L,224,4,2048,cta|blocked
posv,cdouble,sm_89,L,224,4,8192,cta|blocked
posv,cdouble,sm_89,L,224,4,32768,cta|blocked
posv,cdouble,sm_89,L,224,8,128,cta|blocked
posv,cdouble,sm_89,L,224,8,512,cta|blocked
posv,cdouble,sm_89,L,224,8,2048,cta|blocked
posv,cdouble,sm_89,L,224,8,8192,cta|blocked
posv,cdouble,sm_89,L,224,8,32768,cta|blocked
posv,cdouble,sm_89,L,224,16,128,cta|blocked
posv,cdouble,sm_89,L,224,16,512,cta|blocked
posv,cdouble,sm_89,L,224,16,2048,cta|blocked
posv,cdouble,sm_89,L,224,16,8192,cta|blocked
posv,cdouble,sm_89,L,224,16,32768,cta|blocked
posv,cdouble,sm_89,L,224,64,128,cta|blocked
posv,cdouble,sm_89,L,224,64,512,cta|blocked
posv,cdouble,sm_89,L,224,64,2048,cta|blocked
posv,cdouble,sm_89,L,224,64,8192,cta|blocked
posv,cdouble,sm_89,L,224,64,32768,cta|blocked
posv,cdouble,sm_89,L,256,1,128,cta|blocked
posv,cdouble,sm_89,L,256,1,512,cta|blocked
posv,cdouble,sm_89,L,256,1,2048,cta|blocked
posv,cdouble,sm_89,L,256,1,8192,cta|blocked
posv,cdouble,sm_89,L,256,1,32768,cta|blocked
posv,cdouble,sm_89,L,256,2,128,cta|blocked
posv,cdouble,sm_89,L,256,2,512,cta|blocked
posv,cdouble,sm_89,L,256,2,2048,cta|blocked
posv,cdouble,sm_89,L,256,2,8192,cta|blocked
posv,cdouble,sm_89,L,256,2,32768,cta|blocked
posv,cdouble,sm_89,L,256,4,128,cta|blocked
posv,cdouble,sm_89,L,256,4,512,cta|blocked
posv,cdouble,sm_89,L,256,4,2048,cta|blocked
posv,cdouble,sm_89,L,256,4,8192,cta|blocked
posv,cdouble,sm_89,L,256,4,32768,cta|blocked
posv,cdouble,sm_89,L,256,8,128,cta|blocked
posv,cdouble,sm_89,L,256,8,512,cta|blocked
posv,cdouble,sm_89,L,256,8,2048,cta|blocked
posv,cdouble,sm_89,L,256,8,8192,cta|blocked
posv,cdouble,sm_89,L,256,8,32768,cta|blocked
posv,cdouble,sm_89,L,256,16,128,cta|blocked
posv,cdouble,sm_89,L,256,16,512,cta|blocked
posv,cdouble,sm_89,L,256,16,2048,cta|blocked
posv,cdouble,sm_89,L,256,16,8192,cta|blocked
posv,cdouble,sm_89,L,256,16,32768,cta|blocked
posv,cdouble,sm_89,L,256,64,128,cta|blocked
posv,cdouble,sm_89,L,256,64,512,cta|blocked
posv,cdouble,sm_89,L,256,64,2048,cta|blocked
posv,cdouble,sm_89,L,256,64,8192,cta|blocked
posv,cdouble,sm_89,L,256,64,32768,cta|blocked
posv,cdouble,sm_89,L,288,1,128,cta|blocked
posv,cdouble,sm_89,L,288,1,512,cta|blocked
posv,cdouble,sm_89,L,288,1,2048,cta|blocked
posv,cdouble,sm_89,L,288,1,8192,cta|blocked
posv,cdouble,sm_89,L,288,1,32768,cta|blocked
posv,cdouble,sm_89,L,288,2,128,cta|blocked
posv,cdouble,sm_89,L,288,2,512,cta|blocked
posv,cdouble,sm_89,L,288,2,2048,cta|blocked
posv,cdouble,sm_89,L,288,2,8192,cta|blocked
posv,cdouble,sm_89,L,288,2,32768,cta|blocked
posv,cdouble,sm_89,L,288,4,128,cta|blocked
posv,cdouble,sm_89,L,288,4,512,cta|blocked
posv,cdouble,sm_89,L,288,4,2048,cta|blocked
posv,cdouble,sm_89,L,288,4,8192,cta|blocked
posv,cdouble,sm_89,L,288,4,32768,cta|blocked
posv,cdouble,sm_89,L,288,8,128,cta|blocked
posv,cdouble,sm_89,L,288,8,512,cta|blocked
posv,cdouble,sm_89,L,288,8,2048,cta|blocked
posv,cdouble,sm_89,L,288,8,8192,cta|blocked
posv,cdouble,sm_89,L,288,8,32768,cta|blocked
posv,cdouble,sm_89,L,288,16,128,cta|blocked
posv,cdouble,sm_89,L,288,16,512,cta|blocked
posv,cdouble,sm_89,L,288,16,2048,cta|blocked
posv,cdouble,sm_89,L,288,16,8192,cta|blocked
posv,cdouble,sm_89,L,288,16,32768,cta|blocked
posv,cdouble,sm_89,L,288,64,128,cta|blocked
posv,cdouble,sm_89,L,288,64,512,cta|blocked
posv,cdouble,sm_89,L,288,64,2048,cta|blocked
posv,cdouble,sm_89,L,288,64,8192,cta|blocked
posv,cdouble,sm_89,L,288,64,32768,cta|blocked
posv,cdouble,sm_89,L,320,1,128,cta|blocked
posv,cdouble,sm_89,L,320,1,512,cta|blocked
posv,cdouble,sm_89,L,320,1,2048,cta|blocked
posv,cdouble,sm_89,L,320,1,8192,cta|blocked
posv,cdouble,sm_89,L,320,1,32768,cta|blocked
posv,cdouble,sm_89,L,320,2,128,cta|blocked
posv,cdouble,sm_89,L,320,2,512,cta|blocked
posv,cdouble,sm_89,L,320,2,2048,cta|blocked
posv,cdouble,sm_89,L,320,2,8192,cta|blocked
posv,cdouble,sm_89,L,320,2,32768,cta|blocked
posv,cdouble,sm_89,L,320,4,128,cta|blocked
posv,cdouble,sm_89,L,320,4,512,cta|blocked
posv,cdouble,sm_89,L,320,4,2048,cta|blocked
posv,cdouble,sm_89,L,320,4,8192,cta|blocked
posv,cdouble,sm_89,L,320,4,32768,cta|blocked
posv,cdouble,sm_89,L,320,8,128,cta|blocked
posv,cdouble,sm_89,L,320,8,512,cta|blocked
posv,cdouble,sm_89,L,320,8,2048,cta|blocked
posv,cdouble,sm_89,L,320,8,8192,cta|blocked
posv,cdouble,sm_89,L,320,8,32768,cta|blocked
posv,cdouble,sm_89,L,320,16,128,cta|blocked
posv,cdouble,sm_89,L,320,16,512,cta|blocked
posv,cdouble,sm_89,L,320,16,2048,cta|blocked
posv,cdouble,sm_89,L,320,16,8192,cta|blocked
posv,cdouble,sm_89,L,320,16,32768,cta|blocked
posv,cdouble,sm_89,L,320,64,128,cta|blocked
posv,cdouble,sm_89,L,320,64,512,cta|blocked
posv,cdouble,sm_89,L,320,64,2048,cta|blocked
posv,cdouble,sm_89,L,320,64,8192,cta|blocked
posv,cdouble,sm_89,L,320,64,32768,cta|blocked
posv,cdouble,sm_89,L,384,1,128,cta|blocked
posv,cdouble,sm_89,L,384,1,512,cta|blocked
posv,cdouble,sm_89,L,384,1,2048,cta|blocked
posv,cdouble,sm_89,L,384,1,8192,cta|blocked
posv,cdouble,sm_89,L,384,1,32768,cta|blocked
posv,cdouble,sm_89,L,384,2,128,cta|blocked
posv,cdouble,sm_89,L,384,2,512,cta|blocked
posv,cdouble,sm_89,L,384,2,2048,cta|blocked
posv,cdouble,sm_89,L,384,2,8192,cta|blocked
posv,cdouble,sm_89,L,384,2,32768,cta|blocked
posv,cdouble,sm_89,L,384,4,128,cta|blocked
posv,cdouble,sm_89,L,384,4,512,cta|blocked
posv,cdouble,sm_89,L,384,4,2048,cta|blocked
posv,cdouble,sm_89,L,384,4,8192,cta|blocked
posv,cdouble,sm_89,L,384,4,32768,cta|blocked
posv,cdouble,sm_89,L,384,8,128,cta|blocked
posv,cdouble,sm_89,L,384,8,512,cta|blocked
posv,cdouble,sm_89,L,384,8,2048,cta|blocked
posv,cdouble,sm_89,L,384,8,8192,cta|blocked
posv,cdouble,sm_89,L,384,8,32768,cta|blocked
posv,cdouble,sm_89,L,384,16,128,cta|blocked
posv,cdouble,sm_89,L,384,16,512,cta|blocked
posv,cdouble,sm_89,L,384,16,2048,cta|blocked
posv,cdouble,sm_89,L,384,16,8192,cta|blocked
posv,cdouble,sm_89,L,384,16,32768,cta|blocked
posv,cdouble,sm_89,L,384,64,128,cta|blocked
posv,cdouble,sm_89,L,384,64,512,cta|blocked
posv,cdouble,sm_89,L,384,64,2048,cta|blocked
posv,cdouble,sm_89,L,384,64,8192,cta|blocked
posv,cdouble,sm_89,L,384,64,32768,cta|blocked
posv,cdouble,sm_89,L,448,1,128,cta|blocked
posv,cdouble,sm_89,L,448,1,512,cta|blocked
posv,cdouble,sm_89,L,448,1,2048,cta|blocked
posv,cdouble,sm_89,L,448,1,8192,cta|blocked
posv,cdouble,sm_89,L,448,1,32768,cta|blocked
posv,cdouble,sm_89,L,448,2,128,cta|blocked
posv,cdouble,sm_89,L,448,2,512,cta|blocked
posv,cdouble,sm_89,L,448,2,2048,cta|blocked
posv,cdouble,sm_89,L,448,2,8192,cta|blocked
posv,cdouble,sm_89,L,448,2,32768,cta|blocked
posv,cdouble,sm_89,L,448,4,128,cta|blocked
posv,cdouble,sm_89,L,448,4,512,cta|blocked
posv,cdouble,sm_89,L,448,4,2048,cta|blocked
posv,cdouble,sm_89,L,448,4,8192,cta|blocked
posv,cdouble,sm_89,L,448,4,32768,cta|blocked
posv,cdouble,sm_89,L,448,8,128,cta|blocked
posv,cdouble,sm_89,L,448,8,512,cta|blocked
posv,cdouble,sm_89,L,448,8,2048,cta|blocked
posv,cdouble,sm_89,L,448,8,8192,cta|blocked
posv,cdouble,sm_89,L,448,8,32768,cta|blocked
posv,cdouble,sm_89,L,448,16,128,cta|blocked
posv,cdouble,sm_89,L,448,16,512,cta|blocked
posv,cdouble,sm_89,L,448,16,2048,cta|blocked
posv,cdouble,sm_89,L,448,16,8192,cta|blocked
posv,cdouble,sm_89,L,448,16,32768,cta|blocked
posv,cdouble,sm_89,L,448,64,128,cta|blocked
posv,cdouble,sm_89,L,448,64,512,cta|blocked
posv,cdouble,sm_89,L,448,64,2048,cta|blocked
posv,cdouble,sm_89,L,448,64,8192,cta|blocked
posv,cdouble,sm_89,L,448,64,32768,cta|blocked
posv,cdouble,sm_89,L,512,1,128,cta|blocked
posv,cdouble,sm_89,L,512,1,512,cta|blocked
posv,cdouble,sm_89,L,512,1,2048,cta|blocked
posv,cdouble,sm_89,L,512,1,8192,cta|blocked
posv,cdouble,sm_89,L,512,1,32768,cta|blocked
posv,cdouble,sm_89,L,512,2,128,cta|blocked
posv,cdouble,sm_89,L,512,2,512,cta|blocked
posv,cdouble,sm_89,L,512,2,2048,cta|blocked
posv,cdouble,sm_89,L,512,2,8192,cta|blocked
posv,cdouble,sm_89,L,512,2,32768,cta|blocked
posv,cdouble,sm_89,L,512,4,128,cta|blocked
posv,cdouble,sm_89,L,512,4,512,cta|blocked
posv,cdouble,sm_89,L,512,4,2048,cta|blocked
posv,cdouble,sm_89,L,512,4,8192,cta|blocked
posv,cdouble,sm_89,L,512,4,32768,cta|blocked
posv,cdouble,sm_89,L,512,8,128,cta|blocked
posv,cdouble,sm_89,L,512,8,512,cta|blocked
posv,cdouble,sm_89,L,512,8,2048,cta|blocked
posv,cdouble,sm_89,L,512,8,8192,cta|blocked
posv,cdouble,sm_89,L,512,8,32768,cta|blocked
posv,cdouble,sm_89,L,512,16,128,cta|blocked
posv,cdouble,sm_89,L,512,16,512,cta|blocked
posv,cdouble,sm_89,L,512,16,2048,cta|blocked
posv,cdouble,sm_89,L,512,16,8192,cta|blocked
posv,cdouble,sm_89,L,512,16,32768,cta|blocked
posv,cdouble,sm_89,L,512,64,128,cta|blocked
posv,cdouble,sm_89,L,512,64,512,cta|blocked
posv,cdouble,sm_89,L,512,64,2048,cta|blocked
posv,cdouble,sm_89,L,512,64,8192,cta|blocked
posv,cdouble,sm_89,L,512,64,32768,cta|blocked
posv,cdouble,sm_89,L,640,1,128,cta|blocked
posv,cdouble,sm_89,L,640,1,512,cta|blocked
posv,cdouble,sm_89,L,640,1,2048,cta|blocked
posv,cdouble,sm_89,L,640,1,8192,cta|blocked
posv,cdouble,sm_89,L,640,1,32768,cta|blocked
posv,cdouble,sm_89,L,640,2,128,cta|blocked
posv,cdouble,sm_89,L,640,2,512,cta|blocked
posv,cdouble,sm_89,L,640,2,2048,cta|blocked
posv,cdouble,sm_89,L,640,2,8192,cta|blocked
posv,cdouble,sm_89,L,640,2,32768,cta|blocked
posv,cdouble,sm_89,L,640,4,128,cta|blocked
posv,cdouble,sm_89,L,640,4,512,cta|blocked
posv,cdouble,sm_89,L,640,4,2048,cta|blocked
posv,cdouble,sm_89,L,640,4,8192,cta|blocked
posv,cdouble,sm_89,L,640,4,32768,cta|blocked
posv,cdouble,sm_89,L,640,8,128,cta|blocked
posv,cdouble,sm_89,L,640,8,512,cta|blocked
posv,cdouble,sm_89,L,640,8,2048,cta|blocked
posv,cdouble,sm_89,L,640,8,8192,cta|blocked
posv,cdouble,sm_89,L,640,8,32768,cta|blocked
posv,cdouble,sm_89,L,640,16,128,cta|blocked
posv,cdouble,sm_89,L,640,16,512,cta|blocked
posv,cdouble,sm_89,L,640,16,2048,cta|blocked
posv,cdouble,sm_89,L,640,16,8192,cta|blocked
posv,cdouble,sm_89,L,640,16,32768,cta|blocked
posv,cdouble,sm_89,L,640,64,128,cta|blocked
posv,cdouble,sm_89,L,640,64,512,cta|blocked
posv,cdouble,sm_89,L,640,64,2048,cta|blocked
posv,cdouble,sm_89,L,640,64,8192,cta|blocked
posv,cdouble,sm_89,L,640,64,32768,cta|blocked
posv,cdouble,sm_89,L,768,1,128,cta|blocked
posv,cdouble,sm_89,L,768,1,512,cta|blocked
posv,cdouble,sm_89,L,768,1,2048,cta|blocked
posv,cdouble,sm_89,L,768,1,8192,cta|blocked
posv,cdouble,sm_89,L,768,1,32768,cta|blocked
posv,cdouble,sm_89,L,768,2,128,cta|blocked
posv,cdouble,sm_89,L,768,2,512,cta|blocked
posv,cdouble,sm_89,L,768,2,2048,cta|blocked
posv,cdouble,sm_89,L,768,2,8192,cta|blocked
posv,cdouble,sm_89,L,768,2,32768,cta|blocked
posv,cdouble,sm_89,L,768,4,128,cta|blocked
posv,cdouble,sm_89,L,768,4,512,cta|blocked
posv,cdouble,sm_89,L,768,4,2048,cta|blocked
posv,cdouble,sm_89,L,768,4,8192,cta|blocked
posv,cdouble,sm_89,L,768,4,32768,cta|blocked
posv,cdouble,sm_89,L,768,8,128,cta|blocked
posv,cdouble,sm_89,L,768,8,512,cta|blocked
posv,cdouble,sm_89,L,768,8,2048,cta|blocked
posv,cdouble,sm_89,L,768,8,8192,cta|blocked
posv,cdouble,sm_89,L,768,8,32768,cta|blocked
posv,cdouble,sm_89,L,768,16,128,cta|blocked
posv,cdouble,sm_89,L,768,16,512,cta|blocked
posv,cdouble,sm_89,L,768,16,2048,cta|blocked
posv,cdouble,sm_89,L,768,16,8192,cta|blocked
posv,cdouble,sm_89,L,768,16,32768,cta|blocked
posv,cdouble,sm_89,L,768,64,128,cta|blocked
posv,cdouble,sm_89,L,768,64,512,cta|blocked
posv,cdouble,sm_89,L,768,64,2048,cta|blocked
posv,cdouble,sm_89,L,768,64,8192,cta|blocked
posv,cdouble,sm_89,L,768,64,32768,cta|blocked
posv,cdouble,sm_89,L,1024,1,128,cta|blocked
posv,cdouble,sm_89,L,1024,1,512,cta|blocked
posv,cdouble,sm_89,L,1024,1,2048,cta|blocked
posv,cdouble,sm_89,L,1024,1,8192,cta|blocked
posv,cdouble,sm_89,L,1024,1,32768,cta|blocked
posv,cdouble,sm_89,L,1024,2,128,cta|blocked
posv,cdouble,sm_89,L,1024,2,512,cta|blocked
posv,cdouble,sm_89,L,1024,2,2048,cta|blocked
posv,cdouble,sm_89,L,1024,2,8192,cta|blocked
posv,cdouble,sm_89,L,1024,2,32768,cta|blocked
posv,cdouble,sm_89,L,1024,4,128,cta|blocked
posv,cdouble,sm_89,L,1024,4,512,cta|blocked
posv,cdouble,sm_89,L,1024,4,2048,cta|blocked
posv,cdouble,sm_89,L,1024,4,8192,cta|blocked
posv,cdouble,sm_89,L,1024,4,32768,cta|blocked
posv,cdouble,sm_89,L,1024,8,128,cta|blocked
posv,cdouble,sm_89,L,1024,8,512,cta|blocked
posv,cdouble,sm_89,L,1024,8,2048,cta|blocked
posv,cdouble,sm_89,L,1024,8,8192,cta|blocked
posv,cdouble,sm_89,L,1024,8,32768,cta|blocked
posv,cdouble,sm_89,L,1024,16,128,cta|blocked
posv,cdouble,sm_89,L,1024,16,512,cta|blocked
posv,cdouble,sm_89,L,1024,16,2048,cta|blocked
posv,cdouble,sm_89,L,1024,16,8192,cta|blocked
posv,cdouble,sm_89,L,1024,16,32768,cta|blocked
posv,cdouble,sm_89,L,1024,64,128,cta|blocked
posv,cdouble,sm_89,L,1024,64,512,cta|blocked
posv,cdouble,sm_89,L,1024,64,2048,cta|blocked
posv,cdouble,sm_89,L,1024,64,8192,cta|blocked
posv,cdouble,sm_89,L,1024,64,32768,cta|blocked
posv,cdouble,sm_89,U,1,1,128,tiny|cta|blocked
posv,cdouble,sm_89,U,1,1,512,tiny|cta|blocked
posv,cdouble,sm_89,U,1,1,2048,tiny|cta|blocked
posv,cdouble,sm_89,U,1,1,8192,tiny|cta|blocked
posv,cdouble,sm_89,U,1,1,32768,tiny|cta|blocked
posv,cdouble,sm_89,U,1,2,128,tiny|cta|blocked
posv,cdouble,sm_89,U,1,2,512,tiny|cta|blocked
posv,cdouble,sm_89,U,1,2,2048,tiny|cta|blocked
posv,cdouble,sm_89,U,1,2,8192,tiny|cta|blocked
posv,cdouble,sm_89,U,1,2,32768,tiny|cta|blocked
posv,cdouble,sm_89,U,1,4,128,tiny|cta|blocked
posv,cdouble,sm_89,U,1,4,512,tiny|cta|blocked
posv,cdouble,sm_89,U,1,4,2048,tiny|cta|blocked
posv,cdouble,sm_89,U,1,4,8192,tiny|cta|blocked
posv,cdouble,sm_89,U,1,4,32768,tiny|cta|blocked
posv,cdouble,sm_89,U,1,8,128,tiny|cta|blocked
posv,cdouble,sm_89,U,1,8,512,tiny|cta|blocked
posv,cdouble,sm_89,U,1,8,2048,tiny|cta|blocked
posv,cdouble,sm_89,U,1,8,8192,tiny|cta|blocked
posv,cdouble,sm_89,U,1,8,32768,tiny|cta|blocked
posv,cdouble,sm_89,U,1,16,128,tiny|cta|blocked
posv,cdouble,sm_89,U,1,16,512,tiny|cta|blocked
posv,cdouble,sm_89,U,1,16,2048,tiny|cta|blocked
posv,cdouble,sm_89,U,1,16,8192,tiny|cta|blocked
posv,cdouble,sm_89,U,1,16,32768,tiny|cta|blocked
posv,cdouble,sm_89,U,1,64,128,tiny|cta|blocked
posv,cdouble,sm_89,U,1,64,512,tiny|cta|blocked
posv,cdouble,sm_89,U,1,64,2048,tiny|cta|blocked
posv,cdouble,sm_89,U,1,64,8192,tiny|cta|blocked
posv,cdouble,sm_89,U,1,64,32768,tiny|cta|blocked
posv,cdouble,sm_89,U,2,1,128,tiny|cta|blocked
posv,cdouble,sm_89,U,2,1,512,tiny|cta|blocked
posv,cdouble,sm_89,U,2,1,2048,tiny|cta|blocked
posv,cdouble,sm_89,U,2,1,8192,tiny|cta|blocked
posv,cdouble,sm_89,U,2,1,32768,tiny|cta|blocked
posv,cdouble,sm_89,U,2,2,128,tiny|cta|blocked
posv,cdouble,sm_89,U,2,2,512,tiny|cta|blocked
posv,cdouble,sm_89,U,2,2,2048,tiny|cta|blocked
posv,cdouble,sm_89,U,2,2,8192,tiny|cta|blocked
posv,cdouble,sm_89,U,2,2,32768,tiny|cta|blocked
posv,cdouble,sm_89,U,2,4,128,tiny|cta|blocked
posv,cdouble,sm_89,U,2,4,512,tiny|cta|blocked
posv,cdouble,sm_89,U,2,4,2048,tiny|cta|blocked
posv,cdouble,sm_89,U,2,4,8192,tiny|cta|blocked
posv,cdouble,sm_89,U,2,4,32768,tiny|cta|blocked
posv,cdouble,sm_89,U,2,8,128,tiny|cta|blocked
posv,cdouble,sm_89,U,2,8,512,tiny|cta|blocked
posv,cdouble,sm_89,U,2,8,2048,tiny|cta|blocked
posv,cdouble,sm_89,U,2,8,8192,tiny|cta|blocked
posv,cdouble,sm_89,U,2,8,32768,tiny|cta|blocked
posv,cdouble,sm_89,U,2,16,128,tiny|cta|blocked
posv,cdouble,sm_89,U,2,16,512,tiny|cta|blocked
posv,cdouble,sm_89,U,2,16,2048,tiny|cta|blocked
posv,cdouble,sm_89,U,2,16,8192,tiny|cta|blocked
posv,cdouble,sm_89,U,2,16,32768,tiny|cta|blocked
posv,cdouble,sm_89,U,2,64,128,tiny|cta|blocked
posv,cdouble,sm_89,U,2,64,512,tiny|cta|blocked
posv,cdouble,sm_89,U,2,64,2048,tiny|cta|blocked
posv,cdouble,sm_89,U,2,64,8192,tiny|cta|blocked
posv,cdouble,sm_89,U,2,64,32768,tiny|cta|blocked
posv,cdouble,sm_89,U,3,1,128,tiny|cta|blocked
posv,cdouble,sm_89,U,3,1,512,tiny|cta|blocked
posv,cdouble,sm_89,U,3,1,2048,tiny|cta|blocked
posv,cdouble,sm_89,U,3,1,8192,tiny|cta|blocked
posv,cdouble,sm_89,U,3,1,32768,tiny|cta|blocked
posv,cdouble,sm_89,U,3,2,128,tiny|cta|blocked
posv,cdouble,sm_89,U,3,2,512,tiny|cta|blocked
posv,cdouble,sm_89,U,3,2,2048,tiny|cta|blocked
posv,cdouble,sm_89,U,3,2,8192,tiny|cta|blocked
posv,cdouble,sm_89,U,3,2,32768,tiny|cta|blocked
posv,cdouble,sm_89,U,3,4,128,tiny|cta|blocked
posv,cdouble,sm_89,U,3,4,512,tiny|cta|blocked
posv,cdouble,sm_89,U,3,4,2048,tiny|cta|blocked
posv,cdouble,sm_89,U,3,4,8192,tiny|cta|blocked
posv,cdouble,sm_89,U,3,4,32768,tiny|cta|blocked
posv,cdouble,sm_89,U,3,8,128,tiny|cta|blocked
posv,cdouble,sm_89,U,3,8,512,tiny|cta|blocked
posv,cdouble,sm_89,U,3,8,2048,tiny|cta|blocked
posv,cdouble,sm_89,U,3,8,8192,tiny|cta|blocked
posv,cdouble,sm_89,U,3,8,32768,tiny|cta|blocked
posv,cdouble,sm_89,U,3,16,128,tiny|cta|blocked
posv,cdouble,sm_89,U,3,16,512,tiny|cta|blocked
posv,cdouble,sm_89,U,3,16,2048,tiny|cta|blocked
posv,cdouble,sm_89,U,3,16,8192,tiny|cta|blocked
posv,cdouble,sm_89,U,3,16,32768,tiny|cta|blocked
posv,cdouble,sm_89,U,3,64,128,tiny|cta|blocked
posv,cdouble,sm_89,U,3,64,512,tiny|cta|blocked
posv,cdouble,sm_89,U,3,64,2048,tiny|cta|blocked
posv,cdouble,sm_89,U,3,64,8192,tiny|cta|blocked
posv,cdouble,sm_89,U,3,64,32768,tiny|cta|blocked
posv,cdouble,sm_89,U,4,1,128,tiny|cta|blocked
posv,cdouble,sm_89,U,4,1,512,tiny|cta|blocked
posv,cdouble,sm_89,U,4,1,2048,tiny|cta|blocked
posv,cdouble,sm_89,U,4,1,8192,tiny|cta|blocked
posv,cdouble,sm_89,U,4,1,32768,tiny|cta|blocked
posv,cdouble,sm_89,U,4,2,128,tiny|cta|blocked
posv,cdouble,sm_89,U,4,2,512,tiny|cta|blocked
posv,cdouble,sm_89,U,4,2,2048,tiny|cta|blocked
posv,cdouble,sm_89,U,4,2,8192,tiny|cta|blocked
posv,cdouble,sm_89,U,4,2,32768,tiny|cta|blocked
posv,cdouble,sm_89,U,4,4,128,tiny|cta|blocked
posv,cdouble,sm_89,U,4,4,512,tiny|cta|blocked
posv,cdouble,sm_89,U,4,4,2048,tiny|cta|blocked
posv,cdouble,sm_89,U,4,4,8192,tiny|cta|blocked
posv,cdouble,sm_89,U,4,4,32768,tiny|cta|blocked
posv,cdouble,sm_89,U,4,8,128,tiny|cta|blocked
posv,cdouble,sm_89,U,4,8,512,tiny|cta|blocked
posv,cdouble,sm_89,U,4,8,2048,tiny|cta|blocked
posv,cdouble,sm_89,U,4,8,8192,tiny|cta|blocked
posv,cdouble,sm_89,U,4,8,32768,tiny|cta|blocked
posv,cdouble,sm_89,U,4,16,128,tiny|cta|blocked
posv,cdouble,sm_89,U,4,16,512,tiny|cta|blocked
posv,cdouble,sm_89,U,4,16,2048,tiny|cta|blocked
posv,cdouble,sm_89,U,4,16,8192,tiny|cta|blocked
posv,cdouble,sm_89,U,4,16,32768,tiny|cta|blocked
posv,cdouble,sm_89,U,4,64,128,tiny|cta|blocked
posv,cdouble,sm_89,U,4,64,512,tiny|cta|blocked
posv,cdouble,sm_89,U,4,64,2048,tiny|cta|blocked
posv,cdouble,sm_89,U,4,64,8192,tiny|cta|blocked
posv,cdouble,sm_89,U,4,64,32768,tiny|cta|blocked
posv,cdouble,sm_89,U,6,1,128,tiny|cta|blocked
posv,cdouble,sm_89,U,6,1,512,tiny|cta|blocked
posv,cdouble,sm_89,U,6,1,2048,tiny|cta|blocked
posv,cdouble,sm_89,U,6,1,8192,tiny|cta|blocked
posv,cdouble,sm_89,U,6,1,32768,tiny|cta|blocked
posv,cdouble,sm_89,U,6,2,128,tiny|cta|blocked
posv,cdouble,sm_89,U,6,2,512,tiny|cta|blocked
posv,cdouble,sm_89,U,6,2,2048,tiny|cta|blocked
posv,cdouble,sm_89,U,6,2,8192,tiny|cta|blocked
posv,cdouble,sm_89,U,6,2,32768,tiny|cta|blocked
posv,cdouble,sm_89,U,6,4,128,tiny|cta|blocked
posv,cdouble,sm_89,U,6,4,512,tiny|cta|blocked
posv,cdouble,sm_89,U,6,4,2048,tiny|cta|blocked
posv,cdouble,sm_89,U,6,4,8192,tiny|cta|blocked
posv,cdouble,sm_89,U,6,4,32768,tiny|cta|blocked
posv,cdouble,sm_89,U,6,8,128,tiny|cta|blocked
posv,cdouble,sm_89,U,6,8,512,tiny|cta|blocked
posv,cdouble,sm_89,U,6,8,2048,tiny|cta|blocked
posv,cdouble,sm_89,U,6,8,8192,tiny|cta|blocked
posv,cdouble,sm_89,U,6,8,32768,tiny|cta|blocked
posv,cdouble,sm_89,U,6,16,128,tiny|cta|blocked
posv,cdouble,sm_89,U,6,16,512,tiny|cta|blocked
posv,cdouble,sm_89,U,6,16,2048,tiny|cta|blocked
posv,cdouble,sm_89,U,6,16,8192,tiny|cta|blocked
posv,cdouble,sm_89,U,6,16,32768,tiny|cta|blocked
posv,cdouble,sm_89,U,6,64,128,tiny|cta|blocked
posv,cdouble,sm_89,U,6,64,512,tiny|cta|blocked
posv,cdouble,sm_89,U,6,64,2048,tiny|cta|blocked
posv,cdouble,sm_89,U,6,64,8192,tiny|cta|blocked
posv,cdouble,sm_89,U,6,64,32768,tiny|cta|blocked
posv,cdouble,sm_89,U,8,1,128,tiny|cta|blocked
posv,cdouble,sm_89,U,8,1,512,tiny|cta|blocked
posv,cdouble,sm_89,U,8,1,2048,tiny|cta|blocked
posv,cdouble,sm_89,U,8,1,8192,tiny|cta|blocked
posv,cdouble,sm_89,U,8,1,32768,tiny|cta|blocked
posv,cdouble,sm_89,U,8,2,128,tiny|cta|blocked
posv,cdouble,sm_89,U,8,2,512,tiny|cta|blocked
posv,cdouble,sm_89,U,8,2,2048,tiny|cta|blocked
posv,cdouble,sm_89,U,8,2,8192,tiny|cta|blocked
posv,cdouble,sm_89,U,8,2,32768,tiny|cta|blocked
posv,cdouble,sm_89,U,8,4,128,tiny|cta|blocked
posv,cdouble,sm_89,U,8,4,512,tiny|cta|blocked
posv,cdouble,sm_89,U,8,4,2048,tiny|cta|blocked
posv,cdouble,sm_89,U,8,4,8192,tiny|cta|blocked
posv,cdouble,sm_89,U,8,4,32768,tiny|cta|blocked
posv,cdouble,sm_89,U,8,8,128,tiny|cta|blocked
posv,cdouble,sm_89,U,8,8,512,tiny|cta|blocked
posv,cdouble,sm_89,U,8,8,2048,tiny|cta|blocked
posv,cdouble,sm_89,U,8,8,8192,tiny|cta|blocked
posv,cdouble,sm_89,U,8,8,32768,tiny|cta|blocked
posv,cdouble,sm_89,U,8,16,128,tiny|cta|blocked
posv,cdouble,sm_89,U,8,16,512,tiny|cta|blocked
posv,cdouble,sm_89,U,8,16,2048,tiny|cta|blocked
posv,cdouble,sm_89,U,8,16,8192,tiny|cta|blocked
posv,cdouble,sm_89,U,8,16,32768,tiny|cta|blocked
posv,cdouble,sm_89,U,8,64,128,tiny|cta|blocked
posv,cdouble,sm_89,U,8,64,512,tiny|cta|blocked
posv,cdouble,sm_89,U,8,64,2048,tiny|cta|blocked
posv,cdouble,sm_89,U,8,64,8192,tiny|cta|blocked
posv,cdouble,sm_89,U,8,64,32768,tiny|cta|blocked
posv,cdouble,sm_89,U,12,1,128,tiny|cta|blocked
posv,cdouble,sm_89,U,12,1,512,tiny|cta|blocked
posv,cdouble,sm_89,U,12,1,2048,tiny|cta|blocked
posv,cdouble,sm_89,U,12,1,8192,tiny|cta|blocked
posv,cdouble,sm_89,U,12,1,32768,tiny|cta|blocked
posv,cdouble,sm_89,U,12,2,128,tiny|cta|blocked
posv,cdouble,sm_89,U,12,2,512,tiny|cta|blocked
posv,cdouble,sm_89,U,12,2,2048,tiny|cta|blocked
posv,cdouble,sm_89,U,12,2,8192,tiny|cta|blocked
posv,cdouble,sm_89,U,12,2,32768,tiny|cta|blocked
posv,cdouble,sm_89,U,12,4,128,tiny|cta|blocked
posv,cdouble,sm_89,U,12,4,512,tiny|cta|blocked
posv,cdouble,sm_89,U,12,4,2048,tiny|cta|blocked
posv,cdouble,sm_89,U,12,4,8192,tiny|cta|blocked
posv,cdouble,sm_89,U,12,4,32768,tiny|cta|blocked
posv,cdouble,sm_89,U,12,8,128,tiny|cta|blocked
posv,cdouble,sm_89,U,12,8,512,tiny|cta|blocked
posv,cdouble,sm_89,U,12,8,2048,tiny|cta|blocked
posv,cdouble,sm_89,U,12,8,8192,tiny|cta|blocked
posv,cdouble,sm_89,U,12,8,32768,tiny|cta|blocked
posv,cdouble,sm_89,U,12,16,128,tiny|cta|blocked
posv,cdouble,sm_89,U,12,16,512,tiny|cta|blocked
posv,cdouble,sm_89,U,12,16,2048,tiny|cta|blocked
posv,cdouble,sm_89,U,12,16,8192,tiny|cta|blocked
posv,cdouble,sm_89,U,12,16,32768,tiny|cta|blocked
posv,cdouble,sm_89,U,12,64,128,tiny|cta|blocked
posv,cdouble,sm_89,U,12,64,512,tiny|cta|blocked
posv,cdouble,sm_89,U,12,64,2048,tiny|cta|blocked
posv,cdouble,sm_89,U,12,64,8192,tiny|cta|blocked
posv,cdouble,sm_89,U,12,64,32768,tiny|cta|blocked
posv,cdouble,sm_89,U,16,1,128,tiny|cta|blocked
posv,cdouble,sm_89,U,16,1,512,tiny|cta|blocked
posv,cdouble,sm_89,U,16,1,2048,tiny|cta|blocked
posv,cdouble,sm_89,U,16,1,8192,tiny|cta|blocked
posv,cdouble,sm_89,U,16,1,32768,tiny|cta|blocked
posv,cdouble,sm_89,U,16,2,128,tiny|cta|blocked
posv,cdouble,sm_89,U,16,2,512,tiny|cta|blocked
posv,cdouble,sm_89,U,16,2,2048,tiny|cta|blocked
posv,cdouble,sm_89,U,16,2,8192,tiny|cta|blocked
posv,cdouble,sm_89,U,16,2,32768,tiny|cta|blocked
posv,cdouble,sm_89,U,16,4,128,tiny|cta|blocked
posv,cdouble,sm_89,U,16,4,512,tiny|cta|blocked
posv,cdouble,sm_89,U,16,4,2048,tiny|cta|blocked
posv,cdouble,sm_89,U,16,4,8192,tiny|cta|blocked
posv,cdouble,sm_89,U,16,4,32768,tiny|cta|blocked
posv,cdouble,sm_89,U,16,8,128,tiny|cta|blocked
posv,cdouble,sm_89,U,16,8,512,tiny|cta|blocked
posv,cdouble,sm_89,U,16,8,2048,tiny|cta|blocked
posv,cdouble,sm_89,U,16,8,8192,tiny|cta|blocked
posv,cdouble,sm_89,U,16,8,32768,tiny|cta|blocked
posv,cdouble,sm_89,U,16,16,128,tiny|cta|blocked
posv,cdouble,sm_89,U,16,16,512,tiny|cta|blocked
posv,cdouble,sm_89,U,16,16,2048,tiny|cta|blocked
posv,cdouble,sm_89,U,16,16,8192,tiny|cta|blocked
posv,cdouble,sm_89,U,16,16,32768,tiny|cta|blocked
posv,cdouble,sm_89,U,16,64,128,tiny|cta|blocked
posv,cdouble,sm_89,U,16,64,512,tiny|cta|blocked
posv,cdouble,sm_89,U,16,64,2048,tiny|cta|blocked
posv,cdouble,sm_89,U,16,64,8192,tiny|cta|blocked
posv,cdouble,sm_89,U,16,64,32768,tiny|cta|blocked
posv,cdouble,sm_89,U,20,1,128,cta|blocked
posv,cdouble,sm_89,U,20,1,512,cta|blocked
posv,cdouble,sm_89,U,20,1,2048,cta|blocked
posv,cdouble,sm_89,U,20,1,8192,cta|blocked
posv,cdouble,sm_89,U,20,1,32768,cta|blocked
posv,cdouble,sm_89,U,20,2,128,cta|blocked
posv,cdouble,sm_89,U,20,2,512,cta|blocked
posv,cdouble,sm_89,U,20,2,2048,cta|blocked
posv,cdouble,sm_89,U,20,2,8192,cta|blocked
posv,cdouble,sm_89,U,20,2,32768,cta|blocked
posv,cdouble,sm_89,U,20,4,128,cta|blocked
posv,cdouble,sm_89,U,20,4,512,cta|blocked
posv,cdouble,sm_89,U,20,4,2048,cta|blocked
posv,cdouble,sm_89,U,20,4,8192,cta|blocked
posv,cdouble,sm_89,U,20,4,32768,cta|blocked
posv,cdouble,sm_89,U,20,8,128,cta|blocked
posv,cdouble,sm_89,U,20,8,512,cta|blocked
posv,cdouble,sm_89,U,20,8,2048,cta|blocked
posv,cdouble,sm_89,U,20,8,8192,cta|blocked
posv,cdouble,sm_89,U,20,8,32768,cta|blocked
posv,cdouble,sm_89,U,20,16,128,cta|blocked
posv,cdouble,sm_89,U,20,16,512,cta|blocked
posv,cdouble,sm_89,U,20,16,2048,cta|blocked
posv,cdouble,sm_89,U,20,16,8192,cta|blocked
posv,cdouble,sm_89,U,20,16,32768,cta|blocked
posv,cdouble,sm_89,U,20,64,128,cta|blocked
posv,cdouble,sm_89,U,20,64,512,cta|blocked
posv,cdouble,sm_89,U,20,64,2048,cta|blocked
posv,cdouble,sm_89,U,20,64,8192,cta|blocked
posv,cdouble,sm_89,U,20,64,32768,cta|blocked
posv,cdouble,sm_89,U,24,1,128,cta|blocked
posv,cdouble,sm_89,U,24,1,512,cta|blocked
posv,cdouble,sm_89,U,24,1,2048,cta|blocked
posv,cdouble,sm_89,U,24,1,8192,cta|blocked
posv,cdouble,sm_89,U,24,1,32768,cta|blocked
posv,cdouble,sm_89,U,24,2,128,cta|blocked
posv,cdouble,sm_89,U,24,2,512,cta|blocked
posv,cdouble,sm_89,U,24,2,2048,cta|blocked
posv,cdouble,sm_89,U,24,2,8192,cta|blocked
posv,cdouble,sm_89,U,24,2,32768,cta|blocked
posv,cdouble,sm_89,U,24,4,128,cta|blocked
posv,cdouble,sm_89,U,24,4,512,cta|blocked
posv,cdouble,sm_89,U,24,4,2048,cta|blocked
posv,cdouble,sm_89,U,24,4,8192,cta|blocked
posv,cdouble,sm_89,U,24,4,32768,cta|blocked
posv,cdouble,sm_89,U,24,8,128,cta|blocked
posv,cdouble,sm_89,U,24,8,512,cta|blocked
posv,cdouble,sm_89,U,24,8,2048,cta|blocked
posv,cdouble,sm_89,U,24,8,8192,cta|blocked
posv,cdouble,sm_89,U,24,8,32768,cta|blocked
posv,cdouble,sm_89,U,24,16,128,cta|blocked
posv,cdouble,sm_89,U,24,16,512,cta|blocked
posv,cdouble,sm_89,U,24,16,2048,cta|blocked
posv,cdouble,sm_89,U,24,16,8192,cta|blocked
posv,cdouble,sm_89,U,24,16,32768,cta|blocked
posv,cdouble,sm_89,U,24,64,128,cta|blocked
posv,cdouble,sm_89,U,24,64,512,cta|blocked
posv,cdouble,sm_89,U,24,64,2048,cta|blocked
posv,cdouble,sm_89,U,24,64,8192,cta|blocked
posv,cdouble,sm_89,U,24,64,32768,cta|blocked
posv,cdouble,sm_89,U,28,1,128,cta|blocked
posv,cdouble,sm_89,U,28,1,512,cta|blocked
posv,cdouble,sm_89,U,28,1,2048,cta|blocked
posv,cdouble,sm_89,U,28,1,8192,cta|blocked
posv,cdouble,sm_89,U,28,1,32768,cta|blocked
posv,cdouble,sm_89,U,28,2,128,cta|blocked
posv,cdouble,sm_89,U,28,2,512,cta|blocked
posv,cdouble,sm_89,U,28,2,2048,cta|blocked
posv,cdouble,sm_89,U,28,2,8192,cta|blocked
posv,cdouble,sm_89,U,28,2,32768,cta|blocked
posv,cdouble,sm_89,U,28,4,128,cta|blocked
posv,cdouble,sm_89,U,28,4,512,cta|blocked
posv,cdouble,sm_89,U,28,4,2048,cta|blocked
posv,cdouble,sm_89,U,28,4,8192,cta|blocked
posv,cdouble,sm_89,U,28,4,32768,cta|blocked
posv,cdouble,sm_89,U,28,8,128,cta|blocked
posv,cdouble,sm_89,U,28,8,512,cta|blocked
posv,cdouble,sm_89,U,28,8,2048,cta|blocked
posv,cdouble,sm_89,U,28,8,8192,cta|blocked
posv,cdouble,sm_89,U,28,8,32768,cta|blocked
posv,cdouble,sm_89,U,28,16,128,cta|blocked
posv,cdouble,sm_89,U,28,16,512,cta|blocked
posv,cdouble,sm_89,U,28,16,2048,cta|blocked
posv,cdouble,sm_89,U,28,16,8192,cta|blocked
posv,cdouble,sm_89,U,28,16,32768,cta|blocked
posv,cdouble,sm_89,U,28,64,128,cta|blocked
posv,cdouble,sm_89,U,28,64,512,cta|blocked
posv,cdouble,sm_89,U,28,64,2048,cta|blocked
posv,cdouble,sm_89,U,28,64,8192,cta|blocked
posv,cdouble,sm_89,U,28,64,32768,cta|blocked
posv,cdouble,sm_89,U,32,1,128,cta|blocked
posv,cdouble,sm_89,U,32,1,512,cta|blocked
posv,cdouble,sm_89,U,32,1,2048,cta|blocked
posv,cdouble,sm_89,U,32,1,8192,cta|blocked
posv,cdouble,sm_89,U,32,1,32768,cta|blocked
posv,cdouble,sm_89,U,32,2,128,cta|blocked
posv,cdouble,sm_89,U,32,2,512,cta|blocked
posv,cdouble,sm_89,U,32,2,2048,cta|blocked
posv,cdouble,sm_89,U,32,2,8192,cta|blocked
posv,cdouble,sm_89,U,32,2,32768,cta|blocked
posv,cdouble,sm_89,U,32,4,128,cta|blocked
posv,cdouble,sm_89,U,32,4,512,cta|blocked
posv,cdouble,sm_89,U,32,4,2048,cta|blocked
posv,cdouble,sm_89,U,32,4,8192,cta|blocked
posv,cdouble,sm_89,U,32,4,32768,cta|blocked
posv,cdouble,sm_89,U,32,8,128,cta|blocked
posv,cdouble,sm_89,U,32,8,512,cta|blocked
posv,cdouble,sm_89,U,32,8,2048,cta|blocked
posv,cdouble,sm_89,U,32,8,8192,cta|blocked
posv,cdouble,sm_89,U,32,8,32768,cta|blocked
posv,cdouble,sm_89,U,32,16,128,cta|blocked
posv,cdouble,sm_89,U,32,16,512,cta|blocked
posv,cdouble,sm_89,U,32,16,2048,cta|blocked
posv,cdouble,sm_89,U,32,16,8192,cta|blocked
posv,cdouble,sm_89,U,32,16,32768,cta|blocked
posv,cdouble,sm_89,U,32,64,128,cta|blocked
posv,cdouble,sm_89,U,32,64,512,cta|blocked
posv,cdouble,sm_89,U,32,64,2048,cta|blocked
posv,cdouble,sm_89,U,32,64,8192,cta|blocked
posv,cdouble,sm_89,U,32,64,32768,cta|blocked
posv,cdouble,sm_89,U,36,1,128,cta|blocked
posv,cdouble,sm_89,U,36,1,512,cta|blocked
posv,cdouble,sm_89,U,36,1,2048,cta|blocked
posv,cdouble,sm_89,U,36,1,8192,cta|blocked
posv,cdouble,sm_89,U,36,1,32768,cta|blocked
posv,cdouble,sm_89,U,36,2,128,cta|blocked
posv,cdouble,sm_89,U,36,2,512,cta|blocked
posv,cdouble,sm_89,U,36,2,2048,cta|blocked
posv,cdouble,sm_89,U,36,2,8192,cta|blocked
posv,cdouble,sm_89,U,36,2,32768,cta|blocked
posv,cdouble,sm_89,U,36,4,128,cta|blocked
posv,cdouble,sm_89,U,36,4,512,cta|blocked
posv,cdouble,sm_89,U,36,4,2048,cta|blocked
posv,cdouble,sm_89,U,36,4,8192,cta|blocked
posv,cdouble,sm_89,U,36,4,32768,cta|blocked
posv,cdouble,sm_89,U,36,8,128,cta|blocked
posv,cdouble,sm_89,U,36,8,512,cta|blocked
posv,cdouble,sm_89,U,36,8,2048,cta|blocked
posv,cdouble,sm_89,U,36,8,8192,cta|blocked
posv,cdouble,sm_89,U,36,8,32768,cta|blocked
posv,cdouble,sm_89,U,36,16,128,cta|blocked
posv,cdouble,sm_89,U,36,16,512,cta|blocked
posv,cdouble,sm_89,U,36,16,2048,cta|blocked
posv,cdouble,sm_89,U,36,16,8192,cta|blocked
posv,cdouble,sm_89,U,36,16,32768,cta|blocked
posv,cdouble,sm_89,U,36,64,128,cta|blocked
posv,cdouble,sm_89,U,36,64,512,cta|blocked
posv,cdouble,sm_89,U,36,64,2048,cta|blocked
posv,cdouble,sm_89,U,36,64,8192,cta|blocked
posv,cdouble,sm_89,U,36,64,32768,cta|blocked
posv,cdouble,sm_89,U,40,1,128,cta|blocked
posv,cdouble,sm_89,U,40,1,512,cta|blocked
posv,cdouble,sm_89,U,40,1,2048,cta|blocked
posv,cdouble,sm_89,U,40,1,8192,cta|blocked
posv,cdouble,sm_89,U,40,1,32768,cta|blocked
posv,cdouble,sm_89,U,40,2,128,cta|blocked
posv,cdouble,sm_89,U,40,2,512,cta|blocked
posv,cdouble,sm_89,U,40,2,2048,cta|blocked
posv,cdouble,sm_89,U,40,2,8192,cta|blocked
posv,cdouble,sm_89,U,40,2,32768,cta|blocked
posv,cdouble,sm_89,U,40,4,128,cta|blocked
posv,cdouble,sm_89,U,40,4,512,cta|blocked
posv,cdouble,sm_89,U,40,4,2048,cta|blocked
posv,cdouble,sm_89,U,40,4,8192,cta|blocked
posv,cdouble,sm_89,U,40,4,32768,cta|blocked
posv,cdouble,sm_89,U,40,8,128,cta|blocked
posv,cdouble,sm_89,U,40,8,512,cta|blocked
posv,cdouble,sm_89,U,40,8,2048,cta|blocked
posv,cdouble,sm_89,U,40,8,8192,cta|blocked
posv,cdouble,sm_89,U,40,8,32768,cta|blocked
posv,cdouble,sm_89,U,40,16,128,cta|blocked
posv,cdouble,sm_89,U,40,16,512,cta|blocked
posv,cdouble,sm_89,U,40,16,2048,cta|blocked
posv,cdouble,sm_89,U,40,16,8192,cta|blocked
posv,cdouble,sm_89,U,40,16,32768,cta|blocked
posv,cdouble,sm_89,U,40,64,128,cta|blocked
posv,cdouble,sm_89,U,40,64,512,cta|blocked
posv,cdouble,sm_89,U,40,64,2048,cta|blocked
posv,cdouble,sm_89,U,40,64,8192,cta|blocked
posv,cdouble,sm_89,U,40,64,32768,cta|blocked
posv,cdouble,sm_89,U,48,1,128,cta|blocked
posv,cdouble,sm_89,U,48,1,512,cta|blocked
posv,cdouble,sm_89,U,48,1,2048,cta|blocked
posv,cdouble,sm_89,U,48,1,8192,cta|blocked
posv,cdouble,sm_89,U,48,1,32768,cta|blocked
posv,cdouble,sm_89,U,48,2,128,cta|blocked
posv,cdouble,sm_89,U,48,2,512,cta|blocked
posv,cdouble,sm_89,U,48,2,2048,cta|blocked
posv,cdouble,sm_89,U,48,2,8192,cta|blocked
posv,cdouble,sm_89,U,48,2,32768,cta|blocked
posv,cdouble,sm_89,U,48,4,128,cta|blocked
posv,cdouble,sm_89,U,48,4,512,cta|blocked
posv,cdouble,sm_89,U,48,4,2048,cta|blocked
posv,cdouble,sm_89,U,48,4,8192,cta|blocked
posv,cdouble,sm_89,U,48,4,32768,cta|blocked
posv,cdouble,sm_89,U,48,8,128,cta|blocked
posv,cdouble,sm_89,U,48,8,512,cta|blocked
posv,cdouble,sm_89,U,48,8,2048,cta|blocked
posv,cdouble,sm_89,U,48,8,8192,cta|blocked
posv,cdouble,sm_89,U,48,8,32768,cta|blocked
posv,cdouble,sm_89,U,48,16,128,cta|blocked
posv,cdouble,sm_89,U,48,16,512,cta|blocked
posv,cdouble,sm_89,U,48,16,2048,cta|blocked
posv,cdouble,sm_89,U,48,16,8192,cta|blocked
posv,cdouble,sm_89,U,48,16,32768,cta|blocked
posv,cdouble,sm_89,U,48,64,128,cta|blocked
posv,cdouble,sm_89,U,48,64,512,cta|blocked
posv,cdouble,sm_89,U,48,64,2048,cta|blocked
posv,cdouble,sm_89,U,48,64,8192,cta|blocked
posv,cdouble,sm_89,U,48,64,32768,cta|blocked
posv,cdouble,sm_89,U,56,1,128,cta|blocked
posv,cdouble,sm_89,U,56,1,512,cta|blocked
posv,cdouble,sm_89,U,56,1,2048,cta|blocked
posv,cdouble,sm_89,U,56,1,8192,cta|blocked
posv,cdouble,sm_89,U,56,1,32768,cta|blocked
posv,cdouble,sm_89,U,56,2,128,cta|blocked
posv,cdouble,sm_89,U,56,2,512,cta|blocked
posv,cdouble,sm_89,U,56,2,2048,cta|blocked
posv,cdouble,sm_89,U,56,2,8192,cta|blocked
posv,cdouble,sm_89,U,56,2,32768,cta|blocked
posv,cdouble,sm_89,U,56,4,128,cta|blocked
posv,cdouble,sm_89,U,56,4,512,cta|blocked
posv,cdouble,sm_89,U,56,4,2048,cta|blocked
posv,cdouble,sm_89,U,56,4,8192,cta|blocked
posv,cdouble,sm_89,U,56,4,32768,cta|blocked
posv,cdouble,sm_89,U,56,8,128,cta|blocked
posv,cdouble,sm_89,U,56,8,512,cta|blocked
posv,cdouble,sm_89,U,56,8,2048,cta|blocked
posv,cdouble,sm_89,U,56,8,8192,cta|blocked
posv,cdouble,sm_89,U,56,8,32768,cta|blocked
posv,cdouble,sm_89,U,56,16,128,cta|blocked
posv,cdouble,sm_89,U,56,16,512,cta|blocked
posv,cdouble,sm_89,U,56,16,2048,cta|blocked
posv,cdouble,sm_89,U,56,16,8192,cta|blocked
posv,cdouble,sm_89,U,56,16,32768,cta|blocked
posv,cdouble,sm_89,U,56,64,128,cta|blocked
posv,cdouble,sm_89,U,56,64,512,cta|blocked
posv,cdouble,sm_89,U,56,64,2048,cta|blocked
posv,cdouble,sm_89,U,56,64,8192,cta|blocked
posv,cdouble,sm_89,U,56,64,32768,cta|blocked
posv,cdouble,sm_89,U,64,1,128,cta|blocked
posv,cdouble,sm_89,U,64,1,512,cta|blocked
posv,cdouble,sm_89,U,64,1,2048,cta|blocked
posv,cdouble,sm_89,U,64,1,8192,cta|blocked
posv,cdouble,sm_89,U,64,1,32768,cta|blocked
posv,cdouble,sm_89,U,64,2,128,cta|blocked
posv,cdouble,sm_89,U,64,2,512,cta|blocked
posv,cdouble,sm_89,U,64,2,2048,cta|blocked
posv,cdouble,sm_89,U,64,2,8192,cta|blocked
posv,cdouble,sm_89,U,64,2,32768,cta|blocked
posv,cdouble,sm_89,U,64,4,128,cta|blocked
posv,cdouble,sm_89,U,64,4,512,cta|blocked
posv,cdouble,sm_89,U,64,4,2048,cta|blocked
posv,cdouble,sm_89,U,64,4,8192,cta|blocked
posv,cdouble,sm_89,U,64,4,32768,cta|blocked
posv,cdouble,sm_89,U,64,8,128,cta|blocked
posv,cdouble,sm_89,U,64,8,512,cta|blocked
posv,cdouble,sm_89,U,64,8,2048,cta|blocked
posv,cdouble,sm_89,U,64,8,8192,cta|blocked
posv,cdouble,sm_89,U,64,8,32768,cta|blocked
posv,cdouble,sm_89,U,64,16,128,cta|blocked
posv,cdouble,sm_89,U,64,16,512,cta|blocked
posv,cdouble,sm_89,U,64,16,2048,cta|blocked
posv,cdouble,sm_89,U,64,16,8192,cta|blocked
posv,cdouble,sm_89,U,64,16,32768,cta|blocked
posv,cdouble,sm_89,U,64,64,128,cta|blocked
posv,cdouble,sm_89,U,64,64,512,cta|blocked
posv,cdouble,sm_89,U,64,64,2048,cta|blocked
posv,cdouble,sm_89,U,64,64,8192,cta|blocked
posv,cdouble,sm_89,U,64,64,32768,cta|blocked
posv,cdouble,sm_89,U,80,1,128,cta|blocked
posv,cdouble,sm_89,U,80,1,512,cta|blocked
posv,cdouble,sm_89,U,80,1,2048,cta|blocked
posv,cdouble,sm_89,U,80,1,8192,cta|blocked
posv,cdouble,sm_89,U,80,1,32768,cta|blocked
posv,cdouble,sm_89,U,80,2,128,cta|blocked
posv,cdouble,sm_89,U,80,2,512,cta|blocked
posv,cdouble,sm_89,U,80,2,2048,cta|blocked
posv,cdouble,sm_89,U,80,2,8192,cta|blocked
posv,cdouble,sm_89,U,80,2,32768,cta|blocked
posv,cdouble,sm_89,U,80,4,128,cta|blocked
posv,cdouble,sm_89,U,80,4,512,cta|blocked
posv,cdouble,sm_89,U,80,4,2048,cta|blocked
posv,cdouble,sm_89,U,80,4,8192,cta|blocked
posv,cdouble,sm_89,U,80,4,32768,cta|blocked
posv,cdouble,sm_89,U,80,8,128,cta|blocked
posv,cdouble,sm_89,U,80,8,512,cta|blocked
posv,cdouble,sm_89,U,80,8,2048,cta|blocked
posv,cdouble,sm_89,U,80,8,8192,cta|blocked
posv,cdouble,sm_89,U,80,8,32768,cta|blocked
posv,cdouble,sm_89,U,80,16,128,cta|blocked
posv,cdouble,sm_89,U,80,16,512,cta|blocked
posv,cdouble,sm_89,U,80,16,2048,cta|blocked
posv,cdouble,sm_89,U,80,16,8192,cta|blocked
posv,cdouble,sm_89,U,80,16,32768,cta|blocked
posv,cdouble,sm_89,U,80,64,128,cta|blocked
posv,cdouble,sm_89,U,80,64,512,cta|blocked
posv,cdouble,sm_89,U,80,64,2048,cta|blocked
posv,cdouble,sm_89,U,80,64,8192,cta|blocked
posv,cdouble,sm_89,U,80,64,32768,cta|blocked
posv,cdouble,sm_89,U,96,1,128,cta|blocked
posv,cdouble,sm_89,U,96,1,512,cta|blocked
posv,cdouble,sm_89,U,96,1,2048,cta|blocked
posv,cdouble,sm_89,U,96,1,8192,cta|blocked
posv,cdouble,sm_89,U,96,1,32768,cta|blocked
posv,cdouble,sm_89,U,96,2,128,cta|blocked
posv,cdouble,sm_89,U,96,2,512,cta|blocked
posv,cdouble,sm_89,U,96,2,2048,cta|blocked
posv,cdouble,sm_89,U,96,2,8192,cta|blocked
posv,cdouble,sm_89,U,96,2,32768,cta|blocked
posv,cdouble,sm_89,U,96,4,128,cta|blocked
posv,cdouble,sm_89,U,96,4,512,cta|blocked
posv,cdouble,sm_89,U,96,4,2048,cta|blocked
posv,cdouble,sm_89,U,96,4,8192,cta|blocked
posv,cdouble,sm_89,U,96,4,32768,cta|blocked
posv,cdouble,sm_89,U,96,8,128,cta|blocked
posv,cdouble,sm_89,U,96,8,512,cta|blocked
posv,cdouble,sm_89,U,96,8,2048,cta|blocked
posv,cdouble,sm_89,U,96,8,8192,cta|blocked
posv,cdouble,sm_89,U,96,8,32768,cta|blocked
posv,cdouble,sm_89,U,96,16,128,cta|blocked
posv,cdouble,sm_89,U,96,16,512,cta|blocked
posv,cdouble,sm_89,U,96,16,2048,cta|blocked
posv,cdouble,sm_89,U,96,16,8192,cta|blocked
posv,cdouble,sm_89,U,96,16,32768,cta|blocked
posv,cdouble,sm_89,U,96,64,128,cta|blocked
posv,cdouble,sm_89,U,96,64,512,cta|blocked
posv,cdouble,sm_89,U,96,64,2048,cta|blocked
posv,cdouble,sm_89,U,96,64,8192,cta|blocked
posv,cdouble,sm_89,U,96,64,32768,cta|blocked
posv,cdouble,sm_89,U,112,1,128,cta|blocked
posv,cdouble,sm_89,U,112,1,512,cta|blocked
posv,cdouble,sm_89,U,112,1,2048,cta|blocked
posv,cdouble,sm_89,U,112,1,8192,cta|blocked
posv,cdouble,sm_89,U,112,1,32768,cta|blocked
posv,cdouble,sm_89,U,112,2,128,cta|blocked
posv,cdouble,sm_89,U,112,2,512,cta|blocked
posv,cdouble,sm_89,U,112,2,2048,cta|blocked
posv,cdouble,sm_89,U,112,2,8192,cta|blocked
posv,cdouble,sm_89,U,112,2,32768,cta|blocked
posv,cdouble,sm_89,U,112,4,128,cta|blocked
posv,cdouble,sm_89,U,112,4,512,cta|blocked
posv,cdouble,sm_89,U,112,4,2048,cta|blocked
posv,cdouble,sm_89,U,112,4,8192,cta|blocked
posv,cdouble,sm_89,U,112,4,32768,cta|blocked
posv,cdouble,sm_89,U,112,8,128,cta|blocked
posv,cdouble,sm_89,U,112,8,512,cta|blocked
posv,cdouble,sm_89,U,112,8,2048,cta|blocked
posv,cdouble,sm_89,U,112,8,8192,cta|blocked
posv,cdouble,sm_89,U,112,8,32768,cta|blocked
posv,cdouble,sm_89,U,112,16,128,cta|blocked
posv,cdouble,sm_89,U,112,16,512,cta|blocked
posv,cdouble,sm_89,U,112,16,2048,cta|blocked
posv,cdouble,sm_89,U,112,16,8192,cta|blocked
posv,cdouble,sm_89,U,112,16,32768,cta|blocked
posv,cdouble,sm_89,U,112,64,128,cta|blocked
posv,cdouble,sm_89,U,112,64,512,cta|blocked
posv,cdouble,sm_89,U,112,64,2048,cta|blocked
posv,cdouble,sm_89,U,112,64,8192,cta|blocked
posv,cdouble,sm_89,U,112,64,32768,cta|blocked
posv,cdouble,sm_89,U,128,1,128,cta|blocked
posv,cdouble,sm_89,U,128,1,512,cta|blocked
posv,cdouble,sm_89,U,128,1,2048,cta|blocked
posv,cdouble,sm_89,U,128,1,8192,cta|blocked
posv,cdouble,sm_89,U,128,1,32768,cta|blocked
posv,cdouble,sm_89,U,128,2,128,cta|blocked
posv,cdouble,sm_89,U,128,2,512,cta|blocked
posv,cdouble,sm_89,U,128,2,2048,cta|blocked
posv,cdouble,sm_89,U,128,2,8192,cta|blocked
posv,cdouble,sm_89,U,128,2,32768,cta|blocked
posv,cdouble,sm_89,U,128,4,128,cta|blocked
posv,cdouble,sm_89,U,128,4,512,cta|blocked
posv,cdouble,sm_89,U,128,4,2048,cta|blocked
posv,cdouble,sm_89,U,128,4,8192,cta|blocked
posv,cdouble,sm_89,U,128,4,32768,cta|blocked
posv,cdouble,sm_89,U,128,8,128,cta|blocked
posv,cdouble,sm_89,U,128,8,512,cta|blocked
posv,cdouble,sm_89,U,128,8,2048,cta|blocked
posv,cdouble,sm_89,U,128,8,8192,cta|blocked
posv,cdouble,sm_89,U,128,8,32768,cta|blocked
posv,cdouble,sm_89,U,128,16,128,cta|blocked
posv,cdouble,sm_89,U,128,16,512,cta|blocked
posv,cdouble,sm_89,U,128,16,2048,cta|blocked
posv,cdouble,sm_89,U,128,16,8192,cta|blocked
posv,cdouble,sm_89,U,128,16,32768,cta|blocked
posv,cdouble,sm_89,U,128,64,128,cta|blocked
posv,cdouble,sm_89,U,128,64,512,cta|blocked
posv,cdouble,sm_89,U,128,64,2048,cta|blocked
posv,cdouble,sm_89,U,128,64,8192,cta|blocked
posv,cdouble,sm_89,U,128,64,32768,cta|blocked
posv,cdouble,sm_89,U,160,1,128,cta|blocked
posv,cdouble,sm_89,U,160,1,512,cta|blocked
posv,cdouble,sm_89,U,160,1,2048,cta|blocked
posv,cdouble,sm_89,U,160,1,8192,cta|blocked
posv,cdouble,sm_89,U,160,1,32768,cta|blocked
posv,cdouble,sm_89,U,160,2,128,cta|blocked
posv,cdouble,sm_89,U,160,2,512,cta|blocked
posv,cdouble,sm_89,U,160,2,2048,cta|blocked
posv,cdouble,sm_89,U,160,2,8192,cta|blocked
posv,cdouble,sm_89,U,160,2,32768,cta|blocked
posv,cdouble,sm_89,U,160,4,128,cta|blocked
posv,cdouble,sm_89,U,160,4,512,cta|blocked
posv,cdouble,sm_89,U,160,4,2048,cta|blocked
posv,cdouble,sm_89,U,160,4,8192,cta|blocked
posv,cdouble,sm_89,U,160,4,32768,cta|blocked
posv,cdouble,sm_89,U,160,8,128,cta|blocked
posv,cdouble,sm_89,U,160,8,512,cta|blocked
posv,cdouble,sm_89,U,160,8,2048,cta|blocked
posv,cdouble,sm_89,U,160,8,8192,cta|blocked
posv,cdouble,sm_89,U,160,8,32768,cta|blocked
posv,cdouble,sm_89,U,160,16,128,cta|blocked
posv,cdouble,sm_89,U,160,16,512,cta|blocked
posv,cdouble,sm_89,U,160,16,2048,cta|blocked
posv,cdouble,sm_89,U,160,16,8192,cta|blocked
posv,cdouble,sm_89,U,160,16,32768,cta|blocked
posv,cdouble,sm_89,U,160,64,128,cta|blocked
posv,cdouble,sm_89,U,160,64,512,cta|blocked
posv,cdouble,sm_89,U,160,64,2048,cta|blocked
posv,cdouble,sm_89,U,160,64,8192,cta|blocked
posv,cdouble,sm_89,U,160,64,32768,cta|blocked
posv,cdouble,sm_89,U,192,1,128,cta|blocked
posv,cdouble,sm_89,U,192,1,512,cta|blocked
posv,cdouble,sm_89,U,192,1,2048,cta|blocked
posv,cdouble,sm_89,U,192,1,8192,cta|blocked
posv,cdouble,sm_89,U,192,1,32768,cta|blocked
posv,cdouble,sm_89,U,192,2,128,cta|blocked
posv,cdouble,sm_89,U,192,2,512,cta|blocked
posv,cdouble,sm_89,U,192,2,2048,cta|blocked
posv,cdouble,sm_89,U,192,2,8192,cta|blocked
posv,cdouble,sm_89,U,192,2,32768,cta|blocked
posv,cdouble,sm_89,U,192,4,128,cta|blocked
posv,cdouble,sm_89,U,192,4,512,cta|blocked
posv,cdouble,sm_89,U,192,4,2048,cta|blocked
posv,cdouble,sm_89,U,192,4,8192,cta|blocked
posv,cdouble,sm_89,U,192,4,32768,cta|blocked
posv,cdouble,sm_89,U,192,8,128,cta|blocked
posv,cdouble,sm_89,U,192,8,512,cta|blocked
posv,cdouble,sm_89,U,192,8,2048,cta|blocked
posv,cdouble,sm_89,U,192,8,8192,cta|blocked
posv,cdouble,sm_89,U,192,8,32768,cta|blocked
posv,cdouble,sm_89,U,192,16,128,cta|blocked
posv,cdouble,sm_89,U,192,16,512,cta|blocked
posv,cdouble,sm_89,U,192,16,2048,cta|blocked
posv,cdouble,sm_89,U,192,16,8192,cta|blocked
posv,cdouble,sm_89,U,192,16,32768,cta|blocked
posv,cdouble,sm_89,U,192,64,128,cta|blocked
posv,cdouble,sm_89,U,192,64,512,cta|blocked
posv,cdouble,sm_89,U,192,64,2048,cta|blocked
posv,cdouble,sm_89,U,192,64,8192,cta|blocked
posv,cdouble,sm_89,U,192,64,32768,cta|blocked
posv,cdouble,sm_89,U,224,1,128,cta|blocked
posv,cdouble,sm_89,U,224,1,512,cta|blocked
posv,cdouble,sm_89,U,224,1,2048,cta|blocked
posv,cdouble,sm_89,U,224,1,8192,cta|blocked
posv,cdouble,sm_89,U,224,1,32768,cta|blocked
posv,cdouble,sm_89,U,224,2,128,cta|blocked
posv,cdouble,sm_89,U,224,2,512,cta|blocked
posv,cdouble,sm_89,U,224,2,2048,cta|blocked
posv,cdouble,sm_89,U,224,2,8192,cta|blocked
posv,cdouble,sm_89,U,224,2,32768,cta|blocked
posv,cdouble,sm_89,U,224,4,128,cta|blocked
posv,cdouble,sm_89,U,224,4,512,cta|blocked
posv,cdouble,sm_89,U,224,4,2048,cta|blocked
posv,cdouble,sm_89,U,224,4,8192,cta|blocked
posv,cdouble,sm_89,U,224,4,32768,cta|blocked
posv,cdouble,sm_89,U,224,8,128,cta|blocked
posv,cdouble,sm_89,U,224,8,512,cta|blocked
posv,cdouble,sm_89,U,224,8,2048,cta|blocked
posv,cdouble,sm_89,U,224,8,8192,cta|blocked
posv,cdouble,sm_89,U,224,8,32768,cta|blocked
posv,cdouble,sm_89,U,224,16,128,cta|blocked
posv,cdouble,sm_89,U,224,16,512,cta|blocked
posv,cdouble,sm_89,U,224,16,2048,cta|blocked
posv,cdouble,sm_89,U,224,16,8192,cta|blocked
posv,cdouble,sm_89,U,224,16,32768,cta|blocked
posv,cdouble,sm_89,U,224,64,128,cta|blocked
posv,cdouble,sm_89,U,224,64,512,cta|blocked
posv,cdouble,sm_89,U,224,64,2048,cta|blocked
posv,cdouble,sm_89,U,224,64,8192,cta|blocked
posv,cdouble,sm_89,U,224,64,32768,cta|blocked
posv,cdouble,sm_89,U,256,1,128,cta|blocked
posv,cdouble,sm_89,U,256,1,512,cta|blocked
posv,cdouble,sm_89,U,256,1,2048,cta|blocked
posv,cdouble,sm_89,U,256,1,8192,cta|blocked
posv,cdouble,sm_89,U,256,1,32768,cta|blocked
posv,cdouble,sm_89,U,256,2,128,cta|blocked
posv,cdouble,sm_89,U,256,2,512,cta|blocked
posv,cdouble,sm_89,U,256,2,2048,cta|blocked
posv,cdouble,sm_89,U,256,2,8192,cta|blocked
posv,cdouble,sm_89,U,256,2,32768,cta|blocked
posv,cdouble,sm_89,U,256,4,128,cta|blocked
posv,cdouble,sm_89,U,256,4,512,cta|blocked
posv,cdouble,sm_89,U,256,4,2048,cta|blocked
posv,cdouble,sm_89,U,256,4,8192,cta|blocked
posv,cdouble,sm_89,U,256,4,32768,cta|blocked
posv,cdouble,sm_89,U,256,8,128,cta|blocked
posv,cdouble,sm_89,U,256,8,512,cta|blocked
posv,cdouble,sm_89,U,256,8,2048,cta|blocked
posv,cdouble,sm_89,U,256,8,8192,cta|blocked
posv,cdouble,sm_89,U,256,8,32768,cta|blocked
posv,cdouble,sm_89,U,256,16,128,cta|blocked
posv,cdouble,sm_89,U,256,16,512,cta|blocked
posv,cdouble,sm_89,U,256,16,2048,cta|blocked
posv,cdouble,sm_89,U,256,16,8192,cta|blocked
posv,cdouble,sm_89,U,256,16,32768,cta|blocked
posv,cdouble,sm_89,U,256,64,128,cta|blocked
posv,cdouble,sm_89,U,256,64,512,cta|blocked
posv,cdouble,sm_89,U,256,64,2048,cta|blocked
posv,cdouble,sm_89,U,256,64,8192,cta|blocked
posv,cdouble,sm_89,U,256,64,32768,cta|blocked
posv,cdouble,sm_89,U,288,1,128,cta|blocked
posv,cdouble,sm_89,U,288,1,512,cta|blocked
posv,cdouble,sm_89,U,288,1,2048,cta|blocked
posv,cdouble,sm_89,U,288,1,8192,cta|blocked
posv,cdouble,sm_89,U,288,1,32768,cta|blocked
posv,cdouble,sm_89,U,288,2,128,cta|blocked
posv,cdouble,sm_89,U,288,2,512,cta|blocked
posv,cdouble,sm_89,U,288,2,2048,cta|blocked
posv,cdouble,sm_89,U,288,2,8192,cta|blocked
posv,cdouble,sm_89,U,288,2,32768,cta|blocked
posv,cdouble,sm_89,U,288,4,128,cta|blocked
posv,cdouble,sm_89,U,288,4,512,cta|blocked
posv,cdouble,sm_89,U,288,4,2048,cta|blocked
posv,cdouble,sm_89,U,288,4,8192,cta|blocked
posv,cdouble,sm_89,U,288,4,32768,cta|blocked
posv,cdouble,sm_89,U,288,8,128,cta|blocked
posv,cdouble,sm_89,U,288,8,512,cta|blocked
posv,cdouble,sm_89,U,288,8,2048,cta|blocked
posv,cdouble,sm_89,U,288,8,8192,cta|blocked
posv,cdouble,sm_89,U,288,8,32768,cta|blocked
posv,cdouble,sm_89,U,288,16,128,cta|blocked
posv,cdouble,sm_89,U,288,16,512,cta|blocked
posv,cdouble,sm_89,U,288,16,2048,cta|blocked
posv,cdouble,sm_89,U,288,16,8192,cta|blocked
posv,cdouble,sm_89,U,288,16,32768,cta|blocked
posv,cdouble,sm_89,U,288,64,128,cta|blocked
posv,cdouble,sm_89,U,288,64,512,cta|blocked
posv,cdouble,sm_89,U,288,64,2048,cta|blocked
posv,cdouble,sm_89,U,288,64,8192,cta|blocked
posv,cdouble,sm_89,U,288,64,32768,cta|blocked
posv,cdouble,sm_89,U,320,1,128,cta|blocked
posv,cdouble,sm_89,U,320,1,512,cta|blocked
posv,cdouble,sm_89,U,320,1,2048,cta|blocked
posv,cdouble,sm_89,U,320,1,8192,cta|blocked
posv,cdouble,sm_89,U,320,1,32768,cta|blocked
posv,cdouble,sm_89,U,320,2,128,cta|blocked
posv,cdouble,sm_89,U,320,2,512,cta|blocked
posv,cdouble,sm_89,U,320,2,2048,cta|blocked
posv,cdouble,sm_89,U,320,2,8192,cta|blocked
posv,cdouble,sm_89,U,320,2,32768,cta|blocked
posv,cdouble,sm_89,U,320,4,128,cta|blocked
posv,cdouble,sm_89,U,320,4,512,cta|blocked
posv,cdouble,sm_89,U,320,4,2048,cta|blocked
posv,cdouble,sm_89,U,320,4,8192,cta|blocked
posv,cdouble,sm_89,U,320,4,32768,cta|blocked
posv,cdouble,sm_89,U,320,8,128,cta|blocked
posv,cdouble,sm_89,U,320,8,512,cta|blocked
posv,cdouble,sm_89,U,320,8,2048,cta|blocked
posv,cdouble,sm_89,U,320,8,8192,cta|blocked
posv,cdouble,sm_89,U,320,8,32768,cta|blocked
posv,cdouble,sm_89,U,320,16,128,cta|blocked
posv,cdouble,sm_89,U,320,16,512,cta|blocked
posv,cdouble,sm_89,U,320,16,2048,cta|blocked
posv,cdouble,sm_89,U,320,16,8192,cta|blocked
posv,cdouble,sm_89,U,320,16,32768,cta|blocked
posv,cdouble,sm_89,U,320,64,128,cta|blocked
posv,cdouble,sm_89,U,320,64,512,cta|blocked
posv,cdouble,sm_89,U,320,64,2048,cta|blocked
posv,cdouble,sm_89,U,320,64,8192,cta|blocked
posv,cdouble,sm_89,U,320,64,32768,cta|blocked
posv,cdouble,sm_89,U,384,1,128,cta|blocked
posv,cdouble,sm_89,U,384,1,512,cta|blocked
posv,cdouble,sm_89,U,384,1,2048,cta|blocked
posv,cdouble,sm_89,U,384,1,8192,cta|blocked
posv,cdouble,sm_89,U,384,1,32768,cta|blocked
posv,cdouble,sm_89,U,384,2,128,cta|blocked
posv,cdouble,sm_89,U,384,2,512,cta|blocked
posv,cdouble,sm_89,U,384,2,2048,cta|blocked
posv,cdouble,sm_89,U,384,2,8192,cta|blocked
posv,cdouble,sm_89,U,384,2,32768,cta|blocked
posv,cdouble,sm_89,U,384,4,128,cta|blocked
posv,cdouble,sm_89,U,384,4,512,cta|blocked
posv,cdouble,sm_89,U,384,4,2048,cta|blocked
posv,cdouble,sm_89,U,384,4,8192,cta|blocked
posv,cdouble,sm_89,U,384,4,32768,cta|blocked
posv,cdouble,sm_89,U,384,8,128,cta|blocked
posv,cdouble,sm_89,U,384,8,512,cta|blocked
posv,cdouble,sm_89,U,384,8,2048,cta|blocked
posv,cdouble,sm_89,U,384,8,8192,cta|blocked
posv,cdouble,sm_89,U,384,8,32768,cta|blocked
posv,cdouble,sm_89,U,384,16,128,cta|blocked
posv,cdouble,sm_89,U,384,16,512,cta|blocked
posv,cdouble,sm_89,U,384,16,2048,cta|blocked
posv,cdouble,sm_89,U,384,16,8192,cta|blocked
posv,cdouble,sm_89,U,384,16,32768,cta|blocked
posv,cdouble,sm_89,U,384,64,128,cta|blocked
posv,cdouble,sm_89,U,384,64,512,cta|blocked
posv,cdouble,sm_89,U,384,64,2048,cta|blocked
posv,cdouble,sm_89,U,384,64,8192,cta|blocked
posv,cdouble,sm_89,U,384,64,32768,cta|blocked
posv,cdouble,sm_89,U,448,1,128,cta|blocked
posv,cdouble,sm_89,U,448,1,512,cta|blocked
posv,cdouble,sm_89,U,448,1,2048,cta|blocked
posv,cdouble,sm_89,U,448,1,8192,cta|blocked
posv,cdouble,sm_89,U,448,1,32768,cta|blocked
posv,cdouble,sm_89,U,448,2,128,cta|blocked
posv,cdouble,sm_89,U,448,2,512,cta|blocked
posv,cdouble,sm_89,U,448,2,2048,cta|blocked
posv,cdouble,sm_89,U,448,2,8192,cta|blocked
posv,cdouble,sm_89,U,448,2,32768,cta|blocked
posv,cdouble,sm_89,U,448,4,128,cta|blocked
posv,cdouble,sm_89,U,448,4,512,cta|blocked
posv,cdouble,sm_89,U,448,4,2048,cta|blocked
posv,cdouble,sm_89,U,448,4,8192,cta|blocked
posv,cdouble,sm_89,U,448,4,32768,cta|blocked
posv,cdouble,sm_89,U,448,8,128,cta|blocked
posv,cdouble,sm_89,U,448,8,512,cta|blocked
posv,cdouble,sm_89,U,448,8,2048,cta|blocked
posv,cdouble,sm_89,U,448,8,8192,cta|blocked
posv,cdouble,sm_89,U,448,8,32768,cta|blocked
posv,cdouble,sm_89,U,448,16,128,cta|blocked
posv,cdouble,sm_89,U,448,16,512,cta|blocked
posv,cdouble,sm_89,U,448,16,2048,cta|blocked
posv,cdouble,sm_89,U,448,16,8192,cta|blocked
posv,cdouble,sm_89,U,448,16,32768,cta|blocked
posv,cdouble,sm_89,U,448,64,128,cta|blocked
posv,cdouble,sm_89,U,448,64,512,cta|blocked
posv,cdouble,sm_89,U,448,64,2048,cta|blocked
posv,cdouble,sm_89,U,448,64,8192,cta|blocked
posv,cdouble,sm_89,U,448,64,32768,cta|blocked
posv,cdouble,sm_89,U,512,1,128,cta|blocked
posv,cdouble,sm_89,U,512,1,512,cta|blocked
posv,cdouble,sm_89,U,512,1,2048,cta|blocked
posv,cdouble,sm_89,U,512,1,8192,cta|blocked
posv,cdouble,sm_89,U,512,1,32768,cta|blocked
posv,cdouble,sm_89,U,512,2,128,cta|blocked
posv,cdouble,sm_89,U,512,2,512,cta|blocked
posv,cdouble,sm_89,U,512,2,2048,cta|blocked
posv,cdouble,sm_89,U,512,2,8192,cta|blocked
posv,cdouble,sm_89,U,512,2,32768,cta|blocked
posv,cdouble,sm_89,U,512,4,128,cta|blocked
posv,cdouble,sm_89,U,512,4,512,cta|blocked
posv,cdouble,sm_89,U,512,4,2048,cta|blocked
posv,cdouble,sm_89,U,512,4,8192,cta|blocked
posv,cdouble,sm_89,U,512,4,32768,cta|blocked
posv,cdouble,sm_89,U,512,8,128,cta|blocked
posv,cdouble,sm_89,U,512,8,512,cta|blocked
posv,cdouble,sm_89,U,512,8,2048,cta|blocked
posv,cdouble,sm_89,U,512,8,8192,cta|blocked
posv,cdouble,sm_89,U,512,8,32768,cta|blocked
posv,cdouble,sm_89,U,512,16,128,cta|blocked
posv,cdouble,sm_89,U,512,16,512,cta|blocked
posv,cdouble,sm_89,U,512,16,2048,cta|blocked
posv,cdouble,sm_89,U,512,16,8192,cta|blocked
posv,cdouble,sm_89,U,512,16,32768,cta|blocked
posv,cdouble,sm_89,U,512,64,128,cta|blocked
posv,cdouble,sm_89,U,512,64,512,cta|blocked
posv,cdouble,sm_89,U,512,64,2048,cta|blocked
posv,cdouble,sm_89,U,512,64,8192,cta|blocked
posv,cdouble,sm_89,U,512,64,32768,cta|blocked
posv,cdouble,sm_89,U,640,1,128,cta|blocked
posv,cdouble,sm_89,U,640,1,512,cta|blocked
posv,cdouble,sm_89,U,640,1,2048,cta|blocked
posv,cdouble,sm_89,U,640,1,8192,cta|blocked
posv,cdouble,sm_89,U,640,1,32768,cta|blocked
posv,cdouble,sm_89,U,640,2,128,cta|blocked
posv,cdouble,sm_89,U,640,2,512,cta|blocked
posv,cdouble,sm_89,U,640,2,2048,cta|blocked
posv,cdouble,sm_89,U,640,2,8192,cta|blocked
posv,cdouble,sm_89,U,640,2,32768,cta|blocked
posv,cdouble,sm_89,U,640,4,128,cta|blocked
posv,cdouble,sm_89,U,640,4,512,cta|blocked
posv,cdouble,sm_89,U,640,4,2048,cta|blocked
posv,cdouble,sm_89,U,640,4,8192,cta|blocked
posv,cdouble,sm_89,U,640,4,32768,cta|blocked
posv,cdouble,sm_89,U,640,8,128,cta|blocked
posv,cdouble,sm_89,U,640,8,512,cta|blocked
posv,cdouble,sm_89,U,640,8,2048,cta|blocked
posv,cdouble,sm_89,U,640,8,8192,cta|blocked
posv,cdouble,sm_89,U,640,8,32768,cta|blocked
posv,cdouble,sm_89,U,640,16,128,cta|blocked
posv,cdouble,sm_89,U,640,16,512,cta|blocked
posv,cdouble,sm_89,U,640,16,2048,cta|blocked
posv,cdouble,sm_89,U,640,16,8192,cta|blocked
posv,cdouble,sm_89,U,640,16,32768,cta|blocked
posv,cdouble,sm_89,U,640,64,128,cta|blocked
posv,cdouble,sm_89,U,640,64,512,cta|blocked
posv,cdouble,sm_89,U,640,64,2048,cta|blocked
posv,cdouble,sm_89,U,640,64,8192,cta|blocked
posv,cdouble,sm_89,U,640,64,32768,cta|blocked
posv,cdouble,sm_89,U,768,1,128,cta|blocked
posv,cdouble,sm_89,U,768,1,512,cta|blocked
posv,cdouble,sm_89,U,768,1,2048,cta|blocked
posv,cdouble,sm_89,U,768,1,8192,cta|blocked
posv,cdouble,sm_89,U,768,1,32768,cta|blocked
posv,cdouble,sm_89,U,768,2,128,cta|blocked
posv,cdouble,sm_89,U,768,2,512,cta|blocked
posv,cdouble,sm_89,U,768,2,2048,cta|blocked
posv,cdouble,sm_89,U,768,2,8192,cta|blocked
posv,cdouble,sm_89,U,768,2,32768,cta|blocked
posv,cdouble,sm_89,U,768,4,128,cta|blocked
posv,cdouble,sm_89,U,768,4,512,cta|blocked
posv,cdouble,sm_89,U,768,4,2048,cta|blocked
posv,cdouble,sm_89,U,768,4,8192,cta|blocked
posv,cdouble,sm_89,U,768,4,32768,cta|blocked
posv,cdouble,sm_89,U,768,8,128,cta|blocked
posv,cdouble,sm_89,U,768,8,512,cta|blocked
posv,cdouble,sm_89,U,768,8,2048,cta|blocked
posv,cdouble,sm_89,U,768,8,8192,cta|blocked
posv,cdouble,sm_89,U,768,8,32768,cta|blocked
posv,cdouble,sm_89,U,768,16,128,cta|blocked
posv,cdouble,sm_89,U,768,16,512,cta|blocked
posv,cdouble,sm_89,U,768,16,2048,cta|blocked
posv,cdouble,sm_89,U,768,16,8192,cta|blocked
posv,cdouble,sm_89,U,768,16,32768,cta|blocked
posv,cdouble,sm_89,U,768,64,128,cta|blocked
posv,cdouble,sm_89,U,768,64,512,cta|blocked
posv,cdouble,sm_89,U,768,64,2048,cta|blocked
posv,cdouble,sm_89,U,768,64,8192,cta|blocked
posv,cdouble,sm_89,U,768,64,32768,cta|blocked
posv,cdouble,sm_89,U,1024,1,128,cta|blocked
posv,cdouble,sm_89,U,1024,1,512,cta|blocked
posv,cdouble,sm_89,U,1024,1,2048,cta|blocked
posv,cdouble,sm_89,U,1024,1,8192,cta|blocked
posv,cdouble,sm_89,U,1024,1,32768,cta|blocked
posv,cdouble,sm_89,U,1024,2,128,cta|blocked
posv,cdouble,sm_89,U,1024,2,512,cta|blocked
posv,cdouble,sm_89,U,1024,2,2048,cta|blocked
posv,cdouble,sm_89,U,1024,2,8192,cta|blocked
posv,cdouble,sm_89,U,1024,2,32768,cta|blocked
posv,cdouble,sm_89,U,1024,4,128,cta|blocked
posv,cdouble,sm_89,U,1024,4,512,cta|blocked
posv,cdouble,sm_89,U,1024,4,2048,cta|blocked
posv,cdouble,sm_89,U,1024,4,8192,cta|blocked
posv,cdouble,sm_89,U,1024,4,32768,cta|blocked
posv,cdouble,sm_89,U,1024,8,128,cta|blocked
posv,cdouble,sm_89,U,1024,8,512,cta|blocked
posv,cdouble,sm_89,U,1024,8,2048,cta|blocked
posv,cdouble,sm_89,U,1024,8,8192,cta|blocked
posv,cdouble,sm_89,U,1024,8,32768,cta|blocked
posv,cdouble,sm_89,U,1024,16,128,cta|blocked
posv,cdouble,sm_89,U,1024,16,512,cta|blocked
posv,cdouble,sm_89,U,1024,16,2048,cta|blocked
posv,cdouble,sm_89,U,1024,16,8192,cta|blocked
posv,cdouble,sm_89,U,1024,16,32768,cta|blocked
posv,cdouble,sm_89,U,1024,64,128,cta|blocked
posv,cdouble,sm_89,U,1024,64,512,cta|blocked
posv,cdouble,sm_89,U,1024,64,2048,cta|blocked
posv,cdouble,sm_89,U,1024,64,8192,cta|blocked
posv,cdouble,sm_89,U,1024,64,32768,cta|blocked
