op,dtype,device,side,order,q,batch,ranked
trmm,float,sm_89,L,1,1,1,triangular|expand|vendor
trmm,float,sm_89,L,1,1,128,triangular|expand|vendor
trmm,float,sm_89,L,1,1,1024,triangular|expand|vendor
trmm,float,sm_89,L,1,1,32768,triangular|expand|vendor
trmm,float,sm_89,L,1,16,1,triangular|expand|vendor
trmm,float,sm_89,L,1,16,128,triangular|expand|vendor
trmm,float,sm_89,L,1,16,1024,triangular|expand|vendor
trmm,float,sm_89,L,1,16,32768,triangular|expand|vendor
trmm,float,sm_89,L,1,128,1,triangular|expand|vendor
trmm,float,sm_89,L,1,128,128,triangular|expand|vendor
trmm,float,sm_89,L,1,128,1024,triangular|expand|vendor
trmm,float,sm_89,L,1,128,32768,triangular|expand|vendor
trmm,float,sm_89,L,1,1024,1,triangular|expand|vendor
trmm,float,sm_89,L,1,1024,128,triangular|expand|vendor
trmm,float,sm_89,L,1,1024,1024,triangular|expand|vendor
trmm,float,sm_89,L,1,1024,32768,triangular|expand|vendor
trmm,float,sm_89,L,1,4096,1,triangular|expand|vendor
trmm,float,sm_89,L,1,4096,128,triangular|expand|vendor
trmm,float,sm_89,L,1,4096,1024,triangular|expand|vendor
trmm,float,sm_89,L,1,4096,32768,triangular|expand|vendor
trmm,float,sm_89,L,16,1,1,triangular|expand|vendor
trmm,float,sm_89,L,16,1,128,triangular|expand|vendor
trmm,float,sm_89,L,16,1,1024,triangular|expand|vendor
trmm,float,sm_89,L,16,1,32768,triangular|expand|vendor
trmm,float,sm_89,L,16,16,1,triangular|expand|vendor
trmm,float,sm_89,L,16,16,128,triangular|expand|vendor
trmm,float,sm_89,L,16,16,1024,triangular|expand|vendor
trmm,float,sm_89,L,16,16,32768,triangular|expand|vendor
trmm,float,sm_89,L,16,128,1,triangular|expand|vendor
trmm,float,sm_89,L,16,128,128,triangular|expand|vendor
trmm,float,sm_89,L,16,128,1024,triangular|expand|vendor
trmm,float,sm_89,L,16,128,32768,triangular|expand|vendor
trmm,float,sm_89,L,16,1024,1,triangular|expand|vendor
trmm,float,sm_89,L,16,1024,128,triangular|expand|vendor
trmm,float,sm_89,L,16,1024,1024,triangular|expand|vendor
trmm,float,sm_89,L,16,1024,32768,triangular|expand|vendor
trmm,float,sm_89,L,16,4096,1,triangular|expand|vendor
trmm,float,sm_89,L,16,4096,128,triangular|expand|vendor
trmm,float,sm_89,L,16,4096,1024,triangular|expand|vendor
trmm,float,sm_89,L,16,4096,32768,triangular|expand|vendor
trmm,float,sm_89,L,32,1,1,triangular|expand|vendor
trmm,float,sm_89,L,32,1,128,triangular|expand|vendor
trmm,float,sm_89,L,32,1,1024,triangular|expand|vendor
trmm,float,sm_89,L,32,1,32768,triangular|expand|vendor
trmm,float,sm_89,L,32,16,1,triangular|expand|vendor
trmm,float,sm_89,L,32,16,128,triangular|expand|vendor
trmm,float,sm_89,L,32,16,1024,triangular|expand|vendor
trmm,float,sm_89,L,32,16,32768,triangular|expand|vendor
trmm,float,sm_89,L,32,128,1,triangular|expand|vendor
trmm,float,sm_89,L,32,128,128,triangular|expand|vendor
trmm,float,sm_89,L,32,128,1024,triangular|expand|vendor
trmm,float,sm_89,L,32,128,32768,triangular|expand|vendor
trmm,float,sm_89,L,32,1024,1,triangular|expand|vendor
trmm,float,sm_89,L,32,1024,128,triangular|expand|vendor
trmm,float,sm_89,L,32,1024,1024,triangular|expand|vendor
trmm,float,sm_89,L,32,1024,32768,triangular|expand|vendor
trmm,float,sm_89,L,32,4096,1,triangular|expand|vendor
trmm,float,sm_89,L,32,4096,128,triangular|expand|vendor
trmm,float,sm_89,L,32,4096,1024,triangular|expand|vendor
trmm,float,sm_89,L,32,4096,32768,triangular|expand|vendor
trmm,float,sm_89,L,64,1,1,triangular|expand|vendor
trmm,float,sm_89,L,64,1,128,triangular|expand|vendor
trmm,float,sm_89,L,64,1,1024,triangular|expand|vendor
trmm,float,sm_89,L,64,1,32768,triangular|expand|vendor
trmm,float,sm_89,L,64,16,1,triangular|expand|vendor
trmm,float,sm_89,L,64,16,128,triangular|expand|vendor
trmm,float,sm_89,L,64,16,1024,triangular|expand|vendor
trmm,float,sm_89,L,64,16,32768,triangular|expand|vendor
trmm,float,sm_89,L,64,128,1,triangular|expand|vendor
trmm,float,sm_89,L,64,128,128,triangular|expand|vendor
trmm,float,sm_89,L,64,128,1024,triangular|expand|vendor
trmm,float,sm_89,L,64,128,32768,triangular|expand|vendor
trmm,float,sm_89,L,64,1024,1,triangular|expand|vendor
trmm,float,sm_89,L,64,1024,128,triangular|expand|vendor
trmm,float,sm_89,L,64,1024,1024,triangular|expand|vendor
trmm,float,sm_89,L,64,1024,32768,triangular|expand|vendor
trmm,float,sm_89,L,64,4096,1,triangular|expand|vendor
trmm,float,sm_89,L,64,4096,128,triangular|expand|vendor
trmm,float,sm_89,L,64,4096,1024,triangular|expand|vendor
trmm,float,sm_89,L,64,4096,32768,triangular|expand|vendor
trmm,float,sm_89,L,128,1,1,triangular|expand|vendor
trmm,float,sm_89,L,128,1,128,triangular|expand|vendor
trmm,float,sm_89,L,128,1,1024,triangular|expand|vendor
trmm,float,sm_89,L,128,1,32768,triangular|expand|vendor
trmm,float,sm_89,L,128,16,1,triangular|expand|vendor
trmm,float,sm_89,L,128,16,128,triangular|expand|vendor
trmm,float,sm_89,L,128,16,1024,triangular|expand|vendor
trmm,float,sm_89,L,128,16,32768,triangular|expand|vendor
trmm,float,sm_89,L,128,128,1,triangular|expand|vendor
trmm,float,sm_89,L,128,128,128,triangular|expand|vendor
trmm,float,sm_89,L,128,128,1024,triangular|expand|vendor
trmm,float,sm_89,L,128,128,32768,triangular|expand|vendor
trmm,float,sm_89,L,128,1024,1,triangular|expand|vendor
trmm,float,sm_89,L,128,1024,128,triangular|expand|vendor
trmm,float,sm_89,L,128,1024,1024,triangular|expand|vendor
trmm,float,sm_89,L,128,1024,32768,triangular|expand|vendor
trmm,float,sm_89,L,128,4096,1,triangular|expand|vendor
trmm,float,sm_89,L,128,4096,128,triangular|expand|vendor
trmm,float,sm_89,L,128,4096,1024,triangular|expand|vendor
trmm,float,sm_89,L,128,4096,32768,triangular|expand|vendor
trmm,float,sm_89,L,256,1,1,triangular|expand|vendor
trmm,float,sm_89,L,256,1,128,triangular|expand|vendor
trmm,float,sm_89,L,256,1,1024,triangular|expand|vendor
trmm,float,sm_89,L,256,1,32768,triangular|expand|vendor
trmm,float,sm_89,L,256,16,1,triangular|expand|vendor
trmm,float,sm_89,L,256,16,128,triangular|expand|vendor
trmm,float,sm_89,L,256,16,1024,triangular|expand|vendor
trmm,float,sm_89,L,256,16,32768,triangular|expand|vendor
trmm,float,sm_89,L,256,128,1,triangular|expand|vendor
trmm,float,sm_89,L,256,128,128,triangular|expand|vendor
trmm,float,sm_89,L,256,128,1024,triangular|expand|vendor
trmm,float,sm_89,L,256,128,32768,triangular|expand|vendor
trmm,float,sm_89,L,256,1024,1,triangular|expand|vendor
trmm,float,sm_89,L,256,1024,128,triangular|expand|vendor
trmm,float,sm_89,L,256,1024,1024,triangular|expand|vendor
trmm,float,sm_89,L,256,1024,32768,triangular|expand|vendor
trmm,float,sm_89,L,256,4096,1,triangular|expand|vendor
trmm,float,sm_89,L,256,4096,128,triangular|expand|vendor
trmm,float,sm_89,L,256,4096,1024,triangular|expand|vendor
trmm,float,sm_89,L,256,4096,32768,triangular|expand|vendor
trmm,float,sm_89,L,512,1,1,triangular|expand|vendor
trmm,float,sm_89,L,512,1,128,triangular|expand|vendor
trmm,float,sm_89,L,512,1,1024,triangular|expand|vendor
trmm,float,sm_89,L,512,1,32768,triangular|expand|vendor
trmm,float,sm_89,L,512,16,1,triangular|expand|vendor
trmm,float,sm_89,L,512,16,128,triangular|expand|vendor
trmm,float,sm_89,L,512,16,1024,triangular|expand|vendor
trmm,float,sm_89,L,512,16,32768,triangular|expand|vendor
trmm,float,sm_89,L,512,128,1,triangular|expand|vendor
trmm,float,sm_89,L,512,128,128,triangular|expand|vendor
trmm,float,sm_89,L,512,128,1024,triangular|expand|vendor
trmm,float,sm_89,L,512,128,32768,triangular|expand|vendor
trmm,float,sm_89,L,512,1024,1,triangular|expand|vendor
trmm,float,sm_89,L,512,1024,128,triangular|expand|vendor
trmm,float,sm_89,L,512,1024,1024,triangular|expand|vendor
trmm,float,sm_89,L,512,1024,32768,triangular|expand|vendor
trmm,float,sm_89,L,512,4096,1,triangular|expand|vendor
trmm,float,sm_89,L,512,4096,128,triangular|expand|vendor
trmm,float,sm_89,L,512,4096,1024,triangular|expand|vendor
trmm,float,sm_89,L,512,4096,32768,triangular|expand|vendor
trmm,float,sm_89,L,1024,1,1,triangular|expand|vendor
trmm,float,sm_89,L,1024,1,128,triangular|expand|vendor
trmm,float,sm_89,L,1024,1,1024,triangular|expand|vendor
trmm,float,sm_89,L,1024,1,32768,triangular|expand|vendor
trmm,float,sm_89,L,1024,16,1,triangular|expand|vendor
trmm,float,sm_89,L,1024,16,128,triangular|expand|vendor
trmm,float,sm_89,L,1024,16,1024,triangular|expand|vendor
trmm,float,sm_89,L,1024,16,32768,triangular|expand|vendor
trmm,float,sm_89,L,1024,128,1,triangular|expand|vendor
trmm,float,sm_89,L,1024,128,128,triangular|expand|vendor
trmm,float,sm_89,L,1024,128,1024,triangular|expand|vendor
trmm,float,sm_89,L,1024,128,32768,triangular|expand|vendor
trmm,float,sm_89,L,1024,1024,1,triangular|expand|vendor
trmm,float,sm_89,L,1024,1024,128,triangular|expand|vendor
trmm,float,sm_89,L,1024,1024,1024,triangular|expand|vendor
trmm,float,sm_89,L,1024,1024,32768,triangular|expand|vendor
trmm,float,sm_89,L,1024,4096,1,triangular|expand|vendor
trmm,float,sm_89,L,1024,4096,128,triangular|expand|vendor
trmm,float,sm_89,L,1024,4096,1024,triangular|expand|vendor
trmm,float,sm_89,L,1024,4096,32768,triangular|expand|vendor
trmm,float,sm_89,L,2048,1,1,triangular|expand|vendor
trmm,float,sm_89,L,2048,1,128,triangular|expand|vendor
trmm,float,sm_89,L,2048,1,1024,triangular|expand|vendor
trmm,float,sm_89,L,2048,1,32768,triangular|expand|vendor
trmm,float,sm_89,L,2048,16,1,triangular|expand|vendor
trmm,float,sm_89,L,2048,16,128,triangular|expand|vendor
trmm,float,sm_89,L,2048,16,1024,triangular|expand|vendor
trmm,float,sm_89,L,2048,16,32768,triangular|expand|vendor
trmm,float,sm_89,L,2048,128,1,triangular|expand|vendor
trmm,float,sm_89,L,2048,128,128,triangular|expand|vendor
trmm,float,sm_89,L,2048,128,1024,triangular|expand|vendor
trmm,float,sm_89,L,2048,128,32768,triangular|expand|vendor
trmm,float,sm_89,L,2048,1024,1,triangular|expand|vendor
trmm,float,sm_89,L,2048,1024,128,triangular|expand|vendor
trmm,float,sm_89,L,2048,1024,1024,triangular|expand|vendor
trmm,float,sm_89,L,2048,1024,32768,triangular|expand|vendor
trmm,float,sm_89,L,2048,4096,1,triangular|expand|vendor
trmm,float,sm_89,L,2048,4096,128,triangular|expand|vendor
trmm,float,sm_89,L,2048,4096,1024,triangular|expand|vendor
trmm,float,sm_89,L,2048,4096,32768,triangular|expand|vendor
trmm,float,sm_89,R,1,1,1,expand|vendor
trmm,float,sm_89,R,1,1,128,expand|vendor
trmm,float,sm_89,R,1,1,1024,expand|vendor
trmm,float,sm_89,R,1,1,32768,expand|vendor
trmm,float,sm_89,R,1,16,1,expand|vendor
trmm,float,sm_89,R,1,16,128,expand|vendor
trmm,float,sm_89,R,1,16,1024,expand|vendor
trmm,float,sm_89,R,1,16,32768,expand|vendor
trmm,float,sm_89,R,1,128,1,expand|vendor
trmm,float,sm_89,R,1,128,128,expand|vendor
trmm,float,sm_89,R,1,128,1024,expand|vendor
trmm,float,sm_89,R,1,128,32768,expand|vendor
trmm,float,sm_89,R,1,1024,1,expand|vendor
trmm,float,sm_89,R,1,1024,128,expand|vendor
trmm,float,sm_89,R,1,1024,1024,expand|vendor
trmm,float,sm_89,R,1,1024,32768,expand|vendor
trmm,float,sm_89,R,1,4096,1,expand|vendor
trmm,float,sm_89,R,1,4096,128,expand|vendor
trmm,float,sm_89,R,1,4096,1024,expand|vendor
trmm,float,sm_89,R,1,4096,32768,expand|vendor
trmm,float,sm_89,R,16,1,1,expand|vendor
trmm,float,sm_89,R,16,1,128,expand|vendor
trmm,float,sm_89,R,16,1,1024,expand|vendor
trmm,float,sm_89,R,16,1,32768,expand|vendor
trmm,float,sm_89,R,16,16,1,expand|vendor
trmm,float,sm_89,R,16,16,128,expand|vendor
trmm,float,sm_89,R,16,16,1024,expand|vendor
trmm,float,sm_89,R,16,16,32768,expand|vendor
trmm,float,sm_89,R,16,128,1,expand|vendor
trmm,float,sm_89,R,16,128,128,expand|vendor
trmm,float,sm_89,R,16,128,1024,expand|vendor
trmm,float,sm_89,R,16,128,32768,expand|vendor
trmm,float,sm_89,R,16,1024,1,expand|vendor
trmm,float,sm_89,R,16,1024,128,expand|vendor
trmm,float,sm_89,R,16,1024,1024,expand|vendor
trmm,float,sm_89,R,16,1024,32768,expand|vendor
trmm,float,sm_89,R,16,4096,1,expand|vendor
trmm,float,sm_89,R,16,4096,128,expand|vendor
trmm,float,sm_89,R,16,4096,1024,expand|vendor
trmm,float,sm_89,R,16,4096,32768,expand|vendor
trmm,float,sm_89,R,32,1,1,expand|vendor
trmm,float,sm_89,R,32,1,128,expand|vendor
trmm,float,sm_89,R,32,1,1024,expand|vendor
trmm,float,sm_89,R,32,1,32768,expand|vendor
trmm,float,sm_89,R,32,16,1,expand|vendor
trmm,float,sm_89,R,32,16,128,expand|vendor
trmm,float,sm_89,R,32,16,1024,expand|vendor
trmm,float,sm_89,R,32,16,32768,expand|vendor
trmm,float,sm_89,R,32,128,1,expand|vendor
trmm,float,sm_89,R,32,128,128,expand|vendor
trmm,float,sm_89,R,32,128,1024,expand|vendor
trmm,float,sm_89,R,32,128,32768,expand|vendor
trmm,float,sm_89,R,32,1024,1,expand|vendor
trmm,float,sm_89,R,32,1024,128,expand|vendor
trmm,float,sm_89,R,32,1024,1024,expand|vendor
trmm,float,sm_89,R,32,1024,32768,expand|vendor
trmm,float,sm_89,R,32,4096,1,expand|vendor
trmm,float,sm_89,R,32,4096,128,expand|vendor
trmm,float,sm_89,R,32,4096,1024,expand|vendor
trmm,float,sm_89,R,32,4096,32768,expand|vendor
trmm,float,sm_89,R,64,1,1,expand|vendor
trmm,float,sm_89,R,64,1,128,expand|vendor
trmm,float,sm_89,R,64,1,1024,expand|vendor
trmm,float,sm_89,R,64,1,32768,expand|vendor
trmm,float,sm_89,R,64,16,1,expand|vendor
trmm,float,sm_89,R,64,16,128,expand|vendor
trmm,float,sm_89,R,64,16,1024,expand|vendor
trmm,float,sm_89,R,64,16,32768,expand|vendor
trmm,float,sm_89,R,64,128,1,expand|vendor
trmm,float,sm_89,R,64,128,128,expand|vendor
trmm,float,sm_89,R,64,128,1024,expand|vendor
trmm,float,sm_89,R,64,128,32768,expand|vendor
trmm,float,sm_89,R,64,1024,1,expand|vendor
trmm,float,sm_89,R,64,1024,128,expand|vendor
trmm,float,sm_89,R,64,1024,1024,expand|vendor
trmm,float,sm_89,R,64,1024,32768,expand|vendor
trmm,float,sm_89,R,64,4096,1,expand|vendor
trmm,float,sm_89,R,64,4096,128,expand|vendor
trmm,float,sm_89,R,64,4096,1024,expand|vendor
trmm,float,sm_89,R,64,4096,32768,expand|vendor
trmm,float,sm_89,R,128,1,1,expand|vendor
trmm,float,sm_89,R,128,1,128,expand|vendor
trmm,float,sm_89,R,128,1,1024,expand|vendor
trmm,float,sm_89,R,128,1,32768,expand|vendor
trmm,float,sm_89,R,128,16,1,expand|vendor
trmm,float,sm_89,R,128,16,128,expand|vendor
trmm,float,sm_89,R,128,16,1024,expand|vendor
trmm,float,sm_89,R,128,16,32768,expand|vendor
trmm,float,sm_89,R,128,128,1,expand|vendor
trmm,float,sm_89,R,128,128,128,expand|vendor
trmm,float,sm_89,R,128,128,1024,expand|vendor
trmm,float,sm_89,R,128,128,32768,expand|vendor
trmm,float,sm_89,R,128,1024,1,expand|vendor
trmm,float,sm_89,R,128,1024,128,expand|vendor
trmm,float,sm_89,R,128,1024,1024,expand|vendor
trmm,float,sm_89,R,128,1024,32768,expand|vendor
trmm,float,sm_89,R,128,4096,1,expand|vendor
trmm,float,sm_89,R,128,4096,128,expand|vendor
trmm,float,sm_89,R,128,4096,1024,expand|vendor
trmm,float,sm_89,R,128,4096,32768,expand|vendor
trmm,float,sm_89,R,256,1,1,expand|vendor
trmm,float,sm_89,R,256,1,128,expand|vendor
trmm,float,sm_89,R,256,1,1024,expand|vendor
trmm,float,sm_89,R,256,1,32768,expand|vendor
trmm,float,sm_89,R,256,16,1,expand|vendor
trmm,float,sm_89,R,256,16,128,expand|vendor
trmm,float,sm_89,R,256,16,1024,expand|vendor
trmm,float,sm_89,R,256,16,32768,expand|vendor
trmm,float,sm_89,R,256,128,1,expand|vendor
trmm,float,sm_89,R,256,128,128,expand|vendor
trmm,float,sm_89,R,256,128,1024,expand|vendor
trmm,float,sm_89,R,256,128,32768,expand|vendor
trmm,float,sm_89,R,256,1024,1,expand|vendor
trmm,float,sm_89,R,256,1024,128,expand|vendor
trmm,float,sm_89,R,256,1024,1024,expand|vendor
trmm,float,sm_89,R,256,1024,32768,expand|vendor
trmm,float,sm_89,R,256,4096,1,expand|vendor
trmm,float,sm_89,R,256,4096,128,expand|vendor
trmm,float,sm_89,R,256,4096,1024,expand|vendor
trmm,float,sm_89,R,256,4096,32768,expand|vendor
trmm,float,sm_89,R,512,1,1,expand|vendor
trmm,float,sm_89,R,512,1,128,expand|vendor
trmm,float,sm_89,R,512,1,1024,expand|vendor
trmm,float,sm_89,R,512,1,32768,expand|vendor
trmm,float,sm_89,R,512,16,1,expand|vendor
trmm,float,sm_89,R,512,16,128,expand|vendor
trmm,float,sm_89,R,512,16,1024,expand|vendor
trmm,float,sm_89,R,512,16,32768,expand|vendor
trmm,float,sm_89,R,512,128,1,expand|vendor
trmm,float,sm_89,R,512,128,128,expand|vendor
trmm,float,sm_89,R,512,128,1024,expand|vendor
trmm,float,sm_89,R,512,128,32768,expand|vendor
trmm,float,sm_89,R,512,1024,1,expand|vendor
trmm,float,sm_89,R,512,1024,128,expand|vendor
trmm,float,sm_89,R,512,1024,1024,expand|vendor
trmm,float,sm_89,R,512,1024,32768,expand|vendor
trmm,float,sm_89,R,512,4096,1,expand|vendor
trmm,float,sm_89,R,512,4096,128,expand|vendor
trmm,float,sm_89,R,512,4096,1024,expand|vendor
trmm,float,sm_89,R,512,4096,32768,expand|vendor
trmm,float,sm_89,R,1024,1,1,expand|vendor
trmm,float,sm_89,R,1024,1,128,expand|vendor
trmm,float,sm_89,R,1024,1,1024,expand|vendor
trmm,float,sm_89,R,1024,1,32768,expand|vendor
trmm,float,sm_89,R,1024,16,1,expand|vendor
trmm,float,sm_89,R,1024,16,128,expand|vendor
trmm,float,sm_89,R,1024,16,1024,expand|vendor
trmm,float,sm_89,R,1024,16,32768,expand|vendor
trmm,float,sm_89,R,1024,128,1,expand|vendor
trmm,float,sm_89,R,1024,128,128,expand|vendor
trmm,float,sm_89,R,1024,128,1024,expand|vendor
trmm,float,sm_89,R,1024,128,32768,expand|vendor
trmm,float,sm_89,R,1024,1024,1,expand|vendor
trmm,float,sm_89,R,1024,1024,128,expand|vendor
trmm,float,sm_89,R,1024,1024,1024,expand|vendor
trmm,float,sm_89,R,1024,1024,32768,expand|vendor
trmm,float,sm_89,R,1024,4096,1,expand|vendor
trmm,float,sm_89,R,1024,4096,128,expand|vendor
trmm,float,sm_89,R,1024,4096,1024,expand|vendor
trmm,float,sm_89,R,1024,4096,32768,expand|vendor
trmm,float,sm_89,R,2048,1,1,expand|vendor
trmm,float,sm_89,R,2048,1,128,expand|vendor
trmm,float,sm_89,R,2048,1,1024,expand|vendor
trmm,float,sm_89,R,2048,1,32768,expand|vendor
trmm,float,sm_89,R,2048,16,1,expand|vendor
trmm,float,sm_89,R,2048,16,128,expand|vendor
trmm,float,sm_89,R,2048,16,1024,expand|vendor
trmm,float,sm_89,R,2048,16,32768,expand|vendor
trmm,float,sm_89,R,2048,128,1,expand|vendor
trmm,float,sm_89,R,2048,128,128,expand|vendor
trmm,float,sm_89,R,2048,128,1024,expand|vendor
trmm,float,sm_89,R,2048,128,32768,expand|vendor
trmm,float,sm_89,R,2048,1024,1,expand|vendor
trmm,float,sm_89,R,2048,1024,128,expand|vendor
trmm,float,sm_89,R,2048,1024,1024,expand|vendor
trmm,float,sm_89,R,2048,1024,32768,expand|vendor
trmm,float,sm_89,R,2048,4096,1,expand|vendor
trmm,float,sm_89,R,2048,4096,128,expand|vendor
trmm,float,sm_89,R,2048,4096,1024,expand|vendor
trmm,float,sm_89,R,2048,4096,32768,expand|vendor
trmm,double,sm_89,L,1,1,1,triangular|expand|vendor
trmm,double,sm_89,L,1,1,128,triangular|expand|vendor
trmm,double,sm_89,L,1,1,1024,triangular|expand|vendor
trmm,double,sm_89,L,1,1,32768,triangular|expand|vendor
trmm,double,sm_89,L,1,16,1,triangular|expand|vendor
trmm,double,sm_89,L,1,16,128,triangular|expand|vendor
trmm,double,sm_89,L,1,16,1024,triangular|expand|vendor
trmm,double,sm_89,L,1,16,32768,triangular|expand|vendor
trmm,double,sm_89,L,1,128,1,triangular|expand|vendor
trmm,double,sm_89,L,1,128,128,triangular|expand|vendor
trmm,double,sm_89,L,1,128,1024,triangular|expand|vendor
trmm,double,sm_89,L,1,128,32768,triangular|expand|vendor
trmm,double,sm_89,L,1,1024,1,triangular|expand|vendor
trmm,double,sm_89,L,1,1024,128,triangular|expand|vendor
trmm,double,sm_89,L,1,1024,1024,triangular|expand|vendor
trmm,double,sm_89,L,1,1024,32768,triangular|expand|vendor
trmm,double,sm_89,L,1,4096,1,triangular|expand|vendor
trmm,double,sm_89,L,1,4096,128,triangular|expand|vendor
trmm,double,sm_89,L,1,4096,1024,triangular|expand|vendor
trmm,double,sm_89,L,1,4096,32768,triangular|expand|vendor
trmm,double,sm_89,L,16,1,1,triangular|expand|vendor
trmm,double,sm_89,L,16,1,128,triangular|expand|vendor
trmm,double,sm_89,L,16,1,1024,triangular|expand|vendor
trmm,double,sm_89,L,16,1,32768,triangular|expand|vendor
trmm,double,sm_89,L,16,16,1,triangular|expand|vendor
trmm,double,sm_89,L,16,16,128,triangular|expand|vendor
trmm,double,sm_89,L,16,16,1024,triangular|expand|vendor
trmm,double,sm_89,L,16,16,32768,triangular|expand|vendor
trmm,double,sm_89,L,16,128,1,triangular|expand|vendor
trmm,double,sm_89,L,16,128,128,triangular|expand|vendor
trmm,double,sm_89,L,16,128,1024,triangular|expand|vendor
trmm,double,sm_89,L,16,128,32768,triangular|expand|vendor
trmm,double,sm_89,L,16,1024,1,triangular|expand|vendor
trmm,double,sm_89,L,16,1024,128,triangular|expand|vendor
trmm,double,sm_89,L,16,1024,1024,triangular|expand|vendor
trmm,double,sm_89,L,16,1024,32768,triangular|expand|vendor
trmm,double,sm_89,L,16,4096,1,triangular|expand|vendor
trmm,double,sm_89,L,16,4096,128,triangular|expand|vendor
trmm,double,sm_89,L,16,4096,1024,triangular|expand|vendor
trmm,double,sm_89,L,16,4096,32768,triangular|expand|vendor
trmm,double,sm_89,L,32,1,1,triangular|expand|vendor
trmm,double,sm_89,L,32,1,128,triangular|expand|vendor
trmm,double,sm_89,L,32,1,1024,triangular|expand|vendor
trmm,double,sm_89,L,32,1,32768,triangular|expand|vendor
trmm,double,sm_89,L,32,16,1,triangular|expand|vendor
trmm,double,sm_89,L,32,16,128,triangular|expand|vendor
trmm,double,sm_89,L,32,16,1024,triangular|expand|vendor
trmm,double,sm_89,L,32,16,32768,triangular|expand|vendor
trmm,double,sm_89,L,32,128,1,triangular|expand|vendor
trmm,double,sm_89,L,32,128,128,triangular|expand|vendor
trmm,double,sm_89,L,32,128,1024,triangular|expand|vendor
trmm,double,sm_89,L,32,128,32768,triangular|expand|vendor
trmm,double,sm_89,L,32,1024,1,triangular|expand|vendor
trmm,double,sm_89,L,32,1024,128,triangular|expand|vendor
trmm,double,sm_89,L,32,1024,1024,triangular|expand|vendor
trmm,double,sm_89,L,32,1024,32768,triangular|expand|vendor
trmm,double,sm_89,L,32,4096,1,triangular|expand|vendor
trmm,double,sm_89,L,32,4096,128,triangular|expand|vendor
trmm,double,sm_89,L,32,4096,1024,triangular|expand|vendor
trmm,double,sm_89,L,32,4096,32768,triangular|expand|vendor
trmm,double,sm_89,L,64,1,1,triangular|expand|vendor
trmm,double,sm_89,L,64,1,128,triangular|expand|vendor
trmm,double,sm_89,L,64,1,1024,triangular|expand|vendor
trmm,double,sm_89,L,64,1,32768,triangular|expand|vendor
trmm,double,sm_89,L,64,16,1,triangular|expand|vendor
trmm,double,sm_89,L,64,16,128,triangular|expand|vendor
trmm,double,sm_89,L,64,16,1024,triangular|expand|vendor
trmm,double,sm_89,L,64,16,32768,triangular|expand|vendor
trmm,double,sm_89,L,64,128,1,triangular|expand|vendor
trmm,double,sm_89,L,64,128,128,triangular|expand|vendor
trmm,double,sm_89,L,64,128,1024,triangular|expand|vendor
trmm,double,sm_89,L,64,128,32768,triangular|expand|vendor
trmm,double,sm_89,L,64,1024,1,triangular|expand|vendor
trmm,double,sm_89,L,64,1024,128,triangular|expand|vendor
trmm,double,sm_89,L,64,1024,1024,triangular|expand|vendor
trmm,double,sm_89,L,64,1024,32768,triangular|expand|vendor
trmm,double,sm_89,L,64,4096,1,triangular|expand|vendor
trmm,double,sm_89,L,64,4096,128,triangular|expand|vendor
trmm,double,sm_89,L,64,4096,1024,triangular|expand|vendor
trmm,double,sm_89,L,64,4096,32768,triangular|expand|vendor
trmm,double,sm_89,L,128,1,1,triangular|expand|vendor
trmm,double,sm_89,L,128,1,128,triangular|expand|vendor
trmm,double,sm_89,L,128,1,1024,triangular|expand|vendor
trmm,double,sm_89,L,128,1,32768,triangular|expand|vendor
trmm,double,sm_89,L,128,16,1,triangular|expand|vendor
trmm,double,sm_89,L,128,16,128,triangular|expand|vendor
trmm,double,sm_89,L,128,16,1024,triangular|expand|vendor
trmm,double,sm_89,L,128,16,32768,triangular|expand|vendor
trmm,double,sm_89,L,128,128,1,triangular|expand|vendor
trmm,double,sm_89,L,128,128,128,triangular|expand|vendor
trmm,double,sm_89,L,128,128,1024,triangular|expand|vendor
trmm,double,sm_89,L,128,128,32768,triangular|expand|vendor
trmm,double,sm_89,L,128,1024,1,triangular|expand|vendor
trmm,double,sm_89,L,128,1024,128,triangular|expand|vendor
trmm,double,sm_89,L,128,1024,1024,triangular|expand|vendor
trmm,double,sm_89,L,128,1024,32768,triangular|expand|vendor
trmm,double,sm_89,L,128,4096,1,triangular|expand|vendor
trmm,double,sm_89,L,128,4096,128,triangular|expand|vendor
trmm,double,sm_89,L,128,4096,1024,triangular|expand|vendor
trmm,double,sm_89,L,128,4096,32768,triangular|expand|vendor
trmm,double,sm_89,L,256,1,1,triangular|expand|vendor
trmm,double,sm_89,L,256,1,128,triangular|expand|vendor
trmm,double,sm_89,L,256,1,1024,triangular|expand|vendor
trmm,double,sm_89,L,256,1,32768,triangular|expand|vendor
trmm,double,sm_89,L,256,16,1,triangular|expand|vendor
trmm,double,sm_89,L,256,16,128,triangular|expand|vendor
trmm,double,sm_89,L,256,16,1024,triangular|expand|vendor
trmm,double,sm_89,L,256,16,32768,triangular|expand|vendor
trmm,double,sm_89,L,256,128,1,triangular|expand|vendor
trmm,double,sm_89,L,256,128,128,triangular|expand|vendor
trmm,double,sm_89,L,256,128,1024,triangular|expand|vendor
trmm,double,sm_89,L,256,128,32768,triangular|expand|vendor
trmm,double,sm_89,L,256,1024,1,triangular|expand|vendor
trmm,double,sm_89,L,256,1024,128,triangular|expand|vendor
trmm,double,sm_89,L,256,1024,1024,triangular|expand|vendor
trmm,double,sm_89,L,256,1024,32768,triangular|expand|vendor
trmm,double,sm_89,L,256,4096,1,triangular|expand|vendor
trmm,double,sm_89,L,256,4096,128,triangular|expand|vendor
trmm,double,sm_89,L,256,4096,1024,triangular|expand|vendor
trmm,double,sm_89,L,256,4096,32768,triangular|expand|vendor
trmm,double,sm_89,L,512,1,1,triangular|expand|vendor
trmm,double,sm_89,L,512,1,128,triangular|expand|vendor
trmm,double,sm_89,L,512,1,1024,triangular|expand|vendor
trmm,double,sm_89,L,512,1,32768,triangular|expand|vendor
trmm,double,sm_89,L,512,16,1,triangular|expand|vendor
trmm,double,sm_89,L,512,16,128,triangular|expand|vendor
trmm,double,sm_89,L,512,16,1024,triangular|expand|vendor
trmm,double,sm_89,L,512,16,32768,triangular|expand|vendor
trmm,double,sm_89,L,512,128,1,triangular|expand|vendor
trmm,double,sm_89,L,512,128,128,triangular|expand|vendor
trmm,double,sm_89,L,512,128,1024,triangular|expand|vendor
trmm,double,sm_89,L,512,128,32768,triangular|expand|vendor
trmm,double,sm_89,L,512,1024,1,triangular|expand|vendor
trmm,double,sm_89,L,512,1024,128,triangular|expand|vendor
trmm,double,sm_89,L,512,1024,1024,triangular|expand|vendor
trmm,double,sm_89,L,512,1024,32768,triangular|expand|vendor
trmm,double,sm_89,L,512,4096,1,triangular|expand|vendor
trmm,double,sm_89,L,512,4096,128,triangular|expand|vendor
trmm,double,sm_89,L,512,4096,1024,triangular|expand|vendor
trmm,double,sm_89,L,512,4096,32768,triangular|expand|vendor
trmm,double,sm_89,L,1024,1,1,triangular|expand|vendor
trmm,double,sm_89,L,1024,1,128,triangular|expand|vendor
trmm,double,sm_89,L,1024,1,1024,triangular|expand|vendor
trmm,double,sm_89,L,1024,1,32768,triangular|expand|vendor
trmm,double,sm_89,L,1024,16,1,triangular|expand|vendor
trmm,double,sm_89,L,1024,16,128,triangular|expand|vendor
trmm,double,sm_89,L,1024,16,1024,triangular|expand|vendor
trmm,double,sm_89,L,1024,16,32768,triangular|expand|vendor
trmm,double,sm_89,L,1024,128,1,triangular|expand|vendor
trmm,double,sm_89,L,1024,128,128,triangular|expand|vendor
trmm,double,sm_89,L,1024,128,1024,triangular|expand|vendor
trmm,double,sm_89,L,1024,128,32768,triangular|expand|vendor
trmm,double,sm_89,L,1024,1024,1,triangular|expand|vendor
trmm,double,sm_89,L,1024,1024,128,triangular|expand|vendor
trmm,double,sm_89,L,1024,1024,1024,triangular|expand|vendor
trmm,double,sm_89,L,1024,1024,32768,triangular|expand|vendor
trmm,double,sm_89,L,1024,4096,1,triangular|expand|vendor
trmm,double,sm_89,L,1024,4096,128,triangular|expand|vendor
trmm,double,sm_89,L,1024,4096,1024,triangular|expand|vendor
trmm,double,sm_89,L,1024,4096,32768,triangular|expand|vendor
trmm,double,sm_89,L,2048,1,1,triangular|expand|vendor
trmm,double,sm_89,L,2048,1,128,triangular|expand|vendor
trmm,double,sm_89,L,2048,1,1024,triangular|expand|vendor
trmm,double,sm_89,L,2048,1,32768,triangular|expand|vendor
trmm,double,sm_89,L,2048,16,1,triangular|expand|vendor
trmm,double,sm_89,L,2048,16,128,triangular|expand|vendor
trmm,double,sm_89,L,2048,16,1024,triangular|expand|vendor
trmm,double,sm_89,L,2048,16,32768,triangular|expand|vendor
trmm,double,sm_89,L,2048,128,1,triangular|expand|vendor
trmm,double,sm_89,L,2048,128,128,triangular|expand|vendor
trmm,double,sm_89,L,2048,128,1024,triangular|expand|vendor
trmm,double,sm_89,L,2048,128,32768,triangular|expand|vendor
trmm,double,sm_89,L,2048,1024,1,triangular|expand|vendor
trmm,double,sm_89,L,2048,1024,128,triangular|expand|vendor
trmm,double,sm_89,L,2048,1024,1024,triangular|expand|vendor
trmm,double,sm_89,L,2048,1024,32768,triangular|expand|vendor
trmm,double,sm_89,L,2048,4096,1,triangular|expand|vendor
trmm,double,sm_89,L,2048,4096,128,triangular|expand|vendor
trmm,double,sm_89,L,2048,4096,1024,triangular|expand|vendor
trmm,double,sm_89,L,2048,4096,32768,triangular|expand|vendor
trmm,double,sm_89,R,1,1,1,expand|vendor
trmm,double,sm_89,R,1,1,128,expand|vendor
trmm,double,sm_89,R,1,1,1024,expand|vendor
trmm,double,sm_89,R,1,1,32768,expand|vendor
trmm,double,sm_89,R,1,16,1,expand|vendor
trmm,double,sm_89,R,1,16,128,expand|vendor
trmm,double,sm_89,R,1,16,1024,expand|vendor
trmm,double,sm_89,R,1,16,32768,expand|vendor
trmm,double,sm_89,R,1,128,1,expand|vendor
trmm,double,sm_89,R,1,128,128,expand|vendor
trmm,double,sm_89,R,1,128,1024,expand|vendor
trmm,double,sm_89,R,1,128,32768,expand|vendor
trmm,double,sm_89,R,1,1024,1,expand|vendor
trmm,double,sm_89,R,1,1024,128,expand|vendor
trmm,double,sm_89,R,1,1024,1024,expand|vendor
trmm,double,sm_89,R,1,1024,32768,expand|vendor
trmm,double,sm_89,R,1,4096,1,expand|vendor
trmm,double,sm_89,R,1,4096,128,expand|vendor
trmm,double,sm_89,R,1,4096,1024,expand|vendor
trmm,double,sm_89,R,1,4096,32768,expand|vendor
trmm,double,sm_89,R,16,1,1,expand|vendor
trmm,double,sm_89,R,16,1,128,expand|vendor
trmm,double,sm_89,R,16,1,1024,expand|vendor
trmm,double,sm_89,R,16,1,32768,expand|vendor
trmm,double,sm_89,R,16,16,1,expand|vendor
trmm,double,sm_89,R,16,16,128,expand|vendor
trmm,double,sm_89,R,16,16,1024,expand|vendor
trmm,double,sm_89,R,16,16,32768,expand|vendor
trmm,double,sm_89,R,16,128,1,expand|vendor
trmm,double,sm_89,R,16,128,128,expand|vendor
trmm,double,sm_89,R,16,128,1024,expand|vendor
trmm,double,sm_89,R,16,128,32768,expand|vendor
trmm,double,sm_89,R,16,1024,1,expand|vendor
trmm,double,sm_89,R,16,1024,128,expand|vendor
trmm,double,sm_89,R,16,1024,1024,expand|vendor
trmm,double,sm_89,R,16,1024,32768,expand|vendor
trmm,double,sm_89,R,16,4096,1,expand|vendor
trmm,double,sm_89,R,16,4096,128,expand|vendor
trmm,double,sm_89,R,16,4096,1024,expand|vendor
trmm,double,sm_89,R,16,4096,32768,expand|vendor
trmm,double,sm_89,R,32,1,1,expand|vendor
trmm,double,sm_89,R,32,1,128,expand|vendor
trmm,double,sm_89,R,32,1,1024,expand|vendor
trmm,double,sm_89,R,32,1,32768,expand|vendor
trmm,double,sm_89,R,32,16,1,expand|vendor
trmm,double,sm_89,R,32,16,128,expand|vendor
trmm,double,sm_89,R,32,16,1024,expand|vendor
trmm,double,sm_89,R,32,16,32768,expand|vendor
trmm,double,sm_89,R,32,128,1,expand|vendor
trmm,double,sm_89,R,32,128,128,expand|vendor
trmm,double,sm_89,R,32,128,1024,expand|vendor
trmm,double,sm_89,R,32,128,32768,expand|vendor
trmm,double,sm_89,R,32,1024,1,expand|vendor
trmm,double,sm_89,R,32,1024,128,expand|vendor
trmm,double,sm_89,R,32,1024,1024,expand|vendor
trmm,double,sm_89,R,32,1024,32768,expand|vendor
trmm,double,sm_89,R,32,4096,1,expand|vendor
trmm,double,sm_89,R,32,4096,128,expand|vendor
trmm,double,sm_89,R,32,4096,1024,expand|vendor
trmm,double,sm_89,R,32,4096,32768,expand|vendor
trmm,double,sm_89,R,64,1,1,expand|vendor
trmm,double,sm_89,R,64,1,128,expand|vendor
trmm,double,sm_89,R,64,1,1024,expand|vendor
trmm,double,sm_89,R,64,1,32768,expand|vendor
trmm,double,sm_89,R,64,16,1,expand|vendor
trmm,double,sm_89,R,64,16,128,expand|vendor
trmm,double,sm_89,R,64,16,1024,expand|vendor
trmm,double,sm_89,R,64,16,32768,expand|vendor
trmm,double,sm_89,R,64,128,1,expand|vendor
trmm,double,sm_89,R,64,128,128,expand|vendor
trmm,double,sm_89,R,64,128,1024,expand|vendor
trmm,double,sm_89,R,64,128,32768,expand|vendor
trmm,double,sm_89,R,64,1024,1,expand|vendor
trmm,double,sm_89,R,64,1024,128,expand|vendor
trmm,double,sm_89,R,64,1024,1024,expand|vendor
trmm,double,sm_89,R,64,1024,32768,expand|vendor
trmm,double,sm_89,R,64,4096,1,expand|vendor
trmm,double,sm_89,R,64,4096,128,expand|vendor
trmm,double,sm_89,R,64,4096,1024,expand|vendor
trmm,double,sm_89,R,64,4096,32768,expand|vendor
trmm,double,sm_89,R,128,1,1,expand|vendor
trmm,double,sm_89,R,128,1,128,expand|vendor
trmm,double,sm_89,R,128,1,1024,expand|vendor
trmm,double,sm_89,R,128,1,32768,expand|vendor
trmm,double,sm_89,R,128,16,1,expand|vendor
trmm,double,sm_89,R,128,16,128,expand|vendor
trmm,double,sm_89,R,128,16,1024,expand|vendor
trmm,double,sm_89,R,128,16,32768,expand|vendor
trmm,double,sm_89,R,128,128,1,expand|vendor
trmm,double,sm_89,R,128,128,128,expand|vendor
trmm,double,sm_89,R,128,128,1024,expand|vendor
trmm,double,sm_89,R,128,128,32768,expand|vendor
trmm,double,sm_89,R,128,1024,1,expand|vendor
trmm,double,sm_89,R,128,1024,128,expand|vendor
trmm,double,sm_89,R,128,1024,1024,expand|vendor
trmm,double,sm_89,R,128,1024,32768,expand|vendor
trmm,double,sm_89,R,128,4096,1,expand|vendor
trmm,double,sm_89,R,128,4096,128,expand|vendor
trmm,double,sm_89,R,128,4096,1024,expand|vendor
trmm,double,sm_89,R,128,4096,32768,expand|vendor
trmm,double,sm_89,R,256,1,1,expand|vendor
trmm,double,sm_89,R,256,1,128,expand|vendor
trmm,double,sm_89,R,256,1,1024,expand|vendor
trmm,double,sm_89,R,256,1,32768,expand|vendor
trmm,double,sm_89,R,256,16,1,expand|vendor
trmm,double,sm_89,R,256,16,128,expand|vendor
trmm,double,sm_89,R,256,16,1024,expand|vendor
trmm,double,sm_89,R,256,16,32768,expand|vendor
trmm,double,sm_89,R,256,128,1,expand|vendor
trmm,double,sm_89,R,256,128,128,expand|vendor
trmm,double,sm_89,R,256,128,1024,expand|vendor
trmm,double,sm_89,R,256,128,32768,expand|vendor
trmm,double,sm_89,R,256,1024,1,expand|vendor
trmm,double,sm_89,R,256,1024,128,expand|vendor
trmm,double,sm_89,R,256,1024,1024,expand|vendor
trmm,double,sm_89,R,256,1024,32768,expand|vendor
trmm,double,sm_89,R,256,4096,1,expand|vendor
trmm,double,sm_89,R,256,4096,128,expand|vendor
trmm,double,sm_89,R,256,4096,1024,expand|vendor
trmm,double,sm_89,R,256,4096,32768,expand|vendor
trmm,double,sm_89,R,512,1,1,expand|vendor
trmm,double,sm_89,R,512,1,128,expand|vendor
trmm,double,sm_89,R,512,1,1024,expand|vendor
trmm,double,sm_89,R,512,1,32768,expand|vendor
trmm,double,sm_89,R,512,16,1,expand|vendor
trmm,double,sm_89,R,512,16,128,expand|vendor
trmm,double,sm_89,R,512,16,1024,expand|vendor
trmm,double,sm_89,R,512,16,32768,expand|vendor
trmm,double,sm_89,R,512,128,1,expand|vendor
trmm,double,sm_89,R,512,128,128,expand|vendor
trmm,double,sm_89,R,512,128,1024,expand|vendor
trmm,double,sm_89,R,512,128,32768,expand|vendor
trmm,double,sm_89,R,512,1024,1,expand|vendor
trmm,double,sm_89,R,512,1024,128,expand|vendor
trmm,double,sm_89,R,512,1024,1024,expand|vendor
trmm,double,sm_89,R,512,1024,32768,expand|vendor
trmm,double,sm_89,R,512,4096,1,expand|vendor
trmm,double,sm_89,R,512,4096,128,expand|vendor
trmm,double,sm_89,R,512,4096,1024,expand|vendor
trmm,double,sm_89,R,512,4096,32768,expand|vendor
trmm,double,sm_89,R,1024,1,1,expand|vendor
trmm,double,sm_89,R,1024,1,128,expand|vendor
trmm,double,sm_89,R,1024,1,1024,expand|vendor
trmm,double,sm_89,R,1024,1,32768,expand|vendor
trmm,double,sm_89,R,1024,16,1,expand|vendor
trmm,double,sm_89,R,1024,16,128,expand|vendor
trmm,double,sm_89,R,1024,16,1024,expand|vendor
trmm,double,sm_89,R,1024,16,32768,expand|vendor
trmm,double,sm_89,R,1024,128,1,expand|vendor
trmm,double,sm_89,R,1024,128,128,expand|vendor
trmm,double,sm_89,R,1024,128,1024,expand|vendor
trmm,double,sm_89,R,1024,128,32768,expand|vendor
trmm,double,sm_89,R,1024,1024,1,expand|vendor
trmm,double,sm_89,R,1024,1024,128,expand|vendor
trmm,double,sm_89,R,1024,1024,1024,expand|vendor
trmm,double,sm_89,R,1024,1024,32768,expand|vendor
trmm,double,sm_89,R,1024,4096,1,expand|vendor
trmm,double,sm_89,R,1024,4096,128,expand|vendor
trmm,double,sm_89,R,1024,4096,1024,expand|vendor
trmm,double,sm_89,R,1024,4096,32768,expand|vendor
trmm,double,sm_89,R,2048,1,1,expand|vendor
trmm,double,sm_89,R,2048,1,128,expand|vendor
trmm,double,sm_89,R,2048,1,1024,expand|vendor
trmm,double,sm_89,R,2048,1,32768,expand|vendor
trmm,double,sm_89,R,2048,16,1,expand|vendor
trmm,double,sm_89,R,2048,16,128,expand|vendor
trmm,double,sm_89,R,2048,16,1024,expand|vendor
trmm,double,sm_89,R,2048,16,32768,expand|vendor
trmm,double,sm_89,R,2048,128,1,expand|vendor
trmm,double,sm_89,R,2048,128,128,expand|vendor
trmm,double,sm_89,R,2048,128,1024,expand|vendor
trmm,double,sm_89,R,2048,128,32768,expand|vendor
trmm,double,sm_89,R,2048,1024,1,expand|vendor
trmm,double,sm_89,R,2048,1024,128,expand|vendor
trmm,double,sm_89,R,2048,1024,1024,expand|vendor
trmm,double,sm_89,R,2048,1024,32768,expand|vendor
trmm,double,sm_89,R,2048,4096,1,expand|vendor
trmm,double,sm_89,R,2048,4096,128,expand|vendor
trmm,double,sm_89,R,2048,4096,1024,expand|vendor
trmm,double,sm_89,R,2048,4096,32768,expand|vendor
trmm,cfloat,sm_89,L,1,1,1,triangular|expand|vendor
trmm,cfloat,sm_89,L,1,1,128,triangular|expand|vendor
trmm,cfloat,sm_89,L,1,1,1024,triangular|expand|vendor
trmm,cfloat,sm_89,L,1,1,32768,triangular|expand|vendor
trmm,cfloat,sm_89,L,1,16,1,triangular|expand|vendor
trmm,cfloat,sm_89,L,1,16,128,triangular|expand|vendor
trmm,cfloat,sm_89,L,1,16,1024,triangular|expand|vendor
trmm,cfloat,sm_89,L,1,16,32768,triangular|expand|vendor
trmm,cfloat,sm_89,L,1,128,1,triangular|expand|vendor
trmm,cfloat,sm_89,L,1,128,128,triangular|expand|vendor
trmm,cfloat,sm_89,L,1,128,1024,triangular|expand|vendor
trmm,cfloat,sm_89,L,1,128,32768,triangular|expand|vendor
trmm,cfloat,sm_89,L,1,1024,1,triangular|expand|vendor
trmm,cfloat,sm_89,L,1,1024,128,triangular|expand|vendor
trmm,cfloat,sm_89,L,1,1024,1024,triangular|expand|vendor
trmm,cfloat,sm_89,L,1,1024,32768,triangular|expand|vendor
trmm,cfloat,sm_89,L,1,4096,1,triangular|expand|vendor
trmm,cfloat,sm_89,L,1,4096,128,triangular|expand|vendor
trmm,cfloat,sm_89,L,1,4096,1024,triangular|expand|vendor
trmm,cfloat,sm_89,L,1,4096,32768,triangular|expand|vendor
trmm,cfloat,sm_89,L,16,1,1,triangular|expand|vendor
trmm,cfloat,sm_89,L,16,1,128,triangular|expand|vendor
trmm,cfloat,sm_89,L,16,1,1024,triangular|expand|vendor
trmm,cfloat,sm_89,L,16,1,32768,triangular|expand|vendor
trmm,cfloat,sm_89,L,16,16,1,triangular|expand|vendor
trmm,cfloat,sm_89,L,16,16,128,triangular|expand|vendor
trmm,cfloat,sm_89,L,16,16,1024,triangular|expand|vendor
trmm,cfloat,sm_89,L,16,16,32768,triangular|expand|vendor
trmm,cfloat,sm_89,L,16,128,1,triangular|expand|vendor
trmm,cfloat,sm_89,L,16,128,128,triangular|expand|vendor
trmm,cfloat,sm_89,L,16,128,1024,triangular|expand|vendor
trmm,cfloat,sm_89,L,16,128,32768,triangular|expand|vendor
trmm,cfloat,sm_89,L,16,1024,1,triangular|expand|vendor
trmm,cfloat,sm_89,L,16,1024,128,triangular|expand|vendor
trmm,cfloat,sm_89,L,16,1024,1024,triangular|expand|vendor
trmm,cfloat,sm_89,L,16,1024,32768,triangular|expand|vendor
trmm,cfloat,sm_89,L,16,4096,1,triangular|expand|vendor
trmm,cfloat,sm_89,L,16,4096,128,triangular|expand|vendor
trmm,cfloat,sm_89,L,16,4096,1024,triangular|expand|vendor
trmm,cfloat,sm_89,L,16,4096,32768,triangular|expand|vendor
trmm,cfloat,sm_89,L,32,1,1,triangular|expand|vendor
trmm,cfloat,sm_89,L,32,1,128,triangular|expand|vendor
trmm,cfloat,sm_89,L,32,1,1024,triangular|expand|vendor
trmm,cfloat,sm_89,L,32,1,32768,triangular|expand|vendor
trmm,cfloat,sm_89,L,32,16,1,triangular|expand|vendor
trmm,cfloat,sm_89,L,32,16,128,triangular|expand|vendor
trmm,cfloat,sm_89,L,32,16,1024,triangular|expand|vendor
trmm,cfloat,sm_89,L,32,16,32768,triangular|expand|vendor
trmm,cfloat,sm_89,L,32,128,1,triangular|expand|vendor
trmm,cfloat,sm_89,L,32,128,128,triangular|expand|vendor
trmm,cfloat,sm_89,L,32,128,1024,triangular|expand|vendor
trmm,cfloat,sm_89,L,32,128,32768,triangular|expand|vendor
trmm,cfloat,sm_89,L,32,1024,1,triangular|expand|vendor
trmm,cfloat,sm_89,L,32,1024,128,triangular|expand|vendor
trmm,cfloat,sm_89,L,32,1024,1024,triangular|expand|vendor
trmm,cfloat,sm_89,L,32,1024,32768,triangular|expand|vendor
trmm,cfloat,sm_89,L,32,4096,1,triangular|expand|vendor
trmm,cfloat,sm_89,L,32,4096,128,triangular|expand|vendor
trmm,cfloat,sm_89,L,32,4096,1024,triangular|expand|vendor
trmm,cfloat,sm_89,L,32,4096,32768,triangular|expand|vendor
trmm,cfloat,sm_89,L,64,1,1,triangular|expand|vendor
trmm,cfloat,sm_89,L,64,1,128,triangular|expand|vendor
trmm,cfloat,sm_89,L,64,1,1024,triangular|expand|vendor
trmm,cfloat,sm_89,L,64,1,32768,triangular|expand|vendor
trmm,cfloat,sm_89,L,64,16,1,triangular|expand|vendor
trmm,cfloat,sm_89,L,64,16,128,triangular|expand|vendor
trmm,cfloat,sm_89,L,64,16,1024,triangular|expand|vendor
trmm,cfloat,sm_89,L,64,16,32768,triangular|expand|vendor
trmm,cfloat,sm_89,L,64,128,1,triangular|expand|vendor
trmm,cfloat,sm_89,L,64,128,128,triangular|expand|vendor
trmm,cfloat,sm_89,L,64,128,1024,triangular|expand|vendor
trmm,cfloat,sm_89,L,64,128,32768,triangular|expand|vendor
trmm,cfloat,sm_89,L,64,1024,1,triangular|expand|vendor
trmm,cfloat,sm_89,L,64,1024,128,triangular|expand|vendor
trmm,cfloat,sm_89,L,64,1024,1024,triangular|expand|vendor
trmm,cfloat,sm_89,L,64,1024,32768,triangular|expand|vendor
trmm,cfloat,sm_89,L,64,4096,1,triangular|expand|vendor
trmm,cfloat,sm_89,L,64,4096,128,triangular|expand|vendor
trmm,cfloat,sm_89,L,64,4096,1024,triangular|expand|vendor
trmm,cfloat,sm_89,L,64,4096,32768,triangular|expand|vendor
trmm,cfloat,sm_89,L,128,1,1,triangular|expand|vendor
trmm,cfloat,sm_89,L,128,1,128,triangular|expand|vendor
trmm,cfloat,sm_89,L,128,1,1024,triangular|expand|vendor
trmm,cfloat,sm_89,L,128,1,32768,triangular|expand|vendor
trmm,cfloat,sm_89,L,128,16,1,triangular|expand|vendor
trmm,cfloat,sm_89,L,128,16,128,triangular|expand|vendor
trmm,cfloat,sm_89,L,128,16,1024,triangular|expand|vendor
trmm,cfloat,sm_89,L,128,16,32768,triangular|expand|vendor
trmm,cfloat,sm_89,L,128,128,1,triangular|expand|vendor
trmm,cfloat,sm_89,L,128,128,128,triangular|expand|vendor
trmm,cfloat,sm_89,L,128,128,1024,triangular|expand|vendor
trmm,cfloat,sm_89,L,128,128,32768,triangular|expand|vendor
trmm,cfloat,sm_89,L,128,1024,1,triangular|expand|vendor
trmm,cfloat,sm_89,L,128,1024,128,triangular|expand|vendor
trmm,cfloat,sm_89,L,128,1024,1024,triangular|expand|vendor
trmm,cfloat,sm_89,L,128,1024,32768,triangular|expand|vendor
trmm,cfloat,sm_89,L,128,4096,1,triangular|expand|vendor
trmm,cfloat,sm_89,L,128,4096,128,triangular|expand|vendor
trmm,cfloat,sm_89,L,128,4096,1024,triangular|expand|vendor
trmm,cfloat,sm_89,L,128,4096,32768,triangular|expand|vendor
trmm,cfloat,sm_89,L,256,1,1,triangular|expand|vendor
trmm,cfloat,sm_89,L,256,1,128,triangular|expand|vendor
trmm,cfloat,sm_89,L,256,1,1024,triangular|expand|vendor
trmm,cfloat,sm_89,L,256,1,32768,triangular|expand|vendor
trmm,cfloat,sm_89,L,256,16,1,triangular|expand|vendor
trmm,cfloat,sm_89,L,256,16,128,triangular|expand|vendor
trmm,cfloat,sm_89,L,256,16,1024,triangular|expand|vendor
trmm,cfloat,sm_89,L,256,16,32768,triangular|expand|vendor
trmm,cfloat,sm_89,L,256,128,1,triangular|expand|vendor
trmm,cfloat,sm_89,L,256,128,128,triangular|expand|vendor
trmm,cfloat,sm_89,L,256,128,1024,triangular|expand|vendor
trmm,cfloat,sm_89,L,256,128,32768,triangular|expand|vendor
trmm,cfloat,sm_89,L,256,1024,1,triangular|expand|vendor
trmm,cfloat,sm_89,L,256,1024,128,triangular|expand|vendor
trmm,cfloat,sm_89,L,256,1024,1024,triangular|expand|vendor
trmm,cfloat,sm_89,L,256,1024,32768,triangular|expand|vendor
trmm,cfloat,sm_89,L,256,4096,1,triangular|expand|vendor
trmm,cfloat,sm_89,L,256,4096,128,triangular|expand|vendor
trmm,cfloat,sm_89,L,256,4096,1024,triangular|expand|vendor
trmm,cfloat,sm_89,L,256,4096,32768,triangular|expand|vendor
trmm,cfloat,sm_89,L,512,1,1,triangular|expand|vendor
trmm,cfloat,sm_89,L,512,1,128,triangular|expand|vendor
trmm,cfloat,sm_89,L,512,1,1024,triangular|expand|vendor
trmm,cfloat,sm_89,L,512,1,32768,triangular|expand|vendor
trmm,cfloat,sm_89,L,512,16,1,triangular|expand|vendor
trmm,cfloat,sm_89,L,512,16,128,triangular|expand|vendor
trmm,cfloat,sm_89,L,512,16,1024,triangular|expand|vendor
trmm,cfloat,sm_89,L,512,16,32768,triangular|expand|vendor
trmm,cfloat,sm_89,L,512,128,1,triangular|expand|vendor
trmm,cfloat,sm_89,L,512,128,128,triangular|expand|vendor
trmm,cfloat,sm_89,L,512,128,1024,triangular|expand|vendor
trmm,cfloat,sm_89,L,512,128,32768,triangular|expand|vendor
trmm,cfloat,sm_89,L,512,1024,1,triangular|expand|vendor
trmm,cfloat,sm_89,L,512,1024,128,triangular|expand|vendor
trmm,cfloat,sm_89,L,512,1024,1024,triangular|expand|vendor
trmm,cfloat,sm_89,L,512,1024,32768,triangular|expand|vendor
trmm,cfloat,sm_89,L,512,4096,1,triangular|expand|vendor
trmm,cfloat,sm_89,L,512,4096,128,triangular|expand|vendor
trmm,cfloat,sm_89,L,512,4096,1024,triangular|expand|vendor
trmm,cfloat,sm_89,L,512,4096,32768,triangular|expand|vendor
trmm,cfloat,sm_89,L,1024,1,1,triangular|expand|vendor
trmm,cfloat,sm_89,L,1024,1,128,triangular|expand|vendor
trmm,cfloat,sm_89,L,1024,1,1024,triangular|expand|vendor
trmm,cfloat,sm_89,L,1024,1,32768,triangular|expand|vendor
trmm,cfloat,sm_89,L,1024,16,1,triangular|expand|vendor
trmm,cfloat,sm_89,L,1024,16,128,triangular|expand|vendor
trmm,cfloat,sm_89,L,1024,16,1024,triangular|expand|vendor
trmm,cfloat,sm_89,L,1024,16,32768,triangular|expand|vendor
trmm,cfloat,sm_89,L,1024,128,1,triangular|expand|vendor
trmm,cfloat,sm_89,L,1024,128,128,triangular|expand|vendor
trmm,cfloat,sm_89,L,1024,128,1024,triangular|expand|vendor
trmm,cfloat,sm_89,L,1024,128,32768,triangular|expand|vendor
trmm,cfloat,sm_89,L,1024,1024,1,triangular|expand|vendor
trmm,cfloat,sm_89,L,1024,1024,128,triangular|expand|vendor
trmm,cfloat,sm_89,L,1024,1024,1024,triangular|expand|vendor
trmm,cfloat,sm_89,L,1024,1024,32768,triangular|expand|vendor
trmm,cfloat,sm_89,L,1024,4096,1,triangular|expand|vendor
trmm,cfloat,sm_89,L,1024,4096,128,triangular|expand|vendor
trmm,cfloat,sm_89,L,1024,4096,1024,triangular|expand|vendor
trmm,cfloat,sm_89,L,1024,4096,32768,triangular|expand|vendor
trmm,cfloat,sm_89,L,2048,1,1,triangular|expand|vendor
trmm,cfloat,sm_89,L,2048,1,128,triangular|expand|vendor
trmm,cfloat,sm_89,L,2048,1,1024,triangular|expand|vendor
trmm,cfloat,sm_89,L,2048,1,32768,triangular|expand|vendor
trmm,cfloat,sm_89,L,2048,16,1,triangular|expand|vendor
trmm,cfloat,sm_89,L,2048,16,128,triangular|expand|vendor
trmm,cfloat,sm_89,L,2048,16,1024,triangular|expand|vendor
trmm,cfloat,sm_89,L,2048,16,32768,triangular|expand|vendor
trmm,cfloat,sm_89,L,2048,128,1,triangular|expand|vendor
trmm,cfloat,sm_89,L,2048,128,128,triangular|expand|vendor
trmm,cfloat,sm_89,L,2048,128,1024,triangular|expand|vendor
trmm,cfloat,sm_89,L,2048,128,32768,triangular|expand|vendor
trmm,cfloat,sm_89,L,2048,1024,1,triangular|expand|vendor
trmm,cfloat,sm_89,L,2048,1024,128,triangular|expand|vendor
trmm,cfloat,sm_89,L,2048,1024,1024,triangular|expand|vendor
trmm,cfloat,sm_89,L,2048,1024,32768,triangular|expand|vendor
trmm,cfloat,sm_89,L,2048,4096,1,triangular|expand|vendor
trmm,cfloat,sm_89,L,2048,4096,128,triangular|expand|vendor
trmm,cfloat,sm_89,L,2048,4096,1024,triangular|expand|vendor
trmm,cfloat,sm_89,L,2048,4096,32768,triangular|expand|vendor
trmm,cfloat,sm_89,R,1,1,1,expand|vendor
trmm,cfloat,sm_89,R,1,1,128,expand|vendor
trmm,cfloat,sm_89,R,1,1,1024,expand|vendor
trmm,cfloat,sm_89,R,1,1,32768,expand|vendor
trmm,cfloat,sm_89,R,1,16,1,expand|vendor
trmm,cfloat,sm_89,R,1,16,128,expand|vendor
trmm,cfloat,sm_89,R,1,16,1024,expand|vendor
trmm,cfloat,sm_89,R,1,16,32768,expand|vendor
trmm,cfloat,sm_89,R,1,128,1,expand|vendor
trmm,cfloat,sm_89,R,1,128,128,expand|vendor
trmm,cfloat,sm_89,R,1,128,1024,expand|vendor
trmm,cfloat,sm_89,R,1,128,32768,expand|vendor
trmm,cfloat,sm_89,R,1,1024,1,expand|vendor
trmm,cfloat,sm_89,R,1,1024,128,expand|vendor
trmm,cfloat,sm_89,R,1,1024,1024,expand|vendor
trmm,cfloat,sm_89,R,1,1024,32768,expand|vendor
trmm,cfloat,sm_89,R,1,4096,1,expand|vendor
trmm,cfloat,sm_89,R,1,4096,128,expand|vendor
trmm,cfloat,sm_89,R,1,4096,1024,expand|vendor
trmm,cfloat,sm_89,R,1,4096,32768,expand|vendor
trmm,cfloat,sm_89,R,16,1,1,expand|vendor
trmm,cfloat,sm_89,R,16,1,128,expand|vendor
trmm,cfloat,sm_89,R,16,1,1024,expand|vendor
trmm,cfloat,sm_89,R,16,1,32768,expand|vendor
trmm,cfloat,sm_89,R,16,16,1,expand|vendor
trmm,cfloat,sm_89,R,16,16,128,expand|vendor
trmm,cfloat,sm_89,R,16,16,1024,expand|vendor
trmm,cfloat,sm_89,R,16,16,32768,expand|vendor
trmm,cfloat,sm_89,R,16,128,1,expand|vendor
trmm,cfloat,sm_89,R,16,128,128,expand|vendor
trmm,cfloat,sm_89,R,16,128,1024,expand|vendor
trmm,cfloat,sm_89,R,16,128,32768,expand|vendor
trmm,cfloat,sm_89,R,16,1024,1,expand|vendor
trmm,cfloat,sm_89,R,16,1024,128,expand|vendor
trmm,cfloat,sm_89,R,16,1024,1024,expand|vendor
trmm,cfloat,sm_89,R,16,1024,32768,expand|vendor
trmm,cfloat,sm_89,R,16,4096,1,expand|vendor
trmm,cfloat,sm_89,R,16,4096,128,expand|vendor
trmm,cfloat,sm_89,R,16,4096,1024,expand|vendor
trmm,cfloat,sm_89,R,16,4096,32768,expand|vendor
trmm,cfloat,sm_89,R,32,1,1,expand|vendor
trmm,cfloat,sm_89,R,32,1,128,expand|vendor
trmm,cfloat,sm_89,R,32,1,1024,expand|vendor
trmm,cfloat,sm_89,R,32,1,32768,expand|vendor
trmm,cfloat,sm_89,R,32,16,1,expand|vendor
trmm,cfloat,sm_89,R,32,16,128,expand|vendor
trmm,cfloat,sm_89,R,32,16,1024,expand|vendor
trmm,cfloat,sm_89,R,32,16,32768,expand|vendor
trmm,cfloat,sm_89,R,32,128,1,expand|vendor
trmm,cfloat,sm_89,R,32,128,128,expand|vendor
trmm,cfloat,sm_89,R,32,128,1024,expand|vendor
trmm,cfloat,sm_89,R,32,128,32768,expand|vendor
trmm,cfloat,sm_89,R,32,1024,1,expand|vendor
trmm,cfloat,sm_89,R,32,1024,128,expand|vendor
trmm,cfloat,sm_89,R,32,1024,1024,expand|vendor
trmm,cfloat,sm_89,R,32,1024,32768,expand|vendor
trmm,cfloat,sm_89,R,32,4096,1,expand|vendor
trmm,cfloat,sm_89,R,32,4096,128,expand|vendor
trmm,cfloat,sm_89,R,32,4096,1024,expand|vendor
trmm,cfloat,sm_89,R,32,4096,32768,expand|vendor
trmm,cfloat,sm_89,R,64,1,1,expand|vendor
trmm,cfloat,sm_89,R,64,1,128,expand|vendor
trmm,cfloat,sm_89,R,64,1,1024,expand|vendor
trmm,cfloat,sm_89,R,64,1,32768,expand|vendor
trmm,cfloat,sm_89,R,64,16,1,expand|vendor
trmm,cfloat,sm_89,R,64,16,128,expand|vendor
trmm,cfloat,sm_89,R,64,16,1024,expand|vendor
trmm,cfloat,sm_89,R,64,16,32768,expand|vendor
trmm,cfloat,sm_89,R,64,128,1,expand|vendor
trmm,cfloat,sm_89,R,64,128,128,expand|vendor
trmm,cfloat,sm_89,R,64,128,1024,expand|vendor
trmm,cfloat,sm_89,R,64,128,32768,expand|vendor
trmm,cfloat,sm_89,R,64,1024,1,expand|vendor
trmm,cfloat,sm_89,R,64,1024,128,expand|vendor
trmm,cfloat,sm_89,R,64,1024,1024,expand|vendor
trmm,cfloat,sm_89,R,64,1024,32768,expand|vendor
trmm,cfloat,sm_89,R,64,4096,1,expand|vendor
trmm,cfloat,sm_89,R,64,4096,128,expand|vendor
trmm,cfloat,sm_89,R,64,4096,1024,expand|vendor
trmm,cfloat,sm_89,R,64,4096,32768,expand|vendor
trmm,cfloat,sm_89,R,128,1,1,expand|vendor
trmm,cfloat,sm_89,R,128,1,128,expand|vendor
trmm,cfloat,sm_89,R,128,1,1024,expand|vendor
trmm,cfloat,sm_89,R,128,1,32768,expand|vendor
trmm,cfloat,sm_89,R,128,16,1,expand|vendor
trmm,cfloat,sm_89,R,128,16,128,expand|vendor
trmm,cfloat,sm_89,R,128,16,1024,expand|vendor
trmm,cfloat,sm_89,R,128,16,32768,expand|vendor
trmm,cfloat,sm_89,R,128,128,1,expand|vendor
trmm,cfloat,sm_89,R,128,128,128,expand|vendor
trmm,cfloat,sm_89,R,128,128,1024,expand|vendor
trmm,cfloat,sm_89,R,128,128,32768,expand|vendor
trmm,cfloat,sm_89,R,128,1024,1,expand|vendor
trmm,cfloat,sm_89,R,128,1024,128,expand|vendor
trmm,cfloat,sm_89,R,128,1024,1024,expand|vendor
trmm,cfloat,sm_89,R,128,1024,32768,expand|vendor
trmm,cfloat,sm_89,R,128,4096,1,expand|vendor
trmm,cfloat,sm_89,R,128,4096,128,expand|vendor
trmm,cfloat,sm_89,R,128,4096,1024,expand|vendor
trmm,cfloat,sm_89,R,128,4096,32768,expand|vendor
trmm,cfloat,sm_89,R,256,1,1,expand|vendor
trmm,cfloat,sm_89,R,256,1,128,expand|vendor
trmm,cfloat,sm_89,R,256,1,1024,expand|vendor
trmm,cfloat,sm_89,R,256,1,32768,expand|vendor
trmm,cfloat,sm_89,R,256,16,1,expand|vendor
trmm,cfloat,sm_89,R,256,16,128,expand|vendor
trmm,cfloat,sm_89,R,256,16,1024,expand|vendor
trmm,cfloat,sm_89,R,256,16,32768,expand|vendor
trmm,cfloat,sm_89,R,256,128,1,expand|vendor
trmm,cfloat,sm_89,R,256,128,128,expand|vendor
trmm,cfloat,sm_89,R,256,128,1024,expand|vendor
trmm,cfloat,sm_89,R,256,128,32768,expand|vendor
trmm,cfloat,sm_89,R,256,1024,1,expand|vendor
trmm,cfloat,sm_89,R,256,1024,128,expand|vendor
trmm,cfloat,sm_89,R,256,1024,1024,expand|vendor
trmm,cfloat,sm_89,R,256,1024,32768,expand|vendor
trmm,cfloat,sm_89,R,256,4096,1,expand|vendor
trmm,cfloat,sm_89,R,256,4096,128,expand|vendor
trmm,cfloat,sm_89,R,256,4096,1024,expand|vendor
trmm,cfloat,sm_89,R,256,4096,32768,expand|vendor
trmm,cfloat,sm_89,R,512,1,1,expand|vendor
trmm,cfloat,sm_89,R,512,1,128,expand|vendor
trmm,cfloat,sm_89,R,512,1,1024,expand|vendor
trmm,cfloat,sm_89,R,512,1,32768,expand|vendor
trmm,cfloat,sm_89,R,512,16,1,expand|vendor
trmm,cfloat,sm_89,R,512,16,128,expand|vendor
trmm,cfloat,sm_89,R,512,16,1024,expand|vendor
trmm,cfloat,sm_89,R,512,16,32768,expand|vendor
trmm,cfloat,sm_89,R,512,128,1,expand|vendor
trmm,cfloat,sm_89,R,512,128,128,expand|vendor
trmm,cfloat,sm_89,R,512,128,1024,expand|vendor
trmm,cfloat,sm_89,R,512,128,32768,expand|vendor
trmm,cfloat,sm_89,R,512,1024,1,expand|vendor
trmm,cfloat,sm_89,R,512,1024,128,expand|vendor
trmm,cfloat,sm_89,R,512,1024,1024,expand|vendor
trmm,cfloat,sm_89,R,512,1024,32768,expand|vendor
trmm,cfloat,sm_89,R,512,4096,1,expand|vendor
trmm,cfloat,sm_89,R,512,4096,128,expand|vendor
trmm,cfloat,sm_89,R,512,4096,1024,expand|vendor
trmm,cfloat,sm_89,R,512,4096,32768,expand|vendor
trmm,cfloat,sm_89,R,1024,1,1,expand|vendor
trmm,cfloat,sm_89,R,1024,1,128,expand|vendor
trmm,cfloat,sm_89,R,1024,1,1024,expand|vendor
trmm,cfloat,sm_89,R,1024,1,32768,expand|vendor
trmm,cfloat,sm_89,R,1024,16,1,expand|vendor
trmm,cfloat,sm_89,R,1024,16,128,expand|vendor
trmm,cfloat,sm_89,R,1024,16,1024,expand|vendor
trmm,cfloat,sm_89,R,1024,16,32768,expand|vendor
trmm,cfloat,sm_89,R,1024,128,1,expand|vendor
trmm,cfloat,sm_89,R,1024,128,128,expand|vendor
trmm,cfloat,sm_89,R,1024,128,1024,expand|vendor
trmm,cfloat,sm_89,R,1024,128,32768,expand|vendor
trmm,cfloat,sm_89,R,1024,1024,1,expand|vendor
trmm,cfloat,sm_89,R,1024,1024,128,expand|vendor
trmm,cfloat,sm_89,R,1024,1024,1024,expand|vendor
trmm,cfloat,sm_89,R,1024,1024,32768,expand|vendor
trmm,cfloat,sm_89,R,1024,4096,1,expand|vendor
trmm,cfloat,sm_89,R,1024,4096,128,expand|vendor
trmm,cfloat,sm_89,R,1024,4096,1024,expand|vendor
trmm,cfloat,sm_89,R,1024,4096,32768,expand|vendor
trmm,cfloat,sm_89,R,2048,1,1,expand|vendor
trmm,cfloat,sm_89,R,2048,1,128,expand|vendor
trmm,cfloat,sm_89,R,2048,1,1024,expand|vendor
trmm,cfloat,sm_89,R,2048,1,32768,expand|vendor
trmm,cfloat,sm_89,R,2048,16,1,expand|vendor
trmm,cfloat,sm_89,R,2048,16,128,expand|vendor
trmm,cfloat,sm_89,R,2048,16,1024,expand|vendor
trmm,cfloat,sm_89,R,2048,16,32768,expand|vendor
trmm,cfloat,sm_89,R,2048,128,1,expand|vendor
trmm,cfloat,sm_89,R,2048,128,128,expand|vendor
trmm,cfloat,sm_89,R,2048,128,1024,expand|vendor
trmm,cfloat,sm_89,R,2048,128,32768,expand|vendor
trmm,cfloat,sm_89,R,2048,1024,1,expand|vendor
trmm,cfloat,sm_89,R,2048,1024,128,expand|vendor
trmm,cfloat,sm_89,R,2048,1024,1024,expand|vendor
trmm,cfloat,sm_89,R,2048,1024,32768,expand|vendor
trmm,cfloat,sm_89,R,2048,4096,1,expand|vendor
trmm,cfloat,sm_89,R,2048,4096,128,expand|vendor
trmm,cfloat,sm_89,R,2048,4096,1024,expand|vendor
trmm,cfloat,sm_89,R,2048,4096,32768,expand|vendor
trmm,cdouble,sm_89,L,1,1,1,triangular|expand|vendor
trmm,cdouble,sm_89,L,1,1,128,triangular|expand|vendor
trmm,cdouble,sm_89,L,1,1,1024,triangular|expand|vendor
trmm,cdouble,sm_89,L,1,1,32768,triangular|expand|vendor
trmm,cdouble,sm_89,L,1,16,1,triangular|expand|vendor
trmm,cdouble,sm_89,L,1,16,128,triangular|expand|vendor
trmm,cdouble,sm_89,L,1,16,1024,triangular|expand|vendor
trmm,cdouble,sm_89,L,1,16,32768,triangular|expand|vendor
trmm,cdouble,sm_89,L,1,128,1,triangular|expand|vendor
trmm,cdouble,sm_89,L,1,128,128,triangular|expand|vendor
trmm,cdouble,sm_89,L,1,128,1024,triangular|expand|vendor
trmm,cdouble,sm_89,L,1,128,32768,triangular|expand|vendor
trmm,cdouble,sm_89,L,1,1024,1,triangular|expand|vendor
trmm,cdouble,sm_89,L,1,1024,128,triangular|expand|vendor
trmm,cdouble,sm_89,L,1,1024,1024,triangular|expand|vendor
trmm,cdouble,sm_89,L,1,1024,32768,triangular|expand|vendor
trmm,cdouble,sm_89,L,1,4096,1,triangular|expand|vendor
trmm,cdouble,sm_89,L,1,4096,128,triangular|expand|vendor
trmm,cdouble,sm_89,L,1,4096,1024,triangular|expand|vendor
trmm,cdouble,sm_89,L,1,4096,32768,triangular|expand|vendor
trmm,cdouble,sm_89,L,16,1,1,triangular|expand|vendor
trmm,cdouble,sm_89,L,16,1,128,triangular|expand|vendor
trmm,cdouble,sm_89,L,16,1,1024,triangular|expand|vendor
trmm,cdouble,sm_89,L,16,1,32768,triangular|expand|vendor
trmm,cdouble,sm_89,L,16,16,1,triangular|expand|vendor
trmm,cdouble,sm_89,L,16,16,128,triangular|expand|vendor
trmm,cdouble,sm_89,L,16,16,1024,triangular|expand|vendor
trmm,cdouble,sm_89,L,16,16,32768,triangular|expand|vendor
trmm,cdouble,sm_89,L,16,128,1,triangular|expand|vendor
trmm,cdouble,sm_89,L,16,128,128,triangular|expand|vendor
trmm,cdouble,sm_89,L,16,128,1024,triangular|expand|vendor
trmm,cdouble,sm_89,L,16,128,32768,triangular|expand|vendor
trmm,cdouble,sm_89,L,16,1024,1,triangular|expand|vendor
trmm,cdouble,sm_89,L,16,1024,128,triangular|expand|vendor
trmm,cdouble,sm_89,L,16,1024,1024,triangular|expand|vendor
trmm,cdouble,sm_89,L,16,1024,32768,triangular|expand|vendor
trmm,cdouble,sm_89,L,16,4096,1,triangular|expand|vendor
trmm,cdouble,sm_89,L,16,4096,128,triangular|expand|vendor
trmm,cdouble,sm_89,L,16,4096,1024,triangular|expand|vendor
trmm,cdouble,sm_89,L,16,4096,32768,triangular|expand|vendor
trmm,cdouble,sm_89,L,32,1,1,triangular|expand|vendor
trmm,cdouble,sm_89,L,32,1,128,triangular|expand|vendor
trmm,cdouble,sm_89,L,32,1,1024,triangular|expand|vendor
trmm,cdouble,sm_89,L,32,1,32768,triangular|expand|vendor
trmm,cdouble,sm_89,L,32,16,1,triangular|expand|vendor
trmm,cdouble,sm_89,L,32,16,128,triangular|expand|vendor
trmm,cdouble,sm_89,L,32,16,1024,triangular|expand|vendor
trmm,cdouble,sm_89,L,32,16,32768,triangular|expand|vendor
trmm,cdouble,sm_89,L,32,128,1,triangular|expand|vendor
trmm,cdouble,sm_89,L,32,128,128,triangular|expand|vendor
trmm,cdouble,sm_89,L,32,128,1024,triangular|expand|vendor
trmm,cdouble,sm_89,L,32,128,32768,triangular|expand|vendor
trmm,cdouble,sm_89,L,32,1024,1,triangular|expand|vendor
trmm,cdouble,sm_89,L,32,1024,128,triangular|expand|vendor
trmm,cdouble,sm_89,L,32,1024,1024,triangular|expand|vendor
trmm,cdouble,sm_89,L,32,1024,32768,triangular|expand|vendor
trmm,cdouble,sm_89,L,32,4096,1,triangular|expand|vendor
trmm,cdouble,sm_89,L,32,4096,128,triangular|expand|vendor
trmm,cdouble,sm_89,L,32,4096,1024,triangular|expand|vendor
trmm,cdouble,sm_89,L,32,4096,32768,triangular|expand|vendor
trmm,cdouble,sm_89,L,64,1,1,triangular|expand|vendor
trmm,cdouble,sm_89,L,64,1,128,triangular|expand|vendor
trmm,cdouble,sm_89,L,64,1,1024,triangular|expand|vendor
trmm,cdouble,sm_89,L,64,1,32768,triangular|expand|vendor
trmm,cdouble,sm_89,L,64,16,1,triangular|expand|vendor
trmm,cdouble,sm_89,L,64,16,128,triangular|expand|vendor
trmm,cdouble,sm_89,L,64,16,1024,triangular|expand|vendor
trmm,cdouble,sm_89,L,64,16,32768,triangular|expand|vendor
trmm,cdouble,sm_89,L,64,128,1,triangular|expand|vendor
trmm,cdouble,sm_89,L,64,128,128,triangular|expand|vendor
trmm,cdouble,sm_89,L,64,128,1024,triangular|expand|vendor
trmm,cdouble,sm_89,L,64,128,32768,triangular|expand|vendor
trmm,cdouble,sm_89,L,64,1024,1,triangular|expand|vendor
trmm,cdouble,sm_89,L,64,1024,128,triangular|expand|vendor
trmm,cdouble,sm_89,L,64,1024,1024,triangular|expand|vendor
trmm,cdouble,sm_89,L,64,1024,32768,triangular|expand|vendor
trmm,cdouble,sm_89,L,64,4096,1,triangular|expand|vendor
trmm,cdouble,sm_89,L,64,4096,128,triangular|expand|vendor
trmm,cdouble,sm_89,L,64,4096,1024,triangular|expand|vendor
trmm,cdouble,sm_89,L,64,4096,32768,triangular|expand|vendor
trmm,cdouble,sm_89,L,128,1,1,triangular|expand|vendor
trmm,cdouble,sm_89,L,128,1,128,triangular|expand|vendor
trmm,cdouble,sm_89,L,128,1,1024,triangular|expand|vendor
trmm,cdouble,sm_89,L,128,1,32768,triangular|expand|vendor
trmm,cdouble,sm_89,L,128,16,1,triangular|expand|vendor
trmm,cdouble,sm_89,L,128,16,128,triangular|expand|vendor
trmm,cdouble,sm_89,L,128,16,1024,triangular|expand|vendor
trmm,cdouble,sm_89,L,128,16,32768,triangular|expand|vendor
trmm,cdouble,sm_89,L,128,128,1,triangular|expand|vendor
trmm,cdouble,sm_89,L,128,128,128,triangular|expand|vendor
trmm,cdouble,sm_89,L,128,128,1024,triangular|expand|vendor
trmm,cdouble,sm_89,L,128,128,32768,triangular|expand|vendor
trmm,cdouble,sm_89,L,128,1024,1,triangular|expand|vendor
trmm,cdouble,sm_89,L,128,1024,128,triangular|expand|vendor
trmm,cdouble,sm_89,L,128,1024,1024,triangular|expand|vendor
trmm,cdouble,sm_89,L,128,1024,32768,triangular|expand|vendor
trmm,cdouble,sm_89,L,128,4096,1,triangular|expand|vendor
trmm,cdouble,sm_89,L,128,4096,128,triangular|expand|vendor
trmm,cdouble,sm_89,L,128,4096,1024,triangular|expand|vendor
trmm,cdouble,sm_89,L,128,4096,32768,triangular|expand|vendor
trmm,cdouble,sm_89,L,256,1,1,triangular|expand|vendor
trmm,cdouble,sm_89,L,256,1,128,triangular|expand|vendor
trmm,cdouble,sm_89,L,256,1,1024,triangular|expand|vendor
trmm,cdouble,sm_89,L,256,1,32768,triangular|expand|vendor
trmm,cdouble,sm_89,L,256,16,1,triangular|expand|vendor
trmm,cdouble,sm_89,L,256,16,128,triangular|expand|vendor
trmm,cdouble,sm_89,L,256,16,1024,triangular|expand|vendor
trmm,cdouble,sm_89,L,256,16,32768,triangular|expand|vendor
trmm,cdouble,sm_89,L,256,128,1,triangular|expand|vendor
trmm,cdouble,sm_89,L,256,128,128,triangular|expand|vendor
trmm,cdouble,sm_89,L,256,128,1024,triangular|expand|vendor
trmm,cdouble,sm_89,L,256,128,32768,triangular|expand|vendor
trmm,cdouble,sm_89,L,256,1024,1,triangular|expand|vendor
trmm,cdouble,sm_89,L,256,1024,128,triangular|expand|vendor
trmm,cdouble,sm_89,L,256,1024,1024,triangular|expand|vendor
trmm,cdouble,sm_89,L,256,1024,32768,triangular|expand|vendor
trmm,cdouble,sm_89,L,256,4096,1,triangular|expand|vendor
trmm,cdouble,sm_89,L,256,4096,128,triangular|expand|vendor
trmm,cdouble,sm_89,L,256,4096,1024,triangular|expand|vendor
trmm,cdouble,sm_89,L,256,4096,32768,triangular|expand|vendor
trmm,cdouble,sm_89,L,512,1,1,triangular|expand|vendor
trmm,cdouble,sm_89,L,512,1,128,triangular|expand|vendor
trmm,cdouble,sm_89,L,512,1,1024,triangular|expand|vendor
trmm,cdouble,sm_89,L,512,1,32768,triangular|expand|vendor
trmm,cdouble,sm_89,L,512,16,1,triangular|expand|vendor
trmm,cdouble,sm_89,L,512,16,128,triangular|expand|vendor
trmm,cdouble,sm_89,L,512,16,1024,triangular|expand|vendor
trmm,cdouble,sm_89,L,512,16,32768,triangular|expand|vendor
trmm,cdouble,sm_89,L,512,128,1,triangular|expand|vendor
trmm,cdouble,sm_89,L,512,128,128,triangular|expand|vendor
trmm,cdouble,sm_89,L,512,128,1024,triangular|expand|vendor
trmm,cdouble,sm_89,L,512,128,32768,triangular|expand|vendor
trmm,cdouble,sm_89,L,512,1024,1,triangular|expand|vendor
trmm,cdouble,sm_89,L,512,1024,128,triangular|expand|vendor
trmm,cdouble,sm_89,L,512,1024,1024,triangular|expand|vendor
trmm,cdouble,sm_89,L,512,1024,32768,triangular|expand|vendor
trmm,cdouble,sm_89,L,512,4096,1,triangular|expand|vendor
trmm,cdouble,sm_89,L,512,4096,128,triangular|expand|vendor
trmm,cdouble,sm_89,L,512,4096,1024,triangular|expand|vendor
trmm,cdouble,sm_89,L,512,4096,32768,triangular|expand|vendor
trmm,cdouble,sm_89,L,1024,1,1,triangular|expand|vendor
trmm,cdouble,sm_89,L,1024,1,128,triangular|expand|vendor
trmm,cdouble,sm_89,L,1024,1,1024,triangular|expand|vendor
trmm,cdouble,sm_89,L,1024,1,32768,triangular|expand|vendor
trmm,cdouble,sm_89,L,1024,16,1,triangular|expand|vendor
trmm,cdouble,sm_89,L,1024,16,128,triangular|expand|vendor
trmm,cdouble,sm_89,L,1024,16,1024,triangular|expand|vendor
trmm,cdouble,sm_89,L,1024,16,32768,triangular|expand|vendor
trmm,cdouble,sm_89,L,1024,128,1,triangular|expand|vendor
trmm,cdouble,sm_89,L,1024,128,128,triangular|expand|vendor
trmm,cdouble,sm_89,L,1024,128,1024,triangular|expand|vendor
trmm,cdouble,sm_89,L,1024,128,32768,triangular|expand|vendor
trmm,cdouble,sm_89,L,1024,1024,1,triangular|expand|vendor
trmm,cdouble,sm_89,L,1024,1024,128,triangular|expand|vendor
trmm,cdouble,sm_89,L,1024,1024,1024,triangular|expand|vendor
trmm,cdouble,sm_89,L,1024,1024,32768,triangular|expand|vendor
trmm,cdouble,sm_89,L,1024,4096,1,triangular|expand|vendor
trmm,cdouble,sm_89,L,1024,4096,128,triangular|expand|vendor
trmm,cdouble,sm_89,L,1024,4096,1024,triangular|expand|vendor
trmm,cdouble,sm_89,L,1024,4096,32768,triangular|expand|vendor
trmm,cdouble,sm_89,L,2048,1,1,triangular|expand|vendor
trmm,cdouble,sm_89,L,2048,1,128,triangular|expand|vendor
trmm,cdouble,sm_89,L,2048,1,1024,triangular|expand|vendor
trmm,cdouble,sm_89,L,2048,1,32768,triangular|expand|vendor
trmm,cdouble,sm_89,L,2048,16,1,triangular|expand|vendor
trmm,cdouble,sm_89,L,2048,16,128,triangular|expand|vendor
trmm,cdouble,sm_89,L,2048,16,1024,triangular|expand|vendor
trmm,cdouble,sm_89,L,2048,16,32768,triangular|expand|vendor
trmm,cdouble,sm_89,L,2048,128,1,triangular|expand|vendor
trmm,cdouble,sm_89,L,2048,128,128,triangular|expand|vendor
trmm,cdouble,sm_89,L,2048,128,1024,triangular|expand|vendor
trmm,cdouble,sm_89,L,2048,128,32768,triangular|expand|vendor
trmm,cdouble,sm_89,L,2048,1024,1,triangular|expand|vendor
trmm,cdouble,sm_89,L,2048,1024,128,triangular|expand|vendor
trmm,cdouble,sm_89,L,2048,1024,1024,triangular|expand|vendor
trmm,cdouble,sm_89,L,2048,1024,32768,triangular|expand|vendor
trmm,cdouble,sm_89,L,2048,4096,1,triangular|expand|vendor
trmm,cdouble,sm_89,L,2048,4096,128,triangular|expand|vendor
trmm,cdouble,sm_89,L,2048,4096,1024,triangular|expand|vendor
trmm,cdouble,sm_89,L,2048,4096,32768,triangular|expand|vendor
trmm,cdouble,sm_89,R,1,1,1,expand|vendor
trmm,cdouble,sm_89,R,1,1,128,expand|vendor
trmm,cdouble,sm_89,R,1,1,1024,expand|vendor
trmm,cdouble,sm_89,R,1,1,32768,expand|vendor
trmm,cdouble,sm_89,R,1,16,1,expand|vendor
trmm,cdouble,sm_89,R,1,16,128,expand|vendor
trmm,cdouble,sm_89,R,1,16,1024,expand|vendor
trmm,cdouble,sm_89,R,1,16,32768,expand|vendor
trmm,cdouble,sm_89,R,1,128,1,expand|vendor
trmm,cdouble,sm_89,R,1,128,128,expand|vendor
trmm,cdouble,sm_89,R,1,128,1024,expand|vendor
trmm,cdouble,sm_89,R,1,128,32768,expand|vendor
trmm,cdouble,sm_89,R,1,1024,1,expand|vendor
trmm,cdouble,sm_89,R,1,1024,128,expand|vendor
trmm,cdouble,sm_89,R,1,1024,1024,expand|vendor
trmm,cdouble,sm_89,R,1,1024,32768,expand|vendor
trmm,cdouble,sm_89,R,1,4096,1,expand|vendor
trmm,cdouble,sm_89,R,1,4096,128,expand|vendor
trmm,cdouble,sm_89,R,1,4096,1024,expand|vendor
trmm,cdouble,sm_89,R,1,4096,32768,expand|vendor
trmm,cdouble,sm_89,R,16,1,1,expand|vendor
trmm,cdouble,sm_89,R,16,1,128,expand|vendor
trmm,cdouble,sm_89,R,16,1,1024,expand|vendor
trmm,cdouble,sm_89,R,16,1,32768,expand|vendor
trmm,cdouble,sm_89,R,16,16,1,expand|vendor
trmm,cdouble,sm_89,R,16,16,128,expand|vendor
trmm,cdouble,sm_89,R,16,16,1024,expand|vendor
trmm,cdouble,sm_89,R,16,16,32768,expand|vendor
trmm,cdouble,sm_89,R,16,128,1,expand|vendor
trmm,cdouble,sm_89,R,16,128,128,expand|vendor
trmm,cdouble,sm_89,R,16,128,1024,expand|vendor
trmm,cdouble,sm_89,R,16,128,32768,expand|vendor
trmm,cdouble,sm_89,R,16,1024,1,expand|vendor
trmm,cdouble,sm_89,R,16,1024,128,expand|vendor
trmm,cdouble,sm_89,R,16,1024,1024,expand|vendor
trmm,cdouble,sm_89,R,16,1024,32768,expand|vendor
trmm,cdouble,sm_89,R,16,4096,1,expand|vendor
trmm,cdouble,sm_89,R,16,4096,128,expand|vendor
trmm,cdouble,sm_89,R,16,4096,1024,expand|vendor
trmm,cdouble,sm_89,R,16,4096,32768,expand|vendor
trmm,cdouble,sm_89,R,32,1,1,expand|vendor
trmm,cdouble,sm_89,R,32,1,128,expand|vendor
trmm,cdouble,sm_89,R,32,1,1024,expand|vendor
trmm,cdouble,sm_89,R,32,1,32768,expand|vendor
trmm,cdouble,sm_89,R,32,16,1,expand|vendor
trmm,cdouble,sm_89,R,32,16,128,expand|vendor
trmm,cdouble,sm_89,R,32,16,1024,expand|vendor
trmm,cdouble,sm_89,R,32,16,32768,expand|vendor
trmm,cdouble,sm_89,R,32,128,1,expand|vendor
trmm,cdouble,sm_89,R,32,128,128,expand|vendor
trmm,cdouble,sm_89,R,32,128,1024,expand|vendor
trmm,cdouble,sm_89,R,32,128,32768,expand|vendor
trmm,cdouble,sm_89,R,32,1024,1,expand|vendor
trmm,cdouble,sm_89,R,32,1024,128,expand|vendor
trmm,cdouble,sm_89,R,32,1024,1024,expand|vendor
trmm,cdouble,sm_89,R,32,1024,32768,expand|vendor
trmm,cdouble,sm_89,R,32,4096,1,expand|vendor
trmm,cdouble,sm_89,R,32,4096,128,expand|vendor
trmm,cdouble,sm_89,R,32,4096,1024,expand|vendor
trmm,cdouble,sm_89,R,32,4096,32768,expand|vendor
trmm,cdouble,sm_89,R,64,1,1,expand|vendor
trmm,cdouble,sm_89,R,64,1,128,expand|vendor
trmm,cdouble,sm_89,R,64,1,1024,expand|vendor
trmm,cdouble,sm_89,R,64,1,32768,expand|vendor
trmm,cdouble,sm_89,R,64,16,1,expand|vendor
trmm,cdouble,sm_89,R,64,16,128,expand|vendor
trmm,cdouble,sm_89,R,64,16,1024,expand|vendor
trmm,cdouble,sm_89,R,64,16,32768,expand|vendor
trmm,cdouble,sm_89,R,64,128,1,expand|vendor
trmm,cdouble,sm_89,R,64,128,128,expand|vendor
trmm,cdouble,sm_89,R,64,128,1024,expand|vendor
trmm,cdouble,sm_89,R,64,128,32768,expand|vendor
trmm,cdouble,sm_89,R,64,1024,1,expand|vendor
trmm,cdouble,sm_89,R,64,1024,128,expand|vendor
trmm,cdouble,sm_89,R,64,1024,1024,expand|vendor
trmm,cdouble,sm_89,R,64,1024,32768,expand|vendor
trmm,cdouble,sm_89,R,64,4096,1,expand|vendor
trmm,cdouble,sm_89,R,64,4096,128,expand|vendor
trmm,cdouble,sm_89,R,64,4096,1024,expand|vendor
trmm,cdouble,sm_89,R,64,4096,32768,expand|vendor
trmm,cdouble,sm_89,R,128,1,1,expand|vendor
trmm,cdouble,sm_89,R,128,1,128,expand|vendor
trmm,cdouble,sm_89,R,128,1,1024,expand|vendor
trmm,cdouble,sm_89,R,128,1,32768,expand|vendor
trmm,cdouble,sm_89,R,128,16,1,expand|vendor
trmm,cdouble,sm_89,R,128,16,128,expand|vendor
trmm,cdouble,sm_89,R,128,16,1024,expand|vendor
trmm,cdouble,sm_89,R,128,16,32768,expand|vendor
trmm,cdouble,sm_89,R,128,128,1,expand|vendor
trmm,cdouble,sm_89,R,128,128,128,expand|vendor
trmm,cdouble,sm_89,R,128,128,1024,expand|vendor
trmm,cdouble,sm_89,R,128,128,32768,expand|vendor
trmm,cdouble,sm_89,R,128,1024,1,expand|vendor
trmm,cdouble,sm_89,R,128,1024,128,expand|vendor
trmm,cdouble,sm_89,R,128,1024,1024,expand|vendor
trmm,cdouble,sm_89,R,128,1024,32768,expand|vendor
trmm,cdouble,sm_89,R,128,4096,1,expand|vendor
trmm,cdouble,sm_89,R,128,4096,128,expand|vendor
trmm,cdouble,sm_89,R,128,4096,1024,expand|vendor
trmm,cdouble,sm_89,R,128,4096,32768,expand|vendor
trmm,cdouble,sm_89,R,256,1,1,expand|vendor
trmm,cdouble,sm_89,R,256,1,128,expand|vendor
trmm,cdouble,sm_89,R,256,1,1024,expand|vendor
trmm,cdouble,sm_89,R,256,1,32768,expand|vendor
trmm,cdouble,sm_89,R,256,16,1,expand|vendor
trmm,cdouble,sm_89,R,256,16,128,expand|vendor
trmm,cdouble,sm_89,R,256,16,1024,expand|vendor
trmm,cdouble,sm_89,R,256,16,32768,expand|vendor
trmm,cdouble,sm_89,R,256,128,1,expand|vendor
trmm,cdouble,sm_89,R,256,128,128,expand|vendor
trmm,cdouble,sm_89,R,256,128,1024,expand|vendor
trmm,cdouble,sm_89,R,256,128,32768,expand|vendor
trmm,cdouble,sm_89,R,256,1024,1,expand|vendor
trmm,cdouble,sm_89,R,256,1024,128,expand|vendor
trmm,cdouble,sm_89,R,256,1024,1024,expand|vendor
trmm,cdouble,sm_89,R,256,1024,32768,expand|vendor
trmm,cdouble,sm_89,R,256,4096,1,expand|vendor
trmm,cdouble,sm_89,R,256,4096,128,expand|vendor
trmm,cdouble,sm_89,R,256,4096,1024,expand|vendor
trmm,cdouble,sm_89,R,256,4096,32768,expand|vendor
trmm,cdouble,sm_89,R,512,1,1,expand|vendor
trmm,cdouble,sm_89,R,512,1,128,expand|vendor
trmm,cdouble,sm_89,R,512,1,1024,expand|vendor
trmm,cdouble,sm_89,R,512,1,32768,expand|vendor
trmm,cdouble,sm_89,R,512,16,1,expand|vendor
trmm,cdouble,sm_89,R,512,16,128,expand|vendor
trmm,cdouble,sm_89,R,512,16,1024,expand|vendor
trmm,cdouble,sm_89,R,512,16,32768,expand|vendor
trmm,cdouble,sm_89,R,512,128,1,expand|vendor
trmm,cdouble,sm_89,R,512,128,128,expand|vendor
trmm,cdouble,sm_89,R,512,128,1024,expand|vendor
trmm,cdouble,sm_89,R,512,128,32768,expand|vendor
trmm,cdouble,sm_89,R,512,1024,1,expand|vendor
trmm,cdouble,sm_89,R,512,1024,128,expand|vendor
trmm,cdouble,sm_89,R,512,1024,1024,expand|vendor
trmm,cdouble,sm_89,R,512,1024,32768,expand|vendor
trmm,cdouble,sm_89,R,512,4096,1,expand|vendor
trmm,cdouble,sm_89,R,512,4096,128,expand|vendor
trmm,cdouble,sm_89,R,512,4096,1024,expand|vendor
trmm,cdouble,sm_89,R,512,4096,32768,expand|vendor
trmm,cdouble,sm_89,R,1024,1,1,expand|vendor
trmm,cdouble,sm_89,R,1024,1,128,expand|vendor
trmm,cdouble,sm_89,R,1024,1,1024,expand|vendor
trmm,cdouble,sm_89,R,1024,1,32768,expand|vendor
trmm,cdouble,sm_89,R,1024,16,1,expand|vendor
trmm,cdouble,sm_89,R,1024,16,128,expand|vendor
trmm,cdouble,sm_89,R,1024,16,1024,expand|vendor
trmm,cdouble,sm_89,R,1024,16,32768,expand|vendor
trmm,cdouble,sm_89,R,1024,128,1,expand|vendor
trmm,cdouble,sm_89,R,1024,128,128,expand|vendor
trmm,cdouble,sm_89,R,1024,128,1024,expand|vendor
trmm,cdouble,sm_89,R,1024,128,32768,expand|vendor
trmm,cdouble,sm_89,R,1024,1024,1,expand|vendor
trmm,cdouble,sm_89,R,1024,1024,128,expand|vendor
trmm,cdouble,sm_89,R,1024,1024,1024,expand|vendor
trmm,cdouble,sm_89,R,1024,1024,32768,expand|vendor
trmm,cdouble,sm_89,R,1024,4096,1,expand|vendor
trmm,cdouble,sm_89,R,1024,4096,128,expand|vendor
trmm,cdouble,sm_89,R,1024,4096,1024,expand|vendor
trmm,cdouble,sm_89,R,1024,4096,32768,expand|vendor
trmm,cdouble,sm_89,R,2048,1,1,expand|vendor
trmm,cdouble,sm_89,R,2048,1,128,expand|vendor
trmm,cdouble,sm_89,R,2048,1,1024,expand|vendor
trmm,cdouble,sm_89,R,2048,1,32768,expand|vendor
trmm,cdouble,sm_89,R,2048,16,1,expand|vendor
trmm,cdouble,sm_89,R,2048,16,128,expand|vendor
trmm,cdouble,sm_89,R,2048,16,1024,expand|vendor
trmm,cdouble,sm_89,R,2048,16,32768,expand|vendor
trmm,cdouble,sm_89,R,2048,128,1,expand|vendor
trmm,cdouble,sm_89,R,2048,128,128,expand|vendor
trmm,cdouble,sm_89,R,2048,128,1024,expand|vendor
trmm,cdouble,sm_89,R,2048,128,32768,expand|vendor
trmm,cdouble,sm_89,R,2048,1024,1,expand|vendor
trmm,cdouble,sm_89,R,2048,1024,128,expand|vendor
trmm,cdouble,sm_89,R,2048,1024,1024,expand|vendor
trmm,cdouble,sm_89,R,2048,1024,32768,expand|vendor
trmm,cdouble,sm_89,R,2048,4096,1,expand|vendor
trmm,cdouble,sm_89,R,2048,4096,128,expand|vendor
trmm,cdouble,sm_89,R,2048,4096,1024,expand|vendor
trmm,cdouble,sm_89,R,2048,4096,32768,expand|vendor
trmm,float,sm_120,L,1,1,1,triangular|expand|vendor
trmm,float,sm_120,L,1,1,128,triangular|expand|vendor
trmm,float,sm_120,L,1,1,1024,triangular|expand|vendor
trmm,float,sm_120,L,1,1,32768,triangular|expand|vendor
trmm,float,sm_120,L,1,16,1,triangular|expand|vendor
trmm,float,sm_120,L,1,16,128,triangular|expand|vendor
trmm,float,sm_120,L,1,16,1024,triangular|expand|vendor
trmm,float,sm_120,L,1,16,32768,triangular|expand|vendor
trmm,float,sm_120,L,1,128,1,triangular|expand|vendor
trmm,float,sm_120,L,1,128,128,triangular|expand|vendor
trmm,float,sm_120,L,1,128,1024,triangular|expand|vendor
trmm,float,sm_120,L,1,128,32768,triangular|expand|vendor
trmm,float,sm_120,L,1,1024,1,triangular|expand|vendor
trmm,float,sm_120,L,1,1024,128,triangular|expand|vendor
trmm,float,sm_120,L,1,1024,1024,triangular|expand|vendor
trmm,float,sm_120,L,1,1024,32768,triangular|expand|vendor
trmm,float,sm_120,L,1,4096,1,triangular|expand|vendor
trmm,float,sm_120,L,1,4096,128,triangular|expand|vendor
trmm,float,sm_120,L,1,4096,1024,triangular|expand|vendor
trmm,float,sm_120,L,1,4096,32768,triangular|expand|vendor
trmm,float,sm_120,L,16,1,1,triangular|expand|vendor
trmm,float,sm_120,L,16,1,128,triangular|expand|vendor
trmm,float,sm_120,L,16,1,1024,triangular|expand|vendor
trmm,float,sm_120,L,16,1,32768,triangular|expand|vendor
trmm,float,sm_120,L,16,16,1,triangular|expand|vendor
trmm,float,sm_120,L,16,16,128,triangular|expand|vendor
trmm,float,sm_120,L,16,16,1024,triangular|expand|vendor
trmm,float,sm_120,L,16,16,32768,triangular|expand|vendor
trmm,float,sm_120,L,16,128,1,triangular|expand|vendor
trmm,float,sm_120,L,16,128,128,triangular|expand|vendor
trmm,float,sm_120,L,16,128,1024,triangular|expand|vendor
trmm,float,sm_120,L,16,128,32768,triangular|expand|vendor
trmm,float,sm_120,L,16,1024,1,triangular|expand|vendor
trmm,float,sm_120,L,16,1024,128,triangular|expand|vendor
trmm,float,sm_120,L,16,1024,1024,triangular|expand|vendor
trmm,float,sm_120,L,16,1024,32768,triangular|expand|vendor
trmm,float,sm_120,L,16,4096,1,triangular|expand|vendor
trmm,float,sm_120,L,16,4096,128,triangular|expand|vendor
trmm,float,sm_120,L,16,4096,1024,triangular|expand|vendor
trmm,float,sm_120,L,16,4096,32768,triangular|expand|vendor
trmm,float,sm_120,L,32,1,1,triangular|expand|vendor
trmm,float,sm_120,L,32,1,128,triangular|expand|vendor
trmm,float,sm_120,L,32,1,1024,triangular|expand|vendor
trmm,float,sm_120,L,32,1,32768,triangular|expand|vendor
trmm,float,sm_120,L,32,16,1,triangular|expand|vendor
trmm,float,sm_120,L,32,16,128,triangular|expand|vendor
trmm,float,sm_120,L,32,16,1024,triangular|expand|vendor
trmm,float,sm_120,L,32,16,32768,triangular|expand|vendor
trmm,float,sm_120,L,32,128,1,triangular|expand|vendor
trmm,float,sm_120,L,32,128,128,triangular|expand|vendor
trmm,float,sm_120,L,32,128,1024,triangular|expand|vendor
trmm,float,sm_120,L,32,128,32768,triangular|expand|vendor
trmm,float,sm_120,L,32,1024,1,triangular|expand|vendor
trmm,float,sm_120,L,32,1024,128,triangular|expand|vendor
trmm,float,sm_120,L,32,1024,1024,triangular|expand|vendor
trmm,float,sm_120,L,32,1024,32768,triangular|expand|vendor
trmm,float,sm_120,L,32,4096,1,triangular|expand|vendor
trmm,float,sm_120,L,32,4096,128,triangular|expand|vendor
trmm,float,sm_120,L,32,4096,1024,triangular|expand|vendor
trmm,float,sm_120,L,32,4096,32768,triangular|expand|vendor
trmm,float,sm_120,L,64,1,1,triangular|expand|vendor
trmm,float,sm_120,L,64,1,128,triangular|expand|vendor
trmm,float,sm_120,L,64,1,1024,triangular|expand|vendor
trmm,float,sm_120,L,64,1,32768,triangular|expand|vendor
trmm,float,sm_120,L,64,16,1,triangular|expand|vendor
trmm,float,sm_120,L,64,16,128,triangular|expand|vendor
trmm,float,sm_120,L,64,16,1024,triangular|expand|vendor
trmm,float,sm_120,L,64,16,32768,triangular|expand|vendor
trmm,float,sm_120,L,64,128,1,triangular|expand|vendor
trmm,float,sm_120,L,64,128,128,triangular|expand|vendor
trmm,float,sm_120,L,64,128,1024,triangular|expand|vendor
trmm,float,sm_120,L,64,128,32768,triangular|expand|vendor
trmm,float,sm_120,L,64,1024,1,triangular|expand|vendor
trmm,float,sm_120,L,64,1024,128,triangular|expand|vendor
trmm,float,sm_120,L,64,1024,1024,triangular|expand|vendor
trmm,float,sm_120,L,64,1024,32768,triangular|expand|vendor
trmm,float,sm_120,L,64,4096,1,triangular|expand|vendor
trmm,float,sm_120,L,64,4096,128,triangular|expand|vendor
trmm,float,sm_120,L,64,4096,1024,triangular|expand|vendor
trmm,float,sm_120,L,64,4096,32768,triangular|expand|vendor
trmm,float,sm_120,L,128,1,1,triangular|expand|vendor
trmm,float,sm_120,L,128,1,128,triangular|expand|vendor
trmm,float,sm_120,L,128,1,1024,triangular|expand|vendor
trmm,float,sm_120,L,128,1,32768,triangular|expand|vendor
trmm,float,sm_120,L,128,16,1,triangular|expand|vendor
trmm,float,sm_120,L,128,16,128,triangular|expand|vendor
trmm,float,sm_120,L,128,16,1024,triangular|expand|vendor
trmm,float,sm_120,L,128,16,32768,triangular|expand|vendor
trmm,float,sm_120,L,128,128,1,triangular|expand|vendor
trmm,float,sm_120,L,128,128,128,triangular|expand|vendor
trmm,float,sm_120,L,128,128,1024,triangular|expand|vendor
trmm,float,sm_120,L,128,128,32768,triangular|expand|vendor
trmm,float,sm_120,L,128,1024,1,triangular|expand|vendor
trmm,float,sm_120,L,128,1024,128,triangular|expand|vendor
trmm,float,sm_120,L,128,1024,1024,triangular|expand|vendor
trmm,float,sm_120,L,128,1024,32768,triangular|expand|vendor
trmm,float,sm_120,L,128,4096,1,triangular|expand|vendor
trmm,float,sm_120,L,128,4096,128,triangular|expand|vendor
trmm,float,sm_120,L,128,4096,1024,triangular|expand|vendor
trmm,float,sm_120,L,128,4096,32768,triangular|expand|vendor
trmm,float,sm_120,L,256,1,1,triangular|expand|vendor
trmm,float,sm_120,L,256,1,128,triangular|expand|vendor
trmm,float,sm_120,L,256,1,1024,triangular|expand|vendor
trmm,float,sm_120,L,256,1,32768,triangular|expand|vendor
trmm,float,sm_120,L,256,16,1,triangular|expand|vendor
trmm,float,sm_120,L,256,16,128,triangular|expand|vendor
trmm,float,sm_120,L,256,16,1024,triangular|expand|vendor
trmm,float,sm_120,L,256,16,32768,triangular|expand|vendor
trmm,float,sm_120,L,256,128,1,triangular|expand|vendor
trmm,float,sm_120,L,256,128,128,triangular|expand|vendor
trmm,float,sm_120,L,256,128,1024,triangular|expand|vendor
trmm,float,sm_120,L,256,128,32768,triangular|expand|vendor
trmm,float,sm_120,L,256,1024,1,triangular|expand|vendor
trmm,float,sm_120,L,256,1024,128,triangular|expand|vendor
trmm,float,sm_120,L,256,1024,1024,triangular|expand|vendor
trmm,float,sm_120,L,256,1024,32768,triangular|expand|vendor
trmm,float,sm_120,L,256,4096,1,triangular|expand|vendor
trmm,float,sm_120,L,256,4096,128,triangular|expand|vendor
trmm,float,sm_120,L,256,4096,1024,triangular|expand|vendor
trmm,float,sm_120,L,256,4096,32768,triangular|expand|vendor
trmm,float,sm_120,L,512,1,1,triangular|expand|vendor
trmm,float,sm_120,L,512,1,128,triangular|expand|vendor
trmm,float,sm_120,L,512,1,1024,triangular|expand|vendor
trmm,float,sm_120,L,512,1,32768,triangular|expand|vendor
trmm,float,sm_120,L,512,16,1,triangular|expand|vendor
trmm,float,sm_120,L,512,16,128,triangular|expand|vendor
trmm,float,sm_120,L,512,16,1024,triangular|expand|vendor
trmm,float,sm_120,L,512,16,32768,triangular|expand|vendor
trmm,float,sm_120,L,512,128,1,triangular|expand|vendor
trmm,float,sm_120,L,512,128,128,triangular|expand|vendor
trmm,float,sm_120,L,512,128,1024,triangular|expand|vendor
trmm,float,sm_120,L,512,128,32768,triangular|expand|vendor
trmm,float,sm_120,L,512,1024,1,triangular|expand|vendor
trmm,float,sm_120,L,512,1024,128,triangular|expand|vendor
trmm,float,sm_120,L,512,1024,1024,triangular|expand|vendor
trmm,float,sm_120,L,512,1024,32768,triangular|expand|vendor
trmm,float,sm_120,L,512,4096,1,triangular|expand|vendor
trmm,float,sm_120,L,512,4096,128,triangular|expand|vendor
trmm,float,sm_120,L,512,4096,1024,triangular|expand|vendor
trmm,float,sm_120,L,512,4096,32768,triangular|expand|vendor
trmm,float,sm_120,L,1024,1,1,triangular|expand|vendor
trmm,float,sm_120,L,1024,1,128,triangular|expand|vendor
trmm,float,sm_120,L,1024,1,1024,triangular|expand|vendor
trmm,float,sm_120,L,1024,1,32768,triangular|expand|vendor
trmm,float,sm_120,L,1024,16,1,triangular|expand|vendor
trmm,float,sm_120,L,1024,16,128,triangular|expand|vendor
trmm,float,sm_120,L,1024,16,1024,triangular|expand|vendor
trmm,float,sm_120,L,1024,16,32768,triangular|expand|vendor
trmm,float,sm_120,L,1024,128,1,triangular|expand|vendor
trmm,float,sm_120,L,1024,128,128,triangular|expand|vendor
trmm,float,sm_120,L,1024,128,1024,triangular|expand|vendor
trmm,float,sm_120,L,1024,128,32768,triangular|expand|vendor
trmm,float,sm_120,L,1024,1024,1,triangular|expand|vendor
trmm,float,sm_120,L,1024,1024,128,triangular|expand|vendor
trmm,float,sm_120,L,1024,1024,1024,triangular|expand|vendor
trmm,float,sm_120,L,1024,1024,32768,triangular|expand|vendor
trmm,float,sm_120,L,1024,4096,1,triangular|expand|vendor
trmm,float,sm_120,L,1024,4096,128,triangular|expand|vendor
trmm,float,sm_120,L,1024,4096,1024,triangular|expand|vendor
trmm,float,sm_120,L,1024,4096,32768,triangular|expand|vendor
trmm,float,sm_120,L,2048,1,1,triangular|expand|vendor
trmm,float,sm_120,L,2048,1,128,triangular|expand|vendor
trmm,float,sm_120,L,2048,1,1024,triangular|expand|vendor
trmm,float,sm_120,L,2048,1,32768,triangular|expand|vendor
trmm,float,sm_120,L,2048,16,1,triangular|expand|vendor
trmm,float,sm_120,L,2048,16,128,triangular|expand|vendor
trmm,float,sm_120,L,2048,16,1024,triangular|expand|vendor
trmm,float,sm_120,L,2048,16,32768,triangular|expand|vendor
trmm,float,sm_120,L,2048,128,1,triangular|expand|vendor
trmm,float,sm_120,L,2048,128,128,triangular|expand|vendor
trmm,float,sm_120,L,2048,128,1024,triangular|expand|vendor
trmm,float,sm_120,L,2048,128,32768,triangular|expand|vendor
trmm,float,sm_120,L,2048,1024,1,triangular|expand|vendor
trmm,float,sm_120,L,2048,1024,128,triangular|expand|vendor
trmm,float,sm_120,L,2048,1024,1024,triangular|expand|vendor
trmm,float,sm_120,L,2048,1024,32768,triangular|expand|vendor
trmm,float,sm_120,L,2048,4096,1,triangular|expand|vendor
trmm,float,sm_120,L,2048,4096,128,triangular|expand|vendor
trmm,float,sm_120,L,2048,4096,1024,triangular|expand|vendor
trmm,float,sm_120,L,2048,4096,32768,triangular|expand|vendor
trmm,float,sm_120,R,1,1,1,expand|vendor
trmm,float,sm_120,R,1,1,128,expand|vendor
trmm,float,sm_120,R,1,1,1024,expand|vendor
trmm,float,sm_120,R,1,1,32768,expand|vendor
trmm,float,sm_120,R,1,16,1,expand|vendor
trmm,float,sm_120,R,1,16,128,expand|vendor
trmm,float,sm_120,R,1,16,1024,expand|vendor
trmm,float,sm_120,R,1,16,32768,expand|vendor
trmm,float,sm_120,R,1,128,1,expand|vendor
trmm,float,sm_120,R,1,128,128,expand|vendor
trmm,float,sm_120,R,1,128,1024,expand|vendor
trmm,float,sm_120,R,1,128,32768,expand|vendor
trmm,float,sm_120,R,1,1024,1,expand|vendor
trmm,float,sm_120,R,1,1024,128,expand|vendor
trmm,float,sm_120,R,1,1024,1024,expand|vendor
trmm,float,sm_120,R,1,1024,32768,expand|vendor
trmm,float,sm_120,R,1,4096,1,expand|vendor
trmm,float,sm_120,R,1,4096,128,expand|vendor
trmm,float,sm_120,R,1,4096,1024,expand|vendor
trmm,float,sm_120,R,1,4096,32768,expand|vendor
trmm,float,sm_120,R,16,1,1,expand|vendor
trmm,float,sm_120,R,16,1,128,expand|vendor
trmm,float,sm_120,R,16,1,1024,expand|vendor
trmm,float,sm_120,R,16,1,32768,expand|vendor
trmm,float,sm_120,R,16,16,1,expand|vendor
trmm,float,sm_120,R,16,16,128,expand|vendor
trmm,float,sm_120,R,16,16,1024,expand|vendor
trmm,float,sm_120,R,16,16,32768,expand|vendor
trmm,float,sm_120,R,16,128,1,expand|vendor
trmm,float,sm_120,R,16,128,128,expand|vendor
trmm,float,sm_120,R,16,128,1024,expand|vendor
trmm,float,sm_120,R,16,128,32768,expand|vendor
trmm,float,sm_120,R,16,1024,1,expand|vendor
trmm,float,sm_120,R,16,1024,128,expand|vendor
trmm,float,sm_120,R,16,1024,1024,expand|vendor
trmm,float,sm_120,R,16,1024,32768,expand|vendor
trmm,float,sm_120,R,16,4096,1,expand|vendor
trmm,float,sm_120,R,16,4096,128,expand|vendor
trmm,float,sm_120,R,16,4096,1024,expand|vendor
trmm,float,sm_120,R,16,4096,32768,expand|vendor
trmm,float,sm_120,R,32,1,1,expand|vendor
trmm,float,sm_120,R,32,1,128,expand|vendor
trmm,float,sm_120,R,32,1,1024,expand|vendor
trmm,float,sm_120,R,32,1,32768,expand|vendor
trmm,float,sm_120,R,32,16,1,expand|vendor
trmm,float,sm_120,R,32,16,128,expand|vendor
trmm,float,sm_120,R,32,16,1024,expand|vendor
trmm,float,sm_120,R,32,16,32768,expand|vendor
trmm,float,sm_120,R,32,128,1,expand|vendor
trmm,float,sm_120,R,32,128,128,expand|vendor
trmm,float,sm_120,R,32,128,1024,expand|vendor
trmm,float,sm_120,R,32,128,32768,expand|vendor
trmm,float,sm_120,R,32,1024,1,expand|vendor
trmm,float,sm_120,R,32,1024,128,expand|vendor
trmm,float,sm_120,R,32,1024,1024,expand|vendor
trmm,float,sm_120,R,32,1024,32768,expand|vendor
trmm,float,sm_120,R,32,4096,1,expand|vendor
trmm,float,sm_120,R,32,4096,128,expand|vendor
trmm,float,sm_120,R,32,4096,1024,expand|vendor
trmm,float,sm_120,R,32,4096,32768,expand|vendor
trmm,float,sm_120,R,64,1,1,expand|vendor
trmm,float,sm_120,R,64,1,128,expand|vendor
trmm,float,sm_120,R,64,1,1024,expand|vendor
trmm,float,sm_120,R,64,1,32768,expand|vendor
trmm,float,sm_120,R,64,16,1,expand|vendor
trmm,float,sm_120,R,64,16,128,expand|vendor
trmm,float,sm_120,R,64,16,1024,expand|vendor
trmm,float,sm_120,R,64,16,32768,expand|vendor
trmm,float,sm_120,R,64,128,1,expand|vendor
trmm,float,sm_120,R,64,128,128,expand|vendor
trmm,float,sm_120,R,64,128,1024,expand|vendor
trmm,float,sm_120,R,64,128,32768,expand|vendor
trmm,float,sm_120,R,64,1024,1,expand|vendor
trmm,float,sm_120,R,64,1024,128,expand|vendor
trmm,float,sm_120,R,64,1024,1024,expand|vendor
trmm,float,sm_120,R,64,1024,32768,expand|vendor
trmm,float,sm_120,R,64,4096,1,expand|vendor
trmm,float,sm_120,R,64,4096,128,expand|vendor
trmm,float,sm_120,R,64,4096,1024,expand|vendor
trmm,float,sm_120,R,64,4096,32768,expand|vendor
trmm,float,sm_120,R,128,1,1,expand|vendor
trmm,float,sm_120,R,128,1,128,expand|vendor
trmm,float,sm_120,R,128,1,1024,expand|vendor
trmm,float,sm_120,R,128,1,32768,expand|vendor
trmm,float,sm_120,R,128,16,1,expand|vendor
trmm,float,sm_120,R,128,16,128,expand|vendor
trmm,float,sm_120,R,128,16,1024,expand|vendor
trmm,float,sm_120,R,128,16,32768,expand|vendor
trmm,float,sm_120,R,128,128,1,expand|vendor
trmm,float,sm_120,R,128,128,128,expand|vendor
trmm,float,sm_120,R,128,128,1024,expand|vendor
trmm,float,sm_120,R,128,128,32768,expand|vendor
trmm,float,sm_120,R,128,1024,1,expand|vendor
trmm,float,sm_120,R,128,1024,128,expand|vendor
trmm,float,sm_120,R,128,1024,1024,expand|vendor
trmm,float,sm_120,R,128,1024,32768,expand|vendor
trmm,float,sm_120,R,128,4096,1,expand|vendor
trmm,float,sm_120,R,128,4096,128,expand|vendor
trmm,float,sm_120,R,128,4096,1024,expand|vendor
trmm,float,sm_120,R,128,4096,32768,expand|vendor
trmm,float,sm_120,R,256,1,1,expand|vendor
trmm,float,sm_120,R,256,1,128,expand|vendor
trmm,float,sm_120,R,256,1,1024,expand|vendor
trmm,float,sm_120,R,256,1,32768,expand|vendor
trmm,float,sm_120,R,256,16,1,expand|vendor
trmm,float,sm_120,R,256,16,128,expand|vendor
trmm,float,sm_120,R,256,16,1024,expand|vendor
trmm,float,sm_120,R,256,16,32768,expand|vendor
trmm,float,sm_120,R,256,128,1,expand|vendor
trmm,float,sm_120,R,256,128,128,expand|vendor
trmm,float,sm_120,R,256,128,1024,expand|vendor
trmm,float,sm_120,R,256,128,32768,expand|vendor
trmm,float,sm_120,R,256,1024,1,expand|vendor
trmm,float,sm_120,R,256,1024,128,expand|vendor
trmm,float,sm_120,R,256,1024,1024,expand|vendor
trmm,float,sm_120,R,256,1024,32768,expand|vendor
trmm,float,sm_120,R,256,4096,1,expand|vendor
trmm,float,sm_120,R,256,4096,128,expand|vendor
trmm,float,sm_120,R,256,4096,1024,expand|vendor
trmm,float,sm_120,R,256,4096,32768,expand|vendor
trmm,float,sm_120,R,512,1,1,expand|vendor
trmm,float,sm_120,R,512,1,128,expand|vendor
trmm,float,sm_120,R,512,1,1024,expand|vendor
trmm,float,sm_120,R,512,1,32768,expand|vendor
trmm,float,sm_120,R,512,16,1,expand|vendor
trmm,float,sm_120,R,512,16,128,expand|vendor
trmm,float,sm_120,R,512,16,1024,expand|vendor
trmm,float,sm_120,R,512,16,32768,expand|vendor
trmm,float,sm_120,R,512,128,1,expand|vendor
trmm,float,sm_120,R,512,128,128,expand|vendor
trmm,float,sm_120,R,512,128,1024,expand|vendor
trmm,float,sm_120,R,512,128,32768,expand|vendor
trmm,float,sm_120,R,512,1024,1,expand|vendor
trmm,float,sm_120,R,512,1024,128,expand|vendor
trmm,float,sm_120,R,512,1024,1024,expand|vendor
trmm,float,sm_120,R,512,1024,32768,expand|vendor
trmm,float,sm_120,R,512,4096,1,expand|vendor
trmm,float,sm_120,R,512,4096,128,expand|vendor
trmm,float,sm_120,R,512,4096,1024,expand|vendor
trmm,float,sm_120,R,512,4096,32768,expand|vendor
trmm,float,sm_120,R,1024,1,1,expand|vendor
trmm,float,sm_120,R,1024,1,128,expand|vendor
trmm,float,sm_120,R,1024,1,1024,expand|vendor
trmm,float,sm_120,R,1024,1,32768,expand|vendor
trmm,float,sm_120,R,1024,16,1,expand|vendor
trmm,float,sm_120,R,1024,16,128,expand|vendor
trmm,float,sm_120,R,1024,16,1024,expand|vendor
trmm,float,sm_120,R,1024,16,32768,expand|vendor
trmm,float,sm_120,R,1024,128,1,expand|vendor
trmm,float,sm_120,R,1024,128,128,expand|vendor
trmm,float,sm_120,R,1024,128,1024,expand|vendor
trmm,float,sm_120,R,1024,128,32768,expand|vendor
trmm,float,sm_120,R,1024,1024,1,expand|vendor
trmm,float,sm_120,R,1024,1024,128,expand|vendor
trmm,float,sm_120,R,1024,1024,1024,expand|vendor
trmm,float,sm_120,R,1024,1024,32768,expand|vendor
trmm,float,sm_120,R,1024,4096,1,expand|vendor
trmm,float,sm_120,R,1024,4096,128,expand|vendor
trmm,float,sm_120,R,1024,4096,1024,expand|vendor
trmm,float,sm_120,R,1024,4096,32768,expand|vendor
trmm,float,sm_120,R,2048,1,1,expand|vendor
trmm,float,sm_120,R,2048,1,128,expand|vendor
trmm,float,sm_120,R,2048,1,1024,expand|vendor
trmm,float,sm_120,R,2048,1,32768,expand|vendor
trmm,float,sm_120,R,2048,16,1,expand|vendor
trmm,float,sm_120,R,2048,16,128,expand|vendor
trmm,float,sm_120,R,2048,16,1024,expand|vendor
trmm,float,sm_120,R,2048,16,32768,expand|vendor
trmm,float,sm_120,R,2048,128,1,expand|vendor
trmm,float,sm_120,R,2048,128,128,expand|vendor
trmm,float,sm_120,R,2048,128,1024,expand|vendor
trmm,float,sm_120,R,2048,128,32768,expand|vendor
trmm,float,sm_120,R,2048,1024,1,expand|vendor
trmm,float,sm_120,R,2048,1024,128,expand|vendor
trmm,float,sm_120,R,2048,1024,1024,expand|vendor
trmm,float,sm_120,R,2048,1024,32768,expand|vendor
trmm,float,sm_120,R,2048,4096,1,expand|vendor
trmm,float,sm_120,R,2048,4096,128,expand|vendor
trmm,float,sm_120,R,2048,4096,1024,expand|vendor
trmm,float,sm_120,R,2048,4096,32768,expand|vendor
trmm,double,sm_120,L,1,1,1,triangular|expand|vendor
trmm,double,sm_120,L,1,1,128,triangular|expand|vendor
trmm,double,sm_120,L,1,1,1024,triangular|expand|vendor
trmm,double,sm_120,L,1,1,32768,triangular|expand|vendor
trmm,double,sm_120,L,1,16,1,triangular|expand|vendor
trmm,double,sm_120,L,1,16,128,triangular|expand|vendor
trmm,double,sm_120,L,1,16,1024,triangular|expand|vendor
trmm,double,sm_120,L,1,16,32768,triangular|expand|vendor
trmm,double,sm_120,L,1,128,1,triangular|expand|vendor
trmm,double,sm_120,L,1,128,128,triangular|expand|vendor
trmm,double,sm_120,L,1,128,1024,triangular|expand|vendor
trmm,double,sm_120,L,1,128,32768,triangular|expand|vendor
trmm,double,sm_120,L,1,1024,1,triangular|expand|vendor
trmm,double,sm_120,L,1,1024,128,triangular|expand|vendor
trmm,double,sm_120,L,1,1024,1024,triangular|expand|vendor
trmm,double,sm_120,L,1,1024,32768,triangular|expand|vendor
trmm,double,sm_120,L,1,4096,1,triangular|expand|vendor
trmm,double,sm_120,L,1,4096,128,triangular|expand|vendor
trmm,double,sm_120,L,1,4096,1024,triangular|expand|vendor
trmm,double,sm_120,L,1,4096,32768,triangular|expand|vendor
trmm,double,sm_120,L,16,1,1,triangular|expand|vendor
trmm,double,sm_120,L,16,1,128,triangular|expand|vendor
trmm,double,sm_120,L,16,1,1024,triangular|expand|vendor
trmm,double,sm_120,L,16,1,32768,triangular|expand|vendor
trmm,double,sm_120,L,16,16,1,triangular|expand|vendor
trmm,double,sm_120,L,16,16,128,triangular|expand|vendor
trmm,double,sm_120,L,16,16,1024,triangular|expand|vendor
trmm,double,sm_120,L,16,16,32768,triangular|expand|vendor
trmm,double,sm_120,L,16,128,1,triangular|expand|vendor
trmm,double,sm_120,L,16,128,128,triangular|expand|vendor
trmm,double,sm_120,L,16,128,1024,triangular|expand|vendor
trmm,double,sm_120,L,16,128,32768,triangular|expand|vendor
trmm,double,sm_120,L,16,1024,1,triangular|expand|vendor
trmm,double,sm_120,L,16,1024,128,triangular|expand|vendor
trmm,double,sm_120,L,16,1024,1024,triangular|expand|vendor
trmm,double,sm_120,L,16,1024,32768,triangular|expand|vendor
trmm,double,sm_120,L,16,4096,1,triangular|expand|vendor
trmm,double,sm_120,L,16,4096,128,triangular|expand|vendor
trmm,double,sm_120,L,16,4096,1024,triangular|expand|vendor
trmm,double,sm_120,L,16,4096,32768,triangular|expand|vendor
trmm,double,sm_120,L,32,1,1,triangular|expand|vendor
trmm,double,sm_120,L,32,1,128,triangular|expand|vendor
trmm,double,sm_120,L,32,1,1024,triangular|expand|vendor
trmm,double,sm_120,L,32,1,32768,triangular|expand|vendor
trmm,double,sm_120,L,32,16,1,triangular|expand|vendor
trmm,double,sm_120,L,32,16,128,triangular|expand|vendor
trmm,double,sm_120,L,32,16,1024,triangular|expand|vendor
trmm,double,sm_120,L,32,16,32768,triangular|expand|vendor
trmm,double,sm_120,L,32,128,1,triangular|expand|vendor
trmm,double,sm_120,L,32,128,128,triangular|expand|vendor
trmm,double,sm_120,L,32,128,1024,triangular|expand|vendor
trmm,double,sm_120,L,32,128,32768,triangular|expand|vendor
trmm,double,sm_120,L,32,1024,1,triangular|expand|vendor
trmm,double,sm_120,L,32,1024,128,triangular|expand|vendor
trmm,double,sm_120,L,32,1024,1024,triangular|expand|vendor
trmm,double,sm_120,L,32,1024,32768,triangular|expand|vendor
trmm,double,sm_120,L,32,4096,1,triangular|expand|vendor
trmm,double,sm_120,L,32,4096,128,triangular|expand|vendor
trmm,double,sm_120,L,32,4096,1024,triangular|expand|vendor
trmm,double,sm_120,L,32,4096,32768,triangular|expand|vendor
trmm,double,sm_120,L,64,1,1,triangular|expand|vendor
trmm,double,sm_120,L,64,1,128,triangular|expand|vendor
trmm,double,sm_120,L,64,1,1024,triangular|expand|vendor
trmm,double,sm_120,L,64,1,32768,triangular|expand|vendor
trmm,double,sm_120,L,64,16,1,triangular|expand|vendor
trmm,double,sm_120,L,64,16,128,triangular|expand|vendor
trmm,double,sm_120,L,64,16,1024,triangular|expand|vendor
trmm,double,sm_120,L,64,16,32768,triangular|expand|vendor
trmm,double,sm_120,L,64,128,1,triangular|expand|vendor
trmm,double,sm_120,L,64,128,128,triangular|expand|vendor
trmm,double,sm_120,L,64,128,1024,triangular|expand|vendor
trmm,double,sm_120,L,64,128,32768,triangular|expand|vendor
trmm,double,sm_120,L,64,1024,1,triangular|expand|vendor
trmm,double,sm_120,L,64,1024,128,triangular|expand|vendor
trmm,double,sm_120,L,64,1024,1024,triangular|expand|vendor
trmm,double,sm_120,L,64,1024,32768,triangular|expand|vendor
trmm,double,sm_120,L,64,4096,1,triangular|expand|vendor
trmm,double,sm_120,L,64,4096,128,triangular|expand|vendor
trmm,double,sm_120,L,64,4096,1024,triangular|expand|vendor
trmm,double,sm_120,L,64,4096,32768,triangular|expand|vendor
trmm,double,sm_120,L,128,1,1,triangular|expand|vendor
trmm,double,sm_120,L,128,1,128,triangular|expand|vendor
trmm,double,sm_120,L,128,1,1024,triangular|expand|vendor
trmm,double,sm_120,L,128,1,32768,triangular|expand|vendor
trmm,double,sm_120,L,128,16,1,triangular|expand|vendor
trmm,double,sm_120,L,128,16,128,triangular|expand|vendor
trmm,double,sm_120,L,128,16,1024,triangular|expand|vendor
trmm,double,sm_120,L,128,16,32768,triangular|expand|vendor
trmm,double,sm_120,L,128,128,1,triangular|expand|vendor
trmm,double,sm_120,L,128,128,128,triangular|expand|vendor
trmm,double,sm_120,L,128,128,1024,triangular|expand|vendor
trmm,double,sm_120,L,128,128,32768,triangular|expand|vendor
trmm,double,sm_120,L,128,1024,1,triangular|expand|vendor
trmm,double,sm_120,L,128,1024,128,triangular|expand|vendor
trmm,double,sm_120,L,128,1024,1024,triangular|expand|vendor
trmm,double,sm_120,L,128,1024,32768,triangular|expand|vendor
trmm,double,sm_120,L,128,4096,1,triangular|expand|vendor
trmm,double,sm_120,L,128,4096,128,triangular|expand|vendor
trmm,double,sm_120,L,128,4096,1024,triangular|expand|vendor
trmm,double,sm_120,L,128,4096,32768,triangular|expand|vendor
trmm,double,sm_120,L,256,1,1,triangular|expand|vendor
trmm,double,sm_120,L,256,1,128,triangular|expand|vendor
trmm,double,sm_120,L,256,1,1024,triangular|expand|vendor
trmm,double,sm_120,L,256,1,32768,triangular|expand|vendor
trmm,double,sm_120,L,256,16,1,triangular|expand|vendor
trmm,double,sm_120,L,256,16,128,triangular|expand|vendor
trmm,double,sm_120,L,256,16,1024,triangular|expand|vendor
trmm,double,sm_120,L,256,16,32768,triangular|expand|vendor
trmm,double,sm_120,L,256,128,1,triangular|expand|vendor
trmm,double,sm_120,L,256,128,128,triangular|expand|vendor
trmm,double,sm_120,L,256,128,1024,triangular|expand|vendor
trmm,double,sm_120,L,256,128,32768,triangular|expand|vendor
trmm,double,sm_120,L,256,1024,1,triangular|expand|vendor
trmm,double,sm_120,L,256,1024,128,triangular|expand|vendor
trmm,double,sm_120,L,256,1024,1024,triangular|expand|vendor
trmm,double,sm_120,L,256,1024,32768,triangular|expand|vendor
trmm,double,sm_120,L,256,4096,1,triangular|expand|vendor
trmm,double,sm_120,L,256,4096,128,triangular|expand|vendor
trmm,double,sm_120,L,256,4096,1024,triangular|expand|vendor
trmm,double,sm_120,L,256,4096,32768,triangular|expand|vendor
trmm,double,sm_120,L,512,1,1,triangular|expand|vendor
trmm,double,sm_120,L,512,1,128,triangular|expand|vendor
trmm,double,sm_120,L,512,1,1024,triangular|expand|vendor
trmm,double,sm_120,L,512,1,32768,triangular|expand|vendor
trmm,double,sm_120,L,512,16,1,triangular|expand|vendor
trmm,double,sm_120,L,512,16,128,triangular|expand|vendor
trmm,double,sm_120,L,512,16,1024,triangular|expand|vendor
trmm,double,sm_120,L,512,16,32768,triangular|expand|vendor
trmm,double,sm_120,L,512,128,1,triangular|expand|vendor
trmm,double,sm_120,L,512,128,128,triangular|expand|vendor
trmm,double,sm_120,L,512,128,1024,triangular|expand|vendor
trmm,double,sm_120,L,512,128,32768,triangular|expand|vendor
trmm,double,sm_120,L,512,1024,1,triangular|expand|vendor
trmm,double,sm_120,L,512,1024,128,triangular|expand|vendor
trmm,double,sm_120,L,512,1024,1024,triangular|expand|vendor
trmm,double,sm_120,L,512,1024,32768,triangular|expand|vendor
trmm,double,sm_120,L,512,4096,1,triangular|expand|vendor
trmm,double,sm_120,L,512,4096,128,triangular|expand|vendor
trmm,double,sm_120,L,512,4096,1024,triangular|expand|vendor
trmm,double,sm_120,L,512,4096,32768,triangular|expand|vendor
trmm,double,sm_120,L,1024,1,1,triangular|expand|vendor
trmm,double,sm_120,L,1024,1,128,triangular|expand|vendor
trmm,double,sm_120,L,1024,1,1024,triangular|expand|vendor
trmm,double,sm_120,L,1024,1,32768,triangular|expand|vendor
trmm,double,sm_120,L,1024,16,1,triangular|expand|vendor
trmm,double,sm_120,L,1024,16,128,triangular|expand|vendor
trmm,double,sm_120,L,1024,16,1024,triangular|expand|vendor
trmm,double,sm_120,L,1024,16,32768,triangular|expand|vendor
trmm,double,sm_120,L,1024,128,1,triangular|expand|vendor
trmm,double,sm_120,L,1024,128,128,triangular|expand|vendor
trmm,double,sm_120,L,1024,128,1024,triangular|expand|vendor
trmm,double,sm_120,L,1024,128,32768,triangular|expand|vendor
trmm,double,sm_120,L,1024,1024,1,triangular|expand|vendor
trmm,double,sm_120,L,1024,1024,128,triangular|expand|vendor
trmm,double,sm_120,L,1024,1024,1024,triangular|expand|vendor
trmm,double,sm_120,L,1024,1024,32768,triangular|expand|vendor
trmm,double,sm_120,L,1024,4096,1,triangular|expand|vendor
trmm,double,sm_120,L,1024,4096,128,triangular|expand|vendor
trmm,double,sm_120,L,1024,4096,1024,triangular|expand|vendor
trmm,double,sm_120,L,1024,4096,32768,triangular|expand|vendor
trmm,double,sm_120,L,2048,1,1,triangular|expand|vendor
trmm,double,sm_120,L,2048,1,128,triangular|expand|vendor
trmm,double,sm_120,L,2048,1,1024,triangular|expand|vendor
trmm,double,sm_120,L,2048,1,32768,triangular|expand|vendor
trmm,double,sm_120,L,2048,16,1,triangular|expand|vendor
trmm,double,sm_120,L,2048,16,128,triangular|expand|vendor
trmm,double,sm_120,L,2048,16,1024,triangular|expand|vendor
trmm,double,sm_120,L,2048,16,32768,triangular|expand|vendor
trmm,double,sm_120,L,2048,128,1,triangular|expand|vendor
trmm,double,sm_120,L,2048,128,128,triangular|expand|vendor
trmm,double,sm_120,L,2048,128,1024,triangular|expand|vendor
trmm,double,sm_120,L,2048,128,32768,triangular|expand|vendor
trmm,double,sm_120,L,2048,1024,1,triangular|expand|vendor
trmm,double,sm_120,L,2048,1024,128,triangular|expand|vendor
trmm,double,sm_120,L,2048,1024,1024,triangular|expand|vendor
trmm,double,sm_120,L,2048,1024,32768,triangular|expand|vendor
trmm,double,sm_120,L,2048,4096,1,triangular|expand|vendor
trmm,double,sm_120,L,2048,4096,128,triangular|expand|vendor
trmm,double,sm_120,L,2048,4096,1024,triangular|expand|vendor
trmm,double,sm_120,L,2048,4096,32768,triangular|expand|vendor
trmm,double,sm_120,R,1,1,1,expand|vendor
trmm,double,sm_120,R,1,1,128,expand|vendor
trmm,double,sm_120,R,1,1,1024,expand|vendor
trmm,double,sm_120,R,1,1,32768,expand|vendor
trmm,double,sm_120,R,1,16,1,expand|vendor
trmm,double,sm_120,R,1,16,128,expand|vendor
trmm,double,sm_120,R,1,16,1024,expand|vendor
trmm,double,sm_120,R,1,16,32768,expand|vendor
trmm,double,sm_120,R,1,128,1,expand|vendor
trmm,double,sm_120,R,1,128,128,expand|vendor
trmm,double,sm_120,R,1,128,1024,expand|vendor
trmm,double,sm_120,R,1,128,32768,expand|vendor
trmm,double,sm_120,R,1,1024,1,expand|vendor
trmm,double,sm_120,R,1,1024,128,expand|vendor
trmm,double,sm_120,R,1,1024,1024,expand|vendor
trmm,double,sm_120,R,1,1024,32768,expand|vendor
trmm,double,sm_120,R,1,4096,1,expand|vendor
trmm,double,sm_120,R,1,4096,128,expand|vendor
trmm,double,sm_120,R,1,4096,1024,expand|vendor
trmm,double,sm_120,R,1,4096,32768,expand|vendor
trmm,double,sm_120,R,16,1,1,expand|vendor
trmm,double,sm_120,R,16,1,128,expand|vendor
trmm,double,sm_120,R,16,1,1024,expand|vendor
trmm,double,sm_120,R,16,1,32768,expand|vendor
trmm,double,sm_120,R,16,16,1,expand|vendor
trmm,double,sm_120,R,16,16,128,expand|vendor
trmm,double,sm_120,R,16,16,1024,expand|vendor
trmm,double,sm_120,R,16,16,32768,expand|vendor
trmm,double,sm_120,R,16,128,1,expand|vendor
trmm,double,sm_120,R,16,128,128,expand|vendor
trmm,double,sm_120,R,16,128,1024,expand|vendor
trmm,double,sm_120,R,16,128,32768,expand|vendor
trmm,double,sm_120,R,16,1024,1,expand|vendor
trmm,double,sm_120,R,16,1024,128,expand|vendor
trmm,double,sm_120,R,16,1024,1024,expand|vendor
trmm,double,sm_120,R,16,1024,32768,expand|vendor
trmm,double,sm_120,R,16,4096,1,expand|vendor
trmm,double,sm_120,R,16,4096,128,expand|vendor
trmm,double,sm_120,R,16,4096,1024,expand|vendor
trmm,double,sm_120,R,16,4096,32768,expand|vendor
trmm,double,sm_120,R,32,1,1,expand|vendor
trmm,double,sm_120,R,32,1,128,expand|vendor
trmm,double,sm_120,R,32,1,1024,expand|vendor
trmm,double,sm_120,R,32,1,32768,expand|vendor
trmm,double,sm_120,R,32,16,1,expand|vendor
trmm,double,sm_120,R,32,16,128,expand|vendor
trmm,double,sm_120,R,32,16,1024,expand|vendor
trmm,double,sm_120,R,32,16,32768,expand|vendor
trmm,double,sm_120,R,32,128,1,expand|vendor
trmm,double,sm_120,R,32,128,128,expand|vendor
trmm,double,sm_120,R,32,128,1024,expand|vendor
trmm,double,sm_120,R,32,128,32768,expand|vendor
trmm,double,sm_120,R,32,1024,1,expand|vendor
trmm,double,sm_120,R,32,1024,128,expand|vendor
trmm,double,sm_120,R,32,1024,1024,expand|vendor
trmm,double,sm_120,R,32,1024,32768,expand|vendor
trmm,double,sm_120,R,32,4096,1,expand|vendor
trmm,double,sm_120,R,32,4096,128,expand|vendor
trmm,double,sm_120,R,32,4096,1024,expand|vendor
trmm,double,sm_120,R,32,4096,32768,expand|vendor
trmm,double,sm_120,R,64,1,1,expand|vendor
trmm,double,sm_120,R,64,1,128,expand|vendor
trmm,double,sm_120,R,64,1,1024,expand|vendor
trmm,double,sm_120,R,64,1,32768,expand|vendor
trmm,double,sm_120,R,64,16,1,expand|vendor
trmm,double,sm_120,R,64,16,128,expand|vendor
trmm,double,sm_120,R,64,16,1024,expand|vendor
trmm,double,sm_120,R,64,16,32768,expand|vendor
trmm,double,sm_120,R,64,128,1,expand|vendor
trmm,double,sm_120,R,64,128,128,expand|vendor
trmm,double,sm_120,R,64,128,1024,expand|vendor
trmm,double,sm_120,R,64,128,32768,expand|vendor
trmm,double,sm_120,R,64,1024,1,expand|vendor
trmm,double,sm_120,R,64,1024,128,expand|vendor
trmm,double,sm_120,R,64,1024,1024,expand|vendor
trmm,double,sm_120,R,64,1024,32768,expand|vendor
trmm,double,sm_120,R,64,4096,1,expand|vendor
trmm,double,sm_120,R,64,4096,128,expand|vendor
trmm,double,sm_120,R,64,4096,1024,expand|vendor
trmm,double,sm_120,R,64,4096,32768,expand|vendor
trmm,double,sm_120,R,128,1,1,expand|vendor
trmm,double,sm_120,R,128,1,128,expand|vendor
trmm,double,sm_120,R,128,1,1024,expand|vendor
trmm,double,sm_120,R,128,1,32768,expand|vendor
trmm,double,sm_120,R,128,16,1,expand|vendor
trmm,double,sm_120,R,128,16,128,expand|vendor
trmm,double,sm_120,R,128,16,1024,expand|vendor
trmm,double,sm_120,R,128,16,32768,expand|vendor
trmm,double,sm_120,R,128,128,1,expand|vendor
trmm,double,sm_120,R,128,128,128,expand|vendor
trmm,double,sm_120,R,128,128,1024,expand|vendor
trmm,double,sm_120,R,128,128,32768,expand|vendor
trmm,double,sm_120,R,128,1024,1,expand|vendor
trmm,double,sm_120,R,128,1024,128,expand|vendor
trmm,double,sm_120,R,128,1024,1024,expand|vendor
trmm,double,sm_120,R,128,1024,32768,expand|vendor
trmm,double,sm_120,R,128,4096,1,expand|vendor
trmm,double,sm_120,R,128,4096,128,expand|vendor
trmm,double,sm_120,R,128,4096,1024,expand|vendor
trmm,double,sm_120,R,128,4096,32768,expand|vendor
trmm,double,sm_120,R,256,1,1,expand|vendor
trmm,double,sm_120,R,256,1,128,expand|vendor
trmm,double,sm_120,R,256,1,1024,expand|vendor
trmm,double,sm_120,R,256,1,32768,expand|vendor
trmm,double,sm_120,R,256,16,1,expand|vendor
trmm,double,sm_120,R,256,16,128,expand|vendor
trmm,double,sm_120,R,256,16,1024,expand|vendor
trmm,double,sm_120,R,256,16,32768,expand|vendor
trmm,double,sm_120,R,256,128,1,expand|vendor
trmm,double,sm_120,R,256,128,128,expand|vendor
trmm,double,sm_120,R,256,128,1024,expand|vendor
trmm,double,sm_120,R,256,128,32768,expand|vendor
trmm,double,sm_120,R,256,1024,1,expand|vendor
trmm,double,sm_120,R,256,1024,128,expand|vendor
trmm,double,sm_120,R,256,1024,1024,expand|vendor
trmm,double,sm_120,R,256,1024,32768,expand|vendor
trmm,double,sm_120,R,256,4096,1,expand|vendor
trmm,double,sm_120,R,256,4096,128,expand|vendor
trmm,double,sm_120,R,256,4096,1024,expand|vendor
trmm,double,sm_120,R,256,4096,32768,expand|vendor
trmm,double,sm_120,R,512,1,1,expand|vendor
trmm,double,sm_120,R,512,1,128,expand|vendor
trmm,double,sm_120,R,512,1,1024,expand|vendor
trmm,double,sm_120,R,512,1,32768,expand|vendor
trmm,double,sm_120,R,512,16,1,expand|vendor
trmm,double,sm_120,R,512,16,128,expand|vendor
trmm,double,sm_120,R,512,16,1024,expand|vendor
trmm,double,sm_120,R,512,16,32768,expand|vendor
trmm,double,sm_120,R,512,128,1,expand|vendor
trmm,double,sm_120,R,512,128,128,expand|vendor
trmm,double,sm_120,R,512,128,1024,expand|vendor
trmm,double,sm_120,R,512,128,32768,expand|vendor
trmm,double,sm_120,R,512,1024,1,expand|vendor
trmm,double,sm_120,R,512,1024,128,expand|vendor
trmm,double,sm_120,R,512,1024,1024,expand|vendor
trmm,double,sm_120,R,512,1024,32768,expand|vendor
trmm,double,sm_120,R,512,4096,1,expand|vendor
trmm,double,sm_120,R,512,4096,128,expand|vendor
trmm,double,sm_120,R,512,4096,1024,expand|vendor
trmm,double,sm_120,R,512,4096,32768,expand|vendor
trmm,double,sm_120,R,1024,1,1,expand|vendor
trmm,double,sm_120,R,1024,1,128,expand|vendor
trmm,double,sm_120,R,1024,1,1024,expand|vendor
trmm,double,sm_120,R,1024,1,32768,expand|vendor
trmm,double,sm_120,R,1024,16,1,expand|vendor
trmm,double,sm_120,R,1024,16,128,expand|vendor
trmm,double,sm_120,R,1024,16,1024,expand|vendor
trmm,double,sm_120,R,1024,16,32768,expand|vendor
trmm,double,sm_120,R,1024,128,1,expand|vendor
trmm,double,sm_120,R,1024,128,128,expand|vendor
trmm,double,sm_120,R,1024,128,1024,expand|vendor
trmm,double,sm_120,R,1024,128,32768,expand|vendor
trmm,double,sm_120,R,1024,1024,1,expand|vendor
trmm,double,sm_120,R,1024,1024,128,expand|vendor
trmm,double,sm_120,R,1024,1024,1024,expand|vendor
trmm,double,sm_120,R,1024,1024,32768,expand|vendor
trmm,double,sm_120,R,1024,4096,1,expand|vendor
trmm,double,sm_120,R,1024,4096,128,expand|vendor
trmm,double,sm_120,R,1024,4096,1024,expand|vendor
trmm,double,sm_120,R,1024,4096,32768,expand|vendor
trmm,double,sm_120,R,2048,1,1,expand|vendor
trmm,double,sm_120,R,2048,1,128,expand|vendor
trmm,double,sm_120,R,2048,1,1024,expand|vendor
trmm,double,sm_120,R,2048,1,32768,expand|vendor
trmm,double,sm_120,R,2048,16,1,expand|vendor
trmm,double,sm_120,R,2048,16,128,expand|vendor
trmm,double,sm_120,R,2048,16,1024,expand|vendor
trmm,double,sm_120,R,2048,16,32768,expand|vendor
trmm,double,sm_120,R,2048,128,1,expand|vendor
trmm,double,sm_120,R,2048,128,128,expand|vendor
trmm,double,sm_120,R,2048,128,1024,expand|vendor
trmm,double,sm_120,R,2048,128,32768,expand|vendor
trmm,double,sm_120,R,2048,1024,1,expand|vendor
trmm,double,sm_120,R,2048,1024,128,expand|vendor
trmm,double,sm_120,R,2048,1024,1024,expand|vendor
trmm,double,sm_120,R,2048,1024,32768,expand|vendor
trmm,double,sm_120,R,2048,4096,1,expand|vendor
trmm,double,sm_120,R,2048,4096,128,expand|vendor
trmm,double,sm_120,R,2048,4096,1024,expand|vendor
trmm,double,sm_120,R,2048,4096,32768,expand|vendor
trmm,cfloat,sm_120,L,1,1,1,triangular|expand|vendor
trmm,cfloat,sm_120,L,1,1,128,triangular|expand|vendor
trmm,cfloat,sm_120,L,1,1,1024,triangular|expand|vendor
trmm,cfloat,sm_120,L,1,1,32768,triangular|expand|vendor
trmm,cfloat,sm_120,L,1,16,1,triangular|expand|vendor
trmm,cfloat,sm_120,L,1,16,128,triangular|expand|vendor
trmm,cfloat,sm_120,L,1,16,1024,triangular|expand|vendor
trmm,cfloat,sm_120,L,1,16,32768,triangular|expand|vendor
trmm,cfloat,sm_120,L,1,128,1,triangular|expand|vendor
trmm,cfloat,sm_120,L,1,128,128,triangular|expand|vendor
trmm,cfloat,sm_120,L,1,128,1024,triangular|expand|vendor
trmm,cfloat,sm_120,L,1,128,32768,triangular|expand|vendor
trmm,cfloat,sm_120,L,1,1024,1,triangular|expand|vendor
trmm,cfloat,sm_120,L,1,1024,128,triangular|expand|vendor
trmm,cfloat,sm_120,L,1,1024,1024,triangular|expand|vendor
trmm,cfloat,sm_120,L,1,1024,32768,triangular|expand|vendor
trmm,cfloat,sm_120,L,1,4096,1,triangular|expand|vendor
trmm,cfloat,sm_120,L,1,4096,128,triangular|expand|vendor
trmm,cfloat,sm_120,L,1,4096,1024,triangular|expand|vendor
trmm,cfloat,sm_120,L,1,4096,32768,triangular|expand|vendor
trmm,cfloat,sm_120,L,16,1,1,triangular|expand|vendor
trmm,cfloat,sm_120,L,16,1,128,triangular|expand|vendor
trmm,cfloat,sm_120,L,16,1,1024,triangular|expand|vendor
trmm,cfloat,sm_120,L,16,1,32768,triangular|expand|vendor
trmm,cfloat,sm_120,L,16,16,1,triangular|expand|vendor
trmm,cfloat,sm_120,L,16,16,128,triangular|expand|vendor
trmm,cfloat,sm_120,L,16,16,1024,triangular|expand|vendor
trmm,cfloat,sm_120,L,16,16,32768,triangular|expand|vendor
trmm,cfloat,sm_120,L,16,128,1,triangular|expand|vendor
trmm,cfloat,sm_120,L,16,128,128,triangular|expand|vendor
trmm,cfloat,sm_120,L,16,128,1024,triangular|expand|vendor
trmm,cfloat,sm_120,L,16,128,32768,triangular|expand|vendor
trmm,cfloat,sm_120,L,16,1024,1,triangular|expand|vendor
trmm,cfloat,sm_120,L,16,1024,128,triangular|expand|vendor
trmm,cfloat,sm_120,L,16,1024,1024,triangular|expand|vendor
trmm,cfloat,sm_120,L,16,1024,32768,triangular|expand|vendor
trmm,cfloat,sm_120,L,16,4096,1,triangular|expand|vendor
trmm,cfloat,sm_120,L,16,4096,128,triangular|expand|vendor
trmm,cfloat,sm_120,L,16,4096,1024,triangular|expand|vendor
trmm,cfloat,sm_120,L,16,4096,32768,triangular|expand|vendor
trmm,cfloat,sm_120,L,32,1,1,triangular|expand|vendor
trmm,cfloat,sm_120,L,32,1,128,triangular|expand|vendor
trmm,cfloat,sm_120,L,32,1,1024,triangular|expand|vendor
trmm,cfloat,sm_120,L,32,1,32768,triangular|expand|vendor
trmm,cfloat,sm_120,L,32,16,1,triangular|expand|vendor
trmm,cfloat,sm_120,L,32,16,128,triangular|expand|vendor
trmm,cfloat,sm_120,L,32,16,1024,triangular|expand|vendor
trmm,cfloat,sm_120,L,32,16,32768,triangular|expand|vendor
trmm,cfloat,sm_120,L,32,128,1,triangular|expand|vendor
trmm,cfloat,sm_120,L,32,128,128,triangular|expand|vendor
trmm,cfloat,sm_120,L,32,128,1024,triangular|expand|vendor
trmm,cfloat,sm_120,L,32,128,32768,triangular|expand|vendor
trmm,cfloat,sm_120,L,32,1024,1,triangular|expand|vendor
trmm,cfloat,sm_120,L,32,1024,128,triangular|expand|vendor
trmm,cfloat,sm_120,L,32,1024,1024,triangular|expand|vendor
trmm,cfloat,sm_120,L,32,1024,32768,triangular|expand|vendor
trmm,cfloat,sm_120,L,32,4096,1,triangular|expand|vendor
trmm,cfloat,sm_120,L,32,4096,128,triangular|expand|vendor
trmm,cfloat,sm_120,L,32,4096,1024,triangular|expand|vendor
trmm,cfloat,sm_120,L,32,4096,32768,triangular|expand|vendor
trmm,cfloat,sm_120,L,64,1,1,triangular|expand|vendor
trmm,cfloat,sm_120,L,64,1,128,triangular|expand|vendor
trmm,cfloat,sm_120,L,64,1,1024,triangular|expand|vendor
trmm,cfloat,sm_120,L,64,1,32768,triangular|expand|vendor
trmm,cfloat,sm_120,L,64,16,1,triangular|expand|vendor
trmm,cfloat,sm_120,L,64,16,128,triangular|expand|vendor
trmm,cfloat,sm_120,L,64,16,1024,triangular|expand|vendor
trmm,cfloat,sm_120,L,64,16,32768,triangular|expand|vendor
trmm,cfloat,sm_120,L,64,128,1,triangular|expand|vendor
trmm,cfloat,sm_120,L,64,128,128,triangular|expand|vendor
trmm,cfloat,sm_120,L,64,128,1024,triangular|expand|vendor
trmm,cfloat,sm_120,L,64,128,32768,triangular|expand|vendor
trmm,cfloat,sm_120,L,64,1024,1,triangular|expand|vendor
trmm,cfloat,sm_120,L,64,1024,128,triangular|expand|vendor
trmm,cfloat,sm_120,L,64,1024,1024,triangular|expand|vendor
trmm,cfloat,sm_120,L,64,1024,32768,triangular|expand|vendor
trmm,cfloat,sm_120,L,64,4096,1,triangular|expand|vendor
trmm,cfloat,sm_120,L,64,4096,128,triangular|expand|vendor
trmm,cfloat,sm_120,L,64,4096,1024,triangular|expand|vendor
trmm,cfloat,sm_120,L,64,4096,32768,triangular|expand|vendor
trmm,cfloat,sm_120,L,128,1,1,triangular|expand|vendor
trmm,cfloat,sm_120,L,128,1,128,triangular|expand|vendor
trmm,cfloat,sm_120,L,128,1,1024,triangular|expand|vendor
trmm,cfloat,sm_120,L,128,1,32768,triangular|expand|vendor
trmm,cfloat,sm_120,L,128,16,1,triangular|expand|vendor
trmm,cfloat,sm_120,L,128,16,128,triangular|expand|vendor
trmm,cfloat,sm_120,L,128,16,1024,triangular|expand|vendor
trmm,cfloat,sm_120,L,128,16,32768,triangular|expand|vendor
trmm,cfloat,sm_120,L,128,128,1,triangular|expand|vendor
trmm,cfloat,sm_120,L,128,128,128,triangular|expand|vendor
trmm,cfloat,sm_120,L,128,128,1024,triangular|expand|vendor
trmm,cfloat,sm_120,L,128,128,32768,triangular|expand|vendor
trmm,cfloat,sm_120,L,128,1024,1,triangular|expand|vendor
trmm,cfloat,sm_120,L,128,1024,128,triangular|expand|vendor
trmm,cfloat,sm_120,L,128,1024,1024,triangular|expand|vendor
trmm,cfloat,sm_120,L,128,1024,32768,triangular|expand|vendor
trmm,cfloat,sm_120,L,128,4096,1,triangular|expand|vendor
trmm,cfloat,sm_120,L,128,4096,128,triangular|expand|vendor
trmm,cfloat,sm_120,L,128,4096,1024,triangular|expand|vendor
trmm,cfloat,sm_120,L,128,4096,32768,triangular|expand|vendor
trmm,cfloat,sm_120,L,256,1,1,triangular|expand|vendor
trmm,cfloat,sm_120,L,256,1,128,triangular|expand|vendor
trmm,cfloat,sm_120,L,256,1,1024,triangular|expand|vendor
trmm,cfloat,sm_120,L,256,1,32768,triangular|expand|vendor
trmm,cfloat,sm_120,L,256,16,1,triangular|expand|vendor
trmm,cfloat,sm_120,L,256,16,128,triangular|expand|vendor
trmm,cfloat,sm_120,L,256,16,1024,triangular|expand|vendor
trmm,cfloat,sm_120,L,256,16,32768,triangular|expand|vendor
trmm,cfloat,sm_120,L,256,128,1,triangular|expand|vendor
trmm,cfloat,sm_120,L,256,128,128,triangular|expand|vendor
trmm,cfloat,sm_120,L,256,128,1024,triangular|expand|vendor
trmm,cfloat,sm_120,L,256,128,32768,triangular|expand|vendor
trmm,cfloat,sm_120,L,256,1024,1,triangular|expand|vendor
trmm,cfloat,sm_120,L,256,1024,128,triangular|expand|vendor
trmm,cfloat,sm_120,L,256,1024,1024,triangular|expand|vendor
trmm,cfloat,sm_120,L,256,1024,32768,triangular|expand|vendor
trmm,cfloat,sm_120,L,256,4096,1,triangular|expand|vendor
trmm,cfloat,sm_120,L,256,4096,128,triangular|expand|vendor
trmm,cfloat,sm_120,L,256,4096,1024,triangular|expand|vendor
trmm,cfloat,sm_120,L,256,4096,32768,triangular|expand|vendor
trmm,cfloat,sm_120,L,512,1,1,triangular|expand|vendor
trmm,cfloat,sm_120,L,512,1,128,triangular|expand|vendor
trmm,cfloat,sm_120,L,512,1,1024,triangular|expand|vendor
trmm,cfloat,sm_120,L,512,1,32768,triangular|expand|vendor
trmm,cfloat,sm_120,L,512,16,1,triangular|expand|vendor
trmm,cfloat,sm_120,L,512,16,128,triangular|expand|vendor
trmm,cfloat,sm_120,L,512,16,1024,triangular|expand|vendor
trmm,cfloat,sm_120,L,512,16,32768,triangular|expand|vendor
trmm,cfloat,sm_120,L,512,128,1,triangular|expand|vendor
trmm,cfloat,sm_120,L,512,128,128,triangular|expand|vendor
trmm,cfloat,sm_120,L,512,128,1024,triangular|expand|vendor
trmm,cfloat,sm_120,L,512,128,32768,triangular|expand|vendor
trmm,cfloat,sm_120,L,512,1024,1,triangular|expand|vendor
trmm,cfloat,sm_120,L,512,1024,128,triangular|expand|vendor
trmm,cfloat,sm_120,L,512,1024,1024,triangular|expand|vendor
trmm,cfloat,sm_120,L,512,1024,32768,triangular|expand|vendor
trmm,cfloat,sm_120,L,512,4096,1,triangular|expand|vendor
trmm,cfloat,sm_120,L,512,4096,128,triangular|expand|vendor
trmm,cfloat,sm_120,L,512,4096,1024,triangular|expand|vendor
trmm,cfloat,sm_120,L,512,4096,32768,triangular|expand|vendor
trmm,cfloat,sm_120,L,1024,1,1,triangular|expand|vendor
trmm,cfloat,sm_120,L,1024,1,128,triangular|expand|vendor
trmm,cfloat,sm_120,L,1024,1,1024,triangular|expand|vendor
trmm,cfloat,sm_120,L,1024,1,32768,triangular|expand|vendor
trmm,cfloat,sm_120,L,1024,16,1,triangular|expand|vendor
trmm,cfloat,sm_120,L,1024,16,128,triangular|expand|vendor
trmm,cfloat,sm_120,L,1024,16,1024,triangular|expand|vendor
trmm,cfloat,sm_120,L,1024,16,32768,triangular|expand|vendor
trmm,cfloat,sm_120,L,1024,128,1,triangular|expand|vendor
trmm,cfloat,sm_120,L,1024,128,128,triangular|expand|vendor
trmm,cfloat,sm_120,L,1024,128,1024,triangular|expand|vendor
trmm,cfloat,sm_120,L,1024,128,32768,triangular|expand|vendor
trmm,cfloat,sm_120,L,1024,1024,1,triangular|expand|vendor
trmm,cfloat,sm_120,L,1024,1024,128,triangular|expand|vendor
trmm,cfloat,sm_120,L,1024,1024,1024,triangular|expand|vendor
trmm,cfloat,sm_120,L,1024,1024,32768,triangular|expand|vendor
trmm,cfloat,sm_120,L,1024,4096,1,triangular|expand|vendor
trmm,cfloat,sm_120,L,1024,4096,128,triangular|expand|vendor
trmm,cfloat,sm_120,L,1024,4096,1024,triangular|expand|vendor
trmm,cfloat,sm_120,L,1024,4096,32768,triangular|expand|vendor
trmm,cfloat,sm_120,L,2048,1,1,triangular|expand|vendor
trmm,cfloat,sm_120,L,2048,1,128,triangular|expand|vendor
trmm,cfloat,sm_120,L,2048,1,1024,triangular|expand|vendor
trmm,cfloat,sm_120,L,2048,1,32768,triangular|expand|vendor
trmm,cfloat,sm_120,L,2048,16,1,triangular|expand|vendor
trmm,cfloat,sm_120,L,2048,16,128,triangular|expand|vendor
trmm,cfloat,sm_120,L,2048,16,1024,triangular|expand|vendor
trmm,cfloat,sm_120,L,2048,16,32768,triangular|expand|vendor
trmm,cfloat,sm_120,L,2048,128,1,triangular|expand|vendor
trmm,cfloat,sm_120,L,2048,128,128,triangular|expand|vendor
trmm,cfloat,sm_120,L,2048,128,1024,triangular|expand|vendor
trmm,cfloat,sm_120,L,2048,128,32768,triangular|expand|vendor
trmm,cfloat,sm_120,L,2048,1024,1,triangular|expand|vendor
trmm,cfloat,sm_120,L,2048,1024,128,triangular|expand|vendor
trmm,cfloat,sm_120,L,2048,1024,1024,triangular|expand|vendor
trmm,cfloat,sm_120,L,2048,1024,32768,triangular|expand|vendor
trmm,cfloat,sm_120,L,2048,4096,1,triangular|expand|vendor
trmm,cfloat,sm_120,L,2048,4096,128,triangular|expand|vendor
trmm,cfloat,sm_120,L,2048,4096,1024,triangular|expand|vendor
trmm,cfloat,sm_120,L,2048,4096,32768,triangular|expand|vendor
trmm,cfloat,sm_120,R,1,1,1,expand|vendor
trmm,cfloat,sm_120,R,1,1,128,expand|vendor
trmm,cfloat,sm_120,R,1,1,1024,expand|vendor
trmm,cfloat,sm_120,R,1,1,32768,expand|vendor
trmm,cfloat,sm_120,R,1,16,1,expand|vendor
trmm,cfloat,sm_120,R,1,16,128,expand|vendor
trmm,cfloat,sm_120,R,1,16,1024,expand|vendor
trmm,cfloat,sm_120,R,1,16,32768,expand|vendor
trmm,cfloat,sm_120,R,1,128,1,expand|vendor
trmm,cfloat,sm_120,R,1,128,128,expand|vendor
trmm,cfloat,sm_120,R,1,128,1024,expand|vendor
trmm,cfloat,sm_120,R,1,128,32768,expand|vendor
trmm,cfloat,sm_120,R,1,1024,1,expand|vendor
trmm,cfloat,sm_120,R,1,1024,128,expand|vendor
trmm,cfloat,sm_120,R,1,1024,1024,expand|vendor
trmm,cfloat,sm_120,R,1,1024,32768,expand|vendor
trmm,cfloat,sm_120,R,1,4096,1,expand|vendor
trmm,cfloat,sm_120,R,1,4096,128,expand|vendor
trmm,cfloat,sm_120,R,1,4096,1024,expand|vendor
trmm,cfloat,sm_120,R,1,4096,32768,expand|vendor
trmm,cfloat,sm_120,R,16,1,1,expand|vendor
trmm,cfloat,sm_120,R,16,1,128,expand|vendor
trmm,cfloat,sm_120,R,16,1,1024,expand|vendor
trmm,cfloat,sm_120,R,16,1,32768,expand|vendor
trmm,cfloat,sm_120,R,16,16,1,expand|vendor
trmm,cfloat,sm_120,R,16,16,128,expand|vendor
trmm,cfloat,sm_120,R,16,16,1024,expand|vendor
trmm,cfloat,sm_120,R,16,16,32768,expand|vendor
trmm,cfloat,sm_120,R,16,128,1,expand|vendor
trmm,cfloat,sm_120,R,16,128,128,expand|vendor
trmm,cfloat,sm_120,R,16,128,1024,expand|vendor
trmm,cfloat,sm_120,R,16,128,32768,expand|vendor
trmm,cfloat,sm_120,R,16,1024,1,expand|vendor
trmm,cfloat,sm_120,R,16,1024,128,expand|vendor
trmm,cfloat,sm_120,R,16,1024,1024,expand|vendor
trmm,cfloat,sm_120,R,16,1024,32768,expand|vendor
trmm,cfloat,sm_120,R,16,4096,1,expand|vendor
trmm,cfloat,sm_120,R,16,4096,128,expand|vendor
trmm,cfloat,sm_120,R,16,4096,1024,expand|vendor
trmm,cfloat,sm_120,R,16,4096,32768,expand|vendor
trmm,cfloat,sm_120,R,32,1,1,expand|vendor
trmm,cfloat,sm_120,R,32,1,128,expand|vendor
trmm,cfloat,sm_120,R,32,1,1024,expand|vendor
trmm,cfloat,sm_120,R,32,1,32768,expand|vendor
trmm,cfloat,sm_120,R,32,16,1,expand|vendor
trmm,cfloat,sm_120,R,32,16,128,expand|vendor
trmm,cfloat,sm_120,R,32,16,1024,expand|vendor
trmm,cfloat,sm_120,R,32,16,32768,expand|vendor
trmm,cfloat,sm_120,R,32,128,1,expand|vendor
trmm,cfloat,sm_120,R,32,128,128,expand|vendor
trmm,cfloat,sm_120,R,32,128,1024,expand|vendor
trmm,cfloat,sm_120,R,32,128,32768,expand|vendor
trmm,cfloat,sm_120,R,32,1024,1,expand|vendor
trmm,cfloat,sm_120,R,32,1024,128,expand|vendor
trmm,cfloat,sm_120,R,32,1024,1024,expand|vendor
trmm,cfloat,sm_120,R,32,1024,32768,expand|vendor
trmm,cfloat,sm_120,R,32,4096,1,expand|vendor
trmm,cfloat,sm_120,R,32,4096,128,expand|vendor
trmm,cfloat,sm_120,R,32,4096,1024,expand|vendor
trmm,cfloat,sm_120,R,32,4096,32768,expand|vendor
trmm,cfloat,sm_120,R,64,1,1,expand|vendor
trmm,cfloat,sm_120,R,64,1,128,expand|vendor
trmm,cfloat,sm_120,R,64,1,1024,expand|vendor
trmm,cfloat,sm_120,R,64,1,32768,expand|vendor
trmm,cfloat,sm_120,R,64,16,1,expand|vendor
trmm,cfloat,sm_120,R,64,16,128,expand|vendor
trmm,cfloat,sm_120,R,64,16,1024,expand|vendor
trmm,cfloat,sm_120,R,64,16,32768,expand|vendor
trmm,cfloat,sm_120,R,64,128,1,expand|vendor
trmm,cfloat,sm_120,R,64,128,128,expand|vendor
trmm,cfloat,sm_120,R,64,128,1024,expand|vendor
trmm,cfloat,sm_120,R,64,128,32768,expand|vendor
trmm,cfloat,sm_120,R,64,1024,1,expand|vendor
trmm,cfloat,sm_120,R,64,1024,128,expand|vendor
trmm,cfloat,sm_120,R,64,1024,1024,expand|vendor
trmm,cfloat,sm_120,R,64,1024,32768,expand|vendor
trmm,cfloat,sm_120,R,64,4096,1,expand|vendor
trmm,cfloat,sm_120,R,64,4096,128,expand|vendor
trmm,cfloat,sm_120,R,64,4096,1024,expand|vendor
trmm,cfloat,sm_120,R,64,4096,32768,expand|vendor
trmm,cfloat,sm_120,R,128,1,1,expand|vendor
trmm,cfloat,sm_120,R,128,1,128,expand|vendor
trmm,cfloat,sm_120,R,128,1,1024,expand|vendor
trmm,cfloat,sm_120,R,128,1,32768,expand|vendor
trmm,cfloat,sm_120,R,128,16,1,expand|vendor
trmm,cfloat,sm_120,R,128,16,128,expand|vendor
trmm,cfloat,sm_120,R,128,16,1024,expand|vendor
trmm,cfloat,sm_120,R,128,16,32768,expand|vendor
trmm,cfloat,sm_120,R,128,128,1,expand|vendor
trmm,cfloat,sm_120,R,128,128,128,expand|vendor
trmm,cfloat,sm_120,R,128,128,1024,expand|vendor
trmm,cfloat,sm_120,R,128,128,32768,expand|vendor
trmm,cfloat,sm_120,R,128,1024,1,expand|vendor
trmm,cfloat,sm_120,R,128,1024,128,expand|vendor
trmm,cfloat,sm_120,R,128,1024,1024,expand|vendor
trmm,cfloat,sm_120,R,128,1024,32768,expand|vendor
trmm,cfloat,sm_120,R,128,4096,1,expand|vendor
trmm,cfloat,sm_120,R,128,4096,128,expand|vendor
trmm,cfloat,sm_120,R,128,4096,1024,expand|vendor
trmm,cfloat,sm_120,R,128,4096,32768,expand|vendor
trmm,cfloat,sm_120,R,256,1,1,expand|vendor
trmm,cfloat,sm_120,R,256,1,128,expand|vendor
trmm,cfloat,sm_120,R,256,1,1024,expand|vendor
trmm,cfloat,sm_120,R,256,1,32768,expand|vendor
trmm,cfloat,sm_120,R,256,16,1,expand|vendor
trmm,cfloat,sm_120,R,256,16,128,expand|vendor
trmm,cfloat,sm_120,R,256,16,1024,expand|vendor
trmm,cfloat,sm_120,R,256,16,32768,expand|vendor
trmm,cfloat,sm_120,R,256,128,1,expand|vendor
trmm,cfloat,sm_120,R,256,128,128,expand|vendor
trmm,cfloat,sm_120,R,256,128,1024,expand|vendor
trmm,cfloat,sm_120,R,256,128,32768,expand|vendor
trmm,cfloat,sm_120,R,256,1024,1,expand|vendor
trmm,cfloat,sm_120,R,256,1024,128,expand|vendor
trmm,cfloat,sm_120,R,256,1024,1024,expand|vendor
trmm,cfloat,sm_120,R,256,1024,32768,expand|vendor
trmm,cfloat,sm_120,R,256,4096,1,expand|vendor
trmm,cfloat,sm_120,R,256,4096,128,expand|vendor
trmm,cfloat,sm_120,R,256,4096,1024,expand|vendor
trmm,cfloat,sm_120,R,256,4096,32768,expand|vendor
trmm,cfloat,sm_120,R,512,1,1,expand|vendor
trmm,cfloat,sm_120,R,512,1,128,expand|vendor
trmm,cfloat,sm_120,R,512,1,1024,expand|vendor
trmm,cfloat,sm_120,R,512,1,32768,expand|vendor
trmm,cfloat,sm_120,R,512,16,1,expand|vendor
trmm,cfloat,sm_120,R,512,16,128,expand|vendor
trmm,cfloat,sm_120,R,512,16,1024,expand|vendor
trmm,cfloat,sm_120,R,512,16,32768,expand|vendor
trmm,cfloat,sm_120,R,512,128,1,expand|vendor
trmm,cfloat,sm_120,R,512,128,128,expand|vendor
trmm,cfloat,sm_120,R,512,128,1024,expand|vendor
trmm,cfloat,sm_120,R,512,128,32768,expand|vendor
trmm,cfloat,sm_120,R,512,1024,1,expand|vendor
trmm,cfloat,sm_120,R,512,1024,128,expand|vendor
trmm,cfloat,sm_120,R,512,1024,1024,expand|vendor
trmm,cfloat,sm_120,R,512,1024,32768,expand|vendor
trmm,cfloat,sm_120,R,512,4096,1,expand|vendor
trmm,cfloat,sm_120,R,512,4096,128,expand|vendor
trmm,cfloat,sm_120,R,512,4096,1024,expand|vendor
trmm,cfloat,sm_120,R,512,4096,32768,expand|vendor
trmm,cfloat,sm_120,R,1024,1,1,expand|vendor
trmm,cfloat,sm_120,R,1024,1,128,expand|vendor
trmm,cfloat,sm_120,R,1024,1,1024,expand|vendor
trmm,cfloat,sm_120,R,1024,1,32768,expand|vendor
trmm,cfloat,sm_120,R,1024,16,1,expand|vendor
trmm,cfloat,sm_120,R,1024,16,128,expand|vendor
trmm,cfloat,sm_120,R,1024,16,1024,expand|vendor
trmm,cfloat,sm_120,R,1024,16,32768,expand|vendor
trmm,cfloat,sm_120,R,1024,128,1,expand|vendor
trmm,cfloat,sm_120,R,1024,128,128,expand|vendor
trmm,cfloat,sm_120,R,1024,128,1024,expand|vendor
trmm,cfloat,sm_120,R,1024,128,32768,expand|vendor
trmm,cfloat,sm_120,R,1024,1024,1,expand|vendor
trmm,cfloat,sm_120,R,1024,1024,128,expand|vendor
trmm,cfloat,sm_120,R,1024,1024,1024,expand|vendor
trmm,cfloat,sm_120,R,1024,1024,32768,expand|vendor
trmm,cfloat,sm_120,R,1024,4096,1,expand|vendor
trmm,cfloat,sm_120,R,1024,4096,128,expand|vendor
trmm,cfloat,sm_120,R,1024,4096,1024,expand|vendor
trmm,cfloat,sm_120,R,1024,4096,32768,expand|vendor
trmm,cfloat,sm_120,R,2048,1,1,expand|vendor
trmm,cfloat,sm_120,R,2048,1,128,expand|vendor
trmm,cfloat,sm_120,R,2048,1,1024,expand|vendor
trmm,cfloat,sm_120,R,2048,1,32768,expand|vendor
trmm,cfloat,sm_120,R,2048,16,1,expand|vendor
trmm,cfloat,sm_120,R,2048,16,128,expand|vendor
trmm,cfloat,sm_120,R,2048,16,1024,expand|vendor
trmm,cfloat,sm_120,R,2048,16,32768,expand|vendor
trmm,cfloat,sm_120,R,2048,128,1,expand|vendor
trmm,cfloat,sm_120,R,2048,128,128,expand|vendor
trmm,cfloat,sm_120,R,2048,128,1024,expand|vendor
trmm,cfloat,sm_120,R,2048,128,32768,expand|vendor
trmm,cfloat,sm_120,R,2048,1024,1,expand|vendor
trmm,cfloat,sm_120,R,2048,1024,128,expand|vendor
trmm,cfloat,sm_120,R,2048,1024,1024,expand|vendor
trmm,cfloat,sm_120,R,2048,1024,32768,expand|vendor
trmm,cfloat,sm_120,R,2048,4096,1,expand|vendor
trmm,cfloat,sm_120,R,2048,4096,128,expand|vendor
trmm,cfloat,sm_120,R,2048,4096,1024,expand|vendor
trmm,cfloat,sm_120,R,2048,4096,32768,expand|vendor
trmm,cdouble,sm_120,L,1,1,1,triangular|expand|vendor
trmm,cdouble,sm_120,L,1,1,128,triangular|expand|vendor
trmm,cdouble,sm_120,L,1,1,1024,triangular|expand|vendor
trmm,cdouble,sm_120,L,1,1,32768,triangular|expand|vendor
trmm,cdouble,sm_120,L,1,16,1,triangular|expand|vendor
trmm,cdouble,sm_120,L,1,16,128,triangular|expand|vendor
trmm,cdouble,sm_120,L,1,16,1024,triangular|expand|vendor
trmm,cdouble,sm_120,L,1,16,32768,triangular|expand|vendor
trmm,cdouble,sm_120,L,1,128,1,triangular|expand|vendor
trmm,cdouble,sm_120,L,1,128,128,triangular|expand|vendor
trmm,cdouble,sm_120,L,1,128,1024,triangular|expand|vendor
trmm,cdouble,sm_120,L,1,128,32768,triangular|expand|vendor
trmm,cdouble,sm_120,L,1,1024,1,triangular|expand|vendor
trmm,cdouble,sm_120,L,1,1024,128,triangular|expand|vendor
trmm,cdouble,sm_120,L,1,1024,1024,triangular|expand|vendor
trmm,cdouble,sm_120,L,1,1024,32768,triangular|expand|vendor
trmm,cdouble,sm_120,L,1,4096,1,triangular|expand|vendor
trmm,cdouble,sm_120,L,1,4096,128,triangular|expand|vendor
trmm,cdouble,sm_120,L,1,4096,1024,triangular|expand|vendor
trmm,cdouble,sm_120,L,1,4096,32768,triangular|expand|vendor
trmm,cdouble,sm_120,L,16,1,1,triangular|expand|vendor
trmm,cdouble,sm_120,L,16,1,128,triangular|expand|vendor
trmm,cdouble,sm_120,L,16,1,1024,triangular|expand|vendor
trmm,cdouble,sm_120,L,16,1,32768,triangular|expand|vendor
trmm,cdouble,sm_120,L,16,16,1,triangular|expand|vendor
trmm,cdouble,sm_120,L,16,16,128,triangular|expand|vendor
trmm,cdouble,sm_120,L,16,16,1024,triangular|expand|vendor
trmm,cdouble,sm_120,L,16,16,32768,triangular|expand|vendor
trmm,cdouble,sm_120,L,16,128,1,triangular|expand|vendor
trmm,cdouble,sm_120,L,16,128,128,triangular|expand|vendor
trmm,cdouble,sm_120,L,16,128,1024,triangular|expand|vendor
trmm,cdouble,sm_120,L,16,128,32768,triangular|expand|vendor
trmm,cdouble,sm_120,L,16,1024,1,triangular|expand|vendor
trmm,cdouble,sm_120,L,16,1024,128,triangular|expand|vendor
trmm,cdouble,sm_120,L,16,1024,1024,triangular|expand|vendor
trmm,cdouble,sm_120,L,16,1024,32768,triangular|expand|vendor
trmm,cdouble,sm_120,L,16,4096,1,triangular|expand|vendor
trmm,cdouble,sm_120,L,16,4096,128,triangular|expand|vendor
trmm,cdouble,sm_120,L,16,4096,1024,triangular|expand|vendor
trmm,cdouble,sm_120,L,16,4096,32768,triangular|expand|vendor
trmm,cdouble,sm_120,L,32,1,1,triangular|expand|vendor
trmm,cdouble,sm_120,L,32,1,128,triangular|expand|vendor
trmm,cdouble,sm_120,L,32,1,1024,triangular|expand|vendor
trmm,cdouble,sm_120,L,32,1,32768,triangular|expand|vendor
trmm,cdouble,sm_120,L,32,16,1,triangular|expand|vendor
trmm,cdouble,sm_120,L,32,16,128,triangular|expand|vendor
trmm,cdouble,sm_120,L,32,16,1024,triangular|expand|vendor
trmm,cdouble,sm_120,L,32,16,32768,triangular|expand|vendor
trmm,cdouble,sm_120,L,32,128,1,triangular|expand|vendor
trmm,cdouble,sm_120,L,32,128,128,triangular|expand|vendor
trmm,cdouble,sm_120,L,32,128,1024,triangular|expand|vendor
trmm,cdouble,sm_120,L,32,128,32768,triangular|expand|vendor
trmm,cdouble,sm_120,L,32,1024,1,triangular|expand|vendor
trmm,cdouble,sm_120,L,32,1024,128,triangular|expand|vendor
trmm,cdouble,sm_120,L,32,1024,1024,triangular|expand|vendor
trmm,cdouble,sm_120,L,32,1024,32768,triangular|expand|vendor
trmm,cdouble,sm_120,L,32,4096,1,triangular|expand|vendor
trmm,cdouble,sm_120,L,32,4096,128,triangular|expand|vendor
trmm,cdouble,sm_120,L,32,4096,1024,triangular|expand|vendor
trmm,cdouble,sm_120,L,32,4096,32768,triangular|expand|vendor
trmm,cdouble,sm_120,L,64,1,1,triangular|expand|vendor
trmm,cdouble,sm_120,L,64,1,128,triangular|expand|vendor
trmm,cdouble,sm_120,L,64,1,1024,triangular|expand|vendor
trmm,cdouble,sm_120,L,64,1,32768,triangular|expand|vendor
trmm,cdouble,sm_120,L,64,16,1,triangular|expand|vendor
trmm,cdouble,sm_120,L,64,16,128,triangular|expand|vendor
trmm,cdouble,sm_120,L,64,16,1024,triangular|expand|vendor
trmm,cdouble,sm_120,L,64,16,32768,triangular|expand|vendor
trmm,cdouble,sm_120,L,64,128,1,triangular|expand|vendor
trmm,cdouble,sm_120,L,64,128,128,triangular|expand|vendor
trmm,cdouble,sm_120,L,64,128,1024,triangular|expand|vendor
trmm,cdouble,sm_120,L,64,128,32768,triangular|expand|vendor
trmm,cdouble,sm_120,L,64,1024,1,triangular|expand|vendor
trmm,cdouble,sm_120,L,64,1024,128,triangular|expand|vendor
trmm,cdouble,sm_120,L,64,1024,1024,triangular|expand|vendor
trmm,cdouble,sm_120,L,64,1024,32768,triangular|expand|vendor
trmm,cdouble,sm_120,L,64,4096,1,triangular|expand|vendor
trmm,cdouble,sm_120,L,64,4096,128,triangular|expand|vendor
trmm,cdouble,sm_120,L,64,4096,1024,triangular|expand|vendor
trmm,cdouble,sm_120,L,64,4096,32768,triangular|expand|vendor
trmm,cdouble,sm_120,L,128,1,1,triangular|expand|vendor
trmm,cdouble,sm_120,L,128,1,128,triangular|expand|vendor
trmm,cdouble,sm_120,L,128,1,1024,triangular|expand|vendor
trmm,cdouble,sm_120,L,128,1,32768,triangular|expand|vendor
trmm,cdouble,sm_120,L,128,16,1,triangular|expand|vendor
trmm,cdouble,sm_120,L,128,16,128,triangular|expand|vendor
trmm,cdouble,sm_120,L,128,16,1024,triangular|expand|vendor
trmm,cdouble,sm_120,L,128,16,32768,triangular|expand|vendor
trmm,cdouble,sm_120,L,128,128,1,triangular|expand|vendor
trmm,cdouble,sm_120,L,128,128,128,triangular|expand|vendor
trmm,cdouble,sm_120,L,128,128,1024,triangular|expand|vendor
trmm,cdouble,sm_120,L,128,128,32768,triangular|expand|vendor
trmm,cdouble,sm_120,L,128,1024,1,triangular|expand|vendor
trmm,cdouble,sm_120,L,128,1024,128,triangular|expand|vendor
trmm,cdouble,sm_120,L,128,1024,1024,triangular|expand|vendor
trmm,cdouble,sm_120,L,128,1024,32768,triangular|expand|vendor
trmm,cdouble,sm_120,L,128,4096,1,triangular|expand|vendor
trmm,cdouble,sm_120,L,128,4096,128,triangular|expand|vendor
trmm,cdouble,sm_120,L,128,4096,1024,triangular|expand|vendor
trmm,cdouble,sm_120,L,128,4096,32768,triangular|expand|vendor
trmm,cdouble,sm_120,L,256,1,1,triangular|expand|vendor
trmm,cdouble,sm_120,L,256,1,128,triangular|expand|vendor
trmm,cdouble,sm_120,L,256,1,1024,triangular|expand|vendor
trmm,cdouble,sm_120,L,256,1,32768,triangular|expand|vendor
trmm,cdouble,sm_120,L,256,16,1,triangular|expand|vendor
trmm,cdouble,sm_120,L,256,16,128,triangular|expand|vendor
trmm,cdouble,sm_120,L,256,16,1024,triangular|expand|vendor
trmm,cdouble,sm_120,L,256,16,32768,triangular|expand|vendor
trmm,cdouble,sm_120,L,256,128,1,triangular|expand|vendor
trmm,cdouble,sm_120,L,256,128,128,triangular|expand|vendor
trmm,cdouble,sm_120,L,256,128,1024,triangular|expand|vendor
trmm,cdouble,sm_120,L,256,128,32768,triangular|expand|vendor
trmm,cdouble,sm_120,L,256,1024,1,triangular|expand|vendor
trmm,cdouble,sm_120,L,256,1024,128,triangular|expand|vendor
trmm,cdouble,sm_120,L,256,1024,1024,triangular|expand|vendor
trmm,cdouble,sm_120,L,256,1024,32768,triangular|expand|vendor
trmm,cdouble,sm_120,L,256,4096,1,triangular|expand|vendor
trmm,cdouble,sm_120,L,256,4096,128,triangular|expand|vendor
trmm,cdouble,sm_120,L,256,4096,1024,triangular|expand|vendor
trmm,cdouble,sm_120,L,256,4096,32768,triangular|expand|vendor
trmm,cdouble,sm_120,L,512,1,1,triangular|expand|vendor
trmm,cdouble,sm_120,L,512,1,128,triangular|expand|vendor
trmm,cdouble,sm_120,L,512,1,1024,triangular|expand|vendor
trmm,cdouble,sm_120,L,512,1,32768,triangular|expand|vendor
trmm,cdouble,sm_120,L,512,16,1,triangular|expand|vendor
trmm,cdouble,sm_120,L,512,16,128,triangular|expand|vendor
trmm,cdouble,sm_120,L,512,16,1024,triangular|expand|vendor
trmm,cdouble,sm_120,L,512,16,32768,triangular|expand|vendor
trmm,cdouble,sm_120,L,512,128,1,triangular|expand|vendor
trmm,cdouble,sm_120,L,512,128,128,triangular|expand|vendor
trmm,cdouble,sm_120,L,512,128,1024,triangular|expand|vendor
trmm,cdouble,sm_120,L,512,128,32768,triangular|expand|vendor
trmm,cdouble,sm_120,L,512,1024,1,triangular|expand|vendor
trmm,cdouble,sm_120,L,512,1024,128,triangular|expand|vendor
trmm,cdouble,sm_120,L,512,1024,1024,triangular|expand|vendor
trmm,cdouble,sm_120,L,512,1024,32768,triangular|expand|vendor
trmm,cdouble,sm_120,L,512,4096,1,triangular|expand|vendor
trmm,cdouble,sm_120,L,512,4096,128,triangular|expand|vendor
trmm,cdouble,sm_120,L,512,4096,1024,triangular|expand|vendor
trmm,cdouble,sm_120,L,512,4096,32768,triangular|expand|vendor
trmm,cdouble,sm_120,L,1024,1,1,triangular|expand|vendor
trmm,cdouble,sm_120,L,1024,1,128,triangular|expand|vendor
trmm,cdouble,sm_120,L,1024,1,1024,triangular|expand|vendor
trmm,cdouble,sm_120,L,1024,1,32768,triangular|expand|vendor
trmm,cdouble,sm_120,L,1024,16,1,triangular|expand|vendor
trmm,cdouble,sm_120,L,1024,16,128,triangular|expand|vendor
trmm,cdouble,sm_120,L,1024,16,1024,triangular|expand|vendor
trmm,cdouble,sm_120,L,1024,16,32768,triangular|expand|vendor
trmm,cdouble,sm_120,L,1024,128,1,triangular|expand|vendor
trmm,cdouble,sm_120,L,1024,128,128,triangular|expand|vendor
trmm,cdouble,sm_120,L,1024,128,1024,triangular|expand|vendor
trmm,cdouble,sm_120,L,1024,128,32768,triangular|expand|vendor
trmm,cdouble,sm_120,L,1024,1024,1,triangular|expand|vendor
trmm,cdouble,sm_120,L,1024,1024,128,triangular|expand|vendor
trmm,cdouble,sm_120,L,1024,1024,1024,triangular|expand|vendor
trmm,cdouble,sm_120,L,1024,1024,32768,triangular|expand|vendor
trmm,cdouble,sm_120,L,1024,4096,1,triangular|expand|vendor
trmm,cdouble,sm_120,L,1024,4096,128,triangular|expand|vendor
trmm,cdouble,sm_120,L,1024,4096,1024,triangular|expand|vendor
trmm,cdouble,sm_120,L,1024,4096,32768,triangular|expand|vendor
trmm,cdouble,sm_120,L,2048,1,1,triangular|expand|vendor
trmm,cdouble,sm_120,L,2048,1,128,triangular|expand|vendor
trmm,cdouble,sm_120,L,2048,1,1024,triangular|expand|vendor
trmm,cdouble,sm_120,L,2048,1,32768,triangular|expand|vendor
trmm,cdouble,sm_120,L,2048,16,1,triangular|expand|vendor
trmm,cdouble,sm_120,L,2048,16,128,triangular|expand|vendor
trmm,cdouble,sm_120,L,2048,16,1024,triangular|expand|vendor
trmm,cdouble,sm_120,L,2048,16,32768,triangular|expand|vendor
trmm,cdouble,sm_120,L,2048,128,1,triangular|expand|vendor
trmm,cdouble,sm_120,L,2048,128,128,triangular|expand|vendor
trmm,cdouble,sm_120,L,2048,128,1024,triangular|expand|vendor
trmm,cdouble,sm_120,L,2048,128,32768,triangular|expand|vendor
trmm,cdouble,sm_120,L,2048,1024,1,triangular|expand|vendor
trmm,cdouble,sm_120,L,2048,1024,128,triangular|expand|vendor
trmm,cdouble,sm_120,L,2048,1024,1024,triangular|expand|vendor
trmm,cdouble,sm_120,L,2048,1024,32768,triangular|expand|vendor
trmm,cdouble,sm_120,L,2048,4096,1,triangular|expand|vendor
trmm,cdouble,sm_120,L,2048,4096,128,triangular|expand|vendor
trmm,cdouble,sm_120,L,2048,4096,1024,triangular|expand|vendor
trmm,cdouble,sm_120,L,2048,4096,32768,triangular|expand|vendor
trmm,cdouble,sm_120,R,1,1,1,expand|vendor
trmm,cdouble,sm_120,R,1,1,128,expand|vendor
trmm,cdouble,sm_120,R,1,1,1024,expand|vendor
trmm,cdouble,sm_120,R,1,1,32768,expand|vendor
trmm,cdouble,sm_120,R,1,16,1,expand|vendor
trmm,cdouble,sm_120,R,1,16,128,expand|vendor
trmm,cdouble,sm_120,R,1,16,1024,expand|vendor
trmm,cdouble,sm_120,R,1,16,32768,expand|vendor
trmm,cdouble,sm_120,R,1,128,1,expand|vendor
trmm,cdouble,sm_120,R,1,128,128,expand|vendor
trmm,cdouble,sm_120,R,1,128,1024,expand|vendor
trmm,cdouble,sm_120,R,1,128,32768,expand|vendor
trmm,cdouble,sm_120,R,1,1024,1,expand|vendor
trmm,cdouble,sm_120,R,1,1024,128,expand|vendor
trmm,cdouble,sm_120,R,1,1024,1024,expand|vendor
trmm,cdouble,sm_120,R,1,1024,32768,expand|vendor
trmm,cdouble,sm_120,R,1,4096,1,expand|vendor
trmm,cdouble,sm_120,R,1,4096,128,expand|vendor
trmm,cdouble,sm_120,R,1,4096,1024,expand|vendor
trmm,cdouble,sm_120,R,1,4096,32768,expand|vendor
trmm,cdouble,sm_120,R,16,1,1,expand|vendor
trmm,cdouble,sm_120,R,16,1,128,expand|vendor
trmm,cdouble,sm_120,R,16,1,1024,expand|vendor
trmm,cdouble,sm_120,R,16,1,32768,expand|vendor
trmm,cdouble,sm_120,R,16,16,1,expand|vendor
trmm,cdouble,sm_120,R,16,16,128,expand|vendor
trmm,cdouble,sm_120,R,16,16,1024,expand|vendor
trmm,cdouble,sm_120,R,16,16,32768,expand|vendor
trmm,cdouble,sm_120,R,16,128,1,expand|vendor
trmm,cdouble,sm_120,R,16,128,128,expand|vendor
trmm,cdouble,sm_120,R,16,128,1024,expand|vendor
trmm,cdouble,sm_120,R,16,128,32768,expand|vendor
trmm,cdouble,sm_120,R,16,1024,1,expand|vendor
trmm,cdouble,sm_120,R,16,1024,128,expand|vendor
trmm,cdouble,sm_120,R,16,1024,1024,expand|vendor
trmm,cdouble,sm_120,R,16,1024,32768,expand|vendor
trmm,cdouble,sm_120,R,16,4096,1,expand|vendor
trmm,cdouble,sm_120,R,16,4096,128,expand|vendor
trmm,cdouble,sm_120,R,16,4096,1024,expand|vendor
trmm,cdouble,sm_120,R,16,4096,32768,expand|vendor
trmm,cdouble,sm_120,R,32,1,1,expand|vendor
trmm,cdouble,sm_120,R,32,1,128,expand|vendor
trmm,cdouble,sm_120,R,32,1,1024,expand|vendor
trmm,cdouble,sm_120,R,32,1,32768,expand|vendor
trmm,cdouble,sm_120,R,32,16,1,expand|vendor
trmm,cdouble,sm_120,R,32,16,128,expand|vendor
trmm,cdouble,sm_120,R,32,16,1024,expand|vendor
trmm,cdouble,sm_120,R,32,16,32768,expand|vendor
trmm,cdouble,sm_120,R,32,128,1,expand|vendor
trmm,cdouble,sm_120,R,32,128,128,expand|vendor
trmm,cdouble,sm_120,R,32,128,1024,expand|vendor
trmm,cdouble,sm_120,R,32,128,32768,expand|vendor
trmm,cdouble,sm_120,R,32,1024,1,expand|vendor
trmm,cdouble,sm_120,R,32,1024,128,expand|vendor
trmm,cdouble,sm_120,R,32,1024,1024,expand|vendor
trmm,cdouble,sm_120,R,32,1024,32768,expand|vendor
trmm,cdouble,sm_120,R,32,4096,1,expand|vendor
trmm,cdouble,sm_120,R,32,4096,128,expand|vendor
trmm,cdouble,sm_120,R,32,4096,1024,expand|vendor
trmm,cdouble,sm_120,R,32,4096,32768,expand|vendor
trmm,cdouble,sm_120,R,64,1,1,expand|vendor
trmm,cdouble,sm_120,R,64,1,128,expand|vendor
trmm,cdouble,sm_120,R,64,1,1024,expand|vendor
trmm,cdouble,sm_120,R,64,1,32768,expand|vendor
trmm,cdouble,sm_120,R,64,16,1,expand|vendor
trmm,cdouble,sm_120,R,64,16,128,expand|vendor
trmm,cdouble,sm_120,R,64,16,1024,expand|vendor
trmm,cdouble,sm_120,R,64,16,32768,expand|vendor
trmm,cdouble,sm_120,R,64,128,1,expand|vendor
trmm,cdouble,sm_120,R,64,128,128,expand|vendor
trmm,cdouble,sm_120,R,64,128,1024,expand|vendor
trmm,cdouble,sm_120,R,64,128,32768,expand|vendor
trmm,cdouble,sm_120,R,64,1024,1,expand|vendor
trmm,cdouble,sm_120,R,64,1024,128,expand|vendor
trmm,cdouble,sm_120,R,64,1024,1024,expand|vendor
trmm,cdouble,sm_120,R,64,1024,32768,expand|vendor
trmm,cdouble,sm_120,R,64,4096,1,expand|vendor
trmm,cdouble,sm_120,R,64,4096,128,expand|vendor
trmm,cdouble,sm_120,R,64,4096,1024,expand|vendor
trmm,cdouble,sm_120,R,64,4096,32768,expand|vendor
trmm,cdouble,sm_120,R,128,1,1,expand|vendor
trmm,cdouble,sm_120,R,128,1,128,expand|vendor
trmm,cdouble,sm_120,R,128,1,1024,expand|vendor
trmm,cdouble,sm_120,R,128,1,32768,expand|vendor
trmm,cdouble,sm_120,R,128,16,1,expand|vendor
trmm,cdouble,sm_120,R,128,16,128,expand|vendor
trmm,cdouble,sm_120,R,128,16,1024,expand|vendor
trmm,cdouble,sm_120,R,128,16,32768,expand|vendor
trmm,cdouble,sm_120,R,128,128,1,expand|vendor
trmm,cdouble,sm_120,R,128,128,128,expand|vendor
trmm,cdouble,sm_120,R,128,128,1024,expand|vendor
trmm,cdouble,sm_120,R,128,128,32768,expand|vendor
trmm,cdouble,sm_120,R,128,1024,1,expand|vendor
trmm,cdouble,sm_120,R,128,1024,128,expand|vendor
trmm,cdouble,sm_120,R,128,1024,1024,expand|vendor
trmm,cdouble,sm_120,R,128,1024,32768,expand|vendor
trmm,cdouble,sm_120,R,128,4096,1,expand|vendor
trmm,cdouble,sm_120,R,128,4096,128,expand|vendor
trmm,cdouble,sm_120,R,128,4096,1024,expand|vendor
trmm,cdouble,sm_120,R,128,4096,32768,expand|vendor
trmm,cdouble,sm_120,R,256,1,1,expand|vendor
trmm,cdouble,sm_120,R,256,1,128,expand|vendor
trmm,cdouble,sm_120,R,256,1,1024,expand|vendor
trmm,cdouble,sm_120,R,256,1,32768,expand|vendor
trmm,cdouble,sm_120,R,256,16,1,expand|vendor
trmm,cdouble,sm_120,R,256,16,128,expand|vendor
trmm,cdouble,sm_120,R,256,16,1024,expand|vendor
trmm,cdouble,sm_120,R,256,16,32768,expand|vendor
trmm,cdouble,sm_120,R,256,128,1,expand|vendor
trmm,cdouble,sm_120,R,256,128,128,expand|vendor
trmm,cdouble,sm_120,R,256,128,1024,expand|vendor
trmm,cdouble,sm_120,R,256,128,32768,expand|vendor
trmm,cdouble,sm_120,R,256,1024,1,expand|vendor
trmm,cdouble,sm_120,R,256,1024,128,expand|vendor
trmm,cdouble,sm_120,R,256,1024,1024,expand|vendor
trmm,cdouble,sm_120,R,256,1024,32768,expand|vendor
trmm,cdouble,sm_120,R,256,4096,1,expand|vendor
trmm,cdouble,sm_120,R,256,4096,128,expand|vendor
trmm,cdouble,sm_120,R,256,4096,1024,expand|vendor
trmm,cdouble,sm_120,R,256,4096,32768,expand|vendor
trmm,cdouble,sm_120,R,512,1,1,expand|vendor
trmm,cdouble,sm_120,R,512,1,128,expand|vendor
trmm,cdouble,sm_120,R,512,1,1024,expand|vendor
trmm,cdouble,sm_120,R,512,1,32768,expand|vendor
trmm,cdouble,sm_120,R,512,16,1,expand|vendor
trmm,cdouble,sm_120,R,512,16,128,expand|vendor
trmm,cdouble,sm_120,R,512,16,1024,expand|vendor
trmm,cdouble,sm_120,R,512,16,32768,expand|vendor
trmm,cdouble,sm_120,R,512,128,1,expand|vendor
trmm,cdouble,sm_120,R,512,128,128,expand|vendor
trmm,cdouble,sm_120,R,512,128,1024,expand|vendor
trmm,cdouble,sm_120,R,512,128,32768,expand|vendor
trmm,cdouble,sm_120,R,512,1024,1,expand|vendor
trmm,cdouble,sm_120,R,512,1024,128,expand|vendor
trmm,cdouble,sm_120,R,512,1024,1024,expand|vendor
trmm,cdouble,sm_120,R,512,1024,32768,expand|vendor
trmm,cdouble,sm_120,R,512,4096,1,expand|vendor
trmm,cdouble,sm_120,R,512,4096,128,expand|vendor
trmm,cdouble,sm_120,R,512,4096,1024,expand|vendor
trmm,cdouble,sm_120,R,512,4096,32768,expand|vendor
trmm,cdouble,sm_120,R,1024,1,1,expand|vendor
trmm,cdouble,sm_120,R,1024,1,128,expand|vendor
trmm,cdouble,sm_120,R,1024,1,1024,expand|vendor
trmm,cdouble,sm_120,R,1024,1,32768,expand|vendor
trmm,cdouble,sm_120,R,1024,16,1,expand|vendor
trmm,cdouble,sm_120,R,1024,16,128,expand|vendor
trmm,cdouble,sm_120,R,1024,16,1024,expand|vendor
trmm,cdouble,sm_120,R,1024,16,32768,expand|vendor
trmm,cdouble,sm_120,R,1024,128,1,expand|vendor
trmm,cdouble,sm_120,R,1024,128,128,expand|vendor
trmm,cdouble,sm_120,R,1024,128,1024,expand|vendor
trmm,cdouble,sm_120,R,1024,128,32768,expand|vendor
trmm,cdouble,sm_120,R,1024,1024,1,expand|vendor
trmm,cdouble,sm_120,R,1024,1024,128,expand|vendor
trmm,cdouble,sm_120,R,1024,1024,1024,expand|vendor
trmm,cdouble,sm_120,R,1024,1024,32768,expand|vendor
trmm,cdouble,sm_120,R,1024,4096,1,expand|vendor
trmm,cdouble,sm_120,R,1024,4096,128,expand|vendor
trmm,cdouble,sm_120,R,1024,4096,1024,expand|vendor
trmm,cdouble,sm_120,R,1024,4096,32768,expand|vendor
trmm,cdouble,sm_120,R,2048,1,1,expand|vendor
trmm,cdouble,sm_120,R,2048,1,128,expand|vendor
trmm,cdouble,sm_120,R,2048,1,1024,expand|vendor
trmm,cdouble,sm_120,R,2048,1,32768,expand|vendor
trmm,cdouble,sm_120,R,2048,16,1,expand|vendor
trmm,cdouble,sm_120,R,2048,16,128,expand|vendor
trmm,cdouble,sm_120,R,2048,16,1024,expand|vendor
trmm,cdouble,sm_120,R,2048,16,32768,expand|vendor
trmm,cdouble,sm_120,R,2048,128,1,expand|vendor
trmm,cdouble,sm_120,R,2048,128,128,expand|vendor
trmm,cdouble,sm_120,R,2048,128,1024,expand|vendor
trmm,cdouble,sm_120,R,2048,128,32768,expand|vendor
trmm,cdouble,sm_120,R,2048,1024,1,expand|vendor
trmm,cdouble,sm_120,R,2048,1024,128,expand|vendor
trmm,cdouble,sm_120,R,2048,1024,1024,expand|vendor
trmm,cdouble,sm_120,R,2048,1024,32768,expand|vendor
trmm,cdouble,sm_120,R,2048,4096,1,expand|vendor
trmm,cdouble,sm_120,R,2048,4096,128,expand|vendor
trmm,cdouble,sm_120,R,2048,4096,1024,expand|vendor
trmm,cdouble,sm_120,R,2048,4096,32768,expand|vendor
