op,dtype,device,side,trans,order,q,batch,ranked
trsm,float,sm_89,L,N,1,1,128,cta|blocked|vendor
trsm,float,sm_89,L,N,1,1,512,cta|blocked|vendor
trsm,float,sm_89,L,N,1,1,2048,cta|blocked|vendor
trsm,float,sm_89,L,N,1,1,8192,cta|blocked|vendor
trsm,float,sm_89,L,N,1,1,32768,cta|blocked|vendor
trsm,float,sm_89,L,N,1,2,128,cta|blocked|vendor
trsm,float,sm_89,L,N,1,2,512,cta|blocked|vendor
trsm,float,sm_89,L,N,1,2,2048,cta|blocked|vendor
trsm,float,sm_89,L,N,1,2,8192,cta|blocked|vendor
trsm,float,sm_89,L,N,1,2,32768,cta|blocked|vendor
trsm,float,sm_89,L,N,1,4,128,cta|blocked|vendor
trsm,float,sm_89,L,N,1,4,512,cta|blocked|vendor
trsm,float,sm_89,L,N,1,4,2048,cta|blocked|vendor
trsm,float,sm_89,L,N,1,4,8192,cta|blocked|vendor
trsm,float,sm_89,L,N,1,4,32768,cta|blocked|vendor
trsm,float,sm_89,L,N,1,8,128,cta|blocked|vendor
trsm,float,sm_89,L,N,1,8,512,cta|blocked|vendor
trsm,float,sm_89,L,N,1,8,2048,cta|blocked|vendor
trsm,float,sm_89,L,N,1,8,8192,cta|blocked|vendor
trsm,float,sm_89,L,N,1,8,32768,cta|blocked|vendor
trsm,float,sm_89,L,N,1,16,128,cta|blocked|vendor
trsm,float,sm_89,L,N,1,16,512,cta|blocked|vendor
trsm,float,sm_89,L,N,1,16,2048,cta|blocked|vendor
trsm,float,sm_89,L,N,1,16,8192,cta|blocked|vendor
trsm,float,sm_89,L,N,1,16,32768,cta|blocked|vendor
trsm,float,sm_89,L,N,1,32,128,cta|blocked|vendor
trsm,float,sm_89,L,N,1,32,512,cta|blocked|vendor
trsm,float,sm_89,L,N,1,32,2048,cta|blocked|vendor
trsm,float,sm_89,L,N,1,32,8192,cta|blocked|vendor
trsm,float,sm_89,L,N,1,32,32768,cta|blocked|vendor
trsm,float,sm_89,L,N,1,64,128,cta|blocked|vendor
trsm,float,sm_89,L,N,1,64,512,cta|blocked|vendor
trsm,float,sm_89,L,N,1,64,2048,cta|blocked|vendor
trsm,float,sm_89,L,N,1,64,8192,cta|blocked|vendor
trsm,float,sm_89,L,N,1,64,32768,cta|blocked|vendor
trsm,float,sm_89,L,N,1,128,128,cta|blocked|vendor
trsm,float,sm_89,L,N,1,128,512,cta|blocked|vendor
trsm,float,sm_89,L,N,1,128,2048,cta|blocked|vendor
trsm,float,sm_89,L,N,1,128,8192,cta|blocked|vendor
trsm,float,sm_89,L,N,1,128,32768,cta|blocked|vendor
trsm,float,sm_89,L,N,1,256,128,cta|blocked|vendor
trsm,float,sm_89,L,N,1,256,512,cta|blocked|vendor
trsm,float,sm_89,L,N,1,256,2048,cta|blocked|vendor
trsm,float,sm_89,L,N,1,256,8192,cta|blocked|vendor
trsm,float,sm_89,L,N,1,256,32768,cta|blocked|vendor
trsm,float,sm_89,L,N,1,512,128,cta|blocked|vendor
trsm,float,sm_89,L,N,1,512,512,cta|blocked|vendor
trsm,float,sm_89,L,N,1,512,2048,cta|blocked|vendor
trsm,float,sm_89,L,N,1,512,8192,cta|blocked|vendor
trsm,float,sm_89,L,N,1,512,32768,cta|blocked|vendor
trsm,float,sm_89,L,N,1,1024,128,cta|blocked|vendor
trsm,float,sm_89,L,N,1,1024,512,cta|blocked|vendor
trsm,float,sm_89,L,N,1,1024,2048,cta|blocked|vendor
trsm,float,sm_89,L,N,1,1024,8192,cta|blocked|vendor
trsm,float,sm_89,L,N,1,1024,32768,cta|blocked|vendor
trsm,float,sm_89,L,N,1,4096,128,cta|blocked|vendor
trsm,float,sm_89,L,N,1,4096,512,cta|blocked|vendor
trsm,float,sm_89,L,N,1,4096,2048,cta|blocked|vendor
trsm,float,sm_89,L,N,1,4096,8192,cta|blocked|vendor
trsm,float,sm_89,L,N,1,4096,32768,cta|blocked|vendor
trsm,float,sm_89,L,N,2,1,128,cta|blocked|vendor
trsm,float,sm_89,L,N,2,1,512,cta|blocked|vendor
trsm,float,sm_89,L,N,2,1,2048,cta|blocked|vendor
trsm,float,sm_89,L,N,2,1,8192,cta|blocked|vendor
trsm,float,sm_89,L,N,2,1,32768,cta|blocked|vendor
trsm,float,sm_89,L,N,2,2,128,cta|blocked|vendor
trsm,float,sm_89,L,N,2,2,512,cta|blocked|vendor
trsm,float,sm_89,L,N,2,2,2048,cta|blocked|vendor
trsm,float,sm_89,L,N,2,2,8192,cta|blocked|vendor
trsm,float,sm_89,L,N,2,2,32768,cta|blocked|vendor
trsm,float,sm_89,L,N,2,4,128,cta|blocked|vendor
trsm,float,sm_89,L,N,2,4,512,cta|blocked|vendor
trsm,float,sm_89,L,N,2,4,2048,cta|blocked|vendor
trsm,float,sm_89,L,N,2,4,8192,cta|blocked|vendor
trsm,float,sm_89,L,N,2,4,32768,cta|blocked|vendor
trsm,float,sm_89,L,N,2,8,128,cta|blocked|vendor
trsm,float,sm_89,L,N,2,8,512,cta|blocked|vendor
trsm,float,sm_89,L,N,2,8,2048,cta|blocked|vendor
trsm,float,sm_89,L,N,2,8,8192,cta|blocked|vendor
trsm,float,sm_89,L,N,2,8,32768,cta|blocked|vendor
trsm,float,sm_89,L,N,2,16,128,cta|blocked|vendor
trsm,float,sm_89,L,N,2,16,512,cta|blocked|vendor
trsm,float,sm_89,L,N,2,16,2048,cta|blocked|vendor
trsm,float,sm_89,L,N,2,16,8192,cta|blocked|vendor
trsm,float,sm_89,L,N,2,16,32768,cta|blocked|vendor
trsm,float,sm_89,L,N,2,32,128,cta|blocked|vendor
trsm,float,sm_89,L,N,2,32,512,cta|blocked|vendor
trsm,float,sm_89,L,N,2,32,2048,cta|blocked|vendor
trsm,float,sm_89,L,N,2,32,8192,cta|blocked|vendor
trsm,float,sm_89,L,N,2,32,32768,cta|blocked|vendor
trsm,float,sm_89,L,N,2,64,128,cta|blocked|vendor
trsm,float,sm_89,L,N,2,64,512,cta|blocked|vendor
trsm,float,sm_89,L,N,2,64,2048,cta|blocked|vendor
trsm,float,sm_89,L,N,2,64,8192,cta|blocked|vendor
trsm,float,sm_89,L,N,2,64,32768,cta|blocked|vendor
trsm,float,sm_89,L,N,2,128,128,cta|blocked|vendor
trsm,float,sm_89,L,N,2,128,512,cta|blocked|vendor
trsm,float,sm_89,L,N,2,128,2048,cta|blocked|vendor
trsm,float,sm_89,L,N,2,128,8192,cta|blocked|vendor
trsm,float,sm_89,L,N,2,128,32768,cta|blocked|vendor
trsm,float,sm_89,L,N,2,256,128,cta|blocked|vendor
trsm,float,sm_89,L,N,2,256,512,cta|blocked|vendor
trsm,float,sm_89,L,N,2,256,2048,cta|blocked|vendor
trsm,float,sm_89,L,N,2,256,8192,cta|blocked|vendor
trsm,float,sm_89,L,N,2,256,32768,cta|blocked|vendor
trsm,float,sm_89,L,N,2,512,128,cta|blocked|vendor
trsm,float,sm_89,L,N,2,512,512,cta|blocked|vendor
trsm,float,sm_89,L,N,2,512,2048,cta|blocked|vendor
trsm,float,sm_89,L,N,2,512,8192,cta|blocked|vendor
trsm,float,sm_89,L,N,2,512,32768,cta|blocked|vendor
trsm,float,sm_89,L,N,2,1024,128,cta|blocked|vendor
trsm,float,sm_89,L,N,2,1024,512,cta|blocked|vendor
trsm,float,sm_89,L,N,2,1024,2048,cta|blocked|vendor
trsm,float,sm_89,L,N,2,1024,8192,cta|blocked|vendor
trsm,float,sm_89,L,N,2,1024,32768,cta|blocked|vendor
trsm,float,sm_89,L,N,2,4096,128,cta|blocked|vendor
trsm,float,sm_89,L,N,2,4096,512,cta|blocked|vendor
trsm,float,sm_89,L,N,2,4096,2048,cta|blocked|vendor
trsm,float,sm_89,L,N,2,4096,8192,cta|blocked|vendor
trsm,float,sm_89,L,N,2,4096,32768,cta|blocked|vendor
trsm,float,sm_89,L,N,4,1,128,cta|blocked|vendor
trsm,float,sm_89,L,N,4,1,512,cta|blocked|vendor
trsm,float,sm_89,L,N,4,1,2048,cta|blocked|vendor
trsm,float,sm_89,L,N,4,1,8192,cta|blocked|vendor
trsm,float,sm_89,L,N,4,1,32768,cta|blocked|vendor
trsm,float,sm_89,L,N,4,2,128,cta|blocked|vendor
trsm,float,sm_89,L,N,4,2,512,cta|blocked|vendor
trsm,float,sm_89,L,N,4,2,2048,cta|blocked|vendor
trsm,float,sm_89,L,N,4,2,8192,cta|blocked|vendor
trsm,float,sm_89,L,N,4,2,32768,cta|blocked|vendor
trsm,float,sm_89,L,N,4,4,128,cta|blocked|vendor
trsm,float,sm_89,L,N,4,4,512,cta|blocked|vendor
trsm,float,sm_89,L,N,4,4,2048,cta|blocked|vendor
trsm,float,sm_89,L,N,4,4,8192,cta|blocked|vendor
trsm,float,sm_89,L,N,4,4,32768,cta|blocked|vendor
trsm,float,sm_89,L,N,4,8,128,cta|blocked|vendor
trsm,float,sm_89,L,N,4,8,512,cta|blocked|vendor
trsm,float,sm_89,L,N,4,8,2048,cta|blocked|vendor
trsm,float,sm_89,L,N,4,8,8192,cta|blocked|vendor
trsm,float,sm_89,L,N,4,8,32768,cta|blocked|vendor
trsm,float,sm_89,L,N,4,16,128,cta|blocked|vendor
trsm,float,sm_89,L,N,4,16,512,cta|blocked|vendor
trsm,float,sm_89,L,N,4,16,2048,cta|blocked|vendor
trsm,float,sm_89,L,N,4,16,8192,cta|blocked|vendor
trsm,float,sm_89,L,N,4,16,32768,cta|blocked|vendor
trsm,float,sm_89,L,N,4,32,128,cta|blocked|vendor
trsm,float,sm_89,L,N,4,32,512,cta|blocked|vendor
trsm,float,sm_89,L,N,4,32,2048,cta|blocked|vendor
trsm,float,sm_89,L,N,4,32,8192,cta|blocked|vendor
trsm,float,sm_89,L,N,4,32,32768,cta|blocked|vendor
trsm,float,sm_89,L,N,4,64,128,cta|blocked|vendor
trsm,float,sm_89,L,N,4,64,512,cta|blocked|vendor
trsm,float,sm_89,L,N,4,64,2048,cta|blocked|vendor
trsm,float,sm_89,L,N,4,64,8192,cta|blocked|vendor
trsm,float,sm_89,L,N,4,64,32768,cta|blocked|vendor
trsm,float,sm_89,L,N,4,128,128,cta|blocked|vendor
trsm,float,sm_89,L,N,4,128,512,cta|blocked|vendor
trsm,float,sm_89,L,N,4,128,2048,cta|blocked|vendor
trsm,float,sm_89,L,N,4,128,8192,cta|blocked|vendor
trsm,float,sm_89,L,N,4,128,32768,cta|blocked|vendor
trsm,float,sm_89,L,N,4,256,128,cta|blocked|vendor
trsm,float,sm_89,L,N,4,256,512,cta|blocked|vendor
trsm,float,sm_89,L,N,4,256,2048,cta|blocked|vendor
trsm,float,sm_89,L,N,4,256,8192,cta|blocked|vendor
trsm,float,sm_89,L,N,4,256,32768,cta|blocked|vendor
trsm,float,sm_89,L,N,4,512,128,cta|blocked|vendor
trsm,float,sm_89,L,N,4,512,512,cta|blocked|vendor
trsm,float,sm_89,L,N,4,512,2048,cta|blocked|vendor
trsm,float,sm_89,L,N,4,512,8192,cta|blocked|vendor
trsm,float,sm_89,L,N,4,512,32768,cta|blocked|vendor
trsm,float,sm_89,L,N,4,1024,128,cta|blocked|vendor
trsm,float,sm_89,L,N,4,1024,512,cta|blocked|vendor
trsm,float,sm_89,L,N,4,1024,2048,cta|blocked|vendor
trsm,float,sm_89,L,N,4,1024,8192,cta|blocked|vendor
trsm,float,sm_89,L,N,4,1024,32768,cta|blocked|vendor
trsm,float,sm_89,L,N,4,4096,128,cta|blocked|vendor
trsm,float,sm_89,L,N,4,4096,512,cta|blocked|vendor
trsm,float,sm_89,L,N,4,4096,2048,cta|blocked|vendor
trsm,float,sm_89,L,N,4,4096,8192,cta|blocked|vendor
trsm,float,sm_89,L,N,4,4096,32768,cta|blocked|vendor
trsm,float,sm_89,L,N,8,1,128,cta|blocked|vendor
trsm,float,sm_89,L,N,8,1,512,cta|blocked|vendor
trsm,float,sm_89,L,N,8,1,2048,cta|blocked|vendor
trsm,float,sm_89,L,N,8,1,8192,cta|blocked|vendor
trsm,float,sm_89,L,N,8,1,32768,cta|blocked|vendor
trsm,float,sm_89,L,N,8,2,128,cta|blocked|vendor
trsm,float,sm_89,L,N,8,2,512,cta|blocked|vendor
trsm,float,sm_89,L,N,8,2,2048,cta|blocked|vendor
trsm,float,sm_89,L,N,8,2,8192,cta|blocked|vendor
trsm,float,sm_89,L,N,8,2,32768,cta|blocked|vendor
trsm,float,sm_89,L,N,8,4,128,cta|blocked|vendor
trsm,float,sm_89,L,N,8,4,512,cta|blocked|vendor
trsm,float,sm_89,L,N,8,4,2048,cta|blocked|vendor
trsm,float,sm_89,L,N,8,4,8192,cta|blocked|vendor
trsm,float,sm_89,L,N,8,4,32768,cta|blocked|vendor
trsm,float,sm_89,L,N,8,8,128,cta|blocked|vendor
trsm,float,sm_89,L,N,8,8,512,cta|blocked|vendor
trsm,float,sm_89,L,N,8,8,2048,cta|blocked|vendor
trsm,float,sm_89,L,N,8,8,8192,cta|blocked|vendor
trsm,float,sm_89,L,N,8,8,32768,cta|blocked|vendor
trsm,float,sm_89,L,N,8,16,128,cta|blocked|vendor
trsm,float,sm_89,L,N,8,16,512,cta|blocked|vendor
trsm,float,sm_89,L,N,8,16,2048,cta|blocked|vendor
trsm,float,sm_89,L,N,8,16,8192,cta|blocked|vendor
trsm,float,sm_89,L,N,8,16,32768,cta|blocked|vendor
trsm,float,sm_89,L,N,8,32,128,cta|blocked|vendor
trsm,float,sm_89,L,N,8,32,512,cta|blocked|vendor
trsm,float,sm_89,L,N,8,32,2048,cta|blocked|vendor
trsm,float,sm_89,L,N,8,32,8192,cta|blocked|vendor
trsm,float,sm_89,L,N,8,32,32768,cta|blocked|vendor
trsm,float,sm_89,L,N,8,64,128,cta|blocked|vendor
trsm,float,sm_89,L,N,8,64,512,cta|blocked|vendor
trsm,float,sm_89,L,N,8,64,2048,cta|blocked|vendor
trsm,float,sm_89,L,N,8,64,8192,cta|blocked|vendor
trsm,float,sm_89,L,N,8,64,32768,cta|blocked|vendor
trsm,float,sm_89,L,N,8,128,128,cta|blocked|vendor
trsm,float,sm_89,L,N,8,128,512,cta|blocked|vendor
trsm,float,sm_89,L,N,8,128,2048,cta|blocked|vendor
trsm,float,sm_89,L,N,8,128,8192,cta|blocked|vendor
trsm,float,sm_89,L,N,8,128,32768,cta|blocked|vendor
trsm,float,sm_89,L,N,8,256,128,cta|blocked|vendor
trsm,float,sm_89,L,N,8,256,512,cta|blocked|vendor
trsm,float,sm_89,L,N,8,256,2048,cta|blocked|vendor
trsm,float,sm_89,L,N,8,256,8192,cta|blocked|vendor
trsm,float,sm_89,L,N,8,256,32768,cta|blocked|vendor
trsm,float,sm_89,L,N,8,512,128,cta|blocked|vendor
trsm,float,sm_89,L,N,8,512,512,cta|blocked|vendor
trsm,float,sm_89,L,N,8,512,2048,cta|blocked|vendor
trsm,float,sm_89,L,N,8,512,8192,cta|blocked|vendor
trsm,float,sm_89,L,N,8,512,32768,cta|blocked|vendor
trsm,float,sm_89,L,N,8,1024,128,cta|blocked|vendor
trsm,float,sm_89,L,N,8,1024,512,cta|blocked|vendor
trsm,float,sm_89,L,N,8,1024,2048,cta|blocked|vendor
trsm,float,sm_89,L,N,8,1024,8192,cta|blocked|vendor
trsm,float,sm_89,L,N,8,1024,32768,cta|blocked|vendor
trsm,float,sm_89,L,N,8,4096,128,cta|blocked|vendor
trsm,float,sm_89,L,N,8,4096,512,cta|blocked|vendor
trsm,float,sm_89,L,N,8,4096,2048,cta|blocked|vendor
trsm,float,sm_89,L,N,8,4096,8192,cta|blocked|vendor
trsm,float,sm_89,L,N,8,4096,32768,cta|blocked|vendor
trsm,float,sm_89,L,N,12,1,128,cta|blocked|vendor
trsm,float,sm_89,L,N,12,1,512,cta|blocked|vendor
trsm,float,sm_89,L,N,12,1,2048,cta|blocked|vendor
trsm,float,sm_89,L,N,12,1,8192,cta|blocked|vendor
trsm,float,sm_89,L,N,12,1,32768,cta|blocked|vendor
trsm,float,sm_89,L,N,12,2,128,cta|blocked|vendor
trsm,float,sm_89,L,N,12,2,512,cta|blocked|vendor
trsm,float,sm_89,L,N,12,2,2048,cta|blocked|vendor
trsm,float,sm_89,L,N,12,2,8192,cta|blocked|vendor
trsm,float,sm_89,L,N,12,2,32768,cta|blocked|vendor
trsm,float,sm_89,L,N,12,4,128,cta|blocked|vendor
trsm,float,sm_89,L,N,12,4,512,cta|blocked|vendor
trsm,float,sm_89,L,N,12,4,2048,cta|blocked|vendor
trsm,float,sm_89,L,N,12,4,8192,cta|blocked|vendor
trsm,float,sm_89,L,N,12,4,32768,cta|blocked|vendor
trsm,float,sm_89,L,N,12,8,128,cta|blocked|vendor
trsm,float,sm_89,L,N,12,8,512,cta|blocked|vendor
trsm,float,sm_89,L,N,12,8,2048,cta|blocked|vendor
trsm,float,sm_89,L,N,12,8,8192,cta|blocked|vendor
trsm,float,sm_89,L,N,12,8,32768,cta|blocked|vendor
trsm,float,sm_89,L,N,12,16,128,cta|blocked|vendor
trsm,float,sm_89,L,N,12,16,512,cta|blocked|vendor
trsm,float,sm_89,L,N,12,16,2048,cta|blocked|vendor
trsm,float,sm_89,L,N,12,16,8192,cta|blocked|vendor
trsm,float,sm_89,L,N,12,16,32768,cta|blocked|vendor
trsm,float,sm_89,L,N,12,32,128,cta|blocked|vendor
trsm,float,sm_89,L,N,12,32,512,cta|blocked|vendor
trsm,float,sm_89,L,N,12,32,2048,cta|blocked|vendor
trsm,float,sm_89,L,N,12,32,8192,cta|blocked|vendor
trsm,float,sm_89,L,N,12,32,32768,cta|blocked|vendor
trsm,float,sm_89,L,N,12,64,128,cta|blocked|vendor
trsm,float,sm_89,L,N,12,64,512,cta|blocked|vendor
trsm,float,sm_89,L,N,12,64,2048,cta|blocked|vendor
trsm,float,sm_89,L,N,12,64,8192,cta|blocked|vendor
trsm,float,sm_89,L,N,12,64,32768,cta|blocked|vendor
trsm,float,sm_89,L,N,12,128,128,cta|blocked|vendor
trsm,float,sm_89,L,N,12,128,512,cta|blocked|vendor
trsm,float,sm_89,L,N,12,128,2048,cta|blocked|vendor
trsm,float,sm_89,L,N,12,128,8192,cta|blocked|vendor
trsm,float,sm_89,L,N,12,128,32768,cta|blocked|vendor
trsm,float,sm_89,L,N,12,256,128,cta|blocked|vendor
trsm,float,sm_89,L,N,12,256,512,cta|blocked|vendor
trsm,float,sm_89,L,N,12,256,2048,cta|blocked|vendor
trsm,float,sm_89,L,N,12,256,8192,cta|blocked|vendor
trsm,float,sm_89,L,N,12,256,32768,cta|blocked|vendor
trsm,float,sm_89,L,N,12,512,128,cta|blocked|vendor
trsm,float,sm_89,L,N,12,512,512,cta|blocked|vendor
trsm,float,sm_89,L,N,12,512,2048,cta|blocked|vendor
trsm,float,sm_89,L,N,12,512,8192,cta|blocked|vendor
trsm,float,sm_89,L,N,12,512,32768,cta|blocked|vendor
trsm,float,sm_89,L,N,12,1024,128,cta|blocked|vendor
trsm,float,sm_89,L,N,12,1024,512,cta|blocked|vendor
trsm,float,sm_89,L,N,12,1024,2048,cta|blocked|vendor
trsm,float,sm_89,L,N,12,1024,8192,cta|blocked|vendor
trsm,float,sm_89,L,N,12,1024,32768,cta|blocked|vendor
trsm,float,sm_89,L,N,12,4096,128,cta|blocked|vendor
trsm,float,sm_89,L,N,12,4096,512,cta|blocked|vendor
trsm,float,sm_89,L,N,12,4096,2048,cta|blocked|vendor
trsm,float,sm_89,L,N,12,4096,8192,cta|blocked|vendor
trsm,float,sm_89,L,N,12,4096,32768,cta|blocked|vendor
trsm,float,sm_89,L,N,16,1,128,cta|blocked|vendor
trsm,float,sm_89,L,N,16,1,512,cta|blocked|vendor
trsm,float,sm_89,L,N,16,1,2048,cta|blocked|vendor
trsm,float,sm_89,L,N,16,1,8192,cta|blocked|vendor
trsm,float,sm_89,L,N,16,1,32768,cta|blocked|vendor
trsm,float,sm_89,L,N,16,2,128,cta|blocked|vendor
trsm,float,sm_89,L,N,16,2,512,cta|blocked|vendor
trsm,float,sm_89,L,N,16,2,2048,cta|blocked|vendor
trsm,float,sm_89,L,N,16,2,8192,cta|blocked|vendor
trsm,float,sm_89,L,N,16,2,32768,cta|blocked|vendor
trsm,float,sm_89,L,N,16,4,128,cta|blocked|vendor
trsm,float,sm_89,L,N,16,4,512,cta|blocked|vendor
trsm,float,sm_89,L,N,16,4,2048,cta|blocked|vendor
trsm,float,sm_89,L,N,16,4,8192,cta|blocked|vendor
trsm,float,sm_89,L,N,16,4,32768,cta|blocked|vendor
trsm,float,sm_89,L,N,16,8,128,cta|blocked|vendor
trsm,float,sm_89,L,N,16,8,512,cta|blocked|vendor
trsm,float,sm_89,L,N,16,8,2048,cta|blocked|vendor
trsm,float,sm_89,L,N,16,8,8192,cta|blocked|vendor
trsm,float,sm_89,L,N,16,8,32768,cta|blocked|vendor
trsm,float,sm_89,L,N,16,16,128,cta|blocked|vendor
trsm,float,sm_89,L,N,16,16,512,cta|blocked|vendor
trsm,float,sm_89,L,N,16,16,2048,cta|blocked|vendor
trsm,float,sm_89,L,N,16,16,8192,cta|blocked|vendor
trsm,float,sm_89,L,N,16,16,32768,cta|blocked|vendor
trsm,float,sm_89,L,N,16,32,128,cta|blocked|vendor
trsm,float,sm_89,L,N,16,32,512,cta|blocked|vendor
trsm,float,sm_89,L,N,16,32,2048,cta|blocked|vendor
trsm,float,sm_89,L,N,16,32,8192,cta|blocked|vendor
trsm,float,sm_89,L,N,16,32,32768,cta|blocked|vendor
trsm,float,sm_89,L,N,16,64,128,cta|blocked|vendor
trsm,float,sm_89,L,N,16,64,512,cta|blocked|vendor
trsm,float,sm_89,L,N,16,64,2048,cta|blocked|vendor
trsm,float,sm_89,L,N,16,64,8192,cta|blocked|vendor
trsm,float,sm_89,L,N,16,64,32768,cta|blocked|vendor
trsm,float,sm_89,L,N,16,128,128,cta|blocked|vendor
trsm,float,sm_89,L,N,16,128,512,cta|blocked|vendor
trsm,float,sm_89,L,N,16,128,2048,cta|blocked|vendor
trsm,float,sm_89,L,N,16,128,8192,cta|blocked|vendor
trsm,float,sm_89,L,N,16,128,32768,cta|blocked|vendor
trsm,float,sm_89,L,N,16,256,128,cta|blocked|vendor
trsm,float,sm_89,L,N,16,256,512,cta|blocked|vendor
trsm,float,sm_89,L,N,16,256,2048,cta|blocked|vendor
trsm,float,sm_89,L,N,16,256,8192,cta|blocked|vendor
trsm,float,sm_89,L,N,16,256,32768,cta|blocked|vendor
trsm,float,sm_89,L,N,16,512,128,cta|blocked|vendor
trsm,float,sm_89,L,N,16,512,512,cta|blocked|vendor
trsm,float,sm_89,L,N,16,512,2048,cta|blocked|vendor
trsm,float,sm_89,L,N,16,512,8192,cta|blocked|vendor
trsm,float,sm_89,L,N,16,512,32768,cta|blocked|vendor
trsm,float,sm_89,L,N,16,1024,128,cta|blocked|vendor
trsm,float,sm_89,L,N,16,1024,512,cta|blocked|vendor
trsm,float,sm_89,L,N,16,1024,2048,cta|blocked|vendor
trsm,float,sm_89,L,N,16,1024,8192,cta|blocked|vendor
trsm,float,sm_89,L,N,16,1024,32768,cta|blocked|vendor
trsm,float,sm_89,L,N,16,4096,128,cta|blocked|vendor
trsm,float,sm_89,L,N,16,4096,512,cta|blocked|vendor
trsm,float,sm_89,L,N,16,4096,2048,cta|blocked|vendor
trsm,float,sm_89,L,N,16,4096,8192,cta|blocked|vendor
trsm,float,sm_89,L,N,16,4096,32768,cta|blocked|vendor
trsm,float,sm_89,L,N,24,1,128,cta|blocked|vendor
trsm,float,sm_89,L,N,24,1,512,cta|blocked|vendor
trsm,float,sm_89,L,N,24,1,2048,cta|blocked|vendor
trsm,float,sm_89,L,N,24,1,8192,cta|blocked|vendor
trsm,float,sm_89,L,N,24,1,32768,cta|blocked|vendor
trsm,float,sm_89,L,N,24,2,128,cta|blocked|vendor
trsm,float,sm_89,L,N,24,2,512,cta|blocked|vendor
trsm,float,sm_89,L,N,24,2,2048,cta|blocked|vendor
trsm,float,sm_89,L,N,24,2,8192,cta|blocked|vendor
trsm,float,sm_89,L,N,24,2,32768,cta|blocked|vendor
trsm,float,sm_89,L,N,24,4,128,cta|blocked|vendor
trsm,float,sm_89,L,N,24,4,512,cta|blocked|vendor
trsm,float,sm_89,L,N,24,4,2048,cta|blocked|vendor
trsm,float,sm_89,L,N,24,4,8192,cta|blocked|vendor
trsm,float,sm_89,L,N,24,4,32768,cta|blocked|vendor
trsm,float,sm_89,L,N,24,8,128,cta|blocked|vendor
trsm,float,sm_89,L,N,24,8,512,cta|blocked|vendor
trsm,float,sm_89,L,N,24,8,2048,cta|blocked|vendor
trsm,float,sm_89,L,N,24,8,8192,cta|blocked|vendor
trsm,float,sm_89,L,N,24,8,32768,cta|blocked|vendor
trsm,float,sm_89,L,N,24,16,128,cta|blocked|vendor
trsm,float,sm_89,L,N,24,16,512,cta|blocked|vendor
trsm,float,sm_89,L,N,24,16,2048,cta|blocked|vendor
trsm,float,sm_89,L,N,24,16,8192,cta|blocked|vendor
trsm,float,sm_89,L,N,24,16,32768,cta|blocked|vendor
trsm,float,sm_89,L,N,24,32,128,cta|blocked|vendor
trsm,float,sm_89,L,N,24,32,512,cta|blocked|vendor
trsm,float,sm_89,L,N,24,32,2048,cta|blocked|vendor
trsm,float,sm_89,L,N,24,32,8192,cta|blocked|vendor
trsm,float,sm_89,L,N,24,32,32768,cta|blocked|vendor
trsm,float,sm_89,L,N,24,64,128,cta|blocked|vendor
trsm,float,sm_89,L,N,24,64,512,cta|blocked|vendor
trsm,float,sm_89,L,N,24,64,2048,cta|blocked|vendor
trsm,float,sm_89,L,N,24,64,8192,cta|blocked|vendor
trsm,float,sm_89,L,N,24,64,32768,cta|blocked|vendor
trsm,float,sm_89,L,N,24,128,128,cta|blocked|vendor
trsm,float,sm_89,L,N,24,128,512,cta|blocked|vendor
trsm,float,sm_89,L,N,24,128,2048,cta|blocked|vendor
trsm,float,sm_89,L,N,24,128,8192,cta|blocked|vendor
trsm,float,sm_89,L,N,24,128,32768,cta|blocked|vendor
trsm,float,sm_89,L,N,24,256,128,cta|blocked|vendor
trsm,float,sm_89,L,N,24,256,512,cta|blocked|vendor
trsm,float,sm_89,L,N,24,256,2048,cta|blocked|vendor
trsm,float,sm_89,L,N,24,256,8192,cta|blocked|vendor
trsm,float,sm_89,L,N,24,256,32768,cta|blocked|vendor
trsm,float,sm_89,L,N,24,512,128,cta|blocked|vendor
trsm,float,sm_89,L,N,24,512,512,cta|blocked|vendor
trsm,float,sm_89,L,N,24,512,2048,cta|blocked|vendor
trsm,float,sm_89,L,N,24,512,8192,cta|blocked|vendor
trsm,float,sm_89,L,N,24,512,32768,cta|blocked|vendor
trsm,float,sm_89,L,N,24,1024,128,cta|blocked|vendor
trsm,float,sm_89,L,N,24,1024,512,cta|blocked|vendor
trsm,float,sm_89,L,N,24,1024,2048,cta|blocked|vendor
trsm,float,sm_89,L,N,24,1024,8192,cta|blocked|vendor
trsm,float,sm_89,L,N,24,1024,32768,cta|blocked|vendor
trsm,float,sm_89,L,N,24,4096,128,cta|blocked|vendor
trsm,float,sm_89,L,N,24,4096,512,cta|blocked|vendor
trsm,float,sm_89,L,N,24,4096,2048,cta|blocked|vendor
trsm,float,sm_89,L,N,24,4096,8192,cta|blocked|vendor
trsm,float,sm_89,L,N,24,4096,32768,cta|blocked|vendor
trsm,float,sm_89,L,N,32,1,128,cta|blocked|vendor
trsm,float,sm_89,L,N,32,1,512,cta|blocked|vendor
trsm,float,sm_89,L,N,32,1,2048,cta|blocked|vendor
trsm,float,sm_89,L,N,32,1,8192,cta|blocked|vendor
trsm,float,sm_89,L,N,32,1,32768,cta|blocked|vendor
trsm,float,sm_89,L,N,32,2,128,cta|blocked|vendor
trsm,float,sm_89,L,N,32,2,512,cta|blocked|vendor
trsm,float,sm_89,L,N,32,2,2048,cta|blocked|vendor
trsm,float,sm_89,L,N,32,2,8192,cta|blocked|vendor
trsm,float,sm_89,L,N,32,2,32768,cta|blocked|vendor
trsm,float,sm_89,L,N,32,4,128,cta|blocked|vendor
trsm,float,sm_89,L,N,32,4,512,cta|blocked|vendor
trsm,float,sm_89,L,N,32,4,2048,cta|blocked|vendor
trsm,float,sm_89,L,N,32,4,8192,cta|blocked|vendor
trsm,float,sm_89,L,N,32,4,32768,cta|blocked|vendor
trsm,float,sm_89,L,N,32,8,128,cta|blocked|vendor
trsm,float,sm_89,L,N,32,8,512,cta|blocked|vendor
trsm,float,sm_89,L,N,32,8,2048,cta|blocked|vendor
trsm,float,sm_89,L,N,32,8,8192,cta|blocked|vendor
trsm,float,sm_89,L,N,32,8,32768,cta|blocked|vendor
trsm,float,sm_89,L,N,32,16,128,cta|blocked|vendor
trsm,float,sm_89,L,N,32,16,512,cta|blocked|vendor
trsm,float,sm_89,L,N,32,16,2048,cta|blocked|vendor
trsm,float,sm_89,L,N,32,16,8192,cta|blocked|vendor
trsm,float,sm_89,L,N,32,16,32768,cta|blocked|vendor
trsm,float,sm_89,L,N,32,32,128,cta|blocked|vendor
trsm,float,sm_89,L,N,32,32,512,cta|blocked|vendor
trsm,float,sm_89,L,N,32,32,2048,cta|blocked|vendor
trsm,float,sm_89,L,N,32,32,8192,cta|blocked|vendor
trsm,float,sm_89,L,N,32,32,32768,cta|blocked|vendor
trsm,float,sm_89,L,N,32,64,128,cta|blocked|vendor
trsm,float,sm_89,L,N,32,64,512,cta|blocked|vendor
trsm,float,sm_89,L,N,32,64,2048,cta|blocked|vendor
trsm,float,sm_89,L,N,32,64,8192,cta|blocked|vendor
trsm,float,sm_89,L,N,32,64,32768,cta|blocked|vendor
trsm,float,sm_89,L,N,32,128,128,cta|blocked|vendor
trsm,float,sm_89,L,N,32,128,512,cta|blocked|vendor
trsm,float,sm_89,L,N,32,128,2048,cta|blocked|vendor
trsm,float,sm_89,L,N,32,128,8192,cta|blocked|vendor
trsm,float,sm_89,L,N,32,128,32768,cta|blocked|vendor
trsm,float,sm_89,L,N,32,256,128,cta|blocked|vendor
trsm,float,sm_89,L,N,32,256,512,cta|blocked|vendor
trsm,float,sm_89,L,N,32,256,2048,cta|blocked|vendor
trsm,float,sm_89,L,N,32,256,8192,cta|blocked|vendor
trsm,float,sm_89,L,N,32,256,32768,cta|blocked|vendor
trsm,float,sm_89,L,N,32,512,128,cta|blocked|vendor
trsm,float,sm_89,L,N,32,512,512,cta|blocked|vendor
trsm,float,sm_89,L,N,32,512,2048,cta|blocked|vendor
trsm,float,sm_89,L,N,32,512,8192,cta|blocked|vendor
trsm,float,sm_89,L,N,32,512,32768,cta|blocked|vendor
trsm,float,sm_89,L,N,32,1024,128,cta|blocked|vendor
trsm,float,sm_89,L,N,32,1024,512,cta|blocked|vendor
trsm,float,sm_89,L,N,32,1024,2048,cta|blocked|vendor
trsm,float,sm_89,L,N,32,1024,8192,cta|blocked|vendor
trsm,float,sm_89,L,N,32,1024,32768,cta|blocked|vendor
trsm,float,sm_89,L,N,32,4096,128,cta|blocked|vendor
trsm,float,sm_89,L,N,32,4096,512,cta|blocked|vendor
trsm,float,sm_89,L,N,32,4096,2048,cta|blocked|vendor
trsm,float,sm_89,L,N,32,4096,8192,cta|blocked|vendor
trsm,float,sm_89,L,N,32,4096,32768,cta|blocked|vendor
trsm,float,sm_89,L,N,48,1,128,blocked|vendor
trsm,float,sm_89,L,N,48,1,512,blocked|vendor
trsm,float,sm_89,L,N,48,1,2048,blocked|vendor
trsm,float,sm_89,L,N,48,1,8192,blocked|vendor
trsm,float,sm_89,L,N,48,1,32768,blocked|vendor
trsm,float,sm_89,L,N,48,2,128,blocked|vendor
trsm,float,sm_89,L,N,48,2,512,blocked|vendor
trsm,float,sm_89,L,N,48,2,2048,blocked|vendor
trsm,float,sm_89,L,N,48,2,8192,blocked|vendor
trsm,float,sm_89,L,N,48,2,32768,blocked|vendor
trsm,float,sm_89,L,N,48,4,128,blocked|vendor
trsm,float,sm_89,L,N,48,4,512,blocked|vendor
trsm,float,sm_89,L,N,48,4,2048,blocked|vendor
trsm,float,sm_89,L,N,48,4,8192,blocked|vendor
trsm,float,sm_89,L,N,48,4,32768,blocked|vendor
trsm,float,sm_89,L,N,48,8,128,blocked|vendor
trsm,float,sm_89,L,N,48,8,512,blocked|vendor
trsm,float,sm_89,L,N,48,8,2048,blocked|vendor
trsm,float,sm_89,L,N,48,8,8192,blocked|vendor
trsm,float,sm_89,L,N,48,8,32768,blocked|vendor
trsm,float,sm_89,L,N,48,16,128,blocked|vendor
trsm,float,sm_89,L,N,48,16,512,blocked|vendor
trsm,float,sm_89,L,N,48,16,2048,blocked|vendor
trsm,float,sm_89,L,N,48,16,8192,blocked|vendor
trsm,float,sm_89,L,N,48,16,32768,blocked|vendor
trsm,float,sm_89,L,N,48,32,128,blocked|vendor
trsm,float,sm_89,L,N,48,32,512,blocked|vendor
trsm,float,sm_89,L,N,48,32,2048,blocked|vendor
trsm,float,sm_89,L,N,48,32,8192,blocked|vendor
trsm,float,sm_89,L,N,48,32,32768,blocked|vendor
trsm,float,sm_89,L,N,48,64,128,blocked|vendor
trsm,float,sm_89,L,N,48,64,512,blocked|vendor
trsm,float,sm_89,L,N,48,64,2048,blocked|vendor
trsm,float,sm_89,L,N,48,64,8192,blocked|vendor
trsm,float,sm_89,L,N,48,64,32768,blocked|vendor
trsm,float,sm_89,L,N,48,128,128,blocked|vendor
trsm,float,sm_89,L,N,48,128,512,blocked|vendor
trsm,float,sm_89,L,N,48,128,2048,blocked|vendor
trsm,float,sm_89,L,N,48,128,8192,blocked|vendor
trsm,float,sm_89,L,N,48,128,32768,blocked|vendor
trsm,float,sm_89,L,N,48,256,128,blocked|vendor
trsm,float,sm_89,L,N,48,256,512,blocked|vendor
trsm,float,sm_89,L,N,48,256,2048,blocked|vendor
trsm,float,sm_89,L,N,48,256,8192,blocked|vendor
trsm,float,sm_89,L,N,48,256,32768,blocked|vendor
trsm,float,sm_89,L,N,48,512,128,blocked|vendor
trsm,float,sm_89,L,N,48,512,512,blocked|vendor
trsm,float,sm_89,L,N,48,512,2048,blocked|vendor
trsm,float,sm_89,L,N,48,512,8192,blocked|vendor
trsm,float,sm_89,L,N,48,512,32768,blocked|vendor
trsm,float,sm_89,L,N,48,1024,128,blocked|vendor
trsm,float,sm_89,L,N,48,1024,512,blocked|vendor
trsm,float,sm_89,L,N,48,1024,2048,blocked|vendor
trsm,float,sm_89,L,N,48,1024,8192,blocked|vendor
trsm,float,sm_89,L,N,48,1024,32768,blocked|vendor
trsm,float,sm_89,L,N,48,4096,128,blocked|vendor
trsm,float,sm_89,L,N,48,4096,512,blocked|vendor
trsm,float,sm_89,L,N,48,4096,2048,blocked|vendor
trsm,float,sm_89,L,N,48,4096,8192,blocked|vendor
trsm,float,sm_89,L,N,48,4096,32768,blocked|vendor
trsm,float,sm_89,L,N,64,1,128,blocked|vendor
trsm,float,sm_89,L,N,64,1,512,blocked|vendor
trsm,float,sm_89,L,N,64,1,2048,blocked|vendor
trsm,float,sm_89,L,N,64,1,8192,blocked|vendor
trsm,float,sm_89,L,N,64,1,32768,blocked|vendor
trsm,float,sm_89,L,N,64,2,128,blocked|vendor
trsm,float,sm_89,L,N,64,2,512,blocked|vendor
trsm,float,sm_89,L,N,64,2,2048,blocked|vendor
trsm,float,sm_89,L,N,64,2,8192,blocked|vendor
trsm,float,sm_89,L,N,64,2,32768,blocked|vendor
trsm,float,sm_89,L,N,64,4,128,blocked|vendor
trsm,float,sm_89,L,N,64,4,512,blocked|vendor
trsm,float,sm_89,L,N,64,4,2048,blocked|vendor
trsm,float,sm_89,L,N,64,4,8192,blocked|vendor
trsm,float,sm_89,L,N,64,4,32768,blocked|vendor
trsm,float,sm_89,L,N,64,8,128,blocked|vendor
trsm,float,sm_89,L,N,64,8,512,blocked|vendor
trsm,float,sm_89,L,N,64,8,2048,blocked|vendor
trsm,float,sm_89,L,N,64,8,8192,blocked|vendor
trsm,float,sm_89,L,N,64,8,32768,blocked|vendor
trsm,float,sm_89,L,N,64,16,128,blocked|vendor
trsm,float,sm_89,L,N,64,16,512,blocked|vendor
trsm,float,sm_89,L,N,64,16,2048,blocked|vendor
trsm,float,sm_89,L,N,64,16,8192,blocked|vendor
trsm,float,sm_89,L,N,64,16,32768,blocked|vendor
trsm,float,sm_89,L,N,64,32,128,blocked|vendor
trsm,float,sm_89,L,N,64,32,512,blocked|vendor
trsm,float,sm_89,L,N,64,32,2048,blocked|vendor
trsm,float,sm_89,L,N,64,32,8192,blocked|vendor
trsm,float,sm_89,L,N,64,32,32768,blocked|vendor
trsm,float,sm_89,L,N,64,64,128,blocked|vendor
trsm,float,sm_89,L,N,64,64,512,blocked|vendor
trsm,float,sm_89,L,N,64,64,2048,blocked|vendor
trsm,float,sm_89,L,N,64,64,8192,blocked|vendor
trsm,float,sm_89,L,N,64,64,32768,blocked|vendor
trsm,float,sm_89,L,N,64,128,128,blocked|vendor
trsm,float,sm_89,L,N,64,128,512,blocked|vendor
trsm,float,sm_89,L,N,64,128,2048,blocked|vendor
trsm,float,sm_89,L,N,64,128,8192,blocked|vendor
trsm,float,sm_89,L,N,64,128,32768,blocked|vendor
trsm,float,sm_89,L,N,64,256,128,blocked|vendor
trsm,float,sm_89,L,N,64,256,512,blocked|vendor
trsm,float,sm_89,L,N,64,256,2048,blocked|vendor
trsm,float,sm_89,L,N,64,256,8192,blocked|vendor
trsm,float,sm_89,L,N,64,256,32768,blocked|vendor
trsm,float,sm_89,L,N,64,512,128,blocked|vendor
trsm,float,sm_89,L,N,64,512,512,blocked|vendor
trsm,float,sm_89,L,N,64,512,2048,blocked|vendor
trsm,float,sm_89,L,N,64,512,8192,blocked|vendor
trsm,float,sm_89,L,N,64,512,32768,blocked|vendor
trsm,float,sm_89,L,N,64,1024,128,blocked|vendor
trsm,float,sm_89,L,N,64,1024,512,blocked|vendor
trsm,float,sm_89,L,N,64,1024,2048,blocked|vendor
trsm,float,sm_89,L,N,64,1024,8192,blocked|vendor
trsm,float,sm_89,L,N,64,1024,32768,blocked|vendor
trsm,float,sm_89,L,N,64,4096,128,blocked|vendor
trsm,float,sm_89,L,N,64,4096,512,blocked|vendor
trsm,float,sm_89,L,N,64,4096,2048,blocked|vendor
trsm,float,sm_89,L,N,64,4096,8192,blocked|vendor
trsm,float,sm_89,L,N,64,4096,32768,blocked|vendor
trsm,float,sm_89,L,N,96,1,128,blocked|vendor
trsm,float,sm_89,L,N,96,1,512,blocked|vendor
trsm,float,sm_89,L,N,96,1,2048,blocked|vendor
trsm,float,sm_89,L,N,96,1,8192,blocked|vendor
trsm,float,sm_89,L,N,96,1,32768,blocked|vendor
trsm,float,sm_89,L,N,96,2,128,blocked|vendor
trsm,float,sm_89,L,N,96,2,512,blocked|vendor
trsm,float,sm_89,L,N,96,2,2048,blocked|vendor
trsm,float,sm_89,L,N,96,2,8192,blocked|vendor
trsm,float,sm_89,L,N,96,2,32768,blocked|vendor
trsm,float,sm_89,L,N,96,4,128,blocked|vendor
trsm,float,sm_89,L,N,96,4,512,blocked|vendor
trsm,float,sm_89,L,N,96,4,2048,blocked|vendor
trsm,float,sm_89,L,N,96,4,8192,blocked|vendor
trsm,float,sm_89,L,N,96,4,32768,blocked|vendor
trsm,float,sm_89,L,N,96,8,128,blocked|vendor
trsm,float,sm_89,L,N,96,8,512,blocked|vendor
trsm,float,sm_89,L,N,96,8,2048,blocked|vendor
trsm,float,sm_89,L,N,96,8,8192,blocked|vendor
trsm,float,sm_89,L,N,96,8,32768,blocked|vendor
trsm,float,sm_89,L,N,96,16,128,blocked|vendor
trsm,float,sm_89,L,N,96,16,512,blocked|vendor
trsm,float,sm_89,L,N,96,16,2048,blocked|vendor
trsm,float,sm_89,L,N,96,16,8192,blocked|vendor
trsm,float,sm_89,L,N,96,16,32768,blocked|vendor
trsm,float,sm_89,L,N,96,32,128,blocked|vendor
trsm,float,sm_89,L,N,96,32,512,blocked|vendor
trsm,float,sm_89,L,N,96,32,2048,blocked|vendor
trsm,float,sm_89,L,N,96,32,8192,blocked|vendor
trsm,float,sm_89,L,N,96,32,32768,blocked|vendor
trsm,float,sm_89,L,N,96,64,128,blocked|vendor
trsm,float,sm_89,L,N,96,64,512,blocked|vendor
trsm,float,sm_89,L,N,96,64,2048,blocked|vendor
trsm,float,sm_89,L,N,96,64,8192,blocked|vendor
trsm,float,sm_89,L,N,96,64,32768,blocked|vendor
trsm,float,sm_89,L,N,96,128,128,blocked|vendor
trsm,float,sm_89,L,N,96,128,512,blocked|vendor
trsm,float,sm_89,L,N,96,128,2048,blocked|vendor
trsm,float,sm_89,L,N,96,128,8192,blocked|vendor
trsm,float,sm_89,L,N,96,128,32768,blocked|vendor
trsm,float,sm_89,L,N,96,256,128,blocked|vendor
trsm,float,sm_89,L,N,96,256,512,blocked|vendor
trsm,float,sm_89,L,N,96,256,2048,blocked|vendor
trsm,float,sm_89,L,N,96,256,8192,blocked|vendor
trsm,float,sm_89,L,N,96,256,32768,blocked|vendor
trsm,float,sm_89,L,N,96,512,128,blocked|vendor
trsm,float,sm_89,L,N,96,512,512,blocked|vendor
trsm,float,sm_89,L,N,96,512,2048,blocked|vendor
trsm,float,sm_89,L,N,96,512,8192,blocked|vendor
trsm,float,sm_89,L,N,96,512,32768,blocked|vendor
trsm,float,sm_89,L,N,96,1024,128,blocked|vendor
trsm,float,sm_89,L,N,96,1024,512,blocked|vendor
trsm,float,sm_89,L,N,96,1024,2048,blocked|vendor
trsm,float,sm_89,L,N,96,1024,8192,blocked|vendor
trsm,float,sm_89,L,N,96,1024,32768,blocked|vendor
trsm,float,sm_89,L,N,96,4096,128,blocked|vendor
trsm,float,sm_89,L,N,96,4096,512,blocked|vendor
trsm,float,sm_89,L,N,96,4096,2048,blocked|vendor
trsm,float,sm_89,L,N,96,4096,8192,blocked|vendor
trsm,float,sm_89,L,N,96,4096,32768,blocked|vendor
trsm,float,sm_89,L,N,128,1,128,blocked|vendor
trsm,float,sm_89,L,N,128,1,512,blocked|vendor
trsm,float,sm_89,L,N,128,1,2048,blocked|vendor
trsm,float,sm_89,L,N,128,1,8192,blocked|vendor
trsm,float,sm_89,L,N,128,1,32768,blocked|vendor
trsm,float,sm_89,L,N,128,2,128,blocked|vendor
trsm,float,sm_89,L,N,128,2,512,blocked|vendor
trsm,float,sm_89,L,N,128,2,2048,blocked|vendor
trsm,float,sm_89,L,N,128,2,8192,blocked|vendor
trsm,float,sm_89,L,N,128,2,32768,blocked|vendor
trsm,float,sm_89,L,N,128,4,128,blocked|vendor
trsm,float,sm_89,L,N,128,4,512,blocked|vendor
trsm,float,sm_89,L,N,128,4,2048,blocked|vendor
trsm,float,sm_89,L,N,128,4,8192,blocked|vendor
trsm,float,sm_89,L,N,128,4,32768,blocked|vendor
trsm,float,sm_89,L,N,128,8,128,blocked|vendor
trsm,float,sm_89,L,N,128,8,512,blocked|vendor
trsm,float,sm_89,L,N,128,8,2048,blocked|vendor
trsm,float,sm_89,L,N,128,8,8192,blocked|vendor
trsm,float,sm_89,L,N,128,8,32768,blocked|vendor
trsm,float,sm_89,L,N,128,16,128,blocked|vendor
trsm,float,sm_89,L,N,128,16,512,blocked|vendor
trsm,float,sm_89,L,N,128,16,2048,blocked|vendor
trsm,float,sm_89,L,N,128,16,8192,blocked|vendor
trsm,float,sm_89,L,N,128,16,32768,blocked|vendor
trsm,float,sm_89,L,N,128,32,128,blocked|vendor
trsm,float,sm_89,L,N,128,32,512,blocked|vendor
trsm,float,sm_89,L,N,128,32,2048,blocked|vendor
trsm,float,sm_89,L,N,128,32,8192,blocked|vendor
trsm,float,sm_89,L,N,128,32,32768,blocked|vendor
trsm,float,sm_89,L,N,128,64,128,blocked|vendor
trsm,float,sm_89,L,N,128,64,512,blocked|vendor
trsm,float,sm_89,L,N,128,64,2048,blocked|vendor
trsm,float,sm_89,L,N,128,64,8192,blocked|vendor
trsm,float,sm_89,L,N,128,64,32768,blocked|vendor
trsm,float,sm_89,L,N,128,128,128,blocked|vendor
trsm,float,sm_89,L,N,128,128,512,blocked|vendor
trsm,float,sm_89,L,N,128,128,2048,blocked|vendor
trsm,float,sm_89,L,N,128,128,8192,blocked|vendor
trsm,float,sm_89,L,N,128,128,32768,blocked|vendor
trsm,float,sm_89,L,N,128,256,128,blocked|vendor
trsm,float,sm_89,L,N,128,256,512,blocked|vendor
trsm,float,sm_89,L,N,128,256,2048,blocked|vendor
trsm,float,sm_89,L,N,128,256,8192,blocked|vendor
trsm,float,sm_89,L,N,128,256,32768,blocked|vendor
trsm,float,sm_89,L,N,128,512,128,blocked|vendor
trsm,float,sm_89,L,N,128,512,512,blocked|vendor
trsm,float,sm_89,L,N,128,512,2048,blocked|vendor
trsm,float,sm_89,L,N,128,512,8192,blocked|vendor
trsm,float,sm_89,L,N,128,512,32768,blocked|vendor
trsm,float,sm_89,L,N,128,1024,128,blocked|vendor
trsm,float,sm_89,L,N,128,1024,512,blocked|vendor
trsm,float,sm_89,L,N,128,1024,2048,blocked|vendor
trsm,float,sm_89,L,N,128,1024,8192,blocked|vendor
trsm,float,sm_89,L,N,128,1024,32768,blocked|vendor
trsm,float,sm_89,L,N,128,4096,128,blocked|vendor
trsm,float,sm_89,L,N,128,4096,512,blocked|vendor
trsm,float,sm_89,L,N,128,4096,2048,blocked|vendor
trsm,float,sm_89,L,N,128,4096,8192,blocked|vendor
trsm,float,sm_89,L,N,128,4096,32768,blocked|vendor
trsm,float,sm_89,L,N,192,1,128,blocked|vendor
trsm,float,sm_89,L,N,192,1,512,blocked|vendor
trsm,float,sm_89,L,N,192,1,2048,blocked|vendor
trsm,float,sm_89,L,N,192,1,8192,blocked|vendor
trsm,float,sm_89,L,N,192,1,32768,blocked|vendor
trsm,float,sm_89,L,N,192,2,128,blocked|vendor
trsm,float,sm_89,L,N,192,2,512,blocked|vendor
trsm,float,sm_89,L,N,192,2,2048,blocked|vendor
trsm,float,sm_89,L,N,192,2,8192,blocked|vendor
trsm,float,sm_89,L,N,192,2,32768,blocked|vendor
trsm,float,sm_89,L,N,192,4,128,blocked|vendor
trsm,float,sm_89,L,N,192,4,512,blocked|vendor
trsm,float,sm_89,L,N,192,4,2048,blocked|vendor
trsm,float,sm_89,L,N,192,4,8192,blocked|vendor
trsm,float,sm_89,L,N,192,4,32768,blocked|vendor
trsm,float,sm_89,L,N,192,8,128,blocked|vendor
trsm,float,sm_89,L,N,192,8,512,blocked|vendor
trsm,float,sm_89,L,N,192,8,2048,blocked|vendor
trsm,float,sm_89,L,N,192,8,8192,blocked|vendor
trsm,float,sm_89,L,N,192,8,32768,blocked|vendor
trsm,float,sm_89,L,N,192,16,128,blocked|vendor
trsm,float,sm_89,L,N,192,16,512,blocked|vendor
trsm,float,sm_89,L,N,192,16,2048,blocked|vendor
trsm,float,sm_89,L,N,192,16,8192,blocked|vendor
trsm,float,sm_89,L,N,192,16,32768,blocked|vendor
trsm,float,sm_89,L,N,192,32,128,blocked|vendor
trsm,float,sm_89,L,N,192,32,512,blocked|vendor
trsm,float,sm_89,L,N,192,32,2048,blocked|vendor
trsm,float,sm_89,L,N,192,32,8192,blocked|vendor
trsm,float,sm_89,L,N,192,32,32768,blocked|vendor
trsm,float,sm_89,L,N,192,64,128,blocked|vendor
trsm,float,sm_89,L,N,192,64,512,blocked|vendor
trsm,float,sm_89,L,N,192,64,2048,blocked|vendor
trsm,float,sm_89,L,N,192,64,8192,blocked|vendor
trsm,float,sm_89,L,N,192,64,32768,blocked|vendor
trsm,float,sm_89,L,N,192,128,128,blocked|vendor
trsm,float,sm_89,L,N,192,128,512,blocked|vendor
trsm,float,sm_89,L,N,192,128,2048,blocked|vendor
trsm,float,sm_89,L,N,192,128,8192,blocked|vendor
trsm,float,sm_89,L,N,192,128,32768,blocked|vendor
trsm,float,sm_89,L,N,192,256,128,blocked|vendor
trsm,float,sm_89,L,N,192,256,512,blocked|vendor
trsm,float,sm_89,L,N,192,256,2048,blocked|vendor
trsm,float,sm_89,L,N,192,256,8192,blocked|vendor
trsm,float,sm_89,L,N,192,256,32768,blocked|vendor
trsm,float,sm_89,L,N,192,512,128,blocked|vendor
trsm,float,sm_89,L,N,192,512,512,blocked|vendor
trsm,float,sm_89,L,N,192,512,2048,blocked|vendor
trsm,float,sm_89,L,N,192,512,8192,blocked|vendor
trsm,float,sm_89,L,N,192,512,32768,blocked|vendor
trsm,float,sm_89,L,N,192,1024,128,blocked|vendor
trsm,float,sm_89,L,N,192,1024,512,blocked|vendor
trsm,float,sm_89,L,N,192,1024,2048,blocked|vendor
trsm,float,sm_89,L,N,192,1024,8192,blocked|vendor
trsm,float,sm_89,L,N,192,1024,32768,blocked|vendor
trsm,float,sm_89,L,N,192,4096,128,blocked|vendor
trsm,float,sm_89,L,N,192,4096,512,blocked|vendor
trsm,float,sm_89,L,N,192,4096,2048,blocked|vendor
trsm,float,sm_89,L,N,192,4096,8192,blocked|vendor
trsm,float,sm_89,L,N,192,4096,32768,blocked|vendor
trsm,float,sm_89,L,N,256,1,128,blocked|vendor
trsm,float,sm_89,L,N,256,1,512,blocked|vendor
trsm,float,sm_89,L,N,256,1,2048,blocked|vendor
trsm,float,sm_89,L,N,256,1,8192,blocked|vendor
trsm,float,sm_89,L,N,256,1,32768,blocked|vendor
trsm,float,sm_89,L,N,256,2,128,blocked|vendor
trsm,float,sm_89,L,N,256,2,512,blocked|vendor
trsm,float,sm_89,L,N,256,2,2048,blocked|vendor
trsm,float,sm_89,L,N,256,2,8192,blocked|vendor
trsm,float,sm_89,L,N,256,2,32768,blocked|vendor
trsm,float,sm_89,L,N,256,4,128,blocked|vendor
trsm,float,sm_89,L,N,256,4,512,blocked|vendor
trsm,float,sm_89,L,N,256,4,2048,blocked|vendor
trsm,float,sm_89,L,N,256,4,8192,blocked|vendor
trsm,float,sm_89,L,N,256,4,32768,blocked|vendor
trsm,float,sm_89,L,N,256,8,128,blocked|vendor
trsm,float,sm_89,L,N,256,8,512,blocked|vendor
trsm,float,sm_89,L,N,256,8,2048,blocked|vendor
trsm,float,sm_89,L,N,256,8,8192,blocked|vendor
trsm,float,sm_89,L,N,256,8,32768,blocked|vendor
trsm,float,sm_89,L,N,256,16,128,blocked|vendor
trsm,float,sm_89,L,N,256,16,512,blocked|vendor
trsm,float,sm_89,L,N,256,16,2048,blocked|vendor
trsm,float,sm_89,L,N,256,16,8192,blocked|vendor
trsm,float,sm_89,L,N,256,16,32768,blocked|vendor
trsm,float,sm_89,L,N,256,32,128,blocked|vendor
trsm,float,sm_89,L,N,256,32,512,blocked|vendor
trsm,float,sm_89,L,N,256,32,2048,blocked|vendor
trsm,float,sm_89,L,N,256,32,8192,blocked|vendor
trsm,float,sm_89,L,N,256,32,32768,blocked|vendor
trsm,float,sm_89,L,N,256,64,128,blocked|vendor
trsm,float,sm_89,L,N,256,64,512,blocked|vendor
trsm,float,sm_89,L,N,256,64,2048,blocked|vendor
trsm,float,sm_89,L,N,256,64,8192,blocked|vendor
trsm,float,sm_89,L,N,256,64,32768,blocked|vendor
trsm,float,sm_89,L,N,256,128,128,blocked|vendor
trsm,float,sm_89,L,N,256,128,512,blocked|vendor
trsm,float,sm_89,L,N,256,128,2048,blocked|vendor
trsm,float,sm_89,L,N,256,128,8192,blocked|vendor
trsm,float,sm_89,L,N,256,128,32768,blocked|vendor
trsm,float,sm_89,L,N,256,256,128,blocked|vendor
trsm,float,sm_89,L,N,256,256,512,blocked|vendor
trsm,float,sm_89,L,N,256,256,2048,blocked|vendor
trsm,float,sm_89,L,N,256,256,8192,blocked|vendor
trsm,float,sm_89,L,N,256,256,32768,blocked|vendor
trsm,float,sm_89,L,N,256,512,128,blocked|vendor
trsm,float,sm_89,L,N,256,512,512,blocked|vendor
trsm,float,sm_89,L,N,256,512,2048,blocked|vendor
trsm,float,sm_89,L,N,256,512,8192,blocked|vendor
trsm,float,sm_89,L,N,256,512,32768,blocked|vendor
trsm,float,sm_89,L,N,256,1024,128,blocked|vendor
trsm,float,sm_89,L,N,256,1024,512,blocked|vendor
trsm,float,sm_89,L,N,256,1024,2048,blocked|vendor
trsm,float,sm_89,L,N,256,1024,8192,blocked|vendor
trsm,float,sm_89,L,N,256,1024,32768,blocked|vendor
trsm,float,sm_89,L,N,256,4096,128,blocked|vendor
trsm,float,sm_89,L,N,256,4096,512,blocked|vendor
trsm,float,sm_89,L,N,256,4096,2048,blocked|vendor
trsm,float,sm_89,L,N,256,4096,8192,blocked|vendor
trsm,float,sm_89,L,N,256,4096,32768,blocked|vendor
trsm,float,sm_89,L,N,384,1,128,blocked|vendor
trsm,float,sm_89,L,N,384,1,512,blocked|vendor
trsm,float,sm_89,L,N,384,1,2048,blocked|vendor
trsm,float,sm_89,L,N,384,1,8192,blocked|vendor
trsm,float,sm_89,L,N,384,1,32768,blocked|vendor
trsm,float,sm_89,L,N,384,2,128,blocked|vendor
trsm,float,sm_89,L,N,384,2,512,blocked|vendor
trsm,float,sm_89,L,N,384,2,2048,blocked|vendor
trsm,float,sm_89,L,N,384,2,8192,blocked|vendor
trsm,float,sm_89,L,N,384,2,32768,blocked|vendor
trsm,float,sm_89,L,N,384,4,128,blocked|vendor
trsm,float,sm_89,L,N,384,4,512,blocked|vendor
trsm,float,sm_89,L,N,384,4,2048,blocked|vendor
trsm,float,sm_89,L,N,384,4,8192,blocked|vendor
trsm,float,sm_89,L,N,384,4,32768,blocked|vendor
trsm,float,sm_89,L,N,384,8,128,blocked|vendor
trsm,float,sm_89,L,N,384,8,512,blocked|vendor
trsm,float,sm_89,L,N,384,8,2048,blocked|vendor
trsm,float,sm_89,L,N,384,8,8192,blocked|vendor
trsm,float,sm_89,L,N,384,8,32768,blocked|vendor
trsm,float,sm_89,L,N,384,16,128,blocked|vendor
trsm,float,sm_89,L,N,384,16,512,blocked|vendor
trsm,float,sm_89,L,N,384,16,2048,blocked|vendor
trsm,float,sm_89,L,N,384,16,8192,blocked|vendor
trsm,float,sm_89,L,N,384,16,32768,blocked|vendor
trsm,float,sm_89,L,N,384,32,128,blocked|vendor
trsm,float,sm_89,L,N,384,32,512,blocked|vendor
trsm,float,sm_89,L,N,384,32,2048,blocked|vendor
trsm,float,sm_89,L,N,384,32,8192,blocked|vendor
trsm,float,sm_89,L,N,384,32,32768,blocked|vendor
trsm,float,sm_89,L,N,384,64,128,blocked|vendor
trsm,float,sm_89,L,N,384,64,512,blocked|vendor
trsm,float,sm_89,L,N,384,64,2048,blocked|vendor
trsm,float,sm_89,L,N,384,64,8192,blocked|vendor
trsm,float,sm_89,L,N,384,64,32768,blocked|vendor
trsm,float,sm_89,L,N,384,128,128,blocked|vendor
trsm,float,sm_89,L,N,384,128,512,blocked|vendor
trsm,float,sm_89,L,N,384,128,2048,blocked|vendor
trsm,float,sm_89,L,N,384,128,8192,blocked|vendor
trsm,float,sm_89,L,N,384,128,32768,blocked|vendor
trsm,float,sm_89,L,N,384,256,128,blocked|vendor
trsm,float,sm_89,L,N,384,256,512,blocked|vendor
trsm,float,sm_89,L,N,384,256,2048,blocked|vendor
trsm,float,sm_89,L,N,384,256,8192,blocked|vendor
trsm,float,sm_89,L,N,384,256,32768,blocked|vendor
trsm,float,sm_89,L,N,384,512,128,blocked|vendor
trsm,float,sm_89,L,N,384,512,512,blocked|vendor
trsm,float,sm_89,L,N,384,512,2048,blocked|vendor
trsm,float,sm_89,L,N,384,512,8192,blocked|vendor
trsm,float,sm_89,L,N,384,512,32768,blocked|vendor
trsm,float,sm_89,L,N,384,1024,128,blocked|vendor
trsm,float,sm_89,L,N,384,1024,512,blocked|vendor
trsm,float,sm_89,L,N,384,1024,2048,blocked|vendor
trsm,float,sm_89,L,N,384,1024,8192,blocked|vendor
trsm,float,sm_89,L,N,384,1024,32768,blocked|vendor
trsm,float,sm_89,L,N,384,4096,128,blocked|vendor
trsm,float,sm_89,L,N,384,4096,512,blocked|vendor
trsm,float,sm_89,L,N,384,4096,2048,blocked|vendor
trsm,float,sm_89,L,N,384,4096,8192,blocked|vendor
trsm,float,sm_89,L,N,384,4096,32768,blocked|vendor
trsm,float,sm_89,L,N,512,1,128,blocked|vendor
trsm,float,sm_89,L,N,512,1,512,blocked|vendor
trsm,float,sm_89,L,N,512,1,2048,blocked|vendor
trsm,float,sm_89,L,N,512,1,8192,blocked|vendor
trsm,float,sm_89,L,N,512,1,32768,blocked|vendor
trsm,float,sm_89,L,N,512,2,128,blocked|vendor
trsm,float,sm_89,L,N,512,2,512,blocked|vendor
trsm,float,sm_89,L,N,512,2,2048,blocked|vendor
trsm,float,sm_89,L,N,512,2,8192,blocked|vendor
trsm,float,sm_89,L,N,512,2,32768,blocked|vendor
trsm,float,sm_89,L,N,512,4,128,blocked|vendor
trsm,float,sm_89,L,N,512,4,512,blocked|vendor
trsm,float,sm_89,L,N,512,4,2048,blocked|vendor
trsm,float,sm_89,L,N,512,4,8192,blocked|vendor
trsm,float,sm_89,L,N,512,4,32768,blocked|vendor
trsm,float,sm_89,L,N,512,8,128,blocked|vendor
trsm,float,sm_89,L,N,512,8,512,blocked|vendor
trsm,float,sm_89,L,N,512,8,2048,blocked|vendor
trsm,float,sm_89,L,N,512,8,8192,blocked|vendor
trsm,float,sm_89,L,N,512,8,32768,blocked|vendor
trsm,float,sm_89,L,N,512,16,128,blocked|vendor
trsm,float,sm_89,L,N,512,16,512,blocked|vendor
trsm,float,sm_89,L,N,512,16,2048,blocked|vendor
trsm,float,sm_89,L,N,512,16,8192,blocked|vendor
trsm,float,sm_89,L,N,512,16,32768,blocked|vendor
trsm,float,sm_89,L,N,512,32,128,blocked|vendor
trsm,float,sm_89,L,N,512,32,512,blocked|vendor
trsm,float,sm_89,L,N,512,32,2048,blocked|vendor
trsm,float,sm_89,L,N,512,32,8192,blocked|vendor
trsm,float,sm_89,L,N,512,32,32768,blocked|vendor
trsm,float,sm_89,L,N,512,64,128,blocked|vendor
trsm,float,sm_89,L,N,512,64,512,blocked|vendor
trsm,float,sm_89,L,N,512,64,2048,blocked|vendor
trsm,float,sm_89,L,N,512,64,8192,blocked|vendor
trsm,float,sm_89,L,N,512,64,32768,blocked|vendor
trsm,float,sm_89,L,N,512,128,128,blocked|vendor
trsm,float,sm_89,L,N,512,128,512,blocked|vendor
trsm,float,sm_89,L,N,512,128,2048,blocked|vendor
trsm,float,sm_89,L,N,512,128,8192,blocked|vendor
trsm,float,sm_89,L,N,512,128,32768,blocked|vendor
trsm,float,sm_89,L,N,512,256,128,blocked|vendor
trsm,float,sm_89,L,N,512,256,512,blocked|vendor
trsm,float,sm_89,L,N,512,256,2048,blocked|vendor
trsm,float,sm_89,L,N,512,256,8192,blocked|vendor
trsm,float,sm_89,L,N,512,256,32768,blocked|vendor
trsm,float,sm_89,L,N,512,512,128,blocked|vendor
trsm,float,sm_89,L,N,512,512,512,blocked|vendor
trsm,float,sm_89,L,N,512,512,2048,blocked|vendor
trsm,float,sm_89,L,N,512,512,8192,blocked|vendor
trsm,float,sm_89,L,N,512,512,32768,blocked|vendor
trsm,float,sm_89,L,N,512,1024,128,blocked|vendor
trsm,float,sm_89,L,N,512,1024,512,blocked|vendor
trsm,float,sm_89,L,N,512,1024,2048,blocked|vendor
trsm,float,sm_89,L,N,512,1024,8192,blocked|vendor
trsm,float,sm_89,L,N,512,1024,32768,blocked|vendor
trsm,float,sm_89,L,N,512,4096,128,blocked|vendor
trsm,float,sm_89,L,N,512,4096,512,blocked|vendor
trsm,float,sm_89,L,N,512,4096,2048,blocked|vendor
trsm,float,sm_89,L,N,512,4096,8192,blocked|vendor
trsm,float,sm_89,L,N,512,4096,32768,blocked|vendor
trsm,float,sm_89,L,N,768,1,128,blocked|vendor
trsm,float,sm_89,L,N,768,1,512,blocked|vendor
trsm,float,sm_89,L,N,768,1,2048,blocked|vendor
trsm,float,sm_89,L,N,768,1,8192,blocked|vendor
trsm,float,sm_89,L,N,768,1,32768,blocked|vendor
trsm,float,sm_89,L,N,768,2,128,blocked|vendor
trsm,float,sm_89,L,N,768,2,512,blocked|vendor
trsm,float,sm_89,L,N,768,2,2048,blocked|vendor
trsm,float,sm_89,L,N,768,2,8192,blocked|vendor
trsm,float,sm_89,L,N,768,2,32768,blocked|vendor
trsm,float,sm_89,L,N,768,4,128,blocked|vendor
trsm,float,sm_89,L,N,768,4,512,blocked|vendor
trsm,float,sm_89,L,N,768,4,2048,blocked|vendor
trsm,float,sm_89,L,N,768,4,8192,blocked|vendor
trsm,float,sm_89,L,N,768,4,32768,blocked|vendor
trsm,float,sm_89,L,N,768,8,128,blocked|vendor
trsm,float,sm_89,L,N,768,8,512,blocked|vendor
trsm,float,sm_89,L,N,768,8,2048,blocked|vendor
trsm,float,sm_89,L,N,768,8,8192,blocked|vendor
trsm,float,sm_89,L,N,768,8,32768,blocked|vendor
trsm,float,sm_89,L,N,768,16,128,blocked|vendor
trsm,float,sm_89,L,N,768,16,512,blocked|vendor
trsm,float,sm_89,L,N,768,16,2048,blocked|vendor
trsm,float,sm_89,L,N,768,16,8192,blocked|vendor
trsm,float,sm_89,L,N,768,16,32768,blocked|vendor
trsm,float,sm_89,L,N,768,32,128,blocked|vendor
trsm,float,sm_89,L,N,768,32,512,blocked|vendor
trsm,float,sm_89,L,N,768,32,2048,blocked|vendor
trsm,float,sm_89,L,N,768,32,8192,blocked|vendor
trsm,float,sm_89,L,N,768,32,32768,blocked|vendor
trsm,float,sm_89,L,N,768,64,128,blocked|vendor
trsm,float,sm_89,L,N,768,64,512,blocked|vendor
trsm,float,sm_89,L,N,768,64,2048,blocked|vendor
trsm,float,sm_89,L,N,768,64,8192,blocked|vendor
trsm,float,sm_89,L,N,768,64,32768,blocked|vendor
trsm,float,sm_89,L,N,768,128,128,blocked|vendor
trsm,float,sm_89,L,N,768,128,512,blocked|vendor
trsm,float,sm_89,L,N,768,128,2048,blocked|vendor
trsm,float,sm_89,L,N,768,128,8192,blocked|vendor
trsm,float,sm_89,L,N,768,128,32768,blocked|vendor
trsm,float,sm_89,L,N,768,256,128,blocked|vendor
trsm,float,sm_89,L,N,768,256,512,blocked|vendor
trsm,float,sm_89,L,N,768,256,2048,blocked|vendor
trsm,float,sm_89,L,N,768,256,8192,blocked|vendor
trsm,float,sm_89,L,N,768,256,32768,blocked|vendor
trsm,float,sm_89,L,N,768,512,128,blocked|vendor
trsm,float,sm_89,L,N,768,512,512,blocked|vendor
trsm,float,sm_89,L,N,768,512,2048,blocked|vendor
trsm,float,sm_89,L,N,768,512,8192,blocked|vendor
trsm,float,sm_89,L,N,768,512,32768,blocked|vendor
trsm,float,sm_89,L,N,768,1024,128,blocked|vendor
trsm,float,sm_89,L,N,768,1024,512,blocked|vendor
trsm,float,sm_89,L,N,768,1024,2048,blocked|vendor
trsm,float,sm_89,L,N,768,1024,8192,blocked|vendor
trsm,float,sm_89,L,N,768,1024,32768,blocked|vendor
trsm,float,sm_89,L,N,768,4096,128,blocked|vendor
trsm,float,sm_89,L,N,768,4096,512,blocked|vendor
trsm,float,sm_89,L,N,768,4096,2048,blocked|vendor
trsm,float,sm_89,L,N,768,4096,8192,blocked|vendor
trsm,float,sm_89,L,N,768,4096,32768,blocked|vendor
trsm,float,sm_89,L,N,1024,1,128,blocked|vendor
trsm,float,sm_89,L,N,1024,1,512,blocked|vendor
trsm,float,sm_89,L,N,1024,1,2048,blocked|vendor
trsm,float,sm_89,L,N,1024,1,8192,blocked|vendor
trsm,float,sm_89,L,N,1024,1,32768,blocked|vendor
trsm,float,sm_89,L,N,1024,2,128,blocked|vendor
trsm,float,sm_89,L,N,1024,2,512,blocked|vendor
trsm,float,sm_89,L,N,1024,2,2048,blocked|vendor
trsm,float,sm_89,L,N,1024,2,8192,blocked|vendor
trsm,float,sm_89,L,N,1024,2,32768,blocked|vendor
trsm,float,sm_89,L,N,1024,4,128,blocked|vendor
trsm,float,sm_89,L,N,1024,4,512,blocked|vendor
trsm,float,sm_89,L,N,1024,4,2048,blocked|vendor
trsm,float,sm_89,L,N,1024,4,8192,blocked|vendor
trsm,float,sm_89,L,N,1024,4,32768,blocked|vendor
trsm,float,sm_89,L,N,1024,8,128,blocked|vendor
trsm,float,sm_89,L,N,1024,8,512,blocked|vendor
trsm,float,sm_89,L,N,1024,8,2048,blocked|vendor
trsm,float,sm_89,L,N,1024,8,8192,blocked|vendor
trsm,float,sm_89,L,N,1024,8,32768,blocked|vendor
trsm,float,sm_89,L,N,1024,16,128,blocked|vendor
trsm,float,sm_89,L,N,1024,16,512,blocked|vendor
trsm,float,sm_89,L,N,1024,16,2048,blocked|vendor
trsm,float,sm_89,L,N,1024,16,8192,blocked|vendor
trsm,float,sm_89,L,N,1024,16,32768,blocked|vendor
trsm,float,sm_89,L,N,1024,32,128,blocked|vendor
trsm,float,sm_89,L,N,1024,32,512,blocked|vendor
trsm,float,sm_89,L,N,1024,32,2048,blocked|vendor
trsm,float,sm_89,L,N,1024,32,8192,blocked|vendor
trsm,float,sm_89,L,N,1024,32,32768,blocked|vendor
trsm,float,sm_89,L,N,1024,64,128,blocked|vendor
trsm,float,sm_89,L,N,1024,64,512,blocked|vendor
trsm,float,sm_89,L,N,1024,64,2048,blocked|vendor
trsm,float,sm_89,L,N,1024,64,8192,blocked|vendor
trsm,float,sm_89,L,N,1024,64,32768,blocked|vendor
trsm,float,sm_89,L,N,1024,128,128,blocked|vendor
trsm,float,sm_89,L,N,1024,128,512,blocked|vendor
trsm,float,sm_89,L,N,1024,128,2048,blocked|vendor
trsm,float,sm_89,L,N,1024,128,8192,blocked|vendor
trsm,float,sm_89,L,N,1024,128,32768,blocked|vendor
trsm,float,sm_89,L,N,1024,256,128,blocked|vendor
trsm,float,sm_89,L,N,1024,256,512,blocked|vendor
trsm,float,sm_89,L,N,1024,256,2048,blocked|vendor
trsm,float,sm_89,L,N,1024,256,8192,blocked|vendor
trsm,float,sm_89,L,N,1024,256,32768,blocked|vendor
trsm,float,sm_89,L,N,1024,512,128,blocked|vendor
trsm,float,sm_89,L,N,1024,512,512,blocked|vendor
trsm,float,sm_89,L,N,1024,512,2048,blocked|vendor
trsm,float,sm_89,L,N,1024,512,8192,blocked|vendor
trsm,float,sm_89,L,N,1024,512,32768,blocked|vendor
trsm,float,sm_89,L,N,1024,1024,128,blocked|vendor
trsm,float,sm_89,L,N,1024,1024,512,blocked|vendor
trsm,float,sm_89,L,N,1024,1024,2048,blocked|vendor
trsm,float,sm_89,L,N,1024,1024,8192,blocked|vendor
trsm,float,sm_89,L,N,1024,1024,32768,blocked|vendor
trsm,float,sm_89,L,N,1024,4096,128,blocked|vendor
trsm,float,sm_89,L,N,1024,4096,512,blocked|vendor
trsm,float,sm_89,L,N,1024,4096,2048,blocked|vendor
trsm,float,sm_89,L,N,1024,4096,8192,blocked|vendor
trsm,float,sm_89,L,N,1024,4096,32768,blocked|vendor
trsm,float,sm_89,L,T,1,1,128,cta|blocked|vendor
trsm,float,sm_89,L,T,1,1,512,cta|blocked|vendor
trsm,float,sm_89,L,T,1,1,2048,cta|blocked|vendor
trsm,float,sm_89,L,T,1,1,8192,cta|blocked|vendor
trsm,float,sm_89,L,T,1,1,32768,cta|blocked|vendor
trsm,float,sm_89,L,T,1,2,128,cta|blocked|vendor
trsm,float,sm_89,L,T,1,2,512,cta|blocked|vendor
trsm,float,sm_89,L,T,1,2,2048,cta|blocked|vendor
trsm,float,sm_89,L,T,1,2,8192,cta|blocked|vendor
trsm,float,sm_89,L,T,1,2,32768,cta|blocked|vendor
trsm,float,sm_89,L,T,1,4,128,cta|blocked|vendor
trsm,float,sm_89,L,T,1,4,512,cta|blocked|vendor
trsm,float,sm_89,L,T,1,4,2048,cta|blocked|vendor
trsm,float,sm_89,L,T,1,4,8192,cta|blocked|vendor
trsm,float,sm_89,L,T,1,4,32768,cta|blocked|vendor
trsm,float,sm_89,L,T,1,8,128,cta|blocked|vendor
trsm,float,sm_89,L,T,1,8,512,cta|blocked|vendor
trsm,float,sm_89,L,T,1,8,2048,cta|blocked|vendor
trsm,float,sm_89,L,T,1,8,8192,cta|blocked|vendor
trsm,float,sm_89,L,T,1,8,32768,cta|blocked|vendor
trsm,float,sm_89,L,T,1,16,128,cta|blocked|vendor
trsm,float,sm_89,L,T,1,16,512,cta|blocked|vendor
trsm,float,sm_89,L,T,1,16,2048,cta|blocked|vendor
trsm,float,sm_89,L,T,1,16,8192,cta|blocked|vendor
trsm,float,sm_89,L,T,1,16,32768,cta|blocked|vendor
trsm,float,sm_89,L,T,1,32,128,cta|blocked|vendor
trsm,float,sm_89,L,T,1,32,512,cta|blocked|vendor
trsm,float,sm_89,L,T,1,32,2048,cta|blocked|vendor
trsm,float,sm_89,L,T,1,32,8192,cta|blocked|vendor
trsm,float,sm_89,L,T,1,32,32768,cta|blocked|vendor
trsm,float,sm_89,L,T,1,64,128,cta|blocked|vendor
trsm,float,sm_89,L,T,1,64,512,cta|blocked|vendor
trsm,float,sm_89,L,T,1,64,2048,cta|blocked|vendor
trsm,float,sm_89,L,T,1,64,8192,cta|blocked|vendor
trsm,float,sm_89,L,T,1,64,32768,cta|blocked|vendor
trsm,float,sm_89,L,T,1,128,128,cta|blocked|vendor
trsm,float,sm_89,L,T,1,128,512,cta|blocked|vendor
trsm,float,sm_89,L,T,1,128,2048,cta|blocked|vendor
trsm,float,sm_89,L,T,1,128,8192,cta|blocked|vendor
trsm,float,sm_89,L,T,1,128,32768,cta|blocked|vendor
trsm,float,sm_89,L,T,1,256,128,cta|blocked|vendor
trsm,float,sm_89,L,T,1,256,512,cta|blocked|vendor
trsm,float,sm_89,L,T,1,256,2048,cta|blocked|vendor
trsm,float,sm_89,L,T,1,256,8192,cta|blocked|vendor
trsm,float,sm_89,L,T,1,256,32768,cta|blocked|vendor
trsm,float,sm_89,L,T,1,512,128,cta|blocked|vendor
trsm,float,sm_89,L,T,1,512,512,cta|blocked|vendor
trsm,float,sm_89,L,T,1,512,2048,cta|blocked|vendor
trsm,float,sm_89,L,T,1,512,8192,cta|blocked|vendor
trsm,float,sm_89,L,T,1,512,32768,cta|blocked|vendor
trsm,float,sm_89,L,T,1,1024,128,cta|blocked|vendor
trsm,float,sm_89,L,T,1,1024,512,cta|blocked|vendor
trsm,float,sm_89,L,T,1,1024,2048,cta|blocked|vendor
trsm,float,sm_89,L,T,1,1024,8192,cta|blocked|vendor
trsm,float,sm_89,L,T,1,1024,32768,cta|blocked|vendor
trsm,float,sm_89,L,T,1,4096,128,cta|blocked|vendor
trsm,float,sm_89,L,T,1,4096,512,cta|blocked|vendor
trsm,float,sm_89,L,T,1,4096,2048,cta|blocked|vendor
trsm,float,sm_89,L,T,1,4096,8192,cta|blocked|vendor
trsm,float,sm_89,L,T,1,4096,32768,cta|blocked|vendor
trsm,float,sm_89,L,T,2,1,128,cta|blocked|vendor
trsm,float,sm_89,L,T,2,1,512,cta|blocked|vendor
trsm,float,sm_89,L,T,2,1,2048,cta|blocked|vendor
trsm,float,sm_89,L,T,2,1,8192,cta|blocked|vendor
trsm,float,sm_89,L,T,2,1,32768,cta|blocked|vendor
trsm,float,sm_89,L,T,2,2,128,cta|blocked|vendor
trsm,float,sm_89,L,T,2,2,512,cta|blocked|vendor
trsm,float,sm_89,L,T,2,2,2048,cta|blocked|vendor
trsm,float,sm_89,L,T,2,2,8192,cta|blocked|vendor
trsm,float,sm_89,L,T,2,2,32768,cta|blocked|vendor
trsm,float,sm_89,L,T,2,4,128,cta|blocked|vendor
trsm,float,sm_89,L,T,2,4,512,cta|blocked|vendor
trsm,float,sm_89,L,T,2,4,2048,cta|blocked|vendor
trsm,float,sm_89,L,T,2,4,8192,cta|blocked|vendor
trsm,float,sm_89,L,T,2,4,32768,cta|blocked|vendor
trsm,float,sm_89,L,T,2,8,128,cta|blocked|vendor
trsm,float,sm_89,L,T,2,8,512,cta|blocked|vendor
trsm,float,sm_89,L,T,2,8,2048,cta|blocked|vendor
trsm,float,sm_89,L,T,2,8,8192,cta|blocked|vendor
trsm,float,sm_89,L,T,2,8,32768,cta|blocked|vendor
trsm,float,sm_89,L,T,2,16,128,cta|blocked|vendor
trsm,float,sm_89,L,T,2,16,512,cta|blocked|vendor
trsm,float,sm_89,L,T,2,16,2048,cta|blocked|vendor
trsm,float,sm_89,L,T,2,16,8192,cta|blocked|vendor
trsm,float,sm_89,L,T,2,16,32768,cta|blocked|vendor
trsm,float,sm_89,L,T,2,32,128,cta|blocked|vendor
trsm,float,sm_89,L,T,2,32,512,cta|blocked|vendor
trsm,float,sm_89,L,T,2,32,2048,cta|blocked|vendor
trsm,float,sm_89,L,T,2,32,8192,cta|blocked|vendor
trsm,float,sm_89,L,T,2,32,32768,cta|blocked|vendor
trsm,float,sm_89,L,T,2,64,128,cta|blocked|vendor
trsm,float,sm_89,L,T,2,64,512,cta|blocked|vendor
trsm,float,sm_89,L,T,2,64,2048,cta|blocked|vendor
trsm,float,sm_89,L,T,2,64,8192,cta|blocked|vendor
trsm,float,sm_89,L,T,2,64,32768,cta|blocked|vendor
trsm,float,sm_89,L,T,2,128,128,cta|blocked|vendor
trsm,float,sm_89,L,T,2,128,512,cta|blocked|vendor
trsm,float,sm_89,L,T,2,128,2048,cta|blocked|vendor
trsm,float,sm_89,L,T,2,128,8192,cta|blocked|vendor
trsm,float,sm_89,L,T,2,128,32768,cta|blocked|vendor
trsm,float,sm_89,L,T,2,256,128,cta|blocked|vendor
trsm,float,sm_89,L,T,2,256,512,cta|blocked|vendor
trsm,float,sm_89,L,T,2,256,2048,cta|blocked|vendor
trsm,float,sm_89,L,T,2,256,8192,cta|blocked|vendor
trsm,float,sm_89,L,T,2,256,32768,cta|blocked|vendor
trsm,float,sm_89,L,T,2,512,128,cta|blocked|vendor
trsm,float,sm_89,L,T,2,512,512,cta|blocked|vendor
trsm,float,sm_89,L,T,2,512,2048,cta|blocked|vendor
trsm,float,sm_89,L,T,2,512,8192,cta|blocked|vendor
trsm,float,sm_89,L,T,2,512,32768,cta|blocked|vendor
trsm,float,sm_89,L,T,2,1024,128,cta|blocked|vendor
trsm,float,sm_89,L,T,2,1024,512,cta|blocked|vendor
trsm,float,sm_89,L,T,2,1024,2048,cta|blocked|vendor
trsm,float,sm_89,L,T,2,1024,8192,cta|blocked|vendor
trsm,float,sm_89,L,T,2,1024,32768,cta|blocked|vendor
trsm,float,sm_89,L,T,2,4096,128,cta|blocked|vendor
trsm,float,sm_89,L,T,2,4096,512,cta|blocked|vendor
trsm,float,sm_89,L,T,2,4096,2048,cta|blocked|vendor
trsm,float,sm_89,L,T,2,4096,8192,cta|blocked|vendor
trsm,float,sm_89,L,T,2,4096,32768,cta|blocked|vendor
trsm,float,sm_89,L,T,4,1,128,cta|blocked|vendor
trsm,float,sm_89,L,T,4,1,512,cta|blocked|vendor
trsm,float,sm_89,L,T,4,1,2048,cta|blocked|vendor
trsm,float,sm_89,L,T,4,1,8192,cta|blocked|vendor
trsm,float,sm_89,L,T,4,1,32768,cta|blocked|vendor
trsm,float,sm_89,L,T,4,2,128,cta|blocked|vendor
trsm,float,sm_89,L,T,4,2,512,cta|blocked|vendor
trsm,float,sm_89,L,T,4,2,2048,cta|blocked|vendor
trsm,float,sm_89,L,T,4,2,8192,cta|blocked|vendor
trsm,float,sm_89,L,T,4,2,32768,cta|blocked|vendor
trsm,float,sm_89,L,T,4,4,128,cta|blocked|vendor
trsm,float,sm_89,L,T,4,4,512,cta|blocked|vendor
trsm,float,sm_89,L,T,4,4,2048,cta|blocked|vendor
trsm,float,sm_89,L,T,4,4,8192,cta|blocked|vendor
trsm,float,sm_89,L,T,4,4,32768,cta|blocked|vendor
trsm,float,sm_89,L,T,4,8,128,cta|blocked|vendor
trsm,float,sm_89,L,T,4,8,512,cta|blocked|vendor
trsm,float,sm_89,L,T,4,8,2048,cta|blocked|vendor
trsm,float,sm_89,L,T,4,8,8192,cta|blocked|vendor
trsm,float,sm_89,L,T,4,8,32768,cta|blocked|vendor
trsm,float,sm_89,L,T,4,16,128,cta|blocked|vendor
trsm,float,sm_89,L,T,4,16,512,cta|blocked|vendor
trsm,float,sm_89,L,T,4,16,2048,cta|blocked|vendor
trsm,float,sm_89,L,T,4,16,8192,cta|blocked|vendor
trsm,float,sm_89,L,T,4,16,32768,cta|blocked|vendor
trsm,float,sm_89,L,T,4,32,128,cta|blocked|vendor
trsm,float,sm_89,L,T,4,32,512,cta|blocked|vendor
trsm,float,sm_89,L,T,4,32,2048,cta|blocked|vendor
trsm,float,sm_89,L,T,4,32,8192,cta|blocked|vendor
trsm,float,sm_89,L,T,4,32,32768,cta|blocked|vendor
trsm,float,sm_89,L,T,4,64,128,cta|blocked|vendor
trsm,float,sm_89,L,T,4,64,512,cta|blocked|vendor
trsm,float,sm_89,L,T,4,64,2048,cta|blocked|vendor
trsm,float,sm_89,L,T,4,64,8192,cta|blocked|vendor
trsm,float,sm_89,L,T,4,64,32768,cta|blocked|vendor
trsm,float,sm_89,L,T,4,128,128,cta|blocked|vendor
trsm,float,sm_89,L,T,4,128,512,cta|blocked|vendor
trsm,float,sm_89,L,T,4,128,2048,cta|blocked|vendor
trsm,float,sm_89,L,T,4,128,8192,cta|blocked|vendor
trsm,float,sm_89,L,T,4,128,32768,cta|blocked|vendor
trsm,float,sm_89,L,T,4,256,128,cta|blocked|vendor
trsm,float,sm_89,L,T,4,256,512,cta|blocked|vendor
trsm,float,sm_89,L,T,4,256,2048,cta|blocked|vendor
trsm,float,sm_89,L,T,4,256,8192,cta|blocked|vendor
trsm,float,sm_89,L,T,4,256,32768,cta|blocked|vendor
trsm,float,sm_89,L,T,4,512,128,cta|blocked|vendor
trsm,float,sm_89,L,T,4,512,512,cta|blocked|vendor
trsm,float,sm_89,L,T,4,512,2048,cta|blocked|vendor
trsm,float,sm_89,L,T,4,512,8192,cta|blocked|vendor
trsm,float,sm_89,L,T,4,512,32768,cta|blocked|vendor
trsm,float,sm_89,L,T,4,1024,128,cta|blocked|vendor
trsm,float,sm_89,L,T,4,1024,512,cta|blocked|vendor
trsm,float,sm_89,L,T,4,1024,2048,cta|blocked|vendor
trsm,float,sm_89,L,T,4,1024,8192,cta|blocked|vendor
trsm,float,sm_89,L,T,4,1024,32768,cta|blocked|vendor
trsm,float,sm_89,L,T,4,4096,128,cta|blocked|vendor
trsm,float,sm_89,L,T,4,4096,512,cta|blocked|vendor
trsm,float,sm_89,L,T,4,4096,2048,cta|blocked|vendor
trsm,float,sm_89,L,T,4,4096,8192,cta|blocked|vendor
trsm,float,sm_89,L,T,4,4096,32768,cta|blocked|vendor
trsm,float,sm_89,L,T,8,1,128,cta|blocked|vendor
trsm,float,sm_89,L,T,8,1,512,cta|blocked|vendor
trsm,float,sm_89,L,T,8,1,2048,cta|blocked|vendor
trsm,float,sm_89,L,T,8,1,8192,cta|blocked|vendor
trsm,float,sm_89,L,T,8,1,32768,cta|blocked|vendor
trsm,float,sm_89,L,T,8,2,128,cta|blocked|vendor
trsm,float,sm_89,L,T,8,2,512,cta|blocked|vendor
trsm,float,sm_89,L,T,8,2,2048,cta|blocked|vendor
trsm,float,sm_89,L,T,8,2,8192,cta|blocked|vendor
trsm,float,sm_89,L,T,8,2,32768,cta|blocked|vendor
trsm,float,sm_89,L,T,8,4,128,cta|blocked|vendor
trsm,float,sm_89,L,T,8,4,512,cta|blocked|vendor
trsm,float,sm_89,L,T,8,4,2048,cta|blocked|vendor
trsm,float,sm_89,L,T,8,4,8192,cta|blocked|vendor
trsm,float,sm_89,L,T,8,4,32768,cta|blocked|vendor
trsm,float,sm_89,L,T,8,8,128,cta|blocked|vendor
trsm,float,sm_89,L,T,8,8,512,cta|blocked|vendor
trsm,float,sm_89,L,T,8,8,2048,cta|blocked|vendor
trsm,float,sm_89,L,T,8,8,8192,cta|blocked|vendor
trsm,float,sm_89,L,T,8,8,32768,cta|blocked|vendor
trsm,float,sm_89,L,T,8,16,128,cta|blocked|vendor
trsm,float,sm_89,L,T,8,16,512,cta|blocked|vendor
trsm,float,sm_89,L,T,8,16,2048,cta|blocked|vendor
trsm,float,sm_89,L,T,8,16,8192,cta|blocked|vendor
trsm,float,sm_89,L,T,8,16,32768,cta|blocked|vendor
trsm,float,sm_89,L,T,8,32,128,cta|blocked|vendor
trsm,float,sm_89,L,T,8,32,512,cta|blocked|vendor
trsm,float,sm_89,L,T,8,32,2048,cta|blocked|vendor
trsm,float,sm_89,L,T,8,32,8192,cta|blocked|vendor
trsm,float,sm_89,L,T,8,32,32768,cta|blocked|vendor
trsm,float,sm_89,L,T,8,64,128,cta|blocked|vendor
trsm,float,sm_89,L,T,8,64,512,cta|blocked|vendor
trsm,float,sm_89,L,T,8,64,2048,cta|blocked|vendor
trsm,float,sm_89,L,T,8,64,8192,cta|blocked|vendor
trsm,float,sm_89,L,T,8,64,32768,cta|blocked|vendor
trsm,float,sm_89,L,T,8,128,128,cta|blocked|vendor
trsm,float,sm_89,L,T,8,128,512,cta|blocked|vendor
trsm,float,sm_89,L,T,8,128,2048,cta|blocked|vendor
trsm,float,sm_89,L,T,8,128,8192,cta|blocked|vendor
trsm,float,sm_89,L,T,8,128,32768,cta|blocked|vendor
trsm,float,sm_89,L,T,8,256,128,cta|blocked|vendor
trsm,float,sm_89,L,T,8,256,512,cta|blocked|vendor
trsm,float,sm_89,L,T,8,256,2048,cta|blocked|vendor
trsm,float,sm_89,L,T,8,256,8192,cta|blocked|vendor
trsm,float,sm_89,L,T,8,256,32768,cta|blocked|vendor
trsm,float,sm_89,L,T,8,512,128,cta|blocked|vendor
trsm,float,sm_89,L,T,8,512,512,cta|blocked|vendor
trsm,float,sm_89,L,T,8,512,2048,cta|blocked|vendor
trsm,float,sm_89,L,T,8,512,8192,cta|blocked|vendor
trsm,float,sm_89,L,T,8,512,32768,cta|blocked|vendor
trsm,float,sm_89,L,T,8,1024,128,cta|blocked|vendor
trsm,float,sm_89,L,T,8,1024,512,cta|blocked|vendor
trsm,float,sm_89,L,T,8,1024,2048,cta|blocked|vendor
trsm,float,sm_89,L,T,8,1024,8192,cta|blocked|vendor
trsm,float,sm_89,L,T,8,1024,32768,cta|blocked|vendor
trsm,float,sm_89,L,T,8,4096,128,cta|blocked|vendor
trsm,float,sm_89,L,T,8,4096,512,cta|blocked|vendor
trsm,float,sm_89,L,T,8,4096,2048,cta|blocked|vendor
trsm,float,sm_89,L,T,8,4096,8192,cta|blocked|vendor
trsm,float,sm_89,L,T,8,4096,32768,cta|blocked|vendor
trsm,float,sm_89,L,T,12,1,128,cta|blocked|vendor
trsm,float,sm_89,L,T,12,1,512,cta|blocked|vendor
trsm,float,sm_89,L,T,12,1,2048,cta|blocked|vendor
trsm,float,sm_89,L,T,12,1,8192,cta|blocked|vendor
trsm,float,sm_89,L,T,12,1,32768,cta|blocked|vendor
trsm,float,sm_89,L,T,12,2,128,cta|blocked|vendor
trsm,float,sm_89,L,T,12,2,512,cta|blocked|vendor
trsm,float,sm_89,L,T,12,2,2048,cta|blocked|vendor
trsm,float,sm_89,L,T,12,2,8192,cta|blocked|vendor
trsm,float,sm_89,L,T,12,2,32768,cta|blocked|vendor
trsm,float,sm_89,L,T,12,4,128,cta|blocked|vendor
trsm,float,sm_89,L,T,12,4,512,cta|blocked|vendor
trsm,float,sm_89,L,T,12,4,2048,cta|blocked|vendor
trsm,float,sm_89,L,T,12,4,8192,cta|blocked|vendor
trsm,float,sm_89,L,T,12,4,32768,cta|blocked|vendor
trsm,float,sm_89,L,T,12,8,128,cta|blocked|vendor
trsm,float,sm_89,L,T,12,8,512,cta|blocked|vendor
trsm,float,sm_89,L,T,12,8,2048,cta|blocked|vendor
trsm,float,sm_89,L,T,12,8,8192,cta|blocked|vendor
trsm,float,sm_89,L,T,12,8,32768,cta|blocked|vendor
trsm,float,sm_89,L,T,12,16,128,cta|blocked|vendor
trsm,float,sm_89,L,T,12,16,512,cta|blocked|vendor
trsm,float,sm_89,L,T,12,16,2048,cta|blocked|vendor
trsm,float,sm_89,L,T,12,16,8192,cta|blocked|vendor
trsm,float,sm_89,L,T,12,16,32768,cta|blocked|vendor
trsm,float,sm_89,L,T,12,32,128,cta|blocked|vendor
trsm,float,sm_89,L,T,12,32,512,cta|blocked|vendor
trsm,float,sm_89,L,T,12,32,2048,cta|blocked|vendor
trsm,float,sm_89,L,T,12,32,8192,cta|blocked|vendor
trsm,float,sm_89,L,T,12,32,32768,cta|blocked|vendor
trsm,float,sm_89,L,T,12,64,128,cta|blocked|vendor
trsm,float,sm_89,L,T,12,64,512,cta|blocked|vendor
trsm,float,sm_89,L,T,12,64,2048,cta|blocked|vendor
trsm,float,sm_89,L,T,12,64,8192,cta|blocked|vendor
trsm,float,sm_89,L,T,12,64,32768,cta|blocked|vendor
trsm,float,sm_89,L,T,12,128,128,cta|blocked|vendor
trsm,float,sm_89,L,T,12,128,512,cta|blocked|vendor
trsm,float,sm_89,L,T,12,128,2048,cta|blocked|vendor
trsm,float,sm_89,L,T,12,128,8192,cta|blocked|vendor
trsm,float,sm_89,L,T,12,128,32768,cta|blocked|vendor
trsm,float,sm_89,L,T,12,256,128,cta|blocked|vendor
trsm,float,sm_89,L,T,12,256,512,cta|blocked|vendor
trsm,float,sm_89,L,T,12,256,2048,cta|blocked|vendor
trsm,float,sm_89,L,T,12,256,8192,cta|blocked|vendor
trsm,float,sm_89,L,T,12,256,32768,cta|blocked|vendor
trsm,float,sm_89,L,T,12,512,128,cta|blocked|vendor
trsm,float,sm_89,L,T,12,512,512,cta|blocked|vendor
trsm,float,sm_89,L,T,12,512,2048,cta|blocked|vendor
trsm,float,sm_89,L,T,12,512,8192,cta|blocked|vendor
trsm,float,sm_89,L,T,12,512,32768,cta|blocked|vendor
trsm,float,sm_89,L,T,12,1024,128,cta|blocked|vendor
trsm,float,sm_89,L,T,12,1024,512,cta|blocked|vendor
trsm,float,sm_89,L,T,12,1024,2048,cta|blocked|vendor
trsm,float,sm_89,L,T,12,1024,8192,cta|blocked|vendor
trsm,float,sm_89,L,T,12,1024,32768,cta|blocked|vendor
trsm,float,sm_89,L,T,12,4096,128,cta|blocked|vendor
trsm,float,sm_89,L,T,12,4096,512,cta|blocked|vendor
trsm,float,sm_89,L,T,12,4096,2048,cta|blocked|vendor
trsm,float,sm_89,L,T,12,4096,8192,cta|blocked|vendor
trsm,float,sm_89,L,T,12,4096,32768,cta|blocked|vendor
trsm,float,sm_89,L,T,16,1,128,cta|blocked|vendor
trsm,float,sm_89,L,T,16,1,512,cta|blocked|vendor
trsm,float,sm_89,L,T,16,1,2048,cta|blocked|vendor
trsm,float,sm_89,L,T,16,1,8192,cta|blocked|vendor
trsm,float,sm_89,L,T,16,1,32768,cta|blocked|vendor
trsm,float,sm_89,L,T,16,2,128,cta|blocked|vendor
trsm,float,sm_89,L,T,16,2,512,cta|blocked|vendor
trsm,float,sm_89,L,T,16,2,2048,cta|blocked|vendor
trsm,float,sm_89,L,T,16,2,8192,cta|blocked|vendor
trsm,float,sm_89,L,T,16,2,32768,cta|blocked|vendor
trsm,float,sm_89,L,T,16,4,128,cta|blocked|vendor
trsm,float,sm_89,L,T,16,4,512,cta|blocked|vendor
trsm,float,sm_89,L,T,16,4,2048,cta|blocked|vendor
trsm,float,sm_89,L,T,16,4,8192,cta|blocked|vendor
trsm,float,sm_89,L,T,16,4,32768,cta|blocked|vendor
trsm,float,sm_89,L,T,16,8,128,cta|blocked|vendor
trsm,float,sm_89,L,T,16,8,512,cta|blocked|vendor
trsm,float,sm_89,L,T,16,8,2048,cta|blocked|vendor
trsm,float,sm_89,L,T,16,8,8192,cta|blocked|vendor
trsm,float,sm_89,L,T,16,8,32768,cta|blocked|vendor
trsm,float,sm_89,L,T,16,16,128,cta|blocked|vendor
trsm,float,sm_89,L,T,16,16,512,cta|blocked|vendor
trsm,float,sm_89,L,T,16,16,2048,cta|blocked|vendor
trsm,float,sm_89,L,T,16,16,8192,cta|blocked|vendor
trsm,float,sm_89,L,T,16,16,32768,cta|blocked|vendor
trsm,float,sm_89,L,T,16,32,128,cta|blocked|vendor
trsm,float,sm_89,L,T,16,32,512,cta|blocked|vendor
trsm,float,sm_89,L,T,16,32,2048,cta|blocked|vendor
trsm,float,sm_89,L,T,16,32,8192,cta|blocked|vendor
trsm,float,sm_89,L,T,16,32,32768,cta|blocked|vendor
trsm,float,sm_89,L,T,16,64,128,cta|blocked|vendor
trsm,float,sm_89,L,T,16,64,512,cta|blocked|vendor
trsm,float,sm_89,L,T,16,64,2048,cta|blocked|vendor
trsm,float,sm_89,L,T,16,64,8192,cta|blocked|vendor
trsm,float,sm_89,L,T,16,64,32768,cta|blocked|vendor
trsm,float,sm_89,L,T,16,128,128,cta|blocked|vendor
trsm,float,sm_89,L,T,16,128,512,cta|blocked|vendor
trsm,float,sm_89,L,T,16,128,2048,cta|blocked|vendor
trsm,float,sm_89,L,T,16,128,8192,cta|blocked|vendor
trsm,float,sm_89,L,T,16,128,32768,cta|blocked|vendor
trsm,float,sm_89,L,T,16,256,128,cta|blocked|vendor
trsm,float,sm_89,L,T,16,256,512,cta|blocked|vendor
trsm,float,sm_89,L,T,16,256,2048,cta|blocked|vendor
trsm,float,sm_89,L,T,16,256,8192,cta|blocked|vendor
trsm,float,sm_89,L,T,16,256,32768,cta|blocked|vendor
trsm,float,sm_89,L,T,16,512,128,cta|blocked|vendor
trsm,float,sm_89,L,T,16,512,512,cta|blocked|vendor
trsm,float,sm_89,L,T,16,512,2048,cta|blocked|vendor
trsm,float,sm_89,L,T,16,512,8192,cta|blocked|vendor
trsm,float,sm_89,L,T,16,512,32768,cta|blocked|vendor
trsm,float,sm_89,L,T,16,1024,128,cta|blocked|vendor
trsm,float,sm_89,L,T,16,1024,512,cta|blocked|vendor
trsm,float,sm_89,L,T,16,1024,2048,cta|blocked|vendor
trsm,float,sm_89,L,T,16,1024,8192,cta|blocked|vendor
trsm,float,sm_89,L,T,16,1024,32768,cta|blocked|vendor
trsm,float,sm_89,L,T,16,4096,128,cta|blocked|vendor
trsm,float,sm_89,L,T,16,4096,512,cta|blocked|vendor
trsm,float,sm_89,L,T,16,4096,2048,cta|blocked|vendor
trsm,float,sm_89,L,T,16,4096,8192,cta|blocked|vendor
trsm,float,sm_89,L,T,16,4096,32768,cta|blocked|vendor
trsm,float,sm_89,L,T,24,1,128,cta|blocked|vendor
trsm,float,sm_89,L,T,24,1,512,cta|blocked|vendor
trsm,float,sm_89,L,T,24,1,2048,cta|blocked|vendor
trsm,float,sm_89,L,T,24,1,8192,cta|blocked|vendor
trsm,float,sm_89,L,T,24,1,32768,cta|blocked|vendor
trsm,float,sm_89,L,T,24,2,128,cta|blocked|vendor
trsm,float,sm_89,L,T,24,2,512,cta|blocked|vendor
trsm,float,sm_89,L,T,24,2,2048,cta|blocked|vendor
trsm,float,sm_89,L,T,24,2,8192,cta|blocked|vendor
trsm,float,sm_89,L,T,24,2,32768,cta|blocked|vendor
trsm,float,sm_89,L,T,24,4,128,cta|blocked|vendor
trsm,float,sm_89,L,T,24,4,512,cta|blocked|vendor
trsm,float,sm_89,L,T,24,4,2048,cta|blocked|vendor
trsm,float,sm_89,L,T,24,4,8192,cta|blocked|vendor
trsm,float,sm_89,L,T,24,4,32768,cta|blocked|vendor
trsm,float,sm_89,L,T,24,8,128,cta|blocked|vendor
trsm,float,sm_89,L,T,24,8,512,cta|blocked|vendor
trsm,float,sm_89,L,T,24,8,2048,cta|blocked|vendor
trsm,float,sm_89,L,T,24,8,8192,cta|blocked|vendor
trsm,float,sm_89,L,T,24,8,32768,cta|blocked|vendor
trsm,float,sm_89,L,T,24,16,128,cta|blocked|vendor
trsm,float,sm_89,L,T,24,16,512,cta|blocked|vendor
trsm,float,sm_89,L,T,24,16,2048,cta|blocked|vendor
trsm,float,sm_89,L,T,24,16,8192,cta|blocked|vendor
trsm,float,sm_89,L,T,24,16,32768,cta|blocked|vendor
trsm,float,sm_89,L,T,24,32,128,cta|blocked|vendor
trsm,float,sm_89,L,T,24,32,512,cta|blocked|vendor
trsm,float,sm_89,L,T,24,32,2048,cta|blocked|vendor
trsm,float,sm_89,L,T,24,32,8192,cta|blocked|vendor
trsm,float,sm_89,L,T,24,32,32768,cta|blocked|vendor
trsm,float,sm_89,L,T,24,64,128,cta|blocked|vendor
trsm,float,sm_89,L,T,24,64,512,cta|blocked|vendor
trsm,float,sm_89,L,T,24,64,2048,cta|blocked|vendor
trsm,float,sm_89,L,T,24,64,8192,cta|blocked|vendor
trsm,float,sm_89,L,T,24,64,32768,cta|blocked|vendor
trsm,float,sm_89,L,T,24,128,128,cta|blocked|vendor
trsm,float,sm_89,L,T,24,128,512,cta|blocked|vendor
trsm,float,sm_89,L,T,24,128,2048,cta|blocked|vendor
trsm,float,sm_89,L,T,24,128,8192,cta|blocked|vendor
trsm,float,sm_89,L,T,24,128,32768,cta|blocked|vendor
trsm,float,sm_89,L,T,24,256,128,cta|blocked|vendor
trsm,float,sm_89,L,T,24,256,512,cta|blocked|vendor
trsm,float,sm_89,L,T,24,256,2048,cta|blocked|vendor
trsm,float,sm_89,L,T,24,256,8192,cta|blocked|vendor
trsm,float,sm_89,L,T,24,256,32768,cta|blocked|vendor
trsm,float,sm_89,L,T,24,512,128,cta|blocked|vendor
trsm,float,sm_89,L,T,24,512,512,cta|blocked|vendor
trsm,float,sm_89,L,T,24,512,2048,cta|blocked|vendor
trsm,float,sm_89,L,T,24,512,8192,cta|blocked|vendor
trsm,float,sm_89,L,T,24,512,32768,cta|blocked|vendor
trsm,float,sm_89,L,T,24,1024,128,cta|blocked|vendor
trsm,float,sm_89,L,T,24,1024,512,cta|blocked|vendor
trsm,float,sm_89,L,T,24,1024,2048,cta|blocked|vendor
trsm,float,sm_89,L,T,24,1024,8192,cta|blocked|vendor
trsm,float,sm_89,L,T,24,1024,32768,cta|blocked|vendor
trsm,float,sm_89,L,T,24,4096,128,cta|blocked|vendor
trsm,float,sm_89,L,T,24,4096,512,cta|blocked|vendor
trsm,float,sm_89,L,T,24,4096,2048,cta|blocked|vendor
trsm,float,sm_89,L,T,24,4096,8192,cta|blocked|vendor
trsm,float,sm_89,L,T,24,4096,32768,cta|blocked|vendor
trsm,float,sm_89,L,T,32,1,128,cta|blocked|vendor
trsm,float,sm_89,L,T,32,1,512,cta|blocked|vendor
trsm,float,sm_89,L,T,32,1,2048,cta|blocked|vendor
trsm,float,sm_89,L,T,32,1,8192,cta|blocked|vendor
trsm,float,sm_89,L,T,32,1,32768,cta|blocked|vendor
trsm,float,sm_89,L,T,32,2,128,cta|blocked|vendor
trsm,float,sm_89,L,T,32,2,512,cta|blocked|vendor
trsm,float,sm_89,L,T,32,2,2048,cta|blocked|vendor
trsm,float,sm_89,L,T,32,2,8192,cta|blocked|vendor
trsm,float,sm_89,L,T,32,2,32768,cta|blocked|vendor
trsm,float,sm_89,L,T,32,4,128,cta|blocked|vendor
trsm,float,sm_89,L,T,32,4,512,cta|blocked|vendor
trsm,float,sm_89,L,T,32,4,2048,cta|blocked|vendor
trsm,float,sm_89,L,T,32,4,8192,cta|blocked|vendor
trsm,float,sm_89,L,T,32,4,32768,cta|blocked|vendor
trsm,float,sm_89,L,T,32,8,128,cta|blocked|vendor
trsm,float,sm_89,L,T,32,8,512,cta|blocked|vendor
trsm,float,sm_89,L,T,32,8,2048,cta|blocked|vendor
trsm,float,sm_89,L,T,32,8,8192,cta|blocked|vendor
trsm,float,sm_89,L,T,32,8,32768,cta|blocked|vendor
trsm,float,sm_89,L,T,32,16,128,cta|blocked|vendor
trsm,float,sm_89,L,T,32,16,512,cta|blocked|vendor
trsm,float,sm_89,L,T,32,16,2048,cta|blocked|vendor
trsm,float,sm_89,L,T,32,16,8192,cta|blocked|vendor
trsm,float,sm_89,L,T,32,16,32768,cta|blocked|vendor
trsm,float,sm_89,L,T,32,32,128,cta|blocked|vendor
trsm,float,sm_89,L,T,32,32,512,cta|blocked|vendor
trsm,float,sm_89,L,T,32,32,2048,cta|blocked|vendor
trsm,float,sm_89,L,T,32,32,8192,cta|blocked|vendor
trsm,float,sm_89,L,T,32,32,32768,cta|blocked|vendor
trsm,float,sm_89,L,T,32,64,128,cta|blocked|vendor
trsm,float,sm_89,L,T,32,64,512,cta|blocked|vendor
trsm,float,sm_89,L,T,32,64,2048,cta|blocked|vendor
trsm,float,sm_89,L,T,32,64,8192,cta|blocked|vendor
trsm,float,sm_89,L,T,32,64,32768,cta|blocked|vendor
trsm,float,sm_89,L,T,32,128,128,cta|blocked|vendor
trsm,float,sm_89,L,T,32,128,512,cta|blocked|vendor
trsm,float,sm_89,L,T,32,128,2048,cta|blocked|vendor
trsm,float,sm_89,L,T,32,128,8192,cta|blocked|vendor
trsm,float,sm_89,L,T,32,128,32768,cta|blocked|vendor
trsm,float,sm_89,L,T,32,256,128,cta|blocked|vendor
trsm,float,sm_89,L,T,32,256,512,cta|blocked|vendor
trsm,float,sm_89,L,T,32,256,2048,cta|blocked|vendor
trsm,float,sm_89,L,T,32,256,8192,cta|blocked|vendor
trsm,float,sm_89,L,T,32,256,32768,cta|blocked|vendor
trsm,float,sm_89,L,T,32,512,128,cta|blocked|vendor
trsm,float,sm_89,L,T,32,512,512,cta|blocked|vendor
trsm,float,sm_89,L,T,32,512,2048,cta|blocked|vendor
trsm,float,sm_89,L,T,32,512,8192,cta|blocked|vendor
trsm,float,sm_89,L,T,32,512,32768,cta|blocked|vendor
trsm,float,sm_89,L,T,32,1024,128,cta|blocked|vendor
trsm,float,sm_89,L,T,32,1024,512,cta|blocked|vendor
trsm,float,sm_89,L,T,32,1024,2048,cta|blocked|vendor
trsm,float,sm_89,L,T,32,1024,8192,cta|blocked|vendor
trsm,float,sm_89,L,T,32,1024,32768,cta|blocked|vendor
trsm,float,sm_89,L,T,32,4096,128,cta|blocked|vendor
trsm,float,sm_89,L,T,32,4096,512,cta|blocked|vendor
trsm,float,sm_89,L,T,32,4096,2048,cta|blocked|vendor
trsm,float,sm_89,L,T,32,4096,8192,cta|blocked|vendor
trsm,float,sm_89,L,T,32,4096,32768,cta|blocked|vendor
trsm,float,sm_89,L,T,48,1,128,blocked|vendor
trsm,float,sm_89,L,T,48,1,512,blocked|vendor
trsm,float,sm_89,L,T,48,1,2048,blocked|vendor
trsm,float,sm_89,L,T,48,1,8192,blocked|vendor
trsm,float,sm_89,L,T,48,1,32768,blocked|vendor
trsm,float,sm_89,L,T,48,2,128,blocked|vendor
trsm,float,sm_89,L,T,48,2,512,blocked|vendor
trsm,float,sm_89,L,T,48,2,2048,blocked|vendor
trsm,float,sm_89,L,T,48,2,8192,blocked|vendor
trsm,float,sm_89,L,T,48,2,32768,blocked|vendor
trsm,float,sm_89,L,T,48,4,128,blocked|vendor
trsm,float,sm_89,L,T,48,4,512,blocked|vendor
trsm,float,sm_89,L,T,48,4,2048,blocked|vendor
trsm,float,sm_89,L,T,48,4,8192,blocked|vendor
trsm,float,sm_89,L,T,48,4,32768,blocked|vendor
trsm,float,sm_89,L,T,48,8,128,blocked|vendor
trsm,float,sm_89,L,T,48,8,512,blocked|vendor
trsm,float,sm_89,L,T,48,8,2048,blocked|vendor
trsm,float,sm_89,L,T,48,8,8192,blocked|vendor
trsm,float,sm_89,L,T,48,8,32768,blocked|vendor
trsm,float,sm_89,L,T,48,16,128,blocked|vendor
trsm,float,sm_89,L,T,48,16,512,blocked|vendor
trsm,float,sm_89,L,T,48,16,2048,blocked|vendor
trsm,float,sm_89,L,T,48,16,8192,blocked|vendor
trsm,float,sm_89,L,T,48,16,32768,blocked|vendor
trsm,float,sm_89,L,T,48,32,128,blocked|vendor
trsm,float,sm_89,L,T,48,32,512,blocked|vendor
trsm,float,sm_89,L,T,48,32,2048,blocked|vendor
trsm,float,sm_89,L,T,48,32,8192,blocked|vendor
trsm,float,sm_89,L,T,48,32,32768,blocked|vendor
trsm,float,sm_89,L,T,48,64,128,blocked|vendor
trsm,float,sm_89,L,T,48,64,512,blocked|vendor
trsm,float,sm_89,L,T,48,64,2048,blocked|vendor
trsm,float,sm_89,L,T,48,64,8192,blocked|vendor
trsm,float,sm_89,L,T,48,64,32768,blocked|vendor
trsm,float,sm_89,L,T,48,128,128,blocked|vendor
trsm,float,sm_89,L,T,48,128,512,blocked|vendor
trsm,float,sm_89,L,T,48,128,2048,blocked|vendor
trsm,float,sm_89,L,T,48,128,8192,blocked|vendor
trsm,float,sm_89,L,T,48,128,32768,blocked|vendor
trsm,float,sm_89,L,T,48,256,128,blocked|vendor
trsm,float,sm_89,L,T,48,256,512,blocked|vendor
trsm,float,sm_89,L,T,48,256,2048,blocked|vendor
trsm,float,sm_89,L,T,48,256,8192,blocked|vendor
trsm,float,sm_89,L,T,48,256,32768,blocked|vendor
trsm,float,sm_89,L,T,48,512,128,blocked|vendor
trsm,float,sm_89,L,T,48,512,512,blocked|vendor
trsm,float,sm_89,L,T,48,512,2048,blocked|vendor
trsm,float,sm_89,L,T,48,512,8192,blocked|vendor
trsm,float,sm_89,L,T,48,512,32768,blocked|vendor
trsm,float,sm_89,L,T,48,1024,128,blocked|vendor
trsm,float,sm_89,L,T,48,1024,512,blocked|vendor
trsm,float,sm_89,L,T,48,1024,2048,blocked|vendor
trsm,float,sm_89,L,T,48,1024,8192,blocked|vendor
trsm,float,sm_89,L,T,48,1024,32768,blocked|vendor
trsm,float,sm_89,L,T,48,4096,128,blocked|vendor
trsm,float,sm_89,L,T,48,4096,512,blocked|vendor
trsm,float,sm_89,L,T,48,4096,2048,blocked|vendor
trsm,float,sm_89,L,T,48,4096,8192,blocked|vendor
trsm,float,sm_89,L,T,48,4096,32768,blocked|vendor
trsm,float,sm_89,L,T,64,1,128,blocked|vendor
trsm,float,sm_89,L,T,64,1,512,blocked|vendor
trsm,float,sm_89,L,T,64,1,2048,blocked|vendor
trsm,float,sm_89,L,T,64,1,8192,blocked|vendor
trsm,float,sm_89,L,T,64,1,32768,blocked|vendor
trsm,float,sm_89,L,T,64,2,128,blocked|vendor
trsm,float,sm_89,L,T,64,2,512,blocked|vendor
trsm,float,sm_89,L,T,64,2,2048,blocked|vendor
trsm,float,sm_89,L,T,64,2,8192,blocked|vendor
trsm,float,sm_89,L,T,64,2,32768,blocked|vendor
trsm,float,sm_89,L,T,64,4,128,blocked|vendor
trsm,float,sm_89,L,T,64,4,512,blocked|vendor
trsm,float,sm_89,L,T,64,4,2048,blocked|vendor
trsm,float,sm_89,L,T,64,4,8192,blocked|vendor
trsm,float,sm_89,L,T,64,4,32768,blocked|vendor
trsm,float,sm_89,L,T,64,8,128,blocked|vendor
trsm,float,sm_89,L,T,64,8,512,blocked|vendor
trsm,float,sm_89,L,T,64,8,2048,blocked|vendor
trsm,float,sm_89,L,T,64,8,8192,blocked|vendor
trsm,float,sm_89,L,T,64,8,32768,blocked|vendor
trsm,float,sm_89,L,T,64,16,128,blocked|vendor
trsm,float,sm_89,L,T,64,16,512,blocked|vendor
trsm,float,sm_89,L,T,64,16,2048,blocked|vendor
trsm,float,sm_89,L,T,64,16,8192,blocked|vendor
trsm,float,sm_89,L,T,64,16,32768,blocked|vendor
trsm,float,sm_89,L,T,64,32,128,blocked|vendor
trsm,float,sm_89,L,T,64,32,512,blocked|vendor
trsm,float,sm_89,L,T,64,32,2048,blocked|vendor
trsm,float,sm_89,L,T,64,32,8192,blocked|vendor
trsm,float,sm_89,L,T,64,32,32768,blocked|vendor
trsm,float,sm_89,L,T,64,64,128,blocked|vendor
trsm,float,sm_89,L,T,64,64,512,blocked|vendor
trsm,float,sm_89,L,T,64,64,2048,blocked|vendor
trsm,float,sm_89,L,T,64,64,8192,blocked|vendor
trsm,float,sm_89,L,T,64,64,32768,blocked|vendor
trsm,float,sm_89,L,T,64,128,128,blocked|vendor
trsm,float,sm_89,L,T,64,128,512,blocked|vendor
trsm,float,sm_89,L,T,64,128,2048,blocked|vendor
trsm,float,sm_89,L,T,64,128,8192,blocked|vendor
trsm,float,sm_89,L,T,64,128,32768,blocked|vendor
trsm,float,sm_89,L,T,64,256,128,blocked|vendor
trsm,float,sm_89,L,T,64,256,512,blocked|vendor
trsm,float,sm_89,L,T,64,256,2048,blocked|vendor
trsm,float,sm_89,L,T,64,256,8192,blocked|vendor
trsm,float,sm_89,L,T,64,256,32768,blocked|vendor
trsm,float,sm_89,L,T,64,512,128,blocked|vendor
trsm,float,sm_89,L,T,64,512,512,blocked|vendor
trsm,float,sm_89,L,T,64,512,2048,blocked|vendor
trsm,float,sm_89,L,T,64,512,8192,blocked|vendor
trsm,float,sm_89,L,T,64,512,32768,blocked|vendor
trsm,float,sm_89,L,T,64,1024,128,blocked|vendor
trsm,float,sm_89,L,T,64,1024,512,blocked|vendor
trsm,float,sm_89,L,T,64,1024,2048,blocked|vendor
trsm,float,sm_89,L,T,64,1024,8192,blocked|vendor
trsm,float,sm_89,L,T,64,1024,32768,blocked|vendor
trsm,float,sm_89,L,T,64,4096,128,blocked|vendor
trsm,float,sm_89,L,T,64,4096,512,blocked|vendor
trsm,float,sm_89,L,T,64,4096,2048,blocked|vendor
trsm,float,sm_89,L,T,64,4096,8192,blocked|vendor
trsm,float,sm_89,L,T,64,4096,32768,blocked|vendor
trsm,float,sm_89,L,T,96,1,128,blocked|vendor
trsm,float,sm_89,L,T,96,1,512,blocked|vendor
trsm,float,sm_89,L,T,96,1,2048,blocked|vendor
trsm,float,sm_89,L,T,96,1,8192,blocked|vendor
trsm,float,sm_89,L,T,96,1,32768,blocked|vendor
trsm,float,sm_89,L,T,96,2,128,blocked|vendor
trsm,float,sm_89,L,T,96,2,512,blocked|vendor
trsm,float,sm_89,L,T,96,2,2048,blocked|vendor
trsm,float,sm_89,L,T,96,2,8192,blocked|vendor
trsm,float,sm_89,L,T,96,2,32768,blocked|vendor
trsm,float,sm_89,L,T,96,4,128,blocked|vendor
trsm,float,sm_89,L,T,96,4,512,blocked|vendor
trsm,float,sm_89,L,T,96,4,2048,blocked|vendor
trsm,float,sm_89,L,T,96,4,8192,blocked|vendor
trsm,float,sm_89,L,T,96,4,32768,blocked|vendor
trsm,float,sm_89,L,T,96,8,128,blocked|vendor
trsm,float,sm_89,L,T,96,8,512,blocked|vendor
trsm,float,sm_89,L,T,96,8,2048,blocked|vendor
trsm,float,sm_89,L,T,96,8,8192,blocked|vendor
trsm,float,sm_89,L,T,96,8,32768,blocked|vendor
trsm,float,sm_89,L,T,96,16,128,blocked|vendor
trsm,float,sm_89,L,T,96,16,512,blocked|vendor
trsm,float,sm_89,L,T,96,16,2048,blocked|vendor
trsm,float,sm_89,L,T,96,16,8192,blocked|vendor
trsm,float,sm_89,L,T,96,16,32768,blocked|vendor
trsm,float,sm_89,L,T,96,32,128,blocked|vendor
trsm,float,sm_89,L,T,96,32,512,blocked|vendor
trsm,float,sm_89,L,T,96,32,2048,blocked|vendor
trsm,float,sm_89,L,T,96,32,8192,blocked|vendor
trsm,float,sm_89,L,T,96,32,32768,blocked|vendor
trsm,float,sm_89,L,T,96,64,128,blocked|vendor
trsm,float,sm_89,L,T,96,64,512,blocked|vendor
trsm,float,sm_89,L,T,96,64,2048,blocked|vendor
trsm,float,sm_89,L,T,96,64,8192,blocked|vendor
trsm,float,sm_89,L,T,96,64,32768,blocked|vendor
trsm,float,sm_89,L,T,96,128,128,blocked|vendor
trsm,float,sm_89,L,T,96,128,512,blocked|vendor
trsm,float,sm_89,L,T,96,128,2048,blocked|vendor
trsm,float,sm_89,L,T,96,128,8192,blocked|vendor
trsm,float,sm_89,L,T,96,128,32768,blocked|vendor
trsm,float,sm_89,L,T,96,256,128,blocked|vendor
trsm,float,sm_89,L,T,96,256,512,blocked|vendor
trsm,float,sm_89,L,T,96,256,2048,blocked|vendor
trsm,float,sm_89,L,T,96,256,8192,blocked|vendor
trsm,float,sm_89,L,T,96,256,32768,blocked|vendor
trsm,float,sm_89,L,T,96,512,128,blocked|vendor
trsm,float,sm_89,L,T,96,512,512,blocked|vendor
trsm,float,sm_89,L,T,96,512,2048,blocked|vendor
trsm,float,sm_89,L,T,96,512,8192,blocked|vendor
trsm,float,sm_89,L,T,96,512,32768,blocked|vendor
trsm,float,sm_89,L,T,96,1024,128,blocked|vendor
trsm,float,sm_89,L,T,96,1024,512,blocked|vendor
trsm,float,sm_89,L,T,96,1024,2048,blocked|vendor
trsm,float,sm_89,L,T,96,1024,8192,blocked|vendor
trsm,float,sm_89,L,T,96,1024,32768,blocked|vendor
trsm,float,sm_89,L,T,96,4096,128,blocked|vendor
trsm,float,sm_89,L,T,96,4096,512,blocked|vendor
trsm,float,sm_89,L,T,96,4096,2048,blocked|vendor
trsm,float,sm_89,L,T,96,4096,8192,blocked|vendor
trsm,float,sm_89,L,T,96,4096,32768,blocked|vendor
trsm,float,sm_89,L,T,128,1,128,blocked|vendor
trsm,float,sm_89,L,T,128,1,512,blocked|vendor
trsm,float,sm_89,L,T,128,1,2048,blocked|vendor
trsm,float,sm_89,L,T,128,1,8192,blocked|vendor
trsm,float,sm_89,L,T,128,1,32768,blocked|vendor
trsm,float,sm_89,L,T,128,2,128,blocked|vendor
trsm,float,sm_89,L,T,128,2,512,blocked|vendor
trsm,float,sm_89,L,T,128,2,2048,blocked|vendor
trsm,float,sm_89,L,T,128,2,8192,blocked|vendor
trsm,float,sm_89,L,T,128,2,32768,blocked|vendor
trsm,float,sm_89,L,T,128,4,128,blocked|vendor
trsm,float,sm_89,L,T,128,4,512,blocked|vendor
trsm,float,sm_89,L,T,128,4,2048,blocked|vendor
trsm,float,sm_89,L,T,128,4,8192,blocked|vendor
trsm,float,sm_89,L,T,128,4,32768,blocked|vendor
trsm,float,sm_89,L,T,128,8,128,blocked|vendor
trsm,float,sm_89,L,T,128,8,512,blocked|vendor
trsm,float,sm_89,L,T,128,8,2048,blocked|vendor
trsm,float,sm_89,L,T,128,8,8192,blocked|vendor
trsm,float,sm_89,L,T,128,8,32768,blocked|vendor
trsm,float,sm_89,L,T,128,16,128,blocked|vendor
trsm,float,sm_89,L,T,128,16,512,blocked|vendor
trsm,float,sm_89,L,T,128,16,2048,blocked|vendor
trsm,float,sm_89,L,T,128,16,8192,blocked|vendor
trsm,float,sm_89,L,T,128,16,32768,blocked|vendor
trsm,float,sm_89,L,T,128,32,128,blocked|vendor
trsm,float,sm_89,L,T,128,32,512,blocked|vendor
trsm,float,sm_89,L,T,128,32,2048,blocked|vendor
trsm,float,sm_89,L,T,128,32,8192,blocked|vendor
trsm,float,sm_89,L,T,128,32,32768,blocked|vendor
trsm,float,sm_89,L,T,128,64,128,blocked|vendor
trsm,float,sm_89,L,T,128,64,512,blocked|vendor
trsm,float,sm_89,L,T,128,64,2048,blocked|vendor
trsm,float,sm_89,L,T,128,64,8192,blocked|vendor
trsm,float,sm_89,L,T,128,64,32768,blocked|vendor
trsm,float,sm_89,L,T,128,128,128,blocked|vendor
trsm,float,sm_89,L,T,128,128,512,blocked|vendor
trsm,float,sm_89,L,T,128,128,2048,blocked|vendor
trsm,float,sm_89,L,T,128,128,8192,blocked|vendor
trsm,float,sm_89,L,T,128,128,32768,blocked|vendor
trsm,float,sm_89,L,T,128,256,128,blocked|vendor
trsm,float,sm_89,L,T,128,256,512,blocked|vendor
trsm,float,sm_89,L,T,128,256,2048,blocked|vendor
trsm,float,sm_89,L,T,128,256,8192,blocked|vendor
trsm,float,sm_89,L,T,128,256,32768,blocked|vendor
trsm,float,sm_89,L,T,128,512,128,blocked|vendor
trsm,float,sm_89,L,T,128,512,512,blocked|vendor
trsm,float,sm_89,L,T,128,512,2048,blocked|vendor
trsm,float,sm_89,L,T,128,512,8192,blocked|vendor
trsm,float,sm_89,L,T,128,512,32768,blocked|vendor
trsm,float,sm_89,L,T,128,1024,128,blocked|vendor
trsm,float,sm_89,L,T,128,1024,512,blocked|vendor
trsm,float,sm_89,L,T,128,1024,2048,blocked|vendor
trsm,float,sm_89,L,T,128,1024,8192,blocked|vendor
trsm,float,sm_89,L,T,128,1024,32768,blocked|vendor
trsm,float,sm_89,L,T,128,4096,128,blocked|vendor
trsm,float,sm_89,L,T,128,4096,512,blocked|vendor
trsm,float,sm_89,L,T,128,4096,2048,blocked|vendor
trsm,float,sm_89,L,T,128,4096,8192,blocked|vendor
trsm,float,sm_89,L,T,128,4096,32768,blocked|vendor
trsm,float,sm_89,L,T,192,1,128,blocked|vendor
trsm,float,sm_89,L,T,192,1,512,blocked|vendor
trsm,float,sm_89,L,T,192,1,2048,blocked|vendor
trsm,float,sm_89,L,T,192,1,8192,blocked|vendor
trsm,float,sm_89,L,T,192,1,32768,blocked|vendor
trsm,float,sm_89,L,T,192,2,128,blocked|vendor
trsm,float,sm_89,L,T,192,2,512,blocked|vendor
trsm,float,sm_89,L,T,192,2,2048,blocked|vendor
trsm,float,sm_89,L,T,192,2,8192,blocked|vendor
trsm,float,sm_89,L,T,192,2,32768,blocked|vendor
trsm,float,sm_89,L,T,192,4,128,blocked|vendor
trsm,float,sm_89,L,T,192,4,512,blocked|vendor
trsm,float,sm_89,L,T,192,4,2048,blocked|vendor
trsm,float,sm_89,L,T,192,4,8192,blocked|vendor
trsm,float,sm_89,L,T,192,4,32768,blocked|vendor
trsm,float,sm_89,L,T,192,8,128,blocked|vendor
trsm,float,sm_89,L,T,192,8,512,blocked|vendor
trsm,float,sm_89,L,T,192,8,2048,blocked|vendor
trsm,float,sm_89,L,T,192,8,8192,blocked|vendor
trsm,float,sm_89,L,T,192,8,32768,blocked|vendor
trsm,float,sm_89,L,T,192,16,128,blocked|vendor
trsm,float,sm_89,L,T,192,16,512,blocked|vendor
trsm,float,sm_89,L,T,192,16,2048,blocked|vendor
trsm,float,sm_89,L,T,192,16,8192,blocked|vendor
trsm,float,sm_89,L,T,192,16,32768,blocked|vendor
trsm,float,sm_89,L,T,192,32,128,blocked|vendor
trsm,float,sm_89,L,T,192,32,512,blocked|vendor
trsm,float,sm_89,L,T,192,32,2048,blocked|vendor
trsm,float,sm_89,L,T,192,32,8192,blocked|vendor
trsm,float,sm_89,L,T,192,32,32768,blocked|vendor
trsm,float,sm_89,L,T,192,64,128,blocked|vendor
trsm,float,sm_89,L,T,192,64,512,blocked|vendor
trsm,float,sm_89,L,T,192,64,2048,blocked|vendor
trsm,float,sm_89,L,T,192,64,8192,blocked|vendor
trsm,float,sm_89,L,T,192,64,32768,blocked|vendor
trsm,float,sm_89,L,T,192,128,128,blocked|vendor
trsm,float,sm_89,L,T,192,128,512,blocked|vendor
trsm,float,sm_89,L,T,192,128,2048,blocked|vendor
trsm,float,sm_89,L,T,192,128,8192,blocked|vendor
trsm,float,sm_89,L,T,192,128,32768,blocked|vendor
trsm,float,sm_89,L,T,192,256,128,blocked|vendor
trsm,float,sm_89,L,T,192,256,512,blocked|vendor
trsm,float,sm_89,L,T,192,256,2048,blocked|vendor
trsm,float,sm_89,L,T,192,256,8192,blocked|vendor
trsm,float,sm_89,L,T,192,256,32768,blocked|vendor
trsm,float,sm_89,L,T,192,512,128,blocked|vendor
trsm,float,sm_89,L,T,192,512,512,blocked|vendor
trsm,float,sm_89,L,T,192,512,2048,blocked|vendor
trsm,float,sm_89,L,T,192,512,8192,blocked|vendor
trsm,float,sm_89,L,T,192,512,32768,blocked|vendor
trsm,float,sm_89,L,T,192,1024,128,blocked|vendor
trsm,float,sm_89,L,T,192,1024,512,blocked|vendor
trsm,float,sm_89,L,T,192,1024,2048,blocked|vendor
trsm,float,sm_89,L,T,192,1024,8192,blocked|vendor
trsm,float,sm_89,L,T,192,1024,32768,blocked|vendor
trsm,float,sm_89,L,T,192,4096,128,blocked|vendor
trsm,float,sm_89,L,T,192,4096,512,blocked|vendor
trsm,float,sm_89,L,T,192,4096,2048,blocked|vendor
trsm,float,sm_89,L,T,192,4096,8192,blocked|vendor
trsm,float,sm_89,L,T,192,4096,32768,blocked|vendor
trsm,float,sm_89,L,T,256,1,128,blocked|vendor
trsm,float,sm_89,L,T,256,1,512,blocked|vendor
trsm,float,sm_89,L,T,256,1,2048,blocked|vendor
trsm,float,sm_89,L,T,256,1,8192,blocked|vendor
trsm,float,sm_89,L,T,256,1,32768,blocked|vendor
trsm,float,sm_89,L,T,256,2,128,blocked|vendor
trsm,float,sm_89,L,T,256,2,512,blocked|vendor
trsm,float,sm_89,L,T,256,2,2048,blocked|vendor
trsm,float,sm_89,L,T,256,2,8192,blocked|vendor
trsm,float,sm_89,L,T,256,2,32768,blocked|vendor
trsm,float,sm_89,L,T,256,4,128,blocked|vendor
trsm,float,sm_89,L,T,256,4,512,blocked|vendor
trsm,float,sm_89,L,T,256,4,2048,blocked|vendor
trsm,float,sm_89,L,T,256,4,8192,blocked|vendor
trsm,float,sm_89,L,T,256,4,32768,blocked|vendor
trsm,float,sm_89,L,T,256,8,128,blocked|vendor
trsm,float,sm_89,L,T,256,8,512,blocked|vendor
trsm,float,sm_89,L,T,256,8,2048,blocked|vendor
trsm,float,sm_89,L,T,256,8,8192,blocked|vendor
trsm,float,sm_89,L,T,256,8,32768,blocked|vendor
trsm,float,sm_89,L,T,256,16,128,blocked|vendor
trsm,float,sm_89,L,T,256,16,512,blocked|vendor
trsm,float,sm_89,L,T,256,16,2048,blocked|vendor
trsm,float,sm_89,L,T,256,16,8192,blocked|vendor
trsm,float,sm_89,L,T,256,16,32768,blocked|vendor
trsm,float,sm_89,L,T,256,32,128,blocked|vendor
trsm,float,sm_89,L,T,256,32,512,blocked|vendor
trsm,float,sm_89,L,T,256,32,2048,blocked|vendor
trsm,float,sm_89,L,T,256,32,8192,blocked|vendor
trsm,float,sm_89,L,T,256,32,32768,blocked|vendor
trsm,float,sm_89,L,T,256,64,128,blocked|vendor
trsm,float,sm_89,L,T,256,64,512,blocked|vendor
trsm,float,sm_89,L,T,256,64,2048,blocked|vendor
trsm,float,sm_89,L,T,256,64,8192,blocked|vendor
trsm,float,sm_89,L,T,256,64,32768,blocked|vendor
trsm,float,sm_89,L,T,256,128,128,blocked|vendor
trsm,float,sm_89,L,T,256,128,512,blocked|vendor
trsm,float,sm_89,L,T,256,128,2048,blocked|vendor
trsm,float,sm_89,L,T,256,128,8192,blocked|vendor
trsm,float,sm_89,L,T,256,128,32768,blocked|vendor
trsm,float,sm_89,L,T,256,256,128,blocked|vendor
trsm,float,sm_89,L,T,256,256,512,blocked|vendor
trsm,float,sm_89,L,T,256,256,2048,blocked|vendor
trsm,float,sm_89,L,T,256,256,8192,blocked|vendor
trsm,float,sm_89,L,T,256,256,32768,blocked|vendor
trsm,float,sm_89,L,T,256,512,128,blocked|vendor
trsm,float,sm_89,L,T,256,512,512,blocked|vendor
trsm,float,sm_89,L,T,256,512,2048,blocked|vendor
trsm,float,sm_89,L,T,256,512,8192,blocked|vendor
trsm,float,sm_89,L,T,256,512,32768,blocked|vendor
trsm,float,sm_89,L,T,256,1024,128,blocked|vendor
trsm,float,sm_89,L,T,256,1024,512,blocked|vendor
trsm,float,sm_89,L,T,256,1024,2048,blocked|vendor
trsm,float,sm_89,L,T,256,1024,8192,blocked|vendor
trsm,float,sm_89,L,T,256,1024,32768,blocked|vendor
trsm,float,sm_89,L,T,256,4096,128,blocked|vendor
trsm,float,sm_89,L,T,256,4096,512,blocked|vendor
trsm,float,sm_89,L,T,256,4096,2048,blocked|vendor
trsm,float,sm_89,L,T,256,4096,8192,blocked|vendor
trsm,float,sm_89,L,T,256,4096,32768,blocked|vendor
trsm,float,sm_89,L,T,384,1,128,blocked|vendor
trsm,float,sm_89,L,T,384,1,512,blocked|vendor
trsm,float,sm_89,L,T,384,1,2048,blocked|vendor
trsm,float,sm_89,L,T,384,1,8192,blocked|vendor
trsm,float,sm_89,L,T,384,1,32768,blocked|vendor
trsm,float,sm_89,L,T,384,2,128,blocked|vendor
trsm,float,sm_89,L,T,384,2,512,blocked|vendor
trsm,float,sm_89,L,T,384,2,2048,blocked|vendor
trsm,float,sm_89,L,T,384,2,8192,blocked|vendor
trsm,float,sm_89,L,T,384,2,32768,blocked|vendor
trsm,float,sm_89,L,T,384,4,128,blocked|vendor
trsm,float,sm_89,L,T,384,4,512,blocked|vendor
trsm,float,sm_89,L,T,384,4,2048,blocked|vendor
trsm,float,sm_89,L,T,384,4,8192,blocked|vendor
trsm,float,sm_89,L,T,384,4,32768,blocked|vendor
trsm,float,sm_89,L,T,384,8,128,blocked|vendor
trsm,float,sm_89,L,T,384,8,512,blocked|vendor
trsm,float,sm_89,L,T,384,8,2048,blocked|vendor
trsm,float,sm_89,L,T,384,8,8192,blocked|vendor
trsm,float,sm_89,L,T,384,8,32768,blocked|vendor
trsm,float,sm_89,L,T,384,16,128,blocked|vendor
trsm,float,sm_89,L,T,384,16,512,blocked|vendor
trsm,float,sm_89,L,T,384,16,2048,blocked|vendor
trsm,float,sm_89,L,T,384,16,8192,blocked|vendor
trsm,float,sm_89,L,T,384,16,32768,blocked|vendor
trsm,float,sm_89,L,T,384,32,128,blocked|vendor
trsm,float,sm_89,L,T,384,32,512,blocked|vendor
trsm,float,sm_89,L,T,384,32,2048,blocked|vendor
trsm,float,sm_89,L,T,384,32,8192,blocked|vendor
trsm,float,sm_89,L,T,384,32,32768,blocked|vendor
trsm,float,sm_89,L,T,384,64,128,blocked|vendor
trsm,float,sm_89,L,T,384,64,512,blocked|vendor
trsm,float,sm_89,L,T,384,64,2048,blocked|vendor
trsm,float,sm_89,L,T,384,64,8192,blocked|vendor
trsm,float,sm_89,L,T,384,64,32768,blocked|vendor
trsm,float,sm_89,L,T,384,128,128,blocked|vendor
trsm,float,sm_89,L,T,384,128,512,blocked|vendor
trsm,float,sm_89,L,T,384,128,2048,blocked|vendor
trsm,float,sm_89,L,T,384,128,8192,blocked|vendor
trsm,float,sm_89,L,T,384,128,32768,blocked|vendor
trsm,float,sm_89,L,T,384,256,128,blocked|vendor
trsm,float,sm_89,L,T,384,256,512,blocked|vendor
trsm,float,sm_89,L,T,384,256,2048,blocked|vendor
trsm,float,sm_89,L,T,384,256,8192,blocked|vendor
trsm,float,sm_89,L,T,384,256,32768,blocked|vendor
trsm,float,sm_89,L,T,384,512,128,blocked|vendor
trsm,float,sm_89,L,T,384,512,512,blocked|vendor
trsm,float,sm_89,L,T,384,512,2048,blocked|vendor
trsm,float,sm_89,L,T,384,512,8192,blocked|vendor
trsm,float,sm_89,L,T,384,512,32768,blocked|vendor
trsm,float,sm_89,L,T,384,1024,128,blocked|vendor
trsm,float,sm_89,L,T,384,1024,512,blocked|vendor
trsm,float,sm_89,L,T,384,1024,2048,blocked|vendor
trsm,float,sm_89,L,T,384,1024,8192,blocked|vendor
trsm,float,sm_89,L,T,384,1024,32768,blocked|vendor
trsm,float,sm_89,L,T,384,4096,128,blocked|vendor
trsm,float,sm_89,L,T,384,4096,512,blocked|vendor
trsm,float,sm_89,L,T,384,4096,2048,blocked|vendor
trsm,float,sm_89,L,T,384,4096,8192,blocked|vendor
trsm,float,sm_89,L,T,384,4096,32768,blocked|vendor
trsm,float,sm_89,L,T,512,1,128,blocked|vendor
trsm,float,sm_89,L,T,512,1,512,blocked|vendor
trsm,float,sm_89,L,T,512,1,2048,blocked|vendor
trsm,float,sm_89,L,T,512,1,8192,blocked|vendor
trsm,float,sm_89,L,T,512,1,32768,blocked|vendor
trsm,float,sm_89,L,T,512,2,128,blocked|vendor
trsm,float,sm_89,L,T,512,2,512,blocked|vendor
trsm,float,sm_89,L,T,512,2,2048,blocked|vendor
trsm,float,sm_89,L,T,512,2,8192,blocked|vendor
trsm,float,sm_89,L,T,512,2,32768,blocked|vendor
trsm,float,sm_89,L,T,512,4,128,blocked|vendor
trsm,float,sm_89,L,T,512,4,512,blocked|vendor
trsm,float,sm_89,L,T,512,4,2048,blocked|vendor
trsm,float,sm_89,L,T,512,4,8192,blocked|vendor
trsm,float,sm_89,L,T,512,4,32768,blocked|vendor
trsm,float,sm_89,L,T,512,8,128,blocked|vendor
trsm,float,sm_89,L,T,512,8,512,blocked|vendor
trsm,float,sm_89,L,T,512,8,2048,blocked|vendor
trsm,float,sm_89,L,T,512,8,8192,blocked|vendor
trsm,float,sm_89,L,T,512,8,32768,blocked|vendor
trsm,float,sm_89,L,T,512,16,128,blocked|vendor
trsm,float,sm_89,L,T,512,16,512,blocked|vendor
trsm,float,sm_89,L,T,512,16,2048,blocked|vendor
trsm,float,sm_89,L,T,512,16,8192,blocked|vendor
trsm,float,sm_89,L,T,512,16,32768,blocked|vendor
trsm,float,sm_89,L,T,512,32,128,blocked|vendor
trsm,float,sm_89,L,T,512,32,512,blocked|vendor
trsm,float,sm_89,L,T,512,32,2048,blocked|vendor
trsm,float,sm_89,L,T,512,32,8192,blocked|vendor
trsm,float,sm_89,L,T,512,32,32768,blocked|vendor
trsm,float,sm_89,L,T,512,64,128,blocked|vendor
trsm,float,sm_89,L,T,512,64,512,blocked|vendor
trsm,float,sm_89,L,T,512,64,2048,blocked|vendor
trsm,float,sm_89,L,T,512,64,8192,blocked|vendor
trsm,float,sm_89,L,T,512,64,32768,blocked|vendor
trsm,float,sm_89,L,T,512,128,128,blocked|vendor
trsm,float,sm_89,L,T,512,128,512,blocked|vendor
trsm,float,sm_89,L,T,512,128,2048,blocked|vendor
trsm,float,sm_89,L,T,512,128,8192,blocked|vendor
trsm,float,sm_89,L,T,512,128,32768,blocked|vendor
trsm,float,sm_89,L,T,512,256,128,blocked|vendor
trsm,float,sm_89,L,T,512,256,512,blocked|vendor
trsm,float,sm_89,L,T,512,256,2048,blocked|vendor
trsm,float,sm_89,L,T,512,256,8192,blocked|vendor
trsm,float,sm_89,L,T,512,256,32768,blocked|vendor
trsm,float,sm_89,L,T,512,512,128,blocked|vendor
trsm,float,sm_89,L,T,512,512,512,blocked|vendor
trsm,float,sm_89,L,T,512,512,2048,blocked|vendor
trsm,float,sm_89,L,T,512,512,8192,blocked|vendor
trsm,float,sm_89,L,T,512,512,32768,blocked|vendor
trsm,float,sm_89,L,T,512,1024,128,blocked|vendor
trsm,float,sm_89,L,T,512,1024,512,blocked|vendor
trsm,float,sm_89,L,T,512,1024,2048,blocked|vendor
trsm,float,sm_89,L,T,512,1024,8192,blocked|vendor
trsm,float,sm_89,L,T,512,1024,32768,blocked|vendor
trsm,float,sm_89,L,T,512,4096,128,blocked|vendor
trsm,float,sm_89,L,T,512,4096,512,blocked|vendor
trsm,float,sm_89,L,T,512,4096,2048,blocked|vendor
trsm,float,sm_89,L,T,512,4096,8192,blocked|vendor
trsm,float,sm_89,L,T,512,4096,32768,blocked|vendor
trsm,float,sm_89,L,T,768,1,128,blocked|vendor
trsm,float,sm_89,L,T,768,1,512,blocked|vendor
trsm,float,sm_89,L,T,768,1,2048,blocked|vendor
trsm,float,sm_89,L,T,768,1,8192,blocked|vendor
trsm,float,sm_89,L,T,768,1,32768,blocked|vendor
trsm,float,sm_89,L,T,768,2,128,blocked|vendor
trsm,float,sm_89,L,T,768,2,512,blocked|vendor
trsm,float,sm_89,L,T,768,2,2048,blocked|vendor
trsm,float,sm_89,L,T,768,2,8192,blocked|vendor
trsm,float,sm_89,L,T,768,2,32768,blocked|vendor
trsm,float,sm_89,L,T,768,4,128,blocked|vendor
trsm,float,sm_89,L,T,768,4,512,blocked|vendor
trsm,float,sm_89,L,T,768,4,2048,blocked|vendor
trsm,float,sm_89,L,T,768,4,8192,blocked|vendor
trsm,float,sm_89,L,T,768,4,32768,blocked|vendor
trsm,float,sm_89,L,T,768,8,128,blocked|vendor
trsm,float,sm_89,L,T,768,8,512,blocked|vendor
trsm,float,sm_89,L,T,768,8,2048,blocked|vendor
trsm,float,sm_89,L,T,768,8,8192,blocked|vendor
trsm,float,sm_89,L,T,768,8,32768,blocked|vendor
trsm,float,sm_89,L,T,768,16,128,blocked|vendor
trsm,float,sm_89,L,T,768,16,512,blocked|vendor
trsm,float,sm_89,L,T,768,16,2048,blocked|vendor
trsm,float,sm_89,L,T,768,16,8192,blocked|vendor
trsm,float,sm_89,L,T,768,16,32768,blocked|vendor
trsm,float,sm_89,L,T,768,32,128,blocked|vendor
trsm,float,sm_89,L,T,768,32,512,blocked|vendor
trsm,float,sm_89,L,T,768,32,2048,blocked|vendor
trsm,float,sm_89,L,T,768,32,8192,blocked|vendor
trsm,float,sm_89,L,T,768,32,32768,blocked|vendor
trsm,float,sm_89,L,T,768,64,128,blocked|vendor
trsm,float,sm_89,L,T,768,64,512,blocked|vendor
trsm,float,sm_89,L,T,768,64,2048,blocked|vendor
trsm,float,sm_89,L,T,768,64,8192,blocked|vendor
trsm,float,sm_89,L,T,768,64,32768,blocked|vendor
trsm,float,sm_89,L,T,768,128,128,blocked|vendor
trsm,float,sm_89,L,T,768,128,512,blocked|vendor
trsm,float,sm_89,L,T,768,128,2048,blocked|vendor
trsm,float,sm_89,L,T,768,128,8192,blocked|vendor
trsm,float,sm_89,L,T,768,128,32768,blocked|vendor
trsm,float,sm_89,L,T,768,256,128,blocked|vendor
trsm,float,sm_89,L,T,768,256,512,blocked|vendor
trsm,float,sm_89,L,T,768,256,2048,blocked|vendor
trsm,float,sm_89,L,T,768,256,8192,blocked|vendor
trsm,float,sm_89,L,T,768,256,32768,blocked|vendor
trsm,float,sm_89,L,T,768,512,128,blocked|vendor
trsm,float,sm_89,L,T,768,512,512,blocked|vendor
trsm,float,sm_89,L,T,768,512,2048,blocked|vendor
trsm,float,sm_89,L,T,768,512,8192,blocked|vendor
trsm,float,sm_89,L,T,768,512,32768,blocked|vendor
trsm,float,sm_89,L,T,768,1024,128,blocked|vendor
trsm,float,sm_89,L,T,768,1024,512,blocked|vendor
trsm,float,sm_89,L,T,768,1024,2048,blocked|vendor
trsm,float,sm_89,L,T,768,1024,8192,blocked|vendor
trsm,float,sm_89,L,T,768,1024,32768,blocked|vendor
trsm,float,sm_89,L,T,768,4096,128,blocked|vendor
trsm,float,sm_89,L,T,768,4096,512,blocked|vendor
trsm,float,sm_89,L,T,768,4096,2048,blocked|vendor
trsm,float,sm_89,L,T,768,4096,8192,blocked|vendor
trsm,float,sm_89,L,T,768,4096,32768,blocked|vendor
trsm,float,sm_89,L,T,1024,1,128,blocked|vendor
trsm,float,sm_89,L,T,1024,1,512,blocked|vendor
trsm,float,sm_89,L,T,1024,1,2048,blocked|vendor
trsm,float,sm_89,L,T,1024,1,8192,blocked|vendor
trsm,float,sm_89,L,T,1024,1,32768,blocked|vendor
trsm,float,sm_89,L,T,1024,2,128,blocked|vendor
trsm,float,sm_89,L,T,1024,2,512,blocked|vendor
trsm,float,sm_89,L,T,1024,2,2048,blocked|vendor
trsm,float,sm_89,L,T,1024,2,8192,blocked|vendor
trsm,float,sm_89,L,T,1024,2,32768,blocked|vendor
trsm,float,sm_89,L,T,1024,4,128,blocked|vendor
trsm,float,sm_89,L,T,1024,4,512,blocked|vendor
trsm,float,sm_89,L,T,1024,4,2048,blocked|vendor
trsm,float,sm_89,L,T,1024,4,8192,blocked|vendor
trsm,float,sm_89,L,T,1024,4,32768,blocked|vendor
trsm,float,sm_89,L,T,1024,8,128,blocked|vendor
trsm,float,sm_89,L,T,1024,8,512,blocked|vendor
trsm,float,sm_89,L,T,1024,8,2048,blocked|vendor
trsm,float,sm_89,L,T,1024,8,8192,blocked|vendor
trsm,float,sm_89,L,T,1024,8,32768,blocked|vendor
trsm,float,sm_89,L,T,1024,16,128,blocked|vendor
trsm,float,sm_89,L,T,1024,16,512,blocked|vendor
trsm,float,sm_89,L,T,1024,16,2048,blocked|vendor
trsm,float,sm_89,L,T,1024,16,8192,blocked|vendor
trsm,float,sm_89,L,T,1024,16,32768,blocked|vendor
trsm,float,sm_89,L,T,1024,32,128,blocked|vendor
trsm,float,sm_89,L,T,1024,32,512,blocked|vendor
trsm,float,sm_89,L,T,1024,32,2048,blocked|vendor
trsm,float,sm_89,L,T,1024,32,8192,blocked|vendor
trsm,float,sm_89,L,T,1024,32,32768,blocked|vendor
trsm,float,sm_89,L,T,1024,64,128,blocked|vendor
trsm,float,sm_89,L,T,1024,64,512,blocked|vendor
trsm,float,sm_89,L,T,1024,64,2048,blocked|vendor
trsm,float,sm_89,L,T,1024,64,8192,blocked|vendor
trsm,float,sm_89,L,T,1024,64,32768,blocked|vendor
trsm,float,sm_89,L,T,1024,128,128,blocked|vendor
trsm,float,sm_89,L,T,1024,128,512,blocked|vendor
trsm,float,sm_89,L,T,1024,128,2048,blocked|vendor
trsm,float,sm_89,L,T,1024,128,8192,blocked|vendor
trsm,float,sm_89,L,T,1024,128,32768,blocked|vendor
trsm,float,sm_89,L,T,1024,256,128,blocked|vendor
trsm,float,sm_89,L,T,1024,256,512,blocked|vendor
trsm,float,sm_89,L,T,1024,256,2048,blocked|vendor
trsm,float,sm_89,L,T,1024,256,8192,blocked|vendor
trsm,float,sm_89,L,T,1024,256,32768,blocked|vendor
trsm,float,sm_89,L,T,1024,512,128,blocked|vendor
trsm,float,sm_89,L,T,1024,512,512,blocked|vendor
trsm,float,sm_89,L,T,1024,512,2048,blocked|vendor
trsm,float,sm_89,L,T,1024,512,8192,blocked|vendor
trsm,float,sm_89,L,T,1024,512,32768,blocked|vendor
trsm,float,sm_89,L,T,1024,1024,128,blocked|vendor
trsm,float,sm_89,L,T,1024,1024,512,blocked|vendor
trsm,float,sm_89,L,T,1024,1024,2048,blocked|vendor
trsm,float,sm_89,L,T,1024,1024,8192,blocked|vendor
trsm,float,sm_89,L,T,1024,1024,32768,blocked|vendor
trsm,float,sm_89,L,T,1024,4096,128,blocked|vendor
trsm,float,sm_89,L,T,1024,4096,512,blocked|vendor
trsm,float,sm_89,L,T,1024,4096,2048,blocked|vendor
trsm,float,sm_89,L,T,1024,4096,8192,blocked|vendor
trsm,float,sm_89,L,T,1024,4096,32768,blocked|vendor
trsm,float,sm_89,R,N,1,1,128,cta|blocked|vendor
trsm,float,sm_89,R,N,1,1,512,cta|blocked|vendor
trsm,float,sm_89,R,N,1,1,2048,cta|blocked|vendor
trsm,float,sm_89,R,N,1,1,8192,cta|blocked|vendor
trsm,float,sm_89,R,N,1,1,32768,cta|blocked|vendor
trsm,float,sm_89,R,N,1,2,128,cta|blocked|vendor
trsm,float,sm_89,R,N,1,2,512,cta|blocked|vendor
trsm,float,sm_89,R,N,1,2,2048,cta|blocked|vendor
trsm,float,sm_89,R,N,1,2,8192,cta|blocked|vendor
trsm,float,sm_89,R,N,1,2,32768,cta|blocked|vendor
trsm,float,sm_89,R,N,1,4,128,cta|blocked|vendor
trsm,float,sm_89,R,N,1,4,512,cta|blocked|vendor
trsm,float,sm_89,R,N,1,4,2048,cta|blocked|vendor
trsm,float,sm_89,R,N,1,4,8192,cta|blocked|vendor
trsm,float,sm_89,R,N,1,4,32768,cta|blocked|vendor
trsm,float,sm_89,R,N,1,8,128,cta|blocked|vendor
trsm,float,sm_89,R,N,1,8,512,cta|blocked|vendor
trsm,float,sm_89,R,N,1,8,2048,cta|blocked|vendor
trsm,float,sm_89,R,N,1,8,8192,cta|blocked|vendor
trsm,float,sm_89,R,N,1,8,32768,cta|blocked|vendor
trsm,float,sm_89,R,N,1,16,128,cta|blocked|vendor
trsm,float,sm_89,R,N,1,16,512,cta|blocked|vendor
trsm,float,sm_89,R,N,1,16,2048,cta|blocked|vendor
trsm,float,sm_89,R,N,1,16,8192,cta|blocked|vendor
trsm,float,sm_89,R,N,1,16,32768,cta|blocked|vendor
trsm,float,sm_89,R,N,1,32,128,cta|blocked|vendor
trsm,float,sm_89,R,N,1,32,512,cta|blocked|vendor
trsm,float,sm_89,R,N,1,32,2048,cta|blocked|vendor
trsm,float,sm_89,R,N,1,32,8192,cta|blocked|vendor
trsm,float,sm_89,R,N,1,32,32768,cta|blocked|vendor
trsm,float,sm_89,R,N,1,64,128,cta|blocked|vendor
trsm,float,sm_89,R,N,1,64,512,cta|blocked|vendor
trsm,float,sm_89,R,N,1,64,2048,cta|blocked|vendor
trsm,float,sm_89,R,N,1,64,8192,cta|blocked|vendor
trsm,float,sm_89,R,N,1,64,32768,cta|blocked|vendor
trsm,float,sm_89,R,N,1,128,128,cta|blocked|vendor
trsm,float,sm_89,R,N,1,128,512,cta|blocked|vendor
trsm,float,sm_89,R,N,1,128,2048,cta|blocked|vendor
trsm,float,sm_89,R,N,1,128,8192,cta|blocked|vendor
trsm,float,sm_89,R,N,1,128,32768,cta|blocked|vendor
trsm,float,sm_89,R,N,1,256,128,cta|blocked|vendor
trsm,float,sm_89,R,N,1,256,512,cta|blocked|vendor
trsm,float,sm_89,R,N,1,256,2048,cta|blocked|vendor
trsm,float,sm_89,R,N,1,256,8192,cta|blocked|vendor
trsm,float,sm_89,R,N,1,256,32768,cta|blocked|vendor
trsm,float,sm_89,R,N,1,512,128,cta|blocked|vendor
trsm,float,sm_89,R,N,1,512,512,cta|blocked|vendor
trsm,float,sm_89,R,N,1,512,2048,cta|blocked|vendor
trsm,float,sm_89,R,N,1,512,8192,cta|blocked|vendor
trsm,float,sm_89,R,N,1,512,32768,cta|blocked|vendor
trsm,float,sm_89,R,N,1,1024,128,cta|blocked|vendor
trsm,float,sm_89,R,N,1,1024,512,cta|blocked|vendor
trsm,float,sm_89,R,N,1,1024,2048,cta|blocked|vendor
trsm,float,sm_89,R,N,1,1024,8192,cta|blocked|vendor
trsm,float,sm_89,R,N,1,1024,32768,cta|blocked|vendor
trsm,float,sm_89,R,N,1,4096,128,cta|blocked|vendor
trsm,float,sm_89,R,N,1,4096,512,cta|blocked|vendor
trsm,float,sm_89,R,N,1,4096,2048,cta|blocked|vendor
trsm,float,sm_89,R,N,1,4096,8192,cta|blocked|vendor
trsm,float,sm_89,R,N,1,4096,32768,cta|blocked|vendor
trsm,float,sm_89,R,N,2,1,128,cta|blocked|vendor
trsm,float,sm_89,R,N,2,1,512,cta|blocked|vendor
trsm,float,sm_89,R,N,2,1,2048,cta|blocked|vendor
trsm,float,sm_89,R,N,2,1,8192,cta|blocked|vendor
trsm,float,sm_89,R,N,2,1,32768,cta|blocked|vendor
trsm,float,sm_89,R,N,2,2,128,cta|blocked|vendor
trsm,float,sm_89,R,N,2,2,512,cta|blocked|vendor
trsm,float,sm_89,R,N,2,2,2048,cta|blocked|vendor
trsm,float,sm_89,R,N,2,2,8192,cta|blocked|vendor
trsm,float,sm_89,R,N,2,2,32768,cta|blocked|vendor
trsm,float,sm_89,R,N,2,4,128,cta|blocked|vendor
trsm,float,sm_89,R,N,2,4,512,cta|blocked|vendor
trsm,float,sm_89,R,N,2,4,2048,cta|blocked|vendor
trsm,float,sm_89,R,N,2,4,8192,cta|blocked|vendor
trsm,float,sm_89,R,N,2,4,32768,cta|blocked|vendor
trsm,float,sm_89,R,N,2,8,128,cta|blocked|vendor
trsm,float,sm_89,R,N,2,8,512,cta|blocked|vendor
trsm,float,sm_89,R,N,2,8,2048,cta|blocked|vendor
trsm,float,sm_89,R,N,2,8,8192,cta|blocked|vendor
trsm,float,sm_89,R,N,2,8,32768,cta|blocked|vendor
trsm,float,sm_89,R,N,2,16,128,cta|blocked|vendor
trsm,float,sm_89,R,N,2,16,512,cta|blocked|vendor
trsm,float,sm_89,R,N,2,16,2048,cta|blocked|vendor
trsm,float,sm_89,R,N,2,16,8192,cta|blocked|vendor
trsm,float,sm_89,R,N,2,16,32768,cta|blocked|vendor
trsm,float,sm_89,R,N,2,32,128,cta|blocked|vendor
trsm,float,sm_89,R,N,2,32,512,cta|blocked|vendor
trsm,float,sm_89,R,N,2,32,2048,cta|blocked|vendor
trsm,float,sm_89,R,N,2,32,8192,cta|blocked|vendor
trsm,float,sm_89,R,N,2,32,32768,cta|blocked|vendor
trsm,float,sm_89,R,N,2,64,128,cta|blocked|vendor
trsm,float,sm_89,R,N,2,64,512,cta|blocked|vendor
trsm,float,sm_89,R,N,2,64,2048,cta|blocked|vendor
trsm,float,sm_89,R,N,2,64,8192,cta|blocked|vendor
trsm,float,sm_89,R,N,2,64,32768,cta|blocked|vendor
trsm,float,sm_89,R,N,2,128,128,cta|blocked|vendor
trsm,float,sm_89,R,N,2,128,512,cta|blocked|vendor
trsm,float,sm_89,R,N,2,128,2048,cta|blocked|vendor
trsm,float,sm_89,R,N,2,128,8192,cta|blocked|vendor
trsm,float,sm_89,R,N,2,128,32768,cta|blocked|vendor
trsm,float,sm_89,R,N,2,256,128,cta|blocked|vendor
trsm,float,sm_89,R,N,2,256,512,cta|blocked|vendor
trsm,float,sm_89,R,N,2,256,2048,cta|blocked|vendor
trsm,float,sm_89,R,N,2,256,8192,cta|blocked|vendor
trsm,float,sm_89,R,N,2,256,32768,cta|blocked|vendor
trsm,float,sm_89,R,N,2,512,128,cta|blocked|vendor
trsm,float,sm_89,R,N,2,512,512,cta|blocked|vendor
trsm,float,sm_89,R,N,2,512,2048,cta|blocked|vendor
trsm,float,sm_89,R,N,2,512,8192,cta|blocked|vendor
trsm,float,sm_89,R,N,2,512,32768,cta|blocked|vendor
trsm,float,sm_89,R,N,2,1024,128,cta|blocked|vendor
trsm,float,sm_89,R,N,2,1024,512,cta|blocked|vendor
trsm,float,sm_89,R,N,2,1024,2048,cta|blocked|vendor
trsm,float,sm_89,R,N,2,1024,8192,cta|blocked|vendor
trsm,float,sm_89,R,N,2,1024,32768,cta|blocked|vendor
trsm,float,sm_89,R,N,2,4096,128,cta|blocked|vendor
trsm,float,sm_89,R,N,2,4096,512,cta|blocked|vendor
trsm,float,sm_89,R,N,2,4096,2048,cta|blocked|vendor
trsm,float,sm_89,R,N,2,4096,8192,cta|blocked|vendor
trsm,float,sm_89,R,N,2,4096,32768,cta|blocked|vendor
trsm,float,sm_89,R,N,4,1,128,cta|blocked|vendor
trsm,float,sm_89,R,N,4,1,512,cta|blocked|vendor
trsm,float,sm_89,R,N,4,1,2048,cta|blocked|vendor
trsm,float,sm_89,R,N,4,1,8192,cta|blocked|vendor
trsm,float,sm_89,R,N,4,1,32768,cta|blocked|vendor
trsm,float,sm_89,R,N,4,2,128,cta|blocked|vendor
trsm,float,sm_89,R,N,4,2,512,cta|blocked|vendor
trsm,float,sm_89,R,N,4,2,2048,cta|blocked|vendor
trsm,float,sm_89,R,N,4,2,8192,cta|blocked|vendor
trsm,float,sm_89,R,N,4,2,32768,cta|blocked|vendor
trsm,float,sm_89,R,N,4,4,128,cta|blocked|vendor
trsm,float,sm_89,R,N,4,4,512,cta|blocked|vendor
trsm,float,sm_89,R,N,4,4,2048,cta|blocked|vendor
trsm,float,sm_89,R,N,4,4,8192,cta|blocked|vendor
trsm,float,sm_89,R,N,4,4,32768,cta|blocked|vendor
trsm,float,sm_89,R,N,4,8,128,cta|blocked|vendor
trsm,float,sm_89,R,N,4,8,512,cta|blocked|vendor
trsm,float,sm_89,R,N,4,8,2048,cta|blocked|vendor
trsm,float,sm_89,R,N,4,8,8192,cta|blocked|vendor
trsm,float,sm_89,R,N,4,8,32768,cta|blocked|vendor
trsm,float,sm_89,R,N,4,16,128,cta|blocked|vendor
trsm,float,sm_89,R,N,4,16,512,cta|blocked|vendor
trsm,float,sm_89,R,N,4,16,2048,cta|blocked|vendor
trsm,float,sm_89,R,N,4,16,8192,cta|blocked|vendor
trsm,float,sm_89,R,N,4,16,32768,cta|blocked|vendor
trsm,float,sm_89,R,N,4,32,128,cta|blocked|vendor
trsm,float,sm_89,R,N,4,32,512,cta|blocked|vendor
trsm,float,sm_89,R,N,4,32,2048,cta|blocked|vendor
trsm,float,sm_89,R,N,4,32,8192,cta|blocked|vendor
trsm,float,sm_89,R,N,4,32,32768,cta|blocked|vendor
trsm,float,sm_89,R,N,4,64,128,cta|blocked|vendor
trsm,float,sm_89,R,N,4,64,512,cta|blocked|vendor
trsm,float,sm_89,R,N,4,64,2048,cta|blocked|vendor
trsm,float,sm_89,R,N,4,64,8192,cta|blocked|vendor
trsm,float,sm_89,R,N,4,64,32768,cta|blocked|vendor
trsm,float,sm_89,R,N,4,128,128,cta|blocked|vendor
trsm,float,sm_89,R,N,4,128,512,cta|blocked|vendor
trsm,float,sm_89,R,N,4,128,2048,cta|blocked|vendor
trsm,float,sm_89,R,N,4,128,8192,cta|blocked|vendor
trsm,float,sm_89,R,N,4,128,32768,cta|blocked|vendor
trsm,float,sm_89,R,N,4,256,128,cta|blocked|vendor
trsm,float,sm_89,R,N,4,256,512,cta|blocked|vendor
trsm,float,sm_89,R,N,4,256,2048,cta|blocked|vendor
trsm,float,sm_89,R,N,4,256,8192,cta|blocked|vendor
trsm,float,sm_89,R,N,4,256,32768,cta|blocked|vendor
trsm,float,sm_89,R,N,4,512,128,cta|blocked|vendor
trsm,float,sm_89,R,N,4,512,512,cta|blocked|vendor
trsm,float,sm_89,R,N,4,512,2048,cta|blocked|vendor
trsm,float,sm_89,R,N,4,512,8192,cta|blocked|vendor
trsm,float,sm_89,R,N,4,512,32768,cta|blocked|vendor
trsm,float,sm_89,R,N,4,1024,128,cta|blocked|vendor
trsm,float,sm_89,R,N,4,1024,512,cta|blocked|vendor
trsm,float,sm_89,R,N,4,1024,2048,cta|blocked|vendor
trsm,float,sm_89,R,N,4,1024,8192,cta|blocked|vendor
trsm,float,sm_89,R,N,4,1024,32768,cta|blocked|vendor
trsm,float,sm_89,R,N,4,4096,128,cta|blocked|vendor
trsm,float,sm_89,R,N,4,4096,512,cta|blocked|vendor
trsm,float,sm_89,R,N,4,4096,2048,cta|blocked|vendor
trsm,float,sm_89,R,N,4,4096,8192,cta|blocked|vendor
trsm,float,sm_89,R,N,4,4096,32768,cta|blocked|vendor
trsm,float,sm_89,R,N,8,1,128,cta|blocked|vendor
trsm,float,sm_89,R,N,8,1,512,cta|blocked|vendor
trsm,float,sm_89,R,N,8,1,2048,cta|blocked|vendor
trsm,float,sm_89,R,N,8,1,8192,cta|blocked|vendor
trsm,float,sm_89,R,N,8,1,32768,cta|blocked|vendor
trsm,float,sm_89,R,N,8,2,128,cta|blocked|vendor
trsm,float,sm_89,R,N,8,2,512,cta|blocked|vendor
trsm,float,sm_89,R,N,8,2,2048,cta|blocked|vendor
trsm,float,sm_89,R,N,8,2,8192,cta|blocked|vendor
trsm,float,sm_89,R,N,8,2,32768,cta|blocked|vendor
trsm,float,sm_89,R,N,8,4,128,cta|blocked|vendor
trsm,float,sm_89,R,N,8,4,512,cta|blocked|vendor
trsm,float,sm_89,R,N,8,4,2048,cta|blocked|vendor
trsm,float,sm_89,R,N,8,4,8192,cta|blocked|vendor
trsm,float,sm_89,R,N,8,4,32768,cta|blocked|vendor
trsm,float,sm_89,R,N,8,8,128,cta|blocked|vendor
trsm,float,sm_89,R,N,8,8,512,cta|blocked|vendor
trsm,float,sm_89,R,N,8,8,2048,cta|blocked|vendor
trsm,float,sm_89,R,N,8,8,8192,cta|blocked|vendor
trsm,float,sm_89,R,N,8,8,32768,cta|blocked|vendor
trsm,float,sm_89,R,N,8,16,128,cta|blocked|vendor
trsm,float,sm_89,R,N,8,16,512,cta|blocked|vendor
trsm,float,sm_89,R,N,8,16,2048,cta|blocked|vendor
trsm,float,sm_89,R,N,8,16,8192,cta|blocked|vendor
trsm,float,sm_89,R,N,8,16,32768,cta|blocked|vendor
trsm,float,sm_89,R,N,8,32,128,cta|blocked|vendor
trsm,float,sm_89,R,N,8,32,512,cta|blocked|vendor
trsm,float,sm_89,R,N,8,32,2048,cta|blocked|vendor
trsm,float,sm_89,R,N,8,32,8192,cta|blocked|vendor
trsm,float,sm_89,R,N,8,32,32768,cta|blocked|vendor
trsm,float,sm_89,R,N,8,64,128,cta|blocked|vendor
trsm,float,sm_89,R,N,8,64,512,cta|blocked|vendor
trsm,float,sm_89,R,N,8,64,2048,cta|blocked|vendor
trsm,float,sm_89,R,N,8,64,8192,cta|blocked|vendor
trsm,float,sm_89,R,N,8,64,32768,cta|blocked|vendor
trsm,float,sm_89,R,N,8,128,128,cta|blocked|vendor
trsm,float,sm_89,R,N,8,128,512,cta|blocked|vendor
trsm,float,sm_89,R,N,8,128,2048,cta|blocked|vendor
trsm,float,sm_89,R,N,8,128,8192,cta|blocked|vendor
trsm,float,sm_89,R,N,8,128,32768,cta|blocked|vendor
trsm,float,sm_89,R,N,8,256,128,cta|blocked|vendor
trsm,float,sm_89,R,N,8,256,512,cta|blocked|vendor
trsm,float,sm_89,R,N,8,256,2048,cta|blocked|vendor
trsm,float,sm_89,R,N,8,256,8192,cta|blocked|vendor
trsm,float,sm_89,R,N,8,256,32768,cta|blocked|vendor
trsm,float,sm_89,R,N,8,512,128,cta|blocked|vendor
trsm,float,sm_89,R,N,8,512,512,cta|blocked|vendor
trsm,float,sm_89,R,N,8,512,2048,cta|blocked|vendor
trsm,float,sm_89,R,N,8,512,8192,cta|blocked|vendor
trsm,float,sm_89,R,N,8,512,32768,cta|blocked|vendor
trsm,float,sm_89,R,N,8,1024,128,cta|blocked|vendor
trsm,float,sm_89,R,N,8,1024,512,cta|blocked|vendor
trsm,float,sm_89,R,N,8,1024,2048,cta|blocked|vendor
trsm,float,sm_89,R,N,8,1024,8192,cta|blocked|vendor
trsm,float,sm_89,R,N,8,1024,32768,cta|blocked|vendor
trsm,float,sm_89,R,N,8,4096,128,cta|blocked|vendor
trsm,float,sm_89,R,N,8,4096,512,cta|blocked|vendor
trsm,float,sm_89,R,N,8,4096,2048,cta|blocked|vendor
trsm,float,sm_89,R,N,8,4096,8192,cta|blocked|vendor
trsm,float,sm_89,R,N,8,4096,32768,cta|blocked|vendor
trsm,float,sm_89,R,N,12,1,128,cta|blocked|vendor
trsm,float,sm_89,R,N,12,1,512,cta|blocked|vendor
trsm,float,sm_89,R,N,12,1,2048,cta|blocked|vendor
trsm,float,sm_89,R,N,12,1,8192,cta|blocked|vendor
trsm,float,sm_89,R,N,12,1,32768,cta|blocked|vendor
trsm,float,sm_89,R,N,12,2,128,cta|blocked|vendor
trsm,float,sm_89,R,N,12,2,512,cta|blocked|vendor
trsm,float,sm_89,R,N,12,2,2048,cta|blocked|vendor
trsm,float,sm_89,R,N,12,2,8192,cta|blocked|vendor
trsm,float,sm_89,R,N,12,2,32768,cta|blocked|vendor
trsm,float,sm_89,R,N,12,4,128,cta|blocked|vendor
trsm,float,sm_89,R,N,12,4,512,cta|blocked|vendor
trsm,float,sm_89,R,N,12,4,2048,cta|blocked|vendor
trsm,float,sm_89,R,N,12,4,8192,cta|blocked|vendor
trsm,float,sm_89,R,N,12,4,32768,cta|blocked|vendor
trsm,float,sm_89,R,N,12,8,128,cta|blocked|vendor
trsm,float,sm_89,R,N,12,8,512,cta|blocked|vendor
trsm,float,sm_89,R,N,12,8,2048,cta|blocked|vendor
trsm,float,sm_89,R,N,12,8,8192,cta|blocked|vendor
trsm,float,sm_89,R,N,12,8,32768,cta|blocked|vendor
trsm,float,sm_89,R,N,12,16,128,cta|blocked|vendor
trsm,float,sm_89,R,N,12,16,512,cta|blocked|vendor
trsm,float,sm_89,R,N,12,16,2048,cta|blocked|vendor
trsm,float,sm_89,R,N,12,16,8192,cta|blocked|vendor
trsm,float,sm_89,R,N,12,16,32768,cta|blocked|vendor
trsm,float,sm_89,R,N,12,32,128,cta|blocked|vendor
trsm,float,sm_89,R,N,12,32,512,cta|blocked|vendor
trsm,float,sm_89,R,N,12,32,2048,cta|blocked|vendor
trsm,float,sm_89,R,N,12,32,8192,cta|blocked|vendor
trsm,float,sm_89,R,N,12,32,32768,cta|blocked|vendor
trsm,float,sm_89,R,N,12,64,128,cta|blocked|vendor
trsm,float,sm_89,R,N,12,64,512,cta|blocked|vendor
trsm,float,sm_89,R,N,12,64,2048,cta|blocked|vendor
trsm,float,sm_89,R,N,12,64,8192,cta|blocked|vendor
trsm,float,sm_89,R,N,12,64,32768,cta|blocked|vendor
trsm,float,sm_89,R,N,12,128,128,cta|blocked|vendor
trsm,float,sm_89,R,N,12,128,512,cta|blocked|vendor
trsm,float,sm_89,R,N,12,128,2048,cta|blocked|vendor
trsm,float,sm_89,R,N,12,128,8192,cta|blocked|vendor
trsm,float,sm_89,R,N,12,128,32768,cta|blocked|vendor
trsm,float,sm_89,R,N,12,256,128,cta|blocked|vendor
trsm,float,sm_89,R,N,12,256,512,cta|blocked|vendor
trsm,float,sm_89,R,N,12,256,2048,cta|blocked|vendor
trsm,float,sm_89,R,N,12,256,8192,cta|blocked|vendor
trsm,float,sm_89,R,N,12,256,32768,cta|blocked|vendor
trsm,float,sm_89,R,N,12,512,128,cta|blocked|vendor
trsm,float,sm_89,R,N,12,512,512,cta|blocked|vendor
trsm,float,sm_89,R,N,12,512,2048,cta|blocked|vendor
trsm,float,sm_89,R,N,12,512,8192,cta|blocked|vendor
trsm,float,sm_89,R,N,12,512,32768,cta|blocked|vendor
trsm,float,sm_89,R,N,12,1024,128,cta|blocked|vendor
trsm,float,sm_89,R,N,12,1024,512,cta|blocked|vendor
trsm,float,sm_89,R,N,12,1024,2048,cta|blocked|vendor
trsm,float,sm_89,R,N,12,1024,8192,cta|blocked|vendor
trsm,float,sm_89,R,N,12,1024,32768,cta|blocked|vendor
trsm,float,sm_89,R,N,12,4096,128,cta|blocked|vendor
trsm,float,sm_89,R,N,12,4096,512,cta|blocked|vendor
trsm,float,sm_89,R,N,12,4096,2048,cta|blocked|vendor
trsm,float,sm_89,R,N,12,4096,8192,cta|blocked|vendor
trsm,float,sm_89,R,N,12,4096,32768,cta|blocked|vendor
trsm,float,sm_89,R,N,16,1,128,cta|blocked|vendor
trsm,float,sm_89,R,N,16,1,512,cta|blocked|vendor
trsm,float,sm_89,R,N,16,1,2048,cta|blocked|vendor
trsm,float,sm_89,R,N,16,1,8192,cta|blocked|vendor
trsm,float,sm_89,R,N,16,1,32768,cta|blocked|vendor
trsm,float,sm_89,R,N,16,2,128,cta|blocked|vendor
trsm,float,sm_89,R,N,16,2,512,cta|blocked|vendor
trsm,float,sm_89,R,N,16,2,2048,cta|blocked|vendor
trsm,float,sm_89,R,N,16,2,8192,cta|blocked|vendor
trsm,float,sm_89,R,N,16,2,32768,cta|blocked|vendor
trsm,float,sm_89,R,N,16,4,128,cta|blocked|vendor
trsm,float,sm_89,R,N,16,4,512,cta|blocked|vendor
trsm,float,sm_89,R,N,16,4,2048,cta|blocked|vendor
trsm,float,sm_89,R,N,16,4,8192,cta|blocked|vendor
trsm,float,sm_89,R,N,16,4,32768,cta|blocked|vendor
trsm,float,sm_89,R,N,16,8,128,cta|blocked|vendor
trsm,float,sm_89,R,N,16,8,512,cta|blocked|vendor
trsm,float,sm_89,R,N,16,8,2048,cta|blocked|vendor
trsm,float,sm_89,R,N,16,8,8192,cta|blocked|vendor
trsm,float,sm_89,R,N,16,8,32768,cta|blocked|vendor
trsm,float,sm_89,R,N,16,16,128,cta|blocked|vendor
trsm,float,sm_89,R,N,16,16,512,cta|blocked|vendor
trsm,float,sm_89,R,N,16,16,2048,cta|blocked|vendor
trsm,float,sm_89,R,N,16,16,8192,cta|blocked|vendor
trsm,float,sm_89,R,N,16,16,32768,cta|blocked|vendor
trsm,float,sm_89,R,N,16,32,128,cta|blocked|vendor
trsm,float,sm_89,R,N,16,32,512,cta|blocked|vendor
trsm,float,sm_89,R,N,16,32,2048,cta|blocked|vendor
trsm,float,sm_89,R,N,16,32,8192,cta|blocked|vendor
trsm,float,sm_89,R,N,16,32,32768,cta|blocked|vendor
trsm,float,sm_89,R,N,16,64,128,cta|blocked|vendor
trsm,float,sm_89,R,N,16,64,512,cta|blocked|vendor
trsm,float,sm_89,R,N,16,64,2048,cta|blocked|vendor
trsm,float,sm_89,R,N,16,64,8192,cta|blocked|vendor
trsm,float,sm_89,R,N,16,64,32768,cta|blocked|vendor
trsm,float,sm_89,R,N,16,128,128,cta|blocked|vendor
trsm,float,sm_89,R,N,16,128,512,cta|blocked|vendor
trsm,float,sm_89,R,N,16,128,2048,cta|blocked|vendor
trsm,float,sm_89,R,N,16,128,8192,cta|blocked|vendor
trsm,float,sm_89,R,N,16,128,32768,cta|blocked|vendor
trsm,float,sm_89,R,N,16,256,128,cta|blocked|vendor
trsm,float,sm_89,R,N,16,256,512,cta|blocked|vendor
trsm,float,sm_89,R,N,16,256,2048,cta|blocked|vendor
trsm,float,sm_89,R,N,16,256,8192,cta|blocked|vendor
trsm,float,sm_89,R,N,16,256,32768,cta|blocked|vendor
trsm,float,sm_89,R,N,16,512,128,cta|blocked|vendor
trsm,float,sm_89,R,N,16,512,512,cta|blocked|vendor
trsm,float,sm_89,R,N,16,512,2048,cta|blocked|vendor
trsm,float,sm_89,R,N,16,512,8192,cta|blocked|vendor
trsm,float,sm_89,R,N,16,512,32768,cta|blocked|vendor
trsm,float,sm_89,R,N,16,1024,128,cta|blocked|vendor
trsm,float,sm_89,R,N,16,1024,512,cta|blocked|vendor
trsm,float,sm_89,R,N,16,1024,2048,cta|blocked|vendor
trsm,float,sm_89,R,N,16,1024,8192,cta|blocked|vendor
trsm,float,sm_89,R,N,16,1024,32768,cta|blocked|vendor
trsm,float,sm_89,R,N,16,4096,128,cta|blocked|vendor
trsm,float,sm_89,R,N,16,4096,512,cta|blocked|vendor
trsm,float,sm_89,R,N,16,4096,2048,cta|blocked|vendor
trsm,float,sm_89,R,N,16,4096,8192,cta|blocked|vendor
trsm,float,sm_89,R,N,16,4096,32768,cta|blocked|vendor
trsm,float,sm_89,R,N,24,1,128,cta|blocked|vendor
trsm,float,sm_89,R,N,24,1,512,cta|blocked|vendor
trsm,float,sm_89,R,N,24,1,2048,cta|blocked|vendor
trsm,float,sm_89,R,N,24,1,8192,cta|blocked|vendor
trsm,float,sm_89,R,N,24,1,32768,cta|blocked|vendor
trsm,float,sm_89,R,N,24,2,128,cta|blocked|vendor
trsm,float,sm_89,R,N,24,2,512,cta|blocked|vendor
trsm,float,sm_89,R,N,24,2,2048,cta|blocked|vendor
trsm,float,sm_89,R,N,24,2,8192,cta|blocked|vendor
trsm,float,sm_89,R,N,24,2,32768,cta|blocked|vendor
trsm,float,sm_89,R,N,24,4,128,cta|blocked|vendor
trsm,float,sm_89,R,N,24,4,512,cta|blocked|vendor
trsm,float,sm_89,R,N,24,4,2048,cta|blocked|vendor
trsm,float,sm_89,R,N,24,4,8192,cta|blocked|vendor
trsm,float,sm_89,R,N,24,4,32768,cta|blocked|vendor
trsm,float,sm_89,R,N,24,8,128,cta|blocked|vendor
trsm,float,sm_89,R,N,24,8,512,cta|blocked|vendor
trsm,float,sm_89,R,N,24,8,2048,cta|blocked|vendor
trsm,float,sm_89,R,N,24,8,8192,cta|blocked|vendor
trsm,float,sm_89,R,N,24,8,32768,cta|blocked|vendor
trsm,float,sm_89,R,N,24,16,128,cta|blocked|vendor
trsm,float,sm_89,R,N,24,16,512,cta|blocked|vendor
trsm,float,sm_89,R,N,24,16,2048,cta|blocked|vendor
trsm,float,sm_89,R,N,24,16,8192,cta|blocked|vendor
trsm,float,sm_89,R,N,24,16,32768,cta|blocked|vendor
trsm,float,sm_89,R,N,24,32,128,cta|blocked|vendor
trsm,float,sm_89,R,N,24,32,512,cta|blocked|vendor
trsm,float,sm_89,R,N,24,32,2048,cta|blocked|vendor
trsm,float,sm_89,R,N,24,32,8192,cta|blocked|vendor
trsm,float,sm_89,R,N,24,32,32768,cta|blocked|vendor
trsm,float,sm_89,R,N,24,64,128,cta|blocked|vendor
trsm,float,sm_89,R,N,24,64,512,cta|blocked|vendor
trsm,float,sm_89,R,N,24,64,2048,cta|blocked|vendor
trsm,float,sm_89,R,N,24,64,8192,cta|blocked|vendor
trsm,float,sm_89,R,N,24,64,32768,cta|blocked|vendor
trsm,float,sm_89,R,N,24,128,128,cta|blocked|vendor
trsm,float,sm_89,R,N,24,128,512,cta|blocked|vendor
trsm,float,sm_89,R,N,24,128,2048,cta|blocked|vendor
trsm,float,sm_89,R,N,24,128,8192,cta|blocked|vendor
trsm,float,sm_89,R,N,24,128,32768,cta|blocked|vendor
trsm,float,sm_89,R,N,24,256,128,cta|blocked|vendor
trsm,float,sm_89,R,N,24,256,512,cta|blocked|vendor
trsm,float,sm_89,R,N,24,256,2048,cta|blocked|vendor
trsm,float,sm_89,R,N,24,256,8192,cta|blocked|vendor
trsm,float,sm_89,R,N,24,256,32768,cta|blocked|vendor
trsm,float,sm_89,R,N,24,512,128,cta|blocked|vendor
trsm,float,sm_89,R,N,24,512,512,cta|blocked|vendor
trsm,float,sm_89,R,N,24,512,2048,cta|blocked|vendor
trsm,float,sm_89,R,N,24,512,8192,cta|blocked|vendor
trsm,float,sm_89,R,N,24,512,32768,cta|blocked|vendor
trsm,float,sm_89,R,N,24,1024,128,cta|blocked|vendor
trsm,float,sm_89,R,N,24,1024,512,cta|blocked|vendor
trsm,float,sm_89,R,N,24,1024,2048,cta|blocked|vendor
trsm,float,sm_89,R,N,24,1024,8192,cta|blocked|vendor
trsm,float,sm_89,R,N,24,1024,32768,cta|blocked|vendor
trsm,float,sm_89,R,N,24,4096,128,cta|blocked|vendor
trsm,float,sm_89,R,N,24,4096,512,cta|blocked|vendor
trsm,float,sm_89,R,N,24,4096,2048,cta|blocked|vendor
trsm,float,sm_89,R,N,24,4096,8192,cta|blocked|vendor
trsm,float,sm_89,R,N,24,4096,32768,cta|blocked|vendor
trsm,float,sm_89,R,N,32,1,128,cta|blocked|vendor
trsm,float,sm_89,R,N,32,1,512,cta|blocked|vendor
trsm,float,sm_89,R,N,32,1,2048,cta|blocked|vendor
trsm,float,sm_89,R,N,32,1,8192,cta|blocked|vendor
trsm,float,sm_89,R,N,32,1,32768,cta|blocked|vendor
trsm,float,sm_89,R,N,32,2,128,cta|blocked|vendor
trsm,float,sm_89,R,N,32,2,512,cta|blocked|vendor
trsm,float,sm_89,R,N,32,2,2048,cta|blocked|vendor
trsm,float,sm_89,R,N,32,2,8192,cta|blocked|vendor
trsm,float,sm_89,R,N,32,2,32768,cta|blocked|vendor
trsm,float,sm_89,R,N,32,4,128,cta|blocked|vendor
trsm,float,sm_89,R,N,32,4,512,cta|blocked|vendor
trsm,float,sm_89,R,N,32,4,2048,cta|blocked|vendor
trsm,float,sm_89,R,N,32,4,8192,cta|blocked|vendor
trsm,float,sm_89,R,N,32,4,32768,cta|blocked|vendor
trsm,float,sm_89,R,N,32,8,128,cta|blocked|vendor
trsm,float,sm_89,R,N,32,8,512,cta|blocked|vendor
trsm,float,sm_89,R,N,32,8,2048,cta|blocked|vendor
trsm,float,sm_89,R,N,32,8,8192,cta|blocked|vendor
trsm,float,sm_89,R,N,32,8,32768,cta|blocked|vendor
trsm,float,sm_89,R,N,32,16,128,cta|blocked|vendor
trsm,float,sm_89,R,N,32,16,512,cta|blocked|vendor
trsm,float,sm_89,R,N,32,16,2048,cta|blocked|vendor
trsm,float,sm_89,R,N,32,16,8192,cta|blocked|vendor
trsm,float,sm_89,R,N,32,16,32768,cta|blocked|vendor
trsm,float,sm_89,R,N,32,32,128,cta|blocked|vendor
trsm,float,sm_89,R,N,32,32,512,cta|blocked|vendor
trsm,float,sm_89,R,N,32,32,2048,cta|blocked|vendor
trsm,float,sm_89,R,N,32,32,8192,cta|blocked|vendor
trsm,float,sm_89,R,N,32,32,32768,cta|blocked|vendor
trsm,float,sm_89,R,N,32,64,128,cta|blocked|vendor
trsm,float,sm_89,R,N,32,64,512,cta|blocked|vendor
trsm,float,sm_89,R,N,32,64,2048,cta|blocked|vendor
trsm,float,sm_89,R,N,32,64,8192,cta|blocked|vendor
trsm,float,sm_89,R,N,32,64,32768,cta|blocked|vendor
trsm,float,sm_89,R,N,32,128,128,cta|blocked|vendor
trsm,float,sm_89,R,N,32,128,512,cta|blocked|vendor
trsm,float,sm_89,R,N,32,128,2048,cta|blocked|vendor
trsm,float,sm_89,R,N,32,128,8192,cta|blocked|vendor
trsm,float,sm_89,R,N,32,128,32768,cta|blocked|vendor
trsm,float,sm_89,R,N,32,256,128,cta|blocked|vendor
trsm,float,sm_89,R,N,32,256,512,cta|blocked|vendor
trsm,float,sm_89,R,N,32,256,2048,cta|blocked|vendor
trsm,float,sm_89,R,N,32,256,8192,cta|blocked|vendor
trsm,float,sm_89,R,N,32,256,32768,cta|blocked|vendor
trsm,float,sm_89,R,N,32,512,128,cta|blocked|vendor
trsm,float,sm_89,R,N,32,512,512,cta|blocked|vendor
trsm,float,sm_89,R,N,32,512,2048,cta|blocked|vendor
trsm,float,sm_89,R,N,32,512,8192,cta|blocked|vendor
trsm,float,sm_89,R,N,32,512,32768,cta|blocked|vendor
trsm,float,sm_89,R,N,32,1024,128,cta|blocked|vendor
trsm,float,sm_89,R,N,32,1024,512,cta|blocked|vendor
trsm,float,sm_89,R,N,32,1024,2048,cta|blocked|vendor
trsm,float,sm_89,R,N,32,1024,8192,cta|blocked|vendor
trsm,float,sm_89,R,N,32,1024,32768,cta|blocked|vendor
trsm,float,sm_89,R,N,32,4096,128,cta|blocked|vendor
trsm,float,sm_89,R,N,32,4096,512,cta|blocked|vendor
trsm,float,sm_89,R,N,32,4096,2048,cta|blocked|vendor
trsm,float,sm_89,R,N,32,4096,8192,cta|blocked|vendor
trsm,float,sm_89,R,N,32,4096,32768,cta|blocked|vendor
trsm,float,sm_89,R,N,48,1,128,blocked|vendor
trsm,float,sm_89,R,N,48,1,512,blocked|vendor
trsm,float,sm_89,R,N,48,1,2048,blocked|vendor
trsm,float,sm_89,R,N,48,1,8192,blocked|vendor
trsm,float,sm_89,R,N,48,1,32768,blocked|vendor
trsm,float,sm_89,R,N,48,2,128,blocked|vendor
trsm,float,sm_89,R,N,48,2,512,blocked|vendor
trsm,float,sm_89,R,N,48,2,2048,blocked|vendor
trsm,float,sm_89,R,N,48,2,8192,blocked|vendor
trsm,float,sm_89,R,N,48,2,32768,blocked|vendor
trsm,float,sm_89,R,N,48,4,128,blocked|vendor
trsm,float,sm_89,R,N,48,4,512,blocked|vendor
trsm,float,sm_89,R,N,48,4,2048,blocked|vendor
trsm,float,sm_89,R,N,48,4,8192,blocked|vendor
trsm,float,sm_89,R,N,48,4,32768,blocked|vendor
trsm,float,sm_89,R,N,48,8,128,blocked|vendor
trsm,float,sm_89,R,N,48,8,512,blocked|vendor
trsm,float,sm_89,R,N,48,8,2048,blocked|vendor
trsm,float,sm_89,R,N,48,8,8192,blocked|vendor
trsm,float,sm_89,R,N,48,8,32768,blocked|vendor
trsm,float,sm_89,R,N,48,16,128,blocked|vendor
trsm,float,sm_89,R,N,48,16,512,blocked|vendor
trsm,float,sm_89,R,N,48,16,2048,blocked|vendor
trsm,float,sm_89,R,N,48,16,8192,blocked|vendor
trsm,float,sm_89,R,N,48,16,32768,blocked|vendor
trsm,float,sm_89,R,N,48,32,128,blocked|vendor
trsm,float,sm_89,R,N,48,32,512,blocked|vendor
trsm,float,sm_89,R,N,48,32,2048,blocked|vendor
trsm,float,sm_89,R,N,48,32,8192,blocked|vendor
trsm,float,sm_89,R,N,48,32,32768,blocked|vendor
trsm,float,sm_89,R,N,48,64,128,blocked|vendor
trsm,float,sm_89,R,N,48,64,512,blocked|vendor
trsm,float,sm_89,R,N,48,64,2048,blocked|vendor
trsm,float,sm_89,R,N,48,64,8192,blocked|vendor
trsm,float,sm_89,R,N,48,64,32768,blocked|vendor
trsm,float,sm_89,R,N,48,128,128,blocked|vendor
trsm,float,sm_89,R,N,48,128,512,blocked|vendor
trsm,float,sm_89,R,N,48,128,2048,blocked|vendor
trsm,float,sm_89,R,N,48,128,8192,blocked|vendor
trsm,float,sm_89,R,N,48,128,32768,blocked|vendor
trsm,float,sm_89,R,N,48,256,128,blocked|vendor
trsm,float,sm_89,R,N,48,256,512,blocked|vendor
trsm,float,sm_89,R,N,48,256,2048,blocked|vendor
trsm,float,sm_89,R,N,48,256,8192,blocked|vendor
trsm,float,sm_89,R,N,48,256,32768,blocked|vendor
trsm,float,sm_89,R,N,48,512,128,blocked|vendor
trsm,float,sm_89,R,N,48,512,512,blocked|vendor
trsm,float,sm_89,R,N,48,512,2048,blocked|vendor
trsm,float,sm_89,R,N,48,512,8192,blocked|vendor
trsm,float,sm_89,R,N,48,512,32768,blocked|vendor
trsm,float,sm_89,R,N,48,1024,128,blocked|vendor
trsm,float,sm_89,R,N,48,1024,512,blocked|vendor
trsm,float,sm_89,R,N,48,1024,2048,blocked|vendor
trsm,float,sm_89,R,N,48,1024,8192,blocked|vendor
trsm,float,sm_89,R,N,48,1024,32768,blocked|vendor
trsm,float,sm_89,R,N,48,4096,128,blocked|vendor
trsm,float,sm_89,R,N,48,4096,512,blocked|vendor
trsm,float,sm_89,R,N,48,4096,2048,blocked|vendor
trsm,float,sm_89,R,N,48,4096,8192,blocked|vendor
trsm,float,sm_89,R,N,48,4096,32768,blocked|vendor
trsm,float,sm_89,R,N,64,1,128,blocked|vendor
trsm,float,sm_89,R,N,64,1,512,blocked|vendor
trsm,float,sm_89,R,N,64,1,2048,blocked|vendor
trsm,float,sm_89,R,N,64,1,8192,blocked|vendor
trsm,float,sm_89,R,N,64,1,32768,blocked|vendor
trsm,float,sm_89,R,N,64,2,128,blocked|vendor
trsm,float,sm_89,R,N,64,2,512,blocked|vendor
trsm,float,sm_89,R,N,64,2,2048,blocked|vendor
trsm,float,sm_89,R,N,64,2,8192,blocked|vendor
trsm,float,sm_89,R,N,64,2,32768,blocked|vendor
trsm,float,sm_89,R,N,64,4,128,blocked|vendor
trsm,float,sm_89,R,N,64,4,512,blocked|vendor
trsm,float,sm_89,R,N,64,4,2048,blocked|vendor
trsm,float,sm_89,R,N,64,4,8192,blocked|vendor
trsm,float,sm_89,R,N,64,4,32768,blocked|vendor
trsm,float,sm_89,R,N,64,8,128,blocked|vendor
trsm,float,sm_89,R,N,64,8,512,blocked|vendor
trsm,float,sm_89,R,N,64,8,2048,blocked|vendor
trsm,float,sm_89,R,N,64,8,8192,blocked|vendor
trsm,float,sm_89,R,N,64,8,32768,blocked|vendor
trsm,float,sm_89,R,N,64,16,128,blocked|vendor
trsm,float,sm_89,R,N,64,16,512,blocked|vendor
trsm,float,sm_89,R,N,64,16,2048,blocked|vendor
trsm,float,sm_89,R,N,64,16,8192,blocked|vendor
trsm,float,sm_89,R,N,64,16,32768,blocked|vendor
trsm,float,sm_89,R,N,64,32,128,blocked|vendor
trsm,float,sm_89,R,N,64,32,512,blocked|vendor
trsm,float,sm_89,R,N,64,32,2048,blocked|vendor
trsm,float,sm_89,R,N,64,32,8192,blocked|vendor
trsm,float,sm_89,R,N,64,32,32768,blocked|vendor
trsm,float,sm_89,R,N,64,64,128,blocked|vendor
trsm,float,sm_89,R,N,64,64,512,blocked|vendor
trsm,float,sm_89,R,N,64,64,2048,blocked|vendor
trsm,float,sm_89,R,N,64,64,8192,blocked|vendor
trsm,float,sm_89,R,N,64,64,32768,blocked|vendor
trsm,float,sm_89,R,N,64,128,128,blocked|vendor
trsm,float,sm_89,R,N,64,128,512,blocked|vendor
trsm,float,sm_89,R,N,64,128,2048,blocked|vendor
trsm,float,sm_89,R,N,64,128,8192,blocked|vendor
trsm,float,sm_89,R,N,64,128,32768,blocked|vendor
trsm,float,sm_89,R,N,64,256,128,blocked|vendor
trsm,float,sm_89,R,N,64,256,512,blocked|vendor
trsm,float,sm_89,R,N,64,256,2048,blocked|vendor
trsm,float,sm_89,R,N,64,256,8192,blocked|vendor
trsm,float,sm_89,R,N,64,256,32768,blocked|vendor
trsm,float,sm_89,R,N,64,512,128,blocked|vendor
trsm,float,sm_89,R,N,64,512,512,blocked|vendor
trsm,float,sm_89,R,N,64,512,2048,blocked|vendor
trsm,float,sm_89,R,N,64,512,8192,blocked|vendor
trsm,float,sm_89,R,N,64,512,32768,blocked|vendor
trsm,float,sm_89,R,N,64,1024,128,blocked|vendor
trsm,float,sm_89,R,N,64,1024,512,blocked|vendor
trsm,float,sm_89,R,N,64,1024,2048,blocked|vendor
trsm,float,sm_89,R,N,64,1024,8192,blocked|vendor
trsm,float,sm_89,R,N,64,1024,32768,blocked|vendor
trsm,float,sm_89,R,N,64,4096,128,blocked|vendor
trsm,float,sm_89,R,N,64,4096,512,blocked|vendor
trsm,float,sm_89,R,N,64,4096,2048,blocked|vendor
trsm,float,sm_89,R,N,64,4096,8192,blocked|vendor
trsm,float,sm_89,R,N,64,4096,32768,blocked|vendor
trsm,float,sm_89,R,N,96,1,128,blocked|vendor
trsm,float,sm_89,R,N,96,1,512,blocked|vendor
trsm,float,sm_89,R,N,96,1,2048,blocked|vendor
trsm,float,sm_89,R,N,96,1,8192,blocked|vendor
trsm,float,sm_89,R,N,96,1,32768,blocked|vendor
trsm,float,sm_89,R,N,96,2,128,blocked|vendor
trsm,float,sm_89,R,N,96,2,512,blocked|vendor
trsm,float,sm_89,R,N,96,2,2048,blocked|vendor
trsm,float,sm_89,R,N,96,2,8192,blocked|vendor
trsm,float,sm_89,R,N,96,2,32768,blocked|vendor
trsm,float,sm_89,R,N,96,4,128,blocked|vendor
trsm,float,sm_89,R,N,96,4,512,blocked|vendor
trsm,float,sm_89,R,N,96,4,2048,blocked|vendor
trsm,float,sm_89,R,N,96,4,8192,blocked|vendor
trsm,float,sm_89,R,N,96,4,32768,blocked|vendor
trsm,float,sm_89,R,N,96,8,128,blocked|vendor
trsm,float,sm_89,R,N,96,8,512,blocked|vendor
trsm,float,sm_89,R,N,96,8,2048,blocked|vendor
trsm,float,sm_89,R,N,96,8,8192,blocked|vendor
trsm,float,sm_89,R,N,96,8,32768,blocked|vendor
trsm,float,sm_89,R,N,96,16,128,blocked|vendor
trsm,float,sm_89,R,N,96,16,512,blocked|vendor
trsm,float,sm_89,R,N,96,16,2048,blocked|vendor
trsm,float,sm_89,R,N,96,16,8192,blocked|vendor
trsm,float,sm_89,R,N,96,16,32768,blocked|vendor
trsm,float,sm_89,R,N,96,32,128,blocked|vendor
trsm,float,sm_89,R,N,96,32,512,blocked|vendor
trsm,float,sm_89,R,N,96,32,2048,blocked|vendor
trsm,float,sm_89,R,N,96,32,8192,blocked|vendor
trsm,float,sm_89,R,N,96,32,32768,blocked|vendor
trsm,float,sm_89,R,N,96,64,128,blocked|vendor
trsm,float,sm_89,R,N,96,64,512,blocked|vendor
trsm,float,sm_89,R,N,96,64,2048,blocked|vendor
trsm,float,sm_89,R,N,96,64,8192,blocked|vendor
trsm,float,sm_89,R,N,96,64,32768,blocked|vendor
trsm,float,sm_89,R,N,96,128,128,blocked|vendor
trsm,float,sm_89,R,N,96,128,512,blocked|vendor
trsm,float,sm_89,R,N,96,128,2048,blocked|vendor
trsm,float,sm_89,R,N,96,128,8192,blocked|vendor
trsm,float,sm_89,R,N,96,128,32768,blocked|vendor
trsm,float,sm_89,R,N,96,256,128,blocked|vendor
trsm,float,sm_89,R,N,96,256,512,blocked|vendor
trsm,float,sm_89,R,N,96,256,2048,blocked|vendor
trsm,float,sm_89,R,N,96,256,8192,blocked|vendor
trsm,float,sm_89,R,N,96,256,32768,blocked|vendor
trsm,float,sm_89,R,N,96,512,128,blocked|vendor
trsm,float,sm_89,R,N,96,512,512,blocked|vendor
trsm,float,sm_89,R,N,96,512,2048,blocked|vendor
trsm,float,sm_89,R,N,96,512,8192,blocked|vendor
trsm,float,sm_89,R,N,96,512,32768,blocked|vendor
trsm,float,sm_89,R,N,96,1024,128,blocked|vendor
trsm,float,sm_89,R,N,96,1024,512,blocked|vendor
trsm,float,sm_89,R,N,96,1024,2048,blocked|vendor
trsm,float,sm_89,R,N,96,1024,8192,blocked|vendor
trsm,float,sm_89,R,N,96,1024,32768,blocked|vendor
trsm,float,sm_89,R,N,96,4096,128,blocked|vendor
trsm,float,sm_89,R,N,96,4096,512,blocked|vendor
trsm,float,sm_89,R,N,96,4096,2048,blocked|vendor
trsm,float,sm_89,R,N,96,4096,8192,blocked|vendor
trsm,float,sm_89,R,N,96,4096,32768,blocked|vendor
trsm,float,sm_89,R,N,128,1,128,blocked|vendor
trsm,float,sm_89,R,N,128,1,512,blocked|vendor
trsm,float,sm_89,R,N,128,1,2048,blocked|vendor
trsm,float,sm_89,R,N,128,1,8192,blocked|vendor
trsm,float,sm_89,R,N,128,1,32768,blocked|vendor
trsm,float,sm_89,R,N,128,2,128,blocked|vendor
trsm,float,sm_89,R,N,128,2,512,blocked|vendor
trsm,float,sm_89,R,N,128,2,2048,blocked|vendor
trsm,float,sm_89,R,N,128,2,8192,blocked|vendor
trsm,float,sm_89,R,N,128,2,32768,blocked|vendor
trsm,float,sm_89,R,N,128,4,128,blocked|vendor
trsm,float,sm_89,R,N,128,4,512,blocked|vendor
trsm,float,sm_89,R,N,128,4,2048,blocked|vendor
trsm,float,sm_89,R,N,128,4,8192,blocked|vendor
trsm,float,sm_89,R,N,128,4,32768,blocked|vendor
trsm,float,sm_89,R,N,128,8,128,blocked|vendor
trsm,float,sm_89,R,N,128,8,512,blocked|vendor
trsm,float,sm_89,R,N,128,8,2048,blocked|vendor
trsm,float,sm_89,R,N,128,8,8192,blocked|vendor
trsm,float,sm_89,R,N,128,8,32768,blocked|vendor
trsm,float,sm_89,R,N,128,16,128,blocked|vendor
trsm,float,sm_89,R,N,128,16,512,blocked|vendor
trsm,float,sm_89,R,N,128,16,2048,blocked|vendor
trsm,float,sm_89,R,N,128,16,8192,blocked|vendor
trsm,float,sm_89,R,N,128,16,32768,blocked|vendor
trsm,float,sm_89,R,N,128,32,128,blocked|vendor
trsm,float,sm_89,R,N,128,32,512,blocked|vendor
trsm,float,sm_89,R,N,128,32,2048,blocked|vendor
trsm,float,sm_89,R,N,128,32,8192,blocked|vendor
trsm,float,sm_89,R,N,128,32,32768,blocked|vendor
trsm,float,sm_89,R,N,128,64,128,blocked|vendor
trsm,float,sm_89,R,N,128,64,512,blocked|vendor
trsm,float,sm_89,R,N,128,64,2048,blocked|vendor
trsm,float,sm_89,R,N,128,64,8192,blocked|vendor
trsm,float,sm_89,R,N,128,64,32768,blocked|vendor
trsm,float,sm_89,R,N,128,128,128,blocked|vendor
trsm,float,sm_89,R,N,128,128,512,blocked|vendor
trsm,float,sm_89,R,N,128,128,2048,blocked|vendor
trsm,float,sm_89,R,N,128,128,8192,blocked|vendor
trsm,float,sm_89,R,N,128,128,32768,blocked|vendor
trsm,float,sm_89,R,N,128,256,128,blocked|vendor
trsm,float,sm_89,R,N,128,256,512,blocked|vendor
trsm,float,sm_89,R,N,128,256,2048,blocked|vendor
trsm,float,sm_89,R,N,128,256,8192,blocked|vendor
trsm,float,sm_89,R,N,128,256,32768,blocked|vendor
trsm,float,sm_89,R,N,128,512,128,blocked|vendor
trsm,float,sm_89,R,N,128,512,512,blocked|vendor
trsm,float,sm_89,R,N,128,512,2048,blocked|vendor
trsm,float,sm_89,R,N,128,512,8192,blocked|vendor
trsm,float,sm_89,R,N,128,512,32768,blocked|vendor
trsm,float,sm_89,R,N,128,1024,128,blocked|vendor
trsm,float,sm_89,R,N,128,1024,512,blocked|vendor
trsm,float,sm_89,R,N,128,1024,2048,blocked|vendor
trsm,float,sm_89,R,N,128,1024,8192,blocked|vendor
trsm,float,sm_89,R,N,128,1024,32768,blocked|vendor
trsm,float,sm_89,R,N,128,4096,128,blocked|vendor
trsm,float,sm_89,R,N,128,4096,512,blocked|vendor
trsm,float,sm_89,R,N,128,4096,2048,blocked|vendor
trsm,float,sm_89,R,N,128,4096,8192,blocked|vendor
trsm,float,sm_89,R,N,128,4096,32768,blocked|vendor
trsm,float,sm_89,R,N,192,1,128,blocked|vendor
trsm,float,sm_89,R,N,192,1,512,blocked|vendor
trsm,float,sm_89,R,N,192,1,2048,blocked|vendor
trsm,float,sm_89,R,N,192,1,8192,blocked|vendor
trsm,float,sm_89,R,N,192,1,32768,blocked|vendor
trsm,float,sm_89,R,N,192,2,128,blocked|vendor
trsm,float,sm_89,R,N,192,2,512,blocked|vendor
trsm,float,sm_89,R,N,192,2,2048,blocked|vendor
trsm,float,sm_89,R,N,192,2,8192,blocked|vendor
trsm,float,sm_89,R,N,192,2,32768,blocked|vendor
trsm,float,sm_89,R,N,192,4,128,blocked|vendor
trsm,float,sm_89,R,N,192,4,512,blocked|vendor
trsm,float,sm_89,R,N,192,4,2048,blocked|vendor
trsm,float,sm_89,R,N,192,4,8192,blocked|vendor
trsm,float,sm_89,R,N,192,4,32768,blocked|vendor
trsm,float,sm_89,R,N,192,8,128,blocked|vendor
trsm,float,sm_89,R,N,192,8,512,blocked|vendor
trsm,float,sm_89,R,N,192,8,2048,blocked|vendor
trsm,float,sm_89,R,N,192,8,8192,blocked|vendor
trsm,float,sm_89,R,N,192,8,32768,blocked|vendor
trsm,float,sm_89,R,N,192,16,128,blocked|vendor
trsm,float,sm_89,R,N,192,16,512,blocked|vendor
trsm,float,sm_89,R,N,192,16,2048,blocked|vendor
trsm,float,sm_89,R,N,192,16,8192,blocked|vendor
trsm,float,sm_89,R,N,192,16,32768,blocked|vendor
trsm,float,sm_89,R,N,192,32,128,blocked|vendor
trsm,float,sm_89,R,N,192,32,512,blocked|vendor
trsm,float,sm_89,R,N,192,32,2048,blocked|vendor
trsm,float,sm_89,R,N,192,32,8192,blocked|vendor
trsm,float,sm_89,R,N,192,32,32768,blocked|vendor
trsm,float,sm_89,R,N,192,64,128,blocked|vendor
trsm,float,sm_89,R,N,192,64,512,blocked|vendor
trsm,float,sm_89,R,N,192,64,2048,blocked|vendor
trsm,float,sm_89,R,N,192,64,8192,blocked|vendor
trsm,float,sm_89,R,N,192,64,32768,blocked|vendor
trsm,float,sm_89,R,N,192,128,128,blocked|vendor
trsm,float,sm_89,R,N,192,128,512,blocked|vendor
trsm,float,sm_89,R,N,192,128,2048,blocked|vendor
trsm,float,sm_89,R,N,192,128,8192,blocked|vendor
trsm,float,sm_89,R,N,192,128,32768,blocked|vendor
trsm,float,sm_89,R,N,192,256,128,blocked|vendor
trsm,float,sm_89,R,N,192,256,512,blocked|vendor
trsm,float,sm_89,R,N,192,256,2048,blocked|vendor
trsm,float,sm_89,R,N,192,256,8192,blocked|vendor
trsm,float,sm_89,R,N,192,256,32768,blocked|vendor
trsm,float,sm_89,R,N,192,512,128,blocked|vendor
trsm,float,sm_89,R,N,192,512,512,blocked|vendor
trsm,float,sm_89,R,N,192,512,2048,blocked|vendor
trsm,float,sm_89,R,N,192,512,8192,blocked|vendor
trsm,float,sm_89,R,N,192,512,32768,blocked|vendor
trsm,float,sm_89,R,N,192,1024,128,blocked|vendor
trsm,float,sm_89,R,N,192,1024,512,blocked|vendor
trsm,float,sm_89,R,N,192,1024,2048,blocked|vendor
trsm,float,sm_89,R,N,192,1024,8192,blocked|vendor
trsm,float,sm_89,R,N,192,1024,32768,blocked|vendor
trsm,float,sm_89,R,N,192,4096,128,blocked|vendor
trsm,float,sm_89,R,N,192,4096,512,blocked|vendor
trsm,float,sm_89,R,N,192,4096,2048,blocked|vendor
trsm,float,sm_89,R,N,192,4096,8192,blocked|vendor
trsm,float,sm_89,R,N,192,4096,32768,blocked|vendor
trsm,float,sm_89,R,N,256,1,128,blocked|vendor
trsm,float,sm_89,R,N,256,1,512,blocked|vendor
trsm,float,sm_89,R,N,256,1,2048,blocked|vendor
trsm,float,sm_89,R,N,256,1,8192,blocked|vendor
trsm,float,sm_89,R,N,256,1,32768,blocked|vendor
trsm,float,sm_89,R,N,256,2,128,blocked|vendor
trsm,float,sm_89,R,N,256,2,512,blocked|vendor
trsm,float,sm_89,R,N,256,2,2048,blocked|vendor
trsm,float,sm_89,R,N,256,2,8192,blocked|vendor
trsm,float,sm_89,R,N,256,2,32768,blocked|vendor
trsm,float,sm_89,R,N,256,4,128,blocked|vendor
trsm,float,sm_89,R,N,256,4,512,blocked|vendor
trsm,float,sm_89,R,N,256,4,2048,blocked|vendor
trsm,float,sm_89,R,N,256,4,8192,blocked|vendor
trsm,float,sm_89,R,N,256,4,32768,blocked|vendor
trsm,float,sm_89,R,N,256,8,128,blocked|vendor
trsm,float,sm_89,R,N,256,8,512,blocked|vendor
trsm,float,sm_89,R,N,256,8,2048,blocked|vendor
trsm,float,sm_89,R,N,256,8,8192,blocked|vendor
trsm,float,sm_89,R,N,256,8,32768,blocked|vendor
trsm,float,sm_89,R,N,256,16,128,blocked|vendor
trsm,float,sm_89,R,N,256,16,512,blocked|vendor
trsm,float,sm_89,R,N,256,16,2048,blocked|vendor
trsm,float,sm_89,R,N,256,16,8192,blocked|vendor
trsm,float,sm_89,R,N,256,16,32768,blocked|vendor
trsm,float,sm_89,R,N,256,32,128,blocked|vendor
trsm,float,sm_89,R,N,256,32,512,blocked|vendor
trsm,float,sm_89,R,N,256,32,2048,blocked|vendor
trsm,float,sm_89,R,N,256,32,8192,blocked|vendor
trsm,float,sm_89,R,N,256,32,32768,blocked|vendor
trsm,float,sm_89,R,N,256,64,128,blocked|vendor
trsm,float,sm_89,R,N,256,64,512,blocked|vendor
trsm,float,sm_89,R,N,256,64,2048,blocked|vendor
trsm,float,sm_89,R,N,256,64,8192,blocked|vendor
trsm,float,sm_89,R,N,256,64,32768,blocked|vendor
trsm,float,sm_89,R,N,256,128,128,blocked|vendor
trsm,float,sm_89,R,N,256,128,512,blocked|vendor
trsm,float,sm_89,R,N,256,128,2048,blocked|vendor
trsm,float,sm_89,R,N,256,128,8192,blocked|vendor
trsm,float,sm_89,R,N,256,128,32768,blocked|vendor
trsm,float,sm_89,R,N,256,256,128,blocked|vendor
trsm,float,sm_89,R,N,256,256,512,blocked|vendor
trsm,float,sm_89,R,N,256,256,2048,blocked|vendor
trsm,float,sm_89,R,N,256,256,8192,blocked|vendor
trsm,float,sm_89,R,N,256,256,32768,blocked|vendor
trsm,float,sm_89,R,N,256,512,128,blocked|vendor
trsm,float,sm_89,R,N,256,512,512,blocked|vendor
trsm,float,sm_89,R,N,256,512,2048,blocked|vendor
trsm,float,sm_89,R,N,256,512,8192,blocked|vendor
trsm,float,sm_89,R,N,256,512,32768,blocked|vendor
trsm,float,sm_89,R,N,256,1024,128,blocked|vendor
trsm,float,sm_89,R,N,256,1024,512,blocked|vendor
trsm,float,sm_89,R,N,256,1024,2048,blocked|vendor
trsm,float,sm_89,R,N,256,1024,8192,blocked|vendor
trsm,float,sm_89,R,N,256,1024,32768,blocked|vendor
trsm,float,sm_89,R,N,256,4096,128,blocked|vendor
trsm,float,sm_89,R,N,256,4096,512,blocked|vendor
trsm,float,sm_89,R,N,256,4096,2048,blocked|vendor
trsm,float,sm_89,R,N,256,4096,8192,blocked|vendor
trsm,float,sm_89,R,N,256,4096,32768,blocked|vendor
trsm,float,sm_89,R,N,384,1,128,blocked|vendor
trsm,float,sm_89,R,N,384,1,512,blocked|vendor
trsm,float,sm_89,R,N,384,1,2048,blocked|vendor
trsm,float,sm_89,R,N,384,1,8192,blocked|vendor
trsm,float,sm_89,R,N,384,1,32768,blocked|vendor
trsm,float,sm_89,R,N,384,2,128,blocked|vendor
trsm,float,sm_89,R,N,384,2,512,blocked|vendor
trsm,float,sm_89,R,N,384,2,2048,blocked|vendor
trsm,float,sm_89,R,N,384,2,8192,blocked|vendor
trsm,float,sm_89,R,N,384,2,32768,blocked|vendor
trsm,float,sm_89,R,N,384,4,128,blocked|vendor
trsm,float,sm_89,R,N,384,4,512,blocked|vendor
trsm,float,sm_89,R,N,384,4,2048,blocked|vendor
trsm,float,sm_89,R,N,384,4,8192,blocked|vendor
trsm,float,sm_89,R,N,384,4,32768,blocked|vendor
trsm,float,sm_89,R,N,384,8,128,blocked|vendor
trsm,float,sm_89,R,N,384,8,512,blocked|vendor
trsm,float,sm_89,R,N,384,8,2048,blocked|vendor
trsm,float,sm_89,R,N,384,8,8192,blocked|vendor
trsm,float,sm_89,R,N,384,8,32768,blocked|vendor
trsm,float,sm_89,R,N,384,16,128,blocked|vendor
trsm,float,sm_89,R,N,384,16,512,blocked|vendor
trsm,float,sm_89,R,N,384,16,2048,blocked|vendor
trsm,float,sm_89,R,N,384,16,8192,blocked|vendor
trsm,float,sm_89,R,N,384,16,32768,blocked|vendor
trsm,float,sm_89,R,N,384,32,128,blocked|vendor
trsm,float,sm_89,R,N,384,32,512,blocked|vendor
trsm,float,sm_89,R,N,384,32,2048,blocked|vendor
trsm,float,sm_89,R,N,384,32,8192,blocked|vendor
trsm,float,sm_89,R,N,384,32,32768,blocked|vendor
trsm,float,sm_89,R,N,384,64,128,blocked|vendor
trsm,float,sm_89,R,N,384,64,512,blocked|vendor
trsm,float,sm_89,R,N,384,64,2048,blocked|vendor
trsm,float,sm_89,R,N,384,64,8192,blocked|vendor
trsm,float,sm_89,R,N,384,64,32768,blocked|vendor
trsm,float,sm_89,R,N,384,128,128,blocked|vendor
trsm,float,sm_89,R,N,384,128,512,blocked|vendor
trsm,float,sm_89,R,N,384,128,2048,blocked|vendor
trsm,float,sm_89,R,N,384,128,8192,blocked|vendor
trsm,float,sm_89,R,N,384,128,32768,blocked|vendor
trsm,float,sm_89,R,N,384,256,128,blocked|vendor
trsm,float,sm_89,R,N,384,256,512,blocked|vendor
trsm,float,sm_89,R,N,384,256,2048,blocked|vendor
trsm,float,sm_89,R,N,384,256,8192,blocked|vendor
trsm,float,sm_89,R,N,384,256,32768,blocked|vendor
trsm,float,sm_89,R,N,384,512,128,blocked|vendor
trsm,float,sm_89,R,N,384,512,512,blocked|vendor
trsm,float,sm_89,R,N,384,512,2048,blocked|vendor
trsm,float,sm_89,R,N,384,512,8192,blocked|vendor
trsm,float,sm_89,R,N,384,512,32768,blocked|vendor
trsm,float,sm_89,R,N,384,1024,128,blocked|vendor
trsm,float,sm_89,R,N,384,1024,512,blocked|vendor
trsm,float,sm_89,R,N,384,1024,2048,blocked|vendor
trsm,float,sm_89,R,N,384,1024,8192,blocked|vendor
trsm,float,sm_89,R,N,384,1024,32768,blocked|vendor
trsm,float,sm_89,R,N,384,4096,128,blocked|vendor
trsm,float,sm_89,R,N,384,4096,512,blocked|vendor
trsm,float,sm_89,R,N,384,4096,2048,blocked|vendor
trsm,float,sm_89,R,N,384,4096,8192,blocked|vendor
trsm,float,sm_89,R,N,384,4096,32768,blocked|vendor
trsm,float,sm_89,R,N,512,1,128,blocked|vendor
trsm,float,sm_89,R,N,512,1,512,blocked|vendor
trsm,float,sm_89,R,N,512,1,2048,blocked|vendor
trsm,float,sm_89,R,N,512,1,8192,blocked|vendor
trsm,float,sm_89,R,N,512,1,32768,blocked|vendor
trsm,float,sm_89,R,N,512,2,128,blocked|vendor
trsm,float,sm_89,R,N,512,2,512,blocked|vendor
trsm,float,sm_89,R,N,512,2,2048,blocked|vendor
trsm,float,sm_89,R,N,512,2,8192,blocked|vendor
trsm,float,sm_89,R,N,512,2,32768,blocked|vendor
trsm,float,sm_89,R,N,512,4,128,blocked|vendor
trsm,float,sm_89,R,N,512,4,512,blocked|vendor
trsm,float,sm_89,R,N,512,4,2048,blocked|vendor
trsm,float,sm_89,R,N,512,4,8192,blocked|vendor
trsm,float,sm_89,R,N,512,4,32768,blocked|vendor
trsm,float,sm_89,R,N,512,8,128,blocked|vendor
trsm,float,sm_89,R,N,512,8,512,blocked|vendor
trsm,float,sm_89,R,N,512,8,2048,blocked|vendor
trsm,float,sm_89,R,N,512,8,8192,blocked|vendor
trsm,float,sm_89,R,N,512,8,32768,blocked|vendor
trsm,float,sm_89,R,N,512,16,128,blocked|vendor
trsm,float,sm_89,R,N,512,16,512,blocked|vendor
trsm,float,sm_89,R,N,512,16,2048,blocked|vendor
trsm,float,sm_89,R,N,512,16,8192,blocked|vendor
trsm,float,sm_89,R,N,512,16,32768,blocked|vendor
trsm,float,sm_89,R,N,512,32,128,blocked|vendor
trsm,float,sm_89,R,N,512,32,512,blocked|vendor
trsm,float,sm_89,R,N,512,32,2048,blocked|vendor
trsm,float,sm_89,R,N,512,32,8192,blocked|vendor
trsm,float,sm_89,R,N,512,32,32768,blocked|vendor
trsm,float,sm_89,R,N,512,64,128,blocked|vendor
trsm,float,sm_89,R,N,512,64,512,blocked|vendor
trsm,float,sm_89,R,N,512,64,2048,blocked|vendor
trsm,float,sm_89,R,N,512,64,8192,blocked|vendor
trsm,float,sm_89,R,N,512,64,32768,blocked|vendor
trsm,float,sm_89,R,N,512,128,128,blocked|vendor
trsm,float,sm_89,R,N,512,128,512,blocked|vendor
trsm,float,sm_89,R,N,512,128,2048,blocked|vendor
trsm,float,sm_89,R,N,512,128,8192,blocked|vendor
trsm,float,sm_89,R,N,512,128,32768,blocked|vendor
trsm,float,sm_89,R,N,512,256,128,blocked|vendor
trsm,float,sm_89,R,N,512,256,512,blocked|vendor
trsm,float,sm_89,R,N,512,256,2048,blocked|vendor
trsm,float,sm_89,R,N,512,256,8192,blocked|vendor
trsm,float,sm_89,R,N,512,256,32768,blocked|vendor
trsm,float,sm_89,R,N,512,512,128,blocked|vendor
trsm,float,sm_89,R,N,512,512,512,blocked|vendor
trsm,float,sm_89,R,N,512,512,2048,blocked|vendor
trsm,float,sm_89,R,N,512,512,8192,blocked|vendor
trsm,float,sm_89,R,N,512,512,32768,blocked|vendor
trsm,float,sm_89,R,N,512,1024,128,blocked|vendor
trsm,float,sm_89,R,N,512,1024,512,blocked|vendor
trsm,float,sm_89,R,N,512,1024,2048,blocked|vendor
trsm,float,sm_89,R,N,512,1024,8192,blocked|vendor
trsm,float,sm_89,R,N,512,1024,32768,blocked|vendor
trsm,float,sm_89,R,N,512,4096,128,blocked|vendor
trsm,float,sm_89,R,N,512,4096,512,blocked|vendor
trsm,float,sm_89,R,N,512,4096,2048,blocked|vendor
trsm,float,sm_89,R,N,512,4096,8192,blocked|vendor
trsm,float,sm_89,R,N,512,4096,32768,blocked|vendor
trsm,float,sm_89,R,N,768,1,128,blocked|vendor
trsm,float,sm_89,R,N,768,1,512,blocked|vendor
trsm,float,sm_89,R,N,768,1,2048,blocked|vendor
trsm,float,sm_89,R,N,768,1,8192,blocked|vendor
trsm,float,sm_89,R,N,768,1,32768,blocked|vendor
trsm,float,sm_89,R,N,768,2,128,blocked|vendor
trsm,float,sm_89,R,N,768,2,512,blocked|vendor
trsm,float,sm_89,R,N,768,2,2048,blocked|vendor
trsm,float,sm_89,R,N,768,2,8192,blocked|vendor
trsm,float,sm_89,R,N,768,2,32768,blocked|vendor
trsm,float,sm_89,R,N,768,4,128,blocked|vendor
trsm,float,sm_89,R,N,768,4,512,blocked|vendor
trsm,float,sm_89,R,N,768,4,2048,blocked|vendor
trsm,float,sm_89,R,N,768,4,8192,blocked|vendor
trsm,float,sm_89,R,N,768,4,32768,blocked|vendor
trsm,float,sm_89,R,N,768,8,128,blocked|vendor
trsm,float,sm_89,R,N,768,8,512,blocked|vendor
trsm,float,sm_89,R,N,768,8,2048,blocked|vendor
trsm,float,sm_89,R,N,768,8,8192,blocked|vendor
trsm,float,sm_89,R,N,768,8,32768,blocked|vendor
trsm,float,sm_89,R,N,768,16,128,blocked|vendor
trsm,float,sm_89,R,N,768,16,512,blocked|vendor
trsm,float,sm_89,R,N,768,16,2048,blocked|vendor
trsm,float,sm_89,R,N,768,16,8192,blocked|vendor
trsm,float,sm_89,R,N,768,16,32768,blocked|vendor
trsm,float,sm_89,R,N,768,32,128,blocked|vendor
trsm,float,sm_89,R,N,768,32,512,blocked|vendor
trsm,float,sm_89,R,N,768,32,2048,blocked|vendor
trsm,float,sm_89,R,N,768,32,8192,blocked|vendor
trsm,float,sm_89,R,N,768,32,32768,blocked|vendor
trsm,float,sm_89,R,N,768,64,128,blocked|vendor
trsm,float,sm_89,R,N,768,64,512,blocked|vendor
trsm,float,sm_89,R,N,768,64,2048,blocked|vendor
trsm,float,sm_89,R,N,768,64,8192,blocked|vendor
trsm,float,sm_89,R,N,768,64,32768,blocked|vendor
trsm,float,sm_89,R,N,768,128,128,blocked|vendor
trsm,float,sm_89,R,N,768,128,512,blocked|vendor
trsm,float,sm_89,R,N,768,128,2048,blocked|vendor
trsm,float,sm_89,R,N,768,128,8192,blocked|vendor
trsm,float,sm_89,R,N,768,128,32768,blocked|vendor
trsm,float,sm_89,R,N,768,256,128,blocked|vendor
trsm,float,sm_89,R,N,768,256,512,blocked|vendor
trsm,float,sm_89,R,N,768,256,2048,blocked|vendor
trsm,float,sm_89,R,N,768,256,8192,blocked|vendor
trsm,float,sm_89,R,N,768,256,32768,blocked|vendor
trsm,float,sm_89,R,N,768,512,128,blocked|vendor
trsm,float,sm_89,R,N,768,512,512,blocked|vendor
trsm,float,sm_89,R,N,768,512,2048,blocked|vendor
trsm,float,sm_89,R,N,768,512,8192,blocked|vendor
trsm,float,sm_89,R,N,768,512,32768,blocked|vendor
trsm,float,sm_89,R,N,768,1024,128,blocked|vendor
trsm,float,sm_89,R,N,768,1024,512,blocked|vendor
trsm,float,sm_89,R,N,768,1024,2048,blocked|vendor
trsm,float,sm_89,R,N,768,1024,8192,blocked|vendor
trsm,float,sm_89,R,N,768,1024,32768,blocked|vendor
trsm,float,sm_89,R,N,768,4096,128,blocked|vendor
trsm,float,sm_89,R,N,768,4096,512,blocked|vendor
trsm,float,sm_89,R,N,768,4096,2048,blocked|vendor
trsm,float,sm_89,R,N,768,4096,8192,blocked|vendor
trsm,float,sm_89,R,N,768,4096,32768,blocked|vendor
trsm,float,sm_89,R,N,1024,1,128,blocked|vendor
trsm,float,sm_89,R,N,1024,1,512,blocked|vendor
trsm,float,sm_89,R,N,1024,1,2048,blocked|vendor
trsm,float,sm_89,R,N,1024,1,8192,blocked|vendor
trsm,float,sm_89,R,N,1024,1,32768,blocked|vendor
trsm,float,sm_89,R,N,1024,2,128,blocked|vendor
trsm,float,sm_89,R,N,1024,2,512,blocked|vendor
trsm,float,sm_89,R,N,1024,2,2048,blocked|vendor
trsm,float,sm_89,R,N,1024,2,8192,blocked|vendor
trsm,float,sm_89,R,N,1024,2,32768,blocked|vendor
trsm,float,sm_89,R,N,1024,4,128,blocked|vendor
trsm,float,sm_89,R,N,1024,4,512,blocked|vendor
trsm,float,sm_89,R,N,1024,4,2048,blocked|vendor
trsm,float,sm_89,R,N,1024,4,8192,blocked|vendor
trsm,float,sm_89,R,N,1024,4,32768,blocked|vendor
trsm,float,sm_89,R,N,1024,8,128,blocked|vendor
trsm,float,sm_89,R,N,1024,8,512,blocked|vendor
trsm,float,sm_89,R,N,1024,8,2048,blocked|vendor
trsm,float,sm_89,R,N,1024,8,8192,blocked|vendor
trsm,float,sm_89,R,N,1024,8,32768,blocked|vendor
trsm,float,sm_89,R,N,1024,16,128,blocked|vendor
trsm,float,sm_89,R,N,1024,16,512,blocked|vendor
trsm,float,sm_89,R,N,1024,16,2048,blocked|vendor
trsm,float,sm_89,R,N,1024,16,8192,blocked|vendor
trsm,float,sm_89,R,N,1024,16,32768,blocked|vendor
trsm,float,sm_89,R,N,1024,32,128,blocked|vendor
trsm,float,sm_89,R,N,1024,32,512,blocked|vendor
trsm,float,sm_89,R,N,1024,32,2048,blocked|vendor
trsm,float,sm_89,R,N,1024,32,8192,blocked|vendor
trsm,float,sm_89,R,N,1024,32,32768,blocked|vendor
trsm,float,sm_89,R,N,1024,64,128,blocked|vendor
trsm,float,sm_89,R,N,1024,64,512,blocked|vendor
trsm,float,sm_89,R,N,1024,64,2048,blocked|vendor
trsm,float,sm_89,R,N,1024,64,8192,blocked|vendor
trsm,float,sm_89,R,N,1024,64,32768,blocked|vendor
trsm,float,sm_89,R,N,1024,128,128,blocked|vendor
trsm,float,sm_89,R,N,1024,128,512,blocked|vendor
trsm,float,sm_89,R,N,1024,128,2048,blocked|vendor
trsm,float,sm_89,R,N,1024,128,8192,blocked|vendor
trsm,float,sm_89,R,N,1024,128,32768,blocked|vendor
trsm,float,sm_89,R,N,1024,256,128,blocked|vendor
trsm,float,sm_89,R,N,1024,256,512,blocked|vendor
trsm,float,sm_89,R,N,1024,256,2048,blocked|vendor
trsm,float,sm_89,R,N,1024,256,8192,blocked|vendor
trsm,float,sm_89,R,N,1024,256,32768,blocked|vendor
trsm,float,sm_89,R,N,1024,512,128,blocked|vendor
trsm,float,sm_89,R,N,1024,512,512,blocked|vendor
trsm,float,sm_89,R,N,1024,512,2048,blocked|vendor
trsm,float,sm_89,R,N,1024,512,8192,blocked|vendor
trsm,float,sm_89,R,N,1024,512,32768,blocked|vendor
trsm,float,sm_89,R,N,1024,1024,128,blocked|vendor
trsm,float,sm_89,R,N,1024,1024,512,blocked|vendor
trsm,float,sm_89,R,N,1024,1024,2048,blocked|vendor
trsm,float,sm_89,R,N,1024,1024,8192,blocked|vendor
trsm,float,sm_89,R,N,1024,1024,32768,blocked|vendor
trsm,float,sm_89,R,N,1024,4096,128,blocked|vendor
trsm,float,sm_89,R,N,1024,4096,512,blocked|vendor
trsm,float,sm_89,R,N,1024,4096,2048,blocked|vendor
trsm,float,sm_89,R,N,1024,4096,8192,blocked|vendor
trsm,float,sm_89,R,N,1024,4096,32768,blocked|vendor
trsm,float,sm_89,R,T,1,1,128,cta|blocked|vendor
trsm,float,sm_89,R,T,1,1,512,cta|blocked|vendor
trsm,float,sm_89,R,T,1,1,2048,cta|blocked|vendor
trsm,float,sm_89,R,T,1,1,8192,cta|blocked|vendor
trsm,float,sm_89,R,T,1,1,32768,cta|blocked|vendor
trsm,float,sm_89,R,T,1,2,128,cta|blocked|vendor
trsm,float,sm_89,R,T,1,2,512,cta|blocked|vendor
trsm,float,sm_89,R,T,1,2,2048,cta|blocked|vendor
trsm,float,sm_89,R,T,1,2,8192,cta|blocked|vendor
trsm,float,sm_89,R,T,1,2,32768,cta|blocked|vendor
trsm,float,sm_89,R,T,1,4,128,cta|blocked|vendor
trsm,float,sm_89,R,T,1,4,512,cta|blocked|vendor
trsm,float,sm_89,R,T,1,4,2048,cta|blocked|vendor
trsm,float,sm_89,R,T,1,4,8192,cta|blocked|vendor
trsm,float,sm_89,R,T,1,4,32768,cta|blocked|vendor
trsm,float,sm_89,R,T,1,8,128,cta|blocked|vendor
trsm,float,sm_89,R,T,1,8,512,cta|blocked|vendor
trsm,float,sm_89,R,T,1,8,2048,cta|blocked|vendor
trsm,float,sm_89,R,T,1,8,8192,cta|blocked|vendor
trsm,float,sm_89,R,T,1,8,32768,cta|blocked|vendor
trsm,float,sm_89,R,T,1,16,128,cta|blocked|vendor
trsm,float,sm_89,R,T,1,16,512,cta|blocked|vendor
trsm,float,sm_89,R,T,1,16,2048,cta|blocked|vendor
trsm,float,sm_89,R,T,1,16,8192,cta|blocked|vendor
trsm,float,sm_89,R,T,1,16,32768,cta|blocked|vendor
trsm,float,sm_89,R,T,1,32,128,cta|blocked|vendor
trsm,float,sm_89,R,T,1,32,512,cta|blocked|vendor
trsm,float,sm_89,R,T,1,32,2048,cta|blocked|vendor
trsm,float,sm_89,R,T,1,32,8192,cta|blocked|vendor
trsm,float,sm_89,R,T,1,32,32768,cta|blocked|vendor
trsm,float,sm_89,R,T,1,64,128,cta|blocked|vendor
trsm,float,sm_89,R,T,1,64,512,cta|blocked|vendor
trsm,float,sm_89,R,T,1,64,2048,cta|blocked|vendor
trsm,float,sm_89,R,T,1,64,8192,cta|blocked|vendor
trsm,float,sm_89,R,T,1,64,32768,cta|blocked|vendor
trsm,float,sm_89,R,T,1,128,128,cta|blocked|vendor
trsm,float,sm_89,R,T,1,128,512,cta|blocked|vendor
trsm,float,sm_89,R,T,1,128,2048,cta|blocked|vendor
trsm,float,sm_89,R,T,1,128,8192,cta|blocked|vendor
trsm,float,sm_89,R,T,1,128,32768,cta|blocked|vendor
trsm,float,sm_89,R,T,1,256,128,cta|blocked|vendor
trsm,float,sm_89,R,T,1,256,512,cta|blocked|vendor
trsm,float,sm_89,R,T,1,256,2048,cta|blocked|vendor
trsm,float,sm_89,R,T,1,256,8192,cta|blocked|vendor
trsm,float,sm_89,R,T,1,256,32768,cta|blocked|vendor
trsm,float,sm_89,R,T,1,512,128,cta|blocked|vendor
trsm,float,sm_89,R,T,1,512,512,cta|blocked|vendor
trsm,float,sm_89,R,T,1,512,2048,cta|blocked|vendor
trsm,float,sm_89,R,T,1,512,8192,cta|blocked|vendor
trsm,float,sm_89,R,T,1,512,32768,cta|blocked|vendor
trsm,float,sm_89,R,T,1,1024,128,cta|blocked|vendor
trsm,float,sm_89,R,T,1,1024,512,cta|blocked|vendor
trsm,float,sm_89,R,T,1,1024,2048,cta|blocked|vendor
trsm,float,sm_89,R,T,1,1024,8192,cta|blocked|vendor
trsm,float,sm_89,R,T,1,1024,32768,cta|blocked|vendor
trsm,float,sm_89,R,T,1,4096,128,cta|blocked|vendor
trsm,float,sm_89,R,T,1,4096,512,cta|blocked|vendor
trsm,float,sm_89,R,T,1,4096,2048,cta|blocked|vendor
trsm,float,sm_89,R,T,1,4096,8192,cta|blocked|vendor
trsm,float,sm_89,R,T,1,4096,32768,cta|blocked|vendor
trsm,float,sm_89,R,T,2,1,128,cta|blocked|vendor
trsm,float,sm_89,R,T,2,1,512,cta|blocked|vendor
trsm,float,sm_89,R,T,2,1,2048,cta|blocked|vendor
trsm,float,sm_89,R,T,2,1,8192,cta|blocked|vendor
trsm,float,sm_89,R,T,2,1,32768,cta|blocked|vendor
trsm,float,sm_89,R,T,2,2,128,cta|blocked|vendor
trsm,float,sm_89,R,T,2,2,512,cta|blocked|vendor
trsm,float,sm_89,R,T,2,2,2048,cta|blocked|vendor
trsm,float,sm_89,R,T,2,2,8192,cta|blocked|vendor
trsm,float,sm_89,R,T,2,2,32768,cta|blocked|vendor
trsm,float,sm_89,R,T,2,4,128,cta|blocked|vendor
trsm,float,sm_89,R,T,2,4,512,cta|blocked|vendor
trsm,float,sm_89,R,T,2,4,2048,cta|blocked|vendor
trsm,float,sm_89,R,T,2,4,8192,cta|blocked|vendor
trsm,float,sm_89,R,T,2,4,32768,cta|blocked|vendor
trsm,float,sm_89,R,T,2,8,128,cta|blocked|vendor
trsm,float,sm_89,R,T,2,8,512,cta|blocked|vendor
trsm,float,sm_89,R,T,2,8,2048,cta|blocked|vendor
trsm,float,sm_89,R,T,2,8,8192,cta|blocked|vendor
trsm,float,sm_89,R,T,2,8,32768,cta|blocked|vendor
trsm,float,sm_89,R,T,2,16,128,cta|blocked|vendor
trsm,float,sm_89,R,T,2,16,512,cta|blocked|vendor
trsm,float,sm_89,R,T,2,16,2048,cta|blocked|vendor
trsm,float,sm_89,R,T,2,16,8192,cta|blocked|vendor
trsm,float,sm_89,R,T,2,16,32768,cta|blocked|vendor
trsm,float,sm_89,R,T,2,32,128,cta|blocked|vendor
trsm,float,sm_89,R,T,2,32,512,cta|blocked|vendor
trsm,float,sm_89,R,T,2,32,2048,cta|blocked|vendor
trsm,float,sm_89,R,T,2,32,8192,cta|blocked|vendor
trsm,float,sm_89,R,T,2,32,32768,cta|blocked|vendor
trsm,float,sm_89,R,T,2,64,128,cta|blocked|vendor
trsm,float,sm_89,R,T,2,64,512,cta|blocked|vendor
trsm,float,sm_89,R,T,2,64,2048,cta|blocked|vendor
trsm,float,sm_89,R,T,2,64,8192,cta|blocked|vendor
trsm,float,sm_89,R,T,2,64,32768,cta|blocked|vendor
trsm,float,sm_89,R,T,2,128,128,cta|blocked|vendor
trsm,float,sm_89,R,T,2,128,512,cta|blocked|vendor
trsm,float,sm_89,R,T,2,128,2048,cta|blocked|vendor
trsm,float,sm_89,R,T,2,128,8192,cta|blocked|vendor
trsm,float,sm_89,R,T,2,128,32768,cta|blocked|vendor
trsm,float,sm_89,R,T,2,256,128,cta|blocked|vendor
trsm,float,sm_89,R,T,2,256,512,cta|blocked|vendor
trsm,float,sm_89,R,T,2,256,2048,cta|blocked|vendor
trsm,float,sm_89,R,T,2,256,8192,cta|blocked|vendor
trsm,float,sm_89,R,T,2,256,32768,cta|blocked|vendor
trsm,float,sm_89,R,T,2,512,128,cta|blocked|vendor
trsm,float,sm_89,R,T,2,512,512,cta|blocked|vendor
trsm,float,sm_89,R,T,2,512,2048,cta|blocked|vendor
trsm,float,sm_89,R,T,2,512,8192,cta|blocked|vendor
trsm,float,sm_89,R,T,2,512,32768,cta|blocked|vendor
trsm,float,sm_89,R,T,2,1024,128,cta|blocked|vendor
trsm,float,sm_89,R,T,2,1024,512,cta|blocked|vendor
trsm,float,sm_89,R,T,2,1024,2048,cta|blocked|vendor
trsm,float,sm_89,R,T,2,1024,8192,cta|blocked|vendor
trsm,float,sm_89,R,T,2,1024,32768,cta|blocked|vendor
trsm,float,sm_89,R,T,2,4096,128,cta|blocked|vendor
trsm,float,sm_89,R,T,2,4096,512,cta|blocked|vendor
trsm,float,sm_89,R,T,2,4096,2048,cta|blocked|vendor
trsm,float,sm_89,R,T,2,4096,8192,cta|blocked|vendor
trsm,float,sm_89,R,T,2,4096,32768,cta|blocked|vendor
trsm,float,sm_89,R,T,4,1,128,cta|blocked|vendor
trsm,float,sm_89,R,T,4,1,512,cta|blocked|vendor
trsm,float,sm_89,R,T,4,1,2048,cta|blocked|vendor
trsm,float,sm_89,R,T,4,1,8192,cta|blocked|vendor
trsm,float,sm_89,R,T,4,1,32768,cta|blocked|vendor
trsm,float,sm_89,R,T,4,2,128,cta|blocked|vendor
trsm,float,sm_89,R,T,4,2,512,cta|blocked|vendor
trsm,float,sm_89,R,T,4,2,2048,cta|blocked|vendor
trsm,float,sm_89,R,T,4,2,8192,cta|blocked|vendor
trsm,float,sm_89,R,T,4,2,32768,cta|blocked|vendor
trsm,float,sm_89,R,T,4,4,128,cta|blocked|vendor
trsm,float,sm_89,R,T,4,4,512,cta|blocked|vendor
trsm,float,sm_89,R,T,4,4,2048,cta|blocked|vendor
trsm,float,sm_89,R,T,4,4,8192,cta|blocked|vendor
trsm,float,sm_89,R,T,4,4,32768,cta|blocked|vendor
trsm,float,sm_89,R,T,4,8,128,cta|blocked|vendor
trsm,float,sm_89,R,T,4,8,512,cta|blocked|vendor
trsm,float,sm_89,R,T,4,8,2048,cta|blocked|vendor
trsm,float,sm_89,R,T,4,8,8192,cta|blocked|vendor
trsm,float,sm_89,R,T,4,8,32768,cta|blocked|vendor
trsm,float,sm_89,R,T,4,16,128,cta|blocked|vendor
trsm,float,sm_89,R,T,4,16,512,cta|blocked|vendor
trsm,float,sm_89,R,T,4,16,2048,cta|blocked|vendor
trsm,float,sm_89,R,T,4,16,8192,cta|blocked|vendor
trsm,float,sm_89,R,T,4,16,32768,cta|blocked|vendor
trsm,float,sm_89,R,T,4,32,128,cta|blocked|vendor
trsm,float,sm_89,R,T,4,32,512,cta|blocked|vendor
trsm,float,sm_89,R,T,4,32,2048,cta|blocked|vendor
trsm,float,sm_89,R,T,4,32,8192,cta|blocked|vendor
trsm,float,sm_89,R,T,4,32,32768,cta|blocked|vendor
trsm,float,sm_89,R,T,4,64,128,cta|blocked|vendor
trsm,float,sm_89,R,T,4,64,512,cta|blocked|vendor
trsm,float,sm_89,R,T,4,64,2048,cta|blocked|vendor
trsm,float,sm_89,R,T,4,64,8192,cta|blocked|vendor
trsm,float,sm_89,R,T,4,64,32768,cta|blocked|vendor
trsm,float,sm_89,R,T,4,128,128,cta|blocked|vendor
trsm,float,sm_89,R,T,4,128,512,cta|blocked|vendor
trsm,float,sm_89,R,T,4,128,2048,cta|blocked|vendor
trsm,float,sm_89,R,T,4,128,8192,cta|blocked|vendor
trsm,float,sm_89,R,T,4,128,32768,cta|blocked|vendor
trsm,float,sm_89,R,T,4,256,128,cta|blocked|vendor
trsm,float,sm_89,R,T,4,256,512,cta|blocked|vendor
trsm,float,sm_89,R,T,4,256,2048,cta|blocked|vendor
trsm,float,sm_89,R,T,4,256,8192,cta|blocked|vendor
trsm,float,sm_89,R,T,4,256,32768,cta|blocked|vendor
trsm,float,sm_89,R,T,4,512,128,cta|blocked|vendor
trsm,float,sm_89,R,T,4,512,512,cta|blocked|vendor
trsm,float,sm_89,R,T,4,512,2048,cta|blocked|vendor
trsm,float,sm_89,R,T,4,512,8192,cta|blocked|vendor
trsm,float,sm_89,R,T,4,512,32768,cta|blocked|vendor
trsm,float,sm_89,R,T,4,1024,128,cta|blocked|vendor
trsm,float,sm_89,R,T,4,1024,512,cta|blocked|vendor
trsm,float,sm_89,R,T,4,1024,2048,cta|blocked|vendor
trsm,float,sm_89,R,T,4,1024,8192,cta|blocked|vendor
trsm,float,sm_89,R,T,4,1024,32768,cta|blocked|vendor
trsm,float,sm_89,R,T,4,4096,128,cta|blocked|vendor
trsm,float,sm_89,R,T,4,4096,512,cta|blocked|vendor
trsm,float,sm_89,R,T,4,4096,2048,cta|blocked|vendor
trsm,float,sm_89,R,T,4,4096,8192,cta|blocked|vendor
trsm,float,sm_89,R,T,4,4096,32768,cta|blocked|vendor
trsm,float,sm_89,R,T,8,1,128,cta|blocked|vendor
trsm,float,sm_89,R,T,8,1,512,cta|blocked|vendor
trsm,float,sm_89,R,T,8,1,2048,cta|blocked|vendor
trsm,float,sm_89,R,T,8,1,8192,cta|blocked|vendor
trsm,float,sm_89,R,T,8,1,32768,cta|blocked|vendor
trsm,float,sm_89,R,T,8,2,128,cta|blocked|vendor
trsm,float,sm_89,R,T,8,2,512,cta|blocked|vendor
trsm,float,sm_89,R,T,8,2,2048,cta|blocked|vendor
trsm,float,sm_89,R,T,8,2,8192,cta|blocked|vendor
trsm,float,sm_89,R,T,8,2,32768,cta|blocked|vendor
trsm,float,sm_89,R,T,8,4,128,cta|blocked|vendor
trsm,float,sm_89,R,T,8,4,512,cta|blocked|vendor
trsm,float,sm_89,R,T,8,4,2048,cta|blocked|vendor
trsm,float,sm_89,R,T,8,4,8192,cta|blocked|vendor
trsm,float,sm_89,R,T,8,4,32768,cta|blocked|vendor
trsm,float,sm_89,R,T,8,8,128,cta|blocked|vendor
trsm,float,sm_89,R,T,8,8,512,cta|blocked|vendor
trsm,float,sm_89,R,T,8,8,2048,cta|blocked|vendor
trsm,float,sm_89,R,T,8,8,8192,cta|blocked|vendor
trsm,float,sm_89,R,T,8,8,32768,cta|blocked|vendor
trsm,float,sm_89,R,T,8,16,128,cta|blocked|vendor
trsm,float,sm_89,R,T,8,16,512,cta|blocked|vendor
trsm,float,sm_89,R,T,8,16,2048,cta|blocked|vendor
trsm,float,sm_89,R,T,8,16,8192,cta|blocked|vendor
trsm,float,sm_89,R,T,8,16,32768,cta|blocked|vendor
trsm,float,sm_89,R,T,8,32,128,cta|blocked|vendor
trsm,float,sm_89,R,T,8,32,512,cta|blocked|vendor
trsm,float,sm_89,R,T,8,32,2048,cta|blocked|vendor
trsm,float,sm_89,R,T,8,32,8192,cta|blocked|vendor
trsm,float,sm_89,R,T,8,32,32768,cta|blocked|vendor
trsm,float,sm_89,R,T,8,64,128,cta|blocked|vendor
trsm,float,sm_89,R,T,8,64,512,cta|blocked|vendor
trsm,float,sm_89,R,T,8,64,2048,cta|blocked|vendor
trsm,float,sm_89,R,T,8,64,8192,cta|blocked|vendor
trsm,float,sm_89,R,T,8,64,32768,cta|blocked|vendor
trsm,float,sm_89,R,T,8,128,128,cta|blocked|vendor
trsm,float,sm_89,R,T,8,128,512,cta|blocked|vendor
trsm,float,sm_89,R,T,8,128,2048,cta|blocked|vendor
trsm,float,sm_89,R,T,8,128,8192,cta|blocked|vendor
trsm,float,sm_89,R,T,8,128,32768,cta|blocked|vendor
trsm,float,sm_89,R,T,8,256,128,cta|blocked|vendor
trsm,float,sm_89,R,T,8,256,512,cta|blocked|vendor
trsm,float,sm_89,R,T,8,256,2048,cta|blocked|vendor
trsm,float,sm_89,R,T,8,256,8192,cta|blocked|vendor
trsm,float,sm_89,R,T,8,256,32768,cta|blocked|vendor
trsm,float,sm_89,R,T,8,512,128,cta|blocked|vendor
trsm,float,sm_89,R,T,8,512,512,cta|blocked|vendor
trsm,float,sm_89,R,T,8,512,2048,cta|blocked|vendor
trsm,float,sm_89,R,T,8,512,8192,cta|blocked|vendor
trsm,float,sm_89,R,T,8,512,32768,cta|blocked|vendor
trsm,float,sm_89,R,T,8,1024,128,cta|blocked|vendor
trsm,float,sm_89,R,T,8,1024,512,cta|blocked|vendor
trsm,float,sm_89,R,T,8,1024,2048,cta|blocked|vendor
trsm,float,sm_89,R,T,8,1024,8192,cta|blocked|vendor
trsm,float,sm_89,R,T,8,1024,32768,cta|blocked|vendor
trsm,float,sm_89,R,T,8,4096,128,cta|blocked|vendor
trsm,float,sm_89,R,T,8,4096,512,cta|blocked|vendor
trsm,float,sm_89,R,T,8,4096,2048,cta|blocked|vendor
trsm,float,sm_89,R,T,8,4096,8192,cta|blocked|vendor
trsm,float,sm_89,R,T,8,4096,32768,cta|blocked|vendor
trsm,float,sm_89,R,T,12,1,128,cta|blocked|vendor
trsm,float,sm_89,R,T,12,1,512,cta|blocked|vendor
trsm,float,sm_89,R,T,12,1,2048,cta|blocked|vendor
trsm,float,sm_89,R,T,12,1,8192,cta|blocked|vendor
trsm,float,sm_89,R,T,12,1,32768,cta|blocked|vendor
trsm,float,sm_89,R,T,12,2,128,cta|blocked|vendor
trsm,float,sm_89,R,T,12,2,512,cta|blocked|vendor
trsm,float,sm_89,R,T,12,2,2048,cta|blocked|vendor
trsm,float,sm_89,R,T,12,2,8192,cta|blocked|vendor
trsm,float,sm_89,R,T,12,2,32768,cta|blocked|vendor
trsm,float,sm_89,R,T,12,4,128,cta|blocked|vendor
trsm,float,sm_89,R,T,12,4,512,cta|blocked|vendor
trsm,float,sm_89,R,T,12,4,2048,cta|blocked|vendor
trsm,float,sm_89,R,T,12,4,8192,cta|blocked|vendor
trsm,float,sm_89,R,T,12,4,32768,cta|blocked|vendor
trsm,float,sm_89,R,T,12,8,128,cta|blocked|vendor
trsm,float,sm_89,R,T,12,8,512,cta|blocked|vendor
trsm,float,sm_89,R,T,12,8,2048,cta|blocked|vendor
trsm,float,sm_89,R,T,12,8,8192,cta|blocked|vendor
trsm,float,sm_89,R,T,12,8,32768,cta|blocked|vendor
trsm,float,sm_89,R,T,12,16,128,cta|blocked|vendor
trsm,float,sm_89,R,T,12,16,512,cta|blocked|vendor
trsm,float,sm_89,R,T,12,16,2048,cta|blocked|vendor
trsm,float,sm_89,R,T,12,16,8192,cta|blocked|vendor
trsm,float,sm_89,R,T,12,16,32768,cta|blocked|vendor
trsm,float,sm_89,R,T,12,32,128,cta|blocked|vendor
trsm,float,sm_89,R,T,12,32,512,cta|blocked|vendor
trsm,float,sm_89,R,T,12,32,2048,cta|blocked|vendor
trsm,float,sm_89,R,T,12,32,8192,cta|blocked|vendor
trsm,float,sm_89,R,T,12,32,32768,cta|blocked|vendor
trsm,float,sm_89,R,T,12,64,128,cta|blocked|vendor
trsm,float,sm_89,R,T,12,64,512,cta|blocked|vendor
trsm,float,sm_89,R,T,12,64,2048,cta|blocked|vendor
trsm,float,sm_89,R,T,12,64,8192,cta|blocked|vendor
trsm,float,sm_89,R,T,12,64,32768,cta|blocked|vendor
trsm,float,sm_89,R,T,12,128,128,cta|blocked|vendor
trsm,float,sm_89,R,T,12,128,512,cta|blocked|vendor
trsm,float,sm_89,R,T,12,128,2048,cta|blocked|vendor
trsm,float,sm_89,R,T,12,128,8192,cta|blocked|vendor
trsm,float,sm_89,R,T,12,128,32768,cta|blocked|vendor
trsm,float,sm_89,R,T,12,256,128,cta|blocked|vendor
trsm,float,sm_89,R,T,12,256,512,cta|blocked|vendor
trsm,float,sm_89,R,T,12,256,2048,cta|blocked|vendor
trsm,float,sm_89,R,T,12,256,8192,cta|blocked|vendor
trsm,float,sm_89,R,T,12,256,32768,cta|blocked|vendor
trsm,float,sm_89,R,T,12,512,128,cta|blocked|vendor
trsm,float,sm_89,R,T,12,512,512,cta|blocked|vendor
trsm,float,sm_89,R,T,12,512,2048,cta|blocked|vendor
trsm,float,sm_89,R,T,12,512,8192,cta|blocked|vendor
trsm,float,sm_89,R,T,12,512,32768,cta|blocked|vendor
trsm,float,sm_89,R,T,12,1024,128,cta|blocked|vendor
trsm,float,sm_89,R,T,12,1024,512,cta|blocked|vendor
trsm,float,sm_89,R,T,12,1024,2048,cta|blocked|vendor
trsm,float,sm_89,R,T,12,1024,8192,cta|blocked|vendor
trsm,float,sm_89,R,T,12,1024,32768,cta|blocked|vendor
trsm,float,sm_89,R,T,12,4096,128,cta|blocked|vendor
trsm,float,sm_89,R,T,12,4096,512,cta|blocked|vendor
trsm,float,sm_89,R,T,12,4096,2048,cta|blocked|vendor
trsm,float,sm_89,R,T,12,4096,8192,cta|blocked|vendor
trsm,float,sm_89,R,T,12,4096,32768,cta|blocked|vendor
trsm,float,sm_89,R,T,16,1,128,cta|blocked|vendor
trsm,float,sm_89,R,T,16,1,512,cta|blocked|vendor
trsm,float,sm_89,R,T,16,1,2048,cta|blocked|vendor
trsm,float,sm_89,R,T,16,1,8192,cta|blocked|vendor
trsm,float,sm_89,R,T,16,1,32768,cta|blocked|vendor
trsm,float,sm_89,R,T,16,2,128,cta|blocked|vendor
trsm,float,sm_89,R,T,16,2,512,cta|blocked|vendor
trsm,float,sm_89,R,T,16,2,2048,cta|blocked|vendor
trsm,float,sm_89,R,T,16,2,8192,cta|blocked|vendor
trsm,float,sm_89,R,T,16,2,32768,cta|blocked|vendor
trsm,float,sm_89,R,T,16,4,128,cta|blocked|vendor
trsm,float,sm_89,R,T,16,4,512,cta|blocked|vendor
trsm,float,sm_89,R,T,16,4,2048,cta|blocked|vendor
trsm,float,sm_89,R,T,16,4,8192,cta|blocked|vendor
trsm,float,sm_89,R,T,16,4,32768,cta|blocked|vendor
trsm,float,sm_89,R,T,16,8,128,cta|blocked|vendor
trsm,float,sm_89,R,T,16,8,512,cta|blocked|vendor
trsm,float,sm_89,R,T,16,8,2048,cta|blocked|vendor
trsm,float,sm_89,R,T,16,8,8192,cta|blocked|vendor
trsm,float,sm_89,R,T,16,8,32768,cta|blocked|vendor
trsm,float,sm_89,R,T,16,16,128,cta|blocked|vendor
trsm,float,sm_89,R,T,16,16,512,cta|blocked|vendor
trsm,float,sm_89,R,T,16,16,2048,cta|blocked|vendor
trsm,float,sm_89,R,T,16,16,8192,cta|blocked|vendor
trsm,float,sm_89,R,T,16,16,32768,cta|blocked|vendor
trsm,float,sm_89,R,T,16,32,128,cta|blocked|vendor
trsm,float,sm_89,R,T,16,32,512,cta|blocked|vendor
trsm,float,sm_89,R,T,16,32,2048,cta|blocked|vendor
trsm,float,sm_89,R,T,16,32,8192,cta|blocked|vendor
trsm,float,sm_89,R,T,16,32,32768,cta|blocked|vendor
trsm,float,sm_89,R,T,16,64,128,cta|blocked|vendor
trsm,float,sm_89,R,T,16,64,512,cta|blocked|vendor
trsm,float,sm_89,R,T,16,64,2048,cta|blocked|vendor
trsm,float,sm_89,R,T,16,64,8192,cta|blocked|vendor
trsm,float,sm_89,R,T,16,64,32768,cta|blocked|vendor
trsm,float,sm_89,R,T,16,128,128,cta|blocked|vendor
trsm,float,sm_89,R,T,16,128,512,cta|blocked|vendor
trsm,float,sm_89,R,T,16,128,2048,cta|blocked|vendor
trsm,float,sm_89,R,T,16,128,8192,cta|blocked|vendor
trsm,float,sm_89,R,T,16,128,32768,cta|blocked|vendor
trsm,float,sm_89,R,T,16,256,128,cta|blocked|vendor
trsm,float,sm_89,R,T,16,256,512,cta|blocked|vendor
trsm,float,sm_89,R,T,16,256,2048,cta|blocked|vendor
trsm,float,sm_89,R,T,16,256,8192,cta|blocked|vendor
trsm,float,sm_89,R,T,16,256,32768,cta|blocked|vendor
trsm,float,sm_89,R,T,16,512,128,cta|blocked|vendor
trsm,float,sm_89,R,T,16,512,512,cta|blocked|vendor
trsm,float,sm_89,R,T,16,512,2048,cta|blocked|vendor
trsm,float,sm_89,R,T,16,512,8192,cta|blocked|vendor
trsm,float,sm_89,R,T,16,512,32768,cta|blocked|vendor
trsm,float,sm_89,R,T,16,1024,128,cta|blocked|vendor
trsm,float,sm_89,R,T,16,1024,512,cta|blocked|vendor
trsm,float,sm_89,R,T,16,1024,2048,cta|blocked|vendor
trsm,float,sm_89,R,T,16,1024,8192,cta|blocked|vendor
trsm,float,sm_89,R,T,16,1024,32768,cta|blocked|vendor
trsm,float,sm_89,R,T,16,4096,128,cta|blocked|vendor
trsm,float,sm_89,R,T,16,4096,512,cta|blocked|vendor
trsm,float,sm_89,R,T,16,4096,2048,cta|blocked|vendor
trsm,float,sm_89,R,T,16,4096,8192,cta|blocked|vendor
trsm,float,sm_89,R,T,16,4096,32768,cta|blocked|vendor
trsm,float,sm_89,R,T,24,1,128,cta|blocked|vendor
trsm,float,sm_89,R,T,24,1,512,cta|blocked|vendor
trsm,float,sm_89,R,T,24,1,2048,cta|blocked|vendor
trsm,float,sm_89,R,T,24,1,8192,cta|blocked|vendor
trsm,float,sm_89,R,T,24,1,32768,cta|blocked|vendor
trsm,float,sm_89,R,T,24,2,128,cta|blocked|vendor
trsm,float,sm_89,R,T,24,2,512,cta|blocked|vendor
trsm,float,sm_89,R,T,24,2,2048,cta|blocked|vendor
trsm,float,sm_89,R,T,24,2,8192,cta|blocked|vendor
trsm,float,sm_89,R,T,24,2,32768,cta|blocked|vendor
trsm,float,sm_89,R,T,24,4,128,cta|blocked|vendor
trsm,float,sm_89,R,T,24,4,512,cta|blocked|vendor
trsm,float,sm_89,R,T,24,4,2048,cta|blocked|vendor
trsm,float,sm_89,R,T,24,4,8192,cta|blocked|vendor
trsm,float,sm_89,R,T,24,4,32768,cta|blocked|vendor
trsm,float,sm_89,R,T,24,8,128,cta|blocked|vendor
trsm,float,sm_89,R,T,24,8,512,cta|blocked|vendor
trsm,float,sm_89,R,T,24,8,2048,cta|blocked|vendor
trsm,float,sm_89,R,T,24,8,8192,cta|blocked|vendor
trsm,float,sm_89,R,T,24,8,32768,cta|blocked|vendor
trsm,float,sm_89,R,T,24,16,128,cta|blocked|vendor
trsm,float,sm_89,R,T,24,16,512,cta|blocked|vendor
trsm,float,sm_89,R,T,24,16,2048,cta|blocked|vendor
trsm,float,sm_89,R,T,24,16,8192,cta|blocked|vendor
trsm,float,sm_89,R,T,24,16,32768,cta|blocked|vendor
trsm,float,sm_89,R,T,24,32,128,cta|blocked|vendor
trsm,float,sm_89,R,T,24,32,512,cta|blocked|vendor
trsm,float,sm_89,R,T,24,32,2048,cta|blocked|vendor
trsm,float,sm_89,R,T,24,32,8192,cta|blocked|vendor
trsm,float,sm_89,R,T,24,32,32768,cta|blocked|vendor
trsm,float,sm_89,R,T,24,64,128,cta|blocked|vendor
trsm,float,sm_89,R,T,24,64,512,cta|blocked|vendor
trsm,float,sm_89,R,T,24,64,2048,cta|blocked|vendor
trsm,float,sm_89,R,T,24,64,8192,cta|blocked|vendor
trsm,float,sm_89,R,T,24,64,32768,cta|blocked|vendor
trsm,float,sm_89,R,T,24,128,128,cta|blocked|vendor
trsm,float,sm_89,R,T,24,128,512,cta|blocked|vendor
trsm,float,sm_89,R,T,24,128,2048,cta|blocked|vendor
trsm,float,sm_89,R,T,24,128,8192,cta|blocked|vendor
trsm,float,sm_89,R,T,24,128,32768,cta|blocked|vendor
trsm,float,sm_89,R,T,24,256,128,cta|blocked|vendor
trsm,float,sm_89,R,T,24,256,512,cta|blocked|vendor
trsm,float,sm_89,R,T,24,256,2048,cta|blocked|vendor
trsm,float,sm_89,R,T,24,256,8192,cta|blocked|vendor
trsm,float,sm_89,R,T,24,256,32768,cta|blocked|vendor
trsm,float,sm_89,R,T,24,512,128,cta|blocked|vendor
trsm,float,sm_89,R,T,24,512,512,cta|blocked|vendor
trsm,float,sm_89,R,T,24,512,2048,cta|blocked|vendor
trsm,float,sm_89,R,T,24,512,8192,cta|blocked|vendor
trsm,float,sm_89,R,T,24,512,32768,cta|blocked|vendor
trsm,float,sm_89,R,T,24,1024,128,cta|blocked|vendor
trsm,float,sm_89,R,T,24,1024,512,cta|blocked|vendor
trsm,float,sm_89,R,T,24,1024,2048,cta|blocked|vendor
trsm,float,sm_89,R,T,24,1024,8192,cta|blocked|vendor
trsm,float,sm_89,R,T,24,1024,32768,cta|blocked|vendor
trsm,float,sm_89,R,T,24,4096,128,cta|blocked|vendor
trsm,float,sm_89,R,T,24,4096,512,cta|blocked|vendor
trsm,float,sm_89,R,T,24,4096,2048,cta|blocked|vendor
trsm,float,sm_89,R,T,24,4096,8192,cta|blocked|vendor
trsm,float,sm_89,R,T,24,4096,32768,cta|blocked|vendor
trsm,float,sm_89,R,T,32,1,128,cta|blocked|vendor
trsm,float,sm_89,R,T,32,1,512,cta|blocked|vendor
trsm,float,sm_89,R,T,32,1,2048,cta|blocked|vendor
trsm,float,sm_89,R,T,32,1,8192,cta|blocked|vendor
trsm,float,sm_89,R,T,32,1,32768,cta|blocked|vendor
trsm,float,sm_89,R,T,32,2,128,cta|blocked|vendor
trsm,float,sm_89,R,T,32,2,512,cta|blocked|vendor
trsm,float,sm_89,R,T,32,2,2048,cta|blocked|vendor
trsm,float,sm_89,R,T,32,2,8192,cta|blocked|vendor
trsm,float,sm_89,R,T,32,2,32768,cta|blocked|vendor
trsm,float,sm_89,R,T,32,4,128,cta|blocked|vendor
trsm,float,sm_89,R,T,32,4,512,cta|blocked|vendor
trsm,float,sm_89,R,T,32,4,2048,cta|blocked|vendor
trsm,float,sm_89,R,T,32,4,8192,cta|blocked|vendor
trsm,float,sm_89,R,T,32,4,32768,cta|blocked|vendor
trsm,float,sm_89,R,T,32,8,128,cta|blocked|vendor
trsm,float,sm_89,R,T,32,8,512,cta|blocked|vendor
trsm,float,sm_89,R,T,32,8,2048,cta|blocked|vendor
trsm,float,sm_89,R,T,32,8,8192,cta|blocked|vendor
trsm,float,sm_89,R,T,32,8,32768,cta|blocked|vendor
trsm,float,sm_89,R,T,32,16,128,cta|blocked|vendor
trsm,float,sm_89,R,T,32,16,512,cta|blocked|vendor
trsm,float,sm_89,R,T,32,16,2048,cta|blocked|vendor
trsm,float,sm_89,R,T,32,16,8192,cta|blocked|vendor
trsm,float,sm_89,R,T,32,16,32768,cta|blocked|vendor
trsm,float,sm_89,R,T,32,32,128,cta|blocked|vendor
trsm,float,sm_89,R,T,32,32,512,cta|blocked|vendor
trsm,float,sm_89,R,T,32,32,2048,cta|blocked|vendor
trsm,float,sm_89,R,T,32,32,8192,cta|blocked|vendor
trsm,float,sm_89,R,T,32,32,32768,cta|blocked|vendor
trsm,float,sm_89,R,T,32,64,128,cta|blocked|vendor
trsm,float,sm_89,R,T,32,64,512,cta|blocked|vendor
trsm,float,sm_89,R,T,32,64,2048,cta|blocked|vendor
trsm,float,sm_89,R,T,32,64,8192,cta|blocked|vendor
trsm,float,sm_89,R,T,32,64,32768,cta|blocked|vendor
trsm,float,sm_89,R,T,32,128,128,cta|blocked|vendor
trsm,float,sm_89,R,T,32,128,512,cta|blocked|vendor
trsm,float,sm_89,R,T,32,128,2048,cta|blocked|vendor
trsm,float,sm_89,R,T,32,128,8192,cta|blocked|vendor
trsm,float,sm_89,R,T,32,128,32768,cta|blocked|vendor
trsm,float,sm_89,R,T,32,256,128,cta|blocked|vendor
trsm,float,sm_89,R,T,32,256,512,cta|blocked|vendor
trsm,float,sm_89,R,T,32,256,2048,cta|blocked|vendor
trsm,float,sm_89,R,T,32,256,8192,cta|blocked|vendor
trsm,float,sm_89,R,T,32,256,32768,cta|blocked|vendor
trsm,float,sm_89,R,T,32,512,128,cta|blocked|vendor
trsm,float,sm_89,R,T,32,512,512,cta|blocked|vendor
trsm,float,sm_89,R,T,32,512,2048,cta|blocked|vendor
trsm,float,sm_89,R,T,32,512,8192,cta|blocked|vendor
trsm,float,sm_89,R,T,32,512,32768,cta|blocked|vendor
trsm,float,sm_89,R,T,32,1024,128,cta|blocked|vendor
trsm,float,sm_89,R,T,32,1024,512,cta|blocked|vendor
trsm,float,sm_89,R,T,32,1024,2048,cta|blocked|vendor
trsm,float,sm_89,R,T,32,1024,8192,cta|blocked|vendor
trsm,float,sm_89,R,T,32,1024,32768,cta|blocked|vendor
trsm,float,sm_89,R,T,32,4096,128,cta|blocked|vendor
trsm,float,sm_89,R,T,32,4096,512,cta|blocked|vendor
trsm,float,sm_89,R,T,32,4096,2048,cta|blocked|vendor
trsm,float,sm_89,R,T,32,4096,8192,cta|blocked|vendor
trsm,float,sm_89,R,T,32,4096,32768,cta|blocked|vendor
trsm,float,sm_89,R,T,48,1,128,blocked|vendor
trsm,float,sm_89,R,T,48,1,512,blocked|vendor
trsm,float,sm_89,R,T,48,1,2048,blocked|vendor
trsm,float,sm_89,R,T,48,1,8192,blocked|vendor
trsm,float,sm_89,R,T,48,1,32768,blocked|vendor
trsm,float,sm_89,R,T,48,2,128,blocked|vendor
trsm,float,sm_89,R,T,48,2,512,blocked|vendor
trsm,float,sm_89,R,T,48,2,2048,blocked|vendor
trsm,float,sm_89,R,T,48,2,8192,blocked|vendor
trsm,float,sm_89,R,T,48,2,32768,blocked|vendor
trsm,float,sm_89,R,T,48,4,128,blocked|vendor
trsm,float,sm_89,R,T,48,4,512,blocked|vendor
trsm,float,sm_89,R,T,48,4,2048,blocked|vendor
trsm,float,sm_89,R,T,48,4,8192,blocked|vendor
trsm,float,sm_89,R,T,48,4,32768,blocked|vendor
trsm,float,sm_89,R,T,48,8,128,blocked|vendor
trsm,float,sm_89,R,T,48,8,512,blocked|vendor
trsm,float,sm_89,R,T,48,8,2048,blocked|vendor
trsm,float,sm_89,R,T,48,8,8192,blocked|vendor
trsm,float,sm_89,R,T,48,8,32768,blocked|vendor
trsm,float,sm_89,R,T,48,16,128,blocked|vendor
trsm,float,sm_89,R,T,48,16,512,blocked|vendor
trsm,float,sm_89,R,T,48,16,2048,blocked|vendor
trsm,float,sm_89,R,T,48,16,8192,blocked|vendor
trsm,float,sm_89,R,T,48,16,32768,blocked|vendor
trsm,float,sm_89,R,T,48,32,128,blocked|vendor
trsm,float,sm_89,R,T,48,32,512,blocked|vendor
trsm,float,sm_89,R,T,48,32,2048,blocked|vendor
trsm,float,sm_89,R,T,48,32,8192,blocked|vendor
trsm,float,sm_89,R,T,48,32,32768,blocked|vendor
trsm,float,sm_89,R,T,48,64,128,blocked|vendor
trsm,float,sm_89,R,T,48,64,512,blocked|vendor
trsm,float,sm_89,R,T,48,64,2048,blocked|vendor
trsm,float,sm_89,R,T,48,64,8192,blocked|vendor
trsm,float,sm_89,R,T,48,64,32768,blocked|vendor
trsm,float,sm_89,R,T,48,128,128,blocked|vendor
trsm,float,sm_89,R,T,48,128,512,blocked|vendor
trsm,float,sm_89,R,T,48,128,2048,blocked|vendor
trsm,float,sm_89,R,T,48,128,8192,blocked|vendor
trsm,float,sm_89,R,T,48,128,32768,blocked|vendor
trsm,float,sm_89,R,T,48,256,128,blocked|vendor
trsm,float,sm_89,R,T,48,256,512,blocked|vendor
trsm,float,sm_89,R,T,48,256,2048,blocked|vendor
trsm,float,sm_89,R,T,48,256,8192,blocked|vendor
trsm,float,sm_89,R,T,48,256,32768,blocked|vendor
trsm,float,sm_89,R,T,48,512,128,blocked|vendor
trsm,float,sm_89,R,T,48,512,512,blocked|vendor
trsm,float,sm_89,R,T,48,512,2048,blocked|vendor
trsm,float,sm_89,R,T,48,512,8192,blocked|vendor
trsm,float,sm_89,R,T,48,512,32768,blocked|vendor
trsm,float,sm_89,R,T,48,1024,128,blocked|vendor
trsm,float,sm_89,R,T,48,1024,512,blocked|vendor
trsm,float,sm_89,R,T,48,1024,2048,blocked|vendor
trsm,float,sm_89,R,T,48,1024,8192,blocked|vendor
trsm,float,sm_89,R,T,48,1024,32768,blocked|vendor
trsm,float,sm_89,R,T,48,4096,128,blocked|vendor
trsm,float,sm_89,R,T,48,4096,512,blocked|vendor
trsm,float,sm_89,R,T,48,4096,2048,blocked|vendor
trsm,float,sm_89,R,T,48,4096,8192,blocked|vendor
trsm,float,sm_89,R,T,48,4096,32768,blocked|vendor
trsm,float,sm_89,R,T,64,1,128,blocked|vendor
trsm,float,sm_89,R,T,64,1,512,blocked|vendor
trsm,float,sm_89,R,T,64,1,2048,blocked|vendor
trsm,float,sm_89,R,T,64,1,8192,blocked|vendor
trsm,float,sm_89,R,T,64,1,32768,blocked|vendor
trsm,float,sm_89,R,T,64,2,128,blocked|vendor
trsm,float,sm_89,R,T,64,2,512,blocked|vendor
trsm,float,sm_89,R,T,64,2,2048,blocked|vendor
trsm,float,sm_89,R,T,64,2,8192,blocked|vendor
trsm,float,sm_89,R,T,64,2,32768,blocked|vendor
trsm,float,sm_89,R,T,64,4,128,blocked|vendor
trsm,float,sm_89,R,T,64,4,512,blocked|vendor
trsm,float,sm_89,R,T,64,4,2048,blocked|vendor
trsm,float,sm_89,R,T,64,4,8192,blocked|vendor
trsm,float,sm_89,R,T,64,4,32768,blocked|vendor
trsm,float,sm_89,R,T,64,8,128,blocked|vendor
trsm,float,sm_89,R,T,64,8,512,blocked|vendor
trsm,float,sm_89,R,T,64,8,2048,blocked|vendor
trsm,float,sm_89,R,T,64,8,8192,blocked|vendor
trsm,float,sm_89,R,T,64,8,32768,blocked|vendor
trsm,float,sm_89,R,T,64,16,128,blocked|vendor
trsm,float,sm_89,R,T,64,16,512,blocked|vendor
trsm,float,sm_89,R,T,64,16,2048,blocked|vendor
trsm,float,sm_89,R,T,64,16,8192,blocked|vendor
trsm,float,sm_89,R,T,64,16,32768,blocked|vendor
trsm,float,sm_89,R,T,64,32,128,blocked|vendor
trsm,float,sm_89,R,T,64,32,512,blocked|vendor
trsm,float,sm_89,R,T,64,32,2048,blocked|vendor
trsm,float,sm_89,R,T,64,32,8192,blocked|vendor
trsm,float,sm_89,R,T,64,32,32768,blocked|vendor
trsm,float,sm_89,R,T,64,64,128,blocked|vendor
trsm,float,sm_89,R,T,64,64,512,blocked|vendor
trsm,float,sm_89,R,T,64,64,2048,blocked|vendor
trsm,float,sm_89,R,T,64,64,8192,blocked|vendor
trsm,float,sm_89,R,T,64,64,32768,blocked|vendor
trsm,float,sm_89,R,T,64,128,128,blocked|vendor
trsm,float,sm_89,R,T,64,128,512,blocked|vendor
trsm,float,sm_89,R,T,64,128,2048,blocked|vendor
trsm,float,sm_89,R,T,64,128,8192,blocked|vendor
trsm,float,sm_89,R,T,64,128,32768,blocked|vendor
trsm,float,sm_89,R,T,64,256,128,blocked|vendor
trsm,float,sm_89,R,T,64,256,512,blocked|vendor
trsm,float,sm_89,R,T,64,256,2048,blocked|vendor
trsm,float,sm_89,R,T,64,256,8192,blocked|vendor
trsm,float,sm_89,R,T,64,256,32768,blocked|vendor
trsm,float,sm_89,R,T,64,512,128,blocked|vendor
trsm,float,sm_89,R,T,64,512,512,blocked|vendor
trsm,float,sm_89,R,T,64,512,2048,blocked|vendor
trsm,float,sm_89,R,T,64,512,8192,blocked|vendor
trsm,float,sm_89,R,T,64,512,32768,blocked|vendor
trsm,float,sm_89,R,T,64,1024,128,blocked|vendor
trsm,float,sm_89,R,T,64,1024,512,blocked|vendor
trsm,float,sm_89,R,T,64,1024,2048,blocked|vendor
trsm,float,sm_89,R,T,64,1024,8192,blocked|vendor
trsm,float,sm_89,R,T,64,1024,32768,blocked|vendor
trsm,float,sm_89,R,T,64,4096,128,blocked|vendor
trsm,float,sm_89,R,T,64,4096,512,blocked|vendor
trsm,float,sm_89,R,T,64,4096,2048,blocked|vendor
trsm,float,sm_89,R,T,64,4096,8192,blocked|vendor
trsm,float,sm_89,R,T,64,4096,32768,blocked|vendor
trsm,float,sm_89,R,T,96,1,128,blocked|vendor
trsm,float,sm_89,R,T,96,1,512,blocked|vendor
trsm,float,sm_89,R,T,96,1,2048,blocked|vendor
trsm,float,sm_89,R,T,96,1,8192,blocked|vendor
trsm,float,sm_89,R,T,96,1,32768,blocked|vendor
trsm,float,sm_89,R,T,96,2,128,blocked|vendor
trsm,float,sm_89,R,T,96,2,512,blocked|vendor
trsm,float,sm_89,R,T,96,2,2048,blocked|vendor
trsm,float,sm_89,R,T,96,2,8192,blocked|vendor
trsm,float,sm_89,R,T,96,2,32768,blocked|vendor
trsm,float,sm_89,R,T,96,4,128,blocked|vendor
trsm,float,sm_89,R,T,96,4,512,blocked|vendor
trsm,float,sm_89,R,T,96,4,2048,blocked|vendor
trsm,float,sm_89,R,T,96,4,8192,blocked|vendor
trsm,float,sm_89,R,T,96,4,32768,blocked|vendor
trsm,float,sm_89,R,T,96,8,128,blocked|vendor
trsm,float,sm_89,R,T,96,8,512,blocked|vendor
trsm,float,sm_89,R,T,96,8,2048,blocked|vendor
trsm,float,sm_89,R,T,96,8,8192,blocked|vendor
trsm,float,sm_89,R,T,96,8,32768,blocked|vendor
trsm,float,sm_89,R,T,96,16,128,blocked|vendor
trsm,float,sm_89,R,T,96,16,512,blocked|vendor
trsm,float,sm_89,R,T,96,16,2048,blocked|vendor
trsm,float,sm_89,R,T,96,16,8192,blocked|vendor
trsm,float,sm_89,R,T,96,16,32768,blocked|vendor
trsm,float,sm_89,R,T,96,32,128,blocked|vendor
trsm,float,sm_89,R,T,96,32,512,blocked|vendor
trsm,float,sm_89,R,T,96,32,2048,blocked|vendor
trsm,float,sm_89,R,T,96,32,8192,blocked|vendor
trsm,float,sm_89,R,T,96,32,32768,blocked|vendor
trsm,float,sm_89,R,T,96,64,128,blocked|vendor
trsm,float,sm_89,R,T,96,64,512,blocked|vendor
trsm,float,sm_89,R,T,96,64,2048,blocked|vendor
trsm,float,sm_89,R,T,96,64,8192,blocked|vendor
trsm,float,sm_89,R,T,96,64,32768,blocked|vendor
trsm,float,sm_89,R,T,96,128,128,blocked|vendor
trsm,float,sm_89,R,T,96,128,512,blocked|vendor
trsm,float,sm_89,R,T,96,128,2048,blocked|vendor
trsm,float,sm_89,R,T,96,128,8192,blocked|vendor
trsm,float,sm_89,R,T,96,128,32768,blocked|vendor
trsm,float,sm_89,R,T,96,256,128,blocked|vendor
trsm,float,sm_89,R,T,96,256,512,blocked|vendor
trsm,float,sm_89,R,T,96,256,2048,blocked|vendor
trsm,float,sm_89,R,T,96,256,8192,blocked|vendor
trsm,float,sm_89,R,T,96,256,32768,blocked|vendor
trsm,float,sm_89,R,T,96,512,128,blocked|vendor
trsm,float,sm_89,R,T,96,512,512,blocked|vendor
trsm,float,sm_89,R,T,96,512,2048,blocked|vendor
trsm,float,sm_89,R,T,96,512,8192,blocked|vendor
trsm,float,sm_89,R,T,96,512,32768,blocked|vendor
trsm,float,sm_89,R,T,96,1024,128,blocked|vendor
trsm,float,sm_89,R,T,96,1024,512,blocked|vendor
trsm,float,sm_89,R,T,96,1024,2048,blocked|vendor
trsm,float,sm_89,R,T,96,1024,8192,blocked|vendor
trsm,float,sm_89,R,T,96,1024,32768,blocked|vendor
trsm,float,sm_89,R,T,96,4096,128,blocked|vendor
trsm,float,sm_89,R,T,96,4096,512,blocked|vendor
trsm,float,sm_89,R,T,96,4096,2048,blocked|vendor
trsm,float,sm_89,R,T,96,4096,8192,blocked|vendor
trsm,float,sm_89,R,T,96,4096,32768,blocked|vendor
trsm,float,sm_89,R,T,128,1,128,blocked|vendor
trsm,float,sm_89,R,T,128,1,512,blocked|vendor
trsm,float,sm_89,R,T,128,1,2048,blocked|vendor
trsm,float,sm_89,R,T,128,1,8192,blocked|vendor
trsm,float,sm_89,R,T,128,1,32768,blocked|vendor
trsm,float,sm_89,R,T,128,2,128,blocked|vendor
trsm,float,sm_89,R,T,128,2,512,blocked|vendor
trsm,float,sm_89,R,T,128,2,2048,blocked|vendor
trsm,float,sm_89,R,T,128,2,8192,blocked|vendor
trsm,float,sm_89,R,T,128,2,32768,blocked|vendor
trsm,float,sm_89,R,T,128,4,128,blocked|vendor
trsm,float,sm_89,R,T,128,4,512,blocked|vendor
trsm,float,sm_89,R,T,128,4,2048,blocked|vendor
trsm,float,sm_89,R,T,128,4,8192,blocked|vendor
trsm,float,sm_89,R,T,128,4,32768,blocked|vendor
trsm,float,sm_89,R,T,128,8,128,blocked|vendor
trsm,float,sm_89,R,T,128,8,512,blocked|vendor
trsm,float,sm_89,R,T,128,8,2048,blocked|vendor
trsm,float,sm_89,R,T,128,8,8192,blocked|vendor
trsm,float,sm_89,R,T,128,8,32768,blocked|vendor
trsm,float,sm_89,R,T,128,16,128,blocked|vendor
trsm,float,sm_89,R,T,128,16,512,blocked|vendor
trsm,float,sm_89,R,T,128,16,2048,blocked|vendor
trsm,float,sm_89,R,T,128,16,8192,blocked|vendor
trsm,float,sm_89,R,T,128,16,32768,blocked|vendor
trsm,float,sm_89,R,T,128,32,128,blocked|vendor
trsm,float,sm_89,R,T,128,32,512,blocked|vendor
trsm,float,sm_89,R,T,128,32,2048,blocked|vendor
trsm,float,sm_89,R,T,128,32,8192,blocked|vendor
trsm,float,sm_89,R,T,128,32,32768,blocked|vendor
trsm,float,sm_89,R,T,128,64,128,blocked|vendor
trsm,float,sm_89,R,T,128,64,512,blocked|vendor
trsm,float,sm_89,R,T,128,64,2048,blocked|vendor
trsm,float,sm_89,R,T,128,64,8192,blocked|vendor
trsm,float,sm_89,R,T,128,64,32768,blocked|vendor
trsm,float,sm_89,R,T,128,128,128,blocked|vendor
trsm,float,sm_89,R,T,128,128,512,blocked|vendor
trsm,float,sm_89,R,T,128,128,2048,blocked|vendor
trsm,float,sm_89,R,T,128,128,8192,blocked|vendor
trsm,float,sm_89,R,T,128,128,32768,blocked|vendor
trsm,float,sm_89,R,T,128,256,128,blocked|vendor
trsm,float,sm_89,R,T,128,256,512,blocked|vendor
trsm,float,sm_89,R,T,128,256,2048,blocked|vendor
trsm,float,sm_89,R,T,128,256,8192,blocked|vendor
trsm,float,sm_89,R,T,128,256,32768,blocked|vendor
trsm,float,sm_89,R,T,128,512,128,blocked|vendor
trsm,float,sm_89,R,T,128,512,512,blocked|vendor
trsm,float,sm_89,R,T,128,512,2048,blocked|vendor
trsm,float,sm_89,R,T,128,512,8192,blocked|vendor
trsm,float,sm_89,R,T,128,512,32768,blocked|vendor
trsm,float,sm_89,R,T,128,1024,128,blocked|vendor
trsm,float,sm_89,R,T,128,1024,512,blocked|vendor
trsm,float,sm_89,R,T,128,1024,2048,blocked|vendor
trsm,float,sm_89,R,T,128,1024,8192,blocked|vendor
trsm,float,sm_89,R,T,128,1024,32768,blocked|vendor
trsm,float,sm_89,R,T,128,4096,128,blocked|vendor
trsm,float,sm_89,R,T,128,4096,512,blocked|vendor
trsm,float,sm_89,R,T,128,4096,2048,blocked|vendor
trsm,float,sm_89,R,T,128,4096,8192,blocked|vendor
trsm,float,sm_89,R,T,128,4096,32768,blocked|vendor
trsm,float,sm_89,R,T,192,1,128,blocked|vendor
trsm,float,sm_89,R,T,192,1,512,blocked|vendor
trsm,float,sm_89,R,T,192,1,2048,blocked|vendor
trsm,float,sm_89,R,T,192,1,8192,blocked|vendor
trsm,float,sm_89,R,T,192,1,32768,blocked|vendor
trsm,float,sm_89,R,T,192,2,128,blocked|vendor
trsm,float,sm_89,R,T,192,2,512,blocked|vendor
trsm,float,sm_89,R,T,192,2,2048,blocked|vendor
trsm,float,sm_89,R,T,192,2,8192,blocked|vendor
trsm,float,sm_89,R,T,192,2,32768,blocked|vendor
trsm,float,sm_89,R,T,192,4,128,blocked|vendor
trsm,float,sm_89,R,T,192,4,512,blocked|vendor
trsm,float,sm_89,R,T,192,4,2048,blocked|vendor
trsm,float,sm_89,R,T,192,4,8192,blocked|vendor
trsm,float,sm_89,R,T,192,4,32768,blocked|vendor
trsm,float,sm_89,R,T,192,8,128,blocked|vendor
trsm,float,sm_89,R,T,192,8,512,blocked|vendor
trsm,float,sm_89,R,T,192,8,2048,blocked|vendor
trsm,float,sm_89,R,T,192,8,8192,blocked|vendor
trsm,float,sm_89,R,T,192,8,32768,blocked|vendor
trsm,float,sm_89,R,T,192,16,128,blocked|vendor
trsm,float,sm_89,R,T,192,16,512,blocked|vendor
trsm,float,sm_89,R,T,192,16,2048,blocked|vendor
trsm,float,sm_89,R,T,192,16,8192,blocked|vendor
trsm,float,sm_89,R,T,192,16,32768,blocked|vendor
trsm,float,sm_89,R,T,192,32,128,blocked|vendor
trsm,float,sm_89,R,T,192,32,512,blocked|vendor
trsm,float,sm_89,R,T,192,32,2048,blocked|vendor
trsm,float,sm_89,R,T,192,32,8192,blocked|vendor
trsm,float,sm_89,R,T,192,32,32768,blocked|vendor
trsm,float,sm_89,R,T,192,64,128,blocked|vendor
trsm,float,sm_89,R,T,192,64,512,blocked|vendor
trsm,float,sm_89,R,T,192,64,2048,blocked|vendor
trsm,float,sm_89,R,T,192,64,8192,blocked|vendor
trsm,float,sm_89,R,T,192,64,32768,blocked|vendor
trsm,float,sm_89,R,T,192,128,128,blocked|vendor
trsm,float,sm_89,R,T,192,128,512,blocked|vendor
trsm,float,sm_89,R,T,192,128,2048,blocked|vendor
trsm,float,sm_89,R,T,192,128,8192,blocked|vendor
trsm,float,sm_89,R,T,192,128,32768,blocked|vendor
trsm,float,sm_89,R,T,192,256,128,blocked|vendor
trsm,float,sm_89,R,T,192,256,512,blocked|vendor
trsm,float,sm_89,R,T,192,256,2048,blocked|vendor
trsm,float,sm_89,R,T,192,256,8192,blocked|vendor
trsm,float,sm_89,R,T,192,256,32768,blocked|vendor
trsm,float,sm_89,R,T,192,512,128,blocked|vendor
trsm,float,sm_89,R,T,192,512,512,blocked|vendor
trsm,float,sm_89,R,T,192,512,2048,blocked|vendor
trsm,float,sm_89,R,T,192,512,8192,blocked|vendor
trsm,float,sm_89,R,T,192,512,32768,blocked|vendor
trsm,float,sm_89,R,T,192,1024,128,blocked|vendor
trsm,float,sm_89,R,T,192,1024,512,blocked|vendor
trsm,float,sm_89,R,T,192,1024,2048,blocked|vendor
trsm,float,sm_89,R,T,192,1024,8192,blocked|vendor
trsm,float,sm_89,R,T,192,1024,32768,blocked|vendor
trsm,float,sm_89,R,T,192,4096,128,blocked|vendor
trsm,float,sm_89,R,T,192,4096,512,blocked|vendor
trsm,float,sm_89,R,T,192,4096,2048,blocked|vendor
trsm,float,sm_89,R,T,192,4096,8192,blocked|vendor
trsm,float,sm_89,R,T,192,4096,32768,blocked|vendor
trsm,float,sm_89,R,T,256,1,128,blocked|vendor
trsm,float,sm_89,R,T,256,1,512,blocked|vendor
trsm,float,sm_89,R,T,256,1,2048,blocked|vendor
trsm,float,sm_89,R,T,256,1,8192,blocked|vendor
trsm,float,sm_89,R,T,256,1,32768,blocked|vendor
trsm,float,sm_89,R,T,256,2,128,blocked|vendor
trsm,float,sm_89,R,T,256,2,512,blocked|vendor
trsm,float,sm_89,R,T,256,2,2048,blocked|vendor
trsm,float,sm_89,R,T,256,2,8192,blocked|vendor
trsm,float,sm_89,R,T,256,2,32768,blocked|vendor
trsm,float,sm_89,R,T,256,4,128,blocked|vendor
trsm,float,sm_89,R,T,256,4,512,blocked|vendor
trsm,float,sm_89,R,T,256,4,2048,blocked|vendor
trsm,float,sm_89,R,T,256,4,8192,blocked|vendor
trsm,float,sm_89,R,T,256,4,32768,blocked|vendor
trsm,float,sm_89,R,T,256,8,128,blocked|vendor
trsm,float,sm_89,R,T,256,8,512,blocked|vendor
trsm,float,sm_89,R,T,256,8,2048,blocked|vendor
trsm,float,sm_89,R,T,256,8,8192,blocked|vendor
trsm,float,sm_89,R,T,256,8,32768,blocked|vendor
trsm,float,sm_89,R,T,256,16,128,blocked|vendor
trsm,float,sm_89,R,T,256,16,512,blocked|vendor
trsm,float,sm_89,R,T,256,16,2048,blocked|vendor
trsm,float,sm_89,R,T,256,16,8192,blocked|vendor
trsm,float,sm_89,R,T,256,16,32768,blocked|vendor
trsm,float,sm_89,R,T,256,32,128,blocked|vendor
trsm,float,sm_89,R,T,256,32,512,blocked|vendor
trsm,float,sm_89,R,T,256,32,2048,blocked|vendor
trsm,float,sm_89,R,T,256,32,8192,blocked|vendor
trsm,float,sm_89,R,T,256,32,32768,blocked|vendor
trsm,float,sm_89,R,T,256,64,128,blocked|vendor
trsm,float,sm_89,R,T,256,64,512,blocked|vendor
trsm,float,sm_89,R,T,256,64,2048,blocked|vendor
trsm,float,sm_89,R,T,256,64,8192,blocked|vendor
trsm,float,sm_89,R,T,256,64,32768,blocked|vendor
trsm,float,sm_89,R,T,256,128,128,blocked|vendor
trsm,float,sm_89,R,T,256,128,512,blocked|vendor
trsm,float,sm_89,R,T,256,128,2048,blocked|vendor
trsm,float,sm_89,R,T,256,128,8192,blocked|vendor
trsm,float,sm_89,R,T,256,128,32768,blocked|vendor
trsm,float,sm_89,R,T,256,256,128,blocked|vendor
trsm,float,sm_89,R,T,256,256,512,blocked|vendor
trsm,float,sm_89,R,T,256,256,2048,blocked|vendor
trsm,float,sm_89,R,T,256,256,8192,blocked|vendor
trsm,float,sm_89,R,T,256,256,32768,blocked|vendor
trsm,float,sm_89,R,T,256,512,128,blocked|vendor
trsm,float,sm_89,R,T,256,512,512,blocked|vendor
trsm,float,sm_89,R,T,256,512,2048,blocked|vendor
trsm,float,sm_89,R,T,256,512,8192,blocked|vendor
trsm,float,sm_89,R,T,256,512,32768,blocked|vendor
trsm,float,sm_89,R,T,256,1024,128,blocked|vendor
trsm,float,sm_89,R,T,256,1024,512,blocked|vendor
trsm,float,sm_89,R,T,256,1024,2048,blocked|vendor
trsm,float,sm_89,R,T,256,1024,8192,blocked|vendor
trsm,float,sm_89,R,T,256,1024,32768,blocked|vendor
trsm,float,sm_89,R,T,256,4096,128,blocked|vendor
trsm,float,sm_89,R,T,256,4096,512,blocked|vendor
trsm,float,sm_89,R,T,256,4096,2048,blocked|vendor
trsm,float,sm_89,R,T,256,4096,8192,blocked|vendor
trsm,float,sm_89,R,T,256,4096,32768,blocked|vendor
trsm,float,sm_89,R,T,384,1,128,blocked|vendor
trsm,float,sm_89,R,T,384,1,512,blocked|vendor
trsm,float,sm_89,R,T,384,1,2048,blocked|vendor
trsm,float,sm_89,R,T,384,1,8192,blocked|vendor
trsm,float,sm_89,R,T,384,1,32768,blocked|vendor
trsm,float,sm_89,R,T,384,2,128,blocked|vendor
trsm,float,sm_89,R,T,384,2,512,blocked|vendor
trsm,float,sm_89,R,T,384,2,2048,blocked|vendor
trsm,float,sm_89,R,T,384,2,8192,blocked|vendor
trsm,float,sm_89,R,T,384,2,32768,blocked|vendor
trsm,float,sm_89,R,T,384,4,128,blocked|vendor
trsm,float,sm_89,R,T,384,4,512,blocked|vendor
trsm,float,sm_89,R,T,384,4,2048,blocked|vendor
trsm,float,sm_89,R,T,384,4,8192,blocked|vendor
trsm,float,sm_89,R,T,384,4,32768,blocked|vendor
trsm,float,sm_89,R,T,384,8,128,blocked|vendor
trsm,float,sm_89,R,T,384,8,512,blocked|vendor
trsm,float,sm_89,R,T,384,8,2048,blocked|vendor
trsm,float,sm_89,R,T,384,8,8192,blocked|vendor
trsm,float,sm_89,R,T,384,8,32768,blocked|vendor
trsm,float,sm_89,R,T,384,16,128,blocked|vendor
trsm,float,sm_89,R,T,384,16,512,blocked|vendor
trsm,float,sm_89,R,T,384,16,2048,blocked|vendor
trsm,float,sm_89,R,T,384,16,8192,blocked|vendor
trsm,float,sm_89,R,T,384,16,32768,blocked|vendor
trsm,float,sm_89,R,T,384,32,128,blocked|vendor
trsm,float,sm_89,R,T,384,32,512,blocked|vendor
trsm,float,sm_89,R,T,384,32,2048,blocked|vendor
trsm,float,sm_89,R,T,384,32,8192,blocked|vendor
trsm,float,sm_89,R,T,384,32,32768,blocked|vendor
trsm,float,sm_89,R,T,384,64,128,blocked|vendor
trsm,float,sm_89,R,T,384,64,512,blocked|vendor
trsm,float,sm_89,R,T,384,64,2048,blocked|vendor
trsm,float,sm_89,R,T,384,64,8192,blocked|vendor
trsm,float,sm_89,R,T,384,64,32768,blocked|vendor
trsm,float,sm_89,R,T,384,128,128,blocked|vendor
trsm,float,sm_89,R,T,384,128,512,blocked|vendor
trsm,float,sm_89,R,T,384,128,2048,blocked|vendor
trsm,float,sm_89,R,T,384,128,8192,blocked|vendor
trsm,float,sm_89,R,T,384,128,32768,blocked|vendor
trsm,float,sm_89,R,T,384,256,128,blocked|vendor
trsm,float,sm_89,R,T,384,256,512,blocked|vendor
trsm,float,sm_89,R,T,384,256,2048,blocked|vendor
trsm,float,sm_89,R,T,384,256,8192,blocked|vendor
trsm,float,sm_89,R,T,384,256,32768,blocked|vendor
trsm,float,sm_89,R,T,384,512,128,blocked|vendor
trsm,float,sm_89,R,T,384,512,512,blocked|vendor
trsm,float,sm_89,R,T,384,512,2048,blocked|vendor
trsm,float,sm_89,R,T,384,512,8192,blocked|vendor
trsm,float,sm_89,R,T,384,512,32768,blocked|vendor
trsm,float,sm_89,R,T,384,1024,128,blocked|vendor
trsm,float,sm_89,R,T,384,1024,512,blocked|vendor
trsm,float,sm_89,R,T,384,1024,2048,blocked|vendor
trsm,float,sm_89,R,T,384,1024,8192,blocked|vendor
trsm,float,sm_89,R,T,384,1024,32768,blocked|vendor
trsm,float,sm_89,R,T,384,4096,128,blocked|vendor
trsm,float,sm_89,R,T,384,4096,512,blocked|vendor
trsm,float,sm_89,R,T,384,4096,2048,blocked|vendor
trsm,float,sm_89,R,T,384,4096,8192,blocked|vendor
trsm,float,sm_89,R,T,384,4096,32768,blocked|vendor
trsm,float,sm_89,R,T,512,1,128,blocked|vendor
trsm,float,sm_89,R,T,512,1,512,blocked|vendor
trsm,float,sm_89,R,T,512,1,2048,blocked|vendor
trsm,float,sm_89,R,T,512,1,8192,blocked|vendor
trsm,float,sm_89,R,T,512,1,32768,blocked|vendor
trsm,float,sm_89,R,T,512,2,128,blocked|vendor
trsm,float,sm_89,R,T,512,2,512,blocked|vendor
trsm,float,sm_89,R,T,512,2,2048,blocked|vendor
trsm,float,sm_89,R,T,512,2,8192,blocked|vendor
trsm,float,sm_89,R,T,512,2,32768,blocked|vendor
trsm,float,sm_89,R,T,512,4,128,blocked|vendor
trsm,float,sm_89,R,T,512,4,512,blocked|vendor
trsm,float,sm_89,R,T,512,4,2048,blocked|vendor
trsm,float,sm_89,R,T,512,4,8192,blocked|vendor
trsm,float,sm_89,R,T,512,4,32768,blocked|vendor
trsm,float,sm_89,R,T,512,8,128,blocked|vendor
trsm,float,sm_89,R,T,512,8,512,blocked|vendor
trsm,float,sm_89,R,T,512,8,2048,blocked|vendor
trsm,float,sm_89,R,T,512,8,8192,blocked|vendor
trsm,float,sm_89,R,T,512,8,32768,blocked|vendor
trsm,float,sm_89,R,T,512,16,128,blocked|vendor
trsm,float,sm_89,R,T,512,16,512,blocked|vendor
trsm,float,sm_89,R,T,512,16,2048,blocked|vendor
trsm,float,sm_89,R,T,512,16,8192,blocked|vendor
trsm,float,sm_89,R,T,512,16,32768,blocked|vendor
trsm,float,sm_89,R,T,512,32,128,blocked|vendor
trsm,float,sm_89,R,T,512,32,512,blocked|vendor
trsm,float,sm_89,R,T,512,32,2048,blocked|vendor
trsm,float,sm_89,R,T,512,32,8192,blocked|vendor
trsm,float,sm_89,R,T,512,32,32768,blocked|vendor
trsm,float,sm_89,R,T,512,64,128,blocked|vendor
trsm,float,sm_89,R,T,512,64,512,blocked|vendor
trsm,float,sm_89,R,T,512,64,2048,blocked|vendor
trsm,float,sm_89,R,T,512,64,8192,blocked|vendor
trsm,float,sm_89,R,T,512,64,32768,blocked|vendor
trsm,float,sm_89,R,T,512,128,128,blocked|vendor
trsm,float,sm_89,R,T,512,128,512,blocked|vendor
trsm,float,sm_89,R,T,512,128,2048,blocked|vendor
trsm,float,sm_89,R,T,512,128,8192,blocked|vendor
trsm,float,sm_89,R,T,512,128,32768,blocked|vendor
trsm,float,sm_89,R,T,512,256,128,blocked|vendor
trsm,float,sm_89,R,T,512,256,512,blocked|vendor
trsm,float,sm_89,R,T,512,256,2048,blocked|vendor
trsm,float,sm_89,R,T,512,256,8192,blocked|vendor
trsm,float,sm_89,R,T,512,256,32768,blocked|vendor
trsm,float,sm_89,R,T,512,512,128,blocked|vendor
trsm,float,sm_89,R,T,512,512,512,blocked|vendor
trsm,float,sm_89,R,T,512,512,2048,blocked|vendor
trsm,float,sm_89,R,T,512,512,8192,blocked|vendor
trsm,float,sm_89,R,T,512,512,32768,blocked|vendor
trsm,float,sm_89,R,T,512,1024,128,blocked|vendor
trsm,float,sm_89,R,T,512,1024,512,blocked|vendor
trsm,float,sm_89,R,T,512,1024,2048,blocked|vendor
trsm,float,sm_89,R,T,512,1024,8192,blocked|vendor
trsm,float,sm_89,R,T,512,1024,32768,blocked|vendor
trsm,float,sm_89,R,T,512,4096,128,blocked|vendor
trsm,float,sm_89,R,T,512,4096,512,blocked|vendor
trsm,float,sm_89,R,T,512,4096,2048,blocked|vendor
trsm,float,sm_89,R,T,512,4096,8192,blocked|vendor
trsm,float,sm_89,R,T,512,4096,32768,blocked|vendor
trsm,float,sm_89,R,T,768,1,128,blocked|vendor
trsm,float,sm_89,R,T,768,1,512,blocked|vendor
trsm,float,sm_89,R,T,768,1,2048,blocked|vendor
trsm,float,sm_89,R,T,768,1,8192,blocked|vendor
trsm,float,sm_89,R,T,768,1,32768,blocked|vendor
trsm,float,sm_89,R,T,768,2,128,blocked|vendor
trsm,float,sm_89,R,T,768,2,512,blocked|vendor
trsm,float,sm_89,R,T,768,2,2048,blocked|vendor
trsm,float,sm_89,R,T,768,2,8192,blocked|vendor
trsm,float,sm_89,R,T,768,2,32768,blocked|vendor
trsm,float,sm_89,R,T,768,4,128,blocked|vendor
trsm,float,sm_89,R,T,768,4,512,blocked|vendor
trsm,float,sm_89,R,T,768,4,2048,blocked|vendor
trsm,float,sm_89,R,T,768,4,8192,blocked|vendor
trsm,float,sm_89,R,T,768,4,32768,blocked|vendor
trsm,float,sm_89,R,T,768,8,128,blocked|vendor
trsm,float,sm_89,R,T,768,8,512,blocked|vendor
trsm,float,sm_89,R,T,768,8,2048,blocked|vendor
trsm,float,sm_89,R,T,768,8,8192,blocked|vendor
trsm,float,sm_89,R,T,768,8,32768,blocked|vendor
trsm,float,sm_89,R,T,768,16,128,blocked|vendor
trsm,float,sm_89,R,T,768,16,512,blocked|vendor
trsm,float,sm_89,R,T,768,16,2048,blocked|vendor
trsm,float,sm_89,R,T,768,16,8192,blocked|vendor
trsm,float,sm_89,R,T,768,16,32768,blocked|vendor
trsm,float,sm_89,R,T,768,32,128,blocked|vendor
trsm,float,sm_89,R,T,768,32,512,blocked|vendor
trsm,float,sm_89,R,T,768,32,2048,blocked|vendor
trsm,float,sm_89,R,T,768,32,8192,blocked|vendor
trsm,float,sm_89,R,T,768,32,32768,blocked|vendor
trsm,float,sm_89,R,T,768,64,128,blocked|vendor
trsm,float,sm_89,R,T,768,64,512,blocked|vendor
trsm,float,sm_89,R,T,768,64,2048,blocked|vendor
trsm,float,sm_89,R,T,768,64,8192,blocked|vendor
trsm,float,sm_89,R,T,768,64,32768,blocked|vendor
trsm,float,sm_89,R,T,768,128,128,blocked|vendor
trsm,float,sm_89,R,T,768,128,512,blocked|vendor
trsm,float,sm_89,R,T,768,128,2048,blocked|vendor
trsm,float,sm_89,R,T,768,128,8192,blocked|vendor
trsm,float,sm_89,R,T,768,128,32768,blocked|vendor
trsm,float,sm_89,R,T,768,256,128,blocked|vendor
trsm,float,sm_89,R,T,768,256,512,blocked|vendor
trsm,float,sm_89,R,T,768,256,2048,blocked|vendor
trsm,float,sm_89,R,T,768,256,8192,blocked|vendor
trsm,float,sm_89,R,T,768,256,32768,blocked|vendor
trsm,float,sm_89,R,T,768,512,128,blocked|vendor
trsm,float,sm_89,R,T,768,512,512,blocked|vendor
trsm,float,sm_89,R,T,768,512,2048,blocked|vendor
trsm,float,sm_89,R,T,768,512,8192,blocked|vendor
trsm,float,sm_89,R,T,768,512,32768,blocked|vendor
trsm,float,sm_89,R,T,768,1024,128,blocked|vendor
trsm,float,sm_89,R,T,768,1024,512,blocked|vendor
trsm,float,sm_89,R,T,768,1024,2048,blocked|vendor
trsm,float,sm_89,R,T,768,1024,8192,blocked|vendor
trsm,float,sm_89,R,T,768,1024,32768,blocked|vendor
trsm,float,sm_89,R,T,768,4096,128,blocked|vendor
trsm,float,sm_89,R,T,768,4096,512,blocked|vendor
trsm,float,sm_89,R,T,768,4096,2048,blocked|vendor
trsm,float,sm_89,R,T,768,4096,8192,blocked|vendor
trsm,float,sm_89,R,T,768,4096,32768,blocked|vendor
trsm,float,sm_89,R,T,1024,1,128,blocked|vendor
trsm,float,sm_89,R,T,1024,1,512,blocked|vendor
trsm,float,sm_89,R,T,1024,1,2048,blocked|vendor
trsm,float,sm_89,R,T,1024,1,8192,blocked|vendor
trsm,float,sm_89,R,T,1024,1,32768,blocked|vendor
trsm,float,sm_89,R,T,1024,2,128,blocked|vendor
trsm,float,sm_89,R,T,1024,2,512,blocked|vendor
trsm,float,sm_89,R,T,1024,2,2048,blocked|vendor
trsm,float,sm_89,R,T,1024,2,8192,blocked|vendor
trsm,float,sm_89,R,T,1024,2,32768,blocked|vendor
trsm,float,sm_89,R,T,1024,4,128,blocked|vendor
trsm,float,sm_89,R,T,1024,4,512,blocked|vendor
trsm,float,sm_89,R,T,1024,4,2048,blocked|vendor
trsm,float,sm_89,R,T,1024,4,8192,blocked|vendor
trsm,float,sm_89,R,T,1024,4,32768,blocked|vendor
trsm,float,sm_89,R,T,1024,8,128,blocked|vendor
trsm,float,sm_89,R,T,1024,8,512,blocked|vendor
trsm,float,sm_89,R,T,1024,8,2048,blocked|vendor
trsm,float,sm_89,R,T,1024,8,8192,blocked|vendor
trsm,float,sm_89,R,T,1024,8,32768,blocked|vendor
trsm,float,sm_89,R,T,1024,16,128,blocked|vendor
trsm,float,sm_89,R,T,1024,16,512,blocked|vendor
trsm,float,sm_89,R,T,1024,16,2048,blocked|vendor
trsm,float,sm_89,R,T,1024,16,8192,blocked|vendor
trsm,float,sm_89,R,T,1024,16,32768,blocked|vendor
trsm,float,sm_89,R,T,1024,32,128,blocked|vendor
trsm,float,sm_89,R,T,1024,32,512,blocked|vendor
trsm,float,sm_89,R,T,1024,32,2048,blocked|vendor
trsm,float,sm_89,R,T,1024,32,8192,blocked|vendor
trsm,float,sm_89,R,T,1024,32,32768,blocked|vendor
trsm,float,sm_89,R,T,1024,64,128,blocked|vendor
trsm,float,sm_89,R,T,1024,64,512,blocked|vendor
trsm,float,sm_89,R,T,1024,64,2048,blocked|vendor
trsm,float,sm_89,R,T,1024,64,8192,blocked|vendor
trsm,float,sm_89,R,T,1024,64,32768,blocked|vendor
trsm,float,sm_89,R,T,1024,128,128,blocked|vendor
trsm,float,sm_89,R,T,1024,128,512,blocked|vendor
trsm,float,sm_89,R,T,1024,128,2048,blocked|vendor
trsm,float,sm_89,R,T,1024,128,8192,blocked|vendor
trsm,float,sm_89,R,T,1024,128,32768,blocked|vendor
trsm,float,sm_89,R,T,1024,256,128,blocked|vendor
trsm,float,sm_89,R,T,1024,256,512,blocked|vendor
trsm,float,sm_89,R,T,1024,256,2048,blocked|vendor
trsm,float,sm_89,R,T,1024,256,8192,blocked|vendor
trsm,float,sm_89,R,T,1024,256,32768,blocked|vendor
trsm,float,sm_89,R,T,1024,512,128,blocked|vendor
trsm,float,sm_89,R,T,1024,512,512,blocked|vendor
trsm,float,sm_89,R,T,1024,512,2048,blocked|vendor
trsm,float,sm_89,R,T,1024,512,8192,blocked|vendor
trsm,float,sm_89,R,T,1024,512,32768,blocked|vendor
trsm,float,sm_89,R,T,1024,1024,128,blocked|vendor
trsm,float,sm_89,R,T,1024,1024,512,blocked|vendor
trsm,float,sm_89,R,T,1024,1024,2048,blocked|vendor
trsm,float,sm_89,R,T,1024,1024,8192,blocked|vendor
trsm,float,sm_89,R,T,1024,1024,32768,blocked|vendor
trsm,float,sm_89,R,T,1024,4096,128,blocked|vendor
trsm,float,sm_89,R,T,1024,4096,512,blocked|vendor
trsm,float,sm_89,R,T,1024,4096,2048,blocked|vendor
trsm,float,sm_89,R,T,1024,4096,8192,blocked|vendor
trsm,float,sm_89,R,T,1024,4096,32768,blocked|vendor
trsm,double,sm_89,L,N,1,1,128,cta|blocked|vendor
trsm,double,sm_89,L,N,1,1,512,cta|blocked|vendor
trsm,double,sm_89,L,N,1,1,2048,cta|blocked|vendor
trsm,double,sm_89,L,N,1,1,8192,cta|blocked|vendor
trsm,double,sm_89,L,N,1,1,32768,cta|blocked|vendor
trsm,double,sm_89,L,N,1,2,128,cta|blocked|vendor
trsm,double,sm_89,L,N,1,2,512,cta|blocked|vendor
trsm,double,sm_89,L,N,1,2,2048,cta|blocked|vendor
trsm,double,sm_89,L,N,1,2,8192,cta|blocked|vendor
trsm,double,sm_89,L,N,1,2,32768,cta|blocked|vendor
trsm,double,sm_89,L,N,1,4,128,cta|blocked|vendor
trsm,double,sm_89,L,N,1,4,512,cta|blocked|vendor
trsm,double,sm_89,L,N,1,4,2048,cta|blocked|vendor
trsm,double,sm_89,L,N,1,4,8192,cta|blocked|vendor
trsm,double,sm_89,L,N,1,4,32768,cta|blocked|vendor
trsm,double,sm_89,L,N,1,8,128,cta|blocked|vendor
trsm,double,sm_89,L,N,1,8,512,cta|blocked|vendor
trsm,double,sm_89,L,N,1,8,2048,cta|blocked|vendor
trsm,double,sm_89,L,N,1,8,8192,cta|blocked|vendor
trsm,double,sm_89,L,N,1,8,32768,cta|blocked|vendor
trsm,double,sm_89,L,N,1,16,128,cta|blocked|vendor
trsm,double,sm_89,L,N,1,16,512,cta|blocked|vendor
trsm,double,sm_89,L,N,1,16,2048,cta|blocked|vendor
trsm,double,sm_89,L,N,1,16,8192,cta|blocked|vendor
trsm,double,sm_89,L,N,1,16,32768,cta|blocked|vendor
trsm,double,sm_89,L,N,1,32,128,cta|blocked|vendor
trsm,double,sm_89,L,N,1,32,512,cta|blocked|vendor
trsm,double,sm_89,L,N,1,32,2048,cta|blocked|vendor
trsm,double,sm_89,L,N,1,32,8192,cta|blocked|vendor
trsm,double,sm_89,L,N,1,32,32768,cta|blocked|vendor
trsm,double,sm_89,L,N,1,64,128,cta|blocked|vendor
trsm,double,sm_89,L,N,1,64,512,cta|blocked|vendor
trsm,double,sm_89,L,N,1,64,2048,cta|blocked|vendor
trsm,double,sm_89,L,N,1,64,8192,cta|blocked|vendor
trsm,double,sm_89,L,N,1,64,32768,cta|blocked|vendor
trsm,double,sm_89,L,N,1,128,128,cta|blocked|vendor
trsm,double,sm_89,L,N,1,128,512,cta|blocked|vendor
trsm,double,sm_89,L,N,1,128,2048,cta|blocked|vendor
trsm,double,sm_89,L,N,1,128,8192,cta|blocked|vendor
trsm,double,sm_89,L,N,1,128,32768,cta|blocked|vendor
trsm,double,sm_89,L,N,1,256,128,cta|blocked|vendor
trsm,double,sm_89,L,N,1,256,512,cta|blocked|vendor
trsm,double,sm_89,L,N,1,256,2048,cta|blocked|vendor
trsm,double,sm_89,L,N,1,256,8192,cta|blocked|vendor
trsm,double,sm_89,L,N,1,256,32768,cta|blocked|vendor
trsm,double,sm_89,L,N,1,512,128,cta|blocked|vendor
trsm,double,sm_89,L,N,1,512,512,cta|blocked|vendor
trsm,double,sm_89,L,N,1,512,2048,cta|blocked|vendor
trsm,double,sm_89,L,N,1,512,8192,cta|blocked|vendor
trsm,double,sm_89,L,N,1,512,32768,cta|blocked|vendor
trsm,double,sm_89,L,N,1,1024,128,cta|blocked|vendor
trsm,double,sm_89,L,N,1,1024,512,cta|blocked|vendor
trsm,double,sm_89,L,N,1,1024,2048,cta|blocked|vendor
trsm,double,sm_89,L,N,1,1024,8192,cta|blocked|vendor
trsm,double,sm_89,L,N,1,1024,32768,cta|blocked|vendor
trsm,double,sm_89,L,N,1,4096,128,cta|blocked|vendor
trsm,double,sm_89,L,N,1,4096,512,cta|blocked|vendor
trsm,double,sm_89,L,N,1,4096,2048,cta|blocked|vendor
trsm,double,sm_89,L,N,1,4096,8192,cta|blocked|vendor
trsm,double,sm_89,L,N,1,4096,32768,cta|blocked|vendor
trsm,double,sm_89,L,N,2,1,128,cta|blocked|vendor
trsm,double,sm_89,L,N,2,1,512,cta|blocked|vendor
trsm,double,sm_89,L,N,2,1,2048,cta|blocked|vendor
trsm,double,sm_89,L,N,2,1,8192,cta|blocked|vendor
trsm,double,sm_89,L,N,2,1,32768,cta|blocked|vendor
trsm,double,sm_89,L,N,2,2,128,cta|blocked|vendor
trsm,double,sm_89,L,N,2,2,512,cta|blocked|vendor
trsm,double,sm_89,L,N,2,2,2048,cta|blocked|vendor
trsm,double,sm_89,L,N,2,2,8192,cta|blocked|vendor
trsm,double,sm_89,L,N,2,2,32768,cta|blocked|vendor
trsm,double,sm_89,L,N,2,4,128,cta|blocked|vendor
trsm,double,sm_89,L,N,2,4,512,cta|blocked|vendor
trsm,double,sm_89,L,N,2,4,2048,cta|blocked|vendor
trsm,double,sm_89,L,N,2,4,8192,cta|blocked|vendor
trsm,double,sm_89,L,N,2,4,32768,cta|blocked|vendor
trsm,double,sm_89,L,N,2,8,128,cta|blocked|vendor
trsm,double,sm_89,L,N,2,8,512,cta|blocked|vendor
trsm,double,sm_89,L,N,2,8,2048,cta|blocked|vendor
trsm,double,sm_89,L,N,2,8,8192,cta|blocked|vendor
trsm,double,sm_89,L,N,2,8,32768,cta|blocked|vendor
trsm,double,sm_89,L,N,2,16,128,cta|blocked|vendor
trsm,double,sm_89,L,N,2,16,512,cta|blocked|vendor
trsm,double,sm_89,L,N,2,16,2048,cta|blocked|vendor
trsm,double,sm_89,L,N,2,16,8192,cta|blocked|vendor
trsm,double,sm_89,L,N,2,16,32768,cta|blocked|vendor
trsm,double,sm_89,L,N,2,32,128,cta|blocked|vendor
trsm,double,sm_89,L,N,2,32,512,cta|blocked|vendor
trsm,double,sm_89,L,N,2,32,2048,cta|blocked|vendor
trsm,double,sm_89,L,N,2,32,8192,cta|blocked|vendor
trsm,double,sm_89,L,N,2,32,32768,cta|blocked|vendor
trsm,double,sm_89,L,N,2,64,128,cta|blocked|vendor
trsm,double,sm_89,L,N,2,64,512,cta|blocked|vendor
trsm,double,sm_89,L,N,2,64,2048,cta|blocked|vendor
trsm,double,sm_89,L,N,2,64,8192,cta|blocked|vendor
trsm,double,sm_89,L,N,2,64,32768,cta|blocked|vendor
trsm,double,sm_89,L,N,2,128,128,cta|blocked|vendor
trsm,double,sm_89,L,N,2,128,512,cta|blocked|vendor
trsm,double,sm_89,L,N,2,128,2048,cta|blocked|vendor
trsm,double,sm_89,L,N,2,128,8192,cta|blocked|vendor
trsm,double,sm_89,L,N,2,128,32768,cta|blocked|vendor
trsm,double,sm_89,L,N,2,256,128,cta|blocked|vendor
trsm,double,sm_89,L,N,2,256,512,cta|blocked|vendor
trsm,double,sm_89,L,N,2,256,2048,cta|blocked|vendor
trsm,double,sm_89,L,N,2,256,8192,cta|blocked|vendor
trsm,double,sm_89,L,N,2,256,32768,cta|blocked|vendor
trsm,double,sm_89,L,N,2,512,128,cta|blocked|vendor
trsm,double,sm_89,L,N,2,512,512,cta|blocked|vendor
trsm,double,sm_89,L,N,2,512,2048,cta|blocked|vendor
trsm,double,sm_89,L,N,2,512,8192,cta|blocked|vendor
trsm,double,sm_89,L,N,2,512,32768,cta|blocked|vendor
trsm,double,sm_89,L,N,2,1024,128,cta|blocked|vendor
trsm,double,sm_89,L,N,2,1024,512,cta|blocked|vendor
trsm,double,sm_89,L,N,2,1024,2048,cta|blocked|vendor
trsm,double,sm_89,L,N,2,1024,8192,cta|blocked|vendor
trsm,double,sm_89,L,N,2,1024,32768,cta|blocked|vendor
trsm,double,sm_89,L,N,2,4096,128,cta|blocked|vendor
trsm,double,sm_89,L,N,2,4096,512,cta|blocked|vendor
trsm,double,sm_89,L,N,2,4096,2048,cta|blocked|vendor
trsm,double,sm_89,L,N,2,4096,8192,cta|blocked|vendor
trsm,double,sm_89,L,N,2,4096,32768,cta|blocked|vendor
trsm,double,sm_89,L,N,4,1,128,cta|blocked|vendor
trsm,double,sm_89,L,N,4,1,512,cta|blocked|vendor
trsm,double,sm_89,L,N,4,1,2048,cta|blocked|vendor
trsm,double,sm_89,L,N,4,1,8192,cta|blocked|vendor
trsm,double,sm_89,L,N,4,1,32768,cta|blocked|vendor
trsm,double,sm_89,L,N,4,2,128,cta|blocked|vendor
trsm,double,sm_89,L,N,4,2,512,cta|blocked|vendor
trsm,double,sm_89,L,N,4,2,2048,cta|blocked|vendor
trsm,double,sm_89,L,N,4,2,8192,cta|blocked|vendor
trsm,double,sm_89,L,N,4,2,32768,cta|blocked|vendor
trsm,double,sm_89,L,N,4,4,128,cta|blocked|vendor
trsm,double,sm_89,L,N,4,4,512,cta|blocked|vendor
trsm,double,sm_89,L,N,4,4,2048,cta|blocked|vendor
trsm,double,sm_89,L,N,4,4,8192,cta|blocked|vendor
trsm,double,sm_89,L,N,4,4,32768,cta|blocked|vendor
trsm,double,sm_89,L,N,4,8,128,cta|blocked|vendor
trsm,double,sm_89,L,N,4,8,512,cta|blocked|vendor
trsm,double,sm_89,L,N,4,8,2048,cta|blocked|vendor
trsm,double,sm_89,L,N,4,8,8192,cta|blocked|vendor
trsm,double,sm_89,L,N,4,8,32768,cta|blocked|vendor
trsm,double,sm_89,L,N,4,16,128,cta|blocked|vendor
trsm,double,sm_89,L,N,4,16,512,cta|blocked|vendor
trsm,double,sm_89,L,N,4,16,2048,cta|blocked|vendor
trsm,double,sm_89,L,N,4,16,8192,cta|blocked|vendor
trsm,double,sm_89,L,N,4,16,32768,cta|blocked|vendor
trsm,double,sm_89,L,N,4,32,128,cta|blocked|vendor
trsm,double,sm_89,L,N,4,32,512,cta|blocked|vendor
trsm,double,sm_89,L,N,4,32,2048,cta|blocked|vendor
trsm,double,sm_89,L,N,4,32,8192,cta|blocked|vendor
trsm,double,sm_89,L,N,4,32,32768,cta|blocked|vendor
trsm,double,sm_89,L,N,4,64,128,cta|blocked|vendor
trsm,double,sm_89,L,N,4,64,512,cta|blocked|vendor
trsm,double,sm_89,L,N,4,64,2048,cta|blocked|vendor
trsm,double,sm_89,L,N,4,64,8192,cta|blocked|vendor
trsm,double,sm_89,L,N,4,64,32768,cta|blocked|vendor
trsm,double,sm_89,L,N,4,128,128,cta|blocked|vendor
trsm,double,sm_89,L,N,4,128,512,cta|blocked|vendor
trsm,double,sm_89,L,N,4,128,2048,cta|blocked|vendor
trsm,double,sm_89,L,N,4,128,8192,cta|blocked|vendor
trsm,double,sm_89,L,N,4,128,32768,cta|blocked|vendor
trsm,double,sm_89,L,N,4,256,128,cta|blocked|vendor
trsm,double,sm_89,L,N,4,256,512,cta|blocked|vendor
trsm,double,sm_89,L,N,4,256,2048,cta|blocked|vendor
trsm,double,sm_89,L,N,4,256,8192,cta|blocked|vendor
trsm,double,sm_89,L,N,4,256,32768,cta|blocked|vendor
trsm,double,sm_89,L,N,4,512,128,cta|blocked|vendor
trsm,double,sm_89,L,N,4,512,512,cta|blocked|vendor
trsm,double,sm_89,L,N,4,512,2048,cta|blocked|vendor
trsm,double,sm_89,L,N,4,512,8192,cta|blocked|vendor
trsm,double,sm_89,L,N,4,512,32768,cta|blocked|vendor
trsm,double,sm_89,L,N,4,1024,128,cta|blocked|vendor
trsm,double,sm_89,L,N,4,1024,512,cta|blocked|vendor
trsm,double,sm_89,L,N,4,1024,2048,cta|blocked|vendor
trsm,double,sm_89,L,N,4,1024,8192,cta|blocked|vendor
trsm,double,sm_89,L,N,4,1024,32768,cta|blocked|vendor
trsm,double,sm_89,L,N,4,4096,128,cta|blocked|vendor
trsm,double,sm_89,L,N,4,4096,512,cta|blocked|vendor
trsm,double,sm_89,L,N,4,4096,2048,cta|blocked|vendor
trsm,double,sm_89,L,N,4,4096,8192,cta|blocked|vendor
trsm,double,sm_89,L,N,4,4096,32768,cta|blocked|vendor
trsm,double,sm_89,L,N,8,1,128,cta|blocked|vendor
trsm,double,sm_89,L,N,8,1,512,cta|blocked|vendor
trsm,double,sm_89,L,N,8,1,2048,cta|blocked|vendor
trsm,double,sm_89,L,N,8,1,8192,cta|blocked|vendor
trsm,double,sm_89,L,N,8,1,32768,cta|blocked|vendor
trsm,double,sm_89,L,N,8,2,128,cta|blocked|vendor
trsm,double,sm_89,L,N,8,2,512,cta|blocked|vendor
trsm,double,sm_89,L,N,8,2,2048,cta|blocked|vendor
trsm,double,sm_89,L,N,8,2,8192,cta|blocked|vendor
trsm,double,sm_89,L,N,8,2,32768,cta|blocked|vendor
trsm,double,sm_89,L,N,8,4,128,cta|blocked|vendor
trsm,double,sm_89,L,N,8,4,512,cta|blocked|vendor
trsm,double,sm_89,L,N,8,4,2048,cta|blocked|vendor
trsm,double,sm_89,L,N,8,4,8192,cta|blocked|vendor
trsm,double,sm_89,L,N,8,4,32768,cta|blocked|vendor
trsm,double,sm_89,L,N,8,8,128,cta|blocked|vendor
trsm,double,sm_89,L,N,8,8,512,cta|blocked|vendor
trsm,double,sm_89,L,N,8,8,2048,cta|blocked|vendor
trsm,double,sm_89,L,N,8,8,8192,cta|blocked|vendor
trsm,double,sm_89,L,N,8,8,32768,cta|blocked|vendor
trsm,double,sm_89,L,N,8,16,128,cta|blocked|vendor
trsm,double,sm_89,L,N,8,16,512,cta|blocked|vendor
trsm,double,sm_89,L,N,8,16,2048,cta|blocked|vendor
trsm,double,sm_89,L,N,8,16,8192,cta|blocked|vendor
trsm,double,sm_89,L,N,8,16,32768,cta|blocked|vendor
trsm,double,sm_89,L,N,8,32,128,cta|blocked|vendor
trsm,double,sm_89,L,N,8,32,512,cta|blocked|vendor
trsm,double,sm_89,L,N,8,32,2048,cta|blocked|vendor
trsm,double,sm_89,L,N,8,32,8192,cta|blocked|vendor
trsm,double,sm_89,L,N,8,32,32768,cta|blocked|vendor
trsm,double,sm_89,L,N,8,64,128,cta|blocked|vendor
trsm,double,sm_89,L,N,8,64,512,cta|blocked|vendor
trsm,double,sm_89,L,N,8,64,2048,cta|blocked|vendor
trsm,double,sm_89,L,N,8,64,8192,cta|blocked|vendor
trsm,double,sm_89,L,N,8,64,32768,cta|blocked|vendor
trsm,double,sm_89,L,N,8,128,128,cta|blocked|vendor
trsm,double,sm_89,L,N,8,128,512,cta|blocked|vendor
trsm,double,sm_89,L,N,8,128,2048,cta|blocked|vendor
trsm,double,sm_89,L,N,8,128,8192,cta|blocked|vendor
trsm,double,sm_89,L,N,8,128,32768,cta|blocked|vendor
trsm,double,sm_89,L,N,8,256,128,cta|blocked|vendor
trsm,double,sm_89,L,N,8,256,512,cta|blocked|vendor
trsm,double,sm_89,L,N,8,256,2048,cta|blocked|vendor
trsm,double,sm_89,L,N,8,256,8192,cta|blocked|vendor
trsm,double,sm_89,L,N,8,256,32768,cta|blocked|vendor
trsm,double,sm_89,L,N,8,512,128,cta|blocked|vendor
trsm,double,sm_89,L,N,8,512,512,cta|blocked|vendor
trsm,double,sm_89,L,N,8,512,2048,cta|blocked|vendor
trsm,double,sm_89,L,N,8,512,8192,cta|blocked|vendor
trsm,double,sm_89,L,N,8,512,32768,cta|blocked|vendor
trsm,double,sm_89,L,N,8,1024,128,cta|blocked|vendor
trsm,double,sm_89,L,N,8,1024,512,cta|blocked|vendor
trsm,double,sm_89,L,N,8,1024,2048,cta|blocked|vendor
trsm,double,sm_89,L,N,8,1024,8192,cta|blocked|vendor
trsm,double,sm_89,L,N,8,1024,32768,cta|blocked|vendor
trsm,double,sm_89,L,N,8,4096,128,cta|blocked|vendor
trsm,double,sm_89,L,N,8,4096,512,cta|blocked|vendor
trsm,double,sm_89,L,N,8,4096,2048,cta|blocked|vendor
trsm,double,sm_89,L,N,8,4096,8192,cta|blocked|vendor
trsm,double,sm_89,L,N,8,4096,32768,cta|blocked|vendor
trsm,double,sm_89,L,N,12,1,128,cta|blocked|vendor
trsm,double,sm_89,L,N,12,1,512,cta|blocked|vendor
trsm,double,sm_89,L,N,12,1,2048,cta|blocked|vendor
trsm,double,sm_89,L,N,12,1,8192,cta|blocked|vendor
trsm,double,sm_89,L,N,12,1,32768,cta|blocked|vendor
trsm,double,sm_89,L,N,12,2,128,cta|blocked|vendor
trsm,double,sm_89,L,N,12,2,512,cta|blocked|vendor
trsm,double,sm_89,L,N,12,2,2048,cta|blocked|vendor
trsm,double,sm_89,L,N,12,2,8192,cta|blocked|vendor
trsm,double,sm_89,L,N,12,2,32768,cta|blocked|vendor
trsm,double,sm_89,L,N,12,4,128,cta|blocked|vendor
trsm,double,sm_89,L,N,12,4,512,cta|blocked|vendor
trsm,double,sm_89,L,N,12,4,2048,cta|blocked|vendor
trsm,double,sm_89,L,N,12,4,8192,cta|blocked|vendor
trsm,double,sm_89,L,N,12,4,32768,cta|blocked|vendor
trsm,double,sm_89,L,N,12,8,128,cta|blocked|vendor
trsm,double,sm_89,L,N,12,8,512,cta|blocked|vendor
trsm,double,sm_89,L,N,12,8,2048,cta|blocked|vendor
trsm,double,sm_89,L,N,12,8,8192,cta|blocked|vendor
trsm,double,sm_89,L,N,12,8,32768,cta|blocked|vendor
trsm,double,sm_89,L,N,12,16,128,cta|blocked|vendor
trsm,double,sm_89,L,N,12,16,512,cta|blocked|vendor
trsm,double,sm_89,L,N,12,16,2048,cta|blocked|vendor
trsm,double,sm_89,L,N,12,16,8192,cta|blocked|vendor
trsm,double,sm_89,L,N,12,16,32768,cta|blocked|vendor
trsm,double,sm_89,L,N,12,32,128,cta|blocked|vendor
trsm,double,sm_89,L,N,12,32,512,cta|blocked|vendor
trsm,double,sm_89,L,N,12,32,2048,cta|blocked|vendor
trsm,double,sm_89,L,N,12,32,8192,cta|blocked|vendor
trsm,double,sm_89,L,N,12,32,32768,cta|blocked|vendor
trsm,double,sm_89,L,N,12,64,128,cta|blocked|vendor
trsm,double,sm_89,L,N,12,64,512,cta|blocked|vendor
trsm,double,sm_89,L,N,12,64,2048,cta|blocked|vendor
trsm,double,sm_89,L,N,12,64,8192,cta|blocked|vendor
trsm,double,sm_89,L,N,12,64,32768,cta|blocked|vendor
trsm,double,sm_89,L,N,12,128,128,cta|blocked|vendor
trsm,double,sm_89,L,N,12,128,512,cta|blocked|vendor
trsm,double,sm_89,L,N,12,128,2048,cta|blocked|vendor
trsm,double,sm_89,L,N,12,128,8192,cta|blocked|vendor
trsm,double,sm_89,L,N,12,128,32768,cta|blocked|vendor
trsm,double,sm_89,L,N,12,256,128,cta|blocked|vendor
trsm,double,sm_89,L,N,12,256,512,cta|blocked|vendor
trsm,double,sm_89,L,N,12,256,2048,cta|blocked|vendor
trsm,double,sm_89,L,N,12,256,8192,cta|blocked|vendor
trsm,double,sm_89,L,N,12,256,32768,cta|blocked|vendor
trsm,double,sm_89,L,N,12,512,128,cta|blocked|vendor
trsm,double,sm_89,L,N,12,512,512,cta|blocked|vendor
trsm,double,sm_89,L,N,12,512,2048,cta|blocked|vendor
trsm,double,sm_89,L,N,12,512,8192,cta|blocked|vendor
trsm,double,sm_89,L,N,12,512,32768,cta|blocked|vendor
trsm,double,sm_89,L,N,12,1024,128,cta|blocked|vendor
trsm,double,sm_89,L,N,12,1024,512,cta|blocked|vendor
trsm,double,sm_89,L,N,12,1024,2048,cta|blocked|vendor
trsm,double,sm_89,L,N,12,1024,8192,cta|blocked|vendor
trsm,double,sm_89,L,N,12,1024,32768,cta|blocked|vendor
trsm,double,sm_89,L,N,12,4096,128,cta|blocked|vendor
trsm,double,sm_89,L,N,12,4096,512,cta|blocked|vendor
trsm,double,sm_89,L,N,12,4096,2048,cta|blocked|vendor
trsm,double,sm_89,L,N,12,4096,8192,cta|blocked|vendor
trsm,double,sm_89,L,N,12,4096,32768,cta|blocked|vendor
trsm,double,sm_89,L,N,16,1,128,cta|blocked|vendor
trsm,double,sm_89,L,N,16,1,512,cta|blocked|vendor
trsm,double,sm_89,L,N,16,1,2048,cta|blocked|vendor
trsm,double,sm_89,L,N,16,1,8192,cta|blocked|vendor
trsm,double,sm_89,L,N,16,1,32768,cta|blocked|vendor
trsm,double,sm_89,L,N,16,2,128,cta|blocked|vendor
trsm,double,sm_89,L,N,16,2,512,cta|blocked|vendor
trsm,double,sm_89,L,N,16,2,2048,cta|blocked|vendor
trsm,double,sm_89,L,N,16,2,8192,cta|blocked|vendor
trsm,double,sm_89,L,N,16,2,32768,cta|blocked|vendor
trsm,double,sm_89,L,N,16,4,128,cta|blocked|vendor
trsm,double,sm_89,L,N,16,4,512,cta|blocked|vendor
trsm,double,sm_89,L,N,16,4,2048,cta|blocked|vendor
trsm,double,sm_89,L,N,16,4,8192,cta|blocked|vendor
trsm,double,sm_89,L,N,16,4,32768,cta|blocked|vendor
trsm,double,sm_89,L,N,16,8,128,cta|blocked|vendor
trsm,double,sm_89,L,N,16,8,512,cta|blocked|vendor
trsm,double,sm_89,L,N,16,8,2048,cta|blocked|vendor
trsm,double,sm_89,L,N,16,8,8192,cta|blocked|vendor
trsm,double,sm_89,L,N,16,8,32768,cta|blocked|vendor
trsm,double,sm_89,L,N,16,16,128,cta|blocked|vendor
trsm,double,sm_89,L,N,16,16,512,cta|blocked|vendor
trsm,double,sm_89,L,N,16,16,2048,cta|blocked|vendor
trsm,double,sm_89,L,N,16,16,8192,cta|blocked|vendor
trsm,double,sm_89,L,N,16,16,32768,cta|blocked|vendor
trsm,double,sm_89,L,N,16,32,128,cta|blocked|vendor
trsm,double,sm_89,L,N,16,32,512,cta|blocked|vendor
trsm,double,sm_89,L,N,16,32,2048,cta|blocked|vendor
trsm,double,sm_89,L,N,16,32,8192,cta|blocked|vendor
trsm,double,sm_89,L,N,16,32,32768,cta|blocked|vendor
trsm,double,sm_89,L,N,16,64,128,cta|blocked|vendor
trsm,double,sm_89,L,N,16,64,512,cta|blocked|vendor
trsm,double,sm_89,L,N,16,64,2048,cta|blocked|vendor
trsm,double,sm_89,L,N,16,64,8192,cta|blocked|vendor
trsm,double,sm_89,L,N,16,64,32768,cta|blocked|vendor
trsm,double,sm_89,L,N,16,128,128,cta|blocked|vendor
trsm,double,sm_89,L,N,16,128,512,cta|blocked|vendor
trsm,double,sm_89,L,N,16,128,2048,cta|blocked|vendor
trsm,double,sm_89,L,N,16,128,8192,cta|blocked|vendor
trsm,double,sm_89,L,N,16,128,32768,cta|blocked|vendor
trsm,double,sm_89,L,N,16,256,128,cta|blocked|vendor
trsm,double,sm_89,L,N,16,256,512,cta|blocked|vendor
trsm,double,sm_89,L,N,16,256,2048,cta|blocked|vendor
trsm,double,sm_89,L,N,16,256,8192,cta|blocked|vendor
trsm,double,sm_89,L,N,16,256,32768,cta|blocked|vendor
trsm,double,sm_89,L,N,16,512,128,cta|blocked|vendor
trsm,double,sm_89,L,N,16,512,512,cta|blocked|vendor
trsm,double,sm_89,L,N,16,512,2048,cta|blocked|vendor
trsm,double,sm_89,L,N,16,512,8192,cta|blocked|vendor
trsm,double,sm_89,L,N,16,512,32768,cta|blocked|vendor
trsm,double,sm_89,L,N,16,1024,128,cta|blocked|vendor
trsm,double,sm_89,L,N,16,1024,512,cta|blocked|vendor
trsm,double,sm_89,L,N,16,1024,2048,cta|blocked|vendor
trsm,double,sm_89,L,N,16,1024,8192,cta|blocked|vendor
trsm,double,sm_89,L,N,16,1024,32768,cta|blocked|vendor
trsm,double,sm_89,L,N,16,4096,128,cta|blocked|vendor
trsm,double,sm_89,L,N,16,4096,512,cta|blocked|vendor
trsm,double,sm_89,L,N,16,4096,2048,cta|blocked|vendor
trsm,double,sm_89,L,N,16,4096,8192,cta|blocked|vendor
trsm,double,sm_89,L,N,16,4096,32768,cta|blocked|vendor
trsm,double,sm_89,L,N,24,1,128,cta|blocked|vendor
trsm,double,sm_89,L,N,24,1,512,cta|blocked|vendor
trsm,double,sm_89,L,N,24,1,2048,cta|blocked|vendor
trsm,double,sm_89,L,N,24,1,8192,cta|blocked|vendor
trsm,double,sm_89,L,N,24,1,32768,cta|blocked|vendor
trsm,double,sm_89,L,N,24,2,128,cta|blocked|vendor
trsm,double,sm_89,L,N,24,2,512,cta|blocked|vendor
trsm,double,sm_89,L,N,24,2,2048,cta|blocked|vendor
trsm,double,sm_89,L,N,24,2,8192,cta|blocked|vendor
trsm,double,sm_89,L,N,24,2,32768,cta|blocked|vendor
trsm,double,sm_89,L,N,24,4,128,cta|blocked|vendor
trsm,double,sm_89,L,N,24,4,512,cta|blocked|vendor
trsm,double,sm_89,L,N,24,4,2048,cta|blocked|vendor
trsm,double,sm_89,L,N,24,4,8192,cta|blocked|vendor
trsm,double,sm_89,L,N,24,4,32768,cta|blocked|vendor
trsm,double,sm_89,L,N,24,8,128,cta|blocked|vendor
trsm,double,sm_89,L,N,24,8,512,cta|blocked|vendor
trsm,double,sm_89,L,N,24,8,2048,cta|blocked|vendor
trsm,double,sm_89,L,N,24,8,8192,cta|blocked|vendor
trsm,double,sm_89,L,N,24,8,32768,cta|blocked|vendor
trsm,double,sm_89,L,N,24,16,128,cta|blocked|vendor
trsm,double,sm_89,L,N,24,16,512,cta|blocked|vendor
trsm,double,sm_89,L,N,24,16,2048,cta|blocked|vendor
trsm,double,sm_89,L,N,24,16,8192,cta|blocked|vendor
trsm,double,sm_89,L,N,24,16,32768,cta|blocked|vendor
trsm,double,sm_89,L,N,24,32,128,cta|blocked|vendor
trsm,double,sm_89,L,N,24,32,512,cta|blocked|vendor
trsm,double,sm_89,L,N,24,32,2048,cta|blocked|vendor
trsm,double,sm_89,L,N,24,32,8192,cta|blocked|vendor
trsm,double,sm_89,L,N,24,32,32768,cta|blocked|vendor
trsm,double,sm_89,L,N,24,64,128,cta|blocked|vendor
trsm,double,sm_89,L,N,24,64,512,cta|blocked|vendor
trsm,double,sm_89,L,N,24,64,2048,cta|blocked|vendor
trsm,double,sm_89,L,N,24,64,8192,cta|blocked|vendor
trsm,double,sm_89,L,N,24,64,32768,cta|blocked|vendor
trsm,double,sm_89,L,N,24,128,128,cta|blocked|vendor
trsm,double,sm_89,L,N,24,128,512,cta|blocked|vendor
trsm,double,sm_89,L,N,24,128,2048,cta|blocked|vendor
trsm,double,sm_89,L,N,24,128,8192,cta|blocked|vendor
trsm,double,sm_89,L,N,24,128,32768,cta|blocked|vendor
trsm,double,sm_89,L,N,24,256,128,cta|blocked|vendor
trsm,double,sm_89,L,N,24,256,512,cta|blocked|vendor
trsm,double,sm_89,L,N,24,256,2048,cta|blocked|vendor
trsm,double,sm_89,L,N,24,256,8192,cta|blocked|vendor
trsm,double,sm_89,L,N,24,256,32768,cta|blocked|vendor
trsm,double,sm_89,L,N,24,512,128,cta|blocked|vendor
trsm,double,sm_89,L,N,24,512,512,cta|blocked|vendor
trsm,double,sm_89,L,N,24,512,2048,cta|blocked|vendor
trsm,double,sm_89,L,N,24,512,8192,cta|blocked|vendor
trsm,double,sm_89,L,N,24,512,32768,cta|blocked|vendor
trsm,double,sm_89,L,N,24,1024,128,cta|blocked|vendor
trsm,double,sm_89,L,N,24,1024,512,cta|blocked|vendor
trsm,double,sm_89,L,N,24,1024,2048,cta|blocked|vendor
trsm,double,sm_89,L,N,24,1024,8192,cta|blocked|vendor
trsm,double,sm_89,L,N,24,1024,32768,cta|blocked|vendor
trsm,double,sm_89,L,N,24,4096,128,cta|blocked|vendor
trsm,double,sm_89,L,N,24,4096,512,cta|blocked|vendor
trsm,double,sm_89,L,N,24,4096,2048,cta|blocked|vendor
trsm,double,sm_89,L,N,24,4096,8192,cta|blocked|vendor
trsm,double,sm_89,L,N,24,4096,32768,cta|blocked|vendor
trsm,double,sm_89,L,N,32,1,128,cta|blocked|vendor
trsm,double,sm_89,L,N,32,1,512,cta|blocked|vendor
trsm,double,sm_89,L,N,32,1,2048,cta|blocked|vendor
trsm,double,sm_89,L,N,32,1,8192,cta|blocked|vendor
trsm,double,sm_89,L,N,32,1,32768,cta|blocked|vendor
trsm,double,sm_89,L,N,32,2,128,cta|blocked|vendor
trsm,double,sm_89,L,N,32,2,512,cta|blocked|vendor
trsm,double,sm_89,L,N,32,2,2048,cta|blocked|vendor
trsm,double,sm_89,L,N,32,2,8192,cta|blocked|vendor
trsm,double,sm_89,L,N,32,2,32768,cta|blocked|vendor
trsm,double,sm_89,L,N,32,4,128,cta|blocked|vendor
trsm,double,sm_89,L,N,32,4,512,cta|blocked|vendor
trsm,double,sm_89,L,N,32,4,2048,cta|blocked|vendor
trsm,double,sm_89,L,N,32,4,8192,cta|blocked|vendor
trsm,double,sm_89,L,N,32,4,32768,cta|blocked|vendor
trsm,double,sm_89,L,N,32,8,128,cta|blocked|vendor
trsm,double,sm_89,L,N,32,8,512,cta|blocked|vendor
trsm,double,sm_89,L,N,32,8,2048,cta|blocked|vendor
trsm,double,sm_89,L,N,32,8,8192,cta|blocked|vendor
trsm,double,sm_89,L,N,32,8,32768,cta|blocked|vendor
trsm,double,sm_89,L,N,32,16,128,cta|blocked|vendor
trsm,double,sm_89,L,N,32,16,512,cta|blocked|vendor
trsm,double,sm_89,L,N,32,16,2048,cta|blocked|vendor
trsm,double,sm_89,L,N,32,16,8192,cta|blocked|vendor
trsm,double,sm_89,L,N,32,16,32768,cta|blocked|vendor
trsm,double,sm_89,L,N,32,32,128,cta|blocked|vendor
trsm,double,sm_89,L,N,32,32,512,cta|blocked|vendor
trsm,double,sm_89,L,N,32,32,2048,cta|blocked|vendor
trsm,double,sm_89,L,N,32,32,8192,cta|blocked|vendor
trsm,double,sm_89,L,N,32,32,32768,cta|blocked|vendor
trsm,double,sm_89,L,N,32,64,128,cta|blocked|vendor
trsm,double,sm_89,L,N,32,64,512,cta|blocked|vendor
trsm,double,sm_89,L,N,32,64,2048,cta|blocked|vendor
trsm,double,sm_89,L,N,32,64,8192,cta|blocked|vendor
trsm,double,sm_89,L,N,32,64,32768,cta|blocked|vendor
trsm,double,sm_89,L,N,32,128,128,cta|blocked|vendor
trsm,double,sm_89,L,N,32,128,512,cta|blocked|vendor
trsm,double,sm_89,L,N,32,128,2048,cta|blocked|vendor
trsm,double,sm_89,L,N,32,128,8192,cta|blocked|vendor
trsm,double,sm_89,L,N,32,128,32768,cta|blocked|vendor
trsm,double,sm_89,L,N,32,256,128,cta|blocked|vendor
trsm,double,sm_89,L,N,32,256,512,cta|blocked|vendor
trsm,double,sm_89,L,N,32,256,2048,cta|blocked|vendor
trsm,double,sm_89,L,N,32,256,8192,cta|blocked|vendor
trsm,double,sm_89,L,N,32,256,32768,cta|blocked|vendor
trsm,double,sm_89,L,N,32,512,128,cta|blocked|vendor
trsm,double,sm_89,L,N,32,512,512,cta|blocked|vendor
trsm,double,sm_89,L,N,32,512,2048,cta|blocked|vendor
trsm,double,sm_89,L,N,32,512,8192,cta|blocked|vendor
trsm,double,sm_89,L,N,32,512,32768,cta|blocked|vendor
trsm,double,sm_89,L,N,32,1024,128,cta|blocked|vendor
trsm,double,sm_89,L,N,32,1024,512,cta|blocked|vendor
trsm,double,sm_89,L,N,32,1024,2048,cta|blocked|vendor
trsm,double,sm_89,L,N,32,1024,8192,cta|blocked|vendor
trsm,double,sm_89,L,N,32,1024,32768,cta|blocked|vendor
trsm,double,sm_89,L,N,32,4096,128,cta|blocked|vendor
trsm,double,sm_89,L,N,32,4096,512,cta|blocked|vendor
trsm,double,sm_89,L,N,32,4096,2048,cta|blocked|vendor
trsm,double,sm_89,L,N,32,4096,8192,cta|blocked|vendor
trsm,double,sm_89,L,N,32,4096,32768,cta|blocked|vendor
trsm,double,sm_89,L,N,48,1,128,blocked|vendor
trsm,double,sm_89,L,N,48,1,512,blocked|vendor
trsm,double,sm_89,L,N,48,1,2048,blocked|vendor
trsm,double,sm_89,L,N,48,1,8192,blocked|vendor
trsm,double,sm_89,L,N,48,1,32768,blocked|vendor
trsm,double,sm_89,L,N,48,2,128,blocked|vendor
trsm,double,sm_89,L,N,48,2,512,blocked|vendor
trsm,double,sm_89,L,N,48,2,2048,blocked|vendor
trsm,double,sm_89,L,N,48,2,8192,blocked|vendor
trsm,double,sm_89,L,N,48,2,32768,blocked|vendor
trsm,double,sm_89,L,N,48,4,128,blocked|vendor
trsm,double,sm_89,L,N,48,4,512,blocked|vendor
trsm,double,sm_89,L,N,48,4,2048,blocked|vendor
trsm,double,sm_89,L,N,48,4,8192,blocked|vendor
trsm,double,sm_89,L,N,48,4,32768,blocked|vendor
trsm,double,sm_89,L,N,48,8,128,blocked|vendor
trsm,double,sm_89,L,N,48,8,512,blocked|vendor
trsm,double,sm_89,L,N,48,8,2048,blocked|vendor
trsm,double,sm_89,L,N,48,8,8192,blocked|vendor
trsm,double,sm_89,L,N,48,8,32768,blocked|vendor
trsm,double,sm_89,L,N,48,16,128,blocked|vendor
trsm,double,sm_89,L,N,48,16,512,blocked|vendor
trsm,double,sm_89,L,N,48,16,2048,blocked|vendor
trsm,double,sm_89,L,N,48,16,8192,blocked|vendor
trsm,double,sm_89,L,N,48,16,32768,blocked|vendor
trsm,double,sm_89,L,N,48,32,128,blocked|vendor
trsm,double,sm_89,L,N,48,32,512,blocked|vendor
trsm,double,sm_89,L,N,48,32,2048,blocked|vendor
trsm,double,sm_89,L,N,48,32,8192,blocked|vendor
trsm,double,sm_89,L,N,48,32,32768,blocked|vendor
trsm,double,sm_89,L,N,48,64,128,blocked|vendor
trsm,double,sm_89,L,N,48,64,512,blocked|vendor
trsm,double,sm_89,L,N,48,64,2048,blocked|vendor
trsm,double,sm_89,L,N,48,64,8192,blocked|vendor
trsm,double,sm_89,L,N,48,64,32768,blocked|vendor
trsm,double,sm_89,L,N,48,128,128,blocked|vendor
trsm,double,sm_89,L,N,48,128,512,blocked|vendor
trsm,double,sm_89,L,N,48,128,2048,blocked|vendor
trsm,double,sm_89,L,N,48,128,8192,blocked|vendor
trsm,double,sm_89,L,N,48,128,32768,blocked|vendor
trsm,double,sm_89,L,N,48,256,128,blocked|vendor
trsm,double,sm_89,L,N,48,256,512,blocked|vendor
trsm,double,sm_89,L,N,48,256,2048,blocked|vendor
trsm,double,sm_89,L,N,48,256,8192,blocked|vendor
trsm,double,sm_89,L,N,48,256,32768,blocked|vendor
trsm,double,sm_89,L,N,48,512,128,blocked|vendor
trsm,double,sm_89,L,N,48,512,512,blocked|vendor
trsm,double,sm_89,L,N,48,512,2048,blocked|vendor
trsm,double,sm_89,L,N,48,512,8192,blocked|vendor
trsm,double,sm_89,L,N,48,512,32768,blocked|vendor
trsm,double,sm_89,L,N,48,1024,128,blocked|vendor
trsm,double,sm_89,L,N,48,1024,512,blocked|vendor
trsm,double,sm_89,L,N,48,1024,2048,blocked|vendor
trsm,double,sm_89,L,N,48,1024,8192,blocked|vendor
trsm,double,sm_89,L,N,48,1024,32768,blocked|vendor
trsm,double,sm_89,L,N,48,4096,128,blocked|vendor
trsm,double,sm_89,L,N,48,4096,512,blocked|vendor
trsm,double,sm_89,L,N,48,4096,2048,blocked|vendor
trsm,double,sm_89,L,N,48,4096,8192,blocked|vendor
trsm,double,sm_89,L,N,48,4096,32768,blocked|vendor
trsm,double,sm_89,L,N,64,1,128,blocked|vendor
trsm,double,sm_89,L,N,64,1,512,blocked|vendor
trsm,double,sm_89,L,N,64,1,2048,blocked|vendor
trsm,double,sm_89,L,N,64,1,8192,blocked|vendor
trsm,double,sm_89,L,N,64,1,32768,blocked|vendor
trsm,double,sm_89,L,N,64,2,128,blocked|vendor
trsm,double,sm_89,L,N,64,2,512,blocked|vendor
trsm,double,sm_89,L,N,64,2,2048,blocked|vendor
trsm,double,sm_89,L,N,64,2,8192,blocked|vendor
trsm,double,sm_89,L,N,64,2,32768,blocked|vendor
trsm,double,sm_89,L,N,64,4,128,blocked|vendor
trsm,double,sm_89,L,N,64,4,512,blocked|vendor
trsm,double,sm_89,L,N,64,4,2048,blocked|vendor
trsm,double,sm_89,L,N,64,4,8192,blocked|vendor
trsm,double,sm_89,L,N,64,4,32768,blocked|vendor
trsm,double,sm_89,L,N,64,8,128,blocked|vendor
trsm,double,sm_89,L,N,64,8,512,blocked|vendor
trsm,double,sm_89,L,N,64,8,2048,blocked|vendor
trsm,double,sm_89,L,N,64,8,8192,blocked|vendor
trsm,double,sm_89,L,N,64,8,32768,blocked|vendor
trsm,double,sm_89,L,N,64,16,128,blocked|vendor
trsm,double,sm_89,L,N,64,16,512,blocked|vendor
trsm,double,sm_89,L,N,64,16,2048,blocked|vendor
trsm,double,sm_89,L,N,64,16,8192,blocked|vendor
trsm,double,sm_89,L,N,64,16,32768,blocked|vendor
trsm,double,sm_89,L,N,64,32,128,blocked|vendor
trsm,double,sm_89,L,N,64,32,512,blocked|vendor
trsm,double,sm_89,L,N,64,32,2048,blocked|vendor
trsm,double,sm_89,L,N,64,32,8192,blocked|vendor
trsm,double,sm_89,L,N,64,32,32768,blocked|vendor
trsm,double,sm_89,L,N,64,64,128,blocked|vendor
trsm,double,sm_89,L,N,64,64,512,blocked|vendor
trsm,double,sm_89,L,N,64,64,2048,blocked|vendor
trsm,double,sm_89,L,N,64,64,8192,blocked|vendor
trsm,double,sm_89,L,N,64,64,32768,blocked|vendor
trsm,double,sm_89,L,N,64,128,128,blocked|vendor
trsm,double,sm_89,L,N,64,128,512,blocked|vendor
trsm,double,sm_89,L,N,64,128,2048,blocked|vendor
trsm,double,sm_89,L,N,64,128,8192,blocked|vendor
trsm,double,sm_89,L,N,64,128,32768,blocked|vendor
trsm,double,sm_89,L,N,64,256,128,blocked|vendor
trsm,double,sm_89,L,N,64,256,512,blocked|vendor
trsm,double,sm_89,L,N,64,256,2048,blocked|vendor
trsm,double,sm_89,L,N,64,256,8192,blocked|vendor
trsm,double,sm_89,L,N,64,256,32768,blocked|vendor
trsm,double,sm_89,L,N,64,512,128,blocked|vendor
trsm,double,sm_89,L,N,64,512,512,blocked|vendor
trsm,double,sm_89,L,N,64,512,2048,blocked|vendor
trsm,double,sm_89,L,N,64,512,8192,blocked|vendor
trsm,double,sm_89,L,N,64,512,32768,blocked|vendor
trsm,double,sm_89,L,N,64,1024,128,blocked|vendor
trsm,double,sm_89,L,N,64,1024,512,blocked|vendor
trsm,double,sm_89,L,N,64,1024,2048,blocked|vendor
trsm,double,sm_89,L,N,64,1024,8192,blocked|vendor
trsm,double,sm_89,L,N,64,1024,32768,blocked|vendor
trsm,double,sm_89,L,N,64,4096,128,blocked|vendor
trsm,double,sm_89,L,N,64,4096,512,blocked|vendor
trsm,double,sm_89,L,N,64,4096,2048,blocked|vendor
trsm,double,sm_89,L,N,64,4096,8192,blocked|vendor
trsm,double,sm_89,L,N,64,4096,32768,blocked|vendor
trsm,double,sm_89,L,N,96,1,128,blocked|vendor
trsm,double,sm_89,L,N,96,1,512,blocked|vendor
trsm,double,sm_89,L,N,96,1,2048,blocked|vendor
trsm,double,sm_89,L,N,96,1,8192,blocked|vendor
trsm,double,sm_89,L,N,96,1,32768,blocked|vendor
trsm,double,sm_89,L,N,96,2,128,blocked|vendor
trsm,double,sm_89,L,N,96,2,512,blocked|vendor
trsm,double,sm_89,L,N,96,2,2048,blocked|vendor
trsm,double,sm_89,L,N,96,2,8192,blocked|vendor
trsm,double,sm_89,L,N,96,2,32768,blocked|vendor
trsm,double,sm_89,L,N,96,4,128,blocked|vendor
trsm,double,sm_89,L,N,96,4,512,blocked|vendor
trsm,double,sm_89,L,N,96,4,2048,blocked|vendor
trsm,double,sm_89,L,N,96,4,8192,blocked|vendor
trsm,double,sm_89,L,N,96,4,32768,blocked|vendor
trsm,double,sm_89,L,N,96,8,128,blocked|vendor
trsm,double,sm_89,L,N,96,8,512,blocked|vendor
trsm,double,sm_89,L,N,96,8,2048,blocked|vendor
trsm,double,sm_89,L,N,96,8,8192,blocked|vendor
trsm,double,sm_89,L,N,96,8,32768,blocked|vendor
trsm,double,sm_89,L,N,96,16,128,blocked|vendor
trsm,double,sm_89,L,N,96,16,512,blocked|vendor
trsm,double,sm_89,L,N,96,16,2048,blocked|vendor
trsm,double,sm_89,L,N,96,16,8192,blocked|vendor
trsm,double,sm_89,L,N,96,16,32768,blocked|vendor
trsm,double,sm_89,L,N,96,32,128,blocked|vendor
trsm,double,sm_89,L,N,96,32,512,blocked|vendor
trsm,double,sm_89,L,N,96,32,2048,blocked|vendor
trsm,double,sm_89,L,N,96,32,8192,blocked|vendor
trsm,double,sm_89,L,N,96,32,32768,blocked|vendor
trsm,double,sm_89,L,N,96,64,128,blocked|vendor
trsm,double,sm_89,L,N,96,64,512,blocked|vendor
trsm,double,sm_89,L,N,96,64,2048,blocked|vendor
trsm,double,sm_89,L,N,96,64,8192,blocked|vendor
trsm,double,sm_89,L,N,96,64,32768,blocked|vendor
trsm,double,sm_89,L,N,96,128,128,blocked|vendor
trsm,double,sm_89,L,N,96,128,512,blocked|vendor
trsm,double,sm_89,L,N,96,128,2048,blocked|vendor
trsm,double,sm_89,L,N,96,128,8192,blocked|vendor
trsm,double,sm_89,L,N,96,128,32768,blocked|vendor
trsm,double,sm_89,L,N,96,256,128,blocked|vendor
trsm,double,sm_89,L,N,96,256,512,blocked|vendor
trsm,double,sm_89,L,N,96,256,2048,blocked|vendor
trsm,double,sm_89,L,N,96,256,8192,blocked|vendor
trsm,double,sm_89,L,N,96,256,32768,blocked|vendor
trsm,double,sm_89,L,N,96,512,128,blocked|vendor
trsm,double,sm_89,L,N,96,512,512,blocked|vendor
trsm,double,sm_89,L,N,96,512,2048,blocked|vendor
trsm,double,sm_89,L,N,96,512,8192,blocked|vendor
trsm,double,sm_89,L,N,96,512,32768,blocked|vendor
trsm,double,sm_89,L,N,96,1024,128,blocked|vendor
trsm,double,sm_89,L,N,96,1024,512,blocked|vendor
trsm,double,sm_89,L,N,96,1024,2048,blocked|vendor
trsm,double,sm_89,L,N,96,1024,8192,blocked|vendor
trsm,double,sm_89,L,N,96,1024,32768,blocked|vendor
trsm,double,sm_89,L,N,96,4096,128,blocked|vendor
trsm,double,sm_89,L,N,96,4096,512,blocked|vendor
trsm,double,sm_89,L,N,96,4096,2048,blocked|vendor
trsm,double,sm_89,L,N,96,4096,8192,blocked|vendor
trsm,double,sm_89,L,N,96,4096,32768,blocked|vendor
trsm,double,sm_89,L,N,128,1,128,blocked|vendor
trsm,double,sm_89,L,N,128,1,512,blocked|vendor
trsm,double,sm_89,L,N,128,1,2048,blocked|vendor
trsm,double,sm_89,L,N,128,1,8192,blocked|vendor
trsm,double,sm_89,L,N,128,1,32768,blocked|vendor
trsm,double,sm_89,L,N,128,2,128,blocked|vendor
trsm,double,sm_89,L,N,128,2,512,blocked|vendor
trsm,double,sm_89,L,N,128,2,2048,blocked|vendor
trsm,double,sm_89,L,N,128,2,8192,blocked|vendor
trsm,double,sm_89,L,N,128,2,32768,blocked|vendor
trsm,double,sm_89,L,N,128,4,128,blocked|vendor
trsm,double,sm_89,L,N,128,4,512,blocked|vendor
trsm,double,sm_89,L,N,128,4,2048,blocked|vendor
trsm,double,sm_89,L,N,128,4,8192,blocked|vendor
trsm,double,sm_89,L,N,128,4,32768,blocked|vendor
trsm,double,sm_89,L,N,128,8,128,blocked|vendor
trsm,double,sm_89,L,N,128,8,512,blocked|vendor
trsm,double,sm_89,L,N,128,8,2048,blocked|vendor
trsm,double,sm_89,L,N,128,8,8192,blocked|vendor
trsm,double,sm_89,L,N,128,8,32768,blocked|vendor
trsm,double,sm_89,L,N,128,16,128,blocked|vendor
trsm,double,sm_89,L,N,128,16,512,blocked|vendor
trsm,double,sm_89,L,N,128,16,2048,blocked|vendor
trsm,double,sm_89,L,N,128,16,8192,blocked|vendor
trsm,double,sm_89,L,N,128,16,32768,blocked|vendor
trsm,double,sm_89,L,N,128,32,128,blocked|vendor
trsm,double,sm_89,L,N,128,32,512,blocked|vendor
trsm,double,sm_89,L,N,128,32,2048,blocked|vendor
trsm,double,sm_89,L,N,128,32,8192,blocked|vendor
trsm,double,sm_89,L,N,128,32,32768,blocked|vendor
trsm,double,sm_89,L,N,128,64,128,blocked|vendor
trsm,double,sm_89,L,N,128,64,512,blocked|vendor
trsm,double,sm_89,L,N,128,64,2048,blocked|vendor
trsm,double,sm_89,L,N,128,64,8192,blocked|vendor
trsm,double,sm_89,L,N,128,64,32768,blocked|vendor
trsm,double,sm_89,L,N,128,128,128,blocked|vendor
trsm,double,sm_89,L,N,128,128,512,blocked|vendor
trsm,double,sm_89,L,N,128,128,2048,blocked|vendor
trsm,double,sm_89,L,N,128,128,8192,blocked|vendor
trsm,double,sm_89,L,N,128,128,32768,blocked|vendor
trsm,double,sm_89,L,N,128,256,128,blocked|vendor
trsm,double,sm_89,L,N,128,256,512,blocked|vendor
trsm,double,sm_89,L,N,128,256,2048,blocked|vendor
trsm,double,sm_89,L,N,128,256,8192,blocked|vendor
trsm,double,sm_89,L,N,128,256,32768,blocked|vendor
trsm,double,sm_89,L,N,128,512,128,blocked|vendor
trsm,double,sm_89,L,N,128,512,512,blocked|vendor
trsm,double,sm_89,L,N,128,512,2048,blocked|vendor
trsm,double,sm_89,L,N,128,512,8192,blocked|vendor
trsm,double,sm_89,L,N,128,512,32768,blocked|vendor
trsm,double,sm_89,L,N,128,1024,128,blocked|vendor
trsm,double,sm_89,L,N,128,1024,512,blocked|vendor
trsm,double,sm_89,L,N,128,1024,2048,blocked|vendor
trsm,double,sm_89,L,N,128,1024,8192,blocked|vendor
trsm,double,sm_89,L,N,128,1024,32768,blocked|vendor
trsm,double,sm_89,L,N,128,4096,128,blocked|vendor
trsm,double,sm_89,L,N,128,4096,512,blocked|vendor
trsm,double,sm_89,L,N,128,4096,2048,blocked|vendor
trsm,double,sm_89,L,N,128,4096,8192,blocked|vendor
trsm,double,sm_89,L,N,128,4096,32768,blocked|vendor
trsm,double,sm_89,L,N,192,1,128,blocked|vendor
trsm,double,sm_89,L,N,192,1,512,blocked|vendor
trsm,double,sm_89,L,N,192,1,2048,blocked|vendor
trsm,double,sm_89,L,N,192,1,8192,blocked|vendor
trsm,double,sm_89,L,N,192,1,32768,blocked|vendor
trsm,double,sm_89,L,N,192,2,128,blocked|vendor
trsm,double,sm_89,L,N,192,2,512,blocked|vendor
trsm,double,sm_89,L,N,192,2,2048,blocked|vendor
trsm,double,sm_89,L,N,192,2,8192,blocked|vendor
trsm,double,sm_89,L,N,192,2,32768,blocked|vendor
trsm,double,sm_89,L,N,192,4,128,blocked|vendor
trsm,double,sm_89,L,N,192,4,512,blocked|vendor
trsm,double,sm_89,L,N,192,4,2048,blocked|vendor
trsm,double,sm_89,L,N,192,4,8192,blocked|vendor
trsm,double,sm_89,L,N,192,4,32768,blocked|vendor
trsm,double,sm_89,L,N,192,8,128,blocked|vendor
trsm,double,sm_89,L,N,192,8,512,blocked|vendor
trsm,double,sm_89,L,N,192,8,2048,blocked|vendor
trsm,double,sm_89,L,N,192,8,8192,blocked|vendor
trsm,double,sm_89,L,N,192,8,32768,blocked|vendor
trsm,double,sm_89,L,N,192,16,128,blocked|vendor
trsm,double,sm_89,L,N,192,16,512,blocked|vendor
trsm,double,sm_89,L,N,192,16,2048,blocked|vendor
trsm,double,sm_89,L,N,192,16,8192,blocked|vendor
trsm,double,sm_89,L,N,192,16,32768,blocked|vendor
trsm,double,sm_89,L,N,192,32,128,blocked|vendor
trsm,double,sm_89,L,N,192,32,512,blocked|vendor
trsm,double,sm_89,L,N,192,32,2048,blocked|vendor
trsm,double,sm_89,L,N,192,32,8192,blocked|vendor
trsm,double,sm_89,L,N,192,32,32768,blocked|vendor
trsm,double,sm_89,L,N,192,64,128,blocked|vendor
trsm,double,sm_89,L,N,192,64,512,blocked|vendor
trsm,double,sm_89,L,N,192,64,2048,blocked|vendor
trsm,double,sm_89,L,N,192,64,8192,blocked|vendor
trsm,double,sm_89,L,N,192,64,32768,blocked|vendor
trsm,double,sm_89,L,N,192,128,128,blocked|vendor
trsm,double,sm_89,L,N,192,128,512,blocked|vendor
trsm,double,sm_89,L,N,192,128,2048,blocked|vendor
trsm,double,sm_89,L,N,192,128,8192,blocked|vendor
trsm,double,sm_89,L,N,192,128,32768,blocked|vendor
trsm,double,sm_89,L,N,192,256,128,blocked|vendor
trsm,double,sm_89,L,N,192,256,512,blocked|vendor
trsm,double,sm_89,L,N,192,256,2048,blocked|vendor
trsm,double,sm_89,L,N,192,256,8192,blocked|vendor
trsm,double,sm_89,L,N,192,256,32768,blocked|vendor
trsm,double,sm_89,L,N,192,512,128,blocked|vendor
trsm,double,sm_89,L,N,192,512,512,blocked|vendor
trsm,double,sm_89,L,N,192,512,2048,blocked|vendor
trsm,double,sm_89,L,N,192,512,8192,blocked|vendor
trsm,double,sm_89,L,N,192,512,32768,blocked|vendor
trsm,double,sm_89,L,N,192,1024,128,blocked|vendor
trsm,double,sm_89,L,N,192,1024,512,blocked|vendor
trsm,double,sm_89,L,N,192,1024,2048,blocked|vendor
trsm,double,sm_89,L,N,192,1024,8192,blocked|vendor
trsm,double,sm_89,L,N,192,1024,32768,blocked|vendor
trsm,double,sm_89,L,N,192,4096,128,blocked|vendor
trsm,double,sm_89,L,N,192,4096,512,blocked|vendor
trsm,double,sm_89,L,N,192,4096,2048,blocked|vendor
trsm,double,sm_89,L,N,192,4096,8192,blocked|vendor
trsm,double,sm_89,L,N,192,4096,32768,blocked|vendor
trsm,double,sm_89,L,N,256,1,128,blocked|vendor
trsm,double,sm_89,L,N,256,1,512,blocked|vendor
trsm,double,sm_89,L,N,256,1,2048,blocked|vendor
trsm,double,sm_89,L,N,256,1,8192,blocked|vendor
trsm,double,sm_89,L,N,256,1,32768,blocked|vendor
trsm,double,sm_89,L,N,256,2,128,blocked|vendor
trsm,double,sm_89,L,N,256,2,512,blocked|vendor
trsm,double,sm_89,L,N,256,2,2048,blocked|vendor
trsm,double,sm_89,L,N,256,2,8192,blocked|vendor
trsm,double,sm_89,L,N,256,2,32768,blocked|vendor
trsm,double,sm_89,L,N,256,4,128,blocked|vendor
trsm,double,sm_89,L,N,256,4,512,blocked|vendor
trsm,double,sm_89,L,N,256,4,2048,blocked|vendor
trsm,double,sm_89,L,N,256,4,8192,blocked|vendor
trsm,double,sm_89,L,N,256,4,32768,blocked|vendor
trsm,double,sm_89,L,N,256,8,128,blocked|vendor
trsm,double,sm_89,L,N,256,8,512,blocked|vendor
trsm,double,sm_89,L,N,256,8,2048,blocked|vendor
trsm,double,sm_89,L,N,256,8,8192,blocked|vendor
trsm,double,sm_89,L,N,256,8,32768,blocked|vendor
trsm,double,sm_89,L,N,256,16,128,blocked|vendor
trsm,double,sm_89,L,N,256,16,512,blocked|vendor
trsm,double,sm_89,L,N,256,16,2048,blocked|vendor
trsm,double,sm_89,L,N,256,16,8192,blocked|vendor
trsm,double,sm_89,L,N,256,16,32768,blocked|vendor
trsm,double,sm_89,L,N,256,32,128,blocked|vendor
trsm,double,sm_89,L,N,256,32,512,blocked|vendor
trsm,double,sm_89,L,N,256,32,2048,blocked|vendor
trsm,double,sm_89,L,N,256,32,8192,blocked|vendor
trsm,double,sm_89,L,N,256,32,32768,blocked|vendor
trsm,double,sm_89,L,N,256,64,128,blocked|vendor
trsm,double,sm_89,L,N,256,64,512,blocked|vendor
trsm,double,sm_89,L,N,256,64,2048,blocked|vendor
trsm,double,sm_89,L,N,256,64,8192,blocked|vendor
trsm,double,sm_89,L,N,256,64,32768,blocked|vendor
trsm,double,sm_89,L,N,256,128,128,blocked|vendor
trsm,double,sm_89,L,N,256,128,512,blocked|vendor
trsm,double,sm_89,L,N,256,128,2048,blocked|vendor
trsm,double,sm_89,L,N,256,128,8192,blocked|vendor
trsm,double,sm_89,L,N,256,128,32768,blocked|vendor
trsm,double,sm_89,L,N,256,256,128,blocked|vendor
trsm,double,sm_89,L,N,256,256,512,blocked|vendor
trsm,double,sm_89,L,N,256,256,2048,blocked|vendor
trsm,double,sm_89,L,N,256,256,8192,blocked|vendor
trsm,double,sm_89,L,N,256,256,32768,blocked|vendor
trsm,double,sm_89,L,N,256,512,128,blocked|vendor
trsm,double,sm_89,L,N,256,512,512,blocked|vendor
trsm,double,sm_89,L,N,256,512,2048,blocked|vendor
trsm,double,sm_89,L,N,256,512,8192,blocked|vendor
trsm,double,sm_89,L,N,256,512,32768,blocked|vendor
trsm,double,sm_89,L,N,256,1024,128,blocked|vendor
trsm,double,sm_89,L,N,256,1024,512,blocked|vendor
trsm,double,sm_89,L,N,256,1024,2048,blocked|vendor
trsm,double,sm_89,L,N,256,1024,8192,blocked|vendor
trsm,double,sm_89,L,N,256,1024,32768,blocked|vendor
trsm,double,sm_89,L,N,256,4096,128,blocked|vendor
trsm,double,sm_89,L,N,256,4096,512,blocked|vendor
trsm,double,sm_89,L,N,256,4096,2048,blocked|vendor
trsm,double,sm_89,L,N,256,4096,8192,blocked|vendor
trsm,double,sm_89,L,N,256,4096,32768,blocked|vendor
trsm,double,sm_89,L,N,384,1,128,blocked|vendor
trsm,double,sm_89,L,N,384,1,512,blocked|vendor
trsm,double,sm_89,L,N,384,1,2048,blocked|vendor
trsm,double,sm_89,L,N,384,1,8192,blocked|vendor
trsm,double,sm_89,L,N,384,1,32768,blocked|vendor
trsm,double,sm_89,L,N,384,2,128,blocked|vendor
trsm,double,sm_89,L,N,384,2,512,blocked|vendor
trsm,double,sm_89,L,N,384,2,2048,blocked|vendor
trsm,double,sm_89,L,N,384,2,8192,blocked|vendor
trsm,double,sm_89,L,N,384,2,32768,blocked|vendor
trsm,double,sm_89,L,N,384,4,128,blocked|vendor
trsm,double,sm_89,L,N,384,4,512,blocked|vendor
trsm,double,sm_89,L,N,384,4,2048,blocked|vendor
trsm,double,sm_89,L,N,384,4,8192,blocked|vendor
trsm,double,sm_89,L,N,384,4,32768,blocked|vendor
trsm,double,sm_89,L,N,384,8,128,blocked|vendor
trsm,double,sm_89,L,N,384,8,512,blocked|vendor
trsm,double,sm_89,L,N,384,8,2048,blocked|vendor
trsm,double,sm_89,L,N,384,8,8192,blocked|vendor
trsm,double,sm_89,L,N,384,8,32768,blocked|vendor
trsm,double,sm_89,L,N,384,16,128,blocked|vendor
trsm,double,sm_89,L,N,384,16,512,blocked|vendor
trsm,double,sm_89,L,N,384,16,2048,blocked|vendor
trsm,double,sm_89,L,N,384,16,8192,blocked|vendor
trsm,double,sm_89,L,N,384,16,32768,blocked|vendor
trsm,double,sm_89,L,N,384,32,128,blocked|vendor
trsm,double,sm_89,L,N,384,32,512,blocked|vendor
trsm,double,sm_89,L,N,384,32,2048,blocked|vendor
trsm,double,sm_89,L,N,384,32,8192,blocked|vendor
trsm,double,sm_89,L,N,384,32,32768,blocked|vendor
trsm,double,sm_89,L,N,384,64,128,blocked|vendor
trsm,double,sm_89,L,N,384,64,512,blocked|vendor
trsm,double,sm_89,L,N,384,64,2048,blocked|vendor
trsm,double,sm_89,L,N,384,64,8192,blocked|vendor
trsm,double,sm_89,L,N,384,64,32768,blocked|vendor
trsm,double,sm_89,L,N,384,128,128,blocked|vendor
trsm,double,sm_89,L,N,384,128,512,blocked|vendor
trsm,double,sm_89,L,N,384,128,2048,blocked|vendor
trsm,double,sm_89,L,N,384,128,8192,blocked|vendor
trsm,double,sm_89,L,N,384,128,32768,blocked|vendor
trsm,double,sm_89,L,N,384,256,128,blocked|vendor
trsm,double,sm_89,L,N,384,256,512,blocked|vendor
trsm,double,sm_89,L,N,384,256,2048,blocked|vendor
trsm,double,sm_89,L,N,384,256,8192,blocked|vendor
trsm,double,sm_89,L,N,384,256,32768,blocked|vendor
trsm,double,sm_89,L,N,384,512,128,blocked|vendor
trsm,double,sm_89,L,N,384,512,512,blocked|vendor
trsm,double,sm_89,L,N,384,512,2048,blocked|vendor
trsm,double,sm_89,L,N,384,512,8192,blocked|vendor
trsm,double,sm_89,L,N,384,512,32768,blocked|vendor
trsm,double,sm_89,L,N,384,1024,128,blocked|vendor
trsm,double,sm_89,L,N,384,1024,512,blocked|vendor
trsm,double,sm_89,L,N,384,1024,2048,blocked|vendor
trsm,double,sm_89,L,N,384,1024,8192,blocked|vendor
trsm,double,sm_89,L,N,384,1024,32768,blocked|vendor
trsm,double,sm_89,L,N,384,4096,128,blocked|vendor
trsm,double,sm_89,L,N,384,4096,512,blocked|vendor
trsm,double,sm_89,L,N,384,4096,2048,blocked|vendor
trsm,double,sm_89,L,N,384,4096,8192,blocked|vendor
trsm,double,sm_89,L,N,384,4096,32768,blocked|vendor
trsm,double,sm_89,L,N,512,1,128,blocked|vendor
trsm,double,sm_89,L,N,512,1,512,blocked|vendor
trsm,double,sm_89,L,N,512,1,2048,blocked|vendor
trsm,double,sm_89,L,N,512,1,8192,blocked|vendor
trsm,double,sm_89,L,N,512,1,32768,blocked|vendor
trsm,double,sm_89,L,N,512,2,128,blocked|vendor
trsm,double,sm_89,L,N,512,2,512,blocked|vendor
trsm,double,sm_89,L,N,512,2,2048,blocked|vendor
trsm,double,sm_89,L,N,512,2,8192,blocked|vendor
trsm,double,sm_89,L,N,512,2,32768,blocked|vendor
trsm,double,sm_89,L,N,512,4,128,blocked|vendor
trsm,double,sm_89,L,N,512,4,512,blocked|vendor
trsm,double,sm_89,L,N,512,4,2048,blocked|vendor
trsm,double,sm_89,L,N,512,4,8192,blocked|vendor
trsm,double,sm_89,L,N,512,4,32768,blocked|vendor
trsm,double,sm_89,L,N,512,8,128,blocked|vendor
trsm,double,sm_89,L,N,512,8,512,blocked|vendor
trsm,double,sm_89,L,N,512,8,2048,blocked|vendor
trsm,double,sm_89,L,N,512,8,8192,blocked|vendor
trsm,double,sm_89,L,N,512,8,32768,blocked|vendor
trsm,double,sm_89,L,N,512,16,128,blocked|vendor
trsm,double,sm_89,L,N,512,16,512,blocked|vendor
trsm,double,sm_89,L,N,512,16,2048,blocked|vendor
trsm,double,sm_89,L,N,512,16,8192,blocked|vendor
trsm,double,sm_89,L,N,512,16,32768,blocked|vendor
trsm,double,sm_89,L,N,512,32,128,blocked|vendor
trsm,double,sm_89,L,N,512,32,512,blocked|vendor
trsm,double,sm_89,L,N,512,32,2048,blocked|vendor
trsm,double,sm_89,L,N,512,32,8192,blocked|vendor
trsm,double,sm_89,L,N,512,32,32768,blocked|vendor
trsm,double,sm_89,L,N,512,64,128,blocked|vendor
trsm,double,sm_89,L,N,512,64,512,blocked|vendor
trsm,double,sm_89,L,N,512,64,2048,blocked|vendor
trsm,double,sm_89,L,N,512,64,8192,blocked|vendor
trsm,double,sm_89,L,N,512,64,32768,blocked|vendor
trsm,double,sm_89,L,N,512,128,128,blocked|vendor
trsm,double,sm_89,L,N,512,128,512,blocked|vendor
trsm,double,sm_89,L,N,512,128,2048,blocked|vendor
trsm,double,sm_89,L,N,512,128,8192,blocked|vendor
trsm,double,sm_89,L,N,512,128,32768,blocked|vendor
trsm,double,sm_89,L,N,512,256,128,blocked|vendor
trsm,double,sm_89,L,N,512,256,512,blocked|vendor
trsm,double,sm_89,L,N,512,256,2048,blocked|vendor
trsm,double,sm_89,L,N,512,256,8192,blocked|vendor
trsm,double,sm_89,L,N,512,256,32768,blocked|vendor
trsm,double,sm_89,L,N,512,512,128,blocked|vendor
trsm,double,sm_89,L,N,512,512,512,blocked|vendor
trsm,double,sm_89,L,N,512,512,2048,blocked|vendor
trsm,double,sm_89,L,N,512,512,8192,blocked|vendor
trsm,double,sm_89,L,N,512,512,32768,blocked|vendor
trsm,double,sm_89,L,N,512,1024,128,blocked|vendor
trsm,double,sm_89,L,N,512,1024,512,blocked|vendor
trsm,double,sm_89,L,N,512,1024,2048,blocked|vendor
trsm,double,sm_89,L,N,512,1024,8192,blocked|vendor
trsm,double,sm_89,L,N,512,1024,32768,blocked|vendor
trsm,double,sm_89,L,N,512,4096,128,blocked|vendor
trsm,double,sm_89,L,N,512,4096,512,blocked|vendor
trsm,double,sm_89,L,N,512,4096,2048,blocked|vendor
trsm,double,sm_89,L,N,512,4096,8192,blocked|vendor
trsm,double,sm_89,L,N,512,4096,32768,blocked|vendor
trsm,double,sm_89,L,N,768,1,128,blocked|vendor
trsm,double,sm_89,L,N,768,1,512,blocked|vendor
trsm,double,sm_89,L,N,768,1,2048,blocked|vendor
trsm,double,sm_89,L,N,768,1,8192,blocked|vendor
trsm,double,sm_89,L,N,768,1,32768,blocked|vendor
trsm,double,sm_89,L,N,768,2,128,blocked|vendor
trsm,double,sm_89,L,N,768,2,512,blocked|vendor
trsm,double,sm_89,L,N,768,2,2048,blocked|vendor
trsm,double,sm_89,L,N,768,2,8192,blocked|vendor
trsm,double,sm_89,L,N,768,2,32768,blocked|vendor
trsm,double,sm_89,L,N,768,4,128,blocked|vendor
trsm,double,sm_89,L,N,768,4,512,blocked|vendor
trsm,double,sm_89,L,N,768,4,2048,blocked|vendor
trsm,double,sm_89,L,N,768,4,8192,blocked|vendor
trsm,double,sm_89,L,N,768,4,32768,blocked|vendor
trsm,double,sm_89,L,N,768,8,128,blocked|vendor
trsm,double,sm_89,L,N,768,8,512,blocked|vendor
trsm,double,sm_89,L,N,768,8,2048,blocked|vendor
trsm,double,sm_89,L,N,768,8,8192,blocked|vendor
trsm,double,sm_89,L,N,768,8,32768,blocked|vendor
trsm,double,sm_89,L,N,768,16,128,blocked|vendor
trsm,double,sm_89,L,N,768,16,512,blocked|vendor
trsm,double,sm_89,L,N,768,16,2048,blocked|vendor
trsm,double,sm_89,L,N,768,16,8192,blocked|vendor
trsm,double,sm_89,L,N,768,16,32768,blocked|vendor
trsm,double,sm_89,L,N,768,32,128,blocked|vendor
trsm,double,sm_89,L,N,768,32,512,blocked|vendor
trsm,double,sm_89,L,N,768,32,2048,blocked|vendor
trsm,double,sm_89,L,N,768,32,8192,blocked|vendor
trsm,double,sm_89,L,N,768,32,32768,blocked|vendor
trsm,double,sm_89,L,N,768,64,128,blocked|vendor
trsm,double,sm_89,L,N,768,64,512,blocked|vendor
trsm,double,sm_89,L,N,768,64,2048,blocked|vendor
trsm,double,sm_89,L,N,768,64,8192,blocked|vendor
trsm,double,sm_89,L,N,768,64,32768,blocked|vendor
trsm,double,sm_89,L,N,768,128,128,blocked|vendor
trsm,double,sm_89,L,N,768,128,512,blocked|vendor
trsm,double,sm_89,L,N,768,128,2048,blocked|vendor
trsm,double,sm_89,L,N,768,128,8192,blocked|vendor
trsm,double,sm_89,L,N,768,128,32768,blocked|vendor
trsm,double,sm_89,L,N,768,256,128,blocked|vendor
trsm,double,sm_89,L,N,768,256,512,blocked|vendor
trsm,double,sm_89,L,N,768,256,2048,blocked|vendor
trsm,double,sm_89,L,N,768,256,8192,blocked|vendor
trsm,double,sm_89,L,N,768,256,32768,blocked|vendor
trsm,double,sm_89,L,N,768,512,128,blocked|vendor
trsm,double,sm_89,L,N,768,512,512,blocked|vendor
trsm,double,sm_89,L,N,768,512,2048,blocked|vendor
trsm,double,sm_89,L,N,768,512,8192,blocked|vendor
trsm,double,sm_89,L,N,768,512,32768,blocked|vendor
trsm,double,sm_89,L,N,768,1024,128,blocked|vendor
trsm,double,sm_89,L,N,768,1024,512,blocked|vendor
trsm,double,sm_89,L,N,768,1024,2048,blocked|vendor
trsm,double,sm_89,L,N,768,1024,8192,blocked|vendor
trsm,double,sm_89,L,N,768,1024,32768,blocked|vendor
trsm,double,sm_89,L,N,768,4096,128,blocked|vendor
trsm,double,sm_89,L,N,768,4096,512,blocked|vendor
trsm,double,sm_89,L,N,768,4096,2048,blocked|vendor
trsm,double,sm_89,L,N,768,4096,8192,blocked|vendor
trsm,double,sm_89,L,N,768,4096,32768,blocked|vendor
trsm,double,sm_89,L,N,1024,1,128,blocked|vendor
trsm,double,sm_89,L,N,1024,1,512,blocked|vendor
trsm,double,sm_89,L,N,1024,1,2048,blocked|vendor
trsm,double,sm_89,L,N,1024,1,8192,blocked|vendor
trsm,double,sm_89,L,N,1024,1,32768,blocked|vendor
trsm,double,sm_89,L,N,1024,2,128,blocked|vendor
trsm,double,sm_89,L,N,1024,2,512,blocked|vendor
trsm,double,sm_89,L,N,1024,2,2048,blocked|vendor
trsm,double,sm_89,L,N,1024,2,8192,blocked|vendor
trsm,double,sm_89,L,N,1024,2,32768,blocked|vendor
trsm,double,sm_89,L,N,1024,4,128,blocked|vendor
trsm,double,sm_89,L,N,1024,4,512,blocked|vendor
trsm,double,sm_89,L,N,1024,4,2048,blocked|vendor
trsm,double,sm_89,L,N,1024,4,8192,blocked|vendor
trsm,double,sm_89,L,N,1024,4,32768,blocked|vendor
trsm,double,sm_89,L,N,1024,8,128,blocked|vendor
trsm,double,sm_89,L,N,1024,8,512,blocked|vendor
trsm,double,sm_89,L,N,1024,8,2048,blocked|vendor
trsm,double,sm_89,L,N,1024,8,8192,blocked|vendor
trsm,double,sm_89,L,N,1024,8,32768,blocked|vendor
trsm,double,sm_89,L,N,1024,16,128,blocked|vendor
trsm,double,sm_89,L,N,1024,16,512,blocked|vendor
trsm,double,sm_89,L,N,1024,16,2048,blocked|vendor
trsm,double,sm_89,L,N,1024,16,8192,blocked|vendor
trsm,double,sm_89,L,N,1024,16,32768,blocked|vendor
trsm,double,sm_89,L,N,1024,32,128,blocked|vendor
trsm,double,sm_89,L,N,1024,32,512,blocked|vendor
trsm,double,sm_89,L,N,1024,32,2048,blocked|vendor
trsm,double,sm_89,L,N,1024,32,8192,blocked|vendor
trsm,double,sm_89,L,N,1024,32,32768,blocked|vendor
trsm,double,sm_89,L,N,1024,64,128,blocked|vendor
trsm,double,sm_89,L,N,1024,64,512,blocked|vendor
trsm,double,sm_89,L,N,1024,64,2048,blocked|vendor
trsm,double,sm_89,L,N,1024,64,8192,blocked|vendor
trsm,double,sm_89,L,N,1024,64,32768,blocked|vendor
trsm,double,sm_89,L,N,1024,128,128,blocked|vendor
trsm,double,sm_89,L,N,1024,128,512,blocked|vendor
trsm,double,sm_89,L,N,1024,128,2048,blocked|vendor
trsm,double,sm_89,L,N,1024,128,8192,blocked|vendor
trsm,double,sm_89,L,N,1024,128,32768,blocked|vendor
trsm,double,sm_89,L,N,1024,256,128,blocked|vendor
trsm,double,sm_89,L,N,1024,256,512,blocked|vendor
trsm,double,sm_89,L,N,1024,256,2048,blocked|vendor
trsm,double,sm_89,L,N,1024,256,8192,blocked|vendor
trsm,double,sm_89,L,N,1024,256,32768,blocked|vendor
trsm,double,sm_89,L,N,1024,512,128,blocked|vendor
trsm,double,sm_89,L,N,1024,512,512,blocked|vendor
trsm,double,sm_89,L,N,1024,512,2048,blocked|vendor
trsm,double,sm_89,L,N,1024,512,8192,blocked|vendor
trsm,double,sm_89,L,N,1024,512,32768,blocked|vendor
trsm,double,sm_89,L,N,1024,1024,128,blocked|vendor
trsm,double,sm_89,L,N,1024,1024,512,blocked|vendor
trsm,double,sm_89,L,N,1024,1024,2048,blocked|vendor
trsm,double,sm_89,L,N,1024,1024,8192,blocked|vendor
trsm,double,sm_89,L,N,1024,1024,32768,blocked|vendor
trsm,double,sm_89,L,N,1024,4096,128,blocked|vendor
trsm,double,sm_89,L,N,1024,4096,512,blocked|vendor
trsm,double,sm_89,L,N,1024,4096,2048,blocked|vendor
trsm,double,sm_89,L,N,1024,4096,8192,blocked|vendor
trsm,double,sm_89,L,N,1024,4096,32768,blocked|vendor
trsm,double,sm_89,L,T,1,1,128,cta|blocked|vendor
trsm,double,sm_89,L,T,1,1,512,cta|blocked|vendor
trsm,double,sm_89,L,T,1,1,2048,cta|blocked|vendor
trsm,double,sm_89,L,T,1,1,8192,cta|blocked|vendor
trsm,double,sm_89,L,T,1,1,32768,cta|blocked|vendor
trsm,double,sm_89,L,T,1,2,128,cta|blocked|vendor
trsm,double,sm_89,L,T,1,2,512,cta|blocked|vendor
trsm,double,sm_89,L,T,1,2,2048,cta|blocked|vendor
trsm,double,sm_89,L,T,1,2,8192,cta|blocked|vendor
trsm,double,sm_89,L,T,1,2,32768,cta|blocked|vendor
trsm,double,sm_89,L,T,1,4,128,cta|blocked|vendor
trsm,double,sm_89,L,T,1,4,512,cta|blocked|vendor
trsm,double,sm_89,L,T,1,4,2048,cta|blocked|vendor
trsm,double,sm_89,L,T,1,4,8192,cta|blocked|vendor
trsm,double,sm_89,L,T,1,4,32768,cta|blocked|vendor
trsm,double,sm_89,L,T,1,8,128,cta|blocked|vendor
trsm,double,sm_89,L,T,1,8,512,cta|blocked|vendor
trsm,double,sm_89,L,T,1,8,2048,cta|blocked|vendor
trsm,double,sm_89,L,T,1,8,8192,cta|blocked|vendor
trsm,double,sm_89,L,T,1,8,32768,cta|blocked|vendor
trsm,double,sm_89,L,T,1,16,128,cta|blocked|vendor
trsm,double,sm_89,L,T,1,16,512,cta|blocked|vendor
trsm,double,sm_89,L,T,1,16,2048,cta|blocked|vendor
trsm,double,sm_89,L,T,1,16,8192,cta|blocked|vendor
trsm,double,sm_89,L,T,1,16,32768,cta|blocked|vendor
trsm,double,sm_89,L,T,1,32,128,cta|blocked|vendor
trsm,double,sm_89,L,T,1,32,512,cta|blocked|vendor
trsm,double,sm_89,L,T,1,32,2048,cta|blocked|vendor
trsm,double,sm_89,L,T,1,32,8192,cta|blocked|vendor
trsm,double,sm_89,L,T,1,32,32768,cta|blocked|vendor
trsm,double,sm_89,L,T,1,64,128,cta|blocked|vendor
trsm,double,sm_89,L,T,1,64,512,cta|blocked|vendor
trsm,double,sm_89,L,T,1,64,2048,cta|blocked|vendor
trsm,double,sm_89,L,T,1,64,8192,cta|blocked|vendor
trsm,double,sm_89,L,T,1,64,32768,cta|blocked|vendor
trsm,double,sm_89,L,T,1,128,128,cta|blocked|vendor
trsm,double,sm_89,L,T,1,128,512,cta|blocked|vendor
trsm,double,sm_89,L,T,1,128,2048,cta|blocked|vendor
trsm,double,sm_89,L,T,1,128,8192,cta|blocked|vendor
trsm,double,sm_89,L,T,1,128,32768,cta|blocked|vendor
trsm,double,sm_89,L,T,1,256,128,cta|blocked|vendor
trsm,double,sm_89,L,T,1,256,512,cta|blocked|vendor
trsm,double,sm_89,L,T,1,256,2048,cta|blocked|vendor
trsm,double,sm_89,L,T,1,256,8192,cta|blocked|vendor
trsm,double,sm_89,L,T,1,256,32768,cta|blocked|vendor
trsm,double,sm_89,L,T,1,512,128,cta|blocked|vendor
trsm,double,sm_89,L,T,1,512,512,cta|blocked|vendor
trsm,double,sm_89,L,T,1,512,2048,cta|blocked|vendor
trsm,double,sm_89,L,T,1,512,8192,cta|blocked|vendor
trsm,double,sm_89,L,T,1,512,32768,cta|blocked|vendor
trsm,double,sm_89,L,T,1,1024,128,cta|blocked|vendor
trsm,double,sm_89,L,T,1,1024,512,cta|blocked|vendor
trsm,double,sm_89,L,T,1,1024,2048,cta|blocked|vendor
trsm,double,sm_89,L,T,1,1024,8192,cta|blocked|vendor
trsm,double,sm_89,L,T,1,1024,32768,cta|blocked|vendor
trsm,double,sm_89,L,T,1,4096,128,cta|blocked|vendor
trsm,double,sm_89,L,T,1,4096,512,cta|blocked|vendor
trsm,double,sm_89,L,T,1,4096,2048,cta|blocked|vendor
trsm,double,sm_89,L,T,1,4096,8192,cta|blocked|vendor
trsm,double,sm_89,L,T,1,4096,32768,cta|blocked|vendor
trsm,double,sm_89,L,T,2,1,128,cta|blocked|vendor
trsm,double,sm_89,L,T,2,1,512,cta|blocked|vendor
trsm,double,sm_89,L,T,2,1,2048,cta|blocked|vendor
trsm,double,sm_89,L,T,2,1,8192,cta|blocked|vendor
trsm,double,sm_89,L,T,2,1,32768,cta|blocked|vendor
trsm,double,sm_89,L,T,2,2,128,cta|blocked|vendor
trsm,double,sm_89,L,T,2,2,512,cta|blocked|vendor
trsm,double,sm_89,L,T,2,2,2048,cta|blocked|vendor
trsm,double,sm_89,L,T,2,2,8192,cta|blocked|vendor
trsm,double,sm_89,L,T,2,2,32768,cta|blocked|vendor
trsm,double,sm_89,L,T,2,4,128,cta|blocked|vendor
trsm,double,sm_89,L,T,2,4,512,cta|blocked|vendor
trsm,double,sm_89,L,T,2,4,2048,cta|blocked|vendor
trsm,double,sm_89,L,T,2,4,8192,cta|blocked|vendor
trsm,double,sm_89,L,T,2,4,32768,cta|blocked|vendor
trsm,double,sm_89,L,T,2,8,128,cta|blocked|vendor
trsm,double,sm_89,L,T,2,8,512,cta|blocked|vendor
trsm,double,sm_89,L,T,2,8,2048,cta|blocked|vendor
trsm,double,sm_89,L,T,2,8,8192,cta|blocked|vendor
trsm,double,sm_89,L,T,2,8,32768,cta|blocked|vendor
trsm,double,sm_89,L,T,2,16,128,cta|blocked|vendor
trsm,double,sm_89,L,T,2,16,512,cta|blocked|vendor
trsm,double,sm_89,L,T,2,16,2048,cta|blocked|vendor
trsm,double,sm_89,L,T,2,16,8192,cta|blocked|vendor
trsm,double,sm_89,L,T,2,16,32768,cta|blocked|vendor
trsm,double,sm_89,L,T,2,32,128,cta|blocked|vendor
trsm,double,sm_89,L,T,2,32,512,cta|blocked|vendor
trsm,double,sm_89,L,T,2,32,2048,cta|blocked|vendor
trsm,double,sm_89,L,T,2,32,8192,cta|blocked|vendor
trsm,double,sm_89,L,T,2,32,32768,cta|blocked|vendor
trsm,double,sm_89,L,T,2,64,128,cta|blocked|vendor
trsm,double,sm_89,L,T,2,64,512,cta|blocked|vendor
trsm,double,sm_89,L,T,2,64,2048,cta|blocked|vendor
trsm,double,sm_89,L,T,2,64,8192,cta|blocked|vendor
trsm,double,sm_89,L,T,2,64,32768,cta|blocked|vendor
trsm,double,sm_89,L,T,2,128,128,cta|blocked|vendor
trsm,double,sm_89,L,T,2,128,512,cta|blocked|vendor
trsm,double,sm_89,L,T,2,128,2048,cta|blocked|vendor
trsm,double,sm_89,L,T,2,128,8192,cta|blocked|vendor
trsm,double,sm_89,L,T,2,128,32768,cta|blocked|vendor
trsm,double,sm_89,L,T,2,256,128,cta|blocked|vendor
trsm,double,sm_89,L,T,2,256,512,cta|blocked|vendor
trsm,double,sm_89,L,T,2,256,2048,cta|blocked|vendor
trsm,double,sm_89,L,T,2,256,8192,cta|blocked|vendor
trsm,double,sm_89,L,T,2,256,32768,cta|blocked|vendor
trsm,double,sm_89,L,T,2,512,128,cta|blocked|vendor
trsm,double,sm_89,L,T,2,512,512,cta|blocked|vendor
trsm,double,sm_89,L,T,2,512,2048,cta|blocked|vendor
trsm,double,sm_89,L,T,2,512,8192,cta|blocked|vendor
trsm,double,sm_89,L,T,2,512,32768,cta|blocked|vendor
trsm,double,sm_89,L,T,2,1024,128,cta|blocked|vendor
trsm,double,sm_89,L,T,2,1024,512,cta|blocked|vendor
trsm,double,sm_89,L,T,2,1024,2048,cta|blocked|vendor
trsm,double,sm_89,L,T,2,1024,8192,cta|blocked|vendor
trsm,double,sm_89,L,T,2,1024,32768,cta|blocked|vendor
trsm,double,sm_89,L,T,2,4096,128,cta|blocked|vendor
trsm,double,sm_89,L,T,2,4096,512,cta|blocked|vendor
trsm,double,sm_89,L,T,2,4096,2048,cta|blocked|vendor
trsm,double,sm_89,L,T,2,4096,8192,cta|blocked|vendor
trsm,double,sm_89,L,T,2,4096,32768,cta|blocked|vendor
trsm,double,sm_89,L,T,4,1,128,cta|blocked|vendor
trsm,double,sm_89,L,T,4,1,512,cta|blocked|vendor
trsm,double,sm_89,L,T,4,1,2048,cta|blocked|vendor
trsm,double,sm_89,L,T,4,1,8192,cta|blocked|vendor
trsm,double,sm_89,L,T,4,1,32768,cta|blocked|vendor
trsm,double,sm_89,L,T,4,2,128,cta|blocked|vendor
trsm,double,sm_89,L,T,4,2,512,cta|blocked|vendor
trsm,double,sm_89,L,T,4,2,2048,cta|blocked|vendor
trsm,double,sm_89,L,T,4,2,8192,cta|blocked|vendor
trsm,double,sm_89,L,T,4,2,32768,cta|blocked|vendor
trsm,double,sm_89,L,T,4,4,128,cta|blocked|vendor
trsm,double,sm_89,L,T,4,4,512,cta|blocked|vendor
trsm,double,sm_89,L,T,4,4,2048,cta|blocked|vendor
trsm,double,sm_89,L,T,4,4,8192,cta|blocked|vendor
trsm,double,sm_89,L,T,4,4,32768,cta|blocked|vendor
trsm,double,sm_89,L,T,4,8,128,cta|blocked|vendor
trsm,double,sm_89,L,T,4,8,512,cta|blocked|vendor
trsm,double,sm_89,L,T,4,8,2048,cta|blocked|vendor
trsm,double,sm_89,L,T,4,8,8192,cta|blocked|vendor
trsm,double,sm_89,L,T,4,8,32768,cta|blocked|vendor
trsm,double,sm_89,L,T,4,16,128,cta|blocked|vendor
trsm,double,sm_89,L,T,4,16,512,cta|blocked|vendor
trsm,double,sm_89,L,T,4,16,2048,cta|blocked|vendor
trsm,double,sm_89,L,T,4,16,8192,cta|blocked|vendor
trsm,double,sm_89,L,T,4,16,32768,cta|blocked|vendor
trsm,double,sm_89,L,T,4,32,128,cta|blocked|vendor
trsm,double,sm_89,L,T,4,32,512,cta|blocked|vendor
trsm,double,sm_89,L,T,4,32,2048,cta|blocked|vendor
trsm,double,sm_89,L,T,4,32,8192,cta|blocked|vendor
trsm,double,sm_89,L,T,4,32,32768,cta|blocked|vendor
trsm,double,sm_89,L,T,4,64,128,cta|blocked|vendor
trsm,double,sm_89,L,T,4,64,512,cta|blocked|vendor
trsm,double,sm_89,L,T,4,64,2048,cta|blocked|vendor
trsm,double,sm_89,L,T,4,64,8192,cta|blocked|vendor
trsm,double,sm_89,L,T,4,64,32768,cta|blocked|vendor
trsm,double,sm_89,L,T,4,128,128,cta|blocked|vendor
trsm,double,sm_89,L,T,4,128,512,cta|blocked|vendor
trsm,double,sm_89,L,T,4,128,2048,cta|blocked|vendor
trsm,double,sm_89,L,T,4,128,8192,cta|blocked|vendor
trsm,double,sm_89,L,T,4,128,32768,cta|blocked|vendor
trsm,double,sm_89,L,T,4,256,128,cta|blocked|vendor
trsm,double,sm_89,L,T,4,256,512,cta|blocked|vendor
trsm,double,sm_89,L,T,4,256,2048,cta|blocked|vendor
trsm,double,sm_89,L,T,4,256,8192,cta|blocked|vendor
trsm,double,sm_89,L,T,4,256,32768,cta|blocked|vendor
trsm,double,sm_89,L,T,4,512,128,cta|blocked|vendor
trsm,double,sm_89,L,T,4,512,512,cta|blocked|vendor
trsm,double,sm_89,L,T,4,512,2048,cta|blocked|vendor
trsm,double,sm_89,L,T,4,512,8192,cta|blocked|vendor
trsm,double,sm_89,L,T,4,512,32768,cta|blocked|vendor
trsm,double,sm_89,L,T,4,1024,128,cta|blocked|vendor
trsm,double,sm_89,L,T,4,1024,512,cta|blocked|vendor
trsm,double,sm_89,L,T,4,1024,2048,cta|blocked|vendor
trsm,double,sm_89,L,T,4,1024,8192,cta|blocked|vendor
trsm,double,sm_89,L,T,4,1024,32768,cta|blocked|vendor
trsm,double,sm_89,L,T,4,4096,128,cta|blocked|vendor
trsm,double,sm_89,L,T,4,4096,512,cta|blocked|vendor
trsm,double,sm_89,L,T,4,4096,2048,cta|blocked|vendor
trsm,double,sm_89,L,T,4,4096,8192,cta|blocked|vendor
trsm,double,sm_89,L,T,4,4096,32768,cta|blocked|vendor
trsm,double,sm_89,L,T,8,1,128,cta|blocked|vendor
trsm,double,sm_89,L,T,8,1,512,cta|blocked|vendor
trsm,double,sm_89,L,T,8,1,2048,cta|blocked|vendor
trsm,double,sm_89,L,T,8,1,8192,cta|blocked|vendor
trsm,double,sm_89,L,T,8,1,32768,cta|blocked|vendor
trsm,double,sm_89,L,T,8,2,128,cta|blocked|vendor
trsm,double,sm_89,L,T,8,2,512,cta|blocked|vendor
trsm,double,sm_89,L,T,8,2,2048,cta|blocked|vendor
trsm,double,sm_89,L,T,8,2,8192,cta|blocked|vendor
trsm,double,sm_89,L,T,8,2,32768,cta|blocked|vendor
trsm,double,sm_89,L,T,8,4,128,cta|blocked|vendor
trsm,double,sm_89,L,T,8,4,512,cta|blocked|vendor
trsm,double,sm_89,L,T,8,4,2048,cta|blocked|vendor
trsm,double,sm_89,L,T,8,4,8192,cta|blocked|vendor
trsm,double,sm_89,L,T,8,4,32768,cta|blocked|vendor
trsm,double,sm_89,L,T,8,8,128,cta|blocked|vendor
trsm,double,sm_89,L,T,8,8,512,cta|blocked|vendor
trsm,double,sm_89,L,T,8,8,2048,cta|blocked|vendor
trsm,double,sm_89,L,T,8,8,8192,cta|blocked|vendor
trsm,double,sm_89,L,T,8,8,32768,cta|blocked|vendor
trsm,double,sm_89,L,T,8,16,128,cta|blocked|vendor
trsm,double,sm_89,L,T,8,16,512,cta|blocked|vendor
trsm,double,sm_89,L,T,8,16,2048,cta|blocked|vendor
trsm,double,sm_89,L,T,8,16,8192,cta|blocked|vendor
trsm,double,sm_89,L,T,8,16,32768,cta|blocked|vendor
trsm,double,sm_89,L,T,8,32,128,cta|blocked|vendor
trsm,double,sm_89,L,T,8,32,512,cta|blocked|vendor
trsm,double,sm_89,L,T,8,32,2048,cta|blocked|vendor
trsm,double,sm_89,L,T,8,32,8192,cta|blocked|vendor
trsm,double,sm_89,L,T,8,32,32768,cta|blocked|vendor
trsm,double,sm_89,L,T,8,64,128,cta|blocked|vendor
trsm,double,sm_89,L,T,8,64,512,cta|blocked|vendor
trsm,double,sm_89,L,T,8,64,2048,cta|blocked|vendor
trsm,double,sm_89,L,T,8,64,8192,cta|blocked|vendor
trsm,double,sm_89,L,T,8,64,32768,cta|blocked|vendor
trsm,double,sm_89,L,T,8,128,128,cta|blocked|vendor
trsm,double,sm_89,L,T,8,128,512,cta|blocked|vendor
trsm,double,sm_89,L,T,8,128,2048,cta|blocked|vendor
trsm,double,sm_89,L,T,8,128,8192,cta|blocked|vendor
trsm,double,sm_89,L,T,8,128,32768,cta|blocked|vendor
trsm,double,sm_89,L,T,8,256,128,cta|blocked|vendor
trsm,double,sm_89,L,T,8,256,512,cta|blocked|vendor
trsm,double,sm_89,L,T,8,256,2048,cta|blocked|vendor
trsm,double,sm_89,L,T,8,256,8192,cta|blocked|vendor
trsm,double,sm_89,L,T,8,256,32768,cta|blocked|vendor
trsm,double,sm_89,L,T,8,512,128,cta|blocked|vendor
trsm,double,sm_89,L,T,8,512,512,cta|blocked|vendor
trsm,double,sm_89,L,T,8,512,2048,cta|blocked|vendor
trsm,double,sm_89,L,T,8,512,8192,cta|blocked|vendor
trsm,double,sm_89,L,T,8,512,32768,cta|blocked|vendor
trsm,double,sm_89,L,T,8,1024,128,cta|blocked|vendor
trsm,double,sm_89,L,T,8,1024,512,cta|blocked|vendor
trsm,double,sm_89,L,T,8,1024,2048,cta|blocked|vendor
trsm,double,sm_89,L,T,8,1024,8192,cta|blocked|vendor
trsm,double,sm_89,L,T,8,1024,32768,cta|blocked|vendor
trsm,double,sm_89,L,T,8,4096,128,cta|blocked|vendor
trsm,double,sm_89,L,T,8,4096,512,cta|blocked|vendor
trsm,double,sm_89,L,T,8,4096,2048,cta|blocked|vendor
trsm,double,sm_89,L,T,8,4096,8192,cta|blocked|vendor
trsm,double,sm_89,L,T,8,4096,32768,cta|blocked|vendor
trsm,double,sm_89,L,T,12,1,128,cta|blocked|vendor
trsm,double,sm_89,L,T,12,1,512,cta|blocked|vendor
trsm,double,sm_89,L,T,12,1,2048,cta|blocked|vendor
trsm,double,sm_89,L,T,12,1,8192,cta|blocked|vendor
trsm,double,sm_89,L,T,12,1,32768,cta|blocked|vendor
trsm,double,sm_89,L,T,12,2,128,cta|blocked|vendor
trsm,double,sm_89,L,T,12,2,512,cta|blocked|vendor
trsm,double,sm_89,L,T,12,2,2048,cta|blocked|vendor
trsm,double,sm_89,L,T,12,2,8192,cta|blocked|vendor
trsm,double,sm_89,L,T,12,2,32768,cta|blocked|vendor
trsm,double,sm_89,L,T,12,4,128,cta|blocked|vendor
trsm,double,sm_89,L,T,12,4,512,cta|blocked|vendor
trsm,double,sm_89,L,T,12,4,2048,cta|blocked|vendor
trsm,double,sm_89,L,T,12,4,8192,cta|blocked|vendor
trsm,double,sm_89,L,T,12,4,32768,cta|blocked|vendor
trsm,double,sm_89,L,T,12,8,128,cta|blocked|vendor
trsm,double,sm_89,L,T,12,8,512,cta|blocked|vendor
trsm,double,sm_89,L,T,12,8,2048,cta|blocked|vendor
trsm,double,sm_89,L,T,12,8,8192,cta|blocked|vendor
trsm,double,sm_89,L,T,12,8,32768,cta|blocked|vendor
trsm,double,sm_89,L,T,12,16,128,cta|blocked|vendor
trsm,double,sm_89,L,T,12,16,512,cta|blocked|vendor
trsm,double,sm_89,L,T,12,16,2048,cta|blocked|vendor
trsm,double,sm_89,L,T,12,16,8192,cta|blocked|vendor
trsm,double,sm_89,L,T,12,16,32768,cta|blocked|vendor
trsm,double,sm_89,L,T,12,32,128,cta|blocked|vendor
trsm,double,sm_89,L,T,12,32,512,cta|blocked|vendor
trsm,double,sm_89,L,T,12,32,2048,cta|blocked|vendor
trsm,double,sm_89,L,T,12,32,8192,cta|blocked|vendor
trsm,double,sm_89,L,T,12,32,32768,cta|blocked|vendor
trsm,double,sm_89,L,T,12,64,128,cta|blocked|vendor
trsm,double,sm_89,L,T,12,64,512,cta|blocked|vendor
trsm,double,sm_89,L,T,12,64,2048,cta|blocked|vendor
trsm,double,sm_89,L,T,12,64,8192,cta|blocked|vendor
trsm,double,sm_89,L,T,12,64,32768,cta|blocked|vendor
trsm,double,sm_89,L,T,12,128,128,cta|blocked|vendor
trsm,double,sm_89,L,T,12,128,512,cta|blocked|vendor
trsm,double,sm_89,L,T,12,128,2048,cta|blocked|vendor
trsm,double,sm_89,L,T,12,128,8192,cta|blocked|vendor
trsm,double,sm_89,L,T,12,128,32768,cta|blocked|vendor
trsm,double,sm_89,L,T,12,256,128,cta|blocked|vendor
trsm,double,sm_89,L,T,12,256,512,cta|blocked|vendor
trsm,double,sm_89,L,T,12,256,2048,cta|blocked|vendor
trsm,double,sm_89,L,T,12,256,8192,cta|blocked|vendor
trsm,double,sm_89,L,T,12,256,32768,cta|blocked|vendor
trsm,double,sm_89,L,T,12,512,128,cta|blocked|vendor
trsm,double,sm_89,L,T,12,512,512,cta|blocked|vendor
trsm,double,sm_89,L,T,12,512,2048,cta|blocked|vendor
trsm,double,sm_89,L,T,12,512,8192,cta|blocked|vendor
trsm,double,sm_89,L,T,12,512,32768,cta|blocked|vendor
trsm,double,sm_89,L,T,12,1024,128,cta|blocked|vendor
trsm,double,sm_89,L,T,12,1024,512,cta|blocked|vendor
trsm,double,sm_89,L,T,12,1024,2048,cta|blocked|vendor
trsm,double,sm_89,L,T,12,1024,8192,cta|blocked|vendor
trsm,double,sm_89,L,T,12,1024,32768,cta|blocked|vendor
trsm,double,sm_89,L,T,12,4096,128,cta|blocked|vendor
trsm,double,sm_89,L,T,12,4096,512,cta|blocked|vendor
trsm,double,sm_89,L,T,12,4096,2048,cta|blocked|vendor
trsm,double,sm_89,L,T,12,4096,8192,cta|blocked|vendor
trsm,double,sm_89,L,T,12,4096,32768,cta|blocked|vendor
trsm,double,sm_89,L,T,16,1,128,cta|blocked|vendor
trsm,double,sm_89,L,T,16,1,512,cta|blocked|vendor
trsm,double,sm_89,L,T,16,1,2048,cta|blocked|vendor
trsm,double,sm_89,L,T,16,1,8192,cta|blocked|vendor
trsm,double,sm_89,L,T,16,1,32768,cta|blocked|vendor
trsm,double,sm_89,L,T,16,2,128,cta|blocked|vendor
trsm,double,sm_89,L,T,16,2,512,cta|blocked|vendor
trsm,double,sm_89,L,T,16,2,2048,cta|blocked|vendor
trsm,double,sm_89,L,T,16,2,8192,cta|blocked|vendor
trsm,double,sm_89,L,T,16,2,32768,cta|blocked|vendor
trsm,double,sm_89,L,T,16,4,128,cta|blocked|vendor
trsm,double,sm_89,L,T,16,4,512,cta|blocked|vendor
trsm,double,sm_89,L,T,16,4,2048,cta|blocked|vendor
trsm,double,sm_89,L,T,16,4,8192,cta|blocked|vendor
trsm,double,sm_89,L,T,16,4,32768,cta|blocked|vendor
trsm,double,sm_89,L,T,16,8,128,cta|blocked|vendor
trsm,double,sm_89,L,T,16,8,512,cta|blocked|vendor
trsm,double,sm_89,L,T,16,8,2048,cta|blocked|vendor
trsm,double,sm_89,L,T,16,8,8192,cta|blocked|vendor
trsm,double,sm_89,L,T,16,8,32768,cta|blocked|vendor
trsm,double,sm_89,L,T,16,16,128,cta|blocked|vendor
trsm,double,sm_89,L,T,16,16,512,cta|blocked|vendor
trsm,double,sm_89,L,T,16,16,2048,cta|blocked|vendor
trsm,double,sm_89,L,T,16,16,8192,cta|blocked|vendor
trsm,double,sm_89,L,T,16,16,32768,cta|blocked|vendor
trsm,double,sm_89,L,T,16,32,128,cta|blocked|vendor
trsm,double,sm_89,L,T,16,32,512,cta|blocked|vendor
trsm,double,sm_89,L,T,16,32,2048,cta|blocked|vendor
trsm,double,sm_89,L,T,16,32,8192,cta|blocked|vendor
trsm,double,sm_89,L,T,16,32,32768,cta|blocked|vendor
trsm,double,sm_89,L,T,16,64,128,cta|blocked|vendor
trsm,double,sm_89,L,T,16,64,512,cta|blocked|vendor
trsm,double,sm_89,L,T,16,64,2048,cta|blocked|vendor
trsm,double,sm_89,L,T,16,64,8192,cta|blocked|vendor
trsm,double,sm_89,L,T,16,64,32768,cta|blocked|vendor
trsm,double,sm_89,L,T,16,128,128,cta|blocked|vendor
trsm,double,sm_89,L,T,16,128,512,cta|blocked|vendor
trsm,double,sm_89,L,T,16,128,2048,cta|blocked|vendor
trsm,double,sm_89,L,T,16,128,8192,cta|blocked|vendor
trsm,double,sm_89,L,T,16,128,32768,cta|blocked|vendor
trsm,double,sm_89,L,T,16,256,128,cta|blocked|vendor
trsm,double,sm_89,L,T,16,256,512,cta|blocked|vendor
trsm,double,sm_89,L,T,16,256,2048,cta|blocked|vendor
trsm,double,sm_89,L,T,16,256,8192,cta|blocked|vendor
trsm,double,sm_89,L,T,16,256,32768,cta|blocked|vendor
trsm,double,sm_89,L,T,16,512,128,cta|blocked|vendor
trsm,double,sm_89,L,T,16,512,512,cta|blocked|vendor
trsm,double,sm_89,L,T,16,512,2048,cta|blocked|vendor
trsm,double,sm_89,L,T,16,512,8192,cta|blocked|vendor
trsm,double,sm_89,L,T,16,512,32768,cta|blocked|vendor
trsm,double,sm_89,L,T,16,1024,128,cta|blocked|vendor
trsm,double,sm_89,L,T,16,1024,512,cta|blocked|vendor
trsm,double,sm_89,L,T,16,1024,2048,cta|blocked|vendor
trsm,double,sm_89,L,T,16,1024,8192,cta|blocked|vendor
trsm,double,sm_89,L,T,16,1024,32768,cta|blocked|vendor
trsm,double,sm_89,L,T,16,4096,128,cta|blocked|vendor
trsm,double,sm_89,L,T,16,4096,512,cta|blocked|vendor
trsm,double,sm_89,L,T,16,4096,2048,cta|blocked|vendor
trsm,double,sm_89,L,T,16,4096,8192,cta|blocked|vendor
trsm,double,sm_89,L,T,16,4096,32768,cta|blocked|vendor
trsm,double,sm_89,L,T,24,1,128,cta|blocked|vendor
trsm,double,sm_89,L,T,24,1,512,cta|blocked|vendor
trsm,double,sm_89,L,T,24,1,2048,cta|blocked|vendor
trsm,double,sm_89,L,T,24,1,8192,cta|blocked|vendor
trsm,double,sm_89,L,T,24,1,32768,cta|blocked|vendor
trsm,double,sm_89,L,T,24,2,128,cta|blocked|vendor
trsm,double,sm_89,L,T,24,2,512,cta|blocked|vendor
trsm,double,sm_89,L,T,24,2,2048,cta|blocked|vendor
trsm,double,sm_89,L,T,24,2,8192,cta|blocked|vendor
trsm,double,sm_89,L,T,24,2,32768,cta|blocked|vendor
trsm,double,sm_89,L,T,24,4,128,cta|blocked|vendor
trsm,double,sm_89,L,T,24,4,512,cta|blocked|vendor
trsm,double,sm_89,L,T,24,4,2048,cta|blocked|vendor
trsm,double,sm_89,L,T,24,4,8192,cta|blocked|vendor
trsm,double,sm_89,L,T,24,4,32768,cta|blocked|vendor
trsm,double,sm_89,L,T,24,8,128,cta|blocked|vendor
trsm,double,sm_89,L,T,24,8,512,cta|blocked|vendor
trsm,double,sm_89,L,T,24,8,2048,cta|blocked|vendor
trsm,double,sm_89,L,T,24,8,8192,cta|blocked|vendor
trsm,double,sm_89,L,T,24,8,32768,cta|blocked|vendor
trsm,double,sm_89,L,T,24,16,128,cta|blocked|vendor
trsm,double,sm_89,L,T,24,16,512,cta|blocked|vendor
trsm,double,sm_89,L,T,24,16,2048,cta|blocked|vendor
trsm,double,sm_89,L,T,24,16,8192,cta|blocked|vendor
trsm,double,sm_89,L,T,24,16,32768,cta|blocked|vendor
trsm,double,sm_89,L,T,24,32,128,cta|blocked|vendor
trsm,double,sm_89,L,T,24,32,512,cta|blocked|vendor
trsm,double,sm_89,L,T,24,32,2048,cta|blocked|vendor
trsm,double,sm_89,L,T,24,32,8192,cta|blocked|vendor
trsm,double,sm_89,L,T,24,32,32768,cta|blocked|vendor
trsm,double,sm_89,L,T,24,64,128,cta|blocked|vendor
trsm,double,sm_89,L,T,24,64,512,cta|blocked|vendor
trsm,double,sm_89,L,T,24,64,2048,cta|blocked|vendor
trsm,double,sm_89,L,T,24,64,8192,cta|blocked|vendor
trsm,double,sm_89,L,T,24,64,32768,cta|blocked|vendor
trsm,double,sm_89,L,T,24,128,128,cta|blocked|vendor
trsm,double,sm_89,L,T,24,128,512,cta|blocked|vendor
trsm,double,sm_89,L,T,24,128,2048,cta|blocked|vendor
trsm,double,sm_89,L,T,24,128,8192,cta|blocked|vendor
trsm,double,sm_89,L,T,24,128,32768,cta|blocked|vendor
trsm,double,sm_89,L,T,24,256,128,cta|blocked|vendor
trsm,double,sm_89,L,T,24,256,512,cta|blocked|vendor
trsm,double,sm_89,L,T,24,256,2048,cta|blocked|vendor
trsm,double,sm_89,L,T,24,256,8192,cta|blocked|vendor
trsm,double,sm_89,L,T,24,256,32768,cta|blocked|vendor
trsm,double,sm_89,L,T,24,512,128,cta|blocked|vendor
trsm,double,sm_89,L,T,24,512,512,cta|blocked|vendor
trsm,double,sm_89,L,T,24,512,2048,cta|blocked|vendor
trsm,double,sm_89,L,T,24,512,8192,cta|blocked|vendor
trsm,double,sm_89,L,T,24,512,32768,cta|blocked|vendor
trsm,double,sm_89,L,T,24,1024,128,cta|blocked|vendor
trsm,double,sm_89,L,T,24,1024,512,cta|blocked|vendor
trsm,double,sm_89,L,T,24,1024,2048,cta|blocked|vendor
trsm,double,sm_89,L,T,24,1024,8192,cta|blocked|vendor
trsm,double,sm_89,L,T,24,1024,32768,cta|blocked|vendor
trsm,double,sm_89,L,T,24,4096,128,cta|blocked|vendor
trsm,double,sm_89,L,T,24,4096,512,cta|blocked|vendor
trsm,double,sm_89,L,T,24,4096,2048,cta|blocked|vendor
trsm,double,sm_89,L,T,24,4096,8192,cta|blocked|vendor
trsm,double,sm_89,L,T,24,4096,32768,cta|blocked|vendor
trsm,double,sm_89,L,T,32,1,128,cta|blocked|vendor
trsm,double,sm_89,L,T,32,1,512,cta|blocked|vendor
trsm,double,sm_89,L,T,32,1,2048,cta|blocked|vendor
trsm,double,sm_89,L,T,32,1,8192,cta|blocked|vendor
trsm,double,sm_89,L,T,32,1,32768,cta|blocked|vendor
trsm,double,sm_89,L,T,32,2,128,cta|blocked|vendor
trsm,double,sm_89,L,T,32,2,512,cta|blocked|vendor
trsm,double,sm_89,L,T,32,2,2048,cta|blocked|vendor
trsm,double,sm_89,L,T,32,2,8192,cta|blocked|vendor
trsm,double,sm_89,L,T,32,2,32768,cta|blocked|vendor
trsm,double,sm_89,L,T,32,4,128,cta|blocked|vendor
trsm,double,sm_89,L,T,32,4,512,cta|blocked|vendor
trsm,double,sm_89,L,T,32,4,2048,cta|blocked|vendor
trsm,double,sm_89,L,T,32,4,8192,cta|blocked|vendor
trsm,double,sm_89,L,T,32,4,32768,cta|blocked|vendor
trsm,double,sm_89,L,T,32,8,128,cta|blocked|vendor
trsm,double,sm_89,L,T,32,8,512,cta|blocked|vendor
trsm,double,sm_89,L,T,32,8,2048,cta|blocked|vendor
trsm,double,sm_89,L,T,32,8,8192,cta|blocked|vendor
trsm,double,sm_89,L,T,32,8,32768,cta|blocked|vendor
trsm,double,sm_89,L,T,32,16,128,cta|blocked|vendor
trsm,double,sm_89,L,T,32,16,512,cta|blocked|vendor
trsm,double,sm_89,L,T,32,16,2048,cta|blocked|vendor
trsm,double,sm_89,L,T,32,16,8192,cta|blocked|vendor
trsm,double,sm_89,L,T,32,16,32768,cta|blocked|vendor
trsm,double,sm_89,L,T,32,32,128,cta|blocked|vendor
trsm,double,sm_89,L,T,32,32,512,cta|blocked|vendor
trsm,double,sm_89,L,T,32,32,2048,cta|blocked|vendor
trsm,double,sm_89,L,T,32,32,8192,cta|blocked|vendor
trsm,double,sm_89,L,T,32,32,32768,cta|blocked|vendor
trsm,double,sm_89,L,T,32,64,128,cta|blocked|vendor
trsm,double,sm_89,L,T,32,64,512,cta|blocked|vendor
trsm,double,sm_89,L,T,32,64,2048,cta|blocked|vendor
trsm,double,sm_89,L,T,32,64,8192,cta|blocked|vendor
trsm,double,sm_89,L,T,32,64,32768,cta|blocked|vendor
trsm,double,sm_89,L,T,32,128,128,cta|blocked|vendor
trsm,double,sm_89,L,T,32,128,512,cta|blocked|vendor
trsm,double,sm_89,L,T,32,128,2048,cta|blocked|vendor
trsm,double,sm_89,L,T,32,128,8192,cta|blocked|vendor
trsm,double,sm_89,L,T,32,128,32768,cta|blocked|vendor
trsm,double,sm_89,L,T,32,256,128,cta|blocked|vendor
trsm,double,sm_89,L,T,32,256,512,cta|blocked|vendor
trsm,double,sm_89,L,T,32,256,2048,cta|blocked|vendor
trsm,double,sm_89,L,T,32,256,8192,cta|blocked|vendor
trsm,double,sm_89,L,T,32,256,32768,cta|blocked|vendor
trsm,double,sm_89,L,T,32,512,128,cta|blocked|vendor
trsm,double,sm_89,L,T,32,512,512,cta|blocked|vendor
trsm,double,sm_89,L,T,32,512,2048,cta|blocked|vendor
trsm,double,sm_89,L,T,32,512,8192,cta|blocked|vendor
trsm,double,sm_89,L,T,32,512,32768,cta|blocked|vendor
trsm,double,sm_89,L,T,32,1024,128,cta|blocked|vendor
trsm,double,sm_89,L,T,32,1024,512,cta|blocked|vendor
trsm,double,sm_89,L,T,32,1024,2048,cta|blocked|vendor
trsm,double,sm_89,L,T,32,1024,8192,cta|blocked|vendor
trsm,double,sm_89,L,T,32,1024,32768,cta|blocked|vendor
trsm,double,sm_89,L,T,32,4096,128,cta|blocked|vendor
trsm,double,sm_89,L,T,32,4096,512,cta|blocked|vendor
trsm,double,sm_89,L,T,32,4096,2048,cta|blocked|vendor
trsm,double,sm_89,L,T,32,4096,8192,cta|blocked|vendor
trsm,double,sm_89,L,T,32,4096,32768,cta|blocked|vendor
trsm,double,sm_89,L,T,48,1,128,blocked|vendor
trsm,double,sm_89,L,T,48,1,512,blocked|vendor
trsm,double,sm_89,L,T,48,1,2048,blocked|vendor
trsm,double,sm_89,L,T,48,1,8192,blocked|vendor
trsm,double,sm_89,L,T,48,1,32768,blocked|vendor
trsm,double,sm_89,L,T,48,2,128,blocked|vendor
trsm,double,sm_89,L,T,48,2,512,blocked|vendor
trsm,double,sm_89,L,T,48,2,2048,blocked|vendor
trsm,double,sm_89,L,T,48,2,8192,blocked|vendor
trsm,double,sm_89,L,T,48,2,32768,blocked|vendor
trsm,double,sm_89,L,T,48,4,128,blocked|vendor
trsm,double,sm_89,L,T,48,4,512,blocked|vendor
trsm,double,sm_89,L,T,48,4,2048,blocked|vendor
trsm,double,sm_89,L,T,48,4,8192,blocked|vendor
trsm,double,sm_89,L,T,48,4,32768,blocked|vendor
trsm,double,sm_89,L,T,48,8,128,blocked|vendor
trsm,double,sm_89,L,T,48,8,512,blocked|vendor
trsm,double,sm_89,L,T,48,8,2048,blocked|vendor
trsm,double,sm_89,L,T,48,8,8192,blocked|vendor
trsm,double,sm_89,L,T,48,8,32768,blocked|vendor
trsm,double,sm_89,L,T,48,16,128,blocked|vendor
trsm,double,sm_89,L,T,48,16,512,blocked|vendor
trsm,double,sm_89,L,T,48,16,2048,blocked|vendor
trsm,double,sm_89,L,T,48,16,8192,blocked|vendor
trsm,double,sm_89,L,T,48,16,32768,blocked|vendor
trsm,double,sm_89,L,T,48,32,128,blocked|vendor
trsm,double,sm_89,L,T,48,32,512,blocked|vendor
trsm,double,sm_89,L,T,48,32,2048,blocked|vendor
trsm,double,sm_89,L,T,48,32,8192,blocked|vendor
trsm,double,sm_89,L,T,48,32,32768,blocked|vendor
trsm,double,sm_89,L,T,48,64,128,blocked|vendor
trsm,double,sm_89,L,T,48,64,512,blocked|vendor
trsm,double,sm_89,L,T,48,64,2048,blocked|vendor
trsm,double,sm_89,L,T,48,64,8192,blocked|vendor
trsm,double,sm_89,L,T,48,64,32768,blocked|vendor
trsm,double,sm_89,L,T,48,128,128,blocked|vendor
trsm,double,sm_89,L,T,48,128,512,blocked|vendor
trsm,double,sm_89,L,T,48,128,2048,blocked|vendor
trsm,double,sm_89,L,T,48,128,8192,blocked|vendor
trsm,double,sm_89,L,T,48,128,32768,blocked|vendor
trsm,double,sm_89,L,T,48,256,128,blocked|vendor
trsm,double,sm_89,L,T,48,256,512,blocked|vendor
trsm,double,sm_89,L,T,48,256,2048,blocked|vendor
trsm,double,sm_89,L,T,48,256,8192,blocked|vendor
trsm,double,sm_89,L,T,48,256,32768,blocked|vendor
trsm,double,sm_89,L,T,48,512,128,blocked|vendor
trsm,double,sm_89,L,T,48,512,512,blocked|vendor
trsm,double,sm_89,L,T,48,512,2048,blocked|vendor
trsm,double,sm_89,L,T,48,512,8192,blocked|vendor
trsm,double,sm_89,L,T,48,512,32768,blocked|vendor
trsm,double,sm_89,L,T,48,1024,128,blocked|vendor
trsm,double,sm_89,L,T,48,1024,512,blocked|vendor
trsm,double,sm_89,L,T,48,1024,2048,blocked|vendor
trsm,double,sm_89,L,T,48,1024,8192,blocked|vendor
trsm,double,sm_89,L,T,48,1024,32768,blocked|vendor
trsm,double,sm_89,L,T,48,4096,128,blocked|vendor
trsm,double,sm_89,L,T,48,4096,512,blocked|vendor
trsm,double,sm_89,L,T,48,4096,2048,blocked|vendor
trsm,double,sm_89,L,T,48,4096,8192,blocked|vendor
trsm,double,sm_89,L,T,48,4096,32768,blocked|vendor
trsm,double,sm_89,L,T,64,1,128,blocked|vendor
trsm,double,sm_89,L,T,64,1,512,blocked|vendor
trsm,double,sm_89,L,T,64,1,2048,blocked|vendor
trsm,double,sm_89,L,T,64,1,8192,blocked|vendor
trsm,double,sm_89,L,T,64,1,32768,blocked|vendor
trsm,double,sm_89,L,T,64,2,128,blocked|vendor
trsm,double,sm_89,L,T,64,2,512,blocked|vendor
trsm,double,sm_89,L,T,64,2,2048,blocked|vendor
trsm,double,sm_89,L,T,64,2,8192,blocked|vendor
trsm,double,sm_89,L,T,64,2,32768,blocked|vendor
trsm,double,sm_89,L,T,64,4,128,blocked|vendor
trsm,double,sm_89,L,T,64,4,512,blocked|vendor
trsm,double,sm_89,L,T,64,4,2048,blocked|vendor
trsm,double,sm_89,L,T,64,4,8192,blocked|vendor
trsm,double,sm_89,L,T,64,4,32768,blocked|vendor
trsm,double,sm_89,L,T,64,8,128,blocked|vendor
trsm,double,sm_89,L,T,64,8,512,blocked|vendor
trsm,double,sm_89,L,T,64,8,2048,blocked|vendor
trsm,double,sm_89,L,T,64,8,8192,blocked|vendor
trsm,double,sm_89,L,T,64,8,32768,blocked|vendor
trsm,double,sm_89,L,T,64,16,128,blocked|vendor
trsm,double,sm_89,L,T,64,16,512,blocked|vendor
trsm,double,sm_89,L,T,64,16,2048,blocked|vendor
trsm,double,sm_89,L,T,64,16,8192,blocked|vendor
trsm,double,sm_89,L,T,64,16,32768,blocked|vendor
trsm,double,sm_89,L,T,64,32,128,blocked|vendor
trsm,double,sm_89,L,T,64,32,512,blocked|vendor
trsm,double,sm_89,L,T,64,32,2048,blocked|vendor
trsm,double,sm_89,L,T,64,32,8192,blocked|vendor
trsm,double,sm_89,L,T,64,32,32768,blocked|vendor
trsm,double,sm_89,L,T,64,64,128,blocked|vendor
trsm,double,sm_89,L,T,64,64,512,blocked|vendor
trsm,double,sm_89,L,T,64,64,2048,blocked|vendor
trsm,double,sm_89,L,T,64,64,8192,blocked|vendor
trsm,double,sm_89,L,T,64,64,32768,blocked|vendor
trsm,double,sm_89,L,T,64,128,128,blocked|vendor
trsm,double,sm_89,L,T,64,128,512,blocked|vendor
trsm,double,sm_89,L,T,64,128,2048,blocked|vendor
trsm,double,sm_89,L,T,64,128,8192,blocked|vendor
trsm,double,sm_89,L,T,64,128,32768,blocked|vendor
trsm,double,sm_89,L,T,64,256,128,blocked|vendor
trsm,double,sm_89,L,T,64,256,512,blocked|vendor
trsm,double,sm_89,L,T,64,256,2048,blocked|vendor
trsm,double,sm_89,L,T,64,256,8192,blocked|vendor
trsm,double,sm_89,L,T,64,256,32768,blocked|vendor
trsm,double,sm_89,L,T,64,512,128,blocked|vendor
trsm,double,sm_89,L,T,64,512,512,blocked|vendor
trsm,double,sm_89,L,T,64,512,2048,blocked|vendor
trsm,double,sm_89,L,T,64,512,8192,blocked|vendor
trsm,double,sm_89,L,T,64,512,32768,blocked|vendor
trsm,double,sm_89,L,T,64,1024,128,blocked|vendor
trsm,double,sm_89,L,T,64,1024,512,blocked|vendor
trsm,double,sm_89,L,T,64,1024,2048,blocked|vendor
trsm,double,sm_89,L,T,64,1024,8192,blocked|vendor
trsm,double,sm_89,L,T,64,1024,32768,blocked|vendor
trsm,double,sm_89,L,T,64,4096,128,blocked|vendor
trsm,double,sm_89,L,T,64,4096,512,blocked|vendor
trsm,double,sm_89,L,T,64,4096,2048,blocked|vendor
trsm,double,sm_89,L,T,64,4096,8192,blocked|vendor
trsm,double,sm_89,L,T,64,4096,32768,blocked|vendor
trsm,double,sm_89,L,T,96,1,128,blocked|vendor
trsm,double,sm_89,L,T,96,1,512,blocked|vendor
trsm,double,sm_89,L,T,96,1,2048,blocked|vendor
trsm,double,sm_89,L,T,96,1,8192,blocked|vendor
trsm,double,sm_89,L,T,96,1,32768,blocked|vendor
trsm,double,sm_89,L,T,96,2,128,blocked|vendor
trsm,double,sm_89,L,T,96,2,512,blocked|vendor
trsm,double,sm_89,L,T,96,2,2048,blocked|vendor
trsm,double,sm_89,L,T,96,2,8192,blocked|vendor
trsm,double,sm_89,L,T,96,2,32768,blocked|vendor
trsm,double,sm_89,L,T,96,4,128,blocked|vendor
trsm,double,sm_89,L,T,96,4,512,blocked|vendor
trsm,double,sm_89,L,T,96,4,2048,blocked|vendor
trsm,double,sm_89,L,T,96,4,8192,blocked|vendor
trsm,double,sm_89,L,T,96,4,32768,blocked|vendor
trsm,double,sm_89,L,T,96,8,128,blocked|vendor
trsm,double,sm_89,L,T,96,8,512,blocked|vendor
trsm,double,sm_89,L,T,96,8,2048,blocked|vendor
trsm,double,sm_89,L,T,96,8,8192,blocked|vendor
trsm,double,sm_89,L,T,96,8,32768,blocked|vendor
trsm,double,sm_89,L,T,96,16,128,blocked|vendor
trsm,double,sm_89,L,T,96,16,512,blocked|vendor
trsm,double,sm_89,L,T,96,16,2048,blocked|vendor
trsm,double,sm_89,L,T,96,16,8192,blocked|vendor
trsm,double,sm_89,L,T,96,16,32768,blocked|vendor
trsm,double,sm_89,L,T,96,32,128,blocked|vendor
trsm,double,sm_89,L,T,96,32,512,blocked|vendor
trsm,double,sm_89,L,T,96,32,2048,blocked|vendor
trsm,double,sm_89,L,T,96,32,8192,blocked|vendor
trsm,double,sm_89,L,T,96,32,32768,blocked|vendor
trsm,double,sm_89,L,T,96,64,128,blocked|vendor
trsm,double,sm_89,L,T,96,64,512,blocked|vendor
trsm,double,sm_89,L,T,96,64,2048,blocked|vendor
trsm,double,sm_89,L,T,96,64,8192,blocked|vendor
trsm,double,sm_89,L,T,96,64,32768,blocked|vendor
trsm,double,sm_89,L,T,96,128,128,blocked|vendor
trsm,double,sm_89,L,T,96,128,512,blocked|vendor
trsm,double,sm_89,L,T,96,128,2048,blocked|vendor
trsm,double,sm_89,L,T,96,128,8192,blocked|vendor
trsm,double,sm_89,L,T,96,128,32768,blocked|vendor
trsm,double,sm_89,L,T,96,256,128,blocked|vendor
trsm,double,sm_89,L,T,96,256,512,blocked|vendor
trsm,double,sm_89,L,T,96,256,2048,blocked|vendor
trsm,double,sm_89,L,T,96,256,8192,blocked|vendor
trsm,double,sm_89,L,T,96,256,32768,blocked|vendor
trsm,double,sm_89,L,T,96,512,128,blocked|vendor
trsm,double,sm_89,L,T,96,512,512,blocked|vendor
trsm,double,sm_89,L,T,96,512,2048,blocked|vendor
trsm,double,sm_89,L,T,96,512,8192,blocked|vendor
trsm,double,sm_89,L,T,96,512,32768,blocked|vendor
trsm,double,sm_89,L,T,96,1024,128,blocked|vendor
trsm,double,sm_89,L,T,96,1024,512,blocked|vendor
trsm,double,sm_89,L,T,96,1024,2048,blocked|vendor
trsm,double,sm_89,L,T,96,1024,8192,blocked|vendor
trsm,double,sm_89,L,T,96,1024,32768,blocked|vendor
trsm,double,sm_89,L,T,96,4096,128,blocked|vendor
trsm,double,sm_89,L,T,96,4096,512,blocked|vendor
trsm,double,sm_89,L,T,96,4096,2048,blocked|vendor
trsm,double,sm_89,L,T,96,4096,8192,blocked|vendor
trsm,double,sm_89,L,T,96,4096,32768,blocked|vendor
trsm,double,sm_89,L,T,128,1,128,blocked|vendor
trsm,double,sm_89,L,T,128,1,512,blocked|vendor
trsm,double,sm_89,L,T,128,1,2048,blocked|vendor
trsm,double,sm_89,L,T,128,1,8192,blocked|vendor
trsm,double,sm_89,L,T,128,1,32768,blocked|vendor
trsm,double,sm_89,L,T,128,2,128,blocked|vendor
trsm,double,sm_89,L,T,128,2,512,blocked|vendor
trsm,double,sm_89,L,T,128,2,2048,blocked|vendor
trsm,double,sm_89,L,T,128,2,8192,blocked|vendor
trsm,double,sm_89,L,T,128,2,32768,blocked|vendor
trsm,double,sm_89,L,T,128,4,128,blocked|vendor
trsm,double,sm_89,L,T,128,4,512,blocked|vendor
trsm,double,sm_89,L,T,128,4,2048,blocked|vendor
trsm,double,sm_89,L,T,128,4,8192,blocked|vendor
trsm,double,sm_89,L,T,128,4,32768,blocked|vendor
trsm,double,sm_89,L,T,128,8,128,blocked|vendor
trsm,double,sm_89,L,T,128,8,512,blocked|vendor
trsm,double,sm_89,L,T,128,8,2048,blocked|vendor
trsm,double,sm_89,L,T,128,8,8192,blocked|vendor
trsm,double,sm_89,L,T,128,8,32768,blocked|vendor
trsm,double,sm_89,L,T,128,16,128,blocked|vendor
trsm,double,sm_89,L,T,128,16,512,blocked|vendor
trsm,double,sm_89,L,T,128,16,2048,blocked|vendor
trsm,double,sm_89,L,T,128,16,8192,blocked|vendor
trsm,double,sm_89,L,T,128,16,32768,blocked|vendor
trsm,double,sm_89,L,T,128,32,128,blocked|vendor
trsm,double,sm_89,L,T,128,32,512,blocked|vendor
trsm,double,sm_89,L,T,128,32,2048,blocked|vendor
trsm,double,sm_89,L,T,128,32,8192,blocked|vendor
trsm,double,sm_89,L,T,128,32,32768,blocked|vendor
trsm,double,sm_89,L,T,128,64,128,blocked|vendor
trsm,double,sm_89,L,T,128,64,512,blocked|vendor
trsm,double,sm_89,L,T,128,64,2048,blocked|vendor
trsm,double,sm_89,L,T,128,64,8192,blocked|vendor
trsm,double,sm_89,L,T,128,64,32768,blocked|vendor
trsm,double,sm_89,L,T,128,128,128,blocked|vendor
trsm,double,sm_89,L,T,128,128,512,blocked|vendor
trsm,double,sm_89,L,T,128,128,2048,blocked|vendor
trsm,double,sm_89,L,T,128,128,8192,blocked|vendor
trsm,double,sm_89,L,T,128,128,32768,blocked|vendor
trsm,double,sm_89,L,T,128,256,128,blocked|vendor
trsm,double,sm_89,L,T,128,256,512,blocked|vendor
trsm,double,sm_89,L,T,128,256,2048,blocked|vendor
trsm,double,sm_89,L,T,128,256,8192,blocked|vendor
trsm,double,sm_89,L,T,128,256,32768,blocked|vendor
trsm,double,sm_89,L,T,128,512,128,blocked|vendor
trsm,double,sm_89,L,T,128,512,512,blocked|vendor
trsm,double,sm_89,L,T,128,512,2048,blocked|vendor
trsm,double,sm_89,L,T,128,512,8192,blocked|vendor
trsm,double,sm_89,L,T,128,512,32768,blocked|vendor
trsm,double,sm_89,L,T,128,1024,128,blocked|vendor
trsm,double,sm_89,L,T,128,1024,512,blocked|vendor
trsm,double,sm_89,L,T,128,1024,2048,blocked|vendor
trsm,double,sm_89,L,T,128,1024,8192,blocked|vendor
trsm,double,sm_89,L,T,128,1024,32768,blocked|vendor
trsm,double,sm_89,L,T,128,4096,128,blocked|vendor
trsm,double,sm_89,L,T,128,4096,512,blocked|vendor
trsm,double,sm_89,L,T,128,4096,2048,blocked|vendor
trsm,double,sm_89,L,T,128,4096,8192,blocked|vendor
trsm,double,sm_89,L,T,128,4096,32768,blocked|vendor
trsm,double,sm_89,L,T,192,1,128,blocked|vendor
trsm,double,sm_89,L,T,192,1,512,blocked|vendor
trsm,double,sm_89,L,T,192,1,2048,blocked|vendor
trsm,double,sm_89,L,T,192,1,8192,blocked|vendor
trsm,double,sm_89,L,T,192,1,32768,blocked|vendor
trsm,double,sm_89,L,T,192,2,128,blocked|vendor
trsm,double,sm_89,L,T,192,2,512,blocked|vendor
trsm,double,sm_89,L,T,192,2,2048,blocked|vendor
trsm,double,sm_89,L,T,192,2,8192,blocked|vendor
trsm,double,sm_89,L,T,192,2,32768,blocked|vendor
trsm,double,sm_89,L,T,192,4,128,blocked|vendor
trsm,double,sm_89,L,T,192,4,512,blocked|vendor
trsm,double,sm_89,L,T,192,4,2048,blocked|vendor
trsm,double,sm_89,L,T,192,4,8192,blocked|vendor
trsm,double,sm_89,L,T,192,4,32768,blocked|vendor
trsm,double,sm_89,L,T,192,8,128,blocked|vendor
trsm,double,sm_89,L,T,192,8,512,blocked|vendor
trsm,double,sm_89,L,T,192,8,2048,blocked|vendor
trsm,double,sm_89,L,T,192,8,8192,blocked|vendor
trsm,double,sm_89,L,T,192,8,32768,blocked|vendor
trsm,double,sm_89,L,T,192,16,128,blocked|vendor
trsm,double,sm_89,L,T,192,16,512,blocked|vendor
trsm,double,sm_89,L,T,192,16,2048,blocked|vendor
trsm,double,sm_89,L,T,192,16,8192,blocked|vendor
trsm,double,sm_89,L,T,192,16,32768,blocked|vendor
trsm,double,sm_89,L,T,192,32,128,blocked|vendor
trsm,double,sm_89,L,T,192,32,512,blocked|vendor
trsm,double,sm_89,L,T,192,32,2048,blocked|vendor
trsm,double,sm_89,L,T,192,32,8192,blocked|vendor
trsm,double,sm_89,L,T,192,32,32768,blocked|vendor
trsm,double,sm_89,L,T,192,64,128,blocked|vendor
trsm,double,sm_89,L,T,192,64,512,blocked|vendor
trsm,double,sm_89,L,T,192,64,2048,blocked|vendor
trsm,double,sm_89,L,T,192,64,8192,blocked|vendor
trsm,double,sm_89,L,T,192,64,32768,blocked|vendor
trsm,double,sm_89,L,T,192,128,128,blocked|vendor
trsm,double,sm_89,L,T,192,128,512,blocked|vendor
trsm,double,sm_89,L,T,192,128,2048,blocked|vendor
trsm,double,sm_89,L,T,192,128,8192,blocked|vendor
trsm,double,sm_89,L,T,192,128,32768,blocked|vendor
trsm,double,sm_89,L,T,192,256,128,blocked|vendor
trsm,double,sm_89,L,T,192,256,512,blocked|vendor
trsm,double,sm_89,L,T,192,256,2048,blocked|vendor
trsm,double,sm_89,L,T,192,256,8192,blocked|vendor
trsm,double,sm_89,L,T,192,256,32768,blocked|vendor
trsm,double,sm_89,L,T,192,512,128,blocked|vendor
trsm,double,sm_89,L,T,192,512,512,blocked|vendor
trsm,double,sm_89,L,T,192,512,2048,blocked|vendor
trsm,double,sm_89,L,T,192,512,8192,blocked|vendor
trsm,double,sm_89,L,T,192,512,32768,blocked|vendor
trsm,double,sm_89,L,T,192,1024,128,blocked|vendor
trsm,double,sm_89,L,T,192,1024,512,blocked|vendor
trsm,double,sm_89,L,T,192,1024,2048,blocked|vendor
trsm,double,sm_89,L,T,192,1024,8192,blocked|vendor
trsm,double,sm_89,L,T,192,1024,32768,blocked|vendor
trsm,double,sm_89,L,T,192,4096,128,blocked|vendor
trsm,double,sm_89,L,T,192,4096,512,blocked|vendor
trsm,double,sm_89,L,T,192,4096,2048,blocked|vendor
trsm,double,sm_89,L,T,192,4096,8192,blocked|vendor
trsm,double,sm_89,L,T,192,4096,32768,blocked|vendor
trsm,double,sm_89,L,T,256,1,128,blocked|vendor
trsm,double,sm_89,L,T,256,1,512,blocked|vendor
trsm,double,sm_89,L,T,256,1,2048,blocked|vendor
trsm,double,sm_89,L,T,256,1,8192,blocked|vendor
trsm,double,sm_89,L,T,256,1,32768,blocked|vendor
trsm,double,sm_89,L,T,256,2,128,blocked|vendor
trsm,double,sm_89,L,T,256,2,512,blocked|vendor
trsm,double,sm_89,L,T,256,2,2048,blocked|vendor
trsm,double,sm_89,L,T,256,2,8192,blocked|vendor
trsm,double,sm_89,L,T,256,2,32768,blocked|vendor
trsm,double,sm_89,L,T,256,4,128,blocked|vendor
trsm,double,sm_89,L,T,256,4,512,blocked|vendor
trsm,double,sm_89,L,T,256,4,2048,blocked|vendor
trsm,double,sm_89,L,T,256,4,8192,blocked|vendor
trsm,double,sm_89,L,T,256,4,32768,blocked|vendor
trsm,double,sm_89,L,T,256,8,128,blocked|vendor
trsm,double,sm_89,L,T,256,8,512,blocked|vendor
trsm,double,sm_89,L,T,256,8,2048,blocked|vendor
trsm,double,sm_89,L,T,256,8,8192,blocked|vendor
trsm,double,sm_89,L,T,256,8,32768,blocked|vendor
trsm,double,sm_89,L,T,256,16,128,blocked|vendor
trsm,double,sm_89,L,T,256,16,512,blocked|vendor
trsm,double,sm_89,L,T,256,16,2048,blocked|vendor
trsm,double,sm_89,L,T,256,16,8192,blocked|vendor
trsm,double,sm_89,L,T,256,16,32768,blocked|vendor
trsm,double,sm_89,L,T,256,32,128,blocked|vendor
trsm,double,sm_89,L,T,256,32,512,blocked|vendor
trsm,double,sm_89,L,T,256,32,2048,blocked|vendor
trsm,double,sm_89,L,T,256,32,8192,blocked|vendor
trsm,double,sm_89,L,T,256,32,32768,blocked|vendor
trsm,double,sm_89,L,T,256,64,128,blocked|vendor
trsm,double,sm_89,L,T,256,64,512,blocked|vendor
trsm,double,sm_89,L,T,256,64,2048,blocked|vendor
trsm,double,sm_89,L,T,256,64,8192,blocked|vendor
trsm,double,sm_89,L,T,256,64,32768,blocked|vendor
trsm,double,sm_89,L,T,256,128,128,blocked|vendor
trsm,double,sm_89,L,T,256,128,512,blocked|vendor
trsm,double,sm_89,L,T,256,128,2048,blocked|vendor
trsm,double,sm_89,L,T,256,128,8192,blocked|vendor
trsm,double,sm_89,L,T,256,128,32768,blocked|vendor
trsm,double,sm_89,L,T,256,256,128,blocked|vendor
trsm,double,sm_89,L,T,256,256,512,blocked|vendor
trsm,double,sm_89,L,T,256,256,2048,blocked|vendor
trsm,double,sm_89,L,T,256,256,8192,blocked|vendor
trsm,double,sm_89,L,T,256,256,32768,blocked|vendor
trsm,double,sm_89,L,T,256,512,128,blocked|vendor
trsm,double,sm_89,L,T,256,512,512,blocked|vendor
trsm,double,sm_89,L,T,256,512,2048,blocked|vendor
trsm,double,sm_89,L,T,256,512,8192,blocked|vendor
trsm,double,sm_89,L,T,256,512,32768,blocked|vendor
trsm,double,sm_89,L,T,256,1024,128,blocked|vendor
trsm,double,sm_89,L,T,256,1024,512,blocked|vendor
trsm,double,sm_89,L,T,256,1024,2048,blocked|vendor
trsm,double,sm_89,L,T,256,1024,8192,blocked|vendor
trsm,double,sm_89,L,T,256,1024,32768,blocked|vendor
trsm,double,sm_89,L,T,256,4096,128,blocked|vendor
trsm,double,sm_89,L,T,256,4096,512,blocked|vendor
trsm,double,sm_89,L,T,256,4096,2048,blocked|vendor
trsm,double,sm_89,L,T,256,4096,8192,blocked|vendor
trsm,double,sm_89,L,T,256,4096,32768,blocked|vendor
trsm,double,sm_89,L,T,384,1,128,blocked|vendor
trsm,double,sm_89,L,T,384,1,512,blocked|vendor
trsm,double,sm_89,L,T,384,1,2048,blocked|vendor
trsm,double,sm_89,L,T,384,1,8192,blocked|vendor
trsm,double,sm_89,L,T,384,1,32768,blocked|vendor
trsm,double,sm_89,L,T,384,2,128,blocked|vendor
trsm,double,sm_89,L,T,384,2,512,blocked|vendor
trsm,double,sm_89,L,T,384,2,2048,blocked|vendor
trsm,double,sm_89,L,T,384,2,8192,blocked|vendor
trsm,double,sm_89,L,T,384,2,32768,blocked|vendor
trsm,double,sm_89,L,T,384,4,128,blocked|vendor
trsm,double,sm_89,L,T,384,4,512,blocked|vendor
trsm,double,sm_89,L,T,384,4,2048,blocked|vendor
trsm,double,sm_89,L,T,384,4,8192,blocked|vendor
trsm,double,sm_89,L,T,384,4,32768,blocked|vendor
trsm,double,sm_89,L,T,384,8,128,blocked|vendor
trsm,double,sm_89,L,T,384,8,512,blocked|vendor
trsm,double,sm_89,L,T,384,8,2048,blocked|vendor
trsm,double,sm_89,L,T,384,8,8192,blocked|vendor
trsm,double,sm_89,L,T,384,8,32768,blocked|vendor
trsm,double,sm_89,L,T,384,16,128,blocked|vendor
trsm,double,sm_89,L,T,384,16,512,blocked|vendor
trsm,double,sm_89,L,T,384,16,2048,blocked|vendor
trsm,double,sm_89,L,T,384,16,8192,blocked|vendor
trsm,double,sm_89,L,T,384,16,32768,blocked|vendor
trsm,double,sm_89,L,T,384,32,128,blocked|vendor
trsm,double,sm_89,L,T,384,32,512,blocked|vendor
trsm,double,sm_89,L,T,384,32,2048,blocked|vendor
trsm,double,sm_89,L,T,384,32,8192,blocked|vendor
trsm,double,sm_89,L,T,384,32,32768,blocked|vendor
trsm,double,sm_89,L,T,384,64,128,blocked|vendor
trsm,double,sm_89,L,T,384,64,512,blocked|vendor
trsm,double,sm_89,L,T,384,64,2048,blocked|vendor
trsm,double,sm_89,L,T,384,64,8192,blocked|vendor
trsm,double,sm_89,L,T,384,64,32768,blocked|vendor
trsm,double,sm_89,L,T,384,128,128,blocked|vendor
trsm,double,sm_89,L,T,384,128,512,blocked|vendor
trsm,double,sm_89,L,T,384,128,2048,blocked|vendor
trsm,double,sm_89,L,T,384,128,8192,blocked|vendor
trsm,double,sm_89,L,T,384,128,32768,blocked|vendor
trsm,double,sm_89,L,T,384,256,128,blocked|vendor
trsm,double,sm_89,L,T,384,256,512,blocked|vendor
trsm,double,sm_89,L,T,384,256,2048,blocked|vendor
trsm,double,sm_89,L,T,384,256,8192,blocked|vendor
trsm,double,sm_89,L,T,384,256,32768,blocked|vendor
trsm,double,sm_89,L,T,384,512,128,blocked|vendor
trsm,double,sm_89,L,T,384,512,512,blocked|vendor
trsm,double,sm_89,L,T,384,512,2048,blocked|vendor
trsm,double,sm_89,L,T,384,512,8192,blocked|vendor
trsm,double,sm_89,L,T,384,512,32768,blocked|vendor
trsm,double,sm_89,L,T,384,1024,128,blocked|vendor
trsm,double,sm_89,L,T,384,1024,512,blocked|vendor
trsm,double,sm_89,L,T,384,1024,2048,blocked|vendor
trsm,double,sm_89,L,T,384,1024,8192,blocked|vendor
trsm,double,sm_89,L,T,384,1024,32768,blocked|vendor
trsm,double,sm_89,L,T,384,4096,128,blocked|vendor
trsm,double,sm_89,L,T,384,4096,512,blocked|vendor
trsm,double,sm_89,L,T,384,4096,2048,blocked|vendor
trsm,double,sm_89,L,T,384,4096,8192,blocked|vendor
trsm,double,sm_89,L,T,384,4096,32768,blocked|vendor
trsm,double,sm_89,L,T,512,1,128,blocked|vendor
trsm,double,sm_89,L,T,512,1,512,blocked|vendor
trsm,double,sm_89,L,T,512,1,2048,blocked|vendor
trsm,double,sm_89,L,T,512,1,8192,blocked|vendor
trsm,double,sm_89,L,T,512,1,32768,blocked|vendor
trsm,double,sm_89,L,T,512,2,128,blocked|vendor
trsm,double,sm_89,L,T,512,2,512,blocked|vendor
trsm,double,sm_89,L,T,512,2,2048,blocked|vendor
trsm,double,sm_89,L,T,512,2,8192,blocked|vendor
trsm,double,sm_89,L,T,512,2,32768,blocked|vendor
trsm,double,sm_89,L,T,512,4,128,blocked|vendor
trsm,double,sm_89,L,T,512,4,512,blocked|vendor
trsm,double,sm_89,L,T,512,4,2048,blocked|vendor
trsm,double,sm_89,L,T,512,4,8192,blocked|vendor
trsm,double,sm_89,L,T,512,4,32768,blocked|vendor
trsm,double,sm_89,L,T,512,8,128,blocked|vendor
trsm,double,sm_89,L,T,512,8,512,blocked|vendor
trsm,double,sm_89,L,T,512,8,2048,blocked|vendor
trsm,double,sm_89,L,T,512,8,8192,blocked|vendor
trsm,double,sm_89,L,T,512,8,32768,blocked|vendor
trsm,double,sm_89,L,T,512,16,128,blocked|vendor
trsm,double,sm_89,L,T,512,16,512,blocked|vendor
trsm,double,sm_89,L,T,512,16,2048,blocked|vendor
trsm,double,sm_89,L,T,512,16,8192,blocked|vendor
trsm,double,sm_89,L,T,512,16,32768,blocked|vendor
trsm,double,sm_89,L,T,512,32,128,blocked|vendor
trsm,double,sm_89,L,T,512,32,512,blocked|vendor
trsm,double,sm_89,L,T,512,32,2048,blocked|vendor
trsm,double,sm_89,L,T,512,32,8192,blocked|vendor
trsm,double,sm_89,L,T,512,32,32768,blocked|vendor
trsm,double,sm_89,L,T,512,64,128,blocked|vendor
trsm,double,sm_89,L,T,512,64,512,blocked|vendor
trsm,double,sm_89,L,T,512,64,2048,blocked|vendor
trsm,double,sm_89,L,T,512,64,8192,blocked|vendor
trsm,double,sm_89,L,T,512,64,32768,blocked|vendor
trsm,double,sm_89,L,T,512,128,128,blocked|vendor
trsm,double,sm_89,L,T,512,128,512,blocked|vendor
trsm,double,sm_89,L,T,512,128,2048,blocked|vendor
trsm,double,sm_89,L,T,512,128,8192,blocked|vendor
trsm,double,sm_89,L,T,512,128,32768,blocked|vendor
trsm,double,sm_89,L,T,512,256,128,blocked|vendor
trsm,double,sm_89,L,T,512,256,512,blocked|vendor
trsm,double,sm_89,L,T,512,256,2048,blocked|vendor
trsm,double,sm_89,L,T,512,256,8192,blocked|vendor
trsm,double,sm_89,L,T,512,256,32768,blocked|vendor
trsm,double,sm_89,L,T,512,512,128,blocked|vendor
trsm,double,sm_89,L,T,512,512,512,blocked|vendor
trsm,double,sm_89,L,T,512,512,2048,blocked|vendor
trsm,double,sm_89,L,T,512,512,8192,blocked|vendor
trsm,double,sm_89,L,T,512,512,32768,blocked|vendor
trsm,double,sm_89,L,T,512,1024,128,blocked|vendor
trsm,double,sm_89,L,T,512,1024,512,blocked|vendor
trsm,double,sm_89,L,T,512,1024,2048,blocked|vendor
trsm,double,sm_89,L,T,512,1024,8192,blocked|vendor
trsm,double,sm_89,L,T,512,1024,32768,blocked|vendor
trsm,double,sm_89,L,T,512,4096,128,blocked|vendor
trsm,double,sm_89,L,T,512,4096,512,blocked|vendor
trsm,double,sm_89,L,T,512,4096,2048,blocked|vendor
trsm,double,sm_89,L,T,512,4096,8192,blocked|vendor
trsm,double,sm_89,L,T,512,4096,32768,blocked|vendor
trsm,double,sm_89,L,T,768,1,128,blocked|vendor
trsm,double,sm_89,L,T,768,1,512,blocked|vendor
trsm,double,sm_89,L,T,768,1,2048,blocked|vendor
trsm,double,sm_89,L,T,768,1,8192,blocked|vendor
trsm,double,sm_89,L,T,768,1,32768,blocked|vendor
trsm,double,sm_89,L,T,768,2,128,blocked|vendor
trsm,double,sm_89,L,T,768,2,512,blocked|vendor
trsm,double,sm_89,L,T,768,2,2048,blocked|vendor
trsm,double,sm_89,L,T,768,2,8192,blocked|vendor
trsm,double,sm_89,L,T,768,2,32768,blocked|vendor
trsm,double,sm_89,L,T,768,4,128,blocked|vendor
trsm,double,sm_89,L,T,768,4,512,blocked|vendor
trsm,double,sm_89,L,T,768,4,2048,blocked|vendor
trsm,double,sm_89,L,T,768,4,8192,blocked|vendor
trsm,double,sm_89,L,T,768,4,32768,blocked|vendor
trsm,double,sm_89,L,T,768,8,128,blocked|vendor
trsm,double,sm_89,L,T,768,8,512,blocked|vendor
trsm,double,sm_89,L,T,768,8,2048,blocked|vendor
trsm,double,sm_89,L,T,768,8,8192,blocked|vendor
trsm,double,sm_89,L,T,768,8,32768,blocked|vendor
trsm,double,sm_89,L,T,768,16,128,blocked|vendor
trsm,double,sm_89,L,T,768,16,512,blocked|vendor
trsm,double,sm_89,L,T,768,16,2048,blocked|vendor
trsm,double,sm_89,L,T,768,16,8192,blocked|vendor
trsm,double,sm_89,L,T,768,16,32768,blocked|vendor
trsm,double,sm_89,L,T,768,32,128,blocked|vendor
trsm,double,sm_89,L,T,768,32,512,blocked|vendor
trsm,double,sm_89,L,T,768,32,2048,blocked|vendor
trsm,double,sm_89,L,T,768,32,8192,blocked|vendor
trsm,double,sm_89,L,T,768,32,32768,blocked|vendor
trsm,double,sm_89,L,T,768,64,128,blocked|vendor
trsm,double,sm_89,L,T,768,64,512,blocked|vendor
trsm,double,sm_89,L,T,768,64,2048,blocked|vendor
trsm,double,sm_89,L,T,768,64,8192,blocked|vendor
trsm,double,sm_89,L,T,768,64,32768,blocked|vendor
trsm,double,sm_89,L,T,768,128,128,blocked|vendor
trsm,double,sm_89,L,T,768,128,512,blocked|vendor
trsm,double,sm_89,L,T,768,128,2048,blocked|vendor
trsm,double,sm_89,L,T,768,128,8192,blocked|vendor
trsm,double,sm_89,L,T,768,128,32768,blocked|vendor
trsm,double,sm_89,L,T,768,256,128,blocked|vendor
trsm,double,sm_89,L,T,768,256,512,blocked|vendor
trsm,double,sm_89,L,T,768,256,2048,blocked|vendor
trsm,double,sm_89,L,T,768,256,8192,blocked|vendor
trsm,double,sm_89,L,T,768,256,32768,blocked|vendor
trsm,double,sm_89,L,T,768,512,128,blocked|vendor
trsm,double,sm_89,L,T,768,512,512,blocked|vendor
trsm,double,sm_89,L,T,768,512,2048,blocked|vendor
trsm,double,sm_89,L,T,768,512,8192,blocked|vendor
trsm,double,sm_89,L,T,768,512,32768,blocked|vendor
trsm,double,sm_89,L,T,768,1024,128,blocked|vendor
trsm,double,sm_89,L,T,768,1024,512,blocked|vendor
trsm,double,sm_89,L,T,768,1024,2048,blocked|vendor
trsm,double,sm_89,L,T,768,1024,8192,blocked|vendor
trsm,double,sm_89,L,T,768,1024,32768,blocked|vendor
trsm,double,sm_89,L,T,768,4096,128,blocked|vendor
trsm,double,sm_89,L,T,768,4096,512,blocked|vendor
trsm,double,sm_89,L,T,768,4096,2048,blocked|vendor
trsm,double,sm_89,L,T,768,4096,8192,blocked|vendor
trsm,double,sm_89,L,T,768,4096,32768,blocked|vendor
trsm,double,sm_89,L,T,1024,1,128,blocked|vendor
trsm,double,sm_89,L,T,1024,1,512,blocked|vendor
trsm,double,sm_89,L,T,1024,1,2048,blocked|vendor
trsm,double,sm_89,L,T,1024,1,8192,blocked|vendor
trsm,double,sm_89,L,T,1024,1,32768,blocked|vendor
trsm,double,sm_89,L,T,1024,2,128,blocked|vendor
trsm,double,sm_89,L,T,1024,2,512,blocked|vendor
trsm,double,sm_89,L,T,1024,2,2048,blocked|vendor
trsm,double,sm_89,L,T,1024,2,8192,blocked|vendor
trsm,double,sm_89,L,T,1024,2,32768,blocked|vendor
trsm,double,sm_89,L,T,1024,4,128,blocked|vendor
trsm,double,sm_89,L,T,1024,4,512,blocked|vendor
trsm,double,sm_89,L,T,1024,4,2048,blocked|vendor
trsm,double,sm_89,L,T,1024,4,8192,blocked|vendor
trsm,double,sm_89,L,T,1024,4,32768,blocked|vendor
trsm,double,sm_89,L,T,1024,8,128,blocked|vendor
trsm,double,sm_89,L,T,1024,8,512,blocked|vendor
trsm,double,sm_89,L,T,1024,8,2048,blocked|vendor
trsm,double,sm_89,L,T,1024,8,8192,blocked|vendor
trsm,double,sm_89,L,T,1024,8,32768,blocked|vendor
trsm,double,sm_89,L,T,1024,16,128,blocked|vendor
trsm,double,sm_89,L,T,1024,16,512,blocked|vendor
trsm,double,sm_89,L,T,1024,16,2048,blocked|vendor
trsm,double,sm_89,L,T,1024,16,8192,blocked|vendor
trsm,double,sm_89,L,T,1024,16,32768,blocked|vendor
trsm,double,sm_89,L,T,1024,32,128,blocked|vendor
trsm,double,sm_89,L,T,1024,32,512,blocked|vendor
trsm,double,sm_89,L,T,1024,32,2048,blocked|vendor
trsm,double,sm_89,L,T,1024,32,8192,blocked|vendor
trsm,double,sm_89,L,T,1024,32,32768,blocked|vendor
trsm,double,sm_89,L,T,1024,64,128,blocked|vendor
trsm,double,sm_89,L,T,1024,64,512,blocked|vendor
trsm,double,sm_89,L,T,1024,64,2048,blocked|vendor
trsm,double,sm_89,L,T,1024,64,8192,blocked|vendor
trsm,double,sm_89,L,T,1024,64,32768,blocked|vendor
trsm,double,sm_89,L,T,1024,128,128,blocked|vendor
trsm,double,sm_89,L,T,1024,128,512,blocked|vendor
trsm,double,sm_89,L,T,1024,128,2048,blocked|vendor
trsm,double,sm_89,L,T,1024,128,8192,blocked|vendor
trsm,double,sm_89,L,T,1024,128,32768,blocked|vendor
trsm,double,sm_89,L,T,1024,256,128,blocked|vendor
trsm,double,sm_89,L,T,1024,256,512,blocked|vendor
trsm,double,sm_89,L,T,1024,256,2048,blocked|vendor
trsm,double,sm_89,L,T,1024,256,8192,blocked|vendor
trsm,double,sm_89,L,T,1024,256,32768,blocked|vendor
trsm,double,sm_89,L,T,1024,512,128,blocked|vendor
trsm,double,sm_89,L,T,1024,512,512,blocked|vendor
trsm,double,sm_89,L,T,1024,512,2048,blocked|vendor
trsm,double,sm_89,L,T,1024,512,8192,blocked|vendor
trsm,double,sm_89,L,T,1024,512,32768,blocked|vendor
trsm,double,sm_89,L,T,1024,1024,128,blocked|vendor
trsm,double,sm_89,L,T,1024,1024,512,blocked|vendor
trsm,double,sm_89,L,T,1024,1024,2048,blocked|vendor
trsm,double,sm_89,L,T,1024,1024,8192,blocked|vendor
trsm,double,sm_89,L,T,1024,1024,32768,blocked|vendor
trsm,double,sm_89,L,T,1024,4096,128,blocked|vendor
trsm,double,sm_89,L,T,1024,4096,512,blocked|vendor
trsm,double,sm_89,L,T,1024,4096,2048,blocked|vendor
trsm,double,sm_89,L,T,1024,4096,8192,blocked|vendor
trsm,double,sm_89,L,T,1024,4096,32768,blocked|vendor
trsm,double,sm_89,R,N,1,1,128,cta|blocked|vendor
trsm,double,sm_89,R,N,1,1,512,cta|blocked|vendor
trsm,double,sm_89,R,N,1,1,2048,cta|blocked|vendor
trsm,double,sm_89,R,N,1,1,8192,cta|blocked|vendor
trsm,double,sm_89,R,N,1,1,32768,cta|blocked|vendor
trsm,double,sm_89,R,N,1,2,128,cta|blocked|vendor
trsm,double,sm_89,R,N,1,2,512,cta|blocked|vendor
trsm,double,sm_89,R,N,1,2,2048,cta|blocked|vendor
trsm,double,sm_89,R,N,1,2,8192,cta|blocked|vendor
trsm,double,sm_89,R,N,1,2,32768,cta|blocked|vendor
trsm,double,sm_89,R,N,1,4,128,cta|blocked|vendor
trsm,double,sm_89,R,N,1,4,512,cta|blocked|vendor
trsm,double,sm_89,R,N,1,4,2048,cta|blocked|vendor
trsm,double,sm_89,R,N,1,4,8192,cta|blocked|vendor
trsm,double,sm_89,R,N,1,4,32768,cta|blocked|vendor
trsm,double,sm_89,R,N,1,8,128,cta|blocked|vendor
trsm,double,sm_89,R,N,1,8,512,cta|blocked|vendor
trsm,double,sm_89,R,N,1,8,2048,cta|blocked|vendor
trsm,double,sm_89,R,N,1,8,8192,cta|blocked|vendor
trsm,double,sm_89,R,N,1,8,32768,cta|blocked|vendor
trsm,double,sm_89,R,N,1,16,128,cta|blocked|vendor
trsm,double,sm_89,R,N,1,16,512,cta|blocked|vendor
trsm,double,sm_89,R,N,1,16,2048,cta|blocked|vendor
trsm,double,sm_89,R,N,1,16,8192,cta|blocked|vendor
trsm,double,sm_89,R,N,1,16,32768,cta|blocked|vendor
trsm,double,sm_89,R,N,1,32,128,cta|blocked|vendor
trsm,double,sm_89,R,N,1,32,512,cta|blocked|vendor
trsm,double,sm_89,R,N,1,32,2048,cta|blocked|vendor
trsm,double,sm_89,R,N,1,32,8192,cta|blocked|vendor
trsm,double,sm_89,R,N,1,32,32768,cta|blocked|vendor
trsm,double,sm_89,R,N,1,64,128,cta|blocked|vendor
trsm,double,sm_89,R,N,1,64,512,cta|blocked|vendor
trsm,double,sm_89,R,N,1,64,2048,cta|blocked|vendor
trsm,double,sm_89,R,N,1,64,8192,cta|blocked|vendor
trsm,double,sm_89,R,N,1,64,32768,cta|blocked|vendor
trsm,double,sm_89,R,N,1,128,128,cta|blocked|vendor
trsm,double,sm_89,R,N,1,128,512,cta|blocked|vendor
trsm,double,sm_89,R,N,1,128,2048,cta|blocked|vendor
trsm,double,sm_89,R,N,1,128,8192,cta|blocked|vendor
trsm,double,sm_89,R,N,1,128,32768,cta|blocked|vendor
trsm,double,sm_89,R,N,1,256,128,cta|blocked|vendor
trsm,double,sm_89,R,N,1,256,512,cta|blocked|vendor
trsm,double,sm_89,R,N,1,256,2048,cta|blocked|vendor
trsm,double,sm_89,R,N,1,256,8192,cta|blocked|vendor
trsm,double,sm_89,R,N,1,256,32768,cta|blocked|vendor
trsm,double,sm_89,R,N,1,512,128,cta|blocked|vendor
trsm,double,sm_89,R,N,1,512,512,cta|blocked|vendor
trsm,double,sm_89,R,N,1,512,2048,cta|blocked|vendor
trsm,double,sm_89,R,N,1,512,8192,cta|blocked|vendor
trsm,double,sm_89,R,N,1,512,32768,cta|blocked|vendor
trsm,double,sm_89,R,N,1,1024,128,cta|blocked|vendor
trsm,double,sm_89,R,N,1,1024,512,cta|blocked|vendor
trsm,double,sm_89,R,N,1,1024,2048,cta|blocked|vendor
trsm,double,sm_89,R,N,1,1024,8192,cta|blocked|vendor
trsm,double,sm_89,R,N,1,1024,32768,cta|blocked|vendor
trsm,double,sm_89,R,N,1,4096,128,cta|blocked|vendor
trsm,double,sm_89,R,N,1,4096,512,cta|blocked|vendor
trsm,double,sm_89,R,N,1,4096,2048,cta|blocked|vendor
trsm,double,sm_89,R,N,1,4096,8192,cta|blocked|vendor
trsm,double,sm_89,R,N,1,4096,32768,cta|blocked|vendor
trsm,double,sm_89,R,N,2,1,128,cta|blocked|vendor
trsm,double,sm_89,R,N,2,1,512,cta|blocked|vendor
trsm,double,sm_89,R,N,2,1,2048,cta|blocked|vendor
trsm,double,sm_89,R,N,2,1,8192,cta|blocked|vendor
trsm,double,sm_89,R,N,2,1,32768,cta|blocked|vendor
trsm,double,sm_89,R,N,2,2,128,cta|blocked|vendor
trsm,double,sm_89,R,N,2,2,512,cta|blocked|vendor
trsm,double,sm_89,R,N,2,2,2048,cta|blocked|vendor
trsm,double,sm_89,R,N,2,2,8192,cta|blocked|vendor
trsm,double,sm_89,R,N,2,2,32768,cta|blocked|vendor
trsm,double,sm_89,R,N,2,4,128,cta|blocked|vendor
trsm,double,sm_89,R,N,2,4,512,cta|blocked|vendor
trsm,double,sm_89,R,N,2,4,2048,cta|blocked|vendor
trsm,double,sm_89,R,N,2,4,8192,cta|blocked|vendor
trsm,double,sm_89,R,N,2,4,32768,cta|blocked|vendor
trsm,double,sm_89,R,N,2,8,128,cta|blocked|vendor
trsm,double,sm_89,R,N,2,8,512,cta|blocked|vendor
trsm,double,sm_89,R,N,2,8,2048,cta|blocked|vendor
trsm,double,sm_89,R,N,2,8,8192,cta|blocked|vendor
trsm,double,sm_89,R,N,2,8,32768,cta|blocked|vendor
trsm,double,sm_89,R,N,2,16,128,cta|blocked|vendor
trsm,double,sm_89,R,N,2,16,512,cta|blocked|vendor
trsm,double,sm_89,R,N,2,16,2048,cta|blocked|vendor
trsm,double,sm_89,R,N,2,16,8192,cta|blocked|vendor
trsm,double,sm_89,R,N,2,16,32768,cta|blocked|vendor
trsm,double,sm_89,R,N,2,32,128,cta|blocked|vendor
trsm,double,sm_89,R,N,2,32,512,cta|blocked|vendor
trsm,double,sm_89,R,N,2,32,2048,cta|blocked|vendor
trsm,double,sm_89,R,N,2,32,8192,cta|blocked|vendor
trsm,double,sm_89,R,N,2,32,32768,cta|blocked|vendor
trsm,double,sm_89,R,N,2,64,128,cta|blocked|vendor
trsm,double,sm_89,R,N,2,64,512,cta|blocked|vendor
trsm,double,sm_89,R,N,2,64,2048,cta|blocked|vendor
trsm,double,sm_89,R,N,2,64,8192,cta|blocked|vendor
trsm,double,sm_89,R,N,2,64,32768,cta|blocked|vendor
trsm,double,sm_89,R,N,2,128,128,cta|blocked|vendor
trsm,double,sm_89,R,N,2,128,512,cta|blocked|vendor
trsm,double,sm_89,R,N,2,128,2048,cta|blocked|vendor
trsm,double,sm_89,R,N,2,128,8192,cta|blocked|vendor
trsm,double,sm_89,R,N,2,128,32768,cta|blocked|vendor
trsm,double,sm_89,R,N,2,256,128,cta|blocked|vendor
trsm,double,sm_89,R,N,2,256,512,cta|blocked|vendor
trsm,double,sm_89,R,N,2,256,2048,cta|blocked|vendor
trsm,double,sm_89,R,N,2,256,8192,cta|blocked|vendor
trsm,double,sm_89,R,N,2,256,32768,cta|blocked|vendor
trsm,double,sm_89,R,N,2,512,128,cta|blocked|vendor
trsm,double,sm_89,R,N,2,512,512,cta|blocked|vendor
trsm,double,sm_89,R,N,2,512,2048,cta|blocked|vendor
trsm,double,sm_89,R,N,2,512,8192,cta|blocked|vendor
trsm,double,sm_89,R,N,2,512,32768,cta|blocked|vendor
trsm,double,sm_89,R,N,2,1024,128,cta|blocked|vendor
trsm,double,sm_89,R,N,2,1024,512,cta|blocked|vendor
trsm,double,sm_89,R,N,2,1024,2048,cta|blocked|vendor
trsm,double,sm_89,R,N,2,1024,8192,cta|blocked|vendor
trsm,double,sm_89,R,N,2,1024,32768,cta|blocked|vendor
trsm,double,sm_89,R,N,2,4096,128,cta|blocked|vendor
trsm,double,sm_89,R,N,2,4096,512,cta|blocked|vendor
trsm,double,sm_89,R,N,2,4096,2048,cta|blocked|vendor
trsm,double,sm_89,R,N,2,4096,8192,cta|blocked|vendor
trsm,double,sm_89,R,N,2,4096,32768,cta|blocked|vendor
trsm,double,sm_89,R,N,4,1,128,cta|blocked|vendor
trsm,double,sm_89,R,N,4,1,512,cta|blocked|vendor
trsm,double,sm_89,R,N,4,1,2048,cta|blocked|vendor
trsm,double,sm_89,R,N,4,1,8192,cta|blocked|vendor
trsm,double,sm_89,R,N,4,1,32768,cta|blocked|vendor
trsm,double,sm_89,R,N,4,2,128,cta|blocked|vendor
trsm,double,sm_89,R,N,4,2,512,cta|blocked|vendor
trsm,double,sm_89,R,N,4,2,2048,cta|blocked|vendor
trsm,double,sm_89,R,N,4,2,8192,cta|blocked|vendor
trsm,double,sm_89,R,N,4,2,32768,cta|blocked|vendor
trsm,double,sm_89,R,N,4,4,128,cta|blocked|vendor
trsm,double,sm_89,R,N,4,4,512,cta|blocked|vendor
trsm,double,sm_89,R,N,4,4,2048,cta|blocked|vendor
trsm,double,sm_89,R,N,4,4,8192,cta|blocked|vendor
trsm,double,sm_89,R,N,4,4,32768,cta|blocked|vendor
trsm,double,sm_89,R,N,4,8,128,cta|blocked|vendor
trsm,double,sm_89,R,N,4,8,512,cta|blocked|vendor
trsm,double,sm_89,R,N,4,8,2048,cta|blocked|vendor
trsm,double,sm_89,R,N,4,8,8192,cta|blocked|vendor
trsm,double,sm_89,R,N,4,8,32768,cta|blocked|vendor
trsm,double,sm_89,R,N,4,16,128,cta|blocked|vendor
trsm,double,sm_89,R,N,4,16,512,cta|blocked|vendor
trsm,double,sm_89,R,N,4,16,2048,cta|blocked|vendor
trsm,double,sm_89,R,N,4,16,8192,cta|blocked|vendor
trsm,double,sm_89,R,N,4,16,32768,cta|blocked|vendor
trsm,double,sm_89,R,N,4,32,128,cta|blocked|vendor
trsm,double,sm_89,R,N,4,32,512,cta|blocked|vendor
trsm,double,sm_89,R,N,4,32,2048,cta|blocked|vendor
trsm,double,sm_89,R,N,4,32,8192,cta|blocked|vendor
trsm,double,sm_89,R,N,4,32,32768,cta|blocked|vendor
trsm,double,sm_89,R,N,4,64,128,cta|blocked|vendor
trsm,double,sm_89,R,N,4,64,512,cta|blocked|vendor
trsm,double,sm_89,R,N,4,64,2048,cta|blocked|vendor
trsm,double,sm_89,R,N,4,64,8192,cta|blocked|vendor
trsm,double,sm_89,R,N,4,64,32768,cta|blocked|vendor
trsm,double,sm_89,R,N,4,128,128,cta|blocked|vendor
trsm,double,sm_89,R,N,4,128,512,cta|blocked|vendor
trsm,double,sm_89,R,N,4,128,2048,cta|blocked|vendor
trsm,double,sm_89,R,N,4,128,8192,cta|blocked|vendor
trsm,double,sm_89,R,N,4,128,32768,cta|blocked|vendor
trsm,double,sm_89,R,N,4,256,128,cta|blocked|vendor
trsm,double,sm_89,R,N,4,256,512,cta|blocked|vendor
trsm,double,sm_89,R,N,4,256,2048,cta|blocked|vendor
trsm,double,sm_89,R,N,4,256,8192,cta|blocked|vendor
trsm,double,sm_89,R,N,4,256,32768,cta|blocked|vendor
trsm,double,sm_89,R,N,4,512,128,cta|blocked|vendor
trsm,double,sm_89,R,N,4,512,512,cta|blocked|vendor
trsm,double,sm_89,R,N,4,512,2048,cta|blocked|vendor
trsm,double,sm_89,R,N,4,512,8192,cta|blocked|vendor
trsm,double,sm_89,R,N,4,512,32768,cta|blocked|vendor
trsm,double,sm_89,R,N,4,1024,128,cta|blocked|vendor
trsm,double,sm_89,R,N,4,1024,512,cta|blocked|vendor
trsm,double,sm_89,R,N,4,1024,2048,cta|blocked|vendor
trsm,double,sm_89,R,N,4,1024,8192,cta|blocked|vendor
trsm,double,sm_89,R,N,4,1024,32768,cta|blocked|vendor
trsm,double,sm_89,R,N,4,4096,128,cta|blocked|vendor
trsm,double,sm_89,R,N,4,4096,512,cta|blocked|vendor
trsm,double,sm_89,R,N,4,4096,2048,cta|blocked|vendor
trsm,double,sm_89,R,N,4,4096,8192,cta|blocked|vendor
trsm,double,sm_89,R,N,4,4096,32768,cta|blocked|vendor
trsm,double,sm_89,R,N,8,1,128,cta|blocked|vendor
trsm,double,sm_89,R,N,8,1,512,cta|blocked|vendor
trsm,double,sm_89,R,N,8,1,2048,cta|blocked|vendor
trsm,double,sm_89,R,N,8,1,8192,cta|blocked|vendor
trsm,double,sm_89,R,N,8,1,32768,cta|blocked|vendor
trsm,double,sm_89,R,N,8,2,128,cta|blocked|vendor
trsm,double,sm_89,R,N,8,2,512,cta|blocked|vendor
trsm,double,sm_89,R,N,8,2,2048,cta|blocked|vendor
trsm,double,sm_89,R,N,8,2,8192,cta|blocked|vendor
trsm,double,sm_89,R,N,8,2,32768,cta|blocked|vendor
trsm,double,sm_89,R,N,8,4,128,cta|blocked|vendor
trsm,double,sm_89,R,N,8,4,512,cta|blocked|vendor
trsm,double,sm_89,R,N,8,4,2048,cta|blocked|vendor
trsm,double,sm_89,R,N,8,4,8192,cta|blocked|vendor
trsm,double,sm_89,R,N,8,4,32768,cta|blocked|vendor
trsm,double,sm_89,R,N,8,8,128,cta|blocked|vendor
trsm,double,sm_89,R,N,8,8,512,cta|blocked|vendor
trsm,double,sm_89,R,N,8,8,2048,cta|blocked|vendor
trsm,double,sm_89,R,N,8,8,8192,cta|blocked|vendor
trsm,double,sm_89,R,N,8,8,32768,cta|blocked|vendor
trsm,double,sm_89,R,N,8,16,128,cta|blocked|vendor
trsm,double,sm_89,R,N,8,16,512,cta|blocked|vendor
trsm,double,sm_89,R,N,8,16,2048,cta|blocked|vendor
trsm,double,sm_89,R,N,8,16,8192,cta|blocked|vendor
trsm,double,sm_89,R,N,8,16,32768,cta|blocked|vendor
trsm,double,sm_89,R,N,8,32,128,cta|blocked|vendor
trsm,double,sm_89,R,N,8,32,512,cta|blocked|vendor
trsm,double,sm_89,R,N,8,32,2048,cta|blocked|vendor
trsm,double,sm_89,R,N,8,32,8192,cta|blocked|vendor
trsm,double,sm_89,R,N,8,32,32768,cta|blocked|vendor
trsm,double,sm_89,R,N,8,64,128,cta|blocked|vendor
trsm,double,sm_89,R,N,8,64,512,cta|blocked|vendor
trsm,double,sm_89,R,N,8,64,2048,cta|blocked|vendor
trsm,double,sm_89,R,N,8,64,8192,cta|blocked|vendor
trsm,double,sm_89,R,N,8,64,32768,cta|blocked|vendor
trsm,double,sm_89,R,N,8,128,128,cta|blocked|vendor
trsm,double,sm_89,R,N,8,128,512,cta|blocked|vendor
trsm,double,sm_89,R,N,8,128,2048,cta|blocked|vendor
trsm,double,sm_89,R,N,8,128,8192,cta|blocked|vendor
trsm,double,sm_89,R,N,8,128,32768,cta|blocked|vendor
trsm,double,sm_89,R,N,8,256,128,cta|blocked|vendor
trsm,double,sm_89,R,N,8,256,512,cta|blocked|vendor
trsm,double,sm_89,R,N,8,256,2048,cta|blocked|vendor
trsm,double,sm_89,R,N,8,256,8192,cta|blocked|vendor
trsm,double,sm_89,R,N,8,256,32768,cta|blocked|vendor
trsm,double,sm_89,R,N,8,512,128,cta|blocked|vendor
trsm,double,sm_89,R,N,8,512,512,cta|blocked|vendor
trsm,double,sm_89,R,N,8,512,2048,cta|blocked|vendor
trsm,double,sm_89,R,N,8,512,8192,cta|blocked|vendor
trsm,double,sm_89,R,N,8,512,32768,cta|blocked|vendor
trsm,double,sm_89,R,N,8,1024,128,cta|blocked|vendor
trsm,double,sm_89,R,N,8,1024,512,cta|blocked|vendor
trsm,double,sm_89,R,N,8,1024,2048,cta|blocked|vendor
trsm,double,sm_89,R,N,8,1024,8192,cta|blocked|vendor
trsm,double,sm_89,R,N,8,1024,32768,cta|blocked|vendor
trsm,double,sm_89,R,N,8,4096,128,cta|blocked|vendor
trsm,double,sm_89,R,N,8,4096,512,cta|blocked|vendor
trsm,double,sm_89,R,N,8,4096,2048,cta|blocked|vendor
trsm,double,sm_89,R,N,8,4096,8192,cta|blocked|vendor
trsm,double,sm_89,R,N,8,4096,32768,cta|blocked|vendor
trsm,double,sm_89,R,N,12,1,128,cta|blocked|vendor
trsm,double,sm_89,R,N,12,1,512,cta|blocked|vendor
trsm,double,sm_89,R,N,12,1,2048,cta|blocked|vendor
trsm,double,sm_89,R,N,12,1,8192,cta|blocked|vendor
trsm,double,sm_89,R,N,12,1,32768,cta|blocked|vendor
trsm,double,sm_89,R,N,12,2,128,cta|blocked|vendor
trsm,double,sm_89,R,N,12,2,512,cta|blocked|vendor
trsm,double,sm_89,R,N,12,2,2048,cta|blocked|vendor
trsm,double,sm_89,R,N,12,2,8192,cta|blocked|vendor
trsm,double,sm_89,R,N,12,2,32768,cta|blocked|vendor
trsm,double,sm_89,R,N,12,4,128,cta|blocked|vendor
trsm,double,sm_89,R,N,12,4,512,cta|blocked|vendor
trsm,double,sm_89,R,N,12,4,2048,cta|blocked|vendor
trsm,double,sm_89,R,N,12,4,8192,cta|blocked|vendor
trsm,double,sm_89,R,N,12,4,32768,cta|blocked|vendor
trsm,double,sm_89,R,N,12,8,128,cta|blocked|vendor
trsm,double,sm_89,R,N,12,8,512,cta|blocked|vendor
trsm,double,sm_89,R,N,12,8,2048,cta|blocked|vendor
trsm,double,sm_89,R,N,12,8,8192,cta|blocked|vendor
trsm,double,sm_89,R,N,12,8,32768,cta|blocked|vendor
trsm,double,sm_89,R,N,12,16,128,cta|blocked|vendor
trsm,double,sm_89,R,N,12,16,512,cta|blocked|vendor
trsm,double,sm_89,R,N,12,16,2048,cta|blocked|vendor
trsm,double,sm_89,R,N,12,16,8192,cta|blocked|vendor
trsm,double,sm_89,R,N,12,16,32768,cta|blocked|vendor
trsm,double,sm_89,R,N,12,32,128,cta|blocked|vendor
trsm,double,sm_89,R,N,12,32,512,cta|blocked|vendor
trsm,double,sm_89,R,N,12,32,2048,cta|blocked|vendor
trsm,double,sm_89,R,N,12,32,8192,cta|blocked|vendor
trsm,double,sm_89,R,N,12,32,32768,cta|blocked|vendor
trsm,double,sm_89,R,N,12,64,128,cta|blocked|vendor
trsm,double,sm_89,R,N,12,64,512,cta|blocked|vendor
trsm,double,sm_89,R,N,12,64,2048,cta|blocked|vendor
trsm,double,sm_89,R,N,12,64,8192,cta|blocked|vendor
trsm,double,sm_89,R,N,12,64,32768,cta|blocked|vendor
trsm,double,sm_89,R,N,12,128,128,cta|blocked|vendor
trsm,double,sm_89,R,N,12,128,512,cta|blocked|vendor
trsm,double,sm_89,R,N,12,128,2048,cta|blocked|vendor
trsm,double,sm_89,R,N,12,128,8192,cta|blocked|vendor
trsm,double,sm_89,R,N,12,128,32768,cta|blocked|vendor
trsm,double,sm_89,R,N,12,256,128,cta|blocked|vendor
trsm,double,sm_89,R,N,12,256,512,cta|blocked|vendor
trsm,double,sm_89,R,N,12,256,2048,cta|blocked|vendor
trsm,double,sm_89,R,N,12,256,8192,cta|blocked|vendor
trsm,double,sm_89,R,N,12,256,32768,cta|blocked|vendor
trsm,double,sm_89,R,N,12,512,128,cta|blocked|vendor
trsm,double,sm_89,R,N,12,512,512,cta|blocked|vendor
trsm,double,sm_89,R,N,12,512,2048,cta|blocked|vendor
trsm,double,sm_89,R,N,12,512,8192,cta|blocked|vendor
trsm,double,sm_89,R,N,12,512,32768,cta|blocked|vendor
trsm,double,sm_89,R,N,12,1024,128,cta|blocked|vendor
trsm,double,sm_89,R,N,12,1024,512,cta|blocked|vendor
trsm,double,sm_89,R,N,12,1024,2048,cta|blocked|vendor
trsm,double,sm_89,R,N,12,1024,8192,cta|blocked|vendor
trsm,double,sm_89,R,N,12,1024,32768,cta|blocked|vendor
trsm,double,sm_89,R,N,12,4096,128,cta|blocked|vendor
trsm,double,sm_89,R,N,12,4096,512,cta|blocked|vendor
trsm,double,sm_89,R,N,12,4096,2048,cta|blocked|vendor
trsm,double,sm_89,R,N,12,4096,8192,cta|blocked|vendor
trsm,double,sm_89,R,N,12,4096,32768,cta|blocked|vendor
trsm,double,sm_89,R,N,16,1,128,cta|blocked|vendor
trsm,double,sm_89,R,N,16,1,512,cta|blocked|vendor
trsm,double,sm_89,R,N,16,1,2048,cta|blocked|vendor
trsm,double,sm_89,R,N,16,1,8192,cta|blocked|vendor
trsm,double,sm_89,R,N,16,1,32768,cta|blocked|vendor
trsm,double,sm_89,R,N,16,2,128,cta|blocked|vendor
trsm,double,sm_89,R,N,16,2,512,cta|blocked|vendor
trsm,double,sm_89,R,N,16,2,2048,cta|blocked|vendor
trsm,double,sm_89,R,N,16,2,8192,cta|blocked|vendor
trsm,double,sm_89,R,N,16,2,32768,cta|blocked|vendor
trsm,double,sm_89,R,N,16,4,128,cta|blocked|vendor
trsm,double,sm_89,R,N,16,4,512,cta|blocked|vendor
trsm,double,sm_89,R,N,16,4,2048,cta|blocked|vendor
trsm,double,sm_89,R,N,16,4,8192,cta|blocked|vendor
trsm,double,sm_89,R,N,16,4,32768,cta|blocked|vendor
trsm,double,sm_89,R,N,16,8,128,cta|blocked|vendor
trsm,double,sm_89,R,N,16,8,512,cta|blocked|vendor
trsm,double,sm_89,R,N,16,8,2048,cta|blocked|vendor
trsm,double,sm_89,R,N,16,8,8192,cta|blocked|vendor
trsm,double,sm_89,R,N,16,8,32768,cta|blocked|vendor
trsm,double,sm_89,R,N,16,16,128,cta|blocked|vendor
trsm,double,sm_89,R,N,16,16,512,cta|blocked|vendor
trsm,double,sm_89,R,N,16,16,2048,cta|blocked|vendor
trsm,double,sm_89,R,N,16,16,8192,cta|blocked|vendor
trsm,double,sm_89,R,N,16,16,32768,cta|blocked|vendor
trsm,double,sm_89,R,N,16,32,128,cta|blocked|vendor
trsm,double,sm_89,R,N,16,32,512,cta|blocked|vendor
trsm,double,sm_89,R,N,16,32,2048,cta|blocked|vendor
trsm,double,sm_89,R,N,16,32,8192,cta|blocked|vendor
trsm,double,sm_89,R,N,16,32,32768,cta|blocked|vendor
trsm,double,sm_89,R,N,16,64,128,cta|blocked|vendor
trsm,double,sm_89,R,N,16,64,512,cta|blocked|vendor
trsm,double,sm_89,R,N,16,64,2048,cta|blocked|vendor
trsm,double,sm_89,R,N,16,64,8192,cta|blocked|vendor
trsm,double,sm_89,R,N,16,64,32768,cta|blocked|vendor
trsm,double,sm_89,R,N,16,128,128,cta|blocked|vendor
trsm,double,sm_89,R,N,16,128,512,cta|blocked|vendor
trsm,double,sm_89,R,N,16,128,2048,cta|blocked|vendor
trsm,double,sm_89,R,N,16,128,8192,cta|blocked|vendor
trsm,double,sm_89,R,N,16,128,32768,cta|blocked|vendor
trsm,double,sm_89,R,N,16,256,128,cta|blocked|vendor
trsm,double,sm_89,R,N,16,256,512,cta|blocked|vendor
trsm,double,sm_89,R,N,16,256,2048,cta|blocked|vendor
trsm,double,sm_89,R,N,16,256,8192,cta|blocked|vendor
trsm,double,sm_89,R,N,16,256,32768,cta|blocked|vendor
trsm,double,sm_89,R,N,16,512,128,cta|blocked|vendor
trsm,double,sm_89,R,N,16,512,512,cta|blocked|vendor
trsm,double,sm_89,R,N,16,512,2048,cta|blocked|vendor
trsm,double,sm_89,R,N,16,512,8192,cta|blocked|vendor
trsm,double,sm_89,R,N,16,512,32768,cta|blocked|vendor
trsm,double,sm_89,R,N,16,1024,128,cta|blocked|vendor
trsm,double,sm_89,R,N,16,1024,512,cta|blocked|vendor
trsm,double,sm_89,R,N,16,1024,2048,cta|blocked|vendor
trsm,double,sm_89,R,N,16,1024,8192,cta|blocked|vendor
trsm,double,sm_89,R,N,16,1024,32768,cta|blocked|vendor
trsm,double,sm_89,R,N,16,4096,128,cta|blocked|vendor
trsm,double,sm_89,R,N,16,4096,512,cta|blocked|vendor
trsm,double,sm_89,R,N,16,4096,2048,cta|blocked|vendor
trsm,double,sm_89,R,N,16,4096,8192,cta|blocked|vendor
trsm,double,sm_89,R,N,16,4096,32768,cta|blocked|vendor
trsm,double,sm_89,R,N,24,1,128,cta|blocked|vendor
trsm,double,sm_89,R,N,24,1,512,cta|blocked|vendor
trsm,double,sm_89,R,N,24,1,2048,cta|blocked|vendor
trsm,double,sm_89,R,N,24,1,8192,cta|blocked|vendor
trsm,double,sm_89,R,N,24,1,32768,cta|blocked|vendor
trsm,double,sm_89,R,N,24,2,128,cta|blocked|vendor
trsm,double,sm_89,R,N,24,2,512,cta|blocked|vendor
trsm,double,sm_89,R,N,24,2,2048,cta|blocked|vendor
trsm,double,sm_89,R,N,24,2,8192,cta|blocked|vendor
trsm,double,sm_89,R,N,24,2,32768,cta|blocked|vendor
trsm,double,sm_89,R,N,24,4,128,cta|blocked|vendor
trsm,double,sm_89,R,N,24,4,512,cta|blocked|vendor
trsm,double,sm_89,R,N,24,4,2048,cta|blocked|vendor
trsm,double,sm_89,R,N,24,4,8192,cta|blocked|vendor
trsm,double,sm_89,R,N,24,4,32768,cta|blocked|vendor
trsm,double,sm_89,R,N,24,8,128,cta|blocked|vendor
trsm,double,sm_89,R,N,24,8,512,cta|blocked|vendor
trsm,double,sm_89,R,N,24,8,2048,cta|blocked|vendor
trsm,double,sm_89,R,N,24,8,8192,cta|blocked|vendor
trsm,double,sm_89,R,N,24,8,32768,cta|blocked|vendor
trsm,double,sm_89,R,N,24,16,128,cta|blocked|vendor
trsm,double,sm_89,R,N,24,16,512,cta|blocked|vendor
trsm,double,sm_89,R,N,24,16,2048,cta|blocked|vendor
trsm,double,sm_89,R,N,24,16,8192,cta|blocked|vendor
trsm,double,sm_89,R,N,24,16,32768,cta|blocked|vendor
trsm,double,sm_89,R,N,24,32,128,cta|blocked|vendor
trsm,double,sm_89,R,N,24,32,512,cta|blocked|vendor
trsm,double,sm_89,R,N,24,32,2048,cta|blocked|vendor
trsm,double,sm_89,R,N,24,32,8192,cta|blocked|vendor
trsm,double,sm_89,R,N,24,32,32768,cta|blocked|vendor
trsm,double,sm_89,R,N,24,64,128,cta|blocked|vendor
trsm,double,sm_89,R,N,24,64,512,cta|blocked|vendor
trsm,double,sm_89,R,N,24,64,2048,cta|blocked|vendor
trsm,double,sm_89,R,N,24,64,8192,cta|blocked|vendor
trsm,double,sm_89,R,N,24,64,32768,cta|blocked|vendor
trsm,double,sm_89,R,N,24,128,128,cta|blocked|vendor
trsm,double,sm_89,R,N,24,128,512,cta|blocked|vendor
trsm,double,sm_89,R,N,24,128,2048,cta|blocked|vendor
trsm,double,sm_89,R,N,24,128,8192,cta|blocked|vendor
trsm,double,sm_89,R,N,24,128,32768,cta|blocked|vendor
trsm,double,sm_89,R,N,24,256,128,cta|blocked|vendor
trsm,double,sm_89,R,N,24,256,512,cta|blocked|vendor
trsm,double,sm_89,R,N,24,256,2048,cta|blocked|vendor
trsm,double,sm_89,R,N,24,256,8192,cta|blocked|vendor
trsm,double,sm_89,R,N,24,256,32768,cta|blocked|vendor
trsm,double,sm_89,R,N,24,512,128,cta|blocked|vendor
trsm,double,sm_89,R,N,24,512,512,cta|blocked|vendor
trsm,double,sm_89,R,N,24,512,2048,cta|blocked|vendor
trsm,double,sm_89,R,N,24,512,8192,cta|blocked|vendor
trsm,double,sm_89,R,N,24,512,32768,cta|blocked|vendor
trsm,double,sm_89,R,N,24,1024,128,cta|blocked|vendor
trsm,double,sm_89,R,N,24,1024,512,cta|blocked|vendor
trsm,double,sm_89,R,N,24,1024,2048,cta|blocked|vendor
trsm,double,sm_89,R,N,24,1024,8192,cta|blocked|vendor
trsm,double,sm_89,R,N,24,1024,32768,cta|blocked|vendor
trsm,double,sm_89,R,N,24,4096,128,cta|blocked|vendor
trsm,double,sm_89,R,N,24,4096,512,cta|blocked|vendor
trsm,double,sm_89,R,N,24,4096,2048,cta|blocked|vendor
trsm,double,sm_89,R,N,24,4096,8192,cta|blocked|vendor
trsm,double,sm_89,R,N,24,4096,32768,cta|blocked|vendor
trsm,double,sm_89,R,N,32,1,128,cta|blocked|vendor
trsm,double,sm_89,R,N,32,1,512,cta|blocked|vendor
trsm,double,sm_89,R,N,32,1,2048,cta|blocked|vendor
trsm,double,sm_89,R,N,32,1,8192,cta|blocked|vendor
trsm,double,sm_89,R,N,32,1,32768,cta|blocked|vendor
trsm,double,sm_89,R,N,32,2,128,cta|blocked|vendor
trsm,double,sm_89,R,N,32,2,512,cta|blocked|vendor
trsm,double,sm_89,R,N,32,2,2048,cta|blocked|vendor
trsm,double,sm_89,R,N,32,2,8192,cta|blocked|vendor
trsm,double,sm_89,R,N,32,2,32768,cta|blocked|vendor
trsm,double,sm_89,R,N,32,4,128,cta|blocked|vendor
trsm,double,sm_89,R,N,32,4,512,cta|blocked|vendor
trsm,double,sm_89,R,N,32,4,2048,cta|blocked|vendor
trsm,double,sm_89,R,N,32,4,8192,cta|blocked|vendor
trsm,double,sm_89,R,N,32,4,32768,cta|blocked|vendor
trsm,double,sm_89,R,N,32,8,128,cta|blocked|vendor
trsm,double,sm_89,R,N,32,8,512,cta|blocked|vendor
trsm,double,sm_89,R,N,32,8,2048,cta|blocked|vendor
trsm,double,sm_89,R,N,32,8,8192,cta|blocked|vendor
trsm,double,sm_89,R,N,32,8,32768,cta|blocked|vendor
trsm,double,sm_89,R,N,32,16,128,cta|blocked|vendor
trsm,double,sm_89,R,N,32,16,512,cta|blocked|vendor
trsm,double,sm_89,R,N,32,16,2048,cta|blocked|vendor
trsm,double,sm_89,R,N,32,16,8192,cta|blocked|vendor
trsm,double,sm_89,R,N,32,16,32768,cta|blocked|vendor
trsm,double,sm_89,R,N,32,32,128,cta|blocked|vendor
trsm,double,sm_89,R,N,32,32,512,cta|blocked|vendor
trsm,double,sm_89,R,N,32,32,2048,cta|blocked|vendor
trsm,double,sm_89,R,N,32,32,8192,cta|blocked|vendor
trsm,double,sm_89,R,N,32,32,32768,cta|blocked|vendor
trsm,double,sm_89,R,N,32,64,128,cta|blocked|vendor
trsm,double,sm_89,R,N,32,64,512,cta|blocked|vendor
trsm,double,sm_89,R,N,32,64,2048,cta|blocked|vendor
trsm,double,sm_89,R,N,32,64,8192,cta|blocked|vendor
trsm,double,sm_89,R,N,32,64,32768,cta|blocked|vendor
trsm,double,sm_89,R,N,32,128,128,cta|blocked|vendor
trsm,double,sm_89,R,N,32,128,512,cta|blocked|vendor
trsm,double,sm_89,R,N,32,128,2048,cta|blocked|vendor
trsm,double,sm_89,R,N,32,128,8192,cta|blocked|vendor
trsm,double,sm_89,R,N,32,128,32768,cta|blocked|vendor
trsm,double,sm_89,R,N,32,256,128,cta|blocked|vendor
trsm,double,sm_89,R,N,32,256,512,cta|blocked|vendor
trsm,double,sm_89,R,N,32,256,2048,cta|blocked|vendor
trsm,double,sm_89,R,N,32,256,8192,cta|blocked|vendor
trsm,double,sm_89,R,N,32,256,32768,cta|blocked|vendor
trsm,double,sm_89,R,N,32,512,128,cta|blocked|vendor
trsm,double,sm_89,R,N,32,512,512,cta|blocked|vendor
trsm,double,sm_89,R,N,32,512,2048,cta|blocked|vendor
trsm,double,sm_89,R,N,32,512,8192,cta|blocked|vendor
trsm,double,sm_89,R,N,32,512,32768,cta|blocked|vendor
trsm,double,sm_89,R,N,32,1024,128,cta|blocked|vendor
trsm,double,sm_89,R,N,32,1024,512,cta|blocked|vendor
trsm,double,sm_89,R,N,32,1024,2048,cta|blocked|vendor
trsm,double,sm_89,R,N,32,1024,8192,cta|blocked|vendor
trsm,double,sm_89,R,N,32,1024,32768,cta|blocked|vendor
trsm,double,sm_89,R,N,32,4096,128,cta|blocked|vendor
trsm,double,sm_89,R,N,32,4096,512,cta|blocked|vendor
trsm,double,sm_89,R,N,32,4096,2048,cta|blocked|vendor
trsm,double,sm_89,R,N,32,4096,8192,cta|blocked|vendor
trsm,double,sm_89,R,N,32,4096,32768,cta|blocked|vendor
trsm,double,sm_89,R,N,48,1,128,blocked|vendor
trsm,double,sm_89,R,N,48,1,512,blocked|vendor
trsm,double,sm_89,R,N,48,1,2048,blocked|vendor
trsm,double,sm_89,R,N,48,1,8192,blocked|vendor
trsm,double,sm_89,R,N,48,1,32768,blocked|vendor
trsm,double,sm_89,R,N,48,2,128,blocked|vendor
trsm,double,sm_89,R,N,48,2,512,blocked|vendor
trsm,double,sm_89,R,N,48,2,2048,blocked|vendor
trsm,double,sm_89,R,N,48,2,8192,blocked|vendor
trsm,double,sm_89,R,N,48,2,32768,blocked|vendor
trsm,double,sm_89,R,N,48,4,128,blocked|vendor
trsm,double,sm_89,R,N,48,4,512,blocked|vendor
trsm,double,sm_89,R,N,48,4,2048,blocked|vendor
trsm,double,sm_89,R,N,48,4,8192,blocked|vendor
trsm,double,sm_89,R,N,48,4,32768,blocked|vendor
trsm,double,sm_89,R,N,48,8,128,blocked|vendor
trsm,double,sm_89,R,N,48,8,512,blocked|vendor
trsm,double,sm_89,R,N,48,8,2048,blocked|vendor
trsm,double,sm_89,R,N,48,8,8192,blocked|vendor
trsm,double,sm_89,R,N,48,8,32768,blocked|vendor
trsm,double,sm_89,R,N,48,16,128,blocked|vendor
trsm,double,sm_89,R,N,48,16,512,blocked|vendor
trsm,double,sm_89,R,N,48,16,2048,blocked|vendor
trsm,double,sm_89,R,N,48,16,8192,blocked|vendor
trsm,double,sm_89,R,N,48,16,32768,blocked|vendor
trsm,double,sm_89,R,N,48,32,128,blocked|vendor
trsm,double,sm_89,R,N,48,32,512,blocked|vendor
trsm,double,sm_89,R,N,48,32,2048,blocked|vendor
trsm,double,sm_89,R,N,48,32,8192,blocked|vendor
trsm,double,sm_89,R,N,48,32,32768,blocked|vendor
trsm,double,sm_89,R,N,48,64,128,blocked|vendor
trsm,double,sm_89,R,N,48,64,512,blocked|vendor
trsm,double,sm_89,R,N,48,64,2048,blocked|vendor
trsm,double,sm_89,R,N,48,64,8192,blocked|vendor
trsm,double,sm_89,R,N,48,64,32768,blocked|vendor
trsm,double,sm_89,R,N,48,128,128,blocked|vendor
trsm,double,sm_89,R,N,48,128,512,blocked|vendor
trsm,double,sm_89,R,N,48,128,2048,blocked|vendor
trsm,double,sm_89,R,N,48,128,8192,blocked|vendor
trsm,double,sm_89,R,N,48,128,32768,blocked|vendor
trsm,double,sm_89,R,N,48,256,128,blocked|vendor
trsm,double,sm_89,R,N,48,256,512,blocked|vendor
trsm,double,sm_89,R,N,48,256,2048,blocked|vendor
trsm,double,sm_89,R,N,48,256,8192,blocked|vendor
trsm,double,sm_89,R,N,48,256,32768,blocked|vendor
trsm,double,sm_89,R,N,48,512,128,blocked|vendor
trsm,double,sm_89,R,N,48,512,512,blocked|vendor
trsm,double,sm_89,R,N,48,512,2048,blocked|vendor
trsm,double,sm_89,R,N,48,512,8192,blocked|vendor
trsm,double,sm_89,R,N,48,512,32768,blocked|vendor
trsm,double,sm_89,R,N,48,1024,128,blocked|vendor
trsm,double,sm_89,R,N,48,1024,512,blocked|vendor
trsm,double,sm_89,R,N,48,1024,2048,blocked|vendor
trsm,double,sm_89,R,N,48,1024,8192,blocked|vendor
trsm,double,sm_89,R,N,48,1024,32768,blocked|vendor
trsm,double,sm_89,R,N,48,4096,128,blocked|vendor
trsm,double,sm_89,R,N,48,4096,512,blocked|vendor
trsm,double,sm_89,R,N,48,4096,2048,blocked|vendor
trsm,double,sm_89,R,N,48,4096,8192,blocked|vendor
trsm,double,sm_89,R,N,48,4096,32768,blocked|vendor
trsm,double,sm_89,R,N,64,1,128,blocked|vendor
trsm,double,sm_89,R,N,64,1,512,blocked|vendor
trsm,double,sm_89,R,N,64,1,2048,blocked|vendor
trsm,double,sm_89,R,N,64,1,8192,blocked|vendor
trsm,double,sm_89,R,N,64,1,32768,blocked|vendor
trsm,double,sm_89,R,N,64,2,128,blocked|vendor
trsm,double,sm_89,R,N,64,2,512,blocked|vendor
trsm,double,sm_89,R,N,64,2,2048,blocked|vendor
trsm,double,sm_89,R,N,64,2,8192,blocked|vendor
trsm,double,sm_89,R,N,64,2,32768,blocked|vendor
trsm,double,sm_89,R,N,64,4,128,blocked|vendor
trsm,double,sm_89,R,N,64,4,512,blocked|vendor
trsm,double,sm_89,R,N,64,4,2048,blocked|vendor
trsm,double,sm_89,R,N,64,4,8192,blocked|vendor
trsm,double,sm_89,R,N,64,4,32768,blocked|vendor
trsm,double,sm_89,R,N,64,8,128,blocked|vendor
trsm,double,sm_89,R,N,64,8,512,blocked|vendor
trsm,double,sm_89,R,N,64,8,2048,blocked|vendor
trsm,double,sm_89,R,N,64,8,8192,blocked|vendor
trsm,double,sm_89,R,N,64,8,32768,blocked|vendor
trsm,double,sm_89,R,N,64,16,128,blocked|vendor
trsm,double,sm_89,R,N,64,16,512,blocked|vendor
trsm,double,sm_89,R,N,64,16,2048,blocked|vendor
trsm,double,sm_89,R,N,64,16,8192,blocked|vendor
trsm,double,sm_89,R,N,64,16,32768,blocked|vendor
trsm,double,sm_89,R,N,64,32,128,blocked|vendor
trsm,double,sm_89,R,N,64,32,512,blocked|vendor
trsm,double,sm_89,R,N,64,32,2048,blocked|vendor
trsm,double,sm_89,R,N,64,32,8192,blocked|vendor
trsm,double,sm_89,R,N,64,32,32768,blocked|vendor
trsm,double,sm_89,R,N,64,64,128,blocked|vendor
trsm,double,sm_89,R,N,64,64,512,blocked|vendor
trsm,double,sm_89,R,N,64,64,2048,blocked|vendor
trsm,double,sm_89,R,N,64,64,8192,blocked|vendor
trsm,double,sm_89,R,N,64,64,32768,blocked|vendor
trsm,double,sm_89,R,N,64,128,128,blocked|vendor
trsm,double,sm_89,R,N,64,128,512,blocked|vendor
trsm,double,sm_89,R,N,64,128,2048,blocked|vendor
trsm,double,sm_89,R,N,64,128,8192,blocked|vendor
trsm,double,sm_89,R,N,64,128,32768,blocked|vendor
trsm,double,sm_89,R,N,64,256,128,blocked|vendor
trsm,double,sm_89,R,N,64,256,512,blocked|vendor
trsm,double,sm_89,R,N,64,256,2048,blocked|vendor
trsm,double,sm_89,R,N,64,256,8192,blocked|vendor
trsm,double,sm_89,R,N,64,256,32768,blocked|vendor
trsm,double,sm_89,R,N,64,512,128,blocked|vendor
trsm,double,sm_89,R,N,64,512,512,blocked|vendor
trsm,double,sm_89,R,N,64,512,2048,blocked|vendor
trsm,double,sm_89,R,N,64,512,8192,blocked|vendor
trsm,double,sm_89,R,N,64,512,32768,blocked|vendor
trsm,double,sm_89,R,N,64,1024,128,blocked|vendor
trsm,double,sm_89,R,N,64,1024,512,blocked|vendor
trsm,double,sm_89,R,N,64,1024,2048,blocked|vendor
trsm,double,sm_89,R,N,64,1024,8192,blocked|vendor
trsm,double,sm_89,R,N,64,1024,32768,blocked|vendor
trsm,double,sm_89,R,N,64,4096,128,blocked|vendor
trsm,double,sm_89,R,N,64,4096,512,blocked|vendor
trsm,double,sm_89,R,N,64,4096,2048,blocked|vendor
trsm,double,sm_89,R,N,64,4096,8192,blocked|vendor
trsm,double,sm_89,R,N,64,4096,32768,blocked|vendor
trsm,double,sm_89,R,N,96,1,128,blocked|vendor
trsm,double,sm_89,R,N,96,1,512,blocked|vendor
trsm,double,sm_89,R,N,96,1,2048,blocked|vendor
trsm,double,sm_89,R,N,96,1,8192,blocked|vendor
trsm,double,sm_89,R,N,96,1,32768,blocked|vendor
trsm,double,sm_89,R,N,96,2,128,blocked|vendor
trsm,double,sm_89,R,N,96,2,512,blocked|vendor
trsm,double,sm_89,R,N,96,2,2048,blocked|vendor
trsm,double,sm_89,R,N,96,2,8192,blocked|vendor
trsm,double,sm_89,R,N,96,2,32768,blocked|vendor
trsm,double,sm_89,R,N,96,4,128,blocked|vendor
trsm,double,sm_89,R,N,96,4,512,blocked|vendor
trsm,double,sm_89,R,N,96,4,2048,blocked|vendor
trsm,double,sm_89,R,N,96,4,8192,blocked|vendor
trsm,double,sm_89,R,N,96,4,32768,blocked|vendor
trsm,double,sm_89,R,N,96,8,128,blocked|vendor
trsm,double,sm_89,R,N,96,8,512,blocked|vendor
trsm,double,sm_89,R,N,96,8,2048,blocked|vendor
trsm,double,sm_89,R,N,96,8,8192,blocked|vendor
trsm,double,sm_89,R,N,96,8,32768,blocked|vendor
trsm,double,sm_89,R,N,96,16,128,blocked|vendor
trsm,double,sm_89,R,N,96,16,512,blocked|vendor
trsm,double,sm_89,R,N,96,16,2048,blocked|vendor
trsm,double,sm_89,R,N,96,16,8192,blocked|vendor
trsm,double,sm_89,R,N,96,16,32768,blocked|vendor
trsm,double,sm_89,R,N,96,32,128,blocked|vendor
trsm,double,sm_89,R,N,96,32,512,blocked|vendor
trsm,double,sm_89,R,N,96,32,2048,blocked|vendor
trsm,double,sm_89,R,N,96,32,8192,blocked|vendor
trsm,double,sm_89,R,N,96,32,32768,blocked|vendor
trsm,double,sm_89,R,N,96,64,128,blocked|vendor
trsm,double,sm_89,R,N,96,64,512,blocked|vendor
trsm,double,sm_89,R,N,96,64,2048,blocked|vendor
trsm,double,sm_89,R,N,96,64,8192,blocked|vendor
trsm,double,sm_89,R,N,96,64,32768,blocked|vendor
trsm,double,sm_89,R,N,96,128,128,blocked|vendor
trsm,double,sm_89,R,N,96,128,512,blocked|vendor
trsm,double,sm_89,R,N,96,128,2048,blocked|vendor
trsm,double,sm_89,R,N,96,128,8192,blocked|vendor
trsm,double,sm_89,R,N,96,128,32768,blocked|vendor
trsm,double,sm_89,R,N,96,256,128,blocked|vendor
trsm,double,sm_89,R,N,96,256,512,blocked|vendor
trsm,double,sm_89,R,N,96,256,2048,blocked|vendor
trsm,double,sm_89,R,N,96,256,8192,blocked|vendor
trsm,double,sm_89,R,N,96,256,32768,blocked|vendor
trsm,double,sm_89,R,N,96,512,128,blocked|vendor
trsm,double,sm_89,R,N,96,512,512,blocked|vendor
trsm,double,sm_89,R,N,96,512,2048,blocked|vendor
trsm,double,sm_89,R,N,96,512,8192,blocked|vendor
trsm,double,sm_89,R,N,96,512,32768,blocked|vendor
trsm,double,sm_89,R,N,96,1024,128,blocked|vendor
trsm,double,sm_89,R,N,96,1024,512,blocked|vendor
trsm,double,sm_89,R,N,96,1024,2048,blocked|vendor
trsm,double,sm_89,R,N,96,1024,8192,blocked|vendor
trsm,double,sm_89,R,N,96,1024,32768,blocked|vendor
trsm,double,sm_89,R,N,96,4096,128,blocked|vendor
trsm,double,sm_89,R,N,96,4096,512,blocked|vendor
trsm,double,sm_89,R,N,96,4096,2048,blocked|vendor
trsm,double,sm_89,R,N,96,4096,8192,blocked|vendor
trsm,double,sm_89,R,N,96,4096,32768,blocked|vendor
trsm,double,sm_89,R,N,128,1,128,blocked|vendor
trsm,double,sm_89,R,N,128,1,512,blocked|vendor
trsm,double,sm_89,R,N,128,1,2048,blocked|vendor
trsm,double,sm_89,R,N,128,1,8192,blocked|vendor
trsm,double,sm_89,R,N,128,1,32768,blocked|vendor
trsm,double,sm_89,R,N,128,2,128,blocked|vendor
trsm,double,sm_89,R,N,128,2,512,blocked|vendor
trsm,double,sm_89,R,N,128,2,2048,blocked|vendor
trsm,double,sm_89,R,N,128,2,8192,blocked|vendor
trsm,double,sm_89,R,N,128,2,32768,blocked|vendor
trsm,double,sm_89,R,N,128,4,128,blocked|vendor
trsm,double,sm_89,R,N,128,4,512,blocked|vendor
trsm,double,sm_89,R,N,128,4,2048,blocked|vendor
trsm,double,sm_89,R,N,128,4,8192,blocked|vendor
trsm,double,sm_89,R,N,128,4,32768,blocked|vendor
trsm,double,sm_89,R,N,128,8,128,blocked|vendor
trsm,double,sm_89,R,N,128,8,512,blocked|vendor
trsm,double,sm_89,R,N,128,8,2048,blocked|vendor
trsm,double,sm_89,R,N,128,8,8192,blocked|vendor
trsm,double,sm_89,R,N,128,8,32768,blocked|vendor
trsm,double,sm_89,R,N,128,16,128,blocked|vendor
trsm,double,sm_89,R,N,128,16,512,blocked|vendor
trsm,double,sm_89,R,N,128,16,2048,blocked|vendor
trsm,double,sm_89,R,N,128,16,8192,blocked|vendor
trsm,double,sm_89,R,N,128,16,32768,blocked|vendor
trsm,double,sm_89,R,N,128,32,128,blocked|vendor
trsm,double,sm_89,R,N,128,32,512,blocked|vendor
trsm,double,sm_89,R,N,128,32,2048,blocked|vendor
trsm,double,sm_89,R,N,128,32,8192,blocked|vendor
trsm,double,sm_89,R,N,128,32,32768,blocked|vendor
trsm,double,sm_89,R,N,128,64,128,blocked|vendor
trsm,double,sm_89,R,N,128,64,512,blocked|vendor
trsm,double,sm_89,R,N,128,64,2048,blocked|vendor
trsm,double,sm_89,R,N,128,64,8192,blocked|vendor
trsm,double,sm_89,R,N,128,64,32768,blocked|vendor
trsm,double,sm_89,R,N,128,128,128,blocked|vendor
trsm,double,sm_89,R,N,128,128,512,blocked|vendor
trsm,double,sm_89,R,N,128,128,2048,blocked|vendor
trsm,double,sm_89,R,N,128,128,8192,blocked|vendor
trsm,double,sm_89,R,N,128,128,32768,blocked|vendor
trsm,double,sm_89,R,N,128,256,128,blocked|vendor
trsm,double,sm_89,R,N,128,256,512,blocked|vendor
trsm,double,sm_89,R,N,128,256,2048,blocked|vendor
trsm,double,sm_89,R,N,128,256,8192,blocked|vendor
trsm,double,sm_89,R,N,128,256,32768,blocked|vendor
trsm,double,sm_89,R,N,128,512,128,blocked|vendor
trsm,double,sm_89,R,N,128,512,512,blocked|vendor
trsm,double,sm_89,R,N,128,512,2048,blocked|vendor
trsm,double,sm_89,R,N,128,512,8192,blocked|vendor
trsm,double,sm_89,R,N,128,512,32768,blocked|vendor
trsm,double,sm_89,R,N,128,1024,128,blocked|vendor
trsm,double,sm_89,R,N,128,1024,512,blocked|vendor
trsm,double,sm_89,R,N,128,1024,2048,blocked|vendor
trsm,double,sm_89,R,N,128,1024,8192,blocked|vendor
trsm,double,sm_89,R,N,128,1024,32768,blocked|vendor
trsm,double,sm_89,R,N,128,4096,128,blocked|vendor
trsm,double,sm_89,R,N,128,4096,512,blocked|vendor
trsm,double,sm_89,R,N,128,4096,2048,blocked|vendor
trsm,double,sm_89,R,N,128,4096,8192,blocked|vendor
trsm,double,sm_89,R,N,128,4096,32768,blocked|vendor
trsm,double,sm_89,R,N,192,1,128,blocked|vendor
trsm,double,sm_89,R,N,192,1,512,blocked|vendor
trsm,double,sm_89,R,N,192,1,2048,blocked|vendor
trsm,double,sm_89,R,N,192,1,8192,blocked|vendor
trsm,double,sm_89,R,N,192,1,32768,blocked|vendor
trsm,double,sm_89,R,N,192,2,128,blocked|vendor
trsm,double,sm_89,R,N,192,2,512,blocked|vendor
trsm,double,sm_89,R,N,192,2,2048,blocked|vendor
trsm,double,sm_89,R,N,192,2,8192,blocked|vendor
trsm,double,sm_89,R,N,192,2,32768,blocked|vendor
trsm,double,sm_89,R,N,192,4,128,blocked|vendor
trsm,double,sm_89,R,N,192,4,512,blocked|vendor
trsm,double,sm_89,R,N,192,4,2048,blocked|vendor
trsm,double,sm_89,R,N,192,4,8192,blocked|vendor
trsm,double,sm_89,R,N,192,4,32768,blocked|vendor
trsm,double,sm_89,R,N,192,8,128,blocked|vendor
trsm,double,sm_89,R,N,192,8,512,blocked|vendor
trsm,double,sm_89,R,N,192,8,2048,blocked|vendor
trsm,double,sm_89,R,N,192,8,8192,blocked|vendor
trsm,double,sm_89,R,N,192,8,32768,blocked|vendor
trsm,double,sm_89,R,N,192,16,128,blocked|vendor
trsm,double,sm_89,R,N,192,16,512,blocked|vendor
trsm,double,sm_89,R,N,192,16,2048,blocked|vendor
trsm,double,sm_89,R,N,192,16,8192,blocked|vendor
trsm,double,sm_89,R,N,192,16,32768,blocked|vendor
trsm,double,sm_89,R,N,192,32,128,blocked|vendor
trsm,double,sm_89,R,N,192,32,512,blocked|vendor
trsm,double,sm_89,R,N,192,32,2048,blocked|vendor
trsm,double,sm_89,R,N,192,32,8192,blocked|vendor
trsm,double,sm_89,R,N,192,32,32768,blocked|vendor
trsm,double,sm_89,R,N,192,64,128,blocked|vendor
trsm,double,sm_89,R,N,192,64,512,blocked|vendor
trsm,double,sm_89,R,N,192,64,2048,blocked|vendor
trsm,double,sm_89,R,N,192,64,8192,blocked|vendor
trsm,double,sm_89,R,N,192,64,32768,blocked|vendor
trsm,double,sm_89,R,N,192,128,128,blocked|vendor
trsm,double,sm_89,R,N,192,128,512,blocked|vendor
trsm,double,sm_89,R,N,192,128,2048,blocked|vendor
trsm,double,sm_89,R,N,192,128,8192,blocked|vendor
trsm,double,sm_89,R,N,192,128,32768,blocked|vendor
trsm,double,sm_89,R,N,192,256,128,blocked|vendor
trsm,double,sm_89,R,N,192,256,512,blocked|vendor
trsm,double,sm_89,R,N,192,256,2048,blocked|vendor
trsm,double,sm_89,R,N,192,256,8192,blocked|vendor
trsm,double,sm_89,R,N,192,256,32768,blocked|vendor
trsm,double,sm_89,R,N,192,512,128,blocked|vendor
trsm,double,sm_89,R,N,192,512,512,blocked|vendor
trsm,double,sm_89,R,N,192,512,2048,blocked|vendor
trsm,double,sm_89,R,N,192,512,8192,blocked|vendor
trsm,double,sm_89,R,N,192,512,32768,blocked|vendor
trsm,double,sm_89,R,N,192,1024,128,blocked|vendor
trsm,double,sm_89,R,N,192,1024,512,blocked|vendor
trsm,double,sm_89,R,N,192,1024,2048,blocked|vendor
trsm,double,sm_89,R,N,192,1024,8192,blocked|vendor
trsm,double,sm_89,R,N,192,1024,32768,blocked|vendor
trsm,double,sm_89,R,N,192,4096,128,blocked|vendor
trsm,double,sm_89,R,N,192,4096,512,blocked|vendor
trsm,double,sm_89,R,N,192,4096,2048,blocked|vendor
trsm,double,sm_89,R,N,192,4096,8192,blocked|vendor
trsm,double,sm_89,R,N,192,4096,32768,blocked|vendor
trsm,double,sm_89,R,N,256,1,128,blocked|vendor
trsm,double,sm_89,R,N,256,1,512,blocked|vendor
trsm,double,sm_89,R,N,256,1,2048,blocked|vendor
trsm,double,sm_89,R,N,256,1,8192,blocked|vendor
trsm,double,sm_89,R,N,256,1,32768,blocked|vendor
trsm,double,sm_89,R,N,256,2,128,blocked|vendor
trsm,double,sm_89,R,N,256,2,512,blocked|vendor
trsm,double,sm_89,R,N,256,2,2048,blocked|vendor
trsm,double,sm_89,R,N,256,2,8192,blocked|vendor
trsm,double,sm_89,R,N,256,2,32768,blocked|vendor
trsm,double,sm_89,R,N,256,4,128,blocked|vendor
trsm,double,sm_89,R,N,256,4,512,blocked|vendor
trsm,double,sm_89,R,N,256,4,2048,blocked|vendor
trsm,double,sm_89,R,N,256,4,8192,blocked|vendor
trsm,double,sm_89,R,N,256,4,32768,blocked|vendor
trsm,double,sm_89,R,N,256,8,128,blocked|vendor
trsm,double,sm_89,R,N,256,8,512,blocked|vendor
trsm,double,sm_89,R,N,256,8,2048,blocked|vendor
trsm,double,sm_89,R,N,256,8,8192,blocked|vendor
trsm,double,sm_89,R,N,256,8,32768,blocked|vendor
trsm,double,sm_89,R,N,256,16,128,blocked|vendor
trsm,double,sm_89,R,N,256,16,512,blocked|vendor
trsm,double,sm_89,R,N,256,16,2048,blocked|vendor
trsm,double,sm_89,R,N,256,16,8192,blocked|vendor
trsm,double,sm_89,R,N,256,16,32768,blocked|vendor
trsm,double,sm_89,R,N,256,32,128,blocked|vendor
trsm,double,sm_89,R,N,256,32,512,blocked|vendor
trsm,double,sm_89,R,N,256,32,2048,blocked|vendor
trsm,double,sm_89,R,N,256,32,8192,blocked|vendor
trsm,double,sm_89,R,N,256,32,32768,blocked|vendor
trsm,double,sm_89,R,N,256,64,128,blocked|vendor
trsm,double,sm_89,R,N,256,64,512,blocked|vendor
trsm,double,sm_89,R,N,256,64,2048,blocked|vendor
trsm,double,sm_89,R,N,256,64,8192,blocked|vendor
trsm,double,sm_89,R,N,256,64,32768,blocked|vendor
trsm,double,sm_89,R,N,256,128,128,blocked|vendor
trsm,double,sm_89,R,N,256,128,512,blocked|vendor
trsm,double,sm_89,R,N,256,128,2048,blocked|vendor
trsm,double,sm_89,R,N,256,128,8192,blocked|vendor
trsm,double,sm_89,R,N,256,128,32768,blocked|vendor
trsm,double,sm_89,R,N,256,256,128,blocked|vendor
trsm,double,sm_89,R,N,256,256,512,blocked|vendor
trsm,double,sm_89,R,N,256,256,2048,blocked|vendor
trsm,double,sm_89,R,N,256,256,8192,blocked|vendor
trsm,double,sm_89,R,N,256,256,32768,blocked|vendor
trsm,double,sm_89,R,N,256,512,128,blocked|vendor
trsm,double,sm_89,R,N,256,512,512,blocked|vendor
trsm,double,sm_89,R,N,256,512,2048,blocked|vendor
trsm,double,sm_89,R,N,256,512,8192,blocked|vendor
trsm,double,sm_89,R,N,256,512,32768,blocked|vendor
trsm,double,sm_89,R,N,256,1024,128,blocked|vendor
trsm,double,sm_89,R,N,256,1024,512,blocked|vendor
trsm,double,sm_89,R,N,256,1024,2048,blocked|vendor
trsm,double,sm_89,R,N,256,1024,8192,blocked|vendor
trsm,double,sm_89,R,N,256,1024,32768,blocked|vendor
trsm,double,sm_89,R,N,256,4096,128,blocked|vendor
trsm,double,sm_89,R,N,256,4096,512,blocked|vendor
trsm,double,sm_89,R,N,256,4096,2048,blocked|vendor
trsm,double,sm_89,R,N,256,4096,8192,blocked|vendor
trsm,double,sm_89,R,N,256,4096,32768,blocked|vendor
trsm,double,sm_89,R,N,384,1,128,blocked|vendor
trsm,double,sm_89,R,N,384,1,512,blocked|vendor
trsm,double,sm_89,R,N,384,1,2048,blocked|vendor
trsm,double,sm_89,R,N,384,1,8192,blocked|vendor
trsm,double,sm_89,R,N,384,1,32768,blocked|vendor
trsm,double,sm_89,R,N,384,2,128,blocked|vendor
trsm,double,sm_89,R,N,384,2,512,blocked|vendor
trsm,double,sm_89,R,N,384,2,2048,blocked|vendor
trsm,double,sm_89,R,N,384,2,8192,blocked|vendor
trsm,double,sm_89,R,N,384,2,32768,blocked|vendor
trsm,double,sm_89,R,N,384,4,128,blocked|vendor
trsm,double,sm_89,R,N,384,4,512,blocked|vendor
trsm,double,sm_89,R,N,384,4,2048,blocked|vendor
trsm,double,sm_89,R,N,384,4,8192,blocked|vendor
trsm,double,sm_89,R,N,384,4,32768,blocked|vendor
trsm,double,sm_89,R,N,384,8,128,blocked|vendor
trsm,double,sm_89,R,N,384,8,512,blocked|vendor
trsm,double,sm_89,R,N,384,8,2048,blocked|vendor
trsm,double,sm_89,R,N,384,8,8192,blocked|vendor
trsm,double,sm_89,R,N,384,8,32768,blocked|vendor
trsm,double,sm_89,R,N,384,16,128,blocked|vendor
trsm,double,sm_89,R,N,384,16,512,blocked|vendor
trsm,double,sm_89,R,N,384,16,2048,blocked|vendor
trsm,double,sm_89,R,N,384,16,8192,blocked|vendor
trsm,double,sm_89,R,N,384,16,32768,blocked|vendor
trsm,double,sm_89,R,N,384,32,128,blocked|vendor
trsm,double,sm_89,R,N,384,32,512,blocked|vendor
trsm,double,sm_89,R,N,384,32,2048,blocked|vendor
trsm,double,sm_89,R,N,384,32,8192,blocked|vendor
trsm,double,sm_89,R,N,384,32,32768,blocked|vendor
trsm,double,sm_89,R,N,384,64,128,blocked|vendor
trsm,double,sm_89,R,N,384,64,512,blocked|vendor
trsm,double,sm_89,R,N,384,64,2048,blocked|vendor
trsm,double,sm_89,R,N,384,64,8192,blocked|vendor
trsm,double,sm_89,R,N,384,64,32768,blocked|vendor
trsm,double,sm_89,R,N,384,128,128,blocked|vendor
trsm,double,sm_89,R,N,384,128,512,blocked|vendor
trsm,double,sm_89,R,N,384,128,2048,blocked|vendor
trsm,double,sm_89,R,N,384,128,8192,blocked|vendor
trsm,double,sm_89,R,N,384,128,32768,blocked|vendor
trsm,double,sm_89,R,N,384,256,128,blocked|vendor
trsm,double,sm_89,R,N,384,256,512,blocked|vendor
trsm,double,sm_89,R,N,384,256,2048,blocked|vendor
trsm,double,sm_89,R,N,384,256,8192,blocked|vendor
trsm,double,sm_89,R,N,384,256,32768,blocked|vendor
trsm,double,sm_89,R,N,384,512,128,blocked|vendor
trsm,double,sm_89,R,N,384,512,512,blocked|vendor
trsm,double,sm_89,R,N,384,512,2048,blocked|vendor
trsm,double,sm_89,R,N,384,512,8192,blocked|vendor
trsm,double,sm_89,R,N,384,512,32768,blocked|vendor
trsm,double,sm_89,R,N,384,1024,128,blocked|vendor
trsm,double,sm_89,R,N,384,1024,512,blocked|vendor
trsm,double,sm_89,R,N,384,1024,2048,blocked|vendor
trsm,double,sm_89,R,N,384,1024,8192,blocked|vendor
trsm,double,sm_89,R,N,384,1024,32768,blocked|vendor
trsm,double,sm_89,R,N,384,4096,128,blocked|vendor
trsm,double,sm_89,R,N,384,4096,512,blocked|vendor
trsm,double,sm_89,R,N,384,4096,2048,blocked|vendor
trsm,double,sm_89,R,N,384,4096,8192,blocked|vendor
trsm,double,sm_89,R,N,384,4096,32768,blocked|vendor
trsm,double,sm_89,R,N,512,1,128,blocked|vendor
trsm,double,sm_89,R,N,512,1,512,blocked|vendor
trsm,double,sm_89,R,N,512,1,2048,blocked|vendor
trsm,double,sm_89,R,N,512,1,8192,blocked|vendor
trsm,double,sm_89,R,N,512,1,32768,blocked|vendor
trsm,double,sm_89,R,N,512,2,128,blocked|vendor
trsm,double,sm_89,R,N,512,2,512,blocked|vendor
trsm,double,sm_89,R,N,512,2,2048,blocked|vendor
trsm,double,sm_89,R,N,512,2,8192,blocked|vendor
trsm,double,sm_89,R,N,512,2,32768,blocked|vendor
trsm,double,sm_89,R,N,512,4,128,blocked|vendor
trsm,double,sm_89,R,N,512,4,512,blocked|vendor
trsm,double,sm_89,R,N,512,4,2048,blocked|vendor
trsm,double,sm_89,R,N,512,4,8192,blocked|vendor
trsm,double,sm_89,R,N,512,4,32768,blocked|vendor
trsm,double,sm_89,R,N,512,8,128,blocked|vendor
trsm,double,sm_89,R,N,512,8,512,blocked|vendor
trsm,double,sm_89,R,N,512,8,2048,blocked|vendor
trsm,double,sm_89,R,N,512,8,8192,blocked|vendor
trsm,double,sm_89,R,N,512,8,32768,blocked|vendor
trsm,double,sm_89,R,N,512,16,128,blocked|vendor
trsm,double,sm_89,R,N,512,16,512,blocked|vendor
trsm,double,sm_89,R,N,512,16,2048,blocked|vendor
trsm,double,sm_89,R,N,512,16,8192,blocked|vendor
trsm,double,sm_89,R,N,512,16,32768,blocked|vendor
trsm,double,sm_89,R,N,512,32,128,blocked|vendor
trsm,double,sm_89,R,N,512,32,512,blocked|vendor
trsm,double,sm_89,R,N,512,32,2048,blocked|vendor
trsm,double,sm_89,R,N,512,32,8192,blocked|vendor
trsm,double,sm_89,R,N,512,32,32768,blocked|vendor
trsm,double,sm_89,R,N,512,64,128,blocked|vendor
trsm,double,sm_89,R,N,512,64,512,blocked|vendor
trsm,double,sm_89,R,N,512,64,2048,blocked|vendor
trsm,double,sm_89,R,N,512,64,8192,blocked|vendor
trsm,double,sm_89,R,N,512,64,32768,blocked|vendor
trsm,double,sm_89,R,N,512,128,128,blocked|vendor
trsm,double,sm_89,R,N,512,128,512,blocked|vendor
trsm,double,sm_89,R,N,512,128,2048,blocked|vendor
trsm,double,sm_89,R,N,512,128,8192,blocked|vendor
trsm,double,sm_89,R,N,512,128,32768,blocked|vendor
trsm,double,sm_89,R,N,512,256,128,blocked|vendor
trsm,double,sm_89,R,N,512,256,512,blocked|vendor
trsm,double,sm_89,R,N,512,256,2048,blocked|vendor
trsm,double,sm_89,R,N,512,256,8192,blocked|vendor
trsm,double,sm_89,R,N,512,256,32768,blocked|vendor
trsm,double,sm_89,R,N,512,512,128,blocked|vendor
trsm,double,sm_89,R,N,512,512,512,blocked|vendor
trsm,double,sm_89,R,N,512,512,2048,blocked|vendor
trsm,double,sm_89,R,N,512,512,8192,blocked|vendor
trsm,double,sm_89,R,N,512,512,32768,blocked|vendor
trsm,double,sm_89,R,N,512,1024,128,blocked|vendor
trsm,double,sm_89,R,N,512,1024,512,blocked|vendor
trsm,double,sm_89,R,N,512,1024,2048,blocked|vendor
trsm,double,sm_89,R,N,512,1024,8192,blocked|vendor
trsm,double,sm_89,R,N,512,1024,32768,blocked|vendor
trsm,double,sm_89,R,N,512,4096,128,blocked|vendor
trsm,double,sm_89,R,N,512,4096,512,blocked|vendor
trsm,double,sm_89,R,N,512,4096,2048,blocked|vendor
trsm,double,sm_89,R,N,512,4096,8192,blocked|vendor
trsm,double,sm_89,R,N,512,4096,32768,blocked|vendor
trsm,double,sm_89,R,N,768,1,128,blocked|vendor
trsm,double,sm_89,R,N,768,1,512,blocked|vendor
trsm,double,sm_89,R,N,768,1,2048,blocked|vendor
trsm,double,sm_89,R,N,768,1,8192,blocked|vendor
trsm,double,sm_89,R,N,768,1,32768,blocked|vendor
trsm,double,sm_89,R,N,768,2,128,blocked|vendor
trsm,double,sm_89,R,N,768,2,512,blocked|vendor
trsm,double,sm_89,R,N,768,2,2048,blocked|vendor
trsm,double,sm_89,R,N,768,2,8192,blocked|vendor
trsm,double,sm_89,R,N,768,2,32768,blocked|vendor
trsm,double,sm_89,R,N,768,4,128,blocked|vendor
trsm,double,sm_89,R,N,768,4,512,blocked|vendor
trsm,double,sm_89,R,N,768,4,2048,blocked|vendor
trsm,double,sm_89,R,N,768,4,8192,blocked|vendor
trsm,double,sm_89,R,N,768,4,32768,blocked|vendor
trsm,double,sm_89,R,N,768,8,128,blocked|vendor
trsm,double,sm_89,R,N,768,8,512,blocked|vendor
trsm,double,sm_89,R,N,768,8,2048,blocked|vendor
trsm,double,sm_89,R,N,768,8,8192,blocked|vendor
trsm,double,sm_89,R,N,768,8,32768,blocked|vendor
trsm,double,sm_89,R,N,768,16,128,blocked|vendor
trsm,double,sm_89,R,N,768,16,512,blocked|vendor
trsm,double,sm_89,R,N,768,16,2048,blocked|vendor
trsm,double,sm_89,R,N,768,16,8192,blocked|vendor
trsm,double,sm_89,R,N,768,16,32768,blocked|vendor
trsm,double,sm_89,R,N,768,32,128,blocked|vendor
trsm,double,sm_89,R,N,768,32,512,blocked|vendor
trsm,double,sm_89,R,N,768,32,2048,blocked|vendor
trsm,double,sm_89,R,N,768,32,8192,blocked|vendor
trsm,double,sm_89,R,N,768,32,32768,blocked|vendor
trsm,double,sm_89,R,N,768,64,128,blocked|vendor
trsm,double,sm_89,R,N,768,64,512,blocked|vendor
trsm,double,sm_89,R,N,768,64,2048,blocked|vendor
trsm,double,sm_89,R,N,768,64,8192,blocked|vendor
trsm,double,sm_89,R,N,768,64,32768,blocked|vendor
trsm,double,sm_89,R,N,768,128,128,blocked|vendor
trsm,double,sm_89,R,N,768,128,512,blocked|vendor
trsm,double,sm_89,R,N,768,128,2048,blocked|vendor
trsm,double,sm_89,R,N,768,128,8192,blocked|vendor
trsm,double,sm_89,R,N,768,128,32768,blocked|vendor
trsm,double,sm_89,R,N,768,256,128,blocked|vendor
trsm,double,sm_89,R,N,768,256,512,blocked|vendor
trsm,double,sm_89,R,N,768,256,2048,blocked|vendor
trsm,double,sm_89,R,N,768,256,8192,blocked|vendor
trsm,double,sm_89,R,N,768,256,32768,blocked|vendor
trsm,double,sm_89,R,N,768,512,128,blocked|vendor
trsm,double,sm_89,R,N,768,512,512,blocked|vendor
trsm,double,sm_89,R,N,768,512,2048,blocked|vendor
trsm,double,sm_89,R,N,768,512,8192,blocked|vendor
trsm,double,sm_89,R,N,768,512,32768,blocked|vendor
trsm,double,sm_89,R,N,768,1024,128,blocked|vendor
trsm,double,sm_89,R,N,768,1024,512,blocked|vendor
trsm,double,sm_89,R,N,768,1024,2048,blocked|vendor
trsm,double,sm_89,R,N,768,1024,8192,blocked|vendor
trsm,double,sm_89,R,N,768,1024,32768,blocked|vendor
trsm,double,sm_89,R,N,768,4096,128,blocked|vendor
trsm,double,sm_89,R,N,768,4096,512,blocked|vendor
trsm,double,sm_89,R,N,768,4096,2048,blocked|vendor
trsm,double,sm_89,R,N,768,4096,8192,blocked|vendor
trsm,double,sm_89,R,N,768,4096,32768,blocked|vendor
trsm,double,sm_89,R,N,1024,1,128,blocked|vendor
trsm,double,sm_89,R,N,1024,1,512,blocked|vendor
trsm,double,sm_89,R,N,1024,1,2048,blocked|vendor
trsm,double,sm_89,R,N,1024,1,8192,blocked|vendor
trsm,double,sm_89,R,N,1024,1,32768,blocked|vendor
trsm,double,sm_89,R,N,1024,2,128,blocked|vendor
trsm,double,sm_89,R,N,1024,2,512,blocked|vendor
trsm,double,sm_89,R,N,1024,2,2048,blocked|vendor
trsm,double,sm_89,R,N,1024,2,8192,blocked|vendor
trsm,double,sm_89,R,N,1024,2,32768,blocked|vendor
trsm,double,sm_89,R,N,1024,4,128,blocked|vendor
trsm,double,sm_89,R,N,1024,4,512,blocked|vendor
trsm,double,sm_89,R,N,1024,4,2048,blocked|vendor
trsm,double,sm_89,R,N,1024,4,8192,blocked|vendor
trsm,double,sm_89,R,N,1024,4,32768,blocked|vendor
trsm,double,sm_89,R,N,1024,8,128,blocked|vendor
trsm,double,sm_89,R,N,1024,8,512,blocked|vendor
trsm,double,sm_89,R,N,1024,8,2048,blocked|vendor
trsm,double,sm_89,R,N,1024,8,8192,blocked|vendor
trsm,double,sm_89,R,N,1024,8,32768,blocked|vendor
trsm,double,sm_89,R,N,1024,16,128,blocked|vendor
trsm,double,sm_89,R,N,1024,16,512,blocked|vendor
trsm,double,sm_89,R,N,1024,16,2048,blocked|vendor
trsm,double,sm_89,R,N,1024,16,8192,blocked|vendor
trsm,double,sm_89,R,N,1024,16,32768,blocked|vendor
trsm,double,sm_89,R,N,1024,32,128,blocked|vendor
trsm,double,sm_89,R,N,1024,32,512,blocked|vendor
trsm,double,sm_89,R,N,1024,32,2048,blocked|vendor
trsm,double,sm_89,R,N,1024,32,8192,blocked|vendor
trsm,double,sm_89,R,N,1024,32,32768,blocked|vendor
trsm,double,sm_89,R,N,1024,64,128,blocked|vendor
trsm,double,sm_89,R,N,1024,64,512,blocked|vendor
trsm,double,sm_89,R,N,1024,64,2048,blocked|vendor
trsm,double,sm_89,R,N,1024,64,8192,blocked|vendor
trsm,double,sm_89,R,N,1024,64,32768,blocked|vendor
trsm,double,sm_89,R,N,1024,128,128,blocked|vendor
trsm,double,sm_89,R,N,1024,128,512,blocked|vendor
trsm,double,sm_89,R,N,1024,128,2048,blocked|vendor
trsm,double,sm_89,R,N,1024,128,8192,blocked|vendor
trsm,double,sm_89,R,N,1024,128,32768,blocked|vendor
trsm,double,sm_89,R,N,1024,256,128,blocked|vendor
trsm,double,sm_89,R,N,1024,256,512,blocked|vendor
trsm,double,sm_89,R,N,1024,256,2048,blocked|vendor
trsm,double,sm_89,R,N,1024,256,8192,blocked|vendor
trsm,double,sm_89,R,N,1024,256,32768,blocked|vendor
trsm,double,sm_89,R,N,1024,512,128,blocked|vendor
trsm,double,sm_89,R,N,1024,512,512,blocked|vendor
trsm,double,sm_89,R,N,1024,512,2048,blocked|vendor
trsm,double,sm_89,R,N,1024,512,8192,blocked|vendor
trsm,double,sm_89,R,N,1024,512,32768,blocked|vendor
trsm,double,sm_89,R,N,1024,1024,128,blocked|vendor
trsm,double,sm_89,R,N,1024,1024,512,blocked|vendor
trsm,double,sm_89,R,N,1024,1024,2048,blocked|vendor
trsm,double,sm_89,R,N,1024,1024,8192,blocked|vendor
trsm,double,sm_89,R,N,1024,1024,32768,blocked|vendor
trsm,double,sm_89,R,N,1024,4096,128,blocked|vendor
trsm,double,sm_89,R,N,1024,4096,512,blocked|vendor
trsm,double,sm_89,R,N,1024,4096,2048,blocked|vendor
trsm,double,sm_89,R,N,1024,4096,8192,blocked|vendor
trsm,double,sm_89,R,N,1024,4096,32768,blocked|vendor
trsm,double,sm_89,R,T,1,1,128,cta|blocked|vendor
trsm,double,sm_89,R,T,1,1,512,cta|blocked|vendor
trsm,double,sm_89,R,T,1,1,2048,cta|blocked|vendor
trsm,double,sm_89,R,T,1,1,8192,cta|blocked|vendor
trsm,double,sm_89,R,T,1,1,32768,cta|blocked|vendor
trsm,double,sm_89,R,T,1,2,128,cta|blocked|vendor
trsm,double,sm_89,R,T,1,2,512,cta|blocked|vendor
trsm,double,sm_89,R,T,1,2,2048,cta|blocked|vendor
trsm,double,sm_89,R,T,1,2,8192,cta|blocked|vendor
trsm,double,sm_89,R,T,1,2,32768,cta|blocked|vendor
trsm,double,sm_89,R,T,1,4,128,cta|blocked|vendor
trsm,double,sm_89,R,T,1,4,512,cta|blocked|vendor
trsm,double,sm_89,R,T,1,4,2048,cta|blocked|vendor
trsm,double,sm_89,R,T,1,4,8192,cta|blocked|vendor
trsm,double,sm_89,R,T,1,4,32768,cta|blocked|vendor
trsm,double,sm_89,R,T,1,8,128,cta|blocked|vendor
trsm,double,sm_89,R,T,1,8,512,cta|blocked|vendor
trsm,double,sm_89,R,T,1,8,2048,cta|blocked|vendor
trsm,double,sm_89,R,T,1,8,8192,cta|blocked|vendor
trsm,double,sm_89,R,T,1,8,32768,cta|blocked|vendor
trsm,double,sm_89,R,T,1,16,128,cta|blocked|vendor
trsm,double,sm_89,R,T,1,16,512,cta|blocked|vendor
trsm,double,sm_89,R,T,1,16,2048,cta|blocked|vendor
trsm,double,sm_89,R,T,1,16,8192,cta|blocked|vendor
trsm,double,sm_89,R,T,1,16,32768,cta|blocked|vendor
trsm,double,sm_89,R,T,1,32,128,cta|blocked|vendor
trsm,double,sm_89,R,T,1,32,512,cta|blocked|vendor
trsm,double,sm_89,R,T,1,32,2048,cta|blocked|vendor
trsm,double,sm_89,R,T,1,32,8192,cta|blocked|vendor
trsm,double,sm_89,R,T,1,32,32768,cta|blocked|vendor
trsm,double,sm_89,R,T,1,64,128,cta|blocked|vendor
trsm,double,sm_89,R,T,1,64,512,cta|blocked|vendor
trsm,double,sm_89,R,T,1,64,2048,cta|blocked|vendor
trsm,double,sm_89,R,T,1,64,8192,cta|blocked|vendor
trsm,double,sm_89,R,T,1,64,32768,cta|blocked|vendor
trsm,double,sm_89,R,T,1,128,128,cta|blocked|vendor
trsm,double,sm_89,R,T,1,128,512,cta|blocked|vendor
trsm,double,sm_89,R,T,1,128,2048,cta|blocked|vendor
trsm,double,sm_89,R,T,1,128,8192,cta|blocked|vendor
trsm,double,sm_89,R,T,1,128,32768,cta|blocked|vendor
trsm,double,sm_89,R,T,1,256,128,cta|blocked|vendor
trsm,double,sm_89,R,T,1,256,512,cta|blocked|vendor
trsm,double,sm_89,R,T,1,256,2048,cta|blocked|vendor
trsm,double,sm_89,R,T,1,256,8192,cta|blocked|vendor
trsm,double,sm_89,R,T,1,256,32768,cta|blocked|vendor
trsm,double,sm_89,R,T,1,512,128,cta|blocked|vendor
trsm,double,sm_89,R,T,1,512,512,cta|blocked|vendor
trsm,double,sm_89,R,T,1,512,2048,cta|blocked|vendor
trsm,double,sm_89,R,T,1,512,8192,cta|blocked|vendor
trsm,double,sm_89,R,T,1,512,32768,cta|blocked|vendor
trsm,double,sm_89,R,T,1,1024,128,cta|blocked|vendor
trsm,double,sm_89,R,T,1,1024,512,cta|blocked|vendor
trsm,double,sm_89,R,T,1,1024,2048,cta|blocked|vendor
trsm,double,sm_89,R,T,1,1024,8192,cta|blocked|vendor
trsm,double,sm_89,R,T,1,1024,32768,cta|blocked|vendor
trsm,double,sm_89,R,T,1,4096,128,cta|blocked|vendor
trsm,double,sm_89,R,T,1,4096,512,cta|blocked|vendor
trsm,double,sm_89,R,T,1,4096,2048,cta|blocked|vendor
trsm,double,sm_89,R,T,1,4096,8192,cta|blocked|vendor
trsm,double,sm_89,R,T,1,4096,32768,cta|blocked|vendor
trsm,double,sm_89,R,T,2,1,128,cta|blocked|vendor
trsm,double,sm_89,R,T,2,1,512,cta|blocked|vendor
trsm,double,sm_89,R,T,2,1,2048,cta|blocked|vendor
trsm,double,sm_89,R,T,2,1,8192,cta|blocked|vendor
trsm,double,sm_89,R,T,2,1,32768,cta|blocked|vendor
trsm,double,sm_89,R,T,2,2,128,cta|blocked|vendor
trsm,double,sm_89,R,T,2,2,512,cta|blocked|vendor
trsm,double,sm_89,R,T,2,2,2048,cta|blocked|vendor
trsm,double,sm_89,R,T,2,2,8192,cta|blocked|vendor
trsm,double,sm_89,R,T,2,2,32768,cta|blocked|vendor
trsm,double,sm_89,R,T,2,4,128,cta|blocked|vendor
trsm,double,sm_89,R,T,2,4,512,cta|blocked|vendor
trsm,double,sm_89,R,T,2,4,2048,cta|blocked|vendor
trsm,double,sm_89,R,T,2,4,8192,cta|blocked|vendor
trsm,double,sm_89,R,T,2,4,32768,cta|blocked|vendor
trsm,double,sm_89,R,T,2,8,128,cta|blocked|vendor
trsm,double,sm_89,R,T,2,8,512,cta|blocked|vendor
trsm,double,sm_89,R,T,2,8,2048,cta|blocked|vendor
trsm,double,sm_89,R,T,2,8,8192,cta|blocked|vendor
trsm,double,sm_89,R,T,2,8,32768,cta|blocked|vendor
trsm,double,sm_89,R,T,2,16,128,cta|blocked|vendor
trsm,double,sm_89,R,T,2,16,512,cta|blocked|vendor
trsm,double,sm_89,R,T,2,16,2048,cta|blocked|vendor
trsm,double,sm_89,R,T,2,16,8192,cta|blocked|vendor
trsm,double,sm_89,R,T,2,16,32768,cta|blocked|vendor
trsm,double,sm_89,R,T,2,32,128,cta|blocked|vendor
trsm,double,sm_89,R,T,2,32,512,cta|blocked|vendor
trsm,double,sm_89,R,T,2,32,2048,cta|blocked|vendor
trsm,double,sm_89,R,T,2,32,8192,cta|blocked|vendor
trsm,double,sm_89,R,T,2,32,32768,cta|blocked|vendor
trsm,double,sm_89,R,T,2,64,128,cta|blocked|vendor
trsm,double,sm_89,R,T,2,64,512,cta|blocked|vendor
trsm,double,sm_89,R,T,2,64,2048,cta|blocked|vendor
trsm,double,sm_89,R,T,2,64,8192,cta|blocked|vendor
trsm,double,sm_89,R,T,2,64,32768,cta|blocked|vendor
trsm,double,sm_89,R,T,2,128,128,cta|blocked|vendor
trsm,double,sm_89,R,T,2,128,512,cta|blocked|vendor
trsm,double,sm_89,R,T,2,128,2048,cta|blocked|vendor
trsm,double,sm_89,R,T,2,128,8192,cta|blocked|vendor
trsm,double,sm_89,R,T,2,128,32768,cta|blocked|vendor
trsm,double,sm_89,R,T,2,256,128,cta|blocked|vendor
trsm,double,sm_89,R,T,2,256,512,cta|blocked|vendor
trsm,double,sm_89,R,T,2,256,2048,cta|blocked|vendor
trsm,double,sm_89,R,T,2,256,8192,cta|blocked|vendor
trsm,double,sm_89,R,T,2,256,32768,cta|blocked|vendor
trsm,double,sm_89,R,T,2,512,128,cta|blocked|vendor
trsm,double,sm_89,R,T,2,512,512,cta|blocked|vendor
trsm,double,sm_89,R,T,2,512,2048,cta|blocked|vendor
trsm,double,sm_89,R,T,2,512,8192,cta|blocked|vendor
trsm,double,sm_89,R,T,2,512,32768,cta|blocked|vendor
trsm,double,sm_89,R,T,2,1024,128,cta|blocked|vendor
trsm,double,sm_89,R,T,2,1024,512,cta|blocked|vendor
trsm,double,sm_89,R,T,2,1024,2048,cta|blocked|vendor
trsm,double,sm_89,R,T,2,1024,8192,cta|blocked|vendor
trsm,double,sm_89,R,T,2,1024,32768,cta|blocked|vendor
trsm,double,sm_89,R,T,2,4096,128,cta|blocked|vendor
trsm,double,sm_89,R,T,2,4096,512,cta|blocked|vendor
trsm,double,sm_89,R,T,2,4096,2048,cta|blocked|vendor
trsm,double,sm_89,R,T,2,4096,8192,cta|blocked|vendor
trsm,double,sm_89,R,T,2,4096,32768,cta|blocked|vendor
trsm,double,sm_89,R,T,4,1,128,cta|blocked|vendor
trsm,double,sm_89,R,T,4,1,512,cta|blocked|vendor
trsm,double,sm_89,R,T,4,1,2048,cta|blocked|vendor
trsm,double,sm_89,R,T,4,1,8192,cta|blocked|vendor
trsm,double,sm_89,R,T,4,1,32768,cta|blocked|vendor
trsm,double,sm_89,R,T,4,2,128,cta|blocked|vendor
trsm,double,sm_89,R,T,4,2,512,cta|blocked|vendor
trsm,double,sm_89,R,T,4,2,2048,cta|blocked|vendor
trsm,double,sm_89,R,T,4,2,8192,cta|blocked|vendor
trsm,double,sm_89,R,T,4,2,32768,cta|blocked|vendor
trsm,double,sm_89,R,T,4,4,128,cta|blocked|vendor
trsm,double,sm_89,R,T,4,4,512,cta|blocked|vendor
trsm,double,sm_89,R,T,4,4,2048,cta|blocked|vendor
trsm,double,sm_89,R,T,4,4,8192,cta|blocked|vendor
trsm,double,sm_89,R,T,4,4,32768,cta|blocked|vendor
trsm,double,sm_89,R,T,4,8,128,cta|blocked|vendor
trsm,double,sm_89,R,T,4,8,512,cta|blocked|vendor
trsm,double,sm_89,R,T,4,8,2048,cta|blocked|vendor
trsm,double,sm_89,R,T,4,8,8192,cta|blocked|vendor
trsm,double,sm_89,R,T,4,8,32768,cta|blocked|vendor
trsm,double,sm_89,R,T,4,16,128,cta|blocked|vendor
trsm,double,sm_89,R,T,4,16,512,cta|blocked|vendor
trsm,double,sm_89,R,T,4,16,2048,cta|blocked|vendor
trsm,double,sm_89,R,T,4,16,8192,cta|blocked|vendor
trsm,double,sm_89,R,T,4,16,32768,cta|blocked|vendor
trsm,double,sm_89,R,T,4,32,128,cta|blocked|vendor
trsm,double,sm_89,R,T,4,32,512,cta|blocked|vendor
trsm,double,sm_89,R,T,4,32,2048,cta|blocked|vendor
trsm,double,sm_89,R,T,4,32,8192,cta|blocked|vendor
trsm,double,sm_89,R,T,4,32,32768,cta|blocked|vendor
trsm,double,sm_89,R,T,4,64,128,cta|blocked|vendor
trsm,double,sm_89,R,T,4,64,512,cta|blocked|vendor
trsm,double,sm_89,R,T,4,64,2048,cta|blocked|vendor
trsm,double,sm_89,R,T,4,64,8192,cta|blocked|vendor
trsm,double,sm_89,R,T,4,64,32768,cta|blocked|vendor
trsm,double,sm_89,R,T,4,128,128,cta|blocked|vendor
trsm,double,sm_89,R,T,4,128,512,cta|blocked|vendor
trsm,double,sm_89,R,T,4,128,2048,cta|blocked|vendor
trsm,double,sm_89,R,T,4,128,8192,cta|blocked|vendor
trsm,double,sm_89,R,T,4,128,32768,cta|blocked|vendor
trsm,double,sm_89,R,T,4,256,128,cta|blocked|vendor
trsm,double,sm_89,R,T,4,256,512,cta|blocked|vendor
trsm,double,sm_89,R,T,4,256,2048,cta|blocked|vendor
trsm,double,sm_89,R,T,4,256,8192,cta|blocked|vendor
trsm,double,sm_89,R,T,4,256,32768,cta|blocked|vendor
trsm,double,sm_89,R,T,4,512,128,cta|blocked|vendor
trsm,double,sm_89,R,T,4,512,512,cta|blocked|vendor
trsm,double,sm_89,R,T,4,512,2048,cta|blocked|vendor
trsm,double,sm_89,R,T,4,512,8192,cta|blocked|vendor
trsm,double,sm_89,R,T,4,512,32768,cta|blocked|vendor
trsm,double,sm_89,R,T,4,1024,128,cta|blocked|vendor
trsm,double,sm_89,R,T,4,1024,512,cta|blocked|vendor
trsm,double,sm_89,R,T,4,1024,2048,cta|blocked|vendor
trsm,double,sm_89,R,T,4,1024,8192,cta|blocked|vendor
trsm,double,sm_89,R,T,4,1024,32768,cta|blocked|vendor
trsm,double,sm_89,R,T,4,4096,128,cta|blocked|vendor
trsm,double,sm_89,R,T,4,4096,512,cta|blocked|vendor
trsm,double,sm_89,R,T,4,4096,2048,cta|blocked|vendor
trsm,double,sm_89,R,T,4,4096,8192,cta|blocked|vendor
trsm,double,sm_89,R,T,4,4096,32768,cta|blocked|vendor
trsm,double,sm_89,R,T,8,1,128,cta|blocked|vendor
trsm,double,sm_89,R,T,8,1,512,cta|blocked|vendor
trsm,double,sm_89,R,T,8,1,2048,cta|blocked|vendor
trsm,double,sm_89,R,T,8,1,8192,cta|blocked|vendor
trsm,double,sm_89,R,T,8,1,32768,cta|blocked|vendor
trsm,double,sm_89,R,T,8,2,128,cta|blocked|vendor
trsm,double,sm_89,R,T,8,2,512,cta|blocked|vendor
trsm,double,sm_89,R,T,8,2,2048,cta|blocked|vendor
trsm,double,sm_89,R,T,8,2,8192,cta|blocked|vendor
trsm,double,sm_89,R,T,8,2,32768,cta|blocked|vendor
trsm,double,sm_89,R,T,8,4,128,cta|blocked|vendor
trsm,double,sm_89,R,T,8,4,512,cta|blocked|vendor
trsm,double,sm_89,R,T,8,4,2048,cta|blocked|vendor
trsm,double,sm_89,R,T,8,4,8192,cta|blocked|vendor
trsm,double,sm_89,R,T,8,4,32768,cta|blocked|vendor
trsm,double,sm_89,R,T,8,8,128,cta|blocked|vendor
trsm,double,sm_89,R,T,8,8,512,cta|blocked|vendor
trsm,double,sm_89,R,T,8,8,2048,cta|blocked|vendor
trsm,double,sm_89,R,T,8,8,8192,cta|blocked|vendor
trsm,double,sm_89,R,T,8,8,32768,cta|blocked|vendor
trsm,double,sm_89,R,T,8,16,128,cta|blocked|vendor
trsm,double,sm_89,R,T,8,16,512,cta|blocked|vendor
trsm,double,sm_89,R,T,8,16,2048,cta|blocked|vendor
trsm,double,sm_89,R,T,8,16,8192,cta|blocked|vendor
trsm,double,sm_89,R,T,8,16,32768,cta|blocked|vendor
trsm,double,sm_89,R,T,8,32,128,cta|blocked|vendor
trsm,double,sm_89,R,T,8,32,512,cta|blocked|vendor
trsm,double,sm_89,R,T,8,32,2048,cta|blocked|vendor
trsm,double,sm_89,R,T,8,32,8192,cta|blocked|vendor
trsm,double,sm_89,R,T,8,32,32768,cta|blocked|vendor
trsm,double,sm_89,R,T,8,64,128,cta|blocked|vendor
trsm,double,sm_89,R,T,8,64,512,cta|blocked|vendor
trsm,double,sm_89,R,T,8,64,2048,cta|blocked|vendor
trsm,double,sm_89,R,T,8,64,8192,cta|blocked|vendor
trsm,double,sm_89,R,T,8,64,32768,cta|blocked|vendor
trsm,double,sm_89,R,T,8,128,128,cta|blocked|vendor
trsm,double,sm_89,R,T,8,128,512,cta|blocked|vendor
trsm,double,sm_89,R,T,8,128,2048,cta|blocked|vendor
trsm,double,sm_89,R,T,8,128,8192,cta|blocked|vendor
trsm,double,sm_89,R,T,8,128,32768,cta|blocked|vendor
trsm,double,sm_89,R,T,8,256,128,cta|blocked|vendor
trsm,double,sm_89,R,T,8,256,512,cta|blocked|vendor
trsm,double,sm_89,R,T,8,256,2048,cta|blocked|vendor
trsm,double,sm_89,R,T,8,256,8192,cta|blocked|vendor
trsm,double,sm_89,R,T,8,256,32768,cta|blocked|vendor
trsm,double,sm_89,R,T,8,512,128,cta|blocked|vendor
trsm,double,sm_89,R,T,8,512,512,cta|blocked|vendor
trsm,double,sm_89,R,T,8,512,2048,cta|blocked|vendor
trsm,double,sm_89,R,T,8,512,8192,cta|blocked|vendor
trsm,double,sm_89,R,T,8,512,32768,cta|blocked|vendor
trsm,double,sm_89,R,T,8,1024,128,cta|blocked|vendor
trsm,double,sm_89,R,T,8,1024,512,cta|blocked|vendor
trsm,double,sm_89,R,T,8,1024,2048,cta|blocked|vendor
trsm,double,sm_89,R,T,8,1024,8192,cta|blocked|vendor
trsm,double,sm_89,R,T,8,1024,32768,cta|blocked|vendor
trsm,double,sm_89,R,T,8,4096,128,cta|blocked|vendor
trsm,double,sm_89,R,T,8,4096,512,cta|blocked|vendor
trsm,double,sm_89,R,T,8,4096,2048,cta|blocked|vendor
trsm,double,sm_89,R,T,8,4096,8192,cta|blocked|vendor
trsm,double,sm_89,R,T,8,4096,32768,cta|blocked|vendor
trsm,double,sm_89,R,T,12,1,128,cta|blocked|vendor
trsm,double,sm_89,R,T,12,1,512,cta|blocked|vendor
trsm,double,sm_89,R,T,12,1,2048,cta|blocked|vendor
trsm,double,sm_89,R,T,12,1,8192,cta|blocked|vendor
trsm,double,sm_89,R,T,12,1,32768,cta|blocked|vendor
trsm,double,sm_89,R,T,12,2,128,cta|blocked|vendor
trsm,double,sm_89,R,T,12,2,512,cta|blocked|vendor
trsm,double,sm_89,R,T,12,2,2048,cta|blocked|vendor
trsm,double,sm_89,R,T,12,2,8192,cta|blocked|vendor
trsm,double,sm_89,R,T,12,2,32768,cta|blocked|vendor
trsm,double,sm_89,R,T,12,4,128,cta|blocked|vendor
trsm,double,sm_89,R,T,12,4,512,cta|blocked|vendor
trsm,double,sm_89,R,T,12,4,2048,cta|blocked|vendor
trsm,double,sm_89,R,T,12,4,8192,cta|blocked|vendor
trsm,double,sm_89,R,T,12,4,32768,cta|blocked|vendor
trsm,double,sm_89,R,T,12,8,128,cta|blocked|vendor
trsm,double,sm_89,R,T,12,8,512,cta|blocked|vendor
trsm,double,sm_89,R,T,12,8,2048,cta|blocked|vendor
trsm,double,sm_89,R,T,12,8,8192,cta|blocked|vendor
trsm,double,sm_89,R,T,12,8,32768,cta|blocked|vendor
trsm,double,sm_89,R,T,12,16,128,cta|blocked|vendor
trsm,double,sm_89,R,T,12,16,512,cta|blocked|vendor
trsm,double,sm_89,R,T,12,16,2048,cta|blocked|vendor
trsm,double,sm_89,R,T,12,16,8192,cta|blocked|vendor
trsm,double,sm_89,R,T,12,16,32768,cta|blocked|vendor
trsm,double,sm_89,R,T,12,32,128,cta|blocked|vendor
trsm,double,sm_89,R,T,12,32,512,cta|blocked|vendor
trsm,double,sm_89,R,T,12,32,2048,cta|blocked|vendor
trsm,double,sm_89,R,T,12,32,8192,cta|blocked|vendor
trsm,double,sm_89,R,T,12,32,32768,cta|blocked|vendor
trsm,double,sm_89,R,T,12,64,128,cta|blocked|vendor
trsm,double,sm_89,R,T,12,64,512,cta|blocked|vendor
trsm,double,sm_89,R,T,12,64,2048,cta|blocked|vendor
trsm,double,sm_89,R,T,12,64,8192,cta|blocked|vendor
trsm,double,sm_89,R,T,12,64,32768,cta|blocked|vendor
trsm,double,sm_89,R,T,12,128,128,cta|blocked|vendor
trsm,double,sm_89,R,T,12,128,512,cta|blocked|vendor
trsm,double,sm_89,R,T,12,128,2048,cta|blocked|vendor
trsm,double,sm_89,R,T,12,128,8192,cta|blocked|vendor
trsm,double,sm_89,R,T,12,128,32768,cta|blocked|vendor
trsm,double,sm_89,R,T,12,256,128,cta|blocked|vendor
trsm,double,sm_89,R,T,12,256,512,cta|blocked|vendor
trsm,double,sm_89,R,T,12,256,2048,cta|blocked|vendor
trsm,double,sm_89,R,T,12,256,8192,cta|blocked|vendor
trsm,double,sm_89,R,T,12,256,32768,cta|blocked|vendor
trsm,double,sm_89,R,T,12,512,128,cta|blocked|vendor
trsm,double,sm_89,R,T,12,512,512,cta|blocked|vendor
trsm,double,sm_89,R,T,12,512,2048,cta|blocked|vendor
trsm,double,sm_89,R,T,12,512,8192,cta|blocked|vendor
trsm,double,sm_89,R,T,12,512,32768,cta|blocked|vendor
trsm,double,sm_89,R,T,12,1024,128,cta|blocked|vendor
trsm,double,sm_89,R,T,12,1024,512,cta|blocked|vendor
trsm,double,sm_89,R,T,12,1024,2048,cta|blocked|vendor
trsm,double,sm_89,R,T,12,1024,8192,cta|blocked|vendor
trsm,double,sm_89,R,T,12,1024,32768,cta|blocked|vendor
trsm,double,sm_89,R,T,12,4096,128,cta|blocked|vendor
trsm,double,sm_89,R,T,12,4096,512,cta|blocked|vendor
trsm,double,sm_89,R,T,12,4096,2048,cta|blocked|vendor
trsm,double,sm_89,R,T,12,4096,8192,cta|blocked|vendor
trsm,double,sm_89,R,T,12,4096,32768,cta|blocked|vendor
trsm,double,sm_89,R,T,16,1,128,cta|blocked|vendor
trsm,double,sm_89,R,T,16,1,512,cta|blocked|vendor
trsm,double,sm_89,R,T,16,1,2048,cta|blocked|vendor
trsm,double,sm_89,R,T,16,1,8192,cta|blocked|vendor
trsm,double,sm_89,R,T,16,1,32768,cta|blocked|vendor
trsm,double,sm_89,R,T,16,2,128,cta|blocked|vendor
trsm,double,sm_89,R,T,16,2,512,cta|blocked|vendor
trsm,double,sm_89,R,T,16,2,2048,cta|blocked|vendor
trsm,double,sm_89,R,T,16,2,8192,cta|blocked|vendor
trsm,double,sm_89,R,T,16,2,32768,cta|blocked|vendor
trsm,double,sm_89,R,T,16,4,128,cta|blocked|vendor
trsm,double,sm_89,R,T,16,4,512,cta|blocked|vendor
trsm,double,sm_89,R,T,16,4,2048,cta|blocked|vendor
trsm,double,sm_89,R,T,16,4,8192,cta|blocked|vendor
trsm,double,sm_89,R,T,16,4,32768,cta|blocked|vendor
trsm,double,sm_89,R,T,16,8,128,cta|blocked|vendor
trsm,double,sm_89,R,T,16,8,512,cta|blocked|vendor
trsm,double,sm_89,R,T,16,8,2048,cta|blocked|vendor
trsm,double,sm_89,R,T,16,8,8192,cta|blocked|vendor
trsm,double,sm_89,R,T,16,8,32768,cta|blocked|vendor
trsm,double,sm_89,R,T,16,16,128,cta|blocked|vendor
trsm,double,sm_89,R,T,16,16,512,cta|blocked|vendor
trsm,double,sm_89,R,T,16,16,2048,cta|blocked|vendor
trsm,double,sm_89,R,T,16,16,8192,cta|blocked|vendor
trsm,double,sm_89,R,T,16,16,32768,cta|blocked|vendor
trsm,double,sm_89,R,T,16,32,128,cta|blocked|vendor
trsm,double,sm_89,R,T,16,32,512,cta|blocked|vendor
trsm,double,sm_89,R,T,16,32,2048,cta|blocked|vendor
trsm,double,sm_89,R,T,16,32,8192,cta|blocked|vendor
trsm,double,sm_89,R,T,16,32,32768,cta|blocked|vendor
trsm,double,sm_89,R,T,16,64,128,cta|blocked|vendor
trsm,double,sm_89,R,T,16,64,512,cta|blocked|vendor
trsm,double,sm_89,R,T,16,64,2048,cta|blocked|vendor
trsm,double,sm_89,R,T,16,64,8192,cta|blocked|vendor
trsm,double,sm_89,R,T,16,64,32768,cta|blocked|vendor
trsm,double,sm_89,R,T,16,128,128,cta|blocked|vendor
trsm,double,sm_89,R,T,16,128,512,cta|blocked|vendor
trsm,double,sm_89,R,T,16,128,2048,cta|blocked|vendor
trsm,double,sm_89,R,T,16,128,8192,cta|blocked|vendor
trsm,double,sm_89,R,T,16,128,32768,cta|blocked|vendor
trsm,double,sm_89,R,T,16,256,128,cta|blocked|vendor
trsm,double,sm_89,R,T,16,256,512,cta|blocked|vendor
trsm,double,sm_89,R,T,16,256,2048,cta|blocked|vendor
trsm,double,sm_89,R,T,16,256,8192,cta|blocked|vendor
trsm,double,sm_89,R,T,16,256,32768,cta|blocked|vendor
trsm,double,sm_89,R,T,16,512,128,cta|blocked|vendor
trsm,double,sm_89,R,T,16,512,512,cta|blocked|vendor
trsm,double,sm_89,R,T,16,512,2048,cta|blocked|vendor
trsm,double,sm_89,R,T,16,512,8192,cta|blocked|vendor
trsm,double,sm_89,R,T,16,512,32768,cta|blocked|vendor
trsm,double,sm_89,R,T,16,1024,128,cta|blocked|vendor
trsm,double,sm_89,R,T,16,1024,512,cta|blocked|vendor
trsm,double,sm_89,R,T,16,1024,2048,cta|blocked|vendor
trsm,double,sm_89,R,T,16,1024,8192,cta|blocked|vendor
trsm,double,sm_89,R,T,16,1024,32768,cta|blocked|vendor
trsm,double,sm_89,R,T,16,4096,128,cta|blocked|vendor
trsm,double,sm_89,R,T,16,4096,512,cta|blocked|vendor
trsm,double,sm_89,R,T,16,4096,2048,cta|blocked|vendor
trsm,double,sm_89,R,T,16,4096,8192,cta|blocked|vendor
trsm,double,sm_89,R,T,16,4096,32768,cta|blocked|vendor
trsm,double,sm_89,R,T,24,1,128,cta|blocked|vendor
trsm,double,sm_89,R,T,24,1,512,cta|blocked|vendor
trsm,double,sm_89,R,T,24,1,2048,cta|blocked|vendor
trsm,double,sm_89,R,T,24,1,8192,cta|blocked|vendor
trsm,double,sm_89,R,T,24,1,32768,cta|blocked|vendor
trsm,double,sm_89,R,T,24,2,128,cta|blocked|vendor
trsm,double,sm_89,R,T,24,2,512,cta|blocked|vendor
trsm,double,sm_89,R,T,24,2,2048,cta|blocked|vendor
trsm,double,sm_89,R,T,24,2,8192,cta|blocked|vendor
trsm,double,sm_89,R,T,24,2,32768,cta|blocked|vendor
trsm,double,sm_89,R,T,24,4,128,cta|blocked|vendor
trsm,double,sm_89,R,T,24,4,512,cta|blocked|vendor
trsm,double,sm_89,R,T,24,4,2048,cta|blocked|vendor
trsm,double,sm_89,R,T,24,4,8192,cta|blocked|vendor
trsm,double,sm_89,R,T,24,4,32768,cta|blocked|vendor
trsm,double,sm_89,R,T,24,8,128,cta|blocked|vendor
trsm,double,sm_89,R,T,24,8,512,cta|blocked|vendor
trsm,double,sm_89,R,T,24,8,2048,cta|blocked|vendor
trsm,double,sm_89,R,T,24,8,8192,cta|blocked|vendor
trsm,double,sm_89,R,T,24,8,32768,cta|blocked|vendor
trsm,double,sm_89,R,T,24,16,128,cta|blocked|vendor
trsm,double,sm_89,R,T,24,16,512,cta|blocked|vendor
trsm,double,sm_89,R,T,24,16,2048,cta|blocked|vendor
trsm,double,sm_89,R,T,24,16,8192,cta|blocked|vendor
trsm,double,sm_89,R,T,24,16,32768,cta|blocked|vendor
trsm,double,sm_89,R,T,24,32,128,cta|blocked|vendor
trsm,double,sm_89,R,T,24,32,512,cta|blocked|vendor
trsm,double,sm_89,R,T,24,32,2048,cta|blocked|vendor
trsm,double,sm_89,R,T,24,32,8192,cta|blocked|vendor
trsm,double,sm_89,R,T,24,32,32768,cta|blocked|vendor
trsm,double,sm_89,R,T,24,64,128,cta|blocked|vendor
trsm,double,sm_89,R,T,24,64,512,cta|blocked|vendor
trsm,double,sm_89,R,T,24,64,2048,cta|blocked|vendor
trsm,double,sm_89,R,T,24,64,8192,cta|blocked|vendor
trsm,double,sm_89,R,T,24,64,32768,cta|blocked|vendor
trsm,double,sm_89,R,T,24,128,128,cta|blocked|vendor
trsm,double,sm_89,R,T,24,128,512,cta|blocked|vendor
trsm,double,sm_89,R,T,24,128,2048,cta|blocked|vendor
trsm,double,sm_89,R,T,24,128,8192,cta|blocked|vendor
trsm,double,sm_89,R,T,24,128,32768,cta|blocked|vendor
trsm,double,sm_89,R,T,24,256,128,cta|blocked|vendor
trsm,double,sm_89,R,T,24,256,512,cta|blocked|vendor
trsm,double,sm_89,R,T,24,256,2048,cta|blocked|vendor
trsm,double,sm_89,R,T,24,256,8192,cta|blocked|vendor
trsm,double,sm_89,R,T,24,256,32768,cta|blocked|vendor
trsm,double,sm_89,R,T,24,512,128,cta|blocked|vendor
trsm,double,sm_89,R,T,24,512,512,cta|blocked|vendor
trsm,double,sm_89,R,T,24,512,2048,cta|blocked|vendor
trsm,double,sm_89,R,T,24,512,8192,cta|blocked|vendor
trsm,double,sm_89,R,T,24,512,32768,cta|blocked|vendor
trsm,double,sm_89,R,T,24,1024,128,cta|blocked|vendor
trsm,double,sm_89,R,T,24,1024,512,cta|blocked|vendor
trsm,double,sm_89,R,T,24,1024,2048,cta|blocked|vendor
trsm,double,sm_89,R,T,24,1024,8192,cta|blocked|vendor
trsm,double,sm_89,R,T,24,1024,32768,cta|blocked|vendor
trsm,double,sm_89,R,T,24,4096,128,cta|blocked|vendor
trsm,double,sm_89,R,T,24,4096,512,cta|blocked|vendor
trsm,double,sm_89,R,T,24,4096,2048,cta|blocked|vendor
trsm,double,sm_89,R,T,24,4096,8192,cta|blocked|vendor
trsm,double,sm_89,R,T,24,4096,32768,cta|blocked|vendor
trsm,double,sm_89,R,T,32,1,128,cta|blocked|vendor
trsm,double,sm_89,R,T,32,1,512,cta|blocked|vendor
trsm,double,sm_89,R,T,32,1,2048,cta|blocked|vendor
trsm,double,sm_89,R,T,32,1,8192,cta|blocked|vendor
trsm,double,sm_89,R,T,32,1,32768,cta|blocked|vendor
trsm,double,sm_89,R,T,32,2,128,cta|blocked|vendor
trsm,double,sm_89,R,T,32,2,512,cta|blocked|vendor
trsm,double,sm_89,R,T,32,2,2048,cta|blocked|vendor
trsm,double,sm_89,R,T,32,2,8192,cta|blocked|vendor
trsm,double,sm_89,R,T,32,2,32768,cta|blocked|vendor
trsm,double,sm_89,R,T,32,4,128,cta|blocked|vendor
trsm,double,sm_89,R,T,32,4,512,cta|blocked|vendor
trsm,double,sm_89,R,T,32,4,2048,cta|blocked|vendor
trsm,double,sm_89,R,T,32,4,8192,cta|blocked|vendor
trsm,double,sm_89,R,T,32,4,32768,cta|blocked|vendor
trsm,double,sm_89,R,T,32,8,128,cta|blocked|vendor
trsm,double,sm_89,R,T,32,8,512,cta|blocked|vendor
trsm,double,sm_89,R,T,32,8,2048,cta|blocked|vendor
trsm,double,sm_89,R,T,32,8,8192,cta|blocked|vendor
trsm,double,sm_89,R,T,32,8,32768,cta|blocked|vendor
trsm,double,sm_89,R,T,32,16,128,cta|blocked|vendor
trsm,double,sm_89,R,T,32,16,512,cta|blocked|vendor
trsm,double,sm_89,R,T,32,16,2048,cta|blocked|vendor
trsm,double,sm_89,R,T,32,16,8192,cta|blocked|vendor
trsm,double,sm_89,R,T,32,16,32768,cta|blocked|vendor
trsm,double,sm_89,R,T,32,32,128,cta|blocked|vendor
trsm,double,sm_89,R,T,32,32,512,cta|blocked|vendor
trsm,double,sm_89,R,T,32,32,2048,cta|blocked|vendor
trsm,double,sm_89,R,T,32,32,8192,cta|blocked|vendor
trsm,double,sm_89,R,T,32,32,32768,cta|blocked|vendor
trsm,double,sm_89,R,T,32,64,128,cta|blocked|vendor
trsm,double,sm_89,R,T,32,64,512,cta|blocked|vendor
trsm,double,sm_89,R,T,32,64,2048,cta|blocked|vendor
trsm,double,sm_89,R,T,32,64,8192,cta|blocked|vendor
trsm,double,sm_89,R,T,32,64,32768,cta|blocked|vendor
trsm,double,sm_89,R,T,32,128,128,cta|blocked|vendor
trsm,double,sm_89,R,T,32,128,512,cta|blocked|vendor
trsm,double,sm_89,R,T,32,128,2048,cta|blocked|vendor
trsm,double,sm_89,R,T,32,128,8192,cta|blocked|vendor
trsm,double,sm_89,R,T,32,128,32768,cta|blocked|vendor
trsm,double,sm_89,R,T,32,256,128,cta|blocked|vendor
trsm,double,sm_89,R,T,32,256,512,cta|blocked|vendor
trsm,double,sm_89,R,T,32,256,2048,cta|blocked|vendor
trsm,double,sm_89,R,T,32,256,8192,cta|blocked|vendor
trsm,double,sm_89,R,T,32,256,32768,cta|blocked|vendor
trsm,double,sm_89,R,T,32,512,128,cta|blocked|vendor
trsm,double,sm_89,R,T,32,512,512,cta|blocked|vendor
trsm,double,sm_89,R,T,32,512,2048,cta|blocked|vendor
trsm,double,sm_89,R,T,32,512,8192,cta|blocked|vendor
trsm,double,sm_89,R,T,32,512,32768,cta|blocked|vendor
trsm,double,sm_89,R,T,32,1024,128,cta|blocked|vendor
trsm,double,sm_89,R,T,32,1024,512,cta|blocked|vendor
trsm,double,sm_89,R,T,32,1024,2048,cta|blocked|vendor
trsm,double,sm_89,R,T,32,1024,8192,cta|blocked|vendor
trsm,double,sm_89,R,T,32,1024,32768,cta|blocked|vendor
trsm,double,sm_89,R,T,32,4096,128,cta|blocked|vendor
trsm,double,sm_89,R,T,32,4096,512,cta|blocked|vendor
trsm,double,sm_89,R,T,32,4096,2048,cta|blocked|vendor
trsm,double,sm_89,R,T,32,4096,8192,cta|blocked|vendor
trsm,double,sm_89,R,T,32,4096,32768,cta|blocked|vendor
trsm,double,sm_89,R,T,48,1,128,blocked|vendor
trsm,double,sm_89,R,T,48,1,512,blocked|vendor
trsm,double,sm_89,R,T,48,1,2048,blocked|vendor
trsm,double,sm_89,R,T,48,1,8192,blocked|vendor
trsm,double,sm_89,R,T,48,1,32768,blocked|vendor
trsm,double,sm_89,R,T,48,2,128,blocked|vendor
trsm,double,sm_89,R,T,48,2,512,blocked|vendor
trsm,double,sm_89,R,T,48,2,2048,blocked|vendor
trsm,double,sm_89,R,T,48,2,8192,blocked|vendor
trsm,double,sm_89,R,T,48,2,32768,blocked|vendor
trsm,double,sm_89,R,T,48,4,128,blocked|vendor
trsm,double,sm_89,R,T,48,4,512,blocked|vendor
trsm,double,sm_89,R,T,48,4,2048,blocked|vendor
trsm,double,sm_89,R,T,48,4,8192,blocked|vendor
trsm,double,sm_89,R,T,48,4,32768,blocked|vendor
trsm,double,sm_89,R,T,48,8,128,blocked|vendor
trsm,double,sm_89,R,T,48,8,512,blocked|vendor
trsm,double,sm_89,R,T,48,8,2048,blocked|vendor
trsm,double,sm_89,R,T,48,8,8192,blocked|vendor
trsm,double,sm_89,R,T,48,8,32768,blocked|vendor
trsm,double,sm_89,R,T,48,16,128,blocked|vendor
trsm,double,sm_89,R,T,48,16,512,blocked|vendor
trsm,double,sm_89,R,T,48,16,2048,blocked|vendor
trsm,double,sm_89,R,T,48,16,8192,blocked|vendor
trsm,double,sm_89,R,T,48,16,32768,blocked|vendor
trsm,double,sm_89,R,T,48,32,128,blocked|vendor
trsm,double,sm_89,R,T,48,32,512,blocked|vendor
trsm,double,sm_89,R,T,48,32,2048,blocked|vendor
trsm,double,sm_89,R,T,48,32,8192,blocked|vendor
trsm,double,sm_89,R,T,48,32,32768,blocked|vendor
trsm,double,sm_89,R,T,48,64,128,blocked|vendor
trsm,double,sm_89,R,T,48,64,512,blocked|vendor
trsm,double,sm_89,R,T,48,64,2048,blocked|vendor
trsm,double,sm_89,R,T,48,64,8192,blocked|vendor
trsm,double,sm_89,R,T,48,64,32768,blocked|vendor
trsm,double,sm_89,R,T,48,128,128,blocked|vendor
trsm,double,sm_89,R,T,48,128,512,blocked|vendor
trsm,double,sm_89,R,T,48,128,2048,blocked|vendor
trsm,double,sm_89,R,T,48,128,8192,blocked|vendor
trsm,double,sm_89,R,T,48,128,32768,blocked|vendor
trsm,double,sm_89,R,T,48,256,128,blocked|vendor
trsm,double,sm_89,R,T,48,256,512,blocked|vendor
trsm,double,sm_89,R,T,48,256,2048,blocked|vendor
trsm,double,sm_89,R,T,48,256,8192,blocked|vendor
trsm,double,sm_89,R,T,48,256,32768,blocked|vendor
trsm,double,sm_89,R,T,48,512,128,blocked|vendor
trsm,double,sm_89,R,T,48,512,512,blocked|vendor
trsm,double,sm_89,R,T,48,512,2048,blocked|vendor
trsm,double,sm_89,R,T,48,512,8192,blocked|vendor
trsm,double,sm_89,R,T,48,512,32768,blocked|vendor
trsm,double,sm_89,R,T,48,1024,128,blocked|vendor
trsm,double,sm_89,R,T,48,1024,512,blocked|vendor
trsm,double,sm_89,R,T,48,1024,2048,blocked|vendor
trsm,double,sm_89,R,T,48,1024,8192,blocked|vendor
trsm,double,sm_89,R,T,48,1024,32768,blocked|vendor
trsm,double,sm_89,R,T,48,4096,128,blocked|vendor
trsm,double,sm_89,R,T,48,4096,512,blocked|vendor
trsm,double,sm_89,R,T,48,4096,2048,blocked|vendor
trsm,double,sm_89,R,T,48,4096,8192,blocked|vendor
trsm,double,sm_89,R,T,48,4096,32768,blocked|vendor
trsm,double,sm_89,R,T,64,1,128,blocked|vendor
trsm,double,sm_89,R,T,64,1,512,blocked|vendor
trsm,double,sm_89,R,T,64,1,2048,blocked|vendor
trsm,double,sm_89,R,T,64,1,8192,blocked|vendor
trsm,double,sm_89,R,T,64,1,32768,blocked|vendor
trsm,double,sm_89,R,T,64,2,128,blocked|vendor
trsm,double,sm_89,R,T,64,2,512,blocked|vendor
trsm,double,sm_89,R,T,64,2,2048,blocked|vendor
trsm,double,sm_89,R,T,64,2,8192,blocked|vendor
trsm,double,sm_89,R,T,64,2,32768,blocked|vendor
trsm,double,sm_89,R,T,64,4,128,blocked|vendor
trsm,double,sm_89,R,T,64,4,512,blocked|vendor
trsm,double,sm_89,R,T,64,4,2048,blocked|vendor
trsm,double,sm_89,R,T,64,4,8192,blocked|vendor
trsm,double,sm_89,R,T,64,4,32768,blocked|vendor
trsm,double,sm_89,R,T,64,8,128,blocked|vendor
trsm,double,sm_89,R,T,64,8,512,blocked|vendor
trsm,double,sm_89,R,T,64,8,2048,blocked|vendor
trsm,double,sm_89,R,T,64,8,8192,blocked|vendor
trsm,double,sm_89,R,T,64,8,32768,blocked|vendor
trsm,double,sm_89,R,T,64,16,128,blocked|vendor
trsm,double,sm_89,R,T,64,16,512,blocked|vendor
trsm,double,sm_89,R,T,64,16,2048,blocked|vendor
trsm,double,sm_89,R,T,64,16,8192,blocked|vendor
trsm,double,sm_89,R,T,64,16,32768,blocked|vendor
trsm,double,sm_89,R,T,64,32,128,blocked|vendor
trsm,double,sm_89,R,T,64,32,512,blocked|vendor
trsm,double,sm_89,R,T,64,32,2048,blocked|vendor
trsm,double,sm_89,R,T,64,32,8192,blocked|vendor
trsm,double,sm_89,R,T,64,32,32768,blocked|vendor
trsm,double,sm_89,R,T,64,64,128,blocked|vendor
trsm,double,sm_89,R,T,64,64,512,blocked|vendor
trsm,double,sm_89,R,T,64,64,2048,blocked|vendor
trsm,double,sm_89,R,T,64,64,8192,blocked|vendor
trsm,double,sm_89,R,T,64,64,32768,blocked|vendor
trsm,double,sm_89,R,T,64,128,128,blocked|vendor
trsm,double,sm_89,R,T,64,128,512,blocked|vendor
trsm,double,sm_89,R,T,64,128,2048,blocked|vendor
trsm,double,sm_89,R,T,64,128,8192,blocked|vendor
trsm,double,sm_89,R,T,64,128,32768,blocked|vendor
trsm,double,sm_89,R,T,64,256,128,blocked|vendor
trsm,double,sm_89,R,T,64,256,512,blocked|vendor
trsm,double,sm_89,R,T,64,256,2048,blocked|vendor
trsm,double,sm_89,R,T,64,256,8192,blocked|vendor
trsm,double,sm_89,R,T,64,256,32768,blocked|vendor
trsm,double,sm_89,R,T,64,512,128,blocked|vendor
trsm,double,sm_89,R,T,64,512,512,blocked|vendor
trsm,double,sm_89,R,T,64,512,2048,blocked|vendor
trsm,double,sm_89,R,T,64,512,8192,blocked|vendor
trsm,double,sm_89,R,T,64,512,32768,blocked|vendor
trsm,double,sm_89,R,T,64,1024,128,blocked|vendor
trsm,double,sm_89,R,T,64,1024,512,blocked|vendor
trsm,double,sm_89,R,T,64,1024,2048,blocked|vendor
trsm,double,sm_89,R,T,64,1024,8192,blocked|vendor
trsm,double,sm_89,R,T,64,1024,32768,blocked|vendor
trsm,double,sm_89,R,T,64,4096,128,blocked|vendor
trsm,double,sm_89,R,T,64,4096,512,blocked|vendor
trsm,double,sm_89,R,T,64,4096,2048,blocked|vendor
trsm,double,sm_89,R,T,64,4096,8192,blocked|vendor
trsm,double,sm_89,R,T,64,4096,32768,blocked|vendor
trsm,double,sm_89,R,T,96,1,128,blocked|vendor
trsm,double,sm_89,R,T,96,1,512,blocked|vendor
trsm,double,sm_89,R,T,96,1,2048,blocked|vendor
trsm,double,sm_89,R,T,96,1,8192,blocked|vendor
trsm,double,sm_89,R,T,96,1,32768,blocked|vendor
trsm,double,sm_89,R,T,96,2,128,blocked|vendor
trsm,double,sm_89,R,T,96,2,512,blocked|vendor
trsm,double,sm_89,R,T,96,2,2048,blocked|vendor
trsm,double,sm_89,R,T,96,2,8192,blocked|vendor
trsm,double,sm_89,R,T,96,2,32768,blocked|vendor
trsm,double,sm_89,R,T,96,4,128,blocked|vendor
trsm,double,sm_89,R,T,96,4,512,blocked|vendor
trsm,double,sm_89,R,T,96,4,2048,blocked|vendor
trsm,double,sm_89,R,T,96,4,8192,blocked|vendor
trsm,double,sm_89,R,T,96,4,32768,blocked|vendor
trsm,double,sm_89,R,T,96,8,128,blocked|vendor
trsm,double,sm_89,R,T,96,8,512,blocked|vendor
trsm,double,sm_89,R,T,96,8,2048,blocked|vendor
trsm,double,sm_89,R,T,96,8,8192,blocked|vendor
trsm,double,sm_89,R,T,96,8,32768,blocked|vendor
trsm,double,sm_89,R,T,96,16,128,blocked|vendor
trsm,double,sm_89,R,T,96,16,512,blocked|vendor
trsm,double,sm_89,R,T,96,16,2048,blocked|vendor
trsm,double,sm_89,R,T,96,16,8192,blocked|vendor
trsm,double,sm_89,R,T,96,16,32768,blocked|vendor
trsm,double,sm_89,R,T,96,32,128,blocked|vendor
trsm,double,sm_89,R,T,96,32,512,blocked|vendor
trsm,double,sm_89,R,T,96,32,2048,blocked|vendor
trsm,double,sm_89,R,T,96,32,8192,blocked|vendor
trsm,double,sm_89,R,T,96,32,32768,blocked|vendor
trsm,double,sm_89,R,T,96,64,128,blocked|vendor
trsm,double,sm_89,R,T,96,64,512,blocked|vendor
trsm,double,sm_89,R,T,96,64,2048,blocked|vendor
trsm,double,sm_89,R,T,96,64,8192,blocked|vendor
trsm,double,sm_89,R,T,96,64,32768,blocked|vendor
trsm,double,sm_89,R,T,96,128,128,blocked|vendor
trsm,double,sm_89,R,T,96,128,512,blocked|vendor
trsm,double,sm_89,R,T,96,128,2048,blocked|vendor
trsm,double,sm_89,R,T,96,128,8192,blocked|vendor
trsm,double,sm_89,R,T,96,128,32768,blocked|vendor
trsm,double,sm_89,R,T,96,256,128,blocked|vendor
trsm,double,sm_89,R,T,96,256,512,blocked|vendor
trsm,double,sm_89,R,T,96,256,2048,blocked|vendor
trsm,double,sm_89,R,T,96,256,8192,blocked|vendor
trsm,double,sm_89,R,T,96,256,32768,blocked|vendor
trsm,double,sm_89,R,T,96,512,128,blocked|vendor
trsm,double,sm_89,R,T,96,512,512,blocked|vendor
trsm,double,sm_89,R,T,96,512,2048,blocked|vendor
trsm,double,sm_89,R,T,96,512,8192,blocked|vendor
trsm,double,sm_89,R,T,96,512,32768,blocked|vendor
trsm,double,sm_89,R,T,96,1024,128,blocked|vendor
trsm,double,sm_89,R,T,96,1024,512,blocked|vendor
trsm,double,sm_89,R,T,96,1024,2048,blocked|vendor
trsm,double,sm_89,R,T,96,1024,8192,blocked|vendor
trsm,double,sm_89,R,T,96,1024,32768,blocked|vendor
trsm,double,sm_89,R,T,96,4096,128,blocked|vendor
trsm,double,sm_89,R,T,96,4096,512,blocked|vendor
trsm,double,sm_89,R,T,96,4096,2048,blocked|vendor
trsm,double,sm_89,R,T,96,4096,8192,blocked|vendor
trsm,double,sm_89,R,T,96,4096,32768,blocked|vendor
trsm,double,sm_89,R,T,128,1,128,blocked|vendor
trsm,double,sm_89,R,T,128,1,512,blocked|vendor
trsm,double,sm_89,R,T,128,1,2048,blocked|vendor
trsm,double,sm_89,R,T,128,1,8192,blocked|vendor
trsm,double,sm_89,R,T,128,1,32768,blocked|vendor
trsm,double,sm_89,R,T,128,2,128,blocked|vendor
trsm,double,sm_89,R,T,128,2,512,blocked|vendor
trsm,double,sm_89,R,T,128,2,2048,blocked|vendor
trsm,double,sm_89,R,T,128,2,8192,blocked|vendor
trsm,double,sm_89,R,T,128,2,32768,blocked|vendor
trsm,double,sm_89,R,T,128,4,128,blocked|vendor
trsm,double,sm_89,R,T,128,4,512,blocked|vendor
trsm,double,sm_89,R,T,128,4,2048,blocked|vendor
trsm,double,sm_89,R,T,128,4,8192,blocked|vendor
trsm,double,sm_89,R,T,128,4,32768,blocked|vendor
trsm,double,sm_89,R,T,128,8,128,blocked|vendor
trsm,double,sm_89,R,T,128,8,512,blocked|vendor
trsm,double,sm_89,R,T,128,8,2048,blocked|vendor
trsm,double,sm_89,R,T,128,8,8192,blocked|vendor
trsm,double,sm_89,R,T,128,8,32768,blocked|vendor
trsm,double,sm_89,R,T,128,16,128,blocked|vendor
trsm,double,sm_89,R,T,128,16,512,blocked|vendor
trsm,double,sm_89,R,T,128,16,2048,blocked|vendor
trsm,double,sm_89,R,T,128,16,8192,blocked|vendor
trsm,double,sm_89,R,T,128,16,32768,blocked|vendor
trsm,double,sm_89,R,T,128,32,128,blocked|vendor
trsm,double,sm_89,R,T,128,32,512,blocked|vendor
trsm,double,sm_89,R,T,128,32,2048,blocked|vendor
trsm,double,sm_89,R,T,128,32,8192,blocked|vendor
trsm,double,sm_89,R,T,128,32,32768,blocked|vendor
trsm,double,sm_89,R,T,128,64,128,blocked|vendor
trsm,double,sm_89,R,T,128,64,512,blocked|vendor
trsm,double,sm_89,R,T,128,64,2048,blocked|vendor
trsm,double,sm_89,R,T,128,64,8192,blocked|vendor
trsm,double,sm_89,R,T,128,64,32768,blocked|vendor
trsm,double,sm_89,R,T,128,128,128,blocked|vendor
trsm,double,sm_89,R,T,128,128,512,blocked|vendor
trsm,double,sm_89,R,T,128,128,2048,blocked|vendor
trsm,double,sm_89,R,T,128,128,8192,blocked|vendor
trsm,double,sm_89,R,T,128,128,32768,blocked|vendor
trsm,double,sm_89,R,T,128,256,128,blocked|vendor
trsm,double,sm_89,R,T,128,256,512,blocked|vendor
trsm,double,sm_89,R,T,128,256,2048,blocked|vendor
trsm,double,sm_89,R,T,128,256,8192,blocked|vendor
trsm,double,sm_89,R,T,128,256,32768,blocked|vendor
trsm,double,sm_89,R,T,128,512,128,blocked|vendor
trsm,double,sm_89,R,T,128,512,512,blocked|vendor
trsm,double,sm_89,R,T,128,512,2048,blocked|vendor
trsm,double,sm_89,R,T,128,512,8192,blocked|vendor
trsm,double,sm_89,R,T,128,512,32768,blocked|vendor
trsm,double,sm_89,R,T,128,1024,128,blocked|vendor
trsm,double,sm_89,R,T,128,1024,512,blocked|vendor
trsm,double,sm_89,R,T,128,1024,2048,blocked|vendor
trsm,double,sm_89,R,T,128,1024,8192,blocked|vendor
trsm,double,sm_89,R,T,128,1024,32768,blocked|vendor
trsm,double,sm_89,R,T,128,4096,128,blocked|vendor
trsm,double,sm_89,R,T,128,4096,512,blocked|vendor
trsm,double,sm_89,R,T,128,4096,2048,blocked|vendor
trsm,double,sm_89,R,T,128,4096,8192,blocked|vendor
trsm,double,sm_89,R,T,128,4096,32768,blocked|vendor
trsm,double,sm_89,R,T,192,1,128,blocked|vendor
trsm,double,sm_89,R,T,192,1,512,blocked|vendor
trsm,double,sm_89,R,T,192,1,2048,blocked|vendor
trsm,double,sm_89,R,T,192,1,8192,blocked|vendor
trsm,double,sm_89,R,T,192,1,32768,blocked|vendor
trsm,double,sm_89,R,T,192,2,128,blocked|vendor
trsm,double,sm_89,R,T,192,2,512,blocked|vendor
trsm,double,sm_89,R,T,192,2,2048,blocked|vendor
trsm,double,sm_89,R,T,192,2,8192,blocked|vendor
trsm,double,sm_89,R,T,192,2,32768,blocked|vendor
trsm,double,sm_89,R,T,192,4,128,blocked|vendor
trsm,double,sm_89,R,T,192,4,512,blocked|vendor
trsm,double,sm_89,R,T,192,4,2048,blocked|vendor
trsm,double,sm_89,R,T,192,4,8192,blocked|vendor
trsm,double,sm_89,R,T,192,4,32768,blocked|vendor
trsm,double,sm_89,R,T,192,8,128,blocked|vendor
trsm,double,sm_89,R,T,192,8,512,blocked|vendor
trsm,double,sm_89,R,T,192,8,2048,blocked|vendor
trsm,double,sm_89,R,T,192,8,8192,blocked|vendor
trsm,double,sm_89,R,T,192,8,32768,blocked|vendor
trsm,double,sm_89,R,T,192,16,128,blocked|vendor
trsm,double,sm_89,R,T,192,16,512,blocked|vendor
trsm,double,sm_89,R,T,192,16,2048,blocked|vendor
trsm,double,sm_89,R,T,192,16,8192,blocked|vendor
trsm,double,sm_89,R,T,192,16,32768,blocked|vendor
trsm,double,sm_89,R,T,192,32,128,blocked|vendor
trsm,double,sm_89,R,T,192,32,512,blocked|vendor
trsm,double,sm_89,R,T,192,32,2048,blocked|vendor
trsm,double,sm_89,R,T,192,32,8192,blocked|vendor
trsm,double,sm_89,R,T,192,32,32768,blocked|vendor
trsm,double,sm_89,R,T,192,64,128,blocked|vendor
trsm,double,sm_89,R,T,192,64,512,blocked|vendor
trsm,double,sm_89,R,T,192,64,2048,blocked|vendor
trsm,double,sm_89,R,T,192,64,8192,blocked|vendor
trsm,double,sm_89,R,T,192,64,32768,blocked|vendor
trsm,double,sm_89,R,T,192,128,128,blocked|vendor
trsm,double,sm_89,R,T,192,128,512,blocked|vendor
trsm,double,sm_89,R,T,192,128,2048,blocked|vendor
trsm,double,sm_89,R,T,192,128,8192,blocked|vendor
trsm,double,sm_89,R,T,192,128,32768,blocked|vendor
trsm,double,sm_89,R,T,192,256,128,blocked|vendor
trsm,double,sm_89,R,T,192,256,512,blocked|vendor
trsm,double,sm_89,R,T,192,256,2048,blocked|vendor
trsm,double,sm_89,R,T,192,256,8192,blocked|vendor
trsm,double,sm_89,R,T,192,256,32768,blocked|vendor
trsm,double,sm_89,R,T,192,512,128,blocked|vendor
trsm,double,sm_89,R,T,192,512,512,blocked|vendor
trsm,double,sm_89,R,T,192,512,2048,blocked|vendor
trsm,double,sm_89,R,T,192,512,8192,blocked|vendor
trsm,double,sm_89,R,T,192,512,32768,blocked|vendor
trsm,double,sm_89,R,T,192,1024,128,blocked|vendor
trsm,double,sm_89,R,T,192,1024,512,blocked|vendor
trsm,double,sm_89,R,T,192,1024,2048,blocked|vendor
trsm,double,sm_89,R,T,192,1024,8192,blocked|vendor
trsm,double,sm_89,R,T,192,1024,32768,blocked|vendor
trsm,double,sm_89,R,T,192,4096,128,blocked|vendor
trsm,double,sm_89,R,T,192,4096,512,blocked|vendor
trsm,double,sm_89,R,T,192,4096,2048,blocked|vendor
trsm,double,sm_89,R,T,192,4096,8192,blocked|vendor
trsm,double,sm_89,R,T,192,4096,32768,blocked|vendor
trsm,double,sm_89,R,T,256,1,128,blocked|vendor
trsm,double,sm_89,R,T,256,1,512,blocked|vendor
trsm,double,sm_89,R,T,256,1,2048,blocked|vendor
trsm,double,sm_89,R,T,256,1,8192,blocked|vendor
trsm,double,sm_89,R,T,256,1,32768,blocked|vendor
trsm,double,sm_89,R,T,256,2,128,blocked|vendor
trsm,double,sm_89,R,T,256,2,512,blocked|vendor
trsm,double,sm_89,R,T,256,2,2048,blocked|vendor
trsm,double,sm_89,R,T,256,2,8192,blocked|vendor
trsm,double,sm_89,R,T,256,2,32768,blocked|vendor
trsm,double,sm_89,R,T,256,4,128,blocked|vendor
trsm,double,sm_89,R,T,256,4,512,blocked|vendor
trsm,double,sm_89,R,T,256,4,2048,blocked|vendor
trsm,double,sm_89,R,T,256,4,8192,blocked|vendor
trsm,double,sm_89,R,T,256,4,32768,blocked|vendor
trsm,double,sm_89,R,T,256,8,128,blocked|vendor
trsm,double,sm_89,R,T,256,8,512,blocked|vendor
trsm,double,sm_89,R,T,256,8,2048,blocked|vendor
trsm,double,sm_89,R,T,256,8,8192,blocked|vendor
trsm,double,sm_89,R,T,256,8,32768,blocked|vendor
trsm,double,sm_89,R,T,256,16,128,blocked|vendor
trsm,double,sm_89,R,T,256,16,512,blocked|vendor
trsm,double,sm_89,R,T,256,16,2048,blocked|vendor
trsm,double,sm_89,R,T,256,16,8192,blocked|vendor
trsm,double,sm_89,R,T,256,16,32768,blocked|vendor
trsm,double,sm_89,R,T,256,32,128,blocked|vendor
trsm,double,sm_89,R,T,256,32,512,blocked|vendor
trsm,double,sm_89,R,T,256,32,2048,blocked|vendor
trsm,double,sm_89,R,T,256,32,8192,blocked|vendor
trsm,double,sm_89,R,T,256,32,32768,blocked|vendor
trsm,double,sm_89,R,T,256,64,128,blocked|vendor
trsm,double,sm_89,R,T,256,64,512,blocked|vendor
trsm,double,sm_89,R,T,256,64,2048,blocked|vendor
trsm,double,sm_89,R,T,256,64,8192,blocked|vendor
trsm,double,sm_89,R,T,256,64,32768,blocked|vendor
trsm,double,sm_89,R,T,256,128,128,blocked|vendor
trsm,double,sm_89,R,T,256,128,512,blocked|vendor
trsm,double,sm_89,R,T,256,128,2048,blocked|vendor
trsm,double,sm_89,R,T,256,128,8192,blocked|vendor
trsm,double,sm_89,R,T,256,128,32768,blocked|vendor
trsm,double,sm_89,R,T,256,256,128,blocked|vendor
trsm,double,sm_89,R,T,256,256,512,blocked|vendor
trsm,double,sm_89,R,T,256,256,2048,blocked|vendor
trsm,double,sm_89,R,T,256,256,8192,blocked|vendor
trsm,double,sm_89,R,T,256,256,32768,blocked|vendor
trsm,double,sm_89,R,T,256,512,128,blocked|vendor
trsm,double,sm_89,R,T,256,512,512,blocked|vendor
trsm,double,sm_89,R,T,256,512,2048,blocked|vendor
trsm,double,sm_89,R,T,256,512,8192,blocked|vendor
trsm,double,sm_89,R,T,256,512,32768,blocked|vendor
trsm,double,sm_89,R,T,256,1024,128,blocked|vendor
trsm,double,sm_89,R,T,256,1024,512,blocked|vendor
trsm,double,sm_89,R,T,256,1024,2048,blocked|vendor
trsm,double,sm_89,R,T,256,1024,8192,blocked|vendor
trsm,double,sm_89,R,T,256,1024,32768,blocked|vendor
trsm,double,sm_89,R,T,256,4096,128,blocked|vendor
trsm,double,sm_89,R,T,256,4096,512,blocked|vendor
trsm,double,sm_89,R,T,256,4096,2048,blocked|vendor
trsm,double,sm_89,R,T,256,4096,8192,blocked|vendor
trsm,double,sm_89,R,T,256,4096,32768,blocked|vendor
trsm,double,sm_89,R,T,384,1,128,blocked|vendor
trsm,double,sm_89,R,T,384,1,512,blocked|vendor
trsm,double,sm_89,R,T,384,1,2048,blocked|vendor
trsm,double,sm_89,R,T,384,1,8192,blocked|vendor
trsm,double,sm_89,R,T,384,1,32768,blocked|vendor
trsm,double,sm_89,R,T,384,2,128,blocked|vendor
trsm,double,sm_89,R,T,384,2,512,blocked|vendor
trsm,double,sm_89,R,T,384,2,2048,blocked|vendor
trsm,double,sm_89,R,T,384,2,8192,blocked|vendor
trsm,double,sm_89,R,T,384,2,32768,blocked|vendor
trsm,double,sm_89,R,T,384,4,128,blocked|vendor
trsm,double,sm_89,R,T,384,4,512,blocked|vendor
trsm,double,sm_89,R,T,384,4,2048,blocked|vendor
trsm,double,sm_89,R,T,384,4,8192,blocked|vendor
trsm,double,sm_89,R,T,384,4,32768,blocked|vendor
trsm,double,sm_89,R,T,384,8,128,blocked|vendor
trsm,double,sm_89,R,T,384,8,512,blocked|vendor
trsm,double,sm_89,R,T,384,8,2048,blocked|vendor
trsm,double,sm_89,R,T,384,8,8192,blocked|vendor
trsm,double,sm_89,R,T,384,8,32768,blocked|vendor
trsm,double,sm_89,R,T,384,16,128,blocked|vendor
trsm,double,sm_89,R,T,384,16,512,blocked|vendor
trsm,double,sm_89,R,T,384,16,2048,blocked|vendor
trsm,double,sm_89,R,T,384,16,8192,blocked|vendor
trsm,double,sm_89,R,T,384,16,32768,blocked|vendor
trsm,double,sm_89,R,T,384,32,128,blocked|vendor
trsm,double,sm_89,R,T,384,32,512,blocked|vendor
trsm,double,sm_89,R,T,384,32,2048,blocked|vendor
trsm,double,sm_89,R,T,384,32,8192,blocked|vendor
trsm,double,sm_89,R,T,384,32,32768,blocked|vendor
trsm,double,sm_89,R,T,384,64,128,blocked|vendor
trsm,double,sm_89,R,T,384,64,512,blocked|vendor
trsm,double,sm_89,R,T,384,64,2048,blocked|vendor
trsm,double,sm_89,R,T,384,64,8192,blocked|vendor
trsm,double,sm_89,R,T,384,64,32768,blocked|vendor
trsm,double,sm_89,R,T,384,128,128,blocked|vendor
trsm,double,sm_89,R,T,384,128,512,blocked|vendor
trsm,double,sm_89,R,T,384,128,2048,blocked|vendor
trsm,double,sm_89,R,T,384,128,8192,blocked|vendor
trsm,double,sm_89,R,T,384,128,32768,blocked|vendor
trsm,double,sm_89,R,T,384,256,128,blocked|vendor
trsm,double,sm_89,R,T,384,256,512,blocked|vendor
trsm,double,sm_89,R,T,384,256,2048,blocked|vendor
trsm,double,sm_89,R,T,384,256,8192,blocked|vendor
trsm,double,sm_89,R,T,384,256,32768,blocked|vendor
trsm,double,sm_89,R,T,384,512,128,blocked|vendor
trsm,double,sm_89,R,T,384,512,512,blocked|vendor
trsm,double,sm_89,R,T,384,512,2048,blocked|vendor
trsm,double,sm_89,R,T,384,512,8192,blocked|vendor
trsm,double,sm_89,R,T,384,512,32768,blocked|vendor
trsm,double,sm_89,R,T,384,1024,128,blocked|vendor
trsm,double,sm_89,R,T,384,1024,512,blocked|vendor
trsm,double,sm_89,R,T,384,1024,2048,blocked|vendor
trsm,double,sm_89,R,T,384,1024,8192,blocked|vendor
trsm,double,sm_89,R,T,384,1024,32768,blocked|vendor
trsm,double,sm_89,R,T,384,4096,128,blocked|vendor
trsm,double,sm_89,R,T,384,4096,512,blocked|vendor
trsm,double,sm_89,R,T,384,4096,2048,blocked|vendor
trsm,double,sm_89,R,T,384,4096,8192,blocked|vendor
trsm,double,sm_89,R,T,384,4096,32768,blocked|vendor
trsm,double,sm_89,R,T,512,1,128,blocked|vendor
trsm,double,sm_89,R,T,512,1,512,blocked|vendor
trsm,double,sm_89,R,T,512,1,2048,blocked|vendor
trsm,double,sm_89,R,T,512,1,8192,blocked|vendor
trsm,double,sm_89,R,T,512,1,32768,blocked|vendor
trsm,double,sm_89,R,T,512,2,128,blocked|vendor
trsm,double,sm_89,R,T,512,2,512,blocked|vendor
trsm,double,sm_89,R,T,512,2,2048,blocked|vendor
trsm,double,sm_89,R,T,512,2,8192,blocked|vendor
trsm,double,sm_89,R,T,512,2,32768,blocked|vendor
trsm,double,sm_89,R,T,512,4,128,blocked|vendor
trsm,double,sm_89,R,T,512,4,512,blocked|vendor
trsm,double,sm_89,R,T,512,4,2048,blocked|vendor
trsm,double,sm_89,R,T,512,4,8192,blocked|vendor
trsm,double,sm_89,R,T,512,4,32768,blocked|vendor
trsm,double,sm_89,R,T,512,8,128,blocked|vendor
trsm,double,sm_89,R,T,512,8,512,blocked|vendor
trsm,double,sm_89,R,T,512,8,2048,blocked|vendor
trsm,double,sm_89,R,T,512,8,8192,blocked|vendor
trsm,double,sm_89,R,T,512,8,32768,blocked|vendor
trsm,double,sm_89,R,T,512,16,128,blocked|vendor
trsm,double,sm_89,R,T,512,16,512,blocked|vendor
trsm,double,sm_89,R,T,512,16,2048,blocked|vendor
trsm,double,sm_89,R,T,512,16,8192,blocked|vendor
trsm,double,sm_89,R,T,512,16,32768,blocked|vendor
trsm,double,sm_89,R,T,512,32,128,blocked|vendor
trsm,double,sm_89,R,T,512,32,512,blocked|vendor
trsm,double,sm_89,R,T,512,32,2048,blocked|vendor
trsm,double,sm_89,R,T,512,32,8192,blocked|vendor
trsm,double,sm_89,R,T,512,32,32768,blocked|vendor
trsm,double,sm_89,R,T,512,64,128,blocked|vendor
trsm,double,sm_89,R,T,512,64,512,blocked|vendor
trsm,double,sm_89,R,T,512,64,2048,blocked|vendor
trsm,double,sm_89,R,T,512,64,8192,blocked|vendor
trsm,double,sm_89,R,T,512,64,32768,blocked|vendor
trsm,double,sm_89,R,T,512,128,128,blocked|vendor
trsm,double,sm_89,R,T,512,128,512,blocked|vendor
trsm,double,sm_89,R,T,512,128,2048,blocked|vendor
trsm,double,sm_89,R,T,512,128,8192,blocked|vendor
trsm,double,sm_89,R,T,512,128,32768,blocked|vendor
trsm,double,sm_89,R,T,512,256,128,blocked|vendor
trsm,double,sm_89,R,T,512,256,512,blocked|vendor
trsm,double,sm_89,R,T,512,256,2048,blocked|vendor
trsm,double,sm_89,R,T,512,256,8192,blocked|vendor
trsm,double,sm_89,R,T,512,256,32768,blocked|vendor
trsm,double,sm_89,R,T,512,512,128,blocked|vendor
trsm,double,sm_89,R,T,512,512,512,blocked|vendor
trsm,double,sm_89,R,T,512,512,2048,blocked|vendor
trsm,double,sm_89,R,T,512,512,8192,blocked|vendor
trsm,double,sm_89,R,T,512,512,32768,blocked|vendor
trsm,double,sm_89,R,T,512,1024,128,blocked|vendor
trsm,double,sm_89,R,T,512,1024,512,blocked|vendor
trsm,double,sm_89,R,T,512,1024,2048,blocked|vendor
trsm,double,sm_89,R,T,512,1024,8192,blocked|vendor
trsm,double,sm_89,R,T,512,1024,32768,blocked|vendor
trsm,double,sm_89,R,T,512,4096,128,blocked|vendor
trsm,double,sm_89,R,T,512,4096,512,blocked|vendor
trsm,double,sm_89,R,T,512,4096,2048,blocked|vendor
trsm,double,sm_89,R,T,512,4096,8192,blocked|vendor
trsm,double,sm_89,R,T,512,4096,32768,blocked|vendor
trsm,double,sm_89,R,T,768,1,128,blocked|vendor
trsm,double,sm_89,R,T,768,1,512,blocked|vendor
trsm,double,sm_89,R,T,768,1,2048,blocked|vendor
trsm,double,sm_89,R,T,768,1,8192,blocked|vendor
trsm,double,sm_89,R,T,768,1,32768,blocked|vendor
trsm,double,sm_89,R,T,768,2,128,blocked|vendor
trsm,double,sm_89,R,T,768,2,512,blocked|vendor
trsm,double,sm_89,R,T,768,2,2048,blocked|vendor
trsm,double,sm_89,R,T,768,2,8192,blocked|vendor
trsm,double,sm_89,R,T,768,2,32768,blocked|vendor
trsm,double,sm_89,R,T,768,4,128,blocked|vendor
trsm,double,sm_89,R,T,768,4,512,blocked|vendor
trsm,double,sm_89,R,T,768,4,2048,blocked|vendor
trsm,double,sm_89,R,T,768,4,8192,blocked|vendor
trsm,double,sm_89,R,T,768,4,32768,blocked|vendor
trsm,double,sm_89,R,T,768,8,128,blocked|vendor
trsm,double,sm_89,R,T,768,8,512,blocked|vendor
trsm,double,sm_89,R,T,768,8,2048,blocked|vendor
trsm,double,sm_89,R,T,768,8,8192,blocked|vendor
trsm,double,sm_89,R,T,768,8,32768,blocked|vendor
trsm,double,sm_89,R,T,768,16,128,blocked|vendor
trsm,double,sm_89,R,T,768,16,512,blocked|vendor
trsm,double,sm_89,R,T,768,16,2048,blocked|vendor
trsm,double,sm_89,R,T,768,16,8192,blocked|vendor
trsm,double,sm_89,R,T,768,16,32768,blocked|vendor
trsm,double,sm_89,R,T,768,32,128,blocked|vendor
trsm,double,sm_89,R,T,768,32,512,blocked|vendor
trsm,double,sm_89,R,T,768,32,2048,blocked|vendor
trsm,double,sm_89,R,T,768,32,8192,blocked|vendor
trsm,double,sm_89,R,T,768,32,32768,blocked|vendor
trsm,double,sm_89,R,T,768,64,128,blocked|vendor
trsm,double,sm_89,R,T,768,64,512,blocked|vendor
trsm,double,sm_89,R,T,768,64,2048,blocked|vendor
trsm,double,sm_89,R,T,768,64,8192,blocked|vendor
trsm,double,sm_89,R,T,768,64,32768,blocked|vendor
trsm,double,sm_89,R,T,768,128,128,blocked|vendor
trsm,double,sm_89,R,T,768,128,512,blocked|vendor
trsm,double,sm_89,R,T,768,128,2048,blocked|vendor
trsm,double,sm_89,R,T,768,128,8192,blocked|vendor
trsm,double,sm_89,R,T,768,128,32768,blocked|vendor
trsm,double,sm_89,R,T,768,256,128,blocked|vendor
trsm,double,sm_89,R,T,768,256,512,blocked|vendor
trsm,double,sm_89,R,T,768,256,2048,blocked|vendor
trsm,double,sm_89,R,T,768,256,8192,blocked|vendor
trsm,double,sm_89,R,T,768,256,32768,blocked|vendor
trsm,double,sm_89,R,T,768,512,128,blocked|vendor
trsm,double,sm_89,R,T,768,512,512,blocked|vendor
trsm,double,sm_89,R,T,768,512,2048,blocked|vendor
trsm,double,sm_89,R,T,768,512,8192,blocked|vendor
trsm,double,sm_89,R,T,768,512,32768,blocked|vendor
trsm,double,sm_89,R,T,768,1024,128,blocked|vendor
trsm,double,sm_89,R,T,768,1024,512,blocked|vendor
trsm,double,sm_89,R,T,768,1024,2048,blocked|vendor
trsm,double,sm_89,R,T,768,1024,8192,blocked|vendor
trsm,double,sm_89,R,T,768,1024,32768,blocked|vendor
trsm,double,sm_89,R,T,768,4096,128,blocked|vendor
trsm,double,sm_89,R,T,768,4096,512,blocked|vendor
trsm,double,sm_89,R,T,768,4096,2048,blocked|vendor
trsm,double,sm_89,R,T,768,4096,8192,blocked|vendor
trsm,double,sm_89,R,T,768,4096,32768,blocked|vendor
trsm,double,sm_89,R,T,1024,1,128,blocked|vendor
trsm,double,sm_89,R,T,1024,1,512,blocked|vendor
trsm,double,sm_89,R,T,1024,1,2048,blocked|vendor
trsm,double,sm_89,R,T,1024,1,8192,blocked|vendor
trsm,double,sm_89,R,T,1024,1,32768,blocked|vendor
trsm,double,sm_89,R,T,1024,2,128,blocked|vendor
trsm,double,sm_89,R,T,1024,2,512,blocked|vendor
trsm,double,sm_89,R,T,1024,2,2048,blocked|vendor
trsm,double,sm_89,R,T,1024,2,8192,blocked|vendor
trsm,double,sm_89,R,T,1024,2,32768,blocked|vendor
trsm,double,sm_89,R,T,1024,4,128,blocked|vendor
trsm,double,sm_89,R,T,1024,4,512,blocked|vendor
trsm,double,sm_89,R,T,1024,4,2048,blocked|vendor
trsm,double,sm_89,R,T,1024,4,8192,blocked|vendor
trsm,double,sm_89,R,T,1024,4,32768,blocked|vendor
trsm,double,sm_89,R,T,1024,8,128,blocked|vendor
trsm,double,sm_89,R,T,1024,8,512,blocked|vendor
trsm,double,sm_89,R,T,1024,8,2048,blocked|vendor
trsm,double,sm_89,R,T,1024,8,8192,blocked|vendor
trsm,double,sm_89,R,T,1024,8,32768,blocked|vendor
trsm,double,sm_89,R,T,1024,16,128,blocked|vendor
trsm,double,sm_89,R,T,1024,16,512,blocked|vendor
trsm,double,sm_89,R,T,1024,16,2048,blocked|vendor
trsm,double,sm_89,R,T,1024,16,8192,blocked|vendor
trsm,double,sm_89,R,T,1024,16,32768,blocked|vendor
trsm,double,sm_89,R,T,1024,32,128,blocked|vendor
trsm,double,sm_89,R,T,1024,32,512,blocked|vendor
trsm,double,sm_89,R,T,1024,32,2048,blocked|vendor
trsm,double,sm_89,R,T,1024,32,8192,blocked|vendor
trsm,double,sm_89,R,T,1024,32,32768,blocked|vendor
trsm,double,sm_89,R,T,1024,64,128,blocked|vendor
trsm,double,sm_89,R,T,1024,64,512,blocked|vendor
trsm,double,sm_89,R,T,1024,64,2048,blocked|vendor
trsm,double,sm_89,R,T,1024,64,8192,blocked|vendor
trsm,double,sm_89,R,T,1024,64,32768,blocked|vendor
trsm,double,sm_89,R,T,1024,128,128,blocked|vendor
trsm,double,sm_89,R,T,1024,128,512,blocked|vendor
trsm,double,sm_89,R,T,1024,128,2048,blocked|vendor
trsm,double,sm_89,R,T,1024,128,8192,blocked|vendor
trsm,double,sm_89,R,T,1024,128,32768,blocked|vendor
trsm,double,sm_89,R,T,1024,256,128,blocked|vendor
trsm,double,sm_89,R,T,1024,256,512,blocked|vendor
trsm,double,sm_89,R,T,1024,256,2048,blocked|vendor
trsm,double,sm_89,R,T,1024,256,8192,blocked|vendor
trsm,double,sm_89,R,T,1024,256,32768,blocked|vendor
trsm,double,sm_89,R,T,1024,512,128,blocked|vendor
trsm,double,sm_89,R,T,1024,512,512,blocked|vendor
trsm,double,sm_89,R,T,1024,512,2048,blocked|vendor
trsm,double,sm_89,R,T,1024,512,8192,blocked|vendor
trsm,double,sm_89,R,T,1024,512,32768,blocked|vendor
trsm,double,sm_89,R,T,1024,1024,128,blocked|vendor
trsm,double,sm_89,R,T,1024,1024,512,blocked|vendor
trsm,double,sm_89,R,T,1024,1024,2048,blocked|vendor
trsm,double,sm_89,R,T,1024,1024,8192,blocked|vendor
trsm,double,sm_89,R,T,1024,1024,32768,blocked|vendor
trsm,double,sm_89,R,T,1024,4096,128,blocked|vendor
trsm,double,sm_89,R,T,1024,4096,512,blocked|vendor
trsm,double,sm_89,R,T,1024,4096,2048,blocked|vendor
trsm,double,sm_89,R,T,1024,4096,8192,blocked|vendor
trsm,double,sm_89,R,T,1024,4096,32768,blocked|vendor
trsm,cfloat,sm_89,L,N,1,1,128,cta|blocked|vendor
trsm,cfloat,sm_89,L,N,1,1,512,cta|blocked|vendor
trsm,cfloat,sm_89,L,N,1,1,2048,cta|blocked|vendor
trsm,cfloat,sm_89,L,N,1,1,8192,cta|blocked|vendor
trsm,cfloat,sm_89,L,N,1,1,32768,cta|blocked|vendor
trsm,cfloat,sm_89,L,N,1,2,128,cta|blocked|vendor
trsm,cfloat,sm_89,L,N,1,2,512,cta|blocked|vendor
trsm,cfloat,sm_89,L,N,1,2,2048,cta|blocked|vendor
trsm,cfloat,sm_89,L,N,1,2,8192,cta|blocked|vendor
trsm,cfloat,sm_89,L,N,1,2,32768,cta|blocked|vendor
trsm,cfloat,sm_89,L,N,1,4,128,cta|blocked|vendor
trsm,cfloat,sm_89,L,N,1,4,512,cta|blocked|vendor
trsm,cfloat,sm_89,L,N,1,4,2048,cta|blocked|vendor
trsm,cfloat,sm_89,L,N,1,4,8192,cta|blocked|vendor
trsm,cfloat,sm_89,L,N,1,4,32768,cta|blocked|vendor
trsm,cfloat,sm_89,L,N,1,8,128,cta|blocked|vendor
trsm,cfloat,sm_89,L,N,1,8,512,cta|blocked|vendor
trsm,cfloat,sm_89,L,N,1,8,2048,cta|blocked|vendor
trsm,cfloat,sm_89,L,N,1,8,8192,cta|blocked|vendor
trsm,cfloat,sm_89,L,N,1,8,32768,cta|blocked|vendor
trsm,cfloat,sm_89,L,N,1,16,128,cta|blocked|vendor
trsm,cfloat,sm_89,L,N,1,16,512,cta|blocked|vendor
trsm,cfloat,sm_89,L,N,1,16,2048,cta|blocked|vendor
trsm,cfloat,sm_89,L,N,1,16,8192,cta|blocked|vendor
trsm,cfloat,sm_89,L,N,1,16,32768,cta|blocked|vendor
trsm,cfloat,sm_89,L,N,1,32,128,cta|blocked|vendor
trsm,cfloat,sm_89,L,N,1,32,512,cta|blocked|vendor
trsm,cfloat,sm_89,L,N,1,32,2048,cta|blocked|vendor
trsm,cfloat,sm_89,L,N,1,32,8192,cta|blocked|vendor
trsm,cfloat,sm_89,L,N,1,32,32768,cta|blocked|vendor
trsm,cfloat,sm_89,L,N,1,64,128,cta|blocked|vendor
trsm,cfloat,sm_89,L,N,1,64,512,cta|blocked|vendor
trsm,cfloat,sm_89,L,N,1,64,2048,cta|blocked|vendor
trsm,cfloat,sm_89,L,N,1,64,8192,cta|blocked|vendor
trsm,cfloat,sm_89,L,N,1,64,32768,cta|blocked|vendor
trsm,cfloat,sm_89,L,N,1,128,128,cta|blocked|vendor
trsm,cfloat,sm_89,L,N,1,128,512,cta|blocked|vendor
trsm,cfloat,sm_89,L,N,1,128,2048,cta|blocked|vendor
trsm,cfloat,sm_89,L,N,1,128,8192,cta|blocked|vendor
trsm,cfloat,sm_89,L,N,1,128,32768,cta|blocked|vendor
trsm,cfloat,sm_89,L,N,1,256,128,cta|blocked|vendor
trsm,cfloat,sm_89,L,N,1,256,512,cta|blocked|vendor
trsm,cfloat,sm_89,L,N,1,256,2048,cta|blocked|vendor
trsm,cfloat,sm_89,L,N,1,256,8192,cta|blocked|vendor
trsm,cfloat,sm_89,L,N,1,256,32768,cta|blocked|vendor
trsm,cfloat,sm_89,L,N,1,512,128,cta|blocked|vendor
trsm,cfloat,sm_89,L,N,1,512,512,cta|blocked|vendor
trsm,cfloat,sm_89,L,N,1,512,2048,cta|blocked|vendor
trsm,cfloat,sm_89,L,N,1,512,8192,cta|blocked|vendor
trsm,cfloat,sm_89,L,N,1,512,32768,cta|blocked|vendor
trsm,cfloat,sm_89,L,N,1,1024,128,cta|blocked|vendor
trsm,cfloat,sm_89,L,N,1,1024,512,cta|blocked|vendor
trsm,cfloat,sm_89,L,N,1,1024,2048,cta|blocked|vendor
trsm,cfloat,sm_89,L,N,1,1024,8192,cta|blocked|vendor
trsm,cfloat,sm_89,L,N,1,1024,32768,cta|blocked|vendor
trsm,cfloat,sm_89,L,N,1,4096,128,cta|blocked|vendor
trsm,cfloat,sm_89,L,N,1,4096,512,cta|blocked|vendor
trsm,cfloat,sm_89,L,N,1,4096,2048,cta|blocked|vendor
trsm,cfloat,sm_89,L,N,1,4096,8192,cta|blocked|vendor
trsm,cfloat,sm_89,L,N,1,4096,32768,cta|blocked|vendor
trsm,cfloat,sm_89,L,N,2,1,128,cta|blocked|vendor
trsm,cfloat,sm_89,L,N,2,1,512,cta|blocked|vendor
trsm,cfloat,sm_89,L,N,2,1,2048,cta|blocked|vendor
trsm,cfloat,sm_89,L,N,2,1,8192,cta|blocked|vendor
trsm,cfloat,sm_89,L,N,2,1,32768,cta|blocked|vendor
trsm,cfloat,sm_89,L,N,2,2,128,cta|blocked|vendor
trsm,cfloat,sm_89,L,N,2,2,512,cta|blocked|vendor
trsm,cfloat,sm_89,L,N,2,2,2048,cta|blocked|vendor
trsm,cfloat,sm_89,L,N,2,2,8192,cta|blocked|vendor
trsm,cfloat,sm_89,L,N,2,2,32768,cta|blocked|vendor
trsm,cfloat,sm_89,L,N,2,4,128,cta|blocked|vendor
trsm,cfloat,sm_89,L,N,2,4,512,cta|blocked|vendor
trsm,cfloat,sm_89,L,N,2,4,2048,cta|blocked|vendor
trsm,cfloat,sm_89,L,N,2,4,8192,cta|blocked|vendor
trsm,cfloat,sm_89,L,N,2,4,32768,cta|blocked|vendor
trsm,cfloat,sm_89,L,N,2,8,128,cta|blocked|vendor
trsm,cfloat,sm_89,L,N,2,8,512,cta|blocked|vendor
trsm,cfloat,sm_89,L,N,2,8,2048,cta|blocked|vendor
trsm,cfloat,sm_89,L,N,2,8,8192,cta|blocked|vendor
trsm,cfloat,sm_89,L,N,2,8,32768,cta|blocked|vendor
trsm,cfloat,sm_89,L,N,2,16,128,cta|blocked|vendor
trsm,cfloat,sm_89,L,N,2,16,512,cta|blocked|vendor
trsm,cfloat,sm_89,L,N,2,16,2048,cta|blocked|vendor
trsm,cfloat,sm_89,L,N,2,16,8192,cta|blocked|vendor
trsm,cfloat,sm_89,L,N,2,16,32768,cta|blocked|vendor
trsm,cfloat,sm_89,L,N,2,32,128,cta|blocked|vendor
trsm,cfloat,sm_89,L,N,2,32,512,cta|blocked|vendor
trsm,cfloat,sm_89,L,N,2,32,2048,cta|blocked|vendor
trsm,cfloat,sm_89,L,N,2,32,8192,cta|blocked|vendor
trsm,cfloat,sm_89,L,N,2,32,32768,cta|blocked|vendor
trsm,cfloat,sm_89,L,N,2,64,128,cta|blocked|vendor
trsm,cfloat,sm_89,L,N,2,64,512,cta|blocked|vendor
trsm,cfloat,sm_89,L,N,2,64,2048,cta|blocked|vendor
trsm,cfloat,sm_89,L,N,2,64,8192,cta|blocked|vendor
trsm,cfloat,sm_89,L,N,2,64,32768,cta|blocked|vendor
trsm,cfloat,sm_89,L,N,2,128,128,cta|blocked|vendor
trsm,cfloat,sm_89,L,N,2,128,512,cta|blocked|vendor
trsm,cfloat,sm_89,L,N,2,128,2048,cta|blocked|vendor
trsm,cfloat,sm_89,L,N,2,128,8192,cta|blocked|vendor
trsm,cfloat,sm_89,L,N,2,128,32768,cta|blocked|vendor
trsm,cfloat,sm_89,L,N,2,256,128,cta|blocked|vendor
trsm,cfloat,sm_89,L,N,2,256,512,cta|blocked|vendor
trsm,cfloat,sm_89,L,N,2,256,2048,cta|blocked|vendor
trsm,cfloat,sm_89,L,N,2,256,8192,cta|blocked|vendor
trsm,cfloat,sm_89,L,N,2,256,32768,cta|blocked|vendor
trsm,cfloat,sm_89,L,N,2,512,128,cta|blocked|vendor
trsm,cfloat,sm_89,L,N,2,512,512,cta|blocked|vendor
trsm,cfloat,sm_89,L,N,2,512,2048,cta|blocked|vendor
trsm,cfloat,sm_89,L,N,2,512,8192,cta|blocked|vendor
trsm,cfloat,sm_89,L,N,2,512,32768,cta|blocked|vendor
trsm,cfloat,sm_89,L,N,2,1024,128,cta|blocked|vendor
trsm,cfloat,sm_89,L,N,2,1024,512,cta|blocked|vendor
trsm,cfloat,sm_89,L,N,2,1024,2048,cta|blocked|vendor
trsm,cfloat,sm_89,L,N,2,1024,8192,cta|blocked|vendor
trsm,cfloat,sm_89,L,N,2,1024,32768,cta|blocked|vendor
trsm,cfloat,sm_89,L,N,2,4096,128,cta|blocked|vendor
trsm,cfloat,sm_89,L,N,2,4096,512,cta|blocked|vendor
trsm,cfloat,sm_89,L,N,2,4096,2048,cta|blocked|vendor
trsm,cfloat,sm_89,L,N,2,4096,8192,cta|blocked|vendor
trsm,cfloat,sm_89,L,N,2,4096,32768,cta|blocked|vendor
trsm,cfloat,sm_89,L,N,4,1,128,cta|blocked|vendor
trsm,cfloat,sm_89,L,N,4,1,512,cta|blocked|vendor
trsm,cfloat,sm_89,L,N,4,1,2048,cta|blocked|vendor
trsm,cfloat,sm_89,L,N,4,1,8192,cta|blocked|vendor
trsm,cfloat,sm_89,L,N,4,1,32768,cta|blocked|vendor
trsm,cfloat,sm_89,L,N,4,2,128,cta|blocked|vendor
trsm,cfloat,sm_89,L,N,4,2,512,cta|blocked|vendor
trsm,cfloat,sm_89,L,N,4,2,2048,cta|blocked|vendor
trsm,cfloat,sm_89,L,N,4,2,8192,cta|blocked|vendor
trsm,cfloat,sm_89,L,N,4,2,32768,cta|blocked|vendor
trsm,cfloat,sm_89,L,N,4,4,128,cta|blocked|vendor
trsm,cfloat,sm_89,L,N,4,4,512,cta|blocked|vendor
trsm,cfloat,sm_89,L,N,4,4,2048,cta|blocked|vendor
trsm,cfloat,sm_89,L,N,4,4,8192,cta|blocked|vendor
trsm,cfloat,sm_89,L,N,4,4,32768,cta|blocked|vendor
trsm,cfloat,sm_89,L,N,4,8,128,cta|blocked|vendor
trsm,cfloat,sm_89,L,N,4,8,512,cta|blocked|vendor
trsm,cfloat,sm_89,L,N,4,8,2048,cta|blocked|vendor
trsm,cfloat,sm_89,L,N,4,8,8192,cta|blocked|vendor
trsm,cfloat,sm_89,L,N,4,8,32768,cta|blocked|vendor
trsm,cfloat,sm_89,L,N,4,16,128,cta|blocked|vendor
trsm,cfloat,sm_89,L,N,4,16,512,cta|blocked|vendor
trsm,cfloat,sm_89,L,N,4,16,2048,cta|blocked|vendor
trsm,cfloat,sm_89,L,N,4,16,8192,cta|blocked|vendor
trsm,cfloat,sm_89,L,N,4,16,32768,cta|blocked|vendor
trsm,cfloat,sm_89,L,N,4,32,128,cta|blocked|vendor
trsm,cfloat,sm_89,L,N,4,32,512,cta|blocked|vendor
trsm,cfloat,sm_89,L,N,4,32,2048,cta|blocked|vendor
trsm,cfloat,sm_89,L,N,4,32,8192,cta|blocked|vendor
trsm,cfloat,sm_89,L,N,4,32,32768,cta|blocked|vendor
trsm,cfloat,sm_89,L,N,4,64,128,cta|blocked|vendor
trsm,cfloat,sm_89,L,N,4,64,512,cta|blocked|vendor
trsm,cfloat,sm_89,L,N,4,64,2048,cta|blocked|vendor
trsm,cfloat,sm_89,L,N,4,64,8192,cta|blocked|vendor
trsm,cfloat,sm_89,L,N,4,64,32768,cta|blocked|vendor
trsm,cfloat,sm_89,L,N,4,128,128,cta|blocked|vendor
trsm,cfloat,sm_89,L,N,4,128,512,cta|blocked|vendor
trsm,cfloat,sm_89,L,N,4,128,2048,cta|blocked|vendor
trsm,cfloat,sm_89,L,N,4,128,8192,cta|blocked|vendor
trsm,cfloat,sm_89,L,N,4,128,32768,cta|blocked|vendor
trsm,cfloat,sm_89,L,N,4,256,128,cta|blocked|vendor
trsm,cfloat,sm_89,L,N,4,256,512,cta|blocked|vendor
trsm,cfloat,sm_89,L,N,4,256,2048,cta|blocked|vendor
trsm,cfloat,sm_89,L,N,4,256,8192,cta|blocked|vendor
trsm,cfloat,sm_89,L,N,4,256,32768,cta|blocked|vendor
trsm,cfloat,sm_89,L,N,4,512,128,cta|blocked|vendor
trsm,cfloat,sm_89,L,N,4,512,512,cta|blocked|vendor
trsm,cfloat,sm_89,L,N,4,512,2048,cta|blocked|vendor
trsm,cfloat,sm_89,L,N,4,512,8192,cta|blocked|vendor
trsm,cfloat,sm_89,L,N,4,512,32768,cta|blocked|vendor
trsm,cfloat,sm_89,L,N,4,1024,128,cta|blocked|vendor
trsm,cfloat,sm_89,L,N,4,1024,512,cta|blocked|vendor
trsm,cfloat,sm_89,L,N,4,1024,2048,cta|blocked|vendor
trsm,cfloat,sm_89,L,N,4,1024,8192,cta|blocked|vendor
trsm,cfloat,sm_89,L,N,4,1024,32768,cta|blocked|vendor
trsm,cfloat,sm_89,L,N,4,4096,128,cta|blocked|vendor
trsm,cfloat,sm_89,L,N,4,4096,512,cta|blocked|vendor
trsm,cfloat,sm_89,L,N,4,4096,2048,cta|blocked|vendor
trsm,cfloat,sm_89,L,N,4,4096,8192,cta|blocked|vendor
trsm,cfloat,sm_89,L,N,4,4096,32768,cta|blocked|vendor
trsm,cfloat,sm_89,L,N,8,1,128,cta|blocked|vendor
trsm,cfloat,sm_89,L,N,8,1,512,cta|blocked|vendor
trsm,cfloat,sm_89,L,N,8,1,2048,cta|blocked|vendor
trsm,cfloat,sm_89,L,N,8,1,8192,cta|blocked|vendor
trsm,cfloat,sm_89,L,N,8,1,32768,cta|blocked|vendor
trsm,cfloat,sm_89,L,N,8,2,128,cta|blocked|vendor
trsm,cfloat,sm_89,L,N,8,2,512,cta|blocked|vendor
trsm,cfloat,sm_89,L,N,8,2,2048,cta|blocked|vendor
trsm,cfloat,sm_89,L,N,8,2,8192,cta|blocked|vendor
trsm,cfloat,sm_89,L,N,8,2,32768,cta|blocked|vendor
trsm,cfloat,sm_89,L,N,8,4,128,cta|blocked|vendor
trsm,cfloat,sm_89,L,N,8,4,512,cta|blocked|vendor
trsm,cfloat,sm_89,L,N,8,4,2048,cta|blocked|vendor
trsm,cfloat,sm_89,L,N,8,4,8192,cta|blocked|vendor
trsm,cfloat,sm_89,L,N,8,4,32768,cta|blocked|vendor
trsm,cfloat,sm_89,L,N,8,8,128,cta|blocked|vendor
trsm,cfloat,sm_89,L,N,8,8,512,cta|blocked|vendor
trsm,cfloat,sm_89,L,N,8,8,2048,cta|blocked|vendor
trsm,cfloat,sm_89,L,N,8,8,8192,cta|blocked|vendor
trsm,cfloat,sm_89,L,N,8,8,32768,cta|blocked|vendor
trsm,cfloat,sm_89,L,N,8,16,128,cta|blocked|vendor
trsm,cfloat,sm_89,L,N,8,16,512,cta|blocked|vendor
trsm,cfloat,sm_89,L,N,8,16,2048,cta|blocked|vendor
trsm,cfloat,sm_89,L,N,8,16,8192,cta|blocked|vendor
trsm,cfloat,sm_89,L,N,8,16,32768,cta|blocked|vendor
trsm,cfloat,sm_89,L,N,8,32,128,cta|blocked|vendor
trsm,cfloat,sm_89,L,N,8,32,512,cta|blocked|vendor
trsm,cfloat,sm_89,L,N,8,32,2048,cta|blocked|vendor
trsm,cfloat,sm_89,L,N,8,32,8192,cta|blocked|vendor
trsm,cfloat,sm_89,L,N,8,32,32768,cta|blocked|vendor
trsm,cfloat,sm_89,L,N,8,64,128,cta|blocked|vendor
trsm,cfloat,sm_89,L,N,8,64,512,cta|blocked|vendor
trsm,cfloat,sm_89,L,N,8,64,2048,cta|blocked|vendor
trsm,cfloat,sm_89,L,N,8,64,8192,cta|blocked|vendor
trsm,cfloat,sm_89,L,N,8,64,32768,cta|blocked|vendor
trsm,cfloat,sm_89,L,N,8,128,128,cta|blocked|vendor
trsm,cfloat,sm_89,L,N,8,128,512,cta|blocked|vendor
trsm,cfloat,sm_89,L,N,8,128,2048,cta|blocked|vendor
trsm,cfloat,sm_89,L,N,8,128,8192,cta|blocked|vendor
trsm,cfloat,sm_89,L,N,8,128,32768,cta|blocked|vendor
trsm,cfloat,sm_89,L,N,8,256,128,cta|blocked|vendor
trsm,cfloat,sm_89,L,N,8,256,512,cta|blocked|vendor
trsm,cfloat,sm_89,L,N,8,256,2048,cta|blocked|vendor
trsm,cfloat,sm_89,L,N,8,256,8192,cta|blocked|vendor
trsm,cfloat,sm_89,L,N,8,256,32768,cta|blocked|vendor
trsm,cfloat,sm_89,L,N,8,512,128,cta|blocked|vendor
trsm,cfloat,sm_89,L,N,8,512,512,cta|blocked|vendor
trsm,cfloat,sm_89,L,N,8,512,2048,cta|blocked|vendor
trsm,cfloat,sm_89,L,N,8,512,8192,cta|blocked|vendor
trsm,cfloat,sm_89,L,N,8,512,32768,cta|blocked|vendor
trsm,cfloat,sm_89,L,N,8,1024,128,cta|blocked|vendor
trsm,cfloat,sm_89,L,N,8,1024,512,cta|blocked|vendor
trsm,cfloat,sm_89,L,N,8,1024,2048,cta|blocked|vendor
trsm,cfloat,sm_89,L,N,8,1024,8192,cta|blocked|vendor
trsm,cfloat,sm_89,L,N,8,1024,32768,cta|blocked|vendor
trsm,cfloat,sm_89,L,N,8,4096,128,cta|blocked|vendor
trsm,cfloat,sm_89,L,N,8,4096,512,cta|blocked|vendor
trsm,cfloat,sm_89,L,N,8,4096,2048,cta|blocked|vendor
trsm,cfloat,sm_89,L,N,8,4096,8192,cta|blocked|vendor
trsm,cfloat,sm_89,L,N,8,4096,32768,cta|blocked|vendor
trsm,cfloat,sm_89,L,N,12,1,128,cta|blocked|vendor
trsm,cfloat,sm_89,L,N,12,1,512,cta|blocked|vendor
trsm,cfloat,sm_89,L,N,12,1,2048,cta|blocked|vendor
trsm,cfloat,sm_89,L,N,12,1,8192,cta|blocked|vendor
trsm,cfloat,sm_89,L,N,12,1,32768,cta|blocked|vendor
trsm,cfloat,sm_89,L,N,12,2,128,cta|blocked|vendor
trsm,cfloat,sm_89,L,N,12,2,512,cta|blocked|vendor
trsm,cfloat,sm_89,L,N,12,2,2048,cta|blocked|vendor
trsm,cfloat,sm_89,L,N,12,2,8192,cta|blocked|vendor
trsm,cfloat,sm_89,L,N,12,2,32768,cta|blocked|vendor
trsm,cfloat,sm_89,L,N,12,4,128,cta|blocked|vendor
trsm,cfloat,sm_89,L,N,12,4,512,cta|blocked|vendor
trsm,cfloat,sm_89,L,N,12,4,2048,cta|blocked|vendor
trsm,cfloat,sm_89,L,N,12,4,8192,cta|blocked|vendor
trsm,cfloat,sm_89,L,N,12,4,32768,cta|blocked|vendor
trsm,cfloat,sm_89,L,N,12,8,128,cta|blocked|vendor
trsm,cfloat,sm_89,L,N,12,8,512,cta|blocked|vendor
trsm,cfloat,sm_89,L,N,12,8,2048,cta|blocked|vendor
trsm,cfloat,sm_89,L,N,12,8,8192,cta|blocked|vendor
trsm,cfloat,sm_89,L,N,12,8,32768,cta|blocked|vendor
trsm,cfloat,sm_89,L,N,12,16,128,cta|blocked|vendor
trsm,cfloat,sm_89,L,N,12,16,512,cta|blocked|vendor
trsm,cfloat,sm_89,L,N,12,16,2048,cta|blocked|vendor
trsm,cfloat,sm_89,L,N,12,16,8192,cta|blocked|vendor
trsm,cfloat,sm_89,L,N,12,16,32768,cta|blocked|vendor
trsm,cfloat,sm_89,L,N,12,32,128,cta|blocked|vendor
trsm,cfloat,sm_89,L,N,12,32,512,cta|blocked|vendor
trsm,cfloat,sm_89,L,N,12,32,2048,cta|blocked|vendor
trsm,cfloat,sm_89,L,N,12,32,8192,cta|blocked|vendor
trsm,cfloat,sm_89,L,N,12,32,32768,cta|blocked|vendor
trsm,cfloat,sm_89,L,N,12,64,128,cta|blocked|vendor
trsm,cfloat,sm_89,L,N,12,64,512,cta|blocked|vendor
trsm,cfloat,sm_89,L,N,12,64,2048,cta|blocked|vendor
trsm,cfloat,sm_89,L,N,12,64,8192,cta|blocked|vendor
trsm,cfloat,sm_89,L,N,12,64,32768,cta|blocked|vendor
trsm,cfloat,sm_89,L,N,12,128,128,cta|blocked|vendor
trsm,cfloat,sm_89,L,N,12,128,512,cta|blocked|vendor
trsm,cfloat,sm_89,L,N,12,128,2048,cta|blocked|vendor
trsm,cfloat,sm_89,L,N,12,128,8192,cta|blocked|vendor
trsm,cfloat,sm_89,L,N,12,128,32768,cta|blocked|vendor
trsm,cfloat,sm_89,L,N,12,256,128,cta|blocked|vendor
trsm,cfloat,sm_89,L,N,12,256,512,cta|blocked|vendor
trsm,cfloat,sm_89,L,N,12,256,2048,cta|blocked|vendor
trsm,cfloat,sm_89,L,N,12,256,8192,cta|blocked|vendor
trsm,cfloat,sm_89,L,N,12,256,32768,cta|blocked|vendor
trsm,cfloat,sm_89,L,N,12,512,128,cta|blocked|vendor
trsm,cfloat,sm_89,L,N,12,512,512,cta|blocked|vendor
trsm,cfloat,sm_89,L,N,12,512,2048,cta|blocked|vendor
trsm,cfloat,sm_89,L,N,12,512,8192,cta|blocked|vendor
trsm,cfloat,sm_89,L,N,12,512,32768,cta|blocked|vendor
trsm,cfloat,sm_89,L,N,12,1024,128,cta|blocked|vendor
trsm,cfloat,sm_89,L,N,12,1024,512,cta|blocked|vendor
trsm,cfloat,sm_89,L,N,12,1024,2048,cta|blocked|vendor
trsm,cfloat,sm_89,L,N,12,1024,8192,cta|blocked|vendor
trsm,cfloat,sm_89,L,N,12,1024,32768,cta|blocked|vendor
trsm,cfloat,sm_89,L,N,12,4096,128,cta|blocked|vendor
trsm,cfloat,sm_89,L,N,12,4096,512,cta|blocked|vendor
trsm,cfloat,sm_89,L,N,12,4096,2048,cta|blocked|vendor
trsm,cfloat,sm_89,L,N,12,4096,8192,cta|blocked|vendor
trsm,cfloat,sm_89,L,N,12,4096,32768,cta|blocked|vendor
trsm,cfloat,sm_89,L,N,16,1,128,cta|blocked|vendor
trsm,cfloat,sm_89,L,N,16,1,512,cta|blocked|vendor
trsm,cfloat,sm_89,L,N,16,1,2048,cta|blocked|vendor
trsm,cfloat,sm_89,L,N,16,1,8192,cta|blocked|vendor
trsm,cfloat,sm_89,L,N,16,1,32768,cta|blocked|vendor
trsm,cfloat,sm_89,L,N,16,2,128,cta|blocked|vendor
trsm,cfloat,sm_89,L,N,16,2,512,cta|blocked|vendor
trsm,cfloat,sm_89,L,N,16,2,2048,cta|blocked|vendor
trsm,cfloat,sm_89,L,N,16,2,8192,cta|blocked|vendor
trsm,cfloat,sm_89,L,N,16,2,32768,cta|blocked|vendor
trsm,cfloat,sm_89,L,N,16,4,128,cta|blocked|vendor
trsm,cfloat,sm_89,L,N,16,4,512,cta|blocked|vendor
trsm,cfloat,sm_89,L,N,16,4,2048,cta|blocked|vendor
trsm,cfloat,sm_89,L,N,16,4,8192,cta|blocked|vendor
trsm,cfloat,sm_89,L,N,16,4,32768,cta|blocked|vendor
trsm,cfloat,sm_89,L,N,16,8,128,cta|blocked|vendor
trsm,cfloat,sm_89,L,N,16,8,512,cta|blocked|vendor
trsm,cfloat,sm_89,L,N,16,8,2048,cta|blocked|vendor
trsm,cfloat,sm_89,L,N,16,8,8192,cta|blocked|vendor
trsm,cfloat,sm_89,L,N,16,8,32768,cta|blocked|vendor
trsm,cfloat,sm_89,L,N,16,16,128,cta|blocked|vendor
trsm,cfloat,sm_89,L,N,16,16,512,cta|blocked|vendor
trsm,cfloat,sm_89,L,N,16,16,2048,cta|blocked|vendor
trsm,cfloat,sm_89,L,N,16,16,8192,cta|blocked|vendor
trsm,cfloat,sm_89,L,N,16,16,32768,cta|blocked|vendor
trsm,cfloat,sm_89,L,N,16,32,128,cta|blocked|vendor
trsm,cfloat,sm_89,L,N,16,32,512,cta|blocked|vendor
trsm,cfloat,sm_89,L,N,16,32,2048,cta|blocked|vendor
trsm,cfloat,sm_89,L,N,16,32,8192,cta|blocked|vendor
trsm,cfloat,sm_89,L,N,16,32,32768,cta|blocked|vendor
trsm,cfloat,sm_89,L,N,16,64,128,cta|blocked|vendor
trsm,cfloat,sm_89,L,N,16,64,512,cta|blocked|vendor
trsm,cfloat,sm_89,L,N,16,64,2048,cta|blocked|vendor
trsm,cfloat,sm_89,L,N,16,64,8192,cta|blocked|vendor
trsm,cfloat,sm_89,L,N,16,64,32768,cta|blocked|vendor
trsm,cfloat,sm_89,L,N,16,128,128,cta|blocked|vendor
trsm,cfloat,sm_89,L,N,16,128,512,cta|blocked|vendor
trsm,cfloat,sm_89,L,N,16,128,2048,cta|blocked|vendor
trsm,cfloat,sm_89,L,N,16,128,8192,cta|blocked|vendor
trsm,cfloat,sm_89,L,N,16,128,32768,cta|blocked|vendor
trsm,cfloat,sm_89,L,N,16,256,128,cta|blocked|vendor
trsm,cfloat,sm_89,L,N,16,256,512,cta|blocked|vendor
trsm,cfloat,sm_89,L,N,16,256,2048,cta|blocked|vendor
trsm,cfloat,sm_89,L,N,16,256,8192,cta|blocked|vendor
trsm,cfloat,sm_89,L,N,16,256,32768,cta|blocked|vendor
trsm,cfloat,sm_89,L,N,16,512,128,cta|blocked|vendor
trsm,cfloat,sm_89,L,N,16,512,512,cta|blocked|vendor
trsm,cfloat,sm_89,L,N,16,512,2048,cta|blocked|vendor
trsm,cfloat,sm_89,L,N,16,512,8192,cta|blocked|vendor
trsm,cfloat,sm_89,L,N,16,512,32768,cta|blocked|vendor
trsm,cfloat,sm_89,L,N,16,1024,128,cta|blocked|vendor
trsm,cfloat,sm_89,L,N,16,1024,512,cta|blocked|vendor
trsm,cfloat,sm_89,L,N,16,1024,2048,cta|blocked|vendor
trsm,cfloat,sm_89,L,N,16,1024,8192,cta|blocked|vendor
trsm,cfloat,sm_89,L,N,16,1024,32768,cta|blocked|vendor
trsm,cfloat,sm_89,L,N,16,4096,128,cta|blocked|vendor
trsm,cfloat,sm_89,L,N,16,4096,512,cta|blocked|vendor
trsm,cfloat,sm_89,L,N,16,4096,2048,cta|blocked|vendor
trsm,cfloat,sm_89,L,N,16,4096,8192,cta|blocked|vendor
trsm,cfloat,sm_89,L,N,16,4096,32768,cta|blocked|vendor
trsm,cfloat,sm_89,L,N,24,1,128,cta|blocked|vendor
trsm,cfloat,sm_89,L,N,24,1,512,cta|blocked|vendor
trsm,cfloat,sm_89,L,N,24,1,2048,cta|blocked|vendor
trsm,cfloat,sm_89,L,N,24,1,8192,cta|blocked|vendor
trsm,cfloat,sm_89,L,N,24,1,32768,cta|blocked|vendor
trsm,cfloat,sm_89,L,N,24,2,128,cta|blocked|vendor
trsm,cfloat,sm_89,L,N,24,2,512,cta|blocked|vendor
trsm,cfloat,sm_89,L,N,24,2,2048,cta|blocked|vendor
trsm,cfloat,sm_89,L,N,24,2,8192,cta|blocked|vendor
trsm,cfloat,sm_89,L,N,24,2,32768,cta|blocked|vendor
trsm,cfloat,sm_89,L,N,24,4,128,cta|blocked|vendor
trsm,cfloat,sm_89,L,N,24,4,512,cta|blocked|vendor
trsm,cfloat,sm_89,L,N,24,4,2048,cta|blocked|vendor
trsm,cfloat,sm_89,L,N,24,4,8192,cta|blocked|vendor
trsm,cfloat,sm_89,L,N,24,4,32768,cta|blocked|vendor
trsm,cfloat,sm_89,L,N,24,8,128,cta|blocked|vendor
trsm,cfloat,sm_89,L,N,24,8,512,cta|blocked|vendor
trsm,cfloat,sm_89,L,N,24,8,2048,cta|blocked|vendor
trsm,cfloat,sm_89,L,N,24,8,8192,cta|blocked|vendor
trsm,cfloat,sm_89,L,N,24,8,32768,cta|blocked|vendor
trsm,cfloat,sm_89,L,N,24,16,128,cta|blocked|vendor
trsm,cfloat,sm_89,L,N,24,16,512,cta|blocked|vendor
trsm,cfloat,sm_89,L,N,24,16,2048,cta|blocked|vendor
trsm,cfloat,sm_89,L,N,24,16,8192,cta|blocked|vendor
trsm,cfloat,sm_89,L,N,24,16,32768,cta|blocked|vendor
trsm,cfloat,sm_89,L,N,24,32,128,cta|blocked|vendor
trsm,cfloat,sm_89,L,N,24,32,512,cta|blocked|vendor
trsm,cfloat,sm_89,L,N,24,32,2048,cta|blocked|vendor
trsm,cfloat,sm_89,L,N,24,32,8192,cta|blocked|vendor
trsm,cfloat,sm_89,L,N,24,32,32768,cta|blocked|vendor
trsm,cfloat,sm_89,L,N,24,64,128,cta|blocked|vendor
trsm,cfloat,sm_89,L,N,24,64,512,cta|blocked|vendor
trsm,cfloat,sm_89,L,N,24,64,2048,cta|blocked|vendor
trsm,cfloat,sm_89,L,N,24,64,8192,cta|blocked|vendor
trsm,cfloat,sm_89,L,N,24,64,32768,cta|blocked|vendor
trsm,cfloat,sm_89,L,N,24,128,128,cta|blocked|vendor
trsm,cfloat,sm_89,L,N,24,128,512,cta|blocked|vendor
trsm,cfloat,sm_89,L,N,24,128,2048,cta|blocked|vendor
trsm,cfloat,sm_89,L,N,24,128,8192,cta|blocked|vendor
trsm,cfloat,sm_89,L,N,24,128,32768,cta|blocked|vendor
trsm,cfloat,sm_89,L,N,24,256,128,cta|blocked|vendor
trsm,cfloat,sm_89,L,N,24,256,512,cta|blocked|vendor
trsm,cfloat,sm_89,L,N,24,256,2048,cta|blocked|vendor
trsm,cfloat,sm_89,L,N,24,256,8192,cta|blocked|vendor
trsm,cfloat,sm_89,L,N,24,256,32768,cta|blocked|vendor
trsm,cfloat,sm_89,L,N,24,512,128,cta|blocked|vendor
trsm,cfloat,sm_89,L,N,24,512,512,cta|blocked|vendor
trsm,cfloat,sm_89,L,N,24,512,2048,cta|blocked|vendor
trsm,cfloat,sm_89,L,N,24,512,8192,cta|blocked|vendor
trsm,cfloat,sm_89,L,N,24,512,32768,cta|blocked|vendor
trsm,cfloat,sm_89,L,N,24,1024,128,cta|blocked|vendor
trsm,cfloat,sm_89,L,N,24,1024,512,cta|blocked|vendor
trsm,cfloat,sm_89,L,N,24,1024,2048,cta|blocked|vendor
trsm,cfloat,sm_89,L,N,24,1024,8192,cta|blocked|vendor
trsm,cfloat,sm_89,L,N,24,1024,32768,cta|blocked|vendor
trsm,cfloat,sm_89,L,N,24,4096,128,cta|blocked|vendor
trsm,cfloat,sm_89,L,N,24,4096,512,cta|blocked|vendor
trsm,cfloat,sm_89,L,N,24,4096,2048,cta|blocked|vendor
trsm,cfloat,sm_89,L,N,24,4096,8192,cta|blocked|vendor
trsm,cfloat,sm_89,L,N,24,4096,32768,cta|blocked|vendor
trsm,cfloat,sm_89,L,N,32,1,128,cta|blocked|vendor
trsm,cfloat,sm_89,L,N,32,1,512,cta|blocked|vendor
trsm,cfloat,sm_89,L,N,32,1,2048,cta|blocked|vendor
trsm,cfloat,sm_89,L,N,32,1,8192,cta|blocked|vendor
trsm,cfloat,sm_89,L,N,32,1,32768,cta|blocked|vendor
trsm,cfloat,sm_89,L,N,32,2,128,cta|blocked|vendor
trsm,cfloat,sm_89,L,N,32,2,512,cta|blocked|vendor
trsm,cfloat,sm_89,L,N,32,2,2048,cta|blocked|vendor
trsm,cfloat,sm_89,L,N,32,2,8192,cta|blocked|vendor
trsm,cfloat,sm_89,L,N,32,2,32768,cta|blocked|vendor
trsm,cfloat,sm_89,L,N,32,4,128,cta|blocked|vendor
trsm,cfloat,sm_89,L,N,32,4,512,cta|blocked|vendor
trsm,cfloat,sm_89,L,N,32,4,2048,cta|blocked|vendor
trsm,cfloat,sm_89,L,N,32,4,8192,cta|blocked|vendor
trsm,cfloat,sm_89,L,N,32,4,32768,cta|blocked|vendor
trsm,cfloat,sm_89,L,N,32,8,128,cta|blocked|vendor
trsm,cfloat,sm_89,L,N,32,8,512,cta|blocked|vendor
trsm,cfloat,sm_89,L,N,32,8,2048,cta|blocked|vendor
trsm,cfloat,sm_89,L,N,32,8,8192,cta|blocked|vendor
trsm,cfloat,sm_89,L,N,32,8,32768,cta|blocked|vendor
trsm,cfloat,sm_89,L,N,32,16,128,cta|blocked|vendor
trsm,cfloat,sm_89,L,N,32,16,512,cta|blocked|vendor
trsm,cfloat,sm_89,L,N,32,16,2048,cta|blocked|vendor
trsm,cfloat,sm_89,L,N,32,16,8192,cta|blocked|vendor
trsm,cfloat,sm_89,L,N,32,16,32768,cta|blocked|vendor
trsm,cfloat,sm_89,L,N,32,32,128,cta|blocked|vendor
trsm,cfloat,sm_89,L,N,32,32,512,cta|blocked|vendor
trsm,cfloat,sm_89,L,N,32,32,2048,cta|blocked|vendor
trsm,cfloat,sm_89,L,N,32,32,8192,cta|blocked|vendor
trsm,cfloat,sm_89,L,N,32,32,32768,cta|blocked|vendor
trsm,cfloat,sm_89,L,N,32,64,128,cta|blocked|vendor
trsm,cfloat,sm_89,L,N,32,64,512,cta|blocked|vendor
trsm,cfloat,sm_89,L,N,32,64,2048,cta|blocked|vendor
trsm,cfloat,sm_89,L,N,32,64,8192,cta|blocked|vendor
trsm,cfloat,sm_89,L,N,32,64,32768,cta|blocked|vendor
trsm,cfloat,sm_89,L,N,32,128,128,cta|blocked|vendor
trsm,cfloat,sm_89,L,N,32,128,512,cta|blocked|vendor
trsm,cfloat,sm_89,L,N,32,128,2048,cta|blocked|vendor
trsm,cfloat,sm_89,L,N,32,128,8192,cta|blocked|vendor
trsm,cfloat,sm_89,L,N,32,128,32768,cta|blocked|vendor
trsm,cfloat,sm_89,L,N,32,256,128,cta|blocked|vendor
trsm,cfloat,sm_89,L,N,32,256,512,cta|blocked|vendor
trsm,cfloat,sm_89,L,N,32,256,2048,cta|blocked|vendor
trsm,cfloat,sm_89,L,N,32,256,8192,cta|blocked|vendor
trsm,cfloat,sm_89,L,N,32,256,32768,cta|blocked|vendor
trsm,cfloat,sm_89,L,N,32,512,128,cta|blocked|vendor
trsm,cfloat,sm_89,L,N,32,512,512,cta|blocked|vendor
trsm,cfloat,sm_89,L,N,32,512,2048,cta|blocked|vendor
trsm,cfloat,sm_89,L,N,32,512,8192,cta|blocked|vendor
trsm,cfloat,sm_89,L,N,32,512,32768,cta|blocked|vendor
trsm,cfloat,sm_89,L,N,32,1024,128,cta|blocked|vendor
trsm,cfloat,sm_89,L,N,32,1024,512,cta|blocked|vendor
trsm,cfloat,sm_89,L,N,32,1024,2048,cta|blocked|vendor
trsm,cfloat,sm_89,L,N,32,1024,8192,cta|blocked|vendor
trsm,cfloat,sm_89,L,N,32,1024,32768,cta|blocked|vendor
trsm,cfloat,sm_89,L,N,32,4096,128,cta|blocked|vendor
trsm,cfloat,sm_89,L,N,32,4096,512,cta|blocked|vendor
trsm,cfloat,sm_89,L,N,32,4096,2048,cta|blocked|vendor
trsm,cfloat,sm_89,L,N,32,4096,8192,cta|blocked|vendor
trsm,cfloat,sm_89,L,N,32,4096,32768,cta|blocked|vendor
trsm,cfloat,sm_89,L,N,48,1,128,blocked|vendor
trsm,cfloat,sm_89,L,N,48,1,512,blocked|vendor
trsm,cfloat,sm_89,L,N,48,1,2048,blocked|vendor
trsm,cfloat,sm_89,L,N,48,1,8192,blocked|vendor
trsm,cfloat,sm_89,L,N,48,1,32768,blocked|vendor
trsm,cfloat,sm_89,L,N,48,2,128,blocked|vendor
trsm,cfloat,sm_89,L,N,48,2,512,blocked|vendor
trsm,cfloat,sm_89,L,N,48,2,2048,blocked|vendor
trsm,cfloat,sm_89,L,N,48,2,8192,blocked|vendor
trsm,cfloat,sm_89,L,N,48,2,32768,blocked|vendor
trsm,cfloat,sm_89,L,N,48,4,128,blocked|vendor
trsm,cfloat,sm_89,L,N,48,4,512,blocked|vendor
trsm,cfloat,sm_89,L,N,48,4,2048,blocked|vendor
trsm,cfloat,sm_89,L,N,48,4,8192,blocked|vendor
trsm,cfloat,sm_89,L,N,48,4,32768,blocked|vendor
trsm,cfloat,sm_89,L,N,48,8,128,blocked|vendor
trsm,cfloat,sm_89,L,N,48,8,512,blocked|vendor
trsm,cfloat,sm_89,L,N,48,8,2048,blocked|vendor
trsm,cfloat,sm_89,L,N,48,8,8192,blocked|vendor
trsm,cfloat,sm_89,L,N,48,8,32768,blocked|vendor
trsm,cfloat,sm_89,L,N,48,16,128,blocked|vendor
trsm,cfloat,sm_89,L,N,48,16,512,blocked|vendor
trsm,cfloat,sm_89,L,N,48,16,2048,blocked|vendor
trsm,cfloat,sm_89,L,N,48,16,8192,blocked|vendor
trsm,cfloat,sm_89,L,N,48,16,32768,blocked|vendor
trsm,cfloat,sm_89,L,N,48,32,128,blocked|vendor
trsm,cfloat,sm_89,L,N,48,32,512,blocked|vendor
trsm,cfloat,sm_89,L,N,48,32,2048,blocked|vendor
trsm,cfloat,sm_89,L,N,48,32,8192,blocked|vendor
trsm,cfloat,sm_89,L,N,48,32,32768,blocked|vendor
trsm,cfloat,sm_89,L,N,48,64,128,blocked|vendor
trsm,cfloat,sm_89,L,N,48,64,512,blocked|vendor
trsm,cfloat,sm_89,L,N,48,64,2048,blocked|vendor
trsm,cfloat,sm_89,L,N,48,64,8192,blocked|vendor
trsm,cfloat,sm_89,L,N,48,64,32768,blocked|vendor
trsm,cfloat,sm_89,L,N,48,128,128,blocked|vendor
trsm,cfloat,sm_89,L,N,48,128,512,blocked|vendor
trsm,cfloat,sm_89,L,N,48,128,2048,blocked|vendor
trsm,cfloat,sm_89,L,N,48,128,8192,blocked|vendor
trsm,cfloat,sm_89,L,N,48,128,32768,blocked|vendor
trsm,cfloat,sm_89,L,N,48,256,128,blocked|vendor
trsm,cfloat,sm_89,L,N,48,256,512,blocked|vendor
trsm,cfloat,sm_89,L,N,48,256,2048,blocked|vendor
trsm,cfloat,sm_89,L,N,48,256,8192,blocked|vendor
trsm,cfloat,sm_89,L,N,48,256,32768,blocked|vendor
trsm,cfloat,sm_89,L,N,48,512,128,blocked|vendor
trsm,cfloat,sm_89,L,N,48,512,512,blocked|vendor
trsm,cfloat,sm_89,L,N,48,512,2048,blocked|vendor
trsm,cfloat,sm_89,L,N,48,512,8192,blocked|vendor
trsm,cfloat,sm_89,L,N,48,512,32768,blocked|vendor
trsm,cfloat,sm_89,L,N,48,1024,128,blocked|vendor
trsm,cfloat,sm_89,L,N,48,1024,512,blocked|vendor
trsm,cfloat,sm_89,L,N,48,1024,2048,blocked|vendor
trsm,cfloat,sm_89,L,N,48,1024,8192,blocked|vendor
trsm,cfloat,sm_89,L,N,48,1024,32768,blocked|vendor
trsm,cfloat,sm_89,L,N,48,4096,128,blocked|vendor
trsm,cfloat,sm_89,L,N,48,4096,512,blocked|vendor
trsm,cfloat,sm_89,L,N,48,4096,2048,blocked|vendor
trsm,cfloat,sm_89,L,N,48,4096,8192,blocked|vendor
trsm,cfloat,sm_89,L,N,48,4096,32768,blocked|vendor
trsm,cfloat,sm_89,L,N,64,1,128,blocked|vendor
trsm,cfloat,sm_89,L,N,64,1,512,blocked|vendor
trsm,cfloat,sm_89,L,N,64,1,2048,blocked|vendor
trsm,cfloat,sm_89,L,N,64,1,8192,blocked|vendor
trsm,cfloat,sm_89,L,N,64,1,32768,blocked|vendor
trsm,cfloat,sm_89,L,N,64,2,128,blocked|vendor
trsm,cfloat,sm_89,L,N,64,2,512,blocked|vendor
trsm,cfloat,sm_89,L,N,64,2,2048,blocked|vendor
trsm,cfloat,sm_89,L,N,64,2,8192,blocked|vendor
trsm,cfloat,sm_89,L,N,64,2,32768,blocked|vendor
trsm,cfloat,sm_89,L,N,64,4,128,blocked|vendor
trsm,cfloat,sm_89,L,N,64,4,512,blocked|vendor
trsm,cfloat,sm_89,L,N,64,4,2048,blocked|vendor
trsm,cfloat,sm_89,L,N,64,4,8192,blocked|vendor
trsm,cfloat,sm_89,L,N,64,4,32768,blocked|vendor
trsm,cfloat,sm_89,L,N,64,8,128,blocked|vendor
trsm,cfloat,sm_89,L,N,64,8,512,blocked|vendor
trsm,cfloat,sm_89,L,N,64,8,2048,blocked|vendor
trsm,cfloat,sm_89,L,N,64,8,8192,blocked|vendor
trsm,cfloat,sm_89,L,N,64,8,32768,blocked|vendor
trsm,cfloat,sm_89,L,N,64,16,128,blocked|vendor
trsm,cfloat,sm_89,L,N,64,16,512,blocked|vendor
trsm,cfloat,sm_89,L,N,64,16,2048,blocked|vendor
trsm,cfloat,sm_89,L,N,64,16,8192,blocked|vendor
trsm,cfloat,sm_89,L,N,64,16,32768,blocked|vendor
trsm,cfloat,sm_89,L,N,64,32,128,blocked|vendor
trsm,cfloat,sm_89,L,N,64,32,512,blocked|vendor
trsm,cfloat,sm_89,L,N,64,32,2048,blocked|vendor
trsm,cfloat,sm_89,L,N,64,32,8192,blocked|vendor
trsm,cfloat,sm_89,L,N,64,32,32768,blocked|vendor
trsm,cfloat,sm_89,L,N,64,64,128,blocked|vendor
trsm,cfloat,sm_89,L,N,64,64,512,blocked|vendor
trsm,cfloat,sm_89,L,N,64,64,2048,blocked|vendor
trsm,cfloat,sm_89,L,N,64,64,8192,blocked|vendor
trsm,cfloat,sm_89,L,N,64,64,32768,blocked|vendor
trsm,cfloat,sm_89,L,N,64,128,128,blocked|vendor
trsm,cfloat,sm_89,L,N,64,128,512,blocked|vendor
trsm,cfloat,sm_89,L,N,64,128,2048,blocked|vendor
trsm,cfloat,sm_89,L,N,64,128,8192,blocked|vendor
trsm,cfloat,sm_89,L,N,64,128,32768,blocked|vendor
trsm,cfloat,sm_89,L,N,64,256,128,blocked|vendor
trsm,cfloat,sm_89,L,N,64,256,512,blocked|vendor
trsm,cfloat,sm_89,L,N,64,256,2048,blocked|vendor
trsm,cfloat,sm_89,L,N,64,256,8192,blocked|vendor
trsm,cfloat,sm_89,L,N,64,256,32768,blocked|vendor
trsm,cfloat,sm_89,L,N,64,512,128,blocked|vendor
trsm,cfloat,sm_89,L,N,64,512,512,blocked|vendor
trsm,cfloat,sm_89,L,N,64,512,2048,blocked|vendor
trsm,cfloat,sm_89,L,N,64,512,8192,blocked|vendor
trsm,cfloat,sm_89,L,N,64,512,32768,blocked|vendor
trsm,cfloat,sm_89,L,N,64,1024,128,blocked|vendor
trsm,cfloat,sm_89,L,N,64,1024,512,blocked|vendor
trsm,cfloat,sm_89,L,N,64,1024,2048,blocked|vendor
trsm,cfloat,sm_89,L,N,64,1024,8192,blocked|vendor
trsm,cfloat,sm_89,L,N,64,1024,32768,blocked|vendor
trsm,cfloat,sm_89,L,N,64,4096,128,blocked|vendor
trsm,cfloat,sm_89,L,N,64,4096,512,blocked|vendor
trsm,cfloat,sm_89,L,N,64,4096,2048,blocked|vendor
trsm,cfloat,sm_89,L,N,64,4096,8192,blocked|vendor
trsm,cfloat,sm_89,L,N,64,4096,32768,blocked|vendor
trsm,cfloat,sm_89,L,N,96,1,128,blocked|vendor
trsm,cfloat,sm_89,L,N,96,1,512,blocked|vendor
trsm,cfloat,sm_89,L,N,96,1,2048,blocked|vendor
trsm,cfloat,sm_89,L,N,96,1,8192,blocked|vendor
trsm,cfloat,sm_89,L,N,96,1,32768,blocked|vendor
trsm,cfloat,sm_89,L,N,96,2,128,blocked|vendor
trsm,cfloat,sm_89,L,N,96,2,512,blocked|vendor
trsm,cfloat,sm_89,L,N,96,2,2048,blocked|vendor
trsm,cfloat,sm_89,L,N,96,2,8192,blocked|vendor
trsm,cfloat,sm_89,L,N,96,2,32768,blocked|vendor
trsm,cfloat,sm_89,L,N,96,4,128,blocked|vendor
trsm,cfloat,sm_89,L,N,96,4,512,blocked|vendor
trsm,cfloat,sm_89,L,N,96,4,2048,blocked|vendor
trsm,cfloat,sm_89,L,N,96,4,8192,blocked|vendor
trsm,cfloat,sm_89,L,N,96,4,32768,blocked|vendor
trsm,cfloat,sm_89,L,N,96,8,128,blocked|vendor
trsm,cfloat,sm_89,L,N,96,8,512,blocked|vendor
trsm,cfloat,sm_89,L,N,96,8,2048,blocked|vendor
trsm,cfloat,sm_89,L,N,96,8,8192,blocked|vendor
trsm,cfloat,sm_89,L,N,96,8,32768,blocked|vendor
trsm,cfloat,sm_89,L,N,96,16,128,blocked|vendor
trsm,cfloat,sm_89,L,N,96,16,512,blocked|vendor
trsm,cfloat,sm_89,L,N,96,16,2048,blocked|vendor
trsm,cfloat,sm_89,L,N,96,16,8192,blocked|vendor
trsm,cfloat,sm_89,L,N,96,16,32768,blocked|vendor
trsm,cfloat,sm_89,L,N,96,32,128,blocked|vendor
trsm,cfloat,sm_89,L,N,96,32,512,blocked|vendor
trsm,cfloat,sm_89,L,N,96,32,2048,blocked|vendor
trsm,cfloat,sm_89,L,N,96,32,8192,blocked|vendor
trsm,cfloat,sm_89,L,N,96,32,32768,blocked|vendor
trsm,cfloat,sm_89,L,N,96,64,128,blocked|vendor
trsm,cfloat,sm_89,L,N,96,64,512,blocked|vendor
trsm,cfloat,sm_89,L,N,96,64,2048,blocked|vendor
trsm,cfloat,sm_89,L,N,96,64,8192,blocked|vendor
trsm,cfloat,sm_89,L,N,96,64,32768,blocked|vendor
trsm,cfloat,sm_89,L,N,96,128,128,blocked|vendor
trsm,cfloat,sm_89,L,N,96,128,512,blocked|vendor
trsm,cfloat,sm_89,L,N,96,128,2048,blocked|vendor
trsm,cfloat,sm_89,L,N,96,128,8192,blocked|vendor
trsm,cfloat,sm_89,L,N,96,128,32768,blocked|vendor
trsm,cfloat,sm_89,L,N,96,256,128,blocked|vendor
trsm,cfloat,sm_89,L,N,96,256,512,blocked|vendor
trsm,cfloat,sm_89,L,N,96,256,2048,blocked|vendor
trsm,cfloat,sm_89,L,N,96,256,8192,blocked|vendor
trsm,cfloat,sm_89,L,N,96,256,32768,blocked|vendor
trsm,cfloat,sm_89,L,N,96,512,128,blocked|vendor
trsm,cfloat,sm_89,L,N,96,512,512,blocked|vendor
trsm,cfloat,sm_89,L,N,96,512,2048,blocked|vendor
trsm,cfloat,sm_89,L,N,96,512,8192,blocked|vendor
trsm,cfloat,sm_89,L,N,96,512,32768,blocked|vendor
trsm,cfloat,sm_89,L,N,96,1024,128,blocked|vendor
trsm,cfloat,sm_89,L,N,96,1024,512,blocked|vendor
trsm,cfloat,sm_89,L,N,96,1024,2048,blocked|vendor
trsm,cfloat,sm_89,L,N,96,1024,8192,blocked|vendor
trsm,cfloat,sm_89,L,N,96,1024,32768,blocked|vendor
trsm,cfloat,sm_89,L,N,96,4096,128,blocked|vendor
trsm,cfloat,sm_89,L,N,96,4096,512,blocked|vendor
trsm,cfloat,sm_89,L,N,96,4096,2048,blocked|vendor
trsm,cfloat,sm_89,L,N,96,4096,8192,blocked|vendor
trsm,cfloat,sm_89,L,N,96,4096,32768,blocked|vendor
trsm,cfloat,sm_89,L,N,128,1,128,blocked|vendor
trsm,cfloat,sm_89,L,N,128,1,512,blocked|vendor
trsm,cfloat,sm_89,L,N,128,1,2048,blocked|vendor
trsm,cfloat,sm_89,L,N,128,1,8192,blocked|vendor
trsm,cfloat,sm_89,L,N,128,1,32768,blocked|vendor
trsm,cfloat,sm_89,L,N,128,2,128,blocked|vendor
trsm,cfloat,sm_89,L,N,128,2,512,blocked|vendor
trsm,cfloat,sm_89,L,N,128,2,2048,blocked|vendor
trsm,cfloat,sm_89,L,N,128,2,8192,blocked|vendor
trsm,cfloat,sm_89,L,N,128,2,32768,blocked|vendor
trsm,cfloat,sm_89,L,N,128,4,128,blocked|vendor
trsm,cfloat,sm_89,L,N,128,4,512,blocked|vendor
trsm,cfloat,sm_89,L,N,128,4,2048,blocked|vendor
trsm,cfloat,sm_89,L,N,128,4,8192,blocked|vendor
trsm,cfloat,sm_89,L,N,128,4,32768,blocked|vendor
trsm,cfloat,sm_89,L,N,128,8,128,blocked|vendor
trsm,cfloat,sm_89,L,N,128,8,512,blocked|vendor
trsm,cfloat,sm_89,L,N,128,8,2048,blocked|vendor
trsm,cfloat,sm_89,L,N,128,8,8192,blocked|vendor
trsm,cfloat,sm_89,L,N,128,8,32768,blocked|vendor
trsm,cfloat,sm_89,L,N,128,16,128,blocked|vendor
trsm,cfloat,sm_89,L,N,128,16,512,blocked|vendor
trsm,cfloat,sm_89,L,N,128,16,2048,blocked|vendor
trsm,cfloat,sm_89,L,N,128,16,8192,blocked|vendor
trsm,cfloat,sm_89,L,N,128,16,32768,blocked|vendor
trsm,cfloat,sm_89,L,N,128,32,128,blocked|vendor
trsm,cfloat,sm_89,L,N,128,32,512,blocked|vendor
trsm,cfloat,sm_89,L,N,128,32,2048,blocked|vendor
trsm,cfloat,sm_89,L,N,128,32,8192,blocked|vendor
trsm,cfloat,sm_89,L,N,128,32,32768,blocked|vendor
trsm,cfloat,sm_89,L,N,128,64,128,blocked|vendor
trsm,cfloat,sm_89,L,N,128,64,512,blocked|vendor
trsm,cfloat,sm_89,L,N,128,64,2048,blocked|vendor
trsm,cfloat,sm_89,L,N,128,64,8192,blocked|vendor
trsm,cfloat,sm_89,L,N,128,64,32768,blocked|vendor
trsm,cfloat,sm_89,L,N,128,128,128,blocked|vendor
trsm,cfloat,sm_89,L,N,128,128,512,blocked|vendor
trsm,cfloat,sm_89,L,N,128,128,2048,blocked|vendor
trsm,cfloat,sm_89,L,N,128,128,8192,blocked|vendor
trsm,cfloat,sm_89,L,N,128,128,32768,blocked|vendor
trsm,cfloat,sm_89,L,N,128,256,128,blocked|vendor
trsm,cfloat,sm_89,L,N,128,256,512,blocked|vendor
trsm,cfloat,sm_89,L,N,128,256,2048,blocked|vendor
trsm,cfloat,sm_89,L,N,128,256,8192,blocked|vendor
trsm,cfloat,sm_89,L,N,128,256,32768,blocked|vendor
trsm,cfloat,sm_89,L,N,128,512,128,blocked|vendor
trsm,cfloat,sm_89,L,N,128,512,512,blocked|vendor
trsm,cfloat,sm_89,L,N,128,512,2048,blocked|vendor
trsm,cfloat,sm_89,L,N,128,512,8192,blocked|vendor
trsm,cfloat,sm_89,L,N,128,512,32768,blocked|vendor
trsm,cfloat,sm_89,L,N,128,1024,128,blocked|vendor
trsm,cfloat,sm_89,L,N,128,1024,512,blocked|vendor
trsm,cfloat,sm_89,L,N,128,1024,2048,blocked|vendor
trsm,cfloat,sm_89,L,N,128,1024,8192,blocked|vendor
trsm,cfloat,sm_89,L,N,128,1024,32768,blocked|vendor
trsm,cfloat,sm_89,L,N,128,4096,128,blocked|vendor
trsm,cfloat,sm_89,L,N,128,4096,512,blocked|vendor
trsm,cfloat,sm_89,L,N,128,4096,2048,blocked|vendor
trsm,cfloat,sm_89,L,N,128,4096,8192,blocked|vendor
trsm,cfloat,sm_89,L,N,128,4096,32768,blocked|vendor
trsm,cfloat,sm_89,L,N,192,1,128,blocked|vendor
trsm,cfloat,sm_89,L,N,192,1,512,blocked|vendor
trsm,cfloat,sm_89,L,N,192,1,2048,blocked|vendor
trsm,cfloat,sm_89,L,N,192,1,8192,blocked|vendor
trsm,cfloat,sm_89,L,N,192,1,32768,blocked|vendor
trsm,cfloat,sm_89,L,N,192,2,128,blocked|vendor
trsm,cfloat,sm_89,L,N,192,2,512,blocked|vendor
trsm,cfloat,sm_89,L,N,192,2,2048,blocked|vendor
trsm,cfloat,sm_89,L,N,192,2,8192,blocked|vendor
trsm,cfloat,sm_89,L,N,192,2,32768,blocked|vendor
trsm,cfloat,sm_89,L,N,192,4,128,blocked|vendor
trsm,cfloat,sm_89,L,N,192,4,512,blocked|vendor
trsm,cfloat,sm_89,L,N,192,4,2048,blocked|vendor
trsm,cfloat,sm_89,L,N,192,4,8192,blocked|vendor
trsm,cfloat,sm_89,L,N,192,4,32768,blocked|vendor
trsm,cfloat,sm_89,L,N,192,8,128,blocked|vendor
trsm,cfloat,sm_89,L,N,192,8,512,blocked|vendor
trsm,cfloat,sm_89,L,N,192,8,2048,blocked|vendor
trsm,cfloat,sm_89,L,N,192,8,8192,blocked|vendor
trsm,cfloat,sm_89,L,N,192,8,32768,blocked|vendor
trsm,cfloat,sm_89,L,N,192,16,128,blocked|vendor
trsm,cfloat,sm_89,L,N,192,16,512,blocked|vendor
trsm,cfloat,sm_89,L,N,192,16,2048,blocked|vendor
trsm,cfloat,sm_89,L,N,192,16,8192,blocked|vendor
trsm,cfloat,sm_89,L,N,192,16,32768,blocked|vendor
trsm,cfloat,sm_89,L,N,192,32,128,blocked|vendor
trsm,cfloat,sm_89,L,N,192,32,512,blocked|vendor
trsm,cfloat,sm_89,L,N,192,32,2048,blocked|vendor
trsm,cfloat,sm_89,L,N,192,32,8192,blocked|vendor
trsm,cfloat,sm_89,L,N,192,32,32768,blocked|vendor
trsm,cfloat,sm_89,L,N,192,64,128,blocked|vendor
trsm,cfloat,sm_89,L,N,192,64,512,blocked|vendor
trsm,cfloat,sm_89,L,N,192,64,2048,blocked|vendor
trsm,cfloat,sm_89,L,N,192,64,8192,blocked|vendor
trsm,cfloat,sm_89,L,N,192,64,32768,blocked|vendor
trsm,cfloat,sm_89,L,N,192,128,128,blocked|vendor
trsm,cfloat,sm_89,L,N,192,128,512,blocked|vendor
trsm,cfloat,sm_89,L,N,192,128,2048,blocked|vendor
trsm,cfloat,sm_89,L,N,192,128,8192,blocked|vendor
trsm,cfloat,sm_89,L,N,192,128,32768,blocked|vendor
trsm,cfloat,sm_89,L,N,192,256,128,blocked|vendor
trsm,cfloat,sm_89,L,N,192,256,512,blocked|vendor
trsm,cfloat,sm_89,L,N,192,256,2048,blocked|vendor
trsm,cfloat,sm_89,L,N,192,256,8192,blocked|vendor
trsm,cfloat,sm_89,L,N,192,256,32768,blocked|vendor
trsm,cfloat,sm_89,L,N,192,512,128,blocked|vendor
trsm,cfloat,sm_89,L,N,192,512,512,blocked|vendor
trsm,cfloat,sm_89,L,N,192,512,2048,blocked|vendor
trsm,cfloat,sm_89,L,N,192,512,8192,blocked|vendor
trsm,cfloat,sm_89,L,N,192,512,32768,blocked|vendor
trsm,cfloat,sm_89,L,N,192,1024,128,blocked|vendor
trsm,cfloat,sm_89,L,N,192,1024,512,blocked|vendor
trsm,cfloat,sm_89,L,N,192,1024,2048,blocked|vendor
trsm,cfloat,sm_89,L,N,192,1024,8192,blocked|vendor
trsm,cfloat,sm_89,L,N,192,1024,32768,blocked|vendor
trsm,cfloat,sm_89,L,N,192,4096,128,blocked|vendor
trsm,cfloat,sm_89,L,N,192,4096,512,blocked|vendor
trsm,cfloat,sm_89,L,N,192,4096,2048,blocked|vendor
trsm,cfloat,sm_89,L,N,192,4096,8192,blocked|vendor
trsm,cfloat,sm_89,L,N,192,4096,32768,blocked|vendor
trsm,cfloat,sm_89,L,N,256,1,128,blocked|vendor
trsm,cfloat,sm_89,L,N,256,1,512,blocked|vendor
trsm,cfloat,sm_89,L,N,256,1,2048,blocked|vendor
trsm,cfloat,sm_89,L,N,256,1,8192,blocked|vendor
trsm,cfloat,sm_89,L,N,256,1,32768,blocked|vendor
trsm,cfloat,sm_89,L,N,256,2,128,blocked|vendor
trsm,cfloat,sm_89,L,N,256,2,512,blocked|vendor
trsm,cfloat,sm_89,L,N,256,2,2048,blocked|vendor
trsm,cfloat,sm_89,L,N,256,2,8192,blocked|vendor
trsm,cfloat,sm_89,L,N,256,2,32768,blocked|vendor
trsm,cfloat,sm_89,L,N,256,4,128,blocked|vendor
trsm,cfloat,sm_89,L,N,256,4,512,blocked|vendor
trsm,cfloat,sm_89,L,N,256,4,2048,blocked|vendor
trsm,cfloat,sm_89,L,N,256,4,8192,blocked|vendor
trsm,cfloat,sm_89,L,N,256,4,32768,blocked|vendor
trsm,cfloat,sm_89,L,N,256,8,128,blocked|vendor
trsm,cfloat,sm_89,L,N,256,8,512,blocked|vendor
trsm,cfloat,sm_89,L,N,256,8,2048,blocked|vendor
trsm,cfloat,sm_89,L,N,256,8,8192,blocked|vendor
trsm,cfloat,sm_89,L,N,256,8,32768,blocked|vendor
trsm,cfloat,sm_89,L,N,256,16,128,blocked|vendor
trsm,cfloat,sm_89,L,N,256,16,512,blocked|vendor
trsm,cfloat,sm_89,L,N,256,16,2048,blocked|vendor
trsm,cfloat,sm_89,L,N,256,16,8192,blocked|vendor
trsm,cfloat,sm_89,L,N,256,16,32768,blocked|vendor
trsm,cfloat,sm_89,L,N,256,32,128,blocked|vendor
trsm,cfloat,sm_89,L,N,256,32,512,blocked|vendor
trsm,cfloat,sm_89,L,N,256,32,2048,blocked|vendor
trsm,cfloat,sm_89,L,N,256,32,8192,blocked|vendor
trsm,cfloat,sm_89,L,N,256,32,32768,blocked|vendor
trsm,cfloat,sm_89,L,N,256,64,128,blocked|vendor
trsm,cfloat,sm_89,L,N,256,64,512,blocked|vendor
trsm,cfloat,sm_89,L,N,256,64,2048,blocked|vendor
trsm,cfloat,sm_89,L,N,256,64,8192,blocked|vendor
trsm,cfloat,sm_89,L,N,256,64,32768,blocked|vendor
trsm,cfloat,sm_89,L,N,256,128,128,blocked|vendor
trsm,cfloat,sm_89,L,N,256,128,512,blocked|vendor
trsm,cfloat,sm_89,L,N,256,128,2048,blocked|vendor
trsm,cfloat,sm_89,L,N,256,128,8192,blocked|vendor
trsm,cfloat,sm_89,L,N,256,128,32768,blocked|vendor
trsm,cfloat,sm_89,L,N,256,256,128,blocked|vendor
trsm,cfloat,sm_89,L,N,256,256,512,blocked|vendor
trsm,cfloat,sm_89,L,N,256,256,2048,blocked|vendor
trsm,cfloat,sm_89,L,N,256,256,8192,blocked|vendor
trsm,cfloat,sm_89,L,N,256,256,32768,blocked|vendor
trsm,cfloat,sm_89,L,N,256,512,128,blocked|vendor
trsm,cfloat,sm_89,L,N,256,512,512,blocked|vendor
trsm,cfloat,sm_89,L,N,256,512,2048,blocked|vendor
trsm,cfloat,sm_89,L,N,256,512,8192,blocked|vendor
trsm,cfloat,sm_89,L,N,256,512,32768,blocked|vendor
trsm,cfloat,sm_89,L,N,256,1024,128,blocked|vendor
trsm,cfloat,sm_89,L,N,256,1024,512,blocked|vendor
trsm,cfloat,sm_89,L,N,256,1024,2048,blocked|vendor
trsm,cfloat,sm_89,L,N,256,1024,8192,blocked|vendor
trsm,cfloat,sm_89,L,N,256,1024,32768,blocked|vendor
trsm,cfloat,sm_89,L,N,256,4096,128,blocked|vendor
trsm,cfloat,sm_89,L,N,256,4096,512,blocked|vendor
trsm,cfloat,sm_89,L,N,256,4096,2048,blocked|vendor
trsm,cfloat,sm_89,L,N,256,4096,8192,blocked|vendor
trsm,cfloat,sm_89,L,N,256,4096,32768,blocked|vendor
trsm,cfloat,sm_89,L,N,384,1,128,blocked|vendor
trsm,cfloat,sm_89,L,N,384,1,512,blocked|vendor
trsm,cfloat,sm_89,L,N,384,1,2048,blocked|vendor
trsm,cfloat,sm_89,L,N,384,1,8192,blocked|vendor
trsm,cfloat,sm_89,L,N,384,1,32768,blocked|vendor
trsm,cfloat,sm_89,L,N,384,2,128,blocked|vendor
trsm,cfloat,sm_89,L,N,384,2,512,blocked|vendor
trsm,cfloat,sm_89,L,N,384,2,2048,blocked|vendor
trsm,cfloat,sm_89,L,N,384,2,8192,blocked|vendor
trsm,cfloat,sm_89,L,N,384,2,32768,blocked|vendor
trsm,cfloat,sm_89,L,N,384,4,128,blocked|vendor
trsm,cfloat,sm_89,L,N,384,4,512,blocked|vendor
trsm,cfloat,sm_89,L,N,384,4,2048,blocked|vendor
trsm,cfloat,sm_89,L,N,384,4,8192,blocked|vendor
trsm,cfloat,sm_89,L,N,384,4,32768,blocked|vendor
trsm,cfloat,sm_89,L,N,384,8,128,blocked|vendor
trsm,cfloat,sm_89,L,N,384,8,512,blocked|vendor
trsm,cfloat,sm_89,L,N,384,8,2048,blocked|vendor
trsm,cfloat,sm_89,L,N,384,8,8192,blocked|vendor
trsm,cfloat,sm_89,L,N,384,8,32768,blocked|vendor
trsm,cfloat,sm_89,L,N,384,16,128,blocked|vendor
trsm,cfloat,sm_89,L,N,384,16,512,blocked|vendor
trsm,cfloat,sm_89,L,N,384,16,2048,blocked|vendor
trsm,cfloat,sm_89,L,N,384,16,8192,blocked|vendor
trsm,cfloat,sm_89,L,N,384,16,32768,blocked|vendor
trsm,cfloat,sm_89,L,N,384,32,128,blocked|vendor
trsm,cfloat,sm_89,L,N,384,32,512,blocked|vendor
trsm,cfloat,sm_89,L,N,384,32,2048,blocked|vendor
trsm,cfloat,sm_89,L,N,384,32,8192,blocked|vendor
trsm,cfloat,sm_89,L,N,384,32,32768,blocked|vendor
trsm,cfloat,sm_89,L,N,384,64,128,blocked|vendor
trsm,cfloat,sm_89,L,N,384,64,512,blocked|vendor
trsm,cfloat,sm_89,L,N,384,64,2048,blocked|vendor
trsm,cfloat,sm_89,L,N,384,64,8192,blocked|vendor
trsm,cfloat,sm_89,L,N,384,64,32768,blocked|vendor
trsm,cfloat,sm_89,L,N,384,128,128,blocked|vendor
trsm,cfloat,sm_89,L,N,384,128,512,blocked|vendor
trsm,cfloat,sm_89,L,N,384,128,2048,blocked|vendor
trsm,cfloat,sm_89,L,N,384,128,8192,blocked|vendor
trsm,cfloat,sm_89,L,N,384,128,32768,blocked|vendor
trsm,cfloat,sm_89,L,N,384,256,128,blocked|vendor
trsm,cfloat,sm_89,L,N,384,256,512,blocked|vendor
trsm,cfloat,sm_89,L,N,384,256,2048,blocked|vendor
trsm,cfloat,sm_89,L,N,384,256,8192,blocked|vendor
trsm,cfloat,sm_89,L,N,384,256,32768,blocked|vendor
trsm,cfloat,sm_89,L,N,384,512,128,blocked|vendor
trsm,cfloat,sm_89,L,N,384,512,512,blocked|vendor
trsm,cfloat,sm_89,L,N,384,512,2048,blocked|vendor
trsm,cfloat,sm_89,L,N,384,512,8192,blocked|vendor
trsm,cfloat,sm_89,L,N,384,512,32768,blocked|vendor
trsm,cfloat,sm_89,L,N,384,1024,128,blocked|vendor
trsm,cfloat,sm_89,L,N,384,1024,512,blocked|vendor
trsm,cfloat,sm_89,L,N,384,1024,2048,blocked|vendor
trsm,cfloat,sm_89,L,N,384,1024,8192,blocked|vendor
trsm,cfloat,sm_89,L,N,384,1024,32768,blocked|vendor
trsm,cfloat,sm_89,L,N,384,4096,128,blocked|vendor
trsm,cfloat,sm_89,L,N,384,4096,512,blocked|vendor
trsm,cfloat,sm_89,L,N,384,4096,2048,blocked|vendor
trsm,cfloat,sm_89,L,N,384,4096,8192,blocked|vendor
trsm,cfloat,sm_89,L,N,384,4096,32768,blocked|vendor
trsm,cfloat,sm_89,L,N,512,1,128,blocked|vendor
trsm,cfloat,sm_89,L,N,512,1,512,blocked|vendor
trsm,cfloat,sm_89,L,N,512,1,2048,blocked|vendor
trsm,cfloat,sm_89,L,N,512,1,8192,blocked|vendor
trsm,cfloat,sm_89,L,N,512,1,32768,blocked|vendor
trsm,cfloat,sm_89,L,N,512,2,128,blocked|vendor
trsm,cfloat,sm_89,L,N,512,2,512,blocked|vendor
trsm,cfloat,sm_89,L,N,512,2,2048,blocked|vendor
trsm,cfloat,sm_89,L,N,512,2,8192,blocked|vendor
trsm,cfloat,sm_89,L,N,512,2,32768,blocked|vendor
trsm,cfloat,sm_89,L,N,512,4,128,blocked|vendor
trsm,cfloat,sm_89,L,N,512,4,512,blocked|vendor
trsm,cfloat,sm_89,L,N,512,4,2048,blocked|vendor
trsm,cfloat,sm_89,L,N,512,4,8192,blocked|vendor
trsm,cfloat,sm_89,L,N,512,4,32768,blocked|vendor
trsm,cfloat,sm_89,L,N,512,8,128,blocked|vendor
trsm,cfloat,sm_89,L,N,512,8,512,blocked|vendor
trsm,cfloat,sm_89,L,N,512,8,2048,blocked|vendor
trsm,cfloat,sm_89,L,N,512,8,8192,blocked|vendor
trsm,cfloat,sm_89,L,N,512,8,32768,blocked|vendor
trsm,cfloat,sm_89,L,N,512,16,128,blocked|vendor
trsm,cfloat,sm_89,L,N,512,16,512,blocked|vendor
trsm,cfloat,sm_89,L,N,512,16,2048,blocked|vendor
trsm,cfloat,sm_89,L,N,512,16,8192,blocked|vendor
trsm,cfloat,sm_89,L,N,512,16,32768,blocked|vendor
trsm,cfloat,sm_89,L,N,512,32,128,blocked|vendor
trsm,cfloat,sm_89,L,N,512,32,512,blocked|vendor
trsm,cfloat,sm_89,L,N,512,32,2048,blocked|vendor
trsm,cfloat,sm_89,L,N,512,32,8192,blocked|vendor
trsm,cfloat,sm_89,L,N,512,32,32768,blocked|vendor
trsm,cfloat,sm_89,L,N,512,64,128,blocked|vendor
trsm,cfloat,sm_89,L,N,512,64,512,blocked|vendor
trsm,cfloat,sm_89,L,N,512,64,2048,blocked|vendor
trsm,cfloat,sm_89,L,N,512,64,8192,blocked|vendor
trsm,cfloat,sm_89,L,N,512,64,32768,blocked|vendor
trsm,cfloat,sm_89,L,N,512,128,128,blocked|vendor
trsm,cfloat,sm_89,L,N,512,128,512,blocked|vendor
trsm,cfloat,sm_89,L,N,512,128,2048,blocked|vendor
trsm,cfloat,sm_89,L,N,512,128,8192,blocked|vendor
trsm,cfloat,sm_89,L,N,512,128,32768,blocked|vendor
trsm,cfloat,sm_89,L,N,512,256,128,blocked|vendor
trsm,cfloat,sm_89,L,N,512,256,512,blocked|vendor
trsm,cfloat,sm_89,L,N,512,256,2048,blocked|vendor
trsm,cfloat,sm_89,L,N,512,256,8192,blocked|vendor
trsm,cfloat,sm_89,L,N,512,256,32768,blocked|vendor
trsm,cfloat,sm_89,L,N,512,512,128,blocked|vendor
trsm,cfloat,sm_89,L,N,512,512,512,blocked|vendor
trsm,cfloat,sm_89,L,N,512,512,2048,blocked|vendor
trsm,cfloat,sm_89,L,N,512,512,8192,blocked|vendor
trsm,cfloat,sm_89,L,N,512,512,32768,blocked|vendor
trsm,cfloat,sm_89,L,N,512,1024,128,blocked|vendor
trsm,cfloat,sm_89,L,N,512,1024,512,blocked|vendor
trsm,cfloat,sm_89,L,N,512,1024,2048,blocked|vendor
trsm,cfloat,sm_89,L,N,512,1024,8192,blocked|vendor
trsm,cfloat,sm_89,L,N,512,1024,32768,blocked|vendor
trsm,cfloat,sm_89,L,N,512,4096,128,blocked|vendor
trsm,cfloat,sm_89,L,N,512,4096,512,blocked|vendor
trsm,cfloat,sm_89,L,N,512,4096,2048,blocked|vendor
trsm,cfloat,sm_89,L,N,512,4096,8192,blocked|vendor
trsm,cfloat,sm_89,L,N,512,4096,32768,blocked|vendor
trsm,cfloat,sm_89,L,N,768,1,128,blocked|vendor
trsm,cfloat,sm_89,L,N,768,1,512,blocked|vendor
trsm,cfloat,sm_89,L,N,768,1,2048,blocked|vendor
trsm,cfloat,sm_89,L,N,768,1,8192,blocked|vendor
trsm,cfloat,sm_89,L,N,768,1,32768,blocked|vendor
trsm,cfloat,sm_89,L,N,768,2,128,blocked|vendor
trsm,cfloat,sm_89,L,N,768,2,512,blocked|vendor
trsm,cfloat,sm_89,L,N,768,2,2048,blocked|vendor
trsm,cfloat,sm_89,L,N,768,2,8192,blocked|vendor
trsm,cfloat,sm_89,L,N,768,2,32768,blocked|vendor
trsm,cfloat,sm_89,L,N,768,4,128,blocked|vendor
trsm,cfloat,sm_89,L,N,768,4,512,blocked|vendor
trsm,cfloat,sm_89,L,N,768,4,2048,blocked|vendor
trsm,cfloat,sm_89,L,N,768,4,8192,blocked|vendor
trsm,cfloat,sm_89,L,N,768,4,32768,blocked|vendor
trsm,cfloat,sm_89,L,N,768,8,128,blocked|vendor
trsm,cfloat,sm_89,L,N,768,8,512,blocked|vendor
trsm,cfloat,sm_89,L,N,768,8,2048,blocked|vendor
trsm,cfloat,sm_89,L,N,768,8,8192,blocked|vendor
trsm,cfloat,sm_89,L,N,768,8,32768,blocked|vendor
trsm,cfloat,sm_89,L,N,768,16,128,blocked|vendor
trsm,cfloat,sm_89,L,N,768,16,512,blocked|vendor
trsm,cfloat,sm_89,L,N,768,16,2048,blocked|vendor
trsm,cfloat,sm_89,L,N,768,16,8192,blocked|vendor
trsm,cfloat,sm_89,L,N,768,16,32768,blocked|vendor
trsm,cfloat,sm_89,L,N,768,32,128,blocked|vendor
trsm,cfloat,sm_89,L,N,768,32,512,blocked|vendor
trsm,cfloat,sm_89,L,N,768,32,2048,blocked|vendor
trsm,cfloat,sm_89,L,N,768,32,8192,blocked|vendor
trsm,cfloat,sm_89,L,N,768,32,32768,blocked|vendor
trsm,cfloat,sm_89,L,N,768,64,128,blocked|vendor
trsm,cfloat,sm_89,L,N,768,64,512,blocked|vendor
trsm,cfloat,sm_89,L,N,768,64,2048,blocked|vendor
trsm,cfloat,sm_89,L,N,768,64,8192,blocked|vendor
trsm,cfloat,sm_89,L,N,768,64,32768,blocked|vendor
trsm,cfloat,sm_89,L,N,768,128,128,blocked|vendor
trsm,cfloat,sm_89,L,N,768,128,512,blocked|vendor
trsm,cfloat,sm_89,L,N,768,128,2048,blocked|vendor
trsm,cfloat,sm_89,L,N,768,128,8192,blocked|vendor
trsm,cfloat,sm_89,L,N,768,128,32768,blocked|vendor
trsm,cfloat,sm_89,L,N,768,256,128,blocked|vendor
trsm,cfloat,sm_89,L,N,768,256,512,blocked|vendor
trsm,cfloat,sm_89,L,N,768,256,2048,blocked|vendor
trsm,cfloat,sm_89,L,N,768,256,8192,blocked|vendor
trsm,cfloat,sm_89,L,N,768,256,32768,blocked|vendor
trsm,cfloat,sm_89,L,N,768,512,128,blocked|vendor
trsm,cfloat,sm_89,L,N,768,512,512,blocked|vendor
trsm,cfloat,sm_89,L,N,768,512,2048,blocked|vendor
trsm,cfloat,sm_89,L,N,768,512,8192,blocked|vendor
trsm,cfloat,sm_89,L,N,768,512,32768,blocked|vendor
trsm,cfloat,sm_89,L,N,768,1024,128,blocked|vendor
trsm,cfloat,sm_89,L,N,768,1024,512,blocked|vendor
trsm,cfloat,sm_89,L,N,768,1024,2048,blocked|vendor
trsm,cfloat,sm_89,L,N,768,1024,8192,blocked|vendor
trsm,cfloat,sm_89,L,N,768,1024,32768,blocked|vendor
trsm,cfloat,sm_89,L,N,768,4096,128,blocked|vendor
trsm,cfloat,sm_89,L,N,768,4096,512,blocked|vendor
trsm,cfloat,sm_89,L,N,768,4096,2048,blocked|vendor
trsm,cfloat,sm_89,L,N,768,4096,8192,blocked|vendor
trsm,cfloat,sm_89,L,N,768,4096,32768,blocked|vendor
trsm,cfloat,sm_89,L,N,1024,1,128,blocked|vendor
trsm,cfloat,sm_89,L,N,1024,1,512,blocked|vendor
trsm,cfloat,sm_89,L,N,1024,1,2048,blocked|vendor
trsm,cfloat,sm_89,L,N,1024,1,8192,blocked|vendor
trsm,cfloat,sm_89,L,N,1024,1,32768,blocked|vendor
trsm,cfloat,sm_89,L,N,1024,2,128,blocked|vendor
trsm,cfloat,sm_89,L,N,1024,2,512,blocked|vendor
trsm,cfloat,sm_89,L,N,1024,2,2048,blocked|vendor
trsm,cfloat,sm_89,L,N,1024,2,8192,blocked|vendor
trsm,cfloat,sm_89,L,N,1024,2,32768,blocked|vendor
trsm,cfloat,sm_89,L,N,1024,4,128,blocked|vendor
trsm,cfloat,sm_89,L,N,1024,4,512,blocked|vendor
trsm,cfloat,sm_89,L,N,1024,4,2048,blocked|vendor
trsm,cfloat,sm_89,L,N,1024,4,8192,blocked|vendor
trsm,cfloat,sm_89,L,N,1024,4,32768,blocked|vendor
trsm,cfloat,sm_89,L,N,1024,8,128,blocked|vendor
trsm,cfloat,sm_89,L,N,1024,8,512,blocked|vendor
trsm,cfloat,sm_89,L,N,1024,8,2048,blocked|vendor
trsm,cfloat,sm_89,L,N,1024,8,8192,blocked|vendor
trsm,cfloat,sm_89,L,N,1024,8,32768,blocked|vendor
trsm,cfloat,sm_89,L,N,1024,16,128,blocked|vendor
trsm,cfloat,sm_89,L,N,1024,16,512,blocked|vendor
trsm,cfloat,sm_89,L,N,1024,16,2048,blocked|vendor
trsm,cfloat,sm_89,L,N,1024,16,8192,blocked|vendor
trsm,cfloat,sm_89,L,N,1024,16,32768,blocked|vendor
trsm,cfloat,sm_89,L,N,1024,32,128,blocked|vendor
trsm,cfloat,sm_89,L,N,1024,32,512,blocked|vendor
trsm,cfloat,sm_89,L,N,1024,32,2048,blocked|vendor
trsm,cfloat,sm_89,L,N,1024,32,8192,blocked|vendor
trsm,cfloat,sm_89,L,N,1024,32,32768,blocked|vendor
trsm,cfloat,sm_89,L,N,1024,64,128,blocked|vendor
trsm,cfloat,sm_89,L,N,1024,64,512,blocked|vendor
trsm,cfloat,sm_89,L,N,1024,64,2048,blocked|vendor
trsm,cfloat,sm_89,L,N,1024,64,8192,blocked|vendor
trsm,cfloat,sm_89,L,N,1024,64,32768,blocked|vendor
trsm,cfloat,sm_89,L,N,1024,128,128,blocked|vendor
trsm,cfloat,sm_89,L,N,1024,128,512,blocked|vendor
trsm,cfloat,sm_89,L,N,1024,128,2048,blocked|vendor
trsm,cfloat,sm_89,L,N,1024,128,8192,blocked|vendor
trsm,cfloat,sm_89,L,N,1024,128,32768,blocked|vendor
trsm,cfloat,sm_89,L,N,1024,256,128,blocked|vendor
trsm,cfloat,sm_89,L,N,1024,256,512,blocked|vendor
trsm,cfloat,sm_89,L,N,1024,256,2048,blocked|vendor
trsm,cfloat,sm_89,L,N,1024,256,8192,blocked|vendor
trsm,cfloat,sm_89,L,N,1024,256,32768,blocked|vendor
trsm,cfloat,sm_89,L,N,1024,512,128,blocked|vendor
trsm,cfloat,sm_89,L,N,1024,512,512,blocked|vendor
trsm,cfloat,sm_89,L,N,1024,512,2048,blocked|vendor
trsm,cfloat,sm_89,L,N,1024,512,8192,blocked|vendor
trsm,cfloat,sm_89,L,N,1024,512,32768,blocked|vendor
trsm,cfloat,sm_89,L,N,1024,1024,128,blocked|vendor
trsm,cfloat,sm_89,L,N,1024,1024,512,blocked|vendor
trsm,cfloat,sm_89,L,N,1024,1024,2048,blocked|vendor
trsm,cfloat,sm_89,L,N,1024,1024,8192,blocked|vendor
trsm,cfloat,sm_89,L,N,1024,1024,32768,blocked|vendor
trsm,cfloat,sm_89,L,N,1024,4096,128,blocked|vendor
trsm,cfloat,sm_89,L,N,1024,4096,512,blocked|vendor
trsm,cfloat,sm_89,L,N,1024,4096,2048,blocked|vendor
trsm,cfloat,sm_89,L,N,1024,4096,8192,blocked|vendor
trsm,cfloat,sm_89,L,N,1024,4096,32768,blocked|vendor
trsm,cfloat,sm_89,L,T,1,1,128,cta|blocked|vendor
trsm,cfloat,sm_89,L,T,1,1,512,cta|blocked|vendor
trsm,cfloat,sm_89,L,T,1,1,2048,cta|blocked|vendor
trsm,cfloat,sm_89,L,T,1,1,8192,cta|blocked|vendor
trsm,cfloat,sm_89,L,T,1,1,32768,cta|blocked|vendor
trsm,cfloat,sm_89,L,T,1,2,128,cta|blocked|vendor
trsm,cfloat,sm_89,L,T,1,2,512,cta|blocked|vendor
trsm,cfloat,sm_89,L,T,1,2,2048,cta|blocked|vendor
trsm,cfloat,sm_89,L,T,1,2,8192,cta|blocked|vendor
trsm,cfloat,sm_89,L,T,1,2,32768,cta|blocked|vendor
trsm,cfloat,sm_89,L,T,1,4,128,cta|blocked|vendor
trsm,cfloat,sm_89,L,T,1,4,512,cta|blocked|vendor
trsm,cfloat,sm_89,L,T,1,4,2048,cta|blocked|vendor
trsm,cfloat,sm_89,L,T,1,4,8192,cta|blocked|vendor
trsm,cfloat,sm_89,L,T,1,4,32768,cta|blocked|vendor
trsm,cfloat,sm_89,L,T,1,8,128,cta|blocked|vendor
trsm,cfloat,sm_89,L,T,1,8,512,cta|blocked|vendor
trsm,cfloat,sm_89,L,T,1,8,2048,cta|blocked|vendor
trsm,cfloat,sm_89,L,T,1,8,8192,cta|blocked|vendor
trsm,cfloat,sm_89,L,T,1,8,32768,cta|blocked|vendor
trsm,cfloat,sm_89,L,T,1,16,128,cta|blocked|vendor
trsm,cfloat,sm_89,L,T,1,16,512,cta|blocked|vendor
trsm,cfloat,sm_89,L,T,1,16,2048,cta|blocked|vendor
trsm,cfloat,sm_89,L,T,1,16,8192,cta|blocked|vendor
trsm,cfloat,sm_89,L,T,1,16,32768,cta|blocked|vendor
trsm,cfloat,sm_89,L,T,1,32,128,cta|blocked|vendor
trsm,cfloat,sm_89,L,T,1,32,512,cta|blocked|vendor
trsm,cfloat,sm_89,L,T,1,32,2048,cta|blocked|vendor
trsm,cfloat,sm_89,L,T,1,32,8192,cta|blocked|vendor
trsm,cfloat,sm_89,L,T,1,32,32768,cta|blocked|vendor
trsm,cfloat,sm_89,L,T,1,64,128,cta|blocked|vendor
trsm,cfloat,sm_89,L,T,1,64,512,cta|blocked|vendor
trsm,cfloat,sm_89,L,T,1,64,2048,cta|blocked|vendor
trsm,cfloat,sm_89,L,T,1,64,8192,cta|blocked|vendor
trsm,cfloat,sm_89,L,T,1,64,32768,cta|blocked|vendor
trsm,cfloat,sm_89,L,T,1,128,128,cta|blocked|vendor
trsm,cfloat,sm_89,L,T,1,128,512,cta|blocked|vendor
trsm,cfloat,sm_89,L,T,1,128,2048,cta|blocked|vendor
trsm,cfloat,sm_89,L,T,1,128,8192,cta|blocked|vendor
trsm,cfloat,sm_89,L,T,1,128,32768,cta|blocked|vendor
trsm,cfloat,sm_89,L,T,1,256,128,cta|blocked|vendor
trsm,cfloat,sm_89,L,T,1,256,512,cta|blocked|vendor
trsm,cfloat,sm_89,L,T,1,256,2048,cta|blocked|vendor
trsm,cfloat,sm_89,L,T,1,256,8192,cta|blocked|vendor
trsm,cfloat,sm_89,L,T,1,256,32768,cta|blocked|vendor
trsm,cfloat,sm_89,L,T,1,512,128,cta|blocked|vendor
trsm,cfloat,sm_89,L,T,1,512,512,cta|blocked|vendor
trsm,cfloat,sm_89,L,T,1,512,2048,cta|blocked|vendor
trsm,cfloat,sm_89,L,T,1,512,8192,cta|blocked|vendor
trsm,cfloat,sm_89,L,T,1,512,32768,cta|blocked|vendor
trsm,cfloat,sm_89,L,T,1,1024,128,cta|blocked|vendor
trsm,cfloat,sm_89,L,T,1,1024,512,cta|blocked|vendor
trsm,cfloat,sm_89,L,T,1,1024,2048,cta|blocked|vendor
trsm,cfloat,sm_89,L,T,1,1024,8192,cta|blocked|vendor
trsm,cfloat,sm_89,L,T,1,1024,32768,cta|blocked|vendor
trsm,cfloat,sm_89,L,T,1,4096,128,cta|blocked|vendor
trsm,cfloat,sm_89,L,T,1,4096,512,cta|blocked|vendor
trsm,cfloat,sm_89,L,T,1,4096,2048,cta|blocked|vendor
trsm,cfloat,sm_89,L,T,1,4096,8192,cta|blocked|vendor
trsm,cfloat,sm_89,L,T,1,4096,32768,cta|blocked|vendor
trsm,cfloat,sm_89,L,T,2,1,128,cta|blocked|vendor
trsm,cfloat,sm_89,L,T,2,1,512,cta|blocked|vendor
trsm,cfloat,sm_89,L,T,2,1,2048,cta|blocked|vendor
trsm,cfloat,sm_89,L,T,2,1,8192,cta|blocked|vendor
trsm,cfloat,sm_89,L,T,2,1,32768,cta|blocked|vendor
trsm,cfloat,sm_89,L,T,2,2,128,cta|blocked|vendor
trsm,cfloat,sm_89,L,T,2,2,512,cta|blocked|vendor
trsm,cfloat,sm_89,L,T,2,2,2048,cta|blocked|vendor
trsm,cfloat,sm_89,L,T,2,2,8192,cta|blocked|vendor
trsm,cfloat,sm_89,L,T,2,2,32768,cta|blocked|vendor
trsm,cfloat,sm_89,L,T,2,4,128,cta|blocked|vendor
trsm,cfloat,sm_89,L,T,2,4,512,cta|blocked|vendor
trsm,cfloat,sm_89,L,T,2,4,2048,cta|blocked|vendor
trsm,cfloat,sm_89,L,T,2,4,8192,cta|blocked|vendor
trsm,cfloat,sm_89,L,T,2,4,32768,cta|blocked|vendor
trsm,cfloat,sm_89,L,T,2,8,128,cta|blocked|vendor
trsm,cfloat,sm_89,L,T,2,8,512,cta|blocked|vendor
trsm,cfloat,sm_89,L,T,2,8,2048,cta|blocked|vendor
trsm,cfloat,sm_89,L,T,2,8,8192,cta|blocked|vendor
trsm,cfloat,sm_89,L,T,2,8,32768,cta|blocked|vendor
trsm,cfloat,sm_89,L,T,2,16,128,cta|blocked|vendor
trsm,cfloat,sm_89,L,T,2,16,512,cta|blocked|vendor
trsm,cfloat,sm_89,L,T,2,16,2048,cta|blocked|vendor
trsm,cfloat,sm_89,L,T,2,16,8192,cta|blocked|vendor
trsm,cfloat,sm_89,L,T,2,16,32768,cta|blocked|vendor
trsm,cfloat,sm_89,L,T,2,32,128,cta|blocked|vendor
trsm,cfloat,sm_89,L,T,2,32,512,cta|blocked|vendor
trsm,cfloat,sm_89,L,T,2,32,2048,cta|blocked|vendor
trsm,cfloat,sm_89,L,T,2,32,8192,cta|blocked|vendor
trsm,cfloat,sm_89,L,T,2,32,32768,cta|blocked|vendor
trsm,cfloat,sm_89,L,T,2,64,128,cta|blocked|vendor
trsm,cfloat,sm_89,L,T,2,64,512,cta|blocked|vendor
trsm,cfloat,sm_89,L,T,2,64,2048,cta|blocked|vendor
trsm,cfloat,sm_89,L,T,2,64,8192,cta|blocked|vendor
trsm,cfloat,sm_89,L,T,2,64,32768,cta|blocked|vendor
trsm,cfloat,sm_89,L,T,2,128,128,cta|blocked|vendor
trsm,cfloat,sm_89,L,T,2,128,512,cta|blocked|vendor
trsm,cfloat,sm_89,L,T,2,128,2048,cta|blocked|vendor
trsm,cfloat,sm_89,L,T,2,128,8192,cta|blocked|vendor
trsm,cfloat,sm_89,L,T,2,128,32768,cta|blocked|vendor
trsm,cfloat,sm_89,L,T,2,256,128,cta|blocked|vendor
trsm,cfloat,sm_89,L,T,2,256,512,cta|blocked|vendor
trsm,cfloat,sm_89,L,T,2,256,2048,cta|blocked|vendor
trsm,cfloat,sm_89,L,T,2,256,8192,cta|blocked|vendor
trsm,cfloat,sm_89,L,T,2,256,32768,cta|blocked|vendor
trsm,cfloat,sm_89,L,T,2,512,128,cta|blocked|vendor
trsm,cfloat,sm_89,L,T,2,512,512,cta|blocked|vendor
trsm,cfloat,sm_89,L,T,2,512,2048,cta|blocked|vendor
trsm,cfloat,sm_89,L,T,2,512,8192,cta|blocked|vendor
trsm,cfloat,sm_89,L,T,2,512,32768,cta|blocked|vendor
trsm,cfloat,sm_89,L,T,2,1024,128,cta|blocked|vendor
trsm,cfloat,sm_89,L,T,2,1024,512,cta|blocked|vendor
trsm,cfloat,sm_89,L,T,2,1024,2048,cta|blocked|vendor
trsm,cfloat,sm_89,L,T,2,1024,8192,cta|blocked|vendor
trsm,cfloat,sm_89,L,T,2,1024,32768,cta|blocked|vendor
trsm,cfloat,sm_89,L,T,2,4096,128,cta|blocked|vendor
trsm,cfloat,sm_89,L,T,2,4096,512,cta|blocked|vendor
trsm,cfloat,sm_89,L,T,2,4096,2048,cta|blocked|vendor
trsm,cfloat,sm_89,L,T,2,4096,8192,cta|blocked|vendor
trsm,cfloat,sm_89,L,T,2,4096,32768,cta|blocked|vendor
trsm,cfloat,sm_89,L,T,4,1,128,cta|blocked|vendor
trsm,cfloat,sm_89,L,T,4,1,512,cta|blocked|vendor
trsm,cfloat,sm_89,L,T,4,1,2048,cta|blocked|vendor
trsm,cfloat,sm_89,L,T,4,1,8192,cta|blocked|vendor
trsm,cfloat,sm_89,L,T,4,1,32768,cta|blocked|vendor
trsm,cfloat,sm_89,L,T,4,2,128,cta|blocked|vendor
trsm,cfloat,sm_89,L,T,4,2,512,cta|blocked|vendor
trsm,cfloat,sm_89,L,T,4,2,2048,cta|blocked|vendor
trsm,cfloat,sm_89,L,T,4,2,8192,cta|blocked|vendor
trsm,cfloat,sm_89,L,T,4,2,32768,cta|blocked|vendor
trsm,cfloat,sm_89,L,T,4,4,128,cta|blocked|vendor
trsm,cfloat,sm_89,L,T,4,4,512,cta|blocked|vendor
trsm,cfloat,sm_89,L,T,4,4,2048,cta|blocked|vendor
trsm,cfloat,sm_89,L,T,4,4,8192,cta|blocked|vendor
trsm,cfloat,sm_89,L,T,4,4,32768,cta|blocked|vendor
trsm,cfloat,sm_89,L,T,4,8,128,cta|blocked|vendor
trsm,cfloat,sm_89,L,T,4,8,512,cta|blocked|vendor
trsm,cfloat,sm_89,L,T,4,8,2048,cta|blocked|vendor
trsm,cfloat,sm_89,L,T,4,8,8192,cta|blocked|vendor
trsm,cfloat,sm_89,L,T,4,8,32768,cta|blocked|vendor
trsm,cfloat,sm_89,L,T,4,16,128,cta|blocked|vendor
trsm,cfloat,sm_89,L,T,4,16,512,cta|blocked|vendor
trsm,cfloat,sm_89,L,T,4,16,2048,cta|blocked|vendor
trsm,cfloat,sm_89,L,T,4,16,8192,cta|blocked|vendor
trsm,cfloat,sm_89,L,T,4,16,32768,cta|blocked|vendor
trsm,cfloat,sm_89,L,T,4,32,128,cta|blocked|vendor
trsm,cfloat,sm_89,L,T,4,32,512,cta|blocked|vendor
trsm,cfloat,sm_89,L,T,4,32,2048,cta|blocked|vendor
trsm,cfloat,sm_89,L,T,4,32,8192,cta|blocked|vendor
trsm,cfloat,sm_89,L,T,4,32,32768,cta|blocked|vendor
trsm,cfloat,sm_89,L,T,4,64,128,cta|blocked|vendor
trsm,cfloat,sm_89,L,T,4,64,512,cta|blocked|vendor
trsm,cfloat,sm_89,L,T,4,64,2048,cta|blocked|vendor
trsm,cfloat,sm_89,L,T,4,64,8192,cta|blocked|vendor
trsm,cfloat,sm_89,L,T,4,64,32768,cta|blocked|vendor
trsm,cfloat,sm_89,L,T,4,128,128,cta|blocked|vendor
trsm,cfloat,sm_89,L,T,4,128,512,cta|blocked|vendor
trsm,cfloat,sm_89,L,T,4,128,2048,cta|blocked|vendor
trsm,cfloat,sm_89,L,T,4,128,8192,cta|blocked|vendor
trsm,cfloat,sm_89,L,T,4,128,32768,cta|blocked|vendor
trsm,cfloat,sm_89,L,T,4,256,128,cta|blocked|vendor
trsm,cfloat,sm_89,L,T,4,256,512,cta|blocked|vendor
trsm,cfloat,sm_89,L,T,4,256,2048,cta|blocked|vendor
trsm,cfloat,sm_89,L,T,4,256,8192,cta|blocked|vendor
trsm,cfloat,sm_89,L,T,4,256,32768,cta|blocked|vendor
trsm,cfloat,sm_89,L,T,4,512,128,cta|blocked|vendor
trsm,cfloat,sm_89,L,T,4,512,512,cta|blocked|vendor
trsm,cfloat,sm_89,L,T,4,512,2048,cta|blocked|vendor
trsm,cfloat,sm_89,L,T,4,512,8192,cta|blocked|vendor
trsm,cfloat,sm_89,L,T,4,512,32768,cta|blocked|vendor
trsm,cfloat,sm_89,L,T,4,1024,128,cta|blocked|vendor
trsm,cfloat,sm_89,L,T,4,1024,512,cta|blocked|vendor
trsm,cfloat,sm_89,L,T,4,1024,2048,cta|blocked|vendor
trsm,cfloat,sm_89,L,T,4,1024,8192,cta|blocked|vendor
trsm,cfloat,sm_89,L,T,4,1024,32768,cta|blocked|vendor
trsm,cfloat,sm_89,L,T,4,4096,128,cta|blocked|vendor
trsm,cfloat,sm_89,L,T,4,4096,512,cta|blocked|vendor
trsm,cfloat,sm_89,L,T,4,4096,2048,cta|blocked|vendor
trsm,cfloat,sm_89,L,T,4,4096,8192,cta|blocked|vendor
trsm,cfloat,sm_89,L,T,4,4096,32768,cta|blocked|vendor
trsm,cfloat,sm_89,L,T,8,1,128,cta|blocked|vendor
trsm,cfloat,sm_89,L,T,8,1,512,cta|blocked|vendor
trsm,cfloat,sm_89,L,T,8,1,2048,cta|blocked|vendor
trsm,cfloat,sm_89,L,T,8,1,8192,cta|blocked|vendor
trsm,cfloat,sm_89,L,T,8,1,32768,cta|blocked|vendor
trsm,cfloat,sm_89,L,T,8,2,128,cta|blocked|vendor
trsm,cfloat,sm_89,L,T,8,2,512,cta|blocked|vendor
trsm,cfloat,sm_89,L,T,8,2,2048,cta|blocked|vendor
trsm,cfloat,sm_89,L,T,8,2,8192,cta|blocked|vendor
trsm,cfloat,sm_89,L,T,8,2,32768,cta|blocked|vendor
trsm,cfloat,sm_89,L,T,8,4,128,cta|blocked|vendor
trsm,cfloat,sm_89,L,T,8,4,512,cta|blocked|vendor
trsm,cfloat,sm_89,L,T,8,4,2048,cta|blocked|vendor
trsm,cfloat,sm_89,L,T,8,4,8192,cta|blocked|vendor
trsm,cfloat,sm_89,L,T,8,4,32768,cta|blocked|vendor
trsm,cfloat,sm_89,L,T,8,8,128,cta|blocked|vendor
trsm,cfloat,sm_89,L,T,8,8,512,cta|blocked|vendor
trsm,cfloat,sm_89,L,T,8,8,2048,cta|blocked|vendor
trsm,cfloat,sm_89,L,T,8,8,8192,cta|blocked|vendor
trsm,cfloat,sm_89,L,T,8,8,32768,cta|blocked|vendor
trsm,cfloat,sm_89,L,T,8,16,128,cta|blocked|vendor
trsm,cfloat,sm_89,L,T,8,16,512,cta|blocked|vendor
trsm,cfloat,sm_89,L,T,8,16,2048,cta|blocked|vendor
trsm,cfloat,sm_89,L,T,8,16,8192,cta|blocked|vendor
trsm,cfloat,sm_89,L,T,8,16,32768,cta|blocked|vendor
trsm,cfloat,sm_89,L,T,8,32,128,cta|blocked|vendor
trsm,cfloat,sm_89,L,T,8,32,512,cta|blocked|vendor
trsm,cfloat,sm_89,L,T,8,32,2048,cta|blocked|vendor
trsm,cfloat,sm_89,L,T,8,32,8192,cta|blocked|vendor
trsm,cfloat,sm_89,L,T,8,32,32768,cta|blocked|vendor
trsm,cfloat,sm_89,L,T,8,64,128,cta|blocked|vendor
trsm,cfloat,sm_89,L,T,8,64,512,cta|blocked|vendor
trsm,cfloat,sm_89,L,T,8,64,2048,cta|blocked|vendor
trsm,cfloat,sm_89,L,T,8,64,8192,cta|blocked|vendor
trsm,cfloat,sm_89,L,T,8,64,32768,cta|blocked|vendor
trsm,cfloat,sm_89,L,T,8,128,128,cta|blocked|vendor
trsm,cfloat,sm_89,L,T,8,128,512,cta|blocked|vendor
trsm,cfloat,sm_89,L,T,8,128,2048,cta|blocked|vendor
trsm,cfloat,sm_89,L,T,8,128,8192,cta|blocked|vendor
trsm,cfloat,sm_89,L,T,8,128,32768,cta|blocked|vendor
trsm,cfloat,sm_89,L,T,8,256,128,cta|blocked|vendor
trsm,cfloat,sm_89,L,T,8,256,512,cta|blocked|vendor
trsm,cfloat,sm_89,L,T,8,256,2048,cta|blocked|vendor
trsm,cfloat,sm_89,L,T,8,256,8192,cta|blocked|vendor
trsm,cfloat,sm_89,L,T,8,256,32768,cta|blocked|vendor
trsm,cfloat,sm_89,L,T,8,512,128,cta|blocked|vendor
trsm,cfloat,sm_89,L,T,8,512,512,cta|blocked|vendor
trsm,cfloat,sm_89,L,T,8,512,2048,cta|blocked|vendor
trsm,cfloat,sm_89,L,T,8,512,8192,cta|blocked|vendor
trsm,cfloat,sm_89,L,T,8,512,32768,cta|blocked|vendor
trsm,cfloat,sm_89,L,T,8,1024,128,cta|blocked|vendor
trsm,cfloat,sm_89,L,T,8,1024,512,cta|blocked|vendor
trsm,cfloat,sm_89,L,T,8,1024,2048,cta|blocked|vendor
trsm,cfloat,sm_89,L,T,8,1024,8192,cta|blocked|vendor
trsm,cfloat,sm_89,L,T,8,1024,32768,cta|blocked|vendor
trsm,cfloat,sm_89,L,T,8,4096,128,cta|blocked|vendor
trsm,cfloat,sm_89,L,T,8,4096,512,cta|blocked|vendor
trsm,cfloat,sm_89,L,T,8,4096,2048,cta|blocked|vendor
trsm,cfloat,sm_89,L,T,8,4096,8192,cta|blocked|vendor
trsm,cfloat,sm_89,L,T,8,4096,32768,cta|blocked|vendor
trsm,cfloat,sm_89,L,T,12,1,128,cta|blocked|vendor
trsm,cfloat,sm_89,L,T,12,1,512,cta|blocked|vendor
trsm,cfloat,sm_89,L,T,12,1,2048,cta|blocked|vendor
trsm,cfloat,sm_89,L,T,12,1,8192,cta|blocked|vendor
trsm,cfloat,sm_89,L,T,12,1,32768,cta|blocked|vendor
trsm,cfloat,sm_89,L,T,12,2,128,cta|blocked|vendor
trsm,cfloat,sm_89,L,T,12,2,512,cta|blocked|vendor
trsm,cfloat,sm_89,L,T,12,2,2048,cta|blocked|vendor
trsm,cfloat,sm_89,L,T,12,2,8192,cta|blocked|vendor
trsm,cfloat,sm_89,L,T,12,2,32768,cta|blocked|vendor
trsm,cfloat,sm_89,L,T,12,4,128,cta|blocked|vendor
trsm,cfloat,sm_89,L,T,12,4,512,cta|blocked|vendor
trsm,cfloat,sm_89,L,T,12,4,2048,cta|blocked|vendor
trsm,cfloat,sm_89,L,T,12,4,8192,cta|blocked|vendor
trsm,cfloat,sm_89,L,T,12,4,32768,cta|blocked|vendor
trsm,cfloat,sm_89,L,T,12,8,128,cta|blocked|vendor
trsm,cfloat,sm_89,L,T,12,8,512,cta|blocked|vendor
trsm,cfloat,sm_89,L,T,12,8,2048,cta|blocked|vendor
trsm,cfloat,sm_89,L,T,12,8,8192,cta|blocked|vendor
trsm,cfloat,sm_89,L,T,12,8,32768,cta|blocked|vendor
trsm,cfloat,sm_89,L,T,12,16,128,cta|blocked|vendor
trsm,cfloat,sm_89,L,T,12,16,512,cta|blocked|vendor
trsm,cfloat,sm_89,L,T,12,16,2048,cta|blocked|vendor
trsm,cfloat,sm_89,L,T,12,16,8192,cta|blocked|vendor
trsm,cfloat,sm_89,L,T,12,16,32768,cta|blocked|vendor
trsm,cfloat,sm_89,L,T,12,32,128,cta|blocked|vendor
trsm,cfloat,sm_89,L,T,12,32,512,cta|blocked|vendor
trsm,cfloat,sm_89,L,T,12,32,2048,cta|blocked|vendor
trsm,cfloat,sm_89,L,T,12,32,8192,cta|blocked|vendor
trsm,cfloat,sm_89,L,T,12,32,32768,cta|blocked|vendor
trsm,cfloat,sm_89,L,T,12,64,128,cta|blocked|vendor
trsm,cfloat,sm_89,L,T,12,64,512,cta|blocked|vendor
trsm,cfloat,sm_89,L,T,12,64,2048,cta|blocked|vendor
trsm,cfloat,sm_89,L,T,12,64,8192,cta|blocked|vendor
trsm,cfloat,sm_89,L,T,12,64,32768,cta|blocked|vendor
trsm,cfloat,sm_89,L,T,12,128,128,cta|blocked|vendor
trsm,cfloat,sm_89,L,T,12,128,512,cta|blocked|vendor
trsm,cfloat,sm_89,L,T,12,128,2048,cta|blocked|vendor
trsm,cfloat,sm_89,L,T,12,128,8192,cta|blocked|vendor
trsm,cfloat,sm_89,L,T,12,128,32768,cta|blocked|vendor
trsm,cfloat,sm_89,L,T,12,256,128,cta|blocked|vendor
trsm,cfloat,sm_89,L,T,12,256,512,cta|blocked|vendor
trsm,cfloat,sm_89,L,T,12,256,2048,cta|blocked|vendor
trsm,cfloat,sm_89,L,T,12,256,8192,cta|blocked|vendor
trsm,cfloat,sm_89,L,T,12,256,32768,cta|blocked|vendor
trsm,cfloat,sm_89,L,T,12,512,128,cta|blocked|vendor
trsm,cfloat,sm_89,L,T,12,512,512,cta|blocked|vendor
trsm,cfloat,sm_89,L,T,12,512,2048,cta|blocked|vendor
trsm,cfloat,sm_89,L,T,12,512,8192,cta|blocked|vendor
trsm,cfloat,sm_89,L,T,12,512,32768,cta|blocked|vendor
trsm,cfloat,sm_89,L,T,12,1024,128,cta|blocked|vendor
trsm,cfloat,sm_89,L,T,12,1024,512,cta|blocked|vendor
trsm,cfloat,sm_89,L,T,12,1024,2048,cta|blocked|vendor
trsm,cfloat,sm_89,L,T,12,1024,8192,cta|blocked|vendor
trsm,cfloat,sm_89,L,T,12,1024,32768,cta|blocked|vendor
trsm,cfloat,sm_89,L,T,12,4096,128,cta|blocked|vendor
trsm,cfloat,sm_89,L,T,12,4096,512,cta|blocked|vendor
trsm,cfloat,sm_89,L,T,12,4096,2048,cta|blocked|vendor
trsm,cfloat,sm_89,L,T,12,4096,8192,cta|blocked|vendor
trsm,cfloat,sm_89,L,T,12,4096,32768,cta|blocked|vendor
trsm,cfloat,sm_89,L,T,16,1,128,cta|blocked|vendor
trsm,cfloat,sm_89,L,T,16,1,512,cta|blocked|vendor
trsm,cfloat,sm_89,L,T,16,1,2048,cta|blocked|vendor
trsm,cfloat,sm_89,L,T,16,1,8192,cta|blocked|vendor
trsm,cfloat,sm_89,L,T,16,1,32768,cta|blocked|vendor
trsm,cfloat,sm_89,L,T,16,2,128,cta|blocked|vendor
trsm,cfloat,sm_89,L,T,16,2,512,cta|blocked|vendor
trsm,cfloat,sm_89,L,T,16,2,2048,cta|blocked|vendor
trsm,cfloat,sm_89,L,T,16,2,8192,cta|blocked|vendor
trsm,cfloat,sm_89,L,T,16,2,32768,cta|blocked|vendor
trsm,cfloat,sm_89,L,T,16,4,128,cta|blocked|vendor
trsm,cfloat,sm_89,L,T,16,4,512,cta|blocked|vendor
trsm,cfloat,sm_89,L,T,16,4,2048,cta|blocked|vendor
trsm,cfloat,sm_89,L,T,16,4,8192,cta|blocked|vendor
trsm,cfloat,sm_89,L,T,16,4,32768,cta|blocked|vendor
trsm,cfloat,sm_89,L,T,16,8,128,cta|blocked|vendor
trsm,cfloat,sm_89,L,T,16,8,512,cta|blocked|vendor
trsm,cfloat,sm_89,L,T,16,8,2048,cta|blocked|vendor
trsm,cfloat,sm_89,L,T,16,8,8192,cta|blocked|vendor
trsm,cfloat,sm_89,L,T,16,8,32768,cta|blocked|vendor
trsm,cfloat,sm_89,L,T,16,16,128,cta|blocked|vendor
trsm,cfloat,sm_89,L,T,16,16,512,cta|blocked|vendor
trsm,cfloat,sm_89,L,T,16,16,2048,cta|blocked|vendor
trsm,cfloat,sm_89,L,T,16,16,8192,cta|blocked|vendor
trsm,cfloat,sm_89,L,T,16,16,32768,cta|blocked|vendor
trsm,cfloat,sm_89,L,T,16,32,128,cta|blocked|vendor
trsm,cfloat,sm_89,L,T,16,32,512,cta|blocked|vendor
trsm,cfloat,sm_89,L,T,16,32,2048,cta|blocked|vendor
trsm,cfloat,sm_89,L,T,16,32,8192,cta|blocked|vendor
trsm,cfloat,sm_89,L,T,16,32,32768,cta|blocked|vendor
trsm,cfloat,sm_89,L,T,16,64,128,cta|blocked|vendor
trsm,cfloat,sm_89,L,T,16,64,512,cta|blocked|vendor
trsm,cfloat,sm_89,L,T,16,64,2048,cta|blocked|vendor
trsm,cfloat,sm_89,L,T,16,64,8192,cta|blocked|vendor
trsm,cfloat,sm_89,L,T,16,64,32768,cta|blocked|vendor
trsm,cfloat,sm_89,L,T,16,128,128,cta|blocked|vendor
trsm,cfloat,sm_89,L,T,16,128,512,cta|blocked|vendor
trsm,cfloat,sm_89,L,T,16,128,2048,cta|blocked|vendor
trsm,cfloat,sm_89,L,T,16,128,8192,cta|blocked|vendor
trsm,cfloat,sm_89,L,T,16,128,32768,cta|blocked|vendor
trsm,cfloat,sm_89,L,T,16,256,128,cta|blocked|vendor
trsm,cfloat,sm_89,L,T,16,256,512,cta|blocked|vendor
trsm,cfloat,sm_89,L,T,16,256,2048,cta|blocked|vendor
trsm,cfloat,sm_89,L,T,16,256,8192,cta|blocked|vendor
trsm,cfloat,sm_89,L,T,16,256,32768,cta|blocked|vendor
trsm,cfloat,sm_89,L,T,16,512,128,cta|blocked|vendor
trsm,cfloat,sm_89,L,T,16,512,512,cta|blocked|vendor
trsm,cfloat,sm_89,L,T,16,512,2048,cta|blocked|vendor
trsm,cfloat,sm_89,L,T,16,512,8192,cta|blocked|vendor
trsm,cfloat,sm_89,L,T,16,512,32768,cta|blocked|vendor
trsm,cfloat,sm_89,L,T,16,1024,128,cta|blocked|vendor
trsm,cfloat,sm_89,L,T,16,1024,512,cta|blocked|vendor
trsm,cfloat,sm_89,L,T,16,1024,2048,cta|blocked|vendor
trsm,cfloat,sm_89,L,T,16,1024,8192,cta|blocked|vendor
trsm,cfloat,sm_89,L,T,16,1024,32768,cta|blocked|vendor
trsm,cfloat,sm_89,L,T,16,4096,128,cta|blocked|vendor
trsm,cfloat,sm_89,L,T,16,4096,512,cta|blocked|vendor
trsm,cfloat,sm_89,L,T,16,4096,2048,cta|blocked|vendor
trsm,cfloat,sm_89,L,T,16,4096,8192,cta|blocked|vendor
trsm,cfloat,sm_89,L,T,16,4096,32768,cta|blocked|vendor
trsm,cfloat,sm_89,L,T,24,1,128,cta|blocked|vendor
trsm,cfloat,sm_89,L,T,24,1,512,cta|blocked|vendor
trsm,cfloat,sm_89,L,T,24,1,2048,cta|blocked|vendor
trsm,cfloat,sm_89,L,T,24,1,8192,cta|blocked|vendor
trsm,cfloat,sm_89,L,T,24,1,32768,cta|blocked|vendor
trsm,cfloat,sm_89,L,T,24,2,128,cta|blocked|vendor
trsm,cfloat,sm_89,L,T,24,2,512,cta|blocked|vendor
trsm,cfloat,sm_89,L,T,24,2,2048,cta|blocked|vendor
trsm,cfloat,sm_89,L,T,24,2,8192,cta|blocked|vendor
trsm,cfloat,sm_89,L,T,24,2,32768,cta|blocked|vendor
trsm,cfloat,sm_89,L,T,24,4,128,cta|blocked|vendor
trsm,cfloat,sm_89,L,T,24,4,512,cta|blocked|vendor
trsm,cfloat,sm_89,L,T,24,4,2048,cta|blocked|vendor
trsm,cfloat,sm_89,L,T,24,4,8192,cta|blocked|vendor
trsm,cfloat,sm_89,L,T,24,4,32768,cta|blocked|vendor
trsm,cfloat,sm_89,L,T,24,8,128,cta|blocked|vendor
trsm,cfloat,sm_89,L,T,24,8,512,cta|blocked|vendor
trsm,cfloat,sm_89,L,T,24,8,2048,cta|blocked|vendor
trsm,cfloat,sm_89,L,T,24,8,8192,cta|blocked|vendor
trsm,cfloat,sm_89,L,T,24,8,32768,cta|blocked|vendor
trsm,cfloat,sm_89,L,T,24,16,128,cta|blocked|vendor
trsm,cfloat,sm_89,L,T,24,16,512,cta|blocked|vendor
trsm,cfloat,sm_89,L,T,24,16,2048,cta|blocked|vendor
trsm,cfloat,sm_89,L,T,24,16,8192,cta|blocked|vendor
trsm,cfloat,sm_89,L,T,24,16,32768,cta|blocked|vendor
trsm,cfloat,sm_89,L,T,24,32,128,cta|blocked|vendor
trsm,cfloat,sm_89,L,T,24,32,512,cta|blocked|vendor
trsm,cfloat,sm_89,L,T,24,32,2048,cta|blocked|vendor
trsm,cfloat,sm_89,L,T,24,32,8192,cta|blocked|vendor
trsm,cfloat,sm_89,L,T,24,32,32768,cta|blocked|vendor
trsm,cfloat,sm_89,L,T,24,64,128,cta|blocked|vendor
trsm,cfloat,sm_89,L,T,24,64,512,cta|blocked|vendor
trsm,cfloat,sm_89,L,T,24,64,2048,cta|blocked|vendor
trsm,cfloat,sm_89,L,T,24,64,8192,cta|blocked|vendor
trsm,cfloat,sm_89,L,T,24,64,32768,cta|blocked|vendor
trsm,cfloat,sm_89,L,T,24,128,128,cta|blocked|vendor
trsm,cfloat,sm_89,L,T,24,128,512,cta|blocked|vendor
trsm,cfloat,sm_89,L,T,24,128,2048,cta|blocked|vendor
trsm,cfloat,sm_89,L,T,24,128,8192,cta|blocked|vendor
trsm,cfloat,sm_89,L,T,24,128,32768,cta|blocked|vendor
trsm,cfloat,sm_89,L,T,24,256,128,cta|blocked|vendor
trsm,cfloat,sm_89,L,T,24,256,512,cta|blocked|vendor
trsm,cfloat,sm_89,L,T,24,256,2048,cta|blocked|vendor
trsm,cfloat,sm_89,L,T,24,256,8192,cta|blocked|vendor
trsm,cfloat,sm_89,L,T,24,256,32768,cta|blocked|vendor
trsm,cfloat,sm_89,L,T,24,512,128,cta|blocked|vendor
trsm,cfloat,sm_89,L,T,24,512,512,cta|blocked|vendor
trsm,cfloat,sm_89,L,T,24,512,2048,cta|blocked|vendor
trsm,cfloat,sm_89,L,T,24,512,8192,cta|blocked|vendor
trsm,cfloat,sm_89,L,T,24,512,32768,cta|blocked|vendor
trsm,cfloat,sm_89,L,T,24,1024,128,cta|blocked|vendor
trsm,cfloat,sm_89,L,T,24,1024,512,cta|blocked|vendor
trsm,cfloat,sm_89,L,T,24,1024,2048,cta|blocked|vendor
trsm,cfloat,sm_89,L,T,24,1024,8192,cta|blocked|vendor
trsm,cfloat,sm_89,L,T,24,1024,32768,cta|blocked|vendor
trsm,cfloat,sm_89,L,T,24,4096,128,cta|blocked|vendor
trsm,cfloat,sm_89,L,T,24,4096,512,cta|blocked|vendor
trsm,cfloat,sm_89,L,T,24,4096,2048,cta|blocked|vendor
trsm,cfloat,sm_89,L,T,24,4096,8192,cta|blocked|vendor
trsm,cfloat,sm_89,L,T,24,4096,32768,cta|blocked|vendor
trsm,cfloat,sm_89,L,T,32,1,128,cta|blocked|vendor
trsm,cfloat,sm_89,L,T,32,1,512,cta|blocked|vendor
trsm,cfloat,sm_89,L,T,32,1,2048,cta|blocked|vendor
trsm,cfloat,sm_89,L,T,32,1,8192,cta|blocked|vendor
trsm,cfloat,sm_89,L,T,32,1,32768,cta|blocked|vendor
trsm,cfloat,sm_89,L,T,32,2,128,cta|blocked|vendor
trsm,cfloat,sm_89,L,T,32,2,512,cta|blocked|vendor
trsm,cfloat,sm_89,L,T,32,2,2048,cta|blocked|vendor
trsm,cfloat,sm_89,L,T,32,2,8192,cta|blocked|vendor
trsm,cfloat,sm_89,L,T,32,2,32768,cta|blocked|vendor
trsm,cfloat,sm_89,L,T,32,4,128,cta|blocked|vendor
trsm,cfloat,sm_89,L,T,32,4,512,cta|blocked|vendor
trsm,cfloat,sm_89,L,T,32,4,2048,cta|blocked|vendor
trsm,cfloat,sm_89,L,T,32,4,8192,cta|blocked|vendor
trsm,cfloat,sm_89,L,T,32,4,32768,cta|blocked|vendor
trsm,cfloat,sm_89,L,T,32,8,128,cta|blocked|vendor
trsm,cfloat,sm_89,L,T,32,8,512,cta|blocked|vendor
trsm,cfloat,sm_89,L,T,32,8,2048,cta|blocked|vendor
trsm,cfloat,sm_89,L,T,32,8,8192,cta|blocked|vendor
trsm,cfloat,sm_89,L,T,32,8,32768,cta|blocked|vendor
trsm,cfloat,sm_89,L,T,32,16,128,cta|blocked|vendor
trsm,cfloat,sm_89,L,T,32,16,512,cta|blocked|vendor
trsm,cfloat,sm_89,L,T,32,16,2048,cta|blocked|vendor
trsm,cfloat,sm_89,L,T,32,16,8192,cta|blocked|vendor
trsm,cfloat,sm_89,L,T,32,16,32768,cta|blocked|vendor
trsm,cfloat,sm_89,L,T,32,32,128,cta|blocked|vendor
trsm,cfloat,sm_89,L,T,32,32,512,cta|blocked|vendor
trsm,cfloat,sm_89,L,T,32,32,2048,cta|blocked|vendor
trsm,cfloat,sm_89,L,T,32,32,8192,cta|blocked|vendor
trsm,cfloat,sm_89,L,T,32,32,32768,cta|blocked|vendor
trsm,cfloat,sm_89,L,T,32,64,128,cta|blocked|vendor
trsm,cfloat,sm_89,L,T,32,64,512,cta|blocked|vendor
trsm,cfloat,sm_89,L,T,32,64,2048,cta|blocked|vendor
trsm,cfloat,sm_89,L,T,32,64,8192,cta|blocked|vendor
trsm,cfloat,sm_89,L,T,32,64,32768,cta|blocked|vendor
trsm,cfloat,sm_89,L,T,32,128,128,cta|blocked|vendor
trsm,cfloat,sm_89,L,T,32,128,512,cta|blocked|vendor
trsm,cfloat,sm_89,L,T,32,128,2048,cta|blocked|vendor
trsm,cfloat,sm_89,L,T,32,128,8192,cta|blocked|vendor
trsm,cfloat,sm_89,L,T,32,128,32768,cta|blocked|vendor
trsm,cfloat,sm_89,L,T,32,256,128,cta|blocked|vendor
trsm,cfloat,sm_89,L,T,32,256,512,cta|blocked|vendor
trsm,cfloat,sm_89,L,T,32,256,2048,cta|blocked|vendor
trsm,cfloat,sm_89,L,T,32,256,8192,cta|blocked|vendor
trsm,cfloat,sm_89,L,T,32,256,32768,cta|blocked|vendor
trsm,cfloat,sm_89,L,T,32,512,128,cta|blocked|vendor
trsm,cfloat,sm_89,L,T,32,512,512,cta|blocked|vendor
trsm,cfloat,sm_89,L,T,32,512,2048,cta|blocked|vendor
trsm,cfloat,sm_89,L,T,32,512,8192,cta|blocked|vendor
trsm,cfloat,sm_89,L,T,32,512,32768,cta|blocked|vendor
trsm,cfloat,sm_89,L,T,32,1024,128,cta|blocked|vendor
trsm,cfloat,sm_89,L,T,32,1024,512,cta|blocked|vendor
trsm,cfloat,sm_89,L,T,32,1024,2048,cta|blocked|vendor
trsm,cfloat,sm_89,L,T,32,1024,8192,cta|blocked|vendor
trsm,cfloat,sm_89,L,T,32,1024,32768,cta|blocked|vendor
trsm,cfloat,sm_89,L,T,32,4096,128,cta|blocked|vendor
trsm,cfloat,sm_89,L,T,32,4096,512,cta|blocked|vendor
trsm,cfloat,sm_89,L,T,32,4096,2048,cta|blocked|vendor
trsm,cfloat,sm_89,L,T,32,4096,8192,cta|blocked|vendor
trsm,cfloat,sm_89,L,T,32,4096,32768,cta|blocked|vendor
trsm,cfloat,sm_89,L,T,48,1,128,blocked|vendor
trsm,cfloat,sm_89,L,T,48,1,512,blocked|vendor
trsm,cfloat,sm_89,L,T,48,1,2048,blocked|vendor
trsm,cfloat,sm_89,L,T,48,1,8192,blocked|vendor
trsm,cfloat,sm_89,L,T,48,1,32768,blocked|vendor
trsm,cfloat,sm_89,L,T,48,2,128,blocked|vendor
trsm,cfloat,sm_89,L,T,48,2,512,blocked|vendor
trsm,cfloat,sm_89,L,T,48,2,2048,blocked|vendor
trsm,cfloat,sm_89,L,T,48,2,8192,blocked|vendor
trsm,cfloat,sm_89,L,T,48,2,32768,blocked|vendor
trsm,cfloat,sm_89,L,T,48,4,128,blocked|vendor
trsm,cfloat,sm_89,L,T,48,4,512,blocked|vendor
trsm,cfloat,sm_89,L,T,48,4,2048,blocked|vendor
trsm,cfloat,sm_89,L,T,48,4,8192,blocked|vendor
trsm,cfloat,sm_89,L,T,48,4,32768,blocked|vendor
trsm,cfloat,sm_89,L,T,48,8,128,blocked|vendor
trsm,cfloat,sm_89,L,T,48,8,512,blocked|vendor
trsm,cfloat,sm_89,L,T,48,8,2048,blocked|vendor
trsm,cfloat,sm_89,L,T,48,8,8192,blocked|vendor
trsm,cfloat,sm_89,L,T,48,8,32768,blocked|vendor
trsm,cfloat,sm_89,L,T,48,16,128,blocked|vendor
trsm,cfloat,sm_89,L,T,48,16,512,blocked|vendor
trsm,cfloat,sm_89,L,T,48,16,2048,blocked|vendor
trsm,cfloat,sm_89,L,T,48,16,8192,blocked|vendor
trsm,cfloat,sm_89,L,T,48,16,32768,blocked|vendor
trsm,cfloat,sm_89,L,T,48,32,128,blocked|vendor
trsm,cfloat,sm_89,L,T,48,32,512,blocked|vendor
trsm,cfloat,sm_89,L,T,48,32,2048,blocked|vendor
trsm,cfloat,sm_89,L,T,48,32,8192,blocked|vendor
trsm,cfloat,sm_89,L,T,48,32,32768,blocked|vendor
trsm,cfloat,sm_89,L,T,48,64,128,blocked|vendor
trsm,cfloat,sm_89,L,T,48,64,512,blocked|vendor
trsm,cfloat,sm_89,L,T,48,64,2048,blocked|vendor
trsm,cfloat,sm_89,L,T,48,64,8192,blocked|vendor
trsm,cfloat,sm_89,L,T,48,64,32768,blocked|vendor
trsm,cfloat,sm_89,L,T,48,128,128,blocked|vendor
trsm,cfloat,sm_89,L,T,48,128,512,blocked|vendor
trsm,cfloat,sm_89,L,T,48,128,2048,blocked|vendor
trsm,cfloat,sm_89,L,T,48,128,8192,blocked|vendor
trsm,cfloat,sm_89,L,T,48,128,32768,blocked|vendor
trsm,cfloat,sm_89,L,T,48,256,128,blocked|vendor
trsm,cfloat,sm_89,L,T,48,256,512,blocked|vendor
trsm,cfloat,sm_89,L,T,48,256,2048,blocked|vendor
trsm,cfloat,sm_89,L,T,48,256,8192,blocked|vendor
trsm,cfloat,sm_89,L,T,48,256,32768,blocked|vendor
trsm,cfloat,sm_89,L,T,48,512,128,blocked|vendor
trsm,cfloat,sm_89,L,T,48,512,512,blocked|vendor
trsm,cfloat,sm_89,L,T,48,512,2048,blocked|vendor
trsm,cfloat,sm_89,L,T,48,512,8192,blocked|vendor
trsm,cfloat,sm_89,L,T,48,512,32768,blocked|vendor
trsm,cfloat,sm_89,L,T,48,1024,128,blocked|vendor
trsm,cfloat,sm_89,L,T,48,1024,512,blocked|vendor
trsm,cfloat,sm_89,L,T,48,1024,2048,blocked|vendor
trsm,cfloat,sm_89,L,T,48,1024,8192,blocked|vendor
trsm,cfloat,sm_89,L,T,48,1024,32768,blocked|vendor
trsm,cfloat,sm_89,L,T,48,4096,128,blocked|vendor
trsm,cfloat,sm_89,L,T,48,4096,512,blocked|vendor
trsm,cfloat,sm_89,L,T,48,4096,2048,blocked|vendor
trsm,cfloat,sm_89,L,T,48,4096,8192,blocked|vendor
trsm,cfloat,sm_89,L,T,48,4096,32768,blocked|vendor
trsm,cfloat,sm_89,L,T,64,1,128,blocked|vendor
trsm,cfloat,sm_89,L,T,64,1,512,blocked|vendor
trsm,cfloat,sm_89,L,T,64,1,2048,blocked|vendor
trsm,cfloat,sm_89,L,T,64,1,8192,blocked|vendor
trsm,cfloat,sm_89,L,T,64,1,32768,blocked|vendor
trsm,cfloat,sm_89,L,T,64,2,128,blocked|vendor
trsm,cfloat,sm_89,L,T,64,2,512,blocked|vendor
trsm,cfloat,sm_89,L,T,64,2,2048,blocked|vendor
trsm,cfloat,sm_89,L,T,64,2,8192,blocked|vendor
trsm,cfloat,sm_89,L,T,64,2,32768,blocked|vendor
trsm,cfloat,sm_89,L,T,64,4,128,blocked|vendor
trsm,cfloat,sm_89,L,T,64,4,512,blocked|vendor
trsm,cfloat,sm_89,L,T,64,4,2048,blocked|vendor
trsm,cfloat,sm_89,L,T,64,4,8192,blocked|vendor
trsm,cfloat,sm_89,L,T,64,4,32768,blocked|vendor
trsm,cfloat,sm_89,L,T,64,8,128,blocked|vendor
trsm,cfloat,sm_89,L,T,64,8,512,blocked|vendor
trsm,cfloat,sm_89,L,T,64,8,2048,blocked|vendor
trsm,cfloat,sm_89,L,T,64,8,8192,blocked|vendor
trsm,cfloat,sm_89,L,T,64,8,32768,blocked|vendor
trsm,cfloat,sm_89,L,T,64,16,128,blocked|vendor
trsm,cfloat,sm_89,L,T,64,16,512,blocked|vendor
trsm,cfloat,sm_89,L,T,64,16,2048,blocked|vendor
trsm,cfloat,sm_89,L,T,64,16,8192,blocked|vendor
trsm,cfloat,sm_89,L,T,64,16,32768,blocked|vendor
trsm,cfloat,sm_89,L,T,64,32,128,blocked|vendor
trsm,cfloat,sm_89,L,T,64,32,512,blocked|vendor
trsm,cfloat,sm_89,L,T,64,32,2048,blocked|vendor
trsm,cfloat,sm_89,L,T,64,32,8192,blocked|vendor
trsm,cfloat,sm_89,L,T,64,32,32768,blocked|vendor
trsm,cfloat,sm_89,L,T,64,64,128,blocked|vendor
trsm,cfloat,sm_89,L,T,64,64,512,blocked|vendor
trsm,cfloat,sm_89,L,T,64,64,2048,blocked|vendor
trsm,cfloat,sm_89,L,T,64,64,8192,blocked|vendor
trsm,cfloat,sm_89,L,T,64,64,32768,blocked|vendor
trsm,cfloat,sm_89,L,T,64,128,128,blocked|vendor
trsm,cfloat,sm_89,L,T,64,128,512,blocked|vendor
trsm,cfloat,sm_89,L,T,64,128,2048,blocked|vendor
trsm,cfloat,sm_89,L,T,64,128,8192,blocked|vendor
trsm,cfloat,sm_89,L,T,64,128,32768,blocked|vendor
trsm,cfloat,sm_89,L,T,64,256,128,blocked|vendor
trsm,cfloat,sm_89,L,T,64,256,512,blocked|vendor
trsm,cfloat,sm_89,L,T,64,256,2048,blocked|vendor
trsm,cfloat,sm_89,L,T,64,256,8192,blocked|vendor
trsm,cfloat,sm_89,L,T,64,256,32768,blocked|vendor
trsm,cfloat,sm_89,L,T,64,512,128,blocked|vendor
trsm,cfloat,sm_89,L,T,64,512,512,blocked|vendor
trsm,cfloat,sm_89,L,T,64,512,2048,blocked|vendor
trsm,cfloat,sm_89,L,T,64,512,8192,blocked|vendor
trsm,cfloat,sm_89,L,T,64,512,32768,blocked|vendor
trsm,cfloat,sm_89,L,T,64,1024,128,blocked|vendor
trsm,cfloat,sm_89,L,T,64,1024,512,blocked|vendor
trsm,cfloat,sm_89,L,T,64,1024,2048,blocked|vendor
trsm,cfloat,sm_89,L,T,64,1024,8192,blocked|vendor
trsm,cfloat,sm_89,L,T,64,1024,32768,blocked|vendor
trsm,cfloat,sm_89,L,T,64,4096,128,blocked|vendor
trsm,cfloat,sm_89,L,T,64,4096,512,blocked|vendor
trsm,cfloat,sm_89,L,T,64,4096,2048,blocked|vendor
trsm,cfloat,sm_89,L,T,64,4096,8192,blocked|vendor
trsm,cfloat,sm_89,L,T,64,4096,32768,blocked|vendor
trsm,cfloat,sm_89,L,T,96,1,128,blocked|vendor
trsm,cfloat,sm_89,L,T,96,1,512,blocked|vendor
trsm,cfloat,sm_89,L,T,96,1,2048,blocked|vendor
trsm,cfloat,sm_89,L,T,96,1,8192,blocked|vendor
trsm,cfloat,sm_89,L,T,96,1,32768,blocked|vendor
trsm,cfloat,sm_89,L,T,96,2,128,blocked|vendor
trsm,cfloat,sm_89,L,T,96,2,512,blocked|vendor
trsm,cfloat,sm_89,L,T,96,2,2048,blocked|vendor
trsm,cfloat,sm_89,L,T,96,2,8192,blocked|vendor
trsm,cfloat,sm_89,L,T,96,2,32768,blocked|vendor
trsm,cfloat,sm_89,L,T,96,4,128,blocked|vendor
trsm,cfloat,sm_89,L,T,96,4,512,blocked|vendor
trsm,cfloat,sm_89,L,T,96,4,2048,blocked|vendor
trsm,cfloat,sm_89,L,T,96,4,8192,blocked|vendor
trsm,cfloat,sm_89,L,T,96,4,32768,blocked|vendor
trsm,cfloat,sm_89,L,T,96,8,128,blocked|vendor
trsm,cfloat,sm_89,L,T,96,8,512,blocked|vendor
trsm,cfloat,sm_89,L,T,96,8,2048,blocked|vendor
trsm,cfloat,sm_89,L,T,96,8,8192,blocked|vendor
trsm,cfloat,sm_89,L,T,96,8,32768,blocked|vendor
trsm,cfloat,sm_89,L,T,96,16,128,blocked|vendor
trsm,cfloat,sm_89,L,T,96,16,512,blocked|vendor
trsm,cfloat,sm_89,L,T,96,16,2048,blocked|vendor
trsm,cfloat,sm_89,L,T,96,16,8192,blocked|vendor
trsm,cfloat,sm_89,L,T,96,16,32768,blocked|vendor
trsm,cfloat,sm_89,L,T,96,32,128,blocked|vendor
trsm,cfloat,sm_89,L,T,96,32,512,blocked|vendor
trsm,cfloat,sm_89,L,T,96,32,2048,blocked|vendor
trsm,cfloat,sm_89,L,T,96,32,8192,blocked|vendor
trsm,cfloat,sm_89,L,T,96,32,32768,blocked|vendor
trsm,cfloat,sm_89,L,T,96,64,128,blocked|vendor
trsm,cfloat,sm_89,L,T,96,64,512,blocked|vendor
trsm,cfloat,sm_89,L,T,96,64,2048,blocked|vendor
trsm,cfloat,sm_89,L,T,96,64,8192,blocked|vendor
trsm,cfloat,sm_89,L,T,96,64,32768,blocked|vendor
trsm,cfloat,sm_89,L,T,96,128,128,blocked|vendor
trsm,cfloat,sm_89,L,T,96,128,512,blocked|vendor
trsm,cfloat,sm_89,L,T,96,128,2048,blocked|vendor
trsm,cfloat,sm_89,L,T,96,128,8192,blocked|vendor
trsm,cfloat,sm_89,L,T,96,128,32768,blocked|vendor
trsm,cfloat,sm_89,L,T,96,256,128,blocked|vendor
trsm,cfloat,sm_89,L,T,96,256,512,blocked|vendor
trsm,cfloat,sm_89,L,T,96,256,2048,blocked|vendor
trsm,cfloat,sm_89,L,T,96,256,8192,blocked|vendor
trsm,cfloat,sm_89,L,T,96,256,32768,blocked|vendor
trsm,cfloat,sm_89,L,T,96,512,128,blocked|vendor
trsm,cfloat,sm_89,L,T,96,512,512,blocked|vendor
trsm,cfloat,sm_89,L,T,96,512,2048,blocked|vendor
trsm,cfloat,sm_89,L,T,96,512,8192,blocked|vendor
trsm,cfloat,sm_89,L,T,96,512,32768,blocked|vendor
trsm,cfloat,sm_89,L,T,96,1024,128,blocked|vendor
trsm,cfloat,sm_89,L,T,96,1024,512,blocked|vendor
trsm,cfloat,sm_89,L,T,96,1024,2048,blocked|vendor
trsm,cfloat,sm_89,L,T,96,1024,8192,blocked|vendor
trsm,cfloat,sm_89,L,T,96,1024,32768,blocked|vendor
trsm,cfloat,sm_89,L,T,96,4096,128,blocked|vendor
trsm,cfloat,sm_89,L,T,96,4096,512,blocked|vendor
trsm,cfloat,sm_89,L,T,96,4096,2048,blocked|vendor
trsm,cfloat,sm_89,L,T,96,4096,8192,blocked|vendor
trsm,cfloat,sm_89,L,T,96,4096,32768,blocked|vendor
trsm,cfloat,sm_89,L,T,128,1,128,blocked|vendor
trsm,cfloat,sm_89,L,T,128,1,512,blocked|vendor
trsm,cfloat,sm_89,L,T,128,1,2048,blocked|vendor
trsm,cfloat,sm_89,L,T,128,1,8192,blocked|vendor
trsm,cfloat,sm_89,L,T,128,1,32768,blocked|vendor
trsm,cfloat,sm_89,L,T,128,2,128,blocked|vendor
trsm,cfloat,sm_89,L,T,128,2,512,blocked|vendor
trsm,cfloat,sm_89,L,T,128,2,2048,blocked|vendor
trsm,cfloat,sm_89,L,T,128,2,8192,blocked|vendor
trsm,cfloat,sm_89,L,T,128,2,32768,blocked|vendor
trsm,cfloat,sm_89,L,T,128,4,128,blocked|vendor
trsm,cfloat,sm_89,L,T,128,4,512,blocked|vendor
trsm,cfloat,sm_89,L,T,128,4,2048,blocked|vendor
trsm,cfloat,sm_89,L,T,128,4,8192,blocked|vendor
trsm,cfloat,sm_89,L,T,128,4,32768,blocked|vendor
trsm,cfloat,sm_89,L,T,128,8,128,blocked|vendor
trsm,cfloat,sm_89,L,T,128,8,512,blocked|vendor
trsm,cfloat,sm_89,L,T,128,8,2048,blocked|vendor
trsm,cfloat,sm_89,L,T,128,8,8192,blocked|vendor
trsm,cfloat,sm_89,L,T,128,8,32768,blocked|vendor
trsm,cfloat,sm_89,L,T,128,16,128,blocked|vendor
trsm,cfloat,sm_89,L,T,128,16,512,blocked|vendor
trsm,cfloat,sm_89,L,T,128,16,2048,blocked|vendor
trsm,cfloat,sm_89,L,T,128,16,8192,blocked|vendor
trsm,cfloat,sm_89,L,T,128,16,32768,blocked|vendor
trsm,cfloat,sm_89,L,T,128,32,128,blocked|vendor
trsm,cfloat,sm_89,L,T,128,32,512,blocked|vendor
trsm,cfloat,sm_89,L,T,128,32,2048,blocked|vendor
trsm,cfloat,sm_89,L,T,128,32,8192,blocked|vendor
trsm,cfloat,sm_89,L,T,128,32,32768,blocked|vendor
trsm,cfloat,sm_89,L,T,128,64,128,blocked|vendor
trsm,cfloat,sm_89,L,T,128,64,512,blocked|vendor
trsm,cfloat,sm_89,L,T,128,64,2048,blocked|vendor
trsm,cfloat,sm_89,L,T,128,64,8192,blocked|vendor
trsm,cfloat,sm_89,L,T,128,64,32768,blocked|vendor
trsm,cfloat,sm_89,L,T,128,128,128,blocked|vendor
trsm,cfloat,sm_89,L,T,128,128,512,blocked|vendor
trsm,cfloat,sm_89,L,T,128,128,2048,blocked|vendor
trsm,cfloat,sm_89,L,T,128,128,8192,blocked|vendor
trsm,cfloat,sm_89,L,T,128,128,32768,blocked|vendor
trsm,cfloat,sm_89,L,T,128,256,128,blocked|vendor
trsm,cfloat,sm_89,L,T,128,256,512,blocked|vendor
trsm,cfloat,sm_89,L,T,128,256,2048,blocked|vendor
trsm,cfloat,sm_89,L,T,128,256,8192,blocked|vendor
trsm,cfloat,sm_89,L,T,128,256,32768,blocked|vendor
trsm,cfloat,sm_89,L,T,128,512,128,blocked|vendor
trsm,cfloat,sm_89,L,T,128,512,512,blocked|vendor
trsm,cfloat,sm_89,L,T,128,512,2048,blocked|vendor
trsm,cfloat,sm_89,L,T,128,512,8192,blocked|vendor
trsm,cfloat,sm_89,L,T,128,512,32768,blocked|vendor
trsm,cfloat,sm_89,L,T,128,1024,128,blocked|vendor
trsm,cfloat,sm_89,L,T,128,1024,512,blocked|vendor
trsm,cfloat,sm_89,L,T,128,1024,2048,blocked|vendor
trsm,cfloat,sm_89,L,T,128,1024,8192,blocked|vendor
trsm,cfloat,sm_89,L,T,128,1024,32768,blocked|vendor
trsm,cfloat,sm_89,L,T,128,4096,128,blocked|vendor
trsm,cfloat,sm_89,L,T,128,4096,512,blocked|vendor
trsm,cfloat,sm_89,L,T,128,4096,2048,blocked|vendor
trsm,cfloat,sm_89,L,T,128,4096,8192,blocked|vendor
trsm,cfloat,sm_89,L,T,128,4096,32768,blocked|vendor
trsm,cfloat,sm_89,L,T,192,1,128,blocked|vendor
trsm,cfloat,sm_89,L,T,192,1,512,blocked|vendor
trsm,cfloat,sm_89,L,T,192,1,2048,blocked|vendor
trsm,cfloat,sm_89,L,T,192,1,8192,blocked|vendor
trsm,cfloat,sm_89,L,T,192,1,32768,blocked|vendor
trsm,cfloat,sm_89,L,T,192,2,128,blocked|vendor
trsm,cfloat,sm_89,L,T,192,2,512,blocked|vendor
trsm,cfloat,sm_89,L,T,192,2,2048,blocked|vendor
trsm,cfloat,sm_89,L,T,192,2,8192,blocked|vendor
trsm,cfloat,sm_89,L,T,192,2,32768,blocked|vendor
trsm,cfloat,sm_89,L,T,192,4,128,blocked|vendor
trsm,cfloat,sm_89,L,T,192,4,512,blocked|vendor
trsm,cfloat,sm_89,L,T,192,4,2048,blocked|vendor
trsm,cfloat,sm_89,L,T,192,4,8192,blocked|vendor
trsm,cfloat,sm_89,L,T,192,4,32768,blocked|vendor
trsm,cfloat,sm_89,L,T,192,8,128,blocked|vendor
trsm,cfloat,sm_89,L,T,192,8,512,blocked|vendor
trsm,cfloat,sm_89,L,T,192,8,2048,blocked|vendor
trsm,cfloat,sm_89,L,T,192,8,8192,blocked|vendor
trsm,cfloat,sm_89,L,T,192,8,32768,blocked|vendor
trsm,cfloat,sm_89,L,T,192,16,128,blocked|vendor
trsm,cfloat,sm_89,L,T,192,16,512,blocked|vendor
trsm,cfloat,sm_89,L,T,192,16,2048,blocked|vendor
trsm,cfloat,sm_89,L,T,192,16,8192,blocked|vendor
trsm,cfloat,sm_89,L,T,192,16,32768,blocked|vendor
trsm,cfloat,sm_89,L,T,192,32,128,blocked|vendor
trsm,cfloat,sm_89,L,T,192,32,512,blocked|vendor
trsm,cfloat,sm_89,L,T,192,32,2048,blocked|vendor
trsm,cfloat,sm_89,L,T,192,32,8192,blocked|vendor
trsm,cfloat,sm_89,L,T,192,32,32768,blocked|vendor
trsm,cfloat,sm_89,L,T,192,64,128,blocked|vendor
trsm,cfloat,sm_89,L,T,192,64,512,blocked|vendor
trsm,cfloat,sm_89,L,T,192,64,2048,blocked|vendor
trsm,cfloat,sm_89,L,T,192,64,8192,blocked|vendor
trsm,cfloat,sm_89,L,T,192,64,32768,blocked|vendor
trsm,cfloat,sm_89,L,T,192,128,128,blocked|vendor
trsm,cfloat,sm_89,L,T,192,128,512,blocked|vendor
trsm,cfloat,sm_89,L,T,192,128,2048,blocked|vendor
trsm,cfloat,sm_89,L,T,192,128,8192,blocked|vendor
trsm,cfloat,sm_89,L,T,192,128,32768,blocked|vendor
trsm,cfloat,sm_89,L,T,192,256,128,blocked|vendor
trsm,cfloat,sm_89,L,T,192,256,512,blocked|vendor
trsm,cfloat,sm_89,L,T,192,256,2048,blocked|vendor
trsm,cfloat,sm_89,L,T,192,256,8192,blocked|vendor
trsm,cfloat,sm_89,L,T,192,256,32768,blocked|vendor
trsm,cfloat,sm_89,L,T,192,512,128,blocked|vendor
trsm,cfloat,sm_89,L,T,192,512,512,blocked|vendor
trsm,cfloat,sm_89,L,T,192,512,2048,blocked|vendor
trsm,cfloat,sm_89,L,T,192,512,8192,blocked|vendor
trsm,cfloat,sm_89,L,T,192,512,32768,blocked|vendor
trsm,cfloat,sm_89,L,T,192,1024,128,blocked|vendor
trsm,cfloat,sm_89,L,T,192,1024,512,blocked|vendor
trsm,cfloat,sm_89,L,T,192,1024,2048,blocked|vendor
trsm,cfloat,sm_89,L,T,192,1024,8192,blocked|vendor
trsm,cfloat,sm_89,L,T,192,1024,32768,blocked|vendor
trsm,cfloat,sm_89,L,T,192,4096,128,blocked|vendor
trsm,cfloat,sm_89,L,T,192,4096,512,blocked|vendor
trsm,cfloat,sm_89,L,T,192,4096,2048,blocked|vendor
trsm,cfloat,sm_89,L,T,192,4096,8192,blocked|vendor
trsm,cfloat,sm_89,L,T,192,4096,32768,blocked|vendor
trsm,cfloat,sm_89,L,T,256,1,128,blocked|vendor
trsm,cfloat,sm_89,L,T,256,1,512,blocked|vendor
trsm,cfloat,sm_89,L,T,256,1,2048,blocked|vendor
trsm,cfloat,sm_89,L,T,256,1,8192,blocked|vendor
trsm,cfloat,sm_89,L,T,256,1,32768,blocked|vendor
trsm,cfloat,sm_89,L,T,256,2,128,blocked|vendor
trsm,cfloat,sm_89,L,T,256,2,512,blocked|vendor
trsm,cfloat,sm_89,L,T,256,2,2048,blocked|vendor
trsm,cfloat,sm_89,L,T,256,2,8192,blocked|vendor
trsm,cfloat,sm_89,L,T,256,2,32768,blocked|vendor
trsm,cfloat,sm_89,L,T,256,4,128,blocked|vendor
trsm,cfloat,sm_89,L,T,256,4,512,blocked|vendor
trsm,cfloat,sm_89,L,T,256,4,2048,blocked|vendor
trsm,cfloat,sm_89,L,T,256,4,8192,blocked|vendor
trsm,cfloat,sm_89,L,T,256,4,32768,blocked|vendor
trsm,cfloat,sm_89,L,T,256,8,128,blocked|vendor
trsm,cfloat,sm_89,L,T,256,8,512,blocked|vendor
trsm,cfloat,sm_89,L,T,256,8,2048,blocked|vendor
trsm,cfloat,sm_89,L,T,256,8,8192,blocked|vendor
trsm,cfloat,sm_89,L,T,256,8,32768,blocked|vendor
trsm,cfloat,sm_89,L,T,256,16,128,blocked|vendor
trsm,cfloat,sm_89,L,T,256,16,512,blocked|vendor
trsm,cfloat,sm_89,L,T,256,16,2048,blocked|vendor
trsm,cfloat,sm_89,L,T,256,16,8192,blocked|vendor
trsm,cfloat,sm_89,L,T,256,16,32768,blocked|vendor
trsm,cfloat,sm_89,L,T,256,32,128,blocked|vendor
trsm,cfloat,sm_89,L,T,256,32,512,blocked|vendor
trsm,cfloat,sm_89,L,T,256,32,2048,blocked|vendor
trsm,cfloat,sm_89,L,T,256,32,8192,blocked|vendor
trsm,cfloat,sm_89,L,T,256,32,32768,blocked|vendor
trsm,cfloat,sm_89,L,T,256,64,128,blocked|vendor
trsm,cfloat,sm_89,L,T,256,64,512,blocked|vendor
trsm,cfloat,sm_89,L,T,256,64,2048,blocked|vendor
trsm,cfloat,sm_89,L,T,256,64,8192,blocked|vendor
trsm,cfloat,sm_89,L,T,256,64,32768,blocked|vendor
trsm,cfloat,sm_89,L,T,256,128,128,blocked|vendor
trsm,cfloat,sm_89,L,T,256,128,512,blocked|vendor
trsm,cfloat,sm_89,L,T,256,128,2048,blocked|vendor
trsm,cfloat,sm_89,L,T,256,128,8192,blocked|vendor
trsm,cfloat,sm_89,L,T,256,128,32768,blocked|vendor
trsm,cfloat,sm_89,L,T,256,256,128,blocked|vendor
trsm,cfloat,sm_89,L,T,256,256,512,blocked|vendor
trsm,cfloat,sm_89,L,T,256,256,2048,blocked|vendor
trsm,cfloat,sm_89,L,T,256,256,8192,blocked|vendor
trsm,cfloat,sm_89,L,T,256,256,32768,blocked|vendor
trsm,cfloat,sm_89,L,T,256,512,128,blocked|vendor
trsm,cfloat,sm_89,L,T,256,512,512,blocked|vendor
trsm,cfloat,sm_89,L,T,256,512,2048,blocked|vendor
trsm,cfloat,sm_89,L,T,256,512,8192,blocked|vendor
trsm,cfloat,sm_89,L,T,256,512,32768,blocked|vendor
trsm,cfloat,sm_89,L,T,256,1024,128,blocked|vendor
trsm,cfloat,sm_89,L,T,256,1024,512,blocked|vendor
trsm,cfloat,sm_89,L,T,256,1024,2048,blocked|vendor
trsm,cfloat,sm_89,L,T,256,1024,8192,blocked|vendor
trsm,cfloat,sm_89,L,T,256,1024,32768,blocked|vendor
trsm,cfloat,sm_89,L,T,256,4096,128,blocked|vendor
trsm,cfloat,sm_89,L,T,256,4096,512,blocked|vendor
trsm,cfloat,sm_89,L,T,256,4096,2048,blocked|vendor
trsm,cfloat,sm_89,L,T,256,4096,8192,blocked|vendor
trsm,cfloat,sm_89,L,T,256,4096,32768,blocked|vendor
trsm,cfloat,sm_89,L,T,384,1,128,blocked|vendor
trsm,cfloat,sm_89,L,T,384,1,512,blocked|vendor
trsm,cfloat,sm_89,L,T,384,1,2048,blocked|vendor
trsm,cfloat,sm_89,L,T,384,1,8192,blocked|vendor
trsm,cfloat,sm_89,L,T,384,1,32768,blocked|vendor
trsm,cfloat,sm_89,L,T,384,2,128,blocked|vendor
trsm,cfloat,sm_89,L,T,384,2,512,blocked|vendor
trsm,cfloat,sm_89,L,T,384,2,2048,blocked|vendor
trsm,cfloat,sm_89,L,T,384,2,8192,blocked|vendor
trsm,cfloat,sm_89,L,T,384,2,32768,blocked|vendor
trsm,cfloat,sm_89,L,T,384,4,128,blocked|vendor
trsm,cfloat,sm_89,L,T,384,4,512,blocked|vendor
trsm,cfloat,sm_89,L,T,384,4,2048,blocked|vendor
trsm,cfloat,sm_89,L,T,384,4,8192,blocked|vendor
trsm,cfloat,sm_89,L,T,384,4,32768,blocked|vendor
trsm,cfloat,sm_89,L,T,384,8,128,blocked|vendor
trsm,cfloat,sm_89,L,T,384,8,512,blocked|vendor
trsm,cfloat,sm_89,L,T,384,8,2048,blocked|vendor
trsm,cfloat,sm_89,L,T,384,8,8192,blocked|vendor
trsm,cfloat,sm_89,L,T,384,8,32768,blocked|vendor
trsm,cfloat,sm_89,L,T,384,16,128,blocked|vendor
trsm,cfloat,sm_89,L,T,384,16,512,blocked|vendor
trsm,cfloat,sm_89,L,T,384,16,2048,blocked|vendor
trsm,cfloat,sm_89,L,T,384,16,8192,blocked|vendor
trsm,cfloat,sm_89,L,T,384,16,32768,blocked|vendor
trsm,cfloat,sm_89,L,T,384,32,128,blocked|vendor
trsm,cfloat,sm_89,L,T,384,32,512,blocked|vendor
trsm,cfloat,sm_89,L,T,384,32,2048,blocked|vendor
trsm,cfloat,sm_89,L,T,384,32,8192,blocked|vendor
trsm,cfloat,sm_89,L,T,384,32,32768,blocked|vendor
trsm,cfloat,sm_89,L,T,384,64,128,blocked|vendor
trsm,cfloat,sm_89,L,T,384,64,512,blocked|vendor
trsm,cfloat,sm_89,L,T,384,64,2048,blocked|vendor
trsm,cfloat,sm_89,L,T,384,64,8192,blocked|vendor
trsm,cfloat,sm_89,L,T,384,64,32768,blocked|vendor
trsm,cfloat,sm_89,L,T,384,128,128,blocked|vendor
trsm,cfloat,sm_89,L,T,384,128,512,blocked|vendor
trsm,cfloat,sm_89,L,T,384,128,2048,blocked|vendor
trsm,cfloat,sm_89,L,T,384,128,8192,blocked|vendor
trsm,cfloat,sm_89,L,T,384,128,32768,blocked|vendor
trsm,cfloat,sm_89,L,T,384,256,128,blocked|vendor
trsm,cfloat,sm_89,L,T,384,256,512,blocked|vendor
trsm,cfloat,sm_89,L,T,384,256,2048,blocked|vendor
trsm,cfloat,sm_89,L,T,384,256,8192,blocked|vendor
trsm,cfloat,sm_89,L,T,384,256,32768,blocked|vendor
trsm,cfloat,sm_89,L,T,384,512,128,blocked|vendor
trsm,cfloat,sm_89,L,T,384,512,512,blocked|vendor
trsm,cfloat,sm_89,L,T,384,512,2048,blocked|vendor
trsm,cfloat,sm_89,L,T,384,512,8192,blocked|vendor
trsm,cfloat,sm_89,L,T,384,512,32768,blocked|vendor
trsm,cfloat,sm_89,L,T,384,1024,128,blocked|vendor
trsm,cfloat,sm_89,L,T,384,1024,512,blocked|vendor
trsm,cfloat,sm_89,L,T,384,1024,2048,blocked|vendor
trsm,cfloat,sm_89,L,T,384,1024,8192,blocked|vendor
trsm,cfloat,sm_89,L,T,384,1024,32768,blocked|vendor
trsm,cfloat,sm_89,L,T,384,4096,128,blocked|vendor
trsm,cfloat,sm_89,L,T,384,4096,512,blocked|vendor
trsm,cfloat,sm_89,L,T,384,4096,2048,blocked|vendor
trsm,cfloat,sm_89,L,T,384,4096,8192,blocked|vendor
trsm,cfloat,sm_89,L,T,384,4096,32768,blocked|vendor
trsm,cfloat,sm_89,L,T,512,1,128,blocked|vendor
trsm,cfloat,sm_89,L,T,512,1,512,blocked|vendor
trsm,cfloat,sm_89,L,T,512,1,2048,blocked|vendor
trsm,cfloat,sm_89,L,T,512,1,8192,blocked|vendor
trsm,cfloat,sm_89,L,T,512,1,32768,blocked|vendor
trsm,cfloat,sm_89,L,T,512,2,128,blocked|vendor
trsm,cfloat,sm_89,L,T,512,2,512,blocked|vendor
trsm,cfloat,sm_89,L,T,512,2,2048,blocked|vendor
trsm,cfloat,sm_89,L,T,512,2,8192,blocked|vendor
trsm,cfloat,sm_89,L,T,512,2,32768,blocked|vendor
trsm,cfloat,sm_89,L,T,512,4,128,blocked|vendor
trsm,cfloat,sm_89,L,T,512,4,512,blocked|vendor
trsm,cfloat,sm_89,L,T,512,4,2048,blocked|vendor
trsm,cfloat,sm_89,L,T,512,4,8192,blocked|vendor
trsm,cfloat,sm_89,L,T,512,4,32768,blocked|vendor
trsm,cfloat,sm_89,L,T,512,8,128,blocked|vendor
trsm,cfloat,sm_89,L,T,512,8,512,blocked|vendor
trsm,cfloat,sm_89,L,T,512,8,2048,blocked|vendor
trsm,cfloat,sm_89,L,T,512,8,8192,blocked|vendor
trsm,cfloat,sm_89,L,T,512,8,32768,blocked|vendor
trsm,cfloat,sm_89,L,T,512,16,128,blocked|vendor
trsm,cfloat,sm_89,L,T,512,16,512,blocked|vendor
trsm,cfloat,sm_89,L,T,512,16,2048,blocked|vendor
trsm,cfloat,sm_89,L,T,512,16,8192,blocked|vendor
trsm,cfloat,sm_89,L,T,512,16,32768,blocked|vendor
trsm,cfloat,sm_89,L,T,512,32,128,blocked|vendor
trsm,cfloat,sm_89,L,T,512,32,512,blocked|vendor
trsm,cfloat,sm_89,L,T,512,32,2048,blocked|vendor
trsm,cfloat,sm_89,L,T,512,32,8192,blocked|vendor
trsm,cfloat,sm_89,L,T,512,32,32768,blocked|vendor
trsm,cfloat,sm_89,L,T,512,64,128,blocked|vendor
trsm,cfloat,sm_89,L,T,512,64,512,blocked|vendor
trsm,cfloat,sm_89,L,T,512,64,2048,blocked|vendor
trsm,cfloat,sm_89,L,T,512,64,8192,blocked|vendor
trsm,cfloat,sm_89,L,T,512,64,32768,blocked|vendor
trsm,cfloat,sm_89,L,T,512,128,128,blocked|vendor
trsm,cfloat,sm_89,L,T,512,128,512,blocked|vendor
trsm,cfloat,sm_89,L,T,512,128,2048,blocked|vendor
trsm,cfloat,sm_89,L,T,512,128,8192,blocked|vendor
trsm,cfloat,sm_89,L,T,512,128,32768,blocked|vendor
trsm,cfloat,sm_89,L,T,512,256,128,blocked|vendor
trsm,cfloat,sm_89,L,T,512,256,512,blocked|vendor
trsm,cfloat,sm_89,L,T,512,256,2048,blocked|vendor
trsm,cfloat,sm_89,L,T,512,256,8192,blocked|vendor
trsm,cfloat,sm_89,L,T,512,256,32768,blocked|vendor
trsm,cfloat,sm_89,L,T,512,512,128,blocked|vendor
trsm,cfloat,sm_89,L,T,512,512,512,blocked|vendor
trsm,cfloat,sm_89,L,T,512,512,2048,blocked|vendor
trsm,cfloat,sm_89,L,T,512,512,8192,blocked|vendor
trsm,cfloat,sm_89,L,T,512,512,32768,blocked|vendor
trsm,cfloat,sm_89,L,T,512,1024,128,blocked|vendor
trsm,cfloat,sm_89,L,T,512,1024,512,blocked|vendor
trsm,cfloat,sm_89,L,T,512,1024,2048,blocked|vendor
trsm,cfloat,sm_89,L,T,512,1024,8192,blocked|vendor
trsm,cfloat,sm_89,L,T,512,1024,32768,blocked|vendor
trsm,cfloat,sm_89,L,T,512,4096,128,blocked|vendor
trsm,cfloat,sm_89,L,T,512,4096,512,blocked|vendor
trsm,cfloat,sm_89,L,T,512,4096,2048,blocked|vendor
trsm,cfloat,sm_89,L,T,512,4096,8192,blocked|vendor
trsm,cfloat,sm_89,L,T,512,4096,32768,blocked|vendor
trsm,cfloat,sm_89,L,T,768,1,128,blocked|vendor
trsm,cfloat,sm_89,L,T,768,1,512,blocked|vendor
trsm,cfloat,sm_89,L,T,768,1,2048,blocked|vendor
trsm,cfloat,sm_89,L,T,768,1,8192,blocked|vendor
trsm,cfloat,sm_89,L,T,768,1,32768,blocked|vendor
trsm,cfloat,sm_89,L,T,768,2,128,blocked|vendor
trsm,cfloat,sm_89,L,T,768,2,512,blocked|vendor
trsm,cfloat,sm_89,L,T,768,2,2048,blocked|vendor
trsm,cfloat,sm_89,L,T,768,2,8192,blocked|vendor
trsm,cfloat,sm_89,L,T,768,2,32768,blocked|vendor
trsm,cfloat,sm_89,L,T,768,4,128,blocked|vendor
trsm,cfloat,sm_89,L,T,768,4,512,blocked|vendor
trsm,cfloat,sm_89,L,T,768,4,2048,blocked|vendor
trsm,cfloat,sm_89,L,T,768,4,8192,blocked|vendor
trsm,cfloat,sm_89,L,T,768,4,32768,blocked|vendor
trsm,cfloat,sm_89,L,T,768,8,128,blocked|vendor
trsm,cfloat,sm_89,L,T,768,8,512,blocked|vendor
trsm,cfloat,sm_89,L,T,768,8,2048,blocked|vendor
trsm,cfloat,sm_89,L,T,768,8,8192,blocked|vendor
trsm,cfloat,sm_89,L,T,768,8,32768,blocked|vendor
trsm,cfloat,sm_89,L,T,768,16,128,blocked|vendor
trsm,cfloat,sm_89,L,T,768,16,512,blocked|vendor
trsm,cfloat,sm_89,L,T,768,16,2048,blocked|vendor
trsm,cfloat,sm_89,L,T,768,16,8192,blocked|vendor
trsm,cfloat,sm_89,L,T,768,16,32768,blocked|vendor
trsm,cfloat,sm_89,L,T,768,32,128,blocked|vendor
trsm,cfloat,sm_89,L,T,768,32,512,blocked|vendor
trsm,cfloat,sm_89,L,T,768,32,2048,blocked|vendor
trsm,cfloat,sm_89,L,T,768,32,8192,blocked|vendor
trsm,cfloat,sm_89,L,T,768,32,32768,blocked|vendor
trsm,cfloat,sm_89,L,T,768,64,128,blocked|vendor
trsm,cfloat,sm_89,L,T,768,64,512,blocked|vendor
trsm,cfloat,sm_89,L,T,768,64,2048,blocked|vendor
trsm,cfloat,sm_89,L,T,768,64,8192,blocked|vendor
trsm,cfloat,sm_89,L,T,768,64,32768,blocked|vendor
trsm,cfloat,sm_89,L,T,768,128,128,blocked|vendor
trsm,cfloat,sm_89,L,T,768,128,512,blocked|vendor
trsm,cfloat,sm_89,L,T,768,128,2048,blocked|vendor
trsm,cfloat,sm_89,L,T,768,128,8192,blocked|vendor
trsm,cfloat,sm_89,L,T,768,128,32768,blocked|vendor
trsm,cfloat,sm_89,L,T,768,256,128,blocked|vendor
trsm,cfloat,sm_89,L,T,768,256,512,blocked|vendor
trsm,cfloat,sm_89,L,T,768,256,2048,blocked|vendor
trsm,cfloat,sm_89,L,T,768,256,8192,blocked|vendor
trsm,cfloat,sm_89,L,T,768,256,32768,blocked|vendor
trsm,cfloat,sm_89,L,T,768,512,128,blocked|vendor
trsm,cfloat,sm_89,L,T,768,512,512,blocked|vendor
trsm,cfloat,sm_89,L,T,768,512,2048,blocked|vendor
trsm,cfloat,sm_89,L,T,768,512,8192,blocked|vendor
trsm,cfloat,sm_89,L,T,768,512,32768,blocked|vendor
trsm,cfloat,sm_89,L,T,768,1024,128,blocked|vendor
trsm,cfloat,sm_89,L,T,768,1024,512,blocked|vendor
trsm,cfloat,sm_89,L,T,768,1024,2048,blocked|vendor
trsm,cfloat,sm_89,L,T,768,1024,8192,blocked|vendor
trsm,cfloat,sm_89,L,T,768,1024,32768,blocked|vendor
trsm,cfloat,sm_89,L,T,768,4096,128,blocked|vendor
trsm,cfloat,sm_89,L,T,768,4096,512,blocked|vendor
trsm,cfloat,sm_89,L,T,768,4096,2048,blocked|vendor
trsm,cfloat,sm_89,L,T,768,4096,8192,blocked|vendor
trsm,cfloat,sm_89,L,T,768,4096,32768,blocked|vendor
trsm,cfloat,sm_89,L,T,1024,1,128,blocked|vendor
trsm,cfloat,sm_89,L,T,1024,1,512,blocked|vendor
trsm,cfloat,sm_89,L,T,1024,1,2048,blocked|vendor
trsm,cfloat,sm_89,L,T,1024,1,8192,blocked|vendor
trsm,cfloat,sm_89,L,T,1024,1,32768,blocked|vendor
trsm,cfloat,sm_89,L,T,1024,2,128,blocked|vendor
trsm,cfloat,sm_89,L,T,1024,2,512,blocked|vendor
trsm,cfloat,sm_89,L,T,1024,2,2048,blocked|vendor
trsm,cfloat,sm_89,L,T,1024,2,8192,blocked|vendor
trsm,cfloat,sm_89,L,T,1024,2,32768,blocked|vendor
trsm,cfloat,sm_89,L,T,1024,4,128,blocked|vendor
trsm,cfloat,sm_89,L,T,1024,4,512,blocked|vendor
trsm,cfloat,sm_89,L,T,1024,4,2048,blocked|vendor
trsm,cfloat,sm_89,L,T,1024,4,8192,blocked|vendor
trsm,cfloat,sm_89,L,T,1024,4,32768,blocked|vendor
trsm,cfloat,sm_89,L,T,1024,8,128,blocked|vendor
trsm,cfloat,sm_89,L,T,1024,8,512,blocked|vendor
trsm,cfloat,sm_89,L,T,1024,8,2048,blocked|vendor
trsm,cfloat,sm_89,L,T,1024,8,8192,blocked|vendor
trsm,cfloat,sm_89,L,T,1024,8,32768,blocked|vendor
trsm,cfloat,sm_89,L,T,1024,16,128,blocked|vendor
trsm,cfloat,sm_89,L,T,1024,16,512,blocked|vendor
trsm,cfloat,sm_89,L,T,1024,16,2048,blocked|vendor
trsm,cfloat,sm_89,L,T,1024,16,8192,blocked|vendor
trsm,cfloat,sm_89,L,T,1024,16,32768,blocked|vendor
trsm,cfloat,sm_89,L,T,1024,32,128,blocked|vendor
trsm,cfloat,sm_89,L,T,1024,32,512,blocked|vendor
trsm,cfloat,sm_89,L,T,1024,32,2048,blocked|vendor
trsm,cfloat,sm_89,L,T,1024,32,8192,blocked|vendor
trsm,cfloat,sm_89,L,T,1024,32,32768,blocked|vendor
trsm,cfloat,sm_89,L,T,1024,64,128,blocked|vendor
trsm,cfloat,sm_89,L,T,1024,64,512,blocked|vendor
trsm,cfloat,sm_89,L,T,1024,64,2048,blocked|vendor
trsm,cfloat,sm_89,L,T,1024,64,8192,blocked|vendor
trsm,cfloat,sm_89,L,T,1024,64,32768,blocked|vendor
trsm,cfloat,sm_89,L,T,1024,128,128,blocked|vendor
trsm,cfloat,sm_89,L,T,1024,128,512,blocked|vendor
trsm,cfloat,sm_89,L,T,1024,128,2048,blocked|vendor
trsm,cfloat,sm_89,L,T,1024,128,8192,blocked|vendor
trsm,cfloat,sm_89,L,T,1024,128,32768,blocked|vendor
trsm,cfloat,sm_89,L,T,1024,256,128,blocked|vendor
trsm,cfloat,sm_89,L,T,1024,256,512,blocked|vendor
trsm,cfloat,sm_89,L,T,1024,256,2048,blocked|vendor
trsm,cfloat,sm_89,L,T,1024,256,8192,blocked|vendor
trsm,cfloat,sm_89,L,T,1024,256,32768,blocked|vendor
trsm,cfloat,sm_89,L,T,1024,512,128,blocked|vendor
trsm,cfloat,sm_89,L,T,1024,512,512,blocked|vendor
trsm,cfloat,sm_89,L,T,1024,512,2048,blocked|vendor
trsm,cfloat,sm_89,L,T,1024,512,8192,blocked|vendor
trsm,cfloat,sm_89,L,T,1024,512,32768,blocked|vendor
trsm,cfloat,sm_89,L,T,1024,1024,128,blocked|vendor
trsm,cfloat,sm_89,L,T,1024,1024,512,blocked|vendor
trsm,cfloat,sm_89,L,T,1024,1024,2048,blocked|vendor
trsm,cfloat,sm_89,L,T,1024,1024,8192,blocked|vendor
trsm,cfloat,sm_89,L,T,1024,1024,32768,blocked|vendor
trsm,cfloat,sm_89,L,T,1024,4096,128,blocked|vendor
trsm,cfloat,sm_89,L,T,1024,4096,512,blocked|vendor
trsm,cfloat,sm_89,L,T,1024,4096,2048,blocked|vendor
trsm,cfloat,sm_89,L,T,1024,4096,8192,blocked|vendor
trsm,cfloat,sm_89,L,T,1024,4096,32768,blocked|vendor
trsm,cfloat,sm_89,R,N,1,1,128,cta|blocked|vendor
trsm,cfloat,sm_89,R,N,1,1,512,cta|blocked|vendor
trsm,cfloat,sm_89,R,N,1,1,2048,cta|blocked|vendor
trsm,cfloat,sm_89,R,N,1,1,8192,cta|blocked|vendor
trsm,cfloat,sm_89,R,N,1,1,32768,cta|blocked|vendor
trsm,cfloat,sm_89,R,N,1,2,128,cta|blocked|vendor
trsm,cfloat,sm_89,R,N,1,2,512,cta|blocked|vendor
trsm,cfloat,sm_89,R,N,1,2,2048,cta|blocked|vendor
trsm,cfloat,sm_89,R,N,1,2,8192,cta|blocked|vendor
trsm,cfloat,sm_89,R,N,1,2,32768,cta|blocked|vendor
trsm,cfloat,sm_89,R,N,1,4,128,cta|blocked|vendor
trsm,cfloat,sm_89,R,N,1,4,512,cta|blocked|vendor
trsm,cfloat,sm_89,R,N,1,4,2048,cta|blocked|vendor
trsm,cfloat,sm_89,R,N,1,4,8192,cta|blocked|vendor
trsm,cfloat,sm_89,R,N,1,4,32768,cta|blocked|vendor
trsm,cfloat,sm_89,R,N,1,8,128,cta|blocked|vendor
trsm,cfloat,sm_89,R,N,1,8,512,cta|blocked|vendor
trsm,cfloat,sm_89,R,N,1,8,2048,cta|blocked|vendor
trsm,cfloat,sm_89,R,N,1,8,8192,cta|blocked|vendor
trsm,cfloat,sm_89,R,N,1,8,32768,cta|blocked|vendor
trsm,cfloat,sm_89,R,N,1,16,128,cta|blocked|vendor
trsm,cfloat,sm_89,R,N,1,16,512,cta|blocked|vendor
trsm,cfloat,sm_89,R,N,1,16,2048,cta|blocked|vendor
trsm,cfloat,sm_89,R,N,1,16,8192,cta|blocked|vendor
trsm,cfloat,sm_89,R,N,1,16,32768,cta|blocked|vendor
trsm,cfloat,sm_89,R,N,1,32,128,cta|blocked|vendor
trsm,cfloat,sm_89,R,N,1,32,512,cta|blocked|vendor
trsm,cfloat,sm_89,R,N,1,32,2048,cta|blocked|vendor
trsm,cfloat,sm_89,R,N,1,32,8192,cta|blocked|vendor
trsm,cfloat,sm_89,R,N,1,32,32768,cta|blocked|vendor
trsm,cfloat,sm_89,R,N,1,64,128,cta|blocked|vendor
trsm,cfloat,sm_89,R,N,1,64,512,cta|blocked|vendor
trsm,cfloat,sm_89,R,N,1,64,2048,cta|blocked|vendor
trsm,cfloat,sm_89,R,N,1,64,8192,cta|blocked|vendor
trsm,cfloat,sm_89,R,N,1,64,32768,cta|blocked|vendor
trsm,cfloat,sm_89,R,N,1,128,128,cta|blocked|vendor
trsm,cfloat,sm_89,R,N,1,128,512,cta|blocked|vendor
trsm,cfloat,sm_89,R,N,1,128,2048,cta|blocked|vendor
trsm,cfloat,sm_89,R,N,1,128,8192,cta|blocked|vendor
trsm,cfloat,sm_89,R,N,1,128,32768,cta|blocked|vendor
trsm,cfloat,sm_89,R,N,1,256,128,cta|blocked|vendor
trsm,cfloat,sm_89,R,N,1,256,512,cta|blocked|vendor
trsm,cfloat,sm_89,R,N,1,256,2048,cta|blocked|vendor
trsm,cfloat,sm_89,R,N,1,256,8192,cta|blocked|vendor
trsm,cfloat,sm_89,R,N,1,256,32768,cta|blocked|vendor
trsm,cfloat,sm_89,R,N,1,512,128,cta|blocked|vendor
trsm,cfloat,sm_89,R,N,1,512,512,cta|blocked|vendor
trsm,cfloat,sm_89,R,N,1,512,2048,cta|blocked|vendor
trsm,cfloat,sm_89,R,N,1,512,8192,cta|blocked|vendor
trsm,cfloat,sm_89,R,N,1,512,32768,cta|blocked|vendor
trsm,cfloat,sm_89,R,N,1,1024,128,cta|blocked|vendor
trsm,cfloat,sm_89,R,N,1,1024,512,cta|blocked|vendor
trsm,cfloat,sm_89,R,N,1,1024,2048,cta|blocked|vendor
trsm,cfloat,sm_89,R,N,1,1024,8192,cta|blocked|vendor
trsm,cfloat,sm_89,R,N,1,1024,32768,cta|blocked|vendor
trsm,cfloat,sm_89,R,N,1,4096,128,cta|blocked|vendor
trsm,cfloat,sm_89,R,N,1,4096,512,cta|blocked|vendor
trsm,cfloat,sm_89,R,N,1,4096,2048,cta|blocked|vendor
trsm,cfloat,sm_89,R,N,1,4096,8192,cta|blocked|vendor
trsm,cfloat,sm_89,R,N,1,4096,32768,cta|blocked|vendor
trsm,cfloat,sm_89,R,N,2,1,128,cta|blocked|vendor
trsm,cfloat,sm_89,R,N,2,1,512,cta|blocked|vendor
trsm,cfloat,sm_89,R,N,2,1,2048,cta|blocked|vendor
trsm,cfloat,sm_89,R,N,2,1,8192,cta|blocked|vendor
trsm,cfloat,sm_89,R,N,2,1,32768,cta|blocked|vendor
trsm,cfloat,sm_89,R,N,2,2,128,cta|blocked|vendor
trsm,cfloat,sm_89,R,N,2,2,512,cta|blocked|vendor
trsm,cfloat,sm_89,R,N,2,2,2048,cta|blocked|vendor
trsm,cfloat,sm_89,R,N,2,2,8192,cta|blocked|vendor
trsm,cfloat,sm_89,R,N,2,2,32768,cta|blocked|vendor
trsm,cfloat,sm_89,R,N,2,4,128,cta|blocked|vendor
trsm,cfloat,sm_89,R,N,2,4,512,cta|blocked|vendor
trsm,cfloat,sm_89,R,N,2,4,2048,cta|blocked|vendor
trsm,cfloat,sm_89,R,N,2,4,8192,cta|blocked|vendor
trsm,cfloat,sm_89,R,N,2,4,32768,cta|blocked|vendor
trsm,cfloat,sm_89,R,N,2,8,128,cta|blocked|vendor
trsm,cfloat,sm_89,R,N,2,8,512,cta|blocked|vendor
trsm,cfloat,sm_89,R,N,2,8,2048,cta|blocked|vendor
trsm,cfloat,sm_89,R,N,2,8,8192,cta|blocked|vendor
trsm,cfloat,sm_89,R,N,2,8,32768,cta|blocked|vendor
trsm,cfloat,sm_89,R,N,2,16,128,cta|blocked|vendor
trsm,cfloat,sm_89,R,N,2,16,512,cta|blocked|vendor
trsm,cfloat,sm_89,R,N,2,16,2048,cta|blocked|vendor
trsm,cfloat,sm_89,R,N,2,16,8192,cta|blocked|vendor
trsm,cfloat,sm_89,R,N,2,16,32768,cta|blocked|vendor
trsm,cfloat,sm_89,R,N,2,32,128,cta|blocked|vendor
trsm,cfloat,sm_89,R,N,2,32,512,cta|blocked|vendor
trsm,cfloat,sm_89,R,N,2,32,2048,cta|blocked|vendor
trsm,cfloat,sm_89,R,N,2,32,8192,cta|blocked|vendor
trsm,cfloat,sm_89,R,N,2,32,32768,cta|blocked|vendor
trsm,cfloat,sm_89,R,N,2,64,128,cta|blocked|vendor
trsm,cfloat,sm_89,R,N,2,64,512,cta|blocked|vendor
trsm,cfloat,sm_89,R,N,2,64,2048,cta|blocked|vendor
trsm,cfloat,sm_89,R,N,2,64,8192,cta|blocked|vendor
trsm,cfloat,sm_89,R,N,2,64,32768,cta|blocked|vendor
trsm,cfloat,sm_89,R,N,2,128,128,cta|blocked|vendor
trsm,cfloat,sm_89,R,N,2,128,512,cta|blocked|vendor
trsm,cfloat,sm_89,R,N,2,128,2048,cta|blocked|vendor
trsm,cfloat,sm_89,R,N,2,128,8192,cta|blocked|vendor
trsm,cfloat,sm_89,R,N,2,128,32768,cta|blocked|vendor
trsm,cfloat,sm_89,R,N,2,256,128,cta|blocked|vendor
trsm,cfloat,sm_89,R,N,2,256,512,cta|blocked|vendor
trsm,cfloat,sm_89,R,N,2,256,2048,cta|blocked|vendor
trsm,cfloat,sm_89,R,N,2,256,8192,cta|blocked|vendor
trsm,cfloat,sm_89,R,N,2,256,32768,cta|blocked|vendor
trsm,cfloat,sm_89,R,N,2,512,128,cta|blocked|vendor
trsm,cfloat,sm_89,R,N,2,512,512,cta|blocked|vendor
trsm,cfloat,sm_89,R,N,2,512,2048,cta|blocked|vendor
trsm,cfloat,sm_89,R,N,2,512,8192,cta|blocked|vendor
trsm,cfloat,sm_89,R,N,2,512,32768,cta|blocked|vendor
trsm,cfloat,sm_89,R,N,2,1024,128,cta|blocked|vendor
trsm,cfloat,sm_89,R,N,2,1024,512,cta|blocked|vendor
trsm,cfloat,sm_89,R,N,2,1024,2048,cta|blocked|vendor
trsm,cfloat,sm_89,R,N,2,1024,8192,cta|blocked|vendor
trsm,cfloat,sm_89,R,N,2,1024,32768,cta|blocked|vendor
trsm,cfloat,sm_89,R,N,2,4096,128,cta|blocked|vendor
trsm,cfloat,sm_89,R,N,2,4096,512,cta|blocked|vendor
trsm,cfloat,sm_89,R,N,2,4096,2048,cta|blocked|vendor
trsm,cfloat,sm_89,R,N,2,4096,8192,cta|blocked|vendor
trsm,cfloat,sm_89,R,N,2,4096,32768,cta|blocked|vendor
trsm,cfloat,sm_89,R,N,4,1,128,cta|blocked|vendor
trsm,cfloat,sm_89,R,N,4,1,512,cta|blocked|vendor
trsm,cfloat,sm_89,R,N,4,1,2048,cta|blocked|vendor
trsm,cfloat,sm_89,R,N,4,1,8192,cta|blocked|vendor
trsm,cfloat,sm_89,R,N,4,1,32768,cta|blocked|vendor
trsm,cfloat,sm_89,R,N,4,2,128,cta|blocked|vendor
trsm,cfloat,sm_89,R,N,4,2,512,cta|blocked|vendor
trsm,cfloat,sm_89,R,N,4,2,2048,cta|blocked|vendor
trsm,cfloat,sm_89,R,N,4,2,8192,cta|blocked|vendor
trsm,cfloat,sm_89,R,N,4,2,32768,cta|blocked|vendor
trsm,cfloat,sm_89,R,N,4,4,128,cta|blocked|vendor
trsm,cfloat,sm_89,R,N,4,4,512,cta|blocked|vendor
trsm,cfloat,sm_89,R,N,4,4,2048,cta|blocked|vendor
trsm,cfloat,sm_89,R,N,4,4,8192,cta|blocked|vendor
trsm,cfloat,sm_89,R,N,4,4,32768,cta|blocked|vendor
trsm,cfloat,sm_89,R,N,4,8,128,cta|blocked|vendor
trsm,cfloat,sm_89,R,N,4,8,512,cta|blocked|vendor
trsm,cfloat,sm_89,R,N,4,8,2048,cta|blocked|vendor
trsm,cfloat,sm_89,R,N,4,8,8192,cta|blocked|vendor
trsm,cfloat,sm_89,R,N,4,8,32768,cta|blocked|vendor
trsm,cfloat,sm_89,R,N,4,16,128,cta|blocked|vendor
trsm,cfloat,sm_89,R,N,4,16,512,cta|blocked|vendor
trsm,cfloat,sm_89,R,N,4,16,2048,cta|blocked|vendor
trsm,cfloat,sm_89,R,N,4,16,8192,cta|blocked|vendor
trsm,cfloat,sm_89,R,N,4,16,32768,cta|blocked|vendor
trsm,cfloat,sm_89,R,N,4,32,128,cta|blocked|vendor
trsm,cfloat,sm_89,R,N,4,32,512,cta|blocked|vendor
trsm,cfloat,sm_89,R,N,4,32,2048,cta|blocked|vendor
trsm,cfloat,sm_89,R,N,4,32,8192,cta|blocked|vendor
trsm,cfloat,sm_89,R,N,4,32,32768,cta|blocked|vendor
trsm,cfloat,sm_89,R,N,4,64,128,cta|blocked|vendor
trsm,cfloat,sm_89,R,N,4,64,512,cta|blocked|vendor
trsm,cfloat,sm_89,R,N,4,64,2048,cta|blocked|vendor
trsm,cfloat,sm_89,R,N,4,64,8192,cta|blocked|vendor
trsm,cfloat,sm_89,R,N,4,64,32768,cta|blocked|vendor
trsm,cfloat,sm_89,R,N,4,128,128,cta|blocked|vendor
trsm,cfloat,sm_89,R,N,4,128,512,cta|blocked|vendor
trsm,cfloat,sm_89,R,N,4,128,2048,cta|blocked|vendor
trsm,cfloat,sm_89,R,N,4,128,8192,cta|blocked|vendor
trsm,cfloat,sm_89,R,N,4,128,32768,cta|blocked|vendor
trsm,cfloat,sm_89,R,N,4,256,128,cta|blocked|vendor
trsm,cfloat,sm_89,R,N,4,256,512,cta|blocked|vendor
trsm,cfloat,sm_89,R,N,4,256,2048,cta|blocked|vendor
trsm,cfloat,sm_89,R,N,4,256,8192,cta|blocked|vendor
trsm,cfloat,sm_89,R,N,4,256,32768,cta|blocked|vendor
trsm,cfloat,sm_89,R,N,4,512,128,cta|blocked|vendor
trsm,cfloat,sm_89,R,N,4,512,512,cta|blocked|vendor
trsm,cfloat,sm_89,R,N,4,512,2048,cta|blocked|vendor
trsm,cfloat,sm_89,R,N,4,512,8192,cta|blocked|vendor
trsm,cfloat,sm_89,R,N,4,512,32768,cta|blocked|vendor
trsm,cfloat,sm_89,R,N,4,1024,128,cta|blocked|vendor
trsm,cfloat,sm_89,R,N,4,1024,512,cta|blocked|vendor
trsm,cfloat,sm_89,R,N,4,1024,2048,cta|blocked|vendor
trsm,cfloat,sm_89,R,N,4,1024,8192,cta|blocked|vendor
trsm,cfloat,sm_89,R,N,4,1024,32768,cta|blocked|vendor
trsm,cfloat,sm_89,R,N,4,4096,128,cta|blocked|vendor
trsm,cfloat,sm_89,R,N,4,4096,512,cta|blocked|vendor
trsm,cfloat,sm_89,R,N,4,4096,2048,cta|blocked|vendor
trsm,cfloat,sm_89,R,N,4,4096,8192,cta|blocked|vendor
trsm,cfloat,sm_89,R,N,4,4096,32768,cta|blocked|vendor
trsm,cfloat,sm_89,R,N,8,1,128,cta|blocked|vendor
trsm,cfloat,sm_89,R,N,8,1,512,cta|blocked|vendor
trsm,cfloat,sm_89,R,N,8,1,2048,cta|blocked|vendor
trsm,cfloat,sm_89,R,N,8,1,8192,cta|blocked|vendor
trsm,cfloat,sm_89,R,N,8,1,32768,cta|blocked|vendor
trsm,cfloat,sm_89,R,N,8,2,128,cta|blocked|vendor
trsm,cfloat,sm_89,R,N,8,2,512,cta|blocked|vendor
trsm,cfloat,sm_89,R,N,8,2,2048,cta|blocked|vendor
trsm,cfloat,sm_89,R,N,8,2,8192,cta|blocked|vendor
trsm,cfloat,sm_89,R,N,8,2,32768,cta|blocked|vendor
trsm,cfloat,sm_89,R,N,8,4,128,cta|blocked|vendor
trsm,cfloat,sm_89,R,N,8,4,512,cta|blocked|vendor
trsm,cfloat,sm_89,R,N,8,4,2048,cta|blocked|vendor
trsm,cfloat,sm_89,R,N,8,4,8192,cta|blocked|vendor
trsm,cfloat,sm_89,R,N,8,4,32768,cta|blocked|vendor
trsm,cfloat,sm_89,R,N,8,8,128,cta|blocked|vendor
trsm,cfloat,sm_89,R,N,8,8,512,cta|blocked|vendor
trsm,cfloat,sm_89,R,N,8,8,2048,cta|blocked|vendor
trsm,cfloat,sm_89,R,N,8,8,8192,cta|blocked|vendor
trsm,cfloat,sm_89,R,N,8,8,32768,cta|blocked|vendor
trsm,cfloat,sm_89,R,N,8,16,128,cta|blocked|vendor
trsm,cfloat,sm_89,R,N,8,16,512,cta|blocked|vendor
trsm,cfloat,sm_89,R,N,8,16,2048,cta|blocked|vendor
trsm,cfloat,sm_89,R,N,8,16,8192,cta|blocked|vendor
trsm,cfloat,sm_89,R,N,8,16,32768,cta|blocked|vendor
trsm,cfloat,sm_89,R,N,8,32,128,cta|blocked|vendor
trsm,cfloat,sm_89,R,N,8,32,512,cta|blocked|vendor
trsm,cfloat,sm_89,R,N,8,32,2048,cta|blocked|vendor
trsm,cfloat,sm_89,R,N,8,32,8192,cta|blocked|vendor
trsm,cfloat,sm_89,R,N,8,32,32768,cta|blocked|vendor
trsm,cfloat,sm_89,R,N,8,64,128,cta|blocked|vendor
trsm,cfloat,sm_89,R,N,8,64,512,cta|blocked|vendor
trsm,cfloat,sm_89,R,N,8,64,2048,cta|blocked|vendor
trsm,cfloat,sm_89,R,N,8,64,8192,cta|blocked|vendor
trsm,cfloat,sm_89,R,N,8,64,32768,cta|blocked|vendor
trsm,cfloat,sm_89,R,N,8,128,128,cta|blocked|vendor
trsm,cfloat,sm_89,R,N,8,128,512,cta|blocked|vendor
trsm,cfloat,sm_89,R,N,8,128,2048,cta|blocked|vendor
trsm,cfloat,sm_89,R,N,8,128,8192,cta|blocked|vendor
trsm,cfloat,sm_89,R,N,8,128,32768,cta|blocked|vendor
trsm,cfloat,sm_89,R,N,8,256,128,cta|blocked|vendor
trsm,cfloat,sm_89,R,N,8,256,512,cta|blocked|vendor
trsm,cfloat,sm_89,R,N,8,256,2048,cta|blocked|vendor
trsm,cfloat,sm_89,R,N,8,256,8192,cta|blocked|vendor
trsm,cfloat,sm_89,R,N,8,256,32768,cta|blocked|vendor
trsm,cfloat,sm_89,R,N,8,512,128,cta|blocked|vendor
trsm,cfloat,sm_89,R,N,8,512,512,cta|blocked|vendor
trsm,cfloat,sm_89,R,N,8,512,2048,cta|blocked|vendor
trsm,cfloat,sm_89,R,N,8,512,8192,cta|blocked|vendor
trsm,cfloat,sm_89,R,N,8,512,32768,cta|blocked|vendor
trsm,cfloat,sm_89,R,N,8,1024,128,cta|blocked|vendor
trsm,cfloat,sm_89,R,N,8,1024,512,cta|blocked|vendor
trsm,cfloat,sm_89,R,N,8,1024,2048,cta|blocked|vendor
trsm,cfloat,sm_89,R,N,8,1024,8192,cta|blocked|vendor
trsm,cfloat,sm_89,R,N,8,1024,32768,cta|blocked|vendor
trsm,cfloat,sm_89,R,N,8,4096,128,cta|blocked|vendor
trsm,cfloat,sm_89,R,N,8,4096,512,cta|blocked|vendor
trsm,cfloat,sm_89,R,N,8,4096,2048,cta|blocked|vendor
trsm,cfloat,sm_89,R,N,8,4096,8192,cta|blocked|vendor
trsm,cfloat,sm_89,R,N,8,4096,32768,cta|blocked|vendor
trsm,cfloat,sm_89,R,N,12,1,128,cta|blocked|vendor
trsm,cfloat,sm_89,R,N,12,1,512,cta|blocked|vendor
trsm,cfloat,sm_89,R,N,12,1,2048,cta|blocked|vendor
trsm,cfloat,sm_89,R,N,12,1,8192,cta|blocked|vendor
trsm,cfloat,sm_89,R,N,12,1,32768,cta|blocked|vendor
trsm,cfloat,sm_89,R,N,12,2,128,cta|blocked|vendor
trsm,cfloat,sm_89,R,N,12,2,512,cta|blocked|vendor
trsm,cfloat,sm_89,R,N,12,2,2048,cta|blocked|vendor
trsm,cfloat,sm_89,R,N,12,2,8192,cta|blocked|vendor
trsm,cfloat,sm_89,R,N,12,2,32768,cta|blocked|vendor
trsm,cfloat,sm_89,R,N,12,4,128,cta|blocked|vendor
trsm,cfloat,sm_89,R,N,12,4,512,cta|blocked|vendor
trsm,cfloat,sm_89,R,N,12,4,2048,cta|blocked|vendor
trsm,cfloat,sm_89,R,N,12,4,8192,cta|blocked|vendor
trsm,cfloat,sm_89,R,N,12,4,32768,cta|blocked|vendor
trsm,cfloat,sm_89,R,N,12,8,128,cta|blocked|vendor
trsm,cfloat,sm_89,R,N,12,8,512,cta|blocked|vendor
trsm,cfloat,sm_89,R,N,12,8,2048,cta|blocked|vendor
trsm,cfloat,sm_89,R,N,12,8,8192,cta|blocked|vendor
trsm,cfloat,sm_89,R,N,12,8,32768,cta|blocked|vendor
trsm,cfloat,sm_89,R,N,12,16,128,cta|blocked|vendor
trsm,cfloat,sm_89,R,N,12,16,512,cta|blocked|vendor
trsm,cfloat,sm_89,R,N,12,16,2048,cta|blocked|vendor
trsm,cfloat,sm_89,R,N,12,16,8192,cta|blocked|vendor
trsm,cfloat,sm_89,R,N,12,16,32768,cta|blocked|vendor
trsm,cfloat,sm_89,R,N,12,32,128,cta|blocked|vendor
trsm,cfloat,sm_89,R,N,12,32,512,cta|blocked|vendor
trsm,cfloat,sm_89,R,N,12,32,2048,cta|blocked|vendor
trsm,cfloat,sm_89,R,N,12,32,8192,cta|blocked|vendor
trsm,cfloat,sm_89,R,N,12,32,32768,cta|blocked|vendor
trsm,cfloat,sm_89,R,N,12,64,128,cta|blocked|vendor
trsm,cfloat,sm_89,R,N,12,64,512,cta|blocked|vendor
trsm,cfloat,sm_89,R,N,12,64,2048,cta|blocked|vendor
trsm,cfloat,sm_89,R,N,12,64,8192,cta|blocked|vendor
trsm,cfloat,sm_89,R,N,12,64,32768,cta|blocked|vendor
trsm,cfloat,sm_89,R,N,12,128,128,cta|blocked|vendor
trsm,cfloat,sm_89,R,N,12,128,512,cta|blocked|vendor
trsm,cfloat,sm_89,R,N,12,128,2048,cta|blocked|vendor
trsm,cfloat,sm_89,R,N,12,128,8192,cta|blocked|vendor
trsm,cfloat,sm_89,R,N,12,128,32768,cta|blocked|vendor
trsm,cfloat,sm_89,R,N,12,256,128,cta|blocked|vendor
trsm,cfloat,sm_89,R,N,12,256,512,cta|blocked|vendor
trsm,cfloat,sm_89,R,N,12,256,2048,cta|blocked|vendor
trsm,cfloat,sm_89,R,N,12,256,8192,cta|blocked|vendor
trsm,cfloat,sm_89,R,N,12,256,32768,cta|blocked|vendor
trsm,cfloat,sm_89,R,N,12,512,128,cta|blocked|vendor
trsm,cfloat,sm_89,R,N,12,512,512,cta|blocked|vendor
trsm,cfloat,sm_89,R,N,12,512,2048,cta|blocked|vendor
trsm,cfloat,sm_89,R,N,12,512,8192,cta|blocked|vendor
trsm,cfloat,sm_89,R,N,12,512,32768,cta|blocked|vendor
trsm,cfloat,sm_89,R,N,12,1024,128,cta|blocked|vendor
trsm,cfloat,sm_89,R,N,12,1024,512,cta|blocked|vendor
trsm,cfloat,sm_89,R,N,12,1024,2048,cta|blocked|vendor
trsm,cfloat,sm_89,R,N,12,1024,8192,cta|blocked|vendor
trsm,cfloat,sm_89,R,N,12,1024,32768,cta|blocked|vendor
trsm,cfloat,sm_89,R,N,12,4096,128,cta|blocked|vendor
trsm,cfloat,sm_89,R,N,12,4096,512,cta|blocked|vendor
trsm,cfloat,sm_89,R,N,12,4096,2048,cta|blocked|vendor
trsm,cfloat,sm_89,R,N,12,4096,8192,cta|blocked|vendor
trsm,cfloat,sm_89,R,N,12,4096,32768,cta|blocked|vendor
trsm,cfloat,sm_89,R,N,16,1,128,cta|blocked|vendor
trsm,cfloat,sm_89,R,N,16,1,512,cta|blocked|vendor
trsm,cfloat,sm_89,R,N,16,1,2048,cta|blocked|vendor
trsm,cfloat,sm_89,R,N,16,1,8192,cta|blocked|vendor
trsm,cfloat,sm_89,R,N,16,1,32768,cta|blocked|vendor
trsm,cfloat,sm_89,R,N,16,2,128,cta|blocked|vendor
trsm,cfloat,sm_89,R,N,16,2,512,cta|blocked|vendor
trsm,cfloat,sm_89,R,N,16,2,2048,cta|blocked|vendor
trsm,cfloat,sm_89,R,N,16,2,8192,cta|blocked|vendor
trsm,cfloat,sm_89,R,N,16,2,32768,cta|blocked|vendor
trsm,cfloat,sm_89,R,N,16,4,128,cta|blocked|vendor
trsm,cfloat,sm_89,R,N,16,4,512,cta|blocked|vendor
trsm,cfloat,sm_89,R,N,16,4,2048,cta|blocked|vendor
trsm,cfloat,sm_89,R,N,16,4,8192,cta|blocked|vendor
trsm,cfloat,sm_89,R,N,16,4,32768,cta|blocked|vendor
trsm,cfloat,sm_89,R,N,16,8,128,cta|blocked|vendor
trsm,cfloat,sm_89,R,N,16,8,512,cta|blocked|vendor
trsm,cfloat,sm_89,R,N,16,8,2048,cta|blocked|vendor
trsm,cfloat,sm_89,R,N,16,8,8192,cta|blocked|vendor
trsm,cfloat,sm_89,R,N,16,8,32768,cta|blocked|vendor
trsm,cfloat,sm_89,R,N,16,16,128,cta|blocked|vendor
trsm,cfloat,sm_89,R,N,16,16,512,cta|blocked|vendor
trsm,cfloat,sm_89,R,N,16,16,2048,cta|blocked|vendor
trsm,cfloat,sm_89,R,N,16,16,8192,cta|blocked|vendor
trsm,cfloat,sm_89,R,N,16,16,32768,cta|blocked|vendor
trsm,cfloat,sm_89,R,N,16,32,128,cta|blocked|vendor
trsm,cfloat,sm_89,R,N,16,32,512,cta|blocked|vendor
trsm,cfloat,sm_89,R,N,16,32,2048,cta|blocked|vendor
trsm,cfloat,sm_89,R,N,16,32,8192,cta|blocked|vendor
trsm,cfloat,sm_89,R,N,16,32,32768,cta|blocked|vendor
trsm,cfloat,sm_89,R,N,16,64,128,cta|blocked|vendor
trsm,cfloat,sm_89,R,N,16,64,512,cta|blocked|vendor
trsm,cfloat,sm_89,R,N,16,64,2048,cta|blocked|vendor
trsm,cfloat,sm_89,R,N,16,64,8192,cta|blocked|vendor
trsm,cfloat,sm_89,R,N,16,64,32768,cta|blocked|vendor
trsm,cfloat,sm_89,R,N,16,128,128,cta|blocked|vendor
trsm,cfloat,sm_89,R,N,16,128,512,cta|blocked|vendor
trsm,cfloat,sm_89,R,N,16,128,2048,cta|blocked|vendor
trsm,cfloat,sm_89,R,N,16,128,8192,cta|blocked|vendor
trsm,cfloat,sm_89,R,N,16,128,32768,cta|blocked|vendor
trsm,cfloat,sm_89,R,N,16,256,128,cta|blocked|vendor
trsm,cfloat,sm_89,R,N,16,256,512,cta|blocked|vendor
trsm,cfloat,sm_89,R,N,16,256,2048,cta|blocked|vendor
trsm,cfloat,sm_89,R,N,16,256,8192,cta|blocked|vendor
trsm,cfloat,sm_89,R,N,16,256,32768,cta|blocked|vendor
trsm,cfloat,sm_89,R,N,16,512,128,cta|blocked|vendor
trsm,cfloat,sm_89,R,N,16,512,512,cta|blocked|vendor
trsm,cfloat,sm_89,R,N,16,512,2048,cta|blocked|vendor
trsm,cfloat,sm_89,R,N,16,512,8192,cta|blocked|vendor
trsm,cfloat,sm_89,R,N,16,512,32768,cta|blocked|vendor
trsm,cfloat,sm_89,R,N,16,1024,128,cta|blocked|vendor
trsm,cfloat,sm_89,R,N,16,1024,512,cta|blocked|vendor
trsm,cfloat,sm_89,R,N,16,1024,2048,cta|blocked|vendor
trsm,cfloat,sm_89,R,N,16,1024,8192,cta|blocked|vendor
trsm,cfloat,sm_89,R,N,16,1024,32768,cta|blocked|vendor
trsm,cfloat,sm_89,R,N,16,4096,128,cta|blocked|vendor
trsm,cfloat,sm_89,R,N,16,4096,512,cta|blocked|vendor
trsm,cfloat,sm_89,R,N,16,4096,2048,cta|blocked|vendor
trsm,cfloat,sm_89,R,N,16,4096,8192,cta|blocked|vendor
trsm,cfloat,sm_89,R,N,16,4096,32768,cta|blocked|vendor
trsm,cfloat,sm_89,R,N,24,1,128,cta|blocked|vendor
trsm,cfloat,sm_89,R,N,24,1,512,cta|blocked|vendor
trsm,cfloat,sm_89,R,N,24,1,2048,cta|blocked|vendor
trsm,cfloat,sm_89,R,N,24,1,8192,cta|blocked|vendor
trsm,cfloat,sm_89,R,N,24,1,32768,cta|blocked|vendor
trsm,cfloat,sm_89,R,N,24,2,128,cta|blocked|vendor
trsm,cfloat,sm_89,R,N,24,2,512,cta|blocked|vendor
trsm,cfloat,sm_89,R,N,24,2,2048,cta|blocked|vendor
trsm,cfloat,sm_89,R,N,24,2,8192,cta|blocked|vendor
trsm,cfloat,sm_89,R,N,24,2,32768,cta|blocked|vendor
trsm,cfloat,sm_89,R,N,24,4,128,cta|blocked|vendor
trsm,cfloat,sm_89,R,N,24,4,512,cta|blocked|vendor
trsm,cfloat,sm_89,R,N,24,4,2048,cta|blocked|vendor
trsm,cfloat,sm_89,R,N,24,4,8192,cta|blocked|vendor
trsm,cfloat,sm_89,R,N,24,4,32768,cta|blocked|vendor
trsm,cfloat,sm_89,R,N,24,8,128,cta|blocked|vendor
trsm,cfloat,sm_89,R,N,24,8,512,cta|blocked|vendor
trsm,cfloat,sm_89,R,N,24,8,2048,cta|blocked|vendor
trsm,cfloat,sm_89,R,N,24,8,8192,cta|blocked|vendor
trsm,cfloat,sm_89,R,N,24,8,32768,cta|blocked|vendor
trsm,cfloat,sm_89,R,N,24,16,128,cta|blocked|vendor
trsm,cfloat,sm_89,R,N,24,16,512,cta|blocked|vendor
trsm,cfloat,sm_89,R,N,24,16,2048,cta|blocked|vendor
trsm,cfloat,sm_89,R,N,24,16,8192,cta|blocked|vendor
trsm,cfloat,sm_89,R,N,24,16,32768,cta|blocked|vendor
trsm,cfloat,sm_89,R,N,24,32,128,cta|blocked|vendor
trsm,cfloat,sm_89,R,N,24,32,512,cta|blocked|vendor
trsm,cfloat,sm_89,R,N,24,32,2048,cta|blocked|vendor
trsm,cfloat,sm_89,R,N,24,32,8192,cta|blocked|vendor
trsm,cfloat,sm_89,R,N,24,32,32768,cta|blocked|vendor
trsm,cfloat,sm_89,R,N,24,64,128,cta|blocked|vendor
trsm,cfloat,sm_89,R,N,24,64,512,cta|blocked|vendor
trsm,cfloat,sm_89,R,N,24,64,2048,cta|blocked|vendor
trsm,cfloat,sm_89,R,N,24,64,8192,cta|blocked|vendor
trsm,cfloat,sm_89,R,N,24,64,32768,cta|blocked|vendor
trsm,cfloat,sm_89,R,N,24,128,128,cta|blocked|vendor
trsm,cfloat,sm_89,R,N,24,128,512,cta|blocked|vendor
trsm,cfloat,sm_89,R,N,24,128,2048,cta|blocked|vendor
trsm,cfloat,sm_89,R,N,24,128,8192,cta|blocked|vendor
trsm,cfloat,sm_89,R,N,24,128,32768,cta|blocked|vendor
trsm,cfloat,sm_89,R,N,24,256,128,cta|blocked|vendor
trsm,cfloat,sm_89,R,N,24,256,512,cta|blocked|vendor
trsm,cfloat,sm_89,R,N,24,256,2048,cta|blocked|vendor
trsm,cfloat,sm_89,R,N,24,256,8192,cta|blocked|vendor
trsm,cfloat,sm_89,R,N,24,256,32768,cta|blocked|vendor
trsm,cfloat,sm_89,R,N,24,512,128,cta|blocked|vendor
trsm,cfloat,sm_89,R,N,24,512,512,cta|blocked|vendor
trsm,cfloat,sm_89,R,N,24,512,2048,cta|blocked|vendor
trsm,cfloat,sm_89,R,N,24,512,8192,cta|blocked|vendor
trsm,cfloat,sm_89,R,N,24,512,32768,cta|blocked|vendor
trsm,cfloat,sm_89,R,N,24,1024,128,cta|blocked|vendor
trsm,cfloat,sm_89,R,N,24,1024,512,cta|blocked|vendor
trsm,cfloat,sm_89,R,N,24,1024,2048,cta|blocked|vendor
trsm,cfloat,sm_89,R,N,24,1024,8192,cta|blocked|vendor
trsm,cfloat,sm_89,R,N,24,1024,32768,cta|blocked|vendor
trsm,cfloat,sm_89,R,N,24,4096,128,cta|blocked|vendor
trsm,cfloat,sm_89,R,N,24,4096,512,cta|blocked|vendor
trsm,cfloat,sm_89,R,N,24,4096,2048,cta|blocked|vendor
trsm,cfloat,sm_89,R,N,24,4096,8192,cta|blocked|vendor
trsm,cfloat,sm_89,R,N,24,4096,32768,cta|blocked|vendor
trsm,cfloat,sm_89,R,N,32,1,128,cta|blocked|vendor
trsm,cfloat,sm_89,R,N,32,1,512,cta|blocked|vendor
trsm,cfloat,sm_89,R,N,32,1,2048,cta|blocked|vendor
trsm,cfloat,sm_89,R,N,32,1,8192,cta|blocked|vendor
trsm,cfloat,sm_89,R,N,32,1,32768,cta|blocked|vendor
trsm,cfloat,sm_89,R,N,32,2,128,cta|blocked|vendor
trsm,cfloat,sm_89,R,N,32,2,512,cta|blocked|vendor
trsm,cfloat,sm_89,R,N,32,2,2048,cta|blocked|vendor
trsm,cfloat,sm_89,R,N,32,2,8192,cta|blocked|vendor
trsm,cfloat,sm_89,R,N,32,2,32768,cta|blocked|vendor
trsm,cfloat,sm_89,R,N,32,4,128,cta|blocked|vendor
trsm,cfloat,sm_89,R,N,32,4,512,cta|blocked|vendor
trsm,cfloat,sm_89,R,N,32,4,2048,cta|blocked|vendor
trsm,cfloat,sm_89,R,N,32,4,8192,cta|blocked|vendor
trsm,cfloat,sm_89,R,N,32,4,32768,cta|blocked|vendor
trsm,cfloat,sm_89,R,N,32,8,128,cta|blocked|vendor
trsm,cfloat,sm_89,R,N,32,8,512,cta|blocked|vendor
trsm,cfloat,sm_89,R,N,32,8,2048,cta|blocked|vendor
trsm,cfloat,sm_89,R,N,32,8,8192,cta|blocked|vendor
trsm,cfloat,sm_89,R,N,32,8,32768,cta|blocked|vendor
trsm,cfloat,sm_89,R,N,32,16,128,cta|blocked|vendor
trsm,cfloat,sm_89,R,N,32,16,512,cta|blocked|vendor
trsm,cfloat,sm_89,R,N,32,16,2048,cta|blocked|vendor
trsm,cfloat,sm_89,R,N,32,16,8192,cta|blocked|vendor
trsm,cfloat,sm_89,R,N,32,16,32768,cta|blocked|vendor
trsm,cfloat,sm_89,R,N,32,32,128,cta|blocked|vendor
trsm,cfloat,sm_89,R,N,32,32,512,cta|blocked|vendor
trsm,cfloat,sm_89,R,N,32,32,2048,cta|blocked|vendor
trsm,cfloat,sm_89,R,N,32,32,8192,cta|blocked|vendor
trsm,cfloat,sm_89,R,N,32,32,32768,cta|blocked|vendor
trsm,cfloat,sm_89,R,N,32,64,128,cta|blocked|vendor
trsm,cfloat,sm_89,R,N,32,64,512,cta|blocked|vendor
trsm,cfloat,sm_89,R,N,32,64,2048,cta|blocked|vendor
trsm,cfloat,sm_89,R,N,32,64,8192,cta|blocked|vendor
trsm,cfloat,sm_89,R,N,32,64,32768,cta|blocked|vendor
trsm,cfloat,sm_89,R,N,32,128,128,cta|blocked|vendor
trsm,cfloat,sm_89,R,N,32,128,512,cta|blocked|vendor
trsm,cfloat,sm_89,R,N,32,128,2048,cta|blocked|vendor
trsm,cfloat,sm_89,R,N,32,128,8192,cta|blocked|vendor
trsm,cfloat,sm_89,R,N,32,128,32768,cta|blocked|vendor
trsm,cfloat,sm_89,R,N,32,256,128,cta|blocked|vendor
trsm,cfloat,sm_89,R,N,32,256,512,cta|blocked|vendor
trsm,cfloat,sm_89,R,N,32,256,2048,cta|blocked|vendor
trsm,cfloat,sm_89,R,N,32,256,8192,cta|blocked|vendor
trsm,cfloat,sm_89,R,N,32,256,32768,cta|blocked|vendor
trsm,cfloat,sm_89,R,N,32,512,128,cta|blocked|vendor
trsm,cfloat,sm_89,R,N,32,512,512,cta|blocked|vendor
trsm,cfloat,sm_89,R,N,32,512,2048,cta|blocked|vendor
trsm,cfloat,sm_89,R,N,32,512,8192,cta|blocked|vendor
trsm,cfloat,sm_89,R,N,32,512,32768,cta|blocked|vendor
trsm,cfloat,sm_89,R,N,32,1024,128,cta|blocked|vendor
trsm,cfloat,sm_89,R,N,32,1024,512,cta|blocked|vendor
trsm,cfloat,sm_89,R,N,32,1024,2048,cta|blocked|vendor
trsm,cfloat,sm_89,R,N,32,1024,8192,cta|blocked|vendor
trsm,cfloat,sm_89,R,N,32,1024,32768,cta|blocked|vendor
trsm,cfloat,sm_89,R,N,32,4096,128,cta|blocked|vendor
trsm,cfloat,sm_89,R,N,32,4096,512,cta|blocked|vendor
trsm,cfloat,sm_89,R,N,32,4096,2048,cta|blocked|vendor
trsm,cfloat,sm_89,R,N,32,4096,8192,cta|blocked|vendor
trsm,cfloat,sm_89,R,N,32,4096,32768,cta|blocked|vendor
trsm,cfloat,sm_89,R,N,48,1,128,blocked|vendor
trsm,cfloat,sm_89,R,N,48,1,512,blocked|vendor
trsm,cfloat,sm_89,R,N,48,1,2048,blocked|vendor
trsm,cfloat,sm_89,R,N,48,1,8192,blocked|vendor
trsm,cfloat,sm_89,R,N,48,1,32768,blocked|vendor
trsm,cfloat,sm_89,R,N,48,2,128,blocked|vendor
trsm,cfloat,sm_89,R,N,48,2,512,blocked|vendor
trsm,cfloat,sm_89,R,N,48,2,2048,blocked|vendor
trsm,cfloat,sm_89,R,N,48,2,8192,blocked|vendor
trsm,cfloat,sm_89,R,N,48,2,32768,blocked|vendor
trsm,cfloat,sm_89,R,N,48,4,128,blocked|vendor
trsm,cfloat,sm_89,R,N,48,4,512,blocked|vendor
trsm,cfloat,sm_89,R,N,48,4,2048,blocked|vendor
trsm,cfloat,sm_89,R,N,48,4,8192,blocked|vendor
trsm,cfloat,sm_89,R,N,48,4,32768,blocked|vendor
trsm,cfloat,sm_89,R,N,48,8,128,blocked|vendor
trsm,cfloat,sm_89,R,N,48,8,512,blocked|vendor
trsm,cfloat,sm_89,R,N,48,8,2048,blocked|vendor
trsm,cfloat,sm_89,R,N,48,8,8192,blocked|vendor
trsm,cfloat,sm_89,R,N,48,8,32768,blocked|vendor
trsm,cfloat,sm_89,R,N,48,16,128,blocked|vendor
trsm,cfloat,sm_89,R,N,48,16,512,blocked|vendor
trsm,cfloat,sm_89,R,N,48,16,2048,blocked|vendor
trsm,cfloat,sm_89,R,N,48,16,8192,blocked|vendor
trsm,cfloat,sm_89,R,N,48,16,32768,blocked|vendor
trsm,cfloat,sm_89,R,N,48,32,128,blocked|vendor
trsm,cfloat,sm_89,R,N,48,32,512,blocked|vendor
trsm,cfloat,sm_89,R,N,48,32,2048,blocked|vendor
trsm,cfloat,sm_89,R,N,48,32,8192,blocked|vendor
trsm,cfloat,sm_89,R,N,48,32,32768,blocked|vendor
trsm,cfloat,sm_89,R,N,48,64,128,blocked|vendor
trsm,cfloat,sm_89,R,N,48,64,512,blocked|vendor
trsm,cfloat,sm_89,R,N,48,64,2048,blocked|vendor
trsm,cfloat,sm_89,R,N,48,64,8192,blocked|vendor
trsm,cfloat,sm_89,R,N,48,64,32768,blocked|vendor
trsm,cfloat,sm_89,R,N,48,128,128,blocked|vendor
trsm,cfloat,sm_89,R,N,48,128,512,blocked|vendor
trsm,cfloat,sm_89,R,N,48,128,2048,blocked|vendor
trsm,cfloat,sm_89,R,N,48,128,8192,blocked|vendor
trsm,cfloat,sm_89,R,N,48,128,32768,blocked|vendor
trsm,cfloat,sm_89,R,N,48,256,128,blocked|vendor
trsm,cfloat,sm_89,R,N,48,256,512,blocked|vendor
trsm,cfloat,sm_89,R,N,48,256,2048,blocked|vendor
trsm,cfloat,sm_89,R,N,48,256,8192,blocked|vendor
trsm,cfloat,sm_89,R,N,48,256,32768,blocked|vendor
trsm,cfloat,sm_89,R,N,48,512,128,blocked|vendor
trsm,cfloat,sm_89,R,N,48,512,512,blocked|vendor
trsm,cfloat,sm_89,R,N,48,512,2048,blocked|vendor
trsm,cfloat,sm_89,R,N,48,512,8192,blocked|vendor
trsm,cfloat,sm_89,R,N,48,512,32768,blocked|vendor
trsm,cfloat,sm_89,R,N,48,1024,128,blocked|vendor
trsm,cfloat,sm_89,R,N,48,1024,512,blocked|vendor
trsm,cfloat,sm_89,R,N,48,1024,2048,blocked|vendor
trsm,cfloat,sm_89,R,N,48,1024,8192,blocked|vendor
trsm,cfloat,sm_89,R,N,48,1024,32768,blocked|vendor
trsm,cfloat,sm_89,R,N,48,4096,128,blocked|vendor
trsm,cfloat,sm_89,R,N,48,4096,512,blocked|vendor
trsm,cfloat,sm_89,R,N,48,4096,2048,blocked|vendor
trsm,cfloat,sm_89,R,N,48,4096,8192,blocked|vendor
trsm,cfloat,sm_89,R,N,48,4096,32768,blocked|vendor
trsm,cfloat,sm_89,R,N,64,1,128,blocked|vendor
trsm,cfloat,sm_89,R,N,64,1,512,blocked|vendor
trsm,cfloat,sm_89,R,N,64,1,2048,blocked|vendor
trsm,cfloat,sm_89,R,N,64,1,8192,blocked|vendor
trsm,cfloat,sm_89,R,N,64,1,32768,blocked|vendor
trsm,cfloat,sm_89,R,N,64,2,128,blocked|vendor
trsm,cfloat,sm_89,R,N,64,2,512,blocked|vendor
trsm,cfloat,sm_89,R,N,64,2,2048,blocked|vendor
trsm,cfloat,sm_89,R,N,64,2,8192,blocked|vendor
trsm,cfloat,sm_89,R,N,64,2,32768,blocked|vendor
trsm,cfloat,sm_89,R,N,64,4,128,blocked|vendor
trsm,cfloat,sm_89,R,N,64,4,512,blocked|vendor
trsm,cfloat,sm_89,R,N,64,4,2048,blocked|vendor
trsm,cfloat,sm_89,R,N,64,4,8192,blocked|vendor
trsm,cfloat,sm_89,R,N,64,4,32768,blocked|vendor
trsm,cfloat,sm_89,R,N,64,8,128,blocked|vendor
trsm,cfloat,sm_89,R,N,64,8,512,blocked|vendor
trsm,cfloat,sm_89,R,N,64,8,2048,blocked|vendor
trsm,cfloat,sm_89,R,N,64,8,8192,blocked|vendor
trsm,cfloat,sm_89,R,N,64,8,32768,blocked|vendor
trsm,cfloat,sm_89,R,N,64,16,128,blocked|vendor
trsm,cfloat,sm_89,R,N,64,16,512,blocked|vendor
trsm,cfloat,sm_89,R,N,64,16,2048,blocked|vendor
trsm,cfloat,sm_89,R,N,64,16,8192,blocked|vendor
trsm,cfloat,sm_89,R,N,64,16,32768,blocked|vendor
trsm,cfloat,sm_89,R,N,64,32,128,blocked|vendor
trsm,cfloat,sm_89,R,N,64,32,512,blocked|vendor
trsm,cfloat,sm_89,R,N,64,32,2048,blocked|vendor
trsm,cfloat,sm_89,R,N,64,32,8192,blocked|vendor
trsm,cfloat,sm_89,R,N,64,32,32768,blocked|vendor
trsm,cfloat,sm_89,R,N,64,64,128,blocked|vendor
trsm,cfloat,sm_89,R,N,64,64,512,blocked|vendor
trsm,cfloat,sm_89,R,N,64,64,2048,blocked|vendor
trsm,cfloat,sm_89,R,N,64,64,8192,blocked|vendor
trsm,cfloat,sm_89,R,N,64,64,32768,blocked|vendor
trsm,cfloat,sm_89,R,N,64,128,128,blocked|vendor
trsm,cfloat,sm_89,R,N,64,128,512,blocked|vendor
trsm,cfloat,sm_89,R,N,64,128,2048,blocked|vendor
trsm,cfloat,sm_89,R,N,64,128,8192,blocked|vendor
trsm,cfloat,sm_89,R,N,64,128,32768,blocked|vendor
trsm,cfloat,sm_89,R,N,64,256,128,blocked|vendor
trsm,cfloat,sm_89,R,N,64,256,512,blocked|vendor
trsm,cfloat,sm_89,R,N,64,256,2048,blocked|vendor
trsm,cfloat,sm_89,R,N,64,256,8192,blocked|vendor
trsm,cfloat,sm_89,R,N,64,256,32768,blocked|vendor
trsm,cfloat,sm_89,R,N,64,512,128,blocked|vendor
trsm,cfloat,sm_89,R,N,64,512,512,blocked|vendor
trsm,cfloat,sm_89,R,N,64,512,2048,blocked|vendor
trsm,cfloat,sm_89,R,N,64,512,8192,blocked|vendor
trsm,cfloat,sm_89,R,N,64,512,32768,blocked|vendor
trsm,cfloat,sm_89,R,N,64,1024,128,blocked|vendor
trsm,cfloat,sm_89,R,N,64,1024,512,blocked|vendor
trsm,cfloat,sm_89,R,N,64,1024,2048,blocked|vendor
trsm,cfloat,sm_89,R,N,64,1024,8192,blocked|vendor
trsm,cfloat,sm_89,R,N,64,1024,32768,blocked|vendor
trsm,cfloat,sm_89,R,N,64,4096,128,blocked|vendor
trsm,cfloat,sm_89,R,N,64,4096,512,blocked|vendor
trsm,cfloat,sm_89,R,N,64,4096,2048,blocked|vendor
trsm,cfloat,sm_89,R,N,64,4096,8192,blocked|vendor
trsm,cfloat,sm_89,R,N,64,4096,32768,blocked|vendor
trsm,cfloat,sm_89,R,N,96,1,128,blocked|vendor
trsm,cfloat,sm_89,R,N,96,1,512,blocked|vendor
trsm,cfloat,sm_89,R,N,96,1,2048,blocked|vendor
trsm,cfloat,sm_89,R,N,96,1,8192,blocked|vendor
trsm,cfloat,sm_89,R,N,96,1,32768,blocked|vendor
trsm,cfloat,sm_89,R,N,96,2,128,blocked|vendor
trsm,cfloat,sm_89,R,N,96,2,512,blocked|vendor
trsm,cfloat,sm_89,R,N,96,2,2048,blocked|vendor
trsm,cfloat,sm_89,R,N,96,2,8192,blocked|vendor
trsm,cfloat,sm_89,R,N,96,2,32768,blocked|vendor
trsm,cfloat,sm_89,R,N,96,4,128,blocked|vendor
trsm,cfloat,sm_89,R,N,96,4,512,blocked|vendor
trsm,cfloat,sm_89,R,N,96,4,2048,blocked|vendor
trsm,cfloat,sm_89,R,N,96,4,8192,blocked|vendor
trsm,cfloat,sm_89,R,N,96,4,32768,blocked|vendor
trsm,cfloat,sm_89,R,N,96,8,128,blocked|vendor
trsm,cfloat,sm_89,R,N,96,8,512,blocked|vendor
trsm,cfloat,sm_89,R,N,96,8,2048,blocked|vendor
trsm,cfloat,sm_89,R,N,96,8,8192,blocked|vendor
trsm,cfloat,sm_89,R,N,96,8,32768,blocked|vendor
trsm,cfloat,sm_89,R,N,96,16,128,blocked|vendor
trsm,cfloat,sm_89,R,N,96,16,512,blocked|vendor
trsm,cfloat,sm_89,R,N,96,16,2048,blocked|vendor
trsm,cfloat,sm_89,R,N,96,16,8192,blocked|vendor
trsm,cfloat,sm_89,R,N,96,16,32768,blocked|vendor
trsm,cfloat,sm_89,R,N,96,32,128,blocked|vendor
trsm,cfloat,sm_89,R,N,96,32,512,blocked|vendor
trsm,cfloat,sm_89,R,N,96,32,2048,blocked|vendor
trsm,cfloat,sm_89,R,N,96,32,8192,blocked|vendor
trsm,cfloat,sm_89,R,N,96,32,32768,blocked|vendor
trsm,cfloat,sm_89,R,N,96,64,128,blocked|vendor
trsm,cfloat,sm_89,R,N,96,64,512,blocked|vendor
trsm,cfloat,sm_89,R,N,96,64,2048,blocked|vendor
trsm,cfloat,sm_89,R,N,96,64,8192,blocked|vendor
trsm,cfloat,sm_89,R,N,96,64,32768,blocked|vendor
trsm,cfloat,sm_89,R,N,96,128,128,blocked|vendor
trsm,cfloat,sm_89,R,N,96,128,512,blocked|vendor
trsm,cfloat,sm_89,R,N,96,128,2048,blocked|vendor
trsm,cfloat,sm_89,R,N,96,128,8192,blocked|vendor
trsm,cfloat,sm_89,R,N,96,128,32768,blocked|vendor
trsm,cfloat,sm_89,R,N,96,256,128,blocked|vendor
trsm,cfloat,sm_89,R,N,96,256,512,blocked|vendor
trsm,cfloat,sm_89,R,N,96,256,2048,blocked|vendor
trsm,cfloat,sm_89,R,N,96,256,8192,blocked|vendor
trsm,cfloat,sm_89,R,N,96,256,32768,blocked|vendor
trsm,cfloat,sm_89,R,N,96,512,128,blocked|vendor
trsm,cfloat,sm_89,R,N,96,512,512,blocked|vendor
trsm,cfloat,sm_89,R,N,96,512,2048,blocked|vendor
trsm,cfloat,sm_89,R,N,96,512,8192,blocked|vendor
trsm,cfloat,sm_89,R,N,96,512,32768,blocked|vendor
trsm,cfloat,sm_89,R,N,96,1024,128,blocked|vendor
trsm,cfloat,sm_89,R,N,96,1024,512,blocked|vendor
trsm,cfloat,sm_89,R,N,96,1024,2048,blocked|vendor
trsm,cfloat,sm_89,R,N,96,1024,8192,blocked|vendor
trsm,cfloat,sm_89,R,N,96,1024,32768,blocked|vendor
trsm,cfloat,sm_89,R,N,96,4096,128,blocked|vendor
trsm,cfloat,sm_89,R,N,96,4096,512,blocked|vendor
trsm,cfloat,sm_89,R,N,96,4096,2048,blocked|vendor
trsm,cfloat,sm_89,R,N,96,4096,8192,blocked|vendor
trsm,cfloat,sm_89,R,N,96,4096,32768,blocked|vendor
trsm,cfloat,sm_89,R,N,128,1,128,blocked|vendor
trsm,cfloat,sm_89,R,N,128,1,512,blocked|vendor
trsm,cfloat,sm_89,R,N,128,1,2048,blocked|vendor
trsm,cfloat,sm_89,R,N,128,1,8192,blocked|vendor
trsm,cfloat,sm_89,R,N,128,1,32768,blocked|vendor
trsm,cfloat,sm_89,R,N,128,2,128,blocked|vendor
trsm,cfloat,sm_89,R,N,128,2,512,blocked|vendor
trsm,cfloat,sm_89,R,N,128,2,2048,blocked|vendor
trsm,cfloat,sm_89,R,N,128,2,8192,blocked|vendor
trsm,cfloat,sm_89,R,N,128,2,32768,blocked|vendor
trsm,cfloat,sm_89,R,N,128,4,128,blocked|vendor
trsm,cfloat,sm_89,R,N,128,4,512,blocked|vendor
trsm,cfloat,sm_89,R,N,128,4,2048,blocked|vendor
trsm,cfloat,sm_89,R,N,128,4,8192,blocked|vendor
trsm,cfloat,sm_89,R,N,128,4,32768,blocked|vendor
trsm,cfloat,sm_89,R,N,128,8,128,blocked|vendor
trsm,cfloat,sm_89,R,N,128,8,512,blocked|vendor
trsm,cfloat,sm_89,R,N,128,8,2048,blocked|vendor
trsm,cfloat,sm_89,R,N,128,8,8192,blocked|vendor
trsm,cfloat,sm_89,R,N,128,8,32768,blocked|vendor
trsm,cfloat,sm_89,R,N,128,16,128,blocked|vendor
trsm,cfloat,sm_89,R,N,128,16,512,blocked|vendor
trsm,cfloat,sm_89,R,N,128,16,2048,blocked|vendor
trsm,cfloat,sm_89,R,N,128,16,8192,blocked|vendor
trsm,cfloat,sm_89,R,N,128,16,32768,blocked|vendor
trsm,cfloat,sm_89,R,N,128,32,128,blocked|vendor
trsm,cfloat,sm_89,R,N,128,32,512,blocked|vendor
trsm,cfloat,sm_89,R,N,128,32,2048,blocked|vendor
trsm,cfloat,sm_89,R,N,128,32,8192,blocked|vendor
trsm,cfloat,sm_89,R,N,128,32,32768,blocked|vendor
trsm,cfloat,sm_89,R,N,128,64,128,blocked|vendor
trsm,cfloat,sm_89,R,N,128,64,512,blocked|vendor
trsm,cfloat,sm_89,R,N,128,64,2048,blocked|vendor
trsm,cfloat,sm_89,R,N,128,64,8192,blocked|vendor
trsm,cfloat,sm_89,R,N,128,64,32768,blocked|vendor
trsm,cfloat,sm_89,R,N,128,128,128,blocked|vendor
trsm,cfloat,sm_89,R,N,128,128,512,blocked|vendor
trsm,cfloat,sm_89,R,N,128,128,2048,blocked|vendor
trsm,cfloat,sm_89,R,N,128,128,8192,blocked|vendor
trsm,cfloat,sm_89,R,N,128,128,32768,blocked|vendor
trsm,cfloat,sm_89,R,N,128,256,128,blocked|vendor
trsm,cfloat,sm_89,R,N,128,256,512,blocked|vendor
trsm,cfloat,sm_89,R,N,128,256,2048,blocked|vendor
trsm,cfloat,sm_89,R,N,128,256,8192,blocked|vendor
trsm,cfloat,sm_89,R,N,128,256,32768,blocked|vendor
trsm,cfloat,sm_89,R,N,128,512,128,blocked|vendor
trsm,cfloat,sm_89,R,N,128,512,512,blocked|vendor
trsm,cfloat,sm_89,R,N,128,512,2048,blocked|vendor
trsm,cfloat,sm_89,R,N,128,512,8192,blocked|vendor
trsm,cfloat,sm_89,R,N,128,512,32768,blocked|vendor
trsm,cfloat,sm_89,R,N,128,1024,128,blocked|vendor
trsm,cfloat,sm_89,R,N,128,1024,512,blocked|vendor
trsm,cfloat,sm_89,R,N,128,1024,2048,blocked|vendor
trsm,cfloat,sm_89,R,N,128,1024,8192,blocked|vendor
trsm,cfloat,sm_89,R,N,128,1024,32768,blocked|vendor
trsm,cfloat,sm_89,R,N,128,4096,128,blocked|vendor
trsm,cfloat,sm_89,R,N,128,4096,512,blocked|vendor
trsm,cfloat,sm_89,R,N,128,4096,2048,blocked|vendor
trsm,cfloat,sm_89,R,N,128,4096,8192,blocked|vendor
trsm,cfloat,sm_89,R,N,128,4096,32768,blocked|vendor
trsm,cfloat,sm_89,R,N,192,1,128,blocked|vendor
trsm,cfloat,sm_89,R,N,192,1,512,blocked|vendor
trsm,cfloat,sm_89,R,N,192,1,2048,blocked|vendor
trsm,cfloat,sm_89,R,N,192,1,8192,blocked|vendor
trsm,cfloat,sm_89,R,N,192,1,32768,blocked|vendor
trsm,cfloat,sm_89,R,N,192,2,128,blocked|vendor
trsm,cfloat,sm_89,R,N,192,2,512,blocked|vendor
trsm,cfloat,sm_89,R,N,192,2,2048,blocked|vendor
trsm,cfloat,sm_89,R,N,192,2,8192,blocked|vendor
trsm,cfloat,sm_89,R,N,192,2,32768,blocked|vendor
trsm,cfloat,sm_89,R,N,192,4,128,blocked|vendor
trsm,cfloat,sm_89,R,N,192,4,512,blocked|vendor
trsm,cfloat,sm_89,R,N,192,4,2048,blocked|vendor
trsm,cfloat,sm_89,R,N,192,4,8192,blocked|vendor
trsm,cfloat,sm_89,R,N,192,4,32768,blocked|vendor
trsm,cfloat,sm_89,R,N,192,8,128,blocked|vendor
trsm,cfloat,sm_89,R,N,192,8,512,blocked|vendor
trsm,cfloat,sm_89,R,N,192,8,2048,blocked|vendor
trsm,cfloat,sm_89,R,N,192,8,8192,blocked|vendor
trsm,cfloat,sm_89,R,N,192,8,32768,blocked|vendor
trsm,cfloat,sm_89,R,N,192,16,128,blocked|vendor
trsm,cfloat,sm_89,R,N,192,16,512,blocked|vendor
trsm,cfloat,sm_89,R,N,192,16,2048,blocked|vendor
trsm,cfloat,sm_89,R,N,192,16,8192,blocked|vendor
trsm,cfloat,sm_89,R,N,192,16,32768,blocked|vendor
trsm,cfloat,sm_89,R,N,192,32,128,blocked|vendor
trsm,cfloat,sm_89,R,N,192,32,512,blocked|vendor
trsm,cfloat,sm_89,R,N,192,32,2048,blocked|vendor
trsm,cfloat,sm_89,R,N,192,32,8192,blocked|vendor
trsm,cfloat,sm_89,R,N,192,32,32768,blocked|vendor
trsm,cfloat,sm_89,R,N,192,64,128,blocked|vendor
trsm,cfloat,sm_89,R,N,192,64,512,blocked|vendor
trsm,cfloat,sm_89,R,N,192,64,2048,blocked|vendor
trsm,cfloat,sm_89,R,N,192,64,8192,blocked|vendor
trsm,cfloat,sm_89,R,N,192,64,32768,blocked|vendor
trsm,cfloat,sm_89,R,N,192,128,128,blocked|vendor
trsm,cfloat,sm_89,R,N,192,128,512,blocked|vendor
trsm,cfloat,sm_89,R,N,192,128,2048,blocked|vendor
trsm,cfloat,sm_89,R,N,192,128,8192,blocked|vendor
trsm,cfloat,sm_89,R,N,192,128,32768,blocked|vendor
trsm,cfloat,sm_89,R,N,192,256,128,blocked|vendor
trsm,cfloat,sm_89,R,N,192,256,512,blocked|vendor
trsm,cfloat,sm_89,R,N,192,256,2048,blocked|vendor
trsm,cfloat,sm_89,R,N,192,256,8192,blocked|vendor
trsm,cfloat,sm_89,R,N,192,256,32768,blocked|vendor
trsm,cfloat,sm_89,R,N,192,512,128,blocked|vendor
trsm,cfloat,sm_89,R,N,192,512,512,blocked|vendor
trsm,cfloat,sm_89,R,N,192,512,2048,blocked|vendor
trsm,cfloat,sm_89,R,N,192,512,8192,blocked|vendor
trsm,cfloat,sm_89,R,N,192,512,32768,blocked|vendor
trsm,cfloat,sm_89,R,N,192,1024,128,blocked|vendor
trsm,cfloat,sm_89,R,N,192,1024,512,blocked|vendor
trsm,cfloat,sm_89,R,N,192,1024,2048,blocked|vendor
trsm,cfloat,sm_89,R,N,192,1024,8192,blocked|vendor
trsm,cfloat,sm_89,R,N,192,1024,32768,blocked|vendor
trsm,cfloat,sm_89,R,N,192,4096,128,blocked|vendor
trsm,cfloat,sm_89,R,N,192,4096,512,blocked|vendor
trsm,cfloat,sm_89,R,N,192,4096,2048,blocked|vendor
trsm,cfloat,sm_89,R,N,192,4096,8192,blocked|vendor
trsm,cfloat,sm_89,R,N,192,4096,32768,blocked|vendor
trsm,cfloat,sm_89,R,N,256,1,128,blocked|vendor
trsm,cfloat,sm_89,R,N,256,1,512,blocked|vendor
trsm,cfloat,sm_89,R,N,256,1,2048,blocked|vendor
trsm,cfloat,sm_89,R,N,256,1,8192,blocked|vendor
trsm,cfloat,sm_89,R,N,256,1,32768,blocked|vendor
trsm,cfloat,sm_89,R,N,256,2,128,blocked|vendor
trsm,cfloat,sm_89,R,N,256,2,512,blocked|vendor
trsm,cfloat,sm_89,R,N,256,2,2048,blocked|vendor
trsm,cfloat,sm_89,R,N,256,2,8192,blocked|vendor
trsm,cfloat,sm_89,R,N,256,2,32768,blocked|vendor
trsm,cfloat,sm_89,R,N,256,4,128,blocked|vendor
trsm,cfloat,sm_89,R,N,256,4,512,blocked|vendor
trsm,cfloat,sm_89,R,N,256,4,2048,blocked|vendor
trsm,cfloat,sm_89,R,N,256,4,8192,blocked|vendor
trsm,cfloat,sm_89,R,N,256,4,32768,blocked|vendor
trsm,cfloat,sm_89,R,N,256,8,128,blocked|vendor
trsm,cfloat,sm_89,R,N,256,8,512,blocked|vendor
trsm,cfloat,sm_89,R,N,256,8,2048,blocked|vendor
trsm,cfloat,sm_89,R,N,256,8,8192,blocked|vendor
trsm,cfloat,sm_89,R,N,256,8,32768,blocked|vendor
trsm,cfloat,sm_89,R,N,256,16,128,blocked|vendor
trsm,cfloat,sm_89,R,N,256,16,512,blocked|vendor
trsm,cfloat,sm_89,R,N,256,16,2048,blocked|vendor
trsm,cfloat,sm_89,R,N,256,16,8192,blocked|vendor
trsm,cfloat,sm_89,R,N,256,16,32768,blocked|vendor
trsm,cfloat,sm_89,R,N,256,32,128,blocked|vendor
trsm,cfloat,sm_89,R,N,256,32,512,blocked|vendor
trsm,cfloat,sm_89,R,N,256,32,2048,blocked|vendor
trsm,cfloat,sm_89,R,N,256,32,8192,blocked|vendor
trsm,cfloat,sm_89,R,N,256,32,32768,blocked|vendor
trsm,cfloat,sm_89,R,N,256,64,128,blocked|vendor
trsm,cfloat,sm_89,R,N,256,64,512,blocked|vendor
trsm,cfloat,sm_89,R,N,256,64,2048,blocked|vendor
trsm,cfloat,sm_89,R,N,256,64,8192,blocked|vendor
trsm,cfloat,sm_89,R,N,256,64,32768,blocked|vendor
trsm,cfloat,sm_89,R,N,256,128,128,blocked|vendor
trsm,cfloat,sm_89,R,N,256,128,512,blocked|vendor
trsm,cfloat,sm_89,R,N,256,128,2048,blocked|vendor
trsm,cfloat,sm_89,R,N,256,128,8192,blocked|vendor
trsm,cfloat,sm_89,R,N,256,128,32768,blocked|vendor
trsm,cfloat,sm_89,R,N,256,256,128,blocked|vendor
trsm,cfloat,sm_89,R,N,256,256,512,blocked|vendor
trsm,cfloat,sm_89,R,N,256,256,2048,blocked|vendor
trsm,cfloat,sm_89,R,N,256,256,8192,blocked|vendor
trsm,cfloat,sm_89,R,N,256,256,32768,blocked|vendor
trsm,cfloat,sm_89,R,N,256,512,128,blocked|vendor
trsm,cfloat,sm_89,R,N,256,512,512,blocked|vendor
trsm,cfloat,sm_89,R,N,256,512,2048,blocked|vendor
trsm,cfloat,sm_89,R,N,256,512,8192,blocked|vendor
trsm,cfloat,sm_89,R,N,256,512,32768,blocked|vendor
trsm,cfloat,sm_89,R,N,256,1024,128,blocked|vendor
trsm,cfloat,sm_89,R,N,256,1024,512,blocked|vendor
trsm,cfloat,sm_89,R,N,256,1024,2048,blocked|vendor
trsm,cfloat,sm_89,R,N,256,1024,8192,blocked|vendor
trsm,cfloat,sm_89,R,N,256,1024,32768,blocked|vendor
trsm,cfloat,sm_89,R,N,256,4096,128,blocked|vendor
trsm,cfloat,sm_89,R,N,256,4096,512,blocked|vendor
trsm,cfloat,sm_89,R,N,256,4096,2048,blocked|vendor
trsm,cfloat,sm_89,R,N,256,4096,8192,blocked|vendor
trsm,cfloat,sm_89,R,N,256,4096,32768,blocked|vendor
trsm,cfloat,sm_89,R,N,384,1,128,blocked|vendor
trsm,cfloat,sm_89,R,N,384,1,512,blocked|vendor
trsm,cfloat,sm_89,R,N,384,1,2048,blocked|vendor
trsm,cfloat,sm_89,R,N,384,1,8192,blocked|vendor
trsm,cfloat,sm_89,R,N,384,1,32768,blocked|vendor
trsm,cfloat,sm_89,R,N,384,2,128,blocked|vendor
trsm,cfloat,sm_89,R,N,384,2,512,blocked|vendor
trsm,cfloat,sm_89,R,N,384,2,2048,blocked|vendor
trsm,cfloat,sm_89,R,N,384,2,8192,blocked|vendor
trsm,cfloat,sm_89,R,N,384,2,32768,blocked|vendor
trsm,cfloat,sm_89,R,N,384,4,128,blocked|vendor
trsm,cfloat,sm_89,R,N,384,4,512,blocked|vendor
trsm,cfloat,sm_89,R,N,384,4,2048,blocked|vendor
trsm,cfloat,sm_89,R,N,384,4,8192,blocked|vendor
trsm,cfloat,sm_89,R,N,384,4,32768,blocked|vendor
trsm,cfloat,sm_89,R,N,384,8,128,blocked|vendor
trsm,cfloat,sm_89,R,N,384,8,512,blocked|vendor
trsm,cfloat,sm_89,R,N,384,8,2048,blocked|vendor
trsm,cfloat,sm_89,R,N,384,8,8192,blocked|vendor
trsm,cfloat,sm_89,R,N,384,8,32768,blocked|vendor
trsm,cfloat,sm_89,R,N,384,16,128,blocked|vendor
trsm,cfloat,sm_89,R,N,384,16,512,blocked|vendor
trsm,cfloat,sm_89,R,N,384,16,2048,blocked|vendor
trsm,cfloat,sm_89,R,N,384,16,8192,blocked|vendor
trsm,cfloat,sm_89,R,N,384,16,32768,blocked|vendor
trsm,cfloat,sm_89,R,N,384,32,128,blocked|vendor
trsm,cfloat,sm_89,R,N,384,32,512,blocked|vendor
trsm,cfloat,sm_89,R,N,384,32,2048,blocked|vendor
trsm,cfloat,sm_89,R,N,384,32,8192,blocked|vendor
trsm,cfloat,sm_89,R,N,384,32,32768,blocked|vendor
trsm,cfloat,sm_89,R,N,384,64,128,blocked|vendor
trsm,cfloat,sm_89,R,N,384,64,512,blocked|vendor
trsm,cfloat,sm_89,R,N,384,64,2048,blocked|vendor
trsm,cfloat,sm_89,R,N,384,64,8192,blocked|vendor
trsm,cfloat,sm_89,R,N,384,64,32768,blocked|vendor
trsm,cfloat,sm_89,R,N,384,128,128,blocked|vendor
trsm,cfloat,sm_89,R,N,384,128,512,blocked|vendor
trsm,cfloat,sm_89,R,N,384,128,2048,blocked|vendor
trsm,cfloat,sm_89,R,N,384,128,8192,blocked|vendor
trsm,cfloat,sm_89,R,N,384,128,32768,blocked|vendor
trsm,cfloat,sm_89,R,N,384,256,128,blocked|vendor
trsm,cfloat,sm_89,R,N,384,256,512,blocked|vendor
trsm,cfloat,sm_89,R,N,384,256,2048,blocked|vendor
trsm,cfloat,sm_89,R,N,384,256,8192,blocked|vendor
trsm,cfloat,sm_89,R,N,384,256,32768,blocked|vendor
trsm,cfloat,sm_89,R,N,384,512,128,blocked|vendor
trsm,cfloat,sm_89,R,N,384,512,512,blocked|vendor
trsm,cfloat,sm_89,R,N,384,512,2048,blocked|vendor
trsm,cfloat,sm_89,R,N,384,512,8192,blocked|vendor
trsm,cfloat,sm_89,R,N,384,512,32768,blocked|vendor
trsm,cfloat,sm_89,R,N,384,1024,128,blocked|vendor
trsm,cfloat,sm_89,R,N,384,1024,512,blocked|vendor
trsm,cfloat,sm_89,R,N,384,1024,2048,blocked|vendor
trsm,cfloat,sm_89,R,N,384,1024,8192,blocked|vendor
trsm,cfloat,sm_89,R,N,384,1024,32768,blocked|vendor
trsm,cfloat,sm_89,R,N,384,4096,128,blocked|vendor
trsm,cfloat,sm_89,R,N,384,4096,512,blocked|vendor
trsm,cfloat,sm_89,R,N,384,4096,2048,blocked|vendor
trsm,cfloat,sm_89,R,N,384,4096,8192,blocked|vendor
trsm,cfloat,sm_89,R,N,384,4096,32768,blocked|vendor
trsm,cfloat,sm_89,R,N,512,1,128,blocked|vendor
trsm,cfloat,sm_89,R,N,512,1,512,blocked|vendor
trsm,cfloat,sm_89,R,N,512,1,2048,blocked|vendor
trsm,cfloat,sm_89,R,N,512,1,8192,blocked|vendor
trsm,cfloat,sm_89,R,N,512,1,32768,blocked|vendor
trsm,cfloat,sm_89,R,N,512,2,128,blocked|vendor
trsm,cfloat,sm_89,R,N,512,2,512,blocked|vendor
trsm,cfloat,sm_89,R,N,512,2,2048,blocked|vendor
trsm,cfloat,sm_89,R,N,512,2,8192,blocked|vendor
trsm,cfloat,sm_89,R,N,512,2,32768,blocked|vendor
trsm,cfloat,sm_89,R,N,512,4,128,blocked|vendor
trsm,cfloat,sm_89,R,N,512,4,512,blocked|vendor
trsm,cfloat,sm_89,R,N,512,4,2048,blocked|vendor
trsm,cfloat,sm_89,R,N,512,4,8192,blocked|vendor
trsm,cfloat,sm_89,R,N,512,4,32768,blocked|vendor
trsm,cfloat,sm_89,R,N,512,8,128,blocked|vendor
trsm,cfloat,sm_89,R,N,512,8,512,blocked|vendor
trsm,cfloat,sm_89,R,N,512,8,2048,blocked|vendor
trsm,cfloat,sm_89,R,N,512,8,8192,blocked|vendor
trsm,cfloat,sm_89,R,N,512,8,32768,blocked|vendor
trsm,cfloat,sm_89,R,N,512,16,128,blocked|vendor
trsm,cfloat,sm_89,R,N,512,16,512,blocked|vendor
trsm,cfloat,sm_89,R,N,512,16,2048,blocked|vendor
trsm,cfloat,sm_89,R,N,512,16,8192,blocked|vendor
trsm,cfloat,sm_89,R,N,512,16,32768,blocked|vendor
trsm,cfloat,sm_89,R,N,512,32,128,blocked|vendor
trsm,cfloat,sm_89,R,N,512,32,512,blocked|vendor
trsm,cfloat,sm_89,R,N,512,32,2048,blocked|vendor
trsm,cfloat,sm_89,R,N,512,32,8192,blocked|vendor
trsm,cfloat,sm_89,R,N,512,32,32768,blocked|vendor
trsm,cfloat,sm_89,R,N,512,64,128,blocked|vendor
trsm,cfloat,sm_89,R,N,512,64,512,blocked|vendor
trsm,cfloat,sm_89,R,N,512,64,2048,blocked|vendor
trsm,cfloat,sm_89,R,N,512,64,8192,blocked|vendor
trsm,cfloat,sm_89,R,N,512,64,32768,blocked|vendor
trsm,cfloat,sm_89,R,N,512,128,128,blocked|vendor
trsm,cfloat,sm_89,R,N,512,128,512,blocked|vendor
trsm,cfloat,sm_89,R,N,512,128,2048,blocked|vendor
trsm,cfloat,sm_89,R,N,512,128,8192,blocked|vendor
trsm,cfloat,sm_89,R,N,512,128,32768,blocked|vendor
trsm,cfloat,sm_89,R,N,512,256,128,blocked|vendor
trsm,cfloat,sm_89,R,N,512,256,512,blocked|vendor
trsm,cfloat,sm_89,R,N,512,256,2048,blocked|vendor
trsm,cfloat,sm_89,R,N,512,256,8192,blocked|vendor
trsm,cfloat,sm_89,R,N,512,256,32768,blocked|vendor
trsm,cfloat,sm_89,R,N,512,512,128,blocked|vendor
trsm,cfloat,sm_89,R,N,512,512,512,blocked|vendor
trsm,cfloat,sm_89,R,N,512,512,2048,blocked|vendor
trsm,cfloat,sm_89,R,N,512,512,8192,blocked|vendor
trsm,cfloat,sm_89,R,N,512,512,32768,blocked|vendor
trsm,cfloat,sm_89,R,N,512,1024,128,blocked|vendor
trsm,cfloat,sm_89,R,N,512,1024,512,blocked|vendor
trsm,cfloat,sm_89,R,N,512,1024,2048,blocked|vendor
trsm,cfloat,sm_89,R,N,512,1024,8192,blocked|vendor
trsm,cfloat,sm_89,R,N,512,1024,32768,blocked|vendor
trsm,cfloat,sm_89,R,N,512,4096,128,blocked|vendor
trsm,cfloat,sm_89,R,N,512,4096,512,blocked|vendor
trsm,cfloat,sm_89,R,N,512,4096,2048,blocked|vendor
trsm,cfloat,sm_89,R,N,512,4096,8192,blocked|vendor
trsm,cfloat,sm_89,R,N,512,4096,32768,blocked|vendor
trsm,cfloat,sm_89,R,N,768,1,128,blocked|vendor
trsm,cfloat,sm_89,R,N,768,1,512,blocked|vendor
trsm,cfloat,sm_89,R,N,768,1,2048,blocked|vendor
trsm,cfloat,sm_89,R,N,768,1,8192,blocked|vendor
trsm,cfloat,sm_89,R,N,768,1,32768,blocked|vendor
trsm,cfloat,sm_89,R,N,768,2,128,blocked|vendor
trsm,cfloat,sm_89,R,N,768,2,512,blocked|vendor
trsm,cfloat,sm_89,R,N,768,2,2048,blocked|vendor
trsm,cfloat,sm_89,R,N,768,2,8192,blocked|vendor
trsm,cfloat,sm_89,R,N,768,2,32768,blocked|vendor
trsm,cfloat,sm_89,R,N,768,4,128,blocked|vendor
trsm,cfloat,sm_89,R,N,768,4,512,blocked|vendor
trsm,cfloat,sm_89,R,N,768,4,2048,blocked|vendor
trsm,cfloat,sm_89,R,N,768,4,8192,blocked|vendor
trsm,cfloat,sm_89,R,N,768,4,32768,blocked|vendor
trsm,cfloat,sm_89,R,N,768,8,128,blocked|vendor
trsm,cfloat,sm_89,R,N,768,8,512,blocked|vendor
trsm,cfloat,sm_89,R,N,768,8,2048,blocked|vendor
trsm,cfloat,sm_89,R,N,768,8,8192,blocked|vendor
trsm,cfloat,sm_89,R,N,768,8,32768,blocked|vendor
trsm,cfloat,sm_89,R,N,768,16,128,blocked|vendor
trsm,cfloat,sm_89,R,N,768,16,512,blocked|vendor
trsm,cfloat,sm_89,R,N,768,16,2048,blocked|vendor
trsm,cfloat,sm_89,R,N,768,16,8192,blocked|vendor
trsm,cfloat,sm_89,R,N,768,16,32768,blocked|vendor
trsm,cfloat,sm_89,R,N,768,32,128,blocked|vendor
trsm,cfloat,sm_89,R,N,768,32,512,blocked|vendor
trsm,cfloat,sm_89,R,N,768,32,2048,blocked|vendor
trsm,cfloat,sm_89,R,N,768,32,8192,blocked|vendor
trsm,cfloat,sm_89,R,N,768,32,32768,blocked|vendor
trsm,cfloat,sm_89,R,N,768,64,128,blocked|vendor
trsm,cfloat,sm_89,R,N,768,64,512,blocked|vendor
trsm,cfloat,sm_89,R,N,768,64,2048,blocked|vendor
trsm,cfloat,sm_89,R,N,768,64,8192,blocked|vendor
trsm,cfloat,sm_89,R,N,768,64,32768,blocked|vendor
trsm,cfloat,sm_89,R,N,768,128,128,blocked|vendor
trsm,cfloat,sm_89,R,N,768,128,512,blocked|vendor
trsm,cfloat,sm_89,R,N,768,128,2048,blocked|vendor
trsm,cfloat,sm_89,R,N,768,128,8192,blocked|vendor
trsm,cfloat,sm_89,R,N,768,128,32768,blocked|vendor
trsm,cfloat,sm_89,R,N,768,256,128,blocked|vendor
trsm,cfloat,sm_89,R,N,768,256,512,blocked|vendor
trsm,cfloat,sm_89,R,N,768,256,2048,blocked|vendor
trsm,cfloat,sm_89,R,N,768,256,8192,blocked|vendor
trsm,cfloat,sm_89,R,N,768,256,32768,blocked|vendor
trsm,cfloat,sm_89,R,N,768,512,128,blocked|vendor
trsm,cfloat,sm_89,R,N,768,512,512,blocked|vendor
trsm,cfloat,sm_89,R,N,768,512,2048,blocked|vendor
trsm,cfloat,sm_89,R,N,768,512,8192,blocked|vendor
trsm,cfloat,sm_89,R,N,768,512,32768,blocked|vendor
trsm,cfloat,sm_89,R,N,768,1024,128,blocked|vendor
trsm,cfloat,sm_89,R,N,768,1024,512,blocked|vendor
trsm,cfloat,sm_89,R,N,768,1024,2048,blocked|vendor
trsm,cfloat,sm_89,R,N,768,1024,8192,blocked|vendor
trsm,cfloat,sm_89,R,N,768,1024,32768,blocked|vendor
trsm,cfloat,sm_89,R,N,768,4096,128,blocked|vendor
trsm,cfloat,sm_89,R,N,768,4096,512,blocked|vendor
trsm,cfloat,sm_89,R,N,768,4096,2048,blocked|vendor
trsm,cfloat,sm_89,R,N,768,4096,8192,blocked|vendor
trsm,cfloat,sm_89,R,N,768,4096,32768,blocked|vendor
trsm,cfloat,sm_89,R,N,1024,1,128,blocked|vendor
trsm,cfloat,sm_89,R,N,1024,1,512,blocked|vendor
trsm,cfloat,sm_89,R,N,1024,1,2048,blocked|vendor
trsm,cfloat,sm_89,R,N,1024,1,8192,blocked|vendor
trsm,cfloat,sm_89,R,N,1024,1,32768,blocked|vendor
trsm,cfloat,sm_89,R,N,1024,2,128,blocked|vendor
trsm,cfloat,sm_89,R,N,1024,2,512,blocked|vendor
trsm,cfloat,sm_89,R,N,1024,2,2048,blocked|vendor
trsm,cfloat,sm_89,R,N,1024,2,8192,blocked|vendor
trsm,cfloat,sm_89,R,N,1024,2,32768,blocked|vendor
trsm,cfloat,sm_89,R,N,1024,4,128,blocked|vendor
trsm,cfloat,sm_89,R,N,1024,4,512,blocked|vendor
trsm,cfloat,sm_89,R,N,1024,4,2048,blocked|vendor
trsm,cfloat,sm_89,R,N,1024,4,8192,blocked|vendor
trsm,cfloat,sm_89,R,N,1024,4,32768,blocked|vendor
trsm,cfloat,sm_89,R,N,1024,8,128,blocked|vendor
trsm,cfloat,sm_89,R,N,1024,8,512,blocked|vendor
trsm,cfloat,sm_89,R,N,1024,8,2048,blocked|vendor
trsm,cfloat,sm_89,R,N,1024,8,8192,blocked|vendor
trsm,cfloat,sm_89,R,N,1024,8,32768,blocked|vendor
trsm,cfloat,sm_89,R,N,1024,16,128,blocked|vendor
trsm,cfloat,sm_89,R,N,1024,16,512,blocked|vendor
trsm,cfloat,sm_89,R,N,1024,16,2048,blocked|vendor
trsm,cfloat,sm_89,R,N,1024,16,8192,blocked|vendor
trsm,cfloat,sm_89,R,N,1024,16,32768,blocked|vendor
trsm,cfloat,sm_89,R,N,1024,32,128,blocked|vendor
trsm,cfloat,sm_89,R,N,1024,32,512,blocked|vendor
trsm,cfloat,sm_89,R,N,1024,32,2048,blocked|vendor
trsm,cfloat,sm_89,R,N,1024,32,8192,blocked|vendor
trsm,cfloat,sm_89,R,N,1024,32,32768,blocked|vendor
trsm,cfloat,sm_89,R,N,1024,64,128,blocked|vendor
trsm,cfloat,sm_89,R,N,1024,64,512,blocked|vendor
trsm,cfloat,sm_89,R,N,1024,64,2048,blocked|vendor
trsm,cfloat,sm_89,R,N,1024,64,8192,blocked|vendor
trsm,cfloat,sm_89,R,N,1024,64,32768,blocked|vendor
trsm,cfloat,sm_89,R,N,1024,128,128,blocked|vendor
trsm,cfloat,sm_89,R,N,1024,128,512,blocked|vendor
trsm,cfloat,sm_89,R,N,1024,128,2048,blocked|vendor
trsm,cfloat,sm_89,R,N,1024,128,8192,blocked|vendor
trsm,cfloat,sm_89,R,N,1024,128,32768,blocked|vendor
trsm,cfloat,sm_89,R,N,1024,256,128,blocked|vendor
trsm,cfloat,sm_89,R,N,1024,256,512,blocked|vendor
trsm,cfloat,sm_89,R,N,1024,256,2048,blocked|vendor
trsm,cfloat,sm_89,R,N,1024,256,8192,blocked|vendor
trsm,cfloat,sm_89,R,N,1024,256,32768,blocked|vendor
trsm,cfloat,sm_89,R,N,1024,512,128,blocked|vendor
trsm,cfloat,sm_89,R,N,1024,512,512,blocked|vendor
trsm,cfloat,sm_89,R,N,1024,512,2048,blocked|vendor
trsm,cfloat,sm_89,R,N,1024,512,8192,blocked|vendor
trsm,cfloat,sm_89,R,N,1024,512,32768,blocked|vendor
trsm,cfloat,sm_89,R,N,1024,1024,128,blocked|vendor
trsm,cfloat,sm_89,R,N,1024,1024,512,blocked|vendor
trsm,cfloat,sm_89,R,N,1024,1024,2048,blocked|vendor
trsm,cfloat,sm_89,R,N,1024,1024,8192,blocked|vendor
trsm,cfloat,sm_89,R,N,1024,1024,32768,blocked|vendor
trsm,cfloat,sm_89,R,N,1024,4096,128,blocked|vendor
trsm,cfloat,sm_89,R,N,1024,4096,512,blocked|vendor
trsm,cfloat,sm_89,R,N,1024,4096,2048,blocked|vendor
trsm,cfloat,sm_89,R,N,1024,4096,8192,blocked|vendor
trsm,cfloat,sm_89,R,N,1024,4096,32768,blocked|vendor
trsm,cfloat,sm_89,R,T,1,1,128,cta|blocked|vendor
trsm,cfloat,sm_89,R,T,1,1,512,cta|blocked|vendor
trsm,cfloat,sm_89,R,T,1,1,2048,cta|blocked|vendor
trsm,cfloat,sm_89,R,T,1,1,8192,cta|blocked|vendor
trsm,cfloat,sm_89,R,T,1,1,32768,cta|blocked|vendor
trsm,cfloat,sm_89,R,T,1,2,128,cta|blocked|vendor
trsm,cfloat,sm_89,R,T,1,2,512,cta|blocked|vendor
trsm,cfloat,sm_89,R,T,1,2,2048,cta|blocked|vendor
trsm,cfloat,sm_89,R,T,1,2,8192,cta|blocked|vendor
trsm,cfloat,sm_89,R,T,1,2,32768,cta|blocked|vendor
trsm,cfloat,sm_89,R,T,1,4,128,cta|blocked|vendor
trsm,cfloat,sm_89,R,T,1,4,512,cta|blocked|vendor
trsm,cfloat,sm_89,R,T,1,4,2048,cta|blocked|vendor
trsm,cfloat,sm_89,R,T,1,4,8192,cta|blocked|vendor
trsm,cfloat,sm_89,R,T,1,4,32768,cta|blocked|vendor
trsm,cfloat,sm_89,R,T,1,8,128,cta|blocked|vendor
trsm,cfloat,sm_89,R,T,1,8,512,cta|blocked|vendor
trsm,cfloat,sm_89,R,T,1,8,2048,cta|blocked|vendor
trsm,cfloat,sm_89,R,T,1,8,8192,cta|blocked|vendor
trsm,cfloat,sm_89,R,T,1,8,32768,cta|blocked|vendor
trsm,cfloat,sm_89,R,T,1,16,128,cta|blocked|vendor
trsm,cfloat,sm_89,R,T,1,16,512,cta|blocked|vendor
trsm,cfloat,sm_89,R,T,1,16,2048,cta|blocked|vendor
trsm,cfloat,sm_89,R,T,1,16,8192,cta|blocked|vendor
trsm,cfloat,sm_89,R,T,1,16,32768,cta|blocked|vendor
trsm,cfloat,sm_89,R,T,1,32,128,cta|blocked|vendor
trsm,cfloat,sm_89,R,T,1,32,512,cta|blocked|vendor
trsm,cfloat,sm_89,R,T,1,32,2048,cta|blocked|vendor
trsm,cfloat,sm_89,R,T,1,32,8192,cta|blocked|vendor
trsm,cfloat,sm_89,R,T,1,32,32768,cta|blocked|vendor
trsm,cfloat,sm_89,R,T,1,64,128,cta|blocked|vendor
trsm,cfloat,sm_89,R,T,1,64,512,cta|blocked|vendor
trsm,cfloat,sm_89,R,T,1,64,2048,cta|blocked|vendor
trsm,cfloat,sm_89,R,T,1,64,8192,cta|blocked|vendor
trsm,cfloat,sm_89,R,T,1,64,32768,cta|blocked|vendor
trsm,cfloat,sm_89,R,T,1,128,128,cta|blocked|vendor
trsm,cfloat,sm_89,R,T,1,128,512,cta|blocked|vendor
trsm,cfloat,sm_89,R,T,1,128,2048,cta|blocked|vendor
trsm,cfloat,sm_89,R,T,1,128,8192,cta|blocked|vendor
trsm,cfloat,sm_89,R,T,1,128,32768,cta|blocked|vendor
trsm,cfloat,sm_89,R,T,1,256,128,cta|blocked|vendor
trsm,cfloat,sm_89,R,T,1,256,512,cta|blocked|vendor
trsm,cfloat,sm_89,R,T,1,256,2048,cta|blocked|vendor
trsm,cfloat,sm_89,R,T,1,256,8192,cta|blocked|vendor
trsm,cfloat,sm_89,R,T,1,256,32768,cta|blocked|vendor
trsm,cfloat,sm_89,R,T,1,512,128,cta|blocked|vendor
trsm,cfloat,sm_89,R,T,1,512,512,cta|blocked|vendor
trsm,cfloat,sm_89,R,T,1,512,2048,cta|blocked|vendor
trsm,cfloat,sm_89,R,T,1,512,8192,cta|blocked|vendor
trsm,cfloat,sm_89,R,T,1,512,32768,cta|blocked|vendor
trsm,cfloat,sm_89,R,T,1,1024,128,cta|blocked|vendor
trsm,cfloat,sm_89,R,T,1,1024,512,cta|blocked|vendor
trsm,cfloat,sm_89,R,T,1,1024,2048,cta|blocked|vendor
trsm,cfloat,sm_89,R,T,1,1024,8192,cta|blocked|vendor
trsm,cfloat,sm_89,R,T,1,1024,32768,cta|blocked|vendor
trsm,cfloat,sm_89,R,T,1,4096,128,cta|blocked|vendor
trsm,cfloat,sm_89,R,T,1,4096,512,cta|blocked|vendor
trsm,cfloat,sm_89,R,T,1,4096,2048,cta|blocked|vendor
trsm,cfloat,sm_89,R,T,1,4096,8192,cta|blocked|vendor
trsm,cfloat,sm_89,R,T,1,4096,32768,cta|blocked|vendor
trsm,cfloat,sm_89,R,T,2,1,128,cta|blocked|vendor
trsm,cfloat,sm_89,R,T,2,1,512,cta|blocked|vendor
trsm,cfloat,sm_89,R,T,2,1,2048,cta|blocked|vendor
trsm,cfloat,sm_89,R,T,2,1,8192,cta|blocked|vendor
trsm,cfloat,sm_89,R,T,2,1,32768,cta|blocked|vendor
trsm,cfloat,sm_89,R,T,2,2,128,cta|blocked|vendor
trsm,cfloat,sm_89,R,T,2,2,512,cta|blocked|vendor
trsm,cfloat,sm_89,R,T,2,2,2048,cta|blocked|vendor
trsm,cfloat,sm_89,R,T,2,2,8192,cta|blocked|vendor
trsm,cfloat,sm_89,R,T,2,2,32768,cta|blocked|vendor
trsm,cfloat,sm_89,R,T,2,4,128,cta|blocked|vendor
trsm,cfloat,sm_89,R,T,2,4,512,cta|blocked|vendor
trsm,cfloat,sm_89,R,T,2,4,2048,cta|blocked|vendor
trsm,cfloat,sm_89,R,T,2,4,8192,cta|blocked|vendor
trsm,cfloat,sm_89,R,T,2,4,32768,cta|blocked|vendor
trsm,cfloat,sm_89,R,T,2,8,128,cta|blocked|vendor
trsm,cfloat,sm_89,R,T,2,8,512,cta|blocked|vendor
trsm,cfloat,sm_89,R,T,2,8,2048,cta|blocked|vendor
trsm,cfloat,sm_89,R,T,2,8,8192,cta|blocked|vendor
trsm,cfloat,sm_89,R,T,2,8,32768,cta|blocked|vendor
trsm,cfloat,sm_89,R,T,2,16,128,cta|blocked|vendor
trsm,cfloat,sm_89,R,T,2,16,512,cta|blocked|vendor
trsm,cfloat,sm_89,R,T,2,16,2048,cta|blocked|vendor
trsm,cfloat,sm_89,R,T,2,16,8192,cta|blocked|vendor
trsm,cfloat,sm_89,R,T,2,16,32768,cta|blocked|vendor
trsm,cfloat,sm_89,R,T,2,32,128,cta|blocked|vendor
trsm,cfloat,sm_89,R,T,2,32,512,cta|blocked|vendor
trsm,cfloat,sm_89,R,T,2,32,2048,cta|blocked|vendor
trsm,cfloat,sm_89,R,T,2,32,8192,cta|blocked|vendor
trsm,cfloat,sm_89,R,T,2,32,32768,cta|blocked|vendor
trsm,cfloat,sm_89,R,T,2,64,128,cta|blocked|vendor
trsm,cfloat,sm_89,R,T,2,64,512,cta|blocked|vendor
trsm,cfloat,sm_89,R,T,2,64,2048,cta|blocked|vendor
trsm,cfloat,sm_89,R,T,2,64,8192,cta|blocked|vendor
trsm,cfloat,sm_89,R,T,2,64,32768,cta|blocked|vendor
trsm,cfloat,sm_89,R,T,2,128,128,cta|blocked|vendor
trsm,cfloat,sm_89,R,T,2,128,512,cta|blocked|vendor
trsm,cfloat,sm_89,R,T,2,128,2048,cta|blocked|vendor
trsm,cfloat,sm_89,R,T,2,128,8192,cta|blocked|vendor
trsm,cfloat,sm_89,R,T,2,128,32768,cta|blocked|vendor
trsm,cfloat,sm_89,R,T,2,256,128,cta|blocked|vendor
trsm,cfloat,sm_89,R,T,2,256,512,cta|blocked|vendor
trsm,cfloat,sm_89,R,T,2,256,2048,cta|blocked|vendor
trsm,cfloat,sm_89,R,T,2,256,8192,cta|blocked|vendor
trsm,cfloat,sm_89,R,T,2,256,32768,cta|blocked|vendor
trsm,cfloat,sm_89,R,T,2,512,128,cta|blocked|vendor
trsm,cfloat,sm_89,R,T,2,512,512,cta|blocked|vendor
trsm,cfloat,sm_89,R,T,2,512,2048,cta|blocked|vendor
trsm,cfloat,sm_89,R,T,2,512,8192,cta|blocked|vendor
trsm,cfloat,sm_89,R,T,2,512,32768,cta|blocked|vendor
trsm,cfloat,sm_89,R,T,2,1024,128,cta|blocked|vendor
trsm,cfloat,sm_89,R,T,2,1024,512,cta|blocked|vendor
trsm,cfloat,sm_89,R,T,2,1024,2048,cta|blocked|vendor
trsm,cfloat,sm_89,R,T,2,1024,8192,cta|blocked|vendor
trsm,cfloat,sm_89,R,T,2,1024,32768,cta|blocked|vendor
trsm,cfloat,sm_89,R,T,2,4096,128,cta|blocked|vendor
trsm,cfloat,sm_89,R,T,2,4096,512,cta|blocked|vendor
trsm,cfloat,sm_89,R,T,2,4096,2048,cta|blocked|vendor
trsm,cfloat,sm_89,R,T,2,4096,8192,cta|blocked|vendor
trsm,cfloat,sm_89,R,T,2,4096,32768,cta|blocked|vendor
trsm,cfloat,sm_89,R,T,4,1,128,cta|blocked|vendor
trsm,cfloat,sm_89,R,T,4,1,512,cta|blocked|vendor
trsm,cfloat,sm_89,R,T,4,1,2048,cta|blocked|vendor
trsm,cfloat,sm_89,R,T,4,1,8192,cta|blocked|vendor
trsm,cfloat,sm_89,R,T,4,1,32768,cta|blocked|vendor
trsm,cfloat,sm_89,R,T,4,2,128,cta|blocked|vendor
trsm,cfloat,sm_89,R,T,4,2,512,cta|blocked|vendor
trsm,cfloat,sm_89,R,T,4,2,2048,cta|blocked|vendor
trsm,cfloat,sm_89,R,T,4,2,8192,cta|blocked|vendor
trsm,cfloat,sm_89,R,T,4,2,32768,cta|blocked|vendor
trsm,cfloat,sm_89,R,T,4,4,128,cta|blocked|vendor
trsm,cfloat,sm_89,R,T,4,4,512,cta|blocked|vendor
trsm,cfloat,sm_89,R,T,4,4,2048,cta|blocked|vendor
trsm,cfloat,sm_89,R,T,4,4,8192,cta|blocked|vendor
trsm,cfloat,sm_89,R,T,4,4,32768,cta|blocked|vendor
trsm,cfloat,sm_89,R,T,4,8,128,cta|blocked|vendor
trsm,cfloat,sm_89,R,T,4,8,512,cta|blocked|vendor
trsm,cfloat,sm_89,R,T,4,8,2048,cta|blocked|vendor
trsm,cfloat,sm_89,R,T,4,8,8192,cta|blocked|vendor
trsm,cfloat,sm_89,R,T,4,8,32768,cta|blocked|vendor
trsm,cfloat,sm_89,R,T,4,16,128,cta|blocked|vendor
trsm,cfloat,sm_89,R,T,4,16,512,cta|blocked|vendor
trsm,cfloat,sm_89,R,T,4,16,2048,cta|blocked|vendor
trsm,cfloat,sm_89,R,T,4,16,8192,cta|blocked|vendor
trsm,cfloat,sm_89,R,T,4,16,32768,cta|blocked|vendor
trsm,cfloat,sm_89,R,T,4,32,128,cta|blocked|vendor
trsm,cfloat,sm_89,R,T,4,32,512,cta|blocked|vendor
trsm,cfloat,sm_89,R,T,4,32,2048,cta|blocked|vendor
trsm,cfloat,sm_89,R,T,4,32,8192,cta|blocked|vendor
trsm,cfloat,sm_89,R,T,4,32,32768,cta|blocked|vendor
trsm,cfloat,sm_89,R,T,4,64,128,cta|blocked|vendor
trsm,cfloat,sm_89,R,T,4,64,512,cta|blocked|vendor
trsm,cfloat,sm_89,R,T,4,64,2048,cta|blocked|vendor
trsm,cfloat,sm_89,R,T,4,64,8192,cta|blocked|vendor
trsm,cfloat,sm_89,R,T,4,64,32768,cta|blocked|vendor
trsm,cfloat,sm_89,R,T,4,128,128,cta|blocked|vendor
trsm,cfloat,sm_89,R,T,4,128,512,cta|blocked|vendor
trsm,cfloat,sm_89,R,T,4,128,2048,cta|blocked|vendor
trsm,cfloat,sm_89,R,T,4,128,8192,cta|blocked|vendor
trsm,cfloat,sm_89,R,T,4,128,32768,cta|blocked|vendor
trsm,cfloat,sm_89,R,T,4,256,128,cta|blocked|vendor
trsm,cfloat,sm_89,R,T,4,256,512,cta|blocked|vendor
trsm,cfloat,sm_89,R,T,4,256,2048,cta|blocked|vendor
trsm,cfloat,sm_89,R,T,4,256,8192,cta|blocked|vendor
trsm,cfloat,sm_89,R,T,4,256,32768,cta|blocked|vendor
trsm,cfloat,sm_89,R,T,4,512,128,cta|blocked|vendor
trsm,cfloat,sm_89,R,T,4,512,512,cta|blocked|vendor
trsm,cfloat,sm_89,R,T,4,512,2048,cta|blocked|vendor
trsm,cfloat,sm_89,R,T,4,512,8192,cta|blocked|vendor
trsm,cfloat,sm_89,R,T,4,512,32768,cta|blocked|vendor
trsm,cfloat,sm_89,R,T,4,1024,128,cta|blocked|vendor
trsm,cfloat,sm_89,R,T,4,1024,512,cta|blocked|vendor
trsm,cfloat,sm_89,R,T,4,1024,2048,cta|blocked|vendor
trsm,cfloat,sm_89,R,T,4,1024,8192,cta|blocked|vendor
trsm,cfloat,sm_89,R,T,4,1024,32768,cta|blocked|vendor
trsm,cfloat,sm_89,R,T,4,4096,128,cta|blocked|vendor
trsm,cfloat,sm_89,R,T,4,4096,512,cta|blocked|vendor
trsm,cfloat,sm_89,R,T,4,4096,2048,cta|blocked|vendor
trsm,cfloat,sm_89,R,T,4,4096,8192,cta|blocked|vendor
trsm,cfloat,sm_89,R,T,4,4096,32768,cta|blocked|vendor
trsm,cfloat,sm_89,R,T,8,1,128,cta|blocked|vendor
trsm,cfloat,sm_89,R,T,8,1,512,cta|blocked|vendor
trsm,cfloat,sm_89,R,T,8,1,2048,cta|blocked|vendor
trsm,cfloat,sm_89,R,T,8,1,8192,cta|blocked|vendor
trsm,cfloat,sm_89,R,T,8,1,32768,cta|blocked|vendor
trsm,cfloat,sm_89,R,T,8,2,128,cta|blocked|vendor
trsm,cfloat,sm_89,R,T,8,2,512,cta|blocked|vendor
trsm,cfloat,sm_89,R,T,8,2,2048,cta|blocked|vendor
trsm,cfloat,sm_89,R,T,8,2,8192,cta|blocked|vendor
trsm,cfloat,sm_89,R,T,8,2,32768,cta|blocked|vendor
trsm,cfloat,sm_89,R,T,8,4,128,cta|blocked|vendor
trsm,cfloat,sm_89,R,T,8,4,512,cta|blocked|vendor
trsm,cfloat,sm_89,R,T,8,4,2048,cta|blocked|vendor
trsm,cfloat,sm_89,R,T,8,4,8192,cta|blocked|vendor
trsm,cfloat,sm_89,R,T,8,4,32768,cta|blocked|vendor
trsm,cfloat,sm_89,R,T,8,8,128,cta|blocked|vendor
trsm,cfloat,sm_89,R,T,8,8,512,cta|blocked|vendor
trsm,cfloat,sm_89,R,T,8,8,2048,cta|blocked|vendor
trsm,cfloat,sm_89,R,T,8,8,8192,cta|blocked|vendor
trsm,cfloat,sm_89,R,T,8,8,32768,cta|blocked|vendor
trsm,cfloat,sm_89,R,T,8,16,128,cta|blocked|vendor
trsm,cfloat,sm_89,R,T,8,16,512,cta|blocked|vendor
trsm,cfloat,sm_89,R,T,8,16,2048,cta|blocked|vendor
trsm,cfloat,sm_89,R,T,8,16,8192,cta|blocked|vendor
trsm,cfloat,sm_89,R,T,8,16,32768,cta|blocked|vendor
trsm,cfloat,sm_89,R,T,8,32,128,cta|blocked|vendor
trsm,cfloat,sm_89,R,T,8,32,512,cta|blocked|vendor
trsm,cfloat,sm_89,R,T,8,32,2048,cta|blocked|vendor
trsm,cfloat,sm_89,R,T,8,32,8192,cta|blocked|vendor
trsm,cfloat,sm_89,R,T,8,32,32768,cta|blocked|vendor
trsm,cfloat,sm_89,R,T,8,64,128,cta|blocked|vendor
trsm,cfloat,sm_89,R,T,8,64,512,cta|blocked|vendor
trsm,cfloat,sm_89,R,T,8,64,2048,cta|blocked|vendor
trsm,cfloat,sm_89,R,T,8,64,8192,cta|blocked|vendor
trsm,cfloat,sm_89,R,T,8,64,32768,cta|blocked|vendor
trsm,cfloat,sm_89,R,T,8,128,128,cta|blocked|vendor
trsm,cfloat,sm_89,R,T,8,128,512,cta|blocked|vendor
trsm,cfloat,sm_89,R,T,8,128,2048,cta|blocked|vendor
trsm,cfloat,sm_89,R,T,8,128,8192,cta|blocked|vendor
trsm,cfloat,sm_89,R,T,8,128,32768,cta|blocked|vendor
trsm,cfloat,sm_89,R,T,8,256,128,cta|blocked|vendor
trsm,cfloat,sm_89,R,T,8,256,512,cta|blocked|vendor
trsm,cfloat,sm_89,R,T,8,256,2048,cta|blocked|vendor
trsm,cfloat,sm_89,R,T,8,256,8192,cta|blocked|vendor
trsm,cfloat,sm_89,R,T,8,256,32768,cta|blocked|vendor
trsm,cfloat,sm_89,R,T,8,512,128,cta|blocked|vendor
trsm,cfloat,sm_89,R,T,8,512,512,cta|blocked|vendor
trsm,cfloat,sm_89,R,T,8,512,2048,cta|blocked|vendor
trsm,cfloat,sm_89,R,T,8,512,8192,cta|blocked|vendor
trsm,cfloat,sm_89,R,T,8,512,32768,cta|blocked|vendor
trsm,cfloat,sm_89,R,T,8,1024,128,cta|blocked|vendor
trsm,cfloat,sm_89,R,T,8,1024,512,cta|blocked|vendor
trsm,cfloat,sm_89,R,T,8,1024,2048,cta|blocked|vendor
trsm,cfloat,sm_89,R,T,8,1024,8192,cta|blocked|vendor
trsm,cfloat,sm_89,R,T,8,1024,32768,cta|blocked|vendor
trsm,cfloat,sm_89,R,T,8,4096,128,cta|blocked|vendor
trsm,cfloat,sm_89,R,T,8,4096,512,cta|blocked|vendor
trsm,cfloat,sm_89,R,T,8,4096,2048,cta|blocked|vendor
trsm,cfloat,sm_89,R,T,8,4096,8192,cta|blocked|vendor
trsm,cfloat,sm_89,R,T,8,4096,32768,cta|blocked|vendor
trsm,cfloat,sm_89,R,T,12,1,128,cta|blocked|vendor
trsm,cfloat,sm_89,R,T,12,1,512,cta|blocked|vendor
trsm,cfloat,sm_89,R,T,12,1,2048,cta|blocked|vendor
trsm,cfloat,sm_89,R,T,12,1,8192,cta|blocked|vendor
trsm,cfloat,sm_89,R,T,12,1,32768,cta|blocked|vendor
trsm,cfloat,sm_89,R,T,12,2,128,cta|blocked|vendor
trsm,cfloat,sm_89,R,T,12,2,512,cta|blocked|vendor
trsm,cfloat,sm_89,R,T,12,2,2048,cta|blocked|vendor
trsm,cfloat,sm_89,R,T,12,2,8192,cta|blocked|vendor
trsm,cfloat,sm_89,R,T,12,2,32768,cta|blocked|vendor
trsm,cfloat,sm_89,R,T,12,4,128,cta|blocked|vendor
trsm,cfloat,sm_89,R,T,12,4,512,cta|blocked|vendor
trsm,cfloat,sm_89,R,T,12,4,2048,cta|blocked|vendor
trsm,cfloat,sm_89,R,T,12,4,8192,cta|blocked|vendor
trsm,cfloat,sm_89,R,T,12,4,32768,cta|blocked|vendor
trsm,cfloat,sm_89,R,T,12,8,128,cta|blocked|vendor
trsm,cfloat,sm_89,R,T,12,8,512,cta|blocked|vendor
trsm,cfloat,sm_89,R,T,12,8,2048,cta|blocked|vendor
trsm,cfloat,sm_89,R,T,12,8,8192,cta|blocked|vendor
trsm,cfloat,sm_89,R,T,12,8,32768,cta|blocked|vendor
trsm,cfloat,sm_89,R,T,12,16,128,cta|blocked|vendor
trsm,cfloat,sm_89,R,T,12,16,512,cta|blocked|vendor
trsm,cfloat,sm_89,R,T,12,16,2048,cta|blocked|vendor
trsm,cfloat,sm_89,R,T,12,16,8192,cta|blocked|vendor
trsm,cfloat,sm_89,R,T,12,16,32768,cta|blocked|vendor
trsm,cfloat,sm_89,R,T,12,32,128,cta|blocked|vendor
trsm,cfloat,sm_89,R,T,12,32,512,cta|blocked|vendor
trsm,cfloat,sm_89,R,T,12,32,2048,cta|blocked|vendor
trsm,cfloat,sm_89,R,T,12,32,8192,cta|blocked|vendor
trsm,cfloat,sm_89,R,T,12,32,32768,cta|blocked|vendor
trsm,cfloat,sm_89,R,T,12,64,128,cta|blocked|vendor
trsm,cfloat,sm_89,R,T,12,64,512,cta|blocked|vendor
trsm,cfloat,sm_89,R,T,12,64,2048,cta|blocked|vendor
trsm,cfloat,sm_89,R,T,12,64,8192,cta|blocked|vendor
trsm,cfloat,sm_89,R,T,12,64,32768,cta|blocked|vendor
trsm,cfloat,sm_89,R,T,12,128,128,cta|blocked|vendor
trsm,cfloat,sm_89,R,T,12,128,512,cta|blocked|vendor
trsm,cfloat,sm_89,R,T,12,128,2048,cta|blocked|vendor
trsm,cfloat,sm_89,R,T,12,128,8192,cta|blocked|vendor
trsm,cfloat,sm_89,R,T,12,128,32768,cta|blocked|vendor
trsm,cfloat,sm_89,R,T,12,256,128,cta|blocked|vendor
trsm,cfloat,sm_89,R,T,12,256,512,cta|blocked|vendor
trsm,cfloat,sm_89,R,T,12,256,2048,cta|blocked|vendor
trsm,cfloat,sm_89,R,T,12,256,8192,cta|blocked|vendor
trsm,cfloat,sm_89,R,T,12,256,32768,cta|blocked|vendor
trsm,cfloat,sm_89,R,T,12,512,128,cta|blocked|vendor
trsm,cfloat,sm_89,R,T,12,512,512,cta|blocked|vendor
trsm,cfloat,sm_89,R,T,12,512,2048,cta|blocked|vendor
trsm,cfloat,sm_89,R,T,12,512,8192,cta|blocked|vendor
trsm,cfloat,sm_89,R,T,12,512,32768,cta|blocked|vendor
trsm,cfloat,sm_89,R,T,12,1024,128,cta|blocked|vendor
trsm,cfloat,sm_89,R,T,12,1024,512,cta|blocked|vendor
trsm,cfloat,sm_89,R,T,12,1024,2048,cta|blocked|vendor
trsm,cfloat,sm_89,R,T,12,1024,8192,cta|blocked|vendor
trsm,cfloat,sm_89,R,T,12,1024,32768,cta|blocked|vendor
trsm,cfloat,sm_89,R,T,12,4096,128,cta|blocked|vendor
trsm,cfloat,sm_89,R,T,12,4096,512,cta|blocked|vendor
trsm,cfloat,sm_89,R,T,12,4096,2048,cta|blocked|vendor
trsm,cfloat,sm_89,R,T,12,4096,8192,cta|blocked|vendor
trsm,cfloat,sm_89,R,T,12,4096,32768,cta|blocked|vendor
trsm,cfloat,sm_89,R,T,16,1,128,cta|blocked|vendor
trsm,cfloat,sm_89,R,T,16,1,512,cta|blocked|vendor
trsm,cfloat,sm_89,R,T,16,1,2048,cta|blocked|vendor
trsm,cfloat,sm_89,R,T,16,1,8192,cta|blocked|vendor
trsm,cfloat,sm_89,R,T,16,1,32768,cta|blocked|vendor
trsm,cfloat,sm_89,R,T,16,2,128,cta|blocked|vendor
trsm,cfloat,sm_89,R,T,16,2,512,cta|blocked|vendor
trsm,cfloat,sm_89,R,T,16,2,2048,cta|blocked|vendor
trsm,cfloat,sm_89,R,T,16,2,8192,cta|blocked|vendor
trsm,cfloat,sm_89,R,T,16,2,32768,cta|blocked|vendor
trsm,cfloat,sm_89,R,T,16,4,128,cta|blocked|vendor
trsm,cfloat,sm_89,R,T,16,4,512,cta|blocked|vendor
trsm,cfloat,sm_89,R,T,16,4,2048,cta|blocked|vendor
trsm,cfloat,sm_89,R,T,16,4,8192,cta|blocked|vendor
trsm,cfloat,sm_89,R,T,16,4,32768,cta|blocked|vendor
trsm,cfloat,sm_89,R,T,16,8,128,cta|blocked|vendor
trsm,cfloat,sm_89,R,T,16,8,512,cta|blocked|vendor
trsm,cfloat,sm_89,R,T,16,8,2048,cta|blocked|vendor
trsm,cfloat,sm_89,R,T,16,8,8192,cta|blocked|vendor
trsm,cfloat,sm_89,R,T,16,8,32768,cta|blocked|vendor
trsm,cfloat,sm_89,R,T,16,16,128,cta|blocked|vendor
trsm,cfloat,sm_89,R,T,16,16,512,cta|blocked|vendor
trsm,cfloat,sm_89,R,T,16,16,2048,cta|blocked|vendor
trsm,cfloat,sm_89,R,T,16,16,8192,cta|blocked|vendor
trsm,cfloat,sm_89,R,T,16,16,32768,cta|blocked|vendor
trsm,cfloat,sm_89,R,T,16,32,128,cta|blocked|vendor
trsm,cfloat,sm_89,R,T,16,32,512,cta|blocked|vendor
trsm,cfloat,sm_89,R,T,16,32,2048,cta|blocked|vendor
trsm,cfloat,sm_89,R,T,16,32,8192,cta|blocked|vendor
trsm,cfloat,sm_89,R,T,16,32,32768,cta|blocked|vendor
trsm,cfloat,sm_89,R,T,16,64,128,cta|blocked|vendor
trsm,cfloat,sm_89,R,T,16,64,512,cta|blocked|vendor
trsm,cfloat,sm_89,R,T,16,64,2048,cta|blocked|vendor
trsm,cfloat,sm_89,R,T,16,64,8192,cta|blocked|vendor
trsm,cfloat,sm_89,R,T,16,64,32768,cta|blocked|vendor
trsm,cfloat,sm_89,R,T,16,128,128,cta|blocked|vendor
trsm,cfloat,sm_89,R,T,16,128,512,cta|blocked|vendor
trsm,cfloat,sm_89,R,T,16,128,2048,cta|blocked|vendor
trsm,cfloat,sm_89,R,T,16,128,8192,cta|blocked|vendor
trsm,cfloat,sm_89,R,T,16,128,32768,cta|blocked|vendor
trsm,cfloat,sm_89,R,T,16,256,128,cta|blocked|vendor
trsm,cfloat,sm_89,R,T,16,256,512,cta|blocked|vendor
trsm,cfloat,sm_89,R,T,16,256,2048,cta|blocked|vendor
trsm,cfloat,sm_89,R,T,16,256,8192,cta|blocked|vendor
trsm,cfloat,sm_89,R,T,16,256,32768,cta|blocked|vendor
trsm,cfloat,sm_89,R,T,16,512,128,cta|blocked|vendor
trsm,cfloat,sm_89,R,T,16,512,512,cta|blocked|vendor
trsm,cfloat,sm_89,R,T,16,512,2048,cta|blocked|vendor
trsm,cfloat,sm_89,R,T,16,512,8192,cta|blocked|vendor
trsm,cfloat,sm_89,R,T,16,512,32768,cta|blocked|vendor
trsm,cfloat,sm_89,R,T,16,1024,128,cta|blocked|vendor
trsm,cfloat,sm_89,R,T,16,1024,512,cta|blocked|vendor
trsm,cfloat,sm_89,R,T,16,1024,2048,cta|blocked|vendor
trsm,cfloat,sm_89,R,T,16,1024,8192,cta|blocked|vendor
trsm,cfloat,sm_89,R,T,16,1024,32768,cta|blocked|vendor
trsm,cfloat,sm_89,R,T,16,4096,128,cta|blocked|vendor
trsm,cfloat,sm_89,R,T,16,4096,512,cta|blocked|vendor
trsm,cfloat,sm_89,R,T,16,4096,2048,cta|blocked|vendor
trsm,cfloat,sm_89,R,T,16,4096,8192,cta|blocked|vendor
trsm,cfloat,sm_89,R,T,16,4096,32768,cta|blocked|vendor
trsm,cfloat,sm_89,R,T,24,1,128,cta|blocked|vendor
trsm,cfloat,sm_89,R,T,24,1,512,cta|blocked|vendor
trsm,cfloat,sm_89,R,T,24,1,2048,cta|blocked|vendor
trsm,cfloat,sm_89,R,T,24,1,8192,cta|blocked|vendor
trsm,cfloat,sm_89,R,T,24,1,32768,cta|blocked|vendor
trsm,cfloat,sm_89,R,T,24,2,128,cta|blocked|vendor
trsm,cfloat,sm_89,R,T,24,2,512,cta|blocked|vendor
trsm,cfloat,sm_89,R,T,24,2,2048,cta|blocked|vendor
trsm,cfloat,sm_89,R,T,24,2,8192,cta|blocked|vendor
trsm,cfloat,sm_89,R,T,24,2,32768,cta|blocked|vendor
trsm,cfloat,sm_89,R,T,24,4,128,cta|blocked|vendor
trsm,cfloat,sm_89,R,T,24,4,512,cta|blocked|vendor
trsm,cfloat,sm_89,R,T,24,4,2048,cta|blocked|vendor
trsm,cfloat,sm_89,R,T,24,4,8192,cta|blocked|vendor
trsm,cfloat,sm_89,R,T,24,4,32768,cta|blocked|vendor
trsm,cfloat,sm_89,R,T,24,8,128,cta|blocked|vendor
trsm,cfloat,sm_89,R,T,24,8,512,cta|blocked|vendor
trsm,cfloat,sm_89,R,T,24,8,2048,cta|blocked|vendor
trsm,cfloat,sm_89,R,T,24,8,8192,cta|blocked|vendor
trsm,cfloat,sm_89,R,T,24,8,32768,cta|blocked|vendor
trsm,cfloat,sm_89,R,T,24,16,128,cta|blocked|vendor
trsm,cfloat,sm_89,R,T,24,16,512,cta|blocked|vendor
trsm,cfloat,sm_89,R,T,24,16,2048,cta|blocked|vendor
trsm,cfloat,sm_89,R,T,24,16,8192,cta|blocked|vendor
trsm,cfloat,sm_89,R,T,24,16,32768,cta|blocked|vendor
trsm,cfloat,sm_89,R,T,24,32,128,cta|blocked|vendor
trsm,cfloat,sm_89,R,T,24,32,512,cta|blocked|vendor
trsm,cfloat,sm_89,R,T,24,32,2048,cta|blocked|vendor
trsm,cfloat,sm_89,R,T,24,32,8192,cta|blocked|vendor
trsm,cfloat,sm_89,R,T,24,32,32768,cta|blocked|vendor
trsm,cfloat,sm_89,R,T,24,64,128,cta|blocked|vendor
trsm,cfloat,sm_89,R,T,24,64,512,cta|blocked|vendor
trsm,cfloat,sm_89,R,T,24,64,2048,cta|blocked|vendor
trsm,cfloat,sm_89,R,T,24,64,8192,cta|blocked|vendor
trsm,cfloat,sm_89,R,T,24,64,32768,cta|blocked|vendor
trsm,cfloat,sm_89,R,T,24,128,128,cta|blocked|vendor
trsm,cfloat,sm_89,R,T,24,128,512,cta|blocked|vendor
trsm,cfloat,sm_89,R,T,24,128,2048,cta|blocked|vendor
trsm,cfloat,sm_89,R,T,24,128,8192,cta|blocked|vendor
trsm,cfloat,sm_89,R,T,24,128,32768,cta|blocked|vendor
trsm,cfloat,sm_89,R,T,24,256,128,cta|blocked|vendor
trsm,cfloat,sm_89,R,T,24,256,512,cta|blocked|vendor
trsm,cfloat,sm_89,R,T,24,256,2048,cta|blocked|vendor
trsm,cfloat,sm_89,R,T,24,256,8192,cta|blocked|vendor
trsm,cfloat,sm_89,R,T,24,256,32768,cta|blocked|vendor
trsm,cfloat,sm_89,R,T,24,512,128,cta|blocked|vendor
trsm,cfloat,sm_89,R,T,24,512,512,cta|blocked|vendor
trsm,cfloat,sm_89,R,T,24,512,2048,cta|blocked|vendor
trsm,cfloat,sm_89,R,T,24,512,8192,cta|blocked|vendor
trsm,cfloat,sm_89,R,T,24,512,32768,cta|blocked|vendor
trsm,cfloat,sm_89,R,T,24,1024,128,cta|blocked|vendor
trsm,cfloat,sm_89,R,T,24,1024,512,cta|blocked|vendor
trsm,cfloat,sm_89,R,T,24,1024,2048,cta|blocked|vendor
trsm,cfloat,sm_89,R,T,24,1024,8192,cta|blocked|vendor
trsm,cfloat,sm_89,R,T,24,1024,32768,cta|blocked|vendor
trsm,cfloat,sm_89,R,T,24,4096,128,cta|blocked|vendor
trsm,cfloat,sm_89,R,T,24,4096,512,cta|blocked|vendor
trsm,cfloat,sm_89,R,T,24,4096,2048,cta|blocked|vendor
trsm,cfloat,sm_89,R,T,24,4096,8192,cta|blocked|vendor
trsm,cfloat,sm_89,R,T,24,4096,32768,cta|blocked|vendor
trsm,cfloat,sm_89,R,T,32,1,128,cta|blocked|vendor
trsm,cfloat,sm_89,R,T,32,1,512,cta|blocked|vendor
trsm,cfloat,sm_89,R,T,32,1,2048,cta|blocked|vendor
trsm,cfloat,sm_89,R,T,32,1,8192,cta|blocked|vendor
trsm,cfloat,sm_89,R,T,32,1,32768,cta|blocked|vendor
trsm,cfloat,sm_89,R,T,32,2,128,cta|blocked|vendor
trsm,cfloat,sm_89,R,T,32,2,512,cta|blocked|vendor
trsm,cfloat,sm_89,R,T,32,2,2048,cta|blocked|vendor
trsm,cfloat,sm_89,R,T,32,2,8192,cta|blocked|vendor
trsm,cfloat,sm_89,R,T,32,2,32768,cta|blocked|vendor
trsm,cfloat,sm_89,R,T,32,4,128,cta|blocked|vendor
trsm,cfloat,sm_89,R,T,32,4,512,cta|blocked|vendor
trsm,cfloat,sm_89,R,T,32,4,2048,cta|blocked|vendor
trsm,cfloat,sm_89,R,T,32,4,8192,cta|blocked|vendor
trsm,cfloat,sm_89,R,T,32,4,32768,cta|blocked|vendor
trsm,cfloat,sm_89,R,T,32,8,128,cta|blocked|vendor
trsm,cfloat,sm_89,R,T,32,8,512,cta|blocked|vendor
trsm,cfloat,sm_89,R,T,32,8,2048,cta|blocked|vendor
trsm,cfloat,sm_89,R,T,32,8,8192,cta|blocked|vendor
trsm,cfloat,sm_89,R,T,32,8,32768,cta|blocked|vendor
trsm,cfloat,sm_89,R,T,32,16,128,cta|blocked|vendor
trsm,cfloat,sm_89,R,T,32,16,512,cta|blocked|vendor
trsm,cfloat,sm_89,R,T,32,16,2048,cta|blocked|vendor
trsm,cfloat,sm_89,R,T,32,16,8192,cta|blocked|vendor
trsm,cfloat,sm_89,R,T,32,16,32768,cta|blocked|vendor
trsm,cfloat,sm_89,R,T,32,32,128,cta|blocked|vendor
trsm,cfloat,sm_89,R,T,32,32,512,cta|blocked|vendor
trsm,cfloat,sm_89,R,T,32,32,2048,cta|blocked|vendor
trsm,cfloat,sm_89,R,T,32,32,8192,cta|blocked|vendor
trsm,cfloat,sm_89,R,T,32,32,32768,cta|blocked|vendor
trsm,cfloat,sm_89,R,T,32,64,128,cta|blocked|vendor
trsm,cfloat,sm_89,R,T,32,64,512,cta|blocked|vendor
trsm,cfloat,sm_89,R,T,32,64,2048,cta|blocked|vendor
trsm,cfloat,sm_89,R,T,32,64,8192,cta|blocked|vendor
trsm,cfloat,sm_89,R,T,32,64,32768,cta|blocked|vendor
trsm,cfloat,sm_89,R,T,32,128,128,cta|blocked|vendor
trsm,cfloat,sm_89,R,T,32,128,512,cta|blocked|vendor
trsm,cfloat,sm_89,R,T,32,128,2048,cta|blocked|vendor
trsm,cfloat,sm_89,R,T,32,128,8192,cta|blocked|vendor
trsm,cfloat,sm_89,R,T,32,128,32768,cta|blocked|vendor
trsm,cfloat,sm_89,R,T,32,256,128,cta|blocked|vendor
trsm,cfloat,sm_89,R,T,32,256,512,cta|blocked|vendor
trsm,cfloat,sm_89,R,T,32,256,2048,cta|blocked|vendor
trsm,cfloat,sm_89,R,T,32,256,8192,cta|blocked|vendor
trsm,cfloat,sm_89,R,T,32,256,32768,cta|blocked|vendor
trsm,cfloat,sm_89,R,T,32,512,128,cta|blocked|vendor
trsm,cfloat,sm_89,R,T,32,512,512,cta|blocked|vendor
trsm,cfloat,sm_89,R,T,32,512,2048,cta|blocked|vendor
trsm,cfloat,sm_89,R,T,32,512,8192,cta|blocked|vendor
trsm,cfloat,sm_89,R,T,32,512,32768,cta|blocked|vendor
trsm,cfloat,sm_89,R,T,32,1024,128,cta|blocked|vendor
trsm,cfloat,sm_89,R,T,32,1024,512,cta|blocked|vendor
trsm,cfloat,sm_89,R,T,32,1024,2048,cta|blocked|vendor
trsm,cfloat,sm_89,R,T,32,1024,8192,cta|blocked|vendor
trsm,cfloat,sm_89,R,T,32,1024,32768,cta|blocked|vendor
trsm,cfloat,sm_89,R,T,32,4096,128,cta|blocked|vendor
trsm,cfloat,sm_89,R,T,32,4096,512,cta|blocked|vendor
trsm,cfloat,sm_89,R,T,32,4096,2048,cta|blocked|vendor
trsm,cfloat,sm_89,R,T,32,4096,8192,cta|blocked|vendor
trsm,cfloat,sm_89,R,T,32,4096,32768,cta|blocked|vendor
trsm,cfloat,sm_89,R,T,48,1,128,blocked|vendor
trsm,cfloat,sm_89,R,T,48,1,512,blocked|vendor
trsm,cfloat,sm_89,R,T,48,1,2048,blocked|vendor
trsm,cfloat,sm_89,R,T,48,1,8192,blocked|vendor
trsm,cfloat,sm_89,R,T,48,1,32768,blocked|vendor
trsm,cfloat,sm_89,R,T,48,2,128,blocked|vendor
trsm,cfloat,sm_89,R,T,48,2,512,blocked|vendor
trsm,cfloat,sm_89,R,T,48,2,2048,blocked|vendor
trsm,cfloat,sm_89,R,T,48,2,8192,blocked|vendor
trsm,cfloat,sm_89,R,T,48,2,32768,blocked|vendor
trsm,cfloat,sm_89,R,T,48,4,128,blocked|vendor
trsm,cfloat,sm_89,R,T,48,4,512,blocked|vendor
trsm,cfloat,sm_89,R,T,48,4,2048,blocked|vendor
trsm,cfloat,sm_89,R,T,48,4,8192,blocked|vendor
trsm,cfloat,sm_89,R,T,48,4,32768,blocked|vendor
trsm,cfloat,sm_89,R,T,48,8,128,blocked|vendor
trsm,cfloat,sm_89,R,T,48,8,512,blocked|vendor
trsm,cfloat,sm_89,R,T,48,8,2048,blocked|vendor
trsm,cfloat,sm_89,R,T,48,8,8192,blocked|vendor
trsm,cfloat,sm_89,R,T,48,8,32768,blocked|vendor
trsm,cfloat,sm_89,R,T,48,16,128,blocked|vendor
trsm,cfloat,sm_89,R,T,48,16,512,blocked|vendor
trsm,cfloat,sm_89,R,T,48,16,2048,blocked|vendor
trsm,cfloat,sm_89,R,T,48,16,8192,blocked|vendor
trsm,cfloat,sm_89,R,T,48,16,32768,blocked|vendor
trsm,cfloat,sm_89,R,T,48,32,128,blocked|vendor
trsm,cfloat,sm_89,R,T,48,32,512,blocked|vendor
trsm,cfloat,sm_89,R,T,48,32,2048,blocked|vendor
trsm,cfloat,sm_89,R,T,48,32,8192,blocked|vendor
trsm,cfloat,sm_89,R,T,48,32,32768,blocked|vendor
trsm,cfloat,sm_89,R,T,48,64,128,blocked|vendor
trsm,cfloat,sm_89,R,T,48,64,512,blocked|vendor
trsm,cfloat,sm_89,R,T,48,64,2048,blocked|vendor
trsm,cfloat,sm_89,R,T,48,64,8192,blocked|vendor
trsm,cfloat,sm_89,R,T,48,64,32768,blocked|vendor
trsm,cfloat,sm_89,R,T,48,128,128,blocked|vendor
trsm,cfloat,sm_89,R,T,48,128,512,blocked|vendor
trsm,cfloat,sm_89,R,T,48,128,2048,blocked|vendor
trsm,cfloat,sm_89,R,T,48,128,8192,blocked|vendor
trsm,cfloat,sm_89,R,T,48,128,32768,blocked|vendor
trsm,cfloat,sm_89,R,T,48,256,128,blocked|vendor
trsm,cfloat,sm_89,R,T,48,256,512,blocked|vendor
trsm,cfloat,sm_89,R,T,48,256,2048,blocked|vendor
trsm,cfloat,sm_89,R,T,48,256,8192,blocked|vendor
trsm,cfloat,sm_89,R,T,48,256,32768,blocked|vendor
trsm,cfloat,sm_89,R,T,48,512,128,blocked|vendor
trsm,cfloat,sm_89,R,T,48,512,512,blocked|vendor
trsm,cfloat,sm_89,R,T,48,512,2048,blocked|vendor
trsm,cfloat,sm_89,R,T,48,512,8192,blocked|vendor
trsm,cfloat,sm_89,R,T,48,512,32768,blocked|vendor
trsm,cfloat,sm_89,R,T,48,1024,128,blocked|vendor
trsm,cfloat,sm_89,R,T,48,1024,512,blocked|vendor
trsm,cfloat,sm_89,R,T,48,1024,2048,blocked|vendor
trsm,cfloat,sm_89,R,T,48,1024,8192,blocked|vendor
trsm,cfloat,sm_89,R,T,48,1024,32768,blocked|vendor
trsm,cfloat,sm_89,R,T,48,4096,128,blocked|vendor
trsm,cfloat,sm_89,R,T,48,4096,512,blocked|vendor
trsm,cfloat,sm_89,R,T,48,4096,2048,blocked|vendor
trsm,cfloat,sm_89,R,T,48,4096,8192,blocked|vendor
trsm,cfloat,sm_89,R,T,48,4096,32768,blocked|vendor
trsm,cfloat,sm_89,R,T,64,1,128,blocked|vendor
trsm,cfloat,sm_89,R,T,64,1,512,blocked|vendor
trsm,cfloat,sm_89,R,T,64,1,2048,blocked|vendor
trsm,cfloat,sm_89,R,T,64,1,8192,blocked|vendor
trsm,cfloat,sm_89,R,T,64,1,32768,blocked|vendor
trsm,cfloat,sm_89,R,T,64,2,128,blocked|vendor
trsm,cfloat,sm_89,R,T,64,2,512,blocked|vendor
trsm,cfloat,sm_89,R,T,64,2,2048,blocked|vendor
trsm,cfloat,sm_89,R,T,64,2,8192,blocked|vendor
trsm,cfloat,sm_89,R,T,64,2,32768,blocked|vendor
trsm,cfloat,sm_89,R,T,64,4,128,blocked|vendor
trsm,cfloat,sm_89,R,T,64,4,512,blocked|vendor
trsm,cfloat,sm_89,R,T,64,4,2048,blocked|vendor
trsm,cfloat,sm_89,R,T,64,4,8192,blocked|vendor
trsm,cfloat,sm_89,R,T,64,4,32768,blocked|vendor
trsm,cfloat,sm_89,R,T,64,8,128,blocked|vendor
trsm,cfloat,sm_89,R,T,64,8,512,blocked|vendor
trsm,cfloat,sm_89,R,T,64,8,2048,blocked|vendor
trsm,cfloat,sm_89,R,T,64,8,8192,blocked|vendor
trsm,cfloat,sm_89,R,T,64,8,32768,blocked|vendor
trsm,cfloat,sm_89,R,T,64,16,128,blocked|vendor
trsm,cfloat,sm_89,R,T,64,16,512,blocked|vendor
trsm,cfloat,sm_89,R,T,64,16,2048,blocked|vendor
trsm,cfloat,sm_89,R,T,64,16,8192,blocked|vendor
trsm,cfloat,sm_89,R,T,64,16,32768,blocked|vendor
trsm,cfloat,sm_89,R,T,64,32,128,blocked|vendor
trsm,cfloat,sm_89,R,T,64,32,512,blocked|vendor
trsm,cfloat,sm_89,R,T,64,32,2048,blocked|vendor
trsm,cfloat,sm_89,R,T,64,32,8192,blocked|vendor
trsm,cfloat,sm_89,R,T,64,32,32768,blocked|vendor
trsm,cfloat,sm_89,R,T,64,64,128,blocked|vendor
trsm,cfloat,sm_89,R,T,64,64,512,blocked|vendor
trsm,cfloat,sm_89,R,T,64,64,2048,blocked|vendor
trsm,cfloat,sm_89,R,T,64,64,8192,blocked|vendor
trsm,cfloat,sm_89,R,T,64,64,32768,blocked|vendor
trsm,cfloat,sm_89,R,T,64,128,128,blocked|vendor
trsm,cfloat,sm_89,R,T,64,128,512,blocked|vendor
trsm,cfloat,sm_89,R,T,64,128,2048,blocked|vendor
trsm,cfloat,sm_89,R,T,64,128,8192,blocked|vendor
trsm,cfloat,sm_89,R,T,64,128,32768,blocked|vendor
trsm,cfloat,sm_89,R,T,64,256,128,blocked|vendor
trsm,cfloat,sm_89,R,T,64,256,512,blocked|vendor
trsm,cfloat,sm_89,R,T,64,256,2048,blocked|vendor
trsm,cfloat,sm_89,R,T,64,256,8192,blocked|vendor
trsm,cfloat,sm_89,R,T,64,256,32768,blocked|vendor
trsm,cfloat,sm_89,R,T,64,512,128,blocked|vendor
trsm,cfloat,sm_89,R,T,64,512,512,blocked|vendor
trsm,cfloat,sm_89,R,T,64,512,2048,blocked|vendor
trsm,cfloat,sm_89,R,T,64,512,8192,blocked|vendor
trsm,cfloat,sm_89,R,T,64,512,32768,blocked|vendor
trsm,cfloat,sm_89,R,T,64,1024,128,blocked|vendor
trsm,cfloat,sm_89,R,T,64,1024,512,blocked|vendor
trsm,cfloat,sm_89,R,T,64,1024,2048,blocked|vendor
trsm,cfloat,sm_89,R,T,64,1024,8192,blocked|vendor
trsm,cfloat,sm_89,R,T,64,1024,32768,blocked|vendor
trsm,cfloat,sm_89,R,T,64,4096,128,blocked|vendor
trsm,cfloat,sm_89,R,T,64,4096,512,blocked|vendor
trsm,cfloat,sm_89,R,T,64,4096,2048,blocked|vendor
trsm,cfloat,sm_89,R,T,64,4096,8192,blocked|vendor
trsm,cfloat,sm_89,R,T,64,4096,32768,blocked|vendor
trsm,cfloat,sm_89,R,T,96,1,128,blocked|vendor
trsm,cfloat,sm_89,R,T,96,1,512,blocked|vendor
trsm,cfloat,sm_89,R,T,96,1,2048,blocked|vendor
trsm,cfloat,sm_89,R,T,96,1,8192,blocked|vendor
trsm,cfloat,sm_89,R,T,96,1,32768,blocked|vendor
trsm,cfloat,sm_89,R,T,96,2,128,blocked|vendor
trsm,cfloat,sm_89,R,T,96,2,512,blocked|vendor
trsm,cfloat,sm_89,R,T,96,2,2048,blocked|vendor
trsm,cfloat,sm_89,R,T,96,2,8192,blocked|vendor
trsm,cfloat,sm_89,R,T,96,2,32768,blocked|vendor
trsm,cfloat,sm_89,R,T,96,4,128,blocked|vendor
trsm,cfloat,sm_89,R,T,96,4,512,blocked|vendor
trsm,cfloat,sm_89,R,T,96,4,2048,blocked|vendor
trsm,cfloat,sm_89,R,T,96,4,8192,blocked|vendor
trsm,cfloat,sm_89,R,T,96,4,32768,blocked|vendor
trsm,cfloat,sm_89,R,T,96,8,128,blocked|vendor
trsm,cfloat,sm_89,R,T,96,8,512,blocked|vendor
trsm,cfloat,sm_89,R,T,96,8,2048,blocked|vendor
trsm,cfloat,sm_89,R,T,96,8,8192,blocked|vendor
trsm,cfloat,sm_89,R,T,96,8,32768,blocked|vendor
trsm,cfloat,sm_89,R,T,96,16,128,blocked|vendor
trsm,cfloat,sm_89,R,T,96,16,512,blocked|vendor
trsm,cfloat,sm_89,R,T,96,16,2048,blocked|vendor
trsm,cfloat,sm_89,R,T,96,16,8192,blocked|vendor
trsm,cfloat,sm_89,R,T,96,16,32768,blocked|vendor
trsm,cfloat,sm_89,R,T,96,32,128,blocked|vendor
trsm,cfloat,sm_89,R,T,96,32,512,blocked|vendor
trsm,cfloat,sm_89,R,T,96,32,2048,blocked|vendor
trsm,cfloat,sm_89,R,T,96,32,8192,blocked|vendor
trsm,cfloat,sm_89,R,T,96,32,32768,blocked|vendor
trsm,cfloat,sm_89,R,T,96,64,128,blocked|vendor
trsm,cfloat,sm_89,R,T,96,64,512,blocked|vendor
trsm,cfloat,sm_89,R,T,96,64,2048,blocked|vendor
trsm,cfloat,sm_89,R,T,96,64,8192,blocked|vendor
trsm,cfloat,sm_89,R,T,96,64,32768,blocked|vendor
trsm,cfloat,sm_89,R,T,96,128,128,blocked|vendor
trsm,cfloat,sm_89,R,T,96,128,512,blocked|vendor
trsm,cfloat,sm_89,R,T,96,128,2048,blocked|vendor
trsm,cfloat,sm_89,R,T,96,128,8192,blocked|vendor
trsm,cfloat,sm_89,R,T,96,128,32768,blocked|vendor
trsm,cfloat,sm_89,R,T,96,256,128,blocked|vendor
trsm,cfloat,sm_89,R,T,96,256,512,blocked|vendor
trsm,cfloat,sm_89,R,T,96,256,2048,blocked|vendor
trsm,cfloat,sm_89,R,T,96,256,8192,blocked|vendor
trsm,cfloat,sm_89,R,T,96,256,32768,blocked|vendor
trsm,cfloat,sm_89,R,T,96,512,128,blocked|vendor
trsm,cfloat,sm_89,R,T,96,512,512,blocked|vendor
trsm,cfloat,sm_89,R,T,96,512,2048,blocked|vendor
trsm,cfloat,sm_89,R,T,96,512,8192,blocked|vendor
trsm,cfloat,sm_89,R,T,96,512,32768,blocked|vendor
trsm,cfloat,sm_89,R,T,96,1024,128,blocked|vendor
trsm,cfloat,sm_89,R,T,96,1024,512,blocked|vendor
trsm,cfloat,sm_89,R,T,96,1024,2048,blocked|vendor
trsm,cfloat,sm_89,R,T,96,1024,8192,blocked|vendor
trsm,cfloat,sm_89,R,T,96,1024,32768,blocked|vendor
trsm,cfloat,sm_89,R,T,96,4096,128,blocked|vendor
trsm,cfloat,sm_89,R,T,96,4096,512,blocked|vendor
trsm,cfloat,sm_89,R,T,96,4096,2048,blocked|vendor
trsm,cfloat,sm_89,R,T,96,4096,8192,blocked|vendor
trsm,cfloat,sm_89,R,T,96,4096,32768,blocked|vendor
trsm,cfloat,sm_89,R,T,128,1,128,blocked|vendor
trsm,cfloat,sm_89,R,T,128,1,512,blocked|vendor
trsm,cfloat,sm_89,R,T,128,1,2048,blocked|vendor
trsm,cfloat,sm_89,R,T,128,1,8192,blocked|vendor
trsm,cfloat,sm_89,R,T,128,1,32768,blocked|vendor
trsm,cfloat,sm_89,R,T,128,2,128,blocked|vendor
trsm,cfloat,sm_89,R,T,128,2,512,blocked|vendor
trsm,cfloat,sm_89,R,T,128,2,2048,blocked|vendor
trsm,cfloat,sm_89,R,T,128,2,8192,blocked|vendor
trsm,cfloat,sm_89,R,T,128,2,32768,blocked|vendor
trsm,cfloat,sm_89,R,T,128,4,128,blocked|vendor
trsm,cfloat,sm_89,R,T,128,4,512,blocked|vendor
trsm,cfloat,sm_89,R,T,128,4,2048,blocked|vendor
trsm,cfloat,sm_89,R,T,128,4,8192,blocked|vendor
trsm,cfloat,sm_89,R,T,128,4,32768,blocked|vendor
trsm,cfloat,sm_89,R,T,128,8,128,blocked|vendor
trsm,cfloat,sm_89,R,T,128,8,512,blocked|vendor
trsm,cfloat,sm_89,R,T,128,8,2048,blocked|vendor
trsm,cfloat,sm_89,R,T,128,8,8192,blocked|vendor
trsm,cfloat,sm_89,R,T,128,8,32768,blocked|vendor
trsm,cfloat,sm_89,R,T,128,16,128,blocked|vendor
trsm,cfloat,sm_89,R,T,128,16,512,blocked|vendor
trsm,cfloat,sm_89,R,T,128,16,2048,blocked|vendor
trsm,cfloat,sm_89,R,T,128,16,8192,blocked|vendor
trsm,cfloat,sm_89,R,T,128,16,32768,blocked|vendor
trsm,cfloat,sm_89,R,T,128,32,128,blocked|vendor
trsm,cfloat,sm_89,R,T,128,32,512,blocked|vendor
trsm,cfloat,sm_89,R,T,128,32,2048,blocked|vendor
trsm,cfloat,sm_89,R,T,128,32,8192,blocked|vendor
trsm,cfloat,sm_89,R,T,128,32,32768,blocked|vendor
trsm,cfloat,sm_89,R,T,128,64,128,blocked|vendor
trsm,cfloat,sm_89,R,T,128,64,512,blocked|vendor
trsm,cfloat,sm_89,R,T,128,64,2048,blocked|vendor
trsm,cfloat,sm_89,R,T,128,64,8192,blocked|vendor
trsm,cfloat,sm_89,R,T,128,64,32768,blocked|vendor
trsm,cfloat,sm_89,R,T,128,128,128,blocked|vendor
trsm,cfloat,sm_89,R,T,128,128,512,blocked|vendor
trsm,cfloat,sm_89,R,T,128,128,2048,blocked|vendor
trsm,cfloat,sm_89,R,T,128,128,8192,blocked|vendor
trsm,cfloat,sm_89,R,T,128,128,32768,blocked|vendor
trsm,cfloat,sm_89,R,T,128,256,128,blocked|vendor
trsm,cfloat,sm_89,R,T,128,256,512,blocked|vendor
trsm,cfloat,sm_89,R,T,128,256,2048,blocked|vendor
trsm,cfloat,sm_89,R,T,128,256,8192,blocked|vendor
trsm,cfloat,sm_89,R,T,128,256,32768,blocked|vendor
trsm,cfloat,sm_89,R,T,128,512,128,blocked|vendor
trsm,cfloat,sm_89,R,T,128,512,512,blocked|vendor
trsm,cfloat,sm_89,R,T,128,512,2048,blocked|vendor
trsm,cfloat,sm_89,R,T,128,512,8192,blocked|vendor
trsm,cfloat,sm_89,R,T,128,512,32768,blocked|vendor
trsm,cfloat,sm_89,R,T,128,1024,128,blocked|vendor
trsm,cfloat,sm_89,R,T,128,1024,512,blocked|vendor
trsm,cfloat,sm_89,R,T,128,1024,2048,blocked|vendor
trsm,cfloat,sm_89,R,T,128,1024,8192,blocked|vendor
trsm,cfloat,sm_89,R,T,128,1024,32768,blocked|vendor
trsm,cfloat,sm_89,R,T,128,4096,128,blocked|vendor
trsm,cfloat,sm_89,R,T,128,4096,512,blocked|vendor
trsm,cfloat,sm_89,R,T,128,4096,2048,blocked|vendor
trsm,cfloat,sm_89,R,T,128,4096,8192,blocked|vendor
trsm,cfloat,sm_89,R,T,128,4096,32768,blocked|vendor
trsm,cfloat,sm_89,R,T,192,1,128,blocked|vendor
trsm,cfloat,sm_89,R,T,192,1,512,blocked|vendor
trsm,cfloat,sm_89,R,T,192,1,2048,blocked|vendor
trsm,cfloat,sm_89,R,T,192,1,8192,blocked|vendor
trsm,cfloat,sm_89,R,T,192,1,32768,blocked|vendor
trsm,cfloat,sm_89,R,T,192,2,128,blocked|vendor
trsm,cfloat,sm_89,R,T,192,2,512,blocked|vendor
trsm,cfloat,sm_89,R,T,192,2,2048,blocked|vendor
trsm,cfloat,sm_89,R,T,192,2,8192,blocked|vendor
trsm,cfloat,sm_89,R,T,192,2,32768,blocked|vendor
trsm,cfloat,sm_89,R,T,192,4,128,blocked|vendor
trsm,cfloat,sm_89,R,T,192,4,512,blocked|vendor
trsm,cfloat,sm_89,R,T,192,4,2048,blocked|vendor
trsm,cfloat,sm_89,R,T,192,4,8192,blocked|vendor
trsm,cfloat,sm_89,R,T,192,4,32768,blocked|vendor
trsm,cfloat,sm_89,R,T,192,8,128,blocked|vendor
trsm,cfloat,sm_89,R,T,192,8,512,blocked|vendor
trsm,cfloat,sm_89,R,T,192,8,2048,blocked|vendor
trsm,cfloat,sm_89,R,T,192,8,8192,blocked|vendor
trsm,cfloat,sm_89,R,T,192,8,32768,blocked|vendor
trsm,cfloat,sm_89,R,T,192,16,128,blocked|vendor
trsm,cfloat,sm_89,R,T,192,16,512,blocked|vendor
trsm,cfloat,sm_89,R,T,192,16,2048,blocked|vendor
trsm,cfloat,sm_89,R,T,192,16,8192,blocked|vendor
trsm,cfloat,sm_89,R,T,192,16,32768,blocked|vendor
trsm,cfloat,sm_89,R,T,192,32,128,blocked|vendor
trsm,cfloat,sm_89,R,T,192,32,512,blocked|vendor
trsm,cfloat,sm_89,R,T,192,32,2048,blocked|vendor
trsm,cfloat,sm_89,R,T,192,32,8192,blocked|vendor
trsm,cfloat,sm_89,R,T,192,32,32768,blocked|vendor
trsm,cfloat,sm_89,R,T,192,64,128,blocked|vendor
trsm,cfloat,sm_89,R,T,192,64,512,blocked|vendor
trsm,cfloat,sm_89,R,T,192,64,2048,blocked|vendor
trsm,cfloat,sm_89,R,T,192,64,8192,blocked|vendor
trsm,cfloat,sm_89,R,T,192,64,32768,blocked|vendor
trsm,cfloat,sm_89,R,T,192,128,128,blocked|vendor
trsm,cfloat,sm_89,R,T,192,128,512,blocked|vendor
trsm,cfloat,sm_89,R,T,192,128,2048,blocked|vendor
trsm,cfloat,sm_89,R,T,192,128,8192,blocked|vendor
trsm,cfloat,sm_89,R,T,192,128,32768,blocked|vendor
trsm,cfloat,sm_89,R,T,192,256,128,blocked|vendor
trsm,cfloat,sm_89,R,T,192,256,512,blocked|vendor
trsm,cfloat,sm_89,R,T,192,256,2048,blocked|vendor
trsm,cfloat,sm_89,R,T,192,256,8192,blocked|vendor
trsm,cfloat,sm_89,R,T,192,256,32768,blocked|vendor
trsm,cfloat,sm_89,R,T,192,512,128,blocked|vendor
trsm,cfloat,sm_89,R,T,192,512,512,blocked|vendor
trsm,cfloat,sm_89,R,T,192,512,2048,blocked|vendor
trsm,cfloat,sm_89,R,T,192,512,8192,blocked|vendor
trsm,cfloat,sm_89,R,T,192,512,32768,blocked|vendor
trsm,cfloat,sm_89,R,T,192,1024,128,blocked|vendor
trsm,cfloat,sm_89,R,T,192,1024,512,blocked|vendor
trsm,cfloat,sm_89,R,T,192,1024,2048,blocked|vendor
trsm,cfloat,sm_89,R,T,192,1024,8192,blocked|vendor
trsm,cfloat,sm_89,R,T,192,1024,32768,blocked|vendor
trsm,cfloat,sm_89,R,T,192,4096,128,blocked|vendor
trsm,cfloat,sm_89,R,T,192,4096,512,blocked|vendor
trsm,cfloat,sm_89,R,T,192,4096,2048,blocked|vendor
trsm,cfloat,sm_89,R,T,192,4096,8192,blocked|vendor
trsm,cfloat,sm_89,R,T,192,4096,32768,blocked|vendor
trsm,cfloat,sm_89,R,T,256,1,128,blocked|vendor
trsm,cfloat,sm_89,R,T,256,1,512,blocked|vendor
trsm,cfloat,sm_89,R,T,256,1,2048,blocked|vendor
trsm,cfloat,sm_89,R,T,256,1,8192,blocked|vendor
trsm,cfloat,sm_89,R,T,256,1,32768,blocked|vendor
trsm,cfloat,sm_89,R,T,256,2,128,blocked|vendor
trsm,cfloat,sm_89,R,T,256,2,512,blocked|vendor
trsm,cfloat,sm_89,R,T,256,2,2048,blocked|vendor
trsm,cfloat,sm_89,R,T,256,2,8192,blocked|vendor
trsm,cfloat,sm_89,R,T,256,2,32768,blocked|vendor
trsm,cfloat,sm_89,R,T,256,4,128,blocked|vendor
trsm,cfloat,sm_89,R,T,256,4,512,blocked|vendor
trsm,cfloat,sm_89,R,T,256,4,2048,blocked|vendor
trsm,cfloat,sm_89,R,T,256,4,8192,blocked|vendor
trsm,cfloat,sm_89,R,T,256,4,32768,blocked|vendor
trsm,cfloat,sm_89,R,T,256,8,128,blocked|vendor
trsm,cfloat,sm_89,R,T,256,8,512,blocked|vendor
trsm,cfloat,sm_89,R,T,256,8,2048,blocked|vendor
trsm,cfloat,sm_89,R,T,256,8,8192,blocked|vendor
trsm,cfloat,sm_89,R,T,256,8,32768,blocked|vendor
trsm,cfloat,sm_89,R,T,256,16,128,blocked|vendor
trsm,cfloat,sm_89,R,T,256,16,512,blocked|vendor
trsm,cfloat,sm_89,R,T,256,16,2048,blocked|vendor
trsm,cfloat,sm_89,R,T,256,16,8192,blocked|vendor
trsm,cfloat,sm_89,R,T,256,16,32768,blocked|vendor
trsm,cfloat,sm_89,R,T,256,32,128,blocked|vendor
trsm,cfloat,sm_89,R,T,256,32,512,blocked|vendor
trsm,cfloat,sm_89,R,T,256,32,2048,blocked|vendor
trsm,cfloat,sm_89,R,T,256,32,8192,blocked|vendor
trsm,cfloat,sm_89,R,T,256,32,32768,blocked|vendor
trsm,cfloat,sm_89,R,T,256,64,128,blocked|vendor
trsm,cfloat,sm_89,R,T,256,64,512,blocked|vendor
trsm,cfloat,sm_89,R,T,256,64,2048,blocked|vendor
trsm,cfloat,sm_89,R,T,256,64,8192,blocked|vendor
trsm,cfloat,sm_89,R,T,256,64,32768,blocked|vendor
trsm,cfloat,sm_89,R,T,256,128,128,blocked|vendor
trsm,cfloat,sm_89,R,T,256,128,512,blocked|vendor
trsm,cfloat,sm_89,R,T,256,128,2048,blocked|vendor
trsm,cfloat,sm_89,R,T,256,128,8192,blocked|vendor
trsm,cfloat,sm_89,R,T,256,128,32768,blocked|vendor
trsm,cfloat,sm_89,R,T,256,256,128,blocked|vendor
trsm,cfloat,sm_89,R,T,256,256,512,blocked|vendor
trsm,cfloat,sm_89,R,T,256,256,2048,blocked|vendor
trsm,cfloat,sm_89,R,T,256,256,8192,blocked|vendor
trsm,cfloat,sm_89,R,T,256,256,32768,blocked|vendor
trsm,cfloat,sm_89,R,T,256,512,128,blocked|vendor
trsm,cfloat,sm_89,R,T,256,512,512,blocked|vendor
trsm,cfloat,sm_89,R,T,256,512,2048,blocked|vendor
trsm,cfloat,sm_89,R,T,256,512,8192,blocked|vendor
trsm,cfloat,sm_89,R,T,256,512,32768,blocked|vendor
trsm,cfloat,sm_89,R,T,256,1024,128,blocked|vendor
trsm,cfloat,sm_89,R,T,256,1024,512,blocked|vendor
trsm,cfloat,sm_89,R,T,256,1024,2048,blocked|vendor
trsm,cfloat,sm_89,R,T,256,1024,8192,blocked|vendor
trsm,cfloat,sm_89,R,T,256,1024,32768,blocked|vendor
trsm,cfloat,sm_89,R,T,256,4096,128,blocked|vendor
trsm,cfloat,sm_89,R,T,256,4096,512,blocked|vendor
trsm,cfloat,sm_89,R,T,256,4096,2048,blocked|vendor
trsm,cfloat,sm_89,R,T,256,4096,8192,blocked|vendor
trsm,cfloat,sm_89,R,T,256,4096,32768,blocked|vendor
trsm,cfloat,sm_89,R,T,384,1,128,blocked|vendor
trsm,cfloat,sm_89,R,T,384,1,512,blocked|vendor
trsm,cfloat,sm_89,R,T,384,1,2048,blocked|vendor
trsm,cfloat,sm_89,R,T,384,1,8192,blocked|vendor
trsm,cfloat,sm_89,R,T,384,1,32768,blocked|vendor
trsm,cfloat,sm_89,R,T,384,2,128,blocked|vendor
trsm,cfloat,sm_89,R,T,384,2,512,blocked|vendor
trsm,cfloat,sm_89,R,T,384,2,2048,blocked|vendor
trsm,cfloat,sm_89,R,T,384,2,8192,blocked|vendor
trsm,cfloat,sm_89,R,T,384,2,32768,blocked|vendor
trsm,cfloat,sm_89,R,T,384,4,128,blocked|vendor
trsm,cfloat,sm_89,R,T,384,4,512,blocked|vendor
trsm,cfloat,sm_89,R,T,384,4,2048,blocked|vendor
trsm,cfloat,sm_89,R,T,384,4,8192,blocked|vendor
trsm,cfloat,sm_89,R,T,384,4,32768,blocked|vendor
trsm,cfloat,sm_89,R,T,384,8,128,blocked|vendor
trsm,cfloat,sm_89,R,T,384,8,512,blocked|vendor
trsm,cfloat,sm_89,R,T,384,8,2048,blocked|vendor
trsm,cfloat,sm_89,R,T,384,8,8192,blocked|vendor
trsm,cfloat,sm_89,R,T,384,8,32768,blocked|vendor
trsm,cfloat,sm_89,R,T,384,16,128,blocked|vendor
trsm,cfloat,sm_89,R,T,384,16,512,blocked|vendor
trsm,cfloat,sm_89,R,T,384,16,2048,blocked|vendor
trsm,cfloat,sm_89,R,T,384,16,8192,blocked|vendor
trsm,cfloat,sm_89,R,T,384,16,32768,blocked|vendor
trsm,cfloat,sm_89,R,T,384,32,128,blocked|vendor
trsm,cfloat,sm_89,R,T,384,32,512,blocked|vendor
trsm,cfloat,sm_89,R,T,384,32,2048,blocked|vendor
trsm,cfloat,sm_89,R,T,384,32,8192,blocked|vendor
trsm,cfloat,sm_89,R,T,384,32,32768,blocked|vendor
trsm,cfloat,sm_89,R,T,384,64,128,blocked|vendor
trsm,cfloat,sm_89,R,T,384,64,512,blocked|vendor
trsm,cfloat,sm_89,R,T,384,64,2048,blocked|vendor
trsm,cfloat,sm_89,R,T,384,64,8192,blocked|vendor
trsm,cfloat,sm_89,R,T,384,64,32768,blocked|vendor
trsm,cfloat,sm_89,R,T,384,128,128,blocked|vendor
trsm,cfloat,sm_89,R,T,384,128,512,blocked|vendor
trsm,cfloat,sm_89,R,T,384,128,2048,blocked|vendor
trsm,cfloat,sm_89,R,T,384,128,8192,blocked|vendor
trsm,cfloat,sm_89,R,T,384,128,32768,blocked|vendor
trsm,cfloat,sm_89,R,T,384,256,128,blocked|vendor
trsm,cfloat,sm_89,R,T,384,256,512,blocked|vendor
trsm,cfloat,sm_89,R,T,384,256,2048,blocked|vendor
trsm,cfloat,sm_89,R,T,384,256,8192,blocked|vendor
trsm,cfloat,sm_89,R,T,384,256,32768,blocked|vendor
trsm,cfloat,sm_89,R,T,384,512,128,blocked|vendor
trsm,cfloat,sm_89,R,T,384,512,512,blocked|vendor
trsm,cfloat,sm_89,R,T,384,512,2048,blocked|vendor
trsm,cfloat,sm_89,R,T,384,512,8192,blocked|vendor
trsm,cfloat,sm_89,R,T,384,512,32768,blocked|vendor
trsm,cfloat,sm_89,R,T,384,1024,128,blocked|vendor
trsm,cfloat,sm_89,R,T,384,1024,512,blocked|vendor
trsm,cfloat,sm_89,R,T,384,1024,2048,blocked|vendor
trsm,cfloat,sm_89,R,T,384,1024,8192,blocked|vendor
trsm,cfloat,sm_89,R,T,384,1024,32768,blocked|vendor
trsm,cfloat,sm_89,R,T,384,4096,128,blocked|vendor
trsm,cfloat,sm_89,R,T,384,4096,512,blocked|vendor
trsm,cfloat,sm_89,R,T,384,4096,2048,blocked|vendor
trsm,cfloat,sm_89,R,T,384,4096,8192,blocked|vendor
trsm,cfloat,sm_89,R,T,384,4096,32768,blocked|vendor
trsm,cfloat,sm_89,R,T,512,1,128,blocked|vendor
trsm,cfloat,sm_89,R,T,512,1,512,blocked|vendor
trsm,cfloat,sm_89,R,T,512,1,2048,blocked|vendor
trsm,cfloat,sm_89,R,T,512,1,8192,blocked|vendor
trsm,cfloat,sm_89,R,T,512,1,32768,blocked|vendor
trsm,cfloat,sm_89,R,T,512,2,128,blocked|vendor
trsm,cfloat,sm_89,R,T,512,2,512,blocked|vendor
trsm,cfloat,sm_89,R,T,512,2,2048,blocked|vendor
trsm,cfloat,sm_89,R,T,512,2,8192,blocked|vendor
trsm,cfloat,sm_89,R,T,512,2,32768,blocked|vendor
trsm,cfloat,sm_89,R,T,512,4,128,blocked|vendor
trsm,cfloat,sm_89,R,T,512,4,512,blocked|vendor
trsm,cfloat,sm_89,R,T,512,4,2048,blocked|vendor
trsm,cfloat,sm_89,R,T,512,4,8192,blocked|vendor
trsm,cfloat,sm_89,R,T,512,4,32768,blocked|vendor
trsm,cfloat,sm_89,R,T,512,8,128,blocked|vendor
trsm,cfloat,sm_89,R,T,512,8,512,blocked|vendor
trsm,cfloat,sm_89,R,T,512,8,2048,blocked|vendor
trsm,cfloat,sm_89,R,T,512,8,8192,blocked|vendor
trsm,cfloat,sm_89,R,T,512,8,32768,blocked|vendor
trsm,cfloat,sm_89,R,T,512,16,128,blocked|vendor
trsm,cfloat,sm_89,R,T,512,16,512,blocked|vendor
trsm,cfloat,sm_89,R,T,512,16,2048,blocked|vendor
trsm,cfloat,sm_89,R,T,512,16,8192,blocked|vendor
trsm,cfloat,sm_89,R,T,512,16,32768,blocked|vendor
trsm,cfloat,sm_89,R,T,512,32,128,blocked|vendor
trsm,cfloat,sm_89,R,T,512,32,512,blocked|vendor
trsm,cfloat,sm_89,R,T,512,32,2048,blocked|vendor
trsm,cfloat,sm_89,R,T,512,32,8192,blocked|vendor
trsm,cfloat,sm_89,R,T,512,32,32768,blocked|vendor
trsm,cfloat,sm_89,R,T,512,64,128,blocked|vendor
trsm,cfloat,sm_89,R,T,512,64,512,blocked|vendor
trsm,cfloat,sm_89,R,T,512,64,2048,blocked|vendor
trsm,cfloat,sm_89,R,T,512,64,8192,blocked|vendor
trsm,cfloat,sm_89,R,T,512,64,32768,blocked|vendor
trsm,cfloat,sm_89,R,T,512,128,128,blocked|vendor
trsm,cfloat,sm_89,R,T,512,128,512,blocked|vendor
trsm,cfloat,sm_89,R,T,512,128,2048,blocked|vendor
trsm,cfloat,sm_89,R,T,512,128,8192,blocked|vendor
trsm,cfloat,sm_89,R,T,512,128,32768,blocked|vendor
trsm,cfloat,sm_89,R,T,512,256,128,blocked|vendor
trsm,cfloat,sm_89,R,T,512,256,512,blocked|vendor
trsm,cfloat,sm_89,R,T,512,256,2048,blocked|vendor
trsm,cfloat,sm_89,R,T,512,256,8192,blocked|vendor
trsm,cfloat,sm_89,R,T,512,256,32768,blocked|vendor
trsm,cfloat,sm_89,R,T,512,512,128,blocked|vendor
trsm,cfloat,sm_89,R,T,512,512,512,blocked|vendor
trsm,cfloat,sm_89,R,T,512,512,2048,blocked|vendor
trsm,cfloat,sm_89,R,T,512,512,8192,blocked|vendor
trsm,cfloat,sm_89,R,T,512,512,32768,blocked|vendor
trsm,cfloat,sm_89,R,T,512,1024,128,blocked|vendor
trsm,cfloat,sm_89,R,T,512,1024,512,blocked|vendor
trsm,cfloat,sm_89,R,T,512,1024,2048,blocked|vendor
trsm,cfloat,sm_89,R,T,512,1024,8192,blocked|vendor
trsm,cfloat,sm_89,R,T,512,1024,32768,blocked|vendor
trsm,cfloat,sm_89,R,T,512,4096,128,blocked|vendor
trsm,cfloat,sm_89,R,T,512,4096,512,blocked|vendor
trsm,cfloat,sm_89,R,T,512,4096,2048,blocked|vendor
trsm,cfloat,sm_89,R,T,512,4096,8192,blocked|vendor
trsm,cfloat,sm_89,R,T,512,4096,32768,blocked|vendor
trsm,cfloat,sm_89,R,T,768,1,128,blocked|vendor
trsm,cfloat,sm_89,R,T,768,1,512,blocked|vendor
trsm,cfloat,sm_89,R,T,768,1,2048,blocked|vendor
trsm,cfloat,sm_89,R,T,768,1,8192,blocked|vendor
trsm,cfloat,sm_89,R,T,768,1,32768,blocked|vendor
trsm,cfloat,sm_89,R,T,768,2,128,blocked|vendor
trsm,cfloat,sm_89,R,T,768,2,512,blocked|vendor
trsm,cfloat,sm_89,R,T,768,2,2048,blocked|vendor
trsm,cfloat,sm_89,R,T,768,2,8192,blocked|vendor
trsm,cfloat,sm_89,R,T,768,2,32768,blocked|vendor
trsm,cfloat,sm_89,R,T,768,4,128,blocked|vendor
trsm,cfloat,sm_89,R,T,768,4,512,blocked|vendor
trsm,cfloat,sm_89,R,T,768,4,2048,blocked|vendor
trsm,cfloat,sm_89,R,T,768,4,8192,blocked|vendor
trsm,cfloat,sm_89,R,T,768,4,32768,blocked|vendor
trsm,cfloat,sm_89,R,T,768,8,128,blocked|vendor
trsm,cfloat,sm_89,R,T,768,8,512,blocked|vendor
trsm,cfloat,sm_89,R,T,768,8,2048,blocked|vendor
trsm,cfloat,sm_89,R,T,768,8,8192,blocked|vendor
trsm,cfloat,sm_89,R,T,768,8,32768,blocked|vendor
trsm,cfloat,sm_89,R,T,768,16,128,blocked|vendor
trsm,cfloat,sm_89,R,T,768,16,512,blocked|vendor
trsm,cfloat,sm_89,R,T,768,16,2048,blocked|vendor
trsm,cfloat,sm_89,R,T,768,16,8192,blocked|vendor
trsm,cfloat,sm_89,R,T,768,16,32768,blocked|vendor
trsm,cfloat,sm_89,R,T,768,32,128,blocked|vendor
trsm,cfloat,sm_89,R,T,768,32,512,blocked|vendor
trsm,cfloat,sm_89,R,T,768,32,2048,blocked|vendor
trsm,cfloat,sm_89,R,T,768,32,8192,blocked|vendor
trsm,cfloat,sm_89,R,T,768,32,32768,blocked|vendor
trsm,cfloat,sm_89,R,T,768,64,128,blocked|vendor
trsm,cfloat,sm_89,R,T,768,64,512,blocked|vendor
trsm,cfloat,sm_89,R,T,768,64,2048,blocked|vendor
trsm,cfloat,sm_89,R,T,768,64,8192,blocked|vendor
trsm,cfloat,sm_89,R,T,768,64,32768,blocked|vendor
trsm,cfloat,sm_89,R,T,768,128,128,blocked|vendor
trsm,cfloat,sm_89,R,T,768,128,512,blocked|vendor
trsm,cfloat,sm_89,R,T,768,128,2048,blocked|vendor
trsm,cfloat,sm_89,R,T,768,128,8192,blocked|vendor
trsm,cfloat,sm_89,R,T,768,128,32768,blocked|vendor
trsm,cfloat,sm_89,R,T,768,256,128,blocked|vendor
trsm,cfloat,sm_89,R,T,768,256,512,blocked|vendor
trsm,cfloat,sm_89,R,T,768,256,2048,blocked|vendor
trsm,cfloat,sm_89,R,T,768,256,8192,blocked|vendor
trsm,cfloat,sm_89,R,T,768,256,32768,blocked|vendor
trsm,cfloat,sm_89,R,T,768,512,128,blocked|vendor
trsm,cfloat,sm_89,R,T,768,512,512,blocked|vendor
trsm,cfloat,sm_89,R,T,768,512,2048,blocked|vendor
trsm,cfloat,sm_89,R,T,768,512,8192,blocked|vendor
trsm,cfloat,sm_89,R,T,768,512,32768,blocked|vendor
trsm,cfloat,sm_89,R,T,768,1024,128,blocked|vendor
trsm,cfloat,sm_89,R,T,768,1024,512,blocked|vendor
trsm,cfloat,sm_89,R,T,768,1024,2048,blocked|vendor
trsm,cfloat,sm_89,R,T,768,1024,8192,blocked|vendor
trsm,cfloat,sm_89,R,T,768,1024,32768,blocked|vendor
trsm,cfloat,sm_89,R,T,768,4096,128,blocked|vendor
trsm,cfloat,sm_89,R,T,768,4096,512,blocked|vendor
trsm,cfloat,sm_89,R,T,768,4096,2048,blocked|vendor
trsm,cfloat,sm_89,R,T,768,4096,8192,blocked|vendor
trsm,cfloat,sm_89,R,T,768,4096,32768,blocked|vendor
trsm,cfloat,sm_89,R,T,1024,1,128,blocked|vendor
trsm,cfloat,sm_89,R,T,1024,1,512,blocked|vendor
trsm,cfloat,sm_89,R,T,1024,1,2048,blocked|vendor
trsm,cfloat,sm_89,R,T,1024,1,8192,blocked|vendor
trsm,cfloat,sm_89,R,T,1024,1,32768,blocked|vendor
trsm,cfloat,sm_89,R,T,1024,2,128,blocked|vendor
trsm,cfloat,sm_89,R,T,1024,2,512,blocked|vendor
trsm,cfloat,sm_89,R,T,1024,2,2048,blocked|vendor
trsm,cfloat,sm_89,R,T,1024,2,8192,blocked|vendor
trsm,cfloat,sm_89,R,T,1024,2,32768,blocked|vendor
trsm,cfloat,sm_89,R,T,1024,4,128,blocked|vendor
trsm,cfloat,sm_89,R,T,1024,4,512,blocked|vendor
trsm,cfloat,sm_89,R,T,1024,4,2048,blocked|vendor
trsm,cfloat,sm_89,R,T,1024,4,8192,blocked|vendor
trsm,cfloat,sm_89,R,T,1024,4,32768,blocked|vendor
trsm,cfloat,sm_89,R,T,1024,8,128,blocked|vendor
trsm,cfloat,sm_89,R,T,1024,8,512,blocked|vendor
trsm,cfloat,sm_89,R,T,1024,8,2048,blocked|vendor
trsm,cfloat,sm_89,R,T,1024,8,8192,blocked|vendor
trsm,cfloat,sm_89,R,T,1024,8,32768,blocked|vendor
trsm,cfloat,sm_89,R,T,1024,16,128,blocked|vendor
trsm,cfloat,sm_89,R,T,1024,16,512,blocked|vendor
trsm,cfloat,sm_89,R,T,1024,16,2048,blocked|vendor
trsm,cfloat,sm_89,R,T,1024,16,8192,blocked|vendor
trsm,cfloat,sm_89,R,T,1024,16,32768,blocked|vendor
trsm,cfloat,sm_89,R,T,1024,32,128,blocked|vendor
trsm,cfloat,sm_89,R,T,1024,32,512,blocked|vendor
trsm,cfloat,sm_89,R,T,1024,32,2048,blocked|vendor
trsm,cfloat,sm_89,R,T,1024,32,8192,blocked|vendor
trsm,cfloat,sm_89,R,T,1024,32,32768,blocked|vendor
trsm,cfloat,sm_89,R,T,1024,64,128,blocked|vendor
trsm,cfloat,sm_89,R,T,1024,64,512,blocked|vendor
trsm,cfloat,sm_89,R,T,1024,64,2048,blocked|vendor
trsm,cfloat,sm_89,R,T,1024,64,8192,blocked|vendor
trsm,cfloat,sm_89,R,T,1024,64,32768,blocked|vendor
trsm,cfloat,sm_89,R,T,1024,128,128,blocked|vendor
trsm,cfloat,sm_89,R,T,1024,128,512,blocked|vendor
trsm,cfloat,sm_89,R,T,1024,128,2048,blocked|vendor
trsm,cfloat,sm_89,R,T,1024,128,8192,blocked|vendor
trsm,cfloat,sm_89,R,T,1024,128,32768,blocked|vendor
trsm,cfloat,sm_89,R,T,1024,256,128,blocked|vendor
trsm,cfloat,sm_89,R,T,1024,256,512,blocked|vendor
trsm,cfloat,sm_89,R,T,1024,256,2048,blocked|vendor
trsm,cfloat,sm_89,R,T,1024,256,8192,blocked|vendor
trsm,cfloat,sm_89,R,T,1024,256,32768,blocked|vendor
trsm,cfloat,sm_89,R,T,1024,512,128,blocked|vendor
trsm,cfloat,sm_89,R,T,1024,512,512,blocked|vendor
trsm,cfloat,sm_89,R,T,1024,512,2048,blocked|vendor
trsm,cfloat,sm_89,R,T,1024,512,8192,blocked|vendor
trsm,cfloat,sm_89,R,T,1024,512,32768,blocked|vendor
trsm,cfloat,sm_89,R,T,1024,1024,128,blocked|vendor
trsm,cfloat,sm_89,R,T,1024,1024,512,blocked|vendor
trsm,cfloat,sm_89,R,T,1024,1024,2048,blocked|vendor
trsm,cfloat,sm_89,R,T,1024,1024,8192,blocked|vendor
trsm,cfloat,sm_89,R,T,1024,1024,32768,blocked|vendor
trsm,cfloat,sm_89,R,T,1024,4096,128,blocked|vendor
trsm,cfloat,sm_89,R,T,1024,4096,512,blocked|vendor
trsm,cfloat,sm_89,R,T,1024,4096,2048,blocked|vendor
trsm,cfloat,sm_89,R,T,1024,4096,8192,blocked|vendor
trsm,cfloat,sm_89,R,T,1024,4096,32768,blocked|vendor
trsm,cdouble,sm_89,L,N,1,1,128,cta|blocked|vendor
trsm,cdouble,sm_89,L,N,1,1,512,cta|blocked|vendor
trsm,cdouble,sm_89,L,N,1,1,2048,cta|blocked|vendor
trsm,cdouble,sm_89,L,N,1,1,8192,cta|blocked|vendor
trsm,cdouble,sm_89,L,N,1,1,32768,cta|blocked|vendor
trsm,cdouble,sm_89,L,N,1,2,128,cta|blocked|vendor
trsm,cdouble,sm_89,L,N,1,2,512,cta|blocked|vendor
trsm,cdouble,sm_89,L,N,1,2,2048,cta|blocked|vendor
trsm,cdouble,sm_89,L,N,1,2,8192,cta|blocked|vendor
trsm,cdouble,sm_89,L,N,1,2,32768,cta|blocked|vendor
trsm,cdouble,sm_89,L,N,1,4,128,cta|blocked|vendor
trsm,cdouble,sm_89,L,N,1,4,512,cta|blocked|vendor
trsm,cdouble,sm_89,L,N,1,4,2048,cta|blocked|vendor
trsm,cdouble,sm_89,L,N,1,4,8192,cta|blocked|vendor
trsm,cdouble,sm_89,L,N,1,4,32768,cta|blocked|vendor
trsm,cdouble,sm_89,L,N,1,8,128,cta|blocked|vendor
trsm,cdouble,sm_89,L,N,1,8,512,cta|blocked|vendor
trsm,cdouble,sm_89,L,N,1,8,2048,cta|blocked|vendor
trsm,cdouble,sm_89,L,N,1,8,8192,cta|blocked|vendor
trsm,cdouble,sm_89,L,N,1,8,32768,cta|blocked|vendor
trsm,cdouble,sm_89,L,N,1,16,128,cta|blocked|vendor
trsm,cdouble,sm_89,L,N,1,16,512,cta|blocked|vendor
trsm,cdouble,sm_89,L,N,1,16,2048,cta|blocked|vendor
trsm,cdouble,sm_89,L,N,1,16,8192,cta|blocked|vendor
trsm,cdouble,sm_89,L,N,1,16,32768,cta|blocked|vendor
trsm,cdouble,sm_89,L,N,1,32,128,cta|blocked|vendor
trsm,cdouble,sm_89,L,N,1,32,512,cta|blocked|vendor
trsm,cdouble,sm_89,L,N,1,32,2048,cta|blocked|vendor
trsm,cdouble,sm_89,L,N,1,32,8192,cta|blocked|vendor
trsm,cdouble,sm_89,L,N,1,32,32768,cta|blocked|vendor
trsm,cdouble,sm_89,L,N,1,64,128,cta|blocked|vendor
trsm,cdouble,sm_89,L,N,1,64,512,cta|blocked|vendor
trsm,cdouble,sm_89,L,N,1,64,2048,cta|blocked|vendor
trsm,cdouble,sm_89,L,N,1,64,8192,cta|blocked|vendor
trsm,cdouble,sm_89,L,N,1,64,32768,cta|blocked|vendor
trsm,cdouble,sm_89,L,N,1,128,128,cta|blocked|vendor
trsm,cdouble,sm_89,L,N,1,128,512,cta|blocked|vendor
trsm,cdouble,sm_89,L,N,1,128,2048,cta|blocked|vendor
trsm,cdouble,sm_89,L,N,1,128,8192,cta|blocked|vendor
trsm,cdouble,sm_89,L,N,1,128,32768,cta|blocked|vendor
trsm,cdouble,sm_89,L,N,1,256,128,cta|blocked|vendor
trsm,cdouble,sm_89,L,N,1,256,512,cta|blocked|vendor
trsm,cdouble,sm_89,L,N,1,256,2048,cta|blocked|vendor
trsm,cdouble,sm_89,L,N,1,256,8192,cta|blocked|vendor
trsm,cdouble,sm_89,L,N,1,256,32768,cta|blocked|vendor
trsm,cdouble,sm_89,L,N,1,512,128,cta|blocked|vendor
trsm,cdouble,sm_89,L,N,1,512,512,cta|blocked|vendor
trsm,cdouble,sm_89,L,N,1,512,2048,cta|blocked|vendor
trsm,cdouble,sm_89,L,N,1,512,8192,cta|blocked|vendor
trsm,cdouble,sm_89,L,N,1,512,32768,cta|blocked|vendor
trsm,cdouble,sm_89,L,N,1,1024,128,cta|blocked|vendor
trsm,cdouble,sm_89,L,N,1,1024,512,cta|blocked|vendor
trsm,cdouble,sm_89,L,N,1,1024,2048,cta|blocked|vendor
trsm,cdouble,sm_89,L,N,1,1024,8192,cta|blocked|vendor
trsm,cdouble,sm_89,L,N,1,1024,32768,cta|blocked|vendor
trsm,cdouble,sm_89,L,N,1,4096,128,cta|blocked|vendor
trsm,cdouble,sm_89,L,N,1,4096,512,cta|blocked|vendor
trsm,cdouble,sm_89,L,N,1,4096,2048,cta|blocked|vendor
trsm,cdouble,sm_89,L,N,1,4096,8192,cta|blocked|vendor
trsm,cdouble,sm_89,L,N,1,4096,32768,cta|blocked|vendor
trsm,cdouble,sm_89,L,N,2,1,128,cta|blocked|vendor
trsm,cdouble,sm_89,L,N,2,1,512,cta|blocked|vendor
trsm,cdouble,sm_89,L,N,2,1,2048,cta|blocked|vendor
trsm,cdouble,sm_89,L,N,2,1,8192,cta|blocked|vendor
trsm,cdouble,sm_89,L,N,2,1,32768,cta|blocked|vendor
trsm,cdouble,sm_89,L,N,2,2,128,cta|blocked|vendor
trsm,cdouble,sm_89,L,N,2,2,512,cta|blocked|vendor
trsm,cdouble,sm_89,L,N,2,2,2048,cta|blocked|vendor
trsm,cdouble,sm_89,L,N,2,2,8192,cta|blocked|vendor
trsm,cdouble,sm_89,L,N,2,2,32768,cta|blocked|vendor
trsm,cdouble,sm_89,L,N,2,4,128,cta|blocked|vendor
trsm,cdouble,sm_89,L,N,2,4,512,cta|blocked|vendor
trsm,cdouble,sm_89,L,N,2,4,2048,cta|blocked|vendor
trsm,cdouble,sm_89,L,N,2,4,8192,cta|blocked|vendor
trsm,cdouble,sm_89,L,N,2,4,32768,cta|blocked|vendor
trsm,cdouble,sm_89,L,N,2,8,128,cta|blocked|vendor
trsm,cdouble,sm_89,L,N,2,8,512,cta|blocked|vendor
trsm,cdouble,sm_89,L,N,2,8,2048,cta|blocked|vendor
trsm,cdouble,sm_89,L,N,2,8,8192,cta|blocked|vendor
trsm,cdouble,sm_89,L,N,2,8,32768,cta|blocked|vendor
trsm,cdouble,sm_89,L,N,2,16,128,cta|blocked|vendor
trsm,cdouble,sm_89,L,N,2,16,512,cta|blocked|vendor
trsm,cdouble,sm_89,L,N,2,16,2048,cta|blocked|vendor
trsm,cdouble,sm_89,L,N,2,16,8192,cta|blocked|vendor
trsm,cdouble,sm_89,L,N,2,16,32768,cta|blocked|vendor
trsm,cdouble,sm_89,L,N,2,32,128,cta|blocked|vendor
trsm,cdouble,sm_89,L,N,2,32,512,cta|blocked|vendor
trsm,cdouble,sm_89,L,N,2,32,2048,cta|blocked|vendor
trsm,cdouble,sm_89,L,N,2,32,8192,cta|blocked|vendor
trsm,cdouble,sm_89,L,N,2,32,32768,cta|blocked|vendor
trsm,cdouble,sm_89,L,N,2,64,128,cta|blocked|vendor
trsm,cdouble,sm_89,L,N,2,64,512,cta|blocked|vendor
trsm,cdouble,sm_89,L,N,2,64,2048,cta|blocked|vendor
trsm,cdouble,sm_89,L,N,2,64,8192,cta|blocked|vendor
trsm,cdouble,sm_89,L,N,2,64,32768,cta|blocked|vendor
trsm,cdouble,sm_89,L,N,2,128,128,cta|blocked|vendor
trsm,cdouble,sm_89,L,N,2,128,512,cta|blocked|vendor
trsm,cdouble,sm_89,L,N,2,128,2048,cta|blocked|vendor
trsm,cdouble,sm_89,L,N,2,128,8192,cta|blocked|vendor
trsm,cdouble,sm_89,L,N,2,128,32768,cta|blocked|vendor
trsm,cdouble,sm_89,L,N,2,256,128,cta|blocked|vendor
trsm,cdouble,sm_89,L,N,2,256,512,cta|blocked|vendor
trsm,cdouble,sm_89,L,N,2,256,2048,cta|blocked|vendor
trsm,cdouble,sm_89,L,N,2,256,8192,cta|blocked|vendor
trsm,cdouble,sm_89,L,N,2,256,32768,cta|blocked|vendor
trsm,cdouble,sm_89,L,N,2,512,128,cta|blocked|vendor
trsm,cdouble,sm_89,L,N,2,512,512,cta|blocked|vendor
trsm,cdouble,sm_89,L,N,2,512,2048,cta|blocked|vendor
trsm,cdouble,sm_89,L,N,2,512,8192,cta|blocked|vendor
trsm,cdouble,sm_89,L,N,2,512,32768,cta|blocked|vendor
trsm,cdouble,sm_89,L,N,2,1024,128,cta|blocked|vendor
trsm,cdouble,sm_89,L,N,2,1024,512,cta|blocked|vendor
trsm,cdouble,sm_89,L,N,2,1024,2048,cta|blocked|vendor
trsm,cdouble,sm_89,L,N,2,1024,8192,cta|blocked|vendor
trsm,cdouble,sm_89,L,N,2,1024,32768,cta|blocked|vendor
trsm,cdouble,sm_89,L,N,2,4096,128,cta|blocked|vendor
trsm,cdouble,sm_89,L,N,2,4096,512,cta|blocked|vendor
trsm,cdouble,sm_89,L,N,2,4096,2048,cta|blocked|vendor
trsm,cdouble,sm_89,L,N,2,4096,8192,cta|blocked|vendor
trsm,cdouble,sm_89,L,N,2,4096,32768,cta|blocked|vendor
trsm,cdouble,sm_89,L,N,4,1,128,cta|blocked|vendor
trsm,cdouble,sm_89,L,N,4,1,512,cta|blocked|vendor
trsm,cdouble,sm_89,L,N,4,1,2048,cta|blocked|vendor
trsm,cdouble,sm_89,L,N,4,1,8192,cta|blocked|vendor
trsm,cdouble,sm_89,L,N,4,1,32768,cta|blocked|vendor
trsm,cdouble,sm_89,L,N,4,2,128,cta|blocked|vendor
trsm,cdouble,sm_89,L,N,4,2,512,cta|blocked|vendor
trsm,cdouble,sm_89,L,N,4,2,2048,cta|blocked|vendor
trsm,cdouble,sm_89,L,N,4,2,8192,cta|blocked|vendor
trsm,cdouble,sm_89,L,N,4,2,32768,cta|blocked|vendor
trsm,cdouble,sm_89,L,N,4,4,128,cta|blocked|vendor
trsm,cdouble,sm_89,L,N,4,4,512,cta|blocked|vendor
trsm,cdouble,sm_89,L,N,4,4,2048,cta|blocked|vendor
trsm,cdouble,sm_89,L,N,4,4,8192,cta|blocked|vendor
trsm,cdouble,sm_89,L,N,4,4,32768,cta|blocked|vendor
trsm,cdouble,sm_89,L,N,4,8,128,cta|blocked|vendor
trsm,cdouble,sm_89,L,N,4,8,512,cta|blocked|vendor
trsm,cdouble,sm_89,L,N,4,8,2048,cta|blocked|vendor
trsm,cdouble,sm_89,L,N,4,8,8192,cta|blocked|vendor
trsm,cdouble,sm_89,L,N,4,8,32768,cta|blocked|vendor
trsm,cdouble,sm_89,L,N,4,16,128,cta|blocked|vendor
trsm,cdouble,sm_89,L,N,4,16,512,cta|blocked|vendor
trsm,cdouble,sm_89,L,N,4,16,2048,cta|blocked|vendor
trsm,cdouble,sm_89,L,N,4,16,8192,cta|blocked|vendor
trsm,cdouble,sm_89,L,N,4,16,32768,cta|blocked|vendor
trsm,cdouble,sm_89,L,N,4,32,128,cta|blocked|vendor
trsm,cdouble,sm_89,L,N,4,32,512,cta|blocked|vendor
trsm,cdouble,sm_89,L,N,4,32,2048,cta|blocked|vendor
trsm,cdouble,sm_89,L,N,4,32,8192,cta|blocked|vendor
trsm,cdouble,sm_89,L,N,4,32,32768,cta|blocked|vendor
trsm,cdouble,sm_89,L,N,4,64,128,cta|blocked|vendor
trsm,cdouble,sm_89,L,N,4,64,512,cta|blocked|vendor
trsm,cdouble,sm_89,L,N,4,64,2048,cta|blocked|vendor
trsm,cdouble,sm_89,L,N,4,64,8192,cta|blocked|vendor
trsm,cdouble,sm_89,L,N,4,64,32768,cta|blocked|vendor
trsm,cdouble,sm_89,L,N,4,128,128,cta|blocked|vendor
trsm,cdouble,sm_89,L,N,4,128,512,cta|blocked|vendor
trsm,cdouble,sm_89,L,N,4,128,2048,cta|blocked|vendor
trsm,cdouble,sm_89,L,N,4,128,8192,cta|blocked|vendor
trsm,cdouble,sm_89,L,N,4,128,32768,cta|blocked|vendor
trsm,cdouble,sm_89,L,N,4,256,128,cta|blocked|vendor
trsm,cdouble,sm_89,L,N,4,256,512,cta|blocked|vendor
trsm,cdouble,sm_89,L,N,4,256,2048,cta|blocked|vendor
trsm,cdouble,sm_89,L,N,4,256,8192,cta|blocked|vendor
trsm,cdouble,sm_89,L,N,4,256,32768,cta|blocked|vendor
trsm,cdouble,sm_89,L,N,4,512,128,cta|blocked|vendor
trsm,cdouble,sm_89,L,N,4,512,512,cta|blocked|vendor
trsm,cdouble,sm_89,L,N,4,512,2048,cta|blocked|vendor
trsm,cdouble,sm_89,L,N,4,512,8192,cta|blocked|vendor
trsm,cdouble,sm_89,L,N,4,512,32768,cta|blocked|vendor
trsm,cdouble,sm_89,L,N,4,1024,128,cta|blocked|vendor
trsm,cdouble,sm_89,L,N,4,1024,512,cta|blocked|vendor
trsm,cdouble,sm_89,L,N,4,1024,2048,cta|blocked|vendor
trsm,cdouble,sm_89,L,N,4,1024,8192,cta|blocked|vendor
trsm,cdouble,sm_89,L,N,4,1024,32768,cta|blocked|vendor
trsm,cdouble,sm_89,L,N,4,4096,128,cta|blocked|vendor
trsm,cdouble,sm_89,L,N,4,4096,512,cta|blocked|vendor
trsm,cdouble,sm_89,L,N,4,4096,2048,cta|blocked|vendor
trsm,cdouble,sm_89,L,N,4,4096,8192,cta|blocked|vendor
trsm,cdouble,sm_89,L,N,4,4096,32768,cta|blocked|vendor
trsm,cdouble,sm_89,L,N,8,1,128,cta|blocked|vendor
trsm,cdouble,sm_89,L,N,8,1,512,cta|blocked|vendor
trsm,cdouble,sm_89,L,N,8,1,2048,cta|blocked|vendor
trsm,cdouble,sm_89,L,N,8,1,8192,cta|blocked|vendor
trsm,cdouble,sm_89,L,N,8,1,32768,cta|blocked|vendor
trsm,cdouble,sm_89,L,N,8,2,128,cta|blocked|vendor
trsm,cdouble,sm_89,L,N,8,2,512,cta|blocked|vendor
trsm,cdouble,sm_89,L,N,8,2,2048,cta|blocked|vendor
trsm,cdouble,sm_89,L,N,8,2,8192,cta|blocked|vendor
trsm,cdouble,sm_89,L,N,8,2,32768,cta|blocked|vendor
trsm,cdouble,sm_89,L,N,8,4,128,cta|blocked|vendor
trsm,cdouble,sm_89,L,N,8,4,512,cta|blocked|vendor
trsm,cdouble,sm_89,L,N,8,4,2048,cta|blocked|vendor
trsm,cdouble,sm_89,L,N,8,4,8192,cta|blocked|vendor
trsm,cdouble,sm_89,L,N,8,4,32768,cta|blocked|vendor
trsm,cdouble,sm_89,L,N,8,8,128,cta|blocked|vendor
trsm,cdouble,sm_89,L,N,8,8,512,cta|blocked|vendor
trsm,cdouble,sm_89,L,N,8,8,2048,cta|blocked|vendor
trsm,cdouble,sm_89,L,N,8,8,8192,cta|blocked|vendor
trsm,cdouble,sm_89,L,N,8,8,32768,cta|blocked|vendor
trsm,cdouble,sm_89,L,N,8,16,128,cta|blocked|vendor
trsm,cdouble,sm_89,L,N,8,16,512,cta|blocked|vendor
trsm,cdouble,sm_89,L,N,8,16,2048,cta|blocked|vendor
trsm,cdouble,sm_89,L,N,8,16,8192,cta|blocked|vendor
trsm,cdouble,sm_89,L,N,8,16,32768,cta|blocked|vendor
trsm,cdouble,sm_89,L,N,8,32,128,cta|blocked|vendor
trsm,cdouble,sm_89,L,N,8,32,512,cta|blocked|vendor
trsm,cdouble,sm_89,L,N,8,32,2048,cta|blocked|vendor
trsm,cdouble,sm_89,L,N,8,32,8192,cta|blocked|vendor
trsm,cdouble,sm_89,L,N,8,32,32768,cta|blocked|vendor
trsm,cdouble,sm_89,L,N,8,64,128,cta|blocked|vendor
trsm,cdouble,sm_89,L,N,8,64,512,cta|blocked|vendor
trsm,cdouble,sm_89,L,N,8,64,2048,cta|blocked|vendor
trsm,cdouble,sm_89,L,N,8,64,8192,cta|blocked|vendor
trsm,cdouble,sm_89,L,N,8,64,32768,cta|blocked|vendor
trsm,cdouble,sm_89,L,N,8,128,128,cta|blocked|vendor
trsm,cdouble,sm_89,L,N,8,128,512,cta|blocked|vendor
trsm,cdouble,sm_89,L,N,8,128,2048,cta|blocked|vendor
trsm,cdouble,sm_89,L,N,8,128,8192,cta|blocked|vendor
trsm,cdouble,sm_89,L,N,8,128,32768,cta|blocked|vendor
trsm,cdouble,sm_89,L,N,8,256,128,cta|blocked|vendor
trsm,cdouble,sm_89,L,N,8,256,512,cta|blocked|vendor
trsm,cdouble,sm_89,L,N,8,256,2048,cta|blocked|vendor
trsm,cdouble,sm_89,L,N,8,256,8192,cta|blocked|vendor
trsm,cdouble,sm_89,L,N,8,256,32768,cta|blocked|vendor
trsm,cdouble,sm_89,L,N,8,512,128,cta|blocked|vendor
trsm,cdouble,sm_89,L,N,8,512,512,cta|blocked|vendor
trsm,cdouble,sm_89,L,N,8,512,2048,cta|blocked|vendor
trsm,cdouble,sm_89,L,N,8,512,8192,cta|blocked|vendor
trsm,cdouble,sm_89,L,N,8,512,32768,cta|blocked|vendor
trsm,cdouble,sm_89,L,N,8,1024,128,cta|blocked|vendor
trsm,cdouble,sm_89,L,N,8,1024,512,cta|blocked|vendor
trsm,cdouble,sm_89,L,N,8,1024,2048,cta|blocked|vendor
trsm,cdouble,sm_89,L,N,8,1024,8192,cta|blocked|vendor
trsm,cdouble,sm_89,L,N,8,1024,32768,cta|blocked|vendor
trsm,cdouble,sm_89,L,N,8,4096,128,cta|blocked|vendor
trsm,cdouble,sm_89,L,N,8,4096,512,cta|blocked|vendor
trsm,cdouble,sm_89,L,N,8,4096,2048,cta|blocked|vendor
trsm,cdouble,sm_89,L,N,8,4096,8192,cta|blocked|vendor
trsm,cdouble,sm_89,L,N,8,4096,32768,cta|blocked|vendor
trsm,cdouble,sm_89,L,N,12,1,128,cta|blocked|vendor
trsm,cdouble,sm_89,L,N,12,1,512,cta|blocked|vendor
trsm,cdouble,sm_89,L,N,12,1,2048,cta|blocked|vendor
trsm,cdouble,sm_89,L,N,12,1,8192,cta|blocked|vendor
trsm,cdouble,sm_89,L,N,12,1,32768,cta|blocked|vendor
trsm,cdouble,sm_89,L,N,12,2,128,cta|blocked|vendor
trsm,cdouble,sm_89,L,N,12,2,512,cta|blocked|vendor
trsm,cdouble,sm_89,L,N,12,2,2048,cta|blocked|vendor
trsm,cdouble,sm_89,L,N,12,2,8192,cta|blocked|vendor
trsm,cdouble,sm_89,L,N,12,2,32768,cta|blocked|vendor
trsm,cdouble,sm_89,L,N,12,4,128,cta|blocked|vendor
trsm,cdouble,sm_89,L,N,12,4,512,cta|blocked|vendor
trsm,cdouble,sm_89,L,N,12,4,2048,cta|blocked|vendor
trsm,cdouble,sm_89,L,N,12,4,8192,cta|blocked|vendor
trsm,cdouble,sm_89,L,N,12,4,32768,cta|blocked|vendor
trsm,cdouble,sm_89,L,N,12,8,128,cta|blocked|vendor
trsm,cdouble,sm_89,L,N,12,8,512,cta|blocked|vendor
trsm,cdouble,sm_89,L,N,12,8,2048,cta|blocked|vendor
trsm,cdouble,sm_89,L,N,12,8,8192,cta|blocked|vendor
trsm,cdouble,sm_89,L,N,12,8,32768,cta|blocked|vendor
trsm,cdouble,sm_89,L,N,12,16,128,cta|blocked|vendor
trsm,cdouble,sm_89,L,N,12,16,512,cta|blocked|vendor
trsm,cdouble,sm_89,L,N,12,16,2048,cta|blocked|vendor
trsm,cdouble,sm_89,L,N,12,16,8192,cta|blocked|vendor
trsm,cdouble,sm_89,L,N,12,16,32768,cta|blocked|vendor
trsm,cdouble,sm_89,L,N,12,32,128,cta|blocked|vendor
trsm,cdouble,sm_89,L,N,12,32,512,cta|blocked|vendor
trsm,cdouble,sm_89,L,N,12,32,2048,cta|blocked|vendor
trsm,cdouble,sm_89,L,N,12,32,8192,cta|blocked|vendor
trsm,cdouble,sm_89,L,N,12,32,32768,cta|blocked|vendor
trsm,cdouble,sm_89,L,N,12,64,128,cta|blocked|vendor
trsm,cdouble,sm_89,L,N,12,64,512,cta|blocked|vendor
trsm,cdouble,sm_89,L,N,12,64,2048,cta|blocked|vendor
trsm,cdouble,sm_89,L,N,12,64,8192,cta|blocked|vendor
trsm,cdouble,sm_89,L,N,12,64,32768,cta|blocked|vendor
trsm,cdouble,sm_89,L,N,12,128,128,cta|blocked|vendor
trsm,cdouble,sm_89,L,N,12,128,512,cta|blocked|vendor
trsm,cdouble,sm_89,L,N,12,128,2048,cta|blocked|vendor
trsm,cdouble,sm_89,L,N,12,128,8192,cta|blocked|vendor
trsm,cdouble,sm_89,L,N,12,128,32768,cta|blocked|vendor
trsm,cdouble,sm_89,L,N,12,256,128,cta|blocked|vendor
trsm,cdouble,sm_89,L,N,12,256,512,cta|blocked|vendor
trsm,cdouble,sm_89,L,N,12,256,2048,cta|blocked|vendor
trsm,cdouble,sm_89,L,N,12,256,8192,cta|blocked|vendor
trsm,cdouble,sm_89,L,N,12,256,32768,cta|blocked|vendor
trsm,cdouble,sm_89,L,N,12,512,128,cta|blocked|vendor
trsm,cdouble,sm_89,L,N,12,512,512,cta|blocked|vendor
trsm,cdouble,sm_89,L,N,12,512,2048,cta|blocked|vendor
trsm,cdouble,sm_89,L,N,12,512,8192,cta|blocked|vendor
trsm,cdouble,sm_89,L,N,12,512,32768,cta|blocked|vendor
trsm,cdouble,sm_89,L,N,12,1024,128,cta|blocked|vendor
trsm,cdouble,sm_89,L,N,12,1024,512,cta|blocked|vendor
trsm,cdouble,sm_89,L,N,12,1024,2048,cta|blocked|vendor
trsm,cdouble,sm_89,L,N,12,1024,8192,cta|blocked|vendor
trsm,cdouble,sm_89,L,N,12,1024,32768,cta|blocked|vendor
trsm,cdouble,sm_89,L,N,12,4096,128,cta|blocked|vendor
trsm,cdouble,sm_89,L,N,12,4096,512,cta|blocked|vendor
trsm,cdouble,sm_89,L,N,12,4096,2048,cta|blocked|vendor
trsm,cdouble,sm_89,L,N,12,4096,8192,cta|blocked|vendor
trsm,cdouble,sm_89,L,N,12,4096,32768,cta|blocked|vendor
trsm,cdouble,sm_89,L,N,16,1,128,cta|blocked|vendor
trsm,cdouble,sm_89,L,N,16,1,512,cta|blocked|vendor
trsm,cdouble,sm_89,L,N,16,1,2048,cta|blocked|vendor
trsm,cdouble,sm_89,L,N,16,1,8192,cta|blocked|vendor
trsm,cdouble,sm_89,L,N,16,1,32768,cta|blocked|vendor
trsm,cdouble,sm_89,L,N,16,2,128,cta|blocked|vendor
trsm,cdouble,sm_89,L,N,16,2,512,cta|blocked|vendor
trsm,cdouble,sm_89,L,N,16,2,2048,cta|blocked|vendor
trsm,cdouble,sm_89,L,N,16,2,8192,cta|blocked|vendor
trsm,cdouble,sm_89,L,N,16,2,32768,cta|blocked|vendor
trsm,cdouble,sm_89,L,N,16,4,128,cta|blocked|vendor
trsm,cdouble,sm_89,L,N,16,4,512,cta|blocked|vendor
trsm,cdouble,sm_89,L,N,16,4,2048,cta|blocked|vendor
trsm,cdouble,sm_89,L,N,16,4,8192,cta|blocked|vendor
trsm,cdouble,sm_89,L,N,16,4,32768,cta|blocked|vendor
trsm,cdouble,sm_89,L,N,16,8,128,cta|blocked|vendor
trsm,cdouble,sm_89,L,N,16,8,512,cta|blocked|vendor
trsm,cdouble,sm_89,L,N,16,8,2048,cta|blocked|vendor
trsm,cdouble,sm_89,L,N,16,8,8192,cta|blocked|vendor
trsm,cdouble,sm_89,L,N,16,8,32768,cta|blocked|vendor
trsm,cdouble,sm_89,L,N,16,16,128,cta|blocked|vendor
trsm,cdouble,sm_89,L,N,16,16,512,cta|blocked|vendor
trsm,cdouble,sm_89,L,N,16,16,2048,cta|blocked|vendor
trsm,cdouble,sm_89,L,N,16,16,8192,cta|blocked|vendor
trsm,cdouble,sm_89,L,N,16,16,32768,cta|blocked|vendor
trsm,cdouble,sm_89,L,N,16,32,128,cta|blocked|vendor
trsm,cdouble,sm_89,L,N,16,32,512,cta|blocked|vendor
trsm,cdouble,sm_89,L,N,16,32,2048,cta|blocked|vendor
trsm,cdouble,sm_89,L,N,16,32,8192,cta|blocked|vendor
trsm,cdouble,sm_89,L,N,16,32,32768,cta|blocked|vendor
trsm,cdouble,sm_89,L,N,16,64,128,cta|blocked|vendor
trsm,cdouble,sm_89,L,N,16,64,512,cta|blocked|vendor
trsm,cdouble,sm_89,L,N,16,64,2048,cta|blocked|vendor
trsm,cdouble,sm_89,L,N,16,64,8192,cta|blocked|vendor
trsm,cdouble,sm_89,L,N,16,64,32768,cta|blocked|vendor
trsm,cdouble,sm_89,L,N,16,128,128,cta|blocked|vendor
trsm,cdouble,sm_89,L,N,16,128,512,cta|blocked|vendor
trsm,cdouble,sm_89,L,N,16,128,2048,cta|blocked|vendor
trsm,cdouble,sm_89,L,N,16,128,8192,cta|blocked|vendor
trsm,cdouble,sm_89,L,N,16,128,32768,cta|blocked|vendor
trsm,cdouble,sm_89,L,N,16,256,128,cta|blocked|vendor
trsm,cdouble,sm_89,L,N,16,256,512,cta|blocked|vendor
trsm,cdouble,sm_89,L,N,16,256,2048,cta|blocked|vendor
trsm,cdouble,sm_89,L,N,16,256,8192,cta|blocked|vendor
trsm,cdouble,sm_89,L,N,16,256,32768,cta|blocked|vendor
trsm,cdouble,sm_89,L,N,16,512,128,cta|blocked|vendor
trsm,cdouble,sm_89,L,N,16,512,512,cta|blocked|vendor
trsm,cdouble,sm_89,L,N,16,512,2048,cta|blocked|vendor
trsm,cdouble,sm_89,L,N,16,512,8192,cta|blocked|vendor
trsm,cdouble,sm_89,L,N,16,512,32768,cta|blocked|vendor
trsm,cdouble,sm_89,L,N,16,1024,128,cta|blocked|vendor
trsm,cdouble,sm_89,L,N,16,1024,512,cta|blocked|vendor
trsm,cdouble,sm_89,L,N,16,1024,2048,cta|blocked|vendor
trsm,cdouble,sm_89,L,N,16,1024,8192,cta|blocked|vendor
trsm,cdouble,sm_89,L,N,16,1024,32768,cta|blocked|vendor
trsm,cdouble,sm_89,L,N,16,4096,128,cta|blocked|vendor
trsm,cdouble,sm_89,L,N,16,4096,512,cta|blocked|vendor
trsm,cdouble,sm_89,L,N,16,4096,2048,cta|blocked|vendor
trsm,cdouble,sm_89,L,N,16,4096,8192,cta|blocked|vendor
trsm,cdouble,sm_89,L,N,16,4096,32768,cta|blocked|vendor
trsm,cdouble,sm_89,L,N,24,1,128,cta|blocked|vendor
trsm,cdouble,sm_89,L,N,24,1,512,cta|blocked|vendor
trsm,cdouble,sm_89,L,N,24,1,2048,cta|blocked|vendor
trsm,cdouble,sm_89,L,N,24,1,8192,cta|blocked|vendor
trsm,cdouble,sm_89,L,N,24,1,32768,cta|blocked|vendor
trsm,cdouble,sm_89,L,N,24,2,128,cta|blocked|vendor
trsm,cdouble,sm_89,L,N,24,2,512,cta|blocked|vendor
trsm,cdouble,sm_89,L,N,24,2,2048,cta|blocked|vendor
trsm,cdouble,sm_89,L,N,24,2,8192,cta|blocked|vendor
trsm,cdouble,sm_89,L,N,24,2,32768,cta|blocked|vendor
trsm,cdouble,sm_89,L,N,24,4,128,cta|blocked|vendor
trsm,cdouble,sm_89,L,N,24,4,512,cta|blocked|vendor
trsm,cdouble,sm_89,L,N,24,4,2048,cta|blocked|vendor
trsm,cdouble,sm_89,L,N,24,4,8192,cta|blocked|vendor
trsm,cdouble,sm_89,L,N,24,4,32768,cta|blocked|vendor
trsm,cdouble,sm_89,L,N,24,8,128,cta|blocked|vendor
trsm,cdouble,sm_89,L,N,24,8,512,cta|blocked|vendor
trsm,cdouble,sm_89,L,N,24,8,2048,cta|blocked|vendor
trsm,cdouble,sm_89,L,N,24,8,8192,cta|blocked|vendor
trsm,cdouble,sm_89,L,N,24,8,32768,cta|blocked|vendor
trsm,cdouble,sm_89,L,N,24,16,128,cta|blocked|vendor
trsm,cdouble,sm_89,L,N,24,16,512,cta|blocked|vendor
trsm,cdouble,sm_89,L,N,24,16,2048,cta|blocked|vendor
trsm,cdouble,sm_89,L,N,24,16,8192,cta|blocked|vendor
trsm,cdouble,sm_89,L,N,24,16,32768,cta|blocked|vendor
trsm,cdouble,sm_89,L,N,24,32,128,cta|blocked|vendor
trsm,cdouble,sm_89,L,N,24,32,512,cta|blocked|vendor
trsm,cdouble,sm_89,L,N,24,32,2048,cta|blocked|vendor
trsm,cdouble,sm_89,L,N,24,32,8192,cta|blocked|vendor
trsm,cdouble,sm_89,L,N,24,32,32768,cta|blocked|vendor
trsm,cdouble,sm_89,L,N,24,64,128,cta|blocked|vendor
trsm,cdouble,sm_89,L,N,24,64,512,cta|blocked|vendor
trsm,cdouble,sm_89,L,N,24,64,2048,cta|blocked|vendor
trsm,cdouble,sm_89,L,N,24,64,8192,cta|blocked|vendor
trsm,cdouble,sm_89,L,N,24,64,32768,cta|blocked|vendor
trsm,cdouble,sm_89,L,N,24,128,128,cta|blocked|vendor
trsm,cdouble,sm_89,L,N,24,128,512,cta|blocked|vendor
trsm,cdouble,sm_89,L,N,24,128,2048,cta|blocked|vendor
trsm,cdouble,sm_89,L,N,24,128,8192,cta|blocked|vendor
trsm,cdouble,sm_89,L,N,24,128,32768,cta|blocked|vendor
trsm,cdouble,sm_89,L,N,24,256,128,cta|blocked|vendor
trsm,cdouble,sm_89,L,N,24,256,512,cta|blocked|vendor
trsm,cdouble,sm_89,L,N,24,256,2048,cta|blocked|vendor
trsm,cdouble,sm_89,L,N,24,256,8192,cta|blocked|vendor
trsm,cdouble,sm_89,L,N,24,256,32768,cta|blocked|vendor
trsm,cdouble,sm_89,L,N,24,512,128,cta|blocked|vendor
trsm,cdouble,sm_89,L,N,24,512,512,cta|blocked|vendor
trsm,cdouble,sm_89,L,N,24,512,2048,cta|blocked|vendor
trsm,cdouble,sm_89,L,N,24,512,8192,cta|blocked|vendor
trsm,cdouble,sm_89,L,N,24,512,32768,cta|blocked|vendor
trsm,cdouble,sm_89,L,N,24,1024,128,cta|blocked|vendor
trsm,cdouble,sm_89,L,N,24,1024,512,cta|blocked|vendor
trsm,cdouble,sm_89,L,N,24,1024,2048,cta|blocked|vendor
trsm,cdouble,sm_89,L,N,24,1024,8192,cta|blocked|vendor
trsm,cdouble,sm_89,L,N,24,1024,32768,cta|blocked|vendor
trsm,cdouble,sm_89,L,N,24,4096,128,cta|blocked|vendor
trsm,cdouble,sm_89,L,N,24,4096,512,cta|blocked|vendor
trsm,cdouble,sm_89,L,N,24,4096,2048,cta|blocked|vendor
trsm,cdouble,sm_89,L,N,24,4096,8192,cta|blocked|vendor
trsm,cdouble,sm_89,L,N,24,4096,32768,cta|blocked|vendor
trsm,cdouble,sm_89,L,N,32,1,128,cta|blocked|vendor
trsm,cdouble,sm_89,L,N,32,1,512,cta|blocked|vendor
trsm,cdouble,sm_89,L,N,32,1,2048,cta|blocked|vendor
trsm,cdouble,sm_89,L,N,32,1,8192,cta|blocked|vendor
trsm,cdouble,sm_89,L,N,32,1,32768,cta|blocked|vendor
trsm,cdouble,sm_89,L,N,32,2,128,cta|blocked|vendor
trsm,cdouble,sm_89,L,N,32,2,512,cta|blocked|vendor
trsm,cdouble,sm_89,L,N,32,2,2048,cta|blocked|vendor
trsm,cdouble,sm_89,L,N,32,2,8192,cta|blocked|vendor
trsm,cdouble,sm_89,L,N,32,2,32768,cta|blocked|vendor
trsm,cdouble,sm_89,L,N,32,4,128,cta|blocked|vendor
trsm,cdouble,sm_89,L,N,32,4,512,cta|blocked|vendor
trsm,cdouble,sm_89,L,N,32,4,2048,cta|blocked|vendor
trsm,cdouble,sm_89,L,N,32,4,8192,cta|blocked|vendor
trsm,cdouble,sm_89,L,N,32,4,32768,cta|blocked|vendor
trsm,cdouble,sm_89,L,N,32,8,128,cta|blocked|vendor
trsm,cdouble,sm_89,L,N,32,8,512,cta|blocked|vendor
trsm,cdouble,sm_89,L,N,32,8,2048,cta|blocked|vendor
trsm,cdouble,sm_89,L,N,32,8,8192,cta|blocked|vendor
trsm,cdouble,sm_89,L,N,32,8,32768,cta|blocked|vendor
trsm,cdouble,sm_89,L,N,32,16,128,cta|blocked|vendor
trsm,cdouble,sm_89,L,N,32,16,512,cta|blocked|vendor
trsm,cdouble,sm_89,L,N,32,16,2048,cta|blocked|vendor
trsm,cdouble,sm_89,L,N,32,16,8192,cta|blocked|vendor
trsm,cdouble,sm_89,L,N,32,16,32768,cta|blocked|vendor
trsm,cdouble,sm_89,L,N,32,32,128,cta|blocked|vendor
trsm,cdouble,sm_89,L,N,32,32,512,cta|blocked|vendor
trsm,cdouble,sm_89,L,N,32,32,2048,cta|blocked|vendor
trsm,cdouble,sm_89,L,N,32,32,8192,cta|blocked|vendor
trsm,cdouble,sm_89,L,N,32,32,32768,cta|blocked|vendor
trsm,cdouble,sm_89,L,N,32,64,128,cta|blocked|vendor
trsm,cdouble,sm_89,L,N,32,64,512,cta|blocked|vendor
trsm,cdouble,sm_89,L,N,32,64,2048,cta|blocked|vendor
trsm,cdouble,sm_89,L,N,32,64,8192,cta|blocked|vendor
trsm,cdouble,sm_89,L,N,32,64,32768,cta|blocked|vendor
trsm,cdouble,sm_89,L,N,32,128,128,cta|blocked|vendor
trsm,cdouble,sm_89,L,N,32,128,512,cta|blocked|vendor
trsm,cdouble,sm_89,L,N,32,128,2048,cta|blocked|vendor
trsm,cdouble,sm_89,L,N,32,128,8192,cta|blocked|vendor
trsm,cdouble,sm_89,L,N,32,128,32768,cta|blocked|vendor
trsm,cdouble,sm_89,L,N,32,256,128,cta|blocked|vendor
trsm,cdouble,sm_89,L,N,32,256,512,cta|blocked|vendor
trsm,cdouble,sm_89,L,N,32,256,2048,cta|blocked|vendor
trsm,cdouble,sm_89,L,N,32,256,8192,cta|blocked|vendor
trsm,cdouble,sm_89,L,N,32,256,32768,cta|blocked|vendor
trsm,cdouble,sm_89,L,N,32,512,128,cta|blocked|vendor
trsm,cdouble,sm_89,L,N,32,512,512,cta|blocked|vendor
trsm,cdouble,sm_89,L,N,32,512,2048,cta|blocked|vendor
trsm,cdouble,sm_89,L,N,32,512,8192,cta|blocked|vendor
trsm,cdouble,sm_89,L,N,32,512,32768,cta|blocked|vendor
trsm,cdouble,sm_89,L,N,32,1024,128,cta|blocked|vendor
trsm,cdouble,sm_89,L,N,32,1024,512,cta|blocked|vendor
trsm,cdouble,sm_89,L,N,32,1024,2048,cta|blocked|vendor
trsm,cdouble,sm_89,L,N,32,1024,8192,cta|blocked|vendor
trsm,cdouble,sm_89,L,N,32,1024,32768,cta|blocked|vendor
trsm,cdouble,sm_89,L,N,32,4096,128,cta|blocked|vendor
trsm,cdouble,sm_89,L,N,32,4096,512,cta|blocked|vendor
trsm,cdouble,sm_89,L,N,32,4096,2048,cta|blocked|vendor
trsm,cdouble,sm_89,L,N,32,4096,8192,cta|blocked|vendor
trsm,cdouble,sm_89,L,N,32,4096,32768,cta|blocked|vendor
trsm,cdouble,sm_89,L,N,48,1,128,blocked|vendor
trsm,cdouble,sm_89,L,N,48,1,512,blocked|vendor
trsm,cdouble,sm_89,L,N,48,1,2048,blocked|vendor
trsm,cdouble,sm_89,L,N,48,1,8192,blocked|vendor
trsm,cdouble,sm_89,L,N,48,1,32768,blocked|vendor
trsm,cdouble,sm_89,L,N,48,2,128,blocked|vendor
trsm,cdouble,sm_89,L,N,48,2,512,blocked|vendor
trsm,cdouble,sm_89,L,N,48,2,2048,blocked|vendor
trsm,cdouble,sm_89,L,N,48,2,8192,blocked|vendor
trsm,cdouble,sm_89,L,N,48,2,32768,blocked|vendor
trsm,cdouble,sm_89,L,N,48,4,128,blocked|vendor
trsm,cdouble,sm_89,L,N,48,4,512,blocked|vendor
trsm,cdouble,sm_89,L,N,48,4,2048,blocked|vendor
trsm,cdouble,sm_89,L,N,48,4,8192,blocked|vendor
trsm,cdouble,sm_89,L,N,48,4,32768,blocked|vendor
trsm,cdouble,sm_89,L,N,48,8,128,blocked|vendor
trsm,cdouble,sm_89,L,N,48,8,512,blocked|vendor
trsm,cdouble,sm_89,L,N,48,8,2048,blocked|vendor
trsm,cdouble,sm_89,L,N,48,8,8192,blocked|vendor
trsm,cdouble,sm_89,L,N,48,8,32768,blocked|vendor
trsm,cdouble,sm_89,L,N,48,16,128,blocked|vendor
trsm,cdouble,sm_89,L,N,48,16,512,blocked|vendor
trsm,cdouble,sm_89,L,N,48,16,2048,blocked|vendor
trsm,cdouble,sm_89,L,N,48,16,8192,blocked|vendor
trsm,cdouble,sm_89,L,N,48,16,32768,blocked|vendor
trsm,cdouble,sm_89,L,N,48,32,128,blocked|vendor
trsm,cdouble,sm_89,L,N,48,32,512,blocked|vendor
trsm,cdouble,sm_89,L,N,48,32,2048,blocked|vendor
trsm,cdouble,sm_89,L,N,48,32,8192,blocked|vendor
trsm,cdouble,sm_89,L,N,48,32,32768,blocked|vendor
trsm,cdouble,sm_89,L,N,48,64,128,blocked|vendor
trsm,cdouble,sm_89,L,N,48,64,512,blocked|vendor
trsm,cdouble,sm_89,L,N,48,64,2048,blocked|vendor
trsm,cdouble,sm_89,L,N,48,64,8192,blocked|vendor
trsm,cdouble,sm_89,L,N,48,64,32768,blocked|vendor
trsm,cdouble,sm_89,L,N,48,128,128,blocked|vendor
trsm,cdouble,sm_89,L,N,48,128,512,blocked|vendor
trsm,cdouble,sm_89,L,N,48,128,2048,blocked|vendor
trsm,cdouble,sm_89,L,N,48,128,8192,blocked|vendor
trsm,cdouble,sm_89,L,N,48,128,32768,blocked|vendor
trsm,cdouble,sm_89,L,N,48,256,128,blocked|vendor
trsm,cdouble,sm_89,L,N,48,256,512,blocked|vendor
trsm,cdouble,sm_89,L,N,48,256,2048,blocked|vendor
trsm,cdouble,sm_89,L,N,48,256,8192,blocked|vendor
trsm,cdouble,sm_89,L,N,48,256,32768,blocked|vendor
trsm,cdouble,sm_89,L,N,48,512,128,blocked|vendor
trsm,cdouble,sm_89,L,N,48,512,512,blocked|vendor
trsm,cdouble,sm_89,L,N,48,512,2048,blocked|vendor
trsm,cdouble,sm_89,L,N,48,512,8192,blocked|vendor
trsm,cdouble,sm_89,L,N,48,512,32768,blocked|vendor
trsm,cdouble,sm_89,L,N,48,1024,128,blocked|vendor
trsm,cdouble,sm_89,L,N,48,1024,512,blocked|vendor
trsm,cdouble,sm_89,L,N,48,1024,2048,blocked|vendor
trsm,cdouble,sm_89,L,N,48,1024,8192,blocked|vendor
trsm,cdouble,sm_89,L,N,48,1024,32768,blocked|vendor
trsm,cdouble,sm_89,L,N,48,4096,128,blocked|vendor
trsm,cdouble,sm_89,L,N,48,4096,512,blocked|vendor
trsm,cdouble,sm_89,L,N,48,4096,2048,blocked|vendor
trsm,cdouble,sm_89,L,N,48,4096,8192,blocked|vendor
trsm,cdouble,sm_89,L,N,48,4096,32768,blocked|vendor
trsm,cdouble,sm_89,L,N,64,1,128,blocked|vendor
trsm,cdouble,sm_89,L,N,64,1,512,blocked|vendor
trsm,cdouble,sm_89,L,N,64,1,2048,blocked|vendor
trsm,cdouble,sm_89,L,N,64,1,8192,blocked|vendor
trsm,cdouble,sm_89,L,N,64,1,32768,blocked|vendor
trsm,cdouble,sm_89,L,N,64,2,128,blocked|vendor
trsm,cdouble,sm_89,L,N,64,2,512,blocked|vendor
trsm,cdouble,sm_89,L,N,64,2,2048,blocked|vendor
trsm,cdouble,sm_89,L,N,64,2,8192,blocked|vendor
trsm,cdouble,sm_89,L,N,64,2,32768,blocked|vendor
trsm,cdouble,sm_89,L,N,64,4,128,blocked|vendor
trsm,cdouble,sm_89,L,N,64,4,512,blocked|vendor
trsm,cdouble,sm_89,L,N,64,4,2048,blocked|vendor
trsm,cdouble,sm_89,L,N,64,4,8192,blocked|vendor
trsm,cdouble,sm_89,L,N,64,4,32768,blocked|vendor
trsm,cdouble,sm_89,L,N,64,8,128,blocked|vendor
trsm,cdouble,sm_89,L,N,64,8,512,blocked|vendor
trsm,cdouble,sm_89,L,N,64,8,2048,blocked|vendor
trsm,cdouble,sm_89,L,N,64,8,8192,blocked|vendor
trsm,cdouble,sm_89,L,N,64,8,32768,blocked|vendor
trsm,cdouble,sm_89,L,N,64,16,128,blocked|vendor
trsm,cdouble,sm_89,L,N,64,16,512,blocked|vendor
trsm,cdouble,sm_89,L,N,64,16,2048,blocked|vendor
trsm,cdouble,sm_89,L,N,64,16,8192,blocked|vendor
trsm,cdouble,sm_89,L,N,64,16,32768,blocked|vendor
trsm,cdouble,sm_89,L,N,64,32,128,blocked|vendor
trsm,cdouble,sm_89,L,N,64,32,512,blocked|vendor
trsm,cdouble,sm_89,L,N,64,32,2048,blocked|vendor
trsm,cdouble,sm_89,L,N,64,32,8192,blocked|vendor
trsm,cdouble,sm_89,L,N,64,32,32768,blocked|vendor
trsm,cdouble,sm_89,L,N,64,64,128,blocked|vendor
trsm,cdouble,sm_89,L,N,64,64,512,blocked|vendor
trsm,cdouble,sm_89,L,N,64,64,2048,blocked|vendor
trsm,cdouble,sm_89,L,N,64,64,8192,blocked|vendor
trsm,cdouble,sm_89,L,N,64,64,32768,blocked|vendor
trsm,cdouble,sm_89,L,N,64,128,128,blocked|vendor
trsm,cdouble,sm_89,L,N,64,128,512,blocked|vendor
trsm,cdouble,sm_89,L,N,64,128,2048,blocked|vendor
trsm,cdouble,sm_89,L,N,64,128,8192,blocked|vendor
trsm,cdouble,sm_89,L,N,64,128,32768,blocked|vendor
trsm,cdouble,sm_89,L,N,64,256,128,blocked|vendor
trsm,cdouble,sm_89,L,N,64,256,512,blocked|vendor
trsm,cdouble,sm_89,L,N,64,256,2048,blocked|vendor
trsm,cdouble,sm_89,L,N,64,256,8192,blocked|vendor
trsm,cdouble,sm_89,L,N,64,256,32768,blocked|vendor
trsm,cdouble,sm_89,L,N,64,512,128,blocked|vendor
trsm,cdouble,sm_89,L,N,64,512,512,blocked|vendor
trsm,cdouble,sm_89,L,N,64,512,2048,blocked|vendor
trsm,cdouble,sm_89,L,N,64,512,8192,blocked|vendor
trsm,cdouble,sm_89,L,N,64,512,32768,blocked|vendor
trsm,cdouble,sm_89,L,N,64,1024,128,blocked|vendor
trsm,cdouble,sm_89,L,N,64,1024,512,blocked|vendor
trsm,cdouble,sm_89,L,N,64,1024,2048,blocked|vendor
trsm,cdouble,sm_89,L,N,64,1024,8192,blocked|vendor
trsm,cdouble,sm_89,L,N,64,1024,32768,blocked|vendor
trsm,cdouble,sm_89,L,N,64,4096,128,blocked|vendor
trsm,cdouble,sm_89,L,N,64,4096,512,blocked|vendor
trsm,cdouble,sm_89,L,N,64,4096,2048,blocked|vendor
trsm,cdouble,sm_89,L,N,64,4096,8192,blocked|vendor
trsm,cdouble,sm_89,L,N,64,4096,32768,blocked|vendor
trsm,cdouble,sm_89,L,N,96,1,128,blocked|vendor
trsm,cdouble,sm_89,L,N,96,1,512,blocked|vendor
trsm,cdouble,sm_89,L,N,96,1,2048,blocked|vendor
trsm,cdouble,sm_89,L,N,96,1,8192,blocked|vendor
trsm,cdouble,sm_89,L,N,96,1,32768,blocked|vendor
trsm,cdouble,sm_89,L,N,96,2,128,blocked|vendor
trsm,cdouble,sm_89,L,N,96,2,512,blocked|vendor
trsm,cdouble,sm_89,L,N,96,2,2048,blocked|vendor
trsm,cdouble,sm_89,L,N,96,2,8192,blocked|vendor
trsm,cdouble,sm_89,L,N,96,2,32768,blocked|vendor
trsm,cdouble,sm_89,L,N,96,4,128,blocked|vendor
trsm,cdouble,sm_89,L,N,96,4,512,blocked|vendor
trsm,cdouble,sm_89,L,N,96,4,2048,blocked|vendor
trsm,cdouble,sm_89,L,N,96,4,8192,blocked|vendor
trsm,cdouble,sm_89,L,N,96,4,32768,blocked|vendor
trsm,cdouble,sm_89,L,N,96,8,128,blocked|vendor
trsm,cdouble,sm_89,L,N,96,8,512,blocked|vendor
trsm,cdouble,sm_89,L,N,96,8,2048,blocked|vendor
trsm,cdouble,sm_89,L,N,96,8,8192,blocked|vendor
trsm,cdouble,sm_89,L,N,96,8,32768,blocked|vendor
trsm,cdouble,sm_89,L,N,96,16,128,blocked|vendor
trsm,cdouble,sm_89,L,N,96,16,512,blocked|vendor
trsm,cdouble,sm_89,L,N,96,16,2048,blocked|vendor
trsm,cdouble,sm_89,L,N,96,16,8192,blocked|vendor
trsm,cdouble,sm_89,L,N,96,16,32768,blocked|vendor
trsm,cdouble,sm_89,L,N,96,32,128,blocked|vendor
trsm,cdouble,sm_89,L,N,96,32,512,blocked|vendor
trsm,cdouble,sm_89,L,N,96,32,2048,blocked|vendor
trsm,cdouble,sm_89,L,N,96,32,8192,blocked|vendor
trsm,cdouble,sm_89,L,N,96,32,32768,blocked|vendor
trsm,cdouble,sm_89,L,N,96,64,128,blocked|vendor
trsm,cdouble,sm_89,L,N,96,64,512,blocked|vendor
trsm,cdouble,sm_89,L,N,96,64,2048,blocked|vendor
trsm,cdouble,sm_89,L,N,96,64,8192,blocked|vendor
trsm,cdouble,sm_89,L,N,96,64,32768,blocked|vendor
trsm,cdouble,sm_89,L,N,96,128,128,blocked|vendor
trsm,cdouble,sm_89,L,N,96,128,512,blocked|vendor
trsm,cdouble,sm_89,L,N,96,128,2048,blocked|vendor
trsm,cdouble,sm_89,L,N,96,128,8192,blocked|vendor
trsm,cdouble,sm_89,L,N,96,128,32768,blocked|vendor
trsm,cdouble,sm_89,L,N,96,256,128,blocked|vendor
trsm,cdouble,sm_89,L,N,96,256,512,blocked|vendor
trsm,cdouble,sm_89,L,N,96,256,2048,blocked|vendor
trsm,cdouble,sm_89,L,N,96,256,8192,blocked|vendor
trsm,cdouble,sm_89,L,N,96,256,32768,blocked|vendor
trsm,cdouble,sm_89,L,N,96,512,128,blocked|vendor
trsm,cdouble,sm_89,L,N,96,512,512,blocked|vendor
trsm,cdouble,sm_89,L,N,96,512,2048,blocked|vendor
trsm,cdouble,sm_89,L,N,96,512,8192,blocked|vendor
trsm,cdouble,sm_89,L,N,96,512,32768,blocked|vendor
trsm,cdouble,sm_89,L,N,96,1024,128,blocked|vendor
trsm,cdouble,sm_89,L,N,96,1024,512,blocked|vendor
trsm,cdouble,sm_89,L,N,96,1024,2048,blocked|vendor
trsm,cdouble,sm_89,L,N,96,1024,8192,blocked|vendor
trsm,cdouble,sm_89,L,N,96,1024,32768,blocked|vendor
trsm,cdouble,sm_89,L,N,96,4096,128,blocked|vendor
trsm,cdouble,sm_89,L,N,96,4096,512,blocked|vendor
trsm,cdouble,sm_89,L,N,96,4096,2048,blocked|vendor
trsm,cdouble,sm_89,L,N,96,4096,8192,blocked|vendor
trsm,cdouble,sm_89,L,N,96,4096,32768,blocked|vendor
trsm,cdouble,sm_89,L,N,128,1,128,blocked|vendor
trsm,cdouble,sm_89,L,N,128,1,512,blocked|vendor
trsm,cdouble,sm_89,L,N,128,1,2048,blocked|vendor
trsm,cdouble,sm_89,L,N,128,1,8192,blocked|vendor
trsm,cdouble,sm_89,L,N,128,1,32768,blocked|vendor
trsm,cdouble,sm_89,L,N,128,2,128,blocked|vendor
trsm,cdouble,sm_89,L,N,128,2,512,blocked|vendor
trsm,cdouble,sm_89,L,N,128,2,2048,blocked|vendor
trsm,cdouble,sm_89,L,N,128,2,8192,blocked|vendor
trsm,cdouble,sm_89,L,N,128,2,32768,blocked|vendor
trsm,cdouble,sm_89,L,N,128,4,128,blocked|vendor
trsm,cdouble,sm_89,L,N,128,4,512,blocked|vendor
trsm,cdouble,sm_89,L,N,128,4,2048,blocked|vendor
trsm,cdouble,sm_89,L,N,128,4,8192,blocked|vendor
trsm,cdouble,sm_89,L,N,128,4,32768,blocked|vendor
trsm,cdouble,sm_89,L,N,128,8,128,blocked|vendor
trsm,cdouble,sm_89,L,N,128,8,512,blocked|vendor
trsm,cdouble,sm_89,L,N,128,8,2048,blocked|vendor
trsm,cdouble,sm_89,L,N,128,8,8192,blocked|vendor
trsm,cdouble,sm_89,L,N,128,8,32768,blocked|vendor
trsm,cdouble,sm_89,L,N,128,16,128,blocked|vendor
trsm,cdouble,sm_89,L,N,128,16,512,blocked|vendor
trsm,cdouble,sm_89,L,N,128,16,2048,blocked|vendor
trsm,cdouble,sm_89,L,N,128,16,8192,blocked|vendor
trsm,cdouble,sm_89,L,N,128,16,32768,blocked|vendor
trsm,cdouble,sm_89,L,N,128,32,128,blocked|vendor
trsm,cdouble,sm_89,L,N,128,32,512,blocked|vendor
trsm,cdouble,sm_89,L,N,128,32,2048,blocked|vendor
trsm,cdouble,sm_89,L,N,128,32,8192,blocked|vendor
trsm,cdouble,sm_89,L,N,128,32,32768,blocked|vendor
trsm,cdouble,sm_89,L,N,128,64,128,blocked|vendor
trsm,cdouble,sm_89,L,N,128,64,512,blocked|vendor
trsm,cdouble,sm_89,L,N,128,64,2048,blocked|vendor
trsm,cdouble,sm_89,L,N,128,64,8192,blocked|vendor
trsm,cdouble,sm_89,L,N,128,64,32768,blocked|vendor
trsm,cdouble,sm_89,L,N,128,128,128,blocked|vendor
trsm,cdouble,sm_89,L,N,128,128,512,blocked|vendor
trsm,cdouble,sm_89,L,N,128,128,2048,blocked|vendor
trsm,cdouble,sm_89,L,N,128,128,8192,blocked|vendor
trsm,cdouble,sm_89,L,N,128,128,32768,blocked|vendor
trsm,cdouble,sm_89,L,N,128,256,128,blocked|vendor
trsm,cdouble,sm_89,L,N,128,256,512,blocked|vendor
trsm,cdouble,sm_89,L,N,128,256,2048,blocked|vendor
trsm,cdouble,sm_89,L,N,128,256,8192,blocked|vendor
trsm,cdouble,sm_89,L,N,128,256,32768,blocked|vendor
trsm,cdouble,sm_89,L,N,128,512,128,blocked|vendor
trsm,cdouble,sm_89,L,N,128,512,512,blocked|vendor
trsm,cdouble,sm_89,L,N,128,512,2048,blocked|vendor
trsm,cdouble,sm_89,L,N,128,512,8192,blocked|vendor
trsm,cdouble,sm_89,L,N,128,512,32768,blocked|vendor
trsm,cdouble,sm_89,L,N,128,1024,128,blocked|vendor
trsm,cdouble,sm_89,L,N,128,1024,512,blocked|vendor
trsm,cdouble,sm_89,L,N,128,1024,2048,blocked|vendor
trsm,cdouble,sm_89,L,N,128,1024,8192,blocked|vendor
trsm,cdouble,sm_89,L,N,128,1024,32768,blocked|vendor
trsm,cdouble,sm_89,L,N,128,4096,128,blocked|vendor
trsm,cdouble,sm_89,L,N,128,4096,512,blocked|vendor
trsm,cdouble,sm_89,L,N,128,4096,2048,blocked|vendor
trsm,cdouble,sm_89,L,N,128,4096,8192,blocked|vendor
trsm,cdouble,sm_89,L,N,128,4096,32768,blocked|vendor
trsm,cdouble,sm_89,L,N,192,1,128,blocked|vendor
trsm,cdouble,sm_89,L,N,192,1,512,blocked|vendor
trsm,cdouble,sm_89,L,N,192,1,2048,blocked|vendor
trsm,cdouble,sm_89,L,N,192,1,8192,blocked|vendor
trsm,cdouble,sm_89,L,N,192,1,32768,blocked|vendor
trsm,cdouble,sm_89,L,N,192,2,128,blocked|vendor
trsm,cdouble,sm_89,L,N,192,2,512,blocked|vendor
trsm,cdouble,sm_89,L,N,192,2,2048,blocked|vendor
trsm,cdouble,sm_89,L,N,192,2,8192,blocked|vendor
trsm,cdouble,sm_89,L,N,192,2,32768,blocked|vendor
trsm,cdouble,sm_89,L,N,192,4,128,blocked|vendor
trsm,cdouble,sm_89,L,N,192,4,512,blocked|vendor
trsm,cdouble,sm_89,L,N,192,4,2048,blocked|vendor
trsm,cdouble,sm_89,L,N,192,4,8192,blocked|vendor
trsm,cdouble,sm_89,L,N,192,4,32768,blocked|vendor
trsm,cdouble,sm_89,L,N,192,8,128,blocked|vendor
trsm,cdouble,sm_89,L,N,192,8,512,blocked|vendor
trsm,cdouble,sm_89,L,N,192,8,2048,blocked|vendor
trsm,cdouble,sm_89,L,N,192,8,8192,blocked|vendor
trsm,cdouble,sm_89,L,N,192,8,32768,blocked|vendor
trsm,cdouble,sm_89,L,N,192,16,128,blocked|vendor
trsm,cdouble,sm_89,L,N,192,16,512,blocked|vendor
trsm,cdouble,sm_89,L,N,192,16,2048,blocked|vendor
trsm,cdouble,sm_89,L,N,192,16,8192,blocked|vendor
trsm,cdouble,sm_89,L,N,192,16,32768,blocked|vendor
trsm,cdouble,sm_89,L,N,192,32,128,blocked|vendor
trsm,cdouble,sm_89,L,N,192,32,512,blocked|vendor
trsm,cdouble,sm_89,L,N,192,32,2048,blocked|vendor
trsm,cdouble,sm_89,L,N,192,32,8192,blocked|vendor
trsm,cdouble,sm_89,L,N,192,32,32768,blocked|vendor
trsm,cdouble,sm_89,L,N,192,64,128,blocked|vendor
trsm,cdouble,sm_89,L,N,192,64,512,blocked|vendor
trsm,cdouble,sm_89,L,N,192,64,2048,blocked|vendor
trsm,cdouble,sm_89,L,N,192,64,8192,blocked|vendor
trsm,cdouble,sm_89,L,N,192,64,32768,blocked|vendor
trsm,cdouble,sm_89,L,N,192,128,128,blocked|vendor
trsm,cdouble,sm_89,L,N,192,128,512,blocked|vendor
trsm,cdouble,sm_89,L,N,192,128,2048,blocked|vendor
trsm,cdouble,sm_89,L,N,192,128,8192,blocked|vendor
trsm,cdouble,sm_89,L,N,192,128,32768,blocked|vendor
trsm,cdouble,sm_89,L,N,192,256,128,blocked|vendor
trsm,cdouble,sm_89,L,N,192,256,512,blocked|vendor
trsm,cdouble,sm_89,L,N,192,256,2048,blocked|vendor
trsm,cdouble,sm_89,L,N,192,256,8192,blocked|vendor
trsm,cdouble,sm_89,L,N,192,256,32768,blocked|vendor
trsm,cdouble,sm_89,L,N,192,512,128,blocked|vendor
trsm,cdouble,sm_89,L,N,192,512,512,blocked|vendor
trsm,cdouble,sm_89,L,N,192,512,2048,blocked|vendor
trsm,cdouble,sm_89,L,N,192,512,8192,blocked|vendor
trsm,cdouble,sm_89,L,N,192,512,32768,blocked|vendor
trsm,cdouble,sm_89,L,N,192,1024,128,blocked|vendor
trsm,cdouble,sm_89,L,N,192,1024,512,blocked|vendor
trsm,cdouble,sm_89,L,N,192,1024,2048,blocked|vendor
trsm,cdouble,sm_89,L,N,192,1024,8192,blocked|vendor
trsm,cdouble,sm_89,L,N,192,1024,32768,blocked|vendor
trsm,cdouble,sm_89,L,N,192,4096,128,blocked|vendor
trsm,cdouble,sm_89,L,N,192,4096,512,blocked|vendor
trsm,cdouble,sm_89,L,N,192,4096,2048,blocked|vendor
trsm,cdouble,sm_89,L,N,192,4096,8192,blocked|vendor
trsm,cdouble,sm_89,L,N,192,4096,32768,blocked|vendor
trsm,cdouble,sm_89,L,N,256,1,128,blocked|vendor
trsm,cdouble,sm_89,L,N,256,1,512,blocked|vendor
trsm,cdouble,sm_89,L,N,256,1,2048,blocked|vendor
trsm,cdouble,sm_89,L,N,256,1,8192,blocked|vendor
trsm,cdouble,sm_89,L,N,256,1,32768,blocked|vendor
trsm,cdouble,sm_89,L,N,256,2,128,blocked|vendor
trsm,cdouble,sm_89,L,N,256,2,512,blocked|vendor
trsm,cdouble,sm_89,L,N,256,2,2048,blocked|vendor
trsm,cdouble,sm_89,L,N,256,2,8192,blocked|vendor
trsm,cdouble,sm_89,L,N,256,2,32768,blocked|vendor
trsm,cdouble,sm_89,L,N,256,4,128,blocked|vendor
trsm,cdouble,sm_89,L,N,256,4,512,blocked|vendor
trsm,cdouble,sm_89,L,N,256,4,2048,blocked|vendor
trsm,cdouble,sm_89,L,N,256,4,8192,blocked|vendor
trsm,cdouble,sm_89,L,N,256,4,32768,blocked|vendor
trsm,cdouble,sm_89,L,N,256,8,128,blocked|vendor
trsm,cdouble,sm_89,L,N,256,8,512,blocked|vendor
trsm,cdouble,sm_89,L,N,256,8,2048,blocked|vendor
trsm,cdouble,sm_89,L,N,256,8,8192,blocked|vendor
trsm,cdouble,sm_89,L,N,256,8,32768,blocked|vendor
trsm,cdouble,sm_89,L,N,256,16,128,blocked|vendor
trsm,cdouble,sm_89,L,N,256,16,512,blocked|vendor
trsm,cdouble,sm_89,L,N,256,16,2048,blocked|vendor
trsm,cdouble,sm_89,L,N,256,16,8192,blocked|vendor
trsm,cdouble,sm_89,L,N,256,16,32768,blocked|vendor
trsm,cdouble,sm_89,L,N,256,32,128,blocked|vendor
trsm,cdouble,sm_89,L,N,256,32,512,blocked|vendor
trsm,cdouble,sm_89,L,N,256,32,2048,blocked|vendor
trsm,cdouble,sm_89,L,N,256,32,8192,blocked|vendor
trsm,cdouble,sm_89,L,N,256,32,32768,blocked|vendor
trsm,cdouble,sm_89,L,N,256,64,128,blocked|vendor
trsm,cdouble,sm_89,L,N,256,64,512,blocked|vendor
trsm,cdouble,sm_89,L,N,256,64,2048,blocked|vendor
trsm,cdouble,sm_89,L,N,256,64,8192,blocked|vendor
trsm,cdouble,sm_89,L,N,256,64,32768,blocked|vendor
trsm,cdouble,sm_89,L,N,256,128,128,blocked|vendor
trsm,cdouble,sm_89,L,N,256,128,512,blocked|vendor
trsm,cdouble,sm_89,L,N,256,128,2048,blocked|vendor
trsm,cdouble,sm_89,L,N,256,128,8192,blocked|vendor
trsm,cdouble,sm_89,L,N,256,128,32768,blocked|vendor
trsm,cdouble,sm_89,L,N,256,256,128,blocked|vendor
trsm,cdouble,sm_89,L,N,256,256,512,blocked|vendor
trsm,cdouble,sm_89,L,N,256,256,2048,blocked|vendor
trsm,cdouble,sm_89,L,N,256,256,8192,blocked|vendor
trsm,cdouble,sm_89,L,N,256,256,32768,blocked|vendor
trsm,cdouble,sm_89,L,N,256,512,128,blocked|vendor
trsm,cdouble,sm_89,L,N,256,512,512,blocked|vendor
trsm,cdouble,sm_89,L,N,256,512,2048,blocked|vendor
trsm,cdouble,sm_89,L,N,256,512,8192,blocked|vendor
trsm,cdouble,sm_89,L,N,256,512,32768,blocked|vendor
trsm,cdouble,sm_89,L,N,256,1024,128,blocked|vendor
trsm,cdouble,sm_89,L,N,256,1024,512,blocked|vendor
trsm,cdouble,sm_89,L,N,256,1024,2048,blocked|vendor
trsm,cdouble,sm_89,L,N,256,1024,8192,blocked|vendor
trsm,cdouble,sm_89,L,N,256,1024,32768,blocked|vendor
trsm,cdouble,sm_89,L,N,256,4096,128,blocked|vendor
trsm,cdouble,sm_89,L,N,256,4096,512,blocked|vendor
trsm,cdouble,sm_89,L,N,256,4096,2048,blocked|vendor
trsm,cdouble,sm_89,L,N,256,4096,8192,blocked|vendor
trsm,cdouble,sm_89,L,N,256,4096,32768,blocked|vendor
trsm,cdouble,sm_89,L,N,384,1,128,blocked|vendor
trsm,cdouble,sm_89,L,N,384,1,512,blocked|vendor
trsm,cdouble,sm_89,L,N,384,1,2048,blocked|vendor
trsm,cdouble,sm_89,L,N,384,1,8192,blocked|vendor
trsm,cdouble,sm_89,L,N,384,1,32768,blocked|vendor
trsm,cdouble,sm_89,L,N,384,2,128,blocked|vendor
trsm,cdouble,sm_89,L,N,384,2,512,blocked|vendor
trsm,cdouble,sm_89,L,N,384,2,2048,blocked|vendor
trsm,cdouble,sm_89,L,N,384,2,8192,blocked|vendor
trsm,cdouble,sm_89,L,N,384,2,32768,blocked|vendor
trsm,cdouble,sm_89,L,N,384,4,128,blocked|vendor
trsm,cdouble,sm_89,L,N,384,4,512,blocked|vendor
trsm,cdouble,sm_89,L,N,384,4,2048,blocked|vendor
trsm,cdouble,sm_89,L,N,384,4,8192,blocked|vendor
trsm,cdouble,sm_89,L,N,384,4,32768,blocked|vendor
trsm,cdouble,sm_89,L,N,384,8,128,blocked|vendor
trsm,cdouble,sm_89,L,N,384,8,512,blocked|vendor
trsm,cdouble,sm_89,L,N,384,8,2048,blocked|vendor
trsm,cdouble,sm_89,L,N,384,8,8192,blocked|vendor
trsm,cdouble,sm_89,L,N,384,8,32768,blocked|vendor
trsm,cdouble,sm_89,L,N,384,16,128,blocked|vendor
trsm,cdouble,sm_89,L,N,384,16,512,blocked|vendor
trsm,cdouble,sm_89,L,N,384,16,2048,blocked|vendor
trsm,cdouble,sm_89,L,N,384,16,8192,blocked|vendor
trsm,cdouble,sm_89,L,N,384,16,32768,blocked|vendor
trsm,cdouble,sm_89,L,N,384,32,128,blocked|vendor
trsm,cdouble,sm_89,L,N,384,32,512,blocked|vendor
trsm,cdouble,sm_89,L,N,384,32,2048,blocked|vendor
trsm,cdouble,sm_89,L,N,384,32,8192,blocked|vendor
trsm,cdouble,sm_89,L,N,384,32,32768,blocked|vendor
trsm,cdouble,sm_89,L,N,384,64,128,blocked|vendor
trsm,cdouble,sm_89,L,N,384,64,512,blocked|vendor
trsm,cdouble,sm_89,L,N,384,64,2048,blocked|vendor
trsm,cdouble,sm_89,L,N,384,64,8192,blocked|vendor
trsm,cdouble,sm_89,L,N,384,64,32768,blocked|vendor
trsm,cdouble,sm_89,L,N,384,128,128,blocked|vendor
trsm,cdouble,sm_89,L,N,384,128,512,blocked|vendor
trsm,cdouble,sm_89,L,N,384,128,2048,blocked|vendor
trsm,cdouble,sm_89,L,N,384,128,8192,blocked|vendor
trsm,cdouble,sm_89,L,N,384,128,32768,blocked|vendor
trsm,cdouble,sm_89,L,N,384,256,128,blocked|vendor
trsm,cdouble,sm_89,L,N,384,256,512,blocked|vendor
trsm,cdouble,sm_89,L,N,384,256,2048,blocked|vendor
trsm,cdouble,sm_89,L,N,384,256,8192,blocked|vendor
trsm,cdouble,sm_89,L,N,384,256,32768,blocked|vendor
trsm,cdouble,sm_89,L,N,384,512,128,blocked|vendor
trsm,cdouble,sm_89,L,N,384,512,512,blocked|vendor
trsm,cdouble,sm_89,L,N,384,512,2048,blocked|vendor
trsm,cdouble,sm_89,L,N,384,512,8192,blocked|vendor
trsm,cdouble,sm_89,L,N,384,512,32768,blocked|vendor
trsm,cdouble,sm_89,L,N,384,1024,128,blocked|vendor
trsm,cdouble,sm_89,L,N,384,1024,512,blocked|vendor
trsm,cdouble,sm_89,L,N,384,1024,2048,blocked|vendor
trsm,cdouble,sm_89,L,N,384,1024,8192,blocked|vendor
trsm,cdouble,sm_89,L,N,384,1024,32768,blocked|vendor
trsm,cdouble,sm_89,L,N,384,4096,128,blocked|vendor
trsm,cdouble,sm_89,L,N,384,4096,512,blocked|vendor
trsm,cdouble,sm_89,L,N,384,4096,2048,blocked|vendor
trsm,cdouble,sm_89,L,N,384,4096,8192,blocked|vendor
trsm,cdouble,sm_89,L,N,384,4096,32768,blocked|vendor
trsm,cdouble,sm_89,L,N,512,1,128,blocked|vendor
trsm,cdouble,sm_89,L,N,512,1,512,blocked|vendor
trsm,cdouble,sm_89,L,N,512,1,2048,blocked|vendor
trsm,cdouble,sm_89,L,N,512,1,8192,blocked|vendor
trsm,cdouble,sm_89,L,N,512,1,32768,blocked|vendor
trsm,cdouble,sm_89,L,N,512,2,128,blocked|vendor
trsm,cdouble,sm_89,L,N,512,2,512,blocked|vendor
trsm,cdouble,sm_89,L,N,512,2,2048,blocked|vendor
trsm,cdouble,sm_89,L,N,512,2,8192,blocked|vendor
trsm,cdouble,sm_89,L,N,512,2,32768,blocked|vendor
trsm,cdouble,sm_89,L,N,512,4,128,blocked|vendor
trsm,cdouble,sm_89,L,N,512,4,512,blocked|vendor
trsm,cdouble,sm_89,L,N,512,4,2048,blocked|vendor
trsm,cdouble,sm_89,L,N,512,4,8192,blocked|vendor
trsm,cdouble,sm_89,L,N,512,4,32768,blocked|vendor
trsm,cdouble,sm_89,L,N,512,8,128,blocked|vendor
trsm,cdouble,sm_89,L,N,512,8,512,blocked|vendor
trsm,cdouble,sm_89,L,N,512,8,2048,blocked|vendor
trsm,cdouble,sm_89,L,N,512,8,8192,blocked|vendor
trsm,cdouble,sm_89,L,N,512,8,32768,blocked|vendor
trsm,cdouble,sm_89,L,N,512,16,128,blocked|vendor
trsm,cdouble,sm_89,L,N,512,16,512,blocked|vendor
trsm,cdouble,sm_89,L,N,512,16,2048,blocked|vendor
trsm,cdouble,sm_89,L,N,512,16,8192,blocked|vendor
trsm,cdouble,sm_89,L,N,512,16,32768,blocked|vendor
trsm,cdouble,sm_89,L,N,512,32,128,blocked|vendor
trsm,cdouble,sm_89,L,N,512,32,512,blocked|vendor
trsm,cdouble,sm_89,L,N,512,32,2048,blocked|vendor
trsm,cdouble,sm_89,L,N,512,32,8192,blocked|vendor
trsm,cdouble,sm_89,L,N,512,32,32768,blocked|vendor
trsm,cdouble,sm_89,L,N,512,64,128,blocked|vendor
trsm,cdouble,sm_89,L,N,512,64,512,blocked|vendor
trsm,cdouble,sm_89,L,N,512,64,2048,blocked|vendor
trsm,cdouble,sm_89,L,N,512,64,8192,blocked|vendor
trsm,cdouble,sm_89,L,N,512,64,32768,blocked|vendor
trsm,cdouble,sm_89,L,N,512,128,128,blocked|vendor
trsm,cdouble,sm_89,L,N,512,128,512,blocked|vendor
trsm,cdouble,sm_89,L,N,512,128,2048,blocked|vendor
trsm,cdouble,sm_89,L,N,512,128,8192,blocked|vendor
trsm,cdouble,sm_89,L,N,512,128,32768,blocked|vendor
trsm,cdouble,sm_89,L,N,512,256,128,blocked|vendor
trsm,cdouble,sm_89,L,N,512,256,512,blocked|vendor
trsm,cdouble,sm_89,L,N,512,256,2048,blocked|vendor
trsm,cdouble,sm_89,L,N,512,256,8192,blocked|vendor
trsm,cdouble,sm_89,L,N,512,256,32768,blocked|vendor
trsm,cdouble,sm_89,L,N,512,512,128,blocked|vendor
trsm,cdouble,sm_89,L,N,512,512,512,blocked|vendor
trsm,cdouble,sm_89,L,N,512,512,2048,blocked|vendor
trsm,cdouble,sm_89,L,N,512,512,8192,blocked|vendor
trsm,cdouble,sm_89,L,N,512,512,32768,blocked|vendor
trsm,cdouble,sm_89,L,N,512,1024,128,blocked|vendor
trsm,cdouble,sm_89,L,N,512,1024,512,blocked|vendor
trsm,cdouble,sm_89,L,N,512,1024,2048,blocked|vendor
trsm,cdouble,sm_89,L,N,512,1024,8192,blocked|vendor
trsm,cdouble,sm_89,L,N,512,1024,32768,blocked|vendor
trsm,cdouble,sm_89,L,N,512,4096,128,blocked|vendor
trsm,cdouble,sm_89,L,N,512,4096,512,blocked|vendor
trsm,cdouble,sm_89,L,N,512,4096,2048,blocked|vendor
trsm,cdouble,sm_89,L,N,512,4096,8192,blocked|vendor
trsm,cdouble,sm_89,L,N,512,4096,32768,blocked|vendor
trsm,cdouble,sm_89,L,N,768,1,128,blocked|vendor
trsm,cdouble,sm_89,L,N,768,1,512,blocked|vendor
trsm,cdouble,sm_89,L,N,768,1,2048,blocked|vendor
trsm,cdouble,sm_89,L,N,768,1,8192,blocked|vendor
trsm,cdouble,sm_89,L,N,768,1,32768,blocked|vendor
trsm,cdouble,sm_89,L,N,768,2,128,blocked|vendor
trsm,cdouble,sm_89,L,N,768,2,512,blocked|vendor
trsm,cdouble,sm_89,L,N,768,2,2048,blocked|vendor
trsm,cdouble,sm_89,L,N,768,2,8192,blocked|vendor
trsm,cdouble,sm_89,L,N,768,2,32768,blocked|vendor
trsm,cdouble,sm_89,L,N,768,4,128,blocked|vendor
trsm,cdouble,sm_89,L,N,768,4,512,blocked|vendor
trsm,cdouble,sm_89,L,N,768,4,2048,blocked|vendor
trsm,cdouble,sm_89,L,N,768,4,8192,blocked|vendor
trsm,cdouble,sm_89,L,N,768,4,32768,blocked|vendor
trsm,cdouble,sm_89,L,N,768,8,128,blocked|vendor
trsm,cdouble,sm_89,L,N,768,8,512,blocked|vendor
trsm,cdouble,sm_89,L,N,768,8,2048,blocked|vendor
trsm,cdouble,sm_89,L,N,768,8,8192,blocked|vendor
trsm,cdouble,sm_89,L,N,768,8,32768,blocked|vendor
trsm,cdouble,sm_89,L,N,768,16,128,blocked|vendor
trsm,cdouble,sm_89,L,N,768,16,512,blocked|vendor
trsm,cdouble,sm_89,L,N,768,16,2048,blocked|vendor
trsm,cdouble,sm_89,L,N,768,16,8192,blocked|vendor
trsm,cdouble,sm_89,L,N,768,16,32768,blocked|vendor
trsm,cdouble,sm_89,L,N,768,32,128,blocked|vendor
trsm,cdouble,sm_89,L,N,768,32,512,blocked|vendor
trsm,cdouble,sm_89,L,N,768,32,2048,blocked|vendor
trsm,cdouble,sm_89,L,N,768,32,8192,blocked|vendor
trsm,cdouble,sm_89,L,N,768,32,32768,blocked|vendor
trsm,cdouble,sm_89,L,N,768,64,128,blocked|vendor
trsm,cdouble,sm_89,L,N,768,64,512,blocked|vendor
trsm,cdouble,sm_89,L,N,768,64,2048,blocked|vendor
trsm,cdouble,sm_89,L,N,768,64,8192,blocked|vendor
trsm,cdouble,sm_89,L,N,768,64,32768,blocked|vendor
trsm,cdouble,sm_89,L,N,768,128,128,blocked|vendor
trsm,cdouble,sm_89,L,N,768,128,512,blocked|vendor
trsm,cdouble,sm_89,L,N,768,128,2048,blocked|vendor
trsm,cdouble,sm_89,L,N,768,128,8192,blocked|vendor
trsm,cdouble,sm_89,L,N,768,128,32768,blocked|vendor
trsm,cdouble,sm_89,L,N,768,256,128,blocked|vendor
trsm,cdouble,sm_89,L,N,768,256,512,blocked|vendor
trsm,cdouble,sm_89,L,N,768,256,2048,blocked|vendor
trsm,cdouble,sm_89,L,N,768,256,8192,blocked|vendor
trsm,cdouble,sm_89,L,N,768,256,32768,blocked|vendor
trsm,cdouble,sm_89,L,N,768,512,128,blocked|vendor
trsm,cdouble,sm_89,L,N,768,512,512,blocked|vendor
trsm,cdouble,sm_89,L,N,768,512,2048,blocked|vendor
trsm,cdouble,sm_89,L,N,768,512,8192,blocked|vendor
trsm,cdouble,sm_89,L,N,768,512,32768,blocked|vendor
trsm,cdouble,sm_89,L,N,768,1024,128,blocked|vendor
trsm,cdouble,sm_89,L,N,768,1024,512,blocked|vendor
trsm,cdouble,sm_89,L,N,768,1024,2048,blocked|vendor
trsm,cdouble,sm_89,L,N,768,1024,8192,blocked|vendor
trsm,cdouble,sm_89,L,N,768,1024,32768,blocked|vendor
trsm,cdouble,sm_89,L,N,768,4096,128,blocked|vendor
trsm,cdouble,sm_89,L,N,768,4096,512,blocked|vendor
trsm,cdouble,sm_89,L,N,768,4096,2048,blocked|vendor
trsm,cdouble,sm_89,L,N,768,4096,8192,blocked|vendor
trsm,cdouble,sm_89,L,N,768,4096,32768,blocked|vendor
trsm,cdouble,sm_89,L,N,1024,1,128,blocked|vendor
trsm,cdouble,sm_89,L,N,1024,1,512,blocked|vendor
trsm,cdouble,sm_89,L,N,1024,1,2048,blocked|vendor
trsm,cdouble,sm_89,L,N,1024,1,8192,blocked|vendor
trsm,cdouble,sm_89,L,N,1024,1,32768,blocked|vendor
trsm,cdouble,sm_89,L,N,1024,2,128,blocked|vendor
trsm,cdouble,sm_89,L,N,1024,2,512,blocked|vendor
trsm,cdouble,sm_89,L,N,1024,2,2048,blocked|vendor
trsm,cdouble,sm_89,L,N,1024,2,8192,blocked|vendor
trsm,cdouble,sm_89,L,N,1024,2,32768,blocked|vendor
trsm,cdouble,sm_89,L,N,1024,4,128,blocked|vendor
trsm,cdouble,sm_89,L,N,1024,4,512,blocked|vendor
trsm,cdouble,sm_89,L,N,1024,4,2048,blocked|vendor
trsm,cdouble,sm_89,L,N,1024,4,8192,blocked|vendor
trsm,cdouble,sm_89,L,N,1024,4,32768,blocked|vendor
trsm,cdouble,sm_89,L,N,1024,8,128,blocked|vendor
trsm,cdouble,sm_89,L,N,1024,8,512,blocked|vendor
trsm,cdouble,sm_89,L,N,1024,8,2048,blocked|vendor
trsm,cdouble,sm_89,L,N,1024,8,8192,blocked|vendor
trsm,cdouble,sm_89,L,N,1024,8,32768,blocked|vendor
trsm,cdouble,sm_89,L,N,1024,16,128,blocked|vendor
trsm,cdouble,sm_89,L,N,1024,16,512,blocked|vendor
trsm,cdouble,sm_89,L,N,1024,16,2048,blocked|vendor
trsm,cdouble,sm_89,L,N,1024,16,8192,blocked|vendor
trsm,cdouble,sm_89,L,N,1024,16,32768,blocked|vendor
trsm,cdouble,sm_89,L,N,1024,32,128,blocked|vendor
trsm,cdouble,sm_89,L,N,1024,32,512,blocked|vendor
trsm,cdouble,sm_89,L,N,1024,32,2048,blocked|vendor
trsm,cdouble,sm_89,L,N,1024,32,8192,blocked|vendor
trsm,cdouble,sm_89,L,N,1024,32,32768,blocked|vendor
trsm,cdouble,sm_89,L,N,1024,64,128,blocked|vendor
trsm,cdouble,sm_89,L,N,1024,64,512,blocked|vendor
trsm,cdouble,sm_89,L,N,1024,64,2048,blocked|vendor
trsm,cdouble,sm_89,L,N,1024,64,8192,blocked|vendor
trsm,cdouble,sm_89,L,N,1024,64,32768,blocked|vendor
trsm,cdouble,sm_89,L,N,1024,128,128,blocked|vendor
trsm,cdouble,sm_89,L,N,1024,128,512,blocked|vendor
trsm,cdouble,sm_89,L,N,1024,128,2048,blocked|vendor
trsm,cdouble,sm_89,L,N,1024,128,8192,blocked|vendor
trsm,cdouble,sm_89,L,N,1024,128,32768,blocked|vendor
trsm,cdouble,sm_89,L,N,1024,256,128,blocked|vendor
trsm,cdouble,sm_89,L,N,1024,256,512,blocked|vendor
trsm,cdouble,sm_89,L,N,1024,256,2048,blocked|vendor
trsm,cdouble,sm_89,L,N,1024,256,8192,blocked|vendor
trsm,cdouble,sm_89,L,N,1024,256,32768,blocked|vendor
trsm,cdouble,sm_89,L,N,1024,512,128,blocked|vendor
trsm,cdouble,sm_89,L,N,1024,512,512,blocked|vendor
trsm,cdouble,sm_89,L,N,1024,512,2048,blocked|vendor
trsm,cdouble,sm_89,L,N,1024,512,8192,blocked|vendor
trsm,cdouble,sm_89,L,N,1024,512,32768,blocked|vendor
trsm,cdouble,sm_89,L,N,1024,1024,128,blocked|vendor
trsm,cdouble,sm_89,L,N,1024,1024,512,blocked|vendor
trsm,cdouble,sm_89,L,N,1024,1024,2048,blocked|vendor
trsm,cdouble,sm_89,L,N,1024,1024,8192,blocked|vendor
trsm,cdouble,sm_89,L,N,1024,1024,32768,blocked|vendor
trsm,cdouble,sm_89,L,N,1024,4096,128,blocked|vendor
trsm,cdouble,sm_89,L,N,1024,4096,512,blocked|vendor
trsm,cdouble,sm_89,L,N,1024,4096,2048,blocked|vendor
trsm,cdouble,sm_89,L,N,1024,4096,8192,blocked|vendor
trsm,cdouble,sm_89,L,N,1024,4096,32768,blocked|vendor
trsm,cdouble,sm_89,L,T,1,1,128,cta|blocked|vendor
trsm,cdouble,sm_89,L,T,1,1,512,cta|blocked|vendor
trsm,cdouble,sm_89,L,T,1,1,2048,cta|blocked|vendor
trsm,cdouble,sm_89,L,T,1,1,8192,cta|blocked|vendor
trsm,cdouble,sm_89,L,T,1,1,32768,cta|blocked|vendor
trsm,cdouble,sm_89,L,T,1,2,128,cta|blocked|vendor
trsm,cdouble,sm_89,L,T,1,2,512,cta|blocked|vendor
trsm,cdouble,sm_89,L,T,1,2,2048,cta|blocked|vendor
trsm,cdouble,sm_89,L,T,1,2,8192,cta|blocked|vendor
trsm,cdouble,sm_89,L,T,1,2,32768,cta|blocked|vendor
trsm,cdouble,sm_89,L,T,1,4,128,cta|blocked|vendor
trsm,cdouble,sm_89,L,T,1,4,512,cta|blocked|vendor
trsm,cdouble,sm_89,L,T,1,4,2048,cta|blocked|vendor
trsm,cdouble,sm_89,L,T,1,4,8192,cta|blocked|vendor
trsm,cdouble,sm_89,L,T,1,4,32768,cta|blocked|vendor
trsm,cdouble,sm_89,L,T,1,8,128,cta|blocked|vendor
trsm,cdouble,sm_89,L,T,1,8,512,cta|blocked|vendor
trsm,cdouble,sm_89,L,T,1,8,2048,cta|blocked|vendor
trsm,cdouble,sm_89,L,T,1,8,8192,cta|blocked|vendor
trsm,cdouble,sm_89,L,T,1,8,32768,cta|blocked|vendor
trsm,cdouble,sm_89,L,T,1,16,128,cta|blocked|vendor
trsm,cdouble,sm_89,L,T,1,16,512,cta|blocked|vendor
trsm,cdouble,sm_89,L,T,1,16,2048,cta|blocked|vendor
trsm,cdouble,sm_89,L,T,1,16,8192,cta|blocked|vendor
trsm,cdouble,sm_89,L,T,1,16,32768,cta|blocked|vendor
trsm,cdouble,sm_89,L,T,1,32,128,cta|blocked|vendor
trsm,cdouble,sm_89,L,T,1,32,512,cta|blocked|vendor
trsm,cdouble,sm_89,L,T,1,32,2048,cta|blocked|vendor
trsm,cdouble,sm_89,L,T,1,32,8192,cta|blocked|vendor
trsm,cdouble,sm_89,L,T,1,32,32768,cta|blocked|vendor
trsm,cdouble,sm_89,L,T,1,64,128,cta|blocked|vendor
trsm,cdouble,sm_89,L,T,1,64,512,cta|blocked|vendor
trsm,cdouble,sm_89,L,T,1,64,2048,cta|blocked|vendor
trsm,cdouble,sm_89,L,T,1,64,8192,cta|blocked|vendor
trsm,cdouble,sm_89,L,T,1,64,32768,cta|blocked|vendor
trsm,cdouble,sm_89,L,T,1,128,128,cta|blocked|vendor
trsm,cdouble,sm_89,L,T,1,128,512,cta|blocked|vendor
trsm,cdouble,sm_89,L,T,1,128,2048,cta|blocked|vendor
trsm,cdouble,sm_89,L,T,1,128,8192,cta|blocked|vendor
trsm,cdouble,sm_89,L,T,1,128,32768,cta|blocked|vendor
trsm,cdouble,sm_89,L,T,1,256,128,cta|blocked|vendor
trsm,cdouble,sm_89,L,T,1,256,512,cta|blocked|vendor
trsm,cdouble,sm_89,L,T,1,256,2048,cta|blocked|vendor
trsm,cdouble,sm_89,L,T,1,256,8192,cta|blocked|vendor
trsm,cdouble,sm_89,L,T,1,256,32768,cta|blocked|vendor
trsm,cdouble,sm_89,L,T,1,512,128,cta|blocked|vendor
trsm,cdouble,sm_89,L,T,1,512,512,cta|blocked|vendor
trsm,cdouble,sm_89,L,T,1,512,2048,cta|blocked|vendor
trsm,cdouble,sm_89,L,T,1,512,8192,cta|blocked|vendor
trsm,cdouble,sm_89,L,T,1,512,32768,cta|blocked|vendor
trsm,cdouble,sm_89,L,T,1,1024,128,cta|blocked|vendor
trsm,cdouble,sm_89,L,T,1,1024,512,cta|blocked|vendor
trsm,cdouble,sm_89,L,T,1,1024,2048,cta|blocked|vendor
trsm,cdouble,sm_89,L,T,1,1024,8192,cta|blocked|vendor
trsm,cdouble,sm_89,L,T,1,1024,32768,cta|blocked|vendor
trsm,cdouble,sm_89,L,T,1,4096,128,cta|blocked|vendor
trsm,cdouble,sm_89,L,T,1,4096,512,cta|blocked|vendor
trsm,cdouble,sm_89,L,T,1,4096,2048,cta|blocked|vendor
trsm,cdouble,sm_89,L,T,1,4096,8192,cta|blocked|vendor
trsm,cdouble,sm_89,L,T,1,4096,32768,cta|blocked|vendor
trsm,cdouble,sm_89,L,T,2,1,128,cta|blocked|vendor
trsm,cdouble,sm_89,L,T,2,1,512,cta|blocked|vendor
trsm,cdouble,sm_89,L,T,2,1,2048,cta|blocked|vendor
trsm,cdouble,sm_89,L,T,2,1,8192,cta|blocked|vendor
trsm,cdouble,sm_89,L,T,2,1,32768,cta|blocked|vendor
trsm,cdouble,sm_89,L,T,2,2,128,cta|blocked|vendor
trsm,cdouble,sm_89,L,T,2,2,512,cta|blocked|vendor
trsm,cdouble,sm_89,L,T,2,2,2048,cta|blocked|vendor
trsm,cdouble,sm_89,L,T,2,2,8192,cta|blocked|vendor
trsm,cdouble,sm_89,L,T,2,2,32768,cta|blocked|vendor
trsm,cdouble,sm_89,L,T,2,4,128,cta|blocked|vendor
trsm,cdouble,sm_89,L,T,2,4,512,cta|blocked|vendor
trsm,cdouble,sm_89,L,T,2,4,2048,cta|blocked|vendor
trsm,cdouble,sm_89,L,T,2,4,8192,cta|blocked|vendor
trsm,cdouble,sm_89,L,T,2,4,32768,cta|blocked|vendor
trsm,cdouble,sm_89,L,T,2,8,128,cta|blocked|vendor
trsm,cdouble,sm_89,L,T,2,8,512,cta|blocked|vendor
trsm,cdouble,sm_89,L,T,2,8,2048,cta|blocked|vendor
trsm,cdouble,sm_89,L,T,2,8,8192,cta|blocked|vendor
trsm,cdouble,sm_89,L,T,2,8,32768,cta|blocked|vendor
trsm,cdouble,sm_89,L,T,2,16,128,cta|blocked|vendor
trsm,cdouble,sm_89,L,T,2,16,512,cta|blocked|vendor
trsm,cdouble,sm_89,L,T,2,16,2048,cta|blocked|vendor
trsm,cdouble,sm_89,L,T,2,16,8192,cta|blocked|vendor
trsm,cdouble,sm_89,L,T,2,16,32768,cta|blocked|vendor
trsm,cdouble,sm_89,L,T,2,32,128,cta|blocked|vendor
trsm,cdouble,sm_89,L,T,2,32,512,cta|blocked|vendor
trsm,cdouble,sm_89,L,T,2,32,2048,cta|blocked|vendor
trsm,cdouble,sm_89,L,T,2,32,8192,cta|blocked|vendor
trsm,cdouble,sm_89,L,T,2,32,32768,cta|blocked|vendor
trsm,cdouble,sm_89,L,T,2,64,128,cta|blocked|vendor
trsm,cdouble,sm_89,L,T,2,64,512,cta|blocked|vendor
trsm,cdouble,sm_89,L,T,2,64,2048,cta|blocked|vendor
trsm,cdouble,sm_89,L,T,2,64,8192,cta|blocked|vendor
trsm,cdouble,sm_89,L,T,2,64,32768,cta|blocked|vendor
trsm,cdouble,sm_89,L,T,2,128,128,cta|blocked|vendor
trsm,cdouble,sm_89,L,T,2,128,512,cta|blocked|vendor
trsm,cdouble,sm_89,L,T,2,128,2048,cta|blocked|vendor
trsm,cdouble,sm_89,L,T,2,128,8192,cta|blocked|vendor
trsm,cdouble,sm_89,L,T,2,128,32768,cta|blocked|vendor
trsm,cdouble,sm_89,L,T,2,256,128,cta|blocked|vendor
trsm,cdouble,sm_89,L,T,2,256,512,cta|blocked|vendor
trsm,cdouble,sm_89,L,T,2,256,2048,cta|blocked|vendor
trsm,cdouble,sm_89,L,T,2,256,8192,cta|blocked|vendor
trsm,cdouble,sm_89,L,T,2,256,32768,cta|blocked|vendor
trsm,cdouble,sm_89,L,T,2,512,128,cta|blocked|vendor
trsm,cdouble,sm_89,L,T,2,512,512,cta|blocked|vendor
trsm,cdouble,sm_89,L,T,2,512,2048,cta|blocked|vendor
trsm,cdouble,sm_89,L,T,2,512,8192,cta|blocked|vendor
trsm,cdouble,sm_89,L,T,2,512,32768,cta|blocked|vendor
trsm,cdouble,sm_89,L,T,2,1024,128,cta|blocked|vendor
trsm,cdouble,sm_89,L,T,2,1024,512,cta|blocked|vendor
trsm,cdouble,sm_89,L,T,2,1024,2048,cta|blocked|vendor
trsm,cdouble,sm_89,L,T,2,1024,8192,cta|blocked|vendor
trsm,cdouble,sm_89,L,T,2,1024,32768,cta|blocked|vendor
trsm,cdouble,sm_89,L,T,2,4096,128,cta|blocked|vendor
trsm,cdouble,sm_89,L,T,2,4096,512,cta|blocked|vendor
trsm,cdouble,sm_89,L,T,2,4096,2048,cta|blocked|vendor
trsm,cdouble,sm_89,L,T,2,4096,8192,cta|blocked|vendor
trsm,cdouble,sm_89,L,T,2,4096,32768,cta|blocked|vendor
trsm,cdouble,sm_89,L,T,4,1,128,cta|blocked|vendor
trsm,cdouble,sm_89,L,T,4,1,512,cta|blocked|vendor
trsm,cdouble,sm_89,L,T,4,1,2048,cta|blocked|vendor
trsm,cdouble,sm_89,L,T,4,1,8192,cta|blocked|vendor
trsm,cdouble,sm_89,L,T,4,1,32768,cta|blocked|vendor
trsm,cdouble,sm_89,L,T,4,2,128,cta|blocked|vendor
trsm,cdouble,sm_89,L,T,4,2,512,cta|blocked|vendor
trsm,cdouble,sm_89,L,T,4,2,2048,cta|blocked|vendor
trsm,cdouble,sm_89,L,T,4,2,8192,cta|blocked|vendor
trsm,cdouble,sm_89,L,T,4,2,32768,cta|blocked|vendor
trsm,cdouble,sm_89,L,T,4,4,128,cta|blocked|vendor
trsm,cdouble,sm_89,L,T,4,4,512,cta|blocked|vendor
trsm,cdouble,sm_89,L,T,4,4,2048,cta|blocked|vendor
trsm,cdouble,sm_89,L,T,4,4,8192,cta|blocked|vendor
trsm,cdouble,sm_89,L,T,4,4,32768,cta|blocked|vendor
trsm,cdouble,sm_89,L,T,4,8,128,cta|blocked|vendor
trsm,cdouble,sm_89,L,T,4,8,512,cta|blocked|vendor
trsm,cdouble,sm_89,L,T,4,8,2048,cta|blocked|vendor
trsm,cdouble,sm_89,L,T,4,8,8192,cta|blocked|vendor
trsm,cdouble,sm_89,L,T,4,8,32768,cta|blocked|vendor
trsm,cdouble,sm_89,L,T,4,16,128,cta|blocked|vendor
trsm,cdouble,sm_89,L,T,4,16,512,cta|blocked|vendor
trsm,cdouble,sm_89,L,T,4,16,2048,cta|blocked|vendor
trsm,cdouble,sm_89,L,T,4,16,8192,cta|blocked|vendor
trsm,cdouble,sm_89,L,T,4,16,32768,cta|blocked|vendor
trsm,cdouble,sm_89,L,T,4,32,128,cta|blocked|vendor
trsm,cdouble,sm_89,L,T,4,32,512,cta|blocked|vendor
trsm,cdouble,sm_89,L,T,4,32,2048,cta|blocked|vendor
trsm,cdouble,sm_89,L,T,4,32,8192,cta|blocked|vendor
trsm,cdouble,sm_89,L,T,4,32,32768,cta|blocked|vendor
trsm,cdouble,sm_89,L,T,4,64,128,cta|blocked|vendor
trsm,cdouble,sm_89,L,T,4,64,512,cta|blocked|vendor
trsm,cdouble,sm_89,L,T,4,64,2048,cta|blocked|vendor
trsm,cdouble,sm_89,L,T,4,64,8192,cta|blocked|vendor
trsm,cdouble,sm_89,L,T,4,64,32768,cta|blocked|vendor
trsm,cdouble,sm_89,L,T,4,128,128,cta|blocked|vendor
trsm,cdouble,sm_89,L,T,4,128,512,cta|blocked|vendor
trsm,cdouble,sm_89,L,T,4,128,2048,cta|blocked|vendor
trsm,cdouble,sm_89,L,T,4,128,8192,cta|blocked|vendor
trsm,cdouble,sm_89,L,T,4,128,32768,cta|blocked|vendor
trsm,cdouble,sm_89,L,T,4,256,128,cta|blocked|vendor
trsm,cdouble,sm_89,L,T,4,256,512,cta|blocked|vendor
trsm,cdouble,sm_89,L,T,4,256,2048,cta|blocked|vendor
trsm,cdouble,sm_89,L,T,4,256,8192,cta|blocked|vendor
trsm,cdouble,sm_89,L,T,4,256,32768,cta|blocked|vendor
trsm,cdouble,sm_89,L,T,4,512,128,cta|blocked|vendor
trsm,cdouble,sm_89,L,T,4,512,512,cta|blocked|vendor
trsm,cdouble,sm_89,L,T,4,512,2048,cta|blocked|vendor
trsm,cdouble,sm_89,L,T,4,512,8192,cta|blocked|vendor
trsm,cdouble,sm_89,L,T,4,512,32768,cta|blocked|vendor
trsm,cdouble,sm_89,L,T,4,1024,128,cta|blocked|vendor
trsm,cdouble,sm_89,L,T,4,1024,512,cta|blocked|vendor
trsm,cdouble,sm_89,L,T,4,1024,2048,cta|blocked|vendor
trsm,cdouble,sm_89,L,T,4,1024,8192,cta|blocked|vendor
trsm,cdouble,sm_89,L,T,4,1024,32768,cta|blocked|vendor
trsm,cdouble,sm_89,L,T,4,4096,128,cta|blocked|vendor
trsm,cdouble,sm_89,L,T,4,4096,512,cta|blocked|vendor
trsm,cdouble,sm_89,L,T,4,4096,2048,cta|blocked|vendor
trsm,cdouble,sm_89,L,T,4,4096,8192,cta|blocked|vendor
trsm,cdouble,sm_89,L,T,4,4096,32768,cta|blocked|vendor
trsm,cdouble,sm_89,L,T,8,1,128,cta|blocked|vendor
trsm,cdouble,sm_89,L,T,8,1,512,cta|blocked|vendor
trsm,cdouble,sm_89,L,T,8,1,2048,cta|blocked|vendor
trsm,cdouble,sm_89,L,T,8,1,8192,cta|blocked|vendor
trsm,cdouble,sm_89,L,T,8,1,32768,cta|blocked|vendor
trsm,cdouble,sm_89,L,T,8,2,128,cta|blocked|vendor
trsm,cdouble,sm_89,L,T,8,2,512,cta|blocked|vendor
trsm,cdouble,sm_89,L,T,8,2,2048,cta|blocked|vendor
trsm,cdouble,sm_89,L,T,8,2,8192,cta|blocked|vendor
trsm,cdouble,sm_89,L,T,8,2,32768,cta|blocked|vendor
trsm,cdouble,sm_89,L,T,8,4,128,cta|blocked|vendor
trsm,cdouble,sm_89,L,T,8,4,512,cta|blocked|vendor
trsm,cdouble,sm_89,L,T,8,4,2048,cta|blocked|vendor
trsm,cdouble,sm_89,L,T,8,4,8192,cta|blocked|vendor
trsm,cdouble,sm_89,L,T,8,4,32768,cta|blocked|vendor
trsm,cdouble,sm_89,L,T,8,8,128,cta|blocked|vendor
trsm,cdouble,sm_89,L,T,8,8,512,cta|blocked|vendor
trsm,cdouble,sm_89,L,T,8,8,2048,cta|blocked|vendor
trsm,cdouble,sm_89,L,T,8,8,8192,cta|blocked|vendor
trsm,cdouble,sm_89,L,T,8,8,32768,cta|blocked|vendor
trsm,cdouble,sm_89,L,T,8,16,128,cta|blocked|vendor
trsm,cdouble,sm_89,L,T,8,16,512,cta|blocked|vendor
trsm,cdouble,sm_89,L,T,8,16,2048,cta|blocked|vendor
trsm,cdouble,sm_89,L,T,8,16,8192,cta|blocked|vendor
trsm,cdouble,sm_89,L,T,8,16,32768,cta|blocked|vendor
trsm,cdouble,sm_89,L,T,8,32,128,cta|blocked|vendor
trsm,cdouble,sm_89,L,T,8,32,512,cta|blocked|vendor
trsm,cdouble,sm_89,L,T,8,32,2048,cta|blocked|vendor
trsm,cdouble,sm_89,L,T,8,32,8192,cta|blocked|vendor
trsm,cdouble,sm_89,L,T,8,32,32768,cta|blocked|vendor
trsm,cdouble,sm_89,L,T,8,64,128,cta|blocked|vendor
trsm,cdouble,sm_89,L,T,8,64,512,cta|blocked|vendor
trsm,cdouble,sm_89,L,T,8,64,2048,cta|blocked|vendor
trsm,cdouble,sm_89,L,T,8,64,8192,cta|blocked|vendor
trsm,cdouble,sm_89,L,T,8,64,32768,cta|blocked|vendor
trsm,cdouble,sm_89,L,T,8,128,128,cta|blocked|vendor
trsm,cdouble,sm_89,L,T,8,128,512,cta|blocked|vendor
trsm,cdouble,sm_89,L,T,8,128,2048,cta|blocked|vendor
trsm,cdouble,sm_89,L,T,8,128,8192,cta|blocked|vendor
trsm,cdouble,sm_89,L,T,8,128,32768,cta|blocked|vendor
trsm,cdouble,sm_89,L,T,8,256,128,cta|blocked|vendor
trsm,cdouble,sm_89,L,T,8,256,512,cta|blocked|vendor
trsm,cdouble,sm_89,L,T,8,256,2048,cta|blocked|vendor
trsm,cdouble,sm_89,L,T,8,256,8192,cta|blocked|vendor
trsm,cdouble,sm_89,L,T,8,256,32768,cta|blocked|vendor
trsm,cdouble,sm_89,L,T,8,512,128,cta|blocked|vendor
trsm,cdouble,sm_89,L,T,8,512,512,cta|blocked|vendor
trsm,cdouble,sm_89,L,T,8,512,2048,cta|blocked|vendor
trsm,cdouble,sm_89,L,T,8,512,8192,cta|blocked|vendor
trsm,cdouble,sm_89,L,T,8,512,32768,cta|blocked|vendor
trsm,cdouble,sm_89,L,T,8,1024,128,cta|blocked|vendor
trsm,cdouble,sm_89,L,T,8,1024,512,cta|blocked|vendor
trsm,cdouble,sm_89,L,T,8,1024,2048,cta|blocked|vendor
trsm,cdouble,sm_89,L,T,8,1024,8192,cta|blocked|vendor
trsm,cdouble,sm_89,L,T,8,1024,32768,cta|blocked|vendor
trsm,cdouble,sm_89,L,T,8,4096,128,cta|blocked|vendor
trsm,cdouble,sm_89,L,T,8,4096,512,cta|blocked|vendor
trsm,cdouble,sm_89,L,T,8,4096,2048,cta|blocked|vendor
trsm,cdouble,sm_89,L,T,8,4096,8192,cta|blocked|vendor
trsm,cdouble,sm_89,L,T,8,4096,32768,cta|blocked|vendor
trsm,cdouble,sm_89,L,T,12,1,128,cta|blocked|vendor
trsm,cdouble,sm_89,L,T,12,1,512,cta|blocked|vendor
trsm,cdouble,sm_89,L,T,12,1,2048,cta|blocked|vendor
trsm,cdouble,sm_89,L,T,12,1,8192,cta|blocked|vendor
trsm,cdouble,sm_89,L,T,12,1,32768,cta|blocked|vendor
trsm,cdouble,sm_89,L,T,12,2,128,cta|blocked|vendor
trsm,cdouble,sm_89,L,T,12,2,512,cta|blocked|vendor
trsm,cdouble,sm_89,L,T,12,2,2048,cta|blocked|vendor
trsm,cdouble,sm_89,L,T,12,2,8192,cta|blocked|vendor
trsm,cdouble,sm_89,L,T,12,2,32768,cta|blocked|vendor
trsm,cdouble,sm_89,L,T,12,4,128,cta|blocked|vendor
trsm,cdouble,sm_89,L,T,12,4,512,cta|blocked|vendor
trsm,cdouble,sm_89,L,T,12,4,2048,cta|blocked|vendor
trsm,cdouble,sm_89,L,T,12,4,8192,cta|blocked|vendor
trsm,cdouble,sm_89,L,T,12,4,32768,cta|blocked|vendor
trsm,cdouble,sm_89,L,T,12,8,128,cta|blocked|vendor
trsm,cdouble,sm_89,L,T,12,8,512,cta|blocked|vendor
trsm,cdouble,sm_89,L,T,12,8,2048,cta|blocked|vendor
trsm,cdouble,sm_89,L,T,12,8,8192,cta|blocked|vendor
trsm,cdouble,sm_89,L,T,12,8,32768,cta|blocked|vendor
trsm,cdouble,sm_89,L,T,12,16,128,cta|blocked|vendor
trsm,cdouble,sm_89,L,T,12,16,512,cta|blocked|vendor
trsm,cdouble,sm_89,L,T,12,16,2048,cta|blocked|vendor
trsm,cdouble,sm_89,L,T,12,16,8192,cta|blocked|vendor
trsm,cdouble,sm_89,L,T,12,16,32768,cta|blocked|vendor
trsm,cdouble,sm_89,L,T,12,32,128,cta|blocked|vendor
trsm,cdouble,sm_89,L,T,12,32,512,cta|blocked|vendor
trsm,cdouble,sm_89,L,T,12,32,2048,cta|blocked|vendor
trsm,cdouble,sm_89,L,T,12,32,8192,cta|blocked|vendor
trsm,cdouble,sm_89,L,T,12,32,32768,cta|blocked|vendor
trsm,cdouble,sm_89,L,T,12,64,128,cta|blocked|vendor
trsm,cdouble,sm_89,L,T,12,64,512,cta|blocked|vendor
trsm,cdouble,sm_89,L,T,12,64,2048,cta|blocked|vendor
trsm,cdouble,sm_89,L,T,12,64,8192,cta|blocked|vendor
trsm,cdouble,sm_89,L,T,12,64,32768,cta|blocked|vendor
trsm,cdouble,sm_89,L,T,12,128,128,cta|blocked|vendor
trsm,cdouble,sm_89,L,T,12,128,512,cta|blocked|vendor
trsm,cdouble,sm_89,L,T,12,128,2048,cta|blocked|vendor
trsm,cdouble,sm_89,L,T,12,128,8192,cta|blocked|vendor
trsm,cdouble,sm_89,L,T,12,128,32768,cta|blocked|vendor
trsm,cdouble,sm_89,L,T,12,256,128,cta|blocked|vendor
trsm,cdouble,sm_89,L,T,12,256,512,cta|blocked|vendor
trsm,cdouble,sm_89,L,T,12,256,2048,cta|blocked|vendor
trsm,cdouble,sm_89,L,T,12,256,8192,cta|blocked|vendor
trsm,cdouble,sm_89,L,T,12,256,32768,cta|blocked|vendor
trsm,cdouble,sm_89,L,T,12,512,128,cta|blocked|vendor
trsm,cdouble,sm_89,L,T,12,512,512,cta|blocked|vendor
trsm,cdouble,sm_89,L,T,12,512,2048,cta|blocked|vendor
trsm,cdouble,sm_89,L,T,12,512,8192,cta|blocked|vendor
trsm,cdouble,sm_89,L,T,12,512,32768,cta|blocked|vendor
trsm,cdouble,sm_89,L,T,12,1024,128,cta|blocked|vendor
trsm,cdouble,sm_89,L,T,12,1024,512,cta|blocked|vendor
trsm,cdouble,sm_89,L,T,12,1024,2048,cta|blocked|vendor
trsm,cdouble,sm_89,L,T,12,1024,8192,cta|blocked|vendor
trsm,cdouble,sm_89,L,T,12,1024,32768,cta|blocked|vendor
trsm,cdouble,sm_89,L,T,12,4096,128,cta|blocked|vendor
trsm,cdouble,sm_89,L,T,12,4096,512,cta|blocked|vendor
trsm,cdouble,sm_89,L,T,12,4096,2048,cta|blocked|vendor
trsm,cdouble,sm_89,L,T,12,4096,8192,cta|blocked|vendor
trsm,cdouble,sm_89,L,T,12,4096,32768,cta|blocked|vendor
trsm,cdouble,sm_89,L,T,16,1,128,cta|blocked|vendor
trsm,cdouble,sm_89,L,T,16,1,512,cta|blocked|vendor
trsm,cdouble,sm_89,L,T,16,1,2048,cta|blocked|vendor
trsm,cdouble,sm_89,L,T,16,1,8192,cta|blocked|vendor
trsm,cdouble,sm_89,L,T,16,1,32768,cta|blocked|vendor
trsm,cdouble,sm_89,L,T,16,2,128,cta|blocked|vendor
trsm,cdouble,sm_89,L,T,16,2,512,cta|blocked|vendor
trsm,cdouble,sm_89,L,T,16,2,2048,cta|blocked|vendor
trsm,cdouble,sm_89,L,T,16,2,8192,cta|blocked|vendor
trsm,cdouble,sm_89,L,T,16,2,32768,cta|blocked|vendor
trsm,cdouble,sm_89,L,T,16,4,128,cta|blocked|vendor
trsm,cdouble,sm_89,L,T,16,4,512,cta|blocked|vendor
trsm,cdouble,sm_89,L,T,16,4,2048,cta|blocked|vendor
trsm,cdouble,sm_89,L,T,16,4,8192,cta|blocked|vendor
trsm,cdouble,sm_89,L,T,16,4,32768,cta|blocked|vendor
trsm,cdouble,sm_89,L,T,16,8,128,cta|blocked|vendor
trsm,cdouble,sm_89,L,T,16,8,512,cta|blocked|vendor
trsm,cdouble,sm_89,L,T,16,8,2048,cta|blocked|vendor
trsm,cdouble,sm_89,L,T,16,8,8192,cta|blocked|vendor
trsm,cdouble,sm_89,L,T,16,8,32768,cta|blocked|vendor
trsm,cdouble,sm_89,L,T,16,16,128,cta|blocked|vendor
trsm,cdouble,sm_89,L,T,16,16,512,cta|blocked|vendor
trsm,cdouble,sm_89,L,T,16,16,2048,cta|blocked|vendor
trsm,cdouble,sm_89,L,T,16,16,8192,cta|blocked|vendor
trsm,cdouble,sm_89,L,T,16,16,32768,cta|blocked|vendor
trsm,cdouble,sm_89,L,T,16,32,128,cta|blocked|vendor
trsm,cdouble,sm_89,L,T,16,32,512,cta|blocked|vendor
trsm,cdouble,sm_89,L,T,16,32,2048,cta|blocked|vendor
trsm,cdouble,sm_89,L,T,16,32,8192,cta|blocked|vendor
trsm,cdouble,sm_89,L,T,16,32,32768,cta|blocked|vendor
trsm,cdouble,sm_89,L,T,16,64,128,cta|blocked|vendor
trsm,cdouble,sm_89,L,T,16,64,512,cta|blocked|vendor
trsm,cdouble,sm_89,L,T,16,64,2048,cta|blocked|vendor
trsm,cdouble,sm_89,L,T,16,64,8192,cta|blocked|vendor
trsm,cdouble,sm_89,L,T,16,64,32768,cta|blocked|vendor
trsm,cdouble,sm_89,L,T,16,128,128,cta|blocked|vendor
trsm,cdouble,sm_89,L,T,16,128,512,cta|blocked|vendor
trsm,cdouble,sm_89,L,T,16,128,2048,cta|blocked|vendor
trsm,cdouble,sm_89,L,T,16,128,8192,cta|blocked|vendor
trsm,cdouble,sm_89,L,T,16,128,32768,cta|blocked|vendor
trsm,cdouble,sm_89,L,T,16,256,128,cta|blocked|vendor
trsm,cdouble,sm_89,L,T,16,256,512,cta|blocked|vendor
trsm,cdouble,sm_89,L,T,16,256,2048,cta|blocked|vendor
trsm,cdouble,sm_89,L,T,16,256,8192,cta|blocked|vendor
trsm,cdouble,sm_89,L,T,16,256,32768,cta|blocked|vendor
trsm,cdouble,sm_89,L,T,16,512,128,cta|blocked|vendor
trsm,cdouble,sm_89,L,T,16,512,512,cta|blocked|vendor
trsm,cdouble,sm_89,L,T,16,512,2048,cta|blocked|vendor
trsm,cdouble,sm_89,L,T,16,512,8192,cta|blocked|vendor
trsm,cdouble,sm_89,L,T,16,512,32768,cta|blocked|vendor
trsm,cdouble,sm_89,L,T,16,1024,128,cta|blocked|vendor
trsm,cdouble,sm_89,L,T,16,1024,512,cta|blocked|vendor
trsm,cdouble,sm_89,L,T,16,1024,2048,cta|blocked|vendor
trsm,cdouble,sm_89,L,T,16,1024,8192,cta|blocked|vendor
trsm,cdouble,sm_89,L,T,16,1024,32768,cta|blocked|vendor
trsm,cdouble,sm_89,L,T,16,4096,128,cta|blocked|vendor
trsm,cdouble,sm_89,L,T,16,4096,512,cta|blocked|vendor
trsm,cdouble,sm_89,L,T,16,4096,2048,cta|blocked|vendor
trsm,cdouble,sm_89,L,T,16,4096,8192,cta|blocked|vendor
trsm,cdouble,sm_89,L,T,16,4096,32768,cta|blocked|vendor
trsm,cdouble,sm_89,L,T,24,1,128,cta|blocked|vendor
trsm,cdouble,sm_89,L,T,24,1,512,cta|blocked|vendor
trsm,cdouble,sm_89,L,T,24,1,2048,cta|blocked|vendor
trsm,cdouble,sm_89,L,T,24,1,8192,cta|blocked|vendor
trsm,cdouble,sm_89,L,T,24,1,32768,cta|blocked|vendor
trsm,cdouble,sm_89,L,T,24,2,128,cta|blocked|vendor
trsm,cdouble,sm_89,L,T,24,2,512,cta|blocked|vendor
trsm,cdouble,sm_89,L,T,24,2,2048,cta|blocked|vendor
trsm,cdouble,sm_89,L,T,24,2,8192,cta|blocked|vendor
trsm,cdouble,sm_89,L,T,24,2,32768,cta|blocked|vendor
trsm,cdouble,sm_89,L,T,24,4,128,cta|blocked|vendor
trsm,cdouble,sm_89,L,T,24,4,512,cta|blocked|vendor
trsm,cdouble,sm_89,L,T,24,4,2048,cta|blocked|vendor
trsm,cdouble,sm_89,L,T,24,4,8192,cta|blocked|vendor
trsm,cdouble,sm_89,L,T,24,4,32768,cta|blocked|vendor
trsm,cdouble,sm_89,L,T,24,8,128,cta|blocked|vendor
trsm,cdouble,sm_89,L,T,24,8,512,cta|blocked|vendor
trsm,cdouble,sm_89,L,T,24,8,2048,cta|blocked|vendor
trsm,cdouble,sm_89,L,T,24,8,8192,cta|blocked|vendor
trsm,cdouble,sm_89,L,T,24,8,32768,cta|blocked|vendor
trsm,cdouble,sm_89,L,T,24,16,128,cta|blocked|vendor
trsm,cdouble,sm_89,L,T,24,16,512,cta|blocked|vendor
trsm,cdouble,sm_89,L,T,24,16,2048,cta|blocked|vendor
trsm,cdouble,sm_89,L,T,24,16,8192,cta|blocked|vendor
trsm,cdouble,sm_89,L,T,24,16,32768,cta|blocked|vendor
trsm,cdouble,sm_89,L,T,24,32,128,cta|blocked|vendor
trsm,cdouble,sm_89,L,T,24,32,512,cta|blocked|vendor
trsm,cdouble,sm_89,L,T,24,32,2048,cta|blocked|vendor
trsm,cdouble,sm_89,L,T,24,32,8192,cta|blocked|vendor
trsm,cdouble,sm_89,L,T,24,32,32768,cta|blocked|vendor
trsm,cdouble,sm_89,L,T,24,64,128,cta|blocked|vendor
trsm,cdouble,sm_89,L,T,24,64,512,cta|blocked|vendor
trsm,cdouble,sm_89,L,T,24,64,2048,cta|blocked|vendor
trsm,cdouble,sm_89,L,T,24,64,8192,cta|blocked|vendor
trsm,cdouble,sm_89,L,T,24,64,32768,cta|blocked|vendor
trsm,cdouble,sm_89,L,T,24,128,128,cta|blocked|vendor
trsm,cdouble,sm_89,L,T,24,128,512,cta|blocked|vendor
trsm,cdouble,sm_89,L,T,24,128,2048,cta|blocked|vendor
trsm,cdouble,sm_89,L,T,24,128,8192,cta|blocked|vendor
trsm,cdouble,sm_89,L,T,24,128,32768,cta|blocked|vendor
trsm,cdouble,sm_89,L,T,24,256,128,cta|blocked|vendor
trsm,cdouble,sm_89,L,T,24,256,512,cta|blocked|vendor
trsm,cdouble,sm_89,L,T,24,256,2048,cta|blocked|vendor
trsm,cdouble,sm_89,L,T,24,256,8192,cta|blocked|vendor
trsm,cdouble,sm_89,L,T,24,256,32768,cta|blocked|vendor
trsm,cdouble,sm_89,L,T,24,512,128,cta|blocked|vendor
trsm,cdouble,sm_89,L,T,24,512,512,cta|blocked|vendor
trsm,cdouble,sm_89,L,T,24,512,2048,cta|blocked|vendor
trsm,cdouble,sm_89,L,T,24,512,8192,cta|blocked|vendor
trsm,cdouble,sm_89,L,T,24,512,32768,cta|blocked|vendor
trsm,cdouble,sm_89,L,T,24,1024,128,cta|blocked|vendor
trsm,cdouble,sm_89,L,T,24,1024,512,cta|blocked|vendor
trsm,cdouble,sm_89,L,T,24,1024,2048,cta|blocked|vendor
trsm,cdouble,sm_89,L,T,24,1024,8192,cta|blocked|vendor
trsm,cdouble,sm_89,L,T,24,1024,32768,cta|blocked|vendor
trsm,cdouble,sm_89,L,T,24,4096,128,cta|blocked|vendor
trsm,cdouble,sm_89,L,T,24,4096,512,cta|blocked|vendor
trsm,cdouble,sm_89,L,T,24,4096,2048,cta|blocked|vendor
trsm,cdouble,sm_89,L,T,24,4096,8192,cta|blocked|vendor
trsm,cdouble,sm_89,L,T,24,4096,32768,cta|blocked|vendor
trsm,cdouble,sm_89,L,T,32,1,128,cta|blocked|vendor
trsm,cdouble,sm_89,L,T,32,1,512,cta|blocked|vendor
trsm,cdouble,sm_89,L,T,32,1,2048,cta|blocked|vendor
trsm,cdouble,sm_89,L,T,32,1,8192,cta|blocked|vendor
trsm,cdouble,sm_89,L,T,32,1,32768,cta|blocked|vendor
trsm,cdouble,sm_89,L,T,32,2,128,cta|blocked|vendor
trsm,cdouble,sm_89,L,T,32,2,512,cta|blocked|vendor
trsm,cdouble,sm_89,L,T,32,2,2048,cta|blocked|vendor
trsm,cdouble,sm_89,L,T,32,2,8192,cta|blocked|vendor
trsm,cdouble,sm_89,L,T,32,2,32768,cta|blocked|vendor
trsm,cdouble,sm_89,L,T,32,4,128,cta|blocked|vendor
trsm,cdouble,sm_89,L,T,32,4,512,cta|blocked|vendor
trsm,cdouble,sm_89,L,T,32,4,2048,cta|blocked|vendor
trsm,cdouble,sm_89,L,T,32,4,8192,cta|blocked|vendor
trsm,cdouble,sm_89,L,T,32,4,32768,cta|blocked|vendor
trsm,cdouble,sm_89,L,T,32,8,128,cta|blocked|vendor
trsm,cdouble,sm_89,L,T,32,8,512,cta|blocked|vendor
trsm,cdouble,sm_89,L,T,32,8,2048,cta|blocked|vendor
trsm,cdouble,sm_89,L,T,32,8,8192,cta|blocked|vendor
trsm,cdouble,sm_89,L,T,32,8,32768,cta|blocked|vendor
trsm,cdouble,sm_89,L,T,32,16,128,cta|blocked|vendor
trsm,cdouble,sm_89,L,T,32,16,512,cta|blocked|vendor
trsm,cdouble,sm_89,L,T,32,16,2048,cta|blocked|vendor
trsm,cdouble,sm_89,L,T,32,16,8192,cta|blocked|vendor
trsm,cdouble,sm_89,L,T,32,16,32768,cta|blocked|vendor
trsm,cdouble,sm_89,L,T,32,32,128,cta|blocked|vendor
trsm,cdouble,sm_89,L,T,32,32,512,cta|blocked|vendor
trsm,cdouble,sm_89,L,T,32,32,2048,cta|blocked|vendor
trsm,cdouble,sm_89,L,T,32,32,8192,cta|blocked|vendor
trsm,cdouble,sm_89,L,T,32,32,32768,cta|blocked|vendor
trsm,cdouble,sm_89,L,T,32,64,128,cta|blocked|vendor
trsm,cdouble,sm_89,L,T,32,64,512,cta|blocked|vendor
trsm,cdouble,sm_89,L,T,32,64,2048,cta|blocked|vendor
trsm,cdouble,sm_89,L,T,32,64,8192,cta|blocked|vendor
trsm,cdouble,sm_89,L,T,32,64,32768,cta|blocked|vendor
trsm,cdouble,sm_89,L,T,32,128,128,cta|blocked|vendor
trsm,cdouble,sm_89,L,T,32,128,512,cta|blocked|vendor
trsm,cdouble,sm_89,L,T,32,128,2048,cta|blocked|vendor
trsm,cdouble,sm_89,L,T,32,128,8192,cta|blocked|vendor
trsm,cdouble,sm_89,L,T,32,128,32768,cta|blocked|vendor
trsm,cdouble,sm_89,L,T,32,256,128,cta|blocked|vendor
trsm,cdouble,sm_89,L,T,32,256,512,cta|blocked|vendor
trsm,cdouble,sm_89,L,T,32,256,2048,cta|blocked|vendor
trsm,cdouble,sm_89,L,T,32,256,8192,cta|blocked|vendor
trsm,cdouble,sm_89,L,T,32,256,32768,cta|blocked|vendor
trsm,cdouble,sm_89,L,T,32,512,128,cta|blocked|vendor
trsm,cdouble,sm_89,L,T,32,512,512,cta|blocked|vendor
trsm,cdouble,sm_89,L,T,32,512,2048,cta|blocked|vendor
trsm,cdouble,sm_89,L,T,32,512,8192,cta|blocked|vendor
trsm,cdouble,sm_89,L,T,32,512,32768,cta|blocked|vendor
trsm,cdouble,sm_89,L,T,32,1024,128,cta|blocked|vendor
trsm,cdouble,sm_89,L,T,32,1024,512,cta|blocked|vendor
trsm,cdouble,sm_89,L,T,32,1024,2048,cta|blocked|vendor
trsm,cdouble,sm_89,L,T,32,1024,8192,cta|blocked|vendor
trsm,cdouble,sm_89,L,T,32,1024,32768,cta|blocked|vendor
trsm,cdouble,sm_89,L,T,32,4096,128,cta|blocked|vendor
trsm,cdouble,sm_89,L,T,32,4096,512,cta|blocked|vendor
trsm,cdouble,sm_89,L,T,32,4096,2048,cta|blocked|vendor
trsm,cdouble,sm_89,L,T,32,4096,8192,cta|blocked|vendor
trsm,cdouble,sm_89,L,T,32,4096,32768,cta|blocked|vendor
trsm,cdouble,sm_89,L,T,48,1,128,blocked|vendor
trsm,cdouble,sm_89,L,T,48,1,512,blocked|vendor
trsm,cdouble,sm_89,L,T,48,1,2048,blocked|vendor
trsm,cdouble,sm_89,L,T,48,1,8192,blocked|vendor
trsm,cdouble,sm_89,L,T,48,1,32768,blocked|vendor
trsm,cdouble,sm_89,L,T,48,2,128,blocked|vendor
trsm,cdouble,sm_89,L,T,48,2,512,blocked|vendor
trsm,cdouble,sm_89,L,T,48,2,2048,blocked|vendor
trsm,cdouble,sm_89,L,T,48,2,8192,blocked|vendor
trsm,cdouble,sm_89,L,T,48,2,32768,blocked|vendor
trsm,cdouble,sm_89,L,T,48,4,128,blocked|vendor
trsm,cdouble,sm_89,L,T,48,4,512,blocked|vendor
trsm,cdouble,sm_89,L,T,48,4,2048,blocked|vendor
trsm,cdouble,sm_89,L,T,48,4,8192,blocked|vendor
trsm,cdouble,sm_89,L,T,48,4,32768,blocked|vendor
trsm,cdouble,sm_89,L,T,48,8,128,blocked|vendor
trsm,cdouble,sm_89,L,T,48,8,512,blocked|vendor
trsm,cdouble,sm_89,L,T,48,8,2048,blocked|vendor
trsm,cdouble,sm_89,L,T,48,8,8192,blocked|vendor
trsm,cdouble,sm_89,L,T,48,8,32768,blocked|vendor
trsm,cdouble,sm_89,L,T,48,16,128,blocked|vendor
trsm,cdouble,sm_89,L,T,48,16,512,blocked|vendor
trsm,cdouble,sm_89,L,T,48,16,2048,blocked|vendor
trsm,cdouble,sm_89,L,T,48,16,8192,blocked|vendor
trsm,cdouble,sm_89,L,T,48,16,32768,blocked|vendor
trsm,cdouble,sm_89,L,T,48,32,128,blocked|vendor
trsm,cdouble,sm_89,L,T,48,32,512,blocked|vendor
trsm,cdouble,sm_89,L,T,48,32,2048,blocked|vendor
trsm,cdouble,sm_89,L,T,48,32,8192,blocked|vendor
trsm,cdouble,sm_89,L,T,48,32,32768,blocked|vendor
trsm,cdouble,sm_89,L,T,48,64,128,blocked|vendor
trsm,cdouble,sm_89,L,T,48,64,512,blocked|vendor
trsm,cdouble,sm_89,L,T,48,64,2048,blocked|vendor
trsm,cdouble,sm_89,L,T,48,64,8192,blocked|vendor
trsm,cdouble,sm_89,L,T,48,64,32768,blocked|vendor
trsm,cdouble,sm_89,L,T,48,128,128,blocked|vendor
trsm,cdouble,sm_89,L,T,48,128,512,blocked|vendor
trsm,cdouble,sm_89,L,T,48,128,2048,blocked|vendor
trsm,cdouble,sm_89,L,T,48,128,8192,blocked|vendor
trsm,cdouble,sm_89,L,T,48,128,32768,blocked|vendor
trsm,cdouble,sm_89,L,T,48,256,128,blocked|vendor
trsm,cdouble,sm_89,L,T,48,256,512,blocked|vendor
trsm,cdouble,sm_89,L,T,48,256,2048,blocked|vendor
trsm,cdouble,sm_89,L,T,48,256,8192,blocked|vendor
trsm,cdouble,sm_89,L,T,48,256,32768,blocked|vendor
trsm,cdouble,sm_89,L,T,48,512,128,blocked|vendor
trsm,cdouble,sm_89,L,T,48,512,512,blocked|vendor
trsm,cdouble,sm_89,L,T,48,512,2048,blocked|vendor
trsm,cdouble,sm_89,L,T,48,512,8192,blocked|vendor
trsm,cdouble,sm_89,L,T,48,512,32768,blocked|vendor
trsm,cdouble,sm_89,L,T,48,1024,128,blocked|vendor
trsm,cdouble,sm_89,L,T,48,1024,512,blocked|vendor
trsm,cdouble,sm_89,L,T,48,1024,2048,blocked|vendor
trsm,cdouble,sm_89,L,T,48,1024,8192,blocked|vendor
trsm,cdouble,sm_89,L,T,48,1024,32768,blocked|vendor
trsm,cdouble,sm_89,L,T,48,4096,128,blocked|vendor
trsm,cdouble,sm_89,L,T,48,4096,512,blocked|vendor
trsm,cdouble,sm_89,L,T,48,4096,2048,blocked|vendor
trsm,cdouble,sm_89,L,T,48,4096,8192,blocked|vendor
trsm,cdouble,sm_89,L,T,48,4096,32768,blocked|vendor
trsm,cdouble,sm_89,L,T,64,1,128,blocked|vendor
trsm,cdouble,sm_89,L,T,64,1,512,blocked|vendor
trsm,cdouble,sm_89,L,T,64,1,2048,blocked|vendor
trsm,cdouble,sm_89,L,T,64,1,8192,blocked|vendor
trsm,cdouble,sm_89,L,T,64,1,32768,blocked|vendor
trsm,cdouble,sm_89,L,T,64,2,128,blocked|vendor
trsm,cdouble,sm_89,L,T,64,2,512,blocked|vendor
trsm,cdouble,sm_89,L,T,64,2,2048,blocked|vendor
trsm,cdouble,sm_89,L,T,64,2,8192,blocked|vendor
trsm,cdouble,sm_89,L,T,64,2,32768,blocked|vendor
trsm,cdouble,sm_89,L,T,64,4,128,blocked|vendor
trsm,cdouble,sm_89,L,T,64,4,512,blocked|vendor
trsm,cdouble,sm_89,L,T,64,4,2048,blocked|vendor
trsm,cdouble,sm_89,L,T,64,4,8192,blocked|vendor
trsm,cdouble,sm_89,L,T,64,4,32768,blocked|vendor
trsm,cdouble,sm_89,L,T,64,8,128,blocked|vendor
trsm,cdouble,sm_89,L,T,64,8,512,blocked|vendor
trsm,cdouble,sm_89,L,T,64,8,2048,blocked|vendor
trsm,cdouble,sm_89,L,T,64,8,8192,blocked|vendor
trsm,cdouble,sm_89,L,T,64,8,32768,blocked|vendor
trsm,cdouble,sm_89,L,T,64,16,128,blocked|vendor
trsm,cdouble,sm_89,L,T,64,16,512,blocked|vendor
trsm,cdouble,sm_89,L,T,64,16,2048,blocked|vendor
trsm,cdouble,sm_89,L,T,64,16,8192,blocked|vendor
trsm,cdouble,sm_89,L,T,64,16,32768,blocked|vendor
trsm,cdouble,sm_89,L,T,64,32,128,blocked|vendor
trsm,cdouble,sm_89,L,T,64,32,512,blocked|vendor
trsm,cdouble,sm_89,L,T,64,32,2048,blocked|vendor
trsm,cdouble,sm_89,L,T,64,32,8192,blocked|vendor
trsm,cdouble,sm_89,L,T,64,32,32768,blocked|vendor
trsm,cdouble,sm_89,L,T,64,64,128,blocked|vendor
trsm,cdouble,sm_89,L,T,64,64,512,blocked|vendor
trsm,cdouble,sm_89,L,T,64,64,2048,blocked|vendor
trsm,cdouble,sm_89,L,T,64,64,8192,blocked|vendor
trsm,cdouble,sm_89,L,T,64,64,32768,blocked|vendor
trsm,cdouble,sm_89,L,T,64,128,128,blocked|vendor
trsm,cdouble,sm_89,L,T,64,128,512,blocked|vendor
trsm,cdouble,sm_89,L,T,64,128,2048,blocked|vendor
trsm,cdouble,sm_89,L,T,64,128,8192,blocked|vendor
trsm,cdouble,sm_89,L,T,64,128,32768,blocked|vendor
trsm,cdouble,sm_89,L,T,64,256,128,blocked|vendor
trsm,cdouble,sm_89,L,T,64,256,512,blocked|vendor
trsm,cdouble,sm_89,L,T,64,256,2048,blocked|vendor
trsm,cdouble,sm_89,L,T,64,256,8192,blocked|vendor
trsm,cdouble,sm_89,L,T,64,256,32768,blocked|vendor
trsm,cdouble,sm_89,L,T,64,512,128,blocked|vendor
trsm,cdouble,sm_89,L,T,64,512,512,blocked|vendor
trsm,cdouble,sm_89,L,T,64,512,2048,blocked|vendor
trsm,cdouble,sm_89,L,T,64,512,8192,blocked|vendor
trsm,cdouble,sm_89,L,T,64,512,32768,blocked|vendor
trsm,cdouble,sm_89,L,T,64,1024,128,blocked|vendor
trsm,cdouble,sm_89,L,T,64,1024,512,blocked|vendor
trsm,cdouble,sm_89,L,T,64,1024,2048,blocked|vendor
trsm,cdouble,sm_89,L,T,64,1024,8192,blocked|vendor
trsm,cdouble,sm_89,L,T,64,1024,32768,blocked|vendor
trsm,cdouble,sm_89,L,T,64,4096,128,blocked|vendor
trsm,cdouble,sm_89,L,T,64,4096,512,blocked|vendor
trsm,cdouble,sm_89,L,T,64,4096,2048,blocked|vendor
trsm,cdouble,sm_89,L,T,64,4096,8192,blocked|vendor
trsm,cdouble,sm_89,L,T,64,4096,32768,blocked|vendor
trsm,cdouble,sm_89,L,T,96,1,128,blocked|vendor
trsm,cdouble,sm_89,L,T,96,1,512,blocked|vendor
trsm,cdouble,sm_89,L,T,96,1,2048,blocked|vendor
trsm,cdouble,sm_89,L,T,96,1,8192,blocked|vendor
trsm,cdouble,sm_89,L,T,96,1,32768,blocked|vendor
trsm,cdouble,sm_89,L,T,96,2,128,blocked|vendor
trsm,cdouble,sm_89,L,T,96,2,512,blocked|vendor
trsm,cdouble,sm_89,L,T,96,2,2048,blocked|vendor
trsm,cdouble,sm_89,L,T,96,2,8192,blocked|vendor
trsm,cdouble,sm_89,L,T,96,2,32768,blocked|vendor
trsm,cdouble,sm_89,L,T,96,4,128,blocked|vendor
trsm,cdouble,sm_89,L,T,96,4,512,blocked|vendor
trsm,cdouble,sm_89,L,T,96,4,2048,blocked|vendor
trsm,cdouble,sm_89,L,T,96,4,8192,blocked|vendor
trsm,cdouble,sm_89,L,T,96,4,32768,blocked|vendor
trsm,cdouble,sm_89,L,T,96,8,128,blocked|vendor
trsm,cdouble,sm_89,L,T,96,8,512,blocked|vendor
trsm,cdouble,sm_89,L,T,96,8,2048,blocked|vendor
trsm,cdouble,sm_89,L,T,96,8,8192,blocked|vendor
trsm,cdouble,sm_89,L,T,96,8,32768,blocked|vendor
trsm,cdouble,sm_89,L,T,96,16,128,blocked|vendor
trsm,cdouble,sm_89,L,T,96,16,512,blocked|vendor
trsm,cdouble,sm_89,L,T,96,16,2048,blocked|vendor
trsm,cdouble,sm_89,L,T,96,16,8192,blocked|vendor
trsm,cdouble,sm_89,L,T,96,16,32768,blocked|vendor
trsm,cdouble,sm_89,L,T,96,32,128,blocked|vendor
trsm,cdouble,sm_89,L,T,96,32,512,blocked|vendor
trsm,cdouble,sm_89,L,T,96,32,2048,blocked|vendor
trsm,cdouble,sm_89,L,T,96,32,8192,blocked|vendor
trsm,cdouble,sm_89,L,T,96,32,32768,blocked|vendor
trsm,cdouble,sm_89,L,T,96,64,128,blocked|vendor
trsm,cdouble,sm_89,L,T,96,64,512,blocked|vendor
trsm,cdouble,sm_89,L,T,96,64,2048,blocked|vendor
trsm,cdouble,sm_89,L,T,96,64,8192,blocked|vendor
trsm,cdouble,sm_89,L,T,96,64,32768,blocked|vendor
trsm,cdouble,sm_89,L,T,96,128,128,blocked|vendor
trsm,cdouble,sm_89,L,T,96,128,512,blocked|vendor
trsm,cdouble,sm_89,L,T,96,128,2048,blocked|vendor
trsm,cdouble,sm_89,L,T,96,128,8192,blocked|vendor
trsm,cdouble,sm_89,L,T,96,128,32768,blocked|vendor
trsm,cdouble,sm_89,L,T,96,256,128,blocked|vendor
trsm,cdouble,sm_89,L,T,96,256,512,blocked|vendor
trsm,cdouble,sm_89,L,T,96,256,2048,blocked|vendor
trsm,cdouble,sm_89,L,T,96,256,8192,blocked|vendor
trsm,cdouble,sm_89,L,T,96,256,32768,blocked|vendor
trsm,cdouble,sm_89,L,T,96,512,128,blocked|vendor
trsm,cdouble,sm_89,L,T,96,512,512,blocked|vendor
trsm,cdouble,sm_89,L,T,96,512,2048,blocked|vendor
trsm,cdouble,sm_89,L,T,96,512,8192,blocked|vendor
trsm,cdouble,sm_89,L,T,96,512,32768,blocked|vendor
trsm,cdouble,sm_89,L,T,96,1024,128,blocked|vendor
trsm,cdouble,sm_89,L,T,96,1024,512,blocked|vendor
trsm,cdouble,sm_89,L,T,96,1024,2048,blocked|vendor
trsm,cdouble,sm_89,L,T,96,1024,8192,blocked|vendor
trsm,cdouble,sm_89,L,T,96,1024,32768,blocked|vendor
trsm,cdouble,sm_89,L,T,96,4096,128,blocked|vendor
trsm,cdouble,sm_89,L,T,96,4096,512,blocked|vendor
trsm,cdouble,sm_89,L,T,96,4096,2048,blocked|vendor
trsm,cdouble,sm_89,L,T,96,4096,8192,blocked|vendor
trsm,cdouble,sm_89,L,T,96,4096,32768,blocked|vendor
trsm,cdouble,sm_89,L,T,128,1,128,blocked|vendor
trsm,cdouble,sm_89,L,T,128,1,512,blocked|vendor
trsm,cdouble,sm_89,L,T,128,1,2048,blocked|vendor
trsm,cdouble,sm_89,L,T,128,1,8192,blocked|vendor
trsm,cdouble,sm_89,L,T,128,1,32768,blocked|vendor
trsm,cdouble,sm_89,L,T,128,2,128,blocked|vendor
trsm,cdouble,sm_89,L,T,128,2,512,blocked|vendor
trsm,cdouble,sm_89,L,T,128,2,2048,blocked|vendor
trsm,cdouble,sm_89,L,T,128,2,8192,blocked|vendor
trsm,cdouble,sm_89,L,T,128,2,32768,blocked|vendor
trsm,cdouble,sm_89,L,T,128,4,128,blocked|vendor
trsm,cdouble,sm_89,L,T,128,4,512,blocked|vendor
trsm,cdouble,sm_89,L,T,128,4,2048,blocked|vendor
trsm,cdouble,sm_89,L,T,128,4,8192,blocked|vendor
trsm,cdouble,sm_89,L,T,128,4,32768,blocked|vendor
trsm,cdouble,sm_89,L,T,128,8,128,blocked|vendor
trsm,cdouble,sm_89,L,T,128,8,512,blocked|vendor
trsm,cdouble,sm_89,L,T,128,8,2048,blocked|vendor
trsm,cdouble,sm_89,L,T,128,8,8192,blocked|vendor
trsm,cdouble,sm_89,L,T,128,8,32768,blocked|vendor
trsm,cdouble,sm_89,L,T,128,16,128,blocked|vendor
trsm,cdouble,sm_89,L,T,128,16,512,blocked|vendor
trsm,cdouble,sm_89,L,T,128,16,2048,blocked|vendor
trsm,cdouble,sm_89,L,T,128,16,8192,blocked|vendor
trsm,cdouble,sm_89,L,T,128,16,32768,blocked|vendor
trsm,cdouble,sm_89,L,T,128,32,128,blocked|vendor
trsm,cdouble,sm_89,L,T,128,32,512,blocked|vendor
trsm,cdouble,sm_89,L,T,128,32,2048,blocked|vendor
trsm,cdouble,sm_89,L,T,128,32,8192,blocked|vendor
trsm,cdouble,sm_89,L,T,128,32,32768,blocked|vendor
trsm,cdouble,sm_89,L,T,128,64,128,blocked|vendor
trsm,cdouble,sm_89,L,T,128,64,512,blocked|vendor
trsm,cdouble,sm_89,L,T,128,64,2048,blocked|vendor
trsm,cdouble,sm_89,L,T,128,64,8192,blocked|vendor
trsm,cdouble,sm_89,L,T,128,64,32768,blocked|vendor
trsm,cdouble,sm_89,L,T,128,128,128,blocked|vendor
trsm,cdouble,sm_89,L,T,128,128,512,blocked|vendor
trsm,cdouble,sm_89,L,T,128,128,2048,blocked|vendor
trsm,cdouble,sm_89,L,T,128,128,8192,blocked|vendor
trsm,cdouble,sm_89,L,T,128,128,32768,blocked|vendor
trsm,cdouble,sm_89,L,T,128,256,128,blocked|vendor
trsm,cdouble,sm_89,L,T,128,256,512,blocked|vendor
trsm,cdouble,sm_89,L,T,128,256,2048,blocked|vendor
trsm,cdouble,sm_89,L,T,128,256,8192,blocked|vendor
trsm,cdouble,sm_89,L,T,128,256,32768,blocked|vendor
trsm,cdouble,sm_89,L,T,128,512,128,blocked|vendor
trsm,cdouble,sm_89,L,T,128,512,512,blocked|vendor
trsm,cdouble,sm_89,L,T,128,512,2048,blocked|vendor
trsm,cdouble,sm_89,L,T,128,512,8192,blocked|vendor
trsm,cdouble,sm_89,L,T,128,512,32768,blocked|vendor
trsm,cdouble,sm_89,L,T,128,1024,128,blocked|vendor
trsm,cdouble,sm_89,L,T,128,1024,512,blocked|vendor
trsm,cdouble,sm_89,L,T,128,1024,2048,blocked|vendor
trsm,cdouble,sm_89,L,T,128,1024,8192,blocked|vendor
trsm,cdouble,sm_89,L,T,128,1024,32768,blocked|vendor
trsm,cdouble,sm_89,L,T,128,4096,128,blocked|vendor
trsm,cdouble,sm_89,L,T,128,4096,512,blocked|vendor
trsm,cdouble,sm_89,L,T,128,4096,2048,blocked|vendor
trsm,cdouble,sm_89,L,T,128,4096,8192,blocked|vendor
trsm,cdouble,sm_89,L,T,128,4096,32768,blocked|vendor
trsm,cdouble,sm_89,L,T,192,1,128,blocked|vendor
trsm,cdouble,sm_89,L,T,192,1,512,blocked|vendor
trsm,cdouble,sm_89,L,T,192,1,2048,blocked|vendor
trsm,cdouble,sm_89,L,T,192,1,8192,blocked|vendor
trsm,cdouble,sm_89,L,T,192,1,32768,blocked|vendor
trsm,cdouble,sm_89,L,T,192,2,128,blocked|vendor
trsm,cdouble,sm_89,L,T,192,2,512,blocked|vendor
trsm,cdouble,sm_89,L,T,192,2,2048,blocked|vendor
trsm,cdouble,sm_89,L,T,192,2,8192,blocked|vendor
trsm,cdouble,sm_89,L,T,192,2,32768,blocked|vendor
trsm,cdouble,sm_89,L,T,192,4,128,blocked|vendor
trsm,cdouble,sm_89,L,T,192,4,512,blocked|vendor
trsm,cdouble,sm_89,L,T,192,4,2048,blocked|vendor
trsm,cdouble,sm_89,L,T,192,4,8192,blocked|vendor
trsm,cdouble,sm_89,L,T,192,4,32768,blocked|vendor
trsm,cdouble,sm_89,L,T,192,8,128,blocked|vendor
trsm,cdouble,sm_89,L,T,192,8,512,blocked|vendor
trsm,cdouble,sm_89,L,T,192,8,2048,blocked|vendor
trsm,cdouble,sm_89,L,T,192,8,8192,blocked|vendor
trsm,cdouble,sm_89,L,T,192,8,32768,blocked|vendor
trsm,cdouble,sm_89,L,T,192,16,128,blocked|vendor
trsm,cdouble,sm_89,L,T,192,16,512,blocked|vendor
trsm,cdouble,sm_89,L,T,192,16,2048,blocked|vendor
trsm,cdouble,sm_89,L,T,192,16,8192,blocked|vendor
trsm,cdouble,sm_89,L,T,192,16,32768,blocked|vendor
trsm,cdouble,sm_89,L,T,192,32,128,blocked|vendor
trsm,cdouble,sm_89,L,T,192,32,512,blocked|vendor
trsm,cdouble,sm_89,L,T,192,32,2048,blocked|vendor
trsm,cdouble,sm_89,L,T,192,32,8192,blocked|vendor
trsm,cdouble,sm_89,L,T,192,32,32768,blocked|vendor
trsm,cdouble,sm_89,L,T,192,64,128,blocked|vendor
trsm,cdouble,sm_89,L,T,192,64,512,blocked|vendor
trsm,cdouble,sm_89,L,T,192,64,2048,blocked|vendor
trsm,cdouble,sm_89,L,T,192,64,8192,blocked|vendor
trsm,cdouble,sm_89,L,T,192,64,32768,blocked|vendor
trsm,cdouble,sm_89,L,T,192,128,128,blocked|vendor
trsm,cdouble,sm_89,L,T,192,128,512,blocked|vendor
trsm,cdouble,sm_89,L,T,192,128,2048,blocked|vendor
trsm,cdouble,sm_89,L,T,192,128,8192,blocked|vendor
trsm,cdouble,sm_89,L,T,192,128,32768,blocked|vendor
trsm,cdouble,sm_89,L,T,192,256,128,blocked|vendor
trsm,cdouble,sm_89,L,T,192,256,512,blocked|vendor
trsm,cdouble,sm_89,L,T,192,256,2048,blocked|vendor
trsm,cdouble,sm_89,L,T,192,256,8192,blocked|vendor
trsm,cdouble,sm_89,L,T,192,256,32768,blocked|vendor
trsm,cdouble,sm_89,L,T,192,512,128,blocked|vendor
trsm,cdouble,sm_89,L,T,192,512,512,blocked|vendor
trsm,cdouble,sm_89,L,T,192,512,2048,blocked|vendor
trsm,cdouble,sm_89,L,T,192,512,8192,blocked|vendor
trsm,cdouble,sm_89,L,T,192,512,32768,blocked|vendor
trsm,cdouble,sm_89,L,T,192,1024,128,blocked|vendor
trsm,cdouble,sm_89,L,T,192,1024,512,blocked|vendor
trsm,cdouble,sm_89,L,T,192,1024,2048,blocked|vendor
trsm,cdouble,sm_89,L,T,192,1024,8192,blocked|vendor
trsm,cdouble,sm_89,L,T,192,1024,32768,blocked|vendor
trsm,cdouble,sm_89,L,T,192,4096,128,blocked|vendor
trsm,cdouble,sm_89,L,T,192,4096,512,blocked|vendor
trsm,cdouble,sm_89,L,T,192,4096,2048,blocked|vendor
trsm,cdouble,sm_89,L,T,192,4096,8192,blocked|vendor
trsm,cdouble,sm_89,L,T,192,4096,32768,blocked|vendor
trsm,cdouble,sm_89,L,T,256,1,128,blocked|vendor
trsm,cdouble,sm_89,L,T,256,1,512,blocked|vendor
trsm,cdouble,sm_89,L,T,256,1,2048,blocked|vendor
trsm,cdouble,sm_89,L,T,256,1,8192,blocked|vendor
trsm,cdouble,sm_89,L,T,256,1,32768,blocked|vendor
trsm,cdouble,sm_89,L,T,256,2,128,blocked|vendor
trsm,cdouble,sm_89,L,T,256,2,512,blocked|vendor
trsm,cdouble,sm_89,L,T,256,2,2048,blocked|vendor
trsm,cdouble,sm_89,L,T,256,2,8192,blocked|vendor
trsm,cdouble,sm_89,L,T,256,2,32768,blocked|vendor
trsm,cdouble,sm_89,L,T,256,4,128,blocked|vendor
trsm,cdouble,sm_89,L,T,256,4,512,blocked|vendor
trsm,cdouble,sm_89,L,T,256,4,2048,blocked|vendor
trsm,cdouble,sm_89,L,T,256,4,8192,blocked|vendor
trsm,cdouble,sm_89,L,T,256,4,32768,blocked|vendor
trsm,cdouble,sm_89,L,T,256,8,128,blocked|vendor
trsm,cdouble,sm_89,L,T,256,8,512,blocked|vendor
trsm,cdouble,sm_89,L,T,256,8,2048,blocked|vendor
trsm,cdouble,sm_89,L,T,256,8,8192,blocked|vendor
trsm,cdouble,sm_89,L,T,256,8,32768,blocked|vendor
trsm,cdouble,sm_89,L,T,256,16,128,blocked|vendor
trsm,cdouble,sm_89,L,T,256,16,512,blocked|vendor
trsm,cdouble,sm_89,L,T,256,16,2048,blocked|vendor
trsm,cdouble,sm_89,L,T,256,16,8192,blocked|vendor
trsm,cdouble,sm_89,L,T,256,16,32768,blocked|vendor
trsm,cdouble,sm_89,L,T,256,32,128,blocked|vendor
trsm,cdouble,sm_89,L,T,256,32,512,blocked|vendor
trsm,cdouble,sm_89,L,T,256,32,2048,blocked|vendor
trsm,cdouble,sm_89,L,T,256,32,8192,blocked|vendor
trsm,cdouble,sm_89,L,T,256,32,32768,blocked|vendor
trsm,cdouble,sm_89,L,T,256,64,128,blocked|vendor
trsm,cdouble,sm_89,L,T,256,64,512,blocked|vendor
trsm,cdouble,sm_89,L,T,256,64,2048,blocked|vendor
trsm,cdouble,sm_89,L,T,256,64,8192,blocked|vendor
trsm,cdouble,sm_89,L,T,256,64,32768,blocked|vendor
trsm,cdouble,sm_89,L,T,256,128,128,blocked|vendor
trsm,cdouble,sm_89,L,T,256,128,512,blocked|vendor
trsm,cdouble,sm_89,L,T,256,128,2048,blocked|vendor
trsm,cdouble,sm_89,L,T,256,128,8192,blocked|vendor
trsm,cdouble,sm_89,L,T,256,128,32768,blocked|vendor
trsm,cdouble,sm_89,L,T,256,256,128,blocked|vendor
trsm,cdouble,sm_89,L,T,256,256,512,blocked|vendor
trsm,cdouble,sm_89,L,T,256,256,2048,blocked|vendor
trsm,cdouble,sm_89,L,T,256,256,8192,blocked|vendor
trsm,cdouble,sm_89,L,T,256,256,32768,blocked|vendor
trsm,cdouble,sm_89,L,T,256,512,128,blocked|vendor
trsm,cdouble,sm_89,L,T,256,512,512,blocked|vendor
trsm,cdouble,sm_89,L,T,256,512,2048,blocked|vendor
trsm,cdouble,sm_89,L,T,256,512,8192,blocked|vendor
trsm,cdouble,sm_89,L,T,256,512,32768,blocked|vendor
trsm,cdouble,sm_89,L,T,256,1024,128,blocked|vendor
trsm,cdouble,sm_89,L,T,256,1024,512,blocked|vendor
trsm,cdouble,sm_89,L,T,256,1024,2048,blocked|vendor
trsm,cdouble,sm_89,L,T,256,1024,8192,blocked|vendor
trsm,cdouble,sm_89,L,T,256,1024,32768,blocked|vendor
trsm,cdouble,sm_89,L,T,256,4096,128,blocked|vendor
trsm,cdouble,sm_89,L,T,256,4096,512,blocked|vendor
trsm,cdouble,sm_89,L,T,256,4096,2048,blocked|vendor
trsm,cdouble,sm_89,L,T,256,4096,8192,blocked|vendor
trsm,cdouble,sm_89,L,T,256,4096,32768,blocked|vendor
trsm,cdouble,sm_89,L,T,384,1,128,blocked|vendor
trsm,cdouble,sm_89,L,T,384,1,512,blocked|vendor
trsm,cdouble,sm_89,L,T,384,1,2048,blocked|vendor
trsm,cdouble,sm_89,L,T,384,1,8192,blocked|vendor
trsm,cdouble,sm_89,L,T,384,1,32768,blocked|vendor
trsm,cdouble,sm_89,L,T,384,2,128,blocked|vendor
trsm,cdouble,sm_89,L,T,384,2,512,blocked|vendor
trsm,cdouble,sm_89,L,T,384,2,2048,blocked|vendor
trsm,cdouble,sm_89,L,T,384,2,8192,blocked|vendor
trsm,cdouble,sm_89,L,T,384,2,32768,blocked|vendor
trsm,cdouble,sm_89,L,T,384,4,128,blocked|vendor
trsm,cdouble,sm_89,L,T,384,4,512,blocked|vendor
trsm,cdouble,sm_89,L,T,384,4,2048,blocked|vendor
trsm,cdouble,sm_89,L,T,384,4,8192,blocked|vendor
trsm,cdouble,sm_89,L,T,384,4,32768,blocked|vendor
trsm,cdouble,sm_89,L,T,384,8,128,blocked|vendor
trsm,cdouble,sm_89,L,T,384,8,512,blocked|vendor
trsm,cdouble,sm_89,L,T,384,8,2048,blocked|vendor
trsm,cdouble,sm_89,L,T,384,8,8192,blocked|vendor
trsm,cdouble,sm_89,L,T,384,8,32768,blocked|vendor
trsm,cdouble,sm_89,L,T,384,16,128,blocked|vendor
trsm,cdouble,sm_89,L,T,384,16,512,blocked|vendor
trsm,cdouble,sm_89,L,T,384,16,2048,blocked|vendor
trsm,cdouble,sm_89,L,T,384,16,8192,blocked|vendor
trsm,cdouble,sm_89,L,T,384,16,32768,blocked|vendor
trsm,cdouble,sm_89,L,T,384,32,128,blocked|vendor
trsm,cdouble,sm_89,L,T,384,32,512,blocked|vendor
trsm,cdouble,sm_89,L,T,384,32,2048,blocked|vendor
trsm,cdouble,sm_89,L,T,384,32,8192,blocked|vendor
trsm,cdouble,sm_89,L,T,384,32,32768,blocked|vendor
trsm,cdouble,sm_89,L,T,384,64,128,blocked|vendor
trsm,cdouble,sm_89,L,T,384,64,512,blocked|vendor
trsm,cdouble,sm_89,L,T,384,64,2048,blocked|vendor
trsm,cdouble,sm_89,L,T,384,64,8192,blocked|vendor
trsm,cdouble,sm_89,L,T,384,64,32768,blocked|vendor
trsm,cdouble,sm_89,L,T,384,128,128,blocked|vendor
trsm,cdouble,sm_89,L,T,384,128,512,blocked|vendor
trsm,cdouble,sm_89,L,T,384,128,2048,blocked|vendor
trsm,cdouble,sm_89,L,T,384,128,8192,blocked|vendor
trsm,cdouble,sm_89,L,T,384,128,32768,blocked|vendor
trsm,cdouble,sm_89,L,T,384,256,128,blocked|vendor
trsm,cdouble,sm_89,L,T,384,256,512,blocked|vendor
trsm,cdouble,sm_89,L,T,384,256,2048,blocked|vendor
trsm,cdouble,sm_89,L,T,384,256,8192,blocked|vendor
trsm,cdouble,sm_89,L,T,384,256,32768,blocked|vendor
trsm,cdouble,sm_89,L,T,384,512,128,blocked|vendor
trsm,cdouble,sm_89,L,T,384,512,512,blocked|vendor
trsm,cdouble,sm_89,L,T,384,512,2048,blocked|vendor
trsm,cdouble,sm_89,L,T,384,512,8192,blocked|vendor
trsm,cdouble,sm_89,L,T,384,512,32768,blocked|vendor
trsm,cdouble,sm_89,L,T,384,1024,128,blocked|vendor
trsm,cdouble,sm_89,L,T,384,1024,512,blocked|vendor
trsm,cdouble,sm_89,L,T,384,1024,2048,blocked|vendor
trsm,cdouble,sm_89,L,T,384,1024,8192,blocked|vendor
trsm,cdouble,sm_89,L,T,384,1024,32768,blocked|vendor
trsm,cdouble,sm_89,L,T,384,4096,128,blocked|vendor
trsm,cdouble,sm_89,L,T,384,4096,512,blocked|vendor
trsm,cdouble,sm_89,L,T,384,4096,2048,blocked|vendor
trsm,cdouble,sm_89,L,T,384,4096,8192,blocked|vendor
trsm,cdouble,sm_89,L,T,384,4096,32768,blocked|vendor
trsm,cdouble,sm_89,L,T,512,1,128,blocked|vendor
trsm,cdouble,sm_89,L,T,512,1,512,blocked|vendor
trsm,cdouble,sm_89,L,T,512,1,2048,blocked|vendor
trsm,cdouble,sm_89,L,T,512,1,8192,blocked|vendor
trsm,cdouble,sm_89,L,T,512,1,32768,blocked|vendor
trsm,cdouble,sm_89,L,T,512,2,128,blocked|vendor
trsm,cdouble,sm_89,L,T,512,2,512,blocked|vendor
trsm,cdouble,sm_89,L,T,512,2,2048,blocked|vendor
trsm,cdouble,sm_89,L,T,512,2,8192,blocked|vendor
trsm,cdouble,sm_89,L,T,512,2,32768,blocked|vendor
trsm,cdouble,sm_89,L,T,512,4,128,blocked|vendor
trsm,cdouble,sm_89,L,T,512,4,512,blocked|vendor
trsm,cdouble,sm_89,L,T,512,4,2048,blocked|vendor
trsm,cdouble,sm_89,L,T,512,4,8192,blocked|vendor
trsm,cdouble,sm_89,L,T,512,4,32768,blocked|vendor
trsm,cdouble,sm_89,L,T,512,8,128,blocked|vendor
trsm,cdouble,sm_89,L,T,512,8,512,blocked|vendor
trsm,cdouble,sm_89,L,T,512,8,2048,blocked|vendor
trsm,cdouble,sm_89,L,T,512,8,8192,blocked|vendor
trsm,cdouble,sm_89,L,T,512,8,32768,blocked|vendor
trsm,cdouble,sm_89,L,T,512,16,128,blocked|vendor
trsm,cdouble,sm_89,L,T,512,16,512,blocked|vendor
trsm,cdouble,sm_89,L,T,512,16,2048,blocked|vendor
trsm,cdouble,sm_89,L,T,512,16,8192,blocked|vendor
trsm,cdouble,sm_89,L,T,512,16,32768,blocked|vendor
trsm,cdouble,sm_89,L,T,512,32,128,blocked|vendor
trsm,cdouble,sm_89,L,T,512,32,512,blocked|vendor
trsm,cdouble,sm_89,L,T,512,32,2048,blocked|vendor
trsm,cdouble,sm_89,L,T,512,32,8192,blocked|vendor
trsm,cdouble,sm_89,L,T,512,32,32768,blocked|vendor
trsm,cdouble,sm_89,L,T,512,64,128,blocked|vendor
trsm,cdouble,sm_89,L,T,512,64,512,blocked|vendor
trsm,cdouble,sm_89,L,T,512,64,2048,blocked|vendor
trsm,cdouble,sm_89,L,T,512,64,8192,blocked|vendor
trsm,cdouble,sm_89,L,T,512,64,32768,blocked|vendor
trsm,cdouble,sm_89,L,T,512,128,128,blocked|vendor
trsm,cdouble,sm_89,L,T,512,128,512,blocked|vendor
trsm,cdouble,sm_89,L,T,512,128,2048,blocked|vendor
trsm,cdouble,sm_89,L,T,512,128,8192,blocked|vendor
trsm,cdouble,sm_89,L,T,512,128,32768,blocked|vendor
trsm,cdouble,sm_89,L,T,512,256,128,blocked|vendor
trsm,cdouble,sm_89,L,T,512,256,512,blocked|vendor
trsm,cdouble,sm_89,L,T,512,256,2048,blocked|vendor
trsm,cdouble,sm_89,L,T,512,256,8192,blocked|vendor
trsm,cdouble,sm_89,L,T,512,256,32768,blocked|vendor
trsm,cdouble,sm_89,L,T,512,512,128,blocked|vendor
trsm,cdouble,sm_89,L,T,512,512,512,blocked|vendor
trsm,cdouble,sm_89,L,T,512,512,2048,blocked|vendor
trsm,cdouble,sm_89,L,T,512,512,8192,blocked|vendor
trsm,cdouble,sm_89,L,T,512,512,32768,blocked|vendor
trsm,cdouble,sm_89,L,T,512,1024,128,blocked|vendor
trsm,cdouble,sm_89,L,T,512,1024,512,blocked|vendor
trsm,cdouble,sm_89,L,T,512,1024,2048,blocked|vendor
trsm,cdouble,sm_89,L,T,512,1024,8192,blocked|vendor
trsm,cdouble,sm_89,L,T,512,1024,32768,blocked|vendor
trsm,cdouble,sm_89,L,T,512,4096,128,blocked|vendor
trsm,cdouble,sm_89,L,T,512,4096,512,blocked|vendor
trsm,cdouble,sm_89,L,T,512,4096,2048,blocked|vendor
trsm,cdouble,sm_89,L,T,512,4096,8192,blocked|vendor
trsm,cdouble,sm_89,L,T,512,4096,32768,blocked|vendor
trsm,cdouble,sm_89,L,T,768,1,128,blocked|vendor
trsm,cdouble,sm_89,L,T,768,1,512,blocked|vendor
trsm,cdouble,sm_89,L,T,768,1,2048,blocked|vendor
trsm,cdouble,sm_89,L,T,768,1,8192,blocked|vendor
trsm,cdouble,sm_89,L,T,768,1,32768,blocked|vendor
trsm,cdouble,sm_89,L,T,768,2,128,blocked|vendor
trsm,cdouble,sm_89,L,T,768,2,512,blocked|vendor
trsm,cdouble,sm_89,L,T,768,2,2048,blocked|vendor
trsm,cdouble,sm_89,L,T,768,2,8192,blocked|vendor
trsm,cdouble,sm_89,L,T,768,2,32768,blocked|vendor
trsm,cdouble,sm_89,L,T,768,4,128,blocked|vendor
trsm,cdouble,sm_89,L,T,768,4,512,blocked|vendor
trsm,cdouble,sm_89,L,T,768,4,2048,blocked|vendor
trsm,cdouble,sm_89,L,T,768,4,8192,blocked|vendor
trsm,cdouble,sm_89,L,T,768,4,32768,blocked|vendor
trsm,cdouble,sm_89,L,T,768,8,128,blocked|vendor
trsm,cdouble,sm_89,L,T,768,8,512,blocked|vendor
trsm,cdouble,sm_89,L,T,768,8,2048,blocked|vendor
trsm,cdouble,sm_89,L,T,768,8,8192,blocked|vendor
trsm,cdouble,sm_89,L,T,768,8,32768,blocked|vendor
trsm,cdouble,sm_89,L,T,768,16,128,blocked|vendor
trsm,cdouble,sm_89,L,T,768,16,512,blocked|vendor
trsm,cdouble,sm_89,L,T,768,16,2048,blocked|vendor
trsm,cdouble,sm_89,L,T,768,16,8192,blocked|vendor
trsm,cdouble,sm_89,L,T,768,16,32768,blocked|vendor
trsm,cdouble,sm_89,L,T,768,32,128,blocked|vendor
trsm,cdouble,sm_89,L,T,768,32,512,blocked|vendor
trsm,cdouble,sm_89,L,T,768,32,2048,blocked|vendor
trsm,cdouble,sm_89,L,T,768,32,8192,blocked|vendor
trsm,cdouble,sm_89,L,T,768,32,32768,blocked|vendor
trsm,cdouble,sm_89,L,T,768,64,128,blocked|vendor
trsm,cdouble,sm_89,L,T,768,64,512,blocked|vendor
trsm,cdouble,sm_89,L,T,768,64,2048,blocked|vendor
trsm,cdouble,sm_89,L,T,768,64,8192,blocked|vendor
trsm,cdouble,sm_89,L,T,768,64,32768,blocked|vendor
trsm,cdouble,sm_89,L,T,768,128,128,blocked|vendor
trsm,cdouble,sm_89,L,T,768,128,512,blocked|vendor
trsm,cdouble,sm_89,L,T,768,128,2048,blocked|vendor
trsm,cdouble,sm_89,L,T,768,128,8192,blocked|vendor
trsm,cdouble,sm_89,L,T,768,128,32768,blocked|vendor
trsm,cdouble,sm_89,L,T,768,256,128,blocked|vendor
trsm,cdouble,sm_89,L,T,768,256,512,blocked|vendor
trsm,cdouble,sm_89,L,T,768,256,2048,blocked|vendor
trsm,cdouble,sm_89,L,T,768,256,8192,blocked|vendor
trsm,cdouble,sm_89,L,T,768,256,32768,blocked|vendor
trsm,cdouble,sm_89,L,T,768,512,128,blocked|vendor
trsm,cdouble,sm_89,L,T,768,512,512,blocked|vendor
trsm,cdouble,sm_89,L,T,768,512,2048,blocked|vendor
trsm,cdouble,sm_89,L,T,768,512,8192,blocked|vendor
trsm,cdouble,sm_89,L,T,768,512,32768,blocked|vendor
trsm,cdouble,sm_89,L,T,768,1024,128,blocked|vendor
trsm,cdouble,sm_89,L,T,768,1024,512,blocked|vendor
trsm,cdouble,sm_89,L,T,768,1024,2048,blocked|vendor
trsm,cdouble,sm_89,L,T,768,1024,8192,blocked|vendor
trsm,cdouble,sm_89,L,T,768,1024,32768,blocked|vendor
trsm,cdouble,sm_89,L,T,768,4096,128,blocked|vendor
trsm,cdouble,sm_89,L,T,768,4096,512,blocked|vendor
trsm,cdouble,sm_89,L,T,768,4096,2048,blocked|vendor
trsm,cdouble,sm_89,L,T,768,4096,8192,blocked|vendor
trsm,cdouble,sm_89,L,T,768,4096,32768,blocked|vendor
trsm,cdouble,sm_89,L,T,1024,1,128,blocked|vendor
trsm,cdouble,sm_89,L,T,1024,1,512,blocked|vendor
trsm,cdouble,sm_89,L,T,1024,1,2048,blocked|vendor
trsm,cdouble,sm_89,L,T,1024,1,8192,blocked|vendor
trsm,cdouble,sm_89,L,T,1024,1,32768,blocked|vendor
trsm,cdouble,sm_89,L,T,1024,2,128,blocked|vendor
trsm,cdouble,sm_89,L,T,1024,2,512,blocked|vendor
trsm,cdouble,sm_89,L,T,1024,2,2048,blocked|vendor
trsm,cdouble,sm_89,L,T,1024,2,8192,blocked|vendor
trsm,cdouble,sm_89,L,T,1024,2,32768,blocked|vendor
trsm,cdouble,sm_89,L,T,1024,4,128,blocked|vendor
trsm,cdouble,sm_89,L,T,1024,4,512,blocked|vendor
trsm,cdouble,sm_89,L,T,1024,4,2048,blocked|vendor
trsm,cdouble,sm_89,L,T,1024,4,8192,blocked|vendor
trsm,cdouble,sm_89,L,T,1024,4,32768,blocked|vendor
trsm,cdouble,sm_89,L,T,1024,8,128,blocked|vendor
trsm,cdouble,sm_89,L,T,1024,8,512,blocked|vendor
trsm,cdouble,sm_89,L,T,1024,8,2048,blocked|vendor
trsm,cdouble,sm_89,L,T,1024,8,8192,blocked|vendor
trsm,cdouble,sm_89,L,T,1024,8,32768,blocked|vendor
trsm,cdouble,sm_89,L,T,1024,16,128,blocked|vendor
trsm,cdouble,sm_89,L,T,1024,16,512,blocked|vendor
trsm,cdouble,sm_89,L,T,1024,16,2048,blocked|vendor
trsm,cdouble,sm_89,L,T,1024,16,8192,blocked|vendor
trsm,cdouble,sm_89,L,T,1024,16,32768,blocked|vendor
trsm,cdouble,sm_89,L,T,1024,32,128,blocked|vendor
trsm,cdouble,sm_89,L,T,1024,32,512,blocked|vendor
trsm,cdouble,sm_89,L,T,1024,32,2048,blocked|vendor
trsm,cdouble,sm_89,L,T,1024,32,8192,blocked|vendor
trsm,cdouble,sm_89,L,T,1024,32,32768,blocked|vendor
trsm,cdouble,sm_89,L,T,1024,64,128,blocked|vendor
trsm,cdouble,sm_89,L,T,1024,64,512,blocked|vendor
trsm,cdouble,sm_89,L,T,1024,64,2048,blocked|vendor
trsm,cdouble,sm_89,L,T,1024,64,8192,blocked|vendor
trsm,cdouble,sm_89,L,T,1024,64,32768,blocked|vendor
trsm,cdouble,sm_89,L,T,1024,128,128,blocked|vendor
trsm,cdouble,sm_89,L,T,1024,128,512,blocked|vendor
trsm,cdouble,sm_89,L,T,1024,128,2048,blocked|vendor
trsm,cdouble,sm_89,L,T,1024,128,8192,blocked|vendor
trsm,cdouble,sm_89,L,T,1024,128,32768,blocked|vendor
trsm,cdouble,sm_89,L,T,1024,256,128,blocked|vendor
trsm,cdouble,sm_89,L,T,1024,256,512,blocked|vendor
trsm,cdouble,sm_89,L,T,1024,256,2048,blocked|vendor
trsm,cdouble,sm_89,L,T,1024,256,8192,blocked|vendor
trsm,cdouble,sm_89,L,T,1024,256,32768,blocked|vendor
trsm,cdouble,sm_89,L,T,1024,512,128,blocked|vendor
trsm,cdouble,sm_89,L,T,1024,512,512,blocked|vendor
trsm,cdouble,sm_89,L,T,1024,512,2048,blocked|vendor
trsm,cdouble,sm_89,L,T,1024,512,8192,blocked|vendor
trsm,cdouble,sm_89,L,T,1024,512,32768,blocked|vendor
trsm,cdouble,sm_89,L,T,1024,1024,128,blocked|vendor
trsm,cdouble,sm_89,L,T,1024,1024,512,blocked|vendor
trsm,cdouble,sm_89,L,T,1024,1024,2048,blocked|vendor
trsm,cdouble,sm_89,L,T,1024,1024,8192,blocked|vendor
trsm,cdouble,sm_89,L,T,1024,1024,32768,blocked|vendor
trsm,cdouble,sm_89,L,T,1024,4096,128,blocked|vendor
trsm,cdouble,sm_89,L,T,1024,4096,512,blocked|vendor
trsm,cdouble,sm_89,L,T,1024,4096,2048,blocked|vendor
trsm,cdouble,sm_89,L,T,1024,4096,8192,blocked|vendor
trsm,cdouble,sm_89,L,T,1024,4096,32768,blocked|vendor
trsm,cdouble,sm_89,R,N,1,1,128,cta|blocked|vendor
trsm,cdouble,sm_89,R,N,1,1,512,cta|blocked|vendor
trsm,cdouble,sm_89,R,N,1,1,2048,cta|blocked|vendor
trsm,cdouble,sm_89,R,N,1,1,8192,cta|blocked|vendor
trsm,cdouble,sm_89,R,N,1,1,32768,cta|blocked|vendor
trsm,cdouble,sm_89,R,N,1,2,128,cta|blocked|vendor
trsm,cdouble,sm_89,R,N,1,2,512,cta|blocked|vendor
trsm,cdouble,sm_89,R,N,1,2,2048,cta|blocked|vendor
trsm,cdouble,sm_89,R,N,1,2,8192,cta|blocked|vendor
trsm,cdouble,sm_89,R,N,1,2,32768,cta|blocked|vendor
trsm,cdouble,sm_89,R,N,1,4,128,cta|blocked|vendor
trsm,cdouble,sm_89,R,N,1,4,512,cta|blocked|vendor
trsm,cdouble,sm_89,R,N,1,4,2048,cta|blocked|vendor
trsm,cdouble,sm_89,R,N,1,4,8192,cta|blocked|vendor
trsm,cdouble,sm_89,R,N,1,4,32768,cta|blocked|vendor
trsm,cdouble,sm_89,R,N,1,8,128,cta|blocked|vendor
trsm,cdouble,sm_89,R,N,1,8,512,cta|blocked|vendor
trsm,cdouble,sm_89,R,N,1,8,2048,cta|blocked|vendor
trsm,cdouble,sm_89,R,N,1,8,8192,cta|blocked|vendor
trsm,cdouble,sm_89,R,N,1,8,32768,cta|blocked|vendor
trsm,cdouble,sm_89,R,N,1,16,128,cta|blocked|vendor
trsm,cdouble,sm_89,R,N,1,16,512,cta|blocked|vendor
trsm,cdouble,sm_89,R,N,1,16,2048,cta|blocked|vendor
trsm,cdouble,sm_89,R,N,1,16,8192,cta|blocked|vendor
trsm,cdouble,sm_89,R,N,1,16,32768,cta|blocked|vendor
trsm,cdouble,sm_89,R,N,1,32,128,cta|blocked|vendor
trsm,cdouble,sm_89,R,N,1,32,512,cta|blocked|vendor
trsm,cdouble,sm_89,R,N,1,32,2048,cta|blocked|vendor
trsm,cdouble,sm_89,R,N,1,32,8192,cta|blocked|vendor
trsm,cdouble,sm_89,R,N,1,32,32768,cta|blocked|vendor
trsm,cdouble,sm_89,R,N,1,64,128,cta|blocked|vendor
trsm,cdouble,sm_89,R,N,1,64,512,cta|blocked|vendor
trsm,cdouble,sm_89,R,N,1,64,2048,cta|blocked|vendor
trsm,cdouble,sm_89,R,N,1,64,8192,cta|blocked|vendor
trsm,cdouble,sm_89,R,N,1,64,32768,cta|blocked|vendor
trsm,cdouble,sm_89,R,N,1,128,128,cta|blocked|vendor
trsm,cdouble,sm_89,R,N,1,128,512,cta|blocked|vendor
trsm,cdouble,sm_89,R,N,1,128,2048,cta|blocked|vendor
trsm,cdouble,sm_89,R,N,1,128,8192,cta|blocked|vendor
trsm,cdouble,sm_89,R,N,1,128,32768,cta|blocked|vendor
trsm,cdouble,sm_89,R,N,1,256,128,cta|blocked|vendor
trsm,cdouble,sm_89,R,N,1,256,512,cta|blocked|vendor
trsm,cdouble,sm_89,R,N,1,256,2048,cta|blocked|vendor
trsm,cdouble,sm_89,R,N,1,256,8192,cta|blocked|vendor
trsm,cdouble,sm_89,R,N,1,256,32768,cta|blocked|vendor
trsm,cdouble,sm_89,R,N,1,512,128,cta|blocked|vendor
trsm,cdouble,sm_89,R,N,1,512,512,cta|blocked|vendor
trsm,cdouble,sm_89,R,N,1,512,2048,cta|blocked|vendor
trsm,cdouble,sm_89,R,N,1,512,8192,cta|blocked|vendor
trsm,cdouble,sm_89,R,N,1,512,32768,cta|blocked|vendor
trsm,cdouble,sm_89,R,N,1,1024,128,cta|blocked|vendor
trsm,cdouble,sm_89,R,N,1,1024,512,cta|blocked|vendor
trsm,cdouble,sm_89,R,N,1,1024,2048,cta|blocked|vendor
trsm,cdouble,sm_89,R,N,1,1024,8192,cta|blocked|vendor
trsm,cdouble,sm_89,R,N,1,1024,32768,cta|blocked|vendor
trsm,cdouble,sm_89,R,N,1,4096,128,cta|blocked|vendor
trsm,cdouble,sm_89,R,N,1,4096,512,cta|blocked|vendor
trsm,cdouble,sm_89,R,N,1,4096,2048,cta|blocked|vendor
trsm,cdouble,sm_89,R,N,1,4096,8192,cta|blocked|vendor
trsm,cdouble,sm_89,R,N,1,4096,32768,cta|blocked|vendor
trsm,cdouble,sm_89,R,N,2,1,128,cta|blocked|vendor
trsm,cdouble,sm_89,R,N,2,1,512,cta|blocked|vendor
trsm,cdouble,sm_89,R,N,2,1,2048,cta|blocked|vendor
trsm,cdouble,sm_89,R,N,2,1,8192,cta|blocked|vendor
trsm,cdouble,sm_89,R,N,2,1,32768,cta|blocked|vendor
trsm,cdouble,sm_89,R,N,2,2,128,cta|blocked|vendor
trsm,cdouble,sm_89,R,N,2,2,512,cta|blocked|vendor
trsm,cdouble,sm_89,R,N,2,2,2048,cta|blocked|vendor
trsm,cdouble,sm_89,R,N,2,2,8192,cta|blocked|vendor
trsm,cdouble,sm_89,R,N,2,2,32768,cta|blocked|vendor
trsm,cdouble,sm_89,R,N,2,4,128,cta|blocked|vendor
trsm,cdouble,sm_89,R,N,2,4,512,cta|blocked|vendor
trsm,cdouble,sm_89,R,N,2,4,2048,cta|blocked|vendor
trsm,cdouble,sm_89,R,N,2,4,8192,cta|blocked|vendor
trsm,cdouble,sm_89,R,N,2,4,32768,cta|blocked|vendor
trsm,cdouble,sm_89,R,N,2,8,128,cta|blocked|vendor
trsm,cdouble,sm_89,R,N,2,8,512,cta|blocked|vendor
trsm,cdouble,sm_89,R,N,2,8,2048,cta|blocked|vendor
trsm,cdouble,sm_89,R,N,2,8,8192,cta|blocked|vendor
trsm,cdouble,sm_89,R,N,2,8,32768,cta|blocked|vendor
trsm,cdouble,sm_89,R,N,2,16,128,cta|blocked|vendor
trsm,cdouble,sm_89,R,N,2,16,512,cta|blocked|vendor
trsm,cdouble,sm_89,R,N,2,16,2048,cta|blocked|vendor
trsm,cdouble,sm_89,R,N,2,16,8192,cta|blocked|vendor
trsm,cdouble,sm_89,R,N,2,16,32768,cta|blocked|vendor
trsm,cdouble,sm_89,R,N,2,32,128,cta|blocked|vendor
trsm,cdouble,sm_89,R,N,2,32,512,cta|blocked|vendor
trsm,cdouble,sm_89,R,N,2,32,2048,cta|blocked|vendor
trsm,cdouble,sm_89,R,N,2,32,8192,cta|blocked|vendor
trsm,cdouble,sm_89,R,N,2,32,32768,cta|blocked|vendor
trsm,cdouble,sm_89,R,N,2,64,128,cta|blocked|vendor
trsm,cdouble,sm_89,R,N,2,64,512,cta|blocked|vendor
trsm,cdouble,sm_89,R,N,2,64,2048,cta|blocked|vendor
trsm,cdouble,sm_89,R,N,2,64,8192,cta|blocked|vendor
trsm,cdouble,sm_89,R,N,2,64,32768,cta|blocked|vendor
trsm,cdouble,sm_89,R,N,2,128,128,cta|blocked|vendor
trsm,cdouble,sm_89,R,N,2,128,512,cta|blocked|vendor
trsm,cdouble,sm_89,R,N,2,128,2048,cta|blocked|vendor
trsm,cdouble,sm_89,R,N,2,128,8192,cta|blocked|vendor
trsm,cdouble,sm_89,R,N,2,128,32768,cta|blocked|vendor
trsm,cdouble,sm_89,R,N,2,256,128,cta|blocked|vendor
trsm,cdouble,sm_89,R,N,2,256,512,cta|blocked|vendor
trsm,cdouble,sm_89,R,N,2,256,2048,cta|blocked|vendor
trsm,cdouble,sm_89,R,N,2,256,8192,cta|blocked|vendor
trsm,cdouble,sm_89,R,N,2,256,32768,cta|blocked|vendor
trsm,cdouble,sm_89,R,N,2,512,128,cta|blocked|vendor
trsm,cdouble,sm_89,R,N,2,512,512,cta|blocked|vendor
trsm,cdouble,sm_89,R,N,2,512,2048,cta|blocked|vendor
trsm,cdouble,sm_89,R,N,2,512,8192,cta|blocked|vendor
trsm,cdouble,sm_89,R,N,2,512,32768,cta|blocked|vendor
trsm,cdouble,sm_89,R,N,2,1024,128,cta|blocked|vendor
trsm,cdouble,sm_89,R,N,2,1024,512,cta|blocked|vendor
trsm,cdouble,sm_89,R,N,2,1024,2048,cta|blocked|vendor
trsm,cdouble,sm_89,R,N,2,1024,8192,cta|blocked|vendor
trsm,cdouble,sm_89,R,N,2,1024,32768,cta|blocked|vendor
trsm,cdouble,sm_89,R,N,2,4096,128,cta|blocked|vendor
trsm,cdouble,sm_89,R,N,2,4096,512,cta|blocked|vendor
trsm,cdouble,sm_89,R,N,2,4096,2048,cta|blocked|vendor
trsm,cdouble,sm_89,R,N,2,4096,8192,cta|blocked|vendor
trsm,cdouble,sm_89,R,N,2,4096,32768,cta|blocked|vendor
trsm,cdouble,sm_89,R,N,4,1,128,cta|blocked|vendor
trsm,cdouble,sm_89,R,N,4,1,512,cta|blocked|vendor
trsm,cdouble,sm_89,R,N,4,1,2048,cta|blocked|vendor
trsm,cdouble,sm_89,R,N,4,1,8192,cta|blocked|vendor
trsm,cdouble,sm_89,R,N,4,1,32768,cta|blocked|vendor
trsm,cdouble,sm_89,R,N,4,2,128,cta|blocked|vendor
trsm,cdouble,sm_89,R,N,4,2,512,cta|blocked|vendor
trsm,cdouble,sm_89,R,N,4,2,2048,cta|blocked|vendor
trsm,cdouble,sm_89,R,N,4,2,8192,cta|blocked|vendor
trsm,cdouble,sm_89,R,N,4,2,32768,cta|blocked|vendor
trsm,cdouble,sm_89,R,N,4,4,128,cta|blocked|vendor
trsm,cdouble,sm_89,R,N,4,4,512,cta|blocked|vendor
trsm,cdouble,sm_89,R,N,4,4,2048,cta|blocked|vendor
trsm,cdouble,sm_89,R,N,4,4,8192,cta|blocked|vendor
trsm,cdouble,sm_89,R,N,4,4,32768,cta|blocked|vendor
trsm,cdouble,sm_89,R,N,4,8,128,cta|blocked|vendor
trsm,cdouble,sm_89,R,N,4,8,512,cta|blocked|vendor
trsm,cdouble,sm_89,R,N,4,8,2048,cta|blocked|vendor
trsm,cdouble,sm_89,R,N,4,8,8192,cta|blocked|vendor
trsm,cdouble,sm_89,R,N,4,8,32768,cta|blocked|vendor
trsm,cdouble,sm_89,R,N,4,16,128,cta|blocked|vendor
trsm,cdouble,sm_89,R,N,4,16,512,cta|blocked|vendor
trsm,cdouble,sm_89,R,N,4,16,2048,cta|blocked|vendor
trsm,cdouble,sm_89,R,N,4,16,8192,cta|blocked|vendor
trsm,cdouble,sm_89,R,N,4,16,32768,cta|blocked|vendor
trsm,cdouble,sm_89,R,N,4,32,128,cta|blocked|vendor
trsm,cdouble,sm_89,R,N,4,32,512,cta|blocked|vendor
trsm,cdouble,sm_89,R,N,4,32,2048,cta|blocked|vendor
trsm,cdouble,sm_89,R,N,4,32,8192,cta|blocked|vendor
trsm,cdouble,sm_89,R,N,4,32,32768,cta|blocked|vendor
trsm,cdouble,sm_89,R,N,4,64,128,cta|blocked|vendor
trsm,cdouble,sm_89,R,N,4,64,512,cta|blocked|vendor
trsm,cdouble,sm_89,R,N,4,64,2048,cta|blocked|vendor
trsm,cdouble,sm_89,R,N,4,64,8192,cta|blocked|vendor
trsm,cdouble,sm_89,R,N,4,64,32768,cta|blocked|vendor
trsm,cdouble,sm_89,R,N,4,128,128,cta|blocked|vendor
trsm,cdouble,sm_89,R,N,4,128,512,cta|blocked|vendor
trsm,cdouble,sm_89,R,N,4,128,2048,cta|blocked|vendor
trsm,cdouble,sm_89,R,N,4,128,8192,cta|blocked|vendor
trsm,cdouble,sm_89,R,N,4,128,32768,cta|blocked|vendor
trsm,cdouble,sm_89,R,N,4,256,128,cta|blocked|vendor
trsm,cdouble,sm_89,R,N,4,256,512,cta|blocked|vendor
trsm,cdouble,sm_89,R,N,4,256,2048,cta|blocked|vendor
trsm,cdouble,sm_89,R,N,4,256,8192,cta|blocked|vendor
trsm,cdouble,sm_89,R,N,4,256,32768,cta|blocked|vendor
trsm,cdouble,sm_89,R,N,4,512,128,cta|blocked|vendor
trsm,cdouble,sm_89,R,N,4,512,512,cta|blocked|vendor
trsm,cdouble,sm_89,R,N,4,512,2048,cta|blocked|vendor
trsm,cdouble,sm_89,R,N,4,512,8192,cta|blocked|vendor
trsm,cdouble,sm_89,R,N,4,512,32768,cta|blocked|vendor
trsm,cdouble,sm_89,R,N,4,1024,128,cta|blocked|vendor
trsm,cdouble,sm_89,R,N,4,1024,512,cta|blocked|vendor
trsm,cdouble,sm_89,R,N,4,1024,2048,cta|blocked|vendor
trsm,cdouble,sm_89,R,N,4,1024,8192,cta|blocked|vendor
trsm,cdouble,sm_89,R,N,4,1024,32768,cta|blocked|vendor
trsm,cdouble,sm_89,R,N,4,4096,128,cta|blocked|vendor
trsm,cdouble,sm_89,R,N,4,4096,512,cta|blocked|vendor
trsm,cdouble,sm_89,R,N,4,4096,2048,cta|blocked|vendor
trsm,cdouble,sm_89,R,N,4,4096,8192,cta|blocked|vendor
trsm,cdouble,sm_89,R,N,4,4096,32768,cta|blocked|vendor
trsm,cdouble,sm_89,R,N,8,1,128,cta|blocked|vendor
trsm,cdouble,sm_89,R,N,8,1,512,cta|blocked|vendor
trsm,cdouble,sm_89,R,N,8,1,2048,cta|blocked|vendor
trsm,cdouble,sm_89,R,N,8,1,8192,cta|blocked|vendor
trsm,cdouble,sm_89,R,N,8,1,32768,cta|blocked|vendor
trsm,cdouble,sm_89,R,N,8,2,128,cta|blocked|vendor
trsm,cdouble,sm_89,R,N,8,2,512,cta|blocked|vendor
trsm,cdouble,sm_89,R,N,8,2,2048,cta|blocked|vendor
trsm,cdouble,sm_89,R,N,8,2,8192,cta|blocked|vendor
trsm,cdouble,sm_89,R,N,8,2,32768,cta|blocked|vendor
trsm,cdouble,sm_89,R,N,8,4,128,cta|blocked|vendor
trsm,cdouble,sm_89,R,N,8,4,512,cta|blocked|vendor
trsm,cdouble,sm_89,R,N,8,4,2048,cta|blocked|vendor
trsm,cdouble,sm_89,R,N,8,4,8192,cta|blocked|vendor
trsm,cdouble,sm_89,R,N,8,4,32768,cta|blocked|vendor
trsm,cdouble,sm_89,R,N,8,8,128,cta|blocked|vendor
trsm,cdouble,sm_89,R,N,8,8,512,cta|blocked|vendor
trsm,cdouble,sm_89,R,N,8,8,2048,cta|blocked|vendor
trsm,cdouble,sm_89,R,N,8,8,8192,cta|blocked|vendor
trsm,cdouble,sm_89,R,N,8,8,32768,cta|blocked|vendor
trsm,cdouble,sm_89,R,N,8,16,128,cta|blocked|vendor
trsm,cdouble,sm_89,R,N,8,16,512,cta|blocked|vendor
trsm,cdouble,sm_89,R,N,8,16,2048,cta|blocked|vendor
trsm,cdouble,sm_89,R,N,8,16,8192,cta|blocked|vendor
trsm,cdouble,sm_89,R,N,8,16,32768,cta|blocked|vendor
trsm,cdouble,sm_89,R,N,8,32,128,cta|blocked|vendor
trsm,cdouble,sm_89,R,N,8,32,512,cta|blocked|vendor
trsm,cdouble,sm_89,R,N,8,32,2048,cta|blocked|vendor
trsm,cdouble,sm_89,R,N,8,32,8192,cta|blocked|vendor
trsm,cdouble,sm_89,R,N,8,32,32768,cta|blocked|vendor
trsm,cdouble,sm_89,R,N,8,64,128,cta|blocked|vendor
trsm,cdouble,sm_89,R,N,8,64,512,cta|blocked|vendor
trsm,cdouble,sm_89,R,N,8,64,2048,cta|blocked|vendor
trsm,cdouble,sm_89,R,N,8,64,8192,cta|blocked|vendor
trsm,cdouble,sm_89,R,N,8,64,32768,cta|blocked|vendor
trsm,cdouble,sm_89,R,N,8,128,128,cta|blocked|vendor
trsm,cdouble,sm_89,R,N,8,128,512,cta|blocked|vendor
trsm,cdouble,sm_89,R,N,8,128,2048,cta|blocked|vendor
trsm,cdouble,sm_89,R,N,8,128,8192,cta|blocked|vendor
trsm,cdouble,sm_89,R,N,8,128,32768,cta|blocked|vendor
trsm,cdouble,sm_89,R,N,8,256,128,cta|blocked|vendor
trsm,cdouble,sm_89,R,N,8,256,512,cta|blocked|vendor
trsm,cdouble,sm_89,R,N,8,256,2048,cta|blocked|vendor
trsm,cdouble,sm_89,R,N,8,256,8192,cta|blocked|vendor
trsm,cdouble,sm_89,R,N,8,256,32768,cta|blocked|vendor
trsm,cdouble,sm_89,R,N,8,512,128,cta|blocked|vendor
trsm,cdouble,sm_89,R,N,8,512,512,cta|blocked|vendor
trsm,cdouble,sm_89,R,N,8,512,2048,cta|blocked|vendor
trsm,cdouble,sm_89,R,N,8,512,8192,cta|blocked|vendor
trsm,cdouble,sm_89,R,N,8,512,32768,cta|blocked|vendor
trsm,cdouble,sm_89,R,N,8,1024,128,cta|blocked|vendor
trsm,cdouble,sm_89,R,N,8,1024,512,cta|blocked|vendor
trsm,cdouble,sm_89,R,N,8,1024,2048,cta|blocked|vendor
trsm,cdouble,sm_89,R,N,8,1024,8192,cta|blocked|vendor
trsm,cdouble,sm_89,R,N,8,1024,32768,cta|blocked|vendor
trsm,cdouble,sm_89,R,N,8,4096,128,cta|blocked|vendor
trsm,cdouble,sm_89,R,N,8,4096,512,cta|blocked|vendor
trsm,cdouble,sm_89,R,N,8,4096,2048,cta|blocked|vendor
trsm,cdouble,sm_89,R,N,8,4096,8192,cta|blocked|vendor
trsm,cdouble,sm_89,R,N,8,4096,32768,cta|blocked|vendor
trsm,cdouble,sm_89,R,N,12,1,128,cta|blocked|vendor
trsm,cdouble,sm_89,R,N,12,1,512,cta|blocked|vendor
trsm,cdouble,sm_89,R,N,12,1,2048,cta|blocked|vendor
trsm,cdouble,sm_89,R,N,12,1,8192,cta|blocked|vendor
trsm,cdouble,sm_89,R,N,12,1,32768,cta|blocked|vendor
trsm,cdouble,sm_89,R,N,12,2,128,cta|blocked|vendor
trsm,cdouble,sm_89,R,N,12,2,512,cta|blocked|vendor
trsm,cdouble,sm_89,R,N,12,2,2048,cta|blocked|vendor
trsm,cdouble,sm_89,R,N,12,2,8192,cta|blocked|vendor
trsm,cdouble,sm_89,R,N,12,2,32768,cta|blocked|vendor
trsm,cdouble,sm_89,R,N,12,4,128,cta|blocked|vendor
trsm,cdouble,sm_89,R,N,12,4,512,cta|blocked|vendor
trsm,cdouble,sm_89,R,N,12,4,2048,cta|blocked|vendor
trsm,cdouble,sm_89,R,N,12,4,8192,cta|blocked|vendor
trsm,cdouble,sm_89,R,N,12,4,32768,cta|blocked|vendor
trsm,cdouble,sm_89,R,N,12,8,128,cta|blocked|vendor
trsm,cdouble,sm_89,R,N,12,8,512,cta|blocked|vendor
trsm,cdouble,sm_89,R,N,12,8,2048,cta|blocked|vendor
trsm,cdouble,sm_89,R,N,12,8,8192,cta|blocked|vendor
trsm,cdouble,sm_89,R,N,12,8,32768,cta|blocked|vendor
trsm,cdouble,sm_89,R,N,12,16,128,cta|blocked|vendor
trsm,cdouble,sm_89,R,N,12,16,512,cta|blocked|vendor
trsm,cdouble,sm_89,R,N,12,16,2048,cta|blocked|vendor
trsm,cdouble,sm_89,R,N,12,16,8192,cta|blocked|vendor
trsm,cdouble,sm_89,R,N,12,16,32768,cta|blocked|vendor
trsm,cdouble,sm_89,R,N,12,32,128,cta|blocked|vendor
trsm,cdouble,sm_89,R,N,12,32,512,cta|blocked|vendor
trsm,cdouble,sm_89,R,N,12,32,2048,cta|blocked|vendor
trsm,cdouble,sm_89,R,N,12,32,8192,cta|blocked|vendor
trsm,cdouble,sm_89,R,N,12,32,32768,cta|blocked|vendor
trsm,cdouble,sm_89,R,N,12,64,128,cta|blocked|vendor
trsm,cdouble,sm_89,R,N,12,64,512,cta|blocked|vendor
trsm,cdouble,sm_89,R,N,12,64,2048,cta|blocked|vendor
trsm,cdouble,sm_89,R,N,12,64,8192,cta|blocked|vendor
trsm,cdouble,sm_89,R,N,12,64,32768,cta|blocked|vendor
trsm,cdouble,sm_89,R,N,12,128,128,cta|blocked|vendor
trsm,cdouble,sm_89,R,N,12,128,512,cta|blocked|vendor
trsm,cdouble,sm_89,R,N,12,128,2048,cta|blocked|vendor
trsm,cdouble,sm_89,R,N,12,128,8192,cta|blocked|vendor
trsm,cdouble,sm_89,R,N,12,128,32768,cta|blocked|vendor
trsm,cdouble,sm_89,R,N,12,256,128,cta|blocked|vendor
trsm,cdouble,sm_89,R,N,12,256,512,cta|blocked|vendor
trsm,cdouble,sm_89,R,N,12,256,2048,cta|blocked|vendor
trsm,cdouble,sm_89,R,N,12,256,8192,cta|blocked|vendor
trsm,cdouble,sm_89,R,N,12,256,32768,cta|blocked|vendor
trsm,cdouble,sm_89,R,N,12,512,128,cta|blocked|vendor
trsm,cdouble,sm_89,R,N,12,512,512,cta|blocked|vendor
trsm,cdouble,sm_89,R,N,12,512,2048,cta|blocked|vendor
trsm,cdouble,sm_89,R,N,12,512,8192,cta|blocked|vendor
trsm,cdouble,sm_89,R,N,12,512,32768,cta|blocked|vendor
trsm,cdouble,sm_89,R,N,12,1024,128,cta|blocked|vendor
trsm,cdouble,sm_89,R,N,12,1024,512,cta|blocked|vendor
trsm,cdouble,sm_89,R,N,12,1024,2048,cta|blocked|vendor
trsm,cdouble,sm_89,R,N,12,1024,8192,cta|blocked|vendor
trsm,cdouble,sm_89,R,N,12,1024,32768,cta|blocked|vendor
trsm,cdouble,sm_89,R,N,12,4096,128,cta|blocked|vendor
trsm,cdouble,sm_89,R,N,12,4096,512,cta|blocked|vendor
trsm,cdouble,sm_89,R,N,12,4096,2048,cta|blocked|vendor
trsm,cdouble,sm_89,R,N,12,4096,8192,cta|blocked|vendor
trsm,cdouble,sm_89,R,N,12,4096,32768,cta|blocked|vendor
trsm,cdouble,sm_89,R,N,16,1,128,cta|blocked|vendor
trsm,cdouble,sm_89,R,N,16,1,512,cta|blocked|vendor
trsm,cdouble,sm_89,R,N,16,1,2048,cta|blocked|vendor
trsm,cdouble,sm_89,R,N,16,1,8192,cta|blocked|vendor
trsm,cdouble,sm_89,R,N,16,1,32768,cta|blocked|vendor
trsm,cdouble,sm_89,R,N,16,2,128,cta|blocked|vendor
trsm,cdouble,sm_89,R,N,16,2,512,cta|blocked|vendor
trsm,cdouble,sm_89,R,N,16,2,2048,cta|blocked|vendor
trsm,cdouble,sm_89,R,N,16,2,8192,cta|blocked|vendor
trsm,cdouble,sm_89,R,N,16,2,32768,cta|blocked|vendor
trsm,cdouble,sm_89,R,N,16,4,128,cta|blocked|vendor
trsm,cdouble,sm_89,R,N,16,4,512,cta|blocked|vendor
trsm,cdouble,sm_89,R,N,16,4,2048,cta|blocked|vendor
trsm,cdouble,sm_89,R,N,16,4,8192,cta|blocked|vendor
trsm,cdouble,sm_89,R,N,16,4,32768,cta|blocked|vendor
trsm,cdouble,sm_89,R,N,16,8,128,cta|blocked|vendor
trsm,cdouble,sm_89,R,N,16,8,512,cta|blocked|vendor
trsm,cdouble,sm_89,R,N,16,8,2048,cta|blocked|vendor
trsm,cdouble,sm_89,R,N,16,8,8192,cta|blocked|vendor
trsm,cdouble,sm_89,R,N,16,8,32768,cta|blocked|vendor
trsm,cdouble,sm_89,R,N,16,16,128,cta|blocked|vendor
trsm,cdouble,sm_89,R,N,16,16,512,cta|blocked|vendor
trsm,cdouble,sm_89,R,N,16,16,2048,cta|blocked|vendor
trsm,cdouble,sm_89,R,N,16,16,8192,cta|blocked|vendor
trsm,cdouble,sm_89,R,N,16,16,32768,cta|blocked|vendor
trsm,cdouble,sm_89,R,N,16,32,128,cta|blocked|vendor
trsm,cdouble,sm_89,R,N,16,32,512,cta|blocked|vendor
trsm,cdouble,sm_89,R,N,16,32,2048,cta|blocked|vendor
trsm,cdouble,sm_89,R,N,16,32,8192,cta|blocked|vendor
trsm,cdouble,sm_89,R,N,16,32,32768,cta|blocked|vendor
trsm,cdouble,sm_89,R,N,16,64,128,cta|blocked|vendor
trsm,cdouble,sm_89,R,N,16,64,512,cta|blocked|vendor
trsm,cdouble,sm_89,R,N,16,64,2048,cta|blocked|vendor
trsm,cdouble,sm_89,R,N,16,64,8192,cta|blocked|vendor
trsm,cdouble,sm_89,R,N,16,64,32768,cta|blocked|vendor
trsm,cdouble,sm_89,R,N,16,128,128,cta|blocked|vendor
trsm,cdouble,sm_89,R,N,16,128,512,cta|blocked|vendor
trsm,cdouble,sm_89,R,N,16,128,2048,cta|blocked|vendor
trsm,cdouble,sm_89,R,N,16,128,8192,cta|blocked|vendor
trsm,cdouble,sm_89,R,N,16,128,32768,cta|blocked|vendor
trsm,cdouble,sm_89,R,N,16,256,128,cta|blocked|vendor
trsm,cdouble,sm_89,R,N,16,256,512,cta|blocked|vendor
trsm,cdouble,sm_89,R,N,16,256,2048,cta|blocked|vendor
trsm,cdouble,sm_89,R,N,16,256,8192,cta|blocked|vendor
trsm,cdouble,sm_89,R,N,16,256,32768,cta|blocked|vendor
trsm,cdouble,sm_89,R,N,16,512,128,cta|blocked|vendor
trsm,cdouble,sm_89,R,N,16,512,512,cta|blocked|vendor
trsm,cdouble,sm_89,R,N,16,512,2048,cta|blocked|vendor
trsm,cdouble,sm_89,R,N,16,512,8192,cta|blocked|vendor
trsm,cdouble,sm_89,R,N,16,512,32768,cta|blocked|vendor
trsm,cdouble,sm_89,R,N,16,1024,128,cta|blocked|vendor
trsm,cdouble,sm_89,R,N,16,1024,512,cta|blocked|vendor
trsm,cdouble,sm_89,R,N,16,1024,2048,cta|blocked|vendor
trsm,cdouble,sm_89,R,N,16,1024,8192,cta|blocked|vendor
trsm,cdouble,sm_89,R,N,16,1024,32768,cta|blocked|vendor
trsm,cdouble,sm_89,R,N,16,4096,128,cta|blocked|vendor
trsm,cdouble,sm_89,R,N,16,4096,512,cta|blocked|vendor
trsm,cdouble,sm_89,R,N,16,4096,2048,cta|blocked|vendor
trsm,cdouble,sm_89,R,N,16,4096,8192,cta|blocked|vendor
trsm,cdouble,sm_89,R,N,16,4096,32768,cta|blocked|vendor
trsm,cdouble,sm_89,R,N,24,1,128,cta|blocked|vendor
trsm,cdouble,sm_89,R,N,24,1,512,cta|blocked|vendor
trsm,cdouble,sm_89,R,N,24,1,2048,cta|blocked|vendor
trsm,cdouble,sm_89,R,N,24,1,8192,cta|blocked|vendor
trsm,cdouble,sm_89,R,N,24,1,32768,cta|blocked|vendor
trsm,cdouble,sm_89,R,N,24,2,128,cta|blocked|vendor
trsm,cdouble,sm_89,R,N,24,2,512,cta|blocked|vendor
trsm,cdouble,sm_89,R,N,24,2,2048,cta|blocked|vendor
trsm,cdouble,sm_89,R,N,24,2,8192,cta|blocked|vendor
trsm,cdouble,sm_89,R,N,24,2,32768,cta|blocked|vendor
trsm,cdouble,sm_89,R,N,24,4,128,cta|blocked|vendor
trsm,cdouble,sm_89,R,N,24,4,512,cta|blocked|vendor
trsm,cdouble,sm_89,R,N,24,4,2048,cta|blocked|vendor
trsm,cdouble,sm_89,R,N,24,4,8192,cta|blocked|vendor
trsm,cdouble,sm_89,R,N,24,4,32768,cta|blocked|vendor
trsm,cdouble,sm_89,R,N,24,8,128,cta|blocked|vendor
trsm,cdouble,sm_89,R,N,24,8,512,cta|blocked|vendor
trsm,cdouble,sm_89,R,N,24,8,2048,cta|blocked|vendor
trsm,cdouble,sm_89,R,N,24,8,8192,cta|blocked|vendor
trsm,cdouble,sm_89,R,N,24,8,32768,cta|blocked|vendor
trsm,cdouble,sm_89,R,N,24,16,128,cta|blocked|vendor
trsm,cdouble,sm_89,R,N,24,16,512,cta|blocked|vendor
trsm,cdouble,sm_89,R,N,24,16,2048,cta|blocked|vendor
trsm,cdouble,sm_89,R,N,24,16,8192,cta|blocked|vendor
trsm,cdouble,sm_89,R,N,24,16,32768,cta|blocked|vendor
trsm,cdouble,sm_89,R,N,24,32,128,cta|blocked|vendor
trsm,cdouble,sm_89,R,N,24,32,512,cta|blocked|vendor
trsm,cdouble,sm_89,R,N,24,32,2048,cta|blocked|vendor
trsm,cdouble,sm_89,R,N,24,32,8192,cta|blocked|vendor
trsm,cdouble,sm_89,R,N,24,32,32768,cta|blocked|vendor
trsm,cdouble,sm_89,R,N,24,64,128,cta|blocked|vendor
trsm,cdouble,sm_89,R,N,24,64,512,cta|blocked|vendor
trsm,cdouble,sm_89,R,N,24,64,2048,cta|blocked|vendor
trsm,cdouble,sm_89,R,N,24,64,8192,cta|blocked|vendor
trsm,cdouble,sm_89,R,N,24,64,32768,cta|blocked|vendor
trsm,cdouble,sm_89,R,N,24,128,128,cta|blocked|vendor
trsm,cdouble,sm_89,R,N,24,128,512,cta|blocked|vendor
trsm,cdouble,sm_89,R,N,24,128,2048,cta|blocked|vendor
trsm,cdouble,sm_89,R,N,24,128,8192,cta|blocked|vendor
trsm,cdouble,sm_89,R,N,24,128,32768,cta|blocked|vendor
trsm,cdouble,sm_89,R,N,24,256,128,cta|blocked|vendor
trsm,cdouble,sm_89,R,N,24,256,512,cta|blocked|vendor
trsm,cdouble,sm_89,R,N,24,256,2048,cta|blocked|vendor
trsm,cdouble,sm_89,R,N,24,256,8192,cta|blocked|vendor
trsm,cdouble,sm_89,R,N,24,256,32768,cta|blocked|vendor
trsm,cdouble,sm_89,R,N,24,512,128,cta|blocked|vendor
trsm,cdouble,sm_89,R,N,24,512,512,cta|blocked|vendor
trsm,cdouble,sm_89,R,N,24,512,2048,cta|blocked|vendor
trsm,cdouble,sm_89,R,N,24,512,8192,cta|blocked|vendor
trsm,cdouble,sm_89,R,N,24,512,32768,cta|blocked|vendor
trsm,cdouble,sm_89,R,N,24,1024,128,cta|blocked|vendor
trsm,cdouble,sm_89,R,N,24,1024,512,cta|blocked|vendor
trsm,cdouble,sm_89,R,N,24,1024,2048,cta|blocked|vendor
trsm,cdouble,sm_89,R,N,24,1024,8192,cta|blocked|vendor
trsm,cdouble,sm_89,R,N,24,1024,32768,cta|blocked|vendor
trsm,cdouble,sm_89,R,N,24,4096,128,cta|blocked|vendor
trsm,cdouble,sm_89,R,N,24,4096,512,cta|blocked|vendor
trsm,cdouble,sm_89,R,N,24,4096,2048,cta|blocked|vendor
trsm,cdouble,sm_89,R,N,24,4096,8192,cta|blocked|vendor
trsm,cdouble,sm_89,R,N,24,4096,32768,cta|blocked|vendor
trsm,cdouble,sm_89,R,N,32,1,128,cta|blocked|vendor
trsm,cdouble,sm_89,R,N,32,1,512,cta|blocked|vendor
trsm,cdouble,sm_89,R,N,32,1,2048,cta|blocked|vendor
trsm,cdouble,sm_89,R,N,32,1,8192,cta|blocked|vendor
trsm,cdouble,sm_89,R,N,32,1,32768,cta|blocked|vendor
trsm,cdouble,sm_89,R,N,32,2,128,cta|blocked|vendor
trsm,cdouble,sm_89,R,N,32,2,512,cta|blocked|vendor
trsm,cdouble,sm_89,R,N,32,2,2048,cta|blocked|vendor
trsm,cdouble,sm_89,R,N,32,2,8192,cta|blocked|vendor
trsm,cdouble,sm_89,R,N,32,2,32768,cta|blocked|vendor
trsm,cdouble,sm_89,R,N,32,4,128,cta|blocked|vendor
trsm,cdouble,sm_89,R,N,32,4,512,cta|blocked|vendor
trsm,cdouble,sm_89,R,N,32,4,2048,cta|blocked|vendor
trsm,cdouble,sm_89,R,N,32,4,8192,cta|blocked|vendor
trsm,cdouble,sm_89,R,N,32,4,32768,cta|blocked|vendor
trsm,cdouble,sm_89,R,N,32,8,128,cta|blocked|vendor
trsm,cdouble,sm_89,R,N,32,8,512,cta|blocked|vendor
trsm,cdouble,sm_89,R,N,32,8,2048,cta|blocked|vendor
trsm,cdouble,sm_89,R,N,32,8,8192,cta|blocked|vendor
trsm,cdouble,sm_89,R,N,32,8,32768,cta|blocked|vendor
trsm,cdouble,sm_89,R,N,32,16,128,cta|blocked|vendor
trsm,cdouble,sm_89,R,N,32,16,512,cta|blocked|vendor
trsm,cdouble,sm_89,R,N,32,16,2048,cta|blocked|vendor
trsm,cdouble,sm_89,R,N,32,16,8192,cta|blocked|vendor
trsm,cdouble,sm_89,R,N,32,16,32768,cta|blocked|vendor
trsm,cdouble,sm_89,R,N,32,32,128,cta|blocked|vendor
trsm,cdouble,sm_89,R,N,32,32,512,cta|blocked|vendor
trsm,cdouble,sm_89,R,N,32,32,2048,cta|blocked|vendor
trsm,cdouble,sm_89,R,N,32,32,8192,cta|blocked|vendor
trsm,cdouble,sm_89,R,N,32,32,32768,cta|blocked|vendor
trsm,cdouble,sm_89,R,N,32,64,128,cta|blocked|vendor
trsm,cdouble,sm_89,R,N,32,64,512,cta|blocked|vendor
trsm,cdouble,sm_89,R,N,32,64,2048,cta|blocked|vendor
trsm,cdouble,sm_89,R,N,32,64,8192,cta|blocked|vendor
trsm,cdouble,sm_89,R,N,32,64,32768,cta|blocked|vendor
trsm,cdouble,sm_89,R,N,32,128,128,cta|blocked|vendor
trsm,cdouble,sm_89,R,N,32,128,512,cta|blocked|vendor
trsm,cdouble,sm_89,R,N,32,128,2048,cta|blocked|vendor
trsm,cdouble,sm_89,R,N,32,128,8192,cta|blocked|vendor
trsm,cdouble,sm_89,R,N,32,128,32768,cta|blocked|vendor
trsm,cdouble,sm_89,R,N,32,256,128,cta|blocked|vendor
trsm,cdouble,sm_89,R,N,32,256,512,cta|blocked|vendor
trsm,cdouble,sm_89,R,N,32,256,2048,cta|blocked|vendor
trsm,cdouble,sm_89,R,N,32,256,8192,cta|blocked|vendor
trsm,cdouble,sm_89,R,N,32,256,32768,cta|blocked|vendor
trsm,cdouble,sm_89,R,N,32,512,128,cta|blocked|vendor
trsm,cdouble,sm_89,R,N,32,512,512,cta|blocked|vendor
trsm,cdouble,sm_89,R,N,32,512,2048,cta|blocked|vendor
trsm,cdouble,sm_89,R,N,32,512,8192,cta|blocked|vendor
trsm,cdouble,sm_89,R,N,32,512,32768,cta|blocked|vendor
trsm,cdouble,sm_89,R,N,32,1024,128,cta|blocked|vendor
trsm,cdouble,sm_89,R,N,32,1024,512,cta|blocked|vendor
trsm,cdouble,sm_89,R,N,32,1024,2048,cta|blocked|vendor
trsm,cdouble,sm_89,R,N,32,1024,8192,cta|blocked|vendor
trsm,cdouble,sm_89,R,N,32,1024,32768,cta|blocked|vendor
trsm,cdouble,sm_89,R,N,32,4096,128,cta|blocked|vendor
trsm,cdouble,sm_89,R,N,32,4096,512,cta|blocked|vendor
trsm,cdouble,sm_89,R,N,32,4096,2048,cta|blocked|vendor
trsm,cdouble,sm_89,R,N,32,4096,8192,cta|blocked|vendor
trsm,cdouble,sm_89,R,N,32,4096,32768,cta|blocked|vendor
trsm,cdouble,sm_89,R,N,48,1,128,blocked|vendor
trsm,cdouble,sm_89,R,N,48,1,512,blocked|vendor
trsm,cdouble,sm_89,R,N,48,1,2048,blocked|vendor
trsm,cdouble,sm_89,R,N,48,1,8192,blocked|vendor
trsm,cdouble,sm_89,R,N,48,1,32768,blocked|vendor
trsm,cdouble,sm_89,R,N,48,2,128,blocked|vendor
trsm,cdouble,sm_89,R,N,48,2,512,blocked|vendor
trsm,cdouble,sm_89,R,N,48,2,2048,blocked|vendor
trsm,cdouble,sm_89,R,N,48,2,8192,blocked|vendor
trsm,cdouble,sm_89,R,N,48,2,32768,blocked|vendor
trsm,cdouble,sm_89,R,N,48,4,128,blocked|vendor
trsm,cdouble,sm_89,R,N,48,4,512,blocked|vendor
trsm,cdouble,sm_89,R,N,48,4,2048,blocked|vendor
trsm,cdouble,sm_89,R,N,48,4,8192,blocked|vendor
trsm,cdouble,sm_89,R,N,48,4,32768,blocked|vendor
trsm,cdouble,sm_89,R,N,48,8,128,blocked|vendor
trsm,cdouble,sm_89,R,N,48,8,512,blocked|vendor
trsm,cdouble,sm_89,R,N,48,8,2048,blocked|vendor
trsm,cdouble,sm_89,R,N,48,8,8192,blocked|vendor
trsm,cdouble,sm_89,R,N,48,8,32768,blocked|vendor
trsm,cdouble,sm_89,R,N,48,16,128,blocked|vendor
trsm,cdouble,sm_89,R,N,48,16,512,blocked|vendor
trsm,cdouble,sm_89,R,N,48,16,2048,blocked|vendor
trsm,cdouble,sm_89,R,N,48,16,8192,blocked|vendor
trsm,cdouble,sm_89,R,N,48,16,32768,blocked|vendor
trsm,cdouble,sm_89,R,N,48,32,128,blocked|vendor
trsm,cdouble,sm_89,R,N,48,32,512,blocked|vendor
trsm,cdouble,sm_89,R,N,48,32,2048,blocked|vendor
trsm,cdouble,sm_89,R,N,48,32,8192,blocked|vendor
trsm,cdouble,sm_89,R,N,48,32,32768,blocked|vendor
trsm,cdouble,sm_89,R,N,48,64,128,blocked|vendor
trsm,cdouble,sm_89,R,N,48,64,512,blocked|vendor
trsm,cdouble,sm_89,R,N,48,64,2048,blocked|vendor
trsm,cdouble,sm_89,R,N,48,64,8192,blocked|vendor
trsm,cdouble,sm_89,R,N,48,64,32768,blocked|vendor
trsm,cdouble,sm_89,R,N,48,128,128,blocked|vendor
trsm,cdouble,sm_89,R,N,48,128,512,blocked|vendor
trsm,cdouble,sm_89,R,N,48,128,2048,blocked|vendor
trsm,cdouble,sm_89,R,N,48,128,8192,blocked|vendor
trsm,cdouble,sm_89,R,N,48,128,32768,blocked|vendor
trsm,cdouble,sm_89,R,N,48,256,128,blocked|vendor
trsm,cdouble,sm_89,R,N,48,256,512,blocked|vendor
trsm,cdouble,sm_89,R,N,48,256,2048,blocked|vendor
trsm,cdouble,sm_89,R,N,48,256,8192,blocked|vendor
trsm,cdouble,sm_89,R,N,48,256,32768,blocked|vendor
trsm,cdouble,sm_89,R,N,48,512,128,blocked|vendor
trsm,cdouble,sm_89,R,N,48,512,512,blocked|vendor
trsm,cdouble,sm_89,R,N,48,512,2048,blocked|vendor
trsm,cdouble,sm_89,R,N,48,512,8192,blocked|vendor
trsm,cdouble,sm_89,R,N,48,512,32768,blocked|vendor
trsm,cdouble,sm_89,R,N,48,1024,128,blocked|vendor
trsm,cdouble,sm_89,R,N,48,1024,512,blocked|vendor
trsm,cdouble,sm_89,R,N,48,1024,2048,blocked|vendor
trsm,cdouble,sm_89,R,N,48,1024,8192,blocked|vendor
trsm,cdouble,sm_89,R,N,48,1024,32768,blocked|vendor
trsm,cdouble,sm_89,R,N,48,4096,128,blocked|vendor
trsm,cdouble,sm_89,R,N,48,4096,512,blocked|vendor
trsm,cdouble,sm_89,R,N,48,4096,2048,blocked|vendor
trsm,cdouble,sm_89,R,N,48,4096,8192,blocked|vendor
trsm,cdouble,sm_89,R,N,48,4096,32768,blocked|vendor
trsm,cdouble,sm_89,R,N,64,1,128,blocked|vendor
trsm,cdouble,sm_89,R,N,64,1,512,blocked|vendor
trsm,cdouble,sm_89,R,N,64,1,2048,blocked|vendor
trsm,cdouble,sm_89,R,N,64,1,8192,blocked|vendor
trsm,cdouble,sm_89,R,N,64,1,32768,blocked|vendor
trsm,cdouble,sm_89,R,N,64,2,128,blocked|vendor
trsm,cdouble,sm_89,R,N,64,2,512,blocked|vendor
trsm,cdouble,sm_89,R,N,64,2,2048,blocked|vendor
trsm,cdouble,sm_89,R,N,64,2,8192,blocked|vendor
trsm,cdouble,sm_89,R,N,64,2,32768,blocked|vendor
trsm,cdouble,sm_89,R,N,64,4,128,blocked|vendor
trsm,cdouble,sm_89,R,N,64,4,512,blocked|vendor
trsm,cdouble,sm_89,R,N,64,4,2048,blocked|vendor
trsm,cdouble,sm_89,R,N,64,4,8192,blocked|vendor
trsm,cdouble,sm_89,R,N,64,4,32768,blocked|vendor
trsm,cdouble,sm_89,R,N,64,8,128,blocked|vendor
trsm,cdouble,sm_89,R,N,64,8,512,blocked|vendor
trsm,cdouble,sm_89,R,N,64,8,2048,blocked|vendor
trsm,cdouble,sm_89,R,N,64,8,8192,blocked|vendor
trsm,cdouble,sm_89,R,N,64,8,32768,blocked|vendor
trsm,cdouble,sm_89,R,N,64,16,128,blocked|vendor
trsm,cdouble,sm_89,R,N,64,16,512,blocked|vendor
trsm,cdouble,sm_89,R,N,64,16,2048,blocked|vendor
trsm,cdouble,sm_89,R,N,64,16,8192,blocked|vendor
trsm,cdouble,sm_89,R,N,64,16,32768,blocked|vendor
trsm,cdouble,sm_89,R,N,64,32,128,blocked|vendor
trsm,cdouble,sm_89,R,N,64,32,512,blocked|vendor
trsm,cdouble,sm_89,R,N,64,32,2048,blocked|vendor
trsm,cdouble,sm_89,R,N,64,32,8192,blocked|vendor
trsm,cdouble,sm_89,R,N,64,32,32768,blocked|vendor
trsm,cdouble,sm_89,R,N,64,64,128,blocked|vendor
trsm,cdouble,sm_89,R,N,64,64,512,blocked|vendor
trsm,cdouble,sm_89,R,N,64,64,2048,blocked|vendor
trsm,cdouble,sm_89,R,N,64,64,8192,blocked|vendor
trsm,cdouble,sm_89,R,N,64,64,32768,blocked|vendor
trsm,cdouble,sm_89,R,N,64,128,128,blocked|vendor
trsm,cdouble,sm_89,R,N,64,128,512,blocked|vendor
trsm,cdouble,sm_89,R,N,64,128,2048,blocked|vendor
trsm,cdouble,sm_89,R,N,64,128,8192,blocked|vendor
trsm,cdouble,sm_89,R,N,64,128,32768,blocked|vendor
trsm,cdouble,sm_89,R,N,64,256,128,blocked|vendor
trsm,cdouble,sm_89,R,N,64,256,512,blocked|vendor
trsm,cdouble,sm_89,R,N,64,256,2048,blocked|vendor
trsm,cdouble,sm_89,R,N,64,256,8192,blocked|vendor
trsm,cdouble,sm_89,R,N,64,256,32768,blocked|vendor
trsm,cdouble,sm_89,R,N,64,512,128,blocked|vendor
trsm,cdouble,sm_89,R,N,64,512,512,blocked|vendor
trsm,cdouble,sm_89,R,N,64,512,2048,blocked|vendor
trsm,cdouble,sm_89,R,N,64,512,8192,blocked|vendor
trsm,cdouble,sm_89,R,N,64,512,32768,blocked|vendor
trsm,cdouble,sm_89,R,N,64,1024,128,blocked|vendor
trsm,cdouble,sm_89,R,N,64,1024,512,blocked|vendor
trsm,cdouble,sm_89,R,N,64,1024,2048,blocked|vendor
trsm,cdouble,sm_89,R,N,64,1024,8192,blocked|vendor
trsm,cdouble,sm_89,R,N,64,1024,32768,blocked|vendor
trsm,cdouble,sm_89,R,N,64,4096,128,blocked|vendor
trsm,cdouble,sm_89,R,N,64,4096,512,blocked|vendor
trsm,cdouble,sm_89,R,N,64,4096,2048,blocked|vendor
trsm,cdouble,sm_89,R,N,64,4096,8192,blocked|vendor
trsm,cdouble,sm_89,R,N,64,4096,32768,blocked|vendor
trsm,cdouble,sm_89,R,N,96,1,128,blocked|vendor
trsm,cdouble,sm_89,R,N,96,1,512,blocked|vendor
trsm,cdouble,sm_89,R,N,96,1,2048,blocked|vendor
trsm,cdouble,sm_89,R,N,96,1,8192,blocked|vendor
trsm,cdouble,sm_89,R,N,96,1,32768,blocked|vendor
trsm,cdouble,sm_89,R,N,96,2,128,blocked|vendor
trsm,cdouble,sm_89,R,N,96,2,512,blocked|vendor
trsm,cdouble,sm_89,R,N,96,2,2048,blocked|vendor
trsm,cdouble,sm_89,R,N,96,2,8192,blocked|vendor
trsm,cdouble,sm_89,R,N,96,2,32768,blocked|vendor
trsm,cdouble,sm_89,R,N,96,4,128,blocked|vendor
trsm,cdouble,sm_89,R,N,96,4,512,blocked|vendor
trsm,cdouble,sm_89,R,N,96,4,2048,blocked|vendor
trsm,cdouble,sm_89,R,N,96,4,8192,blocked|vendor
trsm,cdouble,sm_89,R,N,96,4,32768,blocked|vendor
trsm,cdouble,sm_89,R,N,96,8,128,blocked|vendor
trsm,cdouble,sm_89,R,N,96,8,512,blocked|vendor
trsm,cdouble,sm_89,R,N,96,8,2048,blocked|vendor
trsm,cdouble,sm_89,R,N,96,8,8192,blocked|vendor
trsm,cdouble,sm_89,R,N,96,8,32768,blocked|vendor
trsm,cdouble,sm_89,R,N,96,16,128,blocked|vendor
trsm,cdouble,sm_89,R,N,96,16,512,blocked|vendor
trsm,cdouble,sm_89,R,N,96,16,2048,blocked|vendor
trsm,cdouble,sm_89,R,N,96,16,8192,blocked|vendor
trsm,cdouble,sm_89,R,N,96,16,32768,blocked|vendor
trsm,cdouble,sm_89,R,N,96,32,128,blocked|vendor
trsm,cdouble,sm_89,R,N,96,32,512,blocked|vendor
trsm,cdouble,sm_89,R,N,96,32,2048,blocked|vendor
trsm,cdouble,sm_89,R,N,96,32,8192,blocked|vendor
trsm,cdouble,sm_89,R,N,96,32,32768,blocked|vendor
trsm,cdouble,sm_89,R,N,96,64,128,blocked|vendor
trsm,cdouble,sm_89,R,N,96,64,512,blocked|vendor
trsm,cdouble,sm_89,R,N,96,64,2048,blocked|vendor
trsm,cdouble,sm_89,R,N,96,64,8192,blocked|vendor
trsm,cdouble,sm_89,R,N,96,64,32768,blocked|vendor
trsm,cdouble,sm_89,R,N,96,128,128,blocked|vendor
trsm,cdouble,sm_89,R,N,96,128,512,blocked|vendor
trsm,cdouble,sm_89,R,N,96,128,2048,blocked|vendor
trsm,cdouble,sm_89,R,N,96,128,8192,blocked|vendor
trsm,cdouble,sm_89,R,N,96,128,32768,blocked|vendor
trsm,cdouble,sm_89,R,N,96,256,128,blocked|vendor
trsm,cdouble,sm_89,R,N,96,256,512,blocked|vendor
trsm,cdouble,sm_89,R,N,96,256,2048,blocked|vendor
trsm,cdouble,sm_89,R,N,96,256,8192,blocked|vendor
trsm,cdouble,sm_89,R,N,96,256,32768,blocked|vendor
trsm,cdouble,sm_89,R,N,96,512,128,blocked|vendor
trsm,cdouble,sm_89,R,N,96,512,512,blocked|vendor
trsm,cdouble,sm_89,R,N,96,512,2048,blocked|vendor
trsm,cdouble,sm_89,R,N,96,512,8192,blocked|vendor
trsm,cdouble,sm_89,R,N,96,512,32768,blocked|vendor
trsm,cdouble,sm_89,R,N,96,1024,128,blocked|vendor
trsm,cdouble,sm_89,R,N,96,1024,512,blocked|vendor
trsm,cdouble,sm_89,R,N,96,1024,2048,blocked|vendor
trsm,cdouble,sm_89,R,N,96,1024,8192,blocked|vendor
trsm,cdouble,sm_89,R,N,96,1024,32768,blocked|vendor
trsm,cdouble,sm_89,R,N,96,4096,128,blocked|vendor
trsm,cdouble,sm_89,R,N,96,4096,512,blocked|vendor
trsm,cdouble,sm_89,R,N,96,4096,2048,blocked|vendor
trsm,cdouble,sm_89,R,N,96,4096,8192,blocked|vendor
trsm,cdouble,sm_89,R,N,96,4096,32768,blocked|vendor
trsm,cdouble,sm_89,R,N,128,1,128,blocked|vendor
trsm,cdouble,sm_89,R,N,128,1,512,blocked|vendor
trsm,cdouble,sm_89,R,N,128,1,2048,blocked|vendor
trsm,cdouble,sm_89,R,N,128,1,8192,blocked|vendor
trsm,cdouble,sm_89,R,N,128,1,32768,blocked|vendor
trsm,cdouble,sm_89,R,N,128,2,128,blocked|vendor
trsm,cdouble,sm_89,R,N,128,2,512,blocked|vendor
trsm,cdouble,sm_89,R,N,128,2,2048,blocked|vendor
trsm,cdouble,sm_89,R,N,128,2,8192,blocked|vendor
trsm,cdouble,sm_89,R,N,128,2,32768,blocked|vendor
trsm,cdouble,sm_89,R,N,128,4,128,blocked|vendor
trsm,cdouble,sm_89,R,N,128,4,512,blocked|vendor
trsm,cdouble,sm_89,R,N,128,4,2048,blocked|vendor
trsm,cdouble,sm_89,R,N,128,4,8192,blocked|vendor
trsm,cdouble,sm_89,R,N,128,4,32768,blocked|vendor
trsm,cdouble,sm_89,R,N,128,8,128,blocked|vendor
trsm,cdouble,sm_89,R,N,128,8,512,blocked|vendor
trsm,cdouble,sm_89,R,N,128,8,2048,blocked|vendor
trsm,cdouble,sm_89,R,N,128,8,8192,blocked|vendor
trsm,cdouble,sm_89,R,N,128,8,32768,blocked|vendor
trsm,cdouble,sm_89,R,N,128,16,128,blocked|vendor
trsm,cdouble,sm_89,R,N,128,16,512,blocked|vendor
trsm,cdouble,sm_89,R,N,128,16,2048,blocked|vendor
trsm,cdouble,sm_89,R,N,128,16,8192,blocked|vendor
trsm,cdouble,sm_89,R,N,128,16,32768,blocked|vendor
trsm,cdouble,sm_89,R,N,128,32,128,blocked|vendor
trsm,cdouble,sm_89,R,N,128,32,512,blocked|vendor
trsm,cdouble,sm_89,R,N,128,32,2048,blocked|vendor
trsm,cdouble,sm_89,R,N,128,32,8192,blocked|vendor
trsm,cdouble,sm_89,R,N,128,32,32768,blocked|vendor
trsm,cdouble,sm_89,R,N,128,64,128,blocked|vendor
trsm,cdouble,sm_89,R,N,128,64,512,blocked|vendor
trsm,cdouble,sm_89,R,N,128,64,2048,blocked|vendor
trsm,cdouble,sm_89,R,N,128,64,8192,blocked|vendor
trsm,cdouble,sm_89,R,N,128,64,32768,blocked|vendor
trsm,cdouble,sm_89,R,N,128,128,128,blocked|vendor
trsm,cdouble,sm_89,R,N,128,128,512,blocked|vendor
trsm,cdouble,sm_89,R,N,128,128,2048,blocked|vendor
trsm,cdouble,sm_89,R,N,128,128,8192,blocked|vendor
trsm,cdouble,sm_89,R,N,128,128,32768,blocked|vendor
trsm,cdouble,sm_89,R,N,128,256,128,blocked|vendor
trsm,cdouble,sm_89,R,N,128,256,512,blocked|vendor
trsm,cdouble,sm_89,R,N,128,256,2048,blocked|vendor
trsm,cdouble,sm_89,R,N,128,256,8192,blocked|vendor
trsm,cdouble,sm_89,R,N,128,256,32768,blocked|vendor
trsm,cdouble,sm_89,R,N,128,512,128,blocked|vendor
trsm,cdouble,sm_89,R,N,128,512,512,blocked|vendor
trsm,cdouble,sm_89,R,N,128,512,2048,blocked|vendor
trsm,cdouble,sm_89,R,N,128,512,8192,blocked|vendor
trsm,cdouble,sm_89,R,N,128,512,32768,blocked|vendor
trsm,cdouble,sm_89,R,N,128,1024,128,blocked|vendor
trsm,cdouble,sm_89,R,N,128,1024,512,blocked|vendor
trsm,cdouble,sm_89,R,N,128,1024,2048,blocked|vendor
trsm,cdouble,sm_89,R,N,128,1024,8192,blocked|vendor
trsm,cdouble,sm_89,R,N,128,1024,32768,blocked|vendor
trsm,cdouble,sm_89,R,N,128,4096,128,blocked|vendor
trsm,cdouble,sm_89,R,N,128,4096,512,blocked|vendor
trsm,cdouble,sm_89,R,N,128,4096,2048,blocked|vendor
trsm,cdouble,sm_89,R,N,128,4096,8192,blocked|vendor
trsm,cdouble,sm_89,R,N,128,4096,32768,blocked|vendor
trsm,cdouble,sm_89,R,N,192,1,128,blocked|vendor
trsm,cdouble,sm_89,R,N,192,1,512,blocked|vendor
trsm,cdouble,sm_89,R,N,192,1,2048,blocked|vendor
trsm,cdouble,sm_89,R,N,192,1,8192,blocked|vendor
trsm,cdouble,sm_89,R,N,192,1,32768,blocked|vendor
trsm,cdouble,sm_89,R,N,192,2,128,blocked|vendor
trsm,cdouble,sm_89,R,N,192,2,512,blocked|vendor
trsm,cdouble,sm_89,R,N,192,2,2048,blocked|vendor
trsm,cdouble,sm_89,R,N,192,2,8192,blocked|vendor
trsm,cdouble,sm_89,R,N,192,2,32768,blocked|vendor
trsm,cdouble,sm_89,R,N,192,4,128,blocked|vendor
trsm,cdouble,sm_89,R,N,192,4,512,blocked|vendor
trsm,cdouble,sm_89,R,N,192,4,2048,blocked|vendor
trsm,cdouble,sm_89,R,N,192,4,8192,blocked|vendor
trsm,cdouble,sm_89,R,N,192,4,32768,blocked|vendor
trsm,cdouble,sm_89,R,N,192,8,128,blocked|vendor
trsm,cdouble,sm_89,R,N,192,8,512,blocked|vendor
trsm,cdouble,sm_89,R,N,192,8,2048,blocked|vendor
trsm,cdouble,sm_89,R,N,192,8,8192,blocked|vendor
trsm,cdouble,sm_89,R,N,192,8,32768,blocked|vendor
trsm,cdouble,sm_89,R,N,192,16,128,blocked|vendor
trsm,cdouble,sm_89,R,N,192,16,512,blocked|vendor
trsm,cdouble,sm_89,R,N,192,16,2048,blocked|vendor
trsm,cdouble,sm_89,R,N,192,16,8192,blocked|vendor
trsm,cdouble,sm_89,R,N,192,16,32768,blocked|vendor
trsm,cdouble,sm_89,R,N,192,32,128,blocked|vendor
trsm,cdouble,sm_89,R,N,192,32,512,blocked|vendor
trsm,cdouble,sm_89,R,N,192,32,2048,blocked|vendor
trsm,cdouble,sm_89,R,N,192,32,8192,blocked|vendor
trsm,cdouble,sm_89,R,N,192,32,32768,blocked|vendor
trsm,cdouble,sm_89,R,N,192,64,128,blocked|vendor
trsm,cdouble,sm_89,R,N,192,64,512,blocked|vendor
trsm,cdouble,sm_89,R,N,192,64,2048,blocked|vendor
trsm,cdouble,sm_89,R,N,192,64,8192,blocked|vendor
trsm,cdouble,sm_89,R,N,192,64,32768,blocked|vendor
trsm,cdouble,sm_89,R,N,192,128,128,blocked|vendor
trsm,cdouble,sm_89,R,N,192,128,512,blocked|vendor
trsm,cdouble,sm_89,R,N,192,128,2048,blocked|vendor
trsm,cdouble,sm_89,R,N,192,128,8192,blocked|vendor
trsm,cdouble,sm_89,R,N,192,128,32768,blocked|vendor
trsm,cdouble,sm_89,R,N,192,256,128,blocked|vendor
trsm,cdouble,sm_89,R,N,192,256,512,blocked|vendor
trsm,cdouble,sm_89,R,N,192,256,2048,blocked|vendor
trsm,cdouble,sm_89,R,N,192,256,8192,blocked|vendor
trsm,cdouble,sm_89,R,N,192,256,32768,blocked|vendor
trsm,cdouble,sm_89,R,N,192,512,128,blocked|vendor
trsm,cdouble,sm_89,R,N,192,512,512,blocked|vendor
trsm,cdouble,sm_89,R,N,192,512,2048,blocked|vendor
trsm,cdouble,sm_89,R,N,192,512,8192,blocked|vendor
trsm,cdouble,sm_89,R,N,192,512,32768,blocked|vendor
trsm,cdouble,sm_89,R,N,192,1024,128,blocked|vendor
trsm,cdouble,sm_89,R,N,192,1024,512,blocked|vendor
trsm,cdouble,sm_89,R,N,192,1024,2048,blocked|vendor
trsm,cdouble,sm_89,R,N,192,1024,8192,blocked|vendor
trsm,cdouble,sm_89,R,N,192,1024,32768,blocked|vendor
trsm,cdouble,sm_89,R,N,192,4096,128,blocked|vendor
trsm,cdouble,sm_89,R,N,192,4096,512,blocked|vendor
trsm,cdouble,sm_89,R,N,192,4096,2048,blocked|vendor
trsm,cdouble,sm_89,R,N,192,4096,8192,blocked|vendor
trsm,cdouble,sm_89,R,N,192,4096,32768,blocked|vendor
trsm,cdouble,sm_89,R,N,256,1,128,blocked|vendor
trsm,cdouble,sm_89,R,N,256,1,512,blocked|vendor
trsm,cdouble,sm_89,R,N,256,1,2048,blocked|vendor
trsm,cdouble,sm_89,R,N,256,1,8192,blocked|vendor
trsm,cdouble,sm_89,R,N,256,1,32768,blocked|vendor
trsm,cdouble,sm_89,R,N,256,2,128,blocked|vendor
trsm,cdouble,sm_89,R,N,256,2,512,blocked|vendor
trsm,cdouble,sm_89,R,N,256,2,2048,blocked|vendor
trsm,cdouble,sm_89,R,N,256,2,8192,blocked|vendor
trsm,cdouble,sm_89,R,N,256,2,32768,blocked|vendor
trsm,cdouble,sm_89,R,N,256,4,128,blocked|vendor
trsm,cdouble,sm_89,R,N,256,4,512,blocked|vendor
trsm,cdouble,sm_89,R,N,256,4,2048,blocked|vendor
trsm,cdouble,sm_89,R,N,256,4,8192,blocked|vendor
trsm,cdouble,sm_89,R,N,256,4,32768,blocked|vendor
trsm,cdouble,sm_89,R,N,256,8,128,blocked|vendor
trsm,cdouble,sm_89,R,N,256,8,512,blocked|vendor
trsm,cdouble,sm_89,R,N,256,8,2048,blocked|vendor
trsm,cdouble,sm_89,R,N,256,8,8192,blocked|vendor
trsm,cdouble,sm_89,R,N,256,8,32768,blocked|vendor
trsm,cdouble,sm_89,R,N,256,16,128,blocked|vendor
trsm,cdouble,sm_89,R,N,256,16,512,blocked|vendor
trsm,cdouble,sm_89,R,N,256,16,2048,blocked|vendor
trsm,cdouble,sm_89,R,N,256,16,8192,blocked|vendor
trsm,cdouble,sm_89,R,N,256,16,32768,blocked|vendor
trsm,cdouble,sm_89,R,N,256,32,128,blocked|vendor
trsm,cdouble,sm_89,R,N,256,32,512,blocked|vendor
trsm,cdouble,sm_89,R,N,256,32,2048,blocked|vendor
trsm,cdouble,sm_89,R,N,256,32,8192,blocked|vendor
trsm,cdouble,sm_89,R,N,256,32,32768,blocked|vendor
trsm,cdouble,sm_89,R,N,256,64,128,blocked|vendor
trsm,cdouble,sm_89,R,N,256,64,512,blocked|vendor
trsm,cdouble,sm_89,R,N,256,64,2048,blocked|vendor
trsm,cdouble,sm_89,R,N,256,64,8192,blocked|vendor
trsm,cdouble,sm_89,R,N,256,64,32768,blocked|vendor
trsm,cdouble,sm_89,R,N,256,128,128,blocked|vendor
trsm,cdouble,sm_89,R,N,256,128,512,blocked|vendor
trsm,cdouble,sm_89,R,N,256,128,2048,blocked|vendor
trsm,cdouble,sm_89,R,N,256,128,8192,blocked|vendor
trsm,cdouble,sm_89,R,N,256,128,32768,blocked|vendor
trsm,cdouble,sm_89,R,N,256,256,128,blocked|vendor
trsm,cdouble,sm_89,R,N,256,256,512,blocked|vendor
trsm,cdouble,sm_89,R,N,256,256,2048,blocked|vendor
trsm,cdouble,sm_89,R,N,256,256,8192,blocked|vendor
trsm,cdouble,sm_89,R,N,256,256,32768,blocked|vendor
trsm,cdouble,sm_89,R,N,256,512,128,blocked|vendor
trsm,cdouble,sm_89,R,N,256,512,512,blocked|vendor
trsm,cdouble,sm_89,R,N,256,512,2048,blocked|vendor
trsm,cdouble,sm_89,R,N,256,512,8192,blocked|vendor
trsm,cdouble,sm_89,R,N,256,512,32768,blocked|vendor
trsm,cdouble,sm_89,R,N,256,1024,128,blocked|vendor
trsm,cdouble,sm_89,R,N,256,1024,512,blocked|vendor
trsm,cdouble,sm_89,R,N,256,1024,2048,blocked|vendor
trsm,cdouble,sm_89,R,N,256,1024,8192,blocked|vendor
trsm,cdouble,sm_89,R,N,256,1024,32768,blocked|vendor
trsm,cdouble,sm_89,R,N,256,4096,128,blocked|vendor
trsm,cdouble,sm_89,R,N,256,4096,512,blocked|vendor
trsm,cdouble,sm_89,R,N,256,4096,2048,blocked|vendor
trsm,cdouble,sm_89,R,N,256,4096,8192,blocked|vendor
trsm,cdouble,sm_89,R,N,256,4096,32768,blocked|vendor
trsm,cdouble,sm_89,R,N,384,1,128,blocked|vendor
trsm,cdouble,sm_89,R,N,384,1,512,blocked|vendor
trsm,cdouble,sm_89,R,N,384,1,2048,blocked|vendor
trsm,cdouble,sm_89,R,N,384,1,8192,blocked|vendor
trsm,cdouble,sm_89,R,N,384,1,32768,blocked|vendor
trsm,cdouble,sm_89,R,N,384,2,128,blocked|vendor
trsm,cdouble,sm_89,R,N,384,2,512,blocked|vendor
trsm,cdouble,sm_89,R,N,384,2,2048,blocked|vendor
trsm,cdouble,sm_89,R,N,384,2,8192,blocked|vendor
trsm,cdouble,sm_89,R,N,384,2,32768,blocked|vendor
trsm,cdouble,sm_89,R,N,384,4,128,blocked|vendor
trsm,cdouble,sm_89,R,N,384,4,512,blocked|vendor
trsm,cdouble,sm_89,R,N,384,4,2048,blocked|vendor
trsm,cdouble,sm_89,R,N,384,4,8192,blocked|vendor
trsm,cdouble,sm_89,R,N,384,4,32768,blocked|vendor
trsm,cdouble,sm_89,R,N,384,8,128,blocked|vendor
trsm,cdouble,sm_89,R,N,384,8,512,blocked|vendor
trsm,cdouble,sm_89,R,N,384,8,2048,blocked|vendor
trsm,cdouble,sm_89,R,N,384,8,8192,blocked|vendor
trsm,cdouble,sm_89,R,N,384,8,32768,blocked|vendor
trsm,cdouble,sm_89,R,N,384,16,128,blocked|vendor
trsm,cdouble,sm_89,R,N,384,16,512,blocked|vendor
trsm,cdouble,sm_89,R,N,384,16,2048,blocked|vendor
trsm,cdouble,sm_89,R,N,384,16,8192,blocked|vendor
trsm,cdouble,sm_89,R,N,384,16,32768,blocked|vendor
trsm,cdouble,sm_89,R,N,384,32,128,blocked|vendor
trsm,cdouble,sm_89,R,N,384,32,512,blocked|vendor
trsm,cdouble,sm_89,R,N,384,32,2048,blocked|vendor
trsm,cdouble,sm_89,R,N,384,32,8192,blocked|vendor
trsm,cdouble,sm_89,R,N,384,32,32768,blocked|vendor
trsm,cdouble,sm_89,R,N,384,64,128,blocked|vendor
trsm,cdouble,sm_89,R,N,384,64,512,blocked|vendor
trsm,cdouble,sm_89,R,N,384,64,2048,blocked|vendor
trsm,cdouble,sm_89,R,N,384,64,8192,blocked|vendor
trsm,cdouble,sm_89,R,N,384,64,32768,blocked|vendor
trsm,cdouble,sm_89,R,N,384,128,128,blocked|vendor
trsm,cdouble,sm_89,R,N,384,128,512,blocked|vendor
trsm,cdouble,sm_89,R,N,384,128,2048,blocked|vendor
trsm,cdouble,sm_89,R,N,384,128,8192,blocked|vendor
trsm,cdouble,sm_89,R,N,384,128,32768,blocked|vendor
trsm,cdouble,sm_89,R,N,384,256,128,blocked|vendor
trsm,cdouble,sm_89,R,N,384,256,512,blocked|vendor
trsm,cdouble,sm_89,R,N,384,256,2048,blocked|vendor
trsm,cdouble,sm_89,R,N,384,256,8192,blocked|vendor
trsm,cdouble,sm_89,R,N,384,256,32768,blocked|vendor
trsm,cdouble,sm_89,R,N,384,512,128,blocked|vendor
trsm,cdouble,sm_89,R,N,384,512,512,blocked|vendor
trsm,cdouble,sm_89,R,N,384,512,2048,blocked|vendor
trsm,cdouble,sm_89,R,N,384,512,8192,blocked|vendor
trsm,cdouble,sm_89,R,N,384,512,32768,blocked|vendor
trsm,cdouble,sm_89,R,N,384,1024,128,blocked|vendor
trsm,cdouble,sm_89,R,N,384,1024,512,blocked|vendor
trsm,cdouble,sm_89,R,N,384,1024,2048,blocked|vendor
trsm,cdouble,sm_89,R,N,384,1024,8192,blocked|vendor
trsm,cdouble,sm_89,R,N,384,1024,32768,blocked|vendor
trsm,cdouble,sm_89,R,N,384,4096,128,blocked|vendor
trsm,cdouble,sm_89,R,N,384,4096,512,blocked|vendor
trsm,cdouble,sm_89,R,N,384,4096,2048,blocked|vendor
trsm,cdouble,sm_89,R,N,384,4096,8192,blocked|vendor
trsm,cdouble,sm_89,R,N,384,4096,32768,blocked|vendor
trsm,cdouble,sm_89,R,N,512,1,128,blocked|vendor
trsm,cdouble,sm_89,R,N,512,1,512,blocked|vendor
trsm,cdouble,sm_89,R,N,512,1,2048,blocked|vendor
trsm,cdouble,sm_89,R,N,512,1,8192,blocked|vendor
trsm,cdouble,sm_89,R,N,512,1,32768,blocked|vendor
trsm,cdouble,sm_89,R,N,512,2,128,blocked|vendor
trsm,cdouble,sm_89,R,N,512,2,512,blocked|vendor
trsm,cdouble,sm_89,R,N,512,2,2048,blocked|vendor
trsm,cdouble,sm_89,R,N,512,2,8192,blocked|vendor
trsm,cdouble,sm_89,R,N,512,2,32768,blocked|vendor
trsm,cdouble,sm_89,R,N,512,4,128,blocked|vendor
trsm,cdouble,sm_89,R,N,512,4,512,blocked|vendor
trsm,cdouble,sm_89,R,N,512,4,2048,blocked|vendor
trsm,cdouble,sm_89,R,N,512,4,8192,blocked|vendor
trsm,cdouble,sm_89,R,N,512,4,32768,blocked|vendor
trsm,cdouble,sm_89,R,N,512,8,128,blocked|vendor
trsm,cdouble,sm_89,R,N,512,8,512,blocked|vendor
trsm,cdouble,sm_89,R,N,512,8,2048,blocked|vendor
trsm,cdouble,sm_89,R,N,512,8,8192,blocked|vendor
trsm,cdouble,sm_89,R,N,512,8,32768,blocked|vendor
trsm,cdouble,sm_89,R,N,512,16,128,blocked|vendor
trsm,cdouble,sm_89,R,N,512,16,512,blocked|vendor
trsm,cdouble,sm_89,R,N,512,16,2048,blocked|vendor
trsm,cdouble,sm_89,R,N,512,16,8192,blocked|vendor
trsm,cdouble,sm_89,R,N,512,16,32768,blocked|vendor
trsm,cdouble,sm_89,R,N,512,32,128,blocked|vendor
trsm,cdouble,sm_89,R,N,512,32,512,blocked|vendor
trsm,cdouble,sm_89,R,N,512,32,2048,blocked|vendor
trsm,cdouble,sm_89,R,N,512,32,8192,blocked|vendor
trsm,cdouble,sm_89,R,N,512,32,32768,blocked|vendor
trsm,cdouble,sm_89,R,N,512,64,128,blocked|vendor
trsm,cdouble,sm_89,R,N,512,64,512,blocked|vendor
trsm,cdouble,sm_89,R,N,512,64,2048,blocked|vendor
trsm,cdouble,sm_89,R,N,512,64,8192,blocked|vendor
trsm,cdouble,sm_89,R,N,512,64,32768,blocked|vendor
trsm,cdouble,sm_89,R,N,512,128,128,blocked|vendor
trsm,cdouble,sm_89,R,N,512,128,512,blocked|vendor
trsm,cdouble,sm_89,R,N,512,128,2048,blocked|vendor
trsm,cdouble,sm_89,R,N,512,128,8192,blocked|vendor
trsm,cdouble,sm_89,R,N,512,128,32768,blocked|vendor
trsm,cdouble,sm_89,R,N,512,256,128,blocked|vendor
trsm,cdouble,sm_89,R,N,512,256,512,blocked|vendor
trsm,cdouble,sm_89,R,N,512,256,2048,blocked|vendor
trsm,cdouble,sm_89,R,N,512,256,8192,blocked|vendor
trsm,cdouble,sm_89,R,N,512,256,32768,blocked|vendor
trsm,cdouble,sm_89,R,N,512,512,128,blocked|vendor
trsm,cdouble,sm_89,R,N,512,512,512,blocked|vendor
trsm,cdouble,sm_89,R,N,512,512,2048,blocked|vendor
trsm,cdouble,sm_89,R,N,512,512,8192,blocked|vendor
trsm,cdouble,sm_89,R,N,512,512,32768,blocked|vendor
trsm,cdouble,sm_89,R,N,512,1024,128,blocked|vendor
trsm,cdouble,sm_89,R,N,512,1024,512,blocked|vendor
trsm,cdouble,sm_89,R,N,512,1024,2048,blocked|vendor
trsm,cdouble,sm_89,R,N,512,1024,8192,blocked|vendor
trsm,cdouble,sm_89,R,N,512,1024,32768,blocked|vendor
trsm,cdouble,sm_89,R,N,512,4096,128,blocked|vendor
trsm,cdouble,sm_89,R,N,512,4096,512,blocked|vendor
trsm,cdouble,sm_89,R,N,512,4096,2048,blocked|vendor
trsm,cdouble,sm_89,R,N,512,4096,8192,blocked|vendor
trsm,cdouble,sm_89,R,N,512,4096,32768,blocked|vendor
trsm,cdouble,sm_89,R,N,768,1,128,blocked|vendor
trsm,cdouble,sm_89,R,N,768,1,512,blocked|vendor
trsm,cdouble,sm_89,R,N,768,1,2048,blocked|vendor
trsm,cdouble,sm_89,R,N,768,1,8192,blocked|vendor
trsm,cdouble,sm_89,R,N,768,1,32768,blocked|vendor
trsm,cdouble,sm_89,R,N,768,2,128,blocked|vendor
trsm,cdouble,sm_89,R,N,768,2,512,blocked|vendor
trsm,cdouble,sm_89,R,N,768,2,2048,blocked|vendor
trsm,cdouble,sm_89,R,N,768,2,8192,blocked|vendor
trsm,cdouble,sm_89,R,N,768,2,32768,blocked|vendor
trsm,cdouble,sm_89,R,N,768,4,128,blocked|vendor
trsm,cdouble,sm_89,R,N,768,4,512,blocked|vendor
trsm,cdouble,sm_89,R,N,768,4,2048,blocked|vendor
trsm,cdouble,sm_89,R,N,768,4,8192,blocked|vendor
trsm,cdouble,sm_89,R,N,768,4,32768,blocked|vendor
trsm,cdouble,sm_89,R,N,768,8,128,blocked|vendor
trsm,cdouble,sm_89,R,N,768,8,512,blocked|vendor
trsm,cdouble,sm_89,R,N,768,8,2048,blocked|vendor
trsm,cdouble,sm_89,R,N,768,8,8192,blocked|vendor
trsm,cdouble,sm_89,R,N,768,8,32768,blocked|vendor
trsm,cdouble,sm_89,R,N,768,16,128,blocked|vendor
trsm,cdouble,sm_89,R,N,768,16,512,blocked|vendor
trsm,cdouble,sm_89,R,N,768,16,2048,blocked|vendor
trsm,cdouble,sm_89,R,N,768,16,8192,blocked|vendor
trsm,cdouble,sm_89,R,N,768,16,32768,blocked|vendor
trsm,cdouble,sm_89,R,N,768,32,128,blocked|vendor
trsm,cdouble,sm_89,R,N,768,32,512,blocked|vendor
trsm,cdouble,sm_89,R,N,768,32,2048,blocked|vendor
trsm,cdouble,sm_89,R,N,768,32,8192,blocked|vendor
trsm,cdouble,sm_89,R,N,768,32,32768,blocked|vendor
trsm,cdouble,sm_89,R,N,768,64,128,blocked|vendor
trsm,cdouble,sm_89,R,N,768,64,512,blocked|vendor
trsm,cdouble,sm_89,R,N,768,64,2048,blocked|vendor
trsm,cdouble,sm_89,R,N,768,64,8192,blocked|vendor
trsm,cdouble,sm_89,R,N,768,64,32768,blocked|vendor
trsm,cdouble,sm_89,R,N,768,128,128,blocked|vendor
trsm,cdouble,sm_89,R,N,768,128,512,blocked|vendor
trsm,cdouble,sm_89,R,N,768,128,2048,blocked|vendor
trsm,cdouble,sm_89,R,N,768,128,8192,blocked|vendor
trsm,cdouble,sm_89,R,N,768,128,32768,blocked|vendor
trsm,cdouble,sm_89,R,N,768,256,128,blocked|vendor
trsm,cdouble,sm_89,R,N,768,256,512,blocked|vendor
trsm,cdouble,sm_89,R,N,768,256,2048,blocked|vendor
trsm,cdouble,sm_89,R,N,768,256,8192,blocked|vendor
trsm,cdouble,sm_89,R,N,768,256,32768,blocked|vendor
trsm,cdouble,sm_89,R,N,768,512,128,blocked|vendor
trsm,cdouble,sm_89,R,N,768,512,512,blocked|vendor
trsm,cdouble,sm_89,R,N,768,512,2048,blocked|vendor
trsm,cdouble,sm_89,R,N,768,512,8192,blocked|vendor
trsm,cdouble,sm_89,R,N,768,512,32768,blocked|vendor
trsm,cdouble,sm_89,R,N,768,1024,128,blocked|vendor
trsm,cdouble,sm_89,R,N,768,1024,512,blocked|vendor
trsm,cdouble,sm_89,R,N,768,1024,2048,blocked|vendor
trsm,cdouble,sm_89,R,N,768,1024,8192,blocked|vendor
trsm,cdouble,sm_89,R,N,768,1024,32768,blocked|vendor
trsm,cdouble,sm_89,R,N,768,4096,128,blocked|vendor
trsm,cdouble,sm_89,R,N,768,4096,512,blocked|vendor
trsm,cdouble,sm_89,R,N,768,4096,2048,blocked|vendor
trsm,cdouble,sm_89,R,N,768,4096,8192,blocked|vendor
trsm,cdouble,sm_89,R,N,768,4096,32768,blocked|vendor
trsm,cdouble,sm_89,R,N,1024,1,128,blocked|vendor
trsm,cdouble,sm_89,R,N,1024,1,512,blocked|vendor
trsm,cdouble,sm_89,R,N,1024,1,2048,blocked|vendor
trsm,cdouble,sm_89,R,N,1024,1,8192,blocked|vendor
trsm,cdouble,sm_89,R,N,1024,1,32768,blocked|vendor
trsm,cdouble,sm_89,R,N,1024,2,128,blocked|vendor
trsm,cdouble,sm_89,R,N,1024,2,512,blocked|vendor
trsm,cdouble,sm_89,R,N,1024,2,2048,blocked|vendor
trsm,cdouble,sm_89,R,N,1024,2,8192,blocked|vendor
trsm,cdouble,sm_89,R,N,1024,2,32768,blocked|vendor
trsm,cdouble,sm_89,R,N,1024,4,128,blocked|vendor
trsm,cdouble,sm_89,R,N,1024,4,512,blocked|vendor
trsm,cdouble,sm_89,R,N,1024,4,2048,blocked|vendor
trsm,cdouble,sm_89,R,N,1024,4,8192,blocked|vendor
trsm,cdouble,sm_89,R,N,1024,4,32768,blocked|vendor
trsm,cdouble,sm_89,R,N,1024,8,128,blocked|vendor
trsm,cdouble,sm_89,R,N,1024,8,512,blocked|vendor
trsm,cdouble,sm_89,R,N,1024,8,2048,blocked|vendor
trsm,cdouble,sm_89,R,N,1024,8,8192,blocked|vendor
trsm,cdouble,sm_89,R,N,1024,8,32768,blocked|vendor
trsm,cdouble,sm_89,R,N,1024,16,128,blocked|vendor
trsm,cdouble,sm_89,R,N,1024,16,512,blocked|vendor
trsm,cdouble,sm_89,R,N,1024,16,2048,blocked|vendor
trsm,cdouble,sm_89,R,N,1024,16,8192,blocked|vendor
trsm,cdouble,sm_89,R,N,1024,16,32768,blocked|vendor
trsm,cdouble,sm_89,R,N,1024,32,128,blocked|vendor
trsm,cdouble,sm_89,R,N,1024,32,512,blocked|vendor
trsm,cdouble,sm_89,R,N,1024,32,2048,blocked|vendor
trsm,cdouble,sm_89,R,N,1024,32,8192,blocked|vendor
trsm,cdouble,sm_89,R,N,1024,32,32768,blocked|vendor
trsm,cdouble,sm_89,R,N,1024,64,128,blocked|vendor
trsm,cdouble,sm_89,R,N,1024,64,512,blocked|vendor
trsm,cdouble,sm_89,R,N,1024,64,2048,blocked|vendor
trsm,cdouble,sm_89,R,N,1024,64,8192,blocked|vendor
trsm,cdouble,sm_89,R,N,1024,64,32768,blocked|vendor
trsm,cdouble,sm_89,R,N,1024,128,128,blocked|vendor
trsm,cdouble,sm_89,R,N,1024,128,512,blocked|vendor
trsm,cdouble,sm_89,R,N,1024,128,2048,blocked|vendor
trsm,cdouble,sm_89,R,N,1024,128,8192,blocked|vendor
trsm,cdouble,sm_89,R,N,1024,128,32768,blocked|vendor
trsm,cdouble,sm_89,R,N,1024,256,128,blocked|vendor
trsm,cdouble,sm_89,R,N,1024,256,512,blocked|vendor
trsm,cdouble,sm_89,R,N,1024,256,2048,blocked|vendor
trsm,cdouble,sm_89,R,N,1024,256,8192,blocked|vendor
trsm,cdouble,sm_89,R,N,1024,256,32768,blocked|vendor
trsm,cdouble,sm_89,R,N,1024,512,128,blocked|vendor
trsm,cdouble,sm_89,R,N,1024,512,512,blocked|vendor
trsm,cdouble,sm_89,R,N,1024,512,2048,blocked|vendor
trsm,cdouble,sm_89,R,N,1024,512,8192,blocked|vendor
trsm,cdouble,sm_89,R,N,1024,512,32768,blocked|vendor
trsm,cdouble,sm_89,R,N,1024,1024,128,blocked|vendor
trsm,cdouble,sm_89,R,N,1024,1024,512,blocked|vendor
trsm,cdouble,sm_89,R,N,1024,1024,2048,blocked|vendor
trsm,cdouble,sm_89,R,N,1024,1024,8192,blocked|vendor
trsm,cdouble,sm_89,R,N,1024,1024,32768,blocked|vendor
trsm,cdouble,sm_89,R,N,1024,4096,128,blocked|vendor
trsm,cdouble,sm_89,R,N,1024,4096,512,blocked|vendor
trsm,cdouble,sm_89,R,N,1024,4096,2048,blocked|vendor
trsm,cdouble,sm_89,R,N,1024,4096,8192,blocked|vendor
trsm,cdouble,sm_89,R,N,1024,4096,32768,blocked|vendor
trsm,cdouble,sm_89,R,T,1,1,128,cta|blocked|vendor
trsm,cdouble,sm_89,R,T,1,1,512,cta|blocked|vendor
trsm,cdouble,sm_89,R,T,1,1,2048,cta|blocked|vendor
trsm,cdouble,sm_89,R,T,1,1,8192,cta|blocked|vendor
trsm,cdouble,sm_89,R,T,1,1,32768,cta|blocked|vendor
trsm,cdouble,sm_89,R,T,1,2,128,cta|blocked|vendor
trsm,cdouble,sm_89,R,T,1,2,512,cta|blocked|vendor
trsm,cdouble,sm_89,R,T,1,2,2048,cta|blocked|vendor
trsm,cdouble,sm_89,R,T,1,2,8192,cta|blocked|vendor
trsm,cdouble,sm_89,R,T,1,2,32768,cta|blocked|vendor
trsm,cdouble,sm_89,R,T,1,4,128,cta|blocked|vendor
trsm,cdouble,sm_89,R,T,1,4,512,cta|blocked|vendor
trsm,cdouble,sm_89,R,T,1,4,2048,cta|blocked|vendor
trsm,cdouble,sm_89,R,T,1,4,8192,cta|blocked|vendor
trsm,cdouble,sm_89,R,T,1,4,32768,cta|blocked|vendor
trsm,cdouble,sm_89,R,T,1,8,128,cta|blocked|vendor
trsm,cdouble,sm_89,R,T,1,8,512,cta|blocked|vendor
trsm,cdouble,sm_89,R,T,1,8,2048,cta|blocked|vendor
trsm,cdouble,sm_89,R,T,1,8,8192,cta|blocked|vendor
trsm,cdouble,sm_89,R,T,1,8,32768,cta|blocked|vendor
trsm,cdouble,sm_89,R,T,1,16,128,cta|blocked|vendor
trsm,cdouble,sm_89,R,T,1,16,512,cta|blocked|vendor
trsm,cdouble,sm_89,R,T,1,16,2048,cta|blocked|vendor
trsm,cdouble,sm_89,R,T,1,16,8192,cta|blocked|vendor
trsm,cdouble,sm_89,R,T,1,16,32768,cta|blocked|vendor
trsm,cdouble,sm_89,R,T,1,32,128,cta|blocked|vendor
trsm,cdouble,sm_89,R,T,1,32,512,cta|blocked|vendor
trsm,cdouble,sm_89,R,T,1,32,2048,cta|blocked|vendor
trsm,cdouble,sm_89,R,T,1,32,8192,cta|blocked|vendor
trsm,cdouble,sm_89,R,T,1,32,32768,cta|blocked|vendor
trsm,cdouble,sm_89,R,T,1,64,128,cta|blocked|vendor
trsm,cdouble,sm_89,R,T,1,64,512,cta|blocked|vendor
trsm,cdouble,sm_89,R,T,1,64,2048,cta|blocked|vendor
trsm,cdouble,sm_89,R,T,1,64,8192,cta|blocked|vendor
trsm,cdouble,sm_89,R,T,1,64,32768,cta|blocked|vendor
trsm,cdouble,sm_89,R,T,1,128,128,cta|blocked|vendor
trsm,cdouble,sm_89,R,T,1,128,512,cta|blocked|vendor
trsm,cdouble,sm_89,R,T,1,128,2048,cta|blocked|vendor
trsm,cdouble,sm_89,R,T,1,128,8192,cta|blocked|vendor
trsm,cdouble,sm_89,R,T,1,128,32768,cta|blocked|vendor
trsm,cdouble,sm_89,R,T,1,256,128,cta|blocked|vendor
trsm,cdouble,sm_89,R,T,1,256,512,cta|blocked|vendor
trsm,cdouble,sm_89,R,T,1,256,2048,cta|blocked|vendor
trsm,cdouble,sm_89,R,T,1,256,8192,cta|blocked|vendor
trsm,cdouble,sm_89,R,T,1,256,32768,cta|blocked|vendor
trsm,cdouble,sm_89,R,T,1,512,128,cta|blocked|vendor
trsm,cdouble,sm_89,R,T,1,512,512,cta|blocked|vendor
trsm,cdouble,sm_89,R,T,1,512,2048,cta|blocked|vendor
trsm,cdouble,sm_89,R,T,1,512,8192,cta|blocked|vendor
trsm,cdouble,sm_89,R,T,1,512,32768,cta|blocked|vendor
trsm,cdouble,sm_89,R,T,1,1024,128,cta|blocked|vendor
trsm,cdouble,sm_89,R,T,1,1024,512,cta|blocked|vendor
trsm,cdouble,sm_89,R,T,1,1024,2048,cta|blocked|vendor
trsm,cdouble,sm_89,R,T,1,1024,8192,cta|blocked|vendor
trsm,cdouble,sm_89,R,T,1,1024,32768,cta|blocked|vendor
trsm,cdouble,sm_89,R,T,1,4096,128,cta|blocked|vendor
trsm,cdouble,sm_89,R,T,1,4096,512,cta|blocked|vendor
trsm,cdouble,sm_89,R,T,1,4096,2048,cta|blocked|vendor
trsm,cdouble,sm_89,R,T,1,4096,8192,cta|blocked|vendor
trsm,cdouble,sm_89,R,T,1,4096,32768,cta|blocked|vendor
trsm,cdouble,sm_89,R,T,2,1,128,cta|blocked|vendor
trsm,cdouble,sm_89,R,T,2,1,512,cta|blocked|vendor
trsm,cdouble,sm_89,R,T,2,1,2048,cta|blocked|vendor
trsm,cdouble,sm_89,R,T,2,1,8192,cta|blocked|vendor
trsm,cdouble,sm_89,R,T,2,1,32768,cta|blocked|vendor
trsm,cdouble,sm_89,R,T,2,2,128,cta|blocked|vendor
trsm,cdouble,sm_89,R,T,2,2,512,cta|blocked|vendor
trsm,cdouble,sm_89,R,T,2,2,2048,cta|blocked|vendor
trsm,cdouble,sm_89,R,T,2,2,8192,cta|blocked|vendor
trsm,cdouble,sm_89,R,T,2,2,32768,cta|blocked|vendor
trsm,cdouble,sm_89,R,T,2,4,128,cta|blocked|vendor
trsm,cdouble,sm_89,R,T,2,4,512,cta|blocked|vendor
trsm,cdouble,sm_89,R,T,2,4,2048,cta|blocked|vendor
trsm,cdouble,sm_89,R,T,2,4,8192,cta|blocked|vendor
trsm,cdouble,sm_89,R,T,2,4,32768,cta|blocked|vendor
trsm,cdouble,sm_89,R,T,2,8,128,cta|blocked|vendor
trsm,cdouble,sm_89,R,T,2,8,512,cta|blocked|vendor
trsm,cdouble,sm_89,R,T,2,8,2048,cta|blocked|vendor
trsm,cdouble,sm_89,R,T,2,8,8192,cta|blocked|vendor
trsm,cdouble,sm_89,R,T,2,8,32768,cta|blocked|vendor
trsm,cdouble,sm_89,R,T,2,16,128,cta|blocked|vendor
trsm,cdouble,sm_89,R,T,2,16,512,cta|blocked|vendor
trsm,cdouble,sm_89,R,T,2,16,2048,cta|blocked|vendor
trsm,cdouble,sm_89,R,T,2,16,8192,cta|blocked|vendor
trsm,cdouble,sm_89,R,T,2,16,32768,cta|blocked|vendor
trsm,cdouble,sm_89,R,T,2,32,128,cta|blocked|vendor
trsm,cdouble,sm_89,R,T,2,32,512,cta|blocked|vendor
trsm,cdouble,sm_89,R,T,2,32,2048,cta|blocked|vendor
trsm,cdouble,sm_89,R,T,2,32,8192,cta|blocked|vendor
trsm,cdouble,sm_89,R,T,2,32,32768,cta|blocked|vendor
trsm,cdouble,sm_89,R,T,2,64,128,cta|blocked|vendor
trsm,cdouble,sm_89,R,T,2,64,512,cta|blocked|vendor
trsm,cdouble,sm_89,R,T,2,64,2048,cta|blocked|vendor
trsm,cdouble,sm_89,R,T,2,64,8192,cta|blocked|vendor
trsm,cdouble,sm_89,R,T,2,64,32768,cta|blocked|vendor
trsm,cdouble,sm_89,R,T,2,128,128,cta|blocked|vendor
trsm,cdouble,sm_89,R,T,2,128,512,cta|blocked|vendor
trsm,cdouble,sm_89,R,T,2,128,2048,cta|blocked|vendor
trsm,cdouble,sm_89,R,T,2,128,8192,cta|blocked|vendor
trsm,cdouble,sm_89,R,T,2,128,32768,cta|blocked|vendor
trsm,cdouble,sm_89,R,T,2,256,128,cta|blocked|vendor
trsm,cdouble,sm_89,R,T,2,256,512,cta|blocked|vendor
trsm,cdouble,sm_89,R,T,2,256,2048,cta|blocked|vendor
trsm,cdouble,sm_89,R,T,2,256,8192,cta|blocked|vendor
trsm,cdouble,sm_89,R,T,2,256,32768,cta|blocked|vendor
trsm,cdouble,sm_89,R,T,2,512,128,cta|blocked|vendor
trsm,cdouble,sm_89,R,T,2,512,512,cta|blocked|vendor
trsm,cdouble,sm_89,R,T,2,512,2048,cta|blocked|vendor
trsm,cdouble,sm_89,R,T,2,512,8192,cta|blocked|vendor
trsm,cdouble,sm_89,R,T,2,512,32768,cta|blocked|vendor
trsm,cdouble,sm_89,R,T,2,1024,128,cta|blocked|vendor
trsm,cdouble,sm_89,R,T,2,1024,512,cta|blocked|vendor
trsm,cdouble,sm_89,R,T,2,1024,2048,cta|blocked|vendor
trsm,cdouble,sm_89,R,T,2,1024,8192,cta|blocked|vendor
trsm,cdouble,sm_89,R,T,2,1024,32768,cta|blocked|vendor
trsm,cdouble,sm_89,R,T,2,4096,128,cta|blocked|vendor
trsm,cdouble,sm_89,R,T,2,4096,512,cta|blocked|vendor
trsm,cdouble,sm_89,R,T,2,4096,2048,cta|blocked|vendor
trsm,cdouble,sm_89,R,T,2,4096,8192,cta|blocked|vendor
trsm,cdouble,sm_89,R,T,2,4096,32768,cta|blocked|vendor
trsm,cdouble,sm_89,R,T,4,1,128,cta|blocked|vendor
trsm,cdouble,sm_89,R,T,4,1,512,cta|blocked|vendor
trsm,cdouble,sm_89,R,T,4,1,2048,cta|blocked|vendor
trsm,cdouble,sm_89,R,T,4,1,8192,cta|blocked|vendor
trsm,cdouble,sm_89,R,T,4,1,32768,cta|blocked|vendor
trsm,cdouble,sm_89,R,T,4,2,128,cta|blocked|vendor
trsm,cdouble,sm_89,R,T,4,2,512,cta|blocked|vendor
trsm,cdouble,sm_89,R,T,4,2,2048,cta|blocked|vendor
trsm,cdouble,sm_89,R,T,4,2,8192,cta|blocked|vendor
trsm,cdouble,sm_89,R,T,4,2,32768,cta|blocked|vendor
trsm,cdouble,sm_89,R,T,4,4,128,cta|blocked|vendor
trsm,cdouble,sm_89,R,T,4,4,512,cta|blocked|vendor
trsm,cdouble,sm_89,R,T,4,4,2048,cta|blocked|vendor
trsm,cdouble,sm_89,R,T,4,4,8192,cta|blocked|vendor
trsm,cdouble,sm_89,R,T,4,4,32768,cta|blocked|vendor
trsm,cdouble,sm_89,R,T,4,8,128,cta|blocked|vendor
trsm,cdouble,sm_89,R,T,4,8,512,cta|blocked|vendor
trsm,cdouble,sm_89,R,T,4,8,2048,cta|blocked|vendor
trsm,cdouble,sm_89,R,T,4,8,8192,cta|blocked|vendor
trsm,cdouble,sm_89,R,T,4,8,32768,cta|blocked|vendor
trsm,cdouble,sm_89,R,T,4,16,128,cta|blocked|vendor
trsm,cdouble,sm_89,R,T,4,16,512,cta|blocked|vendor
trsm,cdouble,sm_89,R,T,4,16,2048,cta|blocked|vendor
trsm,cdouble,sm_89,R,T,4,16,8192,cta|blocked|vendor
trsm,cdouble,sm_89,R,T,4,16,32768,cta|blocked|vendor
trsm,cdouble,sm_89,R,T,4,32,128,cta|blocked|vendor
trsm,cdouble,sm_89,R,T,4,32,512,cta|blocked|vendor
trsm,cdouble,sm_89,R,T,4,32,2048,cta|blocked|vendor
trsm,cdouble,sm_89,R,T,4,32,8192,cta|blocked|vendor
trsm,cdouble,sm_89,R,T,4,32,32768,cta|blocked|vendor
trsm,cdouble,sm_89,R,T,4,64,128,cta|blocked|vendor
trsm,cdouble,sm_89,R,T,4,64,512,cta|blocked|vendor
trsm,cdouble,sm_89,R,T,4,64,2048,cta|blocked|vendor
trsm,cdouble,sm_89,R,T,4,64,8192,cta|blocked|vendor
trsm,cdouble,sm_89,R,T,4,64,32768,cta|blocked|vendor
trsm,cdouble,sm_89,R,T,4,128,128,cta|blocked|vendor
trsm,cdouble,sm_89,R,T,4,128,512,cta|blocked|vendor
trsm,cdouble,sm_89,R,T,4,128,2048,cta|blocked|vendor
trsm,cdouble,sm_89,R,T,4,128,8192,cta|blocked|vendor
trsm,cdouble,sm_89,R,T,4,128,32768,cta|blocked|vendor
trsm,cdouble,sm_89,R,T,4,256,128,cta|blocked|vendor
trsm,cdouble,sm_89,R,T,4,256,512,cta|blocked|vendor
trsm,cdouble,sm_89,R,T,4,256,2048,cta|blocked|vendor
trsm,cdouble,sm_89,R,T,4,256,8192,cta|blocked|vendor
trsm,cdouble,sm_89,R,T,4,256,32768,cta|blocked|vendor
trsm,cdouble,sm_89,R,T,4,512,128,cta|blocked|vendor
trsm,cdouble,sm_89,R,T,4,512,512,cta|blocked|vendor
trsm,cdouble,sm_89,R,T,4,512,2048,cta|blocked|vendor
trsm,cdouble,sm_89,R,T,4,512,8192,cta|blocked|vendor
trsm,cdouble,sm_89,R,T,4,512,32768,cta|blocked|vendor
trsm,cdouble,sm_89,R,T,4,1024,128,cta|blocked|vendor
trsm,cdouble,sm_89,R,T,4,1024,512,cta|blocked|vendor
trsm,cdouble,sm_89,R,T,4,1024,2048,cta|blocked|vendor
trsm,cdouble,sm_89,R,T,4,1024,8192,cta|blocked|vendor
trsm,cdouble,sm_89,R,T,4,1024,32768,cta|blocked|vendor
trsm,cdouble,sm_89,R,T,4,4096,128,cta|blocked|vendor
trsm,cdouble,sm_89,R,T,4,4096,512,cta|blocked|vendor
trsm,cdouble,sm_89,R,T,4,4096,2048,cta|blocked|vendor
trsm,cdouble,sm_89,R,T,4,4096,8192,cta|blocked|vendor
trsm,cdouble,sm_89,R,T,4,4096,32768,cta|blocked|vendor
trsm,cdouble,sm_89,R,T,8,1,128,cta|blocked|vendor
trsm,cdouble,sm_89,R,T,8,1,512,cta|blocked|vendor
trsm,cdouble,sm_89,R,T,8,1,2048,cta|blocked|vendor
trsm,cdouble,sm_89,R,T,8,1,8192,cta|blocked|vendor
trsm,cdouble,sm_89,R,T,8,1,32768,cta|blocked|vendor
trsm,cdouble,sm_89,R,T,8,2,128,cta|blocked|vendor
trsm,cdouble,sm_89,R,T,8,2,512,cta|blocked|vendor
trsm,cdouble,sm_89,R,T,8,2,2048,cta|blocked|vendor
trsm,cdouble,sm_89,R,T,8,2,8192,cta|blocked|vendor
trsm,cdouble,sm_89,R,T,8,2,32768,cta|blocked|vendor
trsm,cdouble,sm_89,R,T,8,4,128,cta|blocked|vendor
trsm,cdouble,sm_89,R,T,8,4,512,cta|blocked|vendor
trsm,cdouble,sm_89,R,T,8,4,2048,cta|blocked|vendor
trsm,cdouble,sm_89,R,T,8,4,8192,cta|blocked|vendor
trsm,cdouble,sm_89,R,T,8,4,32768,cta|blocked|vendor
trsm,cdouble,sm_89,R,T,8,8,128,cta|blocked|vendor
trsm,cdouble,sm_89,R,T,8,8,512,cta|blocked|vendor
trsm,cdouble,sm_89,R,T,8,8,2048,cta|blocked|vendor
trsm,cdouble,sm_89,R,T,8,8,8192,cta|blocked|vendor
trsm,cdouble,sm_89,R,T,8,8,32768,cta|blocked|vendor
trsm,cdouble,sm_89,R,T,8,16,128,cta|blocked|vendor
trsm,cdouble,sm_89,R,T,8,16,512,cta|blocked|vendor
trsm,cdouble,sm_89,R,T,8,16,2048,cta|blocked|vendor
trsm,cdouble,sm_89,R,T,8,16,8192,cta|blocked|vendor
trsm,cdouble,sm_89,R,T,8,16,32768,cta|blocked|vendor
trsm,cdouble,sm_89,R,T,8,32,128,cta|blocked|vendor
trsm,cdouble,sm_89,R,T,8,32,512,cta|blocked|vendor
trsm,cdouble,sm_89,R,T,8,32,2048,cta|blocked|vendor
trsm,cdouble,sm_89,R,T,8,32,8192,cta|blocked|vendor
trsm,cdouble,sm_89,R,T,8,32,32768,cta|blocked|vendor
trsm,cdouble,sm_89,R,T,8,64,128,cta|blocked|vendor
trsm,cdouble,sm_89,R,T,8,64,512,cta|blocked|vendor
trsm,cdouble,sm_89,R,T,8,64,2048,cta|blocked|vendor
trsm,cdouble,sm_89,R,T,8,64,8192,cta|blocked|vendor
trsm,cdouble,sm_89,R,T,8,64,32768,cta|blocked|vendor
trsm,cdouble,sm_89,R,T,8,128,128,cta|blocked|vendor
trsm,cdouble,sm_89,R,T,8,128,512,cta|blocked|vendor
trsm,cdouble,sm_89,R,T,8,128,2048,cta|blocked|vendor
trsm,cdouble,sm_89,R,T,8,128,8192,cta|blocked|vendor
trsm,cdouble,sm_89,R,T,8,128,32768,cta|blocked|vendor
trsm,cdouble,sm_89,R,T,8,256,128,cta|blocked|vendor
trsm,cdouble,sm_89,R,T,8,256,512,cta|blocked|vendor
trsm,cdouble,sm_89,R,T,8,256,2048,cta|blocked|vendor
trsm,cdouble,sm_89,R,T,8,256,8192,cta|blocked|vendor
trsm,cdouble,sm_89,R,T,8,256,32768,cta|blocked|vendor
trsm,cdouble,sm_89,R,T,8,512,128,cta|blocked|vendor
trsm,cdouble,sm_89,R,T,8,512,512,cta|blocked|vendor
trsm,cdouble,sm_89,R,T,8,512,2048,cta|blocked|vendor
trsm,cdouble,sm_89,R,T,8,512,8192,cta|blocked|vendor
trsm,cdouble,sm_89,R,T,8,512,32768,cta|blocked|vendor
trsm,cdouble,sm_89,R,T,8,1024,128,cta|blocked|vendor
trsm,cdouble,sm_89,R,T,8,1024,512,cta|blocked|vendor
trsm,cdouble,sm_89,R,T,8,1024,2048,cta|blocked|vendor
trsm,cdouble,sm_89,R,T,8,1024,8192,cta|blocked|vendor
trsm,cdouble,sm_89,R,T,8,1024,32768,cta|blocked|vendor
trsm,cdouble,sm_89,R,T,8,4096,128,cta|blocked|vendor
trsm,cdouble,sm_89,R,T,8,4096,512,cta|blocked|vendor
trsm,cdouble,sm_89,R,T,8,4096,2048,cta|blocked|vendor
trsm,cdouble,sm_89,R,T,8,4096,8192,cta|blocked|vendor
trsm,cdouble,sm_89,R,T,8,4096,32768,cta|blocked|vendor
trsm,cdouble,sm_89,R,T,12,1,128,cta|blocked|vendor
trsm,cdouble,sm_89,R,T,12,1,512,cta|blocked|vendor
trsm,cdouble,sm_89,R,T,12,1,2048,cta|blocked|vendor
trsm,cdouble,sm_89,R,T,12,1,8192,cta|blocked|vendor
trsm,cdouble,sm_89,R,T,12,1,32768,cta|blocked|vendor
trsm,cdouble,sm_89,R,T,12,2,128,cta|blocked|vendor
trsm,cdouble,sm_89,R,T,12,2,512,cta|blocked|vendor
trsm,cdouble,sm_89,R,T,12,2,2048,cta|blocked|vendor
trsm,cdouble,sm_89,R,T,12,2,8192,cta|blocked|vendor
trsm,cdouble,sm_89,R,T,12,2,32768,cta|blocked|vendor
trsm,cdouble,sm_89,R,T,12,4,128,cta|blocked|vendor
trsm,cdouble,sm_89,R,T,12,4,512,cta|blocked|vendor
trsm,cdouble,sm_89,R,T,12,4,2048,cta|blocked|vendor
trsm,cdouble,sm_89,R,T,12,4,8192,cta|blocked|vendor
trsm,cdouble,sm_89,R,T,12,4,32768,cta|blocked|vendor
trsm,cdouble,sm_89,R,T,12,8,128,cta|blocked|vendor
trsm,cdouble,sm_89,R,T,12,8,512,cta|blocked|vendor
trsm,cdouble,sm_89,R,T,12,8,2048,cta|blocked|vendor
trsm,cdouble,sm_89,R,T,12,8,8192,cta|blocked|vendor
trsm,cdouble,sm_89,R,T,12,8,32768,cta|blocked|vendor
trsm,cdouble,sm_89,R,T,12,16,128,cta|blocked|vendor
trsm,cdouble,sm_89,R,T,12,16,512,cta|blocked|vendor
trsm,cdouble,sm_89,R,T,12,16,2048,cta|blocked|vendor
trsm,cdouble,sm_89,R,T,12,16,8192,cta|blocked|vendor
trsm,cdouble,sm_89,R,T,12,16,32768,cta|blocked|vendor
trsm,cdouble,sm_89,R,T,12,32,128,cta|blocked|vendor
trsm,cdouble,sm_89,R,T,12,32,512,cta|blocked|vendor
trsm,cdouble,sm_89,R,T,12,32,2048,cta|blocked|vendor
trsm,cdouble,sm_89,R,T,12,32,8192,cta|blocked|vendor
trsm,cdouble,sm_89,R,T,12,32,32768,cta|blocked|vendor
trsm,cdouble,sm_89,R,T,12,64,128,cta|blocked|vendor
trsm,cdouble,sm_89,R,T,12,64,512,cta|blocked|vendor
trsm,cdouble,sm_89,R,T,12,64,2048,cta|blocked|vendor
trsm,cdouble,sm_89,R,T,12,64,8192,cta|blocked|vendor
trsm,cdouble,sm_89,R,T,12,64,32768,cta|blocked|vendor
trsm,cdouble,sm_89,R,T,12,128,128,cta|blocked|vendor
trsm,cdouble,sm_89,R,T,12,128,512,cta|blocked|vendor
trsm,cdouble,sm_89,R,T,12,128,2048,cta|blocked|vendor
trsm,cdouble,sm_89,R,T,12,128,8192,cta|blocked|vendor
trsm,cdouble,sm_89,R,T,12,128,32768,cta|blocked|vendor
trsm,cdouble,sm_89,R,T,12,256,128,cta|blocked|vendor
trsm,cdouble,sm_89,R,T,12,256,512,cta|blocked|vendor
trsm,cdouble,sm_89,R,T,12,256,2048,cta|blocked|vendor
trsm,cdouble,sm_89,R,T,12,256,8192,cta|blocked|vendor
trsm,cdouble,sm_89,R,T,12,256,32768,cta|blocked|vendor
trsm,cdouble,sm_89,R,T,12,512,128,cta|blocked|vendor
trsm,cdouble,sm_89,R,T,12,512,512,cta|blocked|vendor
trsm,cdouble,sm_89,R,T,12,512,2048,cta|blocked|vendor
trsm,cdouble,sm_89,R,T,12,512,8192,cta|blocked|vendor
trsm,cdouble,sm_89,R,T,12,512,32768,cta|blocked|vendor
trsm,cdouble,sm_89,R,T,12,1024,128,cta|blocked|vendor
trsm,cdouble,sm_89,R,T,12,1024,512,cta|blocked|vendor
trsm,cdouble,sm_89,R,T,12,1024,2048,cta|blocked|vendor
trsm,cdouble,sm_89,R,T,12,1024,8192,cta|blocked|vendor
trsm,cdouble,sm_89,R,T,12,1024,32768,cta|blocked|vendor
trsm,cdouble,sm_89,R,T,12,4096,128,cta|blocked|vendor
trsm,cdouble,sm_89,R,T,12,4096,512,cta|blocked|vendor
trsm,cdouble,sm_89,R,T,12,4096,2048,cta|blocked|vendor
trsm,cdouble,sm_89,R,T,12,4096,8192,cta|blocked|vendor
trsm,cdouble,sm_89,R,T,12,4096,32768,cta|blocked|vendor
trsm,cdouble,sm_89,R,T,16,1,128,cta|blocked|vendor
trsm,cdouble,sm_89,R,T,16,1,512,cta|blocked|vendor
trsm,cdouble,sm_89,R,T,16,1,2048,cta|blocked|vendor
trsm,cdouble,sm_89,R,T,16,1,8192,cta|blocked|vendor
trsm,cdouble,sm_89,R,T,16,1,32768,cta|blocked|vendor
trsm,cdouble,sm_89,R,T,16,2,128,cta|blocked|vendor
trsm,cdouble,sm_89,R,T,16,2,512,cta|blocked|vendor
trsm,cdouble,sm_89,R,T,16,2,2048,cta|blocked|vendor
trsm,cdouble,sm_89,R,T,16,2,8192,cta|blocked|vendor
trsm,cdouble,sm_89,R,T,16,2,32768,cta|blocked|vendor
trsm,cdouble,sm_89,R,T,16,4,128,cta|blocked|vendor
trsm,cdouble,sm_89,R,T,16,4,512,cta|blocked|vendor
trsm,cdouble,sm_89,R,T,16,4,2048,cta|blocked|vendor
trsm,cdouble,sm_89,R,T,16,4,8192,cta|blocked|vendor
trsm,cdouble,sm_89,R,T,16,4,32768,cta|blocked|vendor
trsm,cdouble,sm_89,R,T,16,8,128,cta|blocked|vendor
trsm,cdouble,sm_89,R,T,16,8,512,cta|blocked|vendor
trsm,cdouble,sm_89,R,T,16,8,2048,cta|blocked|vendor
trsm,cdouble,sm_89,R,T,16,8,8192,cta|blocked|vendor
trsm,cdouble,sm_89,R,T,16,8,32768,cta|blocked|vendor
trsm,cdouble,sm_89,R,T,16,16,128,cta|blocked|vendor
trsm,cdouble,sm_89,R,T,16,16,512,cta|blocked|vendor
trsm,cdouble,sm_89,R,T,16,16,2048,cta|blocked|vendor
trsm,cdouble,sm_89,R,T,16,16,8192,cta|blocked|vendor
trsm,cdouble,sm_89,R,T,16,16,32768,cta|blocked|vendor
trsm,cdouble,sm_89,R,T,16,32,128,cta|blocked|vendor
trsm,cdouble,sm_89,R,T,16,32,512,cta|blocked|vendor
trsm,cdouble,sm_89,R,T,16,32,2048,cta|blocked|vendor
trsm,cdouble,sm_89,R,T,16,32,8192,cta|blocked|vendor
trsm,cdouble,sm_89,R,T,16,32,32768,cta|blocked|vendor
trsm,cdouble,sm_89,R,T,16,64,128,cta|blocked|vendor
trsm,cdouble,sm_89,R,T,16,64,512,cta|blocked|vendor
trsm,cdouble,sm_89,R,T,16,64,2048,cta|blocked|vendor
trsm,cdouble,sm_89,R,T,16,64,8192,cta|blocked|vendor
trsm,cdouble,sm_89,R,T,16,64,32768,cta|blocked|vendor
trsm,cdouble,sm_89,R,T,16,128,128,cta|blocked|vendor
trsm,cdouble,sm_89,R,T,16,128,512,cta|blocked|vendor
trsm,cdouble,sm_89,R,T,16,128,2048,cta|blocked|vendor
trsm,cdouble,sm_89,R,T,16,128,8192,cta|blocked|vendor
trsm,cdouble,sm_89,R,T,16,128,32768,cta|blocked|vendor
trsm,cdouble,sm_89,R,T,16,256,128,cta|blocked|vendor
trsm,cdouble,sm_89,R,T,16,256,512,cta|blocked|vendor
trsm,cdouble,sm_89,R,T,16,256,2048,cta|blocked|vendor
trsm,cdouble,sm_89,R,T,16,256,8192,cta|blocked|vendor
trsm,cdouble,sm_89,R,T,16,256,32768,cta|blocked|vendor
trsm,cdouble,sm_89,R,T,16,512,128,cta|blocked|vendor
trsm,cdouble,sm_89,R,T,16,512,512,cta|blocked|vendor
trsm,cdouble,sm_89,R,T,16,512,2048,cta|blocked|vendor
trsm,cdouble,sm_89,R,T,16,512,8192,cta|blocked|vendor
trsm,cdouble,sm_89,R,T,16,512,32768,cta|blocked|vendor
trsm,cdouble,sm_89,R,T,16,1024,128,cta|blocked|vendor
trsm,cdouble,sm_89,R,T,16,1024,512,cta|blocked|vendor
trsm,cdouble,sm_89,R,T,16,1024,2048,cta|blocked|vendor
trsm,cdouble,sm_89,R,T,16,1024,8192,cta|blocked|vendor
trsm,cdouble,sm_89,R,T,16,1024,32768,cta|blocked|vendor
trsm,cdouble,sm_89,R,T,16,4096,128,cta|blocked|vendor
trsm,cdouble,sm_89,R,T,16,4096,512,cta|blocked|vendor
trsm,cdouble,sm_89,R,T,16,4096,2048,cta|blocked|vendor
trsm,cdouble,sm_89,R,T,16,4096,8192,cta|blocked|vendor
trsm,cdouble,sm_89,R,T,16,4096,32768,cta|blocked|vendor
trsm,cdouble,sm_89,R,T,24,1,128,cta|blocked|vendor
trsm,cdouble,sm_89,R,T,24,1,512,cta|blocked|vendor
trsm,cdouble,sm_89,R,T,24,1,2048,cta|blocked|vendor
trsm,cdouble,sm_89,R,T,24,1,8192,cta|blocked|vendor
trsm,cdouble,sm_89,R,T,24,1,32768,cta|blocked|vendor
trsm,cdouble,sm_89,R,T,24,2,128,cta|blocked|vendor
trsm,cdouble,sm_89,R,T,24,2,512,cta|blocked|vendor
trsm,cdouble,sm_89,R,T,24,2,2048,cta|blocked|vendor
trsm,cdouble,sm_89,R,T,24,2,8192,cta|blocked|vendor
trsm,cdouble,sm_89,R,T,24,2,32768,cta|blocked|vendor
trsm,cdouble,sm_89,R,T,24,4,128,cta|blocked|vendor
trsm,cdouble,sm_89,R,T,24,4,512,cta|blocked|vendor
trsm,cdouble,sm_89,R,T,24,4,2048,cta|blocked|vendor
trsm,cdouble,sm_89,R,T,24,4,8192,cta|blocked|vendor
trsm,cdouble,sm_89,R,T,24,4,32768,cta|blocked|vendor
trsm,cdouble,sm_89,R,T,24,8,128,cta|blocked|vendor
trsm,cdouble,sm_89,R,T,24,8,512,cta|blocked|vendor
trsm,cdouble,sm_89,R,T,24,8,2048,cta|blocked|vendor
trsm,cdouble,sm_89,R,T,24,8,8192,cta|blocked|vendor
trsm,cdouble,sm_89,R,T,24,8,32768,cta|blocked|vendor
trsm,cdouble,sm_89,R,T,24,16,128,cta|blocked|vendor
trsm,cdouble,sm_89,R,T,24,16,512,cta|blocked|vendor
trsm,cdouble,sm_89,R,T,24,16,2048,cta|blocked|vendor
trsm,cdouble,sm_89,R,T,24,16,8192,cta|blocked|vendor
trsm,cdouble,sm_89,R,T,24,16,32768,cta|blocked|vendor
trsm,cdouble,sm_89,R,T,24,32,128,cta|blocked|vendor
trsm,cdouble,sm_89,R,T,24,32,512,cta|blocked|vendor
trsm,cdouble,sm_89,R,T,24,32,2048,cta|blocked|vendor
trsm,cdouble,sm_89,R,T,24,32,8192,cta|blocked|vendor
trsm,cdouble,sm_89,R,T,24,32,32768,cta|blocked|vendor
trsm,cdouble,sm_89,R,T,24,64,128,cta|blocked|vendor
trsm,cdouble,sm_89,R,T,24,64,512,cta|blocked|vendor
trsm,cdouble,sm_89,R,T,24,64,2048,cta|blocked|vendor
trsm,cdouble,sm_89,R,T,24,64,8192,cta|blocked|vendor
trsm,cdouble,sm_89,R,T,24,64,32768,cta|blocked|vendor
trsm,cdouble,sm_89,R,T,24,128,128,cta|blocked|vendor
trsm,cdouble,sm_89,R,T,24,128,512,cta|blocked|vendor
trsm,cdouble,sm_89,R,T,24,128,2048,cta|blocked|vendor
trsm,cdouble,sm_89,R,T,24,128,8192,cta|blocked|vendor
trsm,cdouble,sm_89,R,T,24,128,32768,cta|blocked|vendor
trsm,cdouble,sm_89,R,T,24,256,128,cta|blocked|vendor
trsm,cdouble,sm_89,R,T,24,256,512,cta|blocked|vendor
trsm,cdouble,sm_89,R,T,24,256,2048,cta|blocked|vendor
trsm,cdouble,sm_89,R,T,24,256,8192,cta|blocked|vendor
trsm,cdouble,sm_89,R,T,24,256,32768,cta|blocked|vendor
trsm,cdouble,sm_89,R,T,24,512,128,cta|blocked|vendor
trsm,cdouble,sm_89,R,T,24,512,512,cta|blocked|vendor
trsm,cdouble,sm_89,R,T,24,512,2048,cta|blocked|vendor
trsm,cdouble,sm_89,R,T,24,512,8192,cta|blocked|vendor
trsm,cdouble,sm_89,R,T,24,512,32768,cta|blocked|vendor
trsm,cdouble,sm_89,R,T,24,1024,128,cta|blocked|vendor
trsm,cdouble,sm_89,R,T,24,1024,512,cta|blocked|vendor
trsm,cdouble,sm_89,R,T,24,1024,2048,cta|blocked|vendor
trsm,cdouble,sm_89,R,T,24,1024,8192,cta|blocked|vendor
trsm,cdouble,sm_89,R,T,24,1024,32768,cta|blocked|vendor
trsm,cdouble,sm_89,R,T,24,4096,128,cta|blocked|vendor
trsm,cdouble,sm_89,R,T,24,4096,512,cta|blocked|vendor
trsm,cdouble,sm_89,R,T,24,4096,2048,cta|blocked|vendor
trsm,cdouble,sm_89,R,T,24,4096,8192,cta|blocked|vendor
trsm,cdouble,sm_89,R,T,24,4096,32768,cta|blocked|vendor
trsm,cdouble,sm_89,R,T,32,1,128,cta|blocked|vendor
trsm,cdouble,sm_89,R,T,32,1,512,cta|blocked|vendor
trsm,cdouble,sm_89,R,T,32,1,2048,cta|blocked|vendor
trsm,cdouble,sm_89,R,T,32,1,8192,cta|blocked|vendor
trsm,cdouble,sm_89,R,T,32,1,32768,cta|blocked|vendor
trsm,cdouble,sm_89,R,T,32,2,128,cta|blocked|vendor
trsm,cdouble,sm_89,R,T,32,2,512,cta|blocked|vendor
trsm,cdouble,sm_89,R,T,32,2,2048,cta|blocked|vendor
trsm,cdouble,sm_89,R,T,32,2,8192,cta|blocked|vendor
trsm,cdouble,sm_89,R,T,32,2,32768,cta|blocked|vendor
trsm,cdouble,sm_89,R,T,32,4,128,cta|blocked|vendor
trsm,cdouble,sm_89,R,T,32,4,512,cta|blocked|vendor
trsm,cdouble,sm_89,R,T,32,4,2048,cta|blocked|vendor
trsm,cdouble,sm_89,R,T,32,4,8192,cta|blocked|vendor
trsm,cdouble,sm_89,R,T,32,4,32768,cta|blocked|vendor
trsm,cdouble,sm_89,R,T,32,8,128,cta|blocked|vendor
trsm,cdouble,sm_89,R,T,32,8,512,cta|blocked|vendor
trsm,cdouble,sm_89,R,T,32,8,2048,cta|blocked|vendor
trsm,cdouble,sm_89,R,T,32,8,8192,cta|blocked|vendor
trsm,cdouble,sm_89,R,T,32,8,32768,cta|blocked|vendor
trsm,cdouble,sm_89,R,T,32,16,128,cta|blocked|vendor
trsm,cdouble,sm_89,R,T,32,16,512,cta|blocked|vendor
trsm,cdouble,sm_89,R,T,32,16,2048,cta|blocked|vendor
trsm,cdouble,sm_89,R,T,32,16,8192,cta|blocked|vendor
trsm,cdouble,sm_89,R,T,32,16,32768,cta|blocked|vendor
trsm,cdouble,sm_89,R,T,32,32,128,cta|blocked|vendor
trsm,cdouble,sm_89,R,T,32,32,512,cta|blocked|vendor
trsm,cdouble,sm_89,R,T,32,32,2048,cta|blocked|vendor
trsm,cdouble,sm_89,R,T,32,32,8192,cta|blocked|vendor
trsm,cdouble,sm_89,R,T,32,32,32768,cta|blocked|vendor
trsm,cdouble,sm_89,R,T,32,64,128,cta|blocked|vendor
trsm,cdouble,sm_89,R,T,32,64,512,cta|blocked|vendor
trsm,cdouble,sm_89,R,T,32,64,2048,cta|blocked|vendor
trsm,cdouble,sm_89,R,T,32,64,8192,cta|blocked|vendor
trsm,cdouble,sm_89,R,T,32,64,32768,cta|blocked|vendor
trsm,cdouble,sm_89,R,T,32,128,128,cta|blocked|vendor
trsm,cdouble,sm_89,R,T,32,128,512,cta|blocked|vendor
trsm,cdouble,sm_89,R,T,32,128,2048,cta|blocked|vendor
trsm,cdouble,sm_89,R,T,32,128,8192,cta|blocked|vendor
trsm,cdouble,sm_89,R,T,32,128,32768,cta|blocked|vendor
trsm,cdouble,sm_89,R,T,32,256,128,cta|blocked|vendor
trsm,cdouble,sm_89,R,T,32,256,512,cta|blocked|vendor
trsm,cdouble,sm_89,R,T,32,256,2048,cta|blocked|vendor
trsm,cdouble,sm_89,R,T,32,256,8192,cta|blocked|vendor
trsm,cdouble,sm_89,R,T,32,256,32768,cta|blocked|vendor
trsm,cdouble,sm_89,R,T,32,512,128,cta|blocked|vendor
trsm,cdouble,sm_89,R,T,32,512,512,cta|blocked|vendor
trsm,cdouble,sm_89,R,T,32,512,2048,cta|blocked|vendor
trsm,cdouble,sm_89,R,T,32,512,8192,cta|blocked|vendor
trsm,cdouble,sm_89,R,T,32,512,32768,cta|blocked|vendor
trsm,cdouble,sm_89,R,T,32,1024,128,cta|blocked|vendor
trsm,cdouble,sm_89,R,T,32,1024,512,cta|blocked|vendor
trsm,cdouble,sm_89,R,T,32,1024,2048,cta|blocked|vendor
trsm,cdouble,sm_89,R,T,32,1024,8192,cta|blocked|vendor
trsm,cdouble,sm_89,R,T,32,1024,32768,cta|blocked|vendor
trsm,cdouble,sm_89,R,T,32,4096,128,cta|blocked|vendor
trsm,cdouble,sm_89,R,T,32,4096,512,cta|blocked|vendor
trsm,cdouble,sm_89,R,T,32,4096,2048,cta|blocked|vendor
trsm,cdouble,sm_89,R,T,32,4096,8192,cta|blocked|vendor
trsm,cdouble,sm_89,R,T,32,4096,32768,cta|blocked|vendor
trsm,cdouble,sm_89,R,T,48,1,128,blocked|vendor
trsm,cdouble,sm_89,R,T,48,1,512,blocked|vendor
trsm,cdouble,sm_89,R,T,48,1,2048,blocked|vendor
trsm,cdouble,sm_89,R,T,48,1,8192,blocked|vendor
trsm,cdouble,sm_89,R,T,48,1,32768,blocked|vendor
trsm,cdouble,sm_89,R,T,48,2,128,blocked|vendor
trsm,cdouble,sm_89,R,T,48,2,512,blocked|vendor
trsm,cdouble,sm_89,R,T,48,2,2048,blocked|vendor
trsm,cdouble,sm_89,R,T,48,2,8192,blocked|vendor
trsm,cdouble,sm_89,R,T,48,2,32768,blocked|vendor
trsm,cdouble,sm_89,R,T,48,4,128,blocked|vendor
trsm,cdouble,sm_89,R,T,48,4,512,blocked|vendor
trsm,cdouble,sm_89,R,T,48,4,2048,blocked|vendor
trsm,cdouble,sm_89,R,T,48,4,8192,blocked|vendor
trsm,cdouble,sm_89,R,T,48,4,32768,blocked|vendor
trsm,cdouble,sm_89,R,T,48,8,128,blocked|vendor
trsm,cdouble,sm_89,R,T,48,8,512,blocked|vendor
trsm,cdouble,sm_89,R,T,48,8,2048,blocked|vendor
trsm,cdouble,sm_89,R,T,48,8,8192,blocked|vendor
trsm,cdouble,sm_89,R,T,48,8,32768,blocked|vendor
trsm,cdouble,sm_89,R,T,48,16,128,blocked|vendor
trsm,cdouble,sm_89,R,T,48,16,512,blocked|vendor
trsm,cdouble,sm_89,R,T,48,16,2048,blocked|vendor
trsm,cdouble,sm_89,R,T,48,16,8192,blocked|vendor
trsm,cdouble,sm_89,R,T,48,16,32768,blocked|vendor
trsm,cdouble,sm_89,R,T,48,32,128,blocked|vendor
trsm,cdouble,sm_89,R,T,48,32,512,blocked|vendor
trsm,cdouble,sm_89,R,T,48,32,2048,blocked|vendor
trsm,cdouble,sm_89,R,T,48,32,8192,blocked|vendor
trsm,cdouble,sm_89,R,T,48,32,32768,blocked|vendor
trsm,cdouble,sm_89,R,T,48,64,128,blocked|vendor
trsm,cdouble,sm_89,R,T,48,64,512,blocked|vendor
trsm,cdouble,sm_89,R,T,48,64,2048,blocked|vendor
trsm,cdouble,sm_89,R,T,48,64,8192,blocked|vendor
trsm,cdouble,sm_89,R,T,48,64,32768,blocked|vendor
trsm,cdouble,sm_89,R,T,48,128,128,blocked|vendor
trsm,cdouble,sm_89,R,T,48,128,512,blocked|vendor
trsm,cdouble,sm_89,R,T,48,128,2048,blocked|vendor
trsm,cdouble,sm_89,R,T,48,128,8192,blocked|vendor
trsm,cdouble,sm_89,R,T,48,128,32768,blocked|vendor
trsm,cdouble,sm_89,R,T,48,256,128,blocked|vendor
trsm,cdouble,sm_89,R,T,48,256,512,blocked|vendor
trsm,cdouble,sm_89,R,T,48,256,2048,blocked|vendor
trsm,cdouble,sm_89,R,T,48,256,8192,blocked|vendor
trsm,cdouble,sm_89,R,T,48,256,32768,blocked|vendor
trsm,cdouble,sm_89,R,T,48,512,128,blocked|vendor
trsm,cdouble,sm_89,R,T,48,512,512,blocked|vendor
trsm,cdouble,sm_89,R,T,48,512,2048,blocked|vendor
trsm,cdouble,sm_89,R,T,48,512,8192,blocked|vendor
trsm,cdouble,sm_89,R,T,48,512,32768,blocked|vendor
trsm,cdouble,sm_89,R,T,48,1024,128,blocked|vendor
trsm,cdouble,sm_89,R,T,48,1024,512,blocked|vendor
trsm,cdouble,sm_89,R,T,48,1024,2048,blocked|vendor
trsm,cdouble,sm_89,R,T,48,1024,8192,blocked|vendor
trsm,cdouble,sm_89,R,T,48,1024,32768,blocked|vendor
trsm,cdouble,sm_89,R,T,48,4096,128,blocked|vendor
trsm,cdouble,sm_89,R,T,48,4096,512,blocked|vendor
trsm,cdouble,sm_89,R,T,48,4096,2048,blocked|vendor
trsm,cdouble,sm_89,R,T,48,4096,8192,blocked|vendor
trsm,cdouble,sm_89,R,T,48,4096,32768,blocked|vendor
trsm,cdouble,sm_89,R,T,64,1,128,blocked|vendor
trsm,cdouble,sm_89,R,T,64,1,512,blocked|vendor
trsm,cdouble,sm_89,R,T,64,1,2048,blocked|vendor
trsm,cdouble,sm_89,R,T,64,1,8192,blocked|vendor
trsm,cdouble,sm_89,R,T,64,1,32768,blocked|vendor
trsm,cdouble,sm_89,R,T,64,2,128,blocked|vendor
trsm,cdouble,sm_89,R,T,64,2,512,blocked|vendor
trsm,cdouble,sm_89,R,T,64,2,2048,blocked|vendor
trsm,cdouble,sm_89,R,T,64,2,8192,blocked|vendor
trsm,cdouble,sm_89,R,T,64,2,32768,blocked|vendor
trsm,cdouble,sm_89,R,T,64,4,128,blocked|vendor
trsm,cdouble,sm_89,R,T,64,4,512,blocked|vendor
trsm,cdouble,sm_89,R,T,64,4,2048,blocked|vendor
trsm,cdouble,sm_89,R,T,64,4,8192,blocked|vendor
trsm,cdouble,sm_89,R,T,64,4,32768,blocked|vendor
trsm,cdouble,sm_89,R,T,64,8,128,blocked|vendor
trsm,cdouble,sm_89,R,T,64,8,512,blocked|vendor
trsm,cdouble,sm_89,R,T,64,8,2048,blocked|vendor
trsm,cdouble,sm_89,R,T,64,8,8192,blocked|vendor
trsm,cdouble,sm_89,R,T,64,8,32768,blocked|vendor
trsm,cdouble,sm_89,R,T,64,16,128,blocked|vendor
trsm,cdouble,sm_89,R,T,64,16,512,blocked|vendor
trsm,cdouble,sm_89,R,T,64,16,2048,blocked|vendor
trsm,cdouble,sm_89,R,T,64,16,8192,blocked|vendor
trsm,cdouble,sm_89,R,T,64,16,32768,blocked|vendor
trsm,cdouble,sm_89,R,T,64,32,128,blocked|vendor
trsm,cdouble,sm_89,R,T,64,32,512,blocked|vendor
trsm,cdouble,sm_89,R,T,64,32,2048,blocked|vendor
trsm,cdouble,sm_89,R,T,64,32,8192,blocked|vendor
trsm,cdouble,sm_89,R,T,64,32,32768,blocked|vendor
trsm,cdouble,sm_89,R,T,64,64,128,blocked|vendor
trsm,cdouble,sm_89,R,T,64,64,512,blocked|vendor
trsm,cdouble,sm_89,R,T,64,64,2048,blocked|vendor
trsm,cdouble,sm_89,R,T,64,64,8192,blocked|vendor
trsm,cdouble,sm_89,R,T,64,64,32768,blocked|vendor
trsm,cdouble,sm_89,R,T,64,128,128,blocked|vendor
trsm,cdouble,sm_89,R,T,64,128,512,blocked|vendor
trsm,cdouble,sm_89,R,T,64,128,2048,blocked|vendor
trsm,cdouble,sm_89,R,T,64,128,8192,blocked|vendor
trsm,cdouble,sm_89,R,T,64,128,32768,blocked|vendor
trsm,cdouble,sm_89,R,T,64,256,128,blocked|vendor
trsm,cdouble,sm_89,R,T,64,256,512,blocked|vendor
trsm,cdouble,sm_89,R,T,64,256,2048,blocked|vendor
trsm,cdouble,sm_89,R,T,64,256,8192,blocked|vendor
trsm,cdouble,sm_89,R,T,64,256,32768,blocked|vendor
trsm,cdouble,sm_89,R,T,64,512,128,blocked|vendor
trsm,cdouble,sm_89,R,T,64,512,512,blocked|vendor
trsm,cdouble,sm_89,R,T,64,512,2048,blocked|vendor
trsm,cdouble,sm_89,R,T,64,512,8192,blocked|vendor
trsm,cdouble,sm_89,R,T,64,512,32768,blocked|vendor
trsm,cdouble,sm_89,R,T,64,1024,128,blocked|vendor
trsm,cdouble,sm_89,R,T,64,1024,512,blocked|vendor
trsm,cdouble,sm_89,R,T,64,1024,2048,blocked|vendor
trsm,cdouble,sm_89,R,T,64,1024,8192,blocked|vendor
trsm,cdouble,sm_89,R,T,64,1024,32768,blocked|vendor
trsm,cdouble,sm_89,R,T,64,4096,128,blocked|vendor
trsm,cdouble,sm_89,R,T,64,4096,512,blocked|vendor
trsm,cdouble,sm_89,R,T,64,4096,2048,blocked|vendor
trsm,cdouble,sm_89,R,T,64,4096,8192,blocked|vendor
trsm,cdouble,sm_89,R,T,64,4096,32768,blocked|vendor
trsm,cdouble,sm_89,R,T,96,1,128,blocked|vendor
trsm,cdouble,sm_89,R,T,96,1,512,blocked|vendor
trsm,cdouble,sm_89,R,T,96,1,2048,blocked|vendor
trsm,cdouble,sm_89,R,T,96,1,8192,blocked|vendor
trsm,cdouble,sm_89,R,T,96,1,32768,blocked|vendor
trsm,cdouble,sm_89,R,T,96,2,128,blocked|vendor
trsm,cdouble,sm_89,R,T,96,2,512,blocked|vendor
trsm,cdouble,sm_89,R,T,96,2,2048,blocked|vendor
trsm,cdouble,sm_89,R,T,96,2,8192,blocked|vendor
trsm,cdouble,sm_89,R,T,96,2,32768,blocked|vendor
trsm,cdouble,sm_89,R,T,96,4,128,blocked|vendor
trsm,cdouble,sm_89,R,T,96,4,512,blocked|vendor
trsm,cdouble,sm_89,R,T,96,4,2048,blocked|vendor
trsm,cdouble,sm_89,R,T,96,4,8192,blocked|vendor
trsm,cdouble,sm_89,R,T,96,4,32768,blocked|vendor
trsm,cdouble,sm_89,R,T,96,8,128,blocked|vendor
trsm,cdouble,sm_89,R,T,96,8,512,blocked|vendor
trsm,cdouble,sm_89,R,T,96,8,2048,blocked|vendor
trsm,cdouble,sm_89,R,T,96,8,8192,blocked|vendor
trsm,cdouble,sm_89,R,T,96,8,32768,blocked|vendor
trsm,cdouble,sm_89,R,T,96,16,128,blocked|vendor
trsm,cdouble,sm_89,R,T,96,16,512,blocked|vendor
trsm,cdouble,sm_89,R,T,96,16,2048,blocked|vendor
trsm,cdouble,sm_89,R,T,96,16,8192,blocked|vendor
trsm,cdouble,sm_89,R,T,96,16,32768,blocked|vendor
trsm,cdouble,sm_89,R,T,96,32,128,blocked|vendor
trsm,cdouble,sm_89,R,T,96,32,512,blocked|vendor
trsm,cdouble,sm_89,R,T,96,32,2048,blocked|vendor
trsm,cdouble,sm_89,R,T,96,32,8192,blocked|vendor
trsm,cdouble,sm_89,R,T,96,32,32768,blocked|vendor
trsm,cdouble,sm_89,R,T,96,64,128,blocked|vendor
trsm,cdouble,sm_89,R,T,96,64,512,blocked|vendor
trsm,cdouble,sm_89,R,T,96,64,2048,blocked|vendor
trsm,cdouble,sm_89,R,T,96,64,8192,blocked|vendor
trsm,cdouble,sm_89,R,T,96,64,32768,blocked|vendor
trsm,cdouble,sm_89,R,T,96,128,128,blocked|vendor
trsm,cdouble,sm_89,R,T,96,128,512,blocked|vendor
trsm,cdouble,sm_89,R,T,96,128,2048,blocked|vendor
trsm,cdouble,sm_89,R,T,96,128,8192,blocked|vendor
trsm,cdouble,sm_89,R,T,96,128,32768,blocked|vendor
trsm,cdouble,sm_89,R,T,96,256,128,blocked|vendor
trsm,cdouble,sm_89,R,T,96,256,512,blocked|vendor
trsm,cdouble,sm_89,R,T,96,256,2048,blocked|vendor
trsm,cdouble,sm_89,R,T,96,256,8192,blocked|vendor
trsm,cdouble,sm_89,R,T,96,256,32768,blocked|vendor
trsm,cdouble,sm_89,R,T,96,512,128,blocked|vendor
trsm,cdouble,sm_89,R,T,96,512,512,blocked|vendor
trsm,cdouble,sm_89,R,T,96,512,2048,blocked|vendor
trsm,cdouble,sm_89,R,T,96,512,8192,blocked|vendor
trsm,cdouble,sm_89,R,T,96,512,32768,blocked|vendor
trsm,cdouble,sm_89,R,T,96,1024,128,blocked|vendor
trsm,cdouble,sm_89,R,T,96,1024,512,blocked|vendor
trsm,cdouble,sm_89,R,T,96,1024,2048,blocked|vendor
trsm,cdouble,sm_89,R,T,96,1024,8192,blocked|vendor
trsm,cdouble,sm_89,R,T,96,1024,32768,blocked|vendor
trsm,cdouble,sm_89,R,T,96,4096,128,blocked|vendor
trsm,cdouble,sm_89,R,T,96,4096,512,blocked|vendor
trsm,cdouble,sm_89,R,T,96,4096,2048,blocked|vendor
trsm,cdouble,sm_89,R,T,96,4096,8192,blocked|vendor
trsm,cdouble,sm_89,R,T,96,4096,32768,blocked|vendor
trsm,cdouble,sm_89,R,T,128,1,128,blocked|vendor
trsm,cdouble,sm_89,R,T,128,1,512,blocked|vendor
trsm,cdouble,sm_89,R,T,128,1,2048,blocked|vendor
trsm,cdouble,sm_89,R,T,128,1,8192,blocked|vendor
trsm,cdouble,sm_89,R,T,128,1,32768,blocked|vendor
trsm,cdouble,sm_89,R,T,128,2,128,blocked|vendor
trsm,cdouble,sm_89,R,T,128,2,512,blocked|vendor
trsm,cdouble,sm_89,R,T,128,2,2048,blocked|vendor
trsm,cdouble,sm_89,R,T,128,2,8192,blocked|vendor
trsm,cdouble,sm_89,R,T,128,2,32768,blocked|vendor
trsm,cdouble,sm_89,R,T,128,4,128,blocked|vendor
trsm,cdouble,sm_89,R,T,128,4,512,blocked|vendor
trsm,cdouble,sm_89,R,T,128,4,2048,blocked|vendor
trsm,cdouble,sm_89,R,T,128,4,8192,blocked|vendor
trsm,cdouble,sm_89,R,T,128,4,32768,blocked|vendor
trsm,cdouble,sm_89,R,T,128,8,128,blocked|vendor
trsm,cdouble,sm_89,R,T,128,8,512,blocked|vendor
trsm,cdouble,sm_89,R,T,128,8,2048,blocked|vendor
trsm,cdouble,sm_89,R,T,128,8,8192,blocked|vendor
trsm,cdouble,sm_89,R,T,128,8,32768,blocked|vendor
trsm,cdouble,sm_89,R,T,128,16,128,blocked|vendor
trsm,cdouble,sm_89,R,T,128,16,512,blocked|vendor
trsm,cdouble,sm_89,R,T,128,16,2048,blocked|vendor
trsm,cdouble,sm_89,R,T,128,16,8192,blocked|vendor
trsm,cdouble,sm_89,R,T,128,16,32768,blocked|vendor
trsm,cdouble,sm_89,R,T,128,32,128,blocked|vendor
trsm,cdouble,sm_89,R,T,128,32,512,blocked|vendor
trsm,cdouble,sm_89,R,T,128,32,2048,blocked|vendor
trsm,cdouble,sm_89,R,T,128,32,8192,blocked|vendor
trsm,cdouble,sm_89,R,T,128,32,32768,blocked|vendor
trsm,cdouble,sm_89,R,T,128,64,128,blocked|vendor
trsm,cdouble,sm_89,R,T,128,64,512,blocked|vendor
trsm,cdouble,sm_89,R,T,128,64,2048,blocked|vendor
trsm,cdouble,sm_89,R,T,128,64,8192,blocked|vendor
trsm,cdouble,sm_89,R,T,128,64,32768,blocked|vendor
trsm,cdouble,sm_89,R,T,128,128,128,blocked|vendor
trsm,cdouble,sm_89,R,T,128,128,512,blocked|vendor
trsm,cdouble,sm_89,R,T,128,128,2048,blocked|vendor
trsm,cdouble,sm_89,R,T,128,128,8192,blocked|vendor
trsm,cdouble,sm_89,R,T,128,128,32768,blocked|vendor
trsm,cdouble,sm_89,R,T,128,256,128,blocked|vendor
trsm,cdouble,sm_89,R,T,128,256,512,blocked|vendor
trsm,cdouble,sm_89,R,T,128,256,2048,blocked|vendor
trsm,cdouble,sm_89,R,T,128,256,8192,blocked|vendor
trsm,cdouble,sm_89,R,T,128,256,32768,blocked|vendor
trsm,cdouble,sm_89,R,T,128,512,128,blocked|vendor
trsm,cdouble,sm_89,R,T,128,512,512,blocked|vendor
trsm,cdouble,sm_89,R,T,128,512,2048,blocked|vendor
trsm,cdouble,sm_89,R,T,128,512,8192,blocked|vendor
trsm,cdouble,sm_89,R,T,128,512,32768,blocked|vendor
trsm,cdouble,sm_89,R,T,128,1024,128,blocked|vendor
trsm,cdouble,sm_89,R,T,128,1024,512,blocked|vendor
trsm,cdouble,sm_89,R,T,128,1024,2048,blocked|vendor
trsm,cdouble,sm_89,R,T,128,1024,8192,blocked|vendor
trsm,cdouble,sm_89,R,T,128,1024,32768,blocked|vendor
trsm,cdouble,sm_89,R,T,128,4096,128,blocked|vendor
trsm,cdouble,sm_89,R,T,128,4096,512,blocked|vendor
trsm,cdouble,sm_89,R,T,128,4096,2048,blocked|vendor
trsm,cdouble,sm_89,R,T,128,4096,8192,blocked|vendor
trsm,cdouble,sm_89,R,T,128,4096,32768,blocked|vendor
trsm,cdouble,sm_89,R,T,192,1,128,blocked|vendor
trsm,cdouble,sm_89,R,T,192,1,512,blocked|vendor
trsm,cdouble,sm_89,R,T,192,1,2048,blocked|vendor
trsm,cdouble,sm_89,R,T,192,1,8192,blocked|vendor
trsm,cdouble,sm_89,R,T,192,1,32768,blocked|vendor
trsm,cdouble,sm_89,R,T,192,2,128,blocked|vendor
trsm,cdouble,sm_89,R,T,192,2,512,blocked|vendor
trsm,cdouble,sm_89,R,T,192,2,2048,blocked|vendor
trsm,cdouble,sm_89,R,T,192,2,8192,blocked|vendor
trsm,cdouble,sm_89,R,T,192,2,32768,blocked|vendor
trsm,cdouble,sm_89,R,T,192,4,128,blocked|vendor
trsm,cdouble,sm_89,R,T,192,4,512,blocked|vendor
trsm,cdouble,sm_89,R,T,192,4,2048,blocked|vendor
trsm,cdouble,sm_89,R,T,192,4,8192,blocked|vendor
trsm,cdouble,sm_89,R,T,192,4,32768,blocked|vendor
trsm,cdouble,sm_89,R,T,192,8,128,blocked|vendor
trsm,cdouble,sm_89,R,T,192,8,512,blocked|vendor
trsm,cdouble,sm_89,R,T,192,8,2048,blocked|vendor
trsm,cdouble,sm_89,R,T,192,8,8192,blocked|vendor
trsm,cdouble,sm_89,R,T,192,8,32768,blocked|vendor
trsm,cdouble,sm_89,R,T,192,16,128,blocked|vendor
trsm,cdouble,sm_89,R,T,192,16,512,blocked|vendor
trsm,cdouble,sm_89,R,T,192,16,2048,blocked|vendor
trsm,cdouble,sm_89,R,T,192,16,8192,blocked|vendor
trsm,cdouble,sm_89,R,T,192,16,32768,blocked|vendor
trsm,cdouble,sm_89,R,T,192,32,128,blocked|vendor
trsm,cdouble,sm_89,R,T,192,32,512,blocked|vendor
trsm,cdouble,sm_89,R,T,192,32,2048,blocked|vendor
trsm,cdouble,sm_89,R,T,192,32,8192,blocked|vendor
trsm,cdouble,sm_89,R,T,192,32,32768,blocked|vendor
trsm,cdouble,sm_89,R,T,192,64,128,blocked|vendor
trsm,cdouble,sm_89,R,T,192,64,512,blocked|vendor
trsm,cdouble,sm_89,R,T,192,64,2048,blocked|vendor
trsm,cdouble,sm_89,R,T,192,64,8192,blocked|vendor
trsm,cdouble,sm_89,R,T,192,64,32768,blocked|vendor
trsm,cdouble,sm_89,R,T,192,128,128,blocked|vendor
trsm,cdouble,sm_89,R,T,192,128,512,blocked|vendor
trsm,cdouble,sm_89,R,T,192,128,2048,blocked|vendor
trsm,cdouble,sm_89,R,T,192,128,8192,blocked|vendor
trsm,cdouble,sm_89,R,T,192,128,32768,blocked|vendor
trsm,cdouble,sm_89,R,T,192,256,128,blocked|vendor
trsm,cdouble,sm_89,R,T,192,256,512,blocked|vendor
trsm,cdouble,sm_89,R,T,192,256,2048,blocked|vendor
trsm,cdouble,sm_89,R,T,192,256,8192,blocked|vendor
trsm,cdouble,sm_89,R,T,192,256,32768,blocked|vendor
trsm,cdouble,sm_89,R,T,192,512,128,blocked|vendor
trsm,cdouble,sm_89,R,T,192,512,512,blocked|vendor
trsm,cdouble,sm_89,R,T,192,512,2048,blocked|vendor
trsm,cdouble,sm_89,R,T,192,512,8192,blocked|vendor
trsm,cdouble,sm_89,R,T,192,512,32768,blocked|vendor
trsm,cdouble,sm_89,R,T,192,1024,128,blocked|vendor
trsm,cdouble,sm_89,R,T,192,1024,512,blocked|vendor
trsm,cdouble,sm_89,R,T,192,1024,2048,blocked|vendor
trsm,cdouble,sm_89,R,T,192,1024,8192,blocked|vendor
trsm,cdouble,sm_89,R,T,192,1024,32768,blocked|vendor
trsm,cdouble,sm_89,R,T,192,4096,128,blocked|vendor
trsm,cdouble,sm_89,R,T,192,4096,512,blocked|vendor
trsm,cdouble,sm_89,R,T,192,4096,2048,blocked|vendor
trsm,cdouble,sm_89,R,T,192,4096,8192,blocked|vendor
trsm,cdouble,sm_89,R,T,192,4096,32768,blocked|vendor
trsm,cdouble,sm_89,R,T,256,1,128,blocked|vendor
trsm,cdouble,sm_89,R,T,256,1,512,blocked|vendor
trsm,cdouble,sm_89,R,T,256,1,2048,blocked|vendor
trsm,cdouble,sm_89,R,T,256,1,8192,blocked|vendor
trsm,cdouble,sm_89,R,T,256,1,32768,blocked|vendor
trsm,cdouble,sm_89,R,T,256,2,128,blocked|vendor
trsm,cdouble,sm_89,R,T,256,2,512,blocked|vendor
trsm,cdouble,sm_89,R,T,256,2,2048,blocked|vendor
trsm,cdouble,sm_89,R,T,256,2,8192,blocked|vendor
trsm,cdouble,sm_89,R,T,256,2,32768,blocked|vendor
trsm,cdouble,sm_89,R,T,256,4,128,blocked|vendor
trsm,cdouble,sm_89,R,T,256,4,512,blocked|vendor
trsm,cdouble,sm_89,R,T,256,4,2048,blocked|vendor
trsm,cdouble,sm_89,R,T,256,4,8192,blocked|vendor
trsm,cdouble,sm_89,R,T,256,4,32768,blocked|vendor
trsm,cdouble,sm_89,R,T,256,8,128,blocked|vendor
trsm,cdouble,sm_89,R,T,256,8,512,blocked|vendor
trsm,cdouble,sm_89,R,T,256,8,2048,blocked|vendor
trsm,cdouble,sm_89,R,T,256,8,8192,blocked|vendor
trsm,cdouble,sm_89,R,T,256,8,32768,blocked|vendor
trsm,cdouble,sm_89,R,T,256,16,128,blocked|vendor
trsm,cdouble,sm_89,R,T,256,16,512,blocked|vendor
trsm,cdouble,sm_89,R,T,256,16,2048,blocked|vendor
trsm,cdouble,sm_89,R,T,256,16,8192,blocked|vendor
trsm,cdouble,sm_89,R,T,256,16,32768,blocked|vendor
trsm,cdouble,sm_89,R,T,256,32,128,blocked|vendor
trsm,cdouble,sm_89,R,T,256,32,512,blocked|vendor
trsm,cdouble,sm_89,R,T,256,32,2048,blocked|vendor
trsm,cdouble,sm_89,R,T,256,32,8192,blocked|vendor
trsm,cdouble,sm_89,R,T,256,32,32768,blocked|vendor
trsm,cdouble,sm_89,R,T,256,64,128,blocked|vendor
trsm,cdouble,sm_89,R,T,256,64,512,blocked|vendor
trsm,cdouble,sm_89,R,T,256,64,2048,blocked|vendor
trsm,cdouble,sm_89,R,T,256,64,8192,blocked|vendor
trsm,cdouble,sm_89,R,T,256,64,32768,blocked|vendor
trsm,cdouble,sm_89,R,T,256,128,128,blocked|vendor
trsm,cdouble,sm_89,R,T,256,128,512,blocked|vendor
trsm,cdouble,sm_89,R,T,256,128,2048,blocked|vendor
trsm,cdouble,sm_89,R,T,256,128,8192,blocked|vendor
trsm,cdouble,sm_89,R,T,256,128,32768,blocked|vendor
trsm,cdouble,sm_89,R,T,256,256,128,blocked|vendor
trsm,cdouble,sm_89,R,T,256,256,512,blocked|vendor
trsm,cdouble,sm_89,R,T,256,256,2048,blocked|vendor
trsm,cdouble,sm_89,R,T,256,256,8192,blocked|vendor
trsm,cdouble,sm_89,R,T,256,256,32768,blocked|vendor
trsm,cdouble,sm_89,R,T,256,512,128,blocked|vendor
trsm,cdouble,sm_89,R,T,256,512,512,blocked|vendor
trsm,cdouble,sm_89,R,T,256,512,2048,blocked|vendor
trsm,cdouble,sm_89,R,T,256,512,8192,blocked|vendor
trsm,cdouble,sm_89,R,T,256,512,32768,blocked|vendor
trsm,cdouble,sm_89,R,T,256,1024,128,blocked|vendor
trsm,cdouble,sm_89,R,T,256,1024,512,blocked|vendor
trsm,cdouble,sm_89,R,T,256,1024,2048,blocked|vendor
trsm,cdouble,sm_89,R,T,256,1024,8192,blocked|vendor
trsm,cdouble,sm_89,R,T,256,1024,32768,blocked|vendor
trsm,cdouble,sm_89,R,T,256,4096,128,blocked|vendor
trsm,cdouble,sm_89,R,T,256,4096,512,blocked|vendor
trsm,cdouble,sm_89,R,T,256,4096,2048,blocked|vendor
trsm,cdouble,sm_89,R,T,256,4096,8192,blocked|vendor
trsm,cdouble,sm_89,R,T,256,4096,32768,blocked|vendor
trsm,cdouble,sm_89,R,T,384,1,128,blocked|vendor
trsm,cdouble,sm_89,R,T,384,1,512,blocked|vendor
trsm,cdouble,sm_89,R,T,384,1,2048,blocked|vendor
trsm,cdouble,sm_89,R,T,384,1,8192,blocked|vendor
trsm,cdouble,sm_89,R,T,384,1,32768,blocked|vendor
trsm,cdouble,sm_89,R,T,384,2,128,blocked|vendor
trsm,cdouble,sm_89,R,T,384,2,512,blocked|vendor
trsm,cdouble,sm_89,R,T,384,2,2048,blocked|vendor
trsm,cdouble,sm_89,R,T,384,2,8192,blocked|vendor
trsm,cdouble,sm_89,R,T,384,2,32768,blocked|vendor
trsm,cdouble,sm_89,R,T,384,4,128,blocked|vendor
trsm,cdouble,sm_89,R,T,384,4,512,blocked|vendor
trsm,cdouble,sm_89,R,T,384,4,2048,blocked|vendor
trsm,cdouble,sm_89,R,T,384,4,8192,blocked|vendor
trsm,cdouble,sm_89,R,T,384,4,32768,blocked|vendor
trsm,cdouble,sm_89,R,T,384,8,128,blocked|vendor
trsm,cdouble,sm_89,R,T,384,8,512,blocked|vendor
trsm,cdouble,sm_89,R,T,384,8,2048,blocked|vendor
trsm,cdouble,sm_89,R,T,384,8,8192,blocked|vendor
trsm,cdouble,sm_89,R,T,384,8,32768,blocked|vendor
trsm,cdouble,sm_89,R,T,384,16,128,blocked|vendor
trsm,cdouble,sm_89,R,T,384,16,512,blocked|vendor
trsm,cdouble,sm_89,R,T,384,16,2048,blocked|vendor
trsm,cdouble,sm_89,R,T,384,16,8192,blocked|vendor
trsm,cdouble,sm_89,R,T,384,16,32768,blocked|vendor
trsm,cdouble,sm_89,R,T,384,32,128,blocked|vendor
trsm,cdouble,sm_89,R,T,384,32,512,blocked|vendor
trsm,cdouble,sm_89,R,T,384,32,2048,blocked|vendor
trsm,cdouble,sm_89,R,T,384,32,8192,blocked|vendor
trsm,cdouble,sm_89,R,T,384,32,32768,blocked|vendor
trsm,cdouble,sm_89,R,T,384,64,128,blocked|vendor
trsm,cdouble,sm_89,R,T,384,64,512,blocked|vendor
trsm,cdouble,sm_89,R,T,384,64,2048,blocked|vendor
trsm,cdouble,sm_89,R,T,384,64,8192,blocked|vendor
trsm,cdouble,sm_89,R,T,384,64,32768,blocked|vendor
trsm,cdouble,sm_89,R,T,384,128,128,blocked|vendor
trsm,cdouble,sm_89,R,T,384,128,512,blocked|vendor
trsm,cdouble,sm_89,R,T,384,128,2048,blocked|vendor
trsm,cdouble,sm_89,R,T,384,128,8192,blocked|vendor
trsm,cdouble,sm_89,R,T,384,128,32768,blocked|vendor
trsm,cdouble,sm_89,R,T,384,256,128,blocked|vendor
trsm,cdouble,sm_89,R,T,384,256,512,blocked|vendor
trsm,cdouble,sm_89,R,T,384,256,2048,blocked|vendor
trsm,cdouble,sm_89,R,T,384,256,8192,blocked|vendor
trsm,cdouble,sm_89,R,T,384,256,32768,blocked|vendor
trsm,cdouble,sm_89,R,T,384,512,128,blocked|vendor
trsm,cdouble,sm_89,R,T,384,512,512,blocked|vendor
trsm,cdouble,sm_89,R,T,384,512,2048,blocked|vendor
trsm,cdouble,sm_89,R,T,384,512,8192,blocked|vendor
trsm,cdouble,sm_89,R,T,384,512,32768,blocked|vendor
trsm,cdouble,sm_89,R,T,384,1024,128,blocked|vendor
trsm,cdouble,sm_89,R,T,384,1024,512,blocked|vendor
trsm,cdouble,sm_89,R,T,384,1024,2048,blocked|vendor
trsm,cdouble,sm_89,R,T,384,1024,8192,blocked|vendor
trsm,cdouble,sm_89,R,T,384,1024,32768,blocked|vendor
trsm,cdouble,sm_89,R,T,384,4096,128,blocked|vendor
trsm,cdouble,sm_89,R,T,384,4096,512,blocked|vendor
trsm,cdouble,sm_89,R,T,384,4096,2048,blocked|vendor
trsm,cdouble,sm_89,R,T,384,4096,8192,blocked|vendor
trsm,cdouble,sm_89,R,T,384,4096,32768,blocked|vendor
trsm,cdouble,sm_89,R,T,512,1,128,blocked|vendor
trsm,cdouble,sm_89,R,T,512,1,512,blocked|vendor
trsm,cdouble,sm_89,R,T,512,1,2048,blocked|vendor
trsm,cdouble,sm_89,R,T,512,1,8192,blocked|vendor
trsm,cdouble,sm_89,R,T,512,1,32768,blocked|vendor
trsm,cdouble,sm_89,R,T,512,2,128,blocked|vendor
trsm,cdouble,sm_89,R,T,512,2,512,blocked|vendor
trsm,cdouble,sm_89,R,T,512,2,2048,blocked|vendor
trsm,cdouble,sm_89,R,T,512,2,8192,blocked|vendor
trsm,cdouble,sm_89,R,T,512,2,32768,blocked|vendor
trsm,cdouble,sm_89,R,T,512,4,128,blocked|vendor
trsm,cdouble,sm_89,R,T,512,4,512,blocked|vendor
trsm,cdouble,sm_89,R,T,512,4,2048,blocked|vendor
trsm,cdouble,sm_89,R,T,512,4,8192,blocked|vendor
trsm,cdouble,sm_89,R,T,512,4,32768,blocked|vendor
trsm,cdouble,sm_89,R,T,512,8,128,blocked|vendor
trsm,cdouble,sm_89,R,T,512,8,512,blocked|vendor
trsm,cdouble,sm_89,R,T,512,8,2048,blocked|vendor
trsm,cdouble,sm_89,R,T,512,8,8192,blocked|vendor
trsm,cdouble,sm_89,R,T,512,8,32768,blocked|vendor
trsm,cdouble,sm_89,R,T,512,16,128,blocked|vendor
trsm,cdouble,sm_89,R,T,512,16,512,blocked|vendor
trsm,cdouble,sm_89,R,T,512,16,2048,blocked|vendor
trsm,cdouble,sm_89,R,T,512,16,8192,blocked|vendor
trsm,cdouble,sm_89,R,T,512,16,32768,blocked|vendor
trsm,cdouble,sm_89,R,T,512,32,128,blocked|vendor
trsm,cdouble,sm_89,R,T,512,32,512,blocked|vendor
trsm,cdouble,sm_89,R,T,512,32,2048,blocked|vendor
trsm,cdouble,sm_89,R,T,512,32,8192,blocked|vendor
trsm,cdouble,sm_89,R,T,512,32,32768,blocked|vendor
trsm,cdouble,sm_89,R,T,512,64,128,blocked|vendor
trsm,cdouble,sm_89,R,T,512,64,512,blocked|vendor
trsm,cdouble,sm_89,R,T,512,64,2048,blocked|vendor
trsm,cdouble,sm_89,R,T,512,64,8192,blocked|vendor
trsm,cdouble,sm_89,R,T,512,64,32768,blocked|vendor
trsm,cdouble,sm_89,R,T,512,128,128,blocked|vendor
trsm,cdouble,sm_89,R,T,512,128,512,blocked|vendor
trsm,cdouble,sm_89,R,T,512,128,2048,blocked|vendor
trsm,cdouble,sm_89,R,T,512,128,8192,blocked|vendor
trsm,cdouble,sm_89,R,T,512,128,32768,blocked|vendor
trsm,cdouble,sm_89,R,T,512,256,128,blocked|vendor
trsm,cdouble,sm_89,R,T,512,256,512,blocked|vendor
trsm,cdouble,sm_89,R,T,512,256,2048,blocked|vendor
trsm,cdouble,sm_89,R,T,512,256,8192,blocked|vendor
trsm,cdouble,sm_89,R,T,512,256,32768,blocked|vendor
trsm,cdouble,sm_89,R,T,512,512,128,blocked|vendor
trsm,cdouble,sm_89,R,T,512,512,512,blocked|vendor
trsm,cdouble,sm_89,R,T,512,512,2048,blocked|vendor
trsm,cdouble,sm_89,R,T,512,512,8192,blocked|vendor
trsm,cdouble,sm_89,R,T,512,512,32768,blocked|vendor
trsm,cdouble,sm_89,R,T,512,1024,128,blocked|vendor
trsm,cdouble,sm_89,R,T,512,1024,512,blocked|vendor
trsm,cdouble,sm_89,R,T,512,1024,2048,blocked|vendor
trsm,cdouble,sm_89,R,T,512,1024,8192,blocked|vendor
trsm,cdouble,sm_89,R,T,512,1024,32768,blocked|vendor
trsm,cdouble,sm_89,R,T,512,4096,128,blocked|vendor
trsm,cdouble,sm_89,R,T,512,4096,512,blocked|vendor
trsm,cdouble,sm_89,R,T,512,4096,2048,blocked|vendor
trsm,cdouble,sm_89,R,T,512,4096,8192,blocked|vendor
trsm,cdouble,sm_89,R,T,512,4096,32768,blocked|vendor
trsm,cdouble,sm_89,R,T,768,1,128,blocked|vendor
trsm,cdouble,sm_89,R,T,768,1,512,blocked|vendor
trsm,cdouble,sm_89,R,T,768,1,2048,blocked|vendor
trsm,cdouble,sm_89,R,T,768,1,8192,blocked|vendor
trsm,cdouble,sm_89,R,T,768,1,32768,blocked|vendor
trsm,cdouble,sm_89,R,T,768,2,128,blocked|vendor
trsm,cdouble,sm_89,R,T,768,2,512,blocked|vendor
trsm,cdouble,sm_89,R,T,768,2,2048,blocked|vendor
trsm,cdouble,sm_89,R,T,768,2,8192,blocked|vendor
trsm,cdouble,sm_89,R,T,768,2,32768,blocked|vendor
trsm,cdouble,sm_89,R,T,768,4,128,blocked|vendor
trsm,cdouble,sm_89,R,T,768,4,512,blocked|vendor
trsm,cdouble,sm_89,R,T,768,4,2048,blocked|vendor
trsm,cdouble,sm_89,R,T,768,4,8192,blocked|vendor
trsm,cdouble,sm_89,R,T,768,4,32768,blocked|vendor
trsm,cdouble,sm_89,R,T,768,8,128,blocked|vendor
trsm,cdouble,sm_89,R,T,768,8,512,blocked|vendor
trsm,cdouble,sm_89,R,T,768,8,2048,blocked|vendor
trsm,cdouble,sm_89,R,T,768,8,8192,blocked|vendor
trsm,cdouble,sm_89,R,T,768,8,32768,blocked|vendor
trsm,cdouble,sm_89,R,T,768,16,128,blocked|vendor
trsm,cdouble,sm_89,R,T,768,16,512,blocked|vendor
trsm,cdouble,sm_89,R,T,768,16,2048,blocked|vendor
trsm,cdouble,sm_89,R,T,768,16,8192,blocked|vendor
trsm,cdouble,sm_89,R,T,768,16,32768,blocked|vendor
trsm,cdouble,sm_89,R,T,768,32,128,blocked|vendor
trsm,cdouble,sm_89,R,T,768,32,512,blocked|vendor
trsm,cdouble,sm_89,R,T,768,32,2048,blocked|vendor
trsm,cdouble,sm_89,R,T,768,32,8192,blocked|vendor
trsm,cdouble,sm_89,R,T,768,32,32768,blocked|vendor
trsm,cdouble,sm_89,R,T,768,64,128,blocked|vendor
trsm,cdouble,sm_89,R,T,768,64,512,blocked|vendor
trsm,cdouble,sm_89,R,T,768,64,2048,blocked|vendor
trsm,cdouble,sm_89,R,T,768,64,8192,blocked|vendor
trsm,cdouble,sm_89,R,T,768,64,32768,blocked|vendor
trsm,cdouble,sm_89,R,T,768,128,128,blocked|vendor
trsm,cdouble,sm_89,R,T,768,128,512,blocked|vendor
trsm,cdouble,sm_89,R,T,768,128,2048,blocked|vendor
trsm,cdouble,sm_89,R,T,768,128,8192,blocked|vendor
trsm,cdouble,sm_89,R,T,768,128,32768,blocked|vendor
trsm,cdouble,sm_89,R,T,768,256,128,blocked|vendor
trsm,cdouble,sm_89,R,T,768,256,512,blocked|vendor
trsm,cdouble,sm_89,R,T,768,256,2048,blocked|vendor
trsm,cdouble,sm_89,R,T,768,256,8192,blocked|vendor
trsm,cdouble,sm_89,R,T,768,256,32768,blocked|vendor
trsm,cdouble,sm_89,R,T,768,512,128,blocked|vendor
trsm,cdouble,sm_89,R,T,768,512,512,blocked|vendor
trsm,cdouble,sm_89,R,T,768,512,2048,blocked|vendor
trsm,cdouble,sm_89,R,T,768,512,8192,blocked|vendor
trsm,cdouble,sm_89,R,T,768,512,32768,blocked|vendor
trsm,cdouble,sm_89,R,T,768,1024,128,blocked|vendor
trsm,cdouble,sm_89,R,T,768,1024,512,blocked|vendor
trsm,cdouble,sm_89,R,T,768,1024,2048,blocked|vendor
trsm,cdouble,sm_89,R,T,768,1024,8192,blocked|vendor
trsm,cdouble,sm_89,R,T,768,1024,32768,blocked|vendor
trsm,cdouble,sm_89,R,T,768,4096,128,blocked|vendor
trsm,cdouble,sm_89,R,T,768,4096,512,blocked|vendor
trsm,cdouble,sm_89,R,T,768,4096,2048,blocked|vendor
trsm,cdouble,sm_89,R,T,768,4096,8192,blocked|vendor
trsm,cdouble,sm_89,R,T,768,4096,32768,blocked|vendor
trsm,cdouble,sm_89,R,T,1024,1,128,blocked|vendor
trsm,cdouble,sm_89,R,T,1024,1,512,blocked|vendor
trsm,cdouble,sm_89,R,T,1024,1,2048,blocked|vendor
trsm,cdouble,sm_89,R,T,1024,1,8192,blocked|vendor
trsm,cdouble,sm_89,R,T,1024,1,32768,blocked|vendor
trsm,cdouble,sm_89,R,T,1024,2,128,blocked|vendor
trsm,cdouble,sm_89,R,T,1024,2,512,blocked|vendor
trsm,cdouble,sm_89,R,T,1024,2,2048,blocked|vendor
trsm,cdouble,sm_89,R,T,1024,2,8192,blocked|vendor
trsm,cdouble,sm_89,R,T,1024,2,32768,blocked|vendor
trsm,cdouble,sm_89,R,T,1024,4,128,blocked|vendor
trsm,cdouble,sm_89,R,T,1024,4,512,blocked|vendor
trsm,cdouble,sm_89,R,T,1024,4,2048,blocked|vendor
trsm,cdouble,sm_89,R,T,1024,4,8192,blocked|vendor
trsm,cdouble,sm_89,R,T,1024,4,32768,blocked|vendor
trsm,cdouble,sm_89,R,T,1024,8,128,blocked|vendor
trsm,cdouble,sm_89,R,T,1024,8,512,blocked|vendor
trsm,cdouble,sm_89,R,T,1024,8,2048,blocked|vendor
trsm,cdouble,sm_89,R,T,1024,8,8192,blocked|vendor
trsm,cdouble,sm_89,R,T,1024,8,32768,blocked|vendor
trsm,cdouble,sm_89,R,T,1024,16,128,blocked|vendor
trsm,cdouble,sm_89,R,T,1024,16,512,blocked|vendor
trsm,cdouble,sm_89,R,T,1024,16,2048,blocked|vendor
trsm,cdouble,sm_89,R,T,1024,16,8192,blocked|vendor
trsm,cdouble,sm_89,R,T,1024,16,32768,blocked|vendor
trsm,cdouble,sm_89,R,T,1024,32,128,blocked|vendor
trsm,cdouble,sm_89,R,T,1024,32,512,blocked|vendor
trsm,cdouble,sm_89,R,T,1024,32,2048,blocked|vendor
trsm,cdouble,sm_89,R,T,1024,32,8192,blocked|vendor
trsm,cdouble,sm_89,R,T,1024,32,32768,blocked|vendor
trsm,cdouble,sm_89,R,T,1024,64,128,blocked|vendor
trsm,cdouble,sm_89,R,T,1024,64,512,blocked|vendor
trsm,cdouble,sm_89,R,T,1024,64,2048,blocked|vendor
trsm,cdouble,sm_89,R,T,1024,64,8192,blocked|vendor
trsm,cdouble,sm_89,R,T,1024,64,32768,blocked|vendor
trsm,cdouble,sm_89,R,T,1024,128,128,blocked|vendor
trsm,cdouble,sm_89,R,T,1024,128,512,blocked|vendor
trsm,cdouble,sm_89,R,T,1024,128,2048,blocked|vendor
trsm,cdouble,sm_89,R,T,1024,128,8192,blocked|vendor
trsm,cdouble,sm_89,R,T,1024,128,32768,blocked|vendor
trsm,cdouble,sm_89,R,T,1024,256,128,blocked|vendor
trsm,cdouble,sm_89,R,T,1024,256,512,blocked|vendor
trsm,cdouble,sm_89,R,T,1024,256,2048,blocked|vendor
trsm,cdouble,sm_89,R,T,1024,256,8192,blocked|vendor
trsm,cdouble,sm_89,R,T,1024,256,32768,blocked|vendor
trsm,cdouble,sm_89,R,T,1024,512,128,blocked|vendor
trsm,cdouble,sm_89,R,T,1024,512,512,blocked|vendor
trsm,cdouble,sm_89,R,T,1024,512,2048,blocked|vendor
trsm,cdouble,sm_89,R,T,1024,512,8192,blocked|vendor
trsm,cdouble,sm_89,R,T,1024,512,32768,blocked|vendor
trsm,cdouble,sm_89,R,T,1024,1024,128,blocked|vendor
trsm,cdouble,sm_89,R,T,1024,1024,512,blocked|vendor
trsm,cdouble,sm_89,R,T,1024,1024,2048,blocked|vendor
trsm,cdouble,sm_89,R,T,1024,1024,8192,blocked|vendor
trsm,cdouble,sm_89,R,T,1024,1024,32768,blocked|vendor
trsm,cdouble,sm_89,R,T,1024,4096,128,blocked|vendor
trsm,cdouble,sm_89,R,T,1024,4096,512,blocked|vendor
trsm,cdouble,sm_89,R,T,1024,4096,2048,blocked|vendor
trsm,cdouble,sm_89,R,T,1024,4096,8192,blocked|vendor
trsm,cdouble,sm_89,R,T,1024,4096,32768,blocked|vendor
