typ,tag,transA,m,nnzrow,nrhs,batch,transB,beta,pattern,t_vendor,t_native,ratio,relsd,sd_v,sd_n,chk_v,chk_n,agree,gbs_v,gbs_n,roof_v,roof_n,fp_mb,l2res
cdouble,cellsA0,0,1024,3,2,512,0,0,0,0.183266,0.0425099,0.23195737343533443,0.001367689587812251,0.001367689587812251,0.0009279179673440775,1907.93,1907.93,True,366.194,1578.71,0.3632876984126984,1.5661805555555557,67.110912,True
cdouble,cellsA0,0,1024,3,2,512,0,0,1,0.184043,0.0810433,0.4403498095553756,0.001249870954070516,0.001249870954070516,0.0005115339577731904,4985.47,4985.47,True,364.648,828.087,0.36175396825396827,0.8215148809523809,67.110912,True
cdouble,cellsA0,0,1024,3,2,512,0,1,0,0.184016,0.0422513,0.22960666463785756,0.011429712633684027,0.011429712633684027,0.0017397192512419737,6105370.0,37174100.0,True,455.873,1985.46,0.4522549603174603,1.969702380952381,67.110912,True
cdouble,cellsA0,0,1024,3,2,512,0,1,1,0.184051,0.0806933,0.43842902239053305,0.0011764136551609614,0.0008972295722381296,0.0011764136551609614,15913600.0,74921600.0,True,455.786,1039.59,0.4521686507936508,1.0313392857142856,67.110912,True
cdouble,cellsA0,0,1024,3,2,512,1,0,0,0.182824,0.0426435,0.23324891699120467,0.0029432621618769566,0.0010421443574147814,0.0029432621618769566,1847.72,1847.72,True,367.079,1573.77,0.3641656746031746,1.5612797619047618,67.110912,True
cdouble,cellsA0,0,1024,3,2,512,1,0,1,0.183247,0.0810324,0.4422031465726588,0.0010216865760421727,0.0010216865760421727,0.0006630421905311949,4914.71,4914.71,True,366.232,828.198,0.36332539682539683,0.8216249999999999,67.110912,True
cdouble,cellsA0,0,1024,3,2,512,1,1,0,0.183193,0.0423525,0.23119060226100344,0.0009803540528295295,0.0009803540528295295,0.00029649725517974144,5912690.0,35912200.0,True,457.923,1980.71,0.45428869047619047,1.9649900793650794,67.110912,True
cdouble,cellsA0,0,1024,3,2,512,1,1,1,0.183651,0.0806108,0.43893471856946054,0.0015524098507892243,0.0013359796570669366,0.0015524098507892243,15727100.0,73976200.0,True,456.781,1040.66,0.45315575396825397,1.0324007936507937,67.110912,True
cdouble,cellsA1,1,1024,3,2,512,0,0,0,0.17425,0.0880355,0.5052252510760402,0.00103558106169297,0.00103558106169297,0.0006402610310613332,1874.14,1874.14,True,385.142,762.317,0.38208531746031743,0.7562668650793651,67.110912,True
cdouble,cellsA1,1,1024,3,2,512,0,0,1,0.176646,0.12126,0.6864576610848817,0.002247806366485238,0.001103727228468236,0.002247806366485238,4971.24,4971.24,True,379.918,553.447,0.3769027777777778,0.5490545634920635,67.110912,True
cdouble,cellsA1,1,1024,3,2,512,0,1,0,0.163884,0.0914165,0.557812233042884,0.0016605973757472666,0.0010598228014937394,0.0016605973757472666,6477020.0,27115000.0,True,511.874,917.648,0.507811507936508,0.9103650793650794,67.110912,True
cdouble,cellsA1,1,1024,3,2,512,0,1,1,0.166203,0.123516,0.7431634808035956,0.012147737944881635,0.0012485213864972353,0.012147737944881635,17021500.0,21157600.0,True,504.733,679.17,0.5007271825396825,0.6737797619047619,67.110912,True
cdouble,cellsA1,1,1024,3,2,512,1,0,0,0.175524,0.0890144,0.5071352065814361,0.003939003127583852,0.0009113112736719763,0.003939003127583852,1898.3,1898.3,True,382.346,753.933,0.3793115079365079,0.7479494047619047,67.110912,True
cdouble,cellsA1,1,1024,3,2,512,1,0,1,0.176821,0.12054,0.6817063584076551,0.0033677202588352417,0.0009252690574083394,0.0033677202588352417,4961.51,4961.51,True,379.541,556.752,0.3765287698412698,0.5523333333333332,67.110912,True
cdouble,cellsA1,1,1024,3,2,512,1,1,0,0.165205,0.0915574,0.5542047758845071,0.002274977227400516,0.001099252443933295,0.002274977227400516,6530150.0,27449400.0,True,507.781,916.235,0.503750992063492,0.9089632936507936,67.110912,True
cdouble,cellsA1,1,1024,3,2,512,1,1,1,0.166564,0.122782,0.7371460819865038,0.001889307879005066,0.0014338092264835139,0.001889307879005066,16948500.0,21195600.0,True,503.64,683.229,0.4996428571428571,0.6778065476190477,67.110912,True
cdouble,cellsB0,0,1024,16,12,512,0,0,0,3.2775,0.899631,0.27448695652173916,0.0029150173793477552,0.0005046224256292906,0.0029150173793477552,25891.7,25891.7,True,113.256,412.611,0.11235714285714286,0.4093363095238095,371.197952,False
cdouble,cellsB0,0,1024,16,12,512,0,0,1,3.44072,1.59802,0.46444348857215934,0.00920667767211514,0.00920667767211514,0.005421997221561683,152420.0,152420.0,True,107.884,232.286,0.10702777777777778,0.23044246031746032,371.197952,False
cdouble,cellsB0,0,1024,16,12,512,0,1,0,3.13408,0.899474,0.2869977792526036,0.00472538394661769,0.0007316884061670411,0.00472538394661769,6058670.0,37905500.0,True,150.558,524.597,0.14936309523809524,0.5204335317460317,371.197952,False
cdouble,cellsB0,0,1024,16,12,512,0,1,1,3.42845,1.59363,0.4648252125596115,0.003572767831930874,0.00028694220420306547,0.003572767831930874,34446900.0,55176100.0,True,137.631,296.091,0.13653869047619047,0.2937410714285714,371.197952,False
cdouble,cellsB0,0,1024,16,12,512,1,0,0,3.27294,1.87399,0.5725708384510562,0.004388507942945267,0.0006812284979254126,0.004388507942945267,25985.9,25985.9,True,113.414,198.079,0.11251388888888889,0.19650694444444444,371.197952,False
cdouble,cellsB0,0,1024,16,12,512,1,0,1,3.45448,1.49193,0.4318826567240221,0.008149242926946975,0.007210810310090085,0.008149242926946975,152552.0,152552.0,True,107.454,248.803,0.10660119047619047,0.24682837301587301,371.197952,False
cdouble,cellsB0,0,1024,16,12,512,1,1,0,3.12982,1.86582,0.5961429091768856,0.0039022038567493116,0.0002409247177153958,0.0039022038567493116,6080690.0,8367450.0,True,150.763,252.898,0.14956646825396827,0.25089087301587304,371.197952,False
cdouble,cellsB0,0,1024,16,12,512,1,1,1,3.4197,1.49048,0.4358510980495365,0.0033671971445440392,0.0006416703219580664,0.0033671971445440392,34476700.0,57664600.0,True,137.983,316.584,0.13688789682539684,0.31407142857142856,371.197952,False
cdouble,cellsB1,1,1024,16,12,512,0,0,0,2.65386,2.72352,1.026248558703172,0.0023302784631653154,0.00034477817217185534,0.0023302784631653154,26116.8,26116.8,True,139.871,136.293,0.1387609126984127,0.13521130952380953,371.197952,False
cdouble,cellsB1,1,1024,16,12,512,0,0,1,3.43664,4.17497,1.2148406583174263,0.007505295870385027,0.007505295870385027,0.0019947999626344624,153237.0,153237.0,True,108.012,88.9104,0.1071547619047619,0.0882047619047619,371.197952,False
cdouble,cellsB1,1,1024,16,12,512,0,1,0,2.56137,2.85715,1.115477264120373,0.0014777313056717361,0.0008483975372554531,0.0014777313056717361,6947060.0,6529190.0,True,184.222,165.151,0.18275992063492064,0.1638402777777778,371.197952,False
cdouble,cellsB1,1,1024,16,12,512,0,1,1,3.33105,4.27077,1.2821092448327105,0.0021022508821594236,0.0006905480253973973,0.0021022508821594236,35857400.0,30034400.0,True,141.655,110.486,0.14053075396825396,0.10960912698412699,371.197952,False
cdouble,cellsB1,1,1024,16,12,512,1,0,0,3.13774,2.75487,0.8779790549886224,0.0018819799119377686,0.0004651532631766813,0.0018819799119377686,26410.4,26410.4,True,118.301,134.742,0.11736210317460317,0.13367261904761904,371.197952,False
cdouble,cellsB1,1,1024,16,12,512,1,0,1,3.42343,4.20651,1.2287413500495117,0.0021459000454058116,0.0005333890279631831,0.0021459000454058116,153131.0,153131.0,True,108.429,88.2436,0.10756845238095239,0.08754325396825396,371.197952,False
cdouble,cellsB1,1,1024,16,12,512,1,1,0,3.0472,2.83096,0.9290364925177212,0.0015155954163958516,0.0002666877789446049,0.0015155954163958516,6391330.0,6602610.0,True,154.851,166.679,0.1536220238095238,0.1653561507936508,371.197952,False
cdouble,cellsB1,1,1024,16,12,512,1,1,1,3.3294,4.31936,1.2973388598546283,0.0018040265224477702,0.0005449360245089205,0.0018040265224477702,35832500.0,29860500.0,True,141.726,109.243,0.14060119047619046,0.10837599206349206,371.197952,False
cdouble,cellsC0,0,2048,16,25,128,0,0,0,3.26657,1.03971,0.3182879901548107,0.005165776995508363,0.0003719252916667942,0.005165776995508363,108217.0,108217.0,True,90.2018,283.396,0.0894859126984127,0.2811468253968254,294.650368,False
cdouble,cellsC0,0,2048,16,25,128,0,0,1,3.4821,2.04961,0.5886131931880187,0.0065078234395811885,0.003975532006547773,0.0065078234395811885,636766.0,636766.0,True,84.6186,143.759,0.0839470238095238,0.14261805555555554,294.650368,False
cdouble,cellsC0,0,2048,16,25,128,0,1,0,3.20481,1.03671,0.3234856356539077,0.0018588033297643508,0.0005500450884763839,0.0018588033297643508,25322900.0,53892300.0,True,124.659,385.362,0.12366964285714287,0.38230357142857146,294.650368,False
cdouble,cellsC0,0,2048,16,25,128,0,1,1,3.497,2.05248,0.5869259365170146,0.004222304832713754,0.004222304832713754,0.0026839092220143435,143909000.0,194850000.0,True,114.243,194.646,0.11333630952380952,0.19310119047619045,294.650368,False
cdouble,cellsC0,0,2048,16,25,128,1,0,0,3.29594,2.18253,0.6621874184602875,0.0059087389405873,0.003445056645448643,0.0059087389405873,108964.0,108964.0,True,89.3981,135.004,0.08868859126984127,0.13393253968253968,294.650368,False
cdouble,cellsC0,0,2048,16,25,128,1,0,1,3.50581,1.9082,0.5442964678633468,0.00317181113090871,0.0003608524135649108,0.00317181113090871,637304.0,637304.0,True,84.0462,154.413,0.08337916666666667,0.1531875,294.650368,False
cdouble,cellsC0,0,2048,16,25,128,1,1,0,3.19647,2.18649,0.6840326985706107,0.00647928872302183,0.0032176432126689754,0.00647928872302183,25497700.0,31599700.0,True,124.984,182.717,0.12399206349206349,0.1812668650793651,294.650368,False
cdouble,cellsC0,0,2048,16,25,128,1,1,1,3.48472,1.88779,0.5417336256571547,0.0036850814974123177,0.0033546741201588653,0.0036850814974123177,144031000.0,205212000.0,True,114.646,211.627,0.11373611111111111,0.20994742063492064,294.650368,False
cdouble,cellsC1,1,2048,16,25,128,0,0,0,2.69648,2.76393,1.0250140924464488,0.0026300557539445644,0.0002623409036966712,0.0026300557539445644,108647.0,108647.0,True,109.272,106.606,0.1084047619047619,0.10575992063492062,294.650368,False
cdouble,cellsC1,1,2048,16,25,128,0,0,1,3.52918,5.05585,1.4325849064088543,0.007978538924056013,0.007978538924056013,0.006328431421027126,637282.0,637282.0,True,83.4898,58.2791,0.08282718253968255,0.05781656746031746,294.650368,False
cdouble,cellsC1,1,2048,16,25,128,0,1,0,2.63038,2.88615,1.0972369011321559,0.005921920026764193,0.005921920026764193,0.005366526341319751,28900000.0,27161700.0,True,151.882,138.423,0.1506765873015873,0.13732440476190477,294.650368,False
cdouble,cellsC1,1,2048,16,25,128,0,1,1,3.40608,5.04583,1.4814185221721154,0.010394167064685097,0.005916508126644118,0.010394167064685097,144026000.0,105789000.0,True,117.293,79.1759,0.11636210317460319,0.07854751984126984,294.650368,False
cdouble,cellsC1,1,2048,16,25,128,1,0,0,3.19127,2.80697,0.8795777229754926,0.006433413965949047,0.0026982110570399876,0.006433413965949047,109537.0,109537.0,True,92.3302,104.971,0.09159742063492064,0.10413789682539683,294.650368,False
cdouble,cellsC1,1,2048,16,25,128,1,0,1,3.53688,5.06974,1.4333932731673114,0.006013681174971497,0.005049224174979077,0.006013681174971497,636555.0,636555.0,True,83.3079,58.1195,0.0826467261904762,0.05765823412698413,294.650368,False
cdouble,cellsC1,1,2048,16,25,128,1,1,0,3.12095,2.91517,0.9340649481728319,0.004536246976081001,0.004536246976081001,0.0019116964019251024,26508000.0,27384300.0,True,128.008,137.045,0.1269920634920635,0.13595734126984127,294.650368,False
cdouble,cellsC1,1,2048,16,25,128,1,1,1,3.44548,5.12422,1.4872296457968122,0.0075940923691800895,0.000686545851376296,0.0075940923691800895,143861000.0,105032000.0,True,115.951,77.9647,0.11503075396825396,0.07734593253968253,294.650368,False
cdouble,lanczos_ta0,0,1024,3,1,8,0,0,0,0.0169719,0.00289742,0.17071865848844264,0.015172705372365761,0.0011317059374613332,0.015172705372365761,949.616,949.616,True,46.3392,271.436,0.04597142857142857,0.269281746031746,0.786464,True
cdouble,lanczos_ta0,0,1024,3,1,8,0,0,1,0.017064,0.00488492,0.28627051101734646,0.043856194164899324,0.001448722456633849,0.043856194164899324,2501.82,2501.82,True,46.0891,160.998,0.045723313492063496,0.15972023809523808,0.786464,True
cdouble,lanczos_ta0,0,1024,3,1,32,0,0,0,0.0254617,0.00420248,0.16505103744054794,0.008351568597589995,0.0010050664331132642,0.008351568597589995,949.616,949.616,True,123.552,748.571,0.12257142857142858,0.7426299603174603,3.145856,True
cdouble,lanczos_ta0,0,1024,3,1,32,0,0,1,0.0254835,0.00747689,0.2934012203975121,0.0009301901230207781,0.0009301901230207781,0.00014422172855291438,2501.82,2501.82,True,123.447,420.744,0.12246726190476191,0.41740476190476195,3.145856,True
cdouble,lanczos_ta0,0,1024,3,1,64,0,0,0,0.0329032,0.00658204,0.20004254905297963,0.01659120880456515,0.001125373823822607,0.01659120880456515,949.616,949.616,True,191.219,955.891,0.18970138888888888,0.9483045634920635,6.291712,True
cdouble,lanczos_ta0,0,1024,3,1,64,0,0,1,0.0328734,0.0118589,0.3607445533470831,0.000998019675482305,0.000998019675482305,0.0008402727065748088,2501.82,2501.82,True,191.392,530.55,0.18987301587301586,0.5263392857142857,6.291712,True
cdouble,lanczos_ta0,0,1024,3,1,128,0,0,0,0.0523696,0.0111678,0.21324967156518285,0.03411298554773545,0.0006074669273777153,0.03411298554773545,949.616,949.616,True,240.281,1126.76,0.23837400793650795,1.1178174603174602,12.583424,True
cdouble,lanczos_ta0,0,1024,3,1,128,0,0,1,0.0522913,0.0207243,0.3963240539057167,0.0006525914023634092,0.0005888991094120819,0.0006525914023634092,2501.82,2501.82,True,240.641,607.183,0.2387311507936508,0.6023640873015873,12.583424,True
cdouble,lanczos_ta0,0,1024,3,1,256,0,0,0,0.0916339,0.0194184,0.2119128401170309,0.013820963622131586,0.0017352311753619566,0.013820963622131586,949.616,949.616,True,274.646,1296.03,0.27246626984126987,1.2857440476190476,25.166848,True
cdouble,lanczos_ta0,0,1024,3,1,256,0,0,1,0.0914745,0.0415674,0.4544151648820163,0.0009185154712587268,0.00031241930811319,0.0009185154712587268,2501.82,2501.82,True,275.124,605.447,0.27294047619047623,0.6006418650793651,25.166848,True
cdouble,lanczos_ta0,0,1024,3,1,512,0,0,0,0.171541,0.0357725,0.20853615170717205,0.0029449157872667555,0.0008053293381757132,0.0029449157872667555,949.616,949.616,True,293.421,1407.05,0.2910922619047619,1.3958829365079364,50.333696,True
cdouble,lanczos_ta0,0,1024,3,1,512,0,0,1,0.171271,0.075609,0.44145827372993673,0.0023310981496911746,0.0006690799960296839,0.0023310981496911746,2501.82,2501.82,True,293.883,665.711,0.29155059523809523,0.6604275793650793,50.333696,True
cdouble,lanczos_ta0,0,1024,3,1,1024,0,0,0,0.331669,0.116463,0.35114225327058,0.002027399259850768,0.0005920239757107236,0.002027399259850768,949.616,949.616,True,303.517,864.373,0.30110813492063493,0.8575128968253969,100.667392,False
cdouble,lanczos_ta0,0,1024,3,1,1024,0,0,1,0.331491,0.149661,0.45147832067838944,0.007516320217023809,0.0033389443453970095,0.007516320217023809,2501.82,2501.82,True,303.68,672.635,0.3012698412698413,0.667296626984127,100.667392,False
cdouble,lanczos_ta0,0,1024,3,2,8,0,0,0,0.0183823,0.0029334,0.1595774195829684,0.023105378543490204,0.023105378543490204,0.01143846730756119,1907.93,1907.93,True,57.0446,357.472,0.05659186507936508,0.35463492063492064,1.048608,True
cdouble,lanczos_ta0,0,1024,3,2,8,0,0,1,0.017977,0.00506358,0.2816699115536519,0.0010801524169772488,0.0010801524169772488,0.0004300415911272262,4985.47,4985.47,True,58.3305,207.088,0.05786755952380952,0.20544444444444443,1.048608,True
cdouble,lanczos_ta0,0,1024,3,2,32,0,0,0,0.0280211,0.00475244,0.1696021926334084,0.062135029584802756,0.0010639161203521632,0.062135029584802756,1907.93,1907.93,True,149.689,882.585,0.14850099206349204,0.8755803571428572,4.194432,True
cdouble,lanczos_ta0,0,1024,3,2,32,0,0,1,0.0278333,0.0080266,0.28838118369004034,0.00898989609548252,0.0008564920437030464,0.00898989609548252,4985.47,4985.47,True,150.698,522.567,0.14950198412698412,0.5184196428571428,4.194432,True
cdouble,lanczos_ta0,0,1024,3,2,64,0,0,0,0.0373648,0.00745199,0.19943877660257786,0.01070667029880609,0.0012433868239626602,0.01070667029880609,1907.93,1907.93,True,224.513,1125.72,0.2227311507936508,1.1167857142857143,8.388864,True
cdouble,lanczos_ta0,0,1024,3,2,64,0,0,1,0.0375296,0.0124411,0.33150100187585263,0.0009250671469986357,0.0009250671469986357,0.0006844410863991125,4985.47,4985.47,True,223.527,674.286,0.22175297619047618,0.6689345238095238,8.388864,True
cdouble,lanczos_ta0,0,1024,3,2,128,0,0,0,0.0571108,0.0128334,0.22471056262563296,0.0007136425265323297,0.0006183418898001779,0.0007136425265323297,1907.93,1907.93,True,293.775,1307.35,0.2914434523809524,1.2969742063492062,16.777728,True
cdouble,lanczos_ta0,0,1024,3,2,128,0,0,1,0.0574468,0.0218776,0.3808323527159041,0.0030935578657122764,0.0030935578657122764,0.00042491909533038356,4985.47,4985.47,True,292.057,766.889,0.2897390873015873,0.7608025793650793,16.777728,True
cdouble,lanczos_ta0,0,1024,3,2,256,0,0,0,0.0987421,0.0228719,0.23163270783181641,0.0059647427629536676,0.0009636892470384973,0.0059647427629536676,1907.93,1907.93,True,339.829,1467.11,0.33713194444444444,1.4554662698412697,33.555456,True
cdouble,lanczos_ta0,0,1024,3,2,256,0,0,1,0.0990802,0.0440575,0.4446650289361548,0.0010403677012994382,0.000970462312348986,0.0010403677012994382,4985.47,4985.47,True,338.67,761.628,0.3359821428571429,0.7555833333333334,33.555456,True
cdouble,lanczos_ta0,0,1024,3,2,512,0,0,0,0.18339,0.0423775,0.23107857571296145,0.005217792460621792,0.001088848901248705,0.005217792460621792,1907.93,1907.93,True,365.946,1583.65,0.3630416666666667,1.5710813492063493,67.110912,True
cdouble,lanczos_ta0,0,1024,3,2,512,0,0,1,0.184024,0.0808105,0.4391302221449376,0.001230997043863844,0.001230997043863844,0.0006420923023616981,4985.47,4985.47,True,364.686,830.473,0.3617916666666666,0.8238819444444444,67.110912,True
cdouble,lanczos_ta0,0,1024,3,2,1024,0,0,0,0.355157,0.152639,0.4297789428337327,0.0019933306690950543,0.0007847121132344287,0.0019933306690950543,1907.93,1907.93,True,377.923,879.339,0.3749236111111111,0.8723601190476191,134.221824,False
cdouble,lanczos_ta0,0,1024,3,2,1024,0,0,1,0.356782,0.171643,0.4810864897892831,0.0013036768175806763,0.0007589872807484683,0.0013036768175806763,4985.47,4985.47,True,376.201,781.982,0.3732152777777778,0.7757757936507936,134.221824,False
cdouble,lanczos_ta1,1,1024,3,1,8,0,0,0,0.0174556,0.0053942,0.3090240381310296,0.07842701420043752,0.0015345734320218153,0.07842701420043752,940.249,940.249,True,45.0552,145.798,0.04469761904761905,0.14464087301587303,0.786464,True
cdouble,lanczos_ta1,1,1024,3,1,8,0,0,1,0.0175754,0.00579744,0.3298610557938937,0.0017531720472933757,0.0017531720472933757,0.0013639761687917426,2521.86,2521.86,True,44.7479,135.657,0.04439275793650794,0.13458035714285715,0.786464,True
cdouble,lanczos_ta1,1,1024,3,1,32,0,0,0,0.0251194,0.00659505,0.2625480704156946,0.022685044086094876,0.006033185506023233,0.022685044086094876,940.249,940.249,True,125.236,477.003,0.1242420634920635,0.4732172619047619,3.145856,True
cdouble,lanczos_ta1,1,1024,3,1,32,0,0,1,0.0251492,0.00919348,0.3655575525265217,0.0011162343136163376,0.0011162343136163376,0.00040221439541936237,2521.86,2521.86,True,125.088,342.183,0.12409523809523809,0.3394672619047619,3.145856,True
cdouble,lanczos_ta1,1,1024,3,1,64,0,0,0,0.032904,0.0100218,0.30457695113056166,0.0010307130455606776,0.000987487843423292,0.0010307130455606776,940.249,940.249,True,191.214,627.803,0.18969642857142857,0.6228204365079365,6.291712,True
cdouble,lanczos_ta1,1,1024,3,1,64,0,0,1,0.032794,0.0132571,0.4042538269195585,0.0011046005536655829,0.0009814142831005674,0.0011046005536655829,2521.86,2521.86,True,191.856,474.592,0.19033333333333333,0.4708253968253968,6.291712,True
cdouble,lanczos_ta1,1,1024,3,1,128,0,0,0,0.051778,0.0154439,0.2982714666460659,0.0011292160658900926,0.0006804009424852254,0.0011292160658900926,940.249,940.249,True,243.026,814.783,0.24109722222222224,0.8083164682539683,12.583424,True
cdouble,lanczos_ta1,1,1024,3,1,128,0,0,1,0.0518458,0.0216782,0.41812837298296107,0.0009373610355103282,0.0006352954337670554,0.0009373610355103282,2521.86,2521.86,True,242.709,580.464,0.2407827380952381,0.575857142857143,12.583424,True
cdouble,lanczos_ta1,1,1024,3,1,256,0,0,0,0.091005,0.0263834,0.28991154332179553,0.0009309793279107317,0.0004813449810449975,0.0009309793279107317,940.249,940.249,True,276.544,953.89,0.27434920634920634,0.9463194444444444,25.166848,True
cdouble,lanczos_ta1,1,1024,3,1,256,0,0,1,0.0908593,0.036981,0.40701392152481913,0.0010695977186705157,0.0010695977186705157,0.0008077985992807117,2521.86,2521.86,True,276.987,680.534,0.2747886904761905,0.6751329365079365,25.166848,True
cdouble,lanczos_ta1,1,1024,3,1,512,0,0,0,0.170906,0.046759,0.2735948416088376,0.001065890021415281,0.001065890021415281,0.0005523621121067602,940.249,940.249,True,294.512,1076.45,0.2921746031746032,1.0679067460317462,50.333696,True
cdouble,lanczos_ta1,1,1024,3,1,512,0,0,1,0.170463,0.0664565,0.389858796337035,0.003431929156666391,0.0008851363639030171,0.003431929156666391,2521.86,2521.86,True,295.276,757.393,0.2929325396825397,0.7513819444444445,50.333696,True
cdouble,lanczos_ta1,1,1024,3,1,1024,0,0,0,0.331151,0.123909,0.3741767350845989,0.0013865336658354115,0.000645506128624102,0.0013865336658354115,940.249,940.249,True,303.992,812.428,0.3015793650793651,0.8059801587301587,100.667392,False
cdouble,lanczos_ta1,1,1024,3,1,1024,0,0,1,0.330448,0.159336,0.4821817653609645,0.0020890068785459656,0.0005629448506270275,0.0020890068785459656,2521.86,2521.86,True,304.639,631.793,0.30222123015873015,0.6267787698412699,100.667392,False
cdouble,lanczos_ta1,1,1024,3,2,8,0,0,0,0.0213446,0.00617389,0.28924833447335624,0.14726452852253605,0.0017530710343599788,0.14726452852253605,1874.14,1874.14,True,49.1276,169.846,0.04873769841269841,0.16849801587301588,1.048608,True
cdouble,lanczos_ta1,1,1024,3,2,8,0,0,1,0.0191686,0.00718138,0.37464290558517577,0.06846665901526454,0.06846665901526454,0.03430524495291991,4971.24,4971.24,True,54.7044,146.018,0.054270238095238094,0.14485912698412698,1.048608,True
cdouble,lanczos_ta1,1,1024,3,2,32,0,0,0,0.0275793,0.00906122,0.32855148607832685,0.011509818766126416,0.0014002712179061834,0.011509818766126416,1874.14,1874.14,True,152.086,462.899,0.15087896825396827,0.45922519841269843,4.194432,True
cdouble,lanczos_ta1,1,1024,3,2,32,0,0,1,0.0317028,0.0128035,0.40386022685693374,0.0412159178369103,0.0412159178369103,0.0009601671417971648,4971.24,4971.24,True,132.305,327.601,0.1312549603174603,0.3250009920634921,4.194432,True
cdouble,lanczos_ta1,1,1024,3,2,64,0,0,0,0.0441383,0.0152015,0.34440610535521304,0.006580634052512218,0.006580634052512218,0.001408564944248923,1874.14,1874.14,True,190.059,551.845,0.18855059523809523,0.5474652777777778,8.388864,True
cdouble,lanczos_ta1,1,1024,3,2,64,0,0,1,0.0440129,0.0207428,0.47128909933224117,0.002384687216702376,0.002384687216702376,0.0008649651927415779,4971.24,4971.24,True,190.6,404.422,0.18908730158730158,0.4012123015873016,8.388864,True
cdouble,lanczos_ta1,1,1024,3,2,128,0,0,0,0.0550775,0.0256817,0.46628296491307697,0.004901895123765171,0.003087758158957832,0.004901895123765171,1874.14,1874.14,True,304.621,653.295,0.302203373015873,0.6481101190476191,16.777728,True
cdouble,lanczos_ta1,1,1024,3,2,128,0,0,1,0.055865,0.035104,0.6283719681374743,0.0007934708295350957,0.0006839577553029625,0.0007934708295350957,4971.24,4971.24,True,300.326,477.943,0.29794246031746036,0.4741498015873016,16.777728,True
cdouble,lanczos_ta1,1,1024,3,2,256,0,0,0,0.0940496,0.0487973,0.5188464384750174,0.001633871914394107,0.001633871914394107,0.0014530681000793075,1874.14,1874.14,True,356.785,687.65,0.35395337301587304,0.6821924603174603,33.555456,True
cdouble,lanczos_ta1,1,1024,3,2,256,0,0,1,0.0953033,0.0641837,0.673467760297912,0.0032374107444725062,0.0005388889996463921,0.0032374107444725062,4971.24,4971.24,True,352.091,522.804,0.349296626984127,0.5186547619047619,33.555456,True
cdouble,lanczos_ta1,1,1024,3,2,512,0,0,0,0.174221,0.0890343,0.5110422968528479,0.002438902759947571,0.0010862410386807562,0.002438902759947571,1874.14,1874.14,True,385.206,753.764,0.38214880952380953,0.7477817460317461,67.110912,True
cdouble,lanczos_ta1,1,1024,3,2,512,0,0,1,0.176517,0.121312,0.6872539188859996,0.0020140381825375893,0.0010480237030994182,0.0020140381825375893,4971.24,4971.24,True,380.195,553.207,0.37717757936507934,0.5488164682539682,67.110912,True
cdouble,lanczos_ta1,1,1024,3,2,1024,0,0,0,0.337159,0.22866,0.678196340598946,0.001522679961514913,0.0007013130303506655,0.001522679961514913,1874.14,1874.14,True,398.096,586.992,0.3949365079365079,0.5823333333333333,134.221824,False
cdouble,lanczos_ta1,1,1024,3,2,1024,0,0,1,0.341554,0.31352,0.9179222026385286,0.004558401377902525,0.0010426081966541162,0.004558401377902525,4971.24,4971.24,True,392.973,428.112,0.38985416666666667,0.4247142857142857,134.221824,False
cdouble,lobpcg_ta0,0,1024,16,12,8,0,0,1,0.0680765,0.0299748,0.44031053300331247,0.02548706234897505,0.02548706234897505,0.001131650586492654,152420.0,152420.0,True,85.1978,193.495,0.08452162698412699,0.1919593253968254,5.799968,True
cdouble,lobpcg_ta0,0,1024,16,12,32,0,0,1,0.223656,0.130327,0.5827118431877526,0.007889999769809785,0.000816468147512251,0.007889999769809785,152420.0,152420.0,True,103.73,178.013,0.10290674603174603,0.17660019841269842,23.199872,True
cdouble,lobpcg_ta0,0,1024,16,12,128,0,0,1,0.853728,0.428595,0.502027577870235,0.002892870892100934,0.0003890946530979422,0.002892870892100934,152420.0,152420.0,True,108.699,216.52,0.10783630952380953,0.2148015873015873,92.799488,False
cdouble,lobpcg_ta0,0,1024,16,12,512,0,0,1,3.43055,1.59645,0.46536269694363874,0.005425863634940024,0.0002507073209835157,0.005425863634940024,152420.0,152420.0,True,108.204,232.515,0.10734523809523809,0.23066964285714284,371.197952,False
cdouble,lobpcg_ta0,0,1024,16,25,8,0,0,1,0.121109,0.0660378,0.5452757433386454,0.0007564318093618146,0.0007564318093618146,0.000734220401043039,316818.0,316818.0,True,76.0294,139.433,0.07542599206349206,0.13832638888888887,9.20784,True
cdouble,lobpcg_ta0,0,1024,16,25,32,0,0,1,0.440102,0.221635,0.5035991656479635,0.006410539851557742,0.0002464565032651522,0.006410539851557742,316818.0,316818.0,True,83.6882,166.18,0.08302400793650794,0.16486111111111112,36.83136,True
cdouble,lobpcg_ta0,0,1024,16,25,128,0,0,1,1.72741,0.840711,0.4866887421052327,0.0045623406854436305,0.0006017621757428752,0.0045623406854436305,316818.0,316818.0,True,85.2869,175.239,0.08461001984126984,0.1738482142857143,147.32544,False
cdouble,lobpcg_ta0,0,1024,16,25,512,0,0,1,6.95468,3.25916,0.4686283193475473,0.01859700045410474,0.00013088078818867296,0.01859700045410474,316818.0,316818.0,True,84.7346,180.814,0.08406210317460318,0.17937896825396824,589.30176,False
cdouble,lobpcg_ta0,0,1024,16,50,8,0,0,1,0.225633,0.146634,0.6498783422637645,0.008459156812199081,0.0005426156634889401,0.008459156812199081,633388.0,633388.0,True,69.8544,107.489,0.0693,0.1066359126984127,15.76144,True
cdouble,lobpcg_ta0,0,1024,16,50,32,0,0,1,0.850517,0.439996,0.5173276959778582,0.004245038591259921,0.00017384249815112455,0.004245038591259921,633388.0,633388.0,True,74.1264,143.287,0.07353809523809524,0.1421498015873016,63.04576,True
cdouble,lobpcg_ta0,0,1024,16,50,128,0,0,1,3.4102,1.65621,0.48566359744296517,0.007903466347866515,0.003670693800950091,0.007903466347866515,633388.0,633388.0,True,73.9497,152.265,0.07336279761904763,0.1510565476190476,252.18304,False
cdouble,lobpcg_ta0,0,1024,16,50,512,0,0,1,13.6238,6.46906,0.47483521484461017,0.00136229374901454,5.884841233723337e-05,0.00136229374901454,633388.0,633388.0,True,74.0418,155.932,0.07345416666666667,0.15469444444444444,1008.73216,False
cdouble,lobpcg_ta0,0,2048,16,12,8,0,0,1,0.119528,0.0701127,0.5865797135399238,0.0013222012559778757,0.0006744804564620843,0.0013222012559778757,305982.0,305982.0,True,97.0472,165.447,0.09627698412698413,0.16413392857142858,11.599904,True
cdouble,lobpcg_ta0,0,2048,16,12,32,0,0,1,0.435644,0.271569,0.6233736720808735,0.0030785030692015657,0.00026524639384451523,0.0030785030692015657,305982.0,305982.0,True,106.508,170.858,0.1056626984126984,0.16950198412698414,46.399616,True
cdouble,lobpcg_ta0,0,2048,16,12,128,0,0,1,1.70859,1.00664,0.589164164603562,0.005001440435508225,0.0003151762564453731,0.005001440435508225,305982.0,305982.0,True,108.626,184.374,0.1077638888888889,0.1829107142857143,185.598464,False
cdouble,lobpcg_ta0,0,2048,16,12,512,0,0,1,6.87448,3.85192,0.560321653419604,0.004168830089929178,0.00011719999185392931,0.004168830089929178,305982.0,305982.0,True,107.993,192.733,0.10713591269841269,0.191203373015873,742.393856,False
cdouble,lobpcg_ta0,0,2048,16,25,8,0,0,1,0.228716,0.172007,0.7520549502439706,0.0018546570779096202,0.0005013991150597247,0.0018546570779096202,636766.0,636766.0,True,80.5174,107.063,0.07987837301587301,0.10621329365079366,18.415648,True
cdouble,lobpcg_ta0,0,2048,16,25,32,0,0,1,0.869288,0.542325,0.6238726405978225,0.004270391370488176,0.00018767543092737966,0.004270391370488176,636766.0,636766.0,True,84.739,135.827,0.08406646825396825,0.13474900793650793,73.662592,True
cdouble,lobpcg_ta0,0,2048,16,25,128,0,0,1,3.48598,2.05628,0.5898714278337799,0.006973466648510903,0.00022324568700910502,0.006973466648510903,636766.0,636766.0,True,84.5243,143.293,0.08385347222222223,0.14215575396825397,294.650368,False
cdouble,lobpcg_ta0,0,2048,16,25,512,0,0,1,13.9316,8.0791,0.5799118550633093,0.0006996732309291876,0.00010093528381521147,0.0006996732309291876,636766.0,636766.0,True,84.599,145.883,0.08392757936507937,0.14472519841269843,1178.601472,False
cdouble,lobpcg_ta0,0,2048,16,50,8,0,0,1,0.432962,0.286846,0.6625200364004231,0.0032751162644764093,0.00021888872464558088,0.0032751162644764093,1275700.0,1275700.0,True,72.8075,109.895,0.0722296626984127,0.10902281746031746,31.522848,True
cdouble,lobpcg_ta0,0,2048,16,50,32,0,0,1,1.694,1.04408,0.6163400236127509,0.004521846984905372,0.0004232302243211334,0.004521846984905372,1275700.0,1275700.0,True,74.434,120.768,0.07384325396825396,0.11980952380952381,126.091392,False
cdouble,lobpcg_ta0,0,2048,16,50,128,0,0,1,6.8198,4.00933,0.5878955394586352,0.0012591704848441008,0.00025505440042229976,0.0012591704848441008,1275700.0,1275700.0,True,73.9561,125.798,0.07336914682539683,0.12479960317460317,504.365568,False
cdouble,lobpcg_ta0,0,2048,16,50,512,0,0,1,27.2681,15.8901,0.5827358708527547,0.0008160112271162548,5.3741551483234986e-05,0.0008160112271162548,1275700.0,1275700.0,True,73.9862,126.964,0.07339900793650793,0.1259563492063492,2017.462272,False
cdouble,lobpcg_ta0,0,4096,16,12,8,0,0,1,0.225622,0.175624,0.7783992695747756,0.0014655514052749055,0.0004539096364716207,0.0014655514052749055,606681.0,606681.0,True,102.826,132.099,0.10200992063492063,0.13105059523809523,23.199776,True
cdouble,lobpcg_ta0,0,4096,16,12,32,0,0,1,0.857251,0.586322,0.683956040879509,0.004620532744805755,0.0001854754325162642,0.004620532744805755,606681.0,606681.0,True,108.252,158.273,0.10739285714285714,0.15701686507936508,92.799104,False
cdouble,lobpcg_ta0,0,4096,16,12,128,0,0,1,3.43897,2.2663,0.6590054580295845,0.0024855888452543795,0.00015175241424031035,0.0024855888452543795,606681.0,606681.0,True,107.938,163.79,0.10708134920634921,0.16249007936507937,371.196416,False
cdouble,lobpcg_ta0,0,4096,16,12,512,0,0,1,13.737,8.94635,0.6512593724976342,0.0007941205072459717,0.0001559947586809347,0.0007941205072459717,606681.0,606681.0,True,108.086,165.966,0.1072281746031746,0.16464880952380953,1484.785664,False
cdouble,lobpcg_ta0,0,4096,16,25,8,0,0,1,0.442453,0.324992,0.7345232148951414,0.0048043336451358805,0.00027078808370606595,0.0048043336451358805,1264750.0,1264750.0,True,83.2434,113.33,0.08258273809523808,0.11243055555555555,36.831264,True
cdouble,lobpcg_ta0,0,4096,16,25,32,0,0,1,1.73295,1.2156,0.7014628235090453,0.007000024679170779,0.00040237052425055544,0.007000024679170779,1264750.0,1264750.0,True,85.0142,121.195,0.08433948412698412,0.12023313492063491,147.325056,False
cdouble,lobpcg_ta0,0,4096,16,25,128,0,0,1,7.02309,4.74627,0.6758093659628455,0.0018006539872362926,0.00027261646938883026,0.0018006539872362926,1264750.0,1264750.0,True,83.9089,124.161,0.08324295634920635,0.12317559523809524,589.300224,False
cdouble,lobpcg_ta0,0,4096,16,25,512,0,0,1,27.9462,18.8659,0.6750792594341986,0.0036386700159592358,0.0036386700159592358,0.00031913982370308336,1264750.0,1264750.0,True,84.3479,124.945,0.08367847222222222,0.123953373015873,2357.200896,False
cdouble,lobpcg_ta0,0,4096,16,50,8,0,0,1,0.852218,0.615696,0.7224630317594793,0.0032434189374080337,0.0032434189374080337,0.0030215073672721603,2531830.0,2531830.0,True,73.9783,102.397,0.07339117063492064,0.10158432539682541,63.045664,True
cdouble,lobpcg_ta0,0,4096,16,50,32,0,0,1,3.4235,2.37141,0.692685847816562,0.005511151593355851,0.0020567138892945815,0.005511151593355851,2531830.0,2531830.0,True,73.6622,106.343,0.07307757936507936,0.10549900793650795,252.182656,False
cdouble,lobpcg_ta0,0,4096,16,50,128,0,0,1,13.701,9.35893,0.6830837165170426,0.0010758557769505875,0.0010758557769505875,0.0005423344335303287,2531830.0,2531830.0,True,73.6248,107.783,0.07304047619047618,0.10692757936507936,1008.730624,False
cdouble,lobpcg_ta0,0,4096,16,50,512,0,0,1,54.6393,37.3448,0.6834787414919298,0.0013656324294052083,0.0013656324294052083,0.00022199663674728475,2531830.0,2531830.0,True,73.8465,108.045,0.07326041666666668,0.1071875,4034.922496,False
cdouble,lobpcg_ta1,1,1024,16,12,8,0,0,1,0.0733366,0.0765254,1.0434816994515699,0.015233866855021913,0.015233866855021913,0.002739482577026713,153237.0,153237.0,True,79.0869,75.7915,0.0784592261904762,0.07518998015873016,5.799968,True
cdouble,lobpcg_ta1,1,1024,16,12,32,0,0,1,0.229629,0.259848,1.1315992318043453,0.004580139158277146,0.0011940695643842894,0.004580139158277146,153237.0,153237.0,True,101.032,89.2823,0.10023015873015872,0.08857371031746032,23.199872,True
cdouble,lobpcg_ta1,1,1024,16,12,128,0,0,1,0.838542,0.975805,1.1636924566688371,0.0018355819041714276,0.00047176170066615624,0.0018355819041714276,153237.0,153237.0,True,110.668,95.1005,0.10978968253968255,0.09434573412698412,92.799488,False
cdouble,lobpcg_ta1,1,1024,16,12,512,0,0,1,3.44328,4.17399,1.2122133547083014,0.00638652680002788,0.00638652680002788,0.0023475331756904064,153237.0,153237.0,True,107.804,88.9313,0.1069484126984127,0.08822549603174602,371.197952,False
cdouble,lobpcg_ta1,1,1024,16,25,8,0,0,1,0.12862,0.142553,1.1083268542994869,0.0023170820677221806,0.0016961281293733476,0.0023170820677221806,317856.0,317856.0,True,71.5896,64.5923,0.07102142857142858,0.0640796626984127,9.20784,True
cdouble,lobpcg_ta1,1,1024,16,25,32,0,0,1,0.447688,0.479692,1.0714872857883169,0.006075257768803274,0.006075257768803274,0.0009119247350383162,317856.0,317856.0,True,82.2702,76.7813,0.0816172619047619,0.07617192460317461,36.83136,True
cdouble,lobpcg_ta1,1,1024,16,25,128,0,0,1,1.77089,2.25697,1.2744834518236592,0.0026930752291789433,0.0026362055237761804,0.0026930752291789433,317856.0,317856.0,True,83.193,65.2756,0.08253273809523809,0.06475753968253968,147.32544,False
cdouble,lobpcg_ta1,1,1024,16,25,512,0,0,1,7.21779,9.40518,1.3030553673631402,0.004252797601481894,0.004252797601481894,0.001927342166763422,317856.0,317856.0,True,81.6457,62.6571,0.08099771825396826,0.062159821428571425,589.30176,False
cdouble,lobpcg_ta1,1,1024,16,50,8,0,0,1,0.232454,0.263998,1.135699966444974,0.0016321411525844892,0.0010575253598561435,0.0016321411525844892,634994.0,634994.0,True,67.8047,59.703,0.06726656746031746,0.05922916666666667,15.76144,True
cdouble,lobpcg_ta1,1,1024,16,50,32,0,0,1,0.860456,0.917105,1.0658360218302854,0.000956264549860703,0.0003225429307251039,0.000956264549860703,634994.0,634994.0,True,73.2701,68.7443,0.07268859126984127,0.06819871031746032,63.04576,True
cdouble,lobpcg_ta1,1,1024,16,50,128,0,0,1,3.55502,8.31853,2.3399390158142572,0.003608080967195684,0.003608080967195684,0.0015109039698119739,634994.0,634994.0,True,70.9371,30.3158,0.07037410714285715,0.03007519841269841,252.18304,False
cdouble,lobpcg_ta1,1,1024,16,50,512,0,0,1,14.1567,32.6421,2.305770412596156,0.003161622567175519,0.00029501720033623654,0.003161622567175519,634994.0,634994.0,True,71.2545,30.9028,0.07068898809523809,0.030657539682539682,1008.73216,False
cdouble,lobpcg_ta1,1,2048,16,12,8,0,0,1,0.118152,0.126132,1.0675401178143409,0.0018391367773443695,0.001768120725844675,0.0018391367773443695,306276.0,306276.0,True,98.1781,91.9665,0.09739890873015873,0.09123660714285714,11.599904,True
cdouble,lobpcg_ta1,1,2048,16,12,32,0,0,1,0.399293,0.462444,1.1581570425727474,0.000699660931918243,0.0005747208190476667,0.000699660931918243,306276.0,306276.0,True,116.204,100.336,0.11528174603174603,0.09953968253968254,46.399616,True
cdouble,lobpcg_ta1,1,2048,16,12,128,0,0,1,1.63426,2.07326,1.26862310770624,0.003347775966352508,0.0008291887459767723,0.003347775966352508,306276.0,306276.0,True,113.567,89.5199,0.1126656746031746,0.0888094246031746,185.598464,False
cdouble,lobpcg_ta1,1,2048,16,12,512,0,0,1,6.85961,8.27675,1.2065919199488018,0.004804567009997886,0.0003302330598969912,0.004804567009997886,306276.0,306276.0,True,108.227,89.6963,0.10736805555555556,0.0889844246031746,742.393856,False
cdouble,lobpcg_ta1,1,2048,16,25,8,0,0,1,0.221106,0.244924,1.1077220880482666,0.001742847322098903,0.001742847322098903,0.0013316457350035114,637282.0,637282.0,True,83.2889,75.1893,0.08262787698412698,0.07459255952380953,18.415648,True
cdouble,lobpcg_ta1,1,2048,16,25,32,0,0,1,0.795777,0.910401,1.14404035301347,0.002244241823108718,0.0004351344660627286,0.002244241823108718,637282.0,637282.0,True,92.5669,80.9122,0.09183224206349207,0.08027003968253968,73.662592,True
cdouble,lobpcg_ta1,1,2048,16,25,128,0,0,1,3.49295,4.94245,1.4149787428964056,0.00975564750275673,0.0005553157073533832,0.00975564750275673,637282.0,637282.0,True,84.3557,59.6163,0.08368621031746032,0.059143154761904765,294.650368,False
cdouble,lobpcg_ta1,1,2048,16,25,512,0,0,1,13.9403,18.6059,1.3346843324749107,0.0020692092293304815,0.00023389381864091877,0.0020692092293304815,637282.0,637282.0,True,84.5464,63.3457,0.08387539682539683,0.06284295634920635,1178.601472,False
cdouble,lobpcg_ta1,1,2048,16,50,8,0,0,1,0.406268,0.481497,1.1851708724290368,0.003498235710710555,0.0030513109572991226,0.003498235710710555,1274790.0,1274790.0,True,77.5912,65.4684,0.07697539682539682,0.06494880952380952,31.522848,True
cdouble,lobpcg_ta1,1,2048,16,50,32,0,0,1,1.66039,2.15858,1.300043965574353,0.005745582744211472,0.0009987834183535192,0.005745582744211472,1274790.0,1274790.0,True,75.9409,58.4141,0.07533819444444444,0.05795049603174603,126.091392,False
cdouble,lobpcg_ta1,1,2048,16,50,128,0,0,1,6.90933,18.8217,2.7240991528845777,0.020497138940690798,0.002847338309213773,0.020497138940690798,1274790.0,1274790.0,True,72.9978,26.797,0.07241845238095238,0.026584325396825398,504.365568,False
cdouble,lobpcg_ta1,1,2048,16,50,512,0,0,1,27.6846,69.1761,2.4987213107648296,0.004820855757985778,0.0017878603989221443,0.004820855757985778,1274790.0,1274790.0,True,72.873,29.1641,0.07229464285714286,0.02893263888888889,2017.462272,False
cdouble,lobpcg_ta1,1,4096,16,12,8,0,0,1,0.217794,0.218853,1.0048623929033857,0.0035828935404129715,0.002259837277427294,0.0035828935404129715,606699.0,606699.0,True,106.522,106.006,0.10567658730158731,0.10516468253968254,23.199776,True
cdouble,lobpcg_ta1,1,4096,16,12,32,0,0,1,0.784897,0.928263,1.1826558134379415,0.006151023637496386,0.006151023637496386,0.001464552610628669,606699.0,606699.0,True,118.231,99.9707,0.11729265873015872,0.09917728174603174,92.799104,False
cdouble,lobpcg_ta1,1,4096,16,12,128,0,0,1,3.441,4.27251,1.241647776809067,0.003995543603174715,0.0019419180470793373,0.003995543603174715,606699.0,606699.0,True,107.875,86.8801,0.1070188492063492,0.0861905753968254,371.196416,False
cdouble,lobpcg_ta1,1,4096,16,12,512,0,0,1,13.7172,16.9937,1.238860700434491,0.0017044316423145047,0.0008047560726678915,0.0017044316423145047,606699.0,606699.0,True,108.243,87.3729,0.10738392857142856,0.08667946428571428,1484.785664,False
cdouble,lobpcg_ta1,1,4096,16,25,8,0,0,1,0.408138,0.450345,1.1034135512988255,0.0038258890406244104,0.0012172745492946013,0.0038258890406244104,1264620.0,1264620.0,True,90.2422,81.7846,0.08952599206349206,0.08113551587301587,36.831264,True
cdouble,lobpcg_ta1,1,4096,16,25,32,0,0,1,1.67333,2.33965,1.3981999964143355,0.005616481097600069,0.0012308391052571817,0.005616481097600069,1264620.0,1264620.0,True,88.0432,62.9688,0.08734444444444445,0.06246904761904762,147.325056,False
cdouble,lobpcg_ta1,1,4096,16,25,128,0,0,1,7.01051,10.0171,1.428868941061349,0.004267861956055146,0.003833529942900017,0.004267861956055146,1264620.0,1264620.0,True,84.0596,58.8292,0.08339246031746032,0.05836230158730159,589.300224,False
cdouble,lobpcg_ta1,1,4096,16,25,512,0,0,1,27.9819,38.6966,1.3829153845878943,0.001978150535189138,0.0004196605662946405,0.001978150535189138,1264620.0,1264620.0,True,84.2401,60.9149,0.08357152777777778,0.060431448412698416,2357.200896,False
cdouble,lobpcg_ta1,1,4096,16,50,8,0,0,1,0.787736,0.889844,1.129622106898758,0.0010380628514660996,0.0002966679192013568,0.0010380628514660996,2532050.0,2532050.0,True,80.034,70.8502,0.07939880952380952,0.07028789682539682,63.045664,True
cdouble,lobpcg_ta1,1,4096,16,50,32,0,0,1,3.47842,9.70225,2.789269265931084,0.0017870906233090264,0.0005356253701393161,0.0017870906233090264,2532050.0,2532050.0,True,72.4992,25.9922,0.07192380952380953,0.0257859126984127,252.182656,False
cdouble,lobpcg_ta1,1,4096,16,50,128,0,0,1,13.8541,39.0862,2.8212731249233074,0.006248829510159596,0.0002621166297341581,0.006248829510159596,2532050.0,2532050.0,True,72.811,25.8078,0.07223313492063493,0.02560297619047619,1008.730624,False
cdouble,lobpcg_ta1,1,4096,16,50,512,0,0,1,55.4294,166.261,2.9995092856859356,0.005744395859522076,0.0014851595001930385,0.005744395859522076,2532050.0,2532050.0,True,72.794,24.2686,0.07221626984126985,0.024075992063492063,4034.922496,False
cfloat,cellsA0,0,1024,3,2,512,0,0,0,0.163843,0.00889921,0.05431547273914662,0.012776639724200239,0.0007511398106724121,0.012776639724200239,1907.93,1907.93,True,230.408,4242.04,0.22857936507936508,4.208373015873016,37.750784,True
cfloat,cellsA0,0,1024,3,2,512,0,0,1,0.163746,0.0195207,0.11921329375984756,0.0012637661559267855,0.0008328447717806846,0.0012637661559267855,4985.47,4985.47,True,230.544,1933.89,0.22871428571428573,1.9185416666666668,37.750784,True
cfloat,cellsA0,0,1024,3,2,512,0,1,0,0.158851,0.0106901,0.06729639725277146,0.004691546384037568,0.0007916726995738146,0.004691546384037568,6746440.0,88078900.0,True,290.456,4316.11,0.28815079365079366,4.281855158730158,37.750784,True
cfloat,cellsA0,0,1024,3,2,512,0,1,1,0.158845,0.0203767,0.12828039913122857,0.0016369284525953663,0.0007492209386508862,0.0016369284525953663,17628600.0,146076000.0,True,290.468,2264.32,0.2881626984126984,2.2463492063492065,37.750784,True
cfloat,cellsA0,0,1024,3,2,512,1,0,0,0.163971,0.00902367,0.055032109336407044,0.007407551472959451,0.007083264723640156,0.007407551472959451,1847.72,1847.72,True,230.228,4183.53,0.22840079365079366,4.150327380952381,37.750784,True
cfloat,cellsA0,0,1024,3,2,512,1,0,1,0.163673,0.0183967,0.11239911286528625,0.0012434186566068915,0.0008230801659406255,0.0012434186566068915,4914.71,4914.71,True,230.648,2052.04,0.2288174603174603,2.0357539682539683,37.750784,True
cfloat,cellsA0,0,1024,3,2,512,1,1,0,0.158844,0.010818,0.06810455541285788,0.007203078202995009,0.0006995857570950114,0.007203078202995009,6533520.0,84515100.0,True,290.469,4265.07,0.28816369047619045,4.231220238095238,37.750784,True
cfloat,cellsA0,0,1024,3,2,512,1,1,1,0.158692,0.0193564,0.12197464270410606,0.004643327271600091,0.000834181937337736,0.004643327271600091,17378400.0,149112000.0,True,290.749,2383.67,0.28844146825396827,2.3647519841269844,37.750784,True
cfloat,cellsA1,1,1024,3,2,512,0,0,0,0.164671,0.0362623,0.22021060174529816,0.0007874853495758209,0.0007874853495758209,0.0007703069027612699,1874.14,1874.14,True,229.249,1041.05,0.22742956349206347,1.0327876984126985,37.750784,True
cfloat,cellsA1,1,1024,3,2,512,0,0,1,0.16639,0.104737,0.6294669150790312,0.001465823920868461,0.0008332111304765912,0.001465823920868461,4971.24,4971.24,True,226.881,360.435,0.22508035714285715,0.3575744047619048,37.750784,True
cfloat,cellsA1,1,1024,3,2,512,0,1,0,0.159569,0.0371358,0.2327256547324355,0.0008318470379585009,0.0008318470379585009,0.0007298698291136855,6611960.0,38914500.0,True,289.15,1242.45,0.2868551587301587,1.2325892857142857,37.750784,True
cfloat,cellsA1,1,1024,3,2,512,0,1,1,0.161243,0.105817,0.6562579460813802,0.0017285691335040684,0.0008265785181372215,0.0017285691335040684,17379400.0,23861900.0,True,286.149,436.03,0.28387797619047617,0.4325694444444444,37.750784,True
cfloat,cellsA1,1,1024,3,2,512,1,0,0,0.164549,0.0361263,0.21954736886884757,0.0007538362433074647,0.0007538362433074647,0.0005677359707470734,1898.3,1898.3,True,229.419,1044.97,0.2275982142857143,1.0366765873015873,37.750784,True
cfloat,cellsA1,1,1024,3,2,512,1,0,1,0.166296,0.104877,0.630664598066099,0.0017262412159005313,0.0009657177562899889,0.0017262412159005313,4961.51,4961.51,True,227.009,359.952,0.22520734126984127,0.3570952380952381,37.750784,True
cfloat,cellsA1,1,1024,3,2,512,1,1,0,0.15938,0.0368498,0.23120717781402939,0.0008469820554649267,0.0008469820554649267,0.0005934523389543498,6697190.0,39568500.0,True,289.492,1252.09,0.2871944444444445,1.2421527777777777,37.750784,True
cfloat,cellsA1,1,1024,3,2,512,1,1,1,0.161107,0.105572,0.6552912039824464,0.0015095006251657638,0.0008511672366812119,0.0015095006251657638,17385100.0,23854800.0,True,286.39,437.04,0.2841170634920635,0.4335714285714286,37.750784,True
cfloat,cellsB0,0,1024,16,12,512,0,0,0,0.492257,0.301965,0.6134295703260695,0.005494212905469177,0.0016219312269810282,0.005494212905469177,25891.7,25891.7,True,413.251,673.674,0.40997123015873016,0.668327380952381,203.425792,False
cfloat,cellsB0,0,1024,16,12,512,0,0,1,1.02061,0.590027,0.5781121094247558,0.0018801851440696782,0.0008870156083126757,0.0018801851440696782,152420.0,152420.0,True,199.317,344.774,0.19773511904761906,0.34203769841269843,203.425792,False
cfloat,cellsB0,0,1024,16,12,512,0,1,0,0.439707,0.3435,0.7812020277139096,0.003066608442503639,0.0006111137643931071,0.003066608442503639,49919300.0,56547600.0,True,577.105,738.74,0.5725248015873016,0.7328769841269841,203.425792,False
cfloat,cellsB0,0,1024,16,12,512,0,1,1,1.52409,0.596112,0.39112650827707024,0.00227176216627627,0.00227176216627627,0.0014454313954424672,56395400.0,257285000.0,True,166.498,425.688,0.1651765873015873,0.4223095238095238,203.425792,False
cfloat,cellsB0,0,1024,16,12,512,1,0,0,0.495699,0.423623,0.8545972455058413,0.0025381530275740455,0.00044476991077246474,0.0025381530275740455,25985.9,25985.9,True,410.381,480.205,0.4071240079365079,0.4763938492063492,203.425792,False
cfloat,cellsB0,0,1024,16,12,512,1,0,1,0.652816,0.520066,0.7966502046518469,0.005093468905869639,0.003828812406558663,0.005093468905869639,152552.0,152552.0,True,311.613,391.154,0.30913988095238093,0.3880496031746032,203.425792,False
cfloat,cellsB0,0,1024,16,12,512,1,1,0,0.472811,0.440777,0.9322477691931871,0.006234014025232714,0.00042397913754121626,0.006234014025232714,48437600.0,50100700.0,True,536.699,575.705,0.532439484126984,0.5711359126984127,203.425792,False
cfloat,cellsB0,0,1024,16,12,512,1,1,1,1.14274,0.538004,0.47080175718011097,0.0051450360963859005,0.0017870994276913384,0.0051450360963859005,69868700.0,268491000.0,True,222.061,471.664,0.22029861111111113,0.4679206349206349,203.425792,False
cfloat,cellsB1,1,1024,16,12,512,0,0,0,0.771792,1.37698,1.7841335489354646,0.004255987741288907,0.0005636155855463648,0.004255987741288907,26116.8,26116.8,True,263.576,147.733,0.261484126984127,0.14656051587301588,203.425792,False
cfloat,cellsB1,1,1024,16,12,512,0,0,1,3.52721,4.05255,1.148939246600004,0.008115310113385399,0.0006394969395074294,0.008115310113385399,153237.0,153237.0,True,57.6733,50.197,0.0572155753968254,0.04979861111111111,203.425792,False
cfloat,cellsB1,1,1024,16,12,512,0,1,0,0.765493,1.41522,1.8487693551737245,0.003652025833439324,0.0022908243445727136,0.003652025833439324,40324300.0,10290000.0,True,331.495,179.305,0.3288640873015873,0.17788194444444444,203.425792,False
cfloat,cellsB1,1,1024,16,12,512,0,1,1,3.51537,4.07737,1.1598693736363457,0.00198596644405585,0.0005517996683137195,0.00198596644405585,34631500.0,32026500.0,True,72.1851,62.2356,0.07161220238095238,0.06174166666666667,203.425792,False
cfloat,cellsB1,1,1024,16,12,512,1,0,0,0.769649,1.39568,1.813398055477237,0.024899012406954336,0.024899012406954336,0.004184985096870343,26410.4,26410.4,True,264.31,145.754,0.2622123015873016,0.1445972222222222,203.425792,False
cfloat,cellsB1,1,1024,16,12,512,1,0,1,3.5509,4.03207,1.1355064913120618,0.007356163226224337,0.007356163226224337,0.0025653820494187848,153131.0,153131.0,True,57.2886,50.4519,0.05683392857142858,0.0500514880952381,203.425792,False
cfloat,cellsB1,1,1024,16,12,512,1,1,0,0.797761,1.43968,1.8046507663322724,0.03051151911412064,0.03051151911412064,0.0037302733940875747,39932600.0,10194400.0,True,318.087,176.26,0.31556249999999997,0.1748611111111111,203.425792,False
cfloat,cellsB1,1,1024,16,12,512,1,1,1,3.51106,4.09407,1.1660495690760055,0.0021923880148605177,0.000940371283885778,0.0021923880148605177,34607500.0,31851100.0,True,72.2737,61.9816,0.0717000992063492,0.06148968253968254,203.425792,False
cfloat,cellsC0,0,2048,16,25,128,0,0,0,0.406373,0.300493,0.7394511938539224,0.004109346973140805,0.000577080662347154,0.004109346973140805,108217.0,108217.0,True,384.47,519.941,0.38141865079365084,0.5158144841269842,156.238336,False
cfloat,cellsC0,0,2048,16,25,128,0,0,1,1.24245,0.945779,0.7612209746871101,0.0015559977542322254,0.0007727570525976901,0.0015559977542322254,636766.0,636766.0,True,125.75,165.195,0.12475198412698413,0.16388392857142856,156.238336,False
cfloat,cellsC0,0,2048,16,25,128,0,1,0,0.383421,0.343057,0.8947266842452551,0.002845693281291447,0.0012449891894288523,0.002845693281291447,223361000.0,236347000.0,True,544.224,608.258,0.539904761904762,0.6034305555555556,156.238336,False
cfloat,cellsC0,0,2048,16,25,128,0,1,1,1.7604,0.943971,0.5362252897068848,0.0013142581231538287,0.0013142581231538287,0.0011374819777302482,215227000.0,916943000.0,True,118.534,221.052,0.11759325396825397,0.21929761904761905,156.238336,False
cfloat,cellsC0,0,2048,16,25,128,1,0,0,0.417527,0.807298,1.9335228619945537,0.004139710491045438,0.0020690590069624244,0.004139710491045438,108964.0,108964.0,True,374.2,193.532,0.37123015873015874,0.19199603174603175,156.238336,False
cfloat,cellsC0,0,2048,16,25,128,1,0,1,0.76537,0.779982,1.0190914198361576,0.003119340972340176,0.003119340972340176,0.001536650845788749,637304.0,637304.0,True,204.134,200.31,0.20251388888888888,0.1987202380952381,156.238336,False
cfloat,cellsC0,0,2048,16,25,128,1,1,0,0.395598,0.783798,1.9812991976703622,0.0042475695023736215,0.0042475695023736215,0.0030342001383009396,221416000.0,166498000.0,True,527.473,266.226,0.5232867063492063,0.26411309523809523,156.238336,False
cfloat,cellsC0,0,2048,16,25,128,1,1,1,1.31517,0.779306,0.5925515332618597,0.0015873157082354373,0.0015873157082354373,0.0014622240814262946,266393000.0,978899000.0,True,158.662,267.76,0.15740277777777778,0.2656349206349206,156.238336,False
cfloat,cellsC1,1,2048,16,25,128,0,0,0,0.754382,1.36125,1.8044571583097158,0.016737011222431077,0.016737011222431077,0.0048936051423324155,108647.0,108647.0,True,207.108,114.776,0.2054642857142857,0.11386507936507936,156.238336,False
cfloat,cellsC1,1,2048,16,25,128,0,0,1,3.32216,3.68229,1.1084023647265635,0.00399336576203434,0.00399336576203434,0.001511176468990764,637282.0,637282.0,True,47.0291,42.4297,0.046655853174603176,0.042092956349206345,156.238336,False
cfloat,cellsC1,1,2048,16,25,128,0,1,0,0.735098,1.39912,1.9033108510701973,0.005403460746755104,0.0005908314265580916,0.005403460746755104,170358000.0,42806800.0,True,283.863,149.141,0.28161011904761907,0.14795734126984125,156.238336,False
cfloat,cellsC1,1,2048,16,25,128,0,1,1,3.31351,3.71943,1.1225045344664721,0.0016293894494586534,0.0005113761539877653,0.0016293894494586534,149124000.0,138928000.0,True,62.9746,56.1019,0.06247480158730159,0.055656646825396824,156.238336,False
cfloat,cellsC1,1,2048,16,25,128,1,0,0,0.745951,1.41111,1.8916926178797266,0.004696550942166096,0.003278781045940015,0.004696550942166096,109537.0,109537.0,True,209.448,110.72,0.2077857142857143,0.10984126984126984,156.238336,False
cfloat,cellsC1,1,2048,16,25,128,1,0,1,3.32189,3.75318,1.129832715713043,0.0016833831577488954,0.0003636935599914507,0.0016833831577488954,636555.0,636555.0,True,47.033,41.6283,0.04665972222222222,0.04129791666666667,156.238336,False
cfloat,cellsC1,1,2048,16,25,128,1,1,0,0.734633,1.45619,1.9822006362360527,0.0035518029927413316,0.000511117796232949,0.0035518029927413316,171754000.0,42281400.0,True,284.043,143.296,0.2817886904761905,0.14215873015873015,156.238336,False
cfloat,cellsC1,1,2048,16,25,128,1,1,1,3.32089,3.76552,1.1338888069162183,0.0016274060421933756,0.00037682669404888447,0.0016274060421933756,148954000.0,138769000.0,True,62.8346,55.4152,0.0623359126984127,0.05497539682539682,156.238336,False
cfloat,lanczos_ta0,0,1024,3,1,8,0,0,0,0.015965,0.00300126,0.18798997807704354,0.03988824693628676,0.03320125274036956,0.03988824693628676,949.616,949.616,True,28.7368,152.864,0.028508730158730157,0.15165079365079365,0.458784,True
cfloat,lanczos_ta0,0,1024,3,1,8,0,0,1,0.0164603,0.00296852,0.18034422215876988,0.09504322521460727,0.09504322521460727,0.012335136701117053,2501.82,2501.82,True,27.8722,154.55,0.02765099206349206,0.1533234126984127,0.458784,True
cfloat,lanczos_ta0,0,1024,3,1,32,0,0,0,0.0256593,0.00295226,0.11505613948938591,0.01468766301071044,0.0017685127809410233,0.01468766301071044,949.616,949.616,True,71.5194,621.604,0.07095178571428572,0.616670634920635,1.835136,True
cfloat,lanczos_ta0,0,1024,3,1,32,0,0,1,0.0257353,0.00338582,0.13156326135696883,0.09245057327323958,0.0016746919600704093,0.09245057327323958,2501.82,2501.82,True,71.308,542.007,0.0707420634920635,0.537705357142857,1.835136,True
cfloat,lanczos_ta0,0,1024,3,1,64,0,0,0,0.0371207,0.00299838,0.08077380006303761,0.03258836438343372,0.020807150727222275,0.03258836438343372,949.616,949.616,True,98.874,1224.08,0.09808928571428571,1.2143650793650793,3.670272,True
cfloat,lanczos_ta0,0,1024,3,1,64,0,0,1,0.0299981,0.00372246,0.12408985902440488,0.0010184311673072629,0.0010184311673072629,0.000398145312508395,2501.82,2501.82,True,122.35,985.98,0.12137896825396825,0.9781547619047619,3.670272,True
cfloat,lanczos_ta0,0,1024,3,1,128,0,0,0,0.0484283,0.00342007,0.07062131026693069,0.002795121860565,0.002795121860565,0.0004234503972140921,949.616,949.616,True,151.575,2146.31,0.1503720238095238,2.129275793650794,7.340544,True
cfloat,lanczos_ta0,0,1024,3,1,128,0,0,1,0.0489245,0.0049058,0.1002728694212511,0.0005403468609796727,0.0005403468609796727,0.0004904561947083045,2501.82,2501.82,True,150.038,1496.3,0.14884722222222224,1.4844246031746031,7.340544,True
cfloat,lanczos_ta0,0,1024,3,1,256,0,0,0,0.0861357,0.00485232,0.05633343665866766,0.0285339796221189,0.0003835088122578676,0.0285339796221189,949.616,949.616,True,170.441,3025.58,0.16908829365079364,3.0015674603174602,14.681088,True
cfloat,lanczos_ta0,0,1024,3,1,256,0,0,1,0.0862849,0.00761943,0.08830548566435147,0.0128702803228063,0.0015251220086017368,0.0128702803228063,2501.82,2501.82,True,170.147,1926.8,0.16879662698412698,1.9115079365079364,14.681088,True
cfloat,lanczos_ta0,0,1024,3,1,512,0,0,0,0.163543,0.00753727,0.046087389860770565,0.009859166515197146,0.0007953382290895974,0.009859166515197146,949.616,949.616,True,179.537,3895.6,0.1781121031746032,3.8646825396825397,29.362176,True
cfloat,lanczos_ta0,0,1024,3,1,512,0,0,1,0.163485,0.0131342,0.08033886900938925,0.005838358259167508,0.005838358259167508,0.0008728814849781486,2501.82,2501.82,True,179.602,2235.56,0.1781765873015873,2.2178174603174603,29.362176,True
cfloat,lanczos_ta0,0,1024,3,1,1024,0,0,0,0.318851,0.0132598,0.041586195432976536,0.006260479041916168,0.003756989942010532,0.006260479041916168,949.616,949.616,True,184.175,4428.77,0.18271329365079367,4.393621031746032,58.724352,True
cfloat,lanczos_ta0,0,1024,3,1,1024,0,0,1,0.3182,0.0243592,0.07655311125078568,0.0072450244671417785,0.001130201131363922,0.0072450244671417785,2501.82,2501.82,True,184.552,2410.77,0.18308730158730158,2.3916369047619046,58.724352,True
cfloat,lanczos_ta0,0,1024,3,2,8,0,0,0,0.0183607,0.00300225,0.16351500759774953,0.1292004117490074,0.1292004117490074,0.019416104588225496,1907.93,1907.93,True,32.126,196.471,0.031871031746031744,0.19491170634920635,0.589856,True
cfloat,lanczos_ta0,0,1024,3,2,8,0,0,1,0.0193638,0.00297898,0.1538427374792138,0.07120864706307646,0.07120864706307646,0.004944947599513928,4985.47,4985.47,True,30.4617,198.006,0.030219940476190477,0.1964345238095238,0.589856,True
cfloat,lanczos_ta0,0,1024,3,2,32,0,0,0,0.0239304,0.00298256,0.12463477417845084,0.0744237455286999,0.0744237455286999,0.019346467464191833,1907.93,1907.93,True,98.5954,791.074,0.09781289682539682,0.7847956349206349,2.359424,True
cfloat,lanczos_ta0,0,1024,3,2,32,0,0,1,0.0215479,0.00379408,0.17607655502392347,0.0010663916205291468,0.0010663916205291468,0.0006125542951123857,4985.47,4985.47,True,109.497,621.869,0.10862797619047619,0.6169335317460318,2.359424,True
cfloat,lanczos_ta0,0,1024,3,2,64,0,0,0,0.0310998,0.00298785,0.09607296509945401,0.06030617560241545,0.06030617560241545,0.008786050169854578,1907.93,1907.93,True,151.732,1579.34,0.1505277777777778,1.5668055555555556,4.718848,True
cfloat,lanczos_ta0,0,1024,3,2,64,0,0,1,0.0374786,0.00468322,0.12495717556152044,0.022108643332461726,0.022108643332461726,0.0003948330422230858,4985.47,4985.47,True,125.908,1007.61,0.12490873015873016,0.9996130952380953,4.718848,True
cfloat,lanczos_ta0,0,1024,3,2,128,0,0,0,0.0508049,0.00373465,0.07350964178652059,0.005872583156349092,0.005872583156349092,0.0004978297832460873,1907.93,1907.93,True,185.764,2527.07,0.18428968253968256,2.507013888888889,9.437696,True
cfloat,lanczos_ta0,0,1024,3,2,128,0,0,1,0.0486851,0.0063736,0.1309147973404594,0.0032916847248952966,0.0032916847248952966,0.0003031457888791264,4985.47,4985.47,True,193.852,1480.75,0.19231349206349208,1.4689980158730158,9.437696,True
cfloat,lanczos_ta0,0,1024,3,2,256,0,0,0,0.0866248,0.00551367,0.06365001708517654,0.0031905971884425436,0.0011844991272707123,0.0031905971884425436,1907.93,1907.93,True,217.898,3423.38,0.2161686507936508,3.3962103174603175,18.875392,True
cfloat,lanczos_ta0,0,1024,3,2,256,0,0,1,0.0866397,0.0102134,0.11788360301339916,0.0020233223020737464,0.0015763443317555349,0.0020233223020737464,4985.47,4985.47,True,217.861,1848.1,0.21613194444444445,1.8334325396825395,18.875392,True
cfloat,lanczos_ta0,0,1024,3,2,512,0,0,0,0.163763,0.00891187,0.054419313275892604,0.011880783718793024,0.0015430774961377113,0.011880783718793024,1907.93,1907.93,True,230.521,4236.01,0.22869146825396824,4.202390873015873,37.750784,True
cfloat,lanczos_ta0,0,1024,3,2,512,0,0,1,0.163764,0.0194966,0.1190530275274175,0.0012043689668967924,0.0006921423511882954,0.0012043689668967924,4985.47,4985.47,True,230.52,1936.27,0.2286904761904762,1.9209027777777778,37.750784,True
cfloat,lanczos_ta0,0,1024,3,2,1024,0,0,0,0.319223,0.0239337,0.07497486083396247,0.005228401793287289,0.0008098194678954837,0.005228401793287289,1907.93,1907.93,True,236.517,3154.61,0.23463988095238095,3.129573412698413,75.501568,False
cfloat,lanczos_ta0,0,1024,3,2,1024,0,0,1,0.318763,0.0388991,0.12203141518934128,0.004772192672838189,0.0035776109523376295,0.004772192672838189,4985.47,4985.47,True,236.858,1940.96,0.2349781746031746,1.9255555555555557,75.501568,False
cfloat,lanczos_ta1,1,1024,3,1,8,0,0,0,0.0194717,0.0053185,0.2731399929127914,0.019502679326877877,0.008149879055244277,0.019502679326877877,940.249,940.249,True,23.5615,86.2619,0.023374503968253968,0.08557728174603174,0.458784,True
cfloat,lanczos_ta1,1,1024,3,1,8,0,0,1,0.01744,0.0063791,0.36577408256880733,0.12318681318681318,0.07535034403669724,0.12318681318681318,2521.86,2521.86,True,26.3065,71.9198,0.026097718253968255,0.07134900793650793,0.458784,True
cfloat,lanczos_ta1,1,1024,3,1,32,0,0,0,0.0215753,0.00541958,0.2511937261590801,0.0802135958875042,0.0010295105977668909,0.0802135958875042,940.249,940.249,True,85.0573,338.612,0.08438224206349206,0.3359246031746032,1.835136,True
cfloat,lanczos_ta1,1,1024,3,1,32,0,0,1,0.0219255,0.00738989,0.33704544936261427,0.0012205240473421358,0.0012205240473421358,0.0012189558978550426,2521.86,2521.86,True,83.6988,248.331,0.08303452380952382,0.24636011904761904,1.835136,True
cfloat,lanczos_ta1,1,1024,3,1,64,0,0,0,0.0304448,0.00656366,0.2155921536682783,0.09524320272530874,0.000786101403195291,0.09524320272530874,940.249,940.249,True,120.555,559.181,0.1195982142857143,0.5547430555555556,3.670272,True
cfloat,lanczos_ta1,1,1024,3,1,64,0,0,1,0.0311914,0.0108718,0.3485512032162711,0.0028920877867510443,0.0008774341645453554,0.0028920877867510443,2521.86,2521.86,True,117.669,337.596,0.11673511904761905,0.3349166666666667,3.670272,True
cfloat,lanczos_ta1,1,1024,3,1,128,0,0,0,0.0489823,0.00760642,0.15528915547044544,0.0008317710565548576,0.0006732084855141551,0.0008317710565548576,940.249,940.249,True,149.861,965.046,0.14867162698412698,0.9573869047619048,7.340544,True
cfloat,lanczos_ta1,1,1024,3,1,128,0,0,1,0.0492574,0.017256,0.35032299715372717,0.0011564615206305052,0.0005280323362581053,0.0011564615206305052,2521.86,2521.86,True,149.024,425.392,0.14784126984126983,0.422015873015873,7.340544,True
cfloat,lanczos_ta1,1,1024,3,1,256,0,0,0,0.0869192,0.0121798,0.14012784287015986,0.0012490681291975239,0.00047272524367458513,0.0012490681291975239,940.249,940.249,True,168.905,1205.36,0.16756448412698413,1.1957936507936506,14.681088,True
cfloat,lanczos_ta1,1,1024,3,1,256,0,0,1,0.0873092,0.030906,0.3539833144731597,0.0014008283181259303,0.00039793744530931444,0.0014008283181259303,2521.86,2521.86,True,168.151,475.025,0.16681646825396826,0.4712549603174603,14.681088,True
cfloat,lanczos_ta1,1,1024,3,1,512,0,0,0,0.164367,0.0210556,0.12810113952314028,0.002163115750679154,0.0007627321786003273,0.002163115750679154,940.249,940.249,True,178.638,1394.51,0.1772202380952381,1.3834424603174602,29.362176,True
cfloat,lanczos_ta1,1,1024,3,1,512,0,0,1,0.164441,0.0565165,0.3436886178021296,0.002134474003167217,0.001040470442286291,0.002134474003167217,2521.86,2521.86,True,178.558,519.533,0.177140873015873,0.5154097222222223,29.362176,True
cfloat,lanczos_ta1,1,1024,3,1,1024,0,0,0,0.319805,0.0379926,0.11879926830412282,0.0006204392434316157,0.000516930629602414,0.0006204392434316157,940.249,940.249,True,183.625,1545.68,0.18216765873015872,1.5334126984126986,58.724352,True
cfloat,lanczos_ta1,1,1024,3,1,1024,0,0,1,0.31946,0.107568,0.3367182119827208,0.0013291685259556746,0.000562993802040944,0.0013291685259556746,2521.86,2521.86,True,183.824,545.926,0.18236507936507937,0.541593253968254,58.724352,True
cfloat,lanczos_ta1,1,1024,3,2,8,0,0,0,0.0165527,0.00530985,0.3207845245790717,0.009359096772978522,0.0017475155110646603,0.009359096772978522,1874.14,1874.14,True,35.6351,111.087,0.03535228174603175,0.11020535714285715,0.589856,True
cfloat,lanczos_ta1,1,1024,3,2,8,0,0,1,0.0168733,0.00599551,0.3553252772131118,0.00701824776421921,0.00701824776421921,0.00035220356566830846,4971.24,4971.24,True,34.958,98.3829,0.034680555555555555,0.09760208333333334,0.589856,True
cfloat,lanczos_ta1,1,1024,3,2,32,0,0,0,0.0217228,0.0053446,0.24603642256062752,0.0012899027749645534,0.0012899027749645534,0.0011622591026456612,1874.14,1874.14,True,108.615,441.459,0.10775297619047619,0.43795535714285716,2.359424,True
cfloat,lanczos_ta1,1,1024,3,2,32,0,0,1,0.0231497,0.0104033,0.44939243273130974,0.0011606802679948337,0.0011606802679948337,0.0009684042563417376,4971.24,4971.24,True,101.92,226.795,0.10111111111111111,0.22499503968253967,2.359424,True
cfloat,lanczos_ta1,1,1024,3,2,64,0,0,0,0.0306829,0.007378,0.24045966971831217,0.0016374220656004336,0.0007440593946465295,0.0016374220656004336,1874.14,1874.14,True,153.794,639.584,0.1525734126984127,0.6345079365079365,4.718848,True
cfloat,lanczos_ta1,1,1024,3,2,64,0,0,1,0.0328434,0.0167207,0.5091038077665528,0.000932048299413302,0.0008963931870634587,0.000932048299413302,4971.24,4971.24,True,143.677,282.217,0.14253670634920634,0.2799771825396825,4.718848,True
cfloat,lanczos_ta1,1,1024,3,2,128,0,0,0,0.0490741,0.0116295,0.23697836536992015,0.001035470140590739,0.0006011786257924241,0.001035470140590739,1874.14,1874.14,True,192.315,811.528,0.1907886904761905,0.8050873015873016,9.437696,True
cfloat,lanczos_ta1,1,1024,3,2,128,0,0,1,0.0510762,0.0293824,0.575265975150853,0.0007917562894794163,0.0006995567407128956,0.0007917562894794163,4971.24,4971.24,True,184.777,321.202,0.18331051587301586,0.3186527777777778,9.437696,True
cfloat,lanczos_ta1,1,1024,3,2,256,0,0,0,0.0873509,0.0200413,0.22943438476306485,0.0011088502242868475,0.0004018539019059907,0.0011088502242868475,1874.14,1874.14,True,216.087,941.826,0.2143720238095238,0.9343511904761905,18.875392,True
cfloat,lanczos_ta1,1,1024,3,2,256,0,0,1,0.089307,0.0553201,0.6194374461128467,0.0009115185981225631,0.0004369321553741588,0.0009115185981225631,4971.24,4971.24,True,211.354,341.203,0.2096765873015873,0.33849503968253963,18.875392,True
cfloat,lanczos_ta1,1,1024,3,2,512,0,0,0,0.16466,0.0361593,0.2195997813676667,0.0008010020648609255,0.0008010020648609255,0.0007048974952501846,1874.14,1874.14,True,229.265,1044.01,0.2274454365079365,1.0357242063492063,37.750784,True
cfloat,lanczos_ta1,1,1024,3,2,512,0,0,1,0.166417,0.104702,0.6291544734011549,0.0015163034134973543,0.001201391684743746,0.0015163034134973543,4971.24,4971.24,True,226.844,360.556,0.2250436507936508,0.3576944444444444,37.750784,True
cfloat,lanczos_ta1,1,1024,3,2,1024,0,0,0,0.320286,0.0694848,0.21694610441917536,0.0021002147232200424,0.0006035949120473576,0.0021002147232200424,1874.14,1874.14,True,235.732,1086.59,0.2338611111111111,1.0779662698412698,75.501568,False
cfloat,lanczos_ta1,1,1024,3,2,1024,0,0,1,0.321634,0.205014,0.6374139549923206,0.001025807993600437,0.0005825379157676116,0.001025807993600437,4971.24,4971.24,True,234.744,368.275,0.23288095238095238,0.3653521825396825,75.501568,False
cfloat,lobpcg_ta0,0,1024,16,12,8,0,0,1,0.0280432,0.0174464,0.6221258629542991,0.0008515504649968619,0.0008515504649968619,0.0005531616837857667,152420.0,152420.0,True,113.344,182.188,0.11244444444444444,0.18074206349206348,3.178528,True
cfloat,lobpcg_ta0,0,1024,16,12,32,0,0,1,0.0695114,0.0502942,0.7235388727604393,0.0005229372448260286,0.0005229372448260286,0.0003160941023020547,152420.0,152420.0,True,182.907,252.795,0.18145535714285715,0.25078869047619046,12.714112,True
cfloat,lobpcg_ta0,0,1024,16,12,128,0,0,1,0.257809,0.13866,0.5378400288585736,0.004637227751334199,0.0005338176712217183,0.004637227751334199,152420.0,152420.0,True,197.264,366.772,0.1956984126984127,0.3638611111111111,50.856448,True
cfloat,lobpcg_ta0,0,1024,16,12,512,0,0,1,1.02186,0.589205,0.5766005127904018,0.0017041606911007204,0.0010513964730980761,0.0017041606911007204,152420.0,152420.0,True,199.073,345.255,0.19749305555555557,0.342514880952381,203.425792,False
cfloat,lobpcg_ta0,0,1024,16,25,8,0,0,1,0.0396517,0.0292269,0.7370907174219516,0.001234496303063274,0.0008778186055074563,0.001234496303063274,316818.0,316818.0,True,123.134,167.054,0.12215674603174603,0.1657281746031746,4.882464,True
cfloat,lobpcg_ta0,0,1024,16,25,32,0,0,1,0.133169,0.0806116,0.6053330730124878,0.0034278317264512794,0.0011703249254706425,0.0034278317264512794,316818.0,316818.0,True,146.655,242.271,0.14549107142857143,0.24034821428571426,19.529856,True
cfloat,lobpcg_ta0,0,1024,16,25,128,0,0,1,0.513514,0.298157,0.5806209762538119,0.0025068437098575585,0.00048421269916691656,0.0025068437098575585,316818.0,316818.0,True,152.127,262.007,0.15091964285714288,0.2599275793650794,78.119424,False
cfloat,lobpcg_ta0,0,1024,16,25,512,0,0,1,2.08797,1.22562,0.5869911924021897,0.0030599859662864513,0.0007804853518010317,0.0030599859662864513,316818.0,316818.0,True,149.656,254.956,0.14846825396825397,0.25293253968253965,312.477696,False
cfloat,lobpcg_ta0,0,1024,16,50,8,0,0,1,0.069844,0.0563201,0.806369910085333,0.0019198929041864727,0.0019198929041864727,0.0003444596156611938,633388.0,633388.0,True,116.821,144.873,0.11589384920634921,0.14372321428571427,8.159264,True
cfloat,lobpcg_ta0,0,1024,16,50,32,0,0,1,0.256796,0.141706,0.5518232371220735,0.009743609713546939,0.009743609713546939,0.004188086601837607,633388.0,633388.0,True,127.093,230.315,0.1260843253968254,0.22848710317460316,32.637056,True
cfloat,lobpcg_ta0,0,1024,16,50,128,0,0,1,1.02305,0.593833,0.5804535457700015,0.001348682860075265,0.001348682860075265,0.001344229775037763,633388.0,633388.0,True,127.606,219.84,0.12659325396825397,0.2180952380952381,130.548224,False
cfloat,lobpcg_ta0,0,1024,16,50,512,0,0,1,4.1485,2.38316,0.5744630589369651,0.0016350182111146544,0.001490273592864891,0.0016350182111146544,633388.0,633388.0,True,125.875,219.118,0.12487599206349206,0.21737896825396824,522.192896,False
cfloat,lobpcg_ta0,0,2048,16,12,8,0,0,1,0.0544048,0.0389664,0.7162309208011057,0.0052005705378937155,0.0052005705378937155,0.0003765089923626509,305982.0,305982.0,True,116.847,163.141,0.11591964285714285,0.16184623015873015,6.357024,True
cfloat,lobpcg_ta0,0,2048,16,12,32,0,0,1,0.173001,0.117255,0.6777706487245739,0.00988410471615771,0.00988410471615771,0.007312370474606627,305982.0,305982.0,True,146.983,216.862,0.14581646825396827,0.215140873015873,25.428096,True
cfloat,lobpcg_ta0,0,2048,16,12,128,0,0,1,0.625223,0.442734,0.7081217421623965,0.0025658525038266345,0.0025658525038266345,0.0022361056526040467,305982.0,305982.0,True,162.682,229.737,0.16139087301587302,0.22791369047619048,101.712384,False
cfloat,lobpcg_ta0,0,2048,16,12,512,0,0,1,2.61301,1.82902,0.6999667050642746,0.01520288862269949,0.01520288862269949,0.0022432450164569006,305982.0,305982.0,True,155.701,222.441,0.15446527777777777,0.22067559523809524,406.849536,False
cfloat,lobpcg_ta0,0,2048,16,25,8,0,0,1,0.0929257,0.0758937,0.8167137831622467,0.0063665057137046056,0.0063665057137046056,0.0005011048347886584,636766.0,636766.0,True,105.083,128.665,0.10424900793650793,0.1276438492063492,9.764896,True
cfloat,lobpcg_ta0,0,2048,16,25,32,0,0,1,0.326722,0.218796,0.6696702395308549,0.005270566414260441,0.005270566414260441,0.003996174518729776,636766.0,636766.0,True,119.55,178.52,0.11860119047619047,0.17710317460317462,39.059584,True
cfloat,lobpcg_ta0,0,2048,16,25,128,0,0,1,1.24062,0.943414,0.7604375231738969,0.001936583514766582,0.0005612177782076703,0.001936583514766582,636766.0,636766.0,True,125.936,165.61,0.12493650793650794,0.16429563492063493,156.238336,False
cfloat,lobpcg_ta0,0,2048,16,25,512,0,0,1,5.02233,3.8462,0.7658198485563473,0.001300868389579325,0.00030971680474998657,0.001300868389579325,636766.0,636766.0,True,124.435,162.486,0.12344742063492063,0.16119642857142857,624.953344,False
cfloat,lobpcg_ta0,0,2048,16,50,8,0,0,1,0.161542,0.149037,0.9225897908902948,0.004483121640934801,0.0013811578413044285,0.004483121640934801,1275700.0,1275700.0,True,101.017,109.493,0.10021527777777778,0.10862400793650794,16.318496,True
cfloat,lobpcg_ta0,0,2048,16,50,32,0,0,1,0.610932,0.44197,0.7234356687814683,0.002046098151458244,0.001188448141528026,0.002046098151458244,1275700.0,1275700.0,True,106.843,147.689,0.10599503968253969,0.14651686507936507,65.273984,True
cfloat,lobpcg_ta0,0,2048,16,50,128,0,0,1,2.46077,1.87475,0.7618550291169024,0.002149577276970263,0.001667433364353434,0.002149577276970263,1275700.0,1275700.0,True,106.103,139.27,0.10526091269841269,0.13816468253968256,261.095936,False
cfloat,lobpcg_ta0,0,2048,16,50,512,0,0,1,9.85934,7.59296,0.77012862929973,0.0008635446518880648,0.00019466718867591542,0.0008635446518880648,1275700.0,1275700.0,True,105.928,137.546,0.10508730158730159,0.13645436507936506,1044.383744,False
cfloat,lobpcg_ta0,0,4096,16,12,8,0,0,1,0.0956658,0.0909313,0.950510004620251,0.0018916373458435513,0.0018916373458435513,0.0005753420439386657,606681.0,606681.0,True,132.9,139.82,0.1318452380952381,0.13871031746031745,12.714016,True
cfloat,lobpcg_ta0,0,4096,16,12,32,0,0,1,0.342664,0.303004,0.8842597996871571,0.0035076104605879788,0.0004259216025027432,0.0035076104605879788,606681.0,606681.0,True,148.414,167.839,0.1472361111111111,0.16650694444444444,50.856064,True
cfloat,lobpcg_ta0,0,4096,16,12,128,0,0,1,1.39009,1.23658,0.8895683013330072,0.017977253271370917,0.017977253271370917,0.011900079250836986,606681.0,606681.0,True,146.339,164.506,0.14517757936507936,0.16320039682539683,203.424256,False
cfloat,lobpcg_ta0,0,4096,16,12,512,0,0,1,5.40187,4.9322,0.913054183088449,0.004605490450508901,0.0023327662457630414,0.004605490450508901,606681.0,606681.0,True,150.633,164.976,0.1494375,0.16366666666666665,813.697024,False
cfloat,lobpcg_ta0,0,4096,16,25,8,0,0,1,0.178013,0.177351,0.9962811704763136,0.009747449972089246,0.0008007055664473943,0.009747449972089246,1264750.0,1264750.0,True,109.71,110.119,0.10883928571428571,0.10924503968253968,19.52976,True
cfloat,lobpcg_ta0,0,4096,16,25,32,0,0,1,0.668928,0.641414,0.9588685179869882,0.0032061196044988103,0.00022974520426712592,0.0032061196044988103,1264750.0,1264750.0,True,116.782,121.792,0.11585515873015872,0.12082539682539682,78.11904,False
cfloat,lobpcg_ta0,0,4096,16,25,128,0,0,1,2.6874,2.57746,0.9590905708119372,0.0061193966152724,0.004233348217608097,0.0061193966152724,1264750.0,1264750.0,True,116.274,121.234,0.11535119047619048,0.12027182539682539,312.47616,False
cfloat,lobpcg_ta0,0,4096,16,25,512,0,0,1,10.7383,10.2778,0.9571161170762597,0.0017048322360150117,0.0017048322360150117,0.0005237618945688766,1264750.0,1264750.0,True,116.397,121.612,0.11547321428571429,0.12064682539682539,1249.90464,False
cfloat,lobpcg_ta0,0,4096,16,50,8,0,0,1,0.334006,0.316715,0.9482314688957684,0.004813002225976035,0.00034022742106429223,0.004813002225976035,2531830.0,2531830.0,True,97.7137,103.048,0.09693819444444444,0.10223015873015873,32.63696,True
cfloat,lobpcg_ta0,0,4096,16,50,32,0,0,1,1.30169,1.27621,0.9804254469190054,0.002710517861480477,0.0007342746736934293,0.002710517861480477,2531830.0,2531830.0,True,100.291,102.293,0.09949503968253968,0.1014811507936508,130.54784,False
cfloat,lobpcg_ta0,0,4096,16,50,128,0,0,1,5.25162,5.08432,0.9681431634428995,0.001567961890675646,0.0007622143262459964,0.001567961890675646,2531830.0,2531830.0,True,99.4344,102.706,0.09864523809523809,0.10189087301587302,522.19136,False
cfloat,lobpcg_ta0,0,4096,16,50,512,0,0,1,21.1952,20.3255,0.9589671246319922,0.0011194656958008412,0.0005197025741677361,0.0011194656958008412,2531830.0,2531830.0,True,98.5489,102.766,0.09776676587301587,0.10195039682539683,2088.76544,False
cfloat,lobpcg_ta1,1,1024,16,12,8,0,0,1,0.0743674,0.0739557,0.9944639721168146,0.00221797643724554,0.0007962386744729546,0.00221797643724554,153237.0,153237.0,True,42.7409,42.9788,0.04240168650793651,0.04263769841269841,3.178528,True
cfloat,lobpcg_ta1,1,1024,16,12,32,0,0,1,0.238312,0.265374,1.113557017691094,0.0013599608916042834,0.0013599608916042834,0.0007398388689170755,153237.0,153237.0,True,53.3507,47.9101,0.05292728174603175,0.04752986111111111,12.714112,True
cfloat,lobpcg_ta1,1,1024,16,12,128,0,0,1,0.888581,0.961617,1.0821939699363368,0.0005440989622780591,0.0005440989622780591,0.0005150272925707427,153237.0,153237.0,True,57.2334,52.8864,0.05677916666666667,0.05246666666666667,50.856448,True
cfloat,lobpcg_ta1,1,1024,16,12,512,0,0,1,3.52085,3.98189,1.130945652328273,0.006636607637360297,0.006636607637360297,0.0023097247789366357,153237.0,153237.0,True,57.7775,51.0877,0.05731894841269842,0.05068224206349206,203.425792,False
cfloat,lobpcg_ta1,1,1024,16,25,8,0,0,1,0.132583,0.136897,1.0325381082039173,0.0014128659028683917,0.0014128659028683917,0.0011725896111675202,317856.0,317856.0,True,36.8258,35.6653,0.036533531746031744,0.03538224206349207,4.882464,True
cfloat,lobpcg_ta1,1,1024,16,25,32,0,0,1,0.471845,0.478899,1.0149498246246118,0.000804641354682152,0.000804641354682152,0.0004715169586906633,317856.0,317856.0,True,41.3904,40.7807,0.041061904761904765,0.04045704365079365,19.529856,True
cfloat,lobpcg_ta1,1,1024,16,25,128,0,0,1,1.84397,1.88517,1.022343096688124,0.0010000901775436698,0.000667418667331898,0.0010000901775436698,317856.0,317856.0,True,42.3648,41.4389,0.04202857142857143,0.041110019841269836,78.119424,False
cfloat,lobpcg_ta1,1,1024,16,25,512,0,0,1,7.40399,7.65784,1.0342855676466338,0.0020160123481294985,0.0004937148753577463,0.0020160123481294985,317856.0,317856.0,True,42.204,40.8049,0.04186904761904762,0.04048105158730159,312.477696,False
cfloat,lobpcg_ta1,1,1024,16,50,8,0,0,1,0.244792,0.238209,0.9731077813000425,0.0011898060394130525,0.0011898060394130525,0.0011061210953406462,634994.0,634994.0,True,33.3314,34.2525,0.033066865079365085,0.03398065476190476,8.159264,True
cfloat,lobpcg_ta1,1,1024,16,50,32,0,0,1,0.917254,0.874371,0.9532485004153702,0.0014689531102929992,0.0003360366921267174,0.0014689531102929992,634994.0,634994.0,True,35.5813,37.3263,0.03529890873015873,0.03703005952380953,32.637056,True
cfloat,lobpcg_ta1,1,1024,16,50,128,0,0,1,3.65118,3.72217,1.0194430293768042,0.0036748455873858526,0.0005544947112988129,0.0036748455873858526,634994.0,634994.0,True,35.7551,35.0731,0.035471329365079365,0.03479474206349206,130.548224,False
cfloat,lobpcg_ta1,1,1024,16,50,512,0,0,1,14.6717,16.0702,1.0953195607870936,0.000995930941881309,0.000995930941881309,0.0009786312553670769,634994.0,634994.0,True,35.5918,32.4944,0.035309325396825395,0.03223650793650794,522.192896,False
cfloat,lobpcg_ta1,1,2048,16,12,8,0,0,1,0.119092,0.130936,1.0994525240990158,0.0017260353340274746,0.0017260353340274746,0.0009911407099651738,306276.0,306276.0,True,53.3791,48.5507,0.05295545634920635,0.048165376984126984,6.357024,True
cfloat,lobpcg_ta1,1,2048,16,12,32,0,0,1,0.421276,0.499233,1.1850497061308976,0.004212748886715597,0.004212748886715597,0.00042640410389537556,306276.0,306276.0,True,60.3597,50.9343,0.05988065476190476,0.050530059523809526,25.428096,True
cfloat,lobpcg_ta1,1,2048,16,12,128,0,0,1,1.63582,1.89025,1.1555366727390544,0.006583150376934268,0.002025846364514433,0.006583150376934268,306276.0,306276.0,True,62.1783,53.8089,0.06168482142857143,0.05338184523809524,101.712384,False
cfloat,lobpcg_ta1,1,2048,16,12,512,0,0,1,6.52123,7.40176,1.1350251409626713,0.001965212084223375,0.001965212084223375,0.0014147446012840188,306276.0,306276.0,True,62.3885,54.9666,0.06189335317460318,0.054530357142857144,406.849536,False
cfloat,lobpcg_ta1,1,2048,16,25,8,0,0,1,0.225788,0.232361,1.0291113788155262,0.007965569472248303,0.007965569472248303,0.001181265358644523,637282.0,637282.0,True,43.248,42.0246,0.042904761904761904,0.04169107142857143,9.764896,True
cfloat,lobpcg_ta1,1,2048,16,25,32,0,0,1,0.836613,0.930643,1.1123936634979374,0.0019498346841914677,0.0010566056229104734,0.0019498346841914677,637282.0,637282.0,True,46.6878,41.9706,0.04631726190476191,0.0416375,39.059584,True
cfloat,lobpcg_ta1,1,2048,16,25,128,0,0,1,3.30661,3.7056,1.1206643662240179,0.004006883182473893,0.004006883182473893,0.003604409542314335,637282.0,637282.0,True,47.2503,42.1628,0.04687529761904762,0.0418281746031746,156.238336,False
cfloat,lobpcg_ta1,1,2048,16,25,512,0,0,1,13.3126,14.7731,1.109708096089419,0.0018732222756225846,0.00042073449213527033,0.0018732222756225846,637282.0,637282.0,True,46.9443,42.3036,0.04657172619047619,0.04196785714285715,624.953344,False
cfloat,lobpcg_ta1,1,2048,16,50,8,0,0,1,0.418263,0.435739,1.0417823235619694,0.0030270188852468427,0.0030270188852468427,0.0008468188525700018,1274790.0,1274790.0,True,39.015,37.4501,0.038705357142857146,0.03715287698412698,16.318496,True
cfloat,lobpcg_ta1,1,2048,16,50,32,0,0,1,1.62824,1.762,1.0821500515894464,0.0016384790011350736,0.0005385975040534565,0.0016384790011350736,1274790.0,1274790.0,True,40.0886,37.0453,0.039770436507936505,0.03675128968253968,65.273984,True
cfloat,lobpcg_ta1,1,2048,16,50,128,0,0,1,6.60057,8.56652,1.2978454891016988,0.0013146995512763643,0.0004249996591203487,0.0013146995512763643,1274790.0,1274790.0,True,39.5566,30.4787,0.03924265873015873,0.030236805555555555,261.095936,False
cfloat,lobpcg_ta1,1,2048,16,50,512,0,0,1,26.4128,32.2177,1.2197760176883934,0.002476380995539719,0.0008661368730312576,0.002476380995539719,1274790.0,1274790.0,True,39.5408,32.4165,0.039226984126984124,0.03215922619047619,1044.383744,False
cfloat,lobpcg_ta1,1,4096,16,12,8,0,0,1,0.205366,0.217706,1.0600878431678078,0.007184928371785008,0.007184928371785008,0.0006879231624300663,606699.0,606699.0,True,61.9089,58.3998,0.06141755952380953,0.05793630952380952,12.714016,True
cfloat,lobpcg_ta1,1,4096,16,12,32,0,0,1,0.764815,0.830919,1.0864313592175885,0.0014737681661578291,0.0014737681661578291,0.0005536520406922937,606699.0,606699.0,True,66.4946,61.2046,0.06596686507936508,0.06071884920634921,50.856064,True
cfloat,lobpcg_ta1,1,4096,16,12,128,0,0,1,3.08444,3.54536,1.1494339329019208,0.0051594130539093005,0.0051594130539093005,0.0015997021459033779,606699.0,606699.0,True,65.9518,57.3776,0.06542837301587302,0.05692222222222222,203.424256,False
cfloat,lobpcg_ta1,1,4096,16,12,512,0,0,1,12.6337,14.0494,1.1120574336892597,0.000746793457371845,0.0006853083419742434,0.000746793457371845,606699.0,606699.0,True,64.407,57.9167,0.06389583333333333,0.05745704365079365,813.697024,False
cfloat,lobpcg_ta1,1,4096,16,25,8,0,0,1,0.398964,0.418776,1.0496586158149608,0.0010431256805547597,0.0007334596605207488,0.0010431256805547597,1264620.0,1264620.0,True,48.9511,46.6353,0.048562599206349207,0.046265178571428575,19.52976,True
cfloat,lobpcg_ta1,1,4096,16,25,32,0,0,1,1.5561,1.66979,1.0730608572713836,0.009065612749823275,0.009065612749823275,0.0007256421466172393,1264620.0,1264620.0,True,50.2017,46.7837,0.04980327380952381,0.0464124007936508,78.11904,False
cfloat,lobpcg_ta1,1,4096,16,25,128,0,0,1,6.44403,7.42369,1.1520259837399889,0.0017237384642947108,0.001071022326090971,0.0017237384642947108,1264620.0,1264620.0,True,48.4908,42.0917,0.04810595238095238,0.04175763888888889,312.47616,False
cfloat,lobpcg_ta1,1,4096,16,25,512,0,0,1,25.7282,29.735,1.1557357296662805,0.0013306171178745587,0.0009665580957859468,0.0013306171178745587,1264620.0,1264620.0,True,48.5811,42.0348,0.04819553571428571,0.041701190476190475,1249.90464,False
cfloat,lobpcg_ta1,1,4096,16,50,8,0,0,1,0.772415,0.805587,1.0429458257542903,0.0007961784388278361,0.00042140429691292893,0.0007961784388278361,2532050.0,2532050.0,True,42.2532,40.5133,0.041917857142857146,0.04019176587301587,32.63696,True
cfloat,lobpcg_ta1,1,4096,16,50,32,0,0,1,3.11584,3.77465,1.2114389699085961,0.0016641066293519564,0.0016641066293519564,0.0011388843998781345,2532050.0,2532050.0,True,41.8981,34.5854,0.0415655753968254,0.0343109126984127,130.54784,False
cfloat,lobpcg_ta1,1,4096,16,50,128,0,0,1,12.732,17.7854,1.3969054351240968,0.0022173524351434323,0.000390937794533459,0.0022173524351434323,2532050.0,2532050.0,True,41.014,29.3607,0.040688492063492065,0.02912767857142857,522.19136,False
cfloat,lobpcg_ta1,1,4096,16,50,512,0,0,1,50.8649,75.791,1.4900451981621905,0.008700650473011308,8.609728909326471e-05,0.008700650473011308,2532050.0,2532050.0,True,41.0649,27.5595,0.0407389880952381,0.027340773809523808,2088.76544,False
double,cellsA0,0,1024,3,2,512,0,0,0,0.166629,0.010161,0.060979781430603314,0.001496191319751993,0.0008556673808280671,0.001496191319751993,874.683,874.683,True,226.555,3715.28,0.22475694444444444,3.685793650793651,37.750784,True
double,cellsA0,0,1024,3,2,512,0,0,1,0.166445,0.0216926,0.1303289374868575,0.0019747425389303264,0.0009340983508065727,0.0019747425389303264,2210.61,2210.61,True,226.806,1740.26,0.2250059523809524,1.7264484126984128,37.750784,True
double,cellsA0,0,1024,3,2,512,0,1,0,0.161888,0.0119986,0.0741166732555841,0.0009526215655267839,0.0009526215655267839,0.0007047405530645242,3050890.0,36558200.0,True,285.008,3845.39,0.28274603174603175,3.8148710317460317,37.750784,True
double,cellsA0,0,1024,3,2,512,0,1,1,0.16179,0.0227832,0.1408195809382533,0.0012542970258787177,0.001013295012052661,0.0012542970258787177,7710610.0,60137400.0,True,285.181,2025.15,0.2829176587301587,2.009077380952381,37.750784,True
double,cellsA0,0,1024,3,2,512,1,0,0,0.166763,0.00986261,0.05914147622674095,0.008299486647043733,0.0009680864460341922,0.008299486647043733,830.115,830.115,True,226.374,3827.67,0.22457738095238095,3.7972916666666667,37.750784,True
double,cellsA0,0,1024,3,2,512,1,0,1,0.166606,0.0193992,0.11643758328031402,0.0013495608066312014,0.0009805709278177255,0.0013495608066312014,2154.98,2154.98,True,226.587,1946.0,0.22478869047619046,1.9305555555555556,37.750784,True
double,cellsA0,0,1024,3,2,512,1,1,0,0.162139,0.0117823,0.07266789606448788,0.005626388735645841,0.001069569936905988,0.005626388735645841,2888800.0,35505700.0,True,284.566,3915.99,0.28230753968253963,3.884910714285714,37.750784,True
double,cellsA0,0,1024,3,2,512,1,1,1,0.161939,0.0206227,0.12734856952309204,0.0011476334330616262,0.0010832473956242782,0.0011476334330616262,7516570.0,62641000.0,True,284.919,2237.31,0.2826577380952381,2.2195535714285715,37.750784,True
double,cellsA1,1,1024,3,2,512,0,0,0,0.166795,0.0449864,0.2697107227434875,0.0015128994540572261,0.0009197937588057197,0.0015128994540572261,885.778,885.778,True,226.33,839.16,0.22453373015873018,0.8325,37.750784,True
double,cellsA1,1,1024,3,2,512,0,0,1,0.166541,0.0588106,0.35312985991437545,0.001019628800115287,0.001019628800115287,0.0007816703111343874,2210.61,2210.61,True,226.676,641.904,0.22487698412698412,0.6368095238095238,37.750784,True
double,cellsA1,1,1024,3,2,512,0,1,0,0.161745,0.0458542,0.2834968623450493,0.0030098673838449413,0.0030098673838449413,0.0013440818943520985,3096680.0,16613600.0,True,285.261,1006.22,0.28299702380952385,0.9982341269841271,37.750784,True
double,cellsA1,1,1024,3,2,512,0,1,1,0.161635,0.0592005,0.3662604015219476,0.008752436044173601,0.008752436044173601,0.0008608457698837003,7728290.0,37200100.0,True,285.454,779.375,0.28318849206349206,0.7731894841269841,37.750784,True
double,cellsA1,1,1024,3,2,512,1,0,0,0.16696,0.0441751,0.2645849305222808,0.0011225982271202684,0.0011225982271202684,0.0002148968536573771,845.279,845.279,True,226.106,854.571,0.22431150793650792,0.8477886904761905,37.750784,True
double,cellsA1,1,1024,3,2,512,1,0,1,0.16654,0.0587415,0.35271706496937677,0.0041095137168781866,0.0009771045994956167,0.0041095137168781866,2154.98,2154.98,True,226.677,642.66,0.22487797619047617,0.6375595238095237,37.750784,True
double,cellsA1,1,1024,3,2,512,1,1,0,0.161577,0.0449193,0.2780055329657068,0.001039801456890523,0.001039801456890523,0.0004096835881235905,2955100.0,16002800.0,True,285.558,1027.16,0.28329166666666666,1.0190079365079365,37.750784,True
double,cellsA1,1,1024,3,2,512,1,1,1,0.161233,0.0591997,0.3671686317317175,0.0010666923024442887,0.0010666923024442887,0.0007110661033755239,7533810.0,36246800.0,True,286.165,779.386,0.28389384920634925,0.7732003968253968,37.750784,True
double,cellsB0,0,1024,16,12,512,0,0,0,1.23543,0.354024,0.2865593356159394,0.005652102682304024,0.00039312466104918936,0.005652102682304024,11906.0,11906.0,True,164.66,574.611,0.1633531746031746,0.5700505952380952,203.425792,False
double,cellsB0,0,1024,16,12,512,0,0,1,1.46818,0.529511,0.36065809369423363,0.0022765343873876087,0.0005713761255431895,0.0022765343873876087,53883.0,53883.0,True,138.557,384.176,0.13745734126984127,0.3811269841269841,203.425792,False
double,cellsB0,0,1024,16,12,512,0,1,0,1.21085,0.364881,0.3013428583226659,0.0058041114774405895,0.0005192831482016766,0.0058041114774405895,5262450.0,25240700.0,True,209.57,695.452,0.20790674603174603,0.6899325396825396,203.425792,False
double,cellsB0,0,1024,16,12,512,0,1,1,1.56679,0.542534,0.34627103823741534,0.002336627750518862,0.0012024585298604153,0.002336627750518862,19936700.0,94834000.0,True,161.96,467.726,0.1606746031746032,0.4640138888888889,203.425792,False
double,cellsB0,0,1024,16,12,512,1,0,0,1.29095,0.448298,0.3472620938068864,0.0021127665079924514,0.00195036213641117,0.0021127665079924514,11707.4,11707.4,True,157.579,453.774,0.15632837301587302,0.45017261904761907,203.425792,False
double,cellsB0,0,1024,16,12,512,1,0,1,1.52029,0.501216,0.329684468094903,0.003305533812627854,0.003305533812627854,0.003073325671965779,53636.6,53636.6,True,133.807,405.864,0.13274503968253967,0.40264285714285714,203.425792,False
double,cellsB0,0,1024,16,12,512,1,1,0,1.2668,0.428889,0.33856094095358386,0.004670322624268751,0.0009629933691190401,0.004670322624268751,4987330.0,22852700.0,True,200.314,591.663,0.19872420634920634,0.5869672619047619,203.425792,False
double,cellsB0,0,1024,16,12,512,1,1,1,1.49276,0.52546,0.3520056807524317,0.0035974574658394548,0.0005787608188858222,0.0035974574658394548,19845500.0,95687700.0,True,169.992,482.924,0.16864285714285712,0.4790912698412698,203.425792,False
double,cellsB1,1,1024,16,12,512,0,0,0,1.28824,1.501,1.165155561075576,0.0037642904730179885,0.003426613053468298,0.0037642904730179885,11751.2,11751.2,True,157.91,135.526,0.15665674603174604,0.13445039682539683,203.425792,False
double,cellsB1,1,1024,16,12,512,0,0,1,1.90676,2.31103,1.2120193417105456,0.012895172963561224,0.012895172963561224,0.003309048346408311,53883.0,53883.0,True,106.687,88.024,0.10584027777777777,0.08732539682539682,203.425792,False
double,cellsB1,1,1024,16,12,512,0,1,0,1.26672,1.57465,1.2430923961096374,0.0029841298066236943,0.0013359858532272324,0.0029841298066236943,5006020.0,4253940.0,True,200.327,161.152,0.19873710317460316,0.15987301587301586,203.425792,False
double,cellsB1,1,1024,16,12,512,0,1,1,1.84319,2.35922,1.279965711619529,0.004280779240596468,0.000931824716930973,0.004280779240596468,17350300.0,15195000.0,True,137.673,107.56,0.13658035714285716,0.10670634920634921,203.425792,False
double,cellsB1,1,1024,16,12,512,1,0,0,1.29863,1.545,1.1897153153708138,0.0023891456310679614,0.0010932290182731033,0.0023891456310679614,11930.3,11930.3,True,156.646,131.667,0.15540277777777775,0.1306220238095238,203.425792,False
double,cellsB1,1,1024,16,12,512,1,0,1,1.89784,2.30478,1.214422712135902,0.005338817587795798,0.0009964380558951228,0.005338817587795798,53636.6,53636.6,True,107.188,88.2625,0.10633730158730159,0.08756200396825398,203.425792,False
double,cellsB1,1,1024,16,12,512,1,1,0,1.2188,1.50461,1.2345011486708237,0.0031394447730641165,0.0004705792582868395,0.0031394447730641165,5082290.0,4509640.0,True,208.203,168.653,0.20655059523809524,0.16731448412698413,203.425792,False
double,cellsB1,1,1024,16,12,512,1,1,1,1.84312,2.25865,1.2254492382481876,0.0033317822593141927,0.0005895221146751162,0.0033317822593141927,17700100.0,15554600.0,True,137.678,112.349,0.13658531746031746,0.11145734126984128,203.425792,False
double,cellsC0,0,2048,16,25,128,0,0,0,1.2167,0.327669,0.26930960795594644,0.0027908712755860335,0.001148549354812197,0.0027908712755860335,49004.8,49004.8,True,128.412,476.818,0.12739285714285714,0.4730337301587301,156.238336,False
double,cellsC0,0,2048,16,25,128,0,0,1,1.47919,0.80977,0.5474415051480878,0.004250184222446068,0.004250184222446068,0.002745989601985749,223176.0,223176.0,True,105.624,192.942,0.10478571428571429,0.1914107142857143,156.238336,False
double,cellsC0,0,2048,16,25,128,0,1,0,1.2239,0.335024,0.27373478225345205,0.006113621710683414,0.0020389819429691967,0.006113621710683414,21660100.0,108595000.0,True,170.494,622.843,0.16914087301587302,0.6178998015873015,156.238336,False
double,cellsC0,0,2048,16,25,128,0,1,1,1.82752,0.812593,0.44464246629311854,0.00197579780248643,0.00197579780248643,0.0017417452525434012,73647900.0,337441000.0,True,114.18,256.792,0.11327380952380953,0.25475396825396823,156.238336,False
double,cellsC0,0,2048,16,25,128,1,0,0,1.22048,0.747129,0.6121599698479288,0.0016694305802612398,0.0004888478303618248,0.0016694305802612398,48901.2,48901.2,True,128.014,209.118,0.12699801587301587,0.20745833333333333,156.238336,False
double,cellsC0,0,2048,16,25,128,1,0,1,1.4718,0.665535,0.45219119445576844,0.0082916836526702,0.0082916836526702,0.0010787982600464288,222847.0,222847.0,True,106.154,234.756,0.10531150793650794,0.23289285714285715,156.238336,False
double,cellsC0,0,2048,16,25,128,1,1,0,1.19581,0.725808,0.606959299554277,0.0014183227520225734,0.0004950017143191644,0.0014183227520225734,21614300.0,76677000.0,True,174.498,287.497,0.17311309523809523,0.2852152777777778,156.238336,False
double,cellsC0,0,2048,16,25,128,1,1,1,1.51178,0.669454,0.44282501422164605,0.005765514823585443,0.005765514823585443,0.003214395611946452,84236100.0,360120000.0,True,138.028,311.698,0.13693253968253968,0.30922420634920633,156.238336,False
double,cellsC1,1,2048,16,25,128,0,0,0,1.21481,1.40187,1.1539829273713584,0.0031379799838786764,0.00033551748833150866,0.0031379799838786764,48918.6,48918.6,True,128.611,111.45,0.12759027777777776,0.1105654761904762,156.238336,False
double,cellsC1,1,2048,16,25,128,0,0,1,1.75422,2.23748,1.2754842608110728,0.003501242469206428,0.0005427426434540708,0.003501242469206428,223176.0,223176.0,True,89.0644,69.8277,0.08835753968253969,0.0692735119047619,156.238336,False
double,cellsC1,1,2048,16,25,128,0,1,0,1.18953,1.45058,1.219456423965768,0.003925740048808063,0.00045650887325246107,0.003925740048808063,22013400.0,18882600.0,True,175.42,143.851,0.17402777777777775,0.1427093253968254,156.238336,False
double,cellsC1,1,2048,16,25,128,0,1,1,1.75474,2.24009,1.276593683394691,0.002442196518889866,0.0006257280280839327,0.002442196518889866,75433300.0,64720900.0,True,118.916,93.1511,0.11797222222222221,0.09241180555555556,156.238336,False
double,cellsC1,1,2048,16,25,128,1,0,0,1.22315,1.42709,1.1667334341658833,0.00382049485316273,0.0025388709479622286,0.00382049485316273,49053.2,49053.2,True,127.734,109.481,0.12672023809523808,0.10861210317460317,156.238336,False
double,cellsC1,1,2048,16,25,128,1,0,1,1.75761,2.30938,1.3139319871871462,0.003443768457334869,0.0009221215172876804,0.003443768457334869,222847.0,222847.0,True,88.8927,67.6538,0.08818720238095239,0.06711686507936508,156.238336,False
double,cellsC1,1,2048,16,25,128,1,1,0,1.19747,1.47856,1.2347365696009087,0.003827331998701439,0.0005900264724794775,0.003827331998701439,21681500.0,18542100.0,True,174.256,141.129,0.17287301587301587,0.14000892857142858,156.238336,False
double,cellsC1,1,2048,16,25,128,1,1,1,1.75773,2.33142,1.3263811848236078,0.002845660584536463,0.0007300097284565889,0.002845660584536463,75322200.0,62842800.0,True,118.714,89.502,0.11777182539682539,0.08879166666666666,156.238336,False
double,lanczos_ta0,0,1024,3,1,8,0,0,0,0.0162931,0.00291306,0.17879102196635382,0.01205958682622397,0.0014509025292915405,0.01205958682622397,440.696,440.696,True,28.1582,157.492,0.027934722222222222,0.1562420634920635,0.458784,True
double,lanczos_ta0,0,1024,3,1,8,0,0,1,0.0164153,0.00340941,0.20769708747327187,0.001497468824815873,0.001497468824815873,0.00134111180526836,1134.05,1134.05,True,27.9486,134.564,0.027726785714285714,0.13349603174603175,0.458784,True
double,lanczos_ta0,0,1024,3,1,32,0,0,0,0.0220035,0.00288141,0.13095234849001297,0.01813216446114923,0.001015052150794192,0.01813216446114923,440.696,440.696,True,83.4019,636.889,0.08273998015873016,0.6318343253968254,1.835136,True
double,lanczos_ta0,0,1024,3,1,32,0,0,1,0.0218448,0.00381594,0.17468413535486704,0.0029891979433638895,0.0013481927049000218,0.0029891979433638895,1134.05,1134.05,True,84.0078,480.913,0.08334107142857143,0.47709623015873015,1.835136,True
double,lanczos_ta0,0,1024,3,1,64,0,0,0,0.0310099,0.00313773,0.10118478292416293,0.0010558015343487082,0.0010558015343487082,0.0005792818375067325,440.696,440.696,True,118.358,1169.72,0.1174186507936508,1.160436507936508,3.670272,True
double,lanczos_ta0,0,1024,3,1,64,0,0,1,0.0309491,0.00444174,0.14351758209447124,0.07462616001837119,0.0008760804029842548,0.07462616001837119,1134.05,1134.05,True,118.591,826.315,0.11764980158730158,0.8197569444444445,3.670272,True
double,lanczos_ta0,0,1024,3,1,128,0,0,0,0.0494019,0.00408485,0.0826860910207907,0.0007351579595116787,0.0007351579595116787,0.000511499810274551,440.696,440.696,True,148.588,1797.02,0.14740873015873016,1.7827579365079365,7.340544,True
double,lanczos_ta0,0,1024,3,1,128,0,0,1,0.0499715,0.00613661,0.12280219725243388,0.0005873527910909218,0.0005873527910909218,0.0004958812764702335,1134.05,1134.05,True,146.895,1196.19,0.1457291666666667,1.1866964285714285,7.340544,True
double,lanczos_ta0,0,1024,3,1,256,0,0,0,0.0873673,0.00569111,0.06514004667650254,0.0004304093179026936,0.0004304093179026936,0.0003582078012900822,440.696,440.696,True,168.039,2579.65,0.16670535714285714,2.5591765873015873,14.681088,True
double,lanczos_ta0,0,1024,3,1,256,0,0,1,0.0873459,0.0101607,0.11632715445143961,0.0012406133435688485,0.0003571489903933671,0.0012406133435688485,1134.05,1134.05,True,168.08,1444.9,0.16674603174603175,1.4334325396825398,14.681088,True
double,lanczos_ta0,0,1024,3,1,512,0,0,0,0.164608,0.008747,0.05313836508553654,0.0009808393273716951,0.0009808393273716951,0.00026815022293357724,440.696,440.696,True,178.376,3356.83,0.17696031746031746,3.330188492063492,29.362176,True
double,lanczos_ta0,0,1024,3,1,512,0,0,1,0.164568,0.016873,0.10252904574400855,0.0008618808030722863,0.0008618808030722863,0.0008295975819356369,1134.05,1134.05,True,178.419,1740.18,0.1770029761904762,1.7263690476190476,29.362176,True
double,lanczos_ta0,0,1024,3,1,1024,0,0,0,0.319902,0.0149907,0.04686028846334189,0.0014822523297777957,0.00063551962788604,0.0014822523297777957,440.696,440.696,True,183.57,3917.39,0.18211309523809524,3.886299603174603,58.724352,True
double,lanczos_ta0,0,1024,3,1,1024,0,0,1,0.31956,0.0303028,0.09482663662535987,0.0005535705344849167,0.0005535705344849167,0.0005010131076996185,1134.05,1134.05,True,183.766,1937.92,0.18230753968253968,1.9225396825396825,58.724352,True
double,lanczos_ta0,0,1024,3,2,8,0,0,0,0.0167625,0.0029017,0.17310663683818048,0.01652948271702795,0.0014247874720357944,0.01652948271702795,874.683,874.683,True,35.1891,203.279,0.03490982142857143,0.2016656746031746,0.589856,True
double,lanczos_ta0,0,1024,3,2,8,0,0,1,0.016775,0.00350459,0.20891743666169893,0.03815367846167455,0.0012819195230998508,0.03815367846167455,2210.61,2210.61,True,35.1629,168.31,0.03488382936507937,0.16697420634920634,0.589856,True
double,lanczos_ta0,0,1024,3,2,32,0,0,0,0.0227941,0.00322062,0.141291825516252,0.15941247337469183,0.0011950987316893405,0.15941247337469183,874.683,874.683,True,103.51,732.599,0.10268849206349207,0.7267847222222222,2.359424,True
double,lanczos_ta0,0,1024,3,2,32,0,0,1,0.0231332,0.00409648,0.17708228865872427,0.04801854274889661,0.0009904120484844293,0.04801854274889661,2210.61,2210.61,True,101.993,575.964,0.10118353174603174,0.5713928571428571,2.359424,True
double,lanczos_ta0,0,1024,3,2,64,0,0,0,0.0326584,0.00322902,0.09887257183450507,0.0032188403912022843,0.000890110966856919,0.0032188403912022843,874.683,874.683,True,144.491,1461.39,0.14334424603174606,1.4497916666666668,4.718848,True
double,lanczos_ta0,0,1024,3,2,64,0,0,1,0.0327644,0.00485638,0.14822124012647875,0.0009687648789539866,0.0009687648789539866,0.000530166502621294,2210.61,2210.61,True,144.023,971.681,0.1428799603174603,0.963969246031746,4.718848,True
double,lanczos_ta0,0,1024,3,2,128,0,0,0,0.0509801,0.00453319,0.08892077496905657,0.06494830351253753,0.0007524112349720773,0.06494830351253753,874.683,874.683,True,185.125,2081.91,0.18365575396825398,2.0653869047619047,9.437696,True
double,lanczos_ta0,0,1024,3,2,128,0,0,1,0.0510971,0.00701196,0.13722814014885384,0.030630665320395437,0.0008537979650508541,0.030630665320395437,2210.61,2210.61,True,184.701,1345.94,0.18323511904761905,1.3352579365079367,9.437696,True
double,lanczos_ta0,0,1024,3,2,256,0,0,0,0.0891839,0.00661575,0.07418099006659275,0.012499550315534897,0.0019550950339691357,0.012499550315534897,874.683,874.683,True,211.646,2853.1,0.20996626984126981,2.830456349206349,18.875392,True
double,lanczos_ta0,0,1024,3,2,256,0,0,1,0.0892646,0.0111738,0.12517616165870904,0.010914550108289034,0.0005127183676395794,0.010914550108289034,2210.61,2210.61,True,211.454,1689.25,0.20977579365079366,1.675843253968254,18.875392,True
double,lanczos_ta0,0,1024,3,2,512,0,0,0,0.166599,0.0101448,0.06089352277024473,0.0012356281050390347,0.0008798312114718577,0.0012356281050390347,874.683,874.683,True,226.596,3721.19,0.22479761904761905,3.691656746031746,37.750784,True
double,lanczos_ta0,0,1024,3,2,512,0,0,1,0.166462,0.021651,0.13006572070502578,0.001120086832016997,0.0009406170777715035,0.001120086832016997,2210.61,2210.61,True,226.783,1743.61,0.2249831349206349,1.7297718253968253,37.750784,True
double,lanczos_ta0,0,1024,3,2,1024,0,0,0,0.322067,0.0360264,0.1118599546057187,0.0015621266626695979,0.0007295593773966287,0.0015621266626695979,874.683,874.683,True,234.428,2095.73,0.2325674603174603,2.0790972222222224,75.501568,False
double,lanczos_ta0,0,1024,3,2,1024,0,0,1,0.321716,0.0430191,0.13371762672667817,0.014128468517472473,0.0006291449601511892,0.014128468517472473,2210.61,2210.61,True,234.684,1755.07,0.23282142857142857,1.741140873015873,75.501568,False
double,lanczos_ta1,1,1024,3,1,8,0,0,0,0.0166269,0.00519451,0.3124160246347786,0.014266331184269546,0.001455039724783333,0.014266331184269546,458.725,458.725,True,27.5929,88.321,0.02737390873015873,0.08762003968253967,0.458784,True
double,lanczos_ta1,1,1024,3,1,8,0,0,1,0.0167259,0.00526702,0.3149020381563922,0.012853492107491524,0.002295087259878392,0.012853492107491524,1134.05,1134.05,True,27.4296,87.1051,0.027211904761904764,0.08641378968253968,0.458784,True
double,lanczos_ta1,1,1024,3,1,32,0,0,0,0.0222046,0.00538209,0.24238626230600865,0.0772987817000459,0.0013468425461390884,0.0772987817000459,458.725,458.725,True,82.6468,340.971,0.08199087301587302,0.33826488095238094,1.835136,True
double,lanczos_ta1,1,1024,3,1,32,0,0,1,0.0222831,0.00609068,0.27333180751331726,0.0257678945536459,0.0012268445593297164,0.0257678945536459,1134.05,1134.05,True,82.3554,301.302,0.08170178571428571,0.2989107142857143,1.835136,True
double,lanczos_ta1,1,1024,3,1,64,0,0,0,0.0312043,0.00583178,0.18689026832840344,0.025489987619560412,0.0009405754976077014,0.025489987619560412,458.725,458.725,True,117.621,629.357,0.1166875,0.6243621031746032,3.670272,True
double,lanczos_ta1,1,1024,3,1,64,0,0,1,0.0314333,0.00766025,0.24369856171639634,0.0030398355145067066,0.0010018769903255465,0.0030398355145067066,1134.05,1134.05,True,116.764,479.132,0.11583730158730159,0.4753293650793651,3.670272,True
double,lanczos_ta1,1,1024,3,1,128,0,0,0,0.0495935,0.00859343,0.1732773448133324,0.04794825814604878,0.0006229163095970239,0.04794825814604878,458.725,458.725,True,148.014,854.204,0.14683928571428573,0.8474246031746031,7.340544,True
double,lanczos_ta1,1,1024,3,1,128,0,0,1,0.0496252,0.0109977,0.22161522774719294,0.0051721504396959606,0.0051721504396959606,0.0017544213790156124,1134.05,1134.05,True,147.92,667.46,0.14674603174603174,0.6621626984126985,7.340544,True
double,lanczos_ta1,1,1024,3,1,256,0,0,0,0.0876595,0.0137646,0.1570234829082986,0.0005645948242917197,0.0005645948242917197,0.0005342225709428534,458.725,458.725,True,167.479,1066.59,0.1661498015873016,1.058125,14.681088,True
double,lanczos_ta1,1,1024,3,1,256,0,0,1,0.0878836,0.0183987,0.2093530533569403,0.002395816739414407,0.002395816739414407,0.0011620060112942762,1134.05,1134.05,True,167.052,797.943,0.16572619047619047,0.791610119047619,14.681088,True
double,lanczos_ta1,1,1024,3,1,512,0,0,0,0.165152,0.0239181,0.14482476748692116,0.0011406704127107149,0.0011406704127107149,0.0008008077564689503,458.725,458.725,True,177.789,1227.61,0.17637797619047618,1.2178670634920634,29.362176,True
double,lanczos_ta1,1,1024,3,1,512,0,0,1,0.164991,0.0321676,0.19496578601257036,0.005683128170627489,0.005683128170627489,0.0008724026660366332,1134.05,1134.05,True,177.962,912.788,0.17654960317460316,0.9055436507936508,29.362176,True
double,lanczos_ta1,1,1024,3,1,1024,0,0,0,0.320608,0.0441695,0.13776792843597166,0.0005736350933226869,0.0005736350933226869,0.0001973198700460725,458.725,458.725,True,183.165,1329.52,0.1817113095238095,1.318968253968254,58.724352,True
double,lanczos_ta1,1,1024,3,1,1024,0,0,1,0.32039,0.059195,0.18475919972533475,0.004075428667961821,0.003004694278847654,0.004075428667961821,1134.05,1134.05,True,183.29,992.049,0.18183531746031745,0.9841755952380952,58.724352,True
double,lanczos_ta1,1,1024,3,2,8,0,0,0,0.017109,0.00526066,0.30747910456484895,0.0374359871194869,0.029665088549886028,0.0374359871194869,885.778,885.778,True,34.4764,112.126,0.034202777777777776,0.11123611111111112,0.589856,True
double,lanczos_ta1,1,1024,3,2,8,0,0,1,0.0171529,0.00549871,0.3205702825761242,0.09810992032676755,0.0012404666266345634,0.09810992032676755,2210.61,2210.61,True,34.3881,107.272,0.034115178571428574,0.10642063492063493,0.589856,True
double,lanczos_ta1,1,1024,3,2,32,0,0,0,0.0254199,0.00552818,0.21747449832611457,0.07049634341598511,0.07049634341598511,0.011462524736893517,885.778,885.778,True,92.818,426.799,0.09208134920634921,0.42341170634920633,2.359424,True
double,lanczos_ta1,1,1024,3,2,32,0,0,1,0.0266621,0.00757099,0.283960753278999,0.057376575738595226,0.057376575738595226,0.018790409180305348,2210.61,2210.61,True,88.4935,311.64,0.08779117063492063,0.30916666666666665,2.359424,True
double,lanczos_ta1,1,1024,3,2,64,0,0,0,0.0399918,0.00815197,0.2038410374126696,0.0022273816132307124,0.0022273816132307124,0.0004639553384028646,885.778,885.778,True,117.996,578.86,0.11705952380952381,0.5742658730158731,4.718848,True
double,lanczos_ta1,1,1024,3,2,64,0,0,1,0.0402676,0.0106944,0.26558324807040895,0.013152782882515968,0.013152782882515968,0.0007578031493117893,2210.61,2210.61,True,117.187,441.245,0.11625694444444444,0.43774305555555554,4.718848,True
double,lanczos_ta1,1,1024,3,2,128,0,0,0,0.0534663,0.0136569,0.25543005594178014,0.001426966145029673,0.001426966145029673,0.0008935117047060461,885.778,885.778,True,176.517,691.057,0.1751160714285714,0.6855724206349206,9.437696,True
double,lanczos_ta1,1,1024,3,2,128,0,0,1,0.0509351,0.0175135,0.34383951342001884,0.002583110664355229,0.002583110664355229,0.0007839381048905129,2210.61,2210.61,True,185.289,538.88,0.18381845238095237,0.5346031746031746,9.437696,True
double,lanczos_ta1,1,1024,3,2,256,0,0,0,0.0892314,0.023882,0.2676412115017808,0.0014560345349282876,0.0014560345349282876,0.0005150280546017921,885.778,885.778,True,211.533,790.36,0.20985416666666665,0.7840873015873016,18.875392,True
double,lanczos_ta1,1,1024,3,2,256,0,0,1,0.0892822,0.0318232,0.3564338692370932,0.0028274392880103757,0.0028274392880103757,0.0009928291309484903,2210.61,2210.61,True,211.413,593.132,0.20973511904761905,0.5884246031746031,18.875392,True
double,lanczos_ta1,1,1024,3,2,512,0,0,0,0.166843,0.0442221,0.2650521747990626,0.002800929851816173,0.0010457915525374155,0.002800929851816173,885.778,885.778,True,226.266,853.664,0.22447023809523808,0.8468888888888889,37.750784,True
double,lanczos_ta1,1,1024,3,2,512,0,0,1,0.166522,0.0584435,0.350965638173935,0.0010968700832322455,0.0010968700832322455,0.0008324655436447167,2210.61,2210.61,True,226.702,645.936,0.22490277777777778,0.6408095238095238,37.750784,True
double,lanczos_ta1,1,1024,3,2,1024,0,0,0,0.323094,0.0859976,0.266168978687317,0.0058469052350090065,0.0058469052350090065,0.0005413616193940296,885.778,885.778,True,233.683,877.95,0.231828373015873,0.8709821428571429,75.501568,False
double,lanczos_ta1,1,1024,3,2,1024,0,0,1,0.322434,0.11166,0.34630342953906845,0.005612156286247729,0.005612156286247729,0.0016689235178219597,2210.61,2210.61,True,234.162,676.173,0.23230357142857144,0.6708065476190476,75.501568,False
double,lobpcg_ta0,0,1024,16,12,8,0,0,1,0.0381107,0.0156486,0.41060909403395895,0.0016378014646677658,0.0007255180303694239,0.0016378014646677658,53883.0,53883.0,True,83.4024,203.119,0.08274047619047618,0.20150694444444445,3.178528,True
double,lobpcg_ta0,0,1024,16,12,32,0,0,1,0.10486,0.0508581,0.4850095365248904,0.0013708754529849322,0.0013708754529849322,0.001085750352451232,53883.0,53883.0,True,121.248,249.992,0.12028571428571429,0.2480079365079365,12.714112,True
double,lobpcg_ta0,0,1024,16,12,128,0,0,1,0.375838,0.133561,0.35536853644389343,0.003971016988492149,0.0006723588354557017,0.003971016988492149,53883.0,53883.0,True,135.315,380.774,0.13424107142857142,0.37775198412698413,50.856448,True
double,lobpcg_ta0,0,1024,16,12,512,0,0,1,1.46881,0.529866,0.360745092966415,0.0022226374215367664,0.0007126925878772612,0.0022226374215367664,53883.0,53883.0,True,138.497,383.92,0.13739781746031748,0.38087301587301586,203.425792,False
double,lobpcg_ta0,0,1024,16,25,8,0,0,1,0.0597475,0.0260213,0.4355211515126156,0.004924926886819643,0.0005407171848194485,0.004924926886819643,111275.0,111275.0,True,81.7183,187.634,0.08106974206349206,0.18614484126984127,4.882464,True
double,lobpcg_ta0,0,1024,16,25,32,0,0,1,0.19389,0.0816296,0.42100985094641286,0.0019644344698491727,0.00113090412089329,0.0019644344698491727,111275.0,111275.0,True,100.726,239.25,0.0999265873015873,0.23735119047619047,19.529856,True
double,lobpcg_ta0,0,1024,16,25,128,0,0,1,0.732258,0.271217,0.37038448197220103,0.002810387991903162,0.0008237806893198846,0.002810387991903162,111275.0,111275.0,True,106.683,288.033,0.10583630952380953,0.2857470238095238,78.119424,False
double,lobpcg_ta0,0,1024,16,25,512,0,0,1,2.94661,1.07428,0.36458167181948065,0.00381651897084559,0.00035969130628077687,0.00381651897084559,111275.0,111275.0,True,106.047,290.872,0.10520535714285714,0.2885634920634921,312.477696,False
double,lobpcg_ta0,0,1024,16,50,8,0,0,1,0.10428,0.0546016,0.5236056770233986,0.002680053701572689,0.002680053701572689,0.00027397548789779056,222439.0,222439.0,True,78.2436,149.433,0.07762261904761905,0.14824702380952381,8.159264,True
double,lobpcg_ta0,0,1024,16,50,32,0,0,1,0.367145,0.1333,0.36307181086491713,0.003881560390097524,0.0007244412970352313,0.003881560390097524,222439.0,222439.0,True,88.8941,244.84,0.08818859126984127,0.2428968253968254,32.637056,True
double,lobpcg_ta0,0,1024,16,50,128,0,0,1,1.43113,0.521366,0.3643037320159594,0.004171004730527625,0.004171004730527625,0.002488290375666998,222439.0,222439.0,True,91.2207,250.396,0.09049672619047619,0.24840873015873013,130.548224,False
double,lobpcg_ta0,0,1024,16,50,512,0,0,1,5.74403,2.05732,0.3581666530293191,0.0028879270118406476,0.00029993053657449557,0.0028879270118406476,222439.0,222439.0,True,90.9105,253.821,0.09018898809523809,0.25180654761904764,522.192896,False
double,lobpcg_ta0,0,2048,16,12,8,0,0,1,0.062129,0.0373023,0.6004007790242881,0.003531524865758948,0.0006750905374301856,0.003531524865758948,107579.0,107579.0,True,102.32,170.419,0.1015079365079365,0.16906646825396826,6.357024,True
double,lobpcg_ta0,0,2048,16,12,32,0,0,1,0.198143,0.110048,0.5553968598436483,0.02109488586798488,0.0009064614949808976,0.02109488586798488,107579.0,107579.0,True,128.332,231.064,0.12731349206349205,0.22923015873015873,25.428096,True
double,lobpcg_ta0,0,2048,16,12,128,0,0,1,0.744313,0.382142,0.5134157269858245,0.004337209728320886,0.00025414845636177253,0.004337209728320886,107579.0,107579.0,True,136.653,266.164,0.13556845238095236,0.2640515873015873,101.712384,False
double,lobpcg_ta0,0,2048,16,12,512,0,0,1,2.98778,1.54132,0.5158746627931107,0.004074020969039525,0.0003208097651098809,0.004074020969039525,107579.0,107579.0,True,136.171,263.962,0.13509027777777777,0.26186706349206346,406.849536,False
double,lobpcg_ta0,0,2048,16,25,8,0,0,1,0.108308,0.0727129,0.6713529933153599,0.0017983436126601912,0.0017983436126601912,0.0003239521460428617,223176.0,223176.0,True,90.1589,134.294,0.08944335317460318,0.13322817460317463,9.764896,True
double,lobpcg_ta0,0,2048,16,25,32,0,0,1,0.378696,0.196374,0.518553140249699,0.003616756800798476,0.0006087838266049814,0.003616756800798476,223176.0,223176.0,True,103.142,198.904,0.10232341269841269,0.19732539682539682,39.059584,True
double,lobpcg_ta0,0,2048,16,25,128,0,0,1,1.47232,0.810273,0.550337562486416,0.0015872551596807496,0.0005941812921104108,0.0015872551596807496,223176.0,223176.0,True,106.117,192.822,0.1052748015873016,0.19129166666666667,156.238336,False
double,lobpcg_ta0,0,2048,16,25,512,0,0,1,5.92486,3.26276,0.5506898053287336,0.002883831480096605,0.00017894262480463673,0.002883831480096605,223176.0,223176.0,True,105.48,191.542,0.10464285714285715,0.1900218253968254,624.953344,False
double,lobpcg_ta0,0,2048,16,50,8,0,0,1,0.193688,0.138308,0.7140762463343108,0.0013837522052231254,0.0009526300028912478,0.0013837522052231254,446876.0,446876.0,True,84.2512,117.987,0.08358253968253967,0.11705059523809523,16.318496,True
double,lobpcg_ta0,0,2048,16,50,32,0,0,1,0.72137,0.380792,0.5278733520939325,0.0029100138658375175,0.0003196625864674162,0.0029100138658375175,446876.0,446876.0,True,90.4861,171.416,0.08976795634920634,0.17005555555555554,65.273984,True
double,lobpcg_ta0,0,2048,16,50,128,0,0,1,2.89145,1.58705,0.5488768610904564,0.004520922466210895,0.00031502118314340557,0.004520922466210895,446876.0,446876.0,True,90.2993,164.517,0.08958263888888889,0.16321130952380952,261.095936,False
double,lobpcg_ta0,0,2048,16,50,512,0,0,1,11.5504,6.38072,0.5524241584707024,0.0021498044107874973,0.00014601831971187146,0.0021498044107874973,446876.0,446876.0,True,90.42,163.678,0.08970238095238095,0.16237896825396825,1044.383744,False
double,lobpcg_ta0,0,4096,16,12,8,0,0,1,0.110674,0.0885087,0.7997244158519616,0.0014675352838064949,0.0014675352838064949,0.000450551188753196,212622.0,212622.0,True,114.878,143.647,0.11396626984126984,0.14250694444444442,12.714016,True
double,lobpcg_ta0,0,4096,16,12,32,0,0,1,0.383327,0.281021,0.733110373127904,0.0031672650798338915,0.0005597075082110053,0.0031672650798338915,212622.0,212622.0,True,132.67,180.969,0.13161706349206348,0.1795327380952381,50.856064,True
double,lobpcg_ta0,0,4096,16,12,128,0,0,1,1.48666,1.13825,0.7656424468271158,0.0032807731166264002,0.0006396492809384795,0.0032807731166264002,212622.0,212622.0,True,136.833,178.717,0.1357470238095238,0.17729861111111112,203.424256,False
double,lobpcg_ta0,0,4096,16,12,512,0,0,1,5.97076,4.53959,0.7603035459472495,0.001266733339354435,0.00021438644326685378,0.001266733339354435,212622.0,212622.0,True,136.28,179.245,0.1351984126984127,0.17782242063492065,813.697024,False
double,lobpcg_ta0,0,4096,16,25,8,0,0,1,0.200383,0.164611,0.8214818622338222,0.006036650041613258,0.0010911554373374988,0.006036650041613258,442860.0,442860.0,True,97.4623,118.642,0.09668878968253967,0.11770039682539682,19.52976,True
double,lobpcg_ta0,0,4096,16,25,32,0,0,1,0.743665,0.588153,0.7908843363611304,0.002013999758566223,0.00031610469767973483,0.002013999758566223,442860.0,442860.0,True,105.046,132.821,0.10421230158730159,0.13176686507936508,78.11904,False
double,lobpcg_ta0,0,4096,16,25,128,0,0,1,2.9776,2.35765,0.7917954056958625,0.001716488876635633,0.001038134739387426,0.001716488876635633,442860.0,442860.0,True,104.942,132.537,0.10410912698412697,0.13148511904761906,312.47616,False
double,lobpcg_ta0,0,4096,16,25,512,0,0,1,11.8913,9.39583,0.7901432139463306,0.0008182927958466682,0.000147858518412621,0.0008182927958466682,442860.0,442860.0,True,105.111,133.028,0.10427678571428572,0.1319722222222222,1249.90464,False
double,lobpcg_ta0,0,4096,16,50,8,0,0,1,0.374019,0.289783,0.7747814950577377,0.003504173812818557,0.0004779917597769097,0.003504173812818557,887381.0,887381.0,True,87.2602,112.625,0.08656765873015873,0.1117311507936508,32.63696,True
double,lobpcg_ta0,0,4096,16,50,32,0,0,1,1.44579,1.16263,0.8041485969608312,0.0025082872452973,0.0005506933925397188,0.0025082872452973,887381.0,887381.0,True,90.2953,112.287,0.08957867063492063,0.11139583333333333,130.54784,False
double,lobpcg_ta0,0,4096,16,50,128,0,0,1,5.8138,4.65251,0.8002528466751523,0.00228685161343017,0.00022077298840689395,0.00228685161343017,887381.0,887381.0,True,89.8193,112.239,0.08910644841269841,0.11134821428571429,522.19136,False
double,lobpcg_ta0,0,4096,16,50,512,0,0,1,23.2213,18.5779,0.8000370349635895,0.0005434898454615431,9.878775090111235e-05,0.0005434898454615431,887381.0,887381.0,True,89.9505,112.433,0.08923660714285715,0.11154067460317461,2088.76544,False
double,lobpcg_ta1,1,1024,16,12,8,0,0,1,0.0470628,0.0420469,0.8934211309144376,0.0031321452948968893,0.0007247167614336588,0.0031321452948968893,53883.0,53883.0,True,67.538,75.5949,0.06700198412698412,0.07499494047619047,3.178528,True
double,lobpcg_ta1,1,1024,16,12,32,0,0,1,0.135851,0.144811,1.0659546120381889,0.001601695975738125,0.001601695975738125,0.0011179675577131572,53883.0,53883.0,True,93.5884,87.7979,0.09284563492063491,0.08710109126984127,12.714112,True
double,lobpcg_ta1,1,1024,16,12,128,0,0,1,0.472794,0.514852,1.088956289631425,0.0038899722638738904,0.000525078575447235,0.0038899722638738904,53883.0,53883.0,True,107.566,98.7788,0.10671230158730159,0.09799484126984127,50.856448,True
double,lobpcg_ta1,1,1024,16,12,512,0,0,1,1.85122,2.26752,1.224878728622206,0.006571055602596669,0.0005417238361729022,0.006571055602596669,53883.0,53883.0,True,109.887,89.713,0.10901488095238095,0.08900099206349206,203.425792,False
double,lobpcg_ta1,1,1024,16,25,8,0,0,1,0.0777201,0.0835712,1.0752842572256083,0.002013636112151168,0.002013636112151168,0.0012316563600857711,111275.0,111275.0,True,62.8211,58.4228,0.062322519841269845,0.05795912698412699,4.882464,True
double,lobpcg_ta1,1,1024,16,25,32,0,0,1,0.257071,0.252018,0.9803439516709392,0.0013204771087779441,0.0008935546988964139,0.0013204771087779441,111275.0,111275.0,True,75.9706,77.4938,0.07536765873015873,0.07687876984126983,19.529856,True
double,lobpcg_ta1,1,1024,16,25,128,0,0,1,0.984044,1.04222,1.059119307673234,0.007523301803577889,0.007523301803577889,0.0010647176219991943,111275.0,111275.0,True,79.3861,74.9547,0.07875605158730159,0.07435982142857143,78.119424,False
double,lobpcg_ta1,1,1024,16,25,512,0,0,1,3.95372,4.39314,1.1111409002154933,0.006959304734199229,0.0004317579393583764,0.006959304734199229,111275.0,111275.0,True,79.0338,71.1285,0.07840654761904761,0.0705639880952381,312.477696,False
double,lobpcg_ta1,1,1024,16,50,8,0,0,1,0.136551,0.140738,1.030662536341733,0.0023086302206937713,0.0015777182151723531,0.0023086302206937713,222439.0,222439.0,True,59.7523,57.9748,0.0592780753968254,0.05751468253968254,8.159264,True
double,lobpcg_ta1,1,1024,16,50,32,0,0,1,0.487775,0.466526,0.9564368817590077,0.0007946352400509297,0.0004734026959151248,0.0007946352400509297,222439.0,222439.0,True,66.9101,69.9576,0.06637906746031746,0.06940238095238095,32.637056,True
double,lobpcg_ta1,1,1024,16,50,128,0,0,1,1.92062,2.32989,1.2130926471660193,0.0012888548386404508,0.0005693630181920421,0.0012888548386404508,222439.0,222439.0,True,67.9719,56.0319,0.06743244047619049,0.05558720238095238,130.548224,False
double,lobpcg_ta1,1,1024,16,50,512,0,0,1,7.75898,11.3675,1.4650765951194615,0.0037072091488893773,0.00023443029882793873,0.0037072091488893773,222439.0,222439.0,True,67.3017,45.9373,0.06676755952380951,0.045572718253968254,522.192896,False
double,lobpcg_ta1,1,2048,16,12,8,0,0,1,0.0687362,0.0705072,1.0257651717726615,0.0032211265679510945,0.0032211265679510945,0.0016735312138334807,107579.0,107579.0,True,92.4844,90.1613,0.09175039682539682,0.08944573412698413,6.357024,True
double,lobpcg_ta1,1,2048,16,12,32,0,0,1,0.225545,0.264166,1.171234121793877,0.0010167948746369903,0.0010167948746369903,0.0005606323296714943,107579.0,107579.0,True,112.741,96.2579,0.11184623015873016,0.09549394841269841,25.428096,True
double,lobpcg_ta1,1,2048,16,12,128,0,0,1,0.854294,1.07667,1.2603038298290752,0.005506515459704459,0.0017064851210473208,0.005506515459704459,107579.0,107579.0,True,119.06,94.4696,0.11811507936507937,0.09371984126984127,101.712384,False
double,lobpcg_ta1,1,2048,16,12,512,0,0,1,3.5691,4.23642,1.1869715054215348,0.003102771006696366,0.003102771006696366,0.0017554656998125776,107579.0,107579.0,True,113.992,96.0362,0.1130873015873016,0.09527400793650793,406.849536,False
double,lobpcg_ta1,1,2048,16,25,8,0,0,1,0.124106,0.128211,1.0330765635827437,0.001679965057600362,0.0013570254459897184,0.001679965057600362,223176.0,223176.0,True,78.6821,76.1627,0.07805763888888889,0.07555823412698413,9.764896,True
double,lobpcg_ta1,1,2048,16,25,32,0,0,1,0.441474,0.488036,1.1054694047667588,0.0006638465195190519,0.00041008757027593927,0.0006638465195190519,223176.0,223176.0,True,88.4754,80.0341,0.08777321428571427,0.07939890873015873,39.059584,True
double,lobpcg_ta1,1,2048,16,25,128,0,0,1,1.75666,2.22066,1.2641376248107203,0.0035738519178982824,0.0006243154622977697,0.0035738519178982824,223176.0,223176.0,True,88.9404,70.3567,0.0882345238095238,0.0697983134920635,156.238336,False
double,lobpcg_ta1,1,2048,16,25,512,0,0,1,7.17148,8.68422,1.2109383279323096,0.0019220954789261442,0.0003239373183777965,0.0019220954789261442,223176.0,223176.0,True,87.1443,71.9643,0.08645267857142858,0.07139315476190476,624.953344,False
double,lobpcg_ta1,1,2048,16,50,8,0,0,1,0.230239,0.241806,1.0502390993706539,0.001436052041719395,0.0010775845968754208,0.001436052041719395,446876.0,446876.0,True,70.8765,67.486,0.07031398809523809,0.06695039682539683,16.318496,True
double,lobpcg_ta1,1,2048,16,50,32,0,0,1,0.856006,0.94944,1.109151104081046,0.004978586598692065,0.004978586598692065,0.002114204162453657,446876.0,446876.0,True,76.2541,68.75,0.07564890873015873,0.06820436507936507,65.273984,True
double,lobpcg_ta1,1,2048,16,50,128,0,0,1,3.55314,5.99719,1.6878563749247144,0.0028759802507507684,0.0009888577427289665,0.0028759802507507684,446876.0,446876.0,True,73.4831,43.5364,0.07289990079365079,0.043190873015873016,261.095936,False
double,lobpcg_ta1,1,2048,16,50,512,0,0,1,14.1604,21.5839,1.52424366543318,0.004245571930929999,0.0009125236575237988,0.004245571930929999,446876.0,446876.0,True,73.7536,48.3872,0.07316825396825398,0.0480031746031746,1044.383744,False
double,lobpcg_ta1,1,4096,16,12,8,0,0,1,0.118146,0.11188,0.9469639259898769,0.0015921063768557548,0.0015921063768557548,0.0010687164819449411,212622.0,212622.0,True,107.613,113.64,0.10675892857142857,0.11273809523809523,12.714016,True
double,lobpcg_ta1,1,4096,16,12,32,0,0,1,0.412153,0.470486,1.1415323920971097,0.0004975579457143342,0.0004975579457143342,0.0004349077337051474,212622.0,212622.0,True,123.391,108.093,0.12241170634920635,0.10723511904761905,50.856064,True
double,lobpcg_ta1,1,4096,16,12,128,0,0,1,1.68503,2.1238,1.2603929900357858,0.004057043977775685,0.0007307941104906145,0.004057043977775685,212622.0,212622.0,True,120.724,95.7831,0.11976587301587302,0.09502291666666667,203.424256,False
double,lobpcg_ta1,1,4096,16,12,512,0,0,1,7.09592,8.42289,1.1870046449227163,0.001021614908897065,0.00035999560310713763,0.001021614908897065,212622.0,212622.0,True,114.671,96.6054,0.11376091269841271,0.09583869047619048,813.697024,False
double,lobpcg_ta1,1,4096,16,25,8,0,0,1,0.215847,0.223623,1.0360255180753033,0.0015589541326249982,0.000863014079417365,0.0015589541326249982,442860.0,442860.0,True,90.4798,87.3333,0.08976170634920634,0.08664017857142857,19.52976,True
double,lobpcg_ta1,1,4096,16,25,32,0,0,1,0.807405,0.94997,1.1765718567509489,0.00028109932437871946,0.00028109932437871946,0.00027660873501268463,442860.0,442860.0,True,96.7532,82.2332,0.09598531746031747,0.08158055555555556,78.11904,False
double,lobpcg_ta1,1,4096,16,25,128,0,0,1,3.55234,4.52675,1.2743008833613898,0.004304147567239189,0.0005231087114409093,0.004304147567239189,442860.0,442860.0,True,87.9635,69.0288,0.08726537698412698,0.06848095238095238,312.47616,False
double,lobpcg_ta1,1,4096,16,25,512,0,0,1,14.1505,17.9152,1.2660471361435992,0.0010203681789765116,0.0002936928023744744,0.0010203681789765116,442860.0,442860.0,True,88.3296,69.768,0.08762857142857143,0.06921428571428571,1249.90464,False
double,lobpcg_ta1,1,4096,16,50,8,0,0,1,0.40512,0.427701,1.0557390402843603,0.0007710783935506347,0.0004962529620853081,0.0007710783935506347,887381.0,887381.0,True,80.5612,76.3079,0.0799218253968254,0.07570228174603175,32.63696,True
double,lobpcg_ta1,1,4096,16,50,32,0,0,1,1.65576,2.31211,1.396404068222448,0.001159045201136624,0.0006487896796637194,0.001159045201136624,887381.0,887381.0,True,78.8445,56.4627,0.07821874999999999,0.05601458333333333,130.54784,False
double,lobpcg_ta1,1,4096,16,50,128,0,0,1,6.9587,12.8818,1.851179099544455,0.006626084863916533,0.0003527311135700633,0.006626084863916533,887381.0,887381.0,True,75.0415,40.5372,0.07444593253968254,0.04021547619047619,522.19136,False
double,lobpcg_ta1,1,4096,16,50,512,0,0,1,27.7805,49.1387,1.768819855654146,0.002801335810674682,0.0019042637821493494,0.002801335810674682,887381.0,887381.0,True,75.1881,42.5076,0.07459136904761905,0.042170238095238094,2088.76544,False
float,cellsA0,0,1024,3,2,512,0,0,0,0.161745,0.0063661,0.039358867352932085,0.013797332746893702,0.000786157222788958,0.013797332746893702,874.683,874.683,True,142.636,3624.0,0.14150396825396824,3.5952380952380953,23.07072,True
float,cellsA0,0,1024,3,2,512,0,0,1,0.161675,0.0109051,0.06745074996134219,0.0012477831473347335,0.0009574640482449357,0.0012477831473347335,2210.61,2210.61,True,142.698,2115.6,0.14156547619047619,2.098809523809524,23.07072,True
float,cellsA0,0,1024,3,2,512,0,1,0,0.158683,0.00730166,0.04601412879766579,0.005979982634085948,0.0008957481267684629,0.005979982634085948,3092880.0,133374000.0,True,171.821,3734.09,0.17045734126984127,3.704454365079365,23.07072,True
float,cellsA0,0,1024,3,2,512,0,1,1,0.158579,0.0114233,0.07203538930123157,0.0024686649216951314,0.0009333707489642387,0.0024686649216951314,7834390.0,96727800.0,True,171.934,2386.78,0.17056944444444444,2.367837301587302,23.07072,True
float,cellsA0,0,1024,3,2,512,1,0,0,0.16188,0.00641396,0.03962169508277737,0.005563162227391502,0.0007866444279713367,0.005563162227391502,830.115,830.115,True,142.517,3596.95,0.1413859126984127,3.5684027777777776,23.07072,True
float,cellsA0,0,1024,3,2,512,1,0,1,0.161801,0.0108073,0.06679377754154796,0.010841838387016182,0.0011180462419886157,0.010841838387016182,2154.98,2154.98,True,142.587,2134.74,0.14145535714285712,2.117797619047619,23.07072,True
float,cellsA0,0,1024,3,2,512,1,1,0,0.158786,0.00729604,0.04594888718148955,0.015105728587014325,0.0009488430969984758,0.015105728587014325,2935290.0,126147000.0,True,171.709,3736.96,0.17034623015873016,3.7073015873015875,23.07072,True
float,cellsA0,0,1024,3,2,512,1,1,1,0.158603,0.0112762,0.0710970158193729,0.003792563097497384,0.0008562385326885368,0.003792563097497384,7620000.0,95308700.0,True,171.907,2417.92,0.17054265873015875,2.398730158730159,23.07072,True
float,cellsA1,1,1024,3,2,512,0,0,0,0.162652,0.0156212,0.09604062661387502,0.0018920271499889335,0.0018920271499889335,0.0018233362353724427,885.778,885.778,True,141.841,1476.89,0.1407152777777778,1.465168650793651,23.07072,True
float,cellsA1,1,1024,3,2,512,0,0,1,0.162734,0.0527876,0.3243796625167451,0.005979506433812234,0.005979506433812234,0.0009025036182739887,2210.61,2210.61,True,141.769,437.048,0.1406438492063492,0.43357936507936506,23.07072,True
float,cellsA1,1,1024,3,2,512,0,1,0,0.159423,0.0160819,0.10087565784108943,0.0009271748743907717,0.0009271748743907717,0.0007361754519055584,3125020.0,30382200.0,True,171.024,1695.38,0.16966666666666666,1.6819246031746033,23.07072,True
float,cellsA1,1,1024,3,2,512,0,1,1,0.159317,0.0531957,0.3338984540256219,0.004188402446062369,0.0010903167897964438,0.004188402446062369,7799030.0,38862500.0,True,171.137,512.542,0.16977876984126986,0.5084742063492064,23.07072,True
float,cellsA1,1,1024,3,2,512,1,0,0,0.16257,0.0154676,0.09514424555576059,0.006134459002275943,0.006134459002275943,0.0007814463782357961,845.279,845.279,True,141.912,1491.55,0.1407857142857143,1.4797123015873015,23.07072,True
float,cellsA1,1,1024,3,2,512,1,0,1,0.162438,0.0522217,0.32148696733522947,0.0008872123517896059,0.0008872123517896059,0.0006362661498955414,2154.98,2154.98,True,142.028,441.784,0.14090079365079364,0.43827777777777777,23.07072,True
float,cellsA1,1,1024,3,2,512,1,1,0,0.159163,0.0158425,0.09953632439700182,0.0008749818526116459,0.0007930988986133712,0.0008749818526116459,2988910.0,29290900.0,True,171.303,1721.01,0.16994345238095238,1.7073511904761904,23.07072,True
float,cellsA1,1,1024,3,2,512,1,1,1,0.159112,0.0524358,0.329552767861632,0.0007373485343657298,0.0007373485343657298,0.0006572055732915299,7602770.0,38108900.0,True,171.358,519.97,0.16999801587301588,0.515843253968254,23.07072,True
float,cellsB0,0,1024,16,12,512,0,0,0,0.318928,0.137789,0.4320379521396679,0.0016247305663006483,0.0009416576782220439,0.0016247305663006483,11906.0,11906.0,True,374.818,867.554,0.37184325396825396,0.8606686507936507,119.539712,False
float,cellsB0,0,1024,16,12,512,0,0,1,0.615071,0.248366,0.40380053684859146,0.003679436798917726,0.0008881820147592717,0.003679436798917726,53883.0,53883.0,True,194.351,481.304,0.19280853174603174,0.47748412698412696,119.539712,False
float,cellsB0,0,1024,16,12,512,0,1,0,0.30933,0.167473,0.541405618595028,0.0015157607494939481,0.0008213073416739404,0.0015157607494939481,27526700.0,40575600.0,True,467.803,864.053,0.4640902777777778,0.8571954365079365,119.539712,False
float,cellsB0,0,1024,16,12,512,0,1,1,0.618566,0.272996,0.4413368985686249,0.005327330803381734,0.002988896900249933,0.005327330803381734,89661300.0,134061000.0,True,233.937,530.064,0.23208035714285716,0.5258571428571428,119.539712,False
float,cellsB0,0,1024,16,12,512,1,0,0,0.320907,0.143074,0.44584256497988517,0.0010470246166319527,0.0009540209468786908,0.0010470246166319527,11707.4,11707.4,True,372.506,835.511,0.36954960317460317,0.8288799603174603,119.539712,False
float,cellsB0,0,1024,16,12,512,1,0,1,0.453321,0.240575,0.5306945850732704,0.004021486023069729,0.0006070179850481227,0.004021486023069729,53636.6,53636.6,True,263.698,496.891,0.2616051587301587,0.49294742063492064,119.539712,False
float,cellsB0,0,1024,16,12,512,1,1,0,0.311095,0.172557,0.5546762243044728,0.0012858359846311656,0.000871569777720632,0.0012858359846311656,26973700.0,39055700.0,True,465.15,838.596,0.4614583333333333,0.8319404761904762,119.539712,False
float,cellsB0,0,1024,16,12,512,1,1,1,0.494148,0.26322,0.532674421428398,0.0032800509079857153,0.0005966066846369914,0.0032800509079857153,98262200.0,136022000.0,True,292.838,549.752,0.2905138888888889,0.5453888888888888,119.539712,False
float,cellsB1,1,1024,16,12,512,0,0,0,0.362367,0.513016,1.4157359803734888,0.0013208320988039358,0.0006535970438809273,0.0013208320988039358,11751.2,11751.2,True,329.886,233.014,0.32726785714285717,0.23116468253968256,119.539712,False
float,cellsB1,1,1024,16,12,512,0,0,1,1.96988,1.91797,0.9736481410035128,0.004972820221379896,0.0009274422807480657,0.004972820221379896,53883.0,53883.0,True,60.6838,62.3261,0.060202182539682535,0.06183144841269841,119.539712,False
float,cellsB1,1,1024,16,12,512,0,1,0,0.352236,0.520466,1.477605923301423,0.008183348663963932,0.008183348663963932,0.0012811941606176004,25382600.0,21058200.0,True,410.819,278.031,0.40755853174603174,0.2758244047619048,119.539712,False
float,cellsB1,1,1024,16,12,512,0,1,1,2.01389,1.93918,0.9629026411571635,0.009713539468392018,0.009713539468392018,0.007623995709526708,16919200.0,16919200.0,True,71.8537,74.6221,0.07128343253968254,0.07402986111111111,119.539712,False
float,cellsB1,1,1024,16,12,512,1,0,0,0.358148,0.531399,1.4837413583211407,0.0012401912058701988,0.0012401912058701988,0.0009676570712402546,11930.3,11930.3,True,333.772,224.953,0.33112301587301585,0.22316765873015873,119.539712,False
float,cellsB1,1,1024,16,12,512,1,0,1,1.95201,1.95331,1.0006659801947737,0.0039438491586076966,0.00128243195475433,0.0039438491586076966,53636.6,53636.6,True,61.2392,61.1986,0.0607531746031746,0.06071289682539682,119.539712,False
float,cellsB1,1,1024,16,12,512,1,1,0,0.346698,0.541865,1.562930850480822,0.003874034462269756,0.003874034462269756,0.0009264724608527954,25960200.0,20997300.0,True,417.383,267.051,0.4140704365079365,0.2649315476190476,119.539712,False
float,cellsB1,1,1024,16,12,512,1,1,1,1.94022,1.93757,0.9986341755058704,0.003453330718374046,0.0010556740988135367,0.003453330718374046,16841900.0,16841900.0,True,74.582,74.6842,0.07399007936507936,0.07409146825396826,119.539712,False
float,cellsC0,0,2048,16,25,128,0,0,0,0.265691,0.101708,0.38280558995223773,0.0025198411137766943,0.0011029052546002685,0.0025198411137766943,49004.8,49004.8,True,327.57,855.712,0.32497023809523806,0.848920634920635,87.03232,False
float,cellsC0,0,2048,16,25,128,0,0,1,0.85038,0.340897,0.4008760789294198,0.012509113572755708,0.012509113572755708,0.002825973827871762,223176.0,223176.0,True,102.345,255.304,0.10153273809523809,0.25327777777777777,87.03232,False
float,cellsC0,0,2048,16,25,128,0,1,0,0.254629,0.139986,0.5497645594178197,0.003984110215254351,0.003984110215254351,0.0022012272655837013,125452000.0,189355000.0,True,444.752,808.987,0.44122222222222224,0.8025664682539683,87.03232,False
float,cellsC0,0,2048,16,25,128,0,1,1,0.858939,0.349816,0.4072652423513195,0.011196580898061444,0.011196580898061444,0.0032993916801975897,332085000.0,482059000.0,True,131.845,323.732,0.1307986111111111,0.32116269841269846,87.03232,False
float,cellsC0,0,2048,16,25,128,1,0,0,0.266271,0.122536,0.4601928110834451,0.012521626297577854,0.0028449361740482443,0.012521626297577854,48901.2,48901.2,True,326.856,710.259,0.32426190476190475,0.7046220238095239,87.03232,False
float,cellsC0,0,2048,16,25,128,1,0,1,0.501266,0.28279,0.5641515682292435,0.002299572120654903,0.00038646147953382037,0.002299572120654903,222847.0,222847.0,True,173.625,307.763,0.1722470238095238,0.3053204365079365,87.03232,False
float,cellsC0,0,2048,16,25,128,1,1,0,0.255288,0.155229,0.6080544326407822,0.0020800301490056625,0.001354521168249193,0.0020800301490056625,126752000.0,175653000.0,True,443.603,729.545,0.4400823412698413,0.7237549603174602,87.03232,False
float,cellsC0,0,2048,16,25,128,1,1,1,0.563961,0.3023,0.5360299737038554,0.0016363678465100891,0.0004469865824055209,0.0016363678465100891,385079000.0,522353000.0,True,200.806,374.617,0.1992123015873016,0.37164384920634924,87.03232,False
float,cellsC1,1,2048,16,25,128,0,0,0,0.306724,0.532777,1.7369915624470207,0.004955168860517628,0.0006137537329977439,0.004955168860517628,48918.6,48918.6,True,283.748,163.356,0.2814960317460317,0.1620595238095238,87.03232,False
float,cellsC1,1,2048,16,25,128,0,0,1,1.84705,2.03172,1.0999810508648926,0.007132724981788829,0.0006480062802847785,0.007132724981788829,223176.0,223176.0,True,47.1197,42.8368,0.04674573412698413,0.042496825396825394,87.03232,False
float,cellsC1,1,2048,16,25,128,0,1,0,0.29606,0.532964,1.8001891508478012,0.0046651931462537806,0.0036277443761399716,0.0046651931462537806,116231000.0,86488100.0,True,382.513,212.485,0.3794771825396825,0.21079861111111112,87.03232,False
float,cellsC1,1,2048,16,25,128,0,1,1,1.84011,2.01585,1.0955051600176076,0.007962745243941761,0.0005713462782116287,0.007962745243941761,73647900.0,68291700.0,True,61.5435,56.178,0.061055059523809525,0.055732142857142855,87.03232,False
float,cellsC1,1,2048,16,25,128,1,0,0,0.301004,0.587558,1.9519939934353032,0.001539281228406387,0.0007480465375875404,0.001539281228406387,49053.2,49053.2,True,289.14,148.125,0.2868452380952381,0.14694940476190477,87.03232,False
float,cellsC1,1,2048,16,25,128,1,0,1,1.83904,2.045,1.1119932138507047,0.003591110024449878,0.0004338497259439707,0.003591110024449878,222847.0,222847.0,True,47.325,42.5586,0.04694940476190476,0.04222083333333333,87.03232,False
float,cellsC1,1,2048,16,25,128,1,1,0,0.290561,0.591128,2.034436830820378,0.0017584854718436615,0.0009014148492055025,0.0017584854718436615,117728000.0,83194200.0,True,389.752,191.577,0.38665873015873015,0.1900565476190476,87.03232,False
float,cellsC1,1,2048,16,25,128,1,1,1,1.8276,2.03875,1.115534033705406,0.004919484978540773,0.00040080816371197204,0.004919484978540773,73539400.0,68191100.0,True,61.9647,55.5472,0.06147291666666667,0.0551063492063492,87.03232,False
float,lanczos_ta0,0,1024,3,1,8,0,0,0,0.0191696,0.00291407,0.1520151698522661,0.025551811201068364,0.025551811201068364,0.024289224349449398,440.696,440.696,True,15.386,101.214,0.015263888888888888,0.10041071428571428,0.294944,True
float,lanczos_ta0,0,1024,3,1,8,0,0,1,0.0193395,0.00290498,0.1502096745003749,0.05499159750769151,0.05499159750769151,0.01749051628582641,1134.05,1134.05,True,15.2509,101.53,0.015129861111111111,0.10072420634920635,0.294944,True
float,lanczos_ta0,0,1024,3,1,32,0,0,0,0.0254587,0.00290325,0.11403763742846257,0.023398366766567025,0.023398366766567025,0.01702457590631189,440.696,440.696,True,46.3408,406.364,0.045973015873015874,0.4031388888888889,1.179776,True
float,lanczos_ta0,0,1024,3,1,32,0,0,1,0.0254795,0.00307686,0.12075825663768912,0.005556313904435041,0.001236829608116329,0.005556313904435041,1134.05,1134.05,True,46.3029,383.436,0.045935416666666666,0.38039285714285714,1.179776,True
float,lanczos_ta0,0,1024,3,1,64,0,0,0,0.0352715,0.00292844,0.0830256722849893,0.06326836114143147,0.06326836114143147,0.019341970468918605,440.696,440.696,True,66.8969,805.738,0.06636597222222222,0.799343253968254,2.359552,True
float,lanczos_ta0,0,1024,3,1,64,0,0,1,0.0295135,0.00322141,0.10915038880512308,0.0036704734883172274,0.0007907127246853134,0.0036704734883172274,1134.05,1134.05,True,79.9482,732.459,0.07931369047619048,0.7266458333333333,2.359552,True
float,lanczos_ta0,0,1024,3,1,128,0,0,0,0.0497788,0.00294976,0.059257354536469346,0.007500983130830983,0.0010312000289279775,0.007500983130830983,440.696,440.696,True,94.8014,1599.82,0.09404900793650793,1.5871230158730159,4.719104,True
float,lanczos_ta0,0,1024,3,1,128,0,0,1,0.0520462,0.00360609,0.06928632637925536,0.002140559733467573,0.002140559733467573,0.0013966234897076887,1134.05,1134.05,True,90.6715,1308.65,0.08995188492063491,1.2982638888888889,4.719104,True
float,lanczos_ta0,0,1024,3,1,256,0,0,0,0.0851176,0.00398451,0.04681182270176791,0.0015599946427060913,0.0015599946427060913,0.0003807770591616033,440.696,440.696,True,110.884,2368.72,0.11000396825396826,2.3499206349206347,9.438208,True
float,lanczos_ta0,0,1024,3,1,256,0,0,1,0.0851028,0.00542059,0.06369461404325122,0.0020739070839152192,0.00039236429353675786,0.0020739070839152192,1134.05,1134.05,True,110.904,1741.18,0.11002380952380952,1.7273611111111111,9.438208,True
float,lanczos_ta0,0,1024,3,1,512,0,0,0,0.161357,0.00595273,0.03689167498156262,0.0008173305155648654,0.0008173305155648654,0.00039171438986817814,440.696,440.696,True,116.985,3171.05,0.11605654761904761,3.145882936507937,18.876416,True
float,lanczos_ta0,0,1024,3,1,512,0,0,1,0.161318,0.00842077,0.05219981651148663,0.0073765819515317485,0.0007726726093802305,0.0073765819515317485,1134.05,1134.05,True,117.014,2241.65,0.11608531746031746,2.2238591269841272,18.876416,True
float,lanczos_ta0,0,1024,3,1,1024,0,0,0,0.314607,0.010153,0.032272009205135295,0.006899113562493843,0.0005063777983325227,0.006899113562493843,440.696,440.696,True,120.0,3718.4,0.11904761904761904,3.688888888888889,37.752832,True
float,lanczos_ta0,0,1024,3,1,1024,0,0,1,0.31416,0.0152473,0.04853354978354978,0.0038972277058889116,0.0004911446396740515,0.0038972277058889116,1134.05,1134.05,True,120.171,2476.04,0.11921726190476191,2.4563888888888887,37.752832,True
float,lanczos_ta0,0,1024,3,2,8,0,0,0,0.0161701,0.00292661,0.1809889858442434,0.008144064292816604,0.0015137197667299523,0.008144064292816604,874.683,874.683,True,22.2929,123.173,0.02211597222222222,0.1221954365079365,0.36048,True
float,lanczos_ta0,0,1024,3,2,8,0,0,1,0.0162922,0.00292084,0.17927842771387537,0.008379438791580504,0.0015597525196106112,0.008379438791580504,2210.61,2210.61,True,22.1259,123.416,0.02195029761904762,0.12243650793650793,0.36048,True
float,lanczos_ta0,0,1024,3,2,32,0,0,0,0.021144,0.0029359,0.13885262958758987,0.008923328451241526,0.0010398079833522512,0.008923328451241526,874.683,874.683,True,68.1953,491.134,0.06765406746031746,0.48723611111111115,1.44192,True
float,lanczos_ta0,0,1024,3,2,32,0,0,1,0.0214608,0.00325711,0.15177020427943042,0.029113826138820548,0.029113826138820548,0.014787679875718043,2210.61,2210.61,True,67.1884,442.699,0.06665515873015873,0.4391855158730159,1.44192,True
float,lanczos_ta0,0,1024,3,2,64,0,0,0,0.0369629,0.00293286,0.07934604698224436,0.010895201271114202,0.009260420583882758,0.010895201271114202,874.683,874.683,True,78.0199,983.288,0.07740069444444445,0.975484126984127,2.88384,True
float,lanczos_ta0,0,1024,3,2,64,0,0,1,0.0371474,0.00356479,0.09596337832526637,0.0013336491921372695,0.0013336491921372695,0.0005050507884054881,2210.61,2210.61,True,77.6324,808.979,0.07701626984126984,0.8025585317460318,2.88384,True
float,lanczos_ta0,0,1024,3,2,128,0,0,0,0.0480255,0.00306739,0.06387002738128703,0.0194718963027199,0.000584533216728613,0.0194718963027199,874.683,874.683,True,120.096,1880.32,0.11914285714285715,1.8653968253968254,5.76768,True
float,lanczos_ta0,0,1024,3,2,128,0,0,1,0.0487177,0.00420258,0.08626392461056248,0.0005577233736403812,0.0005577233736403812,0.000492283311679968,2210.61,2210.61,True,118.39,1372.42,0.11745039682539683,1.361527777777778,5.76768,True
float,lanczos_ta0,0,1024,3,2,256,0,0,0,0.0854704,0.00419979,0.0491373621745072,0.00037109572436773436,0.00037109572436773436,0.0003613514009033785,874.683,874.683,True,134.963,2746.65,0.13389186507936507,2.7248511904761905,11.53536,True
float,lanczos_ta0,0,1024,3,2,256,0,0,1,0.0854323,0.00618903,0.07244367762544143,0.002387692417066972,0.00035393756225689813,0.002387692417066972,2210.61,2210.61,True,135.023,1863.84,0.13395138888888888,1.849047619047619,11.53536,True
float,lanczos_ta0,0,1024,3,2,512,0,0,0,0.161752,0.00640402,0.03959159701271081,0.00972639061089753,0.0037201332904693604,0.00972639061089753,874.683,874.683,True,142.63,3602.54,0.14149801587301586,3.5739484126984125,23.07072,True
float,lanczos_ta0,0,1024,3,2,512,0,0,1,0.161675,0.0109025,0.06743466831606618,0.001073836276083467,0.0009276078552651924,0.001073836276083467,2210.61,2210.61,True,142.698,2116.1,0.14156547619047619,2.0993055555555555,23.07072,True
float,lanczos_ta0,0,1024,3,2,1024,0,0,0,0.31497,0.0113648,0.03608216655554497,0.005507699211600732,0.0006731593485093817,0.005507699211600732,874.683,874.683,True,146.495,4060.04,0.14533234126984126,4.02781746031746,46.14144,True
float,lanczos_ta0,0,1024,3,2,1024,0,0,1,0.315383,0.0209984,0.06658063370568483,0.008351020822301772,0.008351020822301772,0.0055106579548918014,2210.61,2210.61,True,146.303,2197.38,0.14514186507936508,2.179940476190476,46.14144,True
float,lanczos_ta1,1,1024,3,1,8,0,0,0,0.0184178,0.0052624,0.2857235934802202,0.08511548610583239,0.08511548610583239,0.020000570082091818,458.725,458.725,True,16.0141,56.0474,0.015887003968253967,0.05560257936507937,0.294944,True
float,lanczos_ta1,1,1024,3,1,8,0,0,1,0.0167392,0.00720959,0.43070098929459,0.029827216249467724,0.022713271840948193,0.029827216249467724,1134.05,1134.05,True,17.62,40.91,0.01748015873015873,0.040585317460317454,0.294944,True
float,lanczos_ta1,1,1024,3,1,32,0,0,0,0.0215626,0.00724556,0.3360244126404051,0.03222401029043994,0.0011403263057330748,0.03222401029043994,458.725,458.725,True,54.714,162.827,0.0542797619047619,0.16153472222222223,1.179776,True
float,lanczos_ta1,1,1024,3,1,32,0,0,1,0.0217103,0.00553825,0.25509781071657234,0.02700654538888638,0.0012424102845193298,0.02700654538888638,1134.05,1134.05,True,54.3419,213.023,0.05391061507936508,0.21133234126984127,1.179776,True
float,lanczos_ta1,1,1024,3,1,64,0,0,0,0.029943,0.00535826,0.17894866913802893,0.06702119717968147,0.0008083124603413151,0.06702119717968147,458.725,458.725,True,78.8016,440.358,0.07817619047619047,0.43686309523809524,2.359552,True
float,lanczos_ta1,1,1024,3,1,64,0,0,1,0.0300071,0.00697678,0.23250430731393573,0.005943959821006252,0.0009796881404734213,0.005943959821006252,1134.05,1134.05,True,78.6331,338.201,0.07800902777777778,0.3355168650793651,2.359552,True
float,lanczos_ta1,1,1024,3,1,128,0,0,0,0.052615,0.00525664,0.09990763090373467,0.008616854112132465,0.0022743704266844056,0.008616854112132465,458.725,458.725,True,89.6912,897.741,0.08897936507936507,0.8906160714285715,4.719104,True
float,lanczos_ta1,1,1024,3,1,128,0,0,1,0.0892203,0.0100977,0.11317715811311999,0.0023076698912691397,0.0023076698912691397,0.0009766580508432613,1134.05,1134.05,True,52.8927,467.345,0.05247291666666667,0.4636359126984127,4.719104,True
float,lanczos_ta1,1,1024,3,1,256,0,0,0,0.0859592,0.00690439,0.08032171076510716,0.001229222701002336,0.001229222701002336,0.0011912029882437116,458.725,458.725,True,109.799,1366.99,0.10892757936507937,1.356140873015873,9.438208,True
float,lanczos_ta1,1,1024,3,1,256,0,0,1,0.0858841,0.0173853,0.20242745746884463,0.001715857649853612,0.00038968097703765884,0.001715857649853612,1134.05,1134.05,True,109.895,542.884,0.10902281746031746,0.5385753968253968,9.438208,True
float,lanczos_ta1,1,1024,3,1,512,0,0,0,0.162391,0.0103048,0.0634567186605169,0.0010618158528064592,0.0009403538373432025,0.0010618158528064592,458.725,458.725,True,116.24,1831.8,0.11531746031746032,1.8172619047619047,18.876416,True
float,lanczos_ta1,1,1024,3,1,512,0,0,1,0.162203,0.0292692,0.18044795718944776,0.0009490078307572466,0.0006959242430781182,0.0009490078307572466,1134.05,1134.05,True,116.375,644.924,0.1154513888888889,0.6398055555555555,18.876416,True
float,lanczos_ta1,1,1024,3,1,1024,0,0,0,0.315865,0.0169203,0.05356813828692637,0.0007100051417528058,0.0005388852832697513,0.0007100051417528058,458.725,458.725,True,119.522,2231.22,0.1185734126984127,2.2135119047619045,37.752832,True
float,lanczos_ta1,1,1024,3,1,1024,0,0,1,0.315414,0.0541217,0.17158940313365925,0.0007157240071912005,0.0004519393558941581,0.0007157240071912005,1134.05,1134.05,True,119.693,697.554,0.11874305555555556,0.6920178571428571,37.752832,True
float,lanczos_ta1,1,1024,3,2,8,0,0,0,0.0164761,0.00526063,0.3192885452261154,0.02536825437257515,0.001471901724315827,0.02536825437257515,885.778,885.778,True,21.8789,68.5242,0.02170525793650794,0.06798035714285713,0.36048,True
float,lanczos_ta1,1,1024,3,2,8,0,0,1,0.0166581,0.00531578,0.319110822963003,0.02521699543622949,0.0012998781373626043,0.02521699543622949,2210.61,2210.61,True,21.64,67.8131,0.02146825396825397,0.0672749007936508,0.36048,True
float,lanczos_ta1,1,1024,3,2,32,0,0,0,0.0215928,0.00527896,0.24447778889259383,0.014624376771182203,0.0011175762291134083,0.014624376771182203,885.778,885.778,True,66.7777,273.145,0.06624771825396825,0.2709771825396825,1.44192,True
float,lanczos_ta1,1,1024,3,2,32,0,0,1,0.0218626,0.00672847,0.30776165689350765,0.0012966710272337234,0.0012966710272337234,0.0009710959549496393,2210.61,2210.61,True,65.9539,214.301,0.06543045634920636,0.2126001984126984,1.44192,True
float,lanczos_ta1,1,1024,3,2,64,0,0,0,0.0300324,0.00529331,0.17625331308853104,0.013491690454554901,0.0007612045657356721,0.013491690454554901,885.778,885.778,True,96.0244,544.809,0.09526230158730159,0.540485119047619,2.88384,True
float,lanczos_ta1,1,1024,3,2,64,0,0,1,0.0374138,0.00952351,0.2545453816506209,0.026873239286038846,0.026873239286038846,0.0002749290965200855,2210.61,2210.61,True,77.0795,302.813,0.07646775793650794,0.30040972222222223,2.88384,True
float,lanczos_ta1,1,1024,3,2,128,0,0,0,0.0488055,0.00641493,0.13143866982204874,0.006744936533792298,0.006744936533792298,0.0003852232214537025,885.778,885.778,True,118.177,899.102,0.1172390873015873,0.8919662698412698,5.76768,True
float,lanczos_ta1,1,1024,3,2,128,0,0,1,0.0489504,0.0164338,0.33572350787736155,0.0009176210006206721,0.0006011207262861999,0.0009176210006206721,2210.61,2210.61,True,117.827,350.964,0.11689186507936508,0.34817857142857145,5.76768,True
float,lanczos_ta1,1,1024,3,2,256,0,0,0,0.0862865,0.00958887,0.11112827614980327,0.0013689279319476395,0.0013689279319476395,0.0004685244455290352,885.778,885.778,True,133.687,1203.0,0.13262599206349207,1.193452380952381,11.53536,True
float,lanczos_ta1,1,1024,3,2,256,0,0,1,0.0863654,0.0290547,0.33641597213699004,0.0018934423690487253,0.0006053847952999697,0.0018934423690487253,2210.61,2210.61,True,133.565,397.022,0.1325049603174603,0.3938710317460317,11.53536,True
float,lanczos_ta1,1,1024,3,2,512,0,0,0,0.162709,0.0156108,0.09594306399768912,0.00087886963843426,0.00087886963843426,0.000745419837548364,885.778,885.778,True,141.791,1477.87,0.1406656746031746,1.466140873015873,23.07072,True
float,lanczos_ta1,1,1024,3,2,512,0,0,1,0.162617,0.0526895,0.32400978987436735,0.0010498287386927565,0.0010498287386927565,0.0008426157014205867,2210.61,2210.61,True,141.872,437.862,0.14074603174603176,0.4343869047619048,23.07072,True
float,lanczos_ta1,1,1024,3,2,1024,0,0,0,0.316183,0.0275927,0.0872681326953062,0.0006649187337712654,0.0006649187337712654,0.00047991316543868483,885.778,885.778,True,145.933,1672.23,0.14477480158730158,1.6589583333333333,46.14144,True
float,lanczos_ta1,1,1024,3,2,1024,0,0,1,0.31577,0.100754,0.3190740095639231,0.0019739762193064295,0.0005880514298381733,0.0019739762193064295,2210.61,2210.61,True,146.124,457.962,0.1449642857142857,0.45432738095238095,46.14144,True
float,lobpcg_ta0,0,1024,16,12,8,0,0,1,0.0254647,0.0189534,0.74430093423445,0.006470997105797438,0.006470997105797438,0.0004599802673926578,53883.0,53883.0,True,73.3489,98.5475,0.07276676587301588,0.09776537698412699,1.867808,True
float,lobpcg_ta0,0,1024,16,12,32,0,0,1,0.0467765,0.0252137,0.5390249377358288,0.0012325035006894487,0.0012325035006894487,0.0007074804570531101,53883.0,53883.0,True,159.722,296.316,0.15845436507936508,0.2939642857142857,7.471232,True
float,lobpcg_ta0,0,1024,16,12,128,0,0,1,0.156274,0.0395724,0.25322446472221866,0.003813061628812,0.0016276283962783319,0.003813061628812,53883.0,53883.0,True,191.235,755.197,0.18971726190476193,0.749203373015873,29.884928,True
float,lobpcg_ta0,0,1024,16,12,512,0,0,1,0.614006,0.25116,0.40905137734810404,0.0011774804905239687,0.0008741982977365041,0.0011774804905239687,53883.0,53883.0,True,194.688,475.951,0.19314285714285714,0.4721736111111111,119.539712,False
float,lobpcg_ta0,0,1024,16,25,8,0,0,1,0.0271236,0.0217043,0.8001998259818017,0.0021000124399312577,0.0010999941010780279,0.0021000124399312577,111275.0,111275.0,True,100.273,125.31,0.09947718253968253,0.1243154761904762,2.719776,True
float,lobpcg_ta0,0,1024,16,25,32,0,0,1,0.0733548,0.0433249,0.590621199976007,0.0007300926456073768,0.0007300926456073768,0.000590339504534344,111275.0,111275.0,True,148.308,251.105,0.14713095238095236,0.24911210317460317,10.879104,True
float,lobpcg_ta0,0,1024,16,25,128,0,0,1,0.280716,0.0851322,0.303268071645364,0.001384452614029838,0.001384452614029838,0.0010828182520832305,111275.0,111275.0,True,155.019,511.163,0.15378869047619048,0.5071061507936508,43.516416,True
float,lobpcg_ta0,0,1024,16,25,512,0,0,1,1.1069,0.414168,0.37416930165326584,0.0026777034962507905,0.0026777034962507905,0.0011215955844005331,111275.0,111275.0,True,157.255,420.278,0.15600694444444443,0.41694246031746035,174.065664,False
float,lobpcg_ta0,0,1024,16,50,8,0,0,1,0.0408799,0.0285391,0.6981205922715076,0.001035787758776318,0.001035787758776318,0.0008113079949963383,222439.0,222439.0,True,106.609,152.709,0.10576289682539682,0.15149702380952382,4.358176,True
float,lobpcg_ta0,0,1024,16,50,32,0,0,1,0.131095,0.0444668,0.3391952400930623,0.00247185628742515,0.00247185628742515,0.0013886944866732033,222439.0,222439.0,True,132.978,392.039,0.13192261904761907,0.3889275793650794,17.432704,True
float,lobpcg_ta0,0,1024,16,50,128,0,0,1,0.52634,0.166085,0.3155469848386974,0.0026877984164734923,0.0014240433940038758,0.0026877984164734923,222439.0,222439.0,True,132.482,419.849,0.13143055555555555,0.4165168650793651,69.730816,True
float,lobpcg_ta0,0,1024,16,50,512,0,0,1,2.10064,0.74528,0.354787112499048,0.0036674135895234,0.0023517499428745525,0.0036674135895234,222439.0,222439.0,True,132.78,374.253,0.13172619047619047,0.3712827380952381,278.923264,False
float,lobpcg_ta0,0,2048,16,12,8,0,0,1,0.0435982,0.027671,0.6346821657774863,0.0016441091604699279,0.0016441091604699279,0.0006007408478190163,107579.0,107579.0,True,85.682,135.0,0.08500198412698413,0.13392857142857142,3.735584,True
float,lobpcg_ta0,0,2048,16,12,32,0,0,1,0.114661,0.074419,0.6490349813798938,0.0014958529927351061,0.0014958529927351061,0.0003349185019954582,107579.0,107579.0,True,130.318,200.786,0.12928373015873018,0.19919246031746032,14.942336,True
float,lobpcg_ta0,0,2048,16,12,128,0,0,1,0.472893,0.150192,0.31760250204591733,0.006642970331309258,0.0009575654534958224,0.006642970331309258,107579.0,107579.0,True,126.391,397.953,0.12538789682539683,0.39479464285714283,59.769344,True
float,lobpcg_ta0,0,2048,16,12,512,0,0,1,1.86475,0.662085,0.35505295616034327,0.0034084143274655068,0.0014713178710282879,0.0034084143274655068,107579.0,107579.0,True,128.209,361.098,0.12719146825396827,0.3582321428571429,239.077376,False
float,lobpcg_ta0,0,2048,16,25,8,0,0,1,0.060597,0.0436276,0.7199630344736538,0.01689572091027609,0.01689572091027609,0.0010468441995434082,223176.0,223176.0,True,89.7656,124.681,0.0890531746031746,0.12369146825396825,5.43952,True
float,lobpcg_ta0,0,2048,16,25,32,0,0,1,0.220343,0.0787883,0.3575711504336421,0.002751829903678592,0.001886985291114308,0.002751829903678592,223176.0,223176.0,True,98.7463,276.159,0.09796259920634921,0.2739672619047619,21.75808,True
float,lobpcg_ta0,0,2048,16,25,128,0,0,1,0.852575,0.342007,0.4011459402398616,0.013536990880567694,0.013536990880567694,0.005395854470814925,223176.0,223176.0,True,102.082,254.476,0.10127182539682539,0.2524563492063492,87.03232,False
float,lobpcg_ta0,0,2048,16,25,512,0,0,1,3.36731,1.36093,0.4041594032031503,0.0035565826309949815,0.0010501706109624597,0.0035565826309949815,223176.0,223176.0,True,103.385,255.802,0.10256448412698413,0.2537718253968254,348.12928,False
float,lobpcg_ta0,0,2048,16,50,8,0,0,1,0.108626,0.0798454,0.7350486992064514,0.0026776119851613244,0.00235672859168155,0.0026776119851613244,446876.0,446876.0,True,80.2415,109.165,0.0796046626984127,0.10829861111111112,8.71632,True
float,lobpcg_ta0,0,2048,16,50,32,0,0,1,0.416821,0.17802,0.42708980593588136,0.00618346964284429,0.00618346964284429,0.004085883608583305,446876.0,446876.0,True,83.6458,195.851,0.08298194444444444,0.19429662698412697,34.86528,True
float,lobpcg_ta0,0,2048,16,50,128,0,0,1,1.65912,0.733419,0.44205301605670483,0.003890158638314287,0.003890158638314287,0.0018918653593648378,446876.0,446876.0,True,84.0571,190.152,0.08338998015873017,0.18864285714285714,139.46112,False
float,lobpcg_ta0,0,2048,16,50,512,0,0,1,6.6952,2.95953,0.44203757916119013,0.002411207184924633,0.0016976938702353925,0.002411207184924633,446876.0,446876.0,True,83.3201,188.491,0.08265882936507936,0.1869950396825397,557.84448,False
float,lobpcg_ta0,0,4096,16,12,8,0,0,1,0.099333,0.0651561,0.655936093745281,0.015057231735676966,0.015057231735676966,0.0018027015122145126,212622.0,212622.0,True,75.213,114.665,0.07461607142857142,0.11375496031746032,7.471136,True
float,lobpcg_ta0,0,4096,16,12,32,0,0,1,0.285414,0.156805,0.5493949140546714,0.0028782245464111476,0.0006729452654740132,0.0028782245464111476,212622.0,212622.0,True,104.706,190.584,0.10387500000000001,0.18907142857142858,29.884544,True
float,lobpcg_ta0,0,4096,16,12,128,0,0,1,1.11537,0.679928,0.6095986085334911,0.0017710257556682475,0.0006702009198741225,0.0017710257556682475,212622.0,212622.0,True,107.174,175.81,0.10632341269841271,0.17441468253968254,119.538176,False
float,lobpcg_ta0,0,4096,16,12,512,0,0,1,4.43739,2.75679,0.6212638510475753,0.0024115583704235723,0.00041748189814282724,0.0024115583704235723,212622.0,212622.0,True,107.755,173.446,0.10689980158730158,0.17206944444444444,478.152704,False
float,lobpcg_ta0,0,4096,16,25,8,0,0,1,0.147339,0.123115,0.8355900338674758,0.010823945091987166,0.001015522027433334,0.010823945091987166,442860.0,442860.0,True,73.8367,88.3647,0.07325069444444444,0.08766339285714285,10.879008,True
float,lobpcg_ta0,0,4096,16,25,32,0,0,1,0.553635,0.346306,0.6255131991293903,0.0037694697752854414,0.0021516341994274207,0.0037694697752854414,442860.0,442860.0,True,78.6006,125.658,0.07797678571428572,0.12466071428571429,43.516032,True
float,lobpcg_ta0,0,4096,16,25,128,0,0,1,2.18294,1.45903,0.66837842542626,0.003581708395303729,0.0013187856743657638,0.003581708395303729,442860.0,442860.0,True,79.7385,119.301,0.07910565476190476,0.11835416666666666,174.064128,False
float,lobpcg_ta0,0,4096,16,25,512,0,0,1,8.76677,5.8462,0.6668590598361769,0.0015044011494646098,0.0003638101604125579,0.0015044011494646098,442860.0,442860.0,True,79.42,119.096,0.07878968253968253,0.11815079365079366,696.256512,False
float,lobpcg_ta0,0,4096,16,50,8,0,0,1,0.274499,0.172691,0.6291134029632167,0.005916579323763252,0.0006749059195115465,0.005916579323763252,887381.0,887381.0,True,63.507,100.947,0.06300297619047619,0.10014583333333334,17.432608,True
float,lobpcg_ta0,0,4096,16,50,32,0,0,1,1.06931,0.741222,0.6931778436561895,0.009097006480814731,0.009097006480814731,0.0020753296583209888,887381.0,887381.0,True,65.2104,94.0749,0.06469285714285715,0.09332827380952381,69.730432,True
float,lobpcg_ta0,0,4096,16,50,128,0,0,1,4.26007,3.03873,0.7133051804313075,0.0018653318985233961,0.0004867361334438167,0.0018653318985233961,887381.0,887381.0,True,65.4735,91.7888,0.06495386904761905,0.09106031746031745,278.921728,False
float,lobpcg_ta0,0,4096,16,50,512,0,0,1,17.0406,12.1182,0.711136931798176,0.0009388027924939348,0.0003064422614227199,0.0009388027924939348,887381.0,887381.0,True,65.4725,92.0668,0.06495287698412698,0.09133611111111112,1115.686912,False
float,lobpcg_ta1,1,1024,16,12,8,0,0,1,0.0458874,0.0402546,0.8772473489454622,0.006248055021639927,0.006248055021639927,0.0008340736213997902,53883.0,53883.0,True,40.7041,46.3999,0.040381051587301584,0.04603164682539683,1.867808,True
float,lobpcg_ta1,1,1024,16,12,32,0,0,1,0.136316,0.131883,0.9674799730039028,0.0013823762434343732,0.0013823762434343732,0.0010285859436015257,53883.0,53883.0,True,54.8081,56.6503,0.054373115079365084,0.05620069444444445,7.471232,True
float,lobpcg_ta1,1,1024,16,12,128,0,0,1,0.509548,0.51389,1.0085212776813959,0.01364114862584094,0.01364114862584094,0.0030811068516608617,53883.0,53883.0,True,58.6498,58.1544,0.058184325396825394,0.05769285714285714,29.884928,True
float,lobpcg_ta1,1,1024,16,12,512,0,0,1,2.01287,1.95393,0.9707184269227521,0.015675075360939233,0.006274473761345741,0.015675075360939233,53883.0,53883.0,True,59.3877,61.1792,0.05891636904761905,0.06069365079365079,119.539712,False
float,lobpcg_ta1,1,1024,16,25,8,0,0,1,0.0829391,0.0842111,1.0153365541704695,0.0020047118910140093,0.0020047118910140093,0.0011422686557947823,111275.0,111275.0,True,32.7924,32.2971,0.03253214285714286,0.03204077380952381,2.719776,True
float,lobpcg_ta1,1,1024,16,25,32,0,0,1,0.269825,0.261407,0.9688020012971371,0.006979301399054944,0.006979301399054944,0.0004544292999039811,111275.0,111275.0,True,40.3191,41.6174,0.03999910714285714,0.04128710317460318,10.879104,True
float,lobpcg_ta1,1,1024,16,25,128,0,0,1,1.03054,1.00075,0.9710928251208104,0.001936906864362373,0.001936906864362373,0.0009766075443417436,111275.0,111275.0,True,42.227,43.484,0.04189186507936508,0.04313888888888889,43.516416,True
float,lobpcg_ta1,1,1024,16,25,512,0,0,1,4.08199,4.04318,0.9904923823919216,0.007438278780563814,0.005013682052136335,0.007438278780563814,111275.0,111275.0,True,42.6423,43.0517,0.04230386904761905,0.04271001984126984,174.065664,False
float,lobpcg_ta1,1,1024,16,50,8,0,0,1,0.142332,0.141905,0.9969999718966923,0.0017607413410380183,0.0016744723603968187,0.0017607413410380183,222439.0,222439.0,True,30.6198,30.712,0.030376785714285717,0.030468253968253967,4.358176,True
float,lobpcg_ta1,1,1024,16,50,32,0,0,1,0.507861,0.475172,0.9356339628362879,0.0007841161262628947,0.0007841161262628947,0.00038221107304302446,222439.0,222439.0,True,34.3258,36.6872,0.034053373015873016,0.036396031746031746,17.432704,True
float,lobpcg_ta1,1,1024,16,50,128,0,0,1,1.99318,1.95023,0.978451519682116,0.006135891664060137,0.0009427748622803761,0.006135891664060137,222439.0,222439.0,True,34.9847,35.7551,0.03470704365079365,0.035471329365079365,69.730816,True
float,lobpcg_ta1,1,1024,16,50,512,0,0,1,8.06257,7.8858,0.9780752291142899,0.002978683202718811,0.0026619427800316777,0.002978683202718811,222439.0,222439.0,True,34.5949,35.3703,0.0343203373015873,0.035089583333333334,278.923264,False
float,lobpcg_ta1,1,2048,16,12,8,0,0,1,0.0706794,0.0726747,1.0282302905797163,0.002497953207925179,0.0017332348605109834,0.002497953207925179,107579.0,107579.0,True,52.8525,51.4014,0.05243303571428572,0.05099345238095238,3.735584,True
float,lobpcg_ta1,1,2048,16,12,32,0,0,1,0.24253,0.279536,1.1525831855852884,0.01123073434214324,0.01123073434214324,0.007013300612443478,107579.0,107579.0,True,61.6101,53.454,0.061121130952380955,0.053029761904761906,14.942336,True
float,lobpcg_ta1,1,2048,16,12,128,0,0,1,0.917304,1.09783,1.1968006244385723,0.010847200055815737,0.010847200055815737,0.0033081989014692617,107579.0,107579.0,True,65.1576,54.4433,0.06464047619047619,0.05401121031746032,59.769344,True
float,lobpcg_ta1,1,2048,16,12,512,0,0,1,3.69515,4.03328,1.0915064341095762,0.012883049402595294,0.012883049402595294,0.002457272988733735,107579.0,107579.0,True,64.7003,59.2762,0.06418680555555556,0.05880575396825397,239.077376,False
float,lobpcg_ta1,1,2048,16,25,8,0,0,1,0.134774,0.138474,1.0274533663763041,0.024089141822606734,0.024089141822606734,0.0009237979692938746,223176.0,223176.0,True,40.3604,39.282,0.04004007936507936,0.03897023809523809,5.43952,True
float,lobpcg_ta1,1,2048,16,25,32,0,0,1,0.479852,0.47828,0.9967239898968848,0.0030946833607028833,0.0030946833607028833,0.0007549866187170696,223176.0,223176.0,True,45.3433,45.4923,0.04498343253968254,0.04513125,21.75808,True
float,lobpcg_ta1,1,2048,16,25,128,0,0,1,1.87113,2.05244,1.0968986655122839,0.015077858548849176,0.0018689241260628606,0.015077858548849176,223176.0,223176.0,True,46.5132,42.4044,0.04614404761904762,0.04206785714285714,87.03232,False
float,lobpcg_ta1,1,2048,16,25,512,0,0,1,7.46147,7.86095,1.0535390479355944,0.0064934657647889756,0.0064934657647889756,0.0016917420922407597,223176.0,223176.0,True,46.657,44.2859,0.04628670634920635,0.0439344246031746,348.12928,False
float,lobpcg_ta1,1,2048,16,50,8,0,0,1,0.243327,0.24157,0.9927792641178332,0.0050737484948238385,0.0050737484948238385,0.0008060106801341226,446876.0,446876.0,True,35.8214,36.082,0.03553710317460317,0.03579563492063492,8.71632,True
float,lobpcg_ta1,1,2048,16,50,32,0,0,1,0.913424,0.905959,0.9918274536250415,0.0031432281175007445,0.0031432281175007445,0.0004920951168871881,446876.0,446876.0,True,38.1699,38.4844,0.03786696428571428,0.03817896825396826,34.86528,True
float,lobpcg_ta1,1,2048,16,50,128,0,0,1,3.63204,3.91384,1.0775872512417264,0.003353892852032786,0.0017114514157333068,0.003353892852032786,446876.0,446876.0,True,38.3975,35.6328,0.03809275793650794,0.035350000000000006,139.46112,False
float,lobpcg_ta1,1,2048,16,50,512,0,0,1,14.6007,15.3543,1.0516139637140685,0.001822896517587907,0.0002050264713335662,0.001822896517587907,446876.0,446876.0,True,38.2066,36.3315,0.037903373015873015,0.03604315476190476,557.84448,False
float,lobpcg_ta1,1,4096,16,12,8,0,0,1,0.119255,0.127406,1.0683493354576328,0.009323815204935403,0.0013566223638421869,0.009323815204935403,212622.0,212622.0,True,62.6485,58.6406,0.06215128968253968,0.058175198412698415,7.471136,True
float,lobpcg_ta1,1,4096,16,12,32,0,0,1,0.433632,0.49012,1.1302671389565346,0.0029125387425282265,0.0029125387425282265,0.0007461295193013956,212622.0,212622.0,True,68.9168,60.9739,0.06836984126984126,0.06048998015873016,29.884544,True
float,lobpcg_ta1,1,4096,16,12,128,0,0,1,1.70097,1.94978,1.1462753605295801,0.003782754977484639,0.000510987848110196,0.003782754977484639,212622.0,212622.0,True,70.2764,61.3084,0.06971865079365079,0.060821825396825395,119.538176,False
float,lobpcg_ta1,1,4096,16,12,512,0,0,1,6.87544,7.45393,1.0841386151286316,0.0013569217848839472,0.0002002431844361961,0.0013569217848839472,212622.0,212622.0,True,69.545,64.1478,0.06899305555555556,0.06363869047619047,478.152704,False
float,lobpcg_ta1,1,4096,16,25,8,0,0,1,0.22743,0.234602,1.0315349777953657,0.002123715910350295,0.0005689750692520776,0.002123715910350295,442860.0,442860.0,True,47.8345,46.3721,0.04745486111111111,0.04600406746031746,10.879008,True
float,lobpcg_ta1,1,4096,16,25,32,0,0,1,0.859449,0.940431,1.0942254863290317,0.0026741551854734835,0.0026741551854734835,0.0019950745987743915,442860.0,442860.0,True,50.6325,46.2724,0.05023065476190476,0.04590515873015873,43.516032,True
float,lobpcg_ta1,1,4096,16,25,128,0,0,1,3.47228,3.8615,1.1120934947642471,0.0047947458154296305,0.0047947458154296305,0.0046559886054641985,442860.0,442860.0,True,50.1297,45.0768,0.049731845238095235,0.04471904761904762,174.064128,False
float,lobpcg_ta1,1,4096,16,25,512,0,0,1,13.9796,15.1533,1.0839580531631807,0.0010642962259045884,0.00033751037225671695,0.0010642962259045884,442860.0,442860.0,True,49.805,45.9476,0.04940972222222222,0.04558293650793651,696.256512,False
float,lobpcg_ta1,1,4096,16,50,8,0,0,1,0.434427,0.431875,0.9941255953244158,0.0018647270622286541,0.0005142221823229219,0.0018647270622286541,887381.0,887381.0,True,40.1278,40.365,0.0398093253968254,0.04004464285714286,17.432608,True
float,lobpcg_ta1,1,4096,16,50,32,0,0,1,1.69254,1.81961,1.075076512224231,0.0016725158637314332,0.0016725158637314332,0.0009409488846511065,887381.0,887381.0,True,41.1988,38.3216,0.04087182539682539,0.03801746031746031,69.730432,True
float,lobpcg_ta1,1,4096,16,50,128,0,0,1,6.76866,7.87701,1.1637473296043825,0.0037732210572285676,0.00019554091947298285,0.0037732210572285676,887381.0,887381.0,True,41.2078,35.4096,0.04088075396825397,0.035128571428571426,278.921728,False
float,lobpcg_ta1,1,4096,16,50,512,0,0,1,27.0428,31.2429,1.1553130592985934,0.0015851089367504298,7.002270474950818e-05,0.0015851089367504298,887381.0,887381.0,True,41.2563,35.7101,0.04092886904761905,0.035426686507936504,1115.686912,False
